Date,Symbol,Underlying Close Price (A),Underlying Previous Day Close Price (B),Underlying Log Returns (C) = LN(A/B),Previous Day Underlying Volatility (D),Current Day Underlying Daily Volatility (E) = Sqrt(0.995*D*D + 0.005*C*C),Underlying Annualised Volatility (F) = E*Sqrt(365)
28-MAY-2025,20MICRONS,230.72,233.69,-0.0128,0.0328,0.0327,0.6247
28-MAY-2025,21STCENMGM,71.88,72.55,-0.0093,0.0190,0.0190,0.3630
28-MAY-2025,360ONE,1024.95,1009.30,0.0154,0.0269,0.0269,0.5139
28-MAY-2025,3IINFOLTD,25.19,25.04,0.0060,0.0311,0.0311,0.5942
28-MAY-2025,3MINDIA,28935.00,30075.00,-0.0386,0.0174,0.0176,0.3362
28-MAY-2025,3PLAND,51.60,47.23,0.0885,0.0366,0.0371,0.7088
28-MAY-2025,500009,38.56,38.99,-0.0111,0.0340,0.0339,0.6477
28-MAY-2025,500012,56.32,55.34,0.0176,0.0271,0.0270,0.5158
28-MAY-2025,500014,5.21,4.83,0.0757,0.0282,0.0286,0.5464
28-MAY-2025,500016,11.00,10.84,0.0147,0.0349,0.0348,0.6649
28-MAY-2025,500028,34.97,33.49,0.0432,0.0350,0.0351,0.6706
28-MAY-2025,500058,12.23,12.07,0.0132,0.0307,0.0307,0.5865
28-MAY-2025,500068,14108.80,14190.40,-0.0058,0.0180,0.0180,0.3439
28-MAY-2025,500069,380.85,383.95,-0.0081,0.0302,0.0301,0.5751
28-MAY-2025,500123,9568.30,9503.20,0.0068,0.0241,0.0240,0.4585
28-MAY-2025,500142,12.45,12.24,0.0170,0.0423,0.0422,0.8062
28-MAY-2025,500143,155.30,162.05,-0.0425,0.0336,0.0337,0.6438
28-MAY-2025,500147,2765.35,2804.50,-0.0141,0.0335,0.0334,0.6381
28-MAY-2025,500159,128.00,129.00,-0.0078,0.0251,0.0250,0.4776
28-MAY-2025,500166,197.85,198.85,-0.0050,0.0273,0.0273,0.5216
28-MAY-2025,500168,935.80,954.95,-0.0203,0.0135,0.0135,0.2579
28-MAY-2025,500170,27.07,27.25,-0.0066,0.0317,0.0316,0.6037
28-MAY-2025,500192,2.57,2.54,0.0117,0.0290,0.0289,0.5521
28-MAY-2025,500202,10.24,9.88,0.0358,0.0444,0.0444,0.8483
28-MAY-2025,500206,85.45,85.58,-0.0015,0.0358,0.0358,0.6840
28-MAY-2025,500213,503.50,510.20,-0.0132,0.0297,0.0297,0.5674
28-MAY-2025,500220,205.40,218.25,-0.0607,0.0350,0.0351,0.6706
28-MAY-2025,500239,17.65,18.04,-0.0219,0.0317,0.0317,0.6056
28-MAY-2025,500240,180.90,181.70,-0.0044,0.0288,0.0288,0.5502
28-MAY-2025,500245,571.75,561.70,0.0177,0.0249,0.0249,0.4757
28-MAY-2025,500246,103.45,106.00,-0.0244,0.0446,0.0445,0.8502
28-MAY-2025,500264,130.25,128.85,0.0108,0.0333,0.0332,0.6343
28-MAY-2025,500267,320.65,314.10,0.0206,0.0299,0.0299,0.5712
28-MAY-2025,500270,140.50,130.95,0.0704,0.0256,0.0260,0.4967
28-MAY-2025,500277,8.36,7.70,0.0822,0.0376,0.0380,0.7260
28-MAY-2025,500285,44.48,44.23,0.0056,0.0356,0.0355,0.6782
28-MAY-2025,500298,965.35,978.10,-0.0131,0.0340,0.0340,0.6496
28-MAY-2025,500306,165.40,165.50,-0.0006,0.0376,0.0375,0.7164
28-MAY-2025,500307,524.50,523.95,0.0010,0.0132,0.0132,0.2522
28-MAY-2025,500319,98.01,96.24,0.0182,0.0344,0.0343,0.6553
28-MAY-2025,500322,130.00,126.95,0.0237,0.0307,0.0307,0.5865
28-MAY-2025,500346,54.70,52.62,0.0388,0.0346,0.0346,0.6610
28-MAY-2025,500360,70.16,68.79,0.0197,0.0352,0.0351,0.6706
28-MAY-2025,500365,32.89,32.96,-0.0021,0.0321,0.0320,0.6114
28-MAY-2025,500370,44.80,43.44,0.0308,0.0374,0.0374,0.7145
28-MAY-2025,500388,46.80,44.63,0.0475,0.0326,0.0327,0.6247
28-MAY-2025,500389,11.21,11.38,-0.0151,0.0261,0.0261,0.4986
28-MAY-2025,500414,269.55,266.55,0.0112,0.0355,0.0354,0.6763
28-MAY-2025,500421,16.96,16.97,-0.0006,0.0308,0.0307,0.5865
28-MAY-2025,500422,41.59,41.88,-0.0069,0.0401,0.0400,0.7642
28-MAY-2025,500426,2.89,2.83,0.0210,0.0305,0.0305,0.5827
28-MAY-2025,500449,35.86,35.16,0.0197,0.0376,0.0376,0.7183
28-MAY-2025,500450,612.80,645.05,-0.0513,0.0277,0.0278,0.5311
28-MAY-2025,500458,24.60,25.80,-0.0476,0.0330,0.0331,0.6324
28-MAY-2025,500672,1053.65,1081.55,-0.0261,0.0208,0.0209,0.3993
28-MAY-2025,501110,7.15,7.15,0.0000,0.0009,0.0009,0.0172
28-MAY-2025,501111,11.57,11.57,0.0000,0.0026,0.0025,0.0478
28-MAY-2025,501144,177.70,170.60,0.0408,0.0232,0.0233,0.4451
28-MAY-2025,501148,402.45,410.65,-0.0202,0.0158,0.0158,0.3019
28-MAY-2025,501261,431.90,431.90,0.0000,0.0087,0.0087,0.1662
28-MAY-2025,501270,1.34,1.34,0.0000,0.0012,0.0012,0.0229
28-MAY-2025,501298,6061.00,6150.00,-0.0146,0.0285,0.0285,0.5445
28-MAY-2025,501311,12.70,13.36,-0.0507,0.0292,0.0293,0.5598
28-MAY-2025,501314,0.82,0.82,0.0000,0.0431,0.0430,0.8215
28-MAY-2025,501351,91.98,87.60,0.0488,0.0265,0.0266,0.5082
28-MAY-2025,501370,142.00,145.90,-0.0271,0.0362,0.0362,0.6916
28-MAY-2025,501386,11.73,11.73,0.0000,0.0126,0.0125,0.2388
28-MAY-2025,501391,780.10,775.55,0.0058,0.0366,0.0365,0.6973
28-MAY-2025,501421,4711.55,4780.00,-0.0144,0.0352,0.0352,0.6725
28-MAY-2025,501430,1806.05,1798.90,0.0040,0.0335,0.0334,0.6381
28-MAY-2025,501477,230.30,234.50,-0.0181,0.0319,0.0318,0.6075
28-MAY-2025,501479,11.02,11.02,0.0000,0.0000,0.0000,0.0000
28-MAY-2025,501622,56.00,53.63,0.0432,0.0283,0.0284,0.5426
28-MAY-2025,501630,24.48,24.48,0.0000,0.0030,0.0030,0.0573
28-MAY-2025,501700,11.26,11.50,-0.0211,0.0309,0.0309,0.5903
28-MAY-2025,501833,27.36,27.55,-0.0069,0.0380,0.0379,0.7241
28-MAY-2025,501848,80.59,81.13,-0.0067,0.0347,0.0346,0.6610
28-MAY-2025,502015,34.78,34.70,0.0023,0.0397,0.0396,0.7566
28-MAY-2025,502133,67.49,67.58,-0.0013,0.0277,0.0276,0.5273
28-MAY-2025,502250,543.55,543.55,0.0000,0.0313,0.0312,0.5961
28-MAY-2025,502281,13.57,13.64,-0.0051,0.0327,0.0326,0.6228
28-MAY-2025,502294,42.00,42.00,0.0000,0.0414,0.0413,0.7890
28-MAY-2025,502445,47.50,47.56,-0.0013,0.0334,0.0333,0.6362
28-MAY-2025,502587,81.26,83.84,-0.0313,0.0267,0.0268,0.5120
28-MAY-2025,502589,138.40,131.90,0.0481,0.0340,0.0341,0.6515
28-MAY-2025,502850,13.65,13.65,0.0000,0.0057,0.0057,0.1089
28-MAY-2025,502865,385.10,385.10,0.0000,0.0329,0.0328,0.6266
28-MAY-2025,502873,113.31,105.34,0.0729,0.0330,0.0334,0.6381
28-MAY-2025,502893,86.36,92.50,-0.0687,0.0419,0.0421,0.8043
28-MAY-2025,502901,79.08,77.08,0.0256,0.0280,0.0279,0.5330
28-MAY-2025,502933,169.95,170.95,-0.0059,0.0310,0.0309,0.5903
28-MAY-2025,502958,6020.00,5920.10,0.0167,0.0224,0.0224,0.4280
28-MAY-2025,503092,35.64,36.95,-0.0361,0.0464,0.0463,0.8846
28-MAY-2025,503127,4850.00,4899.85,-0.0102,0.0307,0.0306,0.5846
28-MAY-2025,503229,210.45,210.00,0.0021,0.0394,0.0393,0.7508
28-MAY-2025,503349,6598.35,6580.00,0.0028,0.0325,0.0324,0.6190
28-MAY-2025,503622,7.35,7.35,0.0000,0.0000,0.0000,0.0000
28-MAY-2025,503624,8.88,8.87,0.0011,0.0372,0.0371,0.7088
28-MAY-2025,503626,10.50,10.50,0.0000,0.0000,0.0000,0.0000
28-MAY-2025,503635,14.58,14.58,0.0000,0.0038,0.0038,0.0726
28-MAY-2025,503639,9.55,9.55,0.0000,0.0107,0.0107,0.2044
28-MAY-2025,503641,10.84,10.96,-0.0110,0.0276,0.0276,0.5273
28-MAY-2025,503657,19.38,19.72,-0.0174,0.0361,0.0360,0.6878
28-MAY-2025,503663,3.27,3.30,-0.0091,0.0352,0.0351,0.6706
28-MAY-2025,503671,4.55,4.55,0.0000,0.0000,0.0000,0.0000
28-MAY-2025,503675,1.09,1.10,-0.0091,0.0345,0.0344,0.6572
28-MAY-2025,503681,131105.00,131711.70,-0.0046,0.5526,0.5512,10.5307
28-MAY-2025,503685,22.64,22.00,0.0287,0.0389,0.0389,0.7432
28-MAY-2025,503689,3.20,3.20,0.0000,0.0000,0.0000,0.0000
28-MAY-2025,503696,82.50,82.50,0.0000,0.0000,0.0000,0.0000
28-MAY-2025,503772,59.00,59.02,-0.0003,0.0304,0.0304,0.5808
28-MAY-2025,503776,44.24,46.56,-0.0511,0.0371,0.0372,0.7107
28-MAY-2025,503804,329.45,330.20,-0.0023,0.0204,0.0203,0.3878
28-MAY-2025,503816,64.02,65.32,-0.0201,0.0344,0.0343,0.6553
28-MAY-2025,503837,14.00,13.72,0.0202,0.0342,0.0342,0.6534
28-MAY-2025,503863,11.28,11.28,0.0000,0.0284,0.0284,0.5426
28-MAY-2025,504000,90.91,92.25,-0.0146,0.0339,0.0338,0.6457
28-MAY-2025,504028,124.75,118.85,0.0484,0.0283,0.0284,0.5426
28-MAY-2025,504076,106.85,101.77,0.0487,0.0372,0.0372,0.7107
28-MAY-2025,504080,1400.00,1400.95,-0.0007,0.0389,0.0388,0.7413
28-MAY-2025,504084,1393.40,1366.10,0.0198,0.1616,0.1612,3.0797
28-MAY-2025,504092,185.15,185.15,0.0000,0.0316,0.0315,0.6018
28-MAY-2025,504093,399.15,397.40,0.0044,0.0251,0.0251,0.4795
28-MAY-2025,504132,757.50,758.60,-0.0015,0.0293,0.0292,0.5579
28-MAY-2025,504176,714.25,693.00,0.0302,0.0337,0.0337,0.6438
28-MAY-2025,504180,67.21,66.97,0.0036,0.0298,0.0298,0.5693
28-MAY-2025,504240,791.85,754.15,0.0488,0.0337,0.0338,0.6457
28-MAY-2025,504258,950.05,963.00,-0.0135,0.0303,0.0303,0.5789
28-MAY-2025,504273,23.62,24.39,-0.0321,0.0303,0.0304,0.5808
28-MAY-2025,504340,6.37,6.25,0.0190,0.0174,0.0174,0.3324
28-MAY-2025,504346,1283.75,1258.60,0.0198,0.0182,0.0182,0.3477
28-MAY-2025,504351,1.64,1.64,0.0000,0.0260,0.0259,0.4948
28-MAY-2025,504356,9.21,9.68,-0.0498,0.0466,0.0466,0.8903
28-MAY-2025,504365,4.11,4.11,0.0000,0.0009,0.0009,0.0172
28-MAY-2025,504369,0.54,0.53,0.0187,0.0130,0.0130,0.2484
28-MAY-2025,504375,125.50,125.50,0.0000,0.0097,0.0097,0.1853
28-MAY-2025,504378,4.02,4.07,-0.0124,0.0333,0.0332,0.6343
28-MAY-2025,504380,71.99,69.52,0.0349,0.0289,0.0289,0.5521
28-MAY-2025,504392,26.42,26.95,-0.0199,0.0370,0.0370,0.7069
28-MAY-2025,504398,53.47,53.47,0.0000,0.0138,0.0138,0.2636
28-MAY-2025,504605,3127.35,3071.10,0.0182,0.0313,0.0313,0.5980
28-MAY-2025,504646,339.95,334.65,0.0157,0.0325,0.0325,0.6209
28-MAY-2025,504648,64.46,65.10,-0.0099,0.0377,0.0376,0.7183
28-MAY-2025,504731,151.75,149.70,0.0136,0.0317,0.0316,0.6037
28-MAY-2025,504746,546.00,535.80,0.0189,0.0268,0.0268,0.5120
28-MAY-2025,504786,959.00,941.90,0.0180,0.0307,0.0307,0.5865
28-MAY-2025,504810,68.00,66.26,0.0259,0.0433,0.0432,0.8253
28-MAY-2025,504840,1699.00,1691.95,0.0042,0.0231,0.0231,0.4413
28-MAY-2025,504882,3108.80,3186.55,-0.0247,0.0272,0.0272,0.5197
28-MAY-2025,504903,31.10,31.02,0.0026,0.0323,0.0322,0.6152
28-MAY-2025,504908,402.35,420.40,-0.0439,0.0360,0.0360,0.6878
28-MAY-2025,504959,2384.05,2390.00,-0.0025,0.0226,0.0225,0.4299
28-MAY-2025,504988,1230.00,1234.10,-0.0033,0.0302,0.0302,0.5770
28-MAY-2025,504998,0.44,0.44,0.0000,0.0190,0.0189,0.3611
28-MAY-2025,505036,1869.30,1907.40,-0.0202,0.0323,0.0323,0.6171
28-MAY-2025,505163,1180.90,1109.75,0.0621,0.0363,0.0365,0.6973
28-MAY-2025,505212,163.30,175.00,-0.0692,0.0341,0.0344,0.6572
28-MAY-2025,505216,2421.35,2398.00,0.0097,0.0292,0.0291,0.5560
28-MAY-2025,505232,1145.35,1139.60,0.0050,0.0288,0.0287,0.5483
28-MAY-2025,505250,85.13,89.00,-0.0445,0.0365,0.0365,0.6973
28-MAY-2025,505285,980.00,980.00,0.0000,0.0142,0.0141,0.2694
28-MAY-2025,505299,704.65,726.65,-0.0307,0.0387,0.0386,0.7375
28-MAY-2025,505302,2155.00,2005.00,0.0721,0.0332,0.0336,0.6419
28-MAY-2025,505336,1.86,1.95,-0.0473,0.1150,0.1148,2.1933
28-MAY-2025,505343,0.72,0.73,-0.0138,0.0299,0.0298,0.5693
28-MAY-2025,505358,210.80,213.65,-0.0134,0.0288,0.0287,0.5483
28-MAY-2025,505502,1.25,1.27,-0.0159,0.0200,0.0200,0.3821
28-MAY-2025,505504,640.75,628.20,0.0198,0.0176,0.0176,0.3362
28-MAY-2025,505515,13.14,12.84,0.0231,0.0349,0.0349,0.6668
28-MAY-2025,505520,27.64,26.33,0.0486,0.0163,0.0166,0.3171
28-MAY-2025,505523,0.45,0.44,0.0225,0.0303,0.0303,0.5789
28-MAY-2025,505594,32.80,32.80,0.0000,0.0000,0.0000,0.0000
28-MAY-2025,505650,22.16,22.05,0.0050,0.0390,0.0389,0.7432
28-MAY-2025,505681,604.50,594.45,0.0168,0.0240,0.0239,0.4566
28-MAY-2025,505685,19.96,19.96,0.0000,0.0446,0.0445,0.8502
28-MAY-2025,505690,1262.15,1288.75,-0.0209,0.0387,0.0386,0.7375
28-MAY-2025,505693,9.27,9.33,-0.0065,0.0309,0.0308,0.5884
28-MAY-2025,505710,81.85,80.98,0.0107,0.0259,0.0259,0.4948
28-MAY-2025,505712,186.20,188.20,-0.0107,0.0338,0.0337,0.6438
28-MAY-2025,505725,1083.30,1078.55,0.0044,0.0199,0.0199,0.3802
28-MAY-2025,505729,69.59,68.56,0.0149,0.0293,0.0292,0.5579
28-MAY-2025,505737,936.40,974.60,-0.0400,0.0336,0.0336,0.6419
28-MAY-2025,505750,537.60,544.35,-0.0125,0.0379,0.0379,0.7241
28-MAY-2025,505807,871.05,830.35,0.0479,0.0291,0.0293,0.5598
28-MAY-2025,505827,399.85,400.30,-0.0011,0.0236,0.0235,0.4490
28-MAY-2025,505840,36.97,36.85,0.0033,0.0343,0.0342,0.6534
28-MAY-2025,505872,434.00,430.65,0.0077,0.0379,0.0378,0.7222
28-MAY-2025,505890,2542.15,2651.90,-0.0423,0.0263,0.0264,0.5044
28-MAY-2025,505893,874.40,829.00,0.0533,0.0374,0.0375,0.7164
28-MAY-2025,505978,3093.70,3100.00,-0.0020,0.0299,0.0298,0.5693
28-MAY-2025,506003,38.00,36.88,0.0299,0.0355,0.0354,0.6763
28-MAY-2025,506042,179.25,179.25,0.0000,0.0574,0.0572,1.0928
28-MAY-2025,506105,76.40,76.40,0.0000,0.0329,0.0328,0.6266
28-MAY-2025,506128,98.31,93.63,0.0488,0.0355,0.0356,0.6801
28-MAY-2025,506134,17.87,18.00,-0.0072,0.0312,0.0312,0.5961
28-MAY-2025,506161,3.19,3.19,0.0000,0.0000,0.0000,0.0000
28-MAY-2025,506166,294.40,294.40,0.0000,0.0104,0.0104,0.1987
28-MAY-2025,506178,17.01,17.01,0.0000,0.0022,0.0022,0.0420
28-MAY-2025,506180,405.00,386.40,0.0470,0.0231,0.0233,0.4451
28-MAY-2025,506186,39.98,39.20,0.0197,0.0357,0.0357,0.6820
28-MAY-2025,506190,52.50,52.50,0.0000,0.0000,0.0000,0.0000
28-MAY-2025,506313,218.60,218.60,0.0000,0.0103,0.0103,0.1968
28-MAY-2025,506365,147.65,150.65,-0.0201,0.0378,0.0378,0.7222
28-MAY-2025,506414,299.90,294.05,0.0197,0.0374,0.0373,0.7126
28-MAY-2025,506520,8.34,8.42,-0.0095,0.0313,0.0312,0.5961
28-MAY-2025,506528,3440.05,3493.40,-0.0154,0.0328,0.0328,0.6266
28-MAY-2025,506530,1294.00,1294.00,0.0000,0.0282,0.0282,0.5388
28-MAY-2025,506532,762.60,757.40,0.0068,0.0212,0.0212,0.4050
28-MAY-2025,506543,12.10,11.99,0.0091,0.0349,0.0348,0.6649
28-MAY-2025,506597,526.45,547.45,-0.0391,0.0328,0.0328,0.6266
28-MAY-2025,506605,1994.85,2009.00,-0.0071,0.0339,0.0338,0.6457
28-MAY-2025,506640,385.90,378.35,0.0198,0.0314,0.0313,0.5980
28-MAY-2025,506685,522.60,512.75,0.0190,0.0243,0.0242,0.4623
28-MAY-2025,506687,1578.90,1589.05,-0.0064,0.0253,0.0253,0.4834
28-MAY-2025,506734,128.85,127.70,0.0090,0.0302,0.0301,0.5751
28-MAY-2025,506808,74.08,73.54,0.0073,0.0296,0.0296,0.5655
28-MAY-2025,506854,3041.10,3116.15,-0.0244,0.0334,0.0333,0.6362
28-MAY-2025,506858,62.70,64.01,-0.0207,0.0333,0.0332,0.6343
28-MAY-2025,506863,14.95,14.66,0.0196,0.0225,0.0225,0.4299
28-MAY-2025,506906,3.40,3.35,0.0148,0.0547,0.0546,1.0431
28-MAY-2025,506919,158.65,159.95,-0.0082,0.0366,0.0365,0.6973
28-MAY-2025,506935,71.54,71.54,0.0000,0.0310,0.0310,0.5923
28-MAY-2025,506947,218.95,210.50,0.0394,0.0259,0.0260,0.4967
28-MAY-2025,506979,59.25,62.21,-0.0487,0.0332,0.0333,0.6362
28-MAY-2025,506981,163.80,160.65,0.0194,0.0340,0.0339,0.6477
28-MAY-2025,507155,180.80,182.15,-0.0074,0.0288,0.0287,0.5483
28-MAY-2025,507180,72.05,73.89,-0.0252,0.0336,0.0336,0.6419
28-MAY-2025,507265,205.80,196.00,0.0488,0.0527,0.0527,1.0068
28-MAY-2025,507300,1090.00,1085.65,0.0040,0.0297,0.0297,0.5674
28-MAY-2025,507474,79.60,79.20,0.0050,0.0367,0.0366,0.6992
28-MAY-2025,507486,41.27,42.21,-0.0225,0.0348,0.0347,0.6629
28-MAY-2025,507498,53.99,53.48,0.0095,0.0290,0.0290,0.5540
28-MAY-2025,507515,16.20,16.20,0.0000,0.0315,0.0314,0.5999
28-MAY-2025,507530,20.03,20.03,0.0000,0.0048,0.0047,0.0898
28-MAY-2025,507598,112.31,111.65,0.0059,0.0345,0.0344,0.6572
28-MAY-2025,507609,45.90,45.91,-0.0002,0.0339,0.0338,0.6457
28-MAY-2025,507621,83.49,84.59,-0.0131,0.0257,0.0257,0.4910
28-MAY-2025,507645,14061.00,13744.00,0.0228,0.0233,0.0233,0.4451
28-MAY-2025,507663,2.83,2.83,0.0000,0.0092,0.0092,0.1758
28-MAY-2025,507690,248.60,257.10,-0.0336,0.0322,0.0322,0.6152
28-MAY-2025,507753,103.94,111.94,-0.0741,0.0271,0.0275,0.5254
28-MAY-2025,507759,16.36,16.86,-0.0301,0.0370,0.0370,0.7069
28-MAY-2025,507808,50.17,50.17,0.0000,0.0235,0.0234,0.4471
28-MAY-2025,507813,116.50,113.80,0.0234,0.0306,0.0305,0.5827
28-MAY-2025,507817,225.05,235.95,-0.0473,0.0329,0.0330,0.6305
28-MAY-2025,507828,11.64,10.96,0.0602,0.0360,0.0362,0.6916
28-MAY-2025,507833,5.17,5.14,0.0058,0.0303,0.0302,0.5770
28-MAY-2025,507836,579.70,589.95,-0.0175,0.0290,0.0290,0.5540
28-MAY-2025,507852,95.65,97.58,-0.0200,0.0370,0.0369,0.7050
28-MAY-2025,507864,64.01,64.39,-0.0059,0.0394,0.0393,0.7508
28-MAY-2025,507872,53.92,52.99,0.0174,0.0303,0.0302,0.5770
28-MAY-2025,507912,455.00,464.70,-0.0211,0.0338,0.0338,0.6457
28-MAY-2025,507917,88.80,90.20,-0.0156,0.0236,0.0236,0.4509
28-MAY-2025,507938,20.05,19.86,0.0095,0.0176,0.0175,0.3343
28-MAY-2025,507944,706.65,711.60,-0.0070,0.0361,0.0360,0.6878
28-MAY-2025,507946,18.00,18.36,-0.0198,0.0366,0.0365,0.6973
28-MAY-2025,507948,131.70,125.45,0.0486,0.0331,0.0332,0.6343
28-MAY-2025,507952,3.15,3.15,0.0000,0.0000,0.0000,0.0000
28-MAY-2025,507960,294.95,298.10,-0.0106,0.0336,0.0335,0.6400
28-MAY-2025,507966,43.00,42.33,0.0157,0.0416,0.0415,0.7929
28-MAY-2025,507968,192.15,192.15,0.0000,0.0000,0.0000,0.0000
28-MAY-2025,507970,37.97,39.74,-0.0456,0.0388,0.0389,0.7432
28-MAY-2025,507981,92.72,93.20,-0.0052,0.0318,0.0317,0.6056
28-MAY-2025,507984,92.47,92.46,0.0001,0.0223,0.0223,0.4260
28-MAY-2025,507987,3.62,3.62,0.0000,0.0033,0.0033,0.0630
28-MAY-2025,507998,132.46,138.09,-0.0416,0.0366,0.0366,0.6992
28-MAY-2025,508136,462.00,469.75,-0.0166,0.0384,0.0383,0.7317
28-MAY-2025,508486,7937.05,7963.60,-0.0033,0.0155,0.0155,0.2961
28-MAY-2025,508494,50.66,49.97,0.0137,0.0285,0.0284,0.5426
28-MAY-2025,508571,170.00,174.65,-0.0270,0.0364,0.0364,0.6954
28-MAY-2025,508664,13.40,13.10,0.0226,0.0288,0.0288,0.5502
28-MAY-2025,508670,3849.50,3850.00,-0.0001,0.0232,0.0231,0.4413
28-MAY-2025,508807,869.00,866.30,0.0031,0.0212,0.0212,0.4050
28-MAY-2025,508867,9.10,9.10,0.0000,0.0000,0.0000,0.0000
28-MAY-2025,508875,713.00,698.95,0.0199,0.0344,0.0344,0.6572
28-MAY-2025,508905,81.89,81.56,0.0040,0.0371,0.0370,0.7069
28-MAY-2025,508922,4.09,4.17,-0.0194,0.0347,0.0346,0.6610
28-MAY-2025,508941,517.40,515.75,0.0032,0.0197,0.0197,0.3764
28-MAY-2025,508954,127.90,128.80,-0.0070,0.0331,0.0330,0.6305
28-MAY-2025,508956,14.40,14.53,-0.0090,0.0355,0.0354,0.6763
28-MAY-2025,508961,171.35,163.20,0.0487,0.0220,0.0222,0.4241
28-MAY-2025,508963,24.46,23.99,0.0194,0.0338,0.0337,0.6438
28-MAY-2025,508969,3.54,3.51,0.0085,0.0309,0.0308,0.5884
28-MAY-2025,508980,19.59,19.71,-0.0061,0.0323,0.0323,0.6171
28-MAY-2025,508993,2.45,2.45,0.0000,0.0000,0.0000,0.0000
28-MAY-2025,509003,0.13,0.13,0.0000,0.0000,0.0000,0.0000
28-MAY-2025,509015,8.90,9.00,-0.0112,0.0310,0.0309,0.5903
28-MAY-2025,509024,7.27,7.61,-0.0457,0.0215,0.0217,0.4146
28-MAY-2025,509026,80.76,82.16,-0.0172,0.0396,0.0395,0.7546
28-MAY-2025,509038,13.51,13.72,-0.0154,0.0155,0.0155,0.2961
28-MAY-2025,509040,173.30,175.30,-0.0115,0.0394,0.0394,0.7527
28-MAY-2025,509046,66.50,70.00,-0.0513,0.0254,0.0256,0.4891
28-MAY-2025,509051,1.04,1.02,0.0194,0.0301,0.0300,0.5731
28-MAY-2025,509053,8.31,8.31,0.0000,0.0308,0.0307,0.5865
28-MAY-2025,509073,16.17,16.58,-0.0250,0.0269,0.0269,0.5139
28-MAY-2025,509162,133.05,135.95,-0.0216,0.0303,0.0303,0.5789
28-MAY-2025,509196,81.27,80.00,0.0158,0.0309,0.0309,0.5903
28-MAY-2025,509423,36.79,35.09,0.0473,0.0373,0.0374,0.7145
28-MAY-2025,509438,9717.35,9779.25,-0.0063,0.0263,0.0263,0.5025
28-MAY-2025,509449,63.79,60.76,0.0487,0.0355,0.0356,0.6801
28-MAY-2025,509470,27693.05,27685.20,0.0003,0.0301,0.0300,0.5731
28-MAY-2025,509472,426.00,425.50,0.0012,0.0323,0.0322,0.6152
28-MAY-2025,509486,132.30,133.75,-0.0109,0.0305,0.0304,0.5808
28-MAY-2025,509525,1224.75,1149.35,0.0635,0.0265,0.0269,0.5139
28-MAY-2025,509546,42.77,43.39,-0.0144,0.0372,0.0371,0.7088
28-MAY-2025,509563,24.83,24.35,0.0195,0.0341,0.0341,0.6515
28-MAY-2025,509597,736.70,706.05,0.0425,0.0386,0.0386,0.7375
28-MAY-2025,509650,38.74,38.74,0.0000,0.0013,0.0013,0.0248
28-MAY-2025,509732,410.15,402.15,0.0197,0.0192,0.0192,0.3668
28-MAY-2025,509760,47.86,46.97,0.0188,0.0386,0.0385,0.7355
28-MAY-2025,509782,17.95,17.95,0.0000,0.0000,0.0000,0.0000
28-MAY-2025,509835,18.40,18.46,-0.0033,0.0421,0.0420,0.8024
28-MAY-2025,509845,443.10,443.10,0.0000,0.0198,0.0197,0.3764
28-MAY-2025,509870,60.74,60.74,0.0000,0.0040,0.0040,0.0764
28-MAY-2025,509887,898.80,898.80,0.0000,0.0289,0.0288,0.5502
28-MAY-2025,509895,189.25,188.95,0.0016,0.0279,0.0279,0.5330
28-MAY-2025,509910,22.68,22.68,0.0000,0.0349,0.0348,0.6649
28-MAY-2025,509917,94.80,94.80,0.0000,0.0115,0.0115,0.2197
28-MAY-2025,509945,1543.70,1418.00,0.0849,0.0378,0.0382,0.7298
28-MAY-2025,509960,1732.20,1756.25,-0.0138,0.0292,0.0292,0.5579
28-MAY-2025,510245,6.45,6.45,0.0000,0.0305,0.0304,0.5808
28-MAY-2025,511000,24.10,23.20,0.0381,0.0352,0.0353,0.6744
28-MAY-2025,511012,1.83,1.79,0.0221,0.0295,0.0295,0.5636
28-MAY-2025,511018,93.15,88.78,0.0480,0.0290,0.0291,0.5560
28-MAY-2025,511048,5.18,5.18,0.0000,0.0000,0.0000,0.0000
28-MAY-2025,511060,17.00,17.00,0.0000,0.0000,0.0000,0.0000
28-MAY-2025,511066,49.68,49.95,-0.0054,0.0335,0.0334,0.6381
28-MAY-2025,511074,990.00,990.00,0.0000,0.0047,0.0047,0.0898
28-MAY-2025,511092,6.47,6.36,0.0171,0.0162,0.0162,0.3095
28-MAY-2025,511096,12.00,12.00,0.0000,0.0000,0.0000,0.0000
28-MAY-2025,511110,34.89,33.97,0.0267,0.0409,0.0409,0.7814
28-MAY-2025,511116,0.34,0.34,0.0000,0.0334,0.0333,0.6362
28-MAY-2025,511122,124.80,122.00,0.0227,0.0303,0.0302,0.5770
28-MAY-2025,511131,17.42,16.95,0.0274,0.0368,0.0367,0.7012
28-MAY-2025,511147,71.74,74.50,-0.0378,0.0345,0.0345,0.6591
28-MAY-2025,511153,30.00,29.59,0.0138,0.0287,0.0287,0.5483
28-MAY-2025,511169,8.21,8.37,-0.0193,0.0264,0.0263,0.5025
28-MAY-2025,511176,129.70,123.55,0.0486,0.0304,0.0306,0.5846
28-MAY-2025,511185,12.44,12.44,0.0000,0.0108,0.0107,0.2044
28-MAY-2025,511187,2.19,2.25,-0.0270,0.0421,0.0420,0.8024
28-MAY-2025,511200,170.05,162.05,0.0482,0.0204,0.0206,0.3936
28-MAY-2025,511254,61.75,61.75,0.0000,0.0000,0.0000,0.0000
28-MAY-2025,511260,23.39,22.28,0.0486,0.0087,0.0093,0.1777
28-MAY-2025,511355,15.57,15.63,-0.0038,0.0295,0.0294,0.5617
28-MAY-2025,511359,76.02,77.00,-0.0128,0.0366,0.0365,0.6973
28-MAY-2025,511377,32.80,32.96,-0.0049,0.0285,0.0285,0.5445
28-MAY-2025,511391,64.00,64.00,0.0000,0.0350,0.0349,0.6668
28-MAY-2025,511401,15.45,15.35,0.0065,0.0317,0.0316,0.6037
28-MAY-2025,511411,37.50,37.25,0.0067,0.0410,0.0409,0.7814
28-MAY-2025,511441,32.68,33.34,-0.0200,0.0308,0.0307,0.5865
28-MAY-2025,511447,0.87,0.89,-0.0227,0.0349,0.0348,0.6649
28-MAY-2025,511451,12.07,12.70,-0.0509,0.0405,0.0406,0.7757
28-MAY-2025,511463,14.10,14.28,-0.0127,0.0288,0.0287,0.5483
28-MAY-2025,511493,6.37,6.25,0.0190,0.0387,0.0386,0.7375
28-MAY-2025,511501,73.49,74.48,-0.0134,0.0323,0.0323,0.6171
28-MAY-2025,511507,37.91,37.91,0.0000,0.0343,0.0342,0.6534
28-MAY-2025,511509,38.09,37.92,0.0045,0.0333,0.0332,0.6343
28-MAY-2025,511523,15.13,15.09,0.0026,0.0344,0.0343,0.6553
28-MAY-2025,511525,2.67,2.66,0.0038,0.0299,0.0298,0.5693
28-MAY-2025,511533,40.89,41.20,-0.0076,0.0335,0.0334,0.6381
28-MAY-2025,511535,63.54,62.77,0.0122,0.0441,0.0440,0.8406
28-MAY-2025,511543,28.42,29.00,-0.0202,0.0329,0.0329,0.6286
28-MAY-2025,511549,115.00,115.80,-0.0069,0.0267,0.0266,0.5082
28-MAY-2025,511557,5.21,4.99,0.0431,0.0305,0.0305,0.5827
28-MAY-2025,511563,34.20,34.90,-0.0203,0.0266,0.0266,0.5082
28-MAY-2025,511571,121.54,117.59,0.0330,0.0378,0.0378,0.7222
28-MAY-2025,511577,16.40,15.85,0.0341,0.0309,0.0310,0.5923
28-MAY-2025,511585,3.81,3.74,0.0185,0.0147,0.0147,0.2808
28-MAY-2025,511593,18.74,18.27,0.0254,0.0365,0.0365,0.6973
28-MAY-2025,511601,10.59,10.89,-0.0279,0.0352,0.0352,0.6725
28-MAY-2025,511609,25.64,25.22,0.0165,0.0191,0.0190,0.3630
28-MAY-2025,511626,22.48,21.43,0.0478,0.0441,0.0441,0.8425
28-MAY-2025,511628,46.93,45.02,0.0416,0.0312,0.0313,0.5980
28-MAY-2025,511634,37.45,35.67,0.0487,0.0179,0.0182,0.3477
28-MAY-2025,511636,2.01,1.95,0.0303,0.0218,0.0218,0.4165
28-MAY-2025,511644,189.75,187.50,0.0119,0.0294,0.0293,0.5598
28-MAY-2025,511654,71.00,69.54,0.0208,0.0336,0.0336,0.6419
28-MAY-2025,511658,31.64,33.30,-0.0511,0.0373,0.0374,0.7145
28-MAY-2025,511664,6.95,6.85,0.0145,0.0411,0.0410,0.7833
28-MAY-2025,511672,36.93,37.10,-0.0046,0.0315,0.0314,0.5999
28-MAY-2025,511692,72.50,71.63,0.0121,0.0419,0.0418,0.7986
28-MAY-2025,511696,248.50,240.00,0.0348,0.0405,0.0405,0.7738
28-MAY-2025,511700,0.37,0.37,0.0000,0.0331,0.0330,0.6305
28-MAY-2025,511702,142.50,143.00,-0.0035,0.0340,0.0339,0.6477
28-MAY-2025,511710,2.09,2.09,0.0000,0.0355,0.0354,0.6763
28-MAY-2025,511712,67.00,69.00,-0.0294,0.0374,0.0374,0.7145
28-MAY-2025,511714,235.90,231.55,0.0186,0.0323,0.0323,0.6171
28-MAY-2025,511716,7.50,7.17,0.0450,0.0342,0.0343,0.6553
28-MAY-2025,511728,29.11,28.54,0.0198,0.0362,0.0361,0.6897
28-MAY-2025,511734,17.61,17.27,0.0195,0.0310,0.0309,0.5903
28-MAY-2025,511740,210.00,200.05,0.0485,0.0289,0.0290,0.5540
28-MAY-2025,511754,549.40,538.65,0.0198,0.0235,0.0235,0.4490
28-MAY-2025,511756,44.00,43.42,0.0133,0.0350,0.0349,0.6668
28-MAY-2025,511758,51.94,53.38,-0.0273,0.0373,0.0373,0.7126
28-MAY-2025,511764,32.80,32.49,0.0095,0.0354,0.0353,0.6744
28-MAY-2025,512008,322.80,325.90,-0.0096,0.0385,0.0384,0.7336
28-MAY-2025,512014,449.75,458.90,-0.0201,0.0311,0.0310,0.5923
28-MAY-2025,512018,10.10,10.00,0.0100,0.0297,0.0296,0.5655
28-MAY-2025,512020,15451.65,15766.95,-0.0202,0.0351,0.0350,0.6687
28-MAY-2025,512022,244.45,244.45,0.0000,0.0000,0.0000,0.0000
28-MAY-2025,512025,82.01,81.00,0.0124,0.1280,0.1276,2.4378
28-MAY-2025,512026,74.42,72.97,0.0197,0.0192,0.0192,0.3668
28-MAY-2025,512036,173.25,182.35,-0.0512,0.0304,0.0306,0.5846
28-MAY-2025,512038,501.25,513.15,-0.0235,0.0287,0.0287,0.5483
28-MAY-2025,512047,8.40,8.30,0.0120,0.0316,0.0315,0.6018
28-MAY-2025,512048,4.57,4.53,0.0088,0.0367,0.0366,0.6992
28-MAY-2025,512062,10.48,10.48,0.0000,0.0000,0.0000,0.0000
28-MAY-2025,512063,21.87,21.87,0.0000,0.0058,0.0058,0.1108
28-MAY-2025,512064,77.79,73.99,0.0501,0.0391,0.0392,0.7489
28-MAY-2025,512065,4.63,4.63,0.0000,0.0027,0.0027,0.0516
28-MAY-2025,512068,149.35,138.85,0.0729,0.0338,0.0341,0.6515
28-MAY-2025,512091,5.65,5.65,0.0000,0.0537,0.0536,1.0240
28-MAY-2025,512093,3.85,3.82,0.0078,0.0295,0.0295,0.5636
28-MAY-2025,512097,0.36,0.36,0.0000,0.0488,0.0486,0.9285
28-MAY-2025,512099,949.05,999.00,-0.0513,0.0257,0.0259,0.4948
28-MAY-2025,512101,17.40,17.40,0.0000,0.0000,0.0000,0.0000
28-MAY-2025,512103,159.00,158.50,0.0031,0.0297,0.0296,0.5655
28-MAY-2025,512109,39.58,38.81,0.0196,0.0095,0.0096,0.1834
28-MAY-2025,512115,56.00,53.53,0.0451,0.0359,0.0360,0.6878
28-MAY-2025,512117,3.67,3.67,0.0000,0.0000,0.0000,0.0000
28-MAY-2025,512149,0.74,0.79,-0.0654,0.0327,0.0329,0.6286
28-MAY-2025,512153,9.13,9.13,0.0000,0.0140,0.0140,0.2675
28-MAY-2025,512165,31.95,33.47,-0.0465,0.0386,0.0386,0.7375
28-MAY-2025,512175,6.62,6.70,-0.0120,0.0341,0.0340,0.6496
28-MAY-2025,512197,6.80,6.48,0.0482,0.0330,0.0331,0.6324
28-MAY-2025,512213,15.50,15.50,0.0000,0.0000,0.0000,0.0000
28-MAY-2025,512217,15.82,16.65,-0.0511,0.0348,0.0349,0.6668
28-MAY-2025,512221,13.77,13.77,0.0000,0.0010,0.0010,0.0191
28-MAY-2025,512229,406.20,398.35,0.0195,0.0183,0.0183,0.3496
28-MAY-2025,512247,4.32,4.13,0.0450,0.0283,0.0284,0.5426
28-MAY-2025,512257,4.32,4.26,0.0140,0.0275,0.0274,0.5235
28-MAY-2025,512261,3.00,3.00,0.0000,0.0000,0.0000,0.0000
28-MAY-2025,512267,11.85,11.29,0.0484,0.0334,0.0335,0.6400
28-MAY-2025,512271,116.50,116.50,0.0000,0.0008,0.0008,0.0153
28-MAY-2025,512277,659.25,627.90,0.0487,0.0228,0.0230,0.4394
28-MAY-2025,512297,15.55,15.50,0.0032,0.1113,0.1110,2.1207
28-MAY-2025,512301,3.86,3.68,0.0478,0.0342,0.0343,0.6553
28-MAY-2025,512329,384.60,382.15,0.0064,0.0238,0.0238,0.4547
28-MAY-2025,512341,0.44,0.44,0.0000,0.0071,0.0071,0.1356
28-MAY-2025,512344,3.87,4.07,-0.0504,0.0363,0.0364,0.6954
28-MAY-2025,512345,203.20,199.25,0.0196,0.0182,0.0182,0.3477
28-MAY-2025,512361,98.60,99.00,-0.0040,0.0213,0.0212,0.4050
28-MAY-2025,512367,11.52,11.52,0.0000,0.0011,0.0011,0.0210
28-MAY-2025,512377,5.64,5.64,0.0000,0.0060,0.0059,0.1127
28-MAY-2025,512379,4.88,4.87,0.0021,0.0359,0.0358,0.6840
28-MAY-2025,512393,49.20,50.20,-0.0201,0.0318,0.0317,0.6056
28-MAY-2025,512399,42.95,43.07,-0.0028,0.0323,0.0323,0.6171
28-MAY-2025,512404,0.05,0.05,0.0000,0.0199,0.0199,0.3802
28-MAY-2025,512408,10.05,10.05,0.0000,0.0000,0.0000,0.0000
28-MAY-2025,512415,19.26,20.27,-0.0511,0.0316,0.0317,0.6056
28-MAY-2025,512425,779.05,809.00,-0.0377,0.0356,0.0356,0.6801
28-MAY-2025,512437,545.20,553.05,-0.0143,0.0360,0.0359,0.6859
28-MAY-2025,512441,0.66,0.63,0.0465,0.1577,0.1573,3.0052
28-MAY-2025,512443,6.55,6.67,-0.0182,0.0359,0.0358,0.6840
28-MAY-2025,512453,924.30,933.10,-0.0095,0.0281,0.0280,0.5349
28-MAY-2025,512477,464.90,429.00,0.0804,0.0426,0.0428,0.8177
28-MAY-2025,512479,590.00,590.00,0.0000,0.0134,0.0133,0.2541
28-MAY-2025,512485,224.25,219.90,0.0196,0.0349,0.0349,0.6668
28-MAY-2025,512489,27.45,28.25,-0.0287,0.0346,0.0345,0.6591
28-MAY-2025,512493,117.90,118.00,-0.0008,0.0288,0.0287,0.5483
28-MAY-2025,512499,0.49,0.49,0.0000,0.0124,0.0123,0.2350
28-MAY-2025,512511,1.03,1.03,0.0000,0.0007,0.0007,0.0134
28-MAY-2025,512527,953.80,950.40,0.0036,0.0295,0.0295,0.5636
28-MAY-2025,512565,45.60,47.99,-0.0511,0.0298,0.0299,0.5712
28-MAY-2025,512587,48.81,47.81,0.0207,0.0388,0.0387,0.7394
28-MAY-2025,512589,149.00,149.10,-0.0007,0.0363,0.0362,0.6916
28-MAY-2025,512591,6.30,6.63,-0.0511,0.0368,0.0369,0.7050
28-MAY-2025,512595,605.00,576.20,0.0488,0.0283,0.0285,0.5445
28-MAY-2025,512600,81.83,81.70,0.0016,0.0306,0.0305,0.5827
28-MAY-2025,512618,10.59,10.00,0.0573,0.0384,0.0385,0.7355
28-MAY-2025,512624,6.69,6.83,-0.0207,0.0353,0.0352,0.6725
28-MAY-2025,512634,146.75,149.30,-0.0172,0.0283,0.0282,0.5388
28-MAY-2025,513005,44.15,45.73,-0.0352,0.0382,0.0382,0.7298
28-MAY-2025,513039,3.31,3.31,0.0000,0.0000,0.0000,0.0000
28-MAY-2025,513043,87.30,86.51,0.0091,0.0418,0.0417,0.7967
28-MAY-2025,513059,37.63,37.15,0.0128,0.0307,0.0306,0.5846
28-MAY-2025,513063,32.53,31.64,0.0277,0.0349,0.0349,0.6668
28-MAY-2025,513117,8.87,8.73,0.0159,0.0339,0.0338,0.6457
28-MAY-2025,513119,246.50,241.70,0.0197,0.0316,0.0315,0.6018
28-MAY-2025,513149,690.55,710.15,-0.0280,0.0319,0.0319,0.6094
28-MAY-2025,513173,28.05,27.25,0.0289,0.0295,0.0295,0.5636
28-MAY-2025,513252,649.50,626.00,0.0369,0.0291,0.0291,0.5560
28-MAY-2025,513295,69.68,68.32,0.0197,0.0386,0.0385,0.7355
28-MAY-2025,513303,16.11,15.89,0.0138,0.0346,0.0345,0.6591
28-MAY-2025,513309,10.37,9.47,0.0908,0.0380,0.0384,0.7336
28-MAY-2025,513337,1.35,1.37,-0.0147,0.0376,0.0375,0.7164
28-MAY-2025,513353,300.15,303.75,-0.0119,0.0300,0.0299,0.5712
28-MAY-2025,513361,5.89,5.94,-0.0085,0.0366,0.0365,0.6973
28-MAY-2025,513369,90.94,92.92,-0.0215,0.0388,0.0387,0.7394
28-MAY-2025,513397,9.90,9.43,0.0486,0.0295,0.0296,0.5655
28-MAY-2025,513401,24.92,24.44,0.0194,0.0400,0.0399,0.7623
28-MAY-2025,513403,6.31,6.64,-0.0510,0.0494,0.0494,0.9438
28-MAY-2025,513418,6.09,5.99,0.0166,0.0346,0.0345,0.6591
28-MAY-2025,513422,36.43,34.04,0.0679,0.0474,0.0475,0.9075
28-MAY-2025,513430,23.86,23.86,0.0000,0.0320,0.0319,0.6094
28-MAY-2025,513452,13.40,13.40,0.0000,0.0381,0.0380,0.7260
28-MAY-2025,513456,38.00,38.50,-0.0131,0.0345,0.0345,0.6591
28-MAY-2025,513460,9.01,8.78,0.0259,0.0349,0.0348,0.6649
28-MAY-2025,513472,337.75,329.85,0.0237,0.0349,0.0349,0.6668
28-MAY-2025,513488,31.43,33.54,-0.0650,0.0343,0.0345,0.6591
28-MAY-2025,513496,126.00,128.90,-0.0228,0.0331,0.0331,0.6324
28-MAY-2025,513498,156.00,153.00,0.0194,0.0332,0.0331,0.6324
28-MAY-2025,513502,9.32,9.26,0.0065,0.0369,0.0368,0.7031
28-MAY-2025,513507,180.00,180.00,0.0000,0.0299,0.0298,0.5693
28-MAY-2025,513511,154.00,155.00,-0.0065,0.0362,0.0362,0.6916
28-MAY-2025,513513,9.49,9.26,0.0245,0.0387,0.0387,0.7394
28-MAY-2025,513532,254.25,255.00,-0.0029,0.0318,0.0317,0.6056
28-MAY-2025,513536,47.87,46.94,0.0196,0.0354,0.0353,0.6744
28-MAY-2025,513540,13.35,14.02,-0.0490,0.0217,0.0219,0.4184
28-MAY-2025,513548,319.00,323.90,-0.0152,0.0377,0.0377,0.7203
28-MAY-2025,513566,13.99,13.81,0.0129,0.0338,0.0337,0.6438
28-MAY-2025,513575,41.00,41.87,-0.0210,0.0318,0.0318,0.6075
28-MAY-2025,513629,46.66,47.99,-0.0281,0.0329,0.0329,0.6286
28-MAY-2025,513642,33.78,33.30,0.0143,0.0396,0.0395,0.7546
28-MAY-2025,513693,35.92,34.66,0.0357,0.0299,0.0300,0.5731
28-MAY-2025,513699,36.82,36.00,0.0225,0.0390,0.0389,0.7432
28-MAY-2025,513709,265.85,267.90,-0.0077,0.0368,0.0367,0.7012
28-MAY-2025,513713,5.26,5.20,0.0115,0.0337,0.0336,0.6419
28-MAY-2025,513721,16.31,15.72,0.0368,0.0307,0.0308,0.5884
28-MAY-2025,514010,47.54,46.93,0.0129,0.0327,0.0326,0.6228
28-MAY-2025,514028,42.75,42.90,-0.0035,0.0325,0.0324,0.6190
28-MAY-2025,514030,146.10,144.20,0.0131,0.0262,0.0261,0.4986
28-MAY-2025,514060,9.99,9.95,0.0040,0.0492,0.0490,0.9361
28-MAY-2025,514087,79.15,82.96,-0.0470,0.0315,0.0316,0.6037
28-MAY-2025,514113,25.81,26.14,-0.0127,0.0318,0.0317,0.6056
28-MAY-2025,514128,27.00,28.02,-0.0371,0.0300,0.0300,0.5731
28-MAY-2025,514138,303.40,301.05,0.0078,0.0295,0.0294,0.5617
28-MAY-2025,514140,22.43,24.58,-0.0915,0.0371,0.0376,0.7183
28-MAY-2025,514165,8.35,8.40,-0.0060,0.0296,0.0295,0.5636
28-MAY-2025,514171,44.80,42.51,0.0525,0.0449,0.0449,0.8578
28-MAY-2025,514177,78.52,78.52,0.0000,0.0165,0.0164,0.3133
28-MAY-2025,514183,107.80,110.77,-0.0272,0.0217,0.0218,0.4165
28-MAY-2025,514197,7.01,6.76,0.0363,0.0373,0.0373,0.7126
28-MAY-2025,514223,5.78,5.79,-0.0017,0.0486,0.0485,0.9266
28-MAY-2025,514236,0.10,0.10,0.0000,0.0000,0.0000,0.0000
28-MAY-2025,514238,1729.80,1752.90,-0.0133,0.0355,0.0354,0.6763
28-MAY-2025,514240,9.07,9.16,-0.0099,0.0350,0.0349,0.6668
28-MAY-2025,514248,46.60,44.40,0.0484,0.0332,0.0333,0.6362
28-MAY-2025,514260,11.04,11.04,0.0000,0.0133,0.0132,0.2522
28-MAY-2025,514264,18.35,18.25,0.0055,0.0379,0.0378,0.7222
28-MAY-2025,514266,70.21,72.01,-0.0253,0.0255,0.0255,0.4872
28-MAY-2025,514272,135.25,135.65,-0.0030,0.0292,0.0291,0.5560
28-MAY-2025,514280,147.95,141.00,0.0481,0.0408,0.0409,0.7814
28-MAY-2025,514302,183.85,184.50,-0.0035,0.0309,0.0308,0.5884
28-MAY-2025,514312,56.90,55.95,0.0168,0.0328,0.0327,0.6247
28-MAY-2025,514316,126.40,126.15,0.0020,0.0313,0.0313,0.5980
28-MAY-2025,514318,239.70,235.00,0.0198,0.0223,0.0222,0.4241
28-MAY-2025,514322,111.44,111.44,0.0000,0.0394,0.0393,0.7508
28-MAY-2025,514324,304.00,297.90,0.0203,0.0330,0.0329,0.6286
28-MAY-2025,514326,10.84,11.63,-0.0703,0.0328,0.0331,0.6324
28-MAY-2025,514330,240.65,245.55,-0.0202,0.0362,0.0362,0.6916
28-MAY-2025,514358,124.15,126.95,-0.0223,0.0441,0.0440,0.8406
28-MAY-2025,514360,75.95,77.50,-0.0202,0.0378,0.0378,0.7222
28-MAY-2025,514378,17.22,17.39,-0.0098,0.0337,0.0337,0.6438
28-MAY-2025,514386,10.74,10.64,0.0094,0.0365,0.0364,0.6954
28-MAY-2025,514400,23.94,23.94,0.0000,0.0307,0.0306,0.5846
28-MAY-2025,514402,15.37,15.68,-0.0200,0.0306,0.0306,0.5846
28-MAY-2025,514412,103.20,105.30,-0.0201,0.0296,0.0295,0.5636
28-MAY-2025,514428,344.45,341.00,0.0101,0.0298,0.0297,0.5674
28-MAY-2025,514440,37.87,38.64,-0.0201,0.1462,0.1458,2.7855
28-MAY-2025,514442,26.04,26.38,-0.0130,0.0374,0.0374,0.7145
28-MAY-2025,514446,43.35,43.88,-0.0122,0.0359,0.0358,0.6840
28-MAY-2025,514448,1355.10,1373.85,-0.0137,0.0194,0.0193,0.3687
28-MAY-2025,514454,34.54,34.54,0.0000,0.0300,0.0300,0.5731
28-MAY-2025,514460,42.75,42.00,0.0177,0.0278,0.0278,0.5311
28-MAY-2025,514470,91.08,94.83,-0.0403,0.0310,0.0310,0.5923
28-MAY-2025,515008,136.94,128.34,0.0649,0.0309,0.0311,0.5942
28-MAY-2025,515043,110.05,109.55,0.0046,0.0224,0.0224,0.4280
28-MAY-2025,515059,41.50,42.22,-0.0172,0.0381,0.0380,0.7260
28-MAY-2025,515085,6.00,5.87,0.0219,0.0352,0.0351,0.6706
28-MAY-2025,515127,2.22,2.15,0.0320,0.0326,0.0326,0.6228
28-MAY-2025,515147,118.40,114.10,0.0370,0.0353,0.0353,0.6744
28-MAY-2025,516003,201.45,204.75,-0.0162,0.0332,0.0331,0.6324
28-MAY-2025,516020,6.30,6.30,0.0000,0.0314,0.0313,0.5980
28-MAY-2025,516032,13.00,13.26,-0.0198,0.0277,0.0276,0.5273
28-MAY-2025,516062,4.31,4.31,0.0000,0.0324,0.0324,0.6190
28-MAY-2025,516078,59.59,61.90,-0.0380,0.0410,0.0410,0.7833
28-MAY-2025,516096,194.90,187.25,0.0400,0.0417,0.0417,0.7967
28-MAY-2025,516098,10.84,10.93,-0.0083,0.0340,0.0339,0.6477
28-MAY-2025,516106,10.55,10.71,-0.0151,0.0349,0.0348,0.6649
28-MAY-2025,516108,79.97,81.62,-0.0204,0.0287,0.0286,0.5464
28-MAY-2025,516110,4.62,4.54,0.0175,0.0317,0.0317,0.6056
28-MAY-2025,517035,2385.55,2327.05,0.0248,0.0378,0.0378,0.7222
28-MAY-2025,517044,26.63,25.37,0.0485,0.0312,0.0313,0.5980
28-MAY-2025,517063,131.00,128.65,0.0181,0.0361,0.0360,0.6878
28-MAY-2025,517077,104.50,100.80,0.0360,0.0386,0.0386,0.7375
28-MAY-2025,517096,83.26,78.56,0.0581,0.0422,0.0423,0.8081
28-MAY-2025,517119,26.40,25.92,0.0183,0.0321,0.0321,0.6133
28-MAY-2025,517166,127.45,127.05,0.0031,0.0362,0.0361,0.6897
28-MAY-2025,517170,50.48,47.02,0.0710,0.0381,0.0384,0.7336
28-MAY-2025,517172,12.00,12.00,0.0000,0.0090,0.0090,0.1719
28-MAY-2025,517201,81.58,77.70,0.0487,0.0334,0.0335,0.6400
28-MAY-2025,517236,107.94,108.43,-0.0045,0.0362,0.0361,0.6897
28-MAY-2025,517238,258.70,257.20,0.0058,0.0363,0.0362,0.6916
28-MAY-2025,517246,122.75,124.00,-0.0101,0.0355,0.0354,0.6763
28-MAY-2025,517258,110.30,113.00,-0.0242,0.0395,0.0394,0.7527
28-MAY-2025,517288,95.73,94.12,0.0170,0.0362,0.0361,0.6897
28-MAY-2025,517356,2.01,2.05,-0.0197,0.0302,0.0301,0.5751
28-MAY-2025,517360,19.42,18.50,0.0485,0.0352,0.0352,0.6725
28-MAY-2025,517370,92.10,88.74,0.0372,0.0367,0.0367,0.7012
28-MAY-2025,517372,481.80,476.95,0.0101,0.0305,0.0304,0.5808
28-MAY-2025,517393,28.81,27.52,0.0458,0.0331,0.0332,0.6343
28-MAY-2025,517397,70.38,70.38,0.0000,0.0322,0.0321,0.6133
28-MAY-2025,517399,4.41,4.41,0.0000,0.0360,0.0359,0.6859
28-MAY-2025,517415,10.36,10.16,0.0195,0.0357,0.0356,0.6801
28-MAY-2025,517417,502.25,505.85,-0.0071,0.0319,0.0319,0.6094
28-MAY-2025,517423,76.10,72.50,0.0485,0.0298,0.0299,0.5712
28-MAY-2025,517429,91.55,91.70,-0.0016,0.0339,0.0338,0.6457
28-MAY-2025,517431,172.30,174.00,-0.0098,0.0458,0.0457,0.8731
28-MAY-2025,517437,157.85,157.85,0.0000,0.0351,0.0350,0.6687
28-MAY-2025,517449,886.25,911.00,-0.0275,0.0326,0.0326,0.6228
28-MAY-2025,517467,195.00,197.80,-0.0143,0.0354,0.0354,0.6763
28-MAY-2025,517477,351.15,351.25,-0.0003,0.0272,0.0272,0.5197
28-MAY-2025,517494,17.53,17.27,0.0149,0.0341,0.0341,0.6515
28-MAY-2025,517514,210.10,210.00,0.0005,0.0339,0.0339,0.6477
28-MAY-2025,517546,73.93,75.75,-0.0243,0.0359,0.0359,0.6859
28-MAY-2025,517554,0.91,0.91,0.0000,0.0347,0.0347,0.6629
28-MAY-2025,518011,87.99,83.00,0.0584,0.0425,0.0426,0.8139
28-MAY-2025,518053,23.89,23.43,0.0194,0.0211,0.0211,0.4031
28-MAY-2025,518075,342.85,346.55,-0.0107,0.0280,0.0279,0.5330
28-MAY-2025,519003,508.65,491.70,0.0339,0.0311,0.0311,0.5942
28-MAY-2025,519014,13.61,13.61,0.0000,0.0293,0.0292,0.5579
28-MAY-2025,519064,84.49,78.25,0.0767,0.0509,0.0510,0.9744
28-MAY-2025,519097,42.78,43.39,-0.0142,0.0335,0.0334,0.6381
28-MAY-2025,519152,11241.30,11769.00,-0.0459,0.0316,0.0317,0.6056
28-MAY-2025,519174,9.74,9.74,0.0000,0.0352,0.0351,0.6706
28-MAY-2025,519191,6.88,6.64,0.0355,0.0412,0.0412,0.7871
28-MAY-2025,519214,9.31,9.31,0.0000,0.0266,0.0265,0.5063
28-MAY-2025,519216,44.94,44.49,0.0101,0.0298,0.0297,0.5674
28-MAY-2025,519230,30.25,28.88,0.0463,0.0305,0.0306,0.5846
28-MAY-2025,519234,55.00,55.00,0.0000,0.0417,0.0416,0.7948
28-MAY-2025,519238,28.35,27.80,0.0196,0.0271,0.0271,0.5177
28-MAY-2025,519262,22.59,23.93,-0.0576,0.0399,0.0400,0.7642
28-MAY-2025,519279,5.34,5.34,0.0000,0.0315,0.0314,0.5999
28-MAY-2025,519285,8.48,8.92,-0.0506,0.0331,0.0332,0.6343
28-MAY-2025,519287,54.29,55.94,-0.0299,0.0339,0.0339,0.6477
28-MAY-2025,519295,318.00,316.50,0.0047,0.0267,0.0266,0.5082
28-MAY-2025,519299,69.71,71.79,-0.0294,0.0319,0.0319,0.6094
28-MAY-2025,519307,1.50,1.50,0.0000,0.0571,0.0570,1.0890
28-MAY-2025,519331,54.00,53.68,0.0059,0.0352,0.0351,0.6706
28-MAY-2025,519353,5.60,5.60,0.0000,0.0157,0.0156,0.2980
28-MAY-2025,519359,65.20,66.00,-0.0122,0.0321,0.0320,0.6114
28-MAY-2025,519367,189.40,199.35,-0.0512,0.0317,0.0319,0.6094
28-MAY-2025,519397,97.64,99.30,-0.0169,0.0335,0.0335,0.6400
28-MAY-2025,519413,16.14,16.14,0.0000,0.0091,0.0090,0.1719
28-MAY-2025,519415,33.81,33.81,0.0000,0.0128,0.0128,0.2445
28-MAY-2025,519421,2399.15,2342.70,0.0238,0.0259,0.0259,0.4948
28-MAY-2025,519455,58.90,57.55,0.0232,0.0363,0.0362,0.6916
28-MAY-2025,519457,50.98,50.63,0.0069,0.0336,0.0335,0.6400
28-MAY-2025,519463,170.00,170.00,0.0000,0.0426,0.0425,0.8120
28-MAY-2025,519471,210.00,201.30,0.0423,0.0351,0.0351,0.6706
28-MAY-2025,519475,80.07,81.65,-0.0195,0.0327,0.0327,0.6247
28-MAY-2025,519477,474.65,478.85,-0.0088,0.0327,0.0326,0.6228
28-MAY-2025,519479,8.16,8.12,0.0049,0.0263,0.0262,0.5006
28-MAY-2025,519483,38.46,39.25,-0.0203,0.0357,0.0356,0.6801
28-MAY-2025,519500,12.30,12.19,0.0090,0.0319,0.0318,0.6075
28-MAY-2025,519506,14.00,13.58,0.0305,0.0255,0.0255,0.4872
28-MAY-2025,519532,12.10,11.91,0.0158,0.0292,0.0291,0.5560
28-MAY-2025,519566,186.65,183.40,0.0176,0.0324,0.0323,0.6171
28-MAY-2025,519574,76.52,76.40,0.0016,0.0330,0.0329,0.6286
28-MAY-2025,519604,15.05,15.80,-0.0486,0.0399,0.0399,0.7623
28-MAY-2025,519606,44.10,44.10,0.0000,0.0288,0.0287,0.5483
28-MAY-2025,519612,49.79,48.82,0.0197,0.0391,0.0391,0.7470
28-MAY-2025,520075,147.60,145.80,0.0123,0.0249,0.0249,0.4757
28-MAY-2025,520081,14.60,14.00,0.0420,0.0220,0.0221,0.4222
28-MAY-2025,520121,6.32,6.65,-0.0509,0.0387,0.0388,0.7413
28-MAY-2025,520123,90.00,90.00,0.0000,0.0331,0.0330,0.6305
28-MAY-2025,520127,20.46,20.35,0.0054,0.0405,0.0404,0.7718
28-MAY-2025,520131,31.97,31.97,0.0000,0.0254,0.0254,0.4853
28-MAY-2025,520141,9.92,9.93,-0.0010,0.0334,0.0333,0.6362
28-MAY-2025,520155,76.77,76.23,0.0071,0.0394,0.0393,0.7508
28-MAY-2025,521003,22.00,22.00,0.0000,0.0138,0.0137,0.2617
28-MAY-2025,521005,14.92,14.88,0.0027,0.0364,0.0363,0.6935
28-MAY-2025,521048,30.20,29.79,0.0137,0.0327,0.0327,0.6247
28-MAY-2025,521054,18.25,17.88,0.0205,0.0374,0.0374,0.7145
28-MAY-2025,521062,4.20,4.38,-0.0420,0.0341,0.0341,0.6515
28-MAY-2025,521068,54.53,51.94,0.0487,0.0284,0.0285,0.5445
28-MAY-2025,521080,8.09,8.04,0.0062,0.0363,0.0363,0.6935
28-MAY-2025,521097,176.35,175.50,0.0048,0.0261,0.0261,0.4986
28-MAY-2025,521105,41.05,41.31,-0.0063,0.0313,0.0312,0.5961
28-MAY-2025,521113,55.27,54.19,0.0197,0.0353,0.0353,0.6744
28-MAY-2025,521131,25.73,26.03,-0.0116,0.0331,0.0330,0.6305
28-MAY-2025,521133,4.01,4.01,0.0000,0.0236,0.0235,0.4490
28-MAY-2025,521137,11.25,11.01,0.0216,0.0338,0.0337,0.6438
28-MAY-2025,521141,21.83,20.93,0.0421,0.0283,0.0284,0.5426
28-MAY-2025,521149,9.36,9.42,-0.0064,0.0369,0.0368,0.7031
28-MAY-2025,521151,61.75,61.75,0.0000,0.0358,0.0357,0.6820
28-MAY-2025,521161,39.99,39.99,0.0000,0.0432,0.0431,0.8234
28-MAY-2025,521178,47.07,45.59,0.0319,0.0312,0.0312,0.5961
28-MAY-2025,521206,2.73,2.72,0.0037,0.0362,0.0361,0.6897
28-MAY-2025,521210,25.65,25.65,0.0000,0.0259,0.0258,0.4929
28-MAY-2025,521216,93.08,92.50,0.0063,0.0365,0.0364,0.6954
28-MAY-2025,521222,64.76,66.00,-0.0190,0.0339,0.0339,0.6477
28-MAY-2025,521226,24.88,25.82,-0.0371,0.0395,0.0395,0.7546
28-MAY-2025,521228,2.88,2.90,-0.0069,0.0287,0.0286,0.5464
28-MAY-2025,521232,80.50,84.68,-0.0506,0.0309,0.0310,0.5923
28-MAY-2025,521234,33.10,34.55,-0.0429,0.0433,0.0433,0.8272
28-MAY-2025,521238,252.50,265.75,-0.0511,0.0367,0.0368,0.7031
28-MAY-2025,521240,145.35,144.00,0.0093,0.0344,0.0343,0.6553
28-MAY-2025,521244,124.85,124.85,0.0000,0.0288,0.0287,0.5483
28-MAY-2025,522001,93.54,92.50,0.0112,0.0377,0.0376,0.7183
28-MAY-2025,522004,112.27,108.78,0.0316,0.0360,0.0360,0.6878
28-MAY-2025,522005,157.95,157.80,0.0010,0.0291,0.0290,0.5540
28-MAY-2025,522017,903.40,888.25,0.0169,0.0329,0.0329,0.6286
28-MAY-2025,522027,140.00,140.90,-0.0064,0.0293,0.0292,0.5579
28-MAY-2025,522036,77.50,77.50,0.0000,0.0278,0.0277,0.5292
28-MAY-2025,522091,137.85,135.00,0.0209,0.0304,0.0303,0.5789
28-MAY-2025,522101,393.65,394.50,-0.0022,0.0258,0.0258,0.4929
28-MAY-2025,522105,41.42,41.21,0.0051,0.0316,0.0315,0.6018
28-MAY-2025,522122,2099.75,2058.45,0.0199,0.0269,0.0269,0.5139
28-MAY-2025,522134,152.15,152.90,-0.0049,0.0325,0.0325,0.6209
28-MAY-2025,522152,151.35,153.70,-0.0154,0.0416,0.0415,0.7929
28-MAY-2025,522165,47.48,48.09,-0.0128,0.0342,0.0341,0.6515
28-MAY-2025,522183,407.00,406.95,0.0001,0.0290,0.0289,0.5521
28-MAY-2025,522195,3465.75,3362.05,0.0304,0.0373,0.0372,0.7107
28-MAY-2025,522207,94.95,95.95,-0.0105,0.0360,0.0359,0.6859
28-MAY-2025,522209,14.98,15.44,-0.0302,0.0434,0.0434,0.8292
28-MAY-2025,522229,373.35,366.05,0.0197,0.0340,0.0340,0.6496
28-MAY-2025,522231,86.48,84.79,0.0197,0.0596,0.0595,1.1367
28-MAY-2025,522235,3.76,3.81,-0.0132,0.0289,0.0288,0.5502
28-MAY-2025,522251,339.10,337.35,0.0052,0.0364,0.0363,0.6935
28-MAY-2025,522257,128.35,122.65,0.0454,0.0320,0.0321,0.6133
28-MAY-2025,522267,58.10,58.29,-0.0033,0.0384,0.0384,0.7336
28-MAY-2025,522273,279.00,290.00,-0.0387,0.0279,0.0279,0.5330
28-MAY-2025,522289,34.90,34.90,0.0000,0.0347,0.0346,0.6610
28-MAY-2025,522292,89.96,89.62,0.0038,0.0284,0.0283,0.5407
28-MAY-2025,522294,156.80,154.05,0.0177,0.0299,0.0298,0.5693
28-MAY-2025,522650,2224.55,2165.25,0.0270,0.0376,0.0375,0.7164
28-MAY-2025,523007,120.05,123.10,-0.0251,0.0322,0.0322,0.6152
28-MAY-2025,523019,24.49,24.57,-0.0033,0.0396,0.0395,0.7546
28-MAY-2025,523021,62.53,62.32,0.0034,0.0405,0.0404,0.7718
28-MAY-2025,523054,1888.00,1888.00,0.0000,0.0243,0.0243,0.4643
28-MAY-2025,523062,38.00,37.87,0.0034,0.0339,0.0338,0.6457
28-MAY-2025,523100,253.00,248.05,0.0198,0.0366,0.0365,0.6973
28-MAY-2025,523105,20.13,20.10,0.0015,0.0301,0.0300,0.5731
28-MAY-2025,523116,712.35,712.35,0.0000,0.0352,0.0352,0.6725
28-MAY-2025,523120,73.04,74.53,-0.0202,0.0403,0.0403,0.7699
28-MAY-2025,523144,42.63,44.39,-0.0405,0.0284,0.0285,0.5445
28-MAY-2025,523151,7.10,7.00,0.0142,0.0417,0.0416,0.7948
28-MAY-2025,523160,1447.15,1457.70,-0.0073,0.0252,0.0251,0.4795
28-MAY-2025,523186,288.35,282.20,0.0216,0.0351,0.0350,0.6687
28-MAY-2025,523222,15.43,15.74,-0.0199,0.0307,0.0306,0.5846
28-MAY-2025,523232,126.40,126.00,0.0032,0.0297,0.0296,0.5655
28-MAY-2025,523242,15.00,15.00,0.0000,0.0299,0.0299,0.5712
28-MAY-2025,523248,297.45,294.60,0.0096,0.0341,0.0340,0.6496
28-MAY-2025,523277,0.35,0.36,-0.0282,0.0467,0.0466,0.8903
28-MAY-2025,523289,86.02,89.28,-0.0372,0.0348,0.0349,0.6668
28-MAY-2025,523309,93.85,96.00,-0.0227,0.0370,0.0369,0.7050
28-MAY-2025,523315,2.24,2.24,0.0000,0.0037,0.0037,0.0707
28-MAY-2025,523323,5968.45,6024.25,-0.0093,0.0256,0.0256,0.4891
28-MAY-2025,523343,10.00,10.00,0.0000,0.0000,0.0000,0.0000
28-MAY-2025,523373,203.80,199.85,0.0196,0.0268,0.0268,0.5120
28-MAY-2025,523411,1150.35,1289.80,-0.1144,0.0356,0.0364,0.6954
28-MAY-2025,523449,60.81,62.04,-0.0200,0.0366,0.0365,0.6973
28-MAY-2025,523465,39.75,40.02,-0.0068,0.0328,0.0327,0.6247
28-MAY-2025,523467,2.71,2.85,-0.0504,0.0301,0.0302,0.5770
28-MAY-2025,523475,1016.10,1022.75,-0.0065,0.0347,0.0346,0.6610
28-MAY-2025,523483,213.95,223.90,-0.0455,0.0346,0.0347,0.6629
28-MAY-2025,523489,32.41,33.55,-0.0346,0.0358,0.0358,0.6840
28-MAY-2025,523519,7.53,7.18,0.0476,0.0371,0.0372,0.7107
28-MAY-2025,523537,37.14,36.88,0.0070,0.0260,0.0260,0.4967
28-MAY-2025,523550,53.80,52.75,0.0197,0.0305,0.0304,0.5808
28-MAY-2025,523558,27.99,28.31,-0.0114,0.0336,0.0335,0.6400
28-MAY-2025,523566,60.70,57.81,0.0488,0.0379,0.0379,0.7241
28-MAY-2025,523586,263.05,263.10,-0.0002,0.0248,0.0247,0.4719
28-MAY-2025,523594,26.14,27.69,-0.0576,0.0401,0.0402,0.7680
28-MAY-2025,523606,813.45,807.05,0.0079,0.0359,0.0358,0.6840
28-MAY-2025,523620,28.22,28.78,-0.0196,0.0346,0.0345,0.6591
28-MAY-2025,523638,149.35,145.70,0.0247,0.0351,0.0351,0.6706
28-MAY-2025,523650,37.66,37.32,0.0091,0.0452,0.0451,0.8616
28-MAY-2025,523652,20.31,21.37,-0.0509,0.0325,0.0326,0.6228
28-MAY-2025,523660,54.90,54.38,0.0095,0.0293,0.0292,0.5579
28-MAY-2025,523672,54.00,53.00,0.0187,0.0293,0.0292,0.5579
28-MAY-2025,523676,188.55,185.80,0.0147,0.0315,0.0314,0.5999
28-MAY-2025,523696,75.50,76.45,-0.0125,0.0324,0.0324,0.6190
28-MAY-2025,523710,281.25,287.50,-0.0220,0.0342,0.0341,0.6515
28-MAY-2025,523722,9.86,9.67,0.0195,0.0301,0.0300,0.5731
28-MAY-2025,523732,29.90,28.86,0.0354,0.0377,0.0377,0.7203
28-MAY-2025,523752,15.98,15.22,0.0487,0.0367,0.0368,0.7031
28-MAY-2025,523782,15.91,15.52,0.0248,0.0365,0.0364,0.6954
28-MAY-2025,523790,9.99,9.99,0.0000,0.0247,0.0247,0.4719
28-MAY-2025,523826,37.08,38.47,-0.0368,0.0354,0.0354,0.6763
28-MAY-2025,523832,16.12,15.41,0.0450,0.0438,0.0438,0.8368
28-MAY-2025,523840,30.00,30.90,-0.0296,0.0381,0.0381,0.7279
28-MAY-2025,523842,9.79,9.98,-0.0192,0.0340,0.0340,0.6496
28-MAY-2025,523844,58.32,58.32,0.0000,0.0316,0.0315,0.6018
28-MAY-2025,523850,470.00,472.00,-0.0042,0.0276,0.0275,0.5254
28-MAY-2025,523862,23.48,22.62,0.0373,0.0371,0.0371,0.7088
28-MAY-2025,523888,34.97,36.81,-0.0513,0.0205,0.0208,0.3974
28-MAY-2025,523896,23.89,23.89,0.0000,0.0537,0.0536,1.0240
28-MAY-2025,524013,14.10,14.21,-0.0078,0.0307,0.0307,0.5865
28-MAY-2025,524031,9.02,9.38,-0.0391,0.0314,0.0315,0.6018
28-MAY-2025,524038,5.68,5.68,0.0000,0.0347,0.0346,0.6610
28-MAY-2025,524055,71.10,71.10,0.0000,0.0144,0.0144,0.2751
28-MAY-2025,524080,74.49,73.50,0.0134,0.0333,0.0332,0.6343
28-MAY-2025,524136,471.80,471.25,0.0012,0.0364,0.0363,0.6935
28-MAY-2025,524156,41.99,40.06,0.0471,0.0363,0.0363,0.6935
28-MAY-2025,524174,26.89,26.56,0.0123,0.0345,0.0344,0.6572
28-MAY-2025,524202,101.30,100.45,0.0084,0.0309,0.0309,0.5903
28-MAY-2025,524204,118.10,114.00,0.0353,0.0332,0.0332,0.6343
28-MAY-2025,524210,40.53,38.60,0.0488,0.0450,0.0450,0.8597
28-MAY-2025,524218,114.59,113.67,0.0081,0.0317,0.0316,0.6037
28-MAY-2025,524238,27.24,26.92,0.0118,0.0347,0.0346,0.6610
28-MAY-2025,524288,105.28,87.74,0.1822,0.0257,0.0287,0.5483
28-MAY-2025,524314,51.80,54.36,-0.0482,0.0370,0.0371,0.7088
28-MAY-2025,524336,150.75,153.70,-0.0194,0.0327,0.0326,0.6228
28-MAY-2025,524400,78.95,74.13,0.0630,0.0353,0.0355,0.6782
28-MAY-2025,524408,159.95,164.35,-0.0271,0.0364,0.0364,0.6954
28-MAY-2025,524414,20.99,20.37,0.0300,0.0331,0.0331,0.6324
28-MAY-2025,524434,9.07,9.20,-0.0142,0.0316,0.0315,0.6018
28-MAY-2025,524440,39.80,39.30,0.0126,0.0328,0.0327,0.6247
28-MAY-2025,524444,2.49,2.50,-0.0040,0.0319,0.0319,0.6094
28-MAY-2025,524458,14.19,14.93,-0.0508,0.0386,0.0387,0.7394
28-MAY-2025,524480,561.00,572.00,-0.0194,0.0273,0.0273,0.5216
28-MAY-2025,524488,3.63,3.72,-0.0245,0.0316,0.0316,0.6037
28-MAY-2025,524502,94.50,95.95,-0.0152,0.0309,0.0308,0.5884
28-MAY-2025,524504,5.92,5.92,0.0000,0.0139,0.0139,0.2656
28-MAY-2025,524506,751.95,777.20,-0.0330,0.0288,0.0288,0.5502
28-MAY-2025,524514,17.22,17.22,0.0000,0.0106,0.0105,0.2006
28-MAY-2025,524520,68.33,71.38,-0.0437,0.0210,0.0212,0.4050
28-MAY-2025,524522,36.01,35.25,0.0213,0.0371,0.0370,0.7069
28-MAY-2025,524534,79.01,79.41,-0.0050,0.0385,0.0384,0.7336
28-MAY-2025,524546,22.89,22.89,0.0000,0.0000,0.0000,0.0000
28-MAY-2025,524548,78.90,79.90,-0.0126,0.0271,0.0271,0.5177
28-MAY-2025,524564,7.52,7.49,0.0040,0.0242,0.0241,0.4604
28-MAY-2025,524572,62.25,66.32,-0.0633,0.0327,0.0330,0.6305
28-MAY-2025,524576,16.10,15.91,0.0119,0.0293,0.0292,0.5579
28-MAY-2025,524580,19.05,19.78,-0.0376,0.0415,0.0415,0.7929
28-MAY-2025,524582,166.65,167.95,-0.0078,0.0294,0.0294,0.5617
28-MAY-2025,524590,11.30,11.89,-0.0509,0.0466,0.0466,0.8903
28-MAY-2025,524592,22.40,21.92,0.0217,0.0326,0.0326,0.6228
28-MAY-2025,524594,150.75,151.20,-0.0030,0.0352,0.0351,0.6706
28-MAY-2025,524602,36.35,36.36,-0.0003,0.0382,0.0381,0.7279
28-MAY-2025,524604,14.55,14.69,-0.0096,0.0230,0.0230,0.4394
28-MAY-2025,524606,18.45,18.82,-0.0199,0.0420,0.0419,0.8005
28-MAY-2025,524614,4.91,4.96,-0.0101,0.0283,0.0282,0.5388
28-MAY-2025,524624,19.99,19.87,0.0060,0.0370,0.0369,0.7050
28-MAY-2025,524628,16.10,17.00,-0.0544,0.0487,0.0487,0.9304
28-MAY-2025,524632,13.27,13.01,0.0198,0.1492,0.1488,2.8428
28-MAY-2025,524634,404.60,406.85,-0.0055,0.0297,0.0296,0.5655
28-MAY-2025,524636,89.76,89.84,-0.0009,0.0330,0.0329,0.6286
28-MAY-2025,524640,44.63,45.11,-0.0107,0.0325,0.0324,0.6190
28-MAY-2025,524642,1.00,0.96,0.0408,0.0407,0.0407,0.7776
28-MAY-2025,524661,11.92,11.36,0.0481,0.0350,0.0351,0.6706
28-MAY-2025,524663,26.61,26.84,-0.0086,0.0350,0.0349,0.6668
28-MAY-2025,524675,23.75,23.18,0.0243,0.0371,0.0370,0.7069
28-MAY-2025,524687,13.98,14.00,-0.0014,0.0262,0.0261,0.4986
28-MAY-2025,524703,55.34,56.06,-0.0129,0.0257,0.0256,0.4891
28-MAY-2025,524711,10.80,10.56,0.0225,0.0290,0.0290,0.5540
28-MAY-2025,524717,458.20,456.45,0.0038,0.0364,0.0363,0.6935
28-MAY-2025,524723,23.00,23.00,0.0000,0.0040,0.0039,0.0745
28-MAY-2025,524727,20.51,20.51,0.0000,0.0297,0.0297,0.5674
28-MAY-2025,524731,1166.45,1166.25,0.0002,0.0263,0.0262,0.5006
28-MAY-2025,524743,866.60,850.20,0.0191,0.0271,0.0271,0.5177
28-MAY-2025,524748,35.51,35.11,0.0113,0.0306,0.0305,0.5827
28-MAY-2025,524752,11.94,12.00,-0.0050,0.0286,0.0285,0.5445
28-MAY-2025,524768,32.53,34.37,-0.0550,0.0441,0.0441,0.8425
28-MAY-2025,524790,436.35,438.05,-0.0039,0.0357,0.0356,0.6801
28-MAY-2025,524808,28.50,27.40,0.0394,0.0393,0.0393,0.7508
28-MAY-2025,524818,124.27,125.45,-0.0095,0.0327,0.0326,0.6228
28-MAY-2025,524828,249.95,247.10,0.0115,0.0299,0.0298,0.5693
28-MAY-2025,526001,6.86,7.22,-0.0511,0.0338,0.0339,0.6477
28-MAY-2025,526025,16.73,16.49,0.0144,0.0397,0.0396,0.7566
28-MAY-2025,526043,60.16,61.49,-0.0219,0.0340,0.0340,0.6496
28-MAY-2025,526071,167.35,164.10,0.0196,0.0218,0.0218,0.4165
28-MAY-2025,526073,954.40,968.10,-0.0143,0.0304,0.0304,0.5808
28-MAY-2025,526081,16.21,17.00,-0.0476,0.0407,0.0407,0.7776
28-MAY-2025,526095,39.30,37.70,0.0416,0.0440,0.0440,0.8406
28-MAY-2025,526113,14.00,14.00,0.0000,0.0315,0.0314,0.5999
28-MAY-2025,526115,9.24,9.42,-0.0193,0.0332,0.0331,0.6324
28-MAY-2025,526117,428.35,439.00,-0.0246,0.0318,0.0317,0.6056
28-MAY-2025,526125,169.00,165.65,0.0200,0.0389,0.0388,0.7413
28-MAY-2025,526133,7.84,7.47,0.0483,0.0379,0.0379,0.7241
28-MAY-2025,526137,132.00,129.00,0.0230,0.0402,0.0401,0.7661
28-MAY-2025,526139,4.29,4.26,0.0070,0.0299,0.0298,0.5693
28-MAY-2025,526143,10.15,10.34,-0.0185,0.0301,0.0300,0.5731
28-MAY-2025,526159,93.42,93.47,-0.0005,0.0270,0.0269,0.5139
28-MAY-2025,526161,136.60,128.65,0.0600,0.0464,0.0465,0.8884
28-MAY-2025,526169,290.85,289.80,0.0036,0.0342,0.0341,0.6515
28-MAY-2025,526173,32.69,31.18,0.0473,0.0313,0.0314,0.5999
28-MAY-2025,526179,276.10,263.00,0.0486,0.0308,0.0309,0.5903
28-MAY-2025,526187,5.22,5.22,0.0000,0.0482,0.0481,0.9189
28-MAY-2025,526193,27.87,29.30,-0.0500,0.0290,0.0291,0.5560
28-MAY-2025,526211,84.17,81.77,0.0289,0.0350,0.0350,0.6687
28-MAY-2025,526225,12.88,12.40,0.0380,0.0329,0.0330,0.6305
28-MAY-2025,526231,49.93,44.87,0.1069,0.0365,0.0371,0.7088
28-MAY-2025,526237,103.07,93.70,0.0953,0.0375,0.0380,0.7260
28-MAY-2025,526241,15.87,16.36,-0.0304,0.0323,0.0323,0.6171
28-MAY-2025,526251,21.50,22.25,-0.0343,0.0334,0.0334,0.6381
28-MAY-2025,526269,181.00,184.50,-0.0192,0.0358,0.0357,0.6820
28-MAY-2025,526301,38.90,39.49,-0.0151,0.0311,0.0311,0.5942
28-MAY-2025,526315,67.02,69.66,-0.0386,0.0235,0.0236,0.4509
28-MAY-2025,526335,9.93,10.40,-0.0462,0.0425,0.0425,0.8120
28-MAY-2025,526345,19.31,19.86,-0.0281,0.0306,0.0306,0.5846
28-MAY-2025,526355,75.07,76.08,-0.0134,0.0336,0.0336,0.6419
28-MAY-2025,526365,36.21,35.86,0.0097,0.0415,0.0414,0.7909
28-MAY-2025,526373,58.02,57.70,0.0055,0.0385,0.0384,0.7336
28-MAY-2025,526407,26.93,26.84,0.0033,0.0337,0.0336,0.6419
28-MAY-2025,526409,11.87,11.87,0.0000,0.0315,0.0315,0.6018
28-MAY-2025,526415,9.54,9.57,-0.0031,0.0349,0.0348,0.6649
28-MAY-2025,526433,2418.80,2244.10,0.0750,0.0382,0.0385,0.7355
28-MAY-2025,526435,111.40,106.00,0.0497,0.0412,0.0413,0.7890
28-MAY-2025,526439,9.80,9.90,-0.0102,0.0290,0.0290,0.5540
28-MAY-2025,526441,1.29,1.26,0.0235,0.0376,0.0375,0.7164
28-MAY-2025,526443,307.50,301.50,0.0197,0.0230,0.0229,0.4375
28-MAY-2025,526445,16.05,16.50,-0.0277,0.0305,0.0305,0.5827
28-MAY-2025,526468,19.27,20.25,-0.0496,0.0373,0.0373,0.7126
28-MAY-2025,526471,35.99,35.59,0.0112,0.0277,0.0277,0.5292
28-MAY-2025,526473,4.97,4.95,0.0040,0.0239,0.0238,0.4547
28-MAY-2025,526479,86.26,85.10,0.0135,0.0355,0.0354,0.6763
28-MAY-2025,526481,42.49,42.00,0.0116,0.0336,0.0336,0.6419
28-MAY-2025,526488,265.95,253.30,0.0487,0.0177,0.0180,0.3439
28-MAY-2025,526490,7.37,7.20,0.0233,0.0266,0.0266,0.5082
28-MAY-2025,526492,117.15,119.25,-0.0178,0.0301,0.0300,0.5731
28-MAY-2025,526494,9.90,10.90,-0.0962,0.0533,0.0536,1.0240
28-MAY-2025,526500,38.50,37.88,0.0162,0.0375,0.0374,0.7145
28-MAY-2025,526506,118.20,120.45,-0.0189,0.0355,0.0355,0.6782
28-MAY-2025,526508,16.23,16.46,-0.0141,0.0292,0.0291,0.5560
28-MAY-2025,526519,112.75,114.70,-0.0171,0.0320,0.0319,0.6094
28-MAY-2025,526525,20.35,20.87,-0.0252,0.0387,0.0387,0.7394
28-MAY-2025,526530,80.74,77.97,0.0349,0.0262,0.0263,0.5025
28-MAY-2025,526532,9.50,9.99,-0.0503,0.0357,0.0358,0.6840
28-MAY-2025,526544,3.79,3.72,0.0186,0.0389,0.0388,0.7413
28-MAY-2025,526546,112.70,107.95,0.0431,0.0386,0.0386,0.7375
28-MAY-2025,526568,33.25,33.25,0.0000,0.0320,0.0319,0.6094
28-MAY-2025,526570,573.35,562.15,0.0197,0.0201,0.0201,0.3840
28-MAY-2025,526574,23.04,24.21,-0.0495,0.0393,0.0393,0.7508
28-MAY-2025,526586,526.40,535.60,-0.0173,0.0229,0.0229,0.4375
28-MAY-2025,526588,18.50,18.11,0.0213,0.0428,0.0427,0.8158
28-MAY-2025,526604,25.00,25.40,-0.0159,0.0435,0.0434,0.8292
28-MAY-2025,526614,62.66,61.38,0.0206,0.0354,0.0353,0.6744
28-MAY-2025,526616,58.00,56.77,0.0214,0.0251,0.0251,0.4795
28-MAY-2025,526622,0.61,0.62,-0.0163,0.0276,0.0276,0.5273
28-MAY-2025,526628,26.90,26.90,0.0000,0.0229,0.0228,0.4356
28-MAY-2025,526638,122.90,120.00,0.0239,0.0361,0.0360,0.6878
28-MAY-2025,526640,57.05,56.45,0.0106,0.0413,0.0412,0.7871
28-MAY-2025,526654,177.50,183.95,-0.0357,0.0352,0.0352,0.6725
28-MAY-2025,526703,606.30,620.10,-0.0225,0.0350,0.0350,0.6687
28-MAY-2025,526705,260.60,254.55,0.0235,0.0271,0.0271,0.5177
28-MAY-2025,526709,10.41,10.89,-0.0451,0.0268,0.0269,0.5139
28-MAY-2025,526711,25.75,25.87,-0.0046,0.0368,0.0367,0.7012
28-MAY-2025,526717,167.10,151.95,0.0950,0.0388,0.0393,0.7508
28-MAY-2025,526721,118.95,118.50,0.0038,0.0213,0.0213,0.4069
28-MAY-2025,526723,197.00,197.40,-0.0020,0.0306,0.0305,0.5827
28-MAY-2025,526727,27.10,27.18,-0.0029,0.0356,0.0355,0.6782
28-MAY-2025,526731,354.30,349.45,0.0138,0.0370,0.0369,0.7050
28-MAY-2025,526739,364.65,364.20,0.0012,0.0220,0.0220,0.4203
28-MAY-2025,526747,299.75,285.05,0.0503,0.0270,0.0271,0.5177
28-MAY-2025,526751,22.08,21.04,0.0482,0.0299,0.0300,0.5731
28-MAY-2025,526755,6.45,6.57,-0.0184,0.0371,0.0371,0.7088
28-MAY-2025,526761,25.50,24.01,0.0602,0.0377,0.0379,0.7241
28-MAY-2025,526773,3.22,3.27,-0.0154,0.0344,0.0343,0.6553
28-MAY-2025,526775,656.35,643.50,0.0198,0.0362,0.0362,0.6916
28-MAY-2025,526783,4370.55,4375.65,-0.0012,0.0308,0.0307,0.5865
28-MAY-2025,526795,4.68,4.91,-0.0480,0.0250,0.0252,0.4814
28-MAY-2025,526813,12.64,12.69,-0.0039,0.0392,0.0391,0.7470
28-MAY-2025,526821,430.05,436.60,-0.0151,0.0319,0.0318,0.6075
28-MAY-2025,526823,3.93,3.93,0.0000,0.0313,0.0312,0.5961
28-MAY-2025,526827,47.98,47.84,0.0029,0.0322,0.0322,0.6152
28-MAY-2025,526839,16.41,15.72,0.0430,0.0472,0.0472,0.9018
28-MAY-2025,526841,27.21,27.19,0.0007,0.0325,0.0324,0.6190
28-MAY-2025,526847,34.21,34.26,-0.0015,0.0334,0.0333,0.6362
28-MAY-2025,526851,153.25,160.00,-0.0431,0.0330,0.0330,0.6305
28-MAY-2025,526853,74.65,76.20,-0.0206,0.0336,0.0336,0.6419
28-MAY-2025,526859,1.05,1.10,-0.0465,0.0346,0.0347,0.6629
28-MAY-2025,526861,140.95,141.85,-0.0064,0.0338,0.0337,0.6438
28-MAY-2025,526865,5.38,5.30,0.0150,0.0418,0.0417,0.7967
28-MAY-2025,526871,15.81,15.61,0.0127,0.0411,0.0410,0.7833
28-MAY-2025,526873,42.00,42.11,-0.0026,0.0343,0.0343,0.6553
28-MAY-2025,526877,14.10,14.25,-0.0106,0.0273,0.0272,0.5197
28-MAY-2025,526891,12.55,12.02,0.0431,0.0404,0.0404,0.7718
28-MAY-2025,526899,16.51,16.29,0.0134,0.0319,0.0319,0.6094
28-MAY-2025,526901,52.65,51.81,0.0161,0.0359,0.0358,0.6840
28-MAY-2025,526905,9.56,9.38,0.0190,0.0318,0.0318,0.6075
28-MAY-2025,526931,124.40,128.25,-0.0305,0.0380,0.0380,0.7260
28-MAY-2025,526935,223.90,219.55,0.0196,0.0345,0.0344,0.6572
28-MAY-2025,526945,104.76,106.69,-0.0183,0.0365,0.0364,0.6954
28-MAY-2025,526961,21.30,19.61,0.0827,0.0293,0.0298,0.5693
28-MAY-2025,526965,165.80,163.00,0.0170,0.0358,0.0357,0.6820
28-MAY-2025,526967,7.98,7.70,0.0357,0.0395,0.0394,0.7527
28-MAY-2025,526971,243.60,243.10,0.0021,0.0350,0.0349,0.6668
28-MAY-2025,526977,10.33,10.33,0.0000,0.0040,0.0039,0.0745
28-MAY-2025,526981,205.20,171.00,0.1823,0.0312,0.0337,0.6438
28-MAY-2025,527005,83.28,80.65,0.0321,0.0345,0.0345,0.6591
28-MAY-2025,530025,35.52,36.71,-0.0330,0.0390,0.0390,0.7451
28-MAY-2025,530027,5.45,5.70,-0.0449,0.0464,0.0464,0.8865
28-MAY-2025,530037,93.28,93.28,0.0000,0.0224,0.0223,0.4260
28-MAY-2025,530043,235.55,235.55,0.0000,0.0303,0.0302,0.5770
28-MAY-2025,530045,34.04,34.29,-0.0073,0.0303,0.0302,0.5770
28-MAY-2025,530053,6.32,6.34,-0.0032,0.0309,0.0308,0.5884
28-MAY-2025,530055,60.21,60.21,0.0000,0.0251,0.0251,0.4795
28-MAY-2025,530057,2.39,2.37,0.0084,0.0334,0.0333,0.6362
28-MAY-2025,530063,8.00,7.85,0.0189,0.0331,0.0331,0.6324
28-MAY-2025,530065,18.09,18.09,0.0000,0.0308,0.0307,0.5865
28-MAY-2025,530077,128.65,129.00,-0.0027,0.0270,0.0269,0.5139
28-MAY-2025,530095,0.40,0.39,0.0253,0.0406,0.0406,0.7757
28-MAY-2025,530109,2.05,1.97,0.0398,0.0324,0.0325,0.6209
28-MAY-2025,530111,27.47,28.31,-0.0301,0.0340,0.0339,0.6477
28-MAY-2025,530119,41.00,41.20,-0.0049,0.0366,0.0366,0.6992
28-MAY-2025,530125,405.80,381.20,0.0625,0.0309,0.0312,0.5961
28-MAY-2025,530127,25.38,25.38,0.0000,0.0418,0.0417,0.7967
28-MAY-2025,530129,1773.45,1813.60,-0.0224,0.0363,0.0362,0.6916
28-MAY-2025,530133,73.48,69.01,0.0628,0.0381,0.0383,0.7317
28-MAY-2025,530139,23.12,23.96,-0.0357,0.0467,0.0466,0.8903
28-MAY-2025,530141,28.14,27.59,0.0197,0.0293,0.0293,0.5598
28-MAY-2025,530145,43.57,43.99,-0.0096,0.0313,0.0312,0.5961
28-MAY-2025,530161,9.76,10.27,-0.0509,0.0197,0.0200,0.3821
28-MAY-2025,530163,406.20,414.10,-0.0193,0.0333,0.0333,0.6362
28-MAY-2025,530167,21.70,21.74,-0.0018,0.0363,0.0362,0.6916
28-MAY-2025,530169,32.81,34.00,-0.0356,0.0345,0.0345,0.6591
28-MAY-2025,530171,42.68,41.27,0.0336,0.0362,0.0362,0.6916
28-MAY-2025,530173,10.93,10.93,0.0000,0.0304,0.0303,0.5789
28-MAY-2025,530175,96.87,93.99,0.0302,0.0391,0.0391,0.7470
28-MAY-2025,530179,52.83,52.82,0.0002,0.0258,0.0258,0.4929
28-MAY-2025,530185,6.96,7.35,-0.0545,0.0248,0.0251,0.4795
28-MAY-2025,530187,3.72,3.71,0.0027,0.0465,0.0464,0.8865
28-MAY-2025,530197,149.00,151.45,-0.0163,0.0396,0.0395,0.7546
28-MAY-2025,530201,4.32,4.40,-0.0183,0.0359,0.0358,0.6840
28-MAY-2025,530207,17.35,17.90,-0.0312,0.0347,0.0346,0.6610
28-MAY-2025,530213,57.91,58.00,-0.0016,0.0342,0.0341,0.6515
28-MAY-2025,530215,128.55,129.95,-0.0108,0.0267,0.0266,0.5082
28-MAY-2025,530217,22.96,24.14,-0.0501,0.0168,0.0172,0.3286
28-MAY-2025,530231,70.51,67.16,0.0487,0.0262,0.0263,0.5025
28-MAY-2025,530233,257.15,249.55,0.0300,0.0326,0.0326,0.6228
28-MAY-2025,530235,96.50,94.80,0.0178,0.0407,0.0407,0.7776
28-MAY-2025,530245,539.65,542.95,-0.0061,0.0283,0.0282,0.5388
28-MAY-2025,530249,9.35,9.62,-0.0285,0.0286,0.0286,0.5464
28-MAY-2025,530251,0.85,0.85,0.0000,0.0284,0.0283,0.5407
28-MAY-2025,530253,40.55,39.80,0.0187,0.1594,0.1590,3.0377
28-MAY-2025,530255,13.35,13.10,0.0189,0.0409,0.0408,0.7795
28-MAY-2025,530259,33.62,34.07,-0.0133,0.0371,0.0370,0.7069
28-MAY-2025,530263,0.69,0.69,0.0000,0.0304,0.0304,0.5808
28-MAY-2025,530265,45.80,39.99,0.1357,0.0446,0.0455,0.8693
28-MAY-2025,530267,57.30,58.46,-0.0200,0.0342,0.0342,0.6534
28-MAY-2025,530271,10.00,10.27,-0.0266,0.0292,0.0292,0.5579
28-MAY-2025,530281,27.25,27.25,0.0000,0.0341,0.0340,0.6496
28-MAY-2025,530289,48.00,48.00,0.0000,0.0440,0.0439,0.8387
28-MAY-2025,530291,46.33,46.33,0.0000,0.0297,0.0297,0.5674
28-MAY-2025,530295,38.50,39.27,-0.0198,0.0234,0.0234,0.4471
28-MAY-2025,530305,557.85,560.25,-0.0043,0.0357,0.0356,0.6801
28-MAY-2025,530309,19.75,20.30,-0.0275,0.0285,0.0285,0.5445
28-MAY-2025,530313,51.45,45.01,0.1337,0.0381,0.0392,0.7489
28-MAY-2025,530315,152.25,154.80,-0.0166,0.0311,0.0310,0.5923
28-MAY-2025,530317,97.99,98.26,-0.0028,0.0283,0.0282,0.5388
28-MAY-2025,530331,451.25,442.75,0.0190,0.0301,0.0300,0.5731
28-MAY-2025,530341,127.10,134.00,-0.0529,0.0353,0.0354,0.6763
28-MAY-2025,530357,6.08,6.03,0.0083,0.0330,0.0329,0.6286
28-MAY-2025,530361,96.45,95.25,0.0125,0.0305,0.0304,0.5808
28-MAY-2025,530369,45.00,45.48,-0.0106,0.0361,0.0361,0.6897
28-MAY-2025,530401,72.53,77.10,-0.0611,0.0300,0.0302,0.5770
28-MAY-2025,530405,41.45,42.22,-0.0184,0.0337,0.0336,0.6419
28-MAY-2025,530407,72.88,69.41,0.0488,0.0321,0.0322,0.6152
28-MAY-2025,530419,63.33,60.08,0.0527,0.0319,0.0321,0.6133
28-MAY-2025,530421,14.12,14.86,-0.0511,0.0373,0.0374,0.7145
28-MAY-2025,530427,101.00,97.02,0.0402,0.0362,0.0362,0.6916
28-MAY-2025,530429,36.62,38.24,-0.0433,0.0412,0.0413,0.7890
28-MAY-2025,530433,40.98,40.59,0.0096,0.0304,0.0303,0.5789
28-MAY-2025,530439,7.56,7.30,0.0350,0.0365,0.0365,0.6973
28-MAY-2025,530443,9.64,9.19,0.0478,0.0413,0.0414,0.7909
28-MAY-2025,530445,2.29,2.37,-0.0343,0.0380,0.0380,0.7260
28-MAY-2025,530449,65.83,67.63,-0.0270,0.0352,0.0352,0.6725
28-MAY-2025,530457,80.00,81.42,-0.0176,0.0268,0.0268,0.5120
28-MAY-2025,530459,34.14,32.42,0.0517,0.0371,0.0371,0.7088
28-MAY-2025,530461,19.61,19.25,0.0185,0.0365,0.0365,0.6973
28-MAY-2025,530469,41.51,40.70,0.0197,0.0314,0.0313,0.5980
28-MAY-2025,530477,174.70,175.95,-0.0071,0.0293,0.0292,0.5579
28-MAY-2025,530495,81.33,77.54,0.0477,0.0294,0.0295,0.5636
28-MAY-2025,530499,1145.00,1135.30,0.0085,0.0267,0.0267,0.5101
28-MAY-2025,530521,469.95,468.40,0.0033,0.0326,0.0325,0.6209
28-MAY-2025,530525,6.96,6.96,0.0000,0.0367,0.0366,0.6992
28-MAY-2025,530533,172.00,180.80,-0.0499,0.0393,0.0394,0.7527
28-MAY-2025,530537,54.99,54.99,0.0000,0.0192,0.0191,0.3649
28-MAY-2025,530545,279.35,277.20,0.0077,0.0333,0.0332,0.6343
28-MAY-2025,530547,19.74,19.76,-0.0010,0.0286,0.0285,0.5445
28-MAY-2025,530557,0.63,0.63,0.0000,0.0297,0.0296,0.5655
28-MAY-2025,530565,66.81,65.50,0.0198,0.0330,0.0329,0.6286
28-MAY-2025,530571,8.65,8.65,0.0000,0.0355,0.0354,0.6763
28-MAY-2025,530577,61.13,64.00,-0.0459,0.0398,0.0398,0.7604
28-MAY-2025,530581,7.23,7.23,0.0000,0.0338,0.0337,0.6438
28-MAY-2025,530585,130.25,133.50,-0.0246,0.0335,0.0335,0.6400
28-MAY-2025,530589,155.00,165.20,-0.0637,0.0304,0.0307,0.5865
28-MAY-2025,530601,66.38,67.73,-0.0201,0.0273,0.0272,0.5197
28-MAY-2025,530615,182.20,190.70,-0.0456,0.0369,0.0370,0.7069
28-MAY-2025,530617,27.50,28.00,-0.0180,0.0342,0.0342,0.6534
28-MAY-2025,530621,106.33,105.16,0.0111,0.0300,0.0300,0.5731
28-MAY-2025,530627,171.10,178.20,-0.0407,0.0370,0.0370,0.7069
28-MAY-2025,530643,631.85,641.30,-0.0148,0.0323,0.0322,0.6152
28-MAY-2025,530663,1.28,1.25,0.0237,0.0295,0.0295,0.5636
28-MAY-2025,530665,4.58,4.54,0.0088,0.0285,0.0285,0.5445
28-MAY-2025,530669,195.00,197.90,-0.0148,0.0372,0.0371,0.7088
28-MAY-2025,530675,43.01,43.01,0.0000,0.0313,0.0312,0.5961
28-MAY-2025,530689,35.95,35.97,-0.0006,0.0348,0.0347,0.6629
28-MAY-2025,530695,41.44,42.00,-0.0134,0.0412,0.0411,0.7852
28-MAY-2025,530697,33.24,33.30,-0.0018,0.0319,0.0318,0.6075
28-MAY-2025,530705,94.60,99.56,-0.0511,0.0246,0.0248,0.4738
28-MAY-2025,530709,83.58,81.95,0.0197,0.0418,0.0418,0.7986
28-MAY-2025,530711,71.58,71.13,0.0063,0.0318,0.0317,0.6056
28-MAY-2025,530723,108.60,113.00,-0.0397,0.0346,0.0347,0.6629
28-MAY-2025,530733,13.00,12.52,0.0376,0.0520,0.0519,0.9915
28-MAY-2025,530735,28.12,28.10,0.0007,0.0379,0.0378,0.7222
28-MAY-2025,530741,97.44,81.20,0.1823,0.0349,0.0371,0.7088
28-MAY-2025,530745,21.01,20.60,0.0197,0.1057,0.1054,2.0137
28-MAY-2025,530747,29.22,28.25,0.0338,0.0406,0.0405,0.7738
28-MAY-2025,530755,10.29,10.43,-0.0135,0.0452,0.0451,0.8616
28-MAY-2025,530765,23.92,22.79,0.0484,0.0526,0.0526,1.0049
28-MAY-2025,530779,25.37,25.37,0.0000,0.0312,0.0311,0.5942
28-MAY-2025,530787,53.90,55.00,-0.0202,0.0261,0.0261,0.4986
28-MAY-2025,530789,198.90,192.70,0.0317,0.0403,0.0403,0.7699
28-MAY-2025,530795,17.80,17.84,-0.0022,0.0317,0.0316,0.6037
28-MAY-2025,530797,22.53,23.70,-0.0506,0.0309,0.0310,0.5923
28-MAY-2025,530799,29.53,28.13,0.0486,0.0308,0.0310,0.5923
28-MAY-2025,530805,1.56,1.56,0.0000,0.1284,0.1281,2.4473
28-MAY-2025,530809,59.11,59.00,0.0019,0.0359,0.0358,0.6840
28-MAY-2025,530821,19.32,18.11,0.0647,0.0432,0.0434,0.8292
28-MAY-2025,530825,144.55,151.65,-0.0479,0.0321,0.0322,0.6152
28-MAY-2025,530829,46.68,48.99,-0.0483,0.0344,0.0345,0.6591
28-MAY-2025,530839,6.12,6.44,-0.0510,0.0418,0.0418,0.7986
28-MAY-2025,530845,759.25,765.35,-0.0080,0.0302,0.0301,0.5751
28-MAY-2025,530853,94.95,96.85,-0.0198,0.0336,0.0336,0.6419
28-MAY-2025,530855,8.33,8.33,0.0000,0.0010,0.0010,0.0191
28-MAY-2025,530881,7.69,7.40,0.0384,0.0355,0.0355,0.6782
28-MAY-2025,530883,14.78,14.52,0.0177,0.0363,0.0363,0.6935
28-MAY-2025,530897,164.40,165.85,-0.0088,0.0297,0.0296,0.5655
28-MAY-2025,530899,106.55,106.55,0.0000,0.0323,0.0323,0.6171
28-MAY-2025,530907,45.00,45.08,-0.0018,0.0248,0.0247,0.4719
28-MAY-2025,530909,134.65,128.25,0.0487,0.0234,0.0236,0.4509
28-MAY-2025,530917,50.24,50.24,0.0000,0.0163,0.0163,0.3114
28-MAY-2025,530921,7.07,7.07,0.0000,0.0333,0.0332,0.6343
28-MAY-2025,530925,59.33,56.51,0.0487,0.0289,0.0290,0.5540
28-MAY-2025,530927,42.89,42.89,0.0000,0.0108,0.0107,0.2044
28-MAY-2025,530929,108.31,106.19,0.0198,0.0213,0.0213,0.4069
28-MAY-2025,530931,11.75,11.54,0.0180,0.0318,0.0317,0.6056
28-MAY-2025,530951,76.66,75.67,0.0130,0.0318,0.0317,0.6056
28-MAY-2025,530953,95.65,98.17,-0.0260,0.0359,0.0359,0.6859
28-MAY-2025,530959,30.51,30.03,0.0159,0.0319,0.0319,0.6094
28-MAY-2025,530973,78.00,82.00,-0.0500,0.0449,0.0449,0.8578
28-MAY-2025,530977,129.35,138.80,-0.0705,0.0332,0.0335,0.6400
28-MAY-2025,530979,35.02,34.96,0.0017,0.0241,0.0240,0.4585
28-MAY-2025,530991,63.92,61.50,0.0386,0.0412,0.0412,0.7871
28-MAY-2025,530997,147.10,144.00,0.0213,0.0334,0.0334,0.6381
28-MAY-2025,531003,61.64,61.60,0.0006,0.0426,0.0424,0.8101
28-MAY-2025,531015,25.61,26.39,-0.0300,0.0222,0.0222,0.4241
28-MAY-2025,531017,28.90,29.18,-0.0096,0.0381,0.0380,0.7260
28-MAY-2025,531025,0.54,0.53,0.0187,0.0275,0.0274,0.5235
28-MAY-2025,531027,20.00,20.90,-0.0440,0.0325,0.0325,0.6209
28-MAY-2025,531035,45.25,46.77,-0.0330,0.0364,0.0364,0.6954
28-MAY-2025,531041,411.45,409.80,0.0040,0.0249,0.0248,0.4738
28-MAY-2025,531043,16.75,16.95,-0.0119,0.0384,0.0383,0.7317
28-MAY-2025,531049,15.50,16.31,-0.0509,0.0334,0.0335,0.6400
28-MAY-2025,531051,17.84,18.77,-0.0508,0.0347,0.0348,0.6649
28-MAY-2025,531065,18.21,17.86,0.0194,0.0152,0.0152,0.2904
28-MAY-2025,531067,34.48,34.92,-0.0127,0.0359,0.0358,0.6840
28-MAY-2025,531069,945.70,948.45,-0.0029,0.0242,0.0242,0.4623
28-MAY-2025,531080,33.10,33.00,0.0030,0.0349,0.0349,0.6668
28-MAY-2025,531083,5.05,5.26,-0.0407,0.0400,0.0400,0.7642
28-MAY-2025,531091,35.47,35.67,-0.0056,0.0418,0.0417,0.7967
28-MAY-2025,531099,20.49,20.90,-0.0198,0.0336,0.0336,0.6419
28-MAY-2025,531111,43.16,44.50,-0.0306,0.0335,0.0335,0.6400
28-MAY-2025,531119,657.10,644.25,0.0197,0.0294,0.0294,0.5617
28-MAY-2025,531126,23.57,22.45,0.0487,0.0268,0.0270,0.5158
28-MAY-2025,531127,5.78,5.80,-0.0035,0.0553,0.0551,1.0527
28-MAY-2025,531129,23.88,23.68,0.0084,0.0351,0.0350,0.6687
28-MAY-2025,531137,2.33,2.36,-0.0128,0.0349,0.0348,0.6649
28-MAY-2025,531144,22.68,22.34,0.0151,0.0345,0.0344,0.6572
28-MAY-2025,531153,1.93,1.90,0.0157,0.0329,0.0329,0.6286
28-MAY-2025,531155,9.26,8.99,0.0296,0.0309,0.0309,0.5903
28-MAY-2025,531156,12.06,11.84,0.0184,0.0327,0.0326,0.6228
28-MAY-2025,531157,13.48,13.48,0.0000,0.0326,0.0325,0.6209
28-MAY-2025,531158,22.31,22.55,-0.0107,0.0345,0.0344,0.6572
28-MAY-2025,531161,158.75,157.25,0.0095,0.0362,0.0361,0.6897
28-MAY-2025,531163,81.00,79.00,0.0250,0.0338,0.0338,0.6457
28-MAY-2025,531168,262.85,262.95,-0.0004,0.0288,0.0287,0.5483
28-MAY-2025,531169,114.00,117.20,-0.0277,0.0387,0.0386,0.7375
28-MAY-2025,531173,46.12,44.35,0.0391,0.0302,0.0302,0.5770
28-MAY-2025,531176,15.03,15.04,-0.0007,0.0369,0.0368,0.7031
28-MAY-2025,531178,25.00,25.29,-0.0115,0.0369,0.0368,0.7031
28-MAY-2025,531190,69.41,67.31,0.0307,0.0271,0.0271,0.5177
28-MAY-2025,531199,154.05,146.75,0.0485,0.0350,0.0351,0.6706
28-MAY-2025,531201,7495.25,7427.00,0.0091,0.0364,0.0364,0.6954
28-MAY-2025,531203,64.26,64.26,0.0000,0.0181,0.0180,0.3439
28-MAY-2025,531205,3.94,3.98,-0.0101,0.1129,0.1126,2.1512
28-MAY-2025,531210,62.05,62.80,-0.0120,0.0384,0.0383,0.7317
28-MAY-2025,531212,60.88,61.09,-0.0034,0.0370,0.0369,0.7050
28-MAY-2025,531215,189.60,188.00,0.0085,0.0383,0.0382,0.7298
28-MAY-2025,531216,9.27,9.37,-0.0107,0.0351,0.0351,0.6706
28-MAY-2025,531219,4.40,4.40,0.0000,0.0260,0.0260,0.4967
28-MAY-2025,531221,12.69,12.09,0.0484,0.0418,0.0419,0.8005
28-MAY-2025,531223,55.92,56.30,-0.0068,0.0348,0.0347,0.6629
28-MAY-2025,531227,75.10,75.10,0.0000,0.0448,0.0446,0.8521
28-MAY-2025,531228,10.60,10.60,0.0000,0.0169,0.0169,0.3229
28-MAY-2025,531233,21.88,20.87,0.0473,0.0363,0.0364,0.6954
28-MAY-2025,531234,101.34,101.40,-0.0006,0.0326,0.0326,0.6228
28-MAY-2025,531235,29.27,30.81,-0.0513,0.0320,0.0321,0.6133
28-MAY-2025,531237,173.20,176.20,-0.0172,0.0342,0.0341,0.6515
28-MAY-2025,531246,16.38,16.53,-0.0091,0.0387,0.0386,0.7375
28-MAY-2025,531253,367.60,366.45,0.0031,0.0223,0.0223,0.4260
28-MAY-2025,531254,19.32,20.60,-0.0642,0.0402,0.0403,0.7699
28-MAY-2025,531255,61.90,60.01,0.0310,0.0451,0.0450,0.8597
28-MAY-2025,531257,20.50,19.94,0.0277,0.0330,0.0329,0.6286
28-MAY-2025,531259,10.78,10.40,0.0359,0.0351,0.0351,0.6706
28-MAY-2025,531260,790.20,815.90,-0.0320,0.0362,0.0362,0.6916
28-MAY-2025,531262,29.32,27.93,0.0486,0.0168,0.0171,0.3267
28-MAY-2025,531268,30.12,29.79,0.0110,0.0358,0.0357,0.6820
28-MAY-2025,531272,22.00,22.00,0.0000,0.0158,0.0158,0.3019
28-MAY-2025,531273,2.17,2.21,-0.0183,0.0348,0.0347,0.6629
28-MAY-2025,531278,114.25,116.95,-0.0234,0.0371,0.0371,0.7088
28-MAY-2025,531279,183.20,180.35,0.0157,0.0326,0.0325,0.6209
28-MAY-2025,531280,17.34,17.35,-0.0006,0.0375,0.0374,0.7145
28-MAY-2025,531281,147.75,154.10,-0.0421,0.0294,0.0295,0.5636
28-MAY-2025,531283,13.80,13.80,0.0000,0.0275,0.0274,0.5235
28-MAY-2025,531286,53.50,52.00,0.0284,0.0228,0.0228,0.4356
28-MAY-2025,531287,263.65,269.00,-0.0201,0.0321,0.0321,0.6133
28-MAY-2025,531288,17.36,17.36,0.0000,0.0317,0.0316,0.6037
28-MAY-2025,531289,168.00,166.50,0.0090,0.0359,0.0358,0.6840
28-MAY-2025,531297,78.15,65.13,0.1822,0.0286,0.0313,0.5980
28-MAY-2025,531300,4.08,3.89,0.0477,0.0341,0.0342,0.6534
28-MAY-2025,531301,129.85,127.35,0.0194,0.0269,0.0268,0.5120
28-MAY-2025,531304,21.36,22.48,-0.0511,0.0396,0.0396,0.7566
28-MAY-2025,531306,583.20,583.90,-0.0012,0.0272,0.0271,0.5177
28-MAY-2025,531307,18.45,18.37,0.0043,0.0303,0.0302,0.5770
28-MAY-2025,531310,225.65,214.25,0.0518,0.0353,0.0354,0.6763
28-MAY-2025,531314,13.39,12.76,0.0482,0.0424,0.0424,0.8101
28-MAY-2025,531319,56.26,55.16,0.0197,0.0268,0.0268,0.5120
28-MAY-2025,531323,18.67,18.67,0.0000,0.0349,0.0348,0.6649
28-MAY-2025,531324,33.50,33.50,0.0000,0.0304,0.0303,0.5789
28-MAY-2025,531328,2.24,2.27,-0.0133,0.0334,0.0333,0.6362
28-MAY-2025,531334,36.67,36.67,0.0000,0.0313,0.0312,0.5961
28-MAY-2025,531337,2.74,2.72,0.0073,0.0271,0.0271,0.5177
28-MAY-2025,531338,21.57,20.55,0.0484,0.0343,0.0344,0.6572
28-MAY-2025,531340,57.31,60.00,-0.0459,0.0373,0.0373,0.7126
28-MAY-2025,531341,16.36,16.71,-0.0212,0.0341,0.0340,0.6496
28-MAY-2025,531346,33.59,34.29,-0.0206,0.0328,0.0327,0.6247
28-MAY-2025,531352,22.00,22.00,0.0000,0.0372,0.0371,0.7088
28-MAY-2025,531357,60.60,61.54,-0.0154,0.0372,0.0372,0.7107
28-MAY-2025,531359,543.10,489.40,0.1041,0.0330,0.0337,0.6438
28-MAY-2025,531360,24.00,23.91,0.0038,0.0380,0.0379,0.7241
28-MAY-2025,531364,216.50,206.20,0.0487,0.0328,0.0329,0.6286
28-MAY-2025,531370,8.46,8.63,-0.0199,0.0318,0.0318,0.6075
28-MAY-2025,531380,134.00,134.75,-0.0056,0.0472,0.0471,0.8998
28-MAY-2025,531381,1170.20,1147.30,0.0198,0.0291,0.0291,0.5560
28-MAY-2025,531387,5.53,5.43,0.0182,0.0145,0.0145,0.2770
28-MAY-2025,531390,93.00,92.78,0.0024,0.0307,0.0306,0.5846
28-MAY-2025,531395,49.54,50.00,-0.0092,0.0559,0.0558,1.0661
28-MAY-2025,531396,6.98,6.65,0.0484,0.0289,0.0290,0.5540
28-MAY-2025,531397,23.28,24.50,-0.0511,0.0302,0.0304,0.5808
28-MAY-2025,531398,171.80,166.40,0.0319,0.0415,0.0415,0.7929
28-MAY-2025,531399,179.95,181.75,-0.0100,0.0351,0.0350,0.6687
28-MAY-2025,531402,19.70,19.39,0.0159,0.0360,0.0359,0.6859
28-MAY-2025,531411,1.43,1.43,0.0000,0.0286,0.0286,0.5464
28-MAY-2025,531412,177.10,178.10,-0.0056,0.0278,0.0278,0.5311
28-MAY-2025,531413,31.23,32.78,-0.0484,0.0324,0.0325,0.6209
28-MAY-2025,531416,39.06,36.87,0.0577,0.0391,0.0392,0.7489
28-MAY-2025,531417,2.61,2.66,-0.0190,0.0330,0.0330,0.6305
28-MAY-2025,531432,12.03,11.46,0.0485,0.0543,0.0543,1.0374
28-MAY-2025,531433,3.95,4.00,-0.0126,0.0355,0.0354,0.6763
28-MAY-2025,531436,6.78,6.72,0.0089,0.0290,0.0290,0.5540
28-MAY-2025,531437,28.80,28.50,0.0105,0.0325,0.0324,0.6190
28-MAY-2025,531441,20.45,20.45,0.0000,0.0242,0.0242,0.4623
28-MAY-2025,531444,12.14,12.14,0.0000,0.0345,0.0344,0.6572
28-MAY-2025,531454,28.97,29.27,-0.0103,0.0326,0.0325,0.6209
28-MAY-2025,531456,2.12,2.05,0.0336,0.0342,0.0342,0.6534
28-MAY-2025,531458,7.03,7.15,-0.0169,0.0200,0.0199,0.3802
28-MAY-2025,531460,9.75,9.99,-0.0243,0.0394,0.0393,0.7508
28-MAY-2025,531465,0.49,0.49,0.0000,0.0117,0.0117,0.2235
28-MAY-2025,531471,17.75,17.60,0.0085,0.0358,0.0358,0.6840
28-MAY-2025,531472,21.01,20.01,0.0488,0.0416,0.0417,0.7967
28-MAY-2025,531486,2.48,2.59,-0.0434,0.0242,0.0244,0.4662
28-MAY-2025,531489,252.65,254.40,-0.0069,0.0308,0.0307,0.5865
28-MAY-2025,531499,3.58,3.41,0.0487,0.0369,0.0369,0.7050
28-MAY-2025,531502,10.70,10.65,0.0047,0.0165,0.0165,0.3152
28-MAY-2025,531503,37.71,35.00,0.0746,0.0359,0.0362,0.6916
28-MAY-2025,531505,18.43,17.56,0.0484,0.0274,0.0275,0.5254
28-MAY-2025,531506,19.75,19.75,0.0000,0.0344,0.0343,0.6553
28-MAY-2025,531509,31.56,31.00,0.0179,0.0415,0.0414,0.7909
28-MAY-2025,531512,18.25,18.47,-0.0120,0.0322,0.0321,0.6133
28-MAY-2025,531518,0.40,0.39,0.0253,0.0512,0.0511,0.9763
28-MAY-2025,531521,38.86,39.65,-0.0201,0.0195,0.0195,0.3725
28-MAY-2025,531525,239.70,237.20,0.0105,0.0237,0.0236,0.4509
28-MAY-2025,531529,1.86,1.95,-0.0473,0.0314,0.0315,0.6018
28-MAY-2025,531533,96.45,96.45,0.0000,0.0335,0.0334,0.6381
28-MAY-2025,531537,245.20,233.55,0.0487,0.0184,0.0187,0.3573
28-MAY-2025,531539,48.37,47.47,0.0188,0.0370,0.0369,0.7050
28-MAY-2025,531540,15.66,15.69,-0.0019,0.0319,0.0318,0.6075
28-MAY-2025,531541,2.83,2.71,0.0433,0.0352,0.0352,0.6725
28-MAY-2025,531550,271.80,269.50,0.0085,0.0366,0.0366,0.6992
28-MAY-2025,531552,19.09,19.08,0.0005,0.0337,0.0336,0.6419
28-MAY-2025,531553,22.45,21.60,0.0386,0.0391,0.0391,0.7470
28-MAY-2025,531557,12.66,11.51,0.0952,0.0406,0.0411,0.7852
28-MAY-2025,531568,6.00,6.44,-0.0708,0.0344,0.0347,0.6629
28-MAY-2025,531569,243.25,230.90,0.0521,0.0302,0.0304,0.5808
28-MAY-2025,531578,10.49,10.49,0.0000,0.0371,0.0370,0.7069
28-MAY-2025,531582,29.24,27.88,0.0476,0.0366,0.0367,0.7012
28-MAY-2025,531583,36.04,36.05,-0.0003,0.0357,0.0356,0.6801
28-MAY-2025,531585,9.01,9.46,-0.0487,0.0323,0.0324,0.6190
28-MAY-2025,531591,18.19,18.44,-0.0137,0.0231,0.0231,0.4413
28-MAY-2025,531592,2.18,2.18,0.0000,0.0356,0.0355,0.6782
28-MAY-2025,531594,14.34,14.34,0.0000,0.0375,0.0374,0.7145
28-MAY-2025,531600,86.99,86.99,0.0000,0.0327,0.0326,0.6228
28-MAY-2025,531608,84.60,84.60,0.0000,0.0354,0.0353,0.6744
28-MAY-2025,531609,264.35,239.70,0.0979,0.0400,0.0405,0.7738
28-MAY-2025,531613,1.90,1.87,0.0159,0.0315,0.0314,0.5999
28-MAY-2025,531616,56.13,59.08,-0.0512,0.0316,0.0317,0.6056
28-MAY-2025,531626,4.37,4.43,-0.0136,0.0342,0.0341,0.6515
28-MAY-2025,531635,159.65,162.90,-0.0202,0.0283,0.0282,0.5388
28-MAY-2025,531637,548.05,544.00,0.0074,0.0295,0.0294,0.5617
28-MAY-2025,531640,23.43,23.43,0.0000,0.0130,0.0130,0.2484
28-MAY-2025,531644,29.76,29.42,0.0115,0.0386,0.0385,0.7355
28-MAY-2025,531651,53.92,52.60,0.0248,0.0327,0.0327,0.6247
28-MAY-2025,531652,125.00,125.35,-0.0028,0.0305,0.0304,0.5808
28-MAY-2025,531661,12.80,12.55,0.0197,0.0403,0.0402,0.7680
28-MAY-2025,531663,11.35,10.81,0.0487,0.0228,0.0230,0.4394
28-MAY-2025,531667,31.52,31.52,0.0000,0.0352,0.0351,0.6706
28-MAY-2025,531668,3.74,3.60,0.0382,0.0429,0.0428,0.8177
28-MAY-2025,531671,0.93,0.95,-0.0213,0.0323,0.0323,0.6171
28-MAY-2025,531672,29.21,29.35,-0.0048,0.0313,0.0313,0.5980
28-MAY-2025,531673,28.62,29.88,-0.0431,0.0357,0.0357,0.6820
28-MAY-2025,531677,432.25,432.25,0.0000,0.0179,0.0178,0.3401
28-MAY-2025,531681,0.85,0.84,0.0118,0.0332,0.0331,0.6324
28-MAY-2025,531688,185.65,189.40,-0.0200,0.0314,0.0313,0.5980
28-MAY-2025,531692,3.96,4.16,-0.0493,0.0257,0.0259,0.4948
28-MAY-2025,531694,48.83,47.01,0.0380,0.0337,0.0337,0.6438
28-MAY-2025,531726,142.20,141.15,0.0074,0.0316,0.0316,0.6037
28-MAY-2025,531727,62.40,65.63,-0.0505,0.0295,0.0297,0.5674
28-MAY-2025,531735,36.02,36.02,0.0000,0.0156,0.0156,0.2980
28-MAY-2025,531737,0.69,0.68,0.0146,0.0122,0.0122,0.2331
28-MAY-2025,531739,13.93,14.25,-0.0227,0.0352,0.0352,0.6725
28-MAY-2025,531743,218.95,218.95,0.0000,0.0161,0.0161,0.3076
28-MAY-2025,531744,92.51,89.01,0.0386,0.0402,0.0402,0.7680
28-MAY-2025,531752,0.98,0.99,-0.0102,0.0301,0.0301,0.5751
28-MAY-2025,531758,18.75,17.87,0.0481,0.0312,0.0313,0.5980
28-MAY-2025,531762,23.35,23.49,-0.0060,0.0388,0.0387,0.7394
28-MAY-2025,531771,158.75,167.10,-0.0513,0.0285,0.0287,0.5483
28-MAY-2025,531778,35.00,33.34,0.0486,0.0443,0.0443,0.8464
28-MAY-2025,531779,18.81,19.80,-0.0513,0.0390,0.0391,0.7470
28-MAY-2025,531780,6.93,6.60,0.0488,0.0285,0.0286,0.5464
28-MAY-2025,531784,1.44,1.43,0.0070,0.0306,0.0305,0.5827
28-MAY-2025,531797,61.65,62.60,-0.0153,0.0295,0.0294,0.5617
28-MAY-2025,531802,24.44,25.77,-0.0530,0.0341,0.0342,0.6534
28-MAY-2025,531810,71.49,72.95,-0.0202,0.0327,0.0326,0.6228
28-MAY-2025,531812,0.75,0.75,0.0000,0.0294,0.0293,0.5598
28-MAY-2025,531813,100.75,96.00,0.0483,0.0317,0.0318,0.6075
28-MAY-2025,531814,14.71,14.61,0.0068,0.0379,0.0378,0.7222
28-MAY-2025,531821,63.25,66.57,-0.0512,0.0304,0.0305,0.5827
28-MAY-2025,531822,245.05,233.40,0.0487,0.0364,0.0365,0.6973
28-MAY-2025,531832,77.72,76.21,0.0196,0.0300,0.0299,0.5712
28-MAY-2025,531834,9.12,8.69,0.0483,0.0457,0.0457,0.8731
28-MAY-2025,531840,16.55,15.96,0.0363,0.0323,0.0323,0.6171
28-MAY-2025,531841,49.17,50.82,-0.0330,0.0332,0.0332,0.6343
28-MAY-2025,531842,37.98,37.31,0.0178,0.0316,0.0316,0.6037
28-MAY-2025,531846,10.72,11.88,-0.1027,0.0464,0.0469,0.8960
28-MAY-2025,531847,770.40,769.90,0.0006,0.0230,0.0229,0.4375
28-MAY-2025,531859,174.40,177.95,-0.0202,0.0342,0.0342,0.6534
28-MAY-2025,531861,47.89,48.54,-0.0135,0.0298,0.0298,0.5693
28-MAY-2025,531862,44.12,42.02,0.0488,0.0281,0.0282,0.5388
28-MAY-2025,531867,4.80,4.50,0.0645,0.0399,0.0401,0.7661
28-MAY-2025,531869,4.52,4.46,0.0134,0.0301,0.0301,0.5751
28-MAY-2025,531870,21.86,23.01,-0.0513,0.0323,0.0324,0.6190
28-MAY-2025,531878,12.50,12.03,0.0383,0.0340,0.0340,0.6496
28-MAY-2025,531885,8.13,8.13,0.0000,0.0005,0.0005,0.0096
28-MAY-2025,531888,100.85,99.22,0.0163,0.0309,0.0308,0.5884
28-MAY-2025,531889,28.09,27.90,0.0068,0.0379,0.0378,0.7222
28-MAY-2025,531893,0.52,0.52,0.0000,0.0317,0.0316,0.6037
28-MAY-2025,531900,29.74,29.22,0.0176,0.0393,0.0392,0.7489
28-MAY-2025,531902,18.27,19.13,-0.0460,0.0487,0.0486,0.9285
28-MAY-2025,531909,2.84,2.82,0.0071,0.0357,0.0356,0.6801
28-MAY-2025,531910,225.00,225.00,0.0000,0.0315,0.0314,0.5999
28-MAY-2025,531911,51.99,50.63,0.0265,0.0314,0.0314,0.5999
28-MAY-2025,531913,8.11,7.81,0.0377,0.0371,0.0371,0.7088
28-MAY-2025,531918,104.95,107.05,-0.0198,0.0254,0.0253,0.4834
28-MAY-2025,531923,90.64,91.89,-0.0137,0.0322,0.0322,0.6152
28-MAY-2025,531925,1.53,1.61,-0.0510,0.0480,0.0480,0.9170
28-MAY-2025,531929,5.28,5.32,-0.0075,0.0358,0.0357,0.6820
28-MAY-2025,531930,31.45,31.29,0.0051,0.0374,0.0373,0.7126
28-MAY-2025,531931,210.25,214.50,-0.0200,0.0319,0.0319,0.6094
28-MAY-2025,531944,13.84,13.84,0.0000,0.0391,0.0390,0.7451
28-MAY-2025,531950,4.58,4.79,-0.0448,0.0351,0.0351,0.6706
28-MAY-2025,531952,80.19,83.15,-0.0362,0.0324,0.0324,0.6190
28-MAY-2025,531959,2.82,2.87,-0.0176,0.0314,0.0313,0.5980
28-MAY-2025,531960,9.61,9.43,0.0189,0.0299,0.0299,0.5712
28-MAY-2025,531962,39.86,37.97,0.0486,0.0400,0.0400,0.7642
28-MAY-2025,531968,51.17,51.71,-0.0105,0.0353,0.0353,0.6744
28-MAY-2025,531971,59.77,56.93,0.0487,0.0069,0.0077,0.1471
28-MAY-2025,531977,8.94,9.11,-0.0188,0.0333,0.0332,0.6343
28-MAY-2025,531979,71.77,72.09,-0.0044,0.0310,0.0310,0.5923
28-MAY-2025,531980,21.75,21.33,0.0195,0.0267,0.0267,0.5101
28-MAY-2025,531982,25.04,25.91,-0.0342,0.0388,0.0388,0.7413
28-MAY-2025,531991,1.08,1.05,0.0282,0.0330,0.0330,0.6305
28-MAY-2025,531994,101.00,101.00,0.0000,0.0227,0.0227,0.4337
28-MAY-2025,531996,11.56,12.16,-0.0506,0.0340,0.0341,0.6515
28-MAY-2025,531997,87.40,91.95,-0.0507,0.0241,0.0243,0.4643
28-MAY-2025,532001,67.81,65.17,0.0397,0.0419,0.0419,0.8005
28-MAY-2025,532005,67.31,68.00,-0.0102,0.0345,0.0345,0.6591
28-MAY-2025,532007,26.09,26.09,0.0000,0.0321,0.0320,0.6114
28-MAY-2025,532011,99.25,102.00,-0.0273,0.0331,0.0330,0.6305
28-MAY-2025,532015,5.98,6.01,-0.0050,0.0376,0.0375,0.7164
28-MAY-2025,532016,431.50,437.55,-0.0139,0.0249,0.0249,0.4757
28-MAY-2025,532024,11.27,11.27,0.0000,0.0076,0.0076,0.1452
28-MAY-2025,532039,63.82,63.28,0.0085,0.0285,0.0285,0.5445
28-MAY-2025,532041,9.83,9.37,0.0479,0.0378,0.0379,0.7241
28-MAY-2025,532042,43.17,43.17,0.0000,0.0387,0.0386,0.7375
28-MAY-2025,532053,132.00,126.20,0.0449,0.0345,0.0346,0.6610
28-MAY-2025,532056,62.93,66.24,-0.0513,0.0354,0.0355,0.6782
28-MAY-2025,532057,125.95,125.95,0.0000,0.0323,0.0322,0.6152
28-MAY-2025,532067,1892.15,1970.20,-0.0404,0.0362,0.0363,0.6935
28-MAY-2025,532070,251.30,248.95,0.0094,0.0329,0.0328,0.6266
28-MAY-2025,532078,24.45,24.45,0.0000,0.0264,0.0264,0.5044
28-MAY-2025,532083,3.13,3.13,0.0000,0.0001,0.0001,0.0019
28-MAY-2025,532090,16.32,15.55,0.0483,0.0272,0.0273,0.5216
28-MAY-2025,532092,4.33,4.19,0.0329,0.0341,0.0341,0.6515
28-MAY-2025,532100,10.85,10.96,-0.0101,0.0467,0.0466,0.8903
28-MAY-2025,532102,37.29,39.24,-0.0510,0.0321,0.0323,0.6171
28-MAY-2025,532113,8.80,8.85,-0.0057,0.0375,0.0374,0.7145
28-MAY-2025,532123,7.21,7.10,0.0154,0.0355,0.0354,0.6763
28-MAY-2025,532124,22.99,22.46,0.0233,0.0338,0.0337,0.6438
28-MAY-2025,532131,25.59,25.09,0.0197,0.0181,0.0181,0.3458
28-MAY-2025,532140,3.24,3.30,-0.0183,0.0441,0.0440,0.8406
28-MAY-2025,532145,14.03,13.98,0.0036,0.0316,0.0315,0.6018
28-MAY-2025,532154,0.91,0.91,0.0000,0.0516,0.0515,0.9839
28-MAY-2025,532159,10.61,11.05,-0.0406,0.0391,0.0391,0.7470
28-MAY-2025,532160,17.28,16.91,0.0216,0.0311,0.0310,0.5923
28-MAY-2025,532164,1.10,1.10,0.0000,0.0331,0.0331,0.6324
28-MAY-2025,532167,28.00,29.00,-0.0351,0.0101,0.0103,0.1968
28-MAY-2025,532183,8.20,8.15,0.0061,0.0330,0.0329,0.6286
28-MAY-2025,532217,10.65,10.86,-0.0195,0.0350,0.0350,0.6687
28-MAY-2025,532230,146.75,141.00,0.0400,0.0301,0.0302,0.5770
28-MAY-2025,532262,1240.00,1240.00,0.0000,0.0261,0.0260,0.4967
28-MAY-2025,532275,1.90,1.90,0.0000,0.0252,0.0251,0.4795
28-MAY-2025,532284,52.80,51.04,0.0339,0.0311,0.0311,0.5942
28-MAY-2025,532303,5.58,5.32,0.0477,0.0352,0.0353,0.6744
28-MAY-2025,532304,71.50,75.00,-0.0478,0.0369,0.0370,0.7069
28-MAY-2025,532315,7.25,7.48,-0.0312,0.0370,0.0370,0.7069
28-MAY-2025,532320,13.44,13.26,0.0135,0.0420,0.0419,0.8005
28-MAY-2025,532323,29.90,29.99,-0.0030,0.0288,0.0287,0.5483
28-MAY-2025,532329,988.35,1008.50,-0.0202,0.0399,0.0399,0.7623
28-MAY-2025,532333,88.52,89.13,-0.0069,0.0323,0.0322,0.6152
28-MAY-2025,532334,90.83,90.70,0.0014,0.0317,0.0316,0.6037
28-MAY-2025,532340,3.28,3.18,0.0310,0.0525,0.0524,1.0011
28-MAY-2025,532344,231.20,229.65,0.0067,0.0328,0.0328,0.6266
28-MAY-2025,532350,4.18,4.15,0.0072,0.0344,0.0343,0.6553
28-MAY-2025,532354,5.51,5.25,0.0483,0.0422,0.0422,0.8062
28-MAY-2025,532355,7.05,7.06,-0.0014,0.0364,0.0363,0.6935
28-MAY-2025,532362,127.00,128.95,-0.0152,0.0391,0.0391,0.7470
28-MAY-2025,532373,31.25,30.82,0.0139,0.0351,0.0350,0.6687
28-MAY-2025,532378,4.77,4.76,0.0021,0.0327,0.0326,0.6228
28-MAY-2025,532379,6.80,6.80,0.0000,0.0339,0.0338,0.6457
28-MAY-2025,532380,9.30,9.20,0.0108,0.0331,0.0331,0.6324
28-MAY-2025,532384,150.55,147.95,0.0174,0.0241,0.0241,0.4604
28-MAY-2025,532397,16.73,15.94,0.0484,0.0421,0.0422,0.8062
28-MAY-2025,532402,11.27,11.09,0.0161,0.0331,0.0330,0.6305
28-MAY-2025,532404,44.63,44.41,0.0049,0.0234,0.0234,0.4471
28-MAY-2025,532410,24.75,24.63,0.0049,0.0348,0.0347,0.6629
28-MAY-2025,532425,28.48,27.89,0.0209,0.0382,0.0382,0.7298
28-MAY-2025,532435,10.12,9.87,0.0250,0.0284,0.0284,0.5426
28-MAY-2025,532455,20.82,20.35,0.0228,0.0345,0.0345,0.6591
28-MAY-2025,532467,45.67,46.24,-0.0124,0.0364,0.0363,0.6935
28-MAY-2025,532468,2728.80,2707.50,0.0078,0.0184,0.0184,0.3515
28-MAY-2025,532485,82.49,82.60,-0.0013,0.0222,0.0222,0.4241
28-MAY-2025,532503,928.90,956.05,-0.0288,0.0241,0.0242,0.4623
28-MAY-2025,532645,3.23,3.43,-0.0601,0.0393,0.0394,0.7527
28-MAY-2025,532656,3.63,3.70,-0.0191,0.0334,0.0333,0.6362
28-MAY-2025,532676,11.42,12.02,-0.0512,0.0400,0.0401,0.7661
28-MAY-2025,532701,12.48,11.89,0.0484,0.0322,0.0323,0.6171
28-MAY-2025,532723,44.45,42.34,0.0486,0.0367,0.0368,0.7031
28-MAY-2025,532742,4629.40,4625.15,0.0009,0.0243,0.0242,0.4623
28-MAY-2025,532744,9.51,9.37,0.0148,0.0362,0.0361,0.6897
28-MAY-2025,532745,6.85,6.53,0.0478,0.0350,0.0351,0.6706
28-MAY-2025,532766,1.65,1.66,-0.0060,0.0340,0.0339,0.6477
28-MAY-2025,532806,43.03,41.42,0.0381,0.0467,0.0466,0.8903
28-MAY-2025,532820,17.92,18.25,-0.0182,0.0334,0.0333,0.6362
28-MAY-2025,532825,8.92,8.99,-0.0078,0.0327,0.0326,0.6228
28-MAY-2025,532829,269.80,272.45,-0.0098,0.0329,0.0328,0.6266
28-MAY-2025,532855,191.55,189.45,0.0110,0.0368,0.0367,0.7012
28-MAY-2025,532879,304.65,284.75,0.0676,0.0323,0.0326,0.6228
28-MAY-2025,532893,240.10,235.40,0.0198,0.0278,0.0278,0.5311
28-MAY-2025,532911,15.52,16.33,-0.0509,0.0303,0.0304,0.5808
28-MAY-2025,532918,35.06,35.33,-0.0077,0.0338,0.0338,0.6457
28-MAY-2025,532933,44.88,45.00,-0.0027,0.0329,0.0328,0.6266
28-MAY-2025,532957,103.64,105.75,-0.0202,0.0315,0.0315,0.6018
28-MAY-2025,532975,10.82,11.04,-0.0201,0.0302,0.0301,0.5751
28-MAY-2025,532985,88.00,88.27,-0.0031,0.0107,0.0107,0.2044
28-MAY-2025,532992,31.00,31.33,-0.0106,0.0351,0.0351,0.6706
28-MAY-2025,533007,12.88,12.99,-0.0085,0.0304,0.0303,0.5789
28-MAY-2025,533014,66.84,66.92,-0.0012,0.0369,0.0368,0.7031
28-MAY-2025,533018,3860.40,3676.60,0.0488,0.1208,0.1206,2.3041
28-MAY-2025,533019,1918.00,2000.00,-0.0419,0.0319,0.0319,0.6094
28-MAY-2025,533056,48.07,47.77,0.0063,0.0336,0.0335,0.6400
28-MAY-2025,533095,7624.90,7731.40,-0.0139,0.0185,0.0185,0.3534
28-MAY-2025,533100,5.76,5.49,0.0480,0.0261,0.0263,0.5025
28-MAY-2025,533101,150.00,150.00,0.0000,0.0346,0.0345,0.6591
28-MAY-2025,533108,41.50,42.27,-0.0184,0.0390,0.0390,0.7451
28-MAY-2025,533110,15.06,14.35,0.0483,0.0426,0.0426,0.8139
28-MAY-2025,533149,11.38,11.92,-0.0464,0.0415,0.0415,0.7929
28-MAY-2025,533170,169.55,176.45,-0.0399,0.0299,0.0300,0.5731
28-MAY-2025,533202,3.21,3.18,0.0094,0.0352,0.0351,0.6706
28-MAY-2025,533212,74.00,73.81,0.0026,0.0326,0.0325,0.6209
28-MAY-2025,533268,6.60,6.60,0.0000,0.0433,0.0432,0.8253
28-MAY-2025,533285,50.47,49.69,0.0156,0.0249,0.0249,0.4757
28-MAY-2025,533289,81.89,80.60,0.0159,0.0379,0.0378,0.7222
28-MAY-2025,533315,71.04,74.77,-0.0512,0.0392,0.0393,0.7508
28-MAY-2025,533407,78.75,75.00,0.0488,0.0338,0.0339,0.6477
28-MAY-2025,533427,36.58,34.84,0.0487,0.0362,0.0363,0.6935
28-MAY-2025,533477,510.00,515.00,-0.0098,0.0240,0.0240,0.4585
28-MAY-2025,533602,1.29,1.32,-0.0230,0.0316,0.0316,0.6037
28-MAY-2025,533608,129.40,129.20,0.0015,0.0359,0.0358,0.6840
28-MAY-2025,533896,22.18,21.31,0.0400,0.0446,0.0446,0.8521
28-MAY-2025,534060,2.36,2.34,0.0085,0.0357,0.0356,0.6801
28-MAY-2025,534063,55.85,58.69,-0.0496,0.0429,0.0429,0.8196
28-MAY-2025,534064,3.81,3.96,-0.0386,0.0327,0.0328,0.6266
28-MAY-2025,534190,3.17,3.18,-0.0031,0.0486,0.0484,0.9247
28-MAY-2025,534338,15.36,15.36,0.0000,0.0309,0.0308,0.5884
28-MAY-2025,534422,5.03,5.00,0.0060,0.0428,0.0427,0.8158
28-MAY-2025,534612,26.56,27.22,-0.0245,0.0329,0.0329,0.6286
28-MAY-2025,534623,54.08,53.62,0.0085,0.0397,0.0396,0.7566
28-MAY-2025,534639,25.74,24.52,0.0486,0.0362,0.0362,0.6916
28-MAY-2025,534691,27.23,27.20,0.0011,0.0315,0.0315,0.6018
28-MAY-2025,534732,8.42,8.56,-0.0165,0.0351,0.0351,0.6706
28-MAY-2025,534733,22.07,21.64,0.0197,0.0430,0.0429,0.8196
28-MAY-2025,534741,0.50,0.50,0.0000,0.0332,0.0331,0.6324
28-MAY-2025,534755,0.73,0.71,0.0278,0.0478,0.0477,0.9113
28-MAY-2025,535204,3.35,3.39,-0.0119,0.0371,0.0370,0.7069
28-MAY-2025,535205,4.70,4.61,0.0193,0.0329,0.0329,0.6286
28-MAY-2025,535267,9.00,9.03,-0.0033,0.0313,0.0312,0.5961
28-MAY-2025,535276,890.57,895.48,-0.0055,0.0082,0.0082,0.1567
28-MAY-2025,535387,39.47,36.00,0.0920,0.0328,0.0334,0.6381
28-MAY-2025,535431,0.88,0.86,0.0230,0.0301,0.0301,0.5751
28-MAY-2025,535514,7.90,7.90,0.0000,0.0267,0.0266,0.5082
28-MAY-2025,535566,103.00,105.35,-0.0226,0.0389,0.0388,0.7413
28-MAY-2025,535621,164.00,171.95,-0.0473,0.0332,0.0332,0.6343
28-MAY-2025,535657,9.60,9.39,0.0221,0.0425,0.0424,0.8101
28-MAY-2025,535667,149.25,146.95,0.0155,0.0442,0.0441,0.8425
28-MAY-2025,535693,70.32,71.70,-0.0194,0.0337,0.0336,0.6419
28-MAY-2025,535719,30.10,29.90,0.0067,0.0336,0.0335,0.6400
28-MAY-2025,535730,0.61,0.61,0.0000,0.0348,0.0347,0.6629
28-MAY-2025,535910,1.27,1.21,0.0484,0.0360,0.0361,0.6897
28-MAY-2025,535916,67.62,69.00,-0.0202,0.0362,0.0362,0.6916
28-MAY-2025,536073,8.23,8.30,-0.0085,0.0374,0.0373,0.7126
28-MAY-2025,536264,57.29,58.33,-0.0180,0.0371,0.0371,0.7088
28-MAY-2025,536493,388.70,393.40,-0.0120,0.0278,0.0277,0.5292
28-MAY-2025,536659,5.01,5.02,-0.0020,0.0357,0.0356,0.6801
28-MAY-2025,536672,5.73,5.75,-0.0035,0.0317,0.0317,0.6056
28-MAY-2025,536709,11.85,11.89,-0.0034,0.0340,0.0339,0.6477
28-MAY-2025,536846,68.42,68.21,0.0031,0.0355,0.0354,0.6763
28-MAY-2025,536974,80.07,80.60,-0.0066,0.0334,0.0334,0.6381
28-MAY-2025,537069,27.92,28.73,-0.0286,0.0363,0.0362,0.6916
28-MAY-2025,537253,75.00,77.85,-0.0373,0.0381,0.0381,0.7279
28-MAY-2025,537254,4.75,4.96,-0.0433,0.0334,0.0334,0.6381
28-MAY-2025,537326,130.05,132.30,-0.0172,0.0345,0.0344,0.6572
28-MAY-2025,537536,113.75,108.95,0.0431,0.0343,0.0343,0.6553
28-MAY-2025,537707,24.94,23.76,0.0485,0.0468,0.0468,0.8941
28-MAY-2025,537709,5.70,5.65,0.0088,0.0305,0.0305,0.5827
28-MAY-2025,537750,249.15,223.40,0.1091,0.0338,0.0346,0.6610
28-MAY-2025,537766,2.06,2.06,0.0000,0.0387,0.0386,0.7375
28-MAY-2025,537800,1.74,1.77,-0.0171,0.0363,0.0362,0.6916
28-MAY-2025,537839,241.70,254.05,-0.0498,0.0354,0.0355,0.6782
28-MAY-2025,537985,42.13,40.84,0.0311,0.0381,0.0381,0.7279
28-MAY-2025,538081,5.19,5.42,-0.0434,0.0392,0.0392,0.7489
28-MAY-2025,538092,127.00,123.25,0.0300,0.0351,0.0351,0.6706
28-MAY-2025,538119,91.30,90.97,0.0036,0.0306,0.0305,0.5827
28-MAY-2025,538212,0.71,0.70,0.0142,0.0370,0.0369,0.7050
28-MAY-2025,538273,36.89,37.16,-0.0073,0.0405,0.0404,0.7718
28-MAY-2025,538351,4.81,4.90,-0.0185,0.0372,0.0371,0.7088
28-MAY-2025,538382,174.70,175.00,-0.0017,0.0290,0.0289,0.5521
28-MAY-2025,538395,83.00,82.65,0.0042,0.0262,0.0262,0.5006
28-MAY-2025,538401,154.05,155.35,-0.0084,0.0375,0.0374,0.7145
28-MAY-2025,538422,0.50,0.51,-0.0198,0.0321,0.0321,0.6133
28-MAY-2025,538446,203.75,205.65,-0.0093,0.0249,0.0249,0.4757
28-MAY-2025,538451,25.97,26.50,-0.0202,0.0314,0.0314,0.5999
28-MAY-2025,538452,0.82,0.83,-0.0121,0.1288,0.1284,2.4531
28-MAY-2025,538464,3.99,3.94,0.0126,0.0525,0.0523,0.9992
28-MAY-2025,538465,14.83,14.15,0.0469,0.0315,0.0316,0.6037
28-MAY-2025,538476,20.72,20.52,0.0097,0.0413,0.0413,0.7890
28-MAY-2025,538521,69.02,66.05,0.0440,0.0341,0.0341,0.6515
28-MAY-2025,538537,26.56,26.04,0.0198,0.0349,0.0348,0.6649
28-MAY-2025,538539,14.80,14.84,-0.0027,0.0386,0.0385,0.7355
28-MAY-2025,538540,3.13,3.28,-0.0468,0.0343,0.0343,0.6553
28-MAY-2025,538542,14.14,13.51,0.0456,0.0379,0.0379,0.7241
28-MAY-2025,538546,111.60,113.55,-0.0173,0.0368,0.0367,0.7012
28-MAY-2025,538556,72.05,75.84,-0.0513,0.0263,0.0265,0.5063
28-MAY-2025,538564,327.90,331.35,-0.0105,0.0315,0.0315,0.6018
28-MAY-2025,538565,129.00,127.50,0.0117,0.0309,0.0308,0.5884
28-MAY-2025,538568,33.16,33.16,0.0000,0.0332,0.0331,0.6324
28-MAY-2025,538569,2.01,2.02,-0.0050,0.0355,0.0354,0.6763
28-MAY-2025,538596,6.39,6.48,-0.0140,0.0356,0.0355,0.6782
28-MAY-2025,538597,10.64,10.71,-0.0066,0.0324,0.0323,0.6171
28-MAY-2025,538598,30.05,30.04,0.0003,0.0381,0.0381,0.7279
28-MAY-2025,538607,1.28,1.34,-0.0458,0.0334,0.0335,0.6400
28-MAY-2025,538609,93.95,93.44,0.0054,0.0366,0.0365,0.6973
28-MAY-2025,538610,23.82,23.75,0.0029,0.0331,0.0330,0.6305
28-MAY-2025,538611,55.96,55.96,0.0000,0.0302,0.0302,0.5770
28-MAY-2025,538634,236.90,235.00,0.0081,0.0304,0.0304,0.5808
28-MAY-2025,538646,53.88,53.25,0.0118,0.0330,0.0329,0.6286
28-MAY-2025,538647,39.16,40.50,-0.0336,0.0341,0.0341,0.6515
28-MAY-2025,538652,3.81,3.81,0.0000,0.0007,0.0007,0.0134
28-MAY-2025,538668,998.90,1013.40,-0.0144,0.0294,0.0294,0.5617
28-MAY-2025,538674,8.78,8.71,0.0080,0.0350,0.0349,0.6668
28-MAY-2025,538683,921.76,922.33,-0.0006,0.0080,0.0080,0.1528
28-MAY-2025,538706,10.61,10.55,0.0057,0.0322,0.0322,0.6152
28-MAY-2025,538707,44.57,45.04,-0.0105,0.0410,0.0409,0.7814
28-MAY-2025,538708,7.51,7.37,0.0188,0.0366,0.0365,0.6973
28-MAY-2025,538713,150.20,152.80,-0.0172,0.0344,0.0343,0.6553
28-MAY-2025,538714,40.05,40.30,-0.0062,0.0317,0.0317,0.6056
28-MAY-2025,538715,382.45,374.65,0.0206,0.0340,0.0339,0.6477
28-MAY-2025,538716,279.50,279.50,0.0000,0.0196,0.0196,0.3745
28-MAY-2025,538732,45.00,44.71,0.0065,0.0330,0.0329,0.6286
28-MAY-2025,538734,1526.10,1496.70,0.0195,0.0389,0.0389,0.7432
28-MAY-2025,538742,37.63,35.84,0.0487,0.0350,0.0351,0.6706
28-MAY-2025,538770,21.31,21.34,-0.0014,0.0395,0.0394,0.7527
28-MAY-2025,538772,50.08,49.64,0.0088,0.0346,0.0346,0.6610
28-MAY-2025,538777,17.37,17.37,0.0000,0.0031,0.0031,0.0592
28-MAY-2025,538778,9.07,9.25,-0.0197,0.0345,0.0345,0.6591
28-MAY-2025,538786,42.94,42.10,0.0198,0.0309,0.0308,0.5884
28-MAY-2025,538787,10.86,10.71,0.0139,0.0451,0.0450,0.8597
28-MAY-2025,538788,13.17,12.65,0.0403,0.0324,0.0324,0.6190
28-MAY-2025,538795,183.25,186.70,-0.0187,0.0296,0.0295,0.5636
28-MAY-2025,538817,15.45,15.44,0.0006,0.0283,0.0282,0.5388
28-MAY-2025,538833,15.23,14.60,0.0422,0.0338,0.0339,0.6477
28-MAY-2025,538834,27.73,27.38,0.0127,0.0371,0.0371,0.7088
28-MAY-2025,538837,39.07,40.33,-0.0317,0.0289,0.0290,0.5540
28-MAY-2025,538838,31.90,30.00,0.0614,0.0394,0.0395,0.7546
28-MAY-2025,538857,5.42,5.44,-0.0037,0.0292,0.0292,0.5579
28-MAY-2025,538860,0.94,0.89,0.0547,0.0307,0.0308,0.5884
28-MAY-2025,538862,27.23,27.78,-0.0200,0.0275,0.0275,0.5254
28-MAY-2025,538863,7.05,7.05,0.0000,0.0000,0.0000,0.0000
28-MAY-2025,538868,16.17,16.50,-0.0202,0.0323,0.0322,0.6152
28-MAY-2025,538874,18.94,18.86,0.0042,0.0322,0.0321,0.6133
28-MAY-2025,538875,3.51,3.57,-0.0169,0.0355,0.0354,0.6763
28-MAY-2025,538881,26.60,26.60,0.0000,0.0306,0.0305,0.5827
28-MAY-2025,538882,91.38,92.81,-0.0155,0.0319,0.0319,0.6094
28-MAY-2025,538890,64.77,67.37,-0.0394,0.0292,0.0293,0.5598
28-MAY-2025,538894,22.99,22.75,0.0105,0.0372,0.0371,0.7088
28-MAY-2025,538895,24.22,23.94,0.0116,0.0368,0.0367,0.7012
28-MAY-2025,538896,483.10,526.10,-0.0853,0.0289,0.0294,0.5617
28-MAY-2025,538918,12.45,12.44,0.0008,0.0318,0.0317,0.6056
28-MAY-2025,538919,22.00,22.00,0.0000,0.0373,0.0372,0.7107
28-MAY-2025,538922,28.60,28.07,0.0187,0.0398,0.0397,0.7585
28-MAY-2025,538923,83.08,80.03,0.0374,0.0372,0.0372,0.7107
28-MAY-2025,538926,343.00,343.85,-0.0025,0.0257,0.0257,0.4910
28-MAY-2025,538928,2.08,2.02,0.0293,0.0330,0.0330,0.6305
28-MAY-2025,538935,67.23,67.23,0.0000,0.0270,0.0270,0.5158
28-MAY-2025,538942,22.81,22.63,0.0079,0.0319,0.0318,0.6075
28-MAY-2025,538943,102.00,106.14,-0.0398,0.0387,0.0387,0.7394
28-MAY-2025,538952,1.47,1.60,-0.0847,0.0426,0.0430,0.8215
28-MAY-2025,538964,861.10,838.95,0.0261,0.0307,0.0307,0.5865
28-MAY-2025,538965,31.35,31.62,-0.0086,0.0322,0.0322,0.6152
28-MAY-2025,538970,16.52,16.65,-0.0078,0.0352,0.0351,0.6706
28-MAY-2025,538975,0.30,0.29,0.0339,0.0287,0.0288,0.5502
28-MAY-2025,538987,610.35,601.75,0.0142,0.0285,0.0284,0.5426
28-MAY-2025,538992,1840.00,1840.00,0.0000,0.0208,0.0208,0.3974
28-MAY-2025,539005,13.33,13.33,0.0000,0.0193,0.0193,0.3687
28-MAY-2025,539011,119.00,116.80,0.0187,0.0264,0.0264,0.5044
28-MAY-2025,539012,124.05,125.00,-0.0076,0.0395,0.0394,0.7527
28-MAY-2025,539013,126.90,126.95,-0.0004,0.0310,0.0309,0.5903
28-MAY-2025,539016,9.14,8.98,0.0177,0.0395,0.0394,0.7527
28-MAY-2025,539017,40.17,40.26,-0.0022,0.0272,0.0272,0.5197
28-MAY-2025,539018,536.35,540.15,-0.0071,0.0254,0.0253,0.4834
28-MAY-2025,539031,284.40,284.97,-0.0020,0.0096,0.0096,0.1834
28-MAY-2025,539032,7.09,6.96,0.0185,0.0400,0.0399,0.7623
28-MAY-2025,539040,10.49,10.29,0.0192,0.0554,0.0552,1.0546
28-MAY-2025,539090,38.55,38.74,-0.0049,0.0345,0.0344,0.6572
28-MAY-2025,539091,1.50,1.51,-0.0066,0.1596,0.1592,3.0415
28-MAY-2025,539096,16.48,15.01,0.0934,0.0362,0.0368,0.7031
28-MAY-2025,539097,6.17,6.21,-0.0065,0.0332,0.0331,0.6324
28-MAY-2025,539110,30.55,29.45,0.0367,0.0298,0.0299,0.5712
28-MAY-2025,539111,18.36,17.49,0.0485,0.0424,0.0425,0.8120
28-MAY-2025,539112,152.55,152.55,0.0000,0.0392,0.0391,0.7470
28-MAY-2025,539113,755.95,763.50,-0.0099,0.0284,0.0283,0.5407
28-MAY-2025,539115,106.45,106.20,0.0024,0.0365,0.0364,0.6954
28-MAY-2025,539117,64.55,66.45,-0.0290,0.0374,0.0374,0.7145
28-MAY-2025,539119,29.32,29.32,0.0000,0.0078,0.0078,0.1490
28-MAY-2025,539120,41.72,39.74,0.0486,0.0296,0.0298,0.5693
28-MAY-2025,539121,203.40,208.00,-0.0224,0.0340,0.0340,0.6496
28-MAY-2025,539123,8.75,8.50,0.0290,0.0347,0.0347,0.6629
28-MAY-2025,539124,24.80,24.12,0.0278,0.0356,0.0355,0.6782
28-MAY-2025,539132,3.88,3.94,-0.0153,0.0283,0.0282,0.5388
28-MAY-2025,539143,7.53,7.60,-0.0093,0.0273,0.0273,0.5216
28-MAY-2025,539149,3.98,3.85,0.0332,0.0346,0.0346,0.6610
28-MAY-2025,539151,27.61,26.80,0.0298,0.0292,0.0292,0.5579
28-MAY-2025,539167,47.04,48.00,-0.0202,0.0528,0.0527,1.0068
28-MAY-2025,539174,18.98,17.43,0.0852,0.0369,0.0373,0.7126
28-MAY-2025,539175,9.64,9.62,0.0021,0.0308,0.0307,0.5865
28-MAY-2025,539176,130.00,130.00,0.0000,0.0340,0.0340,0.6496
28-MAY-2025,539189,18.29,17.41,0.0493,0.0329,0.0330,0.6305
28-MAY-2025,539190,43.50,43.50,0.0000,0.0459,0.0458,0.8750
28-MAY-2025,539195,236.45,242.45,-0.0251,0.0368,0.0368,0.7031
28-MAY-2025,539196,161.65,160.40,0.0078,0.0351,0.0351,0.6706
28-MAY-2025,539199,401.45,399.70,0.0044,0.0288,0.0287,0.5483
28-MAY-2025,539206,50.47,51.50,-0.0202,0.0278,0.0278,0.5311
28-MAY-2025,539216,1.69,1.55,0.0865,0.0365,0.0369,0.7050
28-MAY-2025,539217,0.49,0.48,0.0206,0.0370,0.0370,0.7069
28-MAY-2025,539218,156.00,159.00,-0.0190,0.0338,0.0337,0.6438
28-MAY-2025,539219,11.74,11.98,-0.0202,0.0333,0.0333,0.6362
28-MAY-2025,539220,25.10,25.00,0.0040,0.0210,0.0210,0.4012
28-MAY-2025,539222,2.08,2.03,0.0243,0.0385,0.0385,0.7355
28-MAY-2025,539226,31.20,31.35,-0.0048,0.0371,0.0370,0.7069
28-MAY-2025,539227,277.65,280.95,-0.0118,0.0342,0.0341,0.6515
28-MAY-2025,539228,3.29,3.38,-0.0270,0.0287,0.0287,0.5483
28-MAY-2025,539230,29.51,29.51,0.0000,0.0069,0.0069,0.1318
28-MAY-2025,539246,124.50,124.50,0.0000,0.0287,0.0286,0.5464
28-MAY-2025,539255,817.30,799.80,0.0216,0.0391,0.0390,0.7451
28-MAY-2025,539267,22.40,21.34,0.0485,0.0377,0.0378,0.7222
28-MAY-2025,539275,175.45,174.30,0.0066,0.0282,0.0281,0.5368
28-MAY-2025,539277,0.60,0.60,0.0000,0.0340,0.0339,0.6477
28-MAY-2025,539278,3.10,3.07,0.0097,0.0332,0.0331,0.6324
28-MAY-2025,539288,14.19,14.52,-0.0230,0.0406,0.0406,0.7757
28-MAY-2025,539291,6.15,6.35,-0.0320,0.0319,0.0319,0.6094
28-MAY-2025,539300,1116.35,1064.65,0.0474,0.0258,0.0260,0.4967
28-MAY-2025,539310,0.30,0.29,0.0339,0.0748,0.0746,1.4252
28-MAY-2025,539314,66.99,65.68,0.0197,0.0314,0.0314,0.5999
28-MAY-2025,539353,270.90,271.90,-0.0037,0.0332,0.0331,0.6324
28-MAY-2025,539354,36.99,36.96,0.0008,0.0323,0.0322,0.6152
28-MAY-2025,539378,62.11,63.37,-0.0201,0.0383,0.0382,0.7298
28-MAY-2025,539383,8.59,8.76,-0.0196,0.0349,0.0348,0.6649
28-MAY-2025,539384,28.50,28.50,0.0000,0.0276,0.0276,0.5273
28-MAY-2025,539391,40.39,39.65,0.0185,0.0336,0.0336,0.6419
28-MAY-2025,539393,25.77,25.77,0.0000,0.0016,0.0016,0.0306
28-MAY-2025,539398,86.48,85.65,0.0096,0.0264,0.0263,0.5025
28-MAY-2025,539399,446.40,464.55,-0.0399,0.0358,0.0358,0.6840
28-MAY-2025,539402,7.97,8.27,-0.0370,0.0359,0.0359,0.6859
28-MAY-2025,539405,11.64,11.70,-0.0051,0.0453,0.0451,0.8616
28-MAY-2025,539406,88.80,84.70,0.0473,0.0341,0.0342,0.6534
28-MAY-2025,539408,18.59,17.71,0.0485,0.0294,0.0295,0.5636
28-MAY-2025,539409,17.77,17.77,0.0000,0.0321,0.0321,0.6133
28-MAY-2025,539428,22.36,21.91,0.0203,0.0275,0.0275,0.5254
28-MAY-2025,539434,7.32,7.32,0.0000,0.0035,0.0035,0.0669
28-MAY-2025,539435,42.98,43.12,-0.0033,0.0483,0.0482,0.9209
28-MAY-2025,539449,5.25,5.26,-0.0019,0.0333,0.0332,0.6343
28-MAY-2025,539455,35.15,34.57,0.0166,0.0330,0.0329,0.6286
28-MAY-2025,539468,18.95,18.95,0.0000,0.0005,0.0005,0.0096
28-MAY-2025,539469,210.35,210.50,-0.0007,0.0330,0.0329,0.6286
28-MAY-2025,539470,0.89,0.88,0.0113,0.0316,0.0316,0.6037
28-MAY-2025,539479,872.50,851.10,0.0248,0.0271,0.0271,0.5177
28-MAY-2025,539488,10.00,10.00,0.0000,0.0000,0.0000,0.0000
28-MAY-2025,539492,9.79,9.96,-0.0172,0.0296,0.0296,0.5655
28-MAY-2025,539494,13.82,13.67,0.0109,0.0459,0.0458,0.8750
28-MAY-2025,539495,47.96,46.41,0.0329,0.0331,0.0331,0.6324
28-MAY-2025,539506,0.75,0.72,0.0408,0.0295,0.0296,0.5655
28-MAY-2025,539515,58.35,60.26,-0.0322,0.0264,0.0264,0.5044
28-MAY-2025,539518,166.55,167.70,-0.0069,0.0261,0.0261,0.4986
28-MAY-2025,539519,1.15,1.13,0.0175,0.0375,0.0374,0.7145
28-MAY-2025,539522,48.20,48.23,-0.0006,0.0312,0.0311,0.5942
28-MAY-2025,539526,0.89,0.89,0.0000,0.0294,0.0293,0.5598
28-MAY-2025,539527,603.00,610.05,-0.0116,0.0320,0.0319,0.6094
28-MAY-2025,539528,129.07,126.54,0.0198,0.1034,0.1031,1.9697
28-MAY-2025,539533,406.00,386.70,0.0487,0.0191,0.0193,0.3687
28-MAY-2025,539543,13.12,13.12,0.0000,0.0000,0.0000,0.0000
28-MAY-2025,539544,7.56,7.36,0.0268,0.0357,0.0356,0.6801
28-MAY-2025,539545,40.95,40.95,0.0000,0.0364,0.0363,0.6935
28-MAY-2025,539546,185.50,185.10,0.0022,0.0283,0.0282,0.5388
28-MAY-2025,539552,121.00,119.50,0.0125,0.0417,0.0416,0.7948
28-MAY-2025,539559,4.84,4.85,-0.0021,0.0333,0.0332,0.6343
28-MAY-2025,539560,10.00,10.00,0.0000,0.0000,0.0000,0.0000
28-MAY-2025,539561,1.82,1.85,-0.0163,0.0424,0.0423,0.8081
28-MAY-2025,539562,50.44,51.29,-0.0167,0.0319,0.0318,0.6075
28-MAY-2025,539574,0.41,0.43,-0.0476,0.0352,0.0352,0.6725
28-MAY-2025,539584,0.49,0.47,0.0417,0.0350,0.0350,0.6687
28-MAY-2025,539593,6.99,6.99,0.0000,0.0514,0.0513,0.9801
28-MAY-2025,539594,5.04,5.06,-0.0040,0.0340,0.0339,0.6477
28-MAY-2025,539596,12.50,11.95,0.0450,0.0687,0.0686,1.3106
28-MAY-2025,539598,24.26,24.80,-0.0220,0.0373,0.0373,0.7126
28-MAY-2025,539599,24.31,24.31,0.0000,0.0229,0.0229,0.4375
28-MAY-2025,539607,21.30,20.89,0.0194,0.0389,0.0389,0.7432
28-MAY-2025,539620,25.35,25.66,-0.0122,0.0378,0.0377,0.7203
28-MAY-2025,539621,0.82,0.83,-0.0121,0.0283,0.0283,0.5407
28-MAY-2025,539659,66.00,65.20,0.0122,0.0304,0.0304,0.5808
28-MAY-2025,539661,69.00,68.98,0.0003,0.0290,0.0289,0.5521
28-MAY-2025,539662,13.39,12.87,0.0396,0.0393,0.0393,0.7508
28-MAY-2025,539669,0.56,0.57,-0.0177,0.0327,0.0326,0.6228
28-MAY-2025,539673,2.57,2.45,0.0478,0.0592,0.0591,1.1291
28-MAY-2025,539679,6.90,6.89,0.0015,0.0435,0.0434,0.8292
28-MAY-2025,539681,49.88,49.88,0.0000,0.0121,0.0121,0.2312
28-MAY-2025,539682,652.00,660.00,-0.0122,0.0174,0.0174,0.3324
28-MAY-2025,539683,10.00,10.00,0.0000,0.0000,0.0000,0.0000
28-MAY-2025,539691,10.00,10.00,0.0000,0.0000,0.0000,0.0000
28-MAY-2025,539692,20.50,20.71,-0.0102,0.0399,0.0398,0.7604
28-MAY-2025,539697,53.95,51.40,0.0484,0.0403,0.0403,0.7699
28-MAY-2025,539730,776.50,772.25,0.0055,0.0271,0.0270,0.5158
28-MAY-2025,539760,78.45,76.92,0.0197,0.0352,0.0351,0.6706
28-MAY-2025,539761,10.88,11.29,-0.0370,0.0752,0.0751,1.4348
28-MAY-2025,539762,26.95,26.34,0.0229,0.0330,0.0329,0.6286
28-MAY-2025,539767,20.03,20.00,0.0015,0.0459,0.0458,0.8750
28-MAY-2025,539770,33.06,34.21,-0.0342,0.0264,0.0264,0.5044
28-MAY-2025,539773,1.66,1.64,0.0121,0.0325,0.0324,0.6190
28-MAY-2025,539798,14.22,14.51,-0.0202,0.0345,0.0345,0.6591
28-MAY-2025,539800,6.13,5.91,0.0365,0.0409,0.0408,0.7795
28-MAY-2025,539814,229.05,240.95,-0.0506,0.0328,0.0329,0.6286
28-MAY-2025,539819,4.10,4.10,0.0000,0.0013,0.0013,0.0248
28-MAY-2025,539834,131.20,133.85,-0.0200,0.0346,0.0345,0.6591
28-MAY-2025,539835,1.54,1.62,-0.0506,0.0611,0.0611,1.1673
28-MAY-2025,539841,15.23,15.83,-0.0386,0.0368,0.0368,0.7031
28-MAY-2025,539854,632.60,631.50,0.0017,0.0294,0.0293,0.5598
28-MAY-2025,539875,106.45,109.35,-0.0269,0.0422,0.0422,0.8062
28-MAY-2025,539884,2.47,2.50,-0.0121,0.0398,0.0397,0.7585
28-MAY-2025,539894,14.26,14.31,-0.0035,0.0396,0.0395,0.7546
28-MAY-2025,539895,20.22,19.83,0.0195,0.1436,0.1433,2.7377
28-MAY-2025,539900,9.38,9.72,-0.0356,0.0373,0.0373,0.7126
28-MAY-2025,539911,18.37,18.36,0.0005,0.1385,0.1381,2.6384
28-MAY-2025,539921,85.92,78.11,0.0953,0.0377,0.0382,0.7298
28-MAY-2025,539927,387.10,387.10,0.0000,0.0237,0.0237,0.4528
28-MAY-2025,539938,40.00,37.82,0.0560,0.0304,0.0306,0.5846
28-MAY-2025,539939,47.36,49.11,-0.0363,0.0270,0.0271,0.5177
28-MAY-2025,539946,78.64,86.46,-0.0948,0.0411,0.0415,0.7929
28-MAY-2025,539947,40.57,41.56,-0.0241,0.0341,0.0341,0.6515
28-MAY-2025,539956,3976.95,4022.45,-0.0114,0.0346,0.0345,0.6591
28-MAY-2025,539963,12.34,12.37,-0.0024,0.0305,0.0304,0.5808
28-MAY-2025,539984,1994.05,2205.00,-0.1006,0.0253,0.0262,0.5006
28-MAY-2025,539991,83.78,83.59,0.0023,0.0343,0.0342,0.6534
28-MAY-2025,539997,935.35,933.60,0.0019,0.0350,0.0349,0.6668
28-MAY-2025,540006,6.11,6.18,-0.0114,0.0382,0.0381,0.7279
28-MAY-2025,540023,19.55,20.57,-0.0509,0.0338,0.0339,0.6477
28-MAY-2025,540026,6.06,6.03,0.0050,0.0334,0.0333,0.6362
28-MAY-2025,540062,447.95,456.00,-0.0178,0.0218,0.0218,0.4165
28-MAY-2025,540063,8.16,7.81,0.0438,0.0360,0.0360,0.6878
28-MAY-2025,540066,25.77,25.77,0.0000,0.0017,0.0017,0.0325
28-MAY-2025,540078,114.98,114.91,0.0006,0.0264,0.0264,0.5044
28-MAY-2025,540079,7.06,7.00,0.0085,0.0309,0.0308,0.5884
28-MAY-2025,540080,8.85,8.85,0.0000,0.0310,0.0309,0.5903
28-MAY-2025,540097,38.99,37.50,0.0390,0.0346,0.0346,0.6610
28-MAY-2025,540108,6.18,6.50,-0.0505,0.0357,0.0358,0.6840
28-MAY-2025,540132,9.06,9.41,-0.0379,0.0326,0.0326,0.6228
28-MAY-2025,540134,7.21,7.15,0.0084,0.0440,0.0439,0.8387
28-MAY-2025,540135,1.12,1.08,0.0364,0.0334,0.0334,0.6381
28-MAY-2025,540143,153.00,153.35,-0.0023,0.0302,0.0301,0.5751
28-MAY-2025,540147,7.07,6.81,0.0375,0.0310,0.0310,0.5923
28-MAY-2025,540154,870.50,871.70,-0.0014,0.0146,0.0146,0.2789
28-MAY-2025,540159,3.77,3.95,-0.0466,0.0584,0.0583,1.1138
28-MAY-2025,540168,29.41,29.09,0.0109,0.0271,0.0270,0.5158
28-MAY-2025,540174,22.58,21.13,0.0664,0.0365,0.0367,0.7012
28-MAY-2025,540175,29.41,30.07,-0.0222,0.0344,0.0343,0.6553
28-MAY-2025,540181,42.26,42.26,0.0000,0.0347,0.0346,0.6610
28-MAY-2025,540190,1.99,2.01,-0.0100,0.0441,0.0440,0.8406
28-MAY-2025,540192,20.17,19.90,0.0135,0.0300,0.0300,0.5731
28-MAY-2025,540198,215.05,214.10,0.0044,0.0284,0.0284,0.5426
28-MAY-2025,540199,54.41,53.35,0.0197,0.0148,0.0148,0.2828
28-MAY-2025,540204,53.00,52.90,0.0019,0.0336,0.0335,0.6400
28-MAY-2025,540221,25.42,25.42,0.0000,0.0267,0.0266,0.5082
28-MAY-2025,540243,1.69,1.77,-0.0463,0.1341,0.1338,2.5562
28-MAY-2025,540252,9.04,9.05,-0.0011,0.0399,0.0398,0.7604
28-MAY-2025,540254,35.30,36.23,-0.0260,0.0394,0.0393,0.7508
28-MAY-2025,540266,35.12,34.14,0.0283,0.0364,0.0364,0.6954
28-MAY-2025,540267,7.16,6.51,0.0952,0.0398,0.0403,0.7699
28-MAY-2025,540270,10.00,10.00,0.0000,0.0000,0.0000,0.0000
28-MAY-2025,540310,22.80,21.94,0.0384,0.0393,0.0393,0.7508
28-MAY-2025,540318,10.00,10.00,0.0000,0.0000,0.0000,0.0000
28-MAY-2025,540359,45.50,44.85,0.0144,0.0428,0.0427,0.8158
28-MAY-2025,540360,7.00,6.97,0.0043,0.0401,0.0400,0.7642
28-MAY-2025,540361,4.98,4.95,0.0060,0.0372,0.0371,0.7088
28-MAY-2025,540377,0.79,0.79,0.0000,0.0338,0.0337,0.6438
28-MAY-2025,540386,0.71,0.71,0.0000,0.0380,0.0379,0.7241
28-MAY-2025,540395,139.55,141.15,-0.0114,0.0314,0.0314,0.5999
28-MAY-2025,540401,11.44,11.32,0.0105,0.0299,0.0298,0.5693
28-MAY-2025,540405,51.49,52.59,-0.0211,0.0428,0.0427,0.8158
28-MAY-2025,540455,98.56,96.63,0.0198,0.0246,0.0246,0.4700
28-MAY-2025,540467,10.00,10.00,0.0000,0.0000,0.0000,0.0000
28-MAY-2025,540481,30.10,30.00,0.0033,0.0317,0.0317,0.6056
28-MAY-2025,540492,6.74,6.72,0.0030,0.0882,0.0879,1.6793
28-MAY-2025,540515,10.34,10.88,-0.0509,0.0400,0.0400,0.7642
28-MAY-2025,540519,59.63,59.72,-0.0015,0.0331,0.0331,0.6324
28-MAY-2025,540545,12.21,12.38,-0.0138,0.0322,0.0321,0.6133
28-MAY-2025,540570,8.50,8.10,0.0482,0.0371,0.0372,0.7107
28-MAY-2025,540590,57.80,57.33,0.0082,0.0302,0.0302,0.5770
28-MAY-2025,540597,46.65,46.65,0.0000,0.0308,0.0307,0.5865
28-MAY-2025,540614,0.64,0.65,-0.0155,0.0364,0.0363,0.6935
28-MAY-2025,540615,6.56,5.97,0.0942,0.0327,0.0333,0.6362
28-MAY-2025,540654,16.61,16.38,0.0139,0.0342,0.0341,0.6515
28-MAY-2025,540686,135.65,136.35,-0.0051,0.0285,0.0284,0.5426
28-MAY-2025,540693,8.03,8.12,-0.0111,0.0293,0.0293,0.5598
28-MAY-2025,540694,29.06,29.65,-0.0201,0.0292,0.0292,0.5579
28-MAY-2025,540696,6.01,5.94,0.0117,0.0533,0.0531,1.0145
28-MAY-2025,540703,22.27,21.84,0.0195,0.0345,0.0345,0.6591
28-MAY-2025,540717,65.22,64.78,0.0068,0.0397,0.0396,0.7566
28-MAY-2025,540726,201.00,200.45,0.0027,0.0289,0.0288,0.5502
28-MAY-2025,540727,30.84,30.34,0.0163,0.0329,0.0328,0.6266
28-MAY-2025,540728,284.00,289.10,-0.0178,0.0336,0.0335,0.6400
28-MAY-2025,540730,21.50,21.57,-0.0033,0.1465,0.1461,2.7912
28-MAY-2025,540737,613.45,612.40,0.0017,0.0313,0.0312,0.5961
28-MAY-2025,540738,13.30,13.25,0.0038,0.0315,0.0315,0.6018
28-MAY-2025,540786,19.92,20.12,-0.0100,0.0346,0.0345,0.6591
28-MAY-2025,540788,54.00,55.30,-0.0238,0.0378,0.0377,0.7203
28-MAY-2025,540796,94.00,93.00,0.0107,0.0320,0.0319,0.6094
28-MAY-2025,540809,24.25,23.10,0.0486,0.0313,0.0314,0.5999
28-MAY-2025,540821,2.72,2.74,-0.0073,0.0223,0.0222,0.4241
28-MAY-2025,540829,43.91,44.80,-0.0201,0.0320,0.0319,0.6094
28-MAY-2025,540874,73.50,74.90,-0.0189,0.0317,0.0316,0.6037
28-MAY-2025,540904,136.00,130.20,0.0436,0.0277,0.0278,0.5311
28-MAY-2025,540914,4.81,4.59,0.0468,0.0406,0.0406,0.7757
28-MAY-2025,540936,4.60,4.61,-0.0022,0.0294,0.0293,0.5598
28-MAY-2025,540953,3.42,3.48,-0.0174,0.0309,0.0308,0.5884
28-MAY-2025,540954,42.66,41.83,0.0196,0.0300,0.0299,0.5712
28-MAY-2025,540955,8.94,8.94,0.0000,0.0348,0.0347,0.6629
28-MAY-2025,540956,23.00,23.39,-0.0168,0.0288,0.0287,0.5483
28-MAY-2025,540980,38655.75,37000.00,0.0438,0.0330,0.0331,0.6324
28-MAY-2025,541005,72.12,73.11,-0.0136,0.0316,0.0315,0.6018
28-MAY-2025,541096,1184.80,1163.80,0.0179,0.0292,0.0291,0.5560
28-MAY-2025,541133,45.60,45.60,0.0000,0.0002,0.0002,0.0038
28-MAY-2025,541144,103.62,102.82,0.0078,0.0371,0.0370,0.7069
28-MAY-2025,541228,301.85,300.30,0.0051,0.0444,0.0443,0.8464
28-MAY-2025,541338,9.37,9.26,0.0118,0.0278,0.0278,0.5311
28-MAY-2025,541347,7.53,7.54,-0.0013,0.0293,0.0293,0.5598
28-MAY-2025,541358,601.00,601.00,0.0000,0.0268,0.0268,0.5120
28-MAY-2025,541444,28.29,28.00,0.0103,0.0347,0.0346,0.6610
28-MAY-2025,541503,70.00,70.00,0.0000,0.0316,0.0315,0.6018
28-MAY-2025,541601,0.92,0.92,0.0000,0.0353,0.0352,0.6725
28-MAY-2025,541627,6.86,7.00,-0.0202,0.0368,0.0367,0.7012
28-MAY-2025,541633,12.58,12.58,0.0000,0.0000,0.0000,0.0000
28-MAY-2025,541634,26.10,27.18,-0.0405,0.0363,0.0363,0.6935
28-MAY-2025,541702,3.53,3.50,0.0085,0.0283,0.0282,0.5388
28-MAY-2025,541735,3.00,2.99,0.0033,0.0672,0.0670,1.2800
28-MAY-2025,541741,145.00,146.60,-0.0110,0.0338,0.0337,0.6438
28-MAY-2025,541771,2.28,2.31,-0.0131,0.0325,0.0325,0.6209
28-MAY-2025,541778,51.23,52.03,-0.0155,0.0296,0.0296,0.5655
28-MAY-2025,541865,10.95,10.82,0.0119,0.0371,0.0370,0.7069
28-MAY-2025,541890,2.42,2.46,-0.0164,0.0342,0.0342,0.6534
28-MAY-2025,541972,887.16,886.60,0.0006,0.0116,0.0115,0.2197
28-MAY-2025,542012,561.50,568.10,-0.0117,0.0169,0.0168,0.3210
28-MAY-2025,542013,202.45,204.10,-0.0081,0.0194,0.0193,0.3687
28-MAY-2025,542019,20.50,20.71,-0.0102,0.0360,0.0359,0.6859
28-MAY-2025,542034,17.28,16.94,0.0199,0.0324,0.0324,0.6190
28-MAY-2025,542046,7.69,7.49,0.0264,0.0298,0.0297,0.5674
28-MAY-2025,542057,96.49,96.45,0.0004,0.0346,0.0345,0.6591
28-MAY-2025,542123,153.00,153.95,-0.0062,0.0397,0.0396,0.7566
28-MAY-2025,542176,18.88,18.99,-0.0058,0.0431,0.0430,0.8215
28-MAY-2025,542206,3.56,3.51,0.0141,0.0322,0.0321,0.6133
28-MAY-2025,542248,21.55,21.19,0.0168,0.0376,0.0376,0.7183
28-MAY-2025,542332,6.49,6.49,0.0000,0.0080,0.0080,0.1528
28-MAY-2025,542376,120.95,126.95,-0.0484,0.0241,0.0243,0.4643
28-MAY-2025,542459,112.67,112.23,0.0039,0.0293,0.0292,0.5579
28-MAY-2025,542543,84.50,84.50,0.0000,0.0115,0.0115,0.2197
28-MAY-2025,542544,10.00,10.00,0.0000,0.0000,0.0000,0.0000
28-MAY-2025,542579,6.98,6.98,0.0000,0.0315,0.0314,0.5999
28-MAY-2025,542627,43.45,46.05,-0.0581,0.0424,0.0425,0.8120
28-MAY-2025,542628,214.45,222.95,-0.0389,0.0431,0.0431,0.8234
28-MAY-2025,542654,18.04,18.76,-0.0391,0.0326,0.0326,0.6228
28-MAY-2025,542666,6.45,6.20,0.0395,0.0290,0.0290,0.5540
28-MAY-2025,542669,53.82,53.79,0.0006,0.0328,0.0328,0.6266
28-MAY-2025,542670,22.69,22.49,0.0089,0.0311,0.0310,0.5923
28-MAY-2025,542679,134.15,136.85,-0.0199,0.0461,0.0460,0.8788
28-MAY-2025,542682,69.54,69.54,0.0000,0.0370,0.0369,0.7050
28-MAY-2025,542694,229.15,235.00,-0.0252,0.0472,0.0471,0.8998
28-MAY-2025,542721,260.00,260.00,0.0000,0.0316,0.0315,0.6018
28-MAY-2025,542724,1.62,1.55,0.0442,0.0393,0.0393,0.7508
28-MAY-2025,542747,86.52,86.56,-0.0005,0.0122,0.0122,0.2331
28-MAY-2025,542753,2.85,2.85,0.0000,0.0312,0.0311,0.5942
28-MAY-2025,542770,111.14,113.40,-0.0201,0.0336,0.0336,0.6419
28-MAY-2025,542802,2.54,2.53,0.0039,0.0285,0.0285,0.5445
28-MAY-2025,542803,13.96,13.30,0.0484,0.0359,0.0360,0.6878
28-MAY-2025,542862,16.07,14.64,0.0932,0.0368,0.0373,0.7126
28-MAY-2025,542864,31.47,31.47,0.0000,0.0037,0.0037,0.0707
28-MAY-2025,542865,16.71,17.05,-0.0201,0.0368,0.0367,0.7012
28-MAY-2025,542866,52.50,55.25,-0.0511,0.0579,0.0579,1.1062
28-MAY-2025,542906,51.41,51.41,0.0000,0.0218,0.0217,0.4146
28-MAY-2025,542911,630.00,630.00,0.0000,0.0296,0.0295,0.5636
28-MAY-2025,542918,15.92,16.28,-0.0224,0.0346,0.0345,0.6591
28-MAY-2025,542938,59.85,63.00,-0.0513,0.0405,0.0406,0.7757
28-MAY-2025,543171,2.53,2.55,-0.0079,0.0282,0.0281,0.5368
28-MAY-2025,543207,12.56,12.19,0.0299,0.0357,0.0356,0.6801
28-MAY-2025,543208,10.74,10.45,0.0274,0.0321,0.0320,0.6114
28-MAY-2025,543211,35.42,36.26,-0.0234,0.0392,0.0391,0.7470
28-MAY-2025,543225,145.01,148.00,-0.0204,0.0184,0.0184,0.3515
28-MAY-2025,543229,300.00,290.00,0.0339,0.0467,0.0467,0.8922
28-MAY-2025,543230,1587.10,1592.40,-0.0033,0.0375,0.0374,0.7145
28-MAY-2025,543284,120.35,114.65,0.0485,0.0363,0.0364,0.6954
28-MAY-2025,543341,9.80,9.80,0.0000,0.0394,0.0393,0.7508
28-MAY-2025,543376,78.99,79.00,-0.0001,0.0399,0.0398,0.7604
28-MAY-2025,543531,43.95,46.73,-0.0613,0.0348,0.0349,0.6668
28-MAY-2025,543590,18.10,17.86,0.0133,0.0331,0.0330,0.6305
28-MAY-2025,543737,774.95,750.00,0.0327,0.0315,0.0315,0.6018
28-MAY-2025,543766,399.75,392.95,0.0172,0.0335,0.0334,0.6381
28-MAY-2025,543860,155.10,152.10,0.0195,0.0352,0.0352,0.6725
28-MAY-2025,543914,28.63,29.21,-0.0201,0.0278,0.0278,0.5311
28-MAY-2025,543925,144.00,144.00,0.0000,0.0099,0.0098,0.1872
28-MAY-2025,543927,48.39,48.84,-0.0093,0.0306,0.0305,0.5827
28-MAY-2025,543934,357.00,345.65,0.0323,0.0278,0.0278,0.5311
28-MAY-2025,543976,38.37,40.21,-0.0468,0.0369,0.0370,0.7069
28-MAY-2025,543993,258.00,263.20,-0.0200,0.0238,0.0237,0.4528
28-MAY-2025,544005,120.00,110.00,0.0870,0.0035,0.0071,0.1356
28-MAY-2025,544080,1230.50,1171.95,0.0488,0.0244,0.0246,0.4700
28-MAY-2025,544090,856.25,859.15,-0.0034,0.0259,0.0258,0.4929
28-MAY-2025,544112,529.60,543.85,-0.0266,0.0249,0.0249,0.4757
28-MAY-2025,544185,72.15,72.59,-0.0061,0.0264,0.0263,0.5025
28-MAY-2025,544186,176.05,177.50,-0.0082,0.0278,0.0277,0.5292
28-MAY-2025,544191,44.07,43.85,0.0050,0.0466,0.0465,0.8884
28-MAY-2025,544205,595.25,591.40,0.0065,0.0216,0.0216,0.4127
28-MAY-2025,544295,1001000.00,1000000.00,0.0010,0.0028,0.0028,0.0535
28-MAY-2025,544308,48.08,49.06,-0.0202,0.0205,0.0205,0.3917
28-MAY-2025,544346,123.10,120.69,0.0198,0.0182,0.0182,0.3477
28-MAY-2025,544361,11.20,10.99,0.0189,0.0174,0.0174,0.3324
28-MAY-2025,544371,127.75,130.35,-0.0201,0.0232,0.0232,0.4432
28-MAY-2025,5PAISA,411.95,407.30,0.0114,0.0247,0.0246,0.4700
28-MAY-2025,63MOONS,830.40,815.10,0.0186,0.0357,0.0356,0.6801
28-MAY-2025,750979,0.09,0.09,0.0000,0.0522,0.0520,0.9935
28-MAY-2025,750984,0.12,0.19,-0.4595,0.0493,0.0589,1.1253
28-MAY-2025,750985,1.17,0.84,0.3314,0.0000,0.0234,0.4471
28-MAY-2025,750986,0.19,0.31,-0.4895,0.0000,0.0346,0.6610
28-MAY-2025,750987,0.08,0.13,-0.4855,0.0000,0.0343,0.6553
28-MAY-2025,890197,4.05,4.13,-0.0196,0.0281,0.0281,0.5368
28-MAY-2025,890213,4.33,4.13,0.0473,0.0155,0.0158,0.3019
28-MAY-2025,A2ZINFRA,17.97,17.54,0.0242,0.0352,0.0351,0.6706
28-MAY-2025,AAATECH,85.91,85.35,0.0065,0.0307,0.0306,0.5846
28-MAY-2025,AADHARHFC,439.65,445.10,-0.0123,0.0205,0.0205,0.3917
28-MAY-2025,AAKASH,8.40,8.29,0.0132,0.0301,0.0300,0.5731
28-MAY-2025,AAREYDRUGS,54.51,53.60,0.0168,0.0311,0.0311,0.5942
28-MAY-2025,AARON,405.80,423.60,-0.0429,0.0289,0.0290,0.5540
28-MAY-2025,AARTECH,61.11,62.00,-0.0145,0.0303,0.0302,0.5770
28-MAY-2025,AARTIDRUGS,471.70,470.20,0.0032,0.0259,0.0258,0.4929
28-MAY-2025,AARTIIND,478.95,478.45,0.0010,0.0243,0.0242,0.4623
28-MAY-2025,AARTIPHARM,873.00,880.55,-0.0086,0.0296,0.0295,0.5636
28-MAY-2025,AARTISURF,576.50,575.80,0.0012,0.0283,0.0283,0.5407
28-MAY-2025,AARVEEDEN,133.36,135.14,-0.0133,0.0273,0.0272,0.5197
28-MAY-2025,AARVI,124.48,110.96,0.1150,0.0264,0.0275,0.5254
28-MAY-2025,AASHRIT,74.00,74.00,0.0000,0.0040,0.0040,0.0764
28-MAY-2025,AAVAS,1806.60,1773.40,0.0185,0.0193,0.0193,0.3687
28-MAY-2025,ABAN,46.38,44.18,0.0486,0.0293,0.0294,0.5617
28-MAY-2025,ABB,6015.00,6014.50,0.0001,0.0226,0.0225,0.4299
28-MAY-2025,ABBOTINDIA,30120.00,30415.00,-0.0097,0.0148,0.0147,0.2808
28-MAY-2025,ABCAPITAL,219.01,221.03,-0.0092,0.0220,0.0219,0.4184
28-MAY-2025,ABDL,396.00,405.10,-0.0227,0.0217,0.0217,0.4146
28-MAY-2025,ABFRL,87.00,87.95,-0.0109,0.0229,0.0229,0.4375
28-MAY-2025,ABGSEC,111.09,110.74,0.0032,0.0042,0.0042,0.0802
28-MAY-2025,ABINFRA,134.36,134.14,0.0016,0.0268,0.0267,0.5101
28-MAY-2025,ABMINTLLTD,49.11,50.00,-0.0180,0.0360,0.0359,0.6859
28-MAY-2025,ABREL,2222.10,2225.50,-0.0015,0.0290,0.0289,0.5521
28-MAY-2025,ABSLAMC,735.80,723.10,0.0174,0.0227,0.0227,0.4337
28-MAY-2025,ABSLBANETF,56.20,56.18,0.0004,0.0100,0.0099,0.1891
28-MAY-2025,ABSLLIQUID,1000.00,999.99,0.0000,0.0000,0.0000,0.0000
28-MAY-2025,ABSLNN50ET,69.71,70.20,-0.0070,0.0124,0.0123,0.2350
28-MAY-2025,ABSLPSE,10.18,10.15,0.0030,0.0132,0.0131,0.2503
28-MAY-2025,ACC,1920.10,1936.80,-0.0087,0.0180,0.0180,0.3439
28-MAY-2025,ACCELYA,1397.60,1397.70,-0.0001,0.0204,0.0204,0.3897
28-MAY-2025,ACCURACY,8.54,8.46,0.0094,0.0316,0.0315,0.6018
28-MAY-2025,ACCUVANT,10.15,10.15,0.0000,0.0000,0.0000,0.0000
28-MAY-2025,ACE,1247.90,1301.40,-0.0420,0.0291,0.0291,0.5560
28-MAY-2025,ACEINTEG,27.37,26.76,0.0225,0.0351,0.0351,0.6706
28-MAY-2025,ACESTONE,9.45,9.45,0.0000,0.0000,0.0000,0.0000
28-MAY-2025,ACI,629.05,630.20,-0.0018,0.0260,0.0259,0.4948
28-MAY-2025,ACL,63.02,60.88,0.0345,0.0252,0.0252,0.4814
28-MAY-2025,ACLGATI,69.08,69.54,-0.0066,0.0278,0.0278,0.5311
28-MAY-2025,ACMESOLAR,253.97,246.10,0.0315,0.0250,0.0251,0.4795
28-MAY-2025,ADANIENSOL,869.00,879.10,-0.0116,0.0348,0.0347,0.6629
28-MAY-2025,ADANIENT,2515.00,2540.30,-0.0100,0.0302,0.0301,0.5751
28-MAY-2025,ADANIGREEN,1001.85,1012.95,-0.0110,0.0350,0.0350,0.6687
28-MAY-2025,ADANIPORTS,1411.00,1404.20,0.0048,0.0242,0.0242,0.4623
28-MAY-2025,ADANIPOWER,550.70,552.55,-0.0034,0.0299,0.0298,0.5693
28-MAY-2025,ADFFOODS,231.75,231.29,0.0020,0.0306,0.0305,0.5827
28-MAY-2025,ADL,88.73,89.99,-0.0141,0.0355,0.0355,0.6782
28-MAY-2025,ADOR,972.05,979.45,-0.0076,0.0232,0.0232,0.4432
28-MAY-2025,ADROITINFO,11.01,11.10,-0.0081,0.0347,0.0346,0.6610
28-MAY-2025,ADSL,213.06,198.30,0.0718,0.0351,0.0354,0.6763
28-MAY-2025,ADVANIHOTR,62.24,62.23,0.0002,0.0246,0.0245,0.4681
28-MAY-2025,ADVENZYMES,308.70,306.00,0.0088,0.0242,0.0241,0.4604
28-MAY-2025,AEGISLOG,800.15,809.25,-0.0113,0.0344,0.0343,0.6553
28-MAY-2025,AEROFLEX,167.02,167.81,-0.0047,0.0315,0.0315,0.6018
28-MAY-2025,AETHER,746.00,749.35,-0.0045,0.0200,0.0200,0.3821
28-MAY-2025,AFCONS,427.70,431.70,-0.0093,0.0198,0.0197,0.3764
28-MAY-2025,AFDIL,145.50,145.50,0.0000,0.0000,0.0000,0.0000
28-MAY-2025,AFFLE,1736.90,1677.40,0.0349,0.0226,0.0227,0.4337
28-MAY-2025,AFFORDABLE,419.20,428.30,-0.0215,0.0313,0.0313,0.5980
28-MAY-2025,AFIL,8.07,8.10,-0.0037,0.0333,0.0332,0.6343
28-MAY-2025,AFSL,215.82,219.30,-0.0160,0.0306,0.0305,0.5827
28-MAY-2025,AGARIND,971.15,978.80,-0.0078,0.0290,0.0290,0.5540
28-MAY-2025,AGARWALEYE,352.80,375.25,-0.0617,0.0116,0.0124,0.2369
28-MAY-2025,AGI,860.45,869.15,-0.0101,0.0326,0.0326,0.6228
28-MAY-2025,AGIIL,821.55,869.65,-0.0569,0.0276,0.0278,0.5311
28-MAY-2025,AGRITECH,164.88,160.38,0.0277,0.0358,0.0358,0.6840
28-MAY-2025,AGROPHOS,33.69,33.47,0.0066,0.0335,0.0334,0.6381
28-MAY-2025,AGSTRA,5.40,5.29,0.0206,0.0374,0.0373,0.7126
28-MAY-2025,AHLADA,67.38,66.26,0.0168,0.0315,0.0315,0.6018
28-MAY-2025,AHLEAST,140.98,141.88,-0.0064,0.0256,0.0255,0.4872
28-MAY-2025,AHLUCONT,931.15,934.75,-0.0039,0.0245,0.0244,0.4662
28-MAY-2025,AIAENG,3388.00,3390.80,-0.0008,0.0156,0.0155,0.2961
28-MAY-2025,AIIL,2322.20,2224.90,0.0428,0.0369,0.0369,0.7050
28-MAY-2025,AIRAN,28.02,27.95,0.0025,0.0328,0.0327,0.6247
28-MAY-2025,AIROLAM,94.62,95.30,-0.0072,0.0301,0.0300,0.5731
28-MAY-2025,AJANTPHARM,2589.40,2590.60,-0.0005,0.0223,0.0223,0.4260
28-MAY-2025,AJAXENGG,659.25,685.85,-0.0396,0.0154,0.0156,0.2980
28-MAY-2025,AJMERA,786.30,790.75,-0.0056,0.0318,0.0317,0.6056
28-MAY-2025,AJOONI,5.91,5.93,-0.0034,0.0316,0.0315,0.6018
28-MAY-2025,AKASH,29.35,29.03,0.0110,0.0334,0.0334,0.6381
28-MAY-2025,AKG,15.32,15.10,0.0145,0.0293,0.0293,0.5598
28-MAY-2025,AKI,7.89,8.05,-0.0201,0.0286,0.0286,0.5464
28-MAY-2025,AKSHAR,0.60,0.60,0.0000,0.0317,0.0316,0.6037
28-MAY-2025,AKSHARCHEM,260.36,264.01,-0.0139,0.0285,0.0284,0.5426
28-MAY-2025,AKSHOPTFBR,9.11,9.38,-0.0292,0.0381,0.0381,0.7279
28-MAY-2025,AKUMS,576.45,577.35,-0.0016,0.0249,0.0249,0.4757
28-MAY-2025,AKZOINDIA,3374.00,3423.20,-0.0145,0.0217,0.0217,0.4146
28-MAY-2025,ALANKIT,14.46,14.77,-0.0212,0.0295,0.0295,0.5636
28-MAY-2025,ALBERTDAVD,809.55,807.20,0.0029,0.0293,0.0292,0.5579
28-MAY-2025,ALEMBICLTD,111.78,111.89,-0.0010,0.0274,0.0274,0.5235
28-MAY-2025,ALICON,912.80,915.85,-0.0033,0.0282,0.0281,0.5368
28-MAY-2025,ALIVUS,1070.70,1081.20,-0.0098,0.0266,0.0265,0.5063
28-MAY-2025,ALKALI,100.08,101.32,-0.0123,0.0325,0.0325,0.6209
28-MAY-2025,ALKEM,5264.50,5266.00,-0.0003,0.0158,0.0158,0.3019
28-MAY-2025,ALKYLAMINE,1904.40,1897.20,0.0038,0.0215,0.0214,0.4088
28-MAY-2025,ALLCARGO,30.88,30.35,0.0173,0.0259,0.0259,0.4948
28-MAY-2025,ALLDIGI,918.50,937.10,-0.0200,0.0246,0.0245,0.4681
28-MAY-2025,ALMONDZ,20.18,20.16,0.0010,0.0329,0.0328,0.6266
28-MAY-2025,ALOKINDS,20.19,18.75,0.0740,0.0308,0.0312,0.5961
28-MAY-2025,ALPA,115.71,112.08,0.0319,0.0301,0.0301,0.5751
28-MAY-2025,ALPHA,48.50,48.34,0.0033,0.0150,0.0149,0.2847
28-MAY-2025,ALPHAETF,24.13,24.24,-0.0045,0.0137,0.0137,0.2617
28-MAY-2025,ALPHAGEO,260.46,262.98,-0.0096,0.0335,0.0334,0.6381
28-MAY-2025,ALPL30IETF,27.18,27.30,-0.0044,0.0091,0.0091,0.1739
28-MAY-2025,ALPSINDUS,2.39,2.37,0.0084,0.0365,0.0364,0.6954
28-MAY-2025,AMARKANTAK,11.95,11.95,0.0000,0.0000,0.0000,0.0000
28-MAY-2025,AMARVAN,10.00,10.00,0.0000,0.0000,0.0000,0.0000
28-MAY-2025,AMBER,6446.00,6472.00,-0.0040,0.0323,0.0322,0.6152
28-MAY-2025,AMBICAAGAR,30.46,30.65,-0.0062,0.0315,0.0315,0.6018
28-MAY-2025,AMBIKCO,1510.90,1519.50,-0.0057,0.0206,0.0205,0.3917
28-MAY-2025,AMBUJACEM,561.65,562.70,-0.0019,0.0206,0.0205,0.3917
28-MAY-2025,AMDIND,53.56,50.86,0.0517,0.0349,0.0350,0.6687
28-MAY-2025,AMIORG,1180.30,1167.40,0.0110,0.0306,0.0305,0.5827
28-MAY-2025,AMJLAND,56.53,56.61,-0.0014,0.0339,0.0338,0.6457
28-MAY-2025,AMNPLST,223.94,227.32,-0.0150,0.0345,0.0344,0.6572
28-MAY-2025,AMRUTANJAN,719.70,728.10,-0.0116,0.0204,0.0203,0.3878
28-MAY-2025,ANANDRATHI,1899.00,1936.80,-0.0197,0.0196,0.0196,0.3745
28-MAY-2025,ANANTRAJ,516.70,521.05,-0.0084,0.0374,0.0373,0.7126
28-MAY-2025,ANDHRAPAP,79.83,80.01,-0.0023,0.0214,0.0213,0.4069
28-MAY-2025,ANDHRSUGAR,78.11,77.46,0.0084,0.0224,0.0223,0.4260
28-MAY-2025,ANGELONE,3018.20,3012.90,0.0018,0.0327,0.0326,0.6228
28-MAY-2025,ANIKINDS,110.85,109.82,0.0093,0.0322,0.0321,0.6133
28-MAY-2025,ANKITMETAL,2.34,2.40,-0.0253,0.0314,0.0313,0.5980
28-MAY-2025,ANMOL,17.15,18.08,-0.0528,0.0308,0.0310,0.5923
28-MAY-2025,ANSALAPI,3.96,4.04,-0.0200,0.0296,0.0296,0.5655
28-MAY-2025,ANTGRAPHIC,1.04,1.03,0.0097,0.0344,0.0343,0.6553
28-MAY-2025,ANUHPHR,213.37,211.20,0.0102,0.0283,0.0282,0.5388
28-MAY-2025,ANUP,2815.20,2824.00,-0.0031,0.0332,0.0331,0.6324
28-MAY-2025,ANURAS,991.05,990.70,0.0004,0.0196,0.0196,0.3745
28-MAY-2025,ANZEN,114.00,114.00,0.0000,0.0080,0.0079,0.1509
28-MAY-2025,AONELIQUID,1009.98,1009.84,0.0001,0.0001,0.0001,0.0019
28-MAY-2025,AONENIFTY,10.08,10.33,-0.0245,0.0000,0.0017,0.0325
28-MAY-2025,AONETOTAL,11.50,11.51,-0.0009,0.0056,0.0056,0.1070
28-MAY-2025,APARINDS,7839.00,7645.50,0.0250,0.0324,0.0324,0.6190
28-MAY-2025,APCL,137.77,138.14,-0.0027,0.0310,0.0309,0.5903
28-MAY-2025,APCOTEXIND,354.00,359.35,-0.0150,0.0216,0.0215,0.4108
28-MAY-2025,APEX,222.70,221.38,0.0059,0.0290,0.0289,0.5521
28-MAY-2025,APLAPOLLO,1835.30,1843.50,-0.0045,0.0201,0.0200,0.3821
28-MAY-2025,APLLTD,988.50,993.05,-0.0046,0.0245,0.0244,0.4662
28-MAY-2025,APOLLO,177.30,155.81,0.1292,0.0364,0.0374,0.7145
28-MAY-2025,APOLLOHOSP,6956.50,7073.50,-0.0167,0.0143,0.0144,0.2751
28-MAY-2025,APOLLOPIPE,470.20,471.90,-0.0036,0.0276,0.0275,0.5254
28-MAY-2025,APOLLOTYRE,493.85,494.00,-0.0003,0.0185,0.0185,0.3534
28-MAY-2025,APOLSINHOT,1308.40,1317.40,-0.0069,0.0308,0.0307,0.5865
28-MAY-2025,APTECHT,169.98,165.54,0.0265,0.0344,0.0344,0.6572
28-MAY-2025,APTUS,340.20,343.25,-0.0089,0.0202,0.0201,0.3840
28-MAY-2025,ARCHIDPLY,95.72,97.59,-0.0193,0.0350,0.0349,0.6668
28-MAY-2025,ARCHIES,21.68,19.24,0.1194,0.0335,0.0344,0.6572
28-MAY-2025,ARE&M,1057.15,1048.05,0.0086,0.0234,0.0234,0.4471
28-MAY-2025,ARENTERP,48.64,51.07,-0.0488,0.0395,0.0395,0.7546
28-MAY-2025,ARIES,299.65,300.90,-0.0042,0.0322,0.0321,0.6133
28-MAY-2025,ARIHANTCAP,71.61,70.38,0.0173,0.0344,0.0343,0.6553
28-MAY-2025,ARIHANTSUP,366.70,364.60,0.0057,0.0302,0.0302,0.5770
28-MAY-2025,ARKADE,186.33,177.41,0.0491,0.0238,0.0240,0.4585
28-MAY-2025,ARMANFIN,1527.80,1504.10,0.0156,0.0291,0.0291,0.5560
28-MAY-2025,AROGRANITE,37.81,38.68,-0.0227,0.0281,0.0281,0.5368
28-MAY-2025,ARROWGREEN,592.90,604.25,-0.0190,0.0357,0.0357,0.6820
28-MAY-2025,ARSHIYA,2.83,2.84,-0.0035,0.0331,0.0330,0.6305
28-MAY-2025,ARTEMISMED,274.05,279.10,-0.0183,0.0289,0.0288,0.5502
28-MAY-2025,ARTNIRMAN,47.86,46.99,0.0183,0.0347,0.0347,0.6629
28-MAY-2025,ARVEE,175.00,177.90,-0.0164,0.0357,0.0357,0.6820
28-MAY-2025,ARVIND,363.50,363.15,0.0010,0.0284,0.0283,0.5407
28-MAY-2025,ARVINDFASN,447.50,452.25,-0.0106,0.0256,0.0255,0.4872
28-MAY-2025,ARVSMART,689.95,698.05,-0.0117,0.0305,0.0304,0.5808
28-MAY-2025,ASAHIINDIA,721.80,742.80,-0.0287,0.0229,0.0229,0.4375
28-MAY-2025,ASAHISONG,435.90,438.95,-0.0070,0.0333,0.0332,0.6343
28-MAY-2025,ASAL,490.70,491.05,-0.0007,0.0336,0.0335,0.6400
28-MAY-2025,ASALCBR,1095.80,1099.40,-0.0033,0.0354,0.0353,0.6744
28-MAY-2025,ASHAPURMIN,395.15,397.25,-0.0053,0.0371,0.0370,0.7069
28-MAY-2025,ASHIANA,304.65,301.25,0.0112,0.0284,0.0283,0.5407
28-MAY-2025,ASHIMASYN,31.75,32.71,-0.0298,0.0422,0.0422,0.8062
28-MAY-2025,ASHOKA,217.59,212.79,0.0223,0.0304,0.0304,0.5808
28-MAY-2025,ASHOKAMET,19.37,18.40,0.0514,0.0320,0.0322,0.6152
28-MAY-2025,ASHOKLEY,238.63,239.62,-0.0041,0.0198,0.0197,0.3764
28-MAY-2025,ASIANENE,304.60,314.10,-0.0307,0.0384,0.0384,0.7336
28-MAY-2025,ASIANHOTNR,374.45,367.95,0.0175,0.0289,0.0288,0.5502
28-MAY-2025,ASIANPAINT,2303.20,2327.60,-0.0105,0.0133,0.0133,0.2541
28-MAY-2025,ASIANTILES,53.29,53.24,0.0009,0.0295,0.0294,0.5617
28-MAY-2025,ASKAUTOLTD,427.70,435.30,-0.0176,0.0233,0.0233,0.4451
28-MAY-2025,ASMS,15.32,15.81,-0.0315,0.0388,0.0388,0.7413
28-MAY-2025,ASPINWALL,304.80,301.95,0.0094,0.0314,0.0313,0.5980
28-MAY-2025,ASTEC,668.50,693.65,-0.0369,0.0286,0.0287,0.5483
28-MAY-2025,ASTERDM,542.70,548.90,-0.0114,0.0216,0.0215,0.4108
28-MAY-2025,ASTRAL,1524.90,1527.40,-0.0016,0.0181,0.0180,0.3439
28-MAY-2025,ASTRAMICRO,1163.75,1091.60,0.0640,0.0277,0.0280,0.5349
28-MAY-2025,ASTRAZEN,7885.00,7905.50,-0.0026,0.0249,0.0249,0.4757
28-MAY-2025,ASTRON,20.40,20.01,0.0193,0.0289,0.0289,0.5521
28-MAY-2025,ATALREAL,16.24,16.01,0.0143,0.0282,0.0281,0.5368
28-MAY-2025,ATAM,100.07,101.16,-0.0108,0.0315,0.0315,0.6018
28-MAY-2025,ATGL,673.00,674.30,-0.0019,0.0313,0.0312,0.5961
28-MAY-2025,ATHERENERG,315.45,321.70,-0.0196,0.0051,0.0052,0.0993
28-MAY-2025,ATL,28.84,28.39,0.0157,0.0273,0.0273,0.5216
28-MAY-2025,ATLANTAA,36.57,36.32,0.0069,0.0330,0.0329,0.6286
28-MAY-2025,ATLASCYCLE,149.10,142.00,0.0488,0.0519,0.0519,0.9915
28-MAY-2025,ATUL,7129.50,7032.00,0.0138,0.0195,0.0195,0.3725
28-MAY-2025,ATULAUTO,483.65,486.00,-0.0048,0.0296,0.0295,0.5636
28-MAY-2025,AUBANK,706.45,701.20,0.0075,0.0208,0.0207,0.3955
28-MAY-2025,AURIONPRO,1353.40,1356.90,-0.0026,0.0340,0.0340,0.6496
28-MAY-2025,AUROPHARMA,1147.80,1191.20,-0.0371,0.0191,0.0192,0.3668
28-MAY-2025,AURUM,198.21,202.99,-0.0238,0.0313,0.0313,0.5980
28-MAY-2025,AUSOMENT,115.67,115.67,0.0000,0.0356,0.0355,0.6782
28-MAY-2025,AUTOAXLES,1786.60,1778.50,0.0045,0.0170,0.0170,0.3248
28-MAY-2025,AUTOBEES,239.70,241.23,-0.0064,0.0121,0.0121,0.2312
28-MAY-2025,AUTOIETF,23.96,24.11,-0.0062,0.0120,0.0119,0.2273
28-MAY-2025,AUTOIND,90.21,91.79,-0.0174,0.0345,0.0344,0.6572
28-MAY-2025,AVADHSUGAR,544.45,531.50,0.0241,0.0286,0.0286,0.5464
28-MAY-2025,AVALON,870.85,844.05,0.0313,0.0317,0.0317,0.6056
28-MAY-2025,AVANTEL,146.77,138.93,0.0549,0.0275,0.0277,0.5292
28-MAY-2025,AVANTIFEED,862.60,849.65,0.0151,0.0297,0.0297,0.5674
28-MAY-2025,AVG,295.45,299.83,-0.0147,0.0304,0.0304,0.5808
28-MAY-2025,AVL,409.20,415.20,-0.0146,0.0288,0.0287,0.5483
28-MAY-2025,AVONMORE,22.03,21.60,0.0197,0.0347,0.0346,0.6610
28-MAY-2025,AVROIND,186.08,185.20,0.0047,0.0324,0.0323,0.6171
28-MAY-2025,AVTNPL,66.83,66.66,0.0025,0.0229,0.0229,0.4375
28-MAY-2025,AWFIS,634.85,662.75,-0.0430,0.0241,0.0242,0.4623
28-MAY-2025,AWHCL,613.35,622.80,-0.0153,0.0293,0.0292,0.5579
28-MAY-2025,AWL,263.55,267.60,-0.0153,0.0263,0.0262,0.5006
28-MAY-2025,AXISBANK,1194.70,1195.60,-0.0008,0.0153,0.0153,0.2923
28-MAY-2025,AXISBNKETF,566.88,564.22,0.0047,0.0098,0.0098,0.1872
28-MAY-2025,AXISBPSETF,12.68,12.66,0.0016,0.0020,0.0020,0.0382
28-MAY-2025,AXISCADES,994.35,946.90,0.0489,0.0358,0.0358,0.6840
28-MAY-2025,AXISCETF,116.77,116.86,-0.0008,0.0109,0.0108,0.2063
28-MAY-2025,AXISGOLD,80.69,80.04,0.0081,0.0096,0.0096,0.1834
28-MAY-2025,AXISHCETF,141.39,142.37,-0.0069,0.0115,0.0115,0.2197
28-MAY-2025,AXISILVER,98.58,97.37,0.0124,0.0132,0.0132,0.2522
28-MAY-2025,AXISNIFTY,269.99,270.76,-0.0028,0.0085,0.0085,0.1624
28-MAY-2025,AXISTECETF,401.80,403.94,-0.0053,0.0137,0.0137,0.2617
28-MAY-2025,AXISVALUE,28.01,28.21,-0.0071,0.0070,0.0070,0.1337
28-MAY-2025,AXITA,9.55,9.58,-0.0031,0.0230,0.0230,0.4394
28-MAY-2025,AXSENSEX,83.09,83.38,-0.0035,0.0100,0.0099,0.1891
28-MAY-2025,AYMSYNTEX,214.81,204.59,0.0487,0.0318,0.0319,0.6094
28-MAY-2025,AZAD,1776.90,1768.70,0.0046,0.0292,0.0291,0.5560
28-MAY-2025,BAFNAPH,75.53,75.75,-0.0029,0.0268,0.0267,0.5101
28-MAY-2025,BAGFILMS,6.65,6.67,-0.0030,0.0345,0.0344,0.6572
28-MAY-2025,BAIDFIN,10.62,10.80,-0.0168,0.0319,0.0319,0.6094
28-MAY-2025,BAJAJ-AUTO,8849.00,8963.00,-0.0128,0.0178,0.0178,0.3401
28-MAY-2025,BAJAJCON,177.37,180.94,-0.0199,0.0199,0.0199,0.3802
28-MAY-2025,BAJAJELEC,669.75,682.35,-0.0186,0.0219,0.0219,0.4184
28-MAY-2025,BAJAJFINSV,2022.20,2029.90,-0.0038,0.0168,0.0167,0.3191
28-MAY-2025,BAJAJHCARE,556.85,561.05,-0.0075,0.0372,0.0371,0.7088
28-MAY-2025,BAJAJHFL,123.76,123.70,0.0005,0.0181,0.0181,0.3458
28-MAY-2025,BAJAJHIND,24.01,23.56,0.0189,0.0326,0.0325,0.6209
28-MAY-2025,BAJAJHLDNG,13617.00,13802.00,-0.0135,0.0229,0.0229,0.4375
28-MAY-2025,BAJAJINDEF,243.42,225.08,0.0783,0.0157,0.0166,0.3171
28-MAY-2025,BAJEL,212.79,212.56,0.0011,0.0327,0.0326,0.6228
28-MAY-2025,BAJFINANCE,9267.50,9171.00,0.0105,0.0168,0.0167,0.3191
28-MAY-2025,BALAJEE,48.26,49.06,-0.0164,0.0216,0.0216,0.4127
28-MAY-2025,BALAJITELE,84.19,82.79,0.0168,0.0336,0.0335,0.6400
28-MAY-2025,BALAMINES,1491.60,1458.40,0.0225,0.0242,0.0242,0.4623
28-MAY-2025,BALAXI,50.97,51.98,-0.0196,0.0333,0.0332,0.6343
28-MAY-2025,BALKRISHNA,20.19,20.49,-0.0147,0.0330,0.0329,0.6286
28-MAY-2025,BALKRISIND,2478.00,2478.60,-0.0002,0.0188,0.0188,0.3592
28-MAY-2025,BALMLAWRIE,212.17,212.87,-0.0033,0.0266,0.0266,0.5082
28-MAY-2025,BALPHARMA,99.48,99.38,0.0010,0.0331,0.0330,0.6305
28-MAY-2025,BALRAMCHIN,579.40,558.15,0.0374,0.0239,0.0240,0.4585
28-MAY-2025,BALUFORGE,670.80,671.35,-0.0008,0.0374,0.0373,0.7126
28-MAY-2025,BANARBEADS,124.99,126.70,-0.0136,0.0280,0.0280,0.5349
28-MAY-2025,BANARISUG,4257.00,4264.00,-0.0016,0.0217,0.0216,0.4127
28-MAY-2025,BANCOINDIA,553.60,545.10,0.0155,0.0386,0.0385,0.7355
28-MAY-2025,BANDHANBNK,169.20,168.95,0.0015,0.0240,0.0239,0.4566
28-MAY-2025,BANG,53.52,53.17,0.0066,0.0348,0.0347,0.6629
28-MAY-2025,BANKA,70.41,68.94,0.0211,0.0351,0.0351,0.6706
28-MAY-2025,BANKBARODA,243.03,241.51,0.0063,0.0214,0.0214,0.4088
28-MAY-2025,BANKBEES,568.20,568.23,-0.0001,0.0095,0.0095,0.1815
28-MAY-2025,BANKBETF,55.73,55.85,-0.0022,0.0110,0.0110,0.2102
28-MAY-2025,BANKETF,558.27,559.32,-0.0019,0.0094,0.0093,0.1777
28-MAY-2025,BANKETFADD,56.29,56.26,0.0005,0.0100,0.0100,0.1910
28-MAY-2025,BANKIETF,56.29,56.32,-0.0005,0.0099,0.0099,0.1891
28-MAY-2025,BANKINDIA,119.94,116.72,0.0272,0.0235,0.0235,0.4490
28-MAY-2025,BANKNIFTY1,569.49,568.97,0.0009,0.0100,0.0100,0.1910
28-MAY-2025,BANKPSU,68.11,67.51,0.0088,0.0127,0.0127,0.2426
28-MAY-2025,BANSALWIRE,361.50,365.40,-0.0107,0.0208,0.0208,0.3974
28-MAY-2025,BANSWRAS,148.93,146.21,0.0184,0.0261,0.0261,0.4986
28-MAY-2025,BARBEQUE,299.25,304.25,-0.0166,0.0258,0.0257,0.4910
28-MAY-2025,BASF,5323.30,5240.70,0.0156,0.0269,0.0268,0.5120
28-MAY-2025,BASML,35.52,32.77,0.0806,0.0316,0.0320,0.6114
28-MAY-2025,BATAINDIA,1276.70,1278.70,-0.0016,0.0152,0.0151,0.2885
28-MAY-2025,BAYERCROP,5715.40,5674.10,0.0073,0.0201,0.0201,0.3840
28-MAY-2025,BBETF0432,1284.22,1282.20,0.0016,0.0021,0.0021,0.0401
28-MAY-2025,BBL,2979.40,2985.60,-0.0021,0.0342,0.0341,0.6515
28-MAY-2025,BBNPNBETF,55.48,55.30,0.0032,0.0084,0.0084,0.1605
28-MAY-2025,BBNPPGOLD,93.80,93.45,0.0037,0.0093,0.0093,0.1777
28-MAY-2025,BBOX,473.90,477.00,-0.0065,0.0334,0.0333,0.6362
28-MAY-2025,BBTC,2030.20,1992.70,0.0186,0.0284,0.0283,0.5407
28-MAY-2025,BBTCL,156.60,160.53,-0.0248,0.0245,0.0245,0.4681
28-MAY-2025,BCLIND,41.13,40.55,0.0142,0.0289,0.0289,0.5521
28-MAY-2025,BCONCEPTS,341.05,334.70,0.0188,0.0341,0.0340,0.6496
28-MAY-2025,BDL,1917.10,1960.10,-0.0222,0.0311,0.0311,0.5942
28-MAY-2025,BEARDSELL,30.25,30.36,-0.0036,0.0359,0.0358,0.6840
28-MAY-2025,BECTORFOOD,1503.70,1505.70,-0.0013,0.0249,0.0249,0.4757
28-MAY-2025,BEDMUTHA,159.16,159.54,-0.0024,0.0302,0.0301,0.5751
28-MAY-2025,BEL,390.45,385.40,0.0130,0.0227,0.0226,0.4318
28-MAY-2025,BELRISE,97.41,100.00,-0.0262,0.0000,0.0019,0.0363
28-MAY-2025,BEML,4237.40,4327.80,-0.0211,0.0339,0.0338,0.6457
28-MAY-2025,BEPL,112.61,112.99,-0.0034,0.0277,0.0276,0.5273
28-MAY-2025,BERGEPAINT,552.85,551.35,0.0027,0.0164,0.0163,0.3114
28-MAY-2025,BESTAGRO,332.35,337.00,-0.0139,0.0330,0.0329,0.6286
28-MAY-2025,BFINVEST,512.10,511.45,0.0013,0.0295,0.0294,0.5617
28-MAY-2025,BFSI,27.22,27.11,0.0040,0.0104,0.0104,0.1987
28-MAY-2025,BFUTILITIE,752.50,747.00,0.0073,0.0352,0.0352,0.6725
28-MAY-2025,BGRENERGY,116.72,119.10,-0.0202,0.0339,0.0338,0.6457
28-MAY-2025,BHAGCHEM,327.80,304.60,0.0734,0.0271,0.0275,0.5254
28-MAY-2025,BHAGERIA,186.76,183.01,0.0203,0.0305,0.0305,0.5827
28-MAY-2025,BHAGYANGR,78.74,80.08,-0.0169,0.0302,0.0302,0.5770
28-MAY-2025,BHANDARI,5.48,5.50,-0.0036,0.0323,0.0322,0.6152
28-MAY-2025,BHARATFORG,1249.20,1250.40,-0.0010,0.0218,0.0217,0.4146
28-MAY-2025,BHARATGEAR,89.67,89.15,0.0058,0.0253,0.0253,0.4834
28-MAY-2025,BHARATRAS,9750.00,9962.50,-0.0216,0.0268,0.0268,0.5120
28-MAY-2025,BHARATSE,101.15,102.53,-0.0136,0.0363,0.0362,0.6916
28-MAY-2025,BHARATWIRE,183.29,187.74,-0.0240,0.0348,0.0348,0.6649
28-MAY-2025,BHARTIARTL,1856.10,1843.80,0.0066,0.0144,0.0144,0.2751
28-MAY-2025,BHARTIHEXA,1785.00,1730.60,0.0310,0.0238,0.0238,0.4547
28-MAY-2025,BHEL,266.61,260.17,0.0245,0.0277,0.0277,0.5292
28-MAY-2025,BIGBLOC,68.12,67.90,0.0032,0.0331,0.0330,0.6305
28-MAY-2025,BIKAJI,744.00,734.75,0.0125,0.0239,0.0238,0.4547
28-MAY-2025,BIL,708.00,708.00,0.0000,0.0334,0.0333,0.6362
28-MAY-2025,BINANIIND,14.83,15.28,-0.0299,0.0413,0.0413,0.7890
28-MAY-2025,BIOCON,334.35,335.05,-0.0021,0.0230,0.0229,0.4375
28-MAY-2025,BIOFILCHEM,49.45,46.39,0.0639,0.0316,0.0318,0.6075
28-MAY-2025,BIRET,303.00,299.81,0.0106,0.0117,0.0116,0.2216
28-MAY-2025,BIRLACABLE,184.81,187.30,-0.0134,0.0330,0.0329,0.6286
28-MAY-2025,BIRLACORPN,1377.10,1405.80,-0.0206,0.0244,0.0243,0.4643
28-MAY-2025,BIRLAMONEY,170.83,172.96,-0.0124,0.0339,0.0338,0.6457
28-MAY-2025,BIRLANU,2320.00,2346.30,-0.0113,0.0197,0.0197,0.3764
28-MAY-2025,BIUL,52.35,52.35,0.0000,0.0657,0.0655,1.2514
28-MAY-2025,BLACKBUCK,446.50,459.90,-0.0296,0.0263,0.0263,0.5025
28-MAY-2025,BLAL,209.00,207.41,0.0076,0.0258,0.0257,0.4910
28-MAY-2025,BLBLIMITED,15.03,14.66,0.0249,0.0328,0.0328,0.6266
28-MAY-2025,BLISSGVS,132.29,130.32,0.0150,0.0326,0.0325,0.6209
28-MAY-2025,BLKASHYAP,71.80,72.42,-0.0086,0.0323,0.0322,0.6152
28-MAY-2025,BLS,415.65,409.15,0.0158,0.0305,0.0304,0.5808
28-MAY-2025,BLSE,206.72,208.41,-0.0081,0.0285,0.0284,0.5426
28-MAY-2025,BLUECOAST,25.96,26.48,-0.0198,0.0778,0.0776,1.4825
28-MAY-2025,BLUEDART,6756.50,6812.50,-0.0083,0.0205,0.0204,0.3897
28-MAY-2025,BLUEJET,878.25,840.85,0.0435,0.0296,0.0297,0.5674
28-MAY-2025,BLUESTARCO,1555.50,1551.30,0.0027,0.0247,0.0246,0.4700
28-MAY-2025,BODALCHEM,77.44,76.65,0.0103,0.0280,0.0279,0.5330
28-MAY-2025,BOHRAIND,36.26,37.00,-0.0202,0.0260,0.0259,0.4948
28-MAY-2025,BOMDYEING,154.52,151.77,0.0180,0.0299,0.0299,0.5712
28-MAY-2025,BORANA,244.55,255.15,-0.0424,0.0000,0.0030,0.0573
28-MAY-2025,BOROLTD,352.70,350.65,0.0058,0.0259,0.0258,0.4929
28-MAY-2025,BORORENEW,542.50,544.40,-0.0035,0.0285,0.0284,0.5426
28-MAY-2025,BOROSCI,140.83,143.22,-0.0168,0.0233,0.0233,0.4451
28-MAY-2025,BOSCHLTD,31630.00,32485.00,-0.0267,0.0151,0.0152,0.2904
28-MAY-2025,BPCL,321.70,317.00,0.0147,0.0192,0.0192,0.3668
28-MAY-2025,BPL,85.28,85.02,0.0031,0.0343,0.0342,0.6534
28-MAY-2025,BRIGADE,1086.70,1077.30,0.0087,0.0240,0.0240,0.4585
28-MAY-2025,BRITANNIA,5473.00,5496.50,-0.0043,0.0131,0.0131,0.2503
28-MAY-2025,BRNL,23.37,23.60,-0.0098,0.0324,0.0324,0.6190
28-MAY-2025,BROOKS,130.06,132.69,-0.0200,0.0358,0.0357,0.6820
28-MAY-2025,BSE,2404.00,2404.00,0.0000,0.0369,0.0368,0.7031
28-MAY-2025,BSE500IETF,38.27,38.54,-0.0070,0.0095,0.0095,0.1815
28-MAY-2025,BSHSL,133.63,137.94,-0.0317,0.0300,0.0300,0.5731
28-MAY-2025,BSL,156.00,158.50,-0.0159,0.0332,0.0332,0.6343
28-MAY-2025,BSLGOLDETF,84.61,84.31,0.0036,0.0102,0.0101,0.1930
28-MAY-2025,BSLNIFTY,28.54,28.58,-0.0014,0.0086,0.0085,0.1624
28-MAY-2025,BSLSENETFG,80.65,80.85,-0.0025,0.0093,0.0093,0.1777
28-MAY-2025,BSOFT,423.30,415.50,0.0186,0.0222,0.0222,0.4241
28-MAY-2025,BTML,7.49,7.86,-0.0482,0.0336,0.0337,0.6438
28-MAY-2025,BUTTERFLY,791.75,770.00,0.0279,0.0277,0.0277,0.5292
28-MAY-2025,BVCL,41.58,40.39,0.0290,0.0303,0.0303,0.5789
28-MAY-2025,BYKE,94.14,94.86,-0.0076,0.0315,0.0314,0.5999
28-MAY-2025,CALSOFT,10.59,10.66,-0.0066,0.0298,0.0298,0.5693
28-MAY-2025,CAMLINFINE,248.93,245.57,0.0136,0.0363,0.0363,0.6935
28-MAY-2025,CAMPUS,287.74,275.04,0.0451,0.0229,0.0231,0.4413
28-MAY-2025,CAMS,3982.40,3976.10,0.0016,0.0252,0.0251,0.4795
28-MAY-2025,CANBK,110.94,108.43,0.0229,0.0217,0.0217,0.4146
28-MAY-2025,CANFINHOME,767.90,775.05,-0.0093,0.0199,0.0199,0.3802
28-MAY-2025,CANTABIL,241.48,242.32,-0.0035,0.0294,0.0293,0.5598
28-MAY-2025,CAPACITE,344.65,355.60,-0.0313,0.0290,0.0290,0.5540
28-MAY-2025,CAPFIN,10.00,10.00,0.0000,0.0000,0.0000,0.0000
28-MAY-2025,CAPINVIT,89.73,88.70,0.0115,0.0065,0.0065,0.1242
28-MAY-2025,CAPITALSFB,288.05,292.65,-0.0158,0.0169,0.0169,0.3229
28-MAY-2025,CAPLIPOINT,2146.10,2171.80,-0.0119,0.0293,0.0292,0.5579
28-MAY-2025,CAPTRUST,98.70,102.08,-0.0337,0.0403,0.0403,0.7699
28-MAY-2025,CARBORUNIV,994.10,998.80,-0.0047,0.0204,0.0203,0.3878
28-MAY-2025,CARERATING,1667.30,1705.50,-0.0227,0.0263,0.0263,0.5025
28-MAY-2025,CARRARO,460.75,450.55,0.0224,0.0304,0.0304,0.5808
28-MAY-2025,CARTRADE,1541.20,1514.20,0.0177,0.0328,0.0328,0.6266
28-MAY-2025,CARYSIL,798.05,790.40,0.0096,0.0324,0.0323,0.6171
28-MAY-2025,CASHIETF,1012.34,1012.20,0.0001,0.0001,0.0001,0.0019
28-MAY-2025,CASTLE,25.35,25.35,0.0000,0.0000,0.0000,0.0000
28-MAY-2025,CASTROLIND,206.54,206.95,-0.0020,0.0247,0.0247,0.4719
28-MAY-2025,CCCL,19.33,20.06,-0.0371,0.0971,0.0969,1.8513
28-MAY-2025,CCHHL,16.07,16.15,-0.0050,0.0348,0.0347,0.6629
28-MAY-2025,CCL,816.60,841.80,-0.0304,0.0254,0.0254,0.4853
28-MAY-2025,CDSL,1519.30,1465.80,0.0358,0.0264,0.0265,0.5063
28-MAY-2025,CEATLTD,3738.90,3736.70,0.0006,0.0236,0.0235,0.4490
28-MAY-2025,CEIGALL,249.05,249.60,-0.0022,0.0177,0.0177,0.3382
28-MAY-2025,CELEBRITY,13.64,13.90,-0.0189,0.0366,0.0366,0.6992
28-MAY-2025,CELLO,622.55,630.45,-0.0126,0.0178,0.0178,0.3401
28-MAY-2025,CENTENKA,467.15,472.50,-0.0114,0.0306,0.0305,0.5827
28-MAY-2025,CENTEXT,19.86,19.72,0.0071,0.0338,0.0337,0.6438
28-MAY-2025,CENTRALBK,37.49,37.33,0.0043,0.0296,0.0295,0.5636
28-MAY-2025,CENTRUM,35.15,33.60,0.0451,0.0348,0.0349,0.6668
28-MAY-2025,CENTUM,2526.20,2516.80,0.0037,0.0386,0.0385,0.7355
28-MAY-2025,CENTURYPLY,775.25,756.20,0.0249,0.0214,0.0214,0.4088
28-MAY-2025,CERA,6383.50,6459.50,-0.0118,0.0219,0.0219,0.4184
28-MAY-2025,CEREBRAINT,5.45,5.35,0.0185,0.0317,0.0317,0.6056
28-MAY-2025,CESC,167.02,167.47,-0.0027,0.0237,0.0237,0.4528
28-MAY-2025,CEWATER,593.95,599.25,-0.0089,0.0281,0.0281,0.5368
28-MAY-2025,CGCL,158.42,158.42,0.0000,0.0305,0.0304,0.5808
28-MAY-2025,CGPOWER,687.75,694.70,-0.0101,0.0254,0.0253,0.4834
28-MAY-2025,CHALET,938.80,920.70,0.0195,0.0225,0.0224,0.4280
28-MAY-2025,CHAMBLFERT,582.20,594.10,-0.0202,0.0257,0.0256,0.4891
28-MAY-2025,CHEMBOND,243.45,248.15,-0.0191,0.0272,0.0272,0.5197
28-MAY-2025,CHEMCON,198.66,199.89,-0.0062,0.0223,0.0223,0.4260
28-MAY-2025,CHEMFAB,826.40,806.50,0.0244,0.0331,0.0331,0.6324
28-MAY-2025,CHEMPLASTS,439.60,440.25,-0.0015,0.0216,0.0216,0.4127
28-MAY-2025,CHENNPETRO,719.05,684.05,0.0499,0.0299,0.0300,0.5731
28-MAY-2025,CHEVIOT,1071.30,1094.40,-0.0213,0.0183,0.0183,0.3496
28-MAY-2025,CHOICEIN,710.90,705.00,0.0083,0.0187,0.0186,0.3554
28-MAY-2025,CHOLAFIN,1647.00,1665.10,-0.0109,0.0219,0.0219,0.4184
28-MAY-2025,CHOLAHLDNG,1953.10,1892.90,0.0313,0.0253,0.0253,0.4834
28-MAY-2025,CIEINDIA,453.05,451.10,0.0043,0.0187,0.0187,0.3573
28-MAY-2025,CIFL,35.00,38.48,-0.0948,0.0332,0.0338,0.6457
28-MAY-2025,CIGNITITEC,1584.70,1582.10,0.0016,0.0243,0.0243,0.4643
28-MAY-2025,CINELINE,91.88,90.53,0.0148,0.0296,0.0296,0.5655
28-MAY-2025,CINEVISTA,14.72,14.90,-0.0122,0.0312,0.0312,0.5961
28-MAY-2025,CIPLA,1468.50,1480.50,-0.0081,0.0153,0.0153,0.2923
28-MAY-2025,CITYGOLD,10.00,10.00,0.0000,0.0000,0.0000,0.0000
28-MAY-2025,CLEAN,1425.70,1424.50,0.0008,0.0203,0.0202,0.3859
28-MAY-2025,CLEDUCATE,88.85,87.96,0.0101,0.0357,0.0356,0.6801
28-MAY-2025,CLSEL,355.20,358.20,-0.0084,0.0298,0.0297,0.5674
28-MAY-2025,CMSINFO,492.65,485.05,0.0155,0.0215,0.0215,0.4108
28-MAY-2025,COALINDIA,398.20,399.95,-0.0044,0.0179,0.0179,0.3420
28-MAY-2025,COASTCORP,41.29,42.59,-0.0310,0.0333,0.0333,0.6362
28-MAY-2025,COCHINSHIP,1952.50,1925.60,0.0139,0.0350,0.0349,0.6668
28-MAY-2025,COFFEEDAY,33.99,32.62,0.0411,0.0360,0.0361,0.6897
28-MAY-2025,COFORGE,8467.00,8459.50,0.0009,0.0239,0.0238,0.4547
28-MAY-2025,COHANCE,1108.80,1092.20,0.0151,0.0229,0.0229,0.4375
28-MAY-2025,COLPAL,2506.80,2486.10,0.0083,0.0162,0.0161,0.3076
28-MAY-2025,COMMOIETF,87.50,87.98,-0.0055,0.0114,0.0114,0.2178
28-MAY-2025,COMPUSOFT,22.06,22.38,-0.0144,0.0376,0.0375,0.7164
28-MAY-2025,COMSYN,105.65,102.70,0.0283,0.0303,0.0303,0.5789
28-MAY-2025,CONCOR,778.05,768.70,0.0121,0.0221,0.0220,0.4203
28-MAY-2025,CONCORDBIO,1635.80,1536.70,0.0625,0.0291,0.0293,0.5598
28-MAY-2025,CONFIPET,60.72,61.60,-0.0144,0.0287,0.0287,0.5483
28-MAY-2025,CONS,117.32,117.09,0.0020,0.0125,0.0125,0.2388
28-MAY-2025,CONSOFINVT,191.06,190.17,0.0047,0.0272,0.0271,0.5177
28-MAY-2025,CONSUMBEES,126.42,127.23,-0.0064,0.0089,0.0089,0.1700
28-MAY-2025,CONSUMER,11.28,11.32,-0.0035,0.0094,0.0093,0.1777
28-MAY-2025,CONSUMIETF,117.48,118.33,-0.0072,0.0092,0.0092,0.1758
28-MAY-2025,CONTROLPR,712.20,731.10,-0.0262,0.0215,0.0216,0.4127
28-MAY-2025,CORALFINAC,47.26,47.96,-0.0147,0.0338,0.0338,0.6457
28-MAY-2025,CORDSCABLE,206.85,194.16,0.0633,0.0363,0.0364,0.6954
28-MAY-2025,COROMANDEL,2408.70,2415.40,-0.0028,0.0190,0.0190,0.3630
28-MAY-2025,COSMOFIRST,1081.05,1081.05,0.0000,0.0358,0.0357,0.6820
28-MAY-2025,COUNCODOS,7.59,7.74,-0.0196,0.0399,0.0398,0.7604
28-MAY-2025,CPCAP,187.30,182.70,0.0249,0.0283,0.0282,0.5388
28-MAY-2025,CPSEETF,92.34,92.45,-0.0012,0.0152,0.0151,0.2885
28-MAY-2025,CRAFTSMAN,5688.90,5712.60,-0.0042,0.0254,0.0253,0.4834
28-MAY-2025,CREATIVE,689.70,686.45,0.0047,0.0312,0.0312,0.5961
28-MAY-2025,CREATIVEYE,6.78,6.51,0.0406,0.0382,0.0382,0.7298
28-MAY-2025,CRED,12.55,12.55,0.0000,0.0054,0.0054,0.1032
28-MAY-2025,CREDITACC,1185.90,1173.90,0.0102,0.0302,0.0301,0.5751
28-MAY-2025,CREST,410.00,412.50,-0.0061,0.0308,0.0307,0.5865
28-MAY-2025,CRISIL,5252.80,5195.30,0.0110,0.0215,0.0215,0.4108
28-MAY-2025,CROMPTON,352.65,357.00,-0.0123,0.0195,0.0195,0.3725
28-MAY-2025,CROWN,184.87,180.60,0.0234,0.0300,0.0300,0.5731
28-MAY-2025,CSBBANK,372.65,361.65,0.0300,0.0195,0.0196,0.3745
28-MAY-2025,CSLFINANCE,322.40,321.65,0.0023,0.0320,0.0319,0.6094
28-MAY-2025,CTE,49.70,49.73,-0.0006,0.0351,0.0350,0.6687
28-MAY-2025,CUB,194.16,193.40,0.0039,0.0197,0.0196,0.3745
28-MAY-2025,CUBEINVIT,120.00,120.00,0.0000,0.0134,0.0134,0.2560
28-MAY-2025,CUBEXTUB,93.77,93.06,0.0076,0.0339,0.0339,0.6477
28-MAY-2025,CUMMINSIND,2976.10,2973.90,0.0007,0.0213,0.0213,0.4069
28-MAY-2025,CUPID,105.11,104.35,0.0073,0.0279,0.0278,0.5311
28-MAY-2025,CURAA,103.92,101.89,0.0197,0.0182,0.0182,0.3477
28-MAY-2025,CYBERMEDIA,15.22,14.55,0.0450,0.0370,0.0370,0.7069
28-MAY-2025,CYBERTECH,156.50,156.42,0.0005,0.0332,0.0331,0.6324
28-MAY-2025,CYIENT,1345.90,1346.60,-0.0005,0.0269,0.0268,0.5120
28-MAY-2025,CYIENTDLM,482.50,486.35,-0.0079,0.0259,0.0258,0.4929
28-MAY-2025,DABUR,484.70,484.15,0.0011,0.0137,0.0136,0.2598
28-MAY-2025,DALBHARAT,2049.90,2064.20,-0.0070,0.0177,0.0177,0.3382
28-MAY-2025,DALMIARF,163.20,163.20,0.0000,0.0025,0.0025,0.0478
28-MAY-2025,DALMIASUG,441.35,430.75,0.0243,0.0297,0.0297,0.5674
28-MAY-2025,DAMCAPITAL,271.98,278.20,-0.0226,0.0248,0.0248,0.4738
28-MAY-2025,DAMODARIND,36.38,36.01,0.0102,0.0290,0.0290,0.5540
28-MAY-2025,DANGEE,4.62,4.72,-0.0214,0.0352,0.0351,0.6706
28-MAY-2025,DATAMATICS,607.60,605.35,0.0037,0.0329,0.0328,0.6266
28-MAY-2025,DATAPATTNS,2845.60,2813.90,0.0112,0.0350,0.0350,0.6687
28-MAY-2025,DAVANGERE,3.69,3.75,-0.0161,0.0282,0.0282,0.5388
28-MAY-2025,DBCORP,248.22,248.34,-0.0005,0.0287,0.0286,0.5464
28-MAY-2025,DBEIL,151.18,147.76,0.0229,0.0244,0.0244,0.4662
28-MAY-2025,DBL,491.05,489.25,0.0037,0.0280,0.0279,0.5330
28-MAY-2025,DBOL,76.60,76.60,0.0000,0.0252,0.0251,0.4795
28-MAY-2025,DBREALTY,190.99,189.47,0.0080,0.0367,0.0366,0.6992
28-MAY-2025,DBSTOCKBRO,29.73,29.61,0.0040,0.0291,0.0290,0.5540
28-MAY-2025,DCAL,267.39,266.80,0.0022,0.0369,0.0368,0.7031
28-MAY-2025,DCBBANK,143.00,142.00,0.0070,0.0206,0.0206,0.3936
28-MAY-2025,DCI,316.25,326.10,-0.0307,0.0345,0.0344,0.6572
28-MAY-2025,DCM,104.62,107.33,-0.0256,0.0303,0.0303,0.5789
28-MAY-2025,DCMFINSERV,7.15,7.53,-0.0518,0.0339,0.0340,0.6496
28-MAY-2025,DCMNVL,177.47,180.03,-0.0143,0.0312,0.0312,0.5961
28-MAY-2025,DCMSHRIRAM,1040.70,1055.15,-0.0138,0.0238,0.0238,0.4547
28-MAY-2025,DCMSRIND,180.75,179.84,0.0050,0.0259,0.0259,0.4948
28-MAY-2025,DCW,78.08,77.10,0.0126,0.0312,0.0311,0.5942
28-MAY-2025,DCXINDIA,313.10,336.15,-0.0710,0.0328,0.0331,0.6324
28-MAY-2025,DDEVPLSTIK,269.95,267.00,0.0110,0.0361,0.0361,0.6897
28-MAY-2025,DECCANCE,768.45,762.15,0.0082,0.0256,0.0255,0.4872
28-MAY-2025,DEEDEV,273.31,266.65,0.0247,0.0288,0.0288,0.5502
28-MAY-2025,DEEPAKFERT,1444.70,1355.40,0.0638,0.0309,0.0311,0.5942
28-MAY-2025,DEEPAKNTR,2000.10,2037.80,-0.0187,0.0221,0.0221,0.4222
28-MAY-2025,DEEPINDS,418.10,422.70,-0.0109,0.0327,0.0326,0.6228
28-MAY-2025,DELHISAFE,48.80,48.80,0.0000,0.0000,0.0000,0.0000
28-MAY-2025,DELHIVERY,358.55,363.10,-0.0126,0.0229,0.0228,0.4356
28-MAY-2025,DELPHIFX,125.00,126.40,-0.0111,0.0297,0.0296,0.5655
28-MAY-2025,DELTACORP,91.03,90.72,0.0034,0.0246,0.0245,0.4681
28-MAY-2025,DELTAMAGNT,98.29,96.52,0.0182,0.0387,0.0386,0.7375
28-MAY-2025,DEN,35.57,34.93,0.0182,0.0255,0.0255,0.4872
28-MAY-2025,DENIMDL,1.10,1.10,0.0000,0.0000,0.0000,0.0000
28-MAY-2025,DENORA,829.70,823.40,0.0076,0.0326,0.0325,0.6209
28-MAY-2025,DENTA,313.40,322.05,-0.0272,0.0209,0.0209,0.3993
28-MAY-2025,DEVIT,110.42,109.09,0.0121,0.0330,0.0329,0.6286
28-MAY-2025,DEVRUPTRAD,10.00,10.00,0.0000,0.0000,0.0000,0.0000
28-MAY-2025,DEVYANI,173.23,171.97,0.0073,0.0232,0.0231,0.4413
28-MAY-2025,DEWANHOUS,16.70,16.70,0.0000,0.0053,0.0053,0.1013
28-MAY-2025,DGCONTENT,43.97,45.04,-0.0240,0.0317,0.0317,0.6056
28-MAY-2025,DHAMPURSUG,145.08,142.81,0.0158,0.0254,0.0254,0.4853
28-MAY-2025,DHANBANK,30.45,30.31,0.0046,0.0298,0.0298,0.5693
28-MAY-2025,DHANI,60.43,58.91,0.0255,0.0395,0.0394,0.7527
28-MAY-2025,DHANUKA,1685.40,1681.50,0.0023,0.0259,0.0258,0.4929
28-MAY-2025,DHARMAJ,238.62,236.33,0.0096,0.0306,0.0306,0.5846
28-MAY-2025,DHRUV,70.00,69.60,0.0057,0.0331,0.0330,0.6305
28-MAY-2025,DHUNINV,1473.10,1445.20,0.0191,0.0357,0.0357,0.6820
28-MAY-2025,DIACABS,113.49,110.34,0.0281,0.0322,0.0322,0.6152
28-MAY-2025,DIAMINESQ,387.90,383.10,0.0125,0.0279,0.0279,0.5330
28-MAY-2025,DIAMONDYD,1141.00,1154.10,-0.0114,0.0261,0.0260,0.4967
28-MAY-2025,DICIND,651.00,654.25,-0.0050,0.0233,0.0232,0.4432
28-MAY-2025,DIFFNKG,275.50,289.00,-0.0478,0.0290,0.0291,0.5560
28-MAY-2025,DIGIDRIVE,33.27,32.93,0.0103,0.0295,0.0294,0.5617
28-MAY-2025,DIGISPICE,20.79,20.92,-0.0062,0.0360,0.0359,0.6859
28-MAY-2025,DIGJAMLMTD,40.01,40.00,0.0002,0.0268,0.0268,0.5120
28-MAY-2025,DIL,2.56,2.59,-0.0117,0.0353,0.0352,0.6725
28-MAY-2025,DISHTV,5.89,5.61,0.0487,0.0301,0.0303,0.5789
28-MAY-2025,DIVGIITTS,563.90,555.80,0.0145,0.0245,0.0245,0.4681
28-MAY-2025,DIVISLAB,6636.00,6698.00,-0.0093,0.0181,0.0180,0.3439
28-MAY-2025,DIVOPPBEES,77.99,78.09,-0.0013,0.0099,0.0098,0.1872
28-MAY-2025,DIXON,14816.00,15090.00,-0.0183,0.0271,0.0270,0.5158
28-MAY-2025,DJML,113.08,110.49,0.0232,0.0278,0.0278,0.5311
28-MAY-2025,DLF,772.00,774.05,-0.0027,0.0220,0.0220,0.4203
28-MAY-2025,DLINKINDIA,489.90,486.50,0.0070,0.0310,0.0309,0.5903
28-MAY-2025,DMART,4042.30,4094.00,-0.0127,0.0186,0.0185,0.3534
28-MAY-2025,DMCC,281.75,282.50,-0.0027,0.0308,0.0307,0.5865
28-MAY-2025,DNAMEDIA,5.06,5.15,-0.0176,0.0366,0.0365,0.6973
28-MAY-2025,DODLA,1183.50,1191.60,-0.0068,0.0237,0.0236,0.4509
28-MAY-2025,DOLATALGO,93.90,93.27,0.0067,0.0358,0.0358,0.6840
28-MAY-2025,DOLLAR,402.60,400.80,0.0045,0.0248,0.0247,0.4719
28-MAY-2025,DOLPHIN,418.55,398.35,0.0495,0.0764,0.0763,1.4577
28-MAY-2025,DOMS,2378.80,2393.10,-0.0060,0.0252,0.0251,0.4795
28-MAY-2025,DONEAR,107.93,115.18,-0.0650,0.0339,0.0342,0.6534
28-MAY-2025,DPABHUSHAN,1447.80,1440.40,0.0051,0.0250,0.0250,0.4776
28-MAY-2025,DPSCLTD,13.31,13.31,0.0000,0.0308,0.0307,0.5865
28-MAY-2025,DPWIRES,260.06,262.29,-0.0085,0.0248,0.0248,0.4738
28-MAY-2025,DRCSYSTEMS,19.54,19.00,0.0280,0.0412,0.0411,0.7852
28-MAY-2025,DREAMFOLKS,258.00,255.67,0.0091,0.0253,0.0252,0.4814
28-MAY-2025,DREDGECORP,765.25,746.65,0.0246,0.0344,0.0344,0.6572
28-MAY-2025,DRREDDY,1242.70,1243.20,-0.0004,0.0134,0.0134,0.2560
28-MAY-2025,DSSL,1081.70,1116.90,-0.0320,0.0350,0.0350,0.6687
28-MAY-2025,DTIL,187.97,189.88,-0.0101,0.0282,0.0281,0.5368
28-MAY-2025,DUCON,6.45,6.08,0.0591,0.0340,0.0341,0.6515
28-MAY-2025,DVL,328.60,327.70,0.0027,0.0310,0.0309,0.5903
28-MAY-2025,DWARKESH,47.97,47.24,0.0153,0.0264,0.0263,0.5025
28-MAY-2025,DYCL,862.95,869.40,-0.0074,0.0389,0.0388,0.7413
28-MAY-2025,DYNAMATECH,6926.00,7015.50,-0.0128,0.0267,0.0267,0.5101
28-MAY-2025,DYNPRO,300.70,296.50,0.0141,0.0290,0.0289,0.5521
28-MAY-2025,E2E,2782.10,2863.90,-0.0290,0.0359,0.0359,0.6859
28-MAY-2025,EASEMYTRIP,11.40,11.25,0.0132,0.0297,0.0296,0.5655
28-MAY-2025,EBANKNIFTY,55.38,55.63,-0.0045,0.0083,0.0083,0.1586
28-MAY-2025,EBBETF0430,1520.08,1519.76,0.0002,0.0020,0.0020,0.0382
28-MAY-2025,EBBETF0431,1361.76,1361.10,0.0005,0.0022,0.0022,0.0420
28-MAY-2025,EBBETF0433,1254.32,1253.11,0.0010,0.0026,0.0026,0.0497
28-MAY-2025,EBSL,10.00,10.00,0.0000,0.0000,0.0000,0.0000
28-MAY-2025,ECAPINSURE,22.67,21.99,0.0305,0.0120,0.0121,0.2312
28-MAY-2025,ECLERX,3363.30,3407.00,-0.0129,0.0252,0.0252,0.4814
28-MAY-2025,ECOSMOBLTY,277.25,275.69,0.0056,0.0303,0.0303,0.5789
28-MAY-2025,EDELWEISS,105.64,100.51,0.0498,0.0339,0.0340,0.6496
28-MAY-2025,EGOLD,96.85,96.25,0.0062,0.0114,0.0114,0.2178
28-MAY-2025,EICHERMOT,5326.50,5389.50,-0.0118,0.0167,0.0167,0.3191
28-MAY-2025,EIDPARRY,985.75,985.05,0.0007,0.0224,0.0224,0.4280
28-MAY-2025,EIEL,251.69,252.35,-0.0026,0.0281,0.0281,0.5368
28-MAY-2025,EIFFL,225.04,218.31,0.0304,0.0234,0.0234,0.4471
28-MAY-2025,EIFL,10.00,10.00,0.0000,0.0000,0.0000,0.0000
28-MAY-2025,EIHAHOTELS,384.15,385.00,-0.0022,0.0264,0.0264,0.5044
28-MAY-2025,EIHOTEL,365.00,369.25,-0.0116,0.0238,0.0238,0.4547
28-MAY-2025,EIMCOELECO,2386.80,2265.10,0.0523,0.0344,0.0345,0.6591
28-MAY-2025,EKC,131.36,133.50,-0.0162,0.0329,0.0329,0.6286
28-MAY-2025,ELDEHSG,813.60,813.50,0.0001,0.0278,0.0278,0.5311
28-MAY-2025,ELECON,677.65,685.85,-0.0120,0.0324,0.0323,0.6171
28-MAY-2025,ELECTCAST,106.40,105.13,0.0120,0.0323,0.0322,0.6152
28-MAY-2025,ELECTHERM,1052.40,1066.30,-0.0131,0.0307,0.0307,0.5865
28-MAY-2025,ELGIEQUIP,504.45,497.85,0.0132,0.0279,0.0279,0.5330
28-MAY-2025,ELGIRUBCO,63.20,63.00,0.0032,0.0357,0.0357,0.6820
28-MAY-2025,ELIN,170.85,178.40,-0.0432,0.0314,0.0314,0.5999
28-MAY-2025,EMAMILTD,579.00,589.55,-0.0181,0.0227,0.0226,0.4318
28-MAY-2025,EMAMIPAP,98.71,99.27,-0.0057,0.0244,0.0243,0.4643
28-MAY-2025,EMAMIREAL,110.48,111.10,-0.0056,0.0343,0.0342,0.6534
28-MAY-2025,EMBASSY,383.36,382.08,0.0033,0.0119,0.0118,0.2254
28-MAY-2025,EMBDL,105.25,103.54,0.0164,0.0358,0.0358,0.6840
28-MAY-2025,EMCURE,1344.70,1359.20,-0.0107,0.0228,0.0228,0.4356
28-MAY-2025,EMIL,117.61,119.94,-0.0196,0.0287,0.0286,0.5464
28-MAY-2025,EMKAY,227.27,222.82,0.0198,0.0324,0.0324,0.6190
28-MAY-2025,EMMBI,110.05,112.24,-0.0197,0.0354,0.0353,0.6744
28-MAY-2025,EMSLIMITED,659.50,675.30,-0.0237,0.0296,0.0295,0.5636
28-MAY-2025,EMUDHRA,757.65,741.05,0.0222,0.0272,0.0272,0.5197
28-MAY-2025,EMULTIMQ,42.45,42.33,0.0028,0.0100,0.0100,0.1910
28-MAY-2025,ENDURANCE,2421.60,2449.00,-0.0113,0.0192,0.0192,0.3668
28-MAY-2025,ENERGYDEV,19.83,19.81,0.0010,0.0328,0.0327,0.6247
28-MAY-2025,ENGINERSIN,211.38,204.05,0.0353,0.0305,0.0305,0.5827
28-MAY-2025,ENIL,144.26,144.81,-0.0038,0.0280,0.0279,0.5330
28-MAY-2025,ENTERO,1341.20,1461.30,-0.0858,0.0231,0.0238,0.4547
28-MAY-2025,EPACK,376.30,385.90,-0.0252,0.0307,0.0307,0.5865
28-MAY-2025,EPIGRAL,1818.70,1870.50,-0.0281,0.0318,0.0318,0.6075
28-MAY-2025,EPL,244.63,238.33,0.0261,0.0257,0.0257,0.4910
28-MAY-2025,EQUAL200,12.84,12.85,-0.0008,0.0096,0.0096,0.1834
28-MAY-2025,EQUAL50,310.64,312.02,-0.0044,0.0016,0.0016,0.0306
28-MAY-2025,EQUAL50ADD,320.37,320.79,-0.0013,0.0097,0.0096,0.1834
28-MAY-2025,EQUIPPP,20.33,20.24,0.0044,0.0277,0.0276,0.5273
28-MAY-2025,EQUITASBNK,63.88,64.00,-0.0019,0.0218,0.0218,0.4165
28-MAY-2025,ERIS,1610.80,1570.50,0.0253,0.0210,0.0210,0.4012
28-MAY-2025,ESABINDIA,5220.00,5246.30,-0.0050,0.0194,0.0193,0.3687
28-MAY-2025,ESAFSFB,30.90,30.21,0.0226,0.0208,0.0208,0.3974
28-MAY-2025,ESCORTS,3372.90,3532.20,-0.0461,0.0194,0.0196,0.3745
28-MAY-2025,ESG,41.91,42.07,-0.0038,0.0094,0.0094,0.1796
28-MAY-2025,ESILVER,99.25,98.09,0.0118,0.0127,0.0127,0.2426
28-MAY-2025,ESSARSHPNG,33.03,32.47,0.0171,0.0388,0.0387,0.7394
28-MAY-2025,ESSENTIA,2.30,2.41,-0.0467,0.0319,0.0320,0.6114
28-MAY-2025,ESTER,144.86,147.29,-0.0166,0.0364,0.0363,0.6935
28-MAY-2025,ETERNAL,224.18,224.79,-0.0027,0.0269,0.0269,0.5139
28-MAY-2025,ETHOSLTD,2767.20,2765.30,0.0007,0.0246,0.0246,0.4700
28-MAY-2025,EUREKAFORB,637.50,644.20,-0.0105,0.0242,0.0241,0.4604
28-MAY-2025,EUROTEXIND,13.02,13.48,-0.0347,0.0541,0.0540,1.0317
28-MAY-2025,EVEREADY,309.95,313.30,-0.0108,0.0238,0.0237,0.4528
28-MAY-2025,EVERESTIND,497.25,505.10,-0.0157,0.0264,0.0264,0.5044
28-MAY-2025,EVIETF,29.29,29.45,-0.0054,0.0059,0.0059,0.1127
28-MAY-2025,EVINDIA,29.28,29.40,-0.0041,0.0106,0.0105,0.2006
28-MAY-2025,EXCEL,0.72,0.72,0.0000,0.0423,0.0422,0.8062
28-MAY-2025,EXCELINDUS,1117.50,1103.90,0.0122,0.0310,0.0309,0.5903
28-MAY-2025,EXICOM,186.94,185.76,0.0063,0.0338,0.0338,0.6457
28-MAY-2025,EXIDEIND,386.70,385.20,0.0039,0.0210,0.0209,0.3993
28-MAY-2025,EXPLEOSOL,1050.20,1044.75,0.0052,0.0230,0.0230,0.4394
28-MAY-2025,EXXARO,8.04,8.28,-0.0294,0.0306,0.0306,0.5846
28-MAY-2025,FACT,912.70,920.00,-0.0080,0.0345,0.0344,0.6572
28-MAY-2025,FAIRCHEMOR,859.15,835.85,0.0275,0.0333,0.0333,0.6362
28-MAY-2025,FAZE3Q,581.25,578.15,0.0053,0.0328,0.0328,0.6266
28-MAY-2025,FCL,240.32,241.54,-0.0051,0.0290,0.0289,0.5521
28-MAY-2025,FCSSOFT,2.63,2.63,0.0000,0.0348,0.0347,0.6629
28-MAY-2025,FDC,456.45,459.50,-0.0067,0.0193,0.0193,0.3687
28-MAY-2025,FEDERALBNK,201.62,202.48,-0.0043,0.0169,0.0169,0.3229
28-MAY-2025,FEDFINA,95.24,93.68,0.0165,0.0165,0.0165,0.3152
28-MAY-2025,FEL,0.61,0.60,0.0165,0.0283,0.0283,0.5407
28-MAY-2025,FELDVR,3.73,3.92,-0.0497,0.0332,0.0333,0.6362
28-MAY-2025,FIBERWEB,47.25,43.82,0.0754,0.0351,0.0354,0.6763
28-MAY-2025,FIEMIND,1618.00,1609.90,0.0050,0.0223,0.0222,0.4241
28-MAY-2025,FILATEX,51.38,50.00,0.0272,0.0295,0.0295,0.5636
28-MAY-2025,FILATFASH,0.50,0.49,0.0202,0.0281,0.0281,0.5368
28-MAY-2025,FINCABLES,982.70,988.45,-0.0058,0.0277,0.0277,0.5292
28-MAY-2025,FINEORG,4691.90,4647.60,0.0095,0.0208,0.0208,0.3974
28-MAY-2025,FINIETF,29.51,29.45,0.0020,0.0125,0.0125,0.2388
28-MAY-2025,FINOPB,242.63,245.02,-0.0098,0.0317,0.0317,0.6056
28-MAY-2025,FINPIPE,222.03,224.74,-0.0121,0.0250,0.0249,0.4757
28-MAY-2025,FIRL,10.00,10.00,0.0000,0.0000,0.0000,0.0000
28-MAY-2025,FIRSTCRY,355.20,352.55,0.0075,0.0278,0.0277,0.5292
28-MAY-2025,FIVESTAR,691.65,708.05,-0.0234,0.0250,0.0250,0.4776
28-MAY-2025,FLAIR,280.11,279.76,0.0013,0.0237,0.0237,0.4528
28-MAY-2025,FLEXITUFF,34.22,33.56,0.0195,0.0339,0.0339,0.6477
28-MAY-2025,FLUOROCHEM,3829.10,3988.60,-0.0408,0.0220,0.0221,0.4222
28-MAY-2025,FMCGIETF,59.30,59.81,-0.0086,0.0088,0.0088,0.1681
28-MAY-2025,FMGOETZE,380.65,360.35,0.0548,0.0197,0.0200,0.3821
28-MAY-2025,FMNL,14.90,15.15,-0.0166,0.0304,0.0304,0.5808
28-MAY-2025,FOCUS,93.27,96.29,-0.0319,0.0324,0.0324,0.6190
28-MAY-2025,FOODSIN,95.55,96.67,-0.0117,0.0344,0.0343,0.6553
28-MAY-2025,FORCEMOT,11762.50,11031.00,0.0642,0.0332,0.0335,0.6400
28-MAY-2025,FORTIS,710.60,704.95,0.0080,0.0210,0.0210,0.4012
28-MAY-2025,FOSECOIND,4596.40,4588.90,0.0016,0.0244,0.0243,0.4643
28-MAY-2025,FRICKINDIA,10.00,10.00,0.0000,0.0000,0.0000,0.0000
28-MAY-2025,FSC,2.01,2.07,-0.0294,0.0300,0.0300,0.5731
28-MAY-2025,FSL,386.40,386.50,-0.0003,0.0287,0.0286,0.5464
28-MAY-2025,FUSION,178.91,172.01,0.0393,0.0320,0.0320,0.6114
28-MAY-2025,GABRIEL,647.25,648.75,-0.0023,0.0291,0.0290,0.5540
28-MAY-2025,GAEL,115.19,114.09,0.0096,0.0267,0.0266,0.5082
28-MAY-2025,GAIL,194.34,193.98,0.0019,0.0220,0.0220,0.4203
28-MAY-2025,GALAPREC,915.45,908.30,0.0078,0.0323,0.0322,0.6152
28-MAY-2025,GALAXYSURF,2218.40,2250.00,-0.0141,0.0194,0.0194,0.3706
28-MAY-2025,GALLANTT,460.40,454.45,0.0130,0.0306,0.0305,0.5827
28-MAY-2025,GANDHAR,166.16,164.70,0.0088,0.0217,0.0216,0.4127
28-MAY-2025,GANDHITUBE,711.00,722.30,-0.0158,0.0256,0.0256,0.4891
28-MAY-2025,GANECOS,1583.20,1578.10,0.0032,0.0290,0.0289,0.5521
28-MAY-2025,GANESHBE,114.20,114.57,-0.0032,0.0312,0.0312,0.5961
28-MAY-2025,GANESHHOUC,1019.80,1013.10,0.0066,0.0330,0.0330,0.6305
28-MAY-2025,GANGAFORGE,4.54,4.50,0.0088,0.0332,0.0331,0.6324
28-MAY-2025,GANGESSECU,158.42,159.36,-0.0059,0.0324,0.0323,0.6171
28-MAY-2025,GARFIBRES,867.50,878.25,-0.0123,0.0264,0.0264,0.5044
28-MAY-2025,GARUDA,105.11,103.77,0.0128,0.0288,0.0287,0.5483
28-MAY-2025,GATECH,0.79,0.80,-0.0126,0.0420,0.0419,0.8005
28-MAY-2025,GATECHDVR,0.89,0.91,-0.0222,0.0306,0.0306,0.5846
28-MAY-2025,GATEWAY,67.71,64.81,0.0438,0.0197,0.0199,0.3802
28-MAY-2025,GAYAHWS,1.17,1.15,0.0172,0.0358,0.0357,0.6820
28-MAY-2025,GDHL,10.00,10.00,0.0000,0.0000,0.0000,0.0000
28-MAY-2025,GEECEE,387.05,383.20,0.0100,0.0288,0.0288,0.5502
28-MAY-2025,GEEKAYWIRE,71.59,71.22,0.0052,0.0334,0.0333,0.6362
28-MAY-2025,GENCON,37.00,38.09,-0.0290,0.0394,0.0394,0.7527
28-MAY-2025,GENESYS,730.00,721.05,0.0123,0.0372,0.0371,0.7088
28-MAY-2025,GENSOL,62.91,64.19,-0.0201,0.0378,0.0377,0.7203
28-MAY-2025,GENUSPAPER,19.90,19.93,-0.0015,0.0309,0.0308,0.5884
28-MAY-2025,GENUSPOWER,389.85,378.85,0.0286,0.0316,0.0316,0.6037
28-MAY-2025,GEOJITFSL,85.88,86.95,-0.0124,0.0348,0.0347,0.6629
28-MAY-2025,GEPIL,256.42,257.86,-0.0056,0.0356,0.0355,0.6782
28-MAY-2025,GESHIP,941.35,934.30,0.0075,0.0239,0.0239,0.4566
28-MAY-2025,GFLLIMITED,60.83,57.74,0.0521,0.0298,0.0300,0.5731
28-MAY-2025,GHCL,625.95,633.85,-0.0125,0.0241,0.0241,0.4604
28-MAY-2025,GHCLTEXTIL,90.79,91.31,-0.0057,0.0264,0.0263,0.5025
28-MAY-2025,GICHSGFIN,188.87,186.18,0.0143,0.0240,0.0240,0.4585
28-MAY-2025,GICRE,412.00,416.40,-0.0106,0.0296,0.0296,0.5655
28-MAY-2025,GILLANDERS,117.93,119.96,-0.0171,0.0289,0.0288,0.5502
28-MAY-2025,GILLETTE,9352.00,9401.00,-0.0052,0.0207,0.0207,0.3955
28-MAY-2025,GILT5YBEES,62.44,62.46,-0.0003,0.0022,0.0022,0.0420
28-MAY-2025,GINNIFILA,37.00,37.07,-0.0019,0.0385,0.0384,0.7336
28-MAY-2025,GIPCL,198.92,200.93,-0.0101,0.0300,0.0299,0.5712
28-MAY-2025,GKWLIMITED,2160.90,2156.00,0.0023,0.0318,0.0317,0.6056
28-MAY-2025,GLAND,1525.60,1527.90,-0.0015,0.0215,0.0214,0.4088
28-MAY-2025,GLAXO,3348.30,3118.20,0.0712,0.0251,0.0255,0.4872
28-MAY-2025,GLENMARK,1380.00,1385.00,-0.0036,0.0196,0.0196,0.3745
28-MAY-2025,GLFL,4.28,5.12,-0.1792,0.0644,0.0654,1.2495
28-MAY-2025,GLOBAL,62.21,59.90,0.0378,0.0359,0.0359,0.6859
28-MAY-2025,GLOBALE,16.02,16.00,0.0012,0.0237,0.0236,0.4509
28-MAY-2025,GLOBALVECT,239.48,221.77,0.0768,0.0316,0.0320,0.6114
28-MAY-2025,GLOBE,2.40,2.39,0.0042,0.0360,0.0359,0.6859
28-MAY-2025,GLOBUSSPR,977.50,982.50,-0.0051,0.0303,0.0303,0.5789
28-MAY-2025,GLOSTERLTD,615.25,619.35,-0.0066,0.0184,0.0184,0.3515
28-MAY-2025,GMBREW,708.80,712.45,-0.0051,0.0260,0.0260,0.4967
28-MAY-2025,GMDCLTD,356.80,358.65,-0.0052,0.0312,0.0311,0.5942
28-MAY-2025,GMMPFAUDLR,1141.60,1133.50,0.0071,0.0195,0.0195,0.3725
28-MAY-2025,GMRAIRPORT,86.28,86.79,-0.0059,0.0222,0.0221,0.4222
28-MAY-2025,GMRP&UI,113.89,115.87,-0.0172,0.0348,0.0348,0.6649
28-MAY-2025,GNA,341.50,336.50,0.0147,0.0248,0.0248,0.4738
28-MAY-2025,GNFC,547.15,547.85,-0.0013,0.0222,0.0222,0.4241
28-MAY-2025,GOACARBON,488.85,492.30,-0.0070,0.0296,0.0296,0.5655
28-MAY-2025,GOCLCORP,300.55,305.70,-0.0170,0.0281,0.0281,0.5368
28-MAY-2025,GOCOLORS,865.40,855.15,0.0119,0.0202,0.0202,0.3859
28-MAY-2025,GODAVARIB,247.81,262.32,-0.0569,0.0298,0.0300,0.5731
28-MAY-2025,GODFRYPHLP,8337.00,8198.50,0.0168,0.0391,0.0390,0.7451
28-MAY-2025,GODHA,0.50,0.49,0.0202,0.0385,0.0384,0.7336
28-MAY-2025,GODIGIT,335.25,330.70,0.0137,0.0217,0.0216,0.4127
28-MAY-2025,GODREJAGRO,745.20,753.75,-0.0114,0.0225,0.0224,0.4280
28-MAY-2025,GODREJCP,1258.90,1269.60,-0.0085,0.0169,0.0168,0.3210
28-MAY-2025,GODREJIND,1177.90,1175.40,0.0021,0.0255,0.0254,0.4853
28-MAY-2025,GODREJPROP,2232.10,2245.60,-0.0060,0.0256,0.0255,0.4872
28-MAY-2025,GOENKA,0.88,0.90,-0.0225,0.0332,0.0331,0.6324
28-MAY-2025,GOKEX,962.45,944.50,0.0188,0.0304,0.0304,0.5808
28-MAY-2025,GOKUL,46.31,45.12,0.0260,0.0301,0.0301,0.5751
28-MAY-2025,GOKULAGRO,248.81,242.34,0.0263,0.0318,0.0318,0.6075
28-MAY-2025,GOLD1,80.51,80.12,0.0049,0.0093,0.0093,0.1777
28-MAY-2025,GOLD360,95.00,94.45,0.0058,0.0065,0.0064,0.1223
28-MAY-2025,GOLDBEES,80.06,79.56,0.0063,0.0096,0.0096,0.1834
28-MAY-2025,GOLDCASE,15.18,15.10,0.0053,0.0084,0.0084,0.1605
28-MAY-2025,GOLDEDGE,10.50,10.50,0.0000,0.0000,0.0000,0.0000
28-MAY-2025,GOLDENTOBC,36.69,35.03,0.0463,0.0265,0.0266,0.5082
28-MAY-2025,GOLDETF,93.74,93.43,0.0033,0.0092,0.0091,0.1739
28-MAY-2025,GOLDETFADD,93.91,93.22,0.0074,0.0092,0.0092,0.1758
28-MAY-2025,GOLDIAM,374.50,391.90,-0.0454,0.0429,0.0429,0.8196
28-MAY-2025,GOLDIETF,82.62,82.05,0.0069,0.0121,0.0121,0.2312
28-MAY-2025,GOLDSHARE,80.90,80.60,0.0037,0.0088,0.0088,0.1681
28-MAY-2025,GOLDTECH,71.45,69.91,0.0218,0.0412,0.0412,0.7871
28-MAY-2025,GOODLUCK,890.45,893.30,-0.0032,0.0322,0.0321,0.6133
28-MAY-2025,GOPAL,335.35,332.80,0.0076,0.0228,0.0227,0.4337
28-MAY-2025,GOYALALUM,8.36,8.33,0.0036,0.0252,0.0251,0.4795
28-MAY-2025,GPIL,195.89,197.17,-0.0065,0.0278,0.0278,0.5311
28-MAY-2025,GPPL,148.29,147.39,0.0061,0.0238,0.0237,0.4528
28-MAY-2025,GPTHEALTH,152.83,152.85,-0.0001,0.0216,0.0215,0.4108
28-MAY-2025,GPTINFRA,145.99,144.85,0.0078,0.0352,0.0352,0.6725
28-MAY-2025,GRACIOUS,13.50,13.50,0.0000,0.0000,0.0000,0.0000
28-MAY-2025,GRANULES,522.40,528.80,-0.0122,0.0251,0.0251,0.4795
28-MAY-2025,GRAPHITE,531.25,535.50,-0.0080,0.0285,0.0285,0.5445
28-MAY-2025,GRASIM,2577.60,2614.20,-0.0141,0.0150,0.0150,0.2866
28-MAY-2025,GRAVITA,1917.30,1907.50,0.0051,0.0355,0.0354,0.6763
28-MAY-2025,GREAVESCOT,204.49,205.55,-0.0052,0.0336,0.0336,0.6419
28-MAY-2025,GREENLAM,276.42,267.84,0.0315,0.0277,0.0277,0.5292
28-MAY-2025,GREENPANEL,262.58,262.15,0.0016,0.0247,0.0246,0.4700
28-MAY-2025,GREENPLY,320.35,317.75,0.0081,0.0278,0.0277,0.5292
28-MAY-2025,GREENPOWER,13.02,12.95,0.0054,0.0304,0.0303,0.5789
28-MAY-2025,GRINDWELL,1796.20,1786.30,0.0055,0.0232,0.0232,0.4432
28-MAY-2025,GRINFRA,1306.30,1291.80,0.0112,0.0223,0.0223,0.4260
28-MAY-2025,GRMOVER,295.20,296.80,-0.0054,0.0324,0.0323,0.6171
28-MAY-2025,GROBTEA,1005.25,998.05,0.0072,0.0330,0.0330,0.6305
28-MAY-2025,GROWWDEFNC,87.37,86.68,0.0079,0.0163,0.0163,0.3114
28-MAY-2025,GROWWEV,29.16,29.43,-0.0092,0.0104,0.0104,0.1987
28-MAY-2025,GROWWGOLD,94.69,94.12,0.0060,0.0075,0.0075,0.1433
28-MAY-2025,GROWWLIQID,104.19,104.18,0.0001,0.0002,0.0002,0.0038
28-MAY-2025,GROWWMOM50,10.47,10.52,-0.0048,0.0040,0.0040,0.0764
28-MAY-2025,GROWWN200,11.13,11.12,0.0009,0.0098,0.0097,0.1853
28-MAY-2025,GROWWRAIL,38.89,38.69,0.0052,0.0117,0.0117,0.2235
28-MAY-2025,GROWWSLVR,97.73,97.10,0.0065,0.0004,0.0006,0.0115
28-MAY-2025,GRPLTD,2978.20,2979.60,-0.0005,0.0344,0.0343,0.6553
28-MAY-2025,GRSE,2891.70,2815.00,0.0269,0.0404,0.0404,0.7718
28-MAY-2025,GRWRHITECH,4506.70,4291.00,0.0490,0.0423,0.0423,0.8081
28-MAY-2025,GSEC10ABSL,109.95,109.75,0.0018,0.0030,0.0030,0.0573
28-MAY-2025,GSEC10IETF,258.21,257.07,0.0044,0.0045,0.0045,0.0860
28-MAY-2025,GSEC10YEAR,29.33,29.30,0.0010,0.0110,0.0110,0.2102
28-MAY-2025,GSEC5IETF,62.47,62.34,0.0021,0.0058,0.0058,0.1108
28-MAY-2025,GSFC,204.02,204.48,-0.0023,0.0256,0.0256,0.4891
28-MAY-2025,GSLSU,132.23,136.45,-0.0314,0.0338,0.0338,0.6457
28-MAY-2025,GSPL,327.00,329.20,-0.0067,0.0219,0.0218,0.4165
28-MAY-2025,GSS,34.90,35.04,-0.0040,0.0338,0.0337,0.6438
28-MAY-2025,GTECJAINX,26.71,26.15,0.0212,0.0378,0.0378,0.7222
28-MAY-2025,GTL,8.88,8.69,0.0216,0.0343,0.0342,0.6534
28-MAY-2025,GTLINFRA,1.53,1.49,0.0265,0.0339,0.0339,0.6477
28-MAY-2025,GTPL,110.63,110.54,0.0008,0.0247,0.0246,0.4700
28-MAY-2025,GUFICBIO,385.45,383.75,0.0044,0.0270,0.0269,0.5139
28-MAY-2025,GUJALKALI,588.55,602.30,-0.0231,0.0247,0.0247,0.4719
28-MAY-2025,GUJAPOLLO,354.25,337.80,0.0475,0.0334,0.0335,0.6400
28-MAY-2025,GUJGASLTD,460.55,459.90,0.0014,0.0195,0.0195,0.3725
28-MAY-2025,GUJRAFFIA,39.06,38.31,0.0194,0.0330,0.0329,0.6286
28-MAY-2025,GUJTHEM,306.45,301.15,0.0174,0.0357,0.0357,0.6820
28-MAY-2025,GULFOILLUB,1158.10,1179.70,-0.0185,0.0263,0.0263,0.5025
28-MAY-2025,GULFPETRO,43.83,43.85,-0.0005,0.0306,0.0305,0.5827
28-MAY-2025,GULPOLY,184.99,193.92,-0.0471,0.0335,0.0336,0.6419
28-MAY-2025,GVKPIL,4.20,4.14,0.0144,0.0273,0.0273,0.5216
28-MAY-2025,GVPTECH,9.86,9.84,0.0020,0.0278,0.0277,0.5292
28-MAY-2025,GVT&D,2223.50,2210.60,0.0058,0.0300,0.0299,0.5712
28-MAY-2025,HAL,5017.70,5029.10,-0.0023,0.0247,0.0246,0.4700
28-MAY-2025,HAPPSTMNDS,602.70,605.20,-0.0041,0.0184,0.0183,0.3496
28-MAY-2025,HAPPYFORGE,910.45,903.05,0.0082,0.0161,0.0160,0.3057
28-MAY-2025,HARDOLI,34.65,34.65,0.0000,0.0000,0.0000,0.0000
28-MAY-2025,HARDWYN,13.18,12.68,0.0387,0.0314,0.0314,0.5999
28-MAY-2025,HARIOMPIPE,383.20,388.00,-0.0124,0.0296,0.0295,0.5636
28-MAY-2025,HARRMALAYA,209.81,208.94,0.0042,0.0309,0.0308,0.5884
28-MAY-2025,HARSHA,381.70,388.20,-0.0169,0.0239,0.0239,0.4566
28-MAY-2025,HATHWAY,15.52,15.35,0.0110,0.0236,0.0236,0.4509
28-MAY-2025,HATSUN,925.10,892.00,0.0364,0.0228,0.0229,0.4375
28-MAY-2025,HAVELLS,1548.80,1572.80,-0.0154,0.0164,0.0164,0.3133
28-MAY-2025,HAVISHA,2.03,2.02,0.0049,0.0337,0.0337,0.6438
28-MAY-2025,HBLENGINE,569.45,564.00,0.0096,0.0336,0.0335,0.6400
28-MAY-2025,HBSL,79.43,81.27,-0.0229,0.0328,0.0327,0.6247
28-MAY-2025,HCC,31.77,31.61,0.0050,0.0376,0.0375,0.7164
28-MAY-2025,HCG,550.85,533.80,0.0314,0.0220,0.0220,0.4203
28-MAY-2025,HCL-INSYS,18.43,18.29,0.0076,0.0342,0.0342,0.6534
28-MAY-2025,HCLTECH,1657.30,1652.10,0.0031,0.0169,0.0169,0.3229
28-MAY-2025,HDFCAMC,4827.40,4808.40,0.0039,0.0202,0.0202,0.3859
28-MAY-2025,HDFCBANK,1923.50,1926.30,-0.0015,0.0129,0.0128,0.2445
28-MAY-2025,HDFCBSE500,36.34,36.43,-0.0025,0.0128,0.0127,0.2426
28-MAY-2025,HDFCGOLD,82.58,82.00,0.0070,0.0091,0.0090,0.1719
28-MAY-2025,HDFCGROWTH,116.65,117.34,-0.0059,0.0097,0.0097,0.1853
28-MAY-2025,HDFCLIFE,789.45,775.80,0.0174,0.0152,0.0152,0.2904
28-MAY-2025,HDFCLIQUID,1012.99,1012.86,0.0001,0.0008,0.0008,0.0153
28-MAY-2025,HDFCLOWVOL,20.02,20.10,-0.0040,0.0103,0.0103,0.1968
28-MAY-2025,HDFCMID150,21.19,21.19,0.0000,0.0118,0.0118,0.2254
28-MAY-2025,HDFCMOMENT,30.25,30.69,-0.0144,0.0127,0.0127,0.2426
28-MAY-2025,HDFCNEXT50,67.77,68.16,-0.0057,0.0127,0.0126,0.2407
28-MAY-2025,HDFCNIF100,25.95,26.02,-0.0027,0.0109,0.0109,0.2082
28-MAY-2025,HDFCNIFBAN,56.44,56.42,0.0004,0.0097,0.0097,0.1853
28-MAY-2025,HDFCNIFIT,39.00,39.14,-0.0036,0.0139,0.0138,0.2636
28-MAY-2025,HDFCNIFTY,274.97,275.25,-0.0010,0.0085,0.0085,0.1624
28-MAY-2025,HDFCPSUBK,68.67,67.81,0.0126,0.0143,0.0143,0.2732
28-MAY-2025,HDFCPVTBAN,27.81,27.86,-0.0018,0.0101,0.0101,0.1930
28-MAY-2025,HDFCQUAL,57.26,57.54,-0.0049,0.0108,0.0108,0.2063
28-MAY-2025,HDFCSENSEX,91.21,91.14,0.0008,0.0087,0.0086,0.1643
28-MAY-2025,HDFCSILVER,94.87,94.08,0.0084,0.0135,0.0135,0.2579
28-MAY-2025,HDFCSML250,168.05,167.44,0.0036,0.0127,0.0127,0.2426
28-MAY-2025,HDFCVALUE,133.70,134.18,-0.0036,0.0103,0.0103,0.1968
28-MAY-2025,HEADSUP,10.18,10.38,-0.0195,0.0347,0.0347,0.6629
28-MAY-2025,HEALTHADD,140.04,140.57,-0.0038,0.0109,0.0108,0.2063
28-MAY-2025,HEALTHIETF,142.10,143.06,-0.0067,0.0102,0.0102,0.1949
28-MAY-2025,HEALTHY,14.27,14.35,-0.0056,0.0099,0.0099,0.1891
28-MAY-2025,HECPROJECT,138.42,138.34,0.0006,0.0350,0.0349,0.6668
28-MAY-2025,HEG,490.70,499.90,-0.0186,0.0314,0.0313,0.5980
28-MAY-2025,HEIDELBERG,201.15,200.23,0.0046,0.0169,0.0169,0.3229
28-MAY-2025,HEMIPROP,142.60,137.72,0.0348,0.0279,0.0279,0.5330
28-MAY-2025,HERANBA,296.30,293.20,0.0105,0.0290,0.0290,0.5540
28-MAY-2025,HERCULES,163.81,170.15,-0.0380,0.0352,0.0352,0.6725
28-MAY-2025,HERITGFOOD,406.05,403.40,0.0065,0.0259,0.0258,0.4929
28-MAY-2025,HEROMOTOCO,4362.30,4338.20,0.0055,0.0167,0.0166,0.3171
28-MAY-2025,HESTERBIO,1818.50,1811.40,0.0039,0.0309,0.0308,0.5884
28-MAY-2025,HEUBACHIND,587.60,587.65,-0.0001,0.0235,0.0234,0.4471
28-MAY-2025,HEXATRADEX,187.39,190.11,-0.0144,0.0292,0.0291,0.5560
28-MAY-2025,HEXT,818.70,820.10,-0.0017,0.0129,0.0128,0.2445
28-MAY-2025,HFCL,87.61,87.32,0.0033,0.0325,0.0324,0.6190
28-MAY-2025,HGINFRA,1109.90,1112.50,-0.0023,0.0275,0.0275,0.5254
28-MAY-2025,HGS,531.00,529.15,0.0035,0.0215,0.0214,0.4088
28-MAY-2025,HIKAL,375.80,372.40,0.0091,0.0269,0.0268,0.5120
28-MAY-2025,HILLRIDGE,10.00,10.00,0.0000,0.0000,0.0000,0.0000
28-MAY-2025,HILTON,75.53,78.32,-0.0363,0.0375,0.0375,0.7164
28-MAY-2025,HIMATSEIDE,162.47,159.55,0.0181,0.0333,0.0332,0.6343
28-MAY-2025,HINDALCO,649.95,659.45,-0.0145,0.0201,0.0201,0.3840
28-MAY-2025,HINDCOMPOS,465.65,466.15,-0.0011,0.0277,0.0276,0.5273
28-MAY-2025,HINDCON,36.89,35.88,0.0278,0.0317,0.0317,0.6056
28-MAY-2025,HINDCOPPER,248.48,245.07,0.0138,0.0302,0.0301,0.5751
28-MAY-2025,HINDMOTORS,29.82,28.99,0.0282,0.0408,0.0407,0.7776
28-MAY-2025,HINDNATGLS,16.98,17.02,-0.0024,0.0299,0.0298,0.5693
28-MAY-2025,HINDOILEXP,179.91,182.38,-0.0136,0.0279,0.0279,0.5330
28-MAY-2025,HINDPETRO,418.10,412.15,0.0143,0.0240,0.0239,0.4566
28-MAY-2025,HINDUNILVR,2362.00,2380.20,-0.0077,0.0123,0.0123,0.2350
28-MAY-2025,HINDWAREAP,253.97,252.98,0.0039,0.0304,0.0303,0.5789
28-MAY-2025,HINDZINC,452.60,451.50,0.0024,0.0254,0.0253,0.4834
28-MAY-2025,HIRECT,1249.40,1195.20,0.0443,0.0373,0.0373,0.7126
28-MAY-2025,HISARMETAL,198.21,201.11,-0.0145,0.0295,0.0294,0.5617
28-MAY-2025,HITECH,97.99,96.49,0.0154,0.0295,0.0295,0.5636
28-MAY-2025,HITECHCORP,185.29,185.93,-0.0034,0.0333,0.0332,0.6343
28-MAY-2025,HITECHGEAR,615.75,622.70,-0.0112,0.0288,0.0287,0.5483
28-MAY-2025,HLEGLAS,425.80,433.60,-0.0182,0.0289,0.0289,0.5521
28-MAY-2025,HLVLTD,13.93,13.83,0.0072,0.0327,0.0326,0.6228
28-MAY-2025,HMAAGRO,34.50,34.18,0.0093,0.0247,0.0247,0.4719
28-MAY-2025,HMT,53.66,53.02,0.0120,0.0273,0.0273,0.5216
28-MAY-2025,HMVL,90.21,90.09,0.0013,0.0294,0.0294,0.5617
28-MAY-2025,HNDFDS,539.00,538.50,0.0009,0.0203,0.0203,0.3878
28-MAY-2025,HNGSNGBEES,385.67,386.79,-0.0029,0.0211,0.0210,0.4012
28-MAY-2025,HOMEFIRST,1176.80,1195.30,-0.0156,0.0253,0.0252,0.4814
28-MAY-2025,HONASA,309.71,318.68,-0.0286,0.0317,0.0316,0.6037
28-MAY-2025,HONAUT,37920.00,38130.00,-0.0055,0.0171,0.0171,0.3267
28-MAY-2025,HONDAPOWER,2875.20,2900.40,-0.0087,0.0292,0.0291,0.5560
28-MAY-2025,HOTAHOTI,9.90,9.90,0.0000,0.0000,0.0000,0.0000
28-MAY-2025,HOVS,63.07,62.30,0.0123,0.0359,0.0358,0.6840
28-MAY-2025,HPAL,51.64,51.86,-0.0043,0.0268,0.0268,0.5120
28-MAY-2025,HPIL,129.29,129.05,0.0019,0.0346,0.0345,0.6591
28-MAY-2025,HPL,555.15,544.20,0.0199,0.0360,0.0359,0.6859
28-MAY-2025,HSCL,476.15,479.05,-0.0061,0.0275,0.0274,0.5235
28-MAY-2025,HTMEDIA,20.12,19.35,0.0390,0.0312,0.0312,0.5961
28-MAY-2025,HUBTOWN,179.16,181.24,-0.0115,0.0328,0.0328,0.6266
28-MAY-2025,HUDCO,237.24,240.15,-0.0122,0.0329,0.0328,0.6266
28-MAY-2025,HUHTAMAKI,208.64,213.42,-0.0227,0.0261,0.0261,0.4986
28-MAY-2025,HYBRIDFIN,12.63,13.06,-0.0335,0.0301,0.0301,0.5751
28-MAY-2025,HYUNDAI,1883.00,1883.20,-0.0001,0.0135,0.0134,0.2560
28-MAY-2025,ICDSLTD,58.21,58.24,-0.0005,0.0348,0.0347,0.6629
28-MAY-2025,ICEMAKE,798.90,806.75,-0.0098,0.0355,0.0354,0.6763
28-MAY-2025,ICICIB22,109.53,109.66,-0.0012,0.0123,0.0123,0.2350
28-MAY-2025,ICICIBANK,1453.80,1446.50,0.0050,0.0127,0.0126,0.2407
28-MAY-2025,ICICIGI,1848.20,1841.00,0.0039,0.0156,0.0156,0.2980
28-MAY-2025,ICICIPRULI,658.00,652.35,0.0086,0.0165,0.0164,0.3133
28-MAY-2025,ICIL,314.95,321.05,-0.0192,0.0339,0.0338,0.6457
28-MAY-2025,ICRA,6435.50,6489.50,-0.0084,0.0186,0.0185,0.3534
28-MAY-2025,IDBI,93.37,91.27,0.0227,0.0281,0.0281,0.5368
28-MAY-2025,IDEA,7.12,6.96,0.0227,0.0374,0.0373,0.7126
28-MAY-2025,IDEAFORGE,511.25,512.55,-0.0025,0.0319,0.0319,0.6094
28-MAY-2025,IDFCFIRSTB,67.99,68.12,-0.0019,0.0191,0.0190,0.3630
28-MAY-2025,IDFNIFTYET,269.86,270.80,-0.0035,0.0117,0.0117,0.2235
28-MAY-2025,IEL,18.97,18.46,0.0273,0.0312,0.0312,0.5961
28-MAY-2025,IEX,197.81,199.45,-0.0083,0.0222,0.0222,0.4241
28-MAY-2025,IFBAGRO,594.15,589.55,0.0078,0.0272,0.0272,0.5197
28-MAY-2025,IFBIND,1349.40,1349.10,0.0002,0.0318,0.0317,0.6056
28-MAY-2025,IFCI,70.30,61.06,0.1409,0.0388,0.0399,0.7623
28-MAY-2025,IFGLEXPOR,538.50,542.75,-0.0079,0.0319,0.0318,0.6075
28-MAY-2025,IGARASHI,475.75,479.55,-0.0080,0.0311,0.0310,0.5923
28-MAY-2025,IGIL,367.00,369.80,-0.0076,0.0234,0.0233,0.4451
28-MAY-2025,IGL,213.36,206.33,0.0335,0.0250,0.0250,0.4776
28-MAY-2025,IGPL,475.10,471.20,0.0082,0.0255,0.0254,0.4853
28-MAY-2025,IIEL,10.00,10.00,0.0000,0.0000,0.0000,0.0000
28-MAY-2025,IIFL,421.50,417.35,0.0099,0.0294,0.0293,0.5598
28-MAY-2025,IIFLCAPS,277.37,275.66,0.0062,0.0375,0.0374,0.7145
28-MAY-2025,IITL,174.90,174.55,0.0020,0.0345,0.0344,0.6572
28-MAY-2025,IKIO,220.99,218.68,0.0105,0.0292,0.0291,0.5560
28-MAY-2025,IKS,1517.60,1571.40,-0.0348,0.0215,0.0215,0.4108
28-MAY-2025,IL&FSENGG,38.52,39.24,-0.0185,0.0299,0.0298,0.5693
28-MAY-2025,IL&FSTRANS,3.33,3.43,-0.0296,0.0291,0.0291,0.5560
28-MAY-2025,IMAGICAA,66.23,65.21,0.0155,0.0304,0.0304,0.5808
28-MAY-2025,IMFA,629.25,624.85,0.0070,0.0279,0.0278,0.5311
28-MAY-2025,IMPAL,1057.60,1053.45,0.0039,0.0215,0.0214,0.4088
28-MAY-2025,IMPEXFERRO,2.10,2.17,-0.0328,0.0312,0.0312,0.5961
28-MAY-2025,INCREDIBLE,42.42,40.05,0.0575,0.0367,0.0369,0.7050
28-MAY-2025,INDBANK,34.87,34.76,0.0032,0.0331,0.0330,0.6305
28-MAY-2025,INDGN,587.65,604.40,-0.0281,0.0235,0.0235,0.4490
28-MAY-2025,INDHOTEL,761.15,771.05,-0.0129,0.0216,0.0216,0.4127
28-MAY-2025,INDIACEM,336.15,337.45,-0.0039,0.0254,0.0253,0.4834
28-MAY-2025,INDIAGLYCO,1895.00,1892.80,0.0012,0.0299,0.0299,0.5712
28-MAY-2025,INDIAMART,2318.90,2307.40,0.0050,0.0214,0.0213,0.4069
28-MAY-2025,INDIANB,608.15,597.55,0.0176,0.0227,0.0227,0.4337
28-MAY-2025,INDIANCARD,344.75,348.55,-0.0110,0.0306,0.0305,0.5827
28-MAY-2025,INDIANHUME,436.40,429.70,0.0155,0.0343,0.0342,0.6534
28-MAY-2025,INDIASHLTR,879.65,860.45,0.0221,0.0194,0.0194,0.3706
28-MAY-2025,INDIGO,5330.50,5313.50,0.0032,0.0188,0.0188,0.3592
28-MAY-2025,INDIGOPNTS,1062.65,1060.95,0.0016,0.0188,0.0188,0.3592
28-MAY-2025,INDIGRID,146.59,146.76,-0.0012,0.0064,0.0064,0.1223
28-MAY-2025,INDNIPPON,701.30,704.30,-0.0043,0.0238,0.0237,0.4528
28-MAY-2025,INDOAMIN,145.01,146.50,-0.0102,0.0362,0.0361,0.6897
28-MAY-2025,INDOBORAX,179.23,181.14,-0.0106,0.0279,0.0278,0.5311
28-MAY-2025,INDOCO,245.58,248.16,-0.0105,0.0269,0.0269,0.5139
28-MAY-2025,INDOFARM,157.30,154.25,0.0196,0.0237,0.0236,0.4509
28-MAY-2025,INDORAMA,43.64,43.97,-0.0075,0.0316,0.0315,0.6018
28-MAY-2025,INDOSTAR,337.75,339.60,-0.0055,0.0312,0.0311,0.5942
28-MAY-2025,INDOTECH,2127.90,2166.70,-0.0181,0.0386,0.0385,0.7355
28-MAY-2025,INDOTHAI,1798.50,1791.20,0.0041,0.0284,0.0283,0.5407
28-MAY-2025,INDOUS,163.82,156.93,0.0430,0.0423,0.0423,0.8081
28-MAY-2025,INDOWIND,20.87,20.12,0.0366,0.0364,0.0364,0.6954
28-MAY-2025,INDRAMEDCO,440.15,441.80,-0.0037,0.0322,0.0321,0.6133
28-MAY-2025,INDSWFTLAB,83.57,76.46,0.0889,0.0330,0.0335,0.6400
28-MAY-2025,INDSWFTLTD,16.10,15.24,0.0549,0.0382,0.0383,0.7317
28-MAY-2025,INDTERRAIN,42.26,38.24,0.1000,0.0315,0.0322,0.6152
28-MAY-2025,INDUENG,9.50,9.50,0.0000,0.0000,0.0000,0.0000
28-MAY-2025,INDUSINDBK,805.15,820.70,-0.0191,0.0293,0.0293,0.5598
28-MAY-2025,INDUSINVIT,108.98,108.40,0.0053,0.0079,0.0079,0.1509
28-MAY-2025,INDUSTOWER,391.30,383.85,0.0192,0.0232,0.0232,0.4432
28-MAY-2025,INFIBEAM,21.83,20.22,0.0766,0.0289,0.0294,0.5617
28-MAY-2025,INFOBEAN,368.20,374.80,-0.0178,0.0276,0.0275,0.5254
28-MAY-2025,INFOMEDIA,6.65,6.38,0.0414,0.0405,0.0405,0.7738
28-MAY-2025,INFRABEES,923.17,925.95,-0.0030,0.0124,0.0123,0.2350
28-MAY-2025,INFRAIETF,91.86,91.99,-0.0014,0.0113,0.0112,0.2140
28-MAY-2025,INFY,1571.80,1570.10,0.0011,0.0165,0.0164,0.3133
28-MAY-2025,INGERRAND,4051.30,4005.70,0.0113,0.0220,0.0219,0.4184
28-MAY-2025,INNOVACAP,854.25,863.40,-0.0107,0.0276,0.0275,0.5254
28-MAY-2025,INNOVANA,397.20,373.95,0.0603,0.0224,0.0228,0.4356
28-MAY-2025,INOXGREEN,182.96,183.39,-0.0023,0.0374,0.0373,0.7126
28-MAY-2025,INOXINDIA,1203.30,1223.75,-0.0169,0.0199,0.0199,0.3802
28-MAY-2025,INOXWIND,193.88,192.57,0.0068,0.0351,0.0350,0.6687
28-MAY-2025,INSECTICID,830.25,817.10,0.0160,0.0255,0.0254,0.4853
28-MAY-2025,INSPIRISYS,107.30,108.68,-0.0128,0.0355,0.0354,0.6763
28-MAY-2025,INTELLECT,1098.05,1079.05,0.0175,0.0305,0.0305,0.5827
28-MAY-2025,INTENTECH,96.89,95.37,0.0158,0.0348,0.0347,0.6629
28-MAY-2025,INTERARCH,2124.20,2162.20,-0.0177,0.0278,0.0278,0.5311
28-MAY-2025,INTERISE,112.85,112.85,0.0000,0.0093,0.0093,0.1777
28-MAY-2025,INTERTEC,31.35,31.35,0.0000,0.0000,0.0000,0.0000
28-MAY-2025,INTLCONV,83.91,84.75,-0.0100,0.0293,0.0292,0.5579
28-MAY-2025,INVENTURE,1.61,1.58,0.0188,0.0334,0.0334,0.6381
28-MAY-2025,IOB,38.00,37.79,0.0055,0.0298,0.0298,0.5693
28-MAY-2025,IOC,144.20,143.41,0.0055,0.0191,0.0190,0.3630
28-MAY-2025,IOLCP,88.13,88.45,-0.0036,0.0279,0.0278,0.5311
28-MAY-2025,IONEXCHANG,566.55,562.80,0.0066,0.0257,0.0256,0.4891
28-MAY-2025,IPCALAB,1494.90,1459.60,0.0239,0.0203,0.0203,0.3878
28-MAY-2025,IPL,197.28,189.39,0.0408,0.0303,0.0304,0.5808
28-MAY-2025,IRB,51.78,51.16,0.0120,0.0282,0.0281,0.5368
28-MAY-2025,IRBINVIT,54.75,54.61,0.0026,0.0082,0.0082,0.1567
28-MAY-2025,IRBIT,220.22,220.22,0.0000,0.0000,0.0000,0.0000
28-MAY-2025,IRCON,191.17,189.06,0.0111,0.0346,0.0346,0.6610
28-MAY-2025,IRCTC,776.35,793.15,-0.0214,0.0192,0.0192,0.3668
28-MAY-2025,IREDA,173.60,175.23,-0.0093,0.0313,0.0313,0.5980
28-MAY-2025,IRFC,140.33,139.65,0.0049,0.0287,0.0287,0.5483
28-MAY-2025,IRIS,273.65,271.10,0.0094,0.0300,0.0299,0.5712
28-MAY-2025,IRISDOREME,59.23,59.22,0.0002,0.0258,0.0257,0.4910
28-MAY-2025,IRMENERGY,281.90,283.80,-0.0067,0.0255,0.0255,0.4872
28-MAY-2025,ISFT,108.85,109.40,-0.0050,0.0319,0.0318,0.6075
28-MAY-2025,ISGEC,1272.70,1251.60,0.0167,0.0308,0.0307,0.5865
28-MAY-2025,ISHANCH,42.70,44.90,-0.0502,0.0120,0.0125,0.2388
28-MAY-2025,ISL,41.35,41.35,0.0000,0.0000,0.0000,0.0000
28-MAY-2025,IT,40.44,40.41,0.0007,0.0134,0.0134,0.2560
28-MAY-2025,ITBEES,40.59,40.63,-0.0010,0.0136,0.0136,0.2598
28-MAY-2025,ITC,420.20,426.05,-0.0138,0.0116,0.0116,0.2216
28-MAY-2025,ITCHOTELS,207.00,213.35,-0.0302,0.0155,0.0156,0.2980
28-MAY-2025,ITDC,625.65,615.85,0.0158,0.0351,0.0350,0.6687
28-MAY-2025,ITDCEM,731.15,727.65,0.0048,0.0306,0.0305,0.5827
28-MAY-2025,ITETF,38.57,38.60,-0.0008,0.0141,0.0140,0.2675
28-MAY-2025,ITETFADD,38.61,38.61,0.0000,0.0137,0.0137,0.2617
28-MAY-2025,ITI,340.15,309.25,0.0952,0.0393,0.0398,0.7604
28-MAY-2025,ITIETF,40.54,40.59,-0.0012,0.0138,0.0138,0.2636
28-MAY-2025,IVC,10.30,9.95,0.0346,0.0265,0.0265,0.5063
28-MAY-2025,IVP,183.87,187.26,-0.0183,0.0359,0.0359,0.6859
28-MAY-2025,IVZINGOLD,8412.50,8353.35,0.0071,0.0105,0.0104,0.1987
28-MAY-2025,IVZINNIFTY,2803.80,2808.72,-0.0018,0.0124,0.0124,0.2369
28-MAY-2025,IWEL,11593.00,11422.00,0.0149,0.0307,0.0306,0.5846
28-MAY-2025,IXIGO,173.15,173.97,-0.0047,0.0239,0.0238,0.4547
28-MAY-2025,IZMO,301.50,304.00,-0.0083,0.0349,0.0348,0.6649
28-MAY-2025,J&KBANK,100.95,100.32,0.0063,0.0276,0.0276,0.5273
28-MAY-2025,JAGRAN,82.93,80.02,0.0357,0.0206,0.0207,0.3955
28-MAY-2025,JAGSNPHARM,229.41,231.96,-0.0111,0.0376,0.0376,0.7183
28-MAY-2025,JAIBALAJI,105.20,106.88,-0.0158,0.0307,0.0306,0.5846
28-MAY-2025,JAICORPLTD,110.33,107.58,0.0252,0.0378,0.0377,0.7203
28-MAY-2025,JAIPURKURT,41.87,42.79,-0.0217,0.0381,0.0381,0.7279
28-MAY-2025,JAMNAAUTO,93.06,92.38,0.0073,0.0224,0.0223,0.4260
28-MAY-2025,JASH,546.50,565.05,-0.0334,0.0315,0.0315,0.6018
28-MAY-2025,JAYAGROGN,256.76,256.99,-0.0009,0.0267,0.0266,0.5082
28-MAY-2025,JAYBARMARU,77.98,78.33,-0.0045,0.0299,0.0298,0.5693
28-MAY-2025,JAYNECOIND,39.78,39.92,-0.0035,0.0344,0.0343,0.6553
28-MAY-2025,JAYSREETEA,106.08,105.28,0.0076,0.0276,0.0276,0.5273
28-MAY-2025,JBCHEPHARM,1667.50,1688.60,-0.0126,0.0190,0.0190,0.3630
28-MAY-2025,JBMA,722.35,728.80,-0.0089,0.0333,0.0332,0.6343
28-MAY-2025,JCHAC,1703.60,1726.70,-0.0135,0.0257,0.0257,0.4910
28-MAY-2025,JECOEXP,10.00,10.00,0.0000,0.0000,0.0000,0.0000
28-MAY-2025,JETFREIGHT,15.18,15.95,-0.0495,0.0371,0.0372,0.7107
28-MAY-2025,JGCHEM,381.40,371.05,0.0275,0.0316,0.0316,0.6037
28-MAY-2025,JHS,13.88,14.26,-0.0270,0.0338,0.0338,0.6457
28-MAY-2025,JINDALPHOT,911.30,905.40,0.0065,0.0315,0.0314,0.5999
28-MAY-2025,JINDALPOLY,629.05,641.75,-0.0200,0.0294,0.0294,0.5617
28-MAY-2025,JINDALSAW,213.49,214.43,-0.0044,0.0318,0.0317,0.6056
28-MAY-2025,JINDALSTEL,945.15,947.50,-0.0025,0.0207,0.0207,0.3955
28-MAY-2025,JINDRILL,664.10,681.90,-0.0265,0.0358,0.0358,0.6840
28-MAY-2025,JINDWORLD,60.89,61.12,-0.0038,0.0373,0.0372,0.7107
28-MAY-2025,JIOFIN,290.35,291.40,-0.0036,0.0216,0.0215,0.4108
28-MAY-2025,JISLDVREQS,30.04,29.85,0.0063,0.0324,0.0323,0.6171
28-MAY-2025,JISLJALEQS,57.79,57.27,0.0090,0.0329,0.0328,0.6266
28-MAY-2025,JITFINFRA,404.95,413.20,-0.0202,0.0341,0.0340,0.6496
28-MAY-2025,JKCEMENT,5453.00,5292.00,0.0300,0.0168,0.0169,0.3229
28-MAY-2025,JKIL,696.30,723.00,-0.0376,0.0262,0.0263,0.5025
28-MAY-2025,JKLAKSHMI,848.55,865.50,-0.0198,0.0201,0.0201,0.3840
28-MAY-2025,JKPAPER,368.45,366.35,0.0057,0.0249,0.0248,0.4738
28-MAY-2025,JKTYRE,376.20,375.90,0.0008,0.0253,0.0252,0.4814
28-MAY-2025,JLHL,1446.70,1433.20,0.0094,0.0182,0.0182,0.3477
28-MAY-2025,JMA,95.98,93.69,0.0241,0.0287,0.0286,0.5464
28-MAY-2025,JMFINANCIL,128.73,122.38,0.0506,0.0291,0.0293,0.5598
28-MAY-2025,JNKINDIA,355.35,366.00,-0.0295,0.0291,0.0291,0.5560
28-MAY-2025,JOCIL,159.64,160.61,-0.0061,0.0250,0.0249,0.4757
28-MAY-2025,JOTINDRA,2.70,2.70,0.0000,0.0478,0.0477,0.9113
28-MAY-2025,JPOLYINVST,883.45,894.45,-0.0124,0.0282,0.0281,0.5368
28-MAY-2025,JPPOWER,15.05,15.19,-0.0093,0.0300,0.0299,0.5712
28-MAY-2025,JSFB,484.50,489.10,-0.0094,0.0281,0.0280,0.5349
28-MAY-2025,JSL,647.05,647.85,-0.0012,0.0246,0.0245,0.4681
28-MAY-2025,JSWENERGY,496.25,497.35,-0.0022,0.0276,0.0275,0.5254
28-MAY-2025,JSWHL,23340.00,23475.00,-0.0058,0.1786,0.1782,3.4045
28-MAY-2025,JSWINFRA,287.25,286.45,0.0028,0.0239,0.0239,0.4566
28-MAY-2025,JSWSTEEL,1001.00,1013.70,-0.0126,0.0174,0.0174,0.3324
28-MAY-2025,JTEKTINDIA,139.45,139.08,0.0027,0.0259,0.0259,0.4948
28-MAY-2025,JTLIND,68.89,71.09,-0.0314,0.0324,0.0323,0.6171
28-MAY-2025,JUBLCPL,1581.80,1563.70,0.0115,0.0199,0.0199,0.3802
28-MAY-2025,JUBLFOOD,659.75,665.55,-0.0088,0.0199,0.0198,0.3783
28-MAY-2025,JUBLINGREA,704.90,678.10,0.0388,0.0276,0.0276,0.5273
28-MAY-2025,JUBLPHARMA,1132.00,1133.10,-0.0010,0.0285,0.0284,0.5426
28-MAY-2025,JUNIORBEES,715.92,717.60,-0.0023,0.0119,0.0119,0.2273
28-MAY-2025,JUNIPER,327.50,314.10,0.0418,0.0253,0.0254,0.4853
28-MAY-2025,JUSTDIAL,896.05,900.80,-0.0053,0.0280,0.0279,0.5330
28-MAY-2025,JWL,407.45,400.55,0.0171,0.0355,0.0354,0.6763
28-MAY-2025,JYOTHYLAB,344.55,341.50,0.0089,0.0234,0.0234,0.4471
28-MAY-2025,JYOTICNC,1238.30,1238.50,-0.0002,0.0317,0.0316,0.6037
28-MAY-2025,JYOTISTRUC,21.48,21.40,0.0037,0.0384,0.0384,0.7336
28-MAY-2025,KABIRDAS,1.00,1.00,0.0000,0.0000,0.0000,0.0000
28-MAY-2025,KABRAEXTRU,266.15,261.90,0.0161,0.0313,0.0312,0.5961
28-MAY-2025,KAJARIACER,1042.90,1021.80,0.0204,0.0190,0.0190,0.3630
28-MAY-2025,KAKATCEM,157.22,155.13,0.0134,0.0244,0.0243,0.4643
28-MAY-2025,KALAMANDIR,117.88,117.85,0.0003,0.0248,0.0247,0.4719
28-MAY-2025,KALYANI,119.30,119.30,0.0000,0.0000,0.0000,0.0000
28-MAY-2025,KALYANIFRG,777.50,789.00,-0.0147,0.0309,0.0308,0.5884
28-MAY-2025,KALYANKJIL,570.60,562.75,0.0139,0.0305,0.0304,0.5808
28-MAY-2025,KAMATHOTEL,235.58,241.87,-0.0263,0.0344,0.0343,0.6553
28-MAY-2025,KAMDHENU,33.00,30.96,0.0638,0.0354,0.0356,0.6801
28-MAY-2025,KAMINI,3.25,3.25,0.0000,0.0032,0.0032,0.0611
28-MAY-2025,KAMOPAINTS,11.82,11.70,0.0102,0.0357,0.0356,0.6801
28-MAY-2025,KANANIIND,2.20,2.18,0.0091,0.0332,0.0331,0.6324
28-MAY-2025,KANORICHEM,94.06,95.48,-0.0150,0.0306,0.0306,0.5846
28-MAY-2025,KANPRPLA,229.38,217.89,0.0514,0.0329,0.0331,0.6324
28-MAY-2025,KANSAINER,254.40,257.05,-0.0104,0.0161,0.0160,0.3057
28-MAY-2025,KAPSTON,246.04,247.93,-0.0077,0.0329,0.0328,0.6266
28-MAY-2025,KARMAENG,61.05,61.17,-0.0020,0.0349,0.0349,0.6668
28-MAY-2025,KARURVYSYA,222.36,226.77,-0.0196,0.0209,0.0209,0.3993
28-MAY-2025,KAUSHALYA,913.05,914.20,-0.0013,0.0285,0.0285,0.5445
28-MAY-2025,KAVVERITEL,51.52,51.68,-0.0031,0.0312,0.0311,0.5942
28-MAY-2025,KAYA,353.15,321.05,0.0953,0.0354,0.0360,0.6878
28-MAY-2025,KAYNES,5992.00,5978.00,0.0023,0.0326,0.0325,0.6209
28-MAY-2025,KBCGLOBAL,0.40,0.39,0.0253,0.0302,0.0302,0.5770
28-MAY-2025,KCP,227.03,223.23,0.0169,0.0281,0.0281,0.5368
28-MAY-2025,KCPSUGIND,39.94,39.37,0.0144,0.0321,0.0321,0.6133
28-MAY-2025,KDDL,2682.60,2725.20,-0.0158,0.0316,0.0316,0.6037
28-MAY-2025,KEC,875.10,861.75,0.0154,0.0289,0.0288,0.5502
28-MAY-2025,KECL,135.38,134.47,0.0067,0.0355,0.0354,0.6763
28-MAY-2025,KEEPLEARN,3.70,3.88,-0.0475,0.0379,0.0379,0.7241
28-MAY-2025,KEI,3638.10,3533.50,0.0292,0.0299,0.0299,0.5712
28-MAY-2025,KELLTONTEC,128.35,123.78,0.0363,0.0339,0.0339,0.6477
28-MAY-2025,KERNEX,1142.95,1088.30,0.0490,0.0364,0.0365,0.6973
28-MAY-2025,KESORAMIND,5.54,5.41,0.0237,0.0271,0.0270,0.5158
28-MAY-2025,KEYFINSERV,319.05,325.55,-0.0202,0.0483,0.0482,0.9209
28-MAY-2025,KFINTECH,1078.20,1079.20,-0.0009,0.0336,0.0336,0.6419
28-MAY-2025,KHADIM,298.70,299.55,-0.0028,0.0295,0.0294,0.5617
28-MAY-2025,KHAICHEM,79.19,77.43,0.0225,0.0332,0.0331,0.6324
28-MAY-2025,KHAITANLTD,152.07,153.95,-0.0123,0.0407,0.0407,0.7776
28-MAY-2025,KHANDSE,23.03,23.20,-0.0074,0.0391,0.0390,0.7451
28-MAY-2025,KICL,4998.00,5000.50,-0.0005,0.0291,0.0290,0.5540
28-MAY-2025,KILITCH,461.40,488.30,-0.0567,0.0271,0.0273,0.5216
28-MAY-2025,KIMS,651.80,654.20,-0.0037,0.0184,0.0184,0.3515
28-MAY-2025,KINGFA,3468.90,3412.50,0.0164,0.0292,0.0291,0.5560
28-MAY-2025,KIOCL,292.05,281.15,0.0380,0.0357,0.0357,0.6820
28-MAY-2025,KIRIINDUS,696.60,688.40,0.0118,0.0312,0.0312,0.5961
28-MAY-2025,KIRLOSBROS,1748.00,1816.70,-0.0385,0.0331,0.0331,0.6324
28-MAY-2025,KIRLOSENG,852.70,861.25,-0.0100,0.0281,0.0280,0.5349
28-MAY-2025,KIRLOSIND,3740.60,3526.60,0.0589,0.0254,0.0257,0.4910
28-MAY-2025,KIRLPNU,1278.70,1267.70,0.0086,0.0316,0.0315,0.6018
28-MAY-2025,KITEX,279.64,290.45,-0.0379,0.0370,0.0371,0.7088
28-MAY-2025,KKCL,435.20,440.80,-0.0128,0.0201,0.0201,0.3840
28-MAY-2025,KMEW,1589.80,1529.00,0.0390,0.0336,0.0336,0.6419
28-MAY-2025,KMSUGAR,29.85,29.56,0.0098,0.0283,0.0282,0.5388
28-MAY-2025,KNRCON,220.16,221.33,-0.0053,0.0250,0.0250,0.4776
28-MAY-2025,KOHINOOR,38.64,38.14,0.0130,0.0347,0.0346,0.6610
28-MAY-2025,KOKUYOCMLN,110.92,110.71,0.0019,0.0264,0.0263,0.5025
28-MAY-2025,KOLTEPATIL,406.50,408.20,-0.0042,0.0262,0.0261,0.4986
28-MAY-2025,KOPRAN,183.24,185.04,-0.0098,0.0330,0.0330,0.6305
28-MAY-2025,KOTAKBANK,2074.30,2077.60,-0.0016,0.0150,0.0150,0.2866
28-MAY-2025,KOTARISUG,39.92,39.91,0.0003,0.0266,0.0265,0.5063
28-MAY-2025,KOTHARIPET,165.82,165.95,-0.0008,0.0322,0.0321,0.6133
28-MAY-2025,KOTHARIPRO,87.27,86.38,0.0103,0.0324,0.0324,0.6190
28-MAY-2025,KPEL,486.80,479.65,0.0148,0.0356,0.0355,0.6782
28-MAY-2025,KPIGREEN,468.60,469.15,-0.0012,0.0338,0.0337,0.6438
28-MAY-2025,KPIL,1126.50,1116.70,0.0087,0.0258,0.0257,0.4910
28-MAY-2025,KPITTECH,1331.70,1329.80,0.0014,0.0259,0.0258,0.4929
28-MAY-2025,KPRMILL,1147.45,1156.40,-0.0078,0.0254,0.0253,0.4834
28-MAY-2025,KRBL,365.85,361.70,0.0114,0.0225,0.0224,0.4280
28-MAY-2025,KREBSBIO,74.60,74.13,0.0063,0.0350,0.0349,0.6668
28-MAY-2025,KRIDHANINF,4.03,4.07,-0.0099,0.0389,0.0388,0.7413
28-MAY-2025,KRISHANA,397.90,403.00,-0.0127,0.0243,0.0242,0.4623
28-MAY-2025,KRITI,150.71,149.23,0.0099,0.0357,0.0357,0.6820
28-MAY-2025,KRITIKA,9.87,10.05,-0.0181,0.0289,0.0289,0.5521
28-MAY-2025,KRITINUT,111.38,111.12,0.0023,0.0377,0.0376,0.7183
28-MAY-2025,KRN,771.75,758.90,0.0168,0.0299,0.0299,0.5712
28-MAY-2025,KRONOX,165.01,164.26,0.0046,0.0254,0.0254,0.4853
28-MAY-2025,KROSS,175.84,174.81,0.0059,0.0236,0.0236,0.4509
28-MAY-2025,KRSNAA,641.00,648.85,-0.0122,0.0250,0.0249,0.4757
28-MAY-2025,KRYSTAL,590.95,598.25,-0.0123,0.0294,0.0293,0.5598
28-MAY-2025,KSB,827.70,830.65,-0.0036,0.0215,0.0214,0.4088
28-MAY-2025,KSCL,1497.00,1493.40,0.0024,0.0297,0.0296,0.5655
28-MAY-2025,KSHITIJPOL,3.40,3.41,-0.0029,0.0316,0.0315,0.6018
28-MAY-2025,KSL,799.15,800.50,-0.0017,0.0289,0.0288,0.5502
28-MAY-2025,KSOLVES,322.75,316.00,0.0211,0.0305,0.0305,0.5827
28-MAY-2025,KTKBANK,195.62,196.37,-0.0038,0.0208,0.0207,0.3955
28-MAY-2025,KUANTUM,115.04,112.55,0.0219,0.0261,0.0260,0.4967
28-MAY-2025,LAFFANSOFT,10.00,10.00,0.0000,0.0000,0.0000,0.0000
28-MAY-2025,LAGNAM,108.23,108.90,-0.0062,0.0340,0.0339,0.6477
28-MAY-2025,LAKPRE,4.96,4.96,0.0000,0.0438,0.0436,0.8330
28-MAY-2025,LAL,12.93,12.33,0.0475,0.0324,0.0325,0.6209
28-MAY-2025,LALPATHLAB,2826.80,2848.80,-0.0078,0.0182,0.0182,0.3477
28-MAY-2025,LAMBODHARA,142.66,141.43,0.0087,0.0388,0.0387,0.7394
28-MAY-2025,LANCORHOL,22.35,22.00,0.0158,0.0336,0.0335,0.6400
28-MAY-2025,LANDMARK,459.40,461.80,-0.0052,0.0249,0.0249,0.4757
28-MAY-2025,LAOPALA,246.41,242.89,0.0144,0.0237,0.0236,0.4509
28-MAY-2025,LASA,15.88,15.97,-0.0057,0.0352,0.0352,0.6725
28-MAY-2025,LATENTVIEW,420.35,419.75,0.0014,0.0227,0.0226,0.4318
28-MAY-2025,LATTEYS,23.02,22.57,0.0197,0.0299,0.0299,0.5712
28-MAY-2025,LAURUSLABS,610.50,601.80,0.0144,0.0232,0.0231,0.4413
28-MAY-2025,LAXMICOT,26.44,26.69,-0.0094,0.0375,0.0374,0.7145
28-MAY-2025,LAXMIDENTL,373.15,381.15,-0.0212,0.0216,0.0216,0.4127
28-MAY-2025,LCCINFOTEC,5.22,5.46,-0.0450,0.0352,0.0352,0.6725
28-MAY-2025,LEMONTREE,141.16,139.85,0.0093,0.0237,0.0237,0.4528
28-MAY-2025,LEXUS,31.34,31.48,-0.0045,0.0319,0.0318,0.6075
28-MAY-2025,LFIC,227.99,218.37,0.0431,0.0385,0.0385,0.7355
28-MAY-2025,LGBBROSLTD,1297.30,1334.70,-0.0284,0.0212,0.0212,0.4050
28-MAY-2025,LGHL,555.75,554.35,0.0025,0.0284,0.0283,0.5407
28-MAY-2025,LIBAS,13.32,13.81,-0.0361,0.0307,0.0307,0.5865
28-MAY-2025,LIBERTSHOE,460.70,458.20,0.0054,0.0346,0.0345,0.6591
28-MAY-2025,LICHSGFIN,594.15,600.85,-0.0112,0.0207,0.0207,0.3955
28-MAY-2025,LICI,942.05,871.25,0.0781,0.0189,0.0197,0.3764
28-MAY-2025,LICMFGOLD,8680.65,8658.50,0.0026,0.0104,0.0104,0.1987
28-MAY-2025,LICNETFGSC,28.62,28.48,0.0049,0.0046,0.0046,0.0879
28-MAY-2025,LICNETFN50,272.50,273.61,-0.0041,0.0106,0.0106,0.2025
28-MAY-2025,LICNETFSEN,913.85,912.99,0.0009,0.0159,0.0159,0.3038
28-MAY-2025,LICNFNHGP,281.74,282.98,-0.0044,0.0158,0.0157,0.2999
28-MAY-2025,LICNMID100,57.71,57.82,-0.0019,0.0148,0.0148,0.2828
28-MAY-2025,LIKHITHA,267.20,266.20,0.0037,0.0279,0.0279,0.5330
28-MAY-2025,LINC,148.06,153.69,-0.0373,0.0311,0.0312,0.5961
28-MAY-2025,LINCOLN,549.75,549.20,0.0010,0.0288,0.0288,0.5502
28-MAY-2025,LINDEINDIA,7588.50,7519.00,0.0092,0.0250,0.0249,0.4757
28-MAY-2025,LIQUID,999.99,999.99,0.0000,0.0000,0.0000,0.0000
28-MAY-2025,LIQUID1,1052.14,1051.99,0.0001,0.0002,0.0002,0.0038
28-MAY-2025,LIQUIDADD,1074.37,1074.22,0.0001,0.0003,0.0003,0.0057
28-MAY-2025,LIQUIDBEES,999.99,999.99,0.0000,0.0001,0.0001,0.0019
28-MAY-2025,LIQUIDBETF,1032.25,1032.10,0.0001,0.0021,0.0021,0.0401
28-MAY-2025,LIQUIDCASE,108.76,108.74,0.0002,0.0003,0.0003,0.0057
28-MAY-2025,LIQUIDETF,999.99,999.99,0.0000,0.0000,0.0000,0.0000
28-MAY-2025,LIQUIDIETF,999.99,999.99,0.0000,0.0002,0.0002,0.0038
28-MAY-2025,LIQUIDPLUS,1034.21,1034.06,0.0001,0.0002,0.0002,0.0038
28-MAY-2025,LIQUIDSBI,1000.00,999.99,0.0000,0.0002,0.0002,0.0038
28-MAY-2025,LIQUIDSHRI,1054.72,1054.59,0.0001,0.0002,0.0002,0.0038
28-MAY-2025,LLOYDSENGG,56.20,53.39,0.0513,0.0360,0.0361,0.6897
28-MAY-2025,LLOYDSENT,55.44,55.05,0.0071,0.0354,0.0353,0.6744
28-MAY-2025,LLOYDSME,1356.00,1357.50,-0.0011,0.0266,0.0265,0.5063
28-MAY-2025,LMW,17523.00,17569.00,-0.0026,0.0186,0.0185,0.3534
28-MAY-2025,LODHA,1467.80,1453.40,0.0099,0.0285,0.0285,0.5445
28-MAY-2025,LOGICINFO,10.00,10.00,0.0000,0.0000,0.0000,0.0000
28-MAY-2025,LOKESHMACH,175.50,175.50,0.0000,0.0345,0.0344,0.6572
28-MAY-2025,LORDSCHLO,140.08,140.51,-0.0031,0.0301,0.0300,0.5731
28-MAY-2025,LOTUSEYE,72.95,72.48,0.0065,0.0318,0.0317,0.6056
28-MAY-2025,LOVABLE,101.13,101.52,-0.0038,0.0282,0.0281,0.5368
28-MAY-2025,LOWVOL,200.22,201.45,-0.0061,0.0086,0.0086,0.1643
28-MAY-2025,LOWVOL1,20.45,20.45,0.0000,0.0103,0.0103,0.1968
28-MAY-2025,LOWVOLIETF,21.47,21.65,-0.0083,0.0098,0.0098,0.1872
28-MAY-2025,LOYALTEX,295.00,288.50,0.0223,0.0347,0.0346,0.6610
28-MAY-2025,LPDC,8.47,8.34,0.0155,0.0404,0.0403,0.7699
28-MAY-2025,LT,3646.30,3640.30,0.0016,0.0169,0.0169,0.3229
28-MAY-2025,LTF,174.34,172.30,0.0118,0.0213,0.0213,0.4069
28-MAY-2025,LTFOODS,422.40,412.40,0.0240,0.0288,0.0288,0.5502
28-MAY-2025,LTGILTBEES,28.96,28.93,0.0010,0.0021,0.0021,0.0401
28-MAY-2025,LTIM,5099.30,5107.60,-0.0016,0.0194,0.0194,0.3706
28-MAY-2025,LTTS,4391.80,4445.90,-0.0122,0.0203,0.0203,0.3878
28-MAY-2025,LUMAXIND,2809.80,2795.40,0.0051,0.0218,0.0218,0.4165
28-MAY-2025,LUMAXTECH,663.95,685.40,-0.0318,0.0265,0.0265,0.5063
28-MAY-2025,LUPIN,1941.60,1970.20,-0.0146,0.0186,0.0186,0.3554
28-MAY-2025,LUXIND,1523.50,1526.20,-0.0018,0.0272,0.0271,0.5177
28-MAY-2025,LXCHEM,193.59,194.06,-0.0024,0.0230,0.0229,0.4375
28-MAY-2025,LYKALABS,115.29,114.89,0.0035,0.0289,0.0288,0.5502
28-MAY-2025,LYPSAGEMS,7.72,7.86,-0.0180,0.0383,0.0382,0.7298
28-MAY-2025,M&M,2997.80,3039.80,-0.0139,0.0194,0.0194,0.3706
28-MAY-2025,M&MFIN,262.80,258.20,0.0177,0.0200,0.0200,0.3821
28-MAY-2025,M&MFIN-RE1,69.85,63.65,0.0930,0.0030,0.0072,0.1376
28-MAY-2025,MAANALU,119.08,120.22,-0.0095,0.0348,0.0347,0.6629
28-MAY-2025,MACPOWER,924.95,910.00,0.0163,0.0372,0.0371,0.7088
28-MAY-2025,MADHAV,47.66,46.79,0.0184,0.0324,0.0323,0.6171
28-MAY-2025,MADHUCON,8.03,8.41,-0.0462,0.0340,0.0340,0.6496
28-MAY-2025,MADRASFERT,95.79,98.50,-0.0279,0.0301,0.0301,0.5751
28-MAY-2025,MAFANG,136.95,136.21,0.0054,0.0193,0.0193,0.3687
28-MAY-2025,MAGADSUGAR,746.20,722.80,0.0319,0.0321,0.0321,0.6133
28-MAY-2025,MAGNUM,27.74,27.93,-0.0068,0.0349,0.0348,0.6649
28-MAY-2025,MAHABANK,51.17,50.96,0.0041,0.0249,0.0249,0.4757
28-MAY-2025,MAHAPEXLTD,118.53,118.77,-0.0020,0.0303,0.0302,0.5770
28-MAY-2025,MAHASTEEL,328.65,313.10,0.0485,0.0272,0.0273,0.5216
28-MAY-2025,MAHEPC,144.96,141.46,0.0244,0.0302,0.0302,0.5770
28-MAY-2025,MAHESHWARI,58.28,57.81,0.0081,0.0242,0.0242,0.4623
28-MAY-2025,MAHKTECH,22.45,22.78,-0.0146,0.0248,0.0247,0.4719
28-MAY-2025,MAHLIFE,337.50,337.00,0.0015,0.0225,0.0224,0.4280
28-MAY-2025,MAHLOG,321.55,320.60,0.0030,0.0221,0.0221,0.4222
28-MAY-2025,MAHSCOOTER,13267.00,13885.00,-0.0455,0.0233,0.0234,0.4471
28-MAY-2025,MAHSEAMLES,702.25,705.20,-0.0042,0.0255,0.0255,0.4872
28-MAY-2025,MAITHANALL,1119.65,1109.35,0.0092,0.0231,0.0231,0.4413
28-MAY-2025,MAKEINDIA,143.45,143.49,-0.0003,0.0113,0.0112,0.2140
28-MAY-2025,MALLCOM,1119.00,1141.10,-0.0196,0.0300,0.0300,0.5731
28-MAY-2025,MALUPAPER,39.87,39.31,0.0141,0.0361,0.0360,0.6878
28-MAY-2025,MAMATA,413.70,401.05,0.0311,0.0254,0.0254,0.4853
28-MAY-2025,MANAKALUCO,26.84,27.12,-0.0104,0.0411,0.0410,0.7833
28-MAY-2025,MANAKCOAT,101.82,97.21,0.0463,0.0313,0.0314,0.5999
28-MAY-2025,MANAKSIA,73.76,72.93,0.0113,0.0269,0.0269,0.5139
28-MAY-2025,MANAKSTEEL,65.50,62.39,0.0486,0.0389,0.0389,0.7432
28-MAY-2025,MANALIPETC,57.33,56.15,0.0208,0.0248,0.0247,0.4719
28-MAY-2025,MANAPPURAM,232.07,231.81,0.0011,0.0249,0.0248,0.4738
28-MAY-2025,MANBA,136.48,134.99,0.0110,0.0204,0.0203,0.3878
28-MAY-2025,MANCREDIT,195.02,189.27,0.0299,0.0205,0.0205,0.3917
28-MAY-2025,MANGALAM,80.73,80.48,0.0031,0.0295,0.0294,0.5617
28-MAY-2025,MANGCHEFER,265.36,261.67,0.0140,0.0280,0.0280,0.5349
28-MAY-2025,MANGLMCEM,828.95,825.45,0.0042,0.0247,0.0246,0.4700
28-MAY-2025,MANINDS,354.05,367.35,-0.0369,0.0350,0.0350,0.6687
28-MAY-2025,MANINFRA,162.74,160.28,0.0152,0.0270,0.0269,0.5139
28-MAY-2025,MANKIND,2483.80,2454.80,0.0117,0.0203,0.0202,0.3859
28-MAY-2025,MANOMAY,167.40,172.86,-0.0321,0.0312,0.0312,0.5961
28-MAY-2025,MANORAMA,1389.70,1375.00,0.0106,0.0351,0.0350,0.6687
28-MAY-2025,MANORG,575.45,578.80,-0.0058,0.0316,0.0315,0.6018
28-MAY-2025,MANUGRAPH,19.09,18.80,0.0153,0.0393,0.0393,0.7508
28-MAY-2025,MANYAVAR,771.05,763.55,0.0098,0.0216,0.0215,0.4108
28-MAY-2025,MAPMYINDIA,1918.90,1944.20,-0.0131,0.0244,0.0244,0.4662
28-MAY-2025,MARALOVER,77.16,75.54,0.0212,0.0364,0.0364,0.6954
28-MAY-2025,MARATHON,486.85,495.20,-0.0170,0.0313,0.0312,0.5961
28-MAY-2025,MARBLE,123.35,123.35,0.0000,0.0000,0.0000,0.0000
28-MAY-2025,MARICO,719.30,715.65,0.0051,0.0153,0.0153,0.2923
28-MAY-2025,MARINE,210.74,218.90,-0.0380,0.0357,0.0357,0.6820
28-MAY-2025,MARKSANS,250.26,251.99,-0.0069,0.0328,0.0328,0.6266
28-MAY-2025,MARSHALL,11.06,11.18,-0.0108,0.0324,0.0324,0.6190
28-MAY-2025,MARUTI,12331.00,12414.00,-0.0067,0.0138,0.0137,0.2617
28-MAY-2025,MASFIN,291.55,292.65,-0.0038,0.0197,0.0196,0.3745
28-MAY-2025,MASKINVEST,163.70,169.57,-0.0352,0.0368,0.0368,0.7031
28-MAY-2025,MASPTOP50,54.14,54.67,-0.0097,0.0192,0.0192,0.3668
28-MAY-2025,MASTEK,2248.10,2300.70,-0.0231,0.0263,0.0263,0.5025
28-MAY-2025,MASTERTR,166.65,155.36,0.0702,0.0328,0.0331,0.6324
28-MAY-2025,MATRIMONY,502.90,498.65,0.0085,0.0212,0.0212,0.4050
28-MAY-2025,MAWANASUG,98.81,98.30,0.0052,0.0244,0.0243,0.4643
28-MAY-2025,MAXESTATES,513.65,505.40,0.0162,0.0296,0.0296,0.5655
28-MAY-2025,MAXHEALTH,1149.00,1159.40,-0.0090,0.0238,0.0238,0.4547
28-MAY-2025,MAXIND,183.94,184.26,-0.0017,0.0286,0.0286,0.5464
28-MAY-2025,MAXPLUS,10.00,10.00,0.0000,0.0000,0.0000,0.0000
28-MAY-2025,MAYURUNIQ,585.35,582.65,0.0046,0.0232,0.0232,0.4432
28-MAY-2025,MAZDA,277.00,274.67,0.0084,0.0307,0.0306,0.5846
28-MAY-2025,MAZDOCK,3663.90,3623.20,0.0112,0.0369,0.0368,0.7031
28-MAY-2025,MBAPL,316.65,322.20,-0.0174,0.0250,0.0250,0.4776
28-MAY-2025,MBLINFRA,43.91,43.33,0.0133,0.0384,0.0383,0.7317
28-MAY-2025,MCL,60.10,60.13,-0.0005,0.0359,0.0358,0.6840
28-MAY-2025,MCLEODRUSS,32.34,32.95,-0.0187,0.0374,0.0374,0.7145
28-MAY-2025,MCLOUD,78.26,77.27,0.0127,0.0368,0.0367,0.7012
28-MAY-2025,MCX,6464.00,6423.50,0.0063,0.0262,0.0261,0.4986
28-MAY-2025,MEDANTA,1210.20,1210.30,-0.0001,0.0215,0.0214,0.4088
28-MAY-2025,MEDIA,0.50,0.50,0.0000,0.0002,0.0002,0.0038
28-MAY-2025,MEDIASSIST,497.35,513.25,-0.0315,0.0223,0.0224,0.4280
28-MAY-2025,MEDICAMEQ,432.60,429.35,0.0075,0.0343,0.0342,0.6534
28-MAY-2025,MEDICO,53.81,53.49,0.0060,0.0361,0.0360,0.6878
28-MAY-2025,MEDPLUS,965.80,949.30,0.0172,0.0211,0.0211,0.4031
28-MAY-2025,MEGASOFT,83.26,82.23,0.0124,0.0359,0.0359,0.6859
28-MAY-2025,MEGASTAR,250.03,253.81,-0.0150,0.0285,0.0284,0.5426
28-MAY-2025,MENONBE,120.66,121.32,-0.0055,0.0253,0.0252,0.4814
28-MAY-2025,MEP,1.96,1.93,0.0154,0.0334,0.0333,0.6362
28-MAY-2025,MEPL,10.10,10.10,0.0000,0.0000,0.0000,0.0000
28-MAY-2025,METAL,9.25,9.29,-0.0043,0.0129,0.0129,0.2465
28-MAY-2025,METALIETF,9.22,9.28,-0.0065,0.0129,0.0128,0.2445
28-MAY-2025,METROBRAND,1206.00,1199.90,0.0051,0.0200,0.0200,0.3821
28-MAY-2025,METROPOLIS,1671.10,1669.60,0.0009,0.0186,0.0185,0.3534
28-MAY-2025,MFML,30.18,31.25,-0.0348,0.0302,0.0302,0.5770
28-MAY-2025,MFSL,1503.40,1484.10,0.0129,0.0180,0.0180,0.3439
28-MAY-2025,MGEL,12.26,13.10,-0.0663,0.0380,0.0382,0.7298
28-MAY-2025,MGL,1357.80,1334.60,0.0172,0.0243,0.0243,0.4643
28-MAY-2025,MGLFL,10.00,10.00,0.0000,0.0000,0.0000,0.0000
28-MAY-2025,MHLXMIRU,222.64,229.00,-0.0282,0.0383,0.0382,0.7298
28-MAY-2025,MHRIL,357.25,372.80,-0.0426,0.0216,0.0218,0.4165
28-MAY-2025,MICEL,57.95,58.22,-0.0046,0.0417,0.0416,0.7948
28-MAY-2025,MID150,21.42,21.27,0.0070,0.0134,0.0134,0.2560
28-MAY-2025,MID150BEES,216.63,216.63,0.0000,0.0116,0.0115,0.2197
28-MAY-2025,MID150CASE,10.46,10.46,0.0000,0.0097,0.0097,0.1853
28-MAY-2025,MIDCAP,162.09,162.15,-0.0004,0.0122,0.0122,0.2331
28-MAY-2025,MIDCAPETF,21.40,21.35,0.0023,0.0120,0.0120,0.2293
28-MAY-2025,MIDCAPIETF,21.65,21.61,0.0018,0.0116,0.0115,0.2197
28-MAY-2025,MIDHANI,418.20,416.15,0.0049,0.0312,0.0312,0.5961
28-MAY-2025,MIDQ50ADD,248.19,248.37,-0.0007,0.0104,0.0103,0.1968
28-MAY-2025,MIDSELIETF,17.15,17.19,-0.0023,0.0140,0.0139,0.2656
28-MAY-2025,MIDSMALL,49.22,49.18,0.0008,0.0125,0.0125,0.2388
28-MAY-2025,MILIND,69.95,69.95,0.0000,0.0000,0.0000,0.0000
28-MAY-2025,MINDACORP,540.10,550.50,-0.0191,0.0247,0.0247,0.4719
28-MAY-2025,MINDSPACE,400.25,393.32,0.0175,0.0099,0.0100,0.1910
28-MAY-2025,MINDTECK,249.35,233.32,0.0664,0.0414,0.0416,0.7948
28-MAY-2025,MIRCELECTR,14.79,14.50,0.0198,0.0358,0.0357,0.6820
28-MAY-2025,MIRZAINT,31.17,31.38,-0.0067,0.0289,0.0288,0.5502
28-MAY-2025,MITCON,84.93,81.75,0.0382,0.0367,0.0367,0.7012
28-MAY-2025,MITTAL,1.62,1.64,-0.0123,0.0342,0.0341,0.6515
28-MAY-2025,MKPL,7.17,7.15,0.0028,0.0313,0.0312,0.5961
28-MAY-2025,MMFL,357.15,354.55,0.0073,0.0246,0.0245,0.4681
28-MAY-2025,MMP,244.35,247.09,-0.0112,0.0289,0.0289,0.5521
28-MAY-2025,MMTC,69.42,63.88,0.0832,0.0331,0.0335,0.6400
28-MAY-2025,MNC,28.60,28.67,-0.0024,0.0102,0.0101,0.1930
28-MAY-2025,MOBIKWIK,271.10,270.00,0.0041,0.0301,0.0300,0.5731
28-MAY-2025,MOCAPITAL,41.41,41.10,0.0075,0.0109,0.0109,0.2082
28-MAY-2025,MODEFENCE,95.81,95.10,0.0074,0.0168,0.0167,0.3191
28-MAY-2025,MODIRUBBER,131.54,131.69,-0.0011,0.0337,0.0336,0.6419
28-MAY-2025,MODISONLTD,160.69,152.25,0.0540,0.0335,0.0336,0.6419
28-MAY-2025,MODTHREAD,49.26,51.06,-0.0359,0.0867,0.0865,1.6526
28-MAY-2025,MOGSEC,61.92,61.75,0.0027,0.0061,0.0061,0.1165
28-MAY-2025,MOHEALTH,42.97,43.04,-0.0016,0.0111,0.0110,0.2102
28-MAY-2025,MOHITIND,32.75,33.07,-0.0097,0.0323,0.0322,0.6152
28-MAY-2025,MOIL,378.10,375.85,0.0060,0.0291,0.0290,0.5540
28-MAY-2025,MOINFRA,60.19,59.56,0.0105,0.0011,0.0013,0.0248
28-MAY-2025,MOKSH,15.13,14.47,0.0446,0.0369,0.0370,0.7069
28-MAY-2025,MOL,81.27,80.99,0.0035,0.0274,0.0273,0.5216
28-MAY-2025,MOLDTECH,145.71,146.68,-0.0066,0.0309,0.0308,0.5884
28-MAY-2025,MOLDTKPAC,640.30,636.50,0.0060,0.0207,0.0207,0.3955
28-MAY-2025,MOLIND,3.20,3.20,0.0000,0.0000,0.0000,0.0000
28-MAY-2025,MOLOWVOL,37.11,37.37,-0.0070,0.0095,0.0095,0.1815
28-MAY-2025,MOM100,61.27,61.25,0.0003,0.0123,0.0123,0.2350
28-MAY-2025,MOM30IETF,30.82,30.99,-0.0055,0.0130,0.0130,0.2484
28-MAY-2025,MOM50,255.35,255.56,-0.0008,0.0090,0.0090,0.1719
28-MAY-2025,MOMENTUM,30.73,30.86,-0.0042,0.0124,0.0123,0.2350
28-MAY-2025,MOMENTUM50,51.87,51.87,0.0000,0.0120,0.0120,0.2293
28-MAY-2025,MOMGF,141.06,141.48,-0.0030,0.0000,0.0002,0.0038
28-MAY-2025,MOMOMENTUM,61.42,61.70,-0.0045,0.0133,0.0133,0.2541
28-MAY-2025,MON100,178.24,176.68,0.0088,0.0153,0.0153,0.2923
28-MAY-2025,MON50EQUAL,31.00,31.15,-0.0048,0.0030,0.0030,0.0573
28-MAY-2025,MONARCH,311.10,307.20,0.0126,0.0291,0.0291,0.5560
28-MAY-2025,MONEXT50,66.35,66.56,-0.0032,0.0021,0.0021,0.0401
28-MAY-2025,MONIFTY500,23.10,23.06,0.0017,0.0089,0.0089,0.1700
28-MAY-2025,MONQ50,73.85,73.29,0.0076,0.0176,0.0176,0.3362
28-MAY-2025,MONTECARLO,606.05,593.10,0.0216,0.0252,0.0251,0.4795
28-MAY-2025,MOQUALITY,192.66,193.32,-0.0034,0.0129,0.0128,0.2445
28-MAY-2025,MOREALTY,94.24,94.40,-0.0017,0.0166,0.0165,0.3152
28-MAY-2025,MOREPENLAB,65.36,66.66,-0.0197,0.0341,0.0341,0.6515
28-MAY-2025,MOSCHIP,166.56,169.12,-0.0153,0.0365,0.0365,0.6973
28-MAY-2025,MOSMALL250,16.69,16.63,0.0036,0.0123,0.0123,0.2350
28-MAY-2025,MOTHERSON,148.70,148.33,0.0025,0.0229,0.0229,0.4375
28-MAY-2025,MOTILALOFS,788.85,778.30,0.0135,0.0331,0.0331,0.6324
28-MAY-2025,MOTISONS,16.97,16.96,0.0006,0.0317,0.0316,0.6037
28-MAY-2025,MOTOGENFIN,28.25,27.15,0.0397,0.0314,0.0315,0.6018
28-MAY-2025,MOVALUE,102.25,101.89,0.0035,0.0142,0.0141,0.2694
28-MAY-2025,MPHASIS,2531.50,2537.80,-0.0025,0.0216,0.0215,0.4108
28-MAY-2025,MPSLTD,2641.00,2648.20,-0.0027,0.0335,0.0334,0.6381
28-MAY-2025,MRF,142785.00,143985.00,-0.0084,0.0134,0.0134,0.2560
28-MAY-2025,MRPL,148.83,140.64,0.0566,0.0301,0.0303,0.5789
28-MAY-2025,MSCIINDIA,29.25,29.32,-0.0024,0.0070,0.0069,0.1318
28-MAY-2025,MSPL,28.24,27.16,0.0390,0.0301,0.0302,0.5770
28-MAY-2025,MSTCLTD,542.15,548.65,-0.0119,0.0320,0.0319,0.6094
28-MAY-2025,MSUMI,58.87,59.35,-0.0081,0.0159,0.0159,0.3038
28-MAY-2025,MTARTECH,1656.90,1649.40,0.0045,0.0256,0.0255,0.4872
28-MAY-2025,MTEDUCARE,2.23,2.18,0.0227,0.0302,0.0302,0.5770
28-MAY-2025,MTNL,49.53,47.79,0.0358,0.0397,0.0396,0.7566
28-MAY-2025,MUFIN,79.71,80.96,-0.0156,0.0329,0.0328,0.6266
28-MAY-2025,MUFTI,175.26,177.93,-0.0151,0.0292,0.0291,0.5560
28-MAY-2025,MUKANDLTD,120.69,119.41,0.0107,0.0282,0.0282,0.5388
28-MAY-2025,MUKKA,30.82,30.76,0.0019,0.0241,0.0241,0.4604
28-MAY-2025,MUKTAARTS,82.53,85.09,-0.0305,0.0325,0.0325,0.6209
28-MAY-2025,MULTICAP,15.88,15.84,0.0025,0.0088,0.0088,0.1681
28-MAY-2025,MUNJALAU,85.20,86.14,-0.0110,0.0295,0.0295,0.5636
28-MAY-2025,MUNJALSHOW,146.98,146.14,0.0057,0.0240,0.0240,0.4585
28-MAY-2025,MURUDCERA,40.39,40.80,-0.0101,0.0307,0.0306,0.5846
28-MAY-2025,MUTHOOTCAP,290.50,290.80,-0.0010,0.0259,0.0258,0.4929
28-MAY-2025,MUTHOOTFIN,2092.40,2062.60,0.0143,0.0193,0.0193,0.3687
28-MAY-2025,MUTHOOTMF,128.93,129.01,-0.0006,0.0223,0.0223,0.4260
28-MAY-2025,MVGJL,241.82,234.13,0.0323,0.0341,0.0341,0.6515
28-MAY-2025,NACLIND,186.97,182.06,0.0266,0.0385,0.0384,0.7336
28-MAY-2025,NAGAFERT,5.54,5.30,0.0443,0.0338,0.0339,0.6477
28-MAY-2025,NAGREEKCAP,26.92,26.94,-0.0007,0.0369,0.0369,0.7050
28-MAY-2025,NAGREEKEXP,30.38,30.15,0.0076,0.0367,0.0366,0.6992
28-MAY-2025,NAHARCAP,296.25,294.60,0.0056,0.0282,0.0281,0.5368
28-MAY-2025,NAHARINDUS,134.40,136.14,-0.0129,0.0293,0.0292,0.5579
28-MAY-2025,NAHARPOLY,321.97,355.10,-0.0979,0.0350,0.0356,0.6801
28-MAY-2025,NAHARSPING,284.83,292.44,-0.0264,0.0306,0.0306,0.5846
28-MAY-2025,NAM-INDIA,734.85,745.15,-0.0139,0.0271,0.0270,0.5158
28-MAY-2025,NANDINI,14.00,14.00,0.0000,0.0000,0.0000,0.0000
28-MAY-2025,NARMADA,17.95,18.45,-0.0275,0.0285,0.0285,0.5445
28-MAY-2025,NATCAPSUQ,204.17,204.11,0.0003,0.0277,0.0276,0.5273
28-MAY-2025,NATCOPHARM,862.30,878.65,-0.0188,0.0258,0.0258,0.4929
28-MAY-2025,NATHBIOGEN,190.49,192.07,-0.0083,0.0243,0.0243,0.4643
28-MAY-2025,NATIONALUM,183.27,181.95,0.0072,0.0289,0.0288,0.5502
28-MAY-2025,NAUKRI,1433.00,1452.50,-0.0135,0.0219,0.0218,0.4165
28-MAY-2025,NAVA,458.70,458.70,0.0000,0.0315,0.0314,0.5999
28-MAY-2025,NAVINFLUOR,4294.00,4249.90,0.0103,0.0197,0.0197,0.3764
28-MAY-2025,NAVKARCORP,107.50,108.02,-0.0048,0.0363,0.0362,0.6916
28-MAY-2025,NAVKARURB,2.70,2.84,-0.0506,0.0202,0.0205,0.3917
28-MAY-2025,NAVNETEDUL,142.13,142.67,-0.0038,0.0206,0.0205,0.3917
28-MAY-2025,NAWRATAN,10.00,10.00,0.0000,0.0000,0.0000,0.0000
28-MAY-2025,NAZARA,1274.70,1280.90,-0.0049,0.0238,0.0237,0.4528
28-MAY-2025,NBCC,115.60,114.96,0.0056,0.0320,0.0319,0.6094
28-MAY-2025,NBIFIN,2447.90,2480.00,-0.0130,0.0264,0.0263,0.5025
28-MAY-2025,NCC,237.49,234.09,0.0144,0.0293,0.0292,0.5579
28-MAY-2025,NCCL,12.10,12.10,0.0000,0.0000,0.0000,0.0000
28-MAY-2025,NCLIND,215.08,217.53,-0.0113,0.0213,0.0213,0.4069
28-MAY-2025,NDGL,4231.60,4112.70,0.0285,0.0308,0.0308,0.5884
28-MAY-2025,NDL,4.07,4.10,-0.0073,0.0362,0.0361,0.6897
28-MAY-2025,NDLVENTURE,64.99,64.48,0.0079,0.0329,0.0329,0.6286
28-MAY-2025,NDRAUTO,829.20,854.55,-0.0301,0.0376,0.0376,0.7183
28-MAY-2025,NDRINVIT,109.00,109.00,0.0000,0.0045,0.0045,0.0860
28-MAY-2025,NDTV,163.33,159.14,0.0260,0.0305,0.0304,0.5808
28-MAY-2025,NECCLTD,24.88,24.84,0.0016,0.0361,0.0360,0.6878
28-MAY-2025,NECLIFE,26.75,27.17,-0.0156,0.0348,0.0347,0.6629
28-MAY-2025,NELCAST,134.32,135.26,-0.0070,0.0332,0.0331,0.6324
28-MAY-2025,NELCO,901.05,907.55,-0.0072,0.0326,0.0325,0.6209
28-MAY-2025,NEOGEN,1650.20,1688.50,-0.0229,0.0312,0.0311,0.5942
28-MAY-2025,NEPACL,9.30,9.30,0.0000,0.0000,0.0000,0.0000
28-MAY-2025,NESCO,935.25,946.15,-0.0116,0.0184,0.0184,0.3515
28-MAY-2025,NESTLEIND,2419.00,2461.00,-0.0172,0.0120,0.0120,0.2293
28-MAY-2025,NETF,265.45,267.69,-0.0084,0.0098,0.0098,0.1872
28-MAY-2025,NETWEB,1996.20,1922.20,0.0378,0.0330,0.0330,0.6305
28-MAY-2025,NETWORK18,52.69,50.06,0.0512,0.0300,0.0302,0.5770
28-MAY-2025,NEULANDLAB,11063.00,11115.00,-0.0047,0.0346,0.0346,0.6610
28-MAY-2025,NEWAGE,10.00,10.00,0.0000,0.0000,0.0000,0.0000
28-MAY-2025,NEWERA,8.50,8.50,0.0000,0.0040,0.0040,0.0764
28-MAY-2025,NEWGEN,1245.75,1253.10,-0.0059,0.0367,0.0366,0.6992
28-MAY-2025,NEXT30ADD,37.87,38.00,-0.0034,0.0080,0.0079,0.1509
28-MAY-2025,NEXT50,682.96,686.45,-0.0051,0.0130,0.0130,0.2484
28-MAY-2025,NEXT50IETF,69.99,70.26,-0.0039,0.0118,0.0118,0.2254
28-MAY-2025,NEXTMEDIA,7.03,6.97,0.0086,0.0342,0.0342,0.6534
28-MAY-2025,NFL,100.09,101.31,-0.0121,0.0307,0.0307,0.5865
28-MAY-2025,NGIL,29.52,29.24,0.0095,0.0311,0.0310,0.5923
28-MAY-2025,NGLFINE,1185.40,1209.50,-0.0201,0.0333,0.0333,0.6362
28-MAY-2025,NH,1724.20,1742.60,-0.0106,0.0190,0.0190,0.3630
28-MAY-2025,NHIT,133.50,133.50,0.0000,0.0057,0.0056,0.1070
28-MAY-2025,NHPC,86.74,87.22,-0.0055,0.0235,0.0234,0.4471
28-MAY-2025,NIACL,186.15,182.64,0.0190,0.0307,0.0306,0.5846
28-MAY-2025,NIBE,1764.30,1680.70,0.0485,0.0352,0.0353,0.6744
28-MAY-2025,NIBL,26.63,24.52,0.0825,0.0313,0.0318,0.6075
28-MAY-2025,NIF100BEES,267.02,266.67,0.0013,0.0085,0.0085,0.1624
28-MAY-2025,NIF100IETF,28.03,28.19,-0.0057,0.0088,0.0087,0.1662
28-MAY-2025,NIF10GETF,26.08,26.07,0.0004,0.0114,0.0114,0.2178
28-MAY-2025,NIF5GETF,62.59,62.74,-0.0024,0.0110,0.0110,0.2102
28-MAY-2025,NIFITETF,381.96,383.63,-0.0044,0.0140,0.0140,0.2675
28-MAY-2025,NIFMID150,211.69,211.47,0.0010,0.0137,0.0137,0.2617
28-MAY-2025,NIFTY1,270.27,271.02,-0.0028,0.0082,0.0082,0.1567
28-MAY-2025,NIFTY100EW,32.07,32.24,-0.0053,0.0059,0.0059,0.1127
28-MAY-2025,NIFTY50ADD,256.54,256.90,-0.0014,0.0097,0.0096,0.1834
28-MAY-2025,NIFTYBEES,277.69,278.25,-0.0020,0.0083,0.0083,0.1586
28-MAY-2025,NIFTYBETF,251.00,251.26,-0.0010,0.0092,0.0092,0.1758
28-MAY-2025,NIFTYETF,264.86,265.80,-0.0035,0.0091,0.0090,0.1719
28-MAY-2025,NIFTYIETF,276.20,276.95,-0.0027,0.0087,0.0086,0.1643
28-MAY-2025,NIFTYQLITY,21.25,21.34,-0.0042,0.0103,0.0102,0.1949
28-MAY-2025,NIITLTD,136.70,136.02,0.0050,0.0363,0.0362,0.6916
28-MAY-2025,NIITMTS,335.90,347.05,-0.0327,0.0235,0.0236,0.4509
28-MAY-2025,NILAINFRA,11.04,11.49,-0.0400,0.0353,0.0353,0.6744
28-MAY-2025,NILASPACES,11.07,11.00,0.0063,0.0321,0.0321,0.6133
28-MAY-2025,NILKAMAL,1782.10,1790.90,-0.0049,0.0163,0.0163,0.3114
28-MAY-2025,NINSYS,463.50,460.80,0.0058,0.0271,0.0271,0.5177
28-MAY-2025,NIPPOBATRY,512.20,514.85,-0.0052,0.0280,0.0279,0.5330
28-MAY-2025,NIRAJ,58.55,58.64,-0.0015,0.0362,0.0361,0.6897
28-MAY-2025,NIRAJISPAT,267.16,267.16,0.0000,0.0081,0.0081,0.1548
28-MAY-2025,NITCO,130.63,124.56,0.0476,0.0308,0.0309,0.5903
28-MAY-2025,NITINSPIN,391.50,380.25,0.0292,0.0266,0.0266,0.5082
28-MAY-2025,NITIRAJ,253.70,250.75,0.0117,0.0379,0.0378,0.7222
28-MAY-2025,NIVABUPA,87.94,87.09,0.0097,0.0222,0.0222,0.4241
28-MAY-2025,NKIND,63.68,63.20,0.0076,0.0380,0.0379,0.7241
28-MAY-2025,NKTEXTILE,10.00,10.00,0.0000,0.0000,0.0000,0.0000
28-MAY-2025,NLCINDIA,242.03,238.43,0.0150,0.0294,0.0294,0.5617
28-MAY-2025,NMDC,70.86,72.74,-0.0262,0.0236,0.0237,0.4528
28-MAY-2025,NOCIL,180.62,181.77,-0.0063,0.0260,0.0259,0.4948
28-MAY-2025,NOIDATOLL,4.36,4.44,-0.0182,0.0346,0.0345,0.6591
28-MAY-2025,NORBTEAEXP,37.01,37.16,-0.0040,0.0319,0.0318,0.6075
28-MAY-2025,NORTHARC,212.19,213.73,-0.0072,0.0210,0.0210,0.4012
28-MAY-2025,NOVAAGRI,48.88,48.78,0.0020,0.0272,0.0272,0.5197
28-MAY-2025,NPBET,282.97,281.83,0.0040,0.0111,0.0111,0.2121
28-MAY-2025,NPST,2002.00,1983.40,0.0093,0.0094,0.0094,0.1796
28-MAY-2025,NRAIL,293.71,277.93,0.0552,0.0278,0.0280,0.5349
28-MAY-2025,NRBBEARING,272.71,272.26,0.0017,0.0265,0.0265,0.5063
28-MAY-2025,NRL,86.41,84.46,0.0228,0.0392,0.0392,0.7489
28-MAY-2025,NSIL,7089.50,7010.50,0.0112,0.0334,0.0333,0.6362
28-MAY-2025,NSLNISP,39.79,39.29,0.0126,0.0251,0.0250,0.4776
28-MAY-2025,NTPC,340.05,338.55,0.0044,0.0179,0.0179,0.3420
28-MAY-2025,NTPCGREEN,116.65,113.28,0.0293,0.0189,0.0189,0.3611
28-MAY-2025,NUCLEUS,1306.70,1295.30,0.0088,0.0329,0.0328,0.6266
28-MAY-2025,NURECA,252.25,256.00,-0.0148,0.0319,0.0319,0.6094
28-MAY-2025,NUVAMA,6923.50,6927.50,-0.0006,0.0295,0.0294,0.5617
28-MAY-2025,NUVOCO,350.45,355.40,-0.0140,0.0187,0.0187,0.3573
28-MAY-2025,NV20,148.23,149.20,-0.0065,0.0146,0.0146,0.2789
28-MAY-2025,NV20BEES,148.86,149.81,-0.0064,0.0091,0.0091,0.1739
28-MAY-2025,NV20IETF,14.53,14.58,-0.0034,0.0087,0.0087,0.1662
28-MAY-2025,NXST,134.45,134.22,0.0017,0.0105,0.0104,0.1987
28-MAY-2025,NXT-INFRA,101.75,101.75,0.0000,0.0080,0.0079,0.1509
28-MAY-2025,NYKAA,200.83,201.13,-0.0015,0.0200,0.0199,0.3802
28-MAY-2025,OAL,383.00,427.40,-0.1097,0.0338,0.0346,0.6610
28-MAY-2025,OBCL,55.03,55.01,0.0004,0.0239,0.0238,0.4547
28-MAY-2025,OBEROIRLTY,1725.90,1751.20,-0.0146,0.0228,0.0227,0.4337
28-MAY-2025,OCCL,213.64,219.24,-0.0259,0.0302,0.0302,0.5770
28-MAY-2025,OCCLLTD,95.50,86.17,0.1028,0.0264,0.0274,0.5235
28-MAY-2025,ODIGMA,42.63,43.50,-0.0202,0.0223,0.0223,0.4260
28-MAY-2025,OEGIL,25.70,25.70,0.0000,0.0009,0.0009,0.0172
28-MAY-2025,OFSS,8516.00,8402.50,0.0134,0.0238,0.0238,0.4547
28-MAY-2025,OIL,430.15,431.30,-0.0027,0.0268,0.0267,0.5101
28-MAY-2025,OILCOUNTUB,70.22,69.29,0.0133,0.0319,0.0319,0.6094
28-MAY-2025,OILIETF,11.55,11.55,0.0000,0.0104,0.0103,0.1968
28-MAY-2025,OLAELEC,52.91,52.50,0.0078,0.0295,0.0295,0.5636
28-MAY-2025,OLECTRA,1238.70,1257.90,-0.0154,0.0300,0.0300,0.5731
28-MAY-2025,OMAXAUTO,84.92,86.11,-0.0139,0.0323,0.0323,0.6171
28-MAY-2025,OMAXE,87.82,88.28,-0.0052,0.0323,0.0322,0.6152
28-MAY-2025,OMINFRAL,125.70,128.81,-0.0244,0.0357,0.0356,0.6801
28-MAY-2025,OMKARCHEM,6.15,5.93,0.0364,0.0316,0.0317,0.6056
28-MAY-2025,ONELIFECAP,11.31,11.38,-0.0062,0.0395,0.0394,0.7527
28-MAY-2025,ONEPOINT,62.10,64.47,-0.0375,0.0384,0.0384,0.7336
28-MAY-2025,ONESOURCE,1754.70,1779.20,-0.0139,0.0194,0.0194,0.3706
28-MAY-2025,ONGC,242.67,244.54,-0.0077,0.0205,0.0205,0.3917
28-MAY-2025,ONMOBILE,55.55,56.03,-0.0086,0.0339,0.0339,0.6477
28-MAY-2025,ONWARDTEC,296.35,301.15,-0.0161,0.0339,0.0338,0.6457
28-MAY-2025,OPTIEMUS,601.85,571.35,0.0520,0.0372,0.0373,0.7126
28-MAY-2025,ORBTEXP,171.29,170.33,0.0056,0.0337,0.0336,0.6419
28-MAY-2025,ORCHASP,3.42,3.29,0.0388,0.0392,0.0392,0.7489
28-MAY-2025,ORCHPHARMA,669.00,704.20,-0.0513,0.0334,0.0335,0.6400
28-MAY-2025,ORICONENT,41.73,42.24,-0.0121,0.0290,0.0290,0.5540
28-MAY-2025,ORIENTALTL,13.34,13.00,0.0258,0.0369,0.0368,0.7031
28-MAY-2025,ORIENTBELL,245.33,253.06,-0.0310,0.0247,0.0247,0.4719
28-MAY-2025,ORIENTCEM,352.80,350.80,0.0057,0.0227,0.0226,0.4318
28-MAY-2025,ORIENTCER,35.27,35.07,0.0057,0.0318,0.0317,0.6056
28-MAY-2025,ORIENTELEC,231.60,235.29,-0.0158,0.0225,0.0225,0.4299
28-MAY-2025,ORIENTHOT,150.36,153.26,-0.0191,0.0305,0.0304,0.5808
28-MAY-2025,ORIENTLTD,86.00,87.02,-0.0118,0.0331,0.0331,0.6324
28-MAY-2025,ORIENTPPR,29.12,29.46,-0.0116,0.0307,0.0306,0.5846
28-MAY-2025,ORIENTTECH,327.60,330.55,-0.0090,0.0303,0.0303,0.5789
28-MAY-2025,ORISSAMINE,4970.00,5093.00,-0.0244,0.0303,0.0303,0.5789
28-MAY-2025,ORTEL,2.23,2.13,0.0459,0.0445,0.0445,0.8502
28-MAY-2025,ORTINGLOBE,11.49,11.50,-0.0009,0.0479,0.0478,0.9132
28-MAY-2025,OSIAHYPER,23.79,23.83,-0.0017,0.0286,0.0285,0.5445
28-MAY-2025,OSWALAGRO,86.38,87.26,-0.0101,0.0368,0.0367,0.7012
28-MAY-2025,OSWALGREEN,41.31,40.97,0.0083,0.0366,0.0365,0.6973
28-MAY-2025,OSWALMIN,10.00,10.00,0.0000,0.0000,0.0000,0.0000
28-MAY-2025,OSWALSEEDS,14.21,14.08,0.0092,0.0301,0.0300,0.5731
28-MAY-2025,PAGEIND,46095.00,46785.00,-0.0149,0.0158,0.0157,0.2999
28-MAY-2025,PAISALO,31.48,32.28,-0.0251,0.0325,0.0325,0.6209
28-MAY-2025,PAKKA,176.42,177.36,-0.0053,0.0338,0.0337,0.6438
28-MAY-2025,PALASHSECU,122.44,122.25,0.0016,0.0342,0.0341,0.6515
28-MAY-2025,PALREDTEC,52.93,54.27,-0.0250,0.0316,0.0316,0.6037
28-MAY-2025,PANACEABIO,545.15,525.85,0.0360,0.0362,0.0362,0.6916
28-MAY-2025,PANACHE,203.95,194.25,0.0487,0.0329,0.0330,0.6305
28-MAY-2025,PANAMAPET,364.05,365.50,-0.0040,0.0251,0.0251,0.4795
28-MAY-2025,PANSARI,249.39,244.50,0.0198,0.0337,0.0337,0.6438
28-MAY-2025,PAR,102.90,103.36,-0.0045,0.0349,0.0348,0.6649
28-MAY-2025,PARACABLES,54.67,53.73,0.0173,0.0339,0.0339,0.6477
28-MAY-2025,PARADEEP,168.25,159.95,0.0506,0.0319,0.0320,0.6114
28-MAY-2025,PARAGMILK,209.94,210.67,-0.0035,0.0305,0.0304,0.5808
28-MAY-2025,PARAS,1615.60,1624.30,-0.0054,0.0354,0.0353,0.6744
28-MAY-2025,PARASPETRO,2.75,2.76,-0.0036,0.0469,0.0468,0.8941
28-MAY-2025,PARKHOTELS,153.95,156.39,-0.0157,0.0271,0.0271,0.5177
28-MAY-2025,PARSVNATH,20.29,19.97,0.0159,0.0339,0.0339,0.6477
28-MAY-2025,PASUPTAC,45.64,45.40,0.0053,0.0331,0.0330,0.6305
28-MAY-2025,PATANJALI,1747.30,1740.30,0.0040,0.0200,0.0200,0.3821
28-MAY-2025,PATELENG,41.21,41.53,-0.0077,0.0290,0.0290,0.5540
28-MAY-2025,PATINTLOG,16.09,16.19,-0.0062,0.0347,0.0346,0.6610
28-MAY-2025,PAVNAIND,396.30,400.00,-0.0093,0.0357,0.0356,0.6801
28-MAY-2025,PAYTM,852.50,866.55,-0.0163,0.0338,0.0338,0.6457
28-MAY-2025,PCBL,405.05,407.35,-0.0057,0.0284,0.0283,0.5407
28-MAY-2025,PCJEWELLER,12.71,12.93,-0.0172,0.0366,0.0365,0.6973
28-MAY-2025,PDMJEPAPER,100.70,102.75,-0.0202,0.0356,0.0356,0.6801
28-MAY-2025,PDSL,411.90,414.70,-0.0068,0.0252,0.0251,0.4795
28-MAY-2025,PEARLPOLY,31.55,31.41,0.0044,0.0393,0.0392,0.7489
28-MAY-2025,PEL,1086.00,1099.50,-0.0124,0.0246,0.0245,0.4681
28-MAY-2025,PENIND,222.71,220.07,0.0119,0.0343,0.0343,0.6553
28-MAY-2025,PENINLAND,29.68,29.10,0.0197,0.0360,0.0360,0.6878
28-MAY-2025,PERSISTENT,5584.00,5645.50,-0.0110,0.0236,0.0236,0.4509
28-MAY-2025,PETRONET,312.85,316.85,-0.0127,0.0192,0.0191,0.3649
28-MAY-2025,PFC,411.75,413.10,-0.0033,0.0275,0.0274,0.5235
28-MAY-2025,PFIZER,5510.80,5417.60,0.0171,0.0176,0.0176,0.3362
28-MAY-2025,PFOCUS,105.84,109.68,-0.0356,0.0331,0.0331,0.6324
28-MAY-2025,PFS,37.02,36.66,0.0098,0.0313,0.0312,0.5961
28-MAY-2025,PGEL,779.90,765.20,0.0190,0.0366,0.0366,0.6992
28-MAY-2025,PGHH,13992.00,14231.00,-0.0169,0.0133,0.0134,0.2560
28-MAY-2025,PGHL,5730.50,5527.50,0.0361,0.0153,0.0155,0.2961
28-MAY-2025,PGIL,1413.20,1306.05,0.0788,0.0378,0.0381,0.7279
28-MAY-2025,PGINVIT,85.58,84.97,0.0072,0.0082,0.0082,0.1567
28-MAY-2025,PHARMABEES,21.86,21.98,-0.0055,0.0104,0.0103,0.1968
28-MAY-2025,PHOENIXLTD,1590.10,1613.60,-0.0147,0.0265,0.0264,0.5044
28-MAY-2025,PIDILITIND,3001.00,3027.60,-0.0088,0.0127,0.0127,0.2426
28-MAY-2025,PIGL,186.16,177.29,0.0488,0.0283,0.0285,0.5445
28-MAY-2025,PIIND,3855.00,3752.00,0.0271,0.0169,0.0169,0.3229
28-MAY-2025,PILANIINVS,4732.30,4657.30,0.0160,0.0288,0.0288,0.5502
28-MAY-2025,PILITA,16.16,16.00,0.0100,0.0304,0.0303,0.5789
28-MAY-2025,PILLAR,10.00,10.00,0.0000,0.0000,0.0000,0.0000
28-MAY-2025,PIONEEREMB,43.66,44.12,-0.0105,0.0316,0.0316,0.6037
28-MAY-2025,PITTIENG,992.30,1011.45,-0.0191,0.0270,0.0270,0.5158
28-MAY-2025,PIXTRANS,1560.90,1575.60,-0.0094,0.0340,0.0339,0.6477
28-MAY-2025,PKLEASING,10.00,10.00,0.0000,0.0000,0.0000,0.0000
28-MAY-2025,PKTEA,801.05,763.80,0.0476,0.0367,0.0367,0.7012
28-MAY-2025,PLASTIBLEN,194.19,195.05,-0.0044,0.0253,0.0252,0.4814
28-MAY-2025,PLATIND,262.25,263.25,-0.0038,0.0330,0.0329,0.6286
28-MAY-2025,PLAZACABLE,60.22,59.73,0.0082,0.0239,0.0238,0.4547
28-MAY-2025,PNB,102.29,102.02,0.0026,0.0217,0.0216,0.4127
28-MAY-2025,PNBGILTS,97.49,97.82,-0.0034,0.0273,0.0272,0.5197
28-MAY-2025,PNBHOUSING,1045.80,1040.60,0.0050,0.0260,0.0259,0.4948
28-MAY-2025,PNC,28.04,28.64,-0.0212,0.0343,0.0342,0.6534
28-MAY-2025,PNCINFRA,300.55,293.90,0.0224,0.0278,0.0277,0.5292
28-MAY-2025,PNGJL,543.45,552.85,-0.0171,0.0217,0.0217,0.4146
28-MAY-2025,POCL,755.95,777.95,-0.0287,0.0408,0.0408,0.7795
28-MAY-2025,PODDARMENT,310.60,310.45,0.0005,0.0245,0.0244,0.4662
28-MAY-2025,POKARNA,1063.30,1062.90,0.0004,0.0395,0.0394,0.7527
28-MAY-2025,POLICYBZR,1746.40,1783.40,-0.0210,0.0289,0.0288,0.5502
28-MAY-2025,POLYCAB,6057.50,5964.00,0.0156,0.0254,0.0253,0.4834
28-MAY-2025,POLYMED,2355.70,2378.20,-0.0095,0.0276,0.0275,0.5254
28-MAY-2025,POLYPLEX,1376.20,1383.50,-0.0053,0.0259,0.0258,0.4929
28-MAY-2025,PONNIERODE,334.45,336.65,-0.0066,0.0246,0.0246,0.4700
28-MAY-2025,POONAWALLA,401.10,400.25,0.0021,0.0246,0.0245,0.4681
28-MAY-2025,POWERGRID,291.15,294.55,-0.0116,0.0177,0.0177,0.3382
28-MAY-2025,POWERINDIA,18329.00,17304.00,0.0575,0.0337,0.0339,0.6477
28-MAY-2025,POWERMECH,3156.50,3126.70,0.0095,0.0302,0.0302,0.5770
28-MAY-2025,PPAP,224.21,206.54,0.0821,0.0281,0.0286,0.5464
28-MAY-2025,PPL,463.95,462.95,0.0022,0.0301,0.0300,0.5731
28-MAY-2025,PPLPHARMA,202.88,203.33,-0.0022,0.0279,0.0278,0.5311
28-MAY-2025,PRABHA,221.39,218.97,0.0110,0.0176,0.0176,0.3362
28-MAY-2025,PRABHATSEC,10.80,10.80,0.0000,0.0000,0.0000,0.0000
28-MAY-2025,PRAENG,21.21,20.75,0.0219,0.0378,0.0378,0.7222
28-MAY-2025,PRAJIND,486.80,489.80,-0.0061,0.0267,0.0266,0.5082
28-MAY-2025,PRAKASH,169.02,171.28,-0.0133,0.0304,0.0304,0.5808
28-MAY-2025,PRAKASHSTL,6.63,6.72,-0.0135,0.0289,0.0288,0.5502
28-MAY-2025,PRAXIS,13.58,13.00,0.0436,0.0335,0.0336,0.6419
28-MAY-2025,PRECAM,190.70,171.29,0.1073,0.0364,0.0371,0.7088
28-MAY-2025,PRECOT,531.40,540.00,-0.0161,0.0352,0.0351,0.6706
28-MAY-2025,PRECWIRE,183.49,184.55,-0.0058,0.0330,0.0329,0.6286
28-MAY-2025,PREMEXPLN,568.85,560.50,0.0148,0.0437,0.0436,0.8330
28-MAY-2025,PREMIER,3.16,3.27,-0.0342,0.0324,0.0324,0.6190
28-MAY-2025,PREMIERENE,1040.50,1037.20,0.0032,0.0279,0.0278,0.5311
28-MAY-2025,PREMIERPOL,53.05,53.33,-0.0053,0.0370,0.0369,0.7050
28-MAY-2025,PRESTIGE,1451.80,1444.50,0.0050,0.0279,0.0278,0.5311
28-MAY-2025,PRHOLDING,10.00,10.00,0.0000,0.0000,0.0000,0.0000
28-MAY-2025,PRICOLLTD,444.55,444.35,0.0004,0.0232,0.0231,0.4413
28-MAY-2025,PRIMESECU,250.82,254.03,-0.0127,0.0287,0.0286,0.5464
28-MAY-2025,PRIMO,25.78,25.99,-0.0081,0.0308,0.0307,0.5865
28-MAY-2025,PRINCEPIPE,330.85,334.30,-0.0104,0.0237,0.0236,0.4509
28-MAY-2025,PRITI,100.52,94.94,0.0571,0.0331,0.0333,0.6362
28-MAY-2025,PRITIKAUTO,18.57,18.20,0.0201,0.0302,0.0301,0.5751
28-MAY-2025,PRIVISCL,2295.20,2367.80,-0.0311,0.0247,0.0247,0.4719
28-MAY-2025,PRIYAINT,8.50,8.50,0.0000,0.0000,0.0000,0.0000
28-MAY-2025,PROTEAN,1003.20,952.60,0.0518,0.0325,0.0327,0.6247
28-MAY-2025,PROZONER,35.00,35.00,0.0000,0.0454,0.0453,0.8655
28-MAY-2025,PRSMJOHNSN,143.70,141.58,0.0149,0.0269,0.0269,0.5139
28-MAY-2025,PRUDENT,2710.60,2673.00,0.0140,0.0352,0.0351,0.6706
28-MAY-2025,PRUDMOULI,37.25,36.46,0.0214,0.0317,0.0316,0.6037
28-MAY-2025,PSB,30.87,30.55,0.0104,0.0344,0.0344,0.6572
28-MAY-2025,PSPPROJECT,637.50,637.45,0.0001,0.0177,0.0176,0.3362
28-MAY-2025,PSUBANK,678.50,672.59,0.0087,0.0175,0.0174,0.3324
28-MAY-2025,PSUBANKADD,68.27,67.83,0.0065,0.0162,0.0162,0.3095
28-MAY-2025,PSUBNKBEES,75.85,75.05,0.0106,0.0170,0.0170,0.3248
28-MAY-2025,PSUBNKIETF,68.74,68.05,0.0101,0.0157,0.0157,0.2999
28-MAY-2025,PTC,184.91,184.68,0.0012,0.0264,0.0263,0.5025
28-MAY-2025,PTCIL,15566.00,15723.00,-0.0100,0.0326,0.0325,0.6209
28-MAY-2025,PTL,41.09,40.84,0.0061,0.0196,0.0196,0.3745
28-MAY-2025,PUNJABCHEM,1072.70,1091.70,-0.0176,0.0301,0.0301,0.5751
28-MAY-2025,PURBANCHAL,8.65,8.65,0.0000,0.0000,0.0000,0.0000
28-MAY-2025,PURVA,261.90,261.95,-0.0002,0.0345,0.0345,0.6591
28-MAY-2025,PVP,24.62,24.71,-0.0036,0.0386,0.0385,0.7355
28-MAY-2025,PVRINOX,1015.00,992.55,0.0224,0.0209,0.0209,0.3993
28-MAY-2025,PVSL,121.62,125.32,-0.0300,0.0214,0.0214,0.4088
28-MAY-2025,PVTBANIETF,27.53,27.57,-0.0015,0.0099,0.0099,0.1891
28-MAY-2025,PVTBANKADD,27.73,27.74,-0.0004,0.0111,0.0110,0.2102
28-MAY-2025,PYRAMID,161.35,158.43,0.0183,0.0290,0.0290,0.5540
28-MAY-2025,QGOLDHALF,79.82,79.29,0.0067,0.0092,0.0092,0.1758
28-MAY-2025,QNIFTY,2680.00,2688.88,-0.0033,0.0086,0.0086,0.1643
28-MAY-2025,QPOWER,422.10,440.70,-0.0431,0.0233,0.0234,0.4471
28-MAY-2025,QUADFUTURE,457.45,457.60,-0.0003,0.0358,0.0357,0.6820
28-MAY-2025,QUAL30IETF,21.05,21.08,-0.0014,0.0093,0.0093,0.1777
28-MAY-2025,QUESS,323.15,331.05,-0.0242,0.0254,0.0254,0.4853
28-MAY-2025,QUICKHEAL,291.75,288.05,0.0128,0.0343,0.0342,0.6534
28-MAY-2025,RACE,265.50,264.55,0.0036,0.0261,0.0261,0.4986
28-MAY-2025,RACLGEAR,987.10,1101.90,-0.1100,0.0291,0.0301,0.5751
28-MAY-2025,RADAAN,3.93,3.96,-0.0076,0.0356,0.0355,0.6782
28-MAY-2025,RADHIKAJWE,85.46,86.89,-0.0166,0.0353,0.0353,0.6744
28-MAY-2025,RADIANTCMS,66.42,65.12,0.0198,0.0248,0.0248,0.4738
28-MAY-2025,RADICO,2455.70,2447.50,0.0033,0.0220,0.0220,0.4203
28-MAY-2025,RADIOCITY,9.44,9.34,0.0106,0.0266,0.0266,0.5082
28-MAY-2025,RAILTEL,401.45,387.65,0.0350,0.0345,0.0345,0.6591
28-MAY-2025,RAIN,142.33,143.11,-0.0055,0.0237,0.0236,0.4509
28-MAY-2025,RAINBOW,1407.70,1400.60,0.0051,0.0218,0.0217,0.4146
28-MAY-2025,RAJESHEXPO,201.36,198.19,0.0159,0.0286,0.0286,0.5464
28-MAY-2025,RAJMET,6.17,5.88,0.0481,0.0294,0.0295,0.5636
28-MAY-2025,RAJRATAN,422.65,418.85,0.0090,0.0284,0.0283,0.5407
28-MAY-2025,RAJRILTD,26.65,27.15,-0.0186,0.0375,0.0374,0.7145
28-MAY-2025,RAJSREESUG,49.20,48.80,0.0082,0.0346,0.0345,0.6591
28-MAY-2025,RAJTV,47.14,47.11,0.0006,0.0304,0.0303,0.5789
28-MAY-2025,RALLIS,285.76,285.32,0.0015,0.0261,0.0261,0.4986
28-MAY-2025,RAMANEWS,43.45,42.65,0.0186,0.0366,0.0366,0.6992
28-MAY-2025,RAMAPHO,114.38,115.09,-0.0062,0.0349,0.0348,0.6649
28-MAY-2025,RAMARAJU,182.80,182.80,0.0000,0.0000,0.0000,0.0000
28-MAY-2025,RAMASTEEL,11.07,10.81,0.0238,0.0335,0.0334,0.6381
28-MAY-2025,RAMCOCEM,956.70,973.60,-0.0175,0.0162,0.0162,0.3095
28-MAY-2025,RAMCOIND,255.09,258.36,-0.0127,0.0225,0.0225,0.4299
28-MAY-2025,RAMCOSYS,430.80,434.15,-0.0077,0.0362,0.0361,0.6897
28-MAY-2025,RAMKY,471.75,466.85,0.0104,0.0334,0.0334,0.6381
28-MAY-2025,RAMRAT,676.00,667.10,0.0133,0.0286,0.0286,0.5464
28-MAY-2025,RANASUG,16.04,15.35,0.0440,0.0261,0.0263,0.5025
28-MAY-2025,RANEHOLDIN,1495.60,1505.60,-0.0067,0.0275,0.0274,0.5235
28-MAY-2025,RANJANPOLY,28.25,28.25,0.0000,0.0000,0.0000,0.0000
28-MAY-2025,RATEGAIN,466.40,472.05,-0.0120,0.0274,0.0274,0.5235
28-MAY-2025,RATNAMANI,2880.30,2907.90,-0.0095,0.0187,0.0186,0.3554
28-MAY-2025,RATNAVEER,154.49,155.19,-0.0045,0.0313,0.0312,0.5961
28-MAY-2025,RAYMOND,619.20,633.90,-0.0235,0.0349,0.0349,0.6668
28-MAY-2025,RAYMONDLSL,1075.45,1084.75,-0.0086,0.0248,0.0247,0.4719
28-MAY-2025,RBA,81.99,81.34,0.0080,0.0233,0.0232,0.4432
28-MAY-2025,RBLBANK,207.49,210.94,-0.0165,0.0268,0.0267,0.5101
28-MAY-2025,RBZJEWEL,143.35,141.45,0.0133,0.0279,0.0279,0.5330
28-MAY-2025,RCF,152.77,156.44,-0.0237,0.0304,0.0304,0.5808
28-MAY-2025,RCOM,1.78,1.70,0.0460,0.0304,0.0305,0.5827
28-MAY-2025,RECLTD,403.25,405.15,-0.0047,0.0286,0.0285,0.5445
28-MAY-2025,REDINGTON,267.61,261.05,0.0248,0.0276,0.0276,0.5273
28-MAY-2025,REDTAPE,140.40,150.34,-0.0684,0.0258,0.0262,0.5006
28-MAY-2025,REFEX,451.00,459.50,-0.0187,0.0331,0.0331,0.6324
28-MAY-2025,REGALENTER,10.00,10.00,0.0000,0.0000,0.0000,0.0000
28-MAY-2025,REGENCERAM,39.64,37.81,0.0473,0.0372,0.0373,0.7126
28-MAY-2025,RELAXO,439.15,439.15,0.0000,0.0162,0.0161,0.3076
28-MAY-2025,RELCHEMQ,185.30,186.74,-0.0077,0.0257,0.0256,0.4891
28-MAY-2025,RELIABLE,76.79,77.90,-0.0144,0.0282,0.0281,0.5368
28-MAY-2025,RELIANCE,1412.80,1422.10,-0.0066,0.0143,0.0143,0.2732
28-MAY-2025,RELIGARE,233.55,232.89,0.0028,0.0254,0.0254,0.4853
28-MAY-2025,RELINFRA,308.30,306.80,0.0049,0.0371,0.0370,0.7069
28-MAY-2025,RELTD,143.10,119.21,0.1827,0.0361,0.0382,0.7298
28-MAY-2025,REMSONSIND,145.12,141.68,0.0240,0.0315,0.0314,0.5999
28-MAY-2025,RENUKA,33.19,32.54,0.0198,0.0268,0.0268,0.5120
28-MAY-2025,REPCOHOME,388.00,389.65,-0.0042,0.0259,0.0258,0.4929
28-MAY-2025,REPL,201.07,206.76,-0.0279,0.0340,0.0340,0.6496
28-MAY-2025,REPRO,582.10,568.95,0.0228,0.0333,0.0333,0.6362
28-MAY-2025,RESPONIND,195.80,196.92,-0.0057,0.0262,0.0262,0.5006
28-MAY-2025,RETAIL,39.63,39.28,0.0089,0.0335,0.0334,0.6381
28-MAY-2025,RGL,133.53,135.84,-0.0172,0.0336,0.0335,0.6400
28-MAY-2025,RHFL,4.60,4.38,0.0490,0.0359,0.0360,0.6878
28-MAY-2025,RHIM,468.10,464.45,0.0078,0.0228,0.0227,0.4337
28-MAY-2025,RHL,245.05,253.46,-0.0337,0.0310,0.0310,0.5923
28-MAY-2025,RICOAUTO,78.27,70.26,0.1080,0.0323,0.0331,0.6324
28-MAY-2025,RIIL,928.40,920.55,0.0085,0.0279,0.0278,0.5311
28-MAY-2025,RISHABH,289.70,305.30,-0.0524,0.0283,0.0285,0.5445
28-MAY-2025,RITCO,291.65,293.90,-0.0077,0.0313,0.0312,0.5961
28-MAY-2025,RITES,287.69,276.53,0.0396,0.0312,0.0312,0.5961
28-MAY-2025,RITZ,15.25,15.25,0.0000,0.0000,0.0000,0.0000
28-MAY-2025,RKDL,29.58,32.38,-0.0904,0.0324,0.0330,0.6305
28-MAY-2025,RKEC,81.06,80.18,0.0109,0.0348,0.0348,0.6649
28-MAY-2025,RKFORGE,608.30,610.70,-0.0039,0.0265,0.0265,0.5063
28-MAY-2025,RKSWAMY,195.14,184.42,0.0565,0.0270,0.0273,0.5216
28-MAY-2025,RML,889.00,850.45,0.0443,0.0293,0.0294,0.5617
28-MAY-2025,ROBERT,10.70,10.70,0.0000,0.0000,0.0000,0.0000
28-MAY-2025,ROHLTD,362.25,373.70,-0.0311,0.0275,0.0275,0.5254
28-MAY-2025,ROLEXRINGS,1575.50,1550.40,0.0161,0.0233,0.0233,0.4451
28-MAY-2025,ROLLT,2.27,2.14,0.0590,0.0332,0.0334,0.6381
28-MAY-2025,ROML,46.79,47.17,-0.0081,0.0318,0.0317,0.6056
28-MAY-2025,ROSSARI,666.65,671.30,-0.0070,0.0194,0.0194,0.3706
28-MAY-2025,ROSSELLIND,74.63,74.89,-0.0035,0.0349,0.0348,0.6649
28-MAY-2025,ROSSTECH,389.50,385.10,0.0114,0.0200,0.0200,0.3821
28-MAY-2025,ROTO,269.25,265.87,0.0126,0.0312,0.0312,0.5961
28-MAY-2025,ROUTE,966.90,950.50,0.0171,0.0204,0.0203,0.3878
28-MAY-2025,RPEL,704.60,718.30,-0.0193,0.0331,0.0330,0.6305
28-MAY-2025,RPGLIFE,2161.00,2160.40,0.0003,0.0287,0.0286,0.5464
28-MAY-2025,RPOWER,50.43,52.04,-0.0314,0.0360,0.0360,0.6878
28-MAY-2025,RPPINFRA,161.65,161.15,0.0031,0.0340,0.0339,0.6477
28-MAY-2025,RPPL,27.07,27.25,-0.0066,0.0354,0.0354,0.6763
28-MAY-2025,RPSGVENT,890.40,899.25,-0.0099,0.0320,0.0319,0.6094
28-MAY-2025,RPTECH,316.30,317.85,-0.0049,0.0245,0.0244,0.4662
28-MAY-2025,RRKABEL,1304.90,1313.20,-0.0063,0.0245,0.0244,0.4662
28-MAY-2025,RSSOFTWARE,55.74,56.87,-0.0201,0.0340,0.0340,0.6496
28-MAY-2025,RSWM,173.88,171.22,0.0154,0.0277,0.0276,0.5273
28-MAY-2025,RSYSTEMS,373.40,376.20,-0.0075,0.0262,0.0261,0.4986
28-MAY-2025,RTNINDIA,47.19,46.57,0.0132,0.0310,0.0309,0.5903
28-MAY-2025,RTNPOWER,11.06,11.09,-0.0027,0.0323,0.0322,0.6152
28-MAY-2025,RUBFILA,76.54,77.38,-0.0109,0.0259,0.0258,0.4929
28-MAY-2025,RUBYMILLS,212.04,211.09,0.0045,0.0315,0.0314,0.5999
28-MAY-2025,RUCHINFRA,8.24,8.28,-0.0048,0.0328,0.0328,0.6266
28-MAY-2025,RUCHIRA,139.56,141.06,-0.0107,0.0231,0.0230,0.4394
28-MAY-2025,RUPA,217.00,211.40,0.0261,0.0225,0.0226,0.4318
28-MAY-2025,RUSHIL,26.75,25.98,0.0292,0.0304,0.0304,0.5808
28-MAY-2025,RUSTOMJEE,523.05,529.15,-0.0116,0.0191,0.0191,0.3649
28-MAY-2025,RVHL,54.76,54.05,0.0131,0.0320,0.0319,0.6094
28-MAY-2025,RVNL,416.15,415.45,0.0017,0.0356,0.0355,0.6782
28-MAY-2025,RVTH,877.75,889.70,-0.0135,0.0257,0.0256,0.4891
28-MAY-2025,S&SPOWER,341.95,358.05,-0.0460,0.0343,0.0344,0.6572
28-MAY-2025,SAANVI,10.00,10.00,0.0000,0.0000,0.0000,0.0000
28-MAY-2025,SABEVENTS,5.31,5.54,-0.0424,0.0431,0.0431,0.8234
28-MAY-2025,SABTNL,597.00,589.35,0.0129,0.0274,0.0274,0.5235
28-MAY-2025,SADBHAV,14.54,14.26,0.0194,0.0341,0.0341,0.6515
28-MAY-2025,SADBHIN,4.91,5.00,-0.0182,0.0356,0.0355,0.6782
28-MAY-2025,SADHNANIQ,19.76,20.09,-0.0166,0.0334,0.0334,0.6381
28-MAY-2025,SAFARI,2251.00,2295.30,-0.0195,0.0229,0.0228,0.4356
28-MAY-2025,SAGARDEEP,29.38,29.15,0.0079,0.0270,0.0269,0.5139
28-MAY-2025,SAGCEM,241.30,241.43,-0.0005,0.0229,0.0229,0.4375
28-MAY-2025,SAGILITY,39.93,40.72,-0.0196,0.0223,0.0223,0.4260
28-MAY-2025,SAH,103.84,99.67,0.0410,0.0323,0.0324,0.6190
28-MAY-2025,SAHYADRI,292.15,286.45,0.0197,0.0258,0.0258,0.4929
28-MAY-2025,SAIL,128.95,128.58,0.0029,0.0266,0.0265,0.5063
28-MAY-2025,SAILIFE,729.35,728.15,0.0016,0.0217,0.0217,0.4146
28-MAY-2025,SAKAR,308.65,314.25,-0.0180,0.0285,0.0285,0.5445
28-MAY-2025,SAKHTISUG,26.19,25.78,0.0158,0.0319,0.0319,0.6094
28-MAY-2025,SAKSOFT,207.29,208.73,-0.0069,0.0310,0.0309,0.5903
28-MAY-2025,SAKUMA,3.08,3.02,0.0197,0.0337,0.0336,0.6419
28-MAY-2025,SALASAR,8.97,8.93,0.0045,0.0357,0.0356,0.6801
28-MAY-2025,SALONA,270.40,260.00,0.0392,0.0274,0.0275,0.5254
28-MAY-2025,SALSTEEL,18.11,18.14,-0.0017,0.0353,0.0352,0.6725
28-MAY-2025,SALZERELEC,926.00,996.30,-0.0732,0.0372,0.0375,0.7164
28-MAY-2025,SAMBHAAV,7.07,7.13,-0.0085,0.0393,0.0392,0.7489
28-MAY-2025,SAMHI,191.68,192.84,-0.0060,0.0261,0.0260,0.4967
28-MAY-2025,SAMMAANCAP,122.35,121.01,0.0110,0.0296,0.0296,0.5655
28-MAY-2025,SAMPANN,29.38,30.10,-0.0242,0.0349,0.0349,0.6668
28-MAY-2025,SAMYAK,9.95,9.95,0.0000,0.0000,0.0000,0.0000
28-MAY-2025,SANATHAN,477.60,441.45,0.0787,0.0196,0.0203,0.3878
28-MAY-2025,SANCO,2.54,2.48,0.0239,0.0321,0.0320,0.6114
28-MAY-2025,SANDESH,1230.80,1236.50,-0.0046,0.0284,0.0284,0.5426
28-MAY-2025,SANDHAR,518.60,504.25,0.0281,0.0278,0.0278,0.5311
28-MAY-2025,SANDUMA,551.60,522.00,0.0552,0.0311,0.0313,0.5980
28-MAY-2025,SANGAMIND,414.00,407.20,0.0166,0.0342,0.0341,0.6515
28-MAY-2025,SANGHIIND,62.38,62.39,-0.0002,0.0238,0.0238,0.4547
28-MAY-2025,SANGHVIMOV,285.45,295.75,-0.0354,0.0381,0.0381,0.7279
28-MAY-2025,SANGINITA,10.36,10.58,-0.0210,0.0357,0.0356,0.6801
28-MAY-2025,SANOFI,6209.50,6206.50,0.0005,0.0134,0.0134,0.2560
28-MAY-2025,SANOFICONR,5057.00,5049.40,0.0015,0.0086,0.0086,0.1643
28-MAY-2025,SANSERA,1344.20,1272.00,0.0552,0.0207,0.0210,0.4012
28-MAY-2025,SANSTAR,93.37,92.82,0.0059,0.0225,0.0225,0.4299
28-MAY-2025,SANWARIA,0.37,0.36,0.0274,0.0664,0.0662,1.2647
28-MAY-2025,SAPPHIRE,311.85,316.75,-0.0156,0.0221,0.0221,0.4222
28-MAY-2025,SARDAEN,435.55,430.05,0.0127,0.0302,0.0301,0.5751
28-MAY-2025,SAREGAMA,554.80,559.15,-0.0078,0.0282,0.0282,0.5388
28-MAY-2025,SARLAPOLY,116.49,111.84,0.0407,0.0363,0.0363,0.6935
28-MAY-2025,SARVESHWAR,7.27,7.33,-0.0082,0.0292,0.0292,0.5579
28-MAY-2025,SASKEN,1512.20,1478.70,0.0224,0.0302,0.0302,0.5770
28-MAY-2025,SASTASUNDR,270.90,264.75,0.0230,0.0270,0.0270,0.5158
28-MAY-2025,SATIA,80.61,79.80,0.0101,0.0228,0.0227,0.4337
28-MAY-2025,SATIN,160.73,159.06,0.0104,0.0225,0.0225,0.4299
28-MAY-2025,SATINDLTD,88.00,87.89,0.0013,0.0312,0.0312,0.5961
28-MAY-2025,SATYASHYAM,22.65,22.65,0.0000,0.0000,0.0000,0.0000
28-MAY-2025,SAURASHCEM,90.57,91.65,-0.0119,0.0324,0.0324,0.6190
28-MAY-2025,SBC,14.60,14.59,0.0007,0.0284,0.0284,0.5426
28-MAY-2025,SBCL,493.00,491.75,0.0025,0.0272,0.0271,0.5177
28-MAY-2025,SBFC,108.74,106.78,0.0182,0.0218,0.0218,0.4165
28-MAY-2025,SBGLP,41.37,39.99,0.0339,0.0362,0.0362,0.6916
28-MAY-2025,SBHL,10.00,10.00,0.0000,0.0000,0.0000,0.0000
28-MAY-2025,SBIBPB,39.59,39.17,0.0107,0.0074,0.0074,0.1414
28-MAY-2025,SBICARD,908.25,915.95,-0.0084,0.0158,0.0157,0.2999
28-MAY-2025,SBIETFCON,117.04,117.88,-0.0072,0.0094,0.0094,0.1796
28-MAY-2025,SBIETFIT,405.17,405.77,-0.0015,0.0144,0.0144,0.2751
28-MAY-2025,SBIETFPB,278.92,279.45,-0.0019,0.0100,0.0100,0.1910
28-MAY-2025,SBIETFQLTY,221.93,222.19,-0.0012,0.0096,0.0095,0.1815
28-MAY-2025,SBILIFE,1807.40,1803.30,0.0023,0.0153,0.0153,0.2923
28-MAY-2025,SBIN,796.55,793.70,0.0036,0.0161,0.0161,0.3076
28-MAY-2025,SBINEQWETF,31.10,31.20,-0.0032,0.0083,0.0082,0.1567
28-MAY-2025,SBISILVER,96.89,96.37,0.0054,0.0117,0.0116,0.2216
28-MAY-2025,SCHAEFFLER,4007.40,3994.20,0.0033,0.0209,0.0209,0.3993
28-MAY-2025,SCHAND,218.43,221.72,-0.0149,0.0268,0.0268,0.5120
28-MAY-2025,SCHNEIDER,778.75,697.95,0.1095,0.0292,0.0301,0.5751
28-MAY-2025,SCI,205.79,203.12,0.0131,0.0331,0.0331,0.6324
28-MAY-2025,SCILAL,54.19,52.99,0.0224,0.0277,0.0276,0.5273
28-MAY-2025,SCPL,335.35,340.00,-0.0138,0.0293,0.0292,0.5579
28-MAY-2025,SDBL,158.34,156.91,0.0091,0.0295,0.0294,0.5617
28-MAY-2025,SDL26BEES,131.00,130.54,0.0035,0.0032,0.0032,0.0611
28-MAY-2025,SEAMECLTD,923.15,947.90,-0.0265,0.0265,0.0265,0.5063
28-MAY-2025,SECMARK,153.35,156.56,-0.0207,0.0393,0.0392,0.7489
28-MAY-2025,SECURKLOUD,24.50,24.50,0.0000,0.0343,0.0342,0.6534
28-MAY-2025,SEITINVIT,109.00,109.00,0.0000,0.0049,0.0048,0.0917
28-MAY-2025,SEJALLTD,499.90,455.10,0.0939,0.0306,0.0312,0.5961
28-MAY-2025,SELAN,548.50,546.90,0.0029,0.0342,0.0341,0.6515
28-MAY-2025,SELECTIPO,47.47,47.49,-0.0004,0.0080,0.0080,0.1528
28-MAY-2025,SELMC,39.65,39.18,0.0119,0.0376,0.0375,0.7164
28-MAY-2025,SEMAC,375.50,352.20,0.0641,0.0293,0.0295,0.5636
28-MAY-2025,SENCO,369.15,364.20,0.0135,0.0320,0.0319,0.6094
28-MAY-2025,SENORES,503.95,501.60,0.0047,0.0242,0.0241,0.4604
28-MAY-2025,SENSEXADD,83.01,83.04,-0.0004,0.0112,0.0112,0.2140
28-MAY-2025,SENSEXETF,82.69,82.85,-0.0019,0.0101,0.0100,0.1910
28-MAY-2025,SENSEXIETF,921.73,923.30,-0.0017,0.0099,0.0099,0.1891
28-MAY-2025,SEPC,15.15,14.28,0.0591,0.0380,0.0381,0.7279
28-MAY-2025,SEQUENT,185.98,196.07,-0.0528,0.0329,0.0330,0.6305
28-MAY-2025,SERVOTECH,120.37,121.17,-0.0066,0.0327,0.0326,0.6228
28-MAY-2025,SESHAPAPER,289.45,290.40,-0.0033,0.0225,0.0225,0.4299
28-MAY-2025,SETCO,19.21,18.84,0.0194,0.0320,0.0319,0.6094
28-MAY-2025,SETF10GILT,259.08,258.81,0.0010,0.0029,0.0029,0.0554
28-MAY-2025,SETFGOLD,82.53,81.94,0.0072,0.0091,0.0091,0.1739
28-MAY-2025,SETFNIF50,262.48,263.27,-0.0030,0.0084,0.0083,0.1586
28-MAY-2025,SETFNIFBK,564.17,563.55,0.0011,0.0094,0.0094,0.1796
28-MAY-2025,SETFNN50,709.54,712.86,-0.0047,0.0119,0.0119,0.2273
28-MAY-2025,SETUINFRA,0.73,0.70,0.0420,0.0394,0.0394,0.7527
28-MAY-2025,SFL,629.60,643.75,-0.0222,0.0174,0.0175,0.3343
28-MAY-2025,SGIL,502.00,486.45,0.0315,0.0292,0.0292,0.5579
28-MAY-2025,SGL,14.16,15.10,-0.0643,0.0384,0.0386,0.7375
28-MAY-2025,SGLTL,177.65,178.34,-0.0039,0.0236,0.0236,0.4509
28-MAY-2025,SHAH,3.14,3.08,0.0193,0.0327,0.0326,0.6228
28-MAY-2025,SHAHALLOYS,55.63,56.54,-0.0162,0.0385,0.0384,0.7336
28-MAY-2025,SHAILY,1851.50,1801.30,0.0275,0.0335,0.0335,0.6400
28-MAY-2025,SHAKTIPUMP,853.65,873.80,-0.0233,0.0329,0.0329,0.6286
28-MAY-2025,SHALBY,199.44,200.07,-0.0032,0.0244,0.0244,0.4662
28-MAY-2025,SHALPAINTS,101.23,102.26,-0.0101,0.0287,0.0287,0.5483
28-MAY-2025,SHANKARA,792.20,821.40,-0.0362,0.0319,0.0319,0.6094
28-MAY-2025,SHANTI,20.63,19.65,0.0487,0.0349,0.0350,0.6687
28-MAY-2025,SHANTIGEAR,492.85,480.00,0.0264,0.0258,0.0258,0.4929
28-MAY-2025,SHARDACROP,730.25,673.10,0.0815,0.0326,0.0331,0.6324
28-MAY-2025,SHARDAMOTR,1885.80,1919.80,-0.0179,0.0299,0.0299,0.5712
28-MAY-2025,SHAREINDIA,178.76,180.88,-0.0118,0.0274,0.0273,0.5216
28-MAY-2025,SHARIABEES,505.16,508.52,-0.0066,0.0092,0.0092,0.1758
28-MAY-2025,SHEKHAWATI,23.86,24.42,-0.0232,0.1172,0.1169,2.2334
28-MAY-2025,SHEMAROO,106.11,107.51,-0.0131,0.0344,0.0343,0.6553
28-MAY-2025,SHILPAMED,886.30,874.65,0.0132,0.0319,0.0319,0.6094
28-MAY-2025,SHIVALIK,586.20,581.20,0.0086,0.0329,0.0328,0.6266
28-MAY-2025,SHIVAMAUTO,30.61,30.28,0.0108,0.0368,0.0367,0.7012
28-MAY-2025,SHIVAMILLS,77.88,76.50,0.0179,0.0320,0.0320,0.6114
28-MAY-2025,SHIVATEX,211.03,208.78,0.0107,0.0360,0.0359,0.6859
28-MAY-2025,SHK,247.37,234.29,0.0543,0.0313,0.0315,0.6018
28-MAY-2025,SHOPERSTOP,514.15,516.65,-0.0049,0.0237,0.0236,0.4509
28-MAY-2025,SHRADHA,58.70,58.51,0.0032,0.0352,0.0351,0.6706
28-MAY-2025,SHREDIGCEM,82.88,83.24,-0.0043,0.0199,0.0199,0.3802
28-MAY-2025,SHREECEM,29895.00,30950.00,-0.0347,0.0145,0.0146,0.2789
28-MAY-2025,SHREEPUSHK,305.85,294.46,0.0380,0.0331,0.0331,0.6324
28-MAY-2025,SHREERAMA,39.16,39.89,-0.0185,0.0320,0.0319,0.6094
28-MAY-2025,SHREMINVIT,115.00,115.00,0.0000,0.0128,0.0128,0.2445
28-MAY-2025,SHRENIK,0.63,0.63,0.0000,0.0328,0.0327,0.6247
28-MAY-2025,SHREYANIND,223.00,221.32,0.0076,0.0295,0.0294,0.5617
28-MAY-2025,SHRIPISTON,2356.30,2405.20,-0.0205,0.0275,0.0275,0.5254
28-MAY-2025,SHRIRAMFIN,655.70,661.90,-0.0094,0.0234,0.0233,0.4451
28-MAY-2025,SHRIRAMPPS,94.49,97.39,-0.0302,0.0326,0.0326,0.6228
28-MAY-2025,SHYAMCENT,9.00,9.18,-0.0198,0.0270,0.0270,0.5158
28-MAY-2025,SHYAMMETL,870.45,873.15,-0.0031,0.0235,0.0234,0.4471
28-MAY-2025,SHYAMTEL,13.21,13.84,-0.0466,0.0396,0.0396,0.7566
28-MAY-2025,SIEMENS,3337.50,3299.10,0.0116,0.0239,0.0239,0.4566
28-MAY-2025,SIGACHI,50.35,47.09,0.0669,0.0306,0.0309,0.5903
28-MAY-2025,SIGIND,59.64,57.23,0.0412,0.0338,0.0339,0.6477
28-MAY-2025,SIGMA,391.10,388.15,0.0076,0.0331,0.0331,0.6324
28-MAY-2025,SIGNATURE,1213.10,1191.60,0.0179,0.0218,0.0218,0.4165
28-MAY-2025,SIGNPOST,214.04,213.01,0.0048,0.0326,0.0325,0.6209
28-MAY-2025,SIKKO,76.88,76.57,0.0040,0.0392,0.0391,0.7470
28-MAY-2025,SIL,18.74,19.03,-0.0154,0.0260,0.0260,0.4967
28-MAY-2025,SILGO,55.51,56.65,-0.0203,0.0388,0.0387,0.7394
28-MAY-2025,SILINV,614.90,614.95,-0.0001,0.0312,0.0311,0.5942
28-MAY-2025,SILLYMONKS,16.41,16.89,-0.0288,0.0357,0.0356,0.6801
28-MAY-2025,SILVER,98.61,97.76,0.0087,0.0134,0.0134,0.2560
28-MAY-2025,SILVER1,95.98,95.22,0.0079,0.0142,0.0142,0.2713
28-MAY-2025,SILVER360,97.55,97.28,0.0028,0.0073,0.0073,0.1395
28-MAY-2025,SILVERADD,95.47,94.59,0.0093,0.0140,0.0140,0.2675
28-MAY-2025,SILVERBEES,94.89,94.05,0.0089,0.0140,0.0140,0.2675
28-MAY-2025,SILVERCASE,10.05,9.98,0.0070,0.0066,0.0066,0.1261
28-MAY-2025,SILVERETF,96.03,95.17,0.0090,0.0134,0.0134,0.2560
28-MAY-2025,SILVERIETF,98.77,97.73,0.0106,0.0137,0.0137,0.2617
28-MAY-2025,SILVERTUC,769.05,776.85,-0.0101,0.0197,0.0196,0.3745
28-MAY-2025,SILVRETF,96.37,95.59,0.0081,0.0131,0.0130,0.2484
28-MAY-2025,SIMBHALS,16.26,15.52,0.0466,0.0306,0.0307,0.5865
28-MAY-2025,SIMPLEXINF,279.25,284.25,-0.0177,0.0314,0.0314,0.5999
28-MAY-2025,SINCLAIR,92.49,92.52,-0.0003,0.0331,0.0330,0.6305
28-MAY-2025,SINDHUTRAD,22.28,22.29,-0.0004,0.0412,0.0411,0.7852
28-MAY-2025,SINTERCOM,125.74,126.61,-0.0069,0.0241,0.0240,0.4585
28-MAY-2025,SIRCA,338.80,338.40,0.0012,0.0245,0.0245,0.4681
28-MAY-2025,SIS,347.35,347.00,0.0010,0.0193,0.0193,0.3687
28-MAY-2025,SITAL,74.75,74.80,-0.0007,0.0008,0.0008,0.0153
28-MAY-2025,SITINET,0.50,0.50,0.0000,0.0275,0.0275,0.5254
28-MAY-2025,SIYSIL,738.30,737.30,0.0014,0.0330,0.0329,0.6286
28-MAY-2025,SJS,1080.65,1085.40,-0.0044,0.0277,0.0277,0.5292
28-MAY-2025,SJVN,102.62,102.73,-0.0011,0.0292,0.0291,0.5560
28-MAY-2025,SKFINDIA,4543.50,4587.20,-0.0096,0.0170,0.0169,0.3229
28-MAY-2025,SKIPPER,494.25,497.15,-0.0059,0.0367,0.0366,0.6992
28-MAY-2025,SKMEGGPROD,216.40,214.19,0.0103,0.0303,0.0302,0.5770
28-MAY-2025,SKYGOLD,374.45,364.95,0.0257,0.0349,0.0349,0.6668
28-MAY-2025,SMALLCAP,45.45,45.27,0.0040,0.0135,0.0134,0.2560
28-MAY-2025,SMARTLINK,159.50,160.75,-0.0078,0.0312,0.0312,0.5961
28-MAY-2025,SMCGLOBAL,120.86,119.20,0.0138,0.0241,0.0241,0.4604
28-MAY-2025,SMLISUZU,1822.30,1750.50,0.0402,0.0332,0.0333,0.6362
28-MAY-2025,SMLT,118.17,118.89,-0.0061,0.0348,0.0347,0.6629
28-MAY-2025,SMMIL,2.25,2.25,0.0000,0.0000,0.0000,0.0000
28-MAY-2025,SMSLIFE,1340.30,1363.80,-0.0174,0.0360,0.0360,0.6878
28-MAY-2025,SMSPHARMA,269.04,262.62,0.0242,0.0319,0.0318,0.6075
28-MAY-2025,SNOWMAN,59.40,58.80,0.0102,0.0290,0.0289,0.5521
28-MAY-2025,SOBHA,1389.50,1349.60,0.0291,0.0282,0.0282,0.5388
28-MAY-2025,SOFTTECH,382.20,386.10,-0.0102,0.0322,0.0322,0.6152
28-MAY-2025,SOLARA,481.90,481.90,0.0000,0.0325,0.0324,0.6190
28-MAY-2025,SOLARINDS,16113.00,15890.00,0.0139,0.0243,0.0242,0.4623
28-MAY-2025,SOMANYCERA,475.30,476.30,-0.0021,0.0215,0.0214,0.4088
28-MAY-2025,SOMATEX,46.02,46.44,-0.0091,0.0390,0.0389,0.7432
28-MAY-2025,SOMICONVEY,188.33,192.94,-0.0242,0.0410,0.0409,0.7814
28-MAY-2025,SONACOMS,539.20,544.95,-0.0106,0.0232,0.0232,0.4432
28-MAY-2025,SONAMLTD,39.52,39.98,-0.0116,0.0363,0.0362,0.6916
28-MAY-2025,SONATSOFTW,404.75,401.25,0.0087,0.0305,0.0304,0.5808
28-MAY-2025,SOTL,406.45,405.65,0.0020,0.0255,0.0254,0.4853
28-MAY-2025,SOUTHBANK,28.85,28.96,-0.0038,0.0231,0.0231,0.4413
28-MAY-2025,SOUTHWEST,144.23,148.58,-0.0297,0.0328,0.0327,0.6247
28-MAY-2025,SPAL,868.65,871.20,-0.0029,0.0345,0.0344,0.6572
28-MAY-2025,SPANDANA,294.45,289.55,0.0168,0.0351,0.0351,0.6706
28-MAY-2025,SPANGLE,10.00,10.00,0.0000,0.0000,0.0000,0.0000
28-MAY-2025,SPARC,169.82,161.31,0.0514,0.0290,0.0292,0.5579
28-MAY-2025,SPCENET,8.40,8.32,0.0096,0.0397,0.0396,0.7566
28-MAY-2025,SPECIALITY,134.29,134.42,-0.0010,0.0264,0.0263,0.5025
28-MAY-2025,SPECTRUM,1736.90,1729.40,0.0043,0.0109,0.0109,0.2082
28-MAY-2025,SPENCERS,64.40,64.18,0.0034,0.0313,0.0312,0.5961
28-MAY-2025,SPIC,87.03,87.61,-0.0066,0.0263,0.0263,0.5025
28-MAY-2025,SPLIL,39.21,38.82,0.0100,0.0286,0.0285,0.5445
28-MAY-2025,SPLPETRO,710.40,716.70,-0.0088,0.0216,0.0216,0.4127
28-MAY-2025,SPMLINFRA,188.43,186.86,0.0084,0.0341,0.0340,0.6496
28-MAY-2025,SPORTKING,113.65,118.58,-0.0425,0.0333,0.0333,0.6362
28-MAY-2025,SRD,60.32,61.26,-0.0155,0.0229,0.0229,0.4375
28-MAY-2025,SREEL,247.85,248.16,-0.0012,0.0241,0.0241,0.4604
28-MAY-2025,SRF,2897.30,2880.30,0.0059,0.0188,0.0187,0.3573
28-MAY-2025,SRGHFL,310.65,308.10,0.0082,0.0275,0.0275,0.5254
28-MAY-2025,SRHHYPOLTD,576.50,572.05,0.0077,0.0321,0.0320,0.6114
28-MAY-2025,SRM,420.00,400.95,0.0464,0.0301,0.0302,0.5770
28-MAY-2025,SRPL,0.84,0.84,0.0000,0.0328,0.0328,0.6266
28-MAY-2025,SSDL,95.93,96.13,-0.0021,0.0217,0.0216,0.4127
28-MAY-2025,SSWL,233.22,238.13,-0.0208,0.0224,0.0224,0.4280
28-MAY-2025,STALLION,75.11,73.64,0.0198,0.0257,0.0256,0.4891
28-MAY-2025,STANLEY,341.90,347.85,-0.0173,0.0225,0.0225,0.4299
28-MAY-2025,STAR,715.05,713.10,0.0027,0.0299,0.0298,0.5693
28-MAY-2025,STARCEMENT,217.16,220.09,-0.0134,0.0233,0.0232,0.4432
28-MAY-2025,STARHEALTH,476.10,465.75,0.0220,0.0183,0.0183,0.3496
28-MAY-2025,STARPAPER,181.92,185.53,-0.0196,0.0221,0.0221,0.4222
28-MAY-2025,STARTECK,297.10,298.45,-0.0045,0.0316,0.0315,0.6018
28-MAY-2025,STCINDIA,154.28,137.27,0.1168,0.0365,0.0373,0.7126
28-MAY-2025,STCL,9.25,9.25,0.0000,0.0000,0.0000,0.0000
28-MAY-2025,STEADFAST,14.90,14.90,0.0000,0.0000,0.0000,0.0000
28-MAY-2025,STEELCAS,989.15,989.20,-0.0001,0.0284,0.0283,0.5407
28-MAY-2025,STEELCITY,101.13,102.83,-0.0167,0.0289,0.0289,0.5521
28-MAY-2025,STEELXIND,8.35,8.33,0.0024,0.0288,0.0287,0.5483
28-MAY-2025,STEL,426.60,434.20,-0.0177,0.0287,0.0287,0.5483
28-MAY-2025,STERTOOLS,315.20,318.40,-0.0101,0.0331,0.0330,0.6305
28-MAY-2025,STLTECH,71.63,71.30,0.0046,0.0303,0.0303,0.5789
28-MAY-2025,STOVEKRAFT,556.15,564.10,-0.0142,0.0291,0.0291,0.5560
28-MAY-2025,STYLAMIND,1705.80,1837.20,-0.0742,0.0276,0.0280,0.5349
28-MAY-2025,STYLEBAAZA,262.65,266.70,-0.0153,0.0313,0.0313,0.5980
28-MAY-2025,STYRENIX,2891.30,2908.70,-0.0060,0.0232,0.0231,0.4413
28-MAY-2025,SUBEXLTD,14.19,14.19,0.0000,0.0333,0.0332,0.6343
28-MAY-2025,SUBROS,752.10,761.15,-0.0120,0.0275,0.0274,0.5235
28-MAY-2025,SUDARSCHEM,1088.80,1102.00,-0.0121,0.0266,0.0266,0.5082
28-MAY-2025,SUKHJITS,210.03,209.71,0.0015,0.0235,0.0234,0.4471
28-MAY-2025,SULA,297.65,298.80,-0.0039,0.0210,0.0209,0.3993
28-MAY-2025,SUMICHEM,510.00,503.20,0.0134,0.0227,0.0227,0.4337
28-MAY-2025,SUMIT,102.14,106.38,-0.0407,0.0315,0.0316,0.6037
28-MAY-2025,SUMMITSEC,2086.70,2055.80,0.0149,0.0336,0.0335,0.6400
28-MAY-2025,SUNAYANA,34.00,34.00,0.0000,0.0000,0.0000,0.0000
28-MAY-2025,SUNCLAY,2473.90,2407.90,0.0270,0.0287,0.0287,0.5483
28-MAY-2025,SUNDARAM,2.20,2.09,0.0513,0.0283,0.0284,0.5426
28-MAY-2025,SUNDARMFIN,4980.00,5182.50,-0.0399,0.0242,0.0243,0.4643
28-MAY-2025,SUNDARMHLD,351.25,348.35,0.0083,0.0302,0.0301,0.5751
28-MAY-2025,SUNDRMBRAK,847.80,897.15,-0.0566,0.0346,0.0347,0.6629
28-MAY-2025,SUNDRMFAST,1024.45,1004.45,0.0197,0.0165,0.0166,0.3171
28-MAY-2025,SUNDROP,895.55,902.20,-0.0074,0.0263,0.0262,0.5006
28-MAY-2025,SUNFLAG,262.20,270.06,-0.0295,0.0314,0.0314,0.5999
28-MAY-2025,SUNPHARMA,1666.40,1683.40,-0.0101,0.0135,0.0135,0.2579
28-MAY-2025,SUNTECK,410.05,417.55,-0.0181,0.0251,0.0251,0.4795
28-MAY-2025,SUNTV,631.55,631.30,0.0004,0.0181,0.0181,0.3458
28-MAY-2025,SUPERHOUSE,171.66,171.67,-0.0001,0.0244,0.0244,0.4662
28-MAY-2025,SUPERSPIN,9.97,9.88,0.0091,0.0343,0.0342,0.6534
28-MAY-2025,SUPRAJIT,425.85,438.95,-0.0303,0.0215,0.0215,0.4108
28-MAY-2025,SUPREME,103.48,107.26,-0.0359,0.0335,0.0335,0.6400
28-MAY-2025,SUPREMEENG,2.28,2.34,-0.0260,0.0319,0.0319,0.6094
28-MAY-2025,SUPREMEIND,4253.80,4200.40,0.0126,0.0245,0.0245,0.4681
28-MAY-2025,SUPREMEINF,91.86,90.07,0.0197,0.0348,0.0347,0.6629
28-MAY-2025,SUPRIYA,722.70,729.75,-0.0097,0.0333,0.0332,0.6343
28-MAY-2025,SURAJEST,320.70,335.90,-0.0463,0.0323,0.0323,0.6171
28-MAY-2025,SURAJLTD,379.55,387.20,-0.0200,0.0224,0.0224,0.4280
28-MAY-2025,SURAKSHA,336.95,326.95,0.0301,0.0179,0.0180,0.3439
28-MAY-2025,SURANASOL,36.24,35.49,0.0209,0.0325,0.0324,0.6190
28-MAY-2025,SURANAT&P,20.03,20.09,-0.0030,0.0326,0.0326,0.6228
28-MAY-2025,SURYALAXMI,69.34,70.15,-0.0116,0.0324,0.0323,0.6171
28-MAY-2025,SURYAROSNI,330.95,324.40,0.0200,0.0318,0.0317,0.6056
28-MAY-2025,SURYODAY,138.66,132.59,0.0448,0.0283,0.0284,0.5426
28-MAY-2025,SUTLEJTEX,42.09,42.30,-0.0050,0.0305,0.0305,0.5827
28-MAY-2025,SUULD,3.06,3.23,-0.0541,0.0310,0.0312,0.5961
28-MAY-2025,SUVEN,244.45,235.59,0.0369,0.0367,0.0367,0.7012
28-MAY-2025,SUVIDHAA,3.91,3.92,-0.0026,0.0338,0.0337,0.6438
28-MAY-2025,SUYOG,837.05,847.70,-0.0126,0.0327,0.0326,0.6228
28-MAY-2025,SUZLON,66.32,65.39,0.0141,0.0302,0.0302,0.5770
28-MAY-2025,SVLL,695.00,697.10,-0.0030,0.0311,0.0310,0.5923
28-MAY-2025,SVPGLOB,3.56,3.56,0.0000,0.0291,0.0290,0.5540
28-MAY-2025,SWANENERGY,441.30,442.15,-0.0019,0.0342,0.0341,0.6515
28-MAY-2025,SWARAJENG,4012.80,4026.70,-0.0035,0.0240,0.0239,0.4566
28-MAY-2025,SWELECTES,559.00,558.00,0.0018,0.0382,0.0381,0.7279
28-MAY-2025,SWIGGY,320.20,320.15,0.0002,0.0255,0.0254,0.4853
28-MAY-2025,SWSOLAR,282.15,283.65,-0.0053,0.0326,0.0326,0.6228
28-MAY-2025,SYMPHONY,1215.20,1231.20,-0.0131,0.0239,0.0239,0.4566
28-MAY-2025,SYNCOMF,22.15,22.06,0.0041,0.0336,0.0336,0.6419
28-MAY-2025,SYNGENE,650.25,654.15,-0.0060,0.0189,0.0189,0.3611
28-MAY-2025,SYRMA,539.05,545.35,-0.0116,0.0333,0.0333,0.6362
28-MAY-2025,TAINWALCHM,208.79,207.06,0.0083,0.0357,0.0356,0.6801
28-MAY-2025,TAJGVK,460.00,459.00,0.0022,0.0337,0.0336,0.6419
28-MAY-2025,TAKE,9.22,9.40,-0.0193,0.0329,0.0328,0.6266
28-MAY-2025,TALBROAUTO,292.55,282.55,0.0348,0.0318,0.0318,0.6075
28-MAY-2025,TANLA,609.60,595.80,0.0229,0.0293,0.0292,0.5579
28-MAY-2025,TARACHAND,60.58,59.68,0.0150,0.0280,0.0279,0.5330
28-MAY-2025,TARANGINI,1.00,1.00,0.0000,0.0000,0.0000,0.0000
28-MAY-2025,TARAPUR,25.77,25.82,-0.0019,0.0310,0.0309,0.5903
28-MAY-2025,TARC,168.44,166.04,0.0144,0.0317,0.0316,0.6037
28-MAY-2025,TARIL,512.05,516.15,-0.0080,0.0365,0.0364,0.6954
28-MAY-2025,TARINIENT,33.50,33.50,0.0000,0.2079,0.2074,3.9624
28-MAY-2025,TARMAT,54.86,56.34,-0.0266,0.0324,0.0324,0.6190
28-MAY-2025,TARSONS,395.80,430.80,-0.0847,0.0276,0.0281,0.5368
28-MAY-2025,TASTYBITE,10484.00,10935.50,-0.0422,0.0249,0.0250,0.4776
28-MAY-2025,TATACHEM,895.70,900.40,-0.0052,0.0195,0.0195,0.3725
28-MAY-2025,TATACOMM,1690.10,1687.90,0.0013,0.0182,0.0182,0.3477
28-MAY-2025,TATACONSUM,1121.40,1138.40,-0.0150,0.0155,0.0155,0.2961
28-MAY-2025,TATAELXSI,6471.00,6410.00,0.0095,0.0211,0.0210,0.4012
28-MAY-2025,TATAGOLD,9.38,9.34,0.0043,0.0107,0.0106,0.2025
28-MAY-2025,TATAINVEST,6430.50,6305.00,0.0197,0.0251,0.0251,0.4795
28-MAY-2025,TATAMOTORS,717.95,716.45,0.0021,0.0203,0.0202,0.3859
28-MAY-2025,TATAPOWER,396.35,402.20,-0.0147,0.0201,0.0201,0.3840
28-MAY-2025,TATASTEEL,161.23,161.66,-0.0027,0.0194,0.0194,0.3706
28-MAY-2025,TATATECH,757.60,773.05,-0.0202,0.0177,0.0177,0.3382
28-MAY-2025,TATSILV,9.60,9.54,0.0063,0.0135,0.0134,0.2560
28-MAY-2025,TATVA,883.75,902.25,-0.0207,0.0277,0.0277,0.5292
28-MAY-2025,TBOTEK,1303.80,1289.40,0.0111,0.0249,0.0249,0.4757
28-MAY-2025,TBZ,190.42,193.43,-0.0157,0.0361,0.0361,0.6897
28-MAY-2025,TCI,1127.70,1144.50,-0.0148,0.0220,0.0220,0.4203
28-MAY-2025,TCIEXP,773.60,767.35,0.0081,0.0211,0.0210,0.4012
28-MAY-2025,TCIFINANCE,12.65,12.30,0.0281,0.0291,0.0291,0.5560
28-MAY-2025,TCPLPACK,4309.90,4326.80,-0.0039,0.0298,0.0297,0.5674
28-MAY-2025,TCS,3497.70,3498.70,-0.0003,0.0136,0.0136,0.2598
28-MAY-2025,TDPOWERSYS,489.10,477.50,0.0240,0.0311,0.0311,0.5942
28-MAY-2025,TEAMLEASE,1933.70,1962.00,-0.0145,0.0212,0.0212,0.4050
28-MAY-2025,TECH,39.57,39.69,-0.0030,0.0138,0.0137,0.2617
28-MAY-2025,TECHM,1580.30,1592.60,-0.0078,0.0172,0.0172,0.3286
28-MAY-2025,TECHNOE,1438.00,1250.70,0.1395,0.0321,0.0335,0.6400
28-MAY-2025,TEGA,1617.30,1568.90,0.0304,0.0260,0.0260,0.4967
28-MAY-2025,TEJASNET,733.20,739.05,-0.0079,0.0336,0.0335,0.6400
28-MAY-2025,TEMBO,469.90,460.70,0.0198,0.0330,0.0330,0.6305
28-MAY-2025,TERASOFT,267.30,272.75,-0.0202,0.0381,0.0380,0.7260
28-MAY-2025,TEXINFRA,101.63,103.32,-0.0165,0.0343,0.0342,0.6534
28-MAY-2025,TEXMOPIPES,63.37,63.31,0.0009,0.0313,0.0312,0.5961
28-MAY-2025,TEXRAIL,159.77,159.00,0.0048,0.0346,0.0345,0.6591
28-MAY-2025,TFCILTD,221.59,219.61,0.0090,0.0326,0.0325,0.6209
28-MAY-2025,TFL,15.20,15.25,-0.0033,0.0319,0.0318,0.6075
28-MAY-2025,TGBHOTELS,11.45,11.12,0.0292,0.0303,0.0303,0.5789
28-MAY-2025,THANGAMAYL,1901.50,1919.70,-0.0095,0.0324,0.0323,0.6171
28-MAY-2025,THEINVEST,145.79,146.35,-0.0038,0.0313,0.0313,0.5980
28-MAY-2025,THEJO,1963.90,1885.90,0.0405,0.0283,0.0283,0.5407
28-MAY-2025,THEMISMED,138.35,143.27,-0.0349,0.0373,0.0373,0.7126
28-MAY-2025,THERMAX,3486.10,3451.80,0.0099,0.0260,0.0259,0.4948
28-MAY-2025,THOMASCOOK,161.78,159.01,0.0173,0.0331,0.0331,0.6324
28-MAY-2025,THOMASCOTT,346.80,350.30,-0.0100,0.0307,0.0306,0.5846
28-MAY-2025,THYROCARE,1011.10,1013.35,-0.0022,0.0251,0.0251,0.4795
28-MAY-2025,TI,367.85,362.45,0.0148,0.0356,0.0356,0.6801
28-MAY-2025,TICL,26.79,27.28,-0.0181,0.0415,0.0414,0.7909
28-MAY-2025,TIIL,2881.10,2921.50,-0.0139,0.0301,0.0300,0.5731
28-MAY-2025,TIINDIA,3016.10,3044.30,-0.0093,0.0249,0.0248,0.4738
28-MAY-2025,TIJARIA,7.20,7.37,-0.0233,0.0319,0.0319,0.6094
28-MAY-2025,TIL,333.67,317.44,0.0499,0.0322,0.0323,0.6171
28-MAY-2025,TIMESGTY,160.03,161.34,-0.0082,0.0346,0.0345,0.6591
28-MAY-2025,TIMETECHNO,376.85,380.50,-0.0096,0.0327,0.0327,0.6247
28-MAY-2025,TIMKEN,3152.10,3125.90,0.0083,0.0231,0.0231,0.4413
28-MAY-2025,TINNARUBR,985.50,998.05,-0.0127,0.0081,0.0082,0.1567
28-MAY-2025,TIPSFILMS,523.70,535.20,-0.0217,0.0353,0.0352,0.6725
28-MAY-2025,TIPSMUSIC,663.95,667.95,-0.0060,0.0276,0.0275,0.5254
28-MAY-2025,TIRUMALCHM,246.99,249.95,-0.0119,0.0300,0.0299,0.5712
28-MAY-2025,TIRUPATIFL,36.30,37.05,-0.0205,0.0344,0.0344,0.6572
28-MAY-2025,TITAGARH,911.50,939.00,-0.0297,0.0331,0.0331,0.6324
28-MAY-2025,TITAN,3574.70,3589.50,-0.0041,0.0145,0.0144,0.2751
28-MAY-2025,TMB,447.55,449.45,-0.0042,0.0135,0.0134,0.2560
28-MAY-2025,TNIDETF,89.55,89.59,-0.0004,0.0120,0.0120,0.2293
28-MAY-2025,TNPETRO,87.23,80.78,0.0768,0.0216,0.0222,0.4241
28-MAY-2025,TNPL,167.86,169.17,-0.0078,0.0251,0.0250,0.4776
28-MAY-2025,TNTELE,9.60,9.59,0.0010,0.0313,0.0312,0.5961
28-MAY-2025,TOKYOPLAST,136.10,136.40,-0.0022,0.0275,0.0274,0.5235
28-MAY-2025,TOLINS,134.45,131.84,0.0196,0.0246,0.0246,0.4700
28-MAY-2025,TOP100CASE,10.53,10.52,0.0010,0.0080,0.0080,0.1528
28-MAY-2025,TOP10ADD,97.75,97.83,-0.0008,0.0096,0.0095,0.1815
28-MAY-2025,TORNTPHARM,3165.90,3175.70,-0.0031,0.0149,0.0148,0.2828
28-MAY-2025,TORNTPOWER,1396.20,1425.40,-0.0207,0.0259,0.0259,0.4948
28-MAY-2025,TOTAL,83.62,84.74,-0.0133,0.0297,0.0296,0.5655
28-MAY-2025,TOUCHWOOD,87.58,88.97,-0.0157,0.0347,0.0346,0.6610
28-MAY-2025,TPHQ,0.80,0.81,-0.0124,0.0357,0.0356,0.6801
28-MAY-2025,TPLPLASTEH,81.37,83.47,-0.0255,0.0326,0.0326,0.6228
28-MAY-2025,TRACXN,58.90,56.95,0.0337,0.0279,0.0280,0.5349
28-MAY-2025,TRANSRAILL,629.85,614.95,0.0239,0.0228,0.0228,0.4356
28-MAY-2025,TRANSWORLD,307.35,328.00,-0.0650,0.0340,0.0342,0.6534
28-MAY-2025,TREEHOUSE,8.13,8.21,-0.0098,0.0310,0.0309,0.5903
28-MAY-2025,TREJHARA,244.19,245.54,-0.0055,0.0342,0.0341,0.6515
28-MAY-2025,TREL,33.99,33.37,0.0184,0.0264,0.0264,0.5044
28-MAY-2025,TRENT,5559.00,5573.00,-0.0025,0.0258,0.0258,0.4929
28-MAY-2025,TRF,380.05,381.95,-0.0050,0.0330,0.0329,0.6286
28-MAY-2025,TRIDENT,32.54,32.71,-0.0052,0.0249,0.0248,0.4738
28-MAY-2025,TRIGYN,87.52,83.96,0.0415,0.0302,0.0303,0.5789
28-MAY-2025,TRITURBINE,592.10,605.95,-0.0231,0.0334,0.0333,0.6362
28-MAY-2025,TRIVENI,451.40,424.45,0.0616,0.0264,0.0267,0.5101
28-MAY-2025,TRU,11.18,10.96,0.0199,0.0350,0.0349,0.6668
28-MAY-2025,TTKHLTCARE,1247.60,1256.90,-0.0074,0.0199,0.0198,0.3783
28-MAY-2025,TTKPRESTIG,621.05,645.90,-0.0392,0.0185,0.0187,0.3573
28-MAY-2025,TTL,13.39,13.53,-0.0104,0.0311,0.0310,0.5923
28-MAY-2025,TTML,74.36,75.01,-0.0087,0.0342,0.0341,0.6515
28-MAY-2025,TVSELECT,404.80,403.25,0.0038,0.0322,0.0321,0.6133
28-MAY-2025,TVSHLTD,11619.50,11636.50,-0.0015,0.0257,0.0256,0.4891
28-MAY-2025,TVSMOTOR,2801.50,2799.70,0.0006,0.0181,0.0181,0.3458
28-MAY-2025,TVSSCS,132.57,131.56,0.0076,0.0246,0.0245,0.4681
28-MAY-2025,TVSSRICHAK,2919.30,2938.90,-0.0067,0.0226,0.0225,0.4299
28-MAY-2025,TVTODAY,171.20,169.72,0.0087,0.0216,0.0215,0.4108
28-MAY-2025,TVVISION,7.40,6.90,0.0700,0.0349,0.0352,0.6725
28-MAY-2025,UBL,2060.00,2031.50,0.0139,0.0158,0.0158,0.3019
28-MAY-2025,UCAL,168.55,166.85,0.0101,0.0270,0.0270,0.5158
28-MAY-2025,UCOBANK,31.25,31.00,0.0080,0.0291,0.0290,0.5540
28-MAY-2025,UDAICEMENT,31.09,31.59,-0.0160,0.0248,0.0248,0.4738
28-MAY-2025,UDDHAV,10.00,10.00,0.0000,0.0000,0.0000,0.0000
28-MAY-2025,UDS,335.35,337.10,-0.0052,0.0253,0.0253,0.4834
28-MAY-2025,UFLEX,625.50,633.00,-0.0119,0.0253,0.0252,0.4814
28-MAY-2025,UFO,68.75,68.24,0.0074,0.0309,0.0308,0.5884
28-MAY-2025,UGARSUGAR,48.99,49.21,-0.0045,0.0280,0.0279,0.5330
28-MAY-2025,UGROCAP,179.66,178.38,0.0072,0.0252,0.0252,0.4814
28-MAY-2025,UJJIVANSFB,44.44,45.09,-0.0145,0.0235,0.0235,0.4490
28-MAY-2025,ULL,10.00,10.00,0.0000,0.0000,0.0000,0.0000
28-MAY-2025,ULTRACEMCO,11238.00,11421.00,-0.0162,0.0149,0.0149,0.2847
28-MAY-2025,UMAEXPORTS,68.84,73.22,-0.0617,0.0378,0.0380,0.7260
28-MAY-2025,UMANGDAIRY,80.53,80.40,0.0016,0.0336,0.0335,0.6400
28-MAY-2025,UMESLTD,5.84,5.79,0.0086,0.0333,0.0332,0.6343
28-MAY-2025,UMIYA-MRO,67.81,67.05,0.0113,0.0360,0.0360,0.6878
28-MAY-2025,UNICHEMLAB,607.45,596.45,0.0183,0.0263,0.0262,0.5006
28-MAY-2025,UNIDT,198.20,198.51,-0.0016,0.0265,0.0264,0.5044
28-MAY-2025,UNIECOM,136.37,138.03,-0.0121,0.0265,0.0264,0.5044
28-MAY-2025,UNIENTER,162.82,163.51,-0.0042,0.0257,0.0256,0.4891
28-MAY-2025,UNIINFO,20.70,20.70,0.0000,0.0401,0.0400,0.7642
28-MAY-2025,UNIMECH,1179.50,1072.30,0.0953,0.0211,0.0221,0.4222
28-MAY-2025,UNIONBANK,143.02,141.09,0.0136,0.0251,0.0251,0.4795
28-MAY-2025,UNIONGOLD,94.65,94.50,0.0016,0.0122,0.0122,0.2331
28-MAY-2025,UNIPARTS,357.70,337.35,0.0586,0.0179,0.0184,0.3515
28-MAY-2025,UNITDSPR,1522.70,1533.10,-0.0068,0.0159,0.0158,0.3019
28-MAY-2025,UNITECH,6.37,6.39,-0.0031,0.0343,0.0343,0.6553
28-MAY-2025,UNITEDPOLY,16.55,16.53,0.0012,0.0304,0.0304,0.5808
28-MAY-2025,UNITEDTEA,421.70,418.65,0.0073,0.0273,0.0272,0.5197
28-MAY-2025,UNIVASTU,221.75,229.50,-0.0344,0.0316,0.0316,0.6037
28-MAY-2025,UNIVCABLES,599.40,618.45,-0.0313,0.0332,0.0332,0.6343
28-MAY-2025,UNIVPHOTO,255.23,251.43,0.0150,0.0277,0.0276,0.5273
28-MAY-2025,UNOMINDA,1001.95,1010.35,-0.0083,0.0243,0.0242,0.4623
28-MAY-2025,UPL,630.75,630.35,0.0006,0.0186,0.0185,0.3534
28-MAY-2025,URAVIDEF,550.75,548.40,0.0043,0.0276,0.0275,0.5254
28-MAY-2025,URJA,15.17,15.00,0.0113,0.0310,0.0309,0.5903
28-MAY-2025,USHAMART,312.10,316.80,-0.0149,0.0267,0.0267,0.5101
28-MAY-2025,USK,40.26,38.75,0.0382,0.0339,0.0339,0.6477
28-MAY-2025,UTIAMC,1195.40,1207.10,-0.0097,0.0239,0.0238,0.4547
28-MAY-2025,UTIBANKETF,56.70,56.74,-0.0007,0.0100,0.0100,0.1910
28-MAY-2025,UTINEXT50,71.26,71.62,-0.0050,0.0127,0.0127,0.2426
28-MAY-2025,UTINIFTETF,269.66,270.44,-0.0029,0.0088,0.0087,0.1662
28-MAY-2025,UTISENSETF,889.34,891.23,-0.0021,0.0088,0.0088,0.1681
28-MAY-2025,UTISXN50,88.29,88.40,-0.0012,0.0139,0.0139,0.2656
28-MAY-2025,UTKARSHBNK,23.53,23.38,0.0064,0.0238,0.0238,0.4547
28-MAY-2025,UTTAMSUGAR,309.80,307.00,0.0091,0.0301,0.0301,0.5751
28-MAY-2025,UYFINCORP,18.15,18.03,0.0066,0.0337,0.0336,0.6419
28-MAY-2025,V2RETAIL,1876.70,1975.40,-0.0513,0.0309,0.0310,0.5923
28-MAY-2025,VADILALIND,5588.50,5668.00,-0.0141,0.0342,0.0341,0.6515
28-MAY-2025,VAIBHAVGBL,253.47,253.59,-0.0005,0.0288,0.0288,0.5502
28-MAY-2025,VAISHALI,12.81,12.87,-0.0047,0.0367,0.0366,0.6992
28-MAY-2025,VAKRANGEE,10.19,10.39,-0.0194,0.0387,0.0386,0.7375
28-MAY-2025,VAL30IETF,12.97,12.95,0.0015,0.0108,0.0107,0.2044
28-MAY-2025,VALIANTLAB,103.78,101.22,0.0250,0.0262,0.0262,0.5006
28-MAY-2025,VALIANTORG,436.90,416.25,0.0484,0.0307,0.0309,0.5903
28-MAY-2025,VARDHACRLC,43.99,43.49,0.0114,0.0242,0.0242,0.4623
28-MAY-2025,VARDMNPOLY,12.82,12.90,-0.0062,0.0338,0.0337,0.6438
28-MAY-2025,VARROC,506.35,507.25,-0.0018,0.0263,0.0263,0.5025
28-MAY-2025,VASCONEQ,52.32,48.99,0.0658,0.0333,0.0335,0.6400
28-MAY-2025,VASWANI,43.11,43.59,-0.0111,0.0411,0.0410,0.7833
28-MAY-2025,VBL,483.90,485.55,-0.0034,0.0226,0.0225,0.4299
28-MAY-2025,VCL,0.98,0.98,0.0000,0.0330,0.0329,0.6286
28-MAY-2025,VEDL,446.85,448.00,-0.0026,0.0224,0.0223,0.4260
28-MAY-2025,VEEDOL,1662.80,1647.20,0.0094,0.0226,0.0225,0.4299
28-MAY-2025,VENKEYS,1600.50,1609.40,-0.0055,0.0222,0.0221,0.4222
28-MAY-2025,VENTIVE,756.15,757.15,-0.0013,0.0187,0.0187,0.3573
28-MAY-2025,VENUSPIPES,1414.60,1459.10,-0.0310,0.0294,0.0294,0.5617
28-MAY-2025,VENUSREM,396.40,402.55,-0.0154,0.0313,0.0312,0.5961
28-MAY-2025,VERANDA,208.20,208.83,-0.0030,0.0362,0.0361,0.6897
28-MAY-2025,VERTOZ,9.36,9.18,0.0194,0.0312,0.0312,0.5961
28-MAY-2025,VESUVIUS,5646.80,5703.00,-0.0099,0.0254,0.0253,0.4834
28-MAY-2025,VETO,109.68,109.57,0.0010,0.0297,0.0296,0.5655
28-MAY-2025,VGUARD,378.80,384.20,-0.0142,0.0183,0.0183,0.3496
28-MAY-2025,VHL,3980.00,3972.80,0.0018,0.0297,0.0296,0.5655
28-MAY-2025,VHLTD,111.49,114.18,-0.0238,0.0208,0.0208,0.3974
28-MAY-2025,VIDHIING,450.80,455.90,-0.0112,0.0253,0.0252,0.4814
28-MAY-2025,VIJAYA,947.40,955.20,-0.0082,0.0310,0.0310,0.5923
28-MAY-2025,VIJIFIN,2.33,2.30,0.0130,0.0325,0.0324,0.6190
28-MAY-2025,VIKASECO,2.43,2.32,0.0463,0.0276,0.0278,0.5311
28-MAY-2025,VIKASLIFE,3.05,2.72,0.1145,0.0290,0.0300,0.5731
28-MAY-2025,VIMTALABS,979.00,982.00,-0.0031,0.0379,0.0378,0.7222
28-MAY-2025,VINATIORGA,1816.20,1843.20,-0.0148,0.0186,0.0185,0.3534
28-MAY-2025,VINCOFE,113.67,112.49,0.0104,0.0313,0.0313,0.5980
28-MAY-2025,VINDHYATEL,1654.50,1629.70,0.0151,0.0275,0.0274,0.5235
28-MAY-2025,VINEETLAB,32.27,32.18,0.0028,0.0350,0.0349,0.6668
28-MAY-2025,VINNY,1.48,1.46,0.0136,0.0319,0.0318,0.6075
28-MAY-2025,VINYLINDIA,304.40,304.15,0.0008,0.0279,0.0278,0.5311
28-MAY-2025,VIPCLOTHNG,41.34,41.89,-0.0132,0.0320,0.0319,0.6094
28-MAY-2025,VIPIND,355.80,355.15,0.0018,0.0249,0.0248,0.4738
28-MAY-2025,VIPULLTD,11.76,11.54,0.0189,0.0319,0.0318,0.6075
28-MAY-2025,VIRINCHI,23.69,23.25,0.0187,0.0276,0.0275,0.5254
28-MAY-2025,VISAKAIND,86.32,86.13,0.0022,0.0320,0.0320,0.6114
28-MAY-2025,VISASTEEL,31.83,33.12,-0.0397,0.0305,0.0306,0.5846
28-MAY-2025,VISHNU,524.70,517.50,0.0138,0.0283,0.0282,0.5388
28-MAY-2025,VISHWARAJ,9.81,9.97,-0.0162,0.0284,0.0283,0.5407
28-MAY-2025,VISISTH,5.25,5.25,0.0000,0.0006,0.0006,0.0115
28-MAY-2025,VIVIDHA,0.86,0.87,-0.0116,0.0317,0.0317,0.6056
28-MAY-2025,VLEGOV,63.29,62.05,0.0198,0.0341,0.0340,0.6496
28-MAY-2025,VLSFINANCE,245.61,254.20,-0.0344,0.0296,0.0297,0.5674
28-MAY-2025,VMART,3429.50,3431.50,-0.0006,0.0246,0.0246,0.4700
28-MAY-2025,VMM,125.15,125.25,-0.0008,0.0184,0.0183,0.3496
28-MAY-2025,VOLTAMP,8274.50,8269.50,0.0006,0.0336,0.0336,0.6419
28-MAY-2025,VOLTAS,1257.80,1261.70,-0.0031,0.0224,0.0223,0.4260
28-MAY-2025,VPL,360.50,360.50,0.0000,0.0441,0.0440,0.8406
28-MAY-2025,VPRPL,190.38,189.74,0.0034,0.0319,0.0318,0.6075
28-MAY-2025,VRAJ,180.31,183.99,-0.0202,0.0252,0.0252,0.4814
28-MAY-2025,VRLLOG,576.05,572.90,0.0055,0.0218,0.0218,0.4165
28-MAY-2025,VSSL,270.99,272.07,-0.0040,0.0280,0.0280,0.5349
28-MAY-2025,VSTIND,286.50,286.35,0.0005,0.0250,0.0250,0.4776
28-MAY-2025,VSTL,157.82,156.43,0.0088,0.0309,0.0308,0.5884
28-MAY-2025,VSTTILLERS,3802.90,3754.20,0.0129,0.0234,0.0233,0.4451
28-MAY-2025,VTL,498.75,488.85,0.0200,0.0250,0.0250,0.4776
28-MAY-2025,WAAREEENER,2797.10,2796.70,0.0001,0.0268,0.0268,0.5120
28-MAY-2025,WAAREERTL,1027.20,1015.90,0.0111,0.0392,0.0391,0.7470
28-MAY-2025,WABAG,1638.20,1575.70,0.0389,0.0313,0.0314,0.5999
28-MAY-2025,WALCHANNAG,214.84,213.48,0.0064,0.0382,0.0381,0.7279
28-MAY-2025,WANBURY,278.60,283.33,-0.0168,0.0361,0.0361,0.6897
28-MAY-2025,WCIL,98.65,95.13,0.0363,0.0193,0.0194,0.3706
28-MAY-2025,WEALTH,885.15,899.55,-0.0161,0.0335,0.0334,0.6381
28-MAY-2025,WEBELSOLAR,1357.30,1348.00,0.0069,0.0379,0.0378,0.7222
28-MAY-2025,WEIZMANIND,118.98,124.88,-0.0484,0.0335,0.0335,0.6400
28-MAY-2025,WEL,181.82,183.83,-0.0110,0.0347,0.0346,0.6610
28-MAY-2025,WELCORP,813.65,813.65,0.0000,0.0263,0.0262,0.5006
28-MAY-2025,WELENT,489.15,504.60,-0.0311,0.0278,0.0278,0.5311
28-MAY-2025,WELINV,853.75,854.10,-0.0004,0.0368,0.0367,0.7012
28-MAY-2025,WELSPUNLIV,147.23,147.91,-0.0046,0.0297,0.0296,0.5655
28-MAY-2025,WENDT,8457.00,8511.50,-0.0064,0.0308,0.0307,0.5865
28-MAY-2025,WESTLIFE,673.00,677.50,-0.0067,0.0209,0.0208,0.3974
28-MAY-2025,WEWIN,45.15,43.00,0.0488,0.0356,0.0357,0.6820
28-MAY-2025,WHEELS,765.55,793.45,-0.0358,0.0245,0.0245,0.4681
28-MAY-2025,WHIRLPOOL,1224.30,1249.70,-0.0205,0.0259,0.0259,0.4948
28-MAY-2025,WILLAMAGOR,30.90,30.69,0.0068,0.0393,0.0392,0.7489
28-MAY-2025,WINDLAS,938.80,930.10,0.0093,0.0331,0.0330,0.6305
28-MAY-2025,WINDMACHIN,359.60,365.60,-0.0165,0.0382,0.0382,0.7298
28-MAY-2025,WINMORE,9.40,9.40,0.0000,0.0000,0.0000,0.0000
28-MAY-2025,WINSOME,1.80,1.78,0.0112,0.1043,0.1041,1.9888
28-MAY-2025,WIPL,157.25,149.79,0.0486,0.0259,0.0260,0.4967
28-MAY-2025,WIPRO,247.43,248.25,-0.0033,0.0181,0.0180,0.3439
28-MAY-2025,WOCKPHARMA,1337.20,1352.00,-0.0110,0.0339,0.0339,0.6477
28-MAY-2025,WONDERLA,656.40,666.90,-0.0159,0.0229,0.0229,0.4375
28-MAY-2025,WORTH,159.88,146.90,0.0847,0.0328,0.0333,0.6362
28-MAY-2025,WSI,72.13,73.60,-0.0202,0.0341,0.0340,0.6496
28-MAY-2025,WSTCSTPAPR,491.90,492.25,-0.0007,0.0239,0.0238,0.4547
28-MAY-2025,XCHANGING,96.69,97.41,-0.0074,0.0265,0.0264,0.5044
28-MAY-2025,XELPMOC,99.58,99.60,-0.0002,0.0356,0.0355,0.6782
28-MAY-2025,XLTELENE,2.30,2.30,0.0000,0.0001,0.0001,0.0019
28-MAY-2025,XPROINDIA,1183.40,1197.40,-0.0118,0.0292,0.0292,0.5579
28-MAY-2025,XTGLOBAL,34.66,34.72,-0.0017,0.0338,0.0337,0.6438
28-MAY-2025,YAARI,16.04,16.19,-0.0093,0.0351,0.0351,0.6706
28-MAY-2025,YASHO,2019.70,1958.90,0.0306,0.0256,0.0257,0.4910
28-MAY-2025,YATHARTH,517.20,513.50,0.0072,0.0247,0.0246,0.4700
28-MAY-2025,YATRA,104.96,106.34,-0.0131,0.0254,0.0254,0.4853
28-MAY-2025,YESBANK,21.11,21.13,-0.0009,0.0237,0.0236,0.4509
28-MAY-2025,YUKEN,1054.10,1049.55,0.0043,0.0304,0.0303,0.5789
28-MAY-2025,ZAGGLE,426.60,423.65,0.0069,0.0336,0.0335,0.6400
28-MAY-2025,ZEEL,128.37,126.72,0.0129,0.0319,0.0319,0.6094
28-MAY-2025,ZEELEARN,8.51,8.54,-0.0035,0.0351,0.0350,0.6687
28-MAY-2025,ZEEMEDIA,14.29,14.40,-0.0077,0.0375,0.0374,0.7145
28-MAY-2025,ZENITHEXPO,267.70,268.70,-0.0037,0.0412,0.0411,0.7852
28-MAY-2025,ZENITHSTL,7.06,6.98,0.0114,0.0341,0.0340,0.6496
28-MAY-2025,ZENSARTECH,835.15,829.60,0.0067,0.0272,0.0271,0.5177
28-MAY-2025,ZENTEC,2013.60,1917.70,0.0488,0.0359,0.0360,0.6878
28-MAY-2025,ZFCVINDIA,12792.00,13039.00,-0.0191,0.0234,0.0234,0.4471
28-MAY-2025,ZIMLAB,90.63,90.72,-0.0010,0.0259,0.0258,0.4929
28-MAY-2025,ZODIAC,471.10,481.75,-0.0224,0.0352,0.0352,0.6725
28-MAY-2025,ZODIACLOTH,111.32,111.73,-0.0037,0.0308,0.0308,0.5884
28-MAY-2025,ZOTA,1002.15,998.80,0.0033,0.0276,0.0276,0.5273
28-MAY-2025,ZUARI,215.70,213.47,0.0104,0.0298,0.0297,0.5674
28-MAY-2025,ZUARIIND,283.50,299.10,-0.0536,0.0312,0.0313,0.5980
28-MAY-2025,ZYDUSLIFE,925.60,918.10,0.0081,0.0171,0.0170,0.3248
28-MAY-2025,ZYDUSWELL,1943.90,1958.30,-0.0074,0.0172,0.0172,0.3286
28-MAY-2025,503893,-,-,-,-,-,-
28-MAY-2025,504370,-,-,-,-,-,-
28-MAY-2025,505032,-,-,-,-,-,-
28-MAY-2025,505585,-,-,-,-,-,-
28-MAY-2025,506024,-,-,-,-,-,-
28-MAY-2025,506120,-,-,-,-,-,-
28-MAY-2025,506162,-,-,-,-,-,-
28-MAY-2025,506945,-,-,-,-,-,-
28-MAY-2025,507543,-,-,-,-,-,-
28-MAY-2025,512004,-,-,-,-,-,-
28-MAY-2025,512060,-,-,-,-,-,-
28-MAY-2025,512147,-,-,-,-,-,-
28-MAY-2025,512157,-,-,-,-,-,-
28-MAY-2025,512195,-,-,-,-,-,-
28-MAY-2025,512245,-,-,-,-,-,-
28-MAY-2025,512291,-,-,-,-,-,-
28-MAY-2025,512303,-,-,-,-,-,-
28-MAY-2025,512431,-,-,-,-,-,-
28-MAY-2025,512433,-,-,-,-,-,-
28-MAY-2025,512445,-,-,-,-,-,-
28-MAY-2025,512461,-,-,-,-,-,-
28-MAY-2025,512505,-,-,-,-,-,-
28-MAY-2025,512517,-,-,-,-,-,-
28-MAY-2025,513012,-,-,-,-,-,-
28-MAY-2025,524046,-,-,-,-,-,-
28-MAY-2025,526349,-,-,-,-,-,-
28-MAY-2025,526883,-,-,-,-,-,-
28-MAY-2025,531191,-,-,-,-,-,-
28-MAY-2025,531597,-,-,-,-,-,-
28-MAY-2025,531610,-,-,-,-,-,-
28-MAY-2025,531696,-,-,-,-,-,-
28-MAY-2025,531946,-,-,-,-,-,-
28-MAY-2025,532138,-,-,-,-,-,-
28-MAY-2025,539253,-,-,-,-,-,-
28-MAY-2025,542931,-,-,-,-,-,-
28-MAY-2025,543859,-,-,-,-,-,-
28-MAY-2025,ACEEXPO,-,-,-,-,-,-
28-MAY-2025,ADBML,-,-,-,-,-,-
28-MAY-2025,ADVENTZSEC,-,-,-,-,-,-
28-MAY-2025,AEL,-,-,-,-,-,-
28-MAY-2025,AGGARSAIN,-,-,-,-,-,-
28-MAY-2025,AIRLTD,-,-,-,-,-,-
28-MAY-2025,AKASHAGRO,-,-,-,-,-,-
28-MAY-2025,ALIROX,-,-,-,-,-,-
28-MAY-2025,AMRITINDIA,-,-,-,-,-,-
28-MAY-2025,ANKUR,-,-,-,-,-,-
28-MAY-2025,ARIHANTCFL,-,-,-,-,-,-
28-MAY-2025,ASIANLAKTO,-,-,-,-,-,-
28-MAY-2025,ASSOFIN,-,-,-,-,-,-
28-MAY-2025,ATLANTIC,-,-,-,-,-,-
28-MAY-2025,AURUMCAP,-,-,-,-,-,-
28-MAY-2025,AYUSHMAN,-,-,-,-,-,-
28-MAY-2025,BALAJIAGRO,-,-,-,-,-,-
28-MAY-2025,BASANT,-,-,-,-,-,-
28-MAY-2025,BESWASTH,-,-,-,-,-,-
28-MAY-2025,BHAIRAV,-,-,-,-,-,-
28-MAY-2025,BHARAT,-,-,-,-,-,-
28-MAY-2025,BUYRIGHT,-,-,-,-,-,-
28-MAY-2025,CENTRAL,-,-,-,-,-,-
28-MAY-2025,CHAMPION,-,-,-,-,-,-
28-MAY-2025,CHITRAKUT,-,-,-,-,-,-
28-MAY-2025,CREMICA,-,-,-,-,-,-
28-MAY-2025,CRESCENT,-,-,-,-,-,-
28-MAY-2025,DDVENTURES,-,-,-,-,-,-
28-MAY-2025,DEEPJYOTI,-,-,-,-,-,-
28-MAY-2025,DHAVAL,-,-,-,-,-,-
28-MAY-2025,DRFRESH,-,-,-,-,-,-
28-MAY-2025,DRMIND,-,-,-,-,-,-
28-MAY-2025,ELLORA,-,-,-,-,-,-
28-MAY-2025,EMRALD,-,-,-,-,-,-
28-MAY-2025,GANODAYA,-,-,-,-,-,-
28-MAY-2025,GARG,-,-,-,-,-,-
28-MAY-2025,GOALPOST,-,-,-,-,-,-
28-MAY-2025,HIGHWAYS,-,-,-,-,-,-
28-MAY-2025,HINDAUTO,-,-,-,-,-,-
28-MAY-2025,ISCCL,-,-,-,-,-,-
28-MAY-2025,ISHL,-,-,-,-,-,-
28-MAY-2025,ITLFIN,-,-,-,-,-,-
28-MAY-2025,JAGAT,-,-,-,-,-,-
28-MAY-2025,JAINFARM,-,-,-,-,-,-
28-MAY-2025,JCKINFRA,-,-,-,-,-,-
28-MAY-2025,JFL,-,-,-,-,-,-
28-MAY-2025,JFRL,-,-,-,-,-,-
28-MAY-2025,JOML,-,-,-,-,-,-
28-MAY-2025,JPWL,-,-,-,-,-,-
28-MAY-2025,KIRTIINV,-,-,-,-,-,-
28-MAY-2025,KRALEASING,-,-,-,-,-,-
28-MAY-2025,KUMARAUTO,-,-,-,-,-,-
28-MAY-2025,LARK,-,-,-,-,-,-
28-MAY-2025,MACORPACK,-,-,-,-,-,-
28-MAY-2025,MARYADACOM,-,-,-,-,-,-
28-MAY-2025,MAYURBHANJ,-,-,-,-,-,-
28-MAY-2025,MFL1,-,-,-,-,-,-
28-MAY-2025,MILIAIND,-,-,-,-,-,-
28-MAY-2025,MORNMEDIA,-,-,-,-,-,-
28-MAY-2025,MPL,-,-,-,-,-,-
28-MAY-2025,NEELEC,-,-,-,-,-,-
28-MAY-2025,NIDHISER,-,-,-,-,-,-
28-MAY-2025,OSEINTRUST,-,-,-,-,-,-
28-MAY-2025,PACEAUTO,-,-,-,-,-,-
28-MAY-2025,PARTAPIND,-,-,-,-,-,-
28-MAY-2025,PATBACK,-,-,-,-,-,-
28-MAY-2025,PATNAELECT,-,-,-,-,-,-
28-MAY-2025,PFCSL,-,-,-,-,-,-
28-MAY-2025,PPML,-,-,-,-,-,-
28-MAY-2025,QUALITY,-,-,-,-,-,-
28-MAY-2025,RADICOFIN,-,-,-,-,-,-
28-MAY-2025,RAKAN,-,-,-,-,-,-
28-MAY-2025,RAMPURFERT,-,-,-,-,-,-
28-MAY-2025,RATHIIND,-,-,-,-,-,-
28-MAY-2025,RFHL,-,-,-,-,-,-
28-MAY-2025,RFLL,-,-,-,-,-,-
28-MAY-2025,RICHNRICH,-,-,-,-,-,-
28-MAY-2025,RISHABHENT,-,-,-,-,-,-
28-MAY-2025,ROADSTAR,-,-,-,-,-,-
28-MAY-2025,ROADWAYS,-,-,-,-,-,-
28-MAY-2025,RWCL,-,-,-,-,-,-
28-MAY-2025,SARNIMAL,-,-,-,-,-,-
28-MAY-2025,SARVARAYA,-,-,-,-,-,-
28-MAY-2025,SCEL,-,-,-,-,-,-
28-MAY-2025,SELECTRIC,-,-,-,-,-,-
28-MAY-2025,SGEL,-,-,-,-,-,-
28-MAY-2025,SGETL,-,-,-,-,-,-
28-MAY-2025,SHAKUMBHRI,-,-,-,-,-,-
28-MAY-2025,SHREETULSI,-,-,-,-,-,-
28-MAY-2025,SHREEVIJAY,-,-,-,-,-,-
28-MAY-2025,SHREYANS,-,-,-,-,-,-
28-MAY-2025,SIGACHI1,-,-,-,-,-,-
28-MAY-2025,SKYLINE,-,-,-,-,-,-
28-MAY-2025,SKYWEB,-,-,-,-,-,-
28-MAY-2025,SLESHA,-,-,-,-,-,-
28-MAY-2025,SMCSL,-,-,-,-,-,-
28-MAY-2025,SNSDIAGNOS,-,-,-,-,-,-
28-MAY-2025,SNSPL,-,-,-,-,-,-
28-MAY-2025,SOPHIA,-,-,-,-,-,-
28-MAY-2025,SPMLINDIA,-,-,-,-,-,-
28-MAY-2025,SRINARAYAN,-,-,-,-,-,-
28-MAY-2025,SSF,-,-,-,-,-,-
28-MAY-2025,SUNPOINT,-,-,-,-,-,-
28-MAY-2025,SUPRAIND,-,-,-,-,-,-
28-MAY-2025,SUPRANEET,-,-,-,-,-,-
28-MAY-2025,SUPREMECOM,-,-,-,-,-,-
28-MAY-2025,TECHAINPOW,-,-,-,-,-,-
28-MAY-2025,TRIDENTIND,-,-,-,-,-,-
28-MAY-2025,UPAL,-,-,-,-,-,-
28-MAY-2025,USSGLOBAL,-,-,-,-,-,-
28-MAY-2025,UTSAV,-,-,-,-,-,-
28-MAY-2025,WELGA,-,-,-,-,-,-
28-MAY-2025,ZEL,-,-,-,-,-,-
28-MAY-2025,ZRINFRA,-,-,-,-,-,-
