Date,Symbol,Underlying Close Price (A),Underlying Previous Day Close Price (B),Underlying Log Returns (C) = LN(A/B),Previous Day Underlying Volatility (D),Current Day Underlying Daily Volatility (E) = Sqrt(0.995*D*D + 0.005*C*C),Underlying Annualised Volatility (F) = E*Sqrt(365)
28-APR-2025,20MICRONS,219.81,218.83,0.0045,0.0330,0.0329,0.6286
28-APR-2025,21STCENMGM,76.30,77.21,-0.0119,0.0192,0.0191,0.3649
28-APR-2025,360ONE,983.85,971.70,0.0124,0.0274,0.0273,0.5216
28-APR-2025,3IINFOLTD,23.73,23.83,-0.0042,0.0319,0.0319,0.6094
28-APR-2025,3MINDIA,29495.00,30020.00,-0.0176,0.0180,0.0180,0.3439
28-APR-2025,3PLAND,42.34,42.90,-0.0131,0.0360,0.0359,0.6859
28-APR-2025,500009,37.56,37.95,-0.0103,0.0353,0.0352,0.6725
28-APR-2025,500012,56.47,56.46,0.0002,0.0270,0.0269,0.5139
28-APR-2025,500014,4.65,4.71,-0.0128,0.0290,0.0289,0.5521
28-APR-2025,500016,11.10,11.38,-0.0249,0.0354,0.0354,0.6763
28-APR-2025,500028,33.33,34.97,-0.0480,0.0349,0.0350,0.6687
28-APR-2025,500058,12.63,12.89,-0.0204,0.0320,0.0319,0.6094
28-APR-2025,500068,13950.00,13930.00,0.0014,0.0180,0.0179,0.3420
28-APR-2025,500069,395.00,372.05,0.0599,0.0308,0.0310,0.5923
28-APR-2025,500123,9854.10,9615.90,0.0245,0.0249,0.0249,0.4757
28-APR-2025,500142,8.61,9.18,-0.0641,0.0416,0.0418,0.7986
28-APR-2025,500143,201.20,199.05,0.0107,0.0339,0.0338,0.6457
28-APR-2025,500147,2878.60,2801.15,0.0273,0.0345,0.0345,0.6591
28-APR-2025,500159,126.60,128.15,-0.0122,0.0255,0.0255,0.4872
28-APR-2025,500166,177.50,178.75,-0.0070,0.0281,0.0280,0.5349
28-APR-2025,500168,883.40,869.55,0.0158,0.0135,0.0135,0.2579
28-APR-2025,500170,27.49,26.93,0.0206,0.0315,0.0315,0.6018
28-APR-2025,500192,2.41,2.64,-0.0912,0.0286,0.0293,0.5598
28-APR-2025,500202,10.45,11.00,-0.0513,0.0451,0.0451,0.8616
28-APR-2025,500206,80.71,80.46,0.0031,0.0367,0.0366,0.6992
28-APR-2025,500213,556.65,540.15,0.0301,0.0302,0.0302,0.5770
28-APR-2025,500220,172.10,174.35,-0.0130,0.0352,0.0352,0.6725
28-APR-2025,500239,15.85,15.20,0.0419,0.0320,0.0320,0.6114
28-APR-2025,500240,172.75,174.25,-0.0086,0.0296,0.0295,0.5636
28-APR-2025,500245,467.20,463.40,0.0082,0.0235,0.0235,0.4490
28-APR-2025,500246,88.10,87.00,0.0126,0.0426,0.0425,0.8120
28-APR-2025,500248,7.03,6.70,0.0481,0.0304,0.0305,0.5827
28-APR-2025,500264,130.45,129.30,0.0089,0.0339,0.0338,0.6457
28-APR-2025,500267,321.00,322.25,-0.0039,0.0303,0.0302,0.5770
28-APR-2025,500270,129.85,133.00,-0.0240,0.0261,0.0261,0.4986
28-APR-2025,500277,9.01,9.49,-0.0519,0.0363,0.0364,0.6954
28-APR-2025,500285,54.02,54.00,0.0004,0.0361,0.0360,0.6878
28-APR-2025,500298,946.50,960.50,-0.0147,0.0349,0.0348,0.6649
28-APR-2025,500306,165.20,161.00,0.0258,0.0375,0.0375,0.7164
28-APR-2025,500307,518.05,507.15,0.0213,0.0134,0.0134,0.2560
28-APR-2025,500319,94.00,92.27,0.0186,0.0352,0.0351,0.6706
28-APR-2025,500322,127.50,129.40,-0.0148,0.0305,0.0304,0.5808
28-APR-2025,500346,54.18,51.59,0.0490,0.0348,0.0349,0.6668
28-APR-2025,500357,14.47,14.47,0.0000,0.0309,0.0308,0.5884
28-APR-2025,500358,10.42,10.42,0.0000,0.0265,0.0265,0.5063
28-APR-2025,500360,70.49,71.37,-0.0124,0.0358,0.0358,0.6840
28-APR-2025,500365,32.71,32.52,0.0058,0.0324,0.0323,0.6171
28-APR-2025,500370,43.94,44.32,-0.0086,0.0386,0.0385,0.7355
28-APR-2025,500388,45.16,47.53,-0.0511,0.0328,0.0329,0.6286
28-APR-2025,500389,11.49,12.04,-0.0468,0.0258,0.0260,0.4967
28-APR-2025,500414,165.15,171.10,-0.0354,0.0316,0.0316,0.6037
28-APR-2025,500421,16.38,16.88,-0.0301,0.0307,0.0307,0.5865
28-APR-2025,500422,41.27,38.85,0.0604,0.0395,0.0396,0.7566
28-APR-2025,500426,2.90,2.80,0.0351,0.0296,0.0296,0.5655
28-APR-2025,500449,38.49,38.38,0.0029,0.0385,0.0384,0.7336
28-APR-2025,500450,640.00,640.00,0.0000,0.0282,0.0281,0.5368
28-APR-2025,500458,28.87,30.38,-0.0510,0.0332,0.0333,0.6362
28-APR-2025,500672,793.05,818.35,-0.0314,0.0200,0.0201,0.3840
28-APR-2025,501110,7.15,7.15,0.0000,0.0009,0.0009,0.0172
28-APR-2025,501111,11.57,11.57,0.0000,0.0027,0.0027,0.0516
28-APR-2025,501144,161.55,158.40,0.0197,0.0226,0.0226,0.4318
28-APR-2025,501148,363.00,356.95,0.0168,0.0157,0.0157,0.2999
28-APR-2025,501151,987.00,987.00,0.0000,0.0118,0.0118,0.2254
28-APR-2025,501261,431.90,431.90,0.0000,0.0092,0.0092,0.1758
28-APR-2025,501270,1.34,1.34,0.0000,0.0013,0.0013,0.0248
28-APR-2025,501298,5555.00,5549.00,0.0011,0.0299,0.0298,0.5693
28-APR-2025,501311,13.90,13.90,0.0000,0.0291,0.0291,0.5560
28-APR-2025,501314,0.77,0.79,-0.0256,0.0420,0.0419,0.8005
28-APR-2025,501351,97.00,102.00,-0.0503,0.0252,0.0254,0.4853
28-APR-2025,501370,136.95,141.00,-0.0291,0.0349,0.0348,0.6649
28-APR-2025,501386,11.73,11.73,0.0000,0.0132,0.0132,0.2522
28-APR-2025,501391,717.40,713.35,0.0057,0.0376,0.0375,0.7164
28-APR-2025,501421,5218.80,4970.30,0.0488,0.0348,0.0349,0.6668
28-APR-2025,501430,1631.85,1654.90,-0.0140,0.0343,0.0343,0.6553
28-APR-2025,501477,256.75,269.50,-0.0485,0.0322,0.0323,0.6171
28-APR-2025,501479,11.02,11.02,0.0000,0.0000,0.0000,0.0000
28-APR-2025,501622,51.05,53.73,-0.0512,0.0289,0.0291,0.5560
28-APR-2025,501630,24.48,24.48,0.0000,0.0032,0.0032,0.0611
28-APR-2025,501700,11.10,11.67,-0.0501,0.0314,0.0315,0.6018
28-APR-2025,501833,25.57,26.49,-0.0353,0.0373,0.0373,0.7126
28-APR-2025,501848,86.51,91.06,-0.0513,0.0354,0.0355,0.6782
28-APR-2025,501945,5.44,5.44,0.0000,0.0132,0.0131,0.2503
28-APR-2025,502015,35.71,36.02,-0.0086,0.0406,0.0405,0.7738
28-APR-2025,502133,68.30,68.07,0.0034,0.0270,0.0270,0.5158
28-APR-2025,502250,570.10,570.10,0.0000,0.0325,0.0324,0.6190
28-APR-2025,502271,25.00,25.00,0.0000,0.0216,0.0215,0.4108
28-APR-2025,502281,14.51,14.68,-0.0116,0.0326,0.0325,0.6209
28-APR-2025,502294,43.00,43.00,0.0000,0.0409,0.0408,0.7795
28-APR-2025,502445,49.46,50.39,-0.0186,0.0343,0.0342,0.6534
28-APR-2025,502587,74.37,73.51,0.0116,0.0271,0.0271,0.5177
28-APR-2025,502589,135.00,135.00,0.0000,0.0354,0.0353,0.6744
28-APR-2025,502850,13.65,13.65,0.0000,0.0060,0.0060,0.1146
28-APR-2025,502865,355.15,348.20,0.0198,0.0342,0.0341,0.6515
28-APR-2025,502873,94.20,93.49,0.0076,0.0307,0.0306,0.5846
28-APR-2025,502893,83.53,85.53,-0.0237,0.0403,0.0403,0.7699
28-APR-2025,502901,100.11,100.83,-0.0072,0.0274,0.0274,0.5235
28-APR-2025,502933,184.10,172.65,0.0642,0.0306,0.0308,0.5884
28-APR-2025,502958,5913.60,5913.60,0.0000,0.0232,0.0231,0.4413
28-APR-2025,503092,35.85,39.99,-0.1093,0.0463,0.0469,0.8960
28-APR-2025,503127,4939.10,5079.00,-0.0279,0.0308,0.0308,0.5884
28-APR-2025,503229,213.10,213.10,0.0000,0.0404,0.0403,0.7699
28-APR-2025,503349,5950.20,5950.20,0.0000,0.0326,0.0326,0.6228
28-APR-2025,503622,7.35,7.35,0.0000,0.0000,0.0000,0.0000
28-APR-2025,503624,8.37,8.24,0.0157,0.0377,0.0376,0.7183
28-APR-2025,503626,10.50,10.50,0.0000,0.0000,0.0000,0.0000
28-APR-2025,503635,13.89,13.89,0.0000,0.0018,0.0018,0.0344
28-APR-2025,503639,9.55,9.55,0.0000,0.0113,0.0112,0.2140
28-APR-2025,503641,11.51,11.42,0.0079,0.0268,0.0267,0.5101
28-APR-2025,503657,17.57,18.53,-0.0532,0.0360,0.0361,0.6897
28-APR-2025,503659,86.00,86.00,0.0000,0.0323,0.0323,0.6171
28-APR-2025,503663,3.08,3.11,-0.0097,0.0361,0.0360,0.6878
28-APR-2025,503671,4.55,4.55,0.0000,0.0000,0.0000,0.0000
28-APR-2025,503675,1.18,1.17,0.0085,0.0358,0.0357,0.6820
28-APR-2025,503681,133546.55,134660.55,-0.0083,0.5824,0.5810,11.1000
28-APR-2025,503685,23.88,24.56,-0.0281,0.0399,0.0398,0.7604
28-APR-2025,503689,3.20,3.20,0.0000,0.0000,0.0000,0.0000
28-APR-2025,503696,82.50,82.50,0.0000,0.0000,0.0000,0.0000
28-APR-2025,503772,61.00,61.01,-0.0002,0.0315,0.0314,0.5999
28-APR-2025,503776,51.25,51.28,-0.0006,0.0379,0.0378,0.7222
28-APR-2025,503804,331.45,331.90,-0.0014,0.0211,0.0210,0.4012
28-APR-2025,503816,62.88,61.65,0.0198,0.0345,0.0345,0.6591
28-APR-2025,503837,15.24,15.80,-0.0361,0.0340,0.0341,0.6515
28-APR-2025,503863,9.44,9.44,0.0000,0.0288,0.0287,0.5483
28-APR-2025,504000,84.37,85.17,-0.0094,0.0338,0.0337,0.6438
28-APR-2025,504028,142.10,138.05,0.0289,0.0283,0.0283,0.5407
28-APR-2025,504076,83.17,85.04,-0.0222,0.0365,0.0364,0.6954
28-APR-2025,504080,1447.05,1477.55,-0.0209,0.0386,0.0386,0.7375
28-APR-2025,504084,1292.20,1230.70,0.0488,0.1700,0.1696,3.2402
28-APR-2025,504092,160.55,168.10,-0.0460,0.0299,0.0300,0.5731
28-APR-2025,504093,397.25,395.50,0.0044,0.0256,0.0255,0.4872
28-APR-2025,504132,779.85,766.65,0.0171,0.0302,0.0302,0.5770
28-APR-2025,504176,475.60,476.50,-0.0019,0.0309,0.0308,0.5884
28-APR-2025,504180,65.11,67.25,-0.0323,0.0303,0.0303,0.5789
28-APR-2025,504240,629.20,642.00,-0.0201,0.0346,0.0346,0.6610
28-APR-2025,504258,930.05,926.00,0.0044,0.0303,0.0302,0.5770
28-APR-2025,504273,25.98,26.59,-0.0232,0.0307,0.0306,0.5846
28-APR-2025,504340,6.25,6.25,0.0000,0.0176,0.0176,0.3362
28-APR-2025,504346,847.40,830.80,0.0198,0.0180,0.0180,0.3439
28-APR-2025,504351,1.63,1.65,-0.0122,0.0258,0.0258,0.4929
28-APR-2025,504356,9.95,9.95,0.0000,0.0481,0.0480,0.9170
28-APR-2025,504365,4.11,4.11,0.0000,0.0010,0.0010,0.0191
28-APR-2025,504369,0.53,0.52,0.0190,0.0124,0.0124,0.2369
28-APR-2025,504375,119.55,119.55,0.0000,0.0096,0.0095,0.1815
28-APR-2025,504378,4.14,4.09,0.0122,0.0346,0.0345,0.6591
28-APR-2025,504380,73.98,72.70,0.0175,0.0295,0.0295,0.5636
28-APR-2025,504392,32.34,33.00,-0.0202,0.0387,0.0387,0.7394
28-APR-2025,504397,106.50,106.80,-0.0028,0.0323,0.0322,0.6152
28-APR-2025,504398,53.47,53.47,0.0000,0.0143,0.0143,0.2732
28-APR-2025,504605,2728.00,2757.45,-0.0107,0.0320,0.0319,0.6094
28-APR-2025,504646,340.10,347.95,-0.0228,0.0328,0.0327,0.6247
28-APR-2025,504648,64.00,64.00,0.0000,0.0388,0.0387,0.7394
28-APR-2025,504731,139.90,139.30,0.0043,0.0319,0.0318,0.6075
28-APR-2025,504746,247.65,235.90,0.0486,0.0247,0.0249,0.4757
28-APR-2025,504786,800.60,803.75,-0.0039,0.0307,0.0306,0.5846
28-APR-2025,504810,63.01,63.01,0.0000,0.0446,0.0445,0.8502
28-APR-2025,504840,1750.00,1750.00,0.0000,0.0233,0.0232,0.4432
28-APR-2025,504882,3660.00,3626.60,0.0092,0.0271,0.0271,0.5177
28-APR-2025,504903,30.98,30.26,0.0235,0.0327,0.0326,0.6228
28-APR-2025,504908,447.75,439.00,0.0197,0.0375,0.0374,0.7145
28-APR-2025,504959,2554.90,2575.00,-0.0078,0.0232,0.0231,0.4413
28-APR-2025,504988,1130.05,1113.35,0.0149,0.0276,0.0275,0.5254
28-APR-2025,504998,0.44,0.44,0.0000,0.0200,0.0200,0.3821
28-APR-2025,505036,1462.70,1502.35,-0.0267,0.0326,0.0325,0.6209
28-APR-2025,505100,10.77,10.77,0.0000,0.0104,0.0104,0.1987
28-APR-2025,505163,1064.30,1091.65,-0.0254,0.0366,0.0366,0.6992
28-APR-2025,505212,168.75,165.00,0.0225,0.0353,0.0352,0.6725
28-APR-2025,505216,2005.55,2030.00,-0.0121,0.0262,0.0261,0.4986
28-APR-2025,505232,1098.30,1059.85,0.0356,0.0288,0.0288,0.5502
28-APR-2025,505250,87.95,84.50,0.0400,0.0367,0.0367,0.7012
28-APR-2025,505285,763.95,749.00,0.0198,0.0137,0.0137,0.2617
28-APR-2025,505299,814.70,843.50,-0.0347,0.0393,0.0393,0.7508
28-APR-2025,505302,2065.00,2075.75,-0.0052,0.0329,0.0328,0.6266
28-APR-2025,505320,168.05,168.05,0.0000,0.0118,0.0118,0.2254
28-APR-2025,505336,2.85,2.72,0.0467,0.1204,0.1202,2.2964
28-APR-2025,505343,0.76,0.77,-0.0131,0.0306,0.0305,0.5827
28-APR-2025,505358,221.70,218.30,0.0155,0.0300,0.0299,0.5712
28-APR-2025,505502,1.67,1.70,-0.0178,0.0205,0.0205,0.3917
28-APR-2025,505504,423.10,414.85,0.0197,0.0174,0.0174,0.3324
28-APR-2025,505515,12.35,11.90,0.0371,0.0346,0.0346,0.6610
28-APR-2025,505520,23.89,23.89,0.0000,0.0164,0.0163,0.3114
28-APR-2025,505523,0.50,0.52,-0.0392,0.0288,0.0289,0.5521
28-APR-2025,505594,32.80,32.80,0.0000,0.0000,0.0000,0.0000
28-APR-2025,505650,17.01,17.39,-0.0221,0.0364,0.0363,0.6935
28-APR-2025,505681,582.00,583.00,-0.0017,0.0246,0.0245,0.4681
28-APR-2025,505685,19.01,19.01,0.0000,0.0468,0.0467,0.8922
28-APR-2025,505690,1246.15,1225.00,0.0171,0.0386,0.0386,0.7375
28-APR-2025,505693,8.70,8.66,0.0046,0.0314,0.0313,0.5980
28-APR-2025,505703,98.72,98.72,0.0000,0.0245,0.0245,0.4681
28-APR-2025,505710,86.39,86.44,-0.0006,0.0265,0.0264,0.5044
28-APR-2025,505712,168.90,170.05,-0.0068,0.0339,0.0338,0.6457
28-APR-2025,505725,876.90,865.20,0.0134,0.0179,0.0179,0.3420
28-APR-2025,505729,60.38,62.52,-0.0348,0.0281,0.0281,0.5368
28-APR-2025,505737,923.60,943.75,-0.0216,0.0347,0.0346,0.6610
28-APR-2025,505750,501.70,504.10,-0.0048,0.0387,0.0386,0.7375
28-APR-2025,505797,32.07,33.75,-0.0511,0.0237,0.0239,0.4566
28-APR-2025,505807,886.30,886.30,0.0000,0.0282,0.0281,0.5368
28-APR-2025,505827,393.45,381.20,0.0316,0.0236,0.0236,0.4509
28-APR-2025,505840,34.23,32.75,0.0442,0.0345,0.0346,0.6610
28-APR-2025,505872,413.20,419.80,-0.0158,0.0372,0.0371,0.7088
28-APR-2025,505890,2108.80,2129.55,-0.0098,0.0265,0.0265,0.5063
28-APR-2025,505893,918.25,878.00,0.0448,0.0380,0.0380,0.7260
28-APR-2025,505978,3118.55,3169.20,-0.0161,0.0305,0.0305,0.5827
28-APR-2025,506003,39.43,41.50,-0.0512,0.0358,0.0359,0.6859
28-APR-2025,506042,179.25,179.25,0.0000,0.0574,0.0572,1.0928
28-APR-2025,506105,71.00,70.38,0.0088,0.0314,0.0313,0.5980
28-APR-2025,506122,282.75,297.60,-0.0512,0.0362,0.0363,0.6935
28-APR-2025,506128,96.25,98.20,-0.0201,0.0367,0.0366,0.6992
28-APR-2025,506134,17.19,16.90,0.0170,0.0311,0.0311,0.5942
28-APR-2025,506161,3.19,3.19,0.0000,0.0000,0.0000,0.0000
28-APR-2025,506166,294.40,294.40,0.0000,0.0110,0.0110,0.2102
28-APR-2025,506178,17.01,17.01,0.0000,0.0023,0.0023,0.0439
28-APR-2025,506180,385.80,378.25,0.0198,0.0236,0.0236,0.4509
28-APR-2025,506186,30.46,32.06,-0.0512,0.0352,0.0353,0.6744
28-APR-2025,506190,52.50,52.50,0.0000,0.0000,0.0000,0.0000
28-APR-2025,506196,4.25,4.25,0.0000,0.0005,0.0005,0.0096
28-APR-2025,506313,218.60,218.60,0.0000,0.0109,0.0108,0.2063
28-APR-2025,506365,131.30,133.95,-0.0200,0.0383,0.0382,0.7298
28-APR-2025,506414,277.60,278.75,-0.0041,0.0385,0.0384,0.7336
28-APR-2025,506520,8.82,9.08,-0.0291,0.0318,0.0318,0.6075
28-APR-2025,506528,3295.65,3260.75,0.0106,0.0329,0.0328,0.6266
28-APR-2025,506530,1400.00,1425.00,-0.0177,0.0288,0.0287,0.5483
28-APR-2025,506532,777.20,777.95,-0.0010,0.0217,0.0216,0.4127
28-APR-2025,506543,10.20,10.45,-0.0242,0.0349,0.0348,0.6649
28-APR-2025,506597,610.00,618.95,-0.0146,0.0327,0.0326,0.6228
28-APR-2025,506605,2025.00,2005.00,0.0099,0.0348,0.0347,0.6629
28-APR-2025,506640,288.40,274.75,0.0485,0.0318,0.0319,0.6094
28-APR-2025,506685,425.40,429.55,-0.0097,0.0235,0.0234,0.4471
28-APR-2025,506687,1251.55,1250.10,0.0012,0.0228,0.0227,0.4337
28-APR-2025,506734,121.85,124.90,-0.0247,0.0316,0.0316,0.6037
28-APR-2025,506808,77.67,79.02,-0.0172,0.0299,0.0298,0.5693
28-APR-2025,506854,3289.75,3487.65,-0.0584,0.0332,0.0334,0.6381
28-APR-2025,506858,59.52,62.00,-0.0408,0.0330,0.0331,0.6324
28-APR-2025,506863,9.94,9.75,0.0193,0.0229,0.0228,0.4356
28-APR-2025,506867,29.60,29.60,0.0000,0.0011,0.0011,0.0210
28-APR-2025,506906,3.80,4.04,-0.0612,0.0540,0.0541,1.0336
28-APR-2025,506919,149.90,142.10,0.0534,0.0331,0.0333,0.6362
28-APR-2025,506935,72.64,72.64,0.0000,0.0320,0.0319,0.6094
28-APR-2025,506947,178.00,183.85,-0.0323,0.0257,0.0257,0.4910
28-APR-2025,506975,4.54,4.54,0.0000,0.0208,0.0207,0.3955
28-APR-2025,506979,61.42,60.30,0.0184,0.0326,0.0326,0.6228
28-APR-2025,506981,145.60,145.00,0.0041,0.0345,0.0344,0.6572
28-APR-2025,507155,190.45,189.90,0.0029,0.0294,0.0293,0.5598
28-APR-2025,507180,74.94,72.50,0.0331,0.0341,0.0341,0.6515
28-APR-2025,507265,167.25,166.65,0.0036,0.0542,0.0541,1.0336
28-APR-2025,507300,1089.20,1100.00,-0.0099,0.0310,0.0310,0.5923
28-APR-2025,507474,81.72,79.82,0.0235,0.0381,0.0380,0.7260
28-APR-2025,507486,42.90,45.15,-0.0511,0.0348,0.0349,0.6668
28-APR-2025,507498,54.54,54.07,0.0087,0.0298,0.0298,0.5693
28-APR-2025,507515,17.70,17.70,0.0000,0.0326,0.0325,0.6209
28-APR-2025,507530,20.03,20.03,0.0000,0.0050,0.0050,0.0955
28-APR-2025,507598,100.20,101.76,-0.0154,0.0354,0.0353,0.6744
28-APR-2025,507609,46.86,45.13,0.0376,0.0346,0.0346,0.6610
28-APR-2025,507621,84.52,83.14,0.0165,0.0266,0.0265,0.5063
28-APR-2025,507645,12160.50,12437.25,-0.0225,0.0232,0.0232,0.4432
28-APR-2025,507663,2.83,2.83,0.0000,0.0097,0.0097,0.1853
28-APR-2025,507690,247.30,249.40,-0.0085,0.0326,0.0325,0.6209
28-APR-2025,507753,99.92,100.18,-0.0026,0.0276,0.0275,0.5254
28-APR-2025,507759,15.60,16.61,-0.0627,0.0378,0.0379,0.7241
28-APR-2025,507808,54.50,54.50,0.0000,0.0237,0.0237,0.4528
28-APR-2025,507813,102.30,102.85,-0.0054,0.0310,0.0309,0.5903
28-APR-2025,507817,173.15,173.15,0.0000,0.0335,0.0334,0.6381
28-APR-2025,507828,11.40,11.60,-0.0174,0.0362,0.0361,0.6897
28-APR-2025,507833,5.19,5.03,0.0313,0.0313,0.0313,0.5980
28-APR-2025,507836,582.00,575.00,0.0121,0.0269,0.0268,0.5120
28-APR-2025,507852,48.55,50.13,-0.0320,0.0315,0.0315,0.6018
28-APR-2025,507864,62.06,63.40,-0.0214,0.0385,0.0384,0.7336
28-APR-2025,507872,52.27,52.99,-0.0137,0.0309,0.0308,0.5884
28-APR-2025,507912,380.25,389.00,-0.0228,0.0348,0.0347,0.6629
28-APR-2025,507917,105.35,107.50,-0.0202,0.0244,0.0244,0.4662
28-APR-2025,507938,20.70,20.70,0.0000,0.0181,0.0181,0.3458
28-APR-2025,507944,753.65,758.55,-0.0065,0.0372,0.0371,0.7088
28-APR-2025,507946,21.50,21.45,0.0023,0.0369,0.0368,0.7031
28-APR-2025,507948,210.00,210.10,-0.0005,0.0318,0.0317,0.6056
28-APR-2025,507952,3.15,3.15,0.0000,0.0000,0.0000,0.0000
28-APR-2025,507960,334.60,304.90,0.0930,0.0328,0.0334,0.6381
28-APR-2025,507962,15.24,15.24,0.0000,0.0498,0.0496,0.9476
28-APR-2025,507966,44.17,44.28,-0.0025,0.0429,0.0427,0.8158
28-APR-2025,507968,192.15,192.15,0.0000,0.0000,0.0000,0.0000
28-APR-2025,507970,42.49,40.60,0.0455,0.0397,0.0398,0.7604
28-APR-2025,507981,96.87,96.08,0.0082,0.0314,0.0314,0.5999
28-APR-2025,507984,34.81,33.16,0.0486,0.0059,0.0068,0.1299
28-APR-2025,507987,3.62,3.62,0.0000,0.0034,0.0034,0.0650
28-APR-2025,507998,105.95,105.90,0.0005,0.0344,0.0343,0.6553
28-APR-2025,508136,558.85,558.85,0.0000,0.0377,0.0376,0.7183
28-APR-2025,508486,7890.95,7910.30,-0.0024,0.0161,0.0161,0.3076
28-APR-2025,508494,46.22,46.46,-0.0052,0.0282,0.0282,0.5388
28-APR-2025,508571,160.40,172.00,-0.0698,0.0355,0.0358,0.6840
28-APR-2025,508664,13.99,13.69,0.0217,0.0281,0.0280,0.5349
28-APR-2025,508670,3690.05,3600.40,0.0246,0.0239,0.0239,0.4566
28-APR-2025,508807,828.90,817.55,0.0138,0.0219,0.0219,0.4184
28-APR-2025,508860,1.41,1.35,0.0435,0.0150,0.0153,0.2923
28-APR-2025,508867,9.10,9.10,0.0000,0.0000,0.0000,0.0000
28-APR-2025,508875,667.95,633.10,0.0536,0.0352,0.0354,0.6763
28-APR-2025,508905,80.10,78.21,0.0239,0.0367,0.0367,0.7012
28-APR-2025,508918,37.34,37.34,0.0000,0.0340,0.0339,0.6477
28-APR-2025,508922,3.67,3.60,0.0193,0.0355,0.0355,0.6782
28-APR-2025,508929,63.73,63.73,0.0000,0.0148,0.0148,0.2828
28-APR-2025,508941,488.80,486.50,0.0047,0.0203,0.0203,0.3878
28-APR-2025,508954,129.45,135.35,-0.0446,0.0339,0.0339,0.6477
28-APR-2025,508956,14.99,14.41,0.0395,0.0362,0.0363,0.6935
28-APR-2025,508961,171.00,171.00,0.0000,0.0230,0.0230,0.4394
28-APR-2025,508963,16.00,16.00,0.0000,0.0345,0.0344,0.6572
28-APR-2025,508969,3.79,3.85,-0.0157,0.0309,0.0309,0.5903
28-APR-2025,508980,20.23,19.32,0.0460,0.0333,0.0334,0.6381
28-APR-2025,508993,2.45,2.45,0.0000,0.0000,0.0000,0.0000
28-APR-2025,509003,0.13,0.13,0.0000,0.0000,0.0000,0.0000
28-APR-2025,509015,14.24,14.97,-0.0500,0.0302,0.0304,0.5808
28-APR-2025,509024,8.49,8.46,0.0035,0.0199,0.0199,0.3802
28-APR-2025,509026,78.51,84.00,-0.0676,0.0374,0.0376,0.7183
28-APR-2025,509038,12.27,12.04,0.0189,0.0157,0.0157,0.2999
28-APR-2025,509040,147.35,140.35,0.0487,0.0396,0.0397,0.7585
28-APR-2025,509046,72.98,71.21,0.0246,0.0251,0.0251,0.4795
28-APR-2025,509051,1.03,1.05,-0.0192,0.0265,0.0264,0.5044
28-APR-2025,509053,8.41,8.55,-0.0165,0.0319,0.0319,0.6094
28-APR-2025,509073,17.65,17.93,-0.0157,0.0274,0.0274,0.5235
28-APR-2025,509084,104.75,104.75,0.0000,0.0258,0.0257,0.4910
28-APR-2025,509099,50.73,50.73,0.0000,0.0087,0.0087,0.1662
28-APR-2025,509162,138.20,138.30,-0.0007,0.0315,0.0314,0.5999
28-APR-2025,509196,77.21,78.40,-0.0153,0.0316,0.0315,0.6018
28-APR-2025,509423,39.46,39.49,-0.0008,0.0378,0.0377,0.7203
28-APR-2025,509438,11866.30,11755.60,0.0094,0.0259,0.0258,0.4929
28-APR-2025,509449,40.25,42.95,-0.0649,0.0345,0.0347,0.6629
28-APR-2025,509470,22590.50,22665.00,-0.0033,0.0290,0.0289,0.5521
28-APR-2025,509472,397.30,340.10,0.1555,0.0311,0.0329,0.6286
28-APR-2025,509486,131.75,135.15,-0.0255,0.0314,0.0313,0.5980
28-APR-2025,509525,1064.20,1030.45,0.0322,0.0271,0.0271,0.5177
28-APR-2025,509546,42.28,44.39,-0.0487,0.0379,0.0380,0.7260
28-APR-2025,509563,24.52,24.04,0.0198,0.0342,0.0342,0.6534
28-APR-2025,509597,800.00,836.80,-0.0450,0.0395,0.0395,0.7546
28-APR-2025,509650,38.74,38.74,0.0000,0.0014,0.0014,0.0267
28-APR-2025,509732,271.05,265.75,0.0197,0.0191,0.0191,0.3649
28-APR-2025,509760,46.70,46.29,0.0088,0.0386,0.0385,0.7355
28-APR-2025,509782,17.95,17.95,0.0000,0.0000,0.0000,0.0000
28-APR-2025,509835,18.00,18.57,-0.0312,0.0419,0.0418,0.7986
28-APR-2025,509845,457.50,457.50,0.0000,0.0207,0.0207,0.3955
28-APR-2025,509870,60.74,60.74,0.0000,0.0040,0.0040,0.0764
28-APR-2025,509887,590.10,604.50,-0.0241,0.0281,0.0281,0.5368
28-APR-2025,509895,194.90,194.90,0.0000,0.0283,0.0282,0.5388
28-APR-2025,509910,22.68,22.68,0.0000,0.0368,0.0367,0.7012
28-APR-2025,509917,94.80,94.80,0.0000,0.0121,0.0121,0.2312
28-APR-2025,509945,1425.00,1440.05,-0.0105,0.0379,0.0378,0.7222
28-APR-2025,509960,1650.00,1650.00,0.0000,0.0302,0.0301,0.5751
28-APR-2025,510245,5.35,5.40,-0.0093,0.0305,0.0304,0.5808
28-APR-2025,511000,24.40,25.68,-0.0511,0.0355,0.0356,0.6801
28-APR-2025,511012,1.63,1.66,-0.0182,0.0290,0.0290,0.5540
28-APR-2025,511016,8.34,8.34,0.0000,0.0384,0.0383,0.7317
28-APR-2025,511018,95.00,90.93,0.0438,0.0284,0.0285,0.5445
28-APR-2025,511048,5.18,5.18,0.0000,0.0000,0.0000,0.0000
28-APR-2025,511060,17.00,17.00,0.0000,0.0000,0.0000,0.0000
28-APR-2025,511066,48.95,48.98,-0.0006,0.0343,0.0342,0.6534
28-APR-2025,511074,990.00,990.00,0.0000,0.0050,0.0050,0.0955
28-APR-2025,511092,6.77,6.78,-0.0015,0.0163,0.0163,0.3114
28-APR-2025,511096,12.00,12.00,0.0000,0.0000,0.0000,0.0000
28-APR-2025,511110,37.70,37.71,-0.0003,0.0420,0.0419,0.8005
28-APR-2025,511116,0.44,0.46,-0.0445,0.0334,0.0335,0.6400
28-APR-2025,511122,127.90,122.50,0.0431,0.0302,0.0303,0.5789
28-APR-2025,511131,14.90,14.99,-0.0060,0.0367,0.0366,0.6992
28-APR-2025,511147,70.33,69.60,0.0104,0.0357,0.0356,0.6801
28-APR-2025,511153,30.45,30.49,-0.0013,0.0295,0.0295,0.5636
28-APR-2025,511169,6.81,6.94,-0.0189,0.0265,0.0264,0.5044
28-APR-2025,511176,135.60,142.70,-0.0510,0.0293,0.0295,0.5636
28-APR-2025,511185,11.85,11.85,0.0000,0.0103,0.0103,0.1968
28-APR-2025,511187,2.22,2.36,-0.0612,0.0399,0.0400,0.7642
28-APR-2025,511200,129.55,129.55,0.0000,0.0198,0.0198,0.3783
28-APR-2025,511246,7.25,7.25,0.0000,0.0290,0.0289,0.5521
28-APR-2025,511254,61.75,61.75,0.0000,0.0000,0.0000,0.0000
28-APR-2025,511260,16.64,16.64,0.0000,0.0024,0.0024,0.0459
28-APR-2025,511355,15.08,15.36,-0.0184,0.0298,0.0297,0.5674
28-APR-2025,511359,69.07,71.63,-0.0364,0.0376,0.0376,0.7183
28-APR-2025,511377,34.01,34.01,0.0000,0.0296,0.0295,0.5636
28-APR-2025,511391,70.63,67.27,0.0487,0.0355,0.0356,0.6801
28-APR-2025,511401,16.11,16.44,-0.0203,0.0324,0.0323,0.6171
28-APR-2025,511411,36.24,37.90,-0.0448,0.0417,0.0417,0.7967
28-APR-2025,511441,30.30,31.80,-0.0483,0.0314,0.0315,0.6018
28-APR-2025,511447,0.94,0.95,-0.0106,0.0357,0.0356,0.6801
28-APR-2025,511451,13.25,12.70,0.0424,0.0418,0.0418,0.7986
28-APR-2025,511463,13.89,14.12,-0.0164,0.0289,0.0289,0.5521
28-APR-2025,511493,4.07,4.15,-0.0195,0.0394,0.0393,0.7508
28-APR-2025,511501,46.00,45.03,0.0213,0.0307,0.0306,0.5846
28-APR-2025,511507,36.91,38.85,-0.0512,0.0340,0.0341,0.6515
28-APR-2025,511509,38.40,39.26,-0.0221,0.0336,0.0336,0.6419
28-APR-2025,511523,14.13,14.41,-0.0196,0.0356,0.0355,0.6782
28-APR-2025,511525,2.66,2.65,0.0038,0.0306,0.0306,0.5846
28-APR-2025,511533,41.82,39.53,0.0563,0.0340,0.0341,0.6515
28-APR-2025,511535,39.02,41.43,-0.0599,0.0426,0.0427,0.8158
28-APR-2025,511539,60.35,60.35,0.0000,0.0178,0.0177,0.3382
28-APR-2025,511543,34.83,36.66,-0.0512,0.0324,0.0325,0.6209
28-APR-2025,511549,123.00,115.70,0.0612,0.0271,0.0274,0.5235
28-APR-2025,511557,4.12,4.14,-0.0048,0.0310,0.0309,0.5903
28-APR-2025,511563,30.02,31.60,-0.0513,0.0260,0.0262,0.5006
28-APR-2025,511571,98.63,101.00,-0.0237,0.0365,0.0364,0.6954
28-APR-2025,511577,15.72,15.89,-0.0108,0.0286,0.0285,0.5445
28-APR-2025,511585,3.24,3.18,0.0187,0.0147,0.0148,0.2828
28-APR-2025,511593,21.31,22.42,-0.0508,0.0369,0.0370,0.7069
28-APR-2025,511601,10.99,10.87,0.0110,0.0345,0.0344,0.6572
28-APR-2025,511609,25.51,25.50,0.0004,0.0190,0.0190,0.3630
28-APR-2025,511626,19.50,19.11,0.0202,0.0446,0.0445,0.8502
28-APR-2025,511628,46.65,46.48,0.0037,0.0323,0.0322,0.6152
28-APR-2025,511634,17.22,17.22,0.0000,0.0129,0.0129,0.2465
28-APR-2025,511636,1.94,1.97,-0.0153,0.0221,0.0220,0.4203
28-APR-2025,511644,194.50,194.50,0.0000,0.0306,0.0305,0.5827
28-APR-2025,511654,71.65,68.40,0.0464,0.0335,0.0336,0.6419
28-APR-2025,511658,35.90,34.70,0.0340,0.0385,0.0385,0.7355
28-APR-2025,511660,5.62,5.62,0.0000,0.0113,0.0113,0.2159
28-APR-2025,511664,8.74,7.96,0.0935,0.0406,0.0410,0.7833
28-APR-2025,511672,37.74,37.14,0.0160,0.0315,0.0315,0.6018
28-APR-2025,511688,12.62,12.50,0.0096,0.0267,0.0267,0.5101
28-APR-2025,511692,69.52,73.84,-0.0603,0.0412,0.0413,0.7890
28-APR-2025,511696,250.00,236.05,0.0574,0.0409,0.0410,0.7833
28-APR-2025,511700,0.48,0.48,0.0000,0.0335,0.0334,0.6381
28-APR-2025,511702,114.95,112.65,0.0202,0.0340,0.0340,0.6496
28-APR-2025,511710,2.32,2.25,0.0306,0.0362,0.0361,0.6897
28-APR-2025,511712,70.23,66.89,0.0487,0.0372,0.0373,0.7126
28-APR-2025,511714,275.85,264.40,0.0424,0.0323,0.0323,0.6171
28-APR-2025,511716,8.74,8.33,0.0480,0.0334,0.0335,0.6400
28-APR-2025,511728,20.48,20.08,0.0197,0.0376,0.0375,0.7164
28-APR-2025,511730,32.91,31.45,0.0454,0.0195,0.0197,0.3764
28-APR-2025,511734,17.13,17.13,0.0000,0.0305,0.0304,0.5808
28-APR-2025,511738,48.00,48.00,0.0000,0.0168,0.0168,0.3210
28-APR-2025,511740,167.65,176.45,-0.0512,0.0272,0.0274,0.5235
28-APR-2025,511754,569.65,567.10,0.0045,0.0234,0.0234,0.4471
28-APR-2025,511756,42.85,41.90,0.0224,0.0352,0.0352,0.6725
28-APR-2025,511758,54.85,54.85,0.0000,0.0361,0.0360,0.6878
28-APR-2025,511760,0.81,0.83,-0.0244,0.0298,0.0298,0.5693
28-APR-2025,511764,30.62,30.82,-0.0065,0.0367,0.0366,0.6992
28-APR-2025,512008,280.70,275.20,0.0198,0.0387,0.0387,0.7394
28-APR-2025,512014,356.35,375.10,-0.0513,0.0292,0.0294,0.5617
28-APR-2025,512018,8.72,8.89,-0.0193,0.0300,0.0299,0.5712
28-APR-2025,512020,15800.00,16333.35,-0.0332,0.0353,0.0352,0.6725
28-APR-2025,512022,244.45,244.45,0.0000,0.0000,0.0000,0.0000
28-APR-2025,512024,97.85,97.85,0.0000,0.0164,0.0164,0.3133
28-APR-2025,512025,81.06,78.85,0.0276,0.1348,0.1344,2.5677
28-APR-2025,512026,51.16,50.16,0.0197,0.0192,0.0192,0.3668
28-APR-2025,512036,207.75,207.75,0.0000,0.0305,0.0304,0.5808
28-APR-2025,512038,428.45,415.60,0.0305,0.0288,0.0288,0.5502
28-APR-2025,512047,7.84,7.84,0.0000,0.0329,0.0328,0.6266
28-APR-2025,512048,4.86,4.77,0.0187,0.0376,0.0375,0.7164
28-APR-2025,512062,10.48,10.48,0.0000,0.0000,0.0000,0.0000
28-APR-2025,512063,18.90,18.90,0.0000,0.0000,0.0000,0.0000
28-APR-2025,512064,64.54,64.10,0.0068,0.0385,0.0384,0.7336
28-APR-2025,512065,4.63,4.63,0.0000,0.0029,0.0029,0.0554
28-APR-2025,512068,126.71,125.56,0.0091,0.0346,0.0345,0.6591
28-APR-2025,512091,4.77,4.77,0.0000,0.0565,0.0564,1.0775
28-APR-2025,512093,3.94,3.90,0.0102,0.0304,0.0304,0.5808
28-APR-2025,512097,0.36,0.37,-0.0274,0.0505,0.0504,0.9629
28-APR-2025,512099,956.00,997.70,-0.0427,0.0238,0.0239,0.4566
28-APR-2025,512101,17.40,17.40,0.0000,0.0000,0.0000,0.0000
28-APR-2025,512103,165.00,165.00,0.0000,0.0308,0.0308,0.5884
28-APR-2025,512109,35.17,34.49,0.0195,0.0094,0.0095,0.1815
28-APR-2025,512115,59.47,60.68,-0.0201,0.0373,0.0373,0.7126
28-APR-2025,512117,3.67,3.67,0.0000,0.0000,0.0000,0.0000
28-APR-2025,512149,0.64,0.65,-0.0155,0.0310,0.0309,0.5903
28-APR-2025,512153,9.13,9.13,0.0000,0.0148,0.0147,0.2808
28-APR-2025,512165,28.80,29.71,-0.0311,0.0389,0.0389,0.7432
28-APR-2025,512169,17.04,17.04,0.0000,0.0284,0.0283,0.5407
28-APR-2025,512175,6.70,6.84,-0.0207,0.0353,0.0352,0.6725
28-APR-2025,512197,6.19,6.00,0.0312,0.0327,0.0327,0.6247
28-APR-2025,512213,15.50,15.50,0.0000,0.0000,0.0000,0.0000
28-APR-2025,512217,14.41,14.70,-0.0199,0.0358,0.0358,0.6840
28-APR-2025,512221,13.77,13.77,0.0000,0.0011,0.0011,0.0210
28-APR-2025,512229,405.95,404.65,0.0032,0.0184,0.0184,0.3515
28-APR-2025,512233,25.27,25.27,0.0000,0.0029,0.0029,0.0554
28-APR-2025,512247,4.16,4.15,0.0024,0.0295,0.0295,0.5636
28-APR-2025,512257,3.71,3.84,-0.0344,0.0273,0.0273,0.5216
28-APR-2025,512261,3.00,3.00,0.0000,0.0000,0.0000,0.0000
28-APR-2025,512267,9.40,9.58,-0.0190,0.0343,0.0343,0.6553
28-APR-2025,512271,116.50,116.50,0.0000,0.0008,0.0008,0.0153
28-APR-2025,512277,349.85,349.85,0.0000,0.0205,0.0205,0.3917
28-APR-2025,512279,15.66,14.92,0.0484,0.0257,0.0259,0.4948
28-APR-2025,512297,71.52,71.04,0.0067,0.0292,0.0292,0.5579
28-APR-2025,512301,5.67,5.96,-0.0499,0.0339,0.0340,0.6496
28-APR-2025,512329,364.70,348.20,0.0463,0.0232,0.0233,0.4451
28-APR-2025,512341,0.44,0.44,0.0000,0.0075,0.0075,0.1433
28-APR-2025,512344,3.85,3.87,-0.0052,0.0372,0.0371,0.7088
28-APR-2025,512345,139.85,137.15,0.0195,0.0181,0.0181,0.3458
28-APR-2025,512359,0.26,0.26,0.0000,0.1237,0.1234,2.3576
28-APR-2025,512361,110.05,112.50,-0.0220,0.0195,0.0195,0.3725
28-APR-2025,512367,11.52,11.52,0.0000,0.0011,0.0011,0.0210
28-APR-2025,512377,5.64,5.64,0.0000,0.0063,0.0063,0.1204
28-APR-2025,512379,4.97,5.23,-0.0510,0.0364,0.0365,0.6973
28-APR-2025,512393,43.50,44.40,-0.0205,0.0319,0.0319,0.6094
28-APR-2025,512399,33.97,35.15,-0.0341,0.0325,0.0325,0.6209
28-APR-2025,512404,0.05,0.05,0.0000,0.0210,0.0210,0.4012
28-APR-2025,512405,16.67,16.67,0.0000,0.0065,0.0065,0.1242
28-APR-2025,512408,10.05,10.05,0.0000,0.0000,0.0000,0.0000
28-APR-2025,512415,22.26,21.83,0.0195,0.0326,0.0325,0.6209
28-APR-2025,512425,935.00,892.75,0.0462,0.0365,0.0366,0.6992
28-APR-2025,512437,600.00,595.00,0.0084,0.0375,0.0374,0.7145
28-APR-2025,512441,0.77,0.81,-0.0506,0.1656,0.1652,3.1561
28-APR-2025,512443,6.74,7.28,-0.0771,0.0357,0.0361,0.6897
28-APR-2025,512453,1031.85,1079.55,-0.0452,0.0289,0.0290,0.5540
28-APR-2025,512477,434.30,430.00,0.0100,0.0417,0.0416,0.7948
28-APR-2025,512479,591.15,591.15,0.0000,0.0141,0.0141,0.2694
28-APR-2025,512481,5.02,5.28,-0.0505,0.0325,0.0326,0.6228
28-APR-2025,512485,247.65,260.65,-0.0512,0.0339,0.0340,0.6496
28-APR-2025,512489,28.13,28.45,-0.0113,0.0350,0.0349,0.6668
28-APR-2025,512493,119.20,127.00,-0.0634,0.0293,0.0295,0.5636
28-APR-2025,512499,0.49,0.49,0.0000,0.0130,0.0130,0.2484
28-APR-2025,512511,1.03,1.03,0.0000,0.0008,0.0008,0.0153
28-APR-2025,512527,920.80,919.85,0.0010,0.0302,0.0301,0.5751
28-APR-2025,512565,35.42,35.42,0.0000,0.0302,0.0301,0.5751
28-APR-2025,512587,63.45,63.76,-0.0049,0.0351,0.0350,0.6687
28-APR-2025,512589,156.60,159.75,-0.0199,0.0375,0.0375,0.7164
28-APR-2025,512591,8.46,8.63,-0.0199,0.0373,0.0373,0.7126
28-APR-2025,512595,645.00,616.85,0.0446,0.0271,0.0272,0.5197
28-APR-2025,512600,84.99,86.00,-0.0118,0.0298,0.0297,0.5674
28-APR-2025,512604,8.61,8.61,0.0000,0.0229,0.0228,0.4356
28-APR-2025,512618,9.13,9.60,-0.0502,0.0375,0.0375,0.7164
28-APR-2025,512624,6.07,5.98,0.0149,0.0358,0.0357,0.6820
28-APR-2025,512634,130.75,130.75,0.0000,0.0288,0.0287,0.5483
28-APR-2025,513005,42.00,39.61,0.0586,0.0368,0.0369,0.7050
28-APR-2025,513039,3.31,3.31,0.0000,0.0000,0.0000,0.0000
28-APR-2025,513043,100.90,100.00,0.0090,0.0414,0.0413,0.7890
28-APR-2025,513059,38.50,38.01,0.0128,0.0313,0.0312,0.5961
28-APR-2025,513063,32.44,33.11,-0.0204,0.0361,0.0360,0.6878
28-APR-2025,513117,9.17,8.96,0.0232,0.0353,0.0353,0.6744
28-APR-2025,513119,254.75,255.15,-0.0016,0.0304,0.0303,0.5789
28-APR-2025,513149,738.25,733.00,0.0071,0.0327,0.0326,0.6228
28-APR-2025,513173,29.42,28.37,0.0363,0.0299,0.0299,0.5712
28-APR-2025,513252,656.00,630.30,0.0400,0.0283,0.0284,0.5426
28-APR-2025,513295,59.00,60.95,-0.0325,0.0388,0.0388,0.7413
28-APR-2025,513303,16.15,15.79,0.0225,0.0352,0.0351,0.6706
28-APR-2025,513309,10.43,10.07,0.0351,0.0361,0.0361,0.6897
28-APR-2025,513337,1.45,1.48,-0.0205,0.0392,0.0392,0.7489
28-APR-2025,513353,270.20,271.50,-0.0048,0.0307,0.0307,0.5865
28-APR-2025,513361,5.48,5.70,-0.0394,0.0376,0.0376,0.7183
28-APR-2025,513369,81.02,81.45,-0.0053,0.0398,0.0397,0.7585
28-APR-2025,513397,6.68,6.68,0.0000,0.0292,0.0292,0.5579
28-APR-2025,513401,21.56,22.00,-0.0202,0.0417,0.0416,0.7948
28-APR-2025,513403,5.39,5.06,0.0632,0.0472,0.0473,0.9037
28-APR-2025,513418,6.24,6.17,0.0113,0.0351,0.0350,0.6687
28-APR-2025,513422,36.46,35.66,0.0222,0.0476,0.0475,0.9075
28-APR-2025,513430,20.62,20.62,0.0000,0.0331,0.0331,0.6324
28-APR-2025,513452,11.83,11.27,0.0485,0.0376,0.0377,0.7203
28-APR-2025,513456,38.99,40.69,-0.0427,0.0354,0.0355,0.6782
28-APR-2025,513460,8.80,8.80,0.0000,0.0344,0.0343,0.6553
28-APR-2025,513472,228.25,241.85,-0.0579,0.0338,0.0340,0.6496
28-APR-2025,513488,31.40,31.48,-0.0025,0.0337,0.0336,0.6419
28-APR-2025,513496,138.40,138.50,-0.0007,0.0334,0.0333,0.6362
28-APR-2025,513498,148.00,150.65,-0.0177,0.0339,0.0338,0.6457
28-APR-2025,513502,9.06,9.11,-0.0055,0.0381,0.0380,0.7260
28-APR-2025,513507,175.00,175.00,0.0000,0.0300,0.0300,0.5731
28-APR-2025,513511,172.90,176.40,-0.0200,0.0378,0.0377,0.7203
28-APR-2025,513513,9.01,8.82,0.0213,0.0343,0.0343,0.6553
28-APR-2025,513528,5.51,5.25,0.0483,0.0374,0.0375,0.7164
28-APR-2025,513532,234.20,239.50,-0.0224,0.0313,0.0312,0.5961
28-APR-2025,513536,40.99,41.08,-0.0022,0.0361,0.0360,0.6878
28-APR-2025,513540,14.75,14.75,0.0000,0.0226,0.0225,0.4299
28-APR-2025,513544,9.19,9.19,0.0000,0.0329,0.0329,0.6286
28-APR-2025,513548,284.40,292.00,-0.0264,0.0379,0.0378,0.7222
28-APR-2025,513566,14.24,13.79,0.0321,0.0350,0.0349,0.6668
28-APR-2025,513575,39.95,38.86,0.0277,0.0310,0.0310,0.5923
28-APR-2025,513579,5.45,5.45,0.0000,0.0274,0.0274,0.5235
28-APR-2025,513629,46.51,47.50,-0.0211,0.0343,0.0342,0.6534
28-APR-2025,513642,29.64,28.75,0.0305,0.0406,0.0406,0.7757
28-APR-2025,513687,3.88,3.88,0.0000,0.0347,0.0346,0.6610
28-APR-2025,513693,32.05,32.25,-0.0062,0.0297,0.0296,0.5655
28-APR-2025,513699,34.86,35.40,-0.0154,0.0389,0.0388,0.7413
28-APR-2025,513709,302.50,317.50,-0.0484,0.0371,0.0371,0.7088
28-APR-2025,513713,5.18,5.17,0.0019,0.0345,0.0344,0.6572
28-APR-2025,513721,17.00,17.00,0.0000,0.0311,0.0310,0.5923
28-APR-2025,514010,43.24,43.80,-0.0129,0.0318,0.0317,0.6056
28-APR-2025,514028,41.16,39.20,0.0488,0.0325,0.0326,0.6228
28-APR-2025,514030,150.85,151.90,-0.0069,0.0261,0.0260,0.4967
28-APR-2025,514060,10.63,10.84,-0.0196,0.0514,0.0512,0.9782
28-APR-2025,514087,76.57,71.21,0.0726,0.0304,0.0308,0.5884
28-APR-2025,514113,23.22,24.38,-0.0487,0.0312,0.0314,0.5999
28-APR-2025,514128,29.21,29.21,0.0000,0.0300,0.0299,0.5712
28-APR-2025,514138,314.50,308.90,0.0180,0.0302,0.0301,0.5751
28-APR-2025,514140,24.07,24.65,-0.0238,0.0370,0.0369,0.7050
28-APR-2025,514165,8.16,7.99,0.0211,0.0302,0.0302,0.5770
28-APR-2025,514171,43.79,43.50,0.0066,0.0456,0.0455,0.8693
28-APR-2025,514177,78.52,78.52,0.0000,0.0174,0.0173,0.3305
28-APR-2025,514183,97.06,97.91,-0.0087,0.0209,0.0209,0.3993
28-APR-2025,514197,7.34,6.73,0.0868,0.0375,0.0379,0.7241
28-APR-2025,514221,0.28,0.29,-0.0351,0.0086,0.0090,0.1719
28-APR-2025,514223,5.29,5.36,-0.0131,0.0483,0.0482,0.9209
28-APR-2025,514236,0.10,0.10,0.0000,0.0000,0.0000,0.0000
28-APR-2025,514238,1564.65,1545.10,0.0126,0.0364,0.0363,0.6935
28-APR-2025,514240,10.05,10.60,-0.0533,0.0356,0.0357,0.6820
28-APR-2025,514248,47.00,49.24,-0.0466,0.0337,0.0338,0.6457
28-APR-2025,514260,10.02,9.55,0.0480,0.0126,0.0130,0.2484
28-APR-2025,514264,20.64,21.50,-0.0408,0.0359,0.0359,0.6859
28-APR-2025,514266,73.02,74.77,-0.0237,0.0258,0.0258,0.4929
28-APR-2025,514272,131.60,131.50,0.0008,0.0294,0.0293,0.5598
28-APR-2025,514280,156.45,154.00,0.0158,0.0419,0.0418,0.7986
28-APR-2025,514302,179.90,178.65,0.0070,0.0322,0.0321,0.6133
28-APR-2025,514312,60.90,60.90,0.0000,0.0328,0.0327,0.6247
28-APR-2025,514316,137.90,139.35,-0.0105,0.0321,0.0320,0.6114
28-APR-2025,514318,204.00,205.00,-0.0049,0.0222,0.0222,0.4241
28-APR-2025,514322,90.05,90.05,0.0000,0.0361,0.0360,0.6878
28-APR-2025,514324,295.00,280.05,0.0520,0.0333,0.0334,0.6381
28-APR-2025,514326,10.60,10.36,0.0229,0.0335,0.0335,0.6400
28-APR-2025,514330,313.55,307.45,0.0196,0.0359,0.0359,0.6859
28-APR-2025,514332,25.60,25.46,0.0055,0.0391,0.0390,0.7451
28-APR-2025,514336,19.25,19.25,0.0000,0.0101,0.0101,0.1930
28-APR-2025,514358,107.05,115.00,-0.0716,0.0436,0.0438,0.8368
28-APR-2025,514360,118.65,124.85,-0.0509,0.0372,0.0373,0.7126
28-APR-2025,514378,18.61,18.98,-0.0197,0.0350,0.0349,0.6668
28-APR-2025,514386,11.57,11.99,-0.0357,0.0368,0.0368,0.7031
28-APR-2025,514400,23.45,23.45,0.0000,0.0317,0.0316,0.6037
28-APR-2025,514402,17.08,17.17,-0.0053,0.0319,0.0318,0.6075
28-APR-2025,514412,101.44,105.91,-0.0431,0.0284,0.0285,0.5445
28-APR-2025,514428,348.20,335.05,0.0385,0.0301,0.0301,0.5751
28-APR-2025,514440,27.12,26.59,0.0197,0.1539,0.1535,2.9326
28-APR-2025,514442,23.51,24.50,-0.0412,0.0381,0.0381,0.7279
28-APR-2025,514446,45.91,47.55,-0.0351,0.0366,0.0366,0.6992
28-APR-2025,514448,1232.90,1236.55,-0.0030,0.0197,0.0196,0.3745
28-APR-2025,514454,28.32,28.32,0.0000,0.0305,0.0305,0.5827
28-APR-2025,514460,36.49,34.79,0.0477,0.0279,0.0281,0.5368
28-APR-2025,514470,95.00,94.35,0.0069,0.0318,0.0317,0.6056
28-APR-2025,515008,98.43,99.06,-0.0064,0.0308,0.0307,0.5865
28-APR-2025,515043,105.05,105.10,-0.0005,0.0225,0.0225,0.4299
28-APR-2025,515059,43.74,44.30,-0.0127,0.0377,0.0376,0.7183
28-APR-2025,515085,5.91,5.86,0.0085,0.0353,0.0352,0.6725
28-APR-2025,515127,2.19,2.29,-0.0447,0.0330,0.0331,0.6324
28-APR-2025,515147,101.54,102.01,-0.0046,0.0361,0.0360,0.6878
28-APR-2025,516003,176.00,177.85,-0.0105,0.0329,0.0328,0.6266
28-APR-2025,516020,4.42,4.42,0.0000,0.0300,0.0300,0.5731
28-APR-2025,516032,15.47,14.74,0.0483,0.0281,0.0282,0.5388
28-APR-2025,516038,68.95,65.74,0.0477,0.0255,0.0256,0.4891
28-APR-2025,516062,4.93,4.89,0.0081,0.0334,0.0333,0.6362
28-APR-2025,516078,54.41,55.89,-0.0268,0.0402,0.0401,0.7661
28-APR-2025,516096,194.95,198.00,-0.0155,0.0411,0.0410,0.7833
28-APR-2025,516098,10.91,10.89,0.0018,0.0355,0.0355,0.6782
28-APR-2025,516106,9.20,9.45,-0.0268,0.0355,0.0355,0.6782
28-APR-2025,516108,81.28,82.99,-0.0208,0.0288,0.0288,0.5502
28-APR-2025,516110,4.62,4.75,-0.0277,0.0323,0.0323,0.6171
28-APR-2025,517035,2080.70,2190.20,-0.0513,0.0378,0.0379,0.7241
28-APR-2025,517044,23.10,23.15,-0.0022,0.0315,0.0314,0.5999
28-APR-2025,517063,119.31,116.98,0.0197,0.0375,0.0374,0.7145
28-APR-2025,517077,101.65,101.65,0.0000,0.0398,0.0397,0.7585
28-APR-2025,517096,51.24,54.00,-0.0525,0.0372,0.0373,0.7126
28-APR-2025,517119,27.51,28.58,-0.0382,0.0327,0.0327,0.6247
28-APR-2025,517166,125.95,129.10,-0.0247,0.0349,0.0349,0.6668
28-APR-2025,517170,44.74,43.68,0.0240,0.0390,0.0390,0.7451
28-APR-2025,517172,12.00,12.00,0.0000,0.0090,0.0090,0.1719
28-APR-2025,517201,73.40,73.40,0.0000,0.0332,0.0331,0.6324
28-APR-2025,517236,94.60,92.23,0.0254,0.0349,0.0348,0.6649
28-APR-2025,517238,273.00,291.70,-0.0663,0.0366,0.0368,0.7031
28-APR-2025,517246,129.73,129.01,0.0056,0.0357,0.0357,0.6820
28-APR-2025,517258,120.00,124.00,-0.0328,0.0381,0.0381,0.7279
28-APR-2025,517264,108.00,108.00,0.0000,0.0305,0.0304,0.5808
28-APR-2025,517288,91.17,98.45,-0.0768,0.0368,0.0371,0.7088
28-APR-2025,517320,8.67,8.67,0.0000,0.0147,0.0147,0.2808
28-APR-2025,517356,2.13,2.14,-0.0047,0.0313,0.0312,0.5961
28-APR-2025,517360,18.52,18.52,0.0000,0.0364,0.0363,0.6935
28-APR-2025,517370,89.96,90.05,-0.0010,0.0364,0.0363,0.6935
28-APR-2025,517372,476.70,461.95,0.0314,0.0304,0.0304,0.5808
28-APR-2025,517393,24.60,24.84,-0.0097,0.0336,0.0335,0.6400
28-APR-2025,517397,64.19,61.16,0.0484,0.0329,0.0330,0.6305
28-APR-2025,517399,5.05,5.30,-0.0483,0.0359,0.0360,0.6878
28-APR-2025,517415,9.61,9.82,-0.0216,0.0367,0.0366,0.6992
28-APR-2025,517417,511.20,510.10,0.0022,0.0327,0.0326,0.6228
28-APR-2025,517423,110.85,110.85,0.0000,0.0292,0.0291,0.5560
28-APR-2025,517429,85.10,86.30,-0.0140,0.0344,0.0343,0.6553
28-APR-2025,517431,161.65,154.00,0.0485,0.0479,0.0479,0.9151
28-APR-2025,517437,122.80,122.80,0.0000,0.0336,0.0335,0.6400
28-APR-2025,517449,942.95,907.00,0.0389,0.0336,0.0336,0.6419
28-APR-2025,517467,183.25,174.75,0.0475,0.0365,0.0366,0.6992
28-APR-2025,517477,344.20,344.80,-0.0017,0.0276,0.0275,0.5254
28-APR-2025,517494,16.88,17.57,-0.0401,0.0338,0.0338,0.6457
28-APR-2025,517514,200.45,204.05,-0.0178,0.0353,0.0352,0.6725
28-APR-2025,517546,84.71,86.16,-0.0170,0.0365,0.0365,0.6973
28-APR-2025,517554,0.98,0.99,-0.0102,0.0358,0.0357,0.6820
28-APR-2025,517564,42.64,42.64,0.0000,0.0107,0.0107,0.2044
28-APR-2025,518011,79.90,74.14,0.0748,0.0417,0.0420,0.8024
28-APR-2025,518053,16.48,16.16,0.0196,0.0213,0.0213,0.4069
28-APR-2025,518075,383.25,396.90,-0.0350,0.0277,0.0277,0.5292
28-APR-2025,519003,402.80,429.35,-0.0638,0.0312,0.0315,0.6018
28-APR-2025,519014,10.53,10.03,0.0486,0.0301,0.0302,0.5770
28-APR-2025,519031,142.00,142.00,0.0000,0.0240,0.0239,0.4566
28-APR-2025,519064,82.00,87.06,-0.0599,0.0507,0.0507,0.9686
28-APR-2025,519097,36.96,38.25,-0.0343,0.0312,0.0313,0.5980
28-APR-2025,519152,13741.40,13870.20,-0.0093,0.0321,0.0320,0.6114
28-APR-2025,519174,10.94,10.95,-0.0009,0.0365,0.0364,0.6954
28-APR-2025,519191,6.48,6.14,0.0539,0.0419,0.0420,0.8024
28-APR-2025,519214,8.43,8.03,0.0486,0.0274,0.0275,0.5254
28-APR-2025,519216,45.90,46.53,-0.0136,0.0306,0.0305,0.5827
28-APR-2025,519230,32.41,32.56,-0.0046,0.0308,0.0307,0.5865
28-APR-2025,519234,57.11,61.72,-0.0776,0.0428,0.0431,0.8234
28-APR-2025,519238,33.83,33.50,0.0098,0.0281,0.0281,0.5368
28-APR-2025,519242,124.75,124.75,0.0000,0.0324,0.0323,0.6171
28-APR-2025,519262,23.13,21.95,0.0524,0.0384,0.0385,0.7355
28-APR-2025,519279,6.13,6.45,-0.0509,0.0315,0.0316,0.6037
28-APR-2025,519285,8.98,9.45,-0.0510,0.0325,0.0326,0.6228
28-APR-2025,519287,54.88,54.95,-0.0013,0.0348,0.0347,0.6629
28-APR-2025,519295,334.05,331.30,0.0083,0.0277,0.0276,0.5273
28-APR-2025,519299,78.00,78.50,-0.0064,0.0325,0.0325,0.6209
28-APR-2025,519307,1.61,1.65,-0.0245,0.0600,0.0599,1.1444
28-APR-2025,519331,52.84,50.74,0.0406,0.0358,0.0358,0.6840
28-APR-2025,519353,5.60,5.60,0.0000,0.0165,0.0165,0.3152
28-APR-2025,519359,63.53,65.37,-0.0286,0.0321,0.0321,0.6133
28-APR-2025,519367,244.60,244.60,0.0000,0.0320,0.0319,0.6094
28-APR-2025,519397,81.93,76.38,0.0701,0.0341,0.0343,0.6553
28-APR-2025,519413,16.14,16.14,0.0000,0.0096,0.0095,0.1815
28-APR-2025,519415,33.81,33.81,0.0000,0.0135,0.0135,0.2579
28-APR-2025,519421,1849.15,1904.45,-0.0295,0.0242,0.0242,0.4623
28-APR-2025,519439,17.86,17.86,0.0000,0.0113,0.0113,0.2159
28-APR-2025,519455,54.79,52.66,0.0397,0.0372,0.0372,0.7107
28-APR-2025,519457,51.08,52.96,-0.0361,0.0345,0.0345,0.6591
28-APR-2025,519463,169.20,178.00,-0.0507,0.0432,0.0432,0.8253
28-APR-2025,519471,196.85,204.75,-0.0393,0.0342,0.0342,0.6534
28-APR-2025,519475,79.65,78.78,0.0110,0.0308,0.0307,0.5865
28-APR-2025,519477,422.35,411.00,0.0272,0.0328,0.0328,0.6266
28-APR-2025,519479,7.46,7.76,-0.0394,0.0261,0.0262,0.5006
28-APR-2025,519483,36.18,36.65,-0.0129,0.0369,0.0369,0.7050
28-APR-2025,519500,12.37,12.03,0.0279,0.0321,0.0321,0.6133
28-APR-2025,519506,16.03,16.87,-0.0511,0.0250,0.0252,0.4814
28-APR-2025,519532,11.06,11.23,-0.0153,0.0294,0.0294,0.5617
28-APR-2025,519566,182.05,180.15,0.0105,0.0335,0.0335,0.6400
28-APR-2025,519574,72.64,75.90,-0.0439,0.0338,0.0339,0.6477
28-APR-2025,519604,15.96,15.96,0.0000,0.0411,0.0410,0.7833
28-APR-2025,519606,47.17,47.17,0.0000,0.0302,0.0302,0.5770
28-APR-2025,519612,46.63,45.72,0.0197,0.0409,0.0409,0.7814
28-APR-2025,520075,136.60,137.75,-0.0084,0.0257,0.0257,0.4910
28-APR-2025,520081,16.64,16.64,0.0000,0.0217,0.0216,0.4127
28-APR-2025,520121,6.60,6.60,0.0000,0.0391,0.0390,0.7451
28-APR-2025,520123,91.05,96.00,-0.0529,0.0326,0.0328,0.6266
28-APR-2025,520127,19.14,20.72,-0.0793,0.0409,0.0412,0.7871
28-APR-2025,520131,31.51,31.51,0.0000,0.0260,0.0259,0.4948
28-APR-2025,520141,10.78,10.87,-0.0083,0.0339,0.0338,0.6457
28-APR-2025,520155,85.47,83.80,0.0197,0.0409,0.0408,0.7795
28-APR-2025,521003,21.20,21.20,0.0000,0.0143,0.0142,0.2713
28-APR-2025,521005,13.10,13.32,-0.0167,0.0374,0.0373,0.7126
28-APR-2025,521036,3.80,3.80,0.0000,0.0136,0.0135,0.2579
28-APR-2025,521048,29.51,31.00,-0.0493,0.0323,0.0324,0.6190
28-APR-2025,521054,17.20,17.00,0.0117,0.0386,0.0385,0.7355
28-APR-2025,521062,4.24,4.05,0.0458,0.0350,0.0351,0.6706
28-APR-2025,521068,45.01,45.01,0.0000,0.0284,0.0283,0.5407
28-APR-2025,521080,8.78,8.73,0.0057,0.0376,0.0375,0.7164
28-APR-2025,521097,158.35,158.25,0.0006,0.0261,0.0261,0.4986
28-APR-2025,521105,41.45,41.70,-0.0060,0.0320,0.0319,0.6094
28-APR-2025,521113,44.96,44.08,0.0198,0.0367,0.0366,0.6992
28-APR-2025,521131,25.64,25.61,0.0012,0.0343,0.0342,0.6534
28-APR-2025,521133,5.06,5.06,0.0000,0.0238,0.0237,0.4528
28-APR-2025,521137,9.96,10.00,-0.0040,0.0351,0.0350,0.6687
28-APR-2025,521141,22.64,22.45,0.0084,0.0296,0.0295,0.5636
28-APR-2025,521149,9.12,9.14,-0.0022,0.0374,0.0373,0.7126
28-APR-2025,521151,60.00,60.00,0.0000,0.0371,0.0370,0.7069
28-APR-2025,521161,41.11,38.75,0.0591,0.0428,0.0429,0.8196
28-APR-2025,521178,43.51,45.00,-0.0337,0.0321,0.0321,0.6133
28-APR-2025,521188,18.00,18.34,-0.0187,0.0292,0.0292,0.5579
28-APR-2025,521206,2.63,2.69,-0.0226,0.0371,0.0370,0.7069
28-APR-2025,521210,27.50,27.50,0.0000,0.0270,0.0269,0.5139
28-APR-2025,521216,95.30,97.25,-0.0203,0.0378,0.0378,0.7222
28-APR-2025,521222,46.70,46.70,0.0000,0.0337,0.0336,0.6419
28-APR-2025,521226,26.90,25.16,0.0669,0.0400,0.0402,0.7680
28-APR-2025,521228,2.84,2.86,-0.0070,0.0299,0.0298,0.5693
28-APR-2025,521232,85.50,85.50,0.0000,0.0309,0.0308,0.5884
28-APR-2025,521234,35.99,34.98,0.0285,0.0440,0.0439,0.8387
28-APR-2025,521238,740.50,779.45,-0.0513,0.0347,0.0348,0.6649
28-APR-2025,521240,136.00,140.00,-0.0290,0.0330,0.0330,0.6305
28-APR-2025,521242,38.72,38.72,0.0000,0.0300,0.0299,0.5712
28-APR-2025,521244,134.50,140.60,-0.0444,0.0288,0.0289,0.5521
28-APR-2025,522001,82.71,86.22,-0.0416,0.0385,0.0385,0.7355
28-APR-2025,522004,93.54,93.80,-0.0028,0.0369,0.0368,0.7031
28-APR-2025,522005,156.05,156.65,-0.0038,0.0298,0.0297,0.5674
28-APR-2025,522017,889.55,859.15,0.0348,0.0335,0.0335,0.6400
28-APR-2025,522027,152.75,152.75,0.0000,0.0307,0.0306,0.5846
28-APR-2025,522036,86.90,89.15,-0.0256,0.0268,0.0268,0.5120
28-APR-2025,522091,132.65,131.20,0.0110,0.0313,0.0313,0.5980
28-APR-2025,522101,414.85,396.75,0.0446,0.0257,0.0258,0.4929
28-APR-2025,522105,39.20,39.13,0.0018,0.0323,0.0322,0.6152
28-APR-2025,522122,1586.65,1565.75,0.0133,0.0257,0.0256,0.4891
28-APR-2025,522134,170.10,171.60,-0.0088,0.0324,0.0323,0.6171
28-APR-2025,522152,145.10,144.95,0.0010,0.0411,0.0410,0.7833
28-APR-2025,522165,44.83,44.36,0.0105,0.0350,0.0349,0.6668
28-APR-2025,522171,5.22,5.22,0.0000,0.0258,0.0257,0.4910
28-APR-2025,522183,408.60,415.65,-0.0171,0.0298,0.0298,0.5693
28-APR-2025,522195,2312.00,2246.00,0.0290,0.0333,0.0333,0.6362
28-APR-2025,522207,95.00,87.80,0.0788,0.0357,0.0361,0.6897
28-APR-2025,522209,8.50,8.21,0.0347,0.0393,0.0393,0.7508
28-APR-2025,522229,298.40,304.45,-0.0201,0.0346,0.0345,0.6591
28-APR-2025,522231,101.97,100.35,0.0160,0.0626,0.0624,1.1922
28-APR-2025,522235,3.75,3.74,0.0027,0.0294,0.0293,0.5598
28-APR-2025,522237,36.21,36.21,0.0000,0.0359,0.0358,0.6840
28-APR-2025,522245,13.68,13.68,0.0000,0.0340,0.0340,0.6496
28-APR-2025,522251,349.10,355.95,-0.0194,0.0377,0.0377,0.7203
28-APR-2025,522257,155.54,163.46,-0.0497,0.0319,0.0321,0.6133
28-APR-2025,522267,58.41,60.89,-0.0416,0.0386,0.0386,0.7375
28-APR-2025,522273,291.40,297.30,-0.0200,0.0288,0.0288,0.5502
28-APR-2025,522289,39.78,39.78,0.0000,0.0360,0.0359,0.6859
28-APR-2025,522292,93.94,95.86,-0.0202,0.0282,0.0282,0.5388
28-APR-2025,522294,147.95,151.20,-0.0217,0.0302,0.0302,0.5770
28-APR-2025,522650,1923.40,2023.10,-0.0505,0.0359,0.0359,0.6859
28-APR-2025,523007,119.80,121.25,-0.0120,0.0330,0.0329,0.6286
28-APR-2025,523019,25.97,26.25,-0.0107,0.0413,0.0412,0.7871
28-APR-2025,523021,48.00,46.13,0.0397,0.0384,0.0384,0.7336
28-APR-2025,523054,1809.00,1839.00,-0.0164,0.0254,0.0253,0.4834
28-APR-2025,523062,43.20,45.47,-0.0512,0.0341,0.0342,0.6534
28-APR-2025,523100,231.10,229.60,0.0065,0.0373,0.0372,0.7107
28-APR-2025,523105,19.84,20.37,-0.0264,0.0304,0.0303,0.5789
28-APR-2025,523113,36.11,36.11,0.0000,0.0252,0.0252,0.4814
28-APR-2025,523116,754.95,754.95,0.0000,0.0358,0.0357,0.6820
28-APR-2025,523120,82.37,82.37,0.0000,0.0421,0.0420,0.8024
28-APR-2025,523144,42.01,43.80,-0.0417,0.0293,0.0294,0.5617
28-APR-2025,523151,8.40,8.08,0.0388,0.0427,0.0427,0.8158
28-APR-2025,523160,1460.10,1482.80,-0.0154,0.0255,0.0254,0.4853
28-APR-2025,523186,272.15,265.60,0.0244,0.0347,0.0347,0.6629
28-APR-2025,523222,10.73,10.52,0.0198,0.0317,0.0316,0.6037
28-APR-2025,523232,115.25,115.35,-0.0009,0.0297,0.0296,0.5655
28-APR-2025,523242,14.99,14.99,0.0000,0.0314,0.0313,0.5980
28-APR-2025,523248,231.70,230.40,0.0056,0.0324,0.0323,0.6171
28-APR-2025,523277,0.58,0.60,-0.0339,0.0353,0.0353,0.6744
28-APR-2025,523289,85.76,81.50,0.0509,0.0344,0.0345,0.6591
28-APR-2025,523309,123.30,125.40,-0.0169,0.0362,0.0361,0.6897
28-APR-2025,523315,2.14,2.14,0.0000,0.0020,0.0020,0.0382
28-APR-2025,523323,5504.75,5595.60,-0.0164,0.0260,0.0260,0.4967
28-APR-2025,523343,10.00,10.00,0.0000,0.0000,0.0000,0.0000
28-APR-2025,523351,17.25,16.43,0.0487,0.0170,0.0173,0.3305
28-APR-2025,523373,167.70,164.45,0.0196,0.0275,0.0275,0.5254
28-APR-2025,523387,0.55,0.55,0.0000,0.0057,0.0056,0.1070
28-APR-2025,523411,1186.70,1204.50,-0.0149,0.0362,0.0361,0.6897
28-APR-2025,523425,13.11,13.80,-0.0513,0.0305,0.0307,0.5865
28-APR-2025,523449,55.68,56.64,-0.0171,0.0368,0.0367,0.7012
28-APR-2025,523465,39.64,40.19,-0.0138,0.0334,0.0334,0.6381
28-APR-2025,523467,2.52,2.58,-0.0235,0.0286,0.0286,0.5464
28-APR-2025,523475,1004.80,996.10,0.0087,0.0358,0.0357,0.6820
28-APR-2025,523483,225.25,233.35,-0.0353,0.0350,0.0351,0.6706
28-APR-2025,523489,31.10,31.92,-0.0260,0.0364,0.0364,0.6954
28-APR-2025,523519,5.76,5.76,0.0000,0.0369,0.0368,0.7031
28-APR-2025,523537,35.23,36.01,-0.0219,0.0268,0.0267,0.5101
28-APR-2025,523550,59.59,60.70,-0.0185,0.0316,0.0315,0.6018
28-APR-2025,523558,27.67,28.22,-0.0197,0.0330,0.0329,0.6286
28-APR-2025,523566,61.51,64.74,-0.0512,0.0385,0.0386,0.7375
28-APR-2025,523586,258.00,258.45,-0.0017,0.0258,0.0257,0.4910
28-APR-2025,523594,27.10,27.10,0.0000,0.0401,0.0400,0.7642
28-APR-2025,523606,725.75,697.05,0.0403,0.0357,0.0357,0.6820
28-APR-2025,523620,32.36,32.36,0.0000,0.0362,0.0361,0.6897
28-APR-2025,523638,133.90,135.15,-0.0093,0.0358,0.0357,0.6820
28-APR-2025,523650,37.68,37.69,-0.0003,0.0448,0.0447,0.8540
28-APR-2025,523652,23.11,23.11,0.0000,0.0329,0.0329,0.6286
28-APR-2025,523660,49.38,49.79,-0.0083,0.0303,0.0303,0.5789
28-APR-2025,523672,52.13,53.19,-0.0201,0.0301,0.0301,0.5751
28-APR-2025,523676,188.20,192.75,-0.0239,0.0318,0.0317,0.6056
28-APR-2025,523696,76.95,76.37,0.0076,0.0333,0.0333,0.6362
28-APR-2025,523710,288.00,292.00,-0.0138,0.0352,0.0352,0.6725
28-APR-2025,523712,6.19,6.19,0.0000,0.0230,0.0229,0.4375
28-APR-2025,523722,9.49,9.31,0.0191,0.0304,0.0303,0.5789
28-APR-2025,523732,30.80,32.42,-0.0513,0.0382,0.0382,0.7298
28-APR-2025,523752,14.43,14.72,-0.0199,0.0378,0.0377,0.7203
28-APR-2025,523782,16.11,16.66,-0.0336,0.0367,0.0367,0.7012
28-APR-2025,523790,12.00,12.00,0.0000,0.0252,0.0251,0.4795
28-APR-2025,523826,35.96,38.12,-0.0583,0.0360,0.0361,0.6897
28-APR-2025,523832,15.31,15.74,-0.0277,0.0439,0.0438,0.8368
28-APR-2025,523840,22.39,22.38,0.0004,0.0391,0.0390,0.7451
28-APR-2025,523842,9.60,9.93,-0.0338,0.0349,0.0349,0.6668
28-APR-2025,523844,63.64,66.00,-0.0364,0.0313,0.0313,0.5980
28-APR-2025,523850,467.15,455.15,0.0260,0.0280,0.0280,0.5349
28-APR-2025,523862,27.68,27.21,0.0171,0.0373,0.0372,0.7107
28-APR-2025,523874,39.92,38.02,0.0488,0.0403,0.0404,0.7718
28-APR-2025,523888,41.73,40.92,0.0196,0.0200,0.0200,0.3821
28-APR-2025,523896,22.98,21.89,0.0486,0.0563,0.0562,1.0737
28-APR-2025,524013,13.27,12.82,0.0345,0.0310,0.0311,0.5942
28-APR-2025,524031,9.94,10.46,-0.0510,0.0307,0.0308,0.5884
28-APR-2025,524038,5.64,5.42,0.0398,0.0349,0.0350,0.6687
28-APR-2025,524055,82.24,82.24,0.0000,0.0119,0.0118,0.2254
28-APR-2025,524080,77.46,71.93,0.0741,0.0337,0.0340,0.6496
28-APR-2025,524136,562.65,564.90,-0.0040,0.0331,0.0331,0.6324
28-APR-2025,524156,41.84,42.03,-0.0045,0.0358,0.0357,0.6820
28-APR-2025,524174,23.42,23.42,0.0000,0.0339,0.0338,0.6457
28-APR-2025,524202,121.38,123.85,-0.0201,0.0315,0.0315,0.6018
28-APR-2025,524204,111.95,112.75,-0.0071,0.0345,0.0344,0.6572
28-APR-2025,524210,51.54,54.25,-0.0512,0.0453,0.0453,0.8655
28-APR-2025,524218,75.87,79.02,-0.0407,0.0271,0.0272,0.5197
28-APR-2025,524238,21.32,20.00,0.0639,0.0329,0.0331,0.6324
28-APR-2025,524288,91.33,88.20,0.0349,0.0263,0.0264,0.5044
28-APR-2025,524314,60.01,62.43,-0.0395,0.0357,0.0357,0.6820
28-APR-2025,524322,11.08,11.08,0.0000,0.0200,0.0200,0.3821
28-APR-2025,524336,149.15,149.55,-0.0027,0.0340,0.0339,0.6477
28-APR-2025,524400,83.47,78.50,0.0614,0.0356,0.0358,0.6840
28-APR-2025,524408,169.90,169.00,0.0053,0.0371,0.0370,0.7069
28-APR-2025,524414,16.79,17.00,-0.0124,0.0326,0.0325,0.6209
28-APR-2025,524434,8.80,8.98,-0.0202,0.0321,0.0321,0.6133
28-APR-2025,524440,39.72,40.00,-0.0070,0.0339,0.0338,0.6457
28-APR-2025,524444,2.70,2.75,-0.0183,0.0328,0.0327,0.6247
28-APR-2025,524458,14.80,14.60,0.0136,0.0371,0.0371,0.7088
28-APR-2025,524480,525.55,529.70,-0.0079,0.0271,0.0270,0.5158
28-APR-2025,524488,3.63,3.69,-0.0164,0.0327,0.0326,0.6228
28-APR-2025,524502,68.80,68.80,0.0000,0.0301,0.0300,0.5731
28-APR-2025,524504,5.92,5.92,0.0000,0.0147,0.0146,0.2789
28-APR-2025,524506,664.00,669.55,-0.0083,0.0295,0.0295,0.5636
28-APR-2025,524514,17.05,17.05,0.0000,0.0111,0.0111,0.2121
28-APR-2025,524516,41.40,39.43,0.0488,0.0276,0.0277,0.5292
28-APR-2025,524520,69.21,68.78,0.0062,0.0212,0.0212,0.4050
28-APR-2025,524522,37.15,37.15,0.0000,0.0377,0.0376,0.7183
28-APR-2025,524534,67.92,67.92,0.0000,0.0363,0.0362,0.6916
28-APR-2025,524546,22.89,22.89,0.0000,0.0000,0.0000,0.0000
28-APR-2025,524548,79.99,81.00,-0.0125,0.0269,0.0269,0.5139
28-APR-2025,524564,6.27,6.26,0.0016,0.0243,0.0243,0.4643
28-APR-2025,524572,65.03,65.00,0.0005,0.0339,0.0339,0.6477
28-APR-2025,524576,14.95,15.18,-0.0153,0.0300,0.0299,0.5712
28-APR-2025,524580,19.31,19.40,-0.0046,0.0418,0.0417,0.7967
28-APR-2025,524582,180.00,171.75,0.0469,0.0304,0.0305,0.5827
28-APR-2025,524590,10.00,10.00,0.0000,0.0460,0.0459,0.8769
28-APR-2025,524592,20.53,21.30,-0.0368,0.0323,0.0323,0.6171
28-APR-2025,524594,132.00,128.00,0.0308,0.0355,0.0354,0.6763
28-APR-2025,524602,40.91,38.28,0.0664,0.0383,0.0384,0.7336
28-APR-2025,524604,12.57,12.57,0.0000,0.0239,0.0238,0.4547
28-APR-2025,524606,22.20,22.83,-0.0280,0.0429,0.0429,0.8196
28-APR-2025,524614,4.50,4.64,-0.0306,0.0286,0.0287,0.5483
28-APR-2025,524622,4.69,4.69,0.0000,0.0329,0.0328,0.6266
28-APR-2025,524624,19.49,19.31,0.0093,0.0362,0.0361,0.6897
28-APR-2025,524628,16.92,17.00,-0.0047,0.0484,0.0483,0.9228
28-APR-2025,524632,16.36,17.22,-0.0512,0.1567,0.1564,2.9880
28-APR-2025,524634,436.00,439.85,-0.0088,0.0294,0.0294,0.5617
28-APR-2025,524636,91.11,85.05,0.0688,0.0329,0.0332,0.6343
28-APR-2025,524640,39.15,39.58,-0.0109,0.0310,0.0310,0.5923
28-APR-2025,524642,0.98,0.98,0.0000,0.0424,0.0423,0.8081
28-APR-2025,524661,8.71,8.30,0.0482,0.0348,0.0349,0.6668
28-APR-2025,524663,23.13,23.42,-0.0125,0.0351,0.0350,0.6687
28-APR-2025,524675,28.70,30.12,-0.0483,0.0374,0.0375,0.7164
28-APR-2025,524687,13.75,13.79,-0.0029,0.0265,0.0265,0.5063
28-APR-2025,524703,52.76,50.37,0.0464,0.0256,0.0258,0.4929
28-APR-2025,524711,10.80,11.13,-0.0301,0.0296,0.0296,0.5655
28-APR-2025,524717,465.10,476.25,-0.0237,0.0378,0.0377,0.7203
28-APR-2025,524723,23.00,23.00,0.0000,0.0042,0.0042,0.0802
28-APR-2025,524727,23.16,23.16,0.0000,0.0304,0.0304,0.5808
28-APR-2025,524731,1033.30,1060.15,-0.0257,0.0270,0.0270,0.5158
28-APR-2025,524743,800.80,768.90,0.0407,0.0269,0.0270,0.5158
28-APR-2025,524748,33.48,34.78,-0.0381,0.0306,0.0306,0.5846
28-APR-2025,524752,11.69,11.99,-0.0253,0.0281,0.0281,0.5368
28-APR-2025,524768,35.90,37.13,-0.0337,0.0442,0.0441,0.8425
28-APR-2025,524790,350.80,318.95,0.0952,0.0344,0.0349,0.6668
28-APR-2025,524808,30.20,28.60,0.0544,0.0397,0.0398,0.7604
28-APR-2025,524818,95.67,96.91,-0.0129,0.0310,0.0309,0.5903
28-APR-2025,524828,271.65,274.00,-0.0086,0.0308,0.0307,0.5865
28-APR-2025,526001,7.36,7.36,0.0000,0.0338,0.0337,0.6438
28-APR-2025,526009,0.78,0.75,0.0392,0.0074,0.0079,0.1509
28-APR-2025,526025,16.65,16.62,0.0018,0.0394,0.0393,0.7508
28-APR-2025,526043,63.15,61.50,0.0265,0.0342,0.0342,0.6534
28-APR-2025,526071,134.46,137.20,-0.0202,0.0208,0.0208,0.3974
28-APR-2025,526073,690.00,710.45,-0.0292,0.0266,0.0266,0.5082
28-APR-2025,526081,15.57,15.86,-0.0185,0.0396,0.0395,0.7546
28-APR-2025,526095,38.44,38.50,-0.0016,0.0445,0.0444,0.8483
28-APR-2025,526113,14.20,14.94,-0.0508,0.0325,0.0327,0.6247
28-APR-2025,526115,9.54,9.09,0.0483,0.0342,0.0343,0.6553
28-APR-2025,526117,399.15,387.00,0.0309,0.0323,0.0323,0.6171
28-APR-2025,526125,132.75,133.85,-0.0083,0.0378,0.0377,0.7203
28-APR-2025,526133,8.14,8.15,-0.0012,0.0392,0.0391,0.7470
28-APR-2025,526137,132.15,134.30,-0.0161,0.0416,0.0415,0.7929
28-APR-2025,526139,3.82,3.89,-0.0182,0.0301,0.0301,0.5751
28-APR-2025,526143,9.99,10.00,-0.0010,0.0311,0.0310,0.5923
28-APR-2025,526159,88.81,88.79,0.0002,0.0270,0.0269,0.5139
28-APR-2025,526161,132.05,135.05,-0.0225,0.0469,0.0468,0.8941
28-APR-2025,526169,280.50,282.85,-0.0083,0.0356,0.0355,0.6782
28-APR-2025,526173,27.67,28.21,-0.0193,0.0319,0.0319,0.6094
28-APR-2025,526179,210.00,213.15,-0.0149,0.0316,0.0316,0.6037
28-APR-2025,526187,5.30,5.60,-0.0551,0.0467,0.0468,0.8941
28-APR-2025,526193,27.70,27.45,0.0091,0.0302,0.0301,0.5751
28-APR-2025,526195,3.50,3.52,-0.0057,0.0243,0.0242,0.4623
28-APR-2025,526211,79.83,76.34,0.0447,0.0358,0.0358,0.6840
28-APR-2025,526225,10.78,11.00,-0.0202,0.0333,0.0332,0.6343
28-APR-2025,526231,44.99,44.99,0.0000,0.0368,0.0367,0.7012
28-APR-2025,526237,90.24,85.28,0.0565,0.0375,0.0377,0.7203
28-APR-2025,526241,17.40,17.33,0.0040,0.0333,0.0333,0.6362
28-APR-2025,526251,20.16,20.90,-0.0360,0.0334,0.0335,0.6400
28-APR-2025,526269,205.00,215.45,-0.0497,0.0365,0.0366,0.6992
28-APR-2025,526301,41.50,41.05,0.0109,0.0324,0.0323,0.6171
28-APR-2025,526315,67.67,69.39,-0.0251,0.0228,0.0228,0.4356
28-APR-2025,526335,9.10,9.13,-0.0033,0.0408,0.0407,0.7776
28-APR-2025,526345,20.84,21.23,-0.0185,0.0311,0.0311,0.5942
28-APR-2025,526355,80.00,80.62,-0.0077,0.0337,0.0336,0.6419
28-APR-2025,526365,32.08,33.60,-0.0463,0.0420,0.0421,0.8043
28-APR-2025,526373,57.23,59.99,-0.0471,0.0396,0.0396,0.7566
28-APR-2025,526407,26.32,26.52,-0.0076,0.0342,0.0342,0.6534
28-APR-2025,526409,13.98,14.11,-0.0093,0.0318,0.0317,0.6056
28-APR-2025,526415,11.44,11.36,0.0070,0.0352,0.0352,0.6725
28-APR-2025,526431,23.77,22.64,0.0487,0.0313,0.0314,0.5999
28-APR-2025,526433,1372.70,1402.80,-0.0217,0.0361,0.0360,0.6878
28-APR-2025,526435,117.05,119.95,-0.0245,0.0417,0.0416,0.7948
28-APR-2025,526439,9.93,10.45,-0.0510,0.0289,0.0291,0.5560
28-APR-2025,526441,1.11,1.16,-0.0441,0.0381,0.0381,0.7279
28-APR-2025,526443,285.40,279.85,0.0196,0.0233,0.0233,0.4451
28-APR-2025,526445,18.72,18.46,0.0140,0.0310,0.0309,0.5903
28-APR-2025,526468,21.62,20.76,0.0406,0.0380,0.0380,0.7260
28-APR-2025,526471,34.52,35.76,-0.0353,0.0277,0.0277,0.5292
28-APR-2025,526473,5.36,5.56,-0.0366,0.0242,0.0242,0.4623
28-APR-2025,526477,54.97,54.97,0.0000,0.0305,0.0304,0.5808
28-APR-2025,526479,89.35,87.27,0.0236,0.0367,0.0367,0.7012
28-APR-2025,526481,48.91,50.61,-0.0342,0.0336,0.0336,0.6419
28-APR-2025,526488,287.15,281.55,0.0197,0.0169,0.0169,0.3229
28-APR-2025,526490,7.44,7.31,0.0176,0.0276,0.0275,0.5254
28-APR-2025,526492,118.60,117.45,0.0097,0.0311,0.0310,0.5923
28-APR-2025,526494,11.35,11.40,-0.0044,0.0536,0.0534,1.0202
28-APR-2025,526500,39.89,42.56,-0.0648,0.0377,0.0379,0.7241
28-APR-2025,526504,2.50,2.55,-0.0198,0.0206,0.0206,0.3936
28-APR-2025,526506,149.40,149.20,0.0013,0.0347,0.0346,0.6610
28-APR-2025,526508,17.16,17.77,-0.0349,0.0286,0.0286,0.5464
28-APR-2025,526519,118.60,114.00,0.0396,0.0325,0.0325,0.6209
28-APR-2025,526525,20.06,20.06,0.0000,0.0395,0.0394,0.7527
28-APR-2025,526530,84.68,84.63,0.0006,0.0256,0.0255,0.4872
28-APR-2025,526532,10.55,10.20,0.0337,0.0368,0.0368,0.7031
28-APR-2025,526544,3.16,3.22,-0.0188,0.0398,0.0397,0.7585
28-APR-2025,526546,122.75,126.20,-0.0277,0.0396,0.0395,0.7546
28-APR-2025,526554,43.76,43.76,0.0000,0.0178,0.0177,0.3382
28-APR-2025,526568,33.00,33.05,-0.0015,0.0324,0.0323,0.6171
28-APR-2025,526570,437.20,428.65,0.0198,0.0202,0.0202,0.3859
28-APR-2025,526574,23.57,24.05,-0.0202,0.0402,0.0401,0.7661
28-APR-2025,526586,475.90,481.10,-0.0109,0.0226,0.0226,0.4318
28-APR-2025,526588,19.03,19.09,-0.0031,0.0437,0.0436,0.8330
28-APR-2025,526604,24.00,23.50,0.0211,0.0441,0.0440,0.8406
28-APR-2025,526614,56.43,53.05,0.0618,0.0331,0.0333,0.6362
28-APR-2025,526616,54.19,54.99,-0.0147,0.0259,0.0258,0.4929
28-APR-2025,526622,0.60,0.60,0.0000,0.0280,0.0279,0.5330
28-APR-2025,526628,29.80,29.80,0.0000,0.0235,0.0235,0.4490
28-APR-2025,526638,125.50,132.10,-0.0513,0.0362,0.0363,0.6935
28-APR-2025,526640,51.06,50.43,0.0124,0.0406,0.0405,0.7738
28-APR-2025,526654,190.00,194.55,-0.0237,0.0351,0.0351,0.6706
28-APR-2025,526675,23.80,24.09,-0.0121,0.0244,0.0243,0.4643
28-APR-2025,526687,12.75,12.15,0.0482,0.0318,0.0319,0.6094
28-APR-2025,526703,610.15,604.05,0.0100,0.0362,0.0361,0.6897
28-APR-2025,526705,252.60,252.65,-0.0002,0.0276,0.0276,0.5273
28-APR-2025,526709,12.25,12.50,-0.0202,0.0266,0.0265,0.5063
28-APR-2025,526711,26.20,26.20,0.0000,0.0363,0.0362,0.6916
28-APR-2025,526717,103.55,107.00,-0.0328,0.0363,0.0362,0.6916
28-APR-2025,526721,120.75,119.80,0.0079,0.0220,0.0219,0.4184
28-APR-2025,526723,199.10,199.55,-0.0023,0.0317,0.0316,0.6037
28-APR-2025,526727,27.20,27.28,-0.0029,0.0362,0.0361,0.6897
28-APR-2025,526731,284.15,278.55,0.0199,0.0364,0.0363,0.6935
28-APR-2025,526739,319.05,320.00,-0.0030,0.0224,0.0224,0.4280
28-APR-2025,526747,297.10,288.20,0.0304,0.0275,0.0275,0.5254
28-APR-2025,526751,15.92,15.92,0.0000,0.0285,0.0284,0.5426
28-APR-2025,526755,6.77,6.87,-0.0147,0.0355,0.0354,0.6763
28-APR-2025,526761,24.83,24.86,-0.0012,0.0375,0.0374,0.7145
28-APR-2025,526773,3.20,3.30,-0.0308,0.0357,0.0356,0.6801
28-APR-2025,526775,588.95,577.20,0.0202,0.0371,0.0371,0.7088
28-APR-2025,526783,4207.20,4221.85,-0.0035,0.0319,0.0318,0.6075
28-APR-2025,526795,6.53,6.53,0.0000,0.0249,0.0249,0.4757
28-APR-2025,526799,7.34,7.34,0.0000,0.0256,0.0255,0.4872
28-APR-2025,526813,13.49,13.70,-0.0154,0.0388,0.0387,0.7394
28-APR-2025,526821,394.80,389.20,0.0143,0.0324,0.0323,0.6171
28-APR-2025,526823,3.79,3.79,0.0000,0.0313,0.0312,0.5961
28-APR-2025,526827,49.85,48.61,0.0252,0.0326,0.0326,0.6228
28-APR-2025,526839,16.00,16.35,-0.0216,0.0463,0.0462,0.8826
28-APR-2025,526841,27.43,28.42,-0.0355,0.0324,0.0324,0.6190
28-APR-2025,526847,33.11,33.00,0.0033,0.0344,0.0343,0.6553
28-APR-2025,526851,160.00,160.00,0.0000,0.0341,0.0340,0.6496
28-APR-2025,526853,78.15,80.16,-0.0254,0.0345,0.0345,0.6591
28-APR-2025,526859,1.81,1.84,-0.0164,0.0351,0.0351,0.6706
28-APR-2025,526861,143.60,144.90,-0.0090,0.0349,0.0349,0.6668
28-APR-2025,526865,10.20,10.40,-0.0194,0.0420,0.0419,0.8005
28-APR-2025,526869,26.67,25.40,0.0488,0.0386,0.0386,0.7375
28-APR-2025,526871,17.20,16.01,0.0717,0.0406,0.0408,0.7795
28-APR-2025,526873,51.20,51.00,0.0039,0.0344,0.0343,0.6553
28-APR-2025,526877,15.00,14.29,0.0485,0.0275,0.0277,0.5292
28-APR-2025,526887,2.70,2.70,0.0000,0.0122,0.0121,0.2312
28-APR-2025,526891,13.51,15.00,-0.1046,0.0369,0.0375,0.7164
28-APR-2025,526899,16.83,16.90,-0.0042,0.0310,0.0309,0.5903
28-APR-2025,526901,52.89,51.84,0.0201,0.0365,0.0364,0.6954
28-APR-2025,526905,7.77,7.77,0.0000,0.0332,0.0331,0.6324
28-APR-2025,526931,110.60,107.00,0.0331,0.0373,0.0373,0.7126
28-APR-2025,526935,203.80,194.30,0.0477,0.0353,0.0353,0.6744
28-APR-2025,526945,104.35,103.20,0.0111,0.0374,0.0373,0.7126
28-APR-2025,526959,13.12,13.12,0.0000,0.0115,0.0114,0.2178
28-APR-2025,526961,23.32,24.69,-0.0571,0.0287,0.0289,0.5521
28-APR-2025,526965,142.30,138.45,0.0274,0.0357,0.0356,0.6801
28-APR-2025,526967,8.70,8.40,0.0351,0.0396,0.0396,0.7566
28-APR-2025,526971,266.00,260.95,0.0192,0.0348,0.0347,0.6629
28-APR-2025,526977,10.33,10.33,0.0000,0.0042,0.0042,0.0802
28-APR-2025,526981,169.60,166.25,0.0200,0.0318,0.0318,0.6075
28-APR-2025,526983,12.00,12.00,0.0000,0.0187,0.0186,0.3554
28-APR-2025,527005,70.50,70.50,0.0000,0.0358,0.0357,0.6820
28-APR-2025,530025,40.20,40.48,-0.0069,0.0395,0.0394,0.7527
28-APR-2025,530027,5.70,5.25,0.0822,0.0478,0.0481,0.9189
28-APR-2025,530035,33.07,33.07,0.0000,0.0266,0.0265,0.5063
28-APR-2025,530037,89.94,88.18,0.0198,0.0226,0.0226,0.4318
28-APR-2025,530043,232.00,224.15,0.0344,0.0313,0.0313,0.5980
28-APR-2025,530045,33.91,34.36,-0.0132,0.0309,0.0308,0.5884
28-APR-2025,530053,6.24,6.20,0.0064,0.0323,0.0322,0.6152
28-APR-2025,530055,50.00,52.00,-0.0392,0.0256,0.0257,0.4910
28-APR-2025,530057,2.29,2.29,0.0000,0.0301,0.0300,0.5731
28-APR-2025,530063,8.53,8.13,0.0480,0.0333,0.0334,0.6381
28-APR-2025,530065,17.65,17.65,0.0000,0.0316,0.0315,0.6018
28-APR-2025,530077,119.00,118.45,0.0046,0.0271,0.0271,0.5177
28-APR-2025,530093,3.34,3.34,0.0000,0.0106,0.0106,0.2025
28-APR-2025,530095,0.45,0.47,-0.0435,0.2238,0.2232,4.2642
28-APR-2025,530109,1.92,1.90,0.0105,0.0318,0.0317,0.6056
28-APR-2025,530111,29.90,30.53,-0.0209,0.0341,0.0341,0.6515
28-APR-2025,530119,40.99,38.60,0.0601,0.0366,0.0367,0.7012
28-APR-2025,530125,376.70,376.50,0.0005,0.0312,0.0311,0.5942
28-APR-2025,530127,24.41,25.97,-0.0619,0.0416,0.0417,0.7967
28-APR-2025,530129,1402.95,1431.45,-0.0201,0.0364,0.0363,0.6935
28-APR-2025,530133,79.90,77.59,0.0293,0.0385,0.0385,0.7355
28-APR-2025,530139,19.81,19.84,-0.0015,0.0423,0.0422,0.8062
28-APR-2025,530141,24.60,24.60,0.0000,0.0288,0.0287,0.5483
28-APR-2025,530145,46.13,47.59,-0.0312,0.0318,0.0318,0.6075
28-APR-2025,530151,10.00,10.46,-0.0450,0.0325,0.0326,0.6228
28-APR-2025,530161,12.01,12.01,0.0000,0.0192,0.0191,0.3649
28-APR-2025,530163,343.95,343.15,0.0023,0.0334,0.0333,0.6362
28-APR-2025,530167,23.84,23.06,0.0333,0.0375,0.0374,0.7145
28-APR-2025,530169,30.00,31.11,-0.0363,0.0336,0.0336,0.6419
28-APR-2025,530171,40.16,41.02,-0.0212,0.0372,0.0371,0.7088
28-APR-2025,530173,11.35,11.88,-0.0456,0.0298,0.0299,0.5712
28-APR-2025,530175,102.10,95.47,0.0671,0.0392,0.0394,0.7527
28-APR-2025,530177,45.29,45.29,0.0000,0.0000,0.0000,0.0000
28-APR-2025,530179,56.30,55.20,0.0197,0.0264,0.0263,0.5025
28-APR-2025,530185,6.82,6.86,-0.0058,0.0247,0.0247,0.4719
28-APR-2025,530187,3.38,3.31,0.0209,0.0416,0.0415,0.7929
28-APR-2025,530197,169.75,159.60,0.0617,0.0377,0.0379,0.7241
28-APR-2025,530201,4.40,4.51,-0.0247,0.0365,0.0364,0.6954
28-APR-2025,530207,18.14,18.50,-0.0197,0.0348,0.0348,0.6649
28-APR-2025,530213,56.72,56.72,0.0000,0.0350,0.0349,0.6668
28-APR-2025,530215,136.40,133.80,0.0192,0.0269,0.0269,0.5139
28-APR-2025,530217,19.38,19.21,0.0088,0.0159,0.0159,0.3038
28-APR-2025,530219,187.60,197.45,-0.0512,0.0214,0.0217,0.4146
28-APR-2025,530231,71.45,74.40,-0.0405,0.0246,0.0247,0.4719
28-APR-2025,530233,243.15,242.50,0.0027,0.0337,0.0336,0.6419
28-APR-2025,530235,89.86,95.30,-0.0588,0.0414,0.0415,0.7929
28-APR-2025,530245,504.50,506.90,-0.0047,0.0290,0.0289,0.5521
28-APR-2025,530249,10.30,10.31,-0.0010,0.0296,0.0295,0.5636
28-APR-2025,530251,0.99,1.02,-0.0299,0.0288,0.0288,0.5502
28-APR-2025,530253,270.75,265.45,0.0198,0.0327,0.0326,0.6228
28-APR-2025,530255,15.89,16.21,-0.0199,0.0426,0.0425,0.8120
28-APR-2025,530259,38.34,37.98,0.0094,0.0369,0.0369,0.7050
28-APR-2025,530263,0.72,0.72,0.0000,0.0313,0.0312,0.5961
28-APR-2025,530265,42.00,42.68,-0.0161,0.0440,0.0439,0.8387
28-APR-2025,530267,45.40,44.51,0.0198,0.0355,0.0354,0.6763
28-APR-2025,530271,10.15,10.15,0.0000,0.0292,0.0292,0.5579
28-APR-2025,530281,25.87,25.23,0.0251,0.0340,0.0339,0.6477
28-APR-2025,530289,47.98,49.99,-0.0410,0.0451,0.0451,0.8616
28-APR-2025,530291,44.99,44.99,0.0000,0.0299,0.0298,0.5693
28-APR-2025,530295,33.25,33.25,0.0000,0.0234,0.0233,0.4451
28-APR-2025,530305,554.30,562.90,-0.0154,0.0351,0.0351,0.6706
28-APR-2025,530309,18.00,17.71,0.0162,0.0280,0.0280,0.5349
28-APR-2025,530313,38.52,40.21,-0.0429,0.0358,0.0359,0.6859
28-APR-2025,530315,148.05,150.00,-0.0131,0.0322,0.0321,0.6133
28-APR-2025,530317,91.59,93.17,-0.0171,0.0292,0.0292,0.5579
28-APR-2025,530331,444.40,439.70,0.0106,0.0310,0.0310,0.5923
28-APR-2025,530341,135.00,129.15,0.0443,0.0365,0.0365,0.6973
28-APR-2025,530357,6.15,6.13,0.0033,0.0337,0.0336,0.6419
28-APR-2025,530361,116.00,113.00,0.0262,0.0301,0.0301,0.5751
28-APR-2025,530369,41.60,39.05,0.0633,0.0351,0.0353,0.6744
28-APR-2025,530401,71.01,70.01,0.0142,0.0300,0.0300,0.5731
28-APR-2025,530405,42.37,41.74,0.0150,0.0347,0.0347,0.6629
28-APR-2025,530407,68.90,67.55,0.0198,0.0326,0.0325,0.6209
28-APR-2025,530419,68.00,66.10,0.0283,0.0321,0.0321,0.6133
28-APR-2025,530421,14.04,14.50,-0.0322,0.0370,0.0370,0.7069
28-APR-2025,530427,73.76,77.65,-0.0514,0.0349,0.0350,0.6687
28-APR-2025,530429,38.90,40.31,-0.0356,0.0417,0.0417,0.7967
28-APR-2025,530433,40.85,40.70,0.0037,0.0311,0.0311,0.5942
28-APR-2025,530439,7.22,7.44,-0.0300,0.0379,0.0378,0.7222
28-APR-2025,530443,10.60,10.60,0.0000,0.0422,0.0421,0.8043
28-APR-2025,530445,2.54,2.66,-0.0462,0.0364,0.0364,0.6954
28-APR-2025,530449,70.71,70.66,0.0007,0.0365,0.0364,0.6954
28-APR-2025,530457,77.53,78.31,-0.0100,0.0271,0.0270,0.5158
28-APR-2025,530459,26.00,26.53,-0.0202,0.0353,0.0352,0.6725
28-APR-2025,530461,19.07,19.49,-0.0218,0.0374,0.0373,0.7126
28-APR-2025,530469,33.23,32.58,0.0198,0.0315,0.0314,0.5999
28-APR-2025,530477,189.70,189.65,0.0003,0.0283,0.0282,0.5388
28-APR-2025,530495,75.96,78.50,-0.0329,0.0294,0.0294,0.5617
28-APR-2025,530499,1025.05,1038.25,-0.0128,0.0273,0.0273,0.5216
28-APR-2025,530521,394.75,398.90,-0.0105,0.0337,0.0336,0.6419
28-APR-2025,530525,6.77,6.90,-0.0190,0.0376,0.0375,0.7164
28-APR-2025,530533,163.20,171.75,-0.0511,0.0397,0.0397,0.7585
28-APR-2025,530537,54.99,54.99,0.0000,0.0202,0.0202,0.3859
28-APR-2025,530545,278.90,262.50,0.0606,0.0341,0.0343,0.6553
28-APR-2025,530547,14.78,14.78,0.0000,0.0286,0.0285,0.5445
28-APR-2025,530557,0.64,0.63,0.0157,0.0301,0.0300,0.5731
28-APR-2025,530565,71.77,73.23,-0.0201,0.0342,0.0341,0.6515
28-APR-2025,530571,8.72,8.37,0.0410,0.0371,0.0371,0.7088
28-APR-2025,530577,61.00,58.98,0.0337,0.0382,0.0381,0.7279
28-APR-2025,530581,7.36,7.39,-0.0041,0.0344,0.0343,0.6553
28-APR-2025,530585,138.45,134.85,0.0263,0.0340,0.0340,0.6496
28-APR-2025,530589,166.50,166.20,0.0018,0.0313,0.0313,0.5980
28-APR-2025,530595,10.29,10.83,-0.0511,0.0419,0.0420,0.8024
28-APR-2025,530601,44.51,43.64,0.0197,0.0267,0.0266,0.5082
28-APR-2025,530611,0.31,0.32,-0.0317,0.0265,0.0265,0.5063
28-APR-2025,530615,193.95,198.20,-0.0217,0.0368,0.0367,0.7012
28-APR-2025,530617,27.75,28.24,-0.0175,0.0354,0.0353,0.6744
28-APR-2025,530621,96.98,98.09,-0.0114,0.0300,0.0299,0.5712
28-APR-2025,530627,136.30,143.20,-0.0494,0.0358,0.0359,0.6859
28-APR-2025,530643,596.50,602.60,-0.0102,0.0326,0.0325,0.6209
28-APR-2025,530663,1.24,1.30,-0.0473,0.0288,0.0289,0.5521
28-APR-2025,530665,4.64,4.70,-0.0128,0.0288,0.0288,0.5502
28-APR-2025,530669,157.60,150.10,0.0488,0.0385,0.0386,0.7375
28-APR-2025,530675,47.98,47.98,0.0000,0.0314,0.0313,0.5980
28-APR-2025,530683,14.06,14.79,-0.0506,0.0059,0.0069,0.1318
28-APR-2025,530689,32.00,31.70,0.0094,0.0342,0.0341,0.6515
28-APR-2025,530695,41.74,41.00,0.0179,0.0409,0.0408,0.7795
28-APR-2025,530697,31.50,33.80,-0.0705,0.0319,0.0322,0.6152
28-APR-2025,530705,95.35,97.25,-0.0197,0.0241,0.0241,0.4604
28-APR-2025,530709,77.42,73.75,0.0486,0.0429,0.0429,0.8196
28-APR-2025,530711,69.63,71.37,-0.0247,0.0325,0.0324,0.6190
28-APR-2025,530713,7.33,7.71,-0.0505,0.0347,0.0348,0.6649
28-APR-2025,530723,123.10,113.65,0.0799,0.0343,0.0347,0.6629
28-APR-2025,530733,13.38,13.00,0.0288,0.0535,0.0534,1.0202
28-APR-2025,530735,29.66,28.25,0.0487,0.0383,0.0383,0.7317
28-APR-2025,530741,67.67,68.55,-0.0129,0.0301,0.0300,0.5731
28-APR-2025,530747,25.01,25.21,-0.0080,0.0412,0.0411,0.7852
28-APR-2025,530755,11.15,10.43,0.0668,0.0419,0.0421,0.8043
28-APR-2025,530765,21.00,21.00,0.0000,0.0547,0.0545,1.0412
28-APR-2025,530771,19.79,19.79,0.0000,0.0229,0.0229,0.4375
28-APR-2025,530779,27.51,27.51,0.0000,0.0323,0.0322,0.6152
28-APR-2025,530787,46.30,46.30,0.0000,0.0269,0.0269,0.5139
28-APR-2025,530789,179.75,179.75,0.0000,0.0415,0.0414,0.7909
28-APR-2025,530795,19.20,18.86,0.0179,0.0333,0.0332,0.6343
28-APR-2025,530797,23.62,23.62,0.0000,0.0308,0.0307,0.5865
28-APR-2025,530799,29.39,28.11,0.0445,0.0309,0.0309,0.5903
28-APR-2025,530805,1.29,1.35,-0.0455,0.1342,0.1339,2.5582
28-APR-2025,530809,55.00,55.00,0.0000,0.0369,0.0368,0.7031
28-APR-2025,530821,18.83,18.59,0.0128,0.0434,0.0433,0.8272
28-APR-2025,530825,172.75,175.05,-0.0132,0.0326,0.0325,0.6209
28-APR-2025,530829,48.29,45.80,0.0529,0.0338,0.0340,0.6496
28-APR-2025,530839,5.01,5.01,0.0000,0.0411,0.0410,0.7833
28-APR-2025,530845,766.50,765.40,0.0014,0.0312,0.0312,0.5961
28-APR-2025,530853,110.00,110.00,0.0000,0.0351,0.0351,0.6706
28-APR-2025,530855,8.33,8.33,0.0000,0.0011,0.0011,0.0210
28-APR-2025,530881,8.77,8.69,0.0092,0.0362,0.0361,0.6897
28-APR-2025,530883,16.00,15.90,0.0063,0.0368,0.0367,0.7012
28-APR-2025,530897,160.05,155.95,0.0260,0.0300,0.0300,0.5731
28-APR-2025,530899,101.90,100.39,0.0149,0.0328,0.0327,0.6247
28-APR-2025,530907,46.00,46.00,0.0000,0.0261,0.0260,0.4967
28-APR-2025,530909,131.25,125.60,0.0440,0.0231,0.0233,0.4451
28-APR-2025,530917,50.24,50.24,0.0000,0.0172,0.0172,0.3286
28-APR-2025,530921,8.57,9.02,-0.0512,0.0336,0.0338,0.6457
28-APR-2025,530925,49.00,49.00,0.0000,0.0291,0.0290,0.5540
28-APR-2025,530927,27.67,27.67,0.0000,0.0040,0.0040,0.0764
28-APR-2025,530929,71.55,70.15,0.0198,0.0215,0.0215,0.4108
28-APR-2025,530931,13.67,14.33,-0.0472,0.0317,0.0318,0.6075
28-APR-2025,530951,76.42,76.34,0.0010,0.0325,0.0324,0.6190
28-APR-2025,530953,92.48,92.48,0.0000,0.0359,0.0359,0.6859
28-APR-2025,530959,30.82,31.37,-0.0177,0.0325,0.0324,0.6190
28-APR-2025,530973,80.10,85.00,-0.0594,0.0440,0.0441,0.8425
28-APR-2025,530977,146.20,132.80,0.0961,0.0320,0.0327,0.6247
28-APR-2025,530979,32.77,31.98,0.0244,0.0243,0.0243,0.4643
28-APR-2025,530985,11.35,11.35,0.0000,0.0204,0.0203,0.3878
28-APR-2025,530991,56.40,57.70,-0.0228,0.0409,0.0408,0.7795
28-APR-2025,530993,20.19,20.19,0.0000,0.0081,0.0081,0.1548
28-APR-2025,530997,146.60,150.00,-0.0229,0.0345,0.0344,0.6572
28-APR-2025,531003,65.80,62.69,0.0484,0.0438,0.0439,0.8387
28-APR-2025,531015,27.82,26.50,0.0486,0.0205,0.0207,0.3955
28-APR-2025,531017,29.99,29.41,0.0195,0.0388,0.0388,0.7413
28-APR-2025,531025,0.52,0.53,-0.0190,0.0272,0.0271,0.5177
28-APR-2025,531027,20.10,20.10,0.0000,0.0332,0.0331,0.6324
28-APR-2025,531029,13.32,13.32,0.0000,0.0029,0.0029,0.0554
28-APR-2025,531035,48.36,46.99,0.0287,0.0375,0.0374,0.7145
28-APR-2025,531039,11.65,12.25,-0.0502,0.0178,0.0181,0.3458
28-APR-2025,531041,406.10,404.50,0.0039,0.0247,0.0246,0.4700
28-APR-2025,531043,20.00,20.60,-0.0296,0.0400,0.0400,0.7642
28-APR-2025,531049,14.81,14.11,0.0484,0.0327,0.0328,0.6266
28-APR-2025,531051,16.82,16.20,0.0376,0.0353,0.0353,0.6744
28-APR-2025,531065,12.21,12.21,0.0000,0.0145,0.0144,0.2751
28-APR-2025,531067,32.10,34.07,-0.0596,0.0349,0.0351,0.6706
28-APR-2025,531069,940.00,946.45,-0.0068,0.0247,0.0247,0.4719
28-APR-2025,531080,35.74,35.74,0.0000,0.0361,0.0360,0.6878
28-APR-2025,531083,5.37,5.12,0.0477,0.0404,0.0404,0.7718
28-APR-2025,531091,33.01,33.00,0.0003,0.0430,0.0429,0.8196
28-APR-2025,531099,27.77,27.23,0.0196,0.0348,0.0348,0.6649
28-APR-2025,531111,47.60,47.60,0.0000,0.0339,0.0338,0.6457
28-APR-2025,531119,433.95,425.45,0.0198,0.0303,0.0302,0.5770
28-APR-2025,531126,37.75,38.52,-0.0202,0.0254,0.0254,0.4853
28-APR-2025,531127,5.66,5.66,0.0000,0.0576,0.0575,1.0985
28-APR-2025,531129,19.50,19.29,0.0108,0.0357,0.0356,0.6801
28-APR-2025,531137,2.10,2.11,-0.0048,0.0335,0.0334,0.6381
28-APR-2025,531144,22.57,22.74,-0.0075,0.0334,0.0333,0.6362
28-APR-2025,531153,2.09,2.13,-0.0190,0.0343,0.0342,0.6534
28-APR-2025,531155,9.84,9.85,-0.0010,0.0311,0.0310,0.5923
28-APR-2025,531156,12.01,12.40,-0.0320,0.0323,0.0323,0.6171
28-APR-2025,531157,12.40,12.65,-0.0200,0.0333,0.0332,0.6343
28-APR-2025,531158,25.08,26.03,-0.0372,0.0344,0.0344,0.6572
28-APR-2025,531161,190.20,191.20,-0.0052,0.0370,0.0369,0.7050
28-APR-2025,531163,79.40,79.69,-0.0036,0.0337,0.0336,0.6419
28-APR-2025,531164,0.63,0.63,0.0000,0.0052,0.0052,0.0993
28-APR-2025,531168,206.85,197.00,0.0488,0.0265,0.0267,0.5101
28-APR-2025,531169,118.50,116.65,0.0157,0.0396,0.0395,0.7546
28-APR-2025,531173,39.89,40.46,-0.0142,0.0302,0.0301,0.5751
28-APR-2025,531176,15.85,16.13,-0.0175,0.0379,0.0378,0.7222
28-APR-2025,531178,24.77,24.99,-0.0088,0.0362,0.0361,0.6897
28-APR-2025,531190,59.40,57.38,0.0346,0.0261,0.0261,0.4986
28-APR-2025,531199,145.00,142.00,0.0209,0.0346,0.0345,0.6591
28-APR-2025,531201,6938.10,6677.45,0.0383,0.0371,0.0371,0.7088
28-APR-2025,531203,62.70,62.70,0.0000,0.0185,0.0184,0.3515
28-APR-2025,531205,3.96,4.04,-0.0200,0.1186,0.1183,2.2601
28-APR-2025,531207,3.17,3.17,0.0000,0.0094,0.0094,0.1796
28-APR-2025,531210,56.80,57.08,-0.0049,0.0385,0.0384,0.7336
28-APR-2025,531212,69.39,71.80,-0.0341,0.0367,0.0367,0.7012
28-APR-2025,531215,191.75,197.10,-0.0275,0.0395,0.0395,0.7546
28-APR-2025,531216,10.04,10.07,-0.0030,0.0359,0.0358,0.6840
28-APR-2025,531219,2.95,3.05,-0.0333,0.0252,0.0253,0.4834
28-APR-2025,531221,10.17,10.17,0.0000,0.0428,0.0427,0.8158
28-APR-2025,531223,45.95,45.96,-0.0002,0.0344,0.0343,0.6553
28-APR-2025,531227,73.95,73.95,0.0000,0.0450,0.0449,0.8578
28-APR-2025,531228,11.37,11.45,-0.0070,0.0172,0.0172,0.3286
28-APR-2025,531233,18.99,18.89,0.0053,0.0373,0.0372,0.7107
28-APR-2025,531234,94.15,97.60,-0.0360,0.0324,0.0324,0.6190
28-APR-2025,531235,28.88,28.88,0.0000,0.0329,0.0329,0.6286
28-APR-2025,531237,166.95,160.65,0.0385,0.0344,0.0344,0.6572
28-APR-2025,531240,12.47,12.47,0.0000,0.0280,0.0279,0.5330
28-APR-2025,531246,20.01,19.98,0.0015,0.0402,0.0400,0.7642
28-APR-2025,531253,363.65,367.20,-0.0097,0.0223,0.0222,0.4241
28-APR-2025,531254,22.75,21.89,0.0385,0.0401,0.0400,0.7642
28-APR-2025,531255,50.00,51.20,-0.0237,0.0401,0.0400,0.7642
28-APR-2025,531257,19.40,18.50,0.0475,0.0334,0.0335,0.6400
28-APR-2025,531259,10.35,10.35,0.0000,0.0365,0.0364,0.6954
28-APR-2025,531260,755.15,781.80,-0.0347,0.0373,0.0373,0.7126
28-APR-2025,531262,26.00,25.46,0.0210,0.0152,0.0153,0.2923
28-APR-2025,531265,20.61,20.61,0.0000,0.0163,0.0163,0.3114
28-APR-2025,531268,28.99,29.05,-0.0021,0.0363,0.0362,0.6916
28-APR-2025,531272,23.00,23.00,0.0000,0.0163,0.0163,0.3114
28-APR-2025,531273,1.88,1.91,-0.0158,0.0358,0.0357,0.6820
28-APR-2025,531274,22.01,22.01,0.0000,0.0187,0.0186,0.3554
28-APR-2025,531278,138.90,136.20,0.0196,0.0377,0.0376,0.7183
28-APR-2025,531279,128.35,122.95,0.0430,0.0299,0.0299,0.5712
28-APR-2025,531280,17.09,17.15,-0.0035,0.0383,0.0382,0.7298
28-APR-2025,531281,146.00,147.00,-0.0068,0.0305,0.0304,0.5808
28-APR-2025,531283,14.98,14.98,0.0000,0.0272,0.0271,0.5177
28-APR-2025,531286,48.05,49.02,-0.0200,0.0218,0.0218,0.4165
28-APR-2025,531287,267.45,272.90,-0.0202,0.0333,0.0333,0.6362
28-APR-2025,531288,26.52,25.27,0.0483,0.0312,0.0313,0.5980
28-APR-2025,531289,125.40,122.85,0.0205,0.0335,0.0334,0.6381
28-APR-2025,531297,61.19,61.18,0.0002,0.0279,0.0279,0.5330
28-APR-2025,531300,4.50,4.37,0.0293,0.0345,0.0344,0.6572
28-APR-2025,531301,162.60,162.60,0.0000,0.0277,0.0277,0.5292
28-APR-2025,531304,25.04,26.35,-0.0510,0.0396,0.0397,0.7585
28-APR-2025,531306,588.40,581.50,0.0118,0.0281,0.0281,0.5368
28-APR-2025,531307,19.38,18.52,0.0454,0.0311,0.0312,0.5961
28-APR-2025,531310,215.95,214.80,0.0053,0.0362,0.0361,0.6897
28-APR-2025,531314,14.08,14.82,-0.0512,0.0440,0.0440,0.8406
28-APR-2025,531319,37.20,36.48,0.0195,0.0275,0.0274,0.5235
28-APR-2025,531323,15.79,15.79,0.0000,0.0349,0.0348,0.6649
28-APR-2025,531324,31.89,30.38,0.0485,0.0306,0.0307,0.5865
28-APR-2025,531327,6.02,6.33,-0.0502,0.0266,0.0268,0.5120
28-APR-2025,531328,2.09,2.03,0.0291,0.0340,0.0340,0.6496
28-APR-2025,531334,52.50,52.50,0.0000,0.0292,0.0291,0.5560
28-APR-2025,531337,2.62,2.70,-0.0301,0.0276,0.0276,0.5273
28-APR-2025,531338,22.58,23.04,-0.0202,0.0354,0.0353,0.6744
28-APR-2025,531340,61.79,58.85,0.0487,0.0381,0.0382,0.7298
28-APR-2025,531341,13.89,13.23,0.0487,0.0344,0.0345,0.6591
28-APR-2025,531346,36.70,34.10,0.0735,0.0337,0.0340,0.6496
28-APR-2025,531352,20.75,21.00,-0.0120,0.0375,0.0374,0.7145
28-APR-2025,531357,68.72,69.51,-0.0114,0.0386,0.0385,0.7355
28-APR-2025,531359,481.00,470.95,0.0211,0.0333,0.0332,0.6343
28-APR-2025,531360,25.00,25.25,-0.0100,0.0391,0.0390,0.7451
28-APR-2025,531364,136.60,135.95,0.0048,0.0317,0.0316,0.6037
28-APR-2025,531370,7.94,8.00,-0.0075,0.0321,0.0320,0.6114
28-APR-2025,531380,130.35,131.30,-0.0073,0.0476,0.0475,0.9075
28-APR-2025,531381,705.00,710.95,-0.0084,0.0290,0.0289,0.5521
28-APR-2025,531387,5.99,5.88,0.0185,0.0142,0.0143,0.2732
28-APR-2025,531390,82.67,82.82,-0.0018,0.0310,0.0309,0.5903
28-APR-2025,531395,62.46,65.74,-0.0512,0.0580,0.0579,1.1062
28-APR-2025,531396,7.63,7.56,0.0092,0.0292,0.0291,0.5560
28-APR-2025,531397,19.52,20.47,-0.0475,0.0293,0.0294,0.5617
28-APR-2025,531398,167.15,169.35,-0.0131,0.0433,0.0432,0.8253
28-APR-2025,531399,191.40,191.40,0.0000,0.0361,0.0360,0.6878
28-APR-2025,531402,18.61,18.75,-0.0075,0.0375,0.0374,0.7145
28-APR-2025,531406,10.76,10.25,0.0486,0.0318,0.0319,0.6094
28-APR-2025,531409,16.98,16.18,0.0483,0.0313,0.0314,0.5999
28-APR-2025,531411,1.46,1.47,-0.0068,0.0294,0.0293,0.5598
28-APR-2025,531412,180.50,178.65,0.0103,0.0284,0.0284,0.5426
28-APR-2025,531413,37.56,37.56,0.0000,0.0334,0.0333,0.6362
28-APR-2025,531416,37.22,36.08,0.0311,0.0388,0.0388,0.7413
28-APR-2025,531417,2.39,2.28,0.0471,0.0320,0.0320,0.6114
28-APR-2025,531432,8.00,7.80,0.0253,0.0561,0.0560,1.0699
28-APR-2025,531433,3.74,3.59,0.0409,0.0363,0.0363,0.6935
28-APR-2025,531436,6.16,6.16,0.0000,0.0295,0.0295,0.5636
28-APR-2025,531437,29.44,29.38,0.0020,0.0335,0.0335,0.6400
28-APR-2025,531441,19.58,18.65,0.0487,0.0239,0.0241,0.4604
28-APR-2025,531444,12.28,12.28,0.0000,0.0347,0.0346,0.6610
28-APR-2025,531454,30.57,31.28,-0.0230,0.0330,0.0330,0.6305
28-APR-2025,531456,2.07,2.02,0.0245,0.0353,0.0353,0.6744
28-APR-2025,531458,7.90,7.53,0.0480,0.0193,0.0195,0.3725
28-APR-2025,531460,10.11,10.64,-0.0511,0.0399,0.0400,0.7642
28-APR-2025,531465,0.49,0.49,0.0000,0.0120,0.0119,0.2273
28-APR-2025,531471,17.01,17.78,-0.0443,0.0366,0.0366,0.6992
28-APR-2025,531472,22.39,22.78,-0.0173,0.0425,0.0424,0.8101
28-APR-2025,531486,2.53,2.58,-0.0196,0.0237,0.0237,0.4528
28-APR-2025,531489,262.75,275.00,-0.0456,0.0305,0.0306,0.5846
28-APR-2025,531496,6.59,6.59,0.0000,0.0229,0.0228,0.4356
28-APR-2025,531499,6.10,5.82,0.0470,0.0356,0.0357,0.6820
28-APR-2025,531502,11.08,11.00,0.0072,0.0168,0.0168,0.3210
28-APR-2025,531503,33.49,33.73,-0.0071,0.0366,0.0365,0.6973
28-APR-2025,531505,20.30,21.36,-0.0509,0.0261,0.0263,0.5025
28-APR-2025,531506,22.70,23.70,-0.0431,0.0351,0.0352,0.6725
28-APR-2025,531509,36.10,38.00,-0.0513,0.0426,0.0426,0.8139
28-APR-2025,531512,21.16,21.36,-0.0094,0.0323,0.0322,0.6152
28-APR-2025,531515,6.85,6.85,0.0000,0.0410,0.0409,0.7814
28-APR-2025,531518,0.40,0.41,-0.0247,0.0534,0.0533,1.0183
28-APR-2025,531521,29.76,28.35,0.0485,0.0185,0.0188,0.3592
28-APR-2025,531525,273.30,273.50,-0.0007,0.0233,0.0232,0.4432
28-APR-2025,531529,3.18,3.24,-0.0187,0.0304,0.0303,0.5789
28-APR-2025,531533,75.52,79.49,-0.0512,0.0324,0.0325,0.6209
28-APR-2025,531537,221.25,216.95,0.0196,0.0176,0.0176,0.3362
28-APR-2025,531539,50.00,49.96,0.0008,0.0365,0.0365,0.6973
28-APR-2025,531540,16.01,16.05,-0.0025,0.0323,0.0322,0.6152
28-APR-2025,531541,3.00,2.88,0.0408,0.0346,0.0346,0.6610
28-APR-2025,531550,199.75,197.00,0.0139,0.0367,0.0366,0.6992
28-APR-2025,531552,19.45,19.42,0.0015,0.0348,0.0347,0.6629
28-APR-2025,531553,20.75,20.97,-0.0105,0.0394,0.0393,0.7508
28-APR-2025,531568,7.48,6.80,0.0953,0.0279,0.0287,0.5483
28-APR-2025,531569,238.35,240.40,-0.0086,0.0305,0.0304,0.5808
28-APR-2025,531574,9.89,9.84,0.0051,0.0349,0.0348,0.6649
28-APR-2025,531578,10.90,11.12,-0.0200,0.0384,0.0383,0.7317
28-APR-2025,531582,38.27,38.27,0.0000,0.0367,0.0366,0.6992
28-APR-2025,531583,29.95,29.95,0.0000,0.0364,0.0363,0.6935
28-APR-2025,531585,9.39,9.49,-0.0106,0.0322,0.0322,0.6152
28-APR-2025,531591,19.84,19.80,0.0020,0.0239,0.0238,0.4547
28-APR-2025,531592,2.07,2.12,-0.0239,0.0367,0.0366,0.6992
28-APR-2025,531594,16.03,15.37,0.0420,0.0376,0.0376,0.7183
28-APR-2025,531600,94.00,94.10,-0.0011,0.0333,0.0332,0.6343
28-APR-2025,531608,81.98,81.00,0.0120,0.0363,0.0362,0.6916
28-APR-2025,531609,233.25,257.00,-0.0970,0.0335,0.0341,0.6515
28-APR-2025,531613,1.86,1.80,0.0328,0.0325,0.0325,0.6209
28-APR-2025,531616,108.55,108.55,0.0000,0.0303,0.0303,0.5789
28-APR-2025,531626,4.47,4.61,-0.0308,0.0351,0.0351,0.6706
28-APR-2025,531628,20.08,20.95,-0.0424,0.0295,0.0296,0.5655
28-APR-2025,531635,146.50,148.50,-0.0136,0.0282,0.0281,0.5368
28-APR-2025,531637,550.90,546.45,0.0081,0.0299,0.0298,0.5693
28-APR-2025,531640,23.43,23.43,0.0000,0.0137,0.0137,0.2617
28-APR-2025,531644,31.60,32.99,-0.0430,0.0367,0.0367,0.7012
28-APR-2025,531647,16.24,16.24,0.0000,0.0097,0.0097,0.1853
28-APR-2025,531651,54.00,54.00,0.0000,0.0339,0.0338,0.6457
28-APR-2025,531652,125.00,122.76,0.0181,0.0317,0.0316,0.6037
28-APR-2025,531658,19.24,19.24,0.0000,0.0212,0.0212,0.4050
28-APR-2025,531661,12.25,12.40,-0.0122,0.0409,0.0408,0.7795
28-APR-2025,531663,12.98,13.24,-0.0198,0.0226,0.0226,0.4318
28-APR-2025,531667,29.96,29.96,0.0000,0.0356,0.0355,0.6782
28-APR-2025,531668,3.04,3.14,-0.0324,0.0431,0.0431,0.8234
28-APR-2025,531671,1.37,1.44,-0.0498,0.0321,0.0322,0.6152
28-APR-2025,531672,27.51,28.92,-0.0500,0.0311,0.0312,0.5961
28-APR-2025,531673,39.53,40.33,-0.0200,0.0368,0.0367,0.7012
28-APR-2025,531676,23.04,23.04,0.0000,0.0244,0.0244,0.4662
28-APR-2025,531677,327.95,327.95,0.0000,0.0180,0.0180,0.3439
28-APR-2025,531681,0.88,0.86,0.0230,0.0338,0.0337,0.6438
28-APR-2025,531686,2.85,3.00,-0.0513,0.0147,0.0151,0.2885
28-APR-2025,531688,171.25,167.90,0.0198,0.0326,0.0325,0.6209
28-APR-2025,531692,3.88,3.95,-0.0179,0.0265,0.0265,0.5063
28-APR-2025,531694,46.21,46.20,0.0002,0.0344,0.0343,0.6553
28-APR-2025,531716,2.86,2.73,0.0465,0.0406,0.0407,0.7776
28-APR-2025,531724,9.00,9.00,0.0000,0.0000,0.0000,0.0000
28-APR-2025,531726,146.80,145.35,0.0099,0.0320,0.0319,0.6094
28-APR-2025,531727,55.51,57.54,-0.0359,0.0274,0.0274,0.5235
28-APR-2025,531735,39.90,39.90,0.0000,0.0156,0.0156,0.2980
28-APR-2025,531737,0.68,0.68,0.0000,0.0124,0.0124,0.2369
28-APR-2025,531739,13.12,13.24,-0.0091,0.0358,0.0358,0.6840
28-APR-2025,531743,190.80,187.10,0.0196,0.0165,0.0165,0.3152
28-APR-2025,531744,89.95,91.48,-0.0169,0.0405,0.0404,0.7718
28-APR-2025,531752,0.91,0.93,-0.0217,0.0302,0.0302,0.5770
28-APR-2025,531758,18.01,18.01,0.0000,0.0315,0.0314,0.5999
28-APR-2025,531762,25.53,24.13,0.0564,0.0392,0.0393,0.7508
28-APR-2025,531769,12.15,11.58,0.0480,0.0158,0.0161,0.3076
28-APR-2025,531771,152.65,155.00,-0.0153,0.0288,0.0288,0.5502
28-APR-2025,531775,0.82,0.82,0.0000,0.0089,0.0088,0.1681
28-APR-2025,531778,40.45,36.78,0.0951,0.0439,0.0443,0.8464
28-APR-2025,531779,21.00,21.00,0.0000,0.0401,0.0400,0.7642
28-APR-2025,531780,6.54,6.67,-0.0197,0.0274,0.0273,0.5216
28-APR-2025,531784,1.50,1.47,0.0202,0.0318,0.0318,0.6075
28-APR-2025,531797,56.00,56.00,0.0000,0.0302,0.0301,0.5751
28-APR-2025,531802,25.42,25.89,-0.0183,0.0341,0.0340,0.6496
28-APR-2025,531810,76.99,77.45,-0.0060,0.0321,0.0320,0.6114
28-APR-2025,531812,0.83,0.84,-0.0120,0.0294,0.0293,0.5598
28-APR-2025,531813,102.00,102.00,0.0000,0.0323,0.0322,0.6152
28-APR-2025,531814,14.15,14.70,-0.0381,0.0393,0.0393,0.7508
28-APR-2025,531819,32.07,32.07,0.0000,0.0134,0.0134,0.2560
28-APR-2025,531821,63.79,64.00,-0.0033,0.0313,0.0312,0.5961
28-APR-2025,531822,193.00,193.00,0.0000,0.0371,0.0370,0.7069
28-APR-2025,531825,12.93,12.93,0.0000,0.0032,0.0032,0.0611
28-APR-2025,531832,56.84,58.00,-0.0202,0.0299,0.0298,0.5693
28-APR-2025,531834,10.74,10.58,0.0150,0.0471,0.0470,0.8979
28-APR-2025,531840,17.50,17.85,-0.0198,0.0322,0.0322,0.6152
28-APR-2025,531841,36.40,34.70,0.0478,0.0330,0.0331,0.6324
28-APR-2025,531842,36.39,36.69,-0.0082,0.0322,0.0321,0.6133
28-APR-2025,531846,12.00,11.00,0.0870,0.0462,0.0465,0.8884
28-APR-2025,531847,724.90,744.10,-0.0261,0.0229,0.0230,0.4394
28-APR-2025,531859,187.90,192.15,-0.0224,0.0349,0.0349,0.6668
28-APR-2025,531861,42.54,43.09,-0.0128,0.0290,0.0290,0.5540
28-APR-2025,531862,41.19,40.52,0.0164,0.0290,0.0289,0.5521
28-APR-2025,531867,4.60,4.61,-0.0022,0.0410,0.0409,0.7814
28-APR-2025,531869,4.02,4.06,-0.0099,0.0304,0.0303,0.5789
28-APR-2025,531870,20.05,20.05,0.0000,0.0332,0.0331,0.6324
28-APR-2025,531878,12.29,12.75,-0.0367,0.0355,0.0355,0.6782
28-APR-2025,531885,8.13,8.13,0.0000,0.0006,0.0006,0.0115
28-APR-2025,531887,30.20,30.20,0.0000,0.0124,0.0124,0.2369
28-APR-2025,531888,99.04,101.89,-0.0284,0.0311,0.0311,0.5942
28-APR-2025,531889,28.69,28.97,-0.0097,0.0384,0.0383,0.7317
28-APR-2025,531893,0.55,0.57,-0.0357,0.0319,0.0320,0.6114
28-APR-2025,531900,25.39,24.68,0.0284,0.0375,0.0374,0.7145
28-APR-2025,531902,21.30,20.98,0.0151,0.0469,0.0468,0.8941
28-APR-2025,531909,2.97,3.10,-0.0428,0.0362,0.0362,0.6916
28-APR-2025,531910,233.00,246.95,-0.0581,0.0303,0.0305,0.5827
28-APR-2025,531911,41.38,40.20,0.0289,0.0317,0.0317,0.6056
28-APR-2025,531913,7.81,7.44,0.0485,0.0374,0.0374,0.7145
28-APR-2025,531918,102.00,97.88,0.0412,0.0246,0.0247,0.4719
28-APR-2025,531923,100.12,101.78,-0.0164,0.0329,0.0329,0.6286
28-APR-2025,531925,1.56,1.55,0.0064,0.0491,0.0490,0.9361
28-APR-2025,531928,12.57,13.23,-0.0512,0.0154,0.0158,0.3019
28-APR-2025,531929,5.93,5.65,0.0484,0.0354,0.0354,0.6763
28-APR-2025,531930,31.70,33.59,-0.0579,0.0372,0.0373,0.7126
28-APR-2025,531931,235.40,233.90,0.0064,0.0332,0.0331,0.6324
28-APR-2025,531944,13.70,13.07,0.0471,0.0397,0.0398,0.7604
28-APR-2025,531950,4.44,4.28,0.0367,0.0349,0.0349,0.6668
28-APR-2025,531952,75.82,77.03,-0.0158,0.0322,0.0322,0.6152
28-APR-2025,531959,2.78,2.83,-0.0178,0.0318,0.0317,0.6056
28-APR-2025,531960,6.43,6.31,0.0188,0.0309,0.0309,0.5903
28-APR-2025,531962,35.43,36.45,-0.0284,0.0406,0.0406,0.7757
28-APR-2025,531968,52.87,52.87,0.0000,0.0358,0.0357,0.6820
28-APR-2025,531977,9.61,9.59,0.0021,0.0341,0.0340,0.6496
28-APR-2025,531979,76.69,74.58,0.0279,0.0322,0.0321,0.6133
28-APR-2025,531980,16.22,15.91,0.0193,0.0276,0.0276,0.5273
28-APR-2025,531982,28.21,29.10,-0.0311,0.0401,0.0401,0.7661
28-APR-2025,531989,14.00,14.33,-0.0233,0.0143,0.0143,0.2732
28-APR-2025,531991,1.07,1.07,0.0000,0.0337,0.0336,0.6419
28-APR-2025,531994,99.00,99.00,0.0000,0.0239,0.0239,0.4566
28-APR-2025,531996,21.64,21.22,0.0196,0.0341,0.0340,0.6496
28-APR-2025,531997,115.30,120.10,-0.0408,0.0238,0.0239,0.4566
28-APR-2025,532001,57.00,57.01,-0.0002,0.0413,0.0412,0.7871
28-APR-2025,532005,63.00,65.80,-0.0435,0.0351,0.0351,0.6706
28-APR-2025,532007,26.78,26.00,0.0296,0.0327,0.0327,0.6247
28-APR-2025,532011,100.60,104.85,-0.0414,0.0339,0.0340,0.6496
28-APR-2025,532015,4.60,4.65,-0.0108,0.0377,0.0376,0.7183
28-APR-2025,532016,420.25,405.95,0.0346,0.0241,0.0242,0.4623
28-APR-2025,532024,11.27,11.27,0.0000,0.0081,0.0080,0.1528
28-APR-2025,532035,3.79,3.90,-0.0286,0.0328,0.0327,0.6247
28-APR-2025,532039,57.31,58.01,-0.0121,0.0290,0.0289,0.5521
28-APR-2025,532041,7.89,7.79,0.0128,0.0381,0.0380,0.7260
28-APR-2025,532042,41.00,39.99,0.0249,0.0400,0.0400,0.7642
28-APR-2025,532053,110.88,107.36,0.0323,0.0352,0.0352,0.6725
28-APR-2025,532056,60.85,61.42,-0.0093,0.0355,0.0354,0.6763
28-APR-2025,532057,117.70,117.70,0.0000,0.0337,0.0336,0.6419
28-APR-2025,532067,1750.60,1737.75,0.0074,0.0364,0.0363,0.6935
28-APR-2025,532070,185.90,190.05,-0.0221,0.0294,0.0293,0.5598
28-APR-2025,532072,0.31,0.32,-0.0317,0.0000,0.0022,0.0420
28-APR-2025,532078,28.02,28.02,0.0000,0.0262,0.0261,0.4986
28-APR-2025,532083,3.13,3.13,0.0000,0.0001,0.0001,0.0019
28-APR-2025,532090,17.00,17.34,-0.0198,0.0268,0.0268,0.5120
28-APR-2025,532092,3.20,3.27,-0.0216,0.0322,0.0321,0.6133
28-APR-2025,532100,12.60,12.38,0.0176,0.0483,0.0481,0.9189
28-APR-2025,532102,41.82,41.82,0.0000,0.0325,0.0324,0.6190
28-APR-2025,532105,13.06,13.06,0.0000,0.0000,0.0000,0.0000
28-APR-2025,532113,8.27,8.60,-0.0391,0.0383,0.0383,0.7317
28-APR-2025,532123,7.98,8.12,-0.0174,0.0361,0.0361,0.6897
28-APR-2025,532124,21.46,21.50,-0.0019,0.0338,0.0337,0.6438
28-APR-2025,532131,16.97,16.64,0.0196,0.0179,0.0179,0.3420
28-APR-2025,532139,4.52,4.31,0.0476,0.0060,0.0069,0.1318
28-APR-2025,532140,4.54,4.63,-0.0196,0.0457,0.0456,0.8712
28-APR-2025,532145,12.93,12.33,0.0475,0.0323,0.0324,0.6190
28-APR-2025,532154,0.94,0.96,-0.0211,0.0540,0.0539,1.0298
28-APR-2025,532159,10.98,11.54,-0.0497,0.0404,0.0405,0.7738
28-APR-2025,532160,16.26,16.48,-0.0134,0.0315,0.0315,0.6018
28-APR-2025,532164,1.50,1.49,0.0067,0.0332,0.0331,0.6324
28-APR-2025,532167,28.28,28.28,0.0000,0.0112,0.0112,0.2140
28-APR-2025,532183,9.09,9.14,-0.0055,0.0338,0.0337,0.6438
28-APR-2025,532217,14.31,14.03,0.0198,0.0363,0.0363,0.6935
28-APR-2025,532230,139.10,141.35,-0.0160,0.0309,0.0309,0.5903
28-APR-2025,532262,1302.00,1302.00,0.0000,0.0271,0.0270,0.5158
28-APR-2025,532275,1.95,1.86,0.0473,0.0238,0.0240,0.4585
28-APR-2025,532284,48.58,51.40,-0.0564,0.0315,0.0316,0.6037
28-APR-2025,532303,5.70,5.69,0.0018,0.0350,0.0349,0.6668
28-APR-2025,532304,77.05,77.22,-0.0022,0.0369,0.0368,0.7031
28-APR-2025,532315,6.95,7.00,-0.0072,0.0368,0.0367,0.7012
28-APR-2025,532320,13.98,13.93,0.0036,0.0412,0.0411,0.7852
28-APR-2025,532323,32.13,32.30,-0.0053,0.0296,0.0296,0.5655
28-APR-2025,532329,1021.10,1056.55,-0.0341,0.0406,0.0405,0.7738
28-APR-2025,532333,93.00,92.00,0.0108,0.0322,0.0321,0.6133
28-APR-2025,532334,91.50,94.99,-0.0374,0.0325,0.0325,0.6209
28-APR-2025,532336,1.15,1.15,0.0000,0.0095,0.0095,0.1815
28-APR-2025,532340,3.12,3.23,-0.0346,0.0542,0.0541,1.0336
28-APR-2025,532344,225.00,227.30,-0.0102,0.0323,0.0323,0.6171
28-APR-2025,532350,4.12,3.98,0.0346,0.0347,0.0347,0.6629
28-APR-2025,532354,5.20,5.35,-0.0284,0.0427,0.0427,0.8158
28-APR-2025,532355,7.38,7.54,-0.0214,0.0366,0.0365,0.6973
28-APR-2025,532359,1.35,1.40,-0.0364,0.0259,0.0260,0.4967
28-APR-2025,532362,118.70,125.90,-0.0589,0.0402,0.0403,0.7699
28-APR-2025,532373,29.79,29.72,0.0024,0.0357,0.0356,0.6801
28-APR-2025,532378,5.03,5.05,-0.0040,0.0316,0.0315,0.6018
28-APR-2025,532379,8.30,8.35,-0.0060,0.0343,0.0342,0.6534
28-APR-2025,532380,9.09,9.10,-0.0011,0.0344,0.0343,0.6553
28-APR-2025,532384,147.50,148.75,-0.0084,0.0242,0.0242,0.4623
28-APR-2025,532397,12.99,13.67,-0.0510,0.0421,0.0421,0.8043
28-APR-2025,532402,13.01,12.87,0.0108,0.0325,0.0324,0.6190
28-APR-2025,532403,7.57,7.57,0.0000,0.0210,0.0210,0.4012
28-APR-2025,532404,46.79,46.48,0.0066,0.0240,0.0239,0.4566
28-APR-2025,532410,25.56,26.05,-0.0190,0.0354,0.0353,0.6744
28-APR-2025,532425,26.16,26.98,-0.0309,0.0367,0.0367,0.7012
28-APR-2025,532435,9.81,9.57,0.0248,0.0290,0.0290,0.5540
28-APR-2025,532444,1.88,1.80,0.0435,0.0301,0.0302,0.5770
28-APR-2025,532455,20.03,20.90,-0.0425,0.0346,0.0346,0.6610
28-APR-2025,532467,41.45,39.08,0.0589,0.0364,0.0365,0.6973
28-APR-2025,532468,2620.10,2583.15,0.0142,0.0190,0.0190,0.3630
28-APR-2025,532485,71.46,71.65,-0.0027,0.0221,0.0221,0.4222
28-APR-2025,532503,925.00,931.05,-0.0065,0.0248,0.0248,0.4738
28-APR-2025,532645,3.22,3.47,-0.0748,0.0374,0.0377,0.7203
28-APR-2025,532656,3.97,3.92,0.0127,0.0346,0.0345,0.6591
28-APR-2025,532676,9.78,10.09,-0.0312,0.0376,0.0376,0.7183
28-APR-2025,532701,11.99,12.15,-0.0133,0.0315,0.0314,0.5999
28-APR-2025,532723,50.00,50.00,0.0000,0.0371,0.0370,0.7069
28-APR-2025,532742,4526.10,4575.65,-0.0109,0.0242,0.0242,0.4623
28-APR-2025,532744,8.90,9.55,-0.0705,0.0368,0.0370,0.7069
28-APR-2025,532745,7.12,7.26,-0.0195,0.0363,0.0362,0.6916
28-APR-2025,532766,1.69,1.69,0.0000,0.0351,0.0351,0.6706
28-APR-2025,532806,44.90,43.95,0.0214,0.0462,0.0461,0.8807
28-APR-2025,532820,15.72,15.49,0.0147,0.0340,0.0340,0.6496
28-APR-2025,532825,8.23,8.49,-0.0311,0.0324,0.0324,0.6190
28-APR-2025,532829,254.20,241.95,0.0494,0.0333,0.0334,0.6381
28-APR-2025,532855,200.95,193.00,0.0404,0.0377,0.0377,0.7203
28-APR-2025,532879,285.95,270.95,0.0539,0.0330,0.0331,0.6324
28-APR-2025,532893,224.00,228.55,-0.0201,0.0277,0.0277,0.5292
28-APR-2025,532911,18.21,18.58,-0.0201,0.0310,0.0310,0.5923
28-APR-2025,532918,34.47,34.51,-0.0012,0.0351,0.0351,0.6706
28-APR-2025,532933,43.32,43.64,-0.0074,0.0338,0.0337,0.6438
28-APR-2025,532957,94.86,93.00,0.0198,0.0327,0.0326,0.6228
28-APR-2025,532975,10.03,9.84,0.0191,0.0304,0.0304,0.5808
28-APR-2025,532985,85.58,85.69,-0.0013,0.0106,0.0106,0.2025
28-APR-2025,532992,33.79,32.55,0.0374,0.0350,0.0350,0.6687
28-APR-2025,533007,10.91,10.87,0.0037,0.0282,0.0281,0.5368
28-APR-2025,533014,59.98,61.35,-0.0226,0.0370,0.0370,0.7069
28-APR-2025,533018,3505.00,3505.00,0.0000,0.1271,0.1268,2.4225
28-APR-2025,533019,1857.00,1950.00,-0.0489,0.0320,0.0321,0.6133
28-APR-2025,533056,47.28,47.85,-0.0120,0.0335,0.0334,0.6381
28-APR-2025,533078,36.00,36.00,0.0000,0.0212,0.0212,0.4050
28-APR-2025,533095,7389.05,7482.60,-0.0126,0.0192,0.0192,0.3668
28-APR-2025,533100,5.21,5.11,0.0194,0.0264,0.0264,0.5044
28-APR-2025,533101,150.00,156.00,-0.0392,0.0342,0.0342,0.6534
28-APR-2025,533108,43.87,42.98,0.0205,0.0400,0.0399,0.7623
28-APR-2025,533110,14.05,14.63,-0.0405,0.0406,0.0406,0.7757
28-APR-2025,533149,12.72,12.52,0.0158,0.0413,0.0412,0.7871
28-APR-2025,533167,52.46,49.97,0.0486,0.0307,0.0308,0.5884
28-APR-2025,533170,148.20,148.60,-0.0027,0.0294,0.0293,0.5598
28-APR-2025,533202,3.20,3.19,0.0031,0.0354,0.0353,0.6744
28-APR-2025,533212,77.35,74.19,0.0417,0.0323,0.0323,0.6171
28-APR-2025,533268,8.30,8.35,-0.0060,0.0399,0.0398,0.7604
28-APR-2025,533285,54.30,54.04,0.0048,0.0256,0.0255,0.4872
28-APR-2025,533289,82.17,83.10,-0.0113,0.0382,0.0381,0.7279
28-APR-2025,533315,74.24,76.90,-0.0352,0.0384,0.0383,0.7317
28-APR-2025,533407,92.72,97.46,-0.0499,0.0328,0.0329,0.6286
28-APR-2025,533427,25.40,25.80,-0.0156,0.0359,0.0359,0.6859
28-APR-2025,533477,550.00,530.00,0.0370,0.0242,0.0243,0.4643
28-APR-2025,533602,1.26,1.26,0.0000,0.0314,0.0313,0.5980
28-APR-2025,533608,121.30,119.60,0.0141,0.0356,0.0355,0.6782
28-APR-2025,533896,25.70,24.50,0.0478,0.0432,0.0432,0.8253
28-APR-2025,534060,2.42,2.42,0.0000,0.0366,0.0365,0.6973
28-APR-2025,534063,53.99,53.99,0.0000,0.0423,0.0422,0.8062
28-APR-2025,534064,4.28,4.29,-0.0023,0.0341,0.0340,0.6496
28-APR-2025,534190,3.32,3.28,0.0121,0.0507,0.0505,0.9648
28-APR-2025,534338,16.62,17.00,-0.0226,0.0313,0.0313,0.5980
28-APR-2025,534422,4.45,4.65,-0.0440,0.0421,0.0421,0.8043
28-APR-2025,534535,95.56,91.01,0.0488,0.1409,0.1406,2.6862
28-APR-2025,534612,24.62,25.31,-0.0276,0.0338,0.0338,0.6457
28-APR-2025,534623,66.18,69.66,-0.0512,0.0402,0.0402,0.7680
28-APR-2025,534639,30.10,28.67,0.0487,0.0360,0.0361,0.6897
28-APR-2025,534691,34.23,35.05,-0.0237,0.0297,0.0297,0.5674
28-APR-2025,534732,8.00,8.20,-0.0247,0.0352,0.0351,0.6706
28-APR-2025,534733,26.78,26.62,0.0060,0.0447,0.0446,0.8521
28-APR-2025,534741,0.50,0.50,0.0000,0.0342,0.0341,0.6515
28-APR-2025,534755,0.60,0.58,0.0339,0.0485,0.0485,0.9266
28-APR-2025,534796,50.10,50.10,0.0000,0.0314,0.0313,0.5980
28-APR-2025,535204,3.47,3.60,-0.0368,0.0379,0.0379,0.7241
28-APR-2025,535205,3.78,3.78,0.0000,0.0344,0.0343,0.6553
28-APR-2025,535267,9.16,9.22,-0.0065,0.0327,0.0326,0.6228
28-APR-2025,535276,877.44,868.41,0.0103,0.0080,0.0080,0.1528
28-APR-2025,535387,40.95,39.00,0.0488,0.0319,0.0320,0.6114
28-APR-2025,535431,0.90,0.90,0.0000,0.0310,0.0310,0.5923
28-APR-2025,535514,7.60,7.60,0.0000,0.0276,0.0275,0.5254
28-APR-2025,535566,100.05,100.95,-0.0090,0.0396,0.0395,0.7546
28-APR-2025,535621,155.00,162.95,-0.0500,0.0337,0.0338,0.6457
28-APR-2025,535657,8.80,8.57,0.0265,0.0437,0.0436,0.8330
28-APR-2025,535667,145.00,145.05,-0.0003,0.0436,0.0435,0.8311
28-APR-2025,535693,50.58,51.14,-0.0110,0.0293,0.0293,0.5598
28-APR-2025,535719,26.09,27.43,-0.0501,0.0341,0.0342,0.6534
28-APR-2025,535730,0.64,0.67,-0.0458,0.0349,0.0350,0.6687
28-APR-2025,535910,1.56,1.64,-0.0500,0.0361,0.0361,0.6897
28-APR-2025,535916,84.99,83.33,0.0197,0.0378,0.0377,0.7203
28-APR-2025,536073,9.00,9.14,-0.0154,0.0388,0.0387,0.7394
28-APR-2025,536128,0.30,0.29,0.0339,0.0134,0.0135,0.2579
28-APR-2025,536264,50.60,49.54,0.0212,0.0381,0.0380,0.7260
28-APR-2025,536493,352.00,353.25,-0.0035,0.0275,0.0274,0.5235
28-APR-2025,536565,26.61,26.61,0.0000,0.0280,0.0279,0.5330
28-APR-2025,536659,4.95,4.92,0.0061,0.0370,0.0369,0.7050
28-APR-2025,536672,5.82,5.77,0.0086,0.0328,0.0327,0.6247
28-APR-2025,536709,12.03,12.25,-0.0181,0.0352,0.0352,0.6725
28-APR-2025,536846,70.43,72.43,-0.0280,0.0361,0.0360,0.6878
28-APR-2025,536965,9.43,8.99,0.0478,0.0381,0.0382,0.7298
28-APR-2025,536974,86.94,88.70,-0.0200,0.0347,0.0346,0.6610
28-APR-2025,537069,31.09,29.53,0.0515,0.0360,0.0361,0.6897
28-APR-2025,537253,75.00,75.00,0.0000,0.0370,0.0369,0.7050
28-APR-2025,537254,5.25,5.00,0.0488,0.0335,0.0336,0.6419
28-APR-2025,537326,138.90,138.85,0.0004,0.0347,0.0346,0.6610
28-APR-2025,537536,100.09,100.00,0.0009,0.0351,0.0350,0.6687
28-APR-2025,537707,16.38,17.19,-0.0483,0.0409,0.0409,0.7814
28-APR-2025,537709,6.03,6.34,-0.0501,0.0307,0.0308,0.5884
28-APR-2025,537750,219.00,219.25,-0.0011,0.0336,0.0335,0.6400
28-APR-2025,537766,2.00,2.08,-0.0392,0.0399,0.0399,0.7623
28-APR-2025,537800,1.74,1.72,0.0116,0.0368,0.0368,0.7031
28-APR-2025,537839,209.80,216.85,-0.0331,0.0352,0.0352,0.6725
28-APR-2025,537840,53.89,53.89,0.0000,0.0244,0.0243,0.4643
28-APR-2025,537985,41.39,41.00,0.0095,0.0377,0.0376,0.7183
28-APR-2025,538081,5.40,5.40,0.0000,0.0393,0.0392,0.7489
28-APR-2025,538092,112.00,114.00,-0.0177,0.0359,0.0358,0.6840
28-APR-2025,538119,89.10,88.86,0.0027,0.0314,0.0313,0.5980
28-APR-2025,538212,0.67,0.70,-0.0438,0.0370,0.0370,0.7069
28-APR-2025,538273,39.02,42.38,-0.0826,0.0400,0.0403,0.7699
28-APR-2025,538351,7.22,7.59,-0.0500,0.0385,0.0386,0.7375
28-APR-2025,538382,165.00,165.00,0.0000,0.0292,0.0291,0.5560
28-APR-2025,538395,83.15,83.52,-0.0044,0.0272,0.0271,0.5177
28-APR-2025,538401,170.40,167.85,0.0151,0.0382,0.0381,0.7279
28-APR-2025,538422,0.49,0.49,0.0000,0.0321,0.0321,0.6133
28-APR-2025,538446,225.00,229.25,-0.0187,0.0250,0.0250,0.4776
28-APR-2025,538451,25.55,25.07,0.0190,0.0325,0.0325,0.6209
28-APR-2025,538452,0.73,0.76,-0.0403,0.1355,0.1352,2.5830
28-APR-2025,538464,3.59,3.82,-0.0621,0.0502,0.0503,0.9610
28-APR-2025,538465,16.00,16.17,-0.0106,0.0318,0.0317,0.6056
28-APR-2025,538476,19.03,18.75,0.0148,0.0426,0.0426,0.8139
28-APR-2025,538520,2.54,2.42,0.0484,0.0000,0.0034,0.0650
28-APR-2025,538521,71.00,70.00,0.0142,0.0335,0.0334,0.6381
28-APR-2025,538537,17.59,17.25,0.0195,0.0362,0.0361,0.6897
28-APR-2025,538539,15.09,15.87,-0.0504,0.0383,0.0384,0.7336
28-APR-2025,538540,3.60,3.64,-0.0110,0.0353,0.0352,0.6725
28-APR-2025,538542,10.45,10.56,-0.0105,0.0389,0.0388,0.7413
28-APR-2025,538546,98.69,100.44,-0.0176,0.0376,0.0375,0.7164
28-APR-2025,538556,84.78,80.76,0.0486,0.0256,0.0257,0.4910
28-APR-2025,538563,11.83,11.83,0.0000,0.0091,0.0091,0.1739
28-APR-2025,538564,296.70,293.45,0.0110,0.0319,0.0318,0.6075
28-APR-2025,538565,126.45,125.35,0.0087,0.0309,0.0308,0.5884
28-APR-2025,538568,32.94,34.58,-0.0486,0.0330,0.0331,0.6324
28-APR-2025,538569,2.15,2.17,-0.0093,0.0352,0.0351,0.6706
28-APR-2025,538596,5.19,5.19,0.0000,0.0360,0.0359,0.6859
28-APR-2025,538597,11.16,10.83,0.0300,0.0331,0.0331,0.6324
28-APR-2025,538598,28.72,25.86,0.1049,0.0372,0.0378,0.7222
28-APR-2025,538607,1.35,1.37,-0.0147,0.0345,0.0345,0.6591
28-APR-2025,538609,81.73,89.00,-0.0852,0.0351,0.0355,0.6782
28-APR-2025,538610,25.65,24.85,0.0317,0.0344,0.0344,0.6572
28-APR-2025,538611,40.05,40.05,0.0000,0.0313,0.0312,0.5961
28-APR-2025,538634,233.60,234.95,-0.0058,0.0303,0.0302,0.5770
28-APR-2025,538646,60.30,59.76,0.0090,0.0344,0.0344,0.6572
28-APR-2025,538647,45.18,45.18,0.0000,0.0345,0.0345,0.6591
28-APR-2025,538652,3.81,3.81,0.0000,0.0007,0.0007,0.0134
28-APR-2025,538668,874.05,866.00,0.0093,0.0304,0.0304,0.5808
28-APR-2025,538674,7.57,7.21,0.0487,0.0343,0.0344,0.6572
28-APR-2025,538683,905.08,894.59,0.0117,0.0078,0.0078,0.1490
28-APR-2025,538706,9.88,9.84,0.0041,0.0323,0.0322,0.6152
28-APR-2025,538707,41.08,39.03,0.0512,0.0407,0.0408,0.7795
28-APR-2025,538708,7.03,6.97,0.0086,0.0383,0.0382,0.7298
28-APR-2025,538713,172.15,172.55,-0.0023,0.0344,0.0344,0.6572
28-APR-2025,538714,43.00,43.98,-0.0225,0.0312,0.0312,0.5961
28-APR-2025,538715,316.00,316.85,-0.0027,0.0341,0.0341,0.6515
28-APR-2025,538732,46.80,47.40,-0.0127,0.0326,0.0325,0.6209
28-APR-2025,538734,1451.25,1527.60,-0.0513,0.0399,0.0399,0.7623
28-APR-2025,538742,34.06,32.44,0.0487,0.0341,0.0342,0.6534
28-APR-2025,538743,7.46,7.46,0.0000,0.0275,0.0274,0.5235
28-APR-2025,538770,21.30,22.40,-0.0504,0.0397,0.0397,0.7585
28-APR-2025,538772,50.31,51.16,-0.0168,0.0356,0.0355,0.6782
28-APR-2025,538777,17.37,17.37,0.0000,0.0033,0.0033,0.0630
28-APR-2025,538778,8.38,8.34,0.0048,0.0354,0.0353,0.6744
28-APR-2025,538786,33.82,34.51,-0.0202,0.0310,0.0310,0.5923
28-APR-2025,538787,11.47,11.30,0.0149,0.0467,0.0466,0.8903
28-APR-2025,538788,12.10,12.16,-0.0049,0.0328,0.0327,0.6247
28-APR-2025,538795,191.05,190.55,0.0026,0.0298,0.0297,0.5674
28-APR-2025,538812,4.91,4.90,0.0020,0.0309,0.0308,0.5884
28-APR-2025,538817,15.58,15.90,-0.0203,0.0294,0.0294,0.5617
28-APR-2025,538833,14.20,14.92,-0.0495,0.0344,0.0345,0.6591
28-APR-2025,538834,28.52,30.35,-0.0622,0.0377,0.0379,0.7241
28-APR-2025,538837,42.53,42.61,-0.0019,0.0296,0.0295,0.5636
28-APR-2025,538838,32.96,32.34,0.0190,0.0387,0.0386,0.7375
28-APR-2025,538857,6.31,6.31,0.0000,0.0304,0.0303,0.5789
28-APR-2025,538860,0.93,0.99,-0.0625,0.0313,0.0315,0.6018
28-APR-2025,538862,24.48,23.37,0.0464,0.0265,0.0266,0.5082
28-APR-2025,538863,7.05,7.05,0.0000,0.0000,0.0000,0.0000
28-APR-2025,538868,16.78,16.12,0.0401,0.0315,0.0316,0.6037
28-APR-2025,538874,14.92,14.94,-0.0013,0.0328,0.0327,0.6247
28-APR-2025,538875,3.40,3.47,-0.0204,0.0358,0.0357,0.6820
28-APR-2025,538881,29.49,29.49,0.0000,0.0316,0.0315,0.6018
28-APR-2025,538882,102.25,101.00,0.0123,0.0315,0.0315,0.6018
28-APR-2025,538890,64.80,66.57,-0.0269,0.0286,0.0286,0.5464
28-APR-2025,538894,21.05,21.00,0.0024,0.0377,0.0376,0.7183
28-APR-2025,538895,26.26,25.02,0.0484,0.0378,0.0379,0.7241
28-APR-2025,538896,431.15,439.35,-0.0188,0.0279,0.0278,0.5311
28-APR-2025,538897,8.78,9.24,-0.0511,0.0062,0.0072,0.1376
28-APR-2025,538918,12.10,11.94,0.0133,0.0327,0.0326,0.6228
28-APR-2025,538919,24.00,25.22,-0.0496,0.0379,0.0380,0.7260
28-APR-2025,538922,24.15,24.18,-0.0012,0.0411,0.0410,0.7833
28-APR-2025,538923,90.18,87.70,0.0279,0.0379,0.0379,0.7241
28-APR-2025,538926,330.60,330.60,0.0000,0.0260,0.0260,0.4967
28-APR-2025,538928,2.08,2.11,-0.0143,0.0338,0.0337,0.6438
28-APR-2025,538935,62.60,62.89,-0.0046,0.0261,0.0260,0.4967
28-APR-2025,538942,24.38,22.54,0.0785,0.0315,0.0319,0.6094
28-APR-2025,538943,104.04,102.00,0.0198,0.0390,0.0390,0.7451
28-APR-2025,538952,1.57,1.57,0.0000,0.0429,0.0428,0.8177
28-APR-2025,538964,815.50,826.00,-0.0128,0.0311,0.0310,0.5923
28-APR-2025,538965,30.79,30.39,0.0131,0.0333,0.0333,0.6362
28-APR-2025,538970,20.44,20.38,0.0029,0.0361,0.0360,0.6878
28-APR-2025,538975,0.32,0.31,0.0317,0.0290,0.0290,0.5540
28-APR-2025,538987,566.45,571.95,-0.0097,0.0275,0.0275,0.5254
28-APR-2025,538992,1969.00,1969.00,0.0000,0.0212,0.0211,0.4031
28-APR-2025,538993,16.50,16.50,0.0000,0.0145,0.0145,0.2770
28-APR-2025,539005,12.70,12.70,0.0000,0.0201,0.0200,0.3821
28-APR-2025,539011,113.35,115.15,-0.0158,0.0269,0.0269,0.5139
28-APR-2025,539012,144.90,141.00,0.0273,0.0408,0.0408,0.7795
28-APR-2025,539013,127.00,123.95,0.0243,0.0318,0.0317,0.6056
28-APR-2025,539016,9.10,9.21,-0.0120,0.0402,0.0401,0.7661
28-APR-2025,539017,36.81,35.19,0.0450,0.0273,0.0275,0.5254
28-APR-2025,539018,569.00,564.90,0.0072,0.0259,0.0258,0.4929
28-APR-2025,539031,278.00,273.87,0.0150,0.0096,0.0096,0.1834
28-APR-2025,539032,6.96,7.32,-0.0504,0.0401,0.0401,0.7661
28-APR-2025,539040,12.30,12.23,0.0057,0.0579,0.0578,1.1043
28-APR-2025,539090,39.99,38.15,0.0471,0.0346,0.0347,0.6629
28-APR-2025,539091,1.58,1.66,-0.0494,0.1678,0.1675,3.2001
28-APR-2025,539096,15.00,16.00,-0.0645,0.0348,0.0350,0.6687
28-APR-2025,539097,5.20,5.12,0.0155,0.0344,0.0343,0.6553
28-APR-2025,539110,28.98,28.98,0.0000,0.0295,0.0295,0.5636
28-APR-2025,539111,15.28,16.08,-0.0510,0.0431,0.0431,0.8234
28-APR-2025,539112,173.95,173.95,0.0000,0.0408,0.0407,0.7776
28-APR-2025,539113,765.70,787.30,-0.0278,0.0293,0.0293,0.5598
28-APR-2025,539115,190.10,181.05,0.0488,0.0358,0.0359,0.6859
28-APR-2025,539117,68.71,68.90,-0.0028,0.0370,0.0370,0.7069
28-APR-2025,539119,29.32,29.32,0.0000,0.0082,0.0082,0.1567
28-APR-2025,539120,44.71,44.71,0.0000,0.0284,0.0283,0.5407
28-APR-2025,539121,207.20,209.25,-0.0098,0.0347,0.0347,0.6629
28-APR-2025,539122,40.18,38.27,0.0487,0.0445,0.0445,0.8502
28-APR-2025,539123,9.07,9.25,-0.0197,0.0360,0.0359,0.6859
28-APR-2025,539124,23.31,21.27,0.0916,0.0336,0.0342,0.6534
28-APR-2025,539132,3.96,3.90,0.0153,0.0288,0.0287,0.5483
28-APR-2025,539143,6.68,6.69,-0.0015,0.0270,0.0269,0.5139
28-APR-2025,539149,4.21,4.19,0.0048,0.0358,0.0357,0.6820
28-APR-2025,539151,27.09,27.64,-0.0201,0.0299,0.0299,0.5712
28-APR-2025,539167,74.24,74.73,-0.0066,0.0237,0.0237,0.4528
28-APR-2025,539174,18.48,18.48,0.0000,0.0345,0.0344,0.6572
28-APR-2025,539175,9.10,9.41,-0.0335,0.0305,0.0305,0.5827
28-APR-2025,539176,152.75,151.90,0.0056,0.0342,0.0342,0.6534
28-APR-2025,539189,16.27,15.90,0.0230,0.0320,0.0319,0.6094
28-APR-2025,539190,47.50,50.00,-0.0513,0.0480,0.0480,0.9170
28-APR-2025,539195,240.25,235.95,0.0181,0.0379,0.0378,0.7222
28-APR-2025,539196,183.35,188.55,-0.0280,0.0364,0.0364,0.6954
28-APR-2025,539198,190.00,200.00,-0.0513,0.0296,0.0297,0.5674
28-APR-2025,539199,400.60,410.95,-0.0255,0.0299,0.0299,0.5712
28-APR-2025,539206,62.00,62.00,0.0000,0.0289,0.0288,0.5502
28-APR-2025,539216,1.55,1.52,0.0195,0.0365,0.0364,0.6954
28-APR-2025,539217,0.52,0.52,0.0000,0.0383,0.0382,0.7298
28-APR-2025,539218,162.95,164.00,-0.0064,0.0339,0.0338,0.6457
28-APR-2025,539219,11.49,11.87,-0.0325,0.0344,0.0344,0.6572
28-APR-2025,539220,25.30,25.25,0.0020,0.0220,0.0220,0.4203
28-APR-2025,539222,2.22,2.23,-0.0045,0.0344,0.0343,0.6553
28-APR-2025,539224,156.50,156.50,0.0000,0.0307,0.0306,0.5846
28-APR-2025,539226,31.11,31.01,0.0032,0.0344,0.0343,0.6553
28-APR-2025,539227,223.95,219.85,0.0185,0.0346,0.0345,0.6591
28-APR-2025,539228,3.23,3.24,-0.0031,0.0299,0.0299,0.5712
28-APR-2025,539230,29.51,29.51,0.0000,0.0072,0.0072,0.1376
28-APR-2025,539246,131.25,131.25,0.0000,0.0293,0.0292,0.5579
28-APR-2025,539255,733.95,749.10,-0.0204,0.0401,0.0401,0.7661
28-APR-2025,539266,4.04,4.04,0.0000,0.0040,0.0040,0.0764
28-APR-2025,539267,19.85,18.91,0.0485,0.0368,0.0369,0.7050
28-APR-2025,539275,172.60,170.05,0.0149,0.0284,0.0283,0.5407
28-APR-2025,539277,0.55,0.56,-0.0180,0.0288,0.0287,0.5483
28-APR-2025,539278,2.92,3.07,-0.0501,0.0338,0.0339,0.6477
28-APR-2025,539288,14.80,14.99,-0.0128,0.0418,0.0417,0.7967
28-APR-2025,539291,6.87,6.83,0.0058,0.0322,0.0321,0.6133
28-APR-2025,539300,935.85,931.00,0.0052,0.0266,0.0265,0.5063
28-APR-2025,539310,0.38,0.39,-0.0260,0.0783,0.0781,1.4921
28-APR-2025,539314,66.35,67.50,-0.0172,0.0320,0.0319,0.6094
28-APR-2025,539353,263.10,260.15,0.0113,0.0328,0.0327,0.6247
28-APR-2025,539354,37.70,37.91,-0.0056,0.0306,0.0306,0.5846
28-APR-2025,539378,66.97,64.12,0.0435,0.0391,0.0391,0.7470
28-APR-2025,539383,7.92,7.55,0.0478,0.0354,0.0355,0.6782
28-APR-2025,539384,28.03,28.03,0.0000,0.0290,0.0289,0.5521
28-APR-2025,539391,40.40,40.20,0.0050,0.0348,0.0347,0.6629
28-APR-2025,539393,25.77,25.77,0.0000,0.0017,0.0017,0.0325
28-APR-2025,539398,88.61,86.33,0.0261,0.0273,0.0273,0.5216
28-APR-2025,539399,387.80,398.95,-0.0283,0.0356,0.0356,0.6801
28-APR-2025,539402,8.40,8.37,0.0036,0.0367,0.0366,0.6992
28-APR-2025,539405,12.96,12.75,0.0163,0.0461,0.0460,0.8788
28-APR-2025,539406,68.88,65.60,0.0488,0.0351,0.0352,0.6725
28-APR-2025,539408,17.83,18.76,-0.0508,0.0287,0.0288,0.5502
28-APR-2025,539409,20.80,20.39,0.0199,0.0323,0.0322,0.6152
28-APR-2025,539428,22.09,22.75,-0.0294,0.0284,0.0284,0.5426
28-APR-2025,539434,6.98,6.98,0.0000,0.0014,0.0014,0.0267
28-APR-2025,539435,33.28,35.03,-0.0512,0.0496,0.0496,0.9476
28-APR-2025,539449,5.53,5.82,-0.0511,0.0340,0.0341,0.6515
28-APR-2025,539455,35.75,34.63,0.0318,0.0324,0.0324,0.6190
28-APR-2025,539468,18.95,18.95,0.0000,0.0006,0.0006,0.0115
28-APR-2025,539469,197.20,195.45,0.0089,0.0338,0.0338,0.6457
28-APR-2025,539470,0.93,0.93,0.0000,0.0325,0.0324,0.6190
28-APR-2025,539479,729.60,736.95,-0.0100,0.0275,0.0274,0.5235
28-APR-2025,539486,5.00,4.85,0.0305,0.0084,0.0086,0.1643
28-APR-2025,539488,10.00,10.00,0.0000,0.0000,0.0000,0.0000
28-APR-2025,539492,10.20,10.24,-0.0039,0.0304,0.0303,0.5789
28-APR-2025,539494,15.33,15.60,-0.0175,0.0470,0.0469,0.8960
28-APR-2025,539495,51.04,48.69,0.0471,0.0334,0.0335,0.6400
28-APR-2025,539506,0.71,0.76,-0.0681,0.0294,0.0297,0.5674
28-APR-2025,539515,63.24,63.77,-0.0083,0.0268,0.0267,0.5101
28-APR-2025,539518,144.80,145.40,-0.0041,0.0260,0.0259,0.4948
28-APR-2025,539519,1.33,1.32,0.0075,0.0383,0.0382,0.7298
28-APR-2025,539522,50.85,47.77,0.0625,0.0304,0.0306,0.5846
28-APR-2025,539526,0.98,0.97,0.0103,0.0294,0.0293,0.5598
28-APR-2025,539527,615.70,608.05,0.0125,0.0321,0.0320,0.6114
28-APR-2025,539528,85.25,83.58,0.0198,0.1087,0.1085,2.0729
28-APR-2025,539533,342.65,349.60,-0.0201,0.0174,0.0174,0.3324
28-APR-2025,539543,13.12,13.12,0.0000,0.0000,0.0000,0.0000
28-APR-2025,539544,6.92,6.60,0.0473,0.0359,0.0360,0.6878
28-APR-2025,539545,40.00,40.00,0.0000,0.0378,0.0377,0.7203
28-APR-2025,539546,174.15,176.10,-0.0111,0.0292,0.0292,0.5579
28-APR-2025,539552,99.62,106.16,-0.0636,0.0382,0.0383,0.7317
28-APR-2025,539559,4.74,4.79,-0.0105,0.0341,0.0340,0.6496
28-APR-2025,539560,10.00,10.00,0.0000,0.0000,0.0000,0.0000
28-APR-2025,539561,1.82,1.79,0.0166,0.0442,0.0441,0.8425
28-APR-2025,539562,52.19,50.29,0.0371,0.0322,0.0323,0.6171
28-APR-2025,539574,0.52,0.52,0.0000,0.0353,0.0353,0.6744
28-APR-2025,539584,0.60,0.58,0.0339,0.0347,0.0347,0.6629
28-APR-2025,539593,5.35,6.68,-0.2220,0.0496,0.0519,0.9915
28-APR-2025,539594,4.75,4.81,-0.0126,0.0352,0.0351,0.6706
28-APR-2025,539596,11.70,12.28,-0.0484,0.0714,0.0713,1.3622
28-APR-2025,539598,24.93,24.61,0.0129,0.0380,0.0379,0.7241
28-APR-2025,539599,25.81,25.81,0.0000,0.0223,0.0223,0.4260
28-APR-2025,539607,16.96,16.87,0.0053,0.0402,0.0401,0.7661
28-APR-2025,539620,24.90,24.30,0.0244,0.0382,0.0382,0.7298
28-APR-2025,539621,0.80,0.80,0.0000,0.0280,0.0280,0.5349
28-APR-2025,539659,67.09,69.99,-0.0423,0.0306,0.0306,0.5846
28-APR-2025,539661,75.65,74.60,0.0140,0.0257,0.0257,0.4910
28-APR-2025,539662,12.74,13.00,-0.0202,0.0408,0.0407,0.7776
28-APR-2025,539669,0.70,0.73,-0.0420,0.0327,0.0328,0.6266
28-APR-2025,539673,2.36,2.36,0.0000,0.0610,0.0609,1.1635
28-APR-2025,539679,7.24,7.08,0.0223,0.0448,0.0447,0.8540
28-APR-2025,539681,49.88,49.88,0.0000,0.0121,0.0121,0.2312
28-APR-2025,539682,635.00,635.05,-0.0001,0.0181,0.0181,0.3458
28-APR-2025,539683,10.00,10.00,0.0000,0.0000,0.0000,0.0000
28-APR-2025,539691,10.00,10.00,0.0000,0.0000,0.0000,0.0000
28-APR-2025,539692,21.41,22.04,-0.0290,0.0402,0.0402,0.7680
28-APR-2025,539697,52.51,54.00,-0.0280,0.0415,0.0415,0.7929
28-APR-2025,539724,20.31,20.31,0.0000,0.0248,0.0247,0.4719
28-APR-2025,539730,702.25,667.40,0.0509,0.0277,0.0279,0.5330
28-APR-2025,539760,68.12,66.79,0.0197,0.0366,0.0365,0.6973
28-APR-2025,539761,14.62,15.35,-0.0487,0.0780,0.0779,1.4883
28-APR-2025,539762,29.86,30.74,-0.0290,0.0331,0.0331,0.6324
28-APR-2025,539767,18.32,19.08,-0.0406,0.0423,0.0423,0.8081
28-APR-2025,539770,31.79,32.43,-0.0199,0.0268,0.0268,0.5120
28-APR-2025,539773,1.59,1.72,-0.0786,0.0324,0.0328,0.6266
28-APR-2025,539798,18.40,19.36,-0.0509,0.0336,0.0337,0.6438
28-APR-2025,539800,5.97,6.10,-0.0215,0.0418,0.0417,0.7967
28-APR-2025,539814,322.20,339.15,-0.0513,0.0321,0.0322,0.6152
28-APR-2025,539819,4.10,4.10,0.0000,0.0014,0.0014,0.0267
28-APR-2025,539834,127.95,130.55,-0.0201,0.0348,0.0347,0.6629
28-APR-2025,539835,1.75,1.60,0.0896,0.0600,0.0601,1.1482
28-APR-2025,539841,15.82,16.14,-0.0200,0.0377,0.0376,0.7183
28-APR-2025,539854,600.75,605.15,-0.0073,0.0298,0.0297,0.5674
28-APR-2025,539875,124.05,123.50,0.0044,0.0436,0.0435,0.8311
28-APR-2025,539884,2.42,2.44,-0.0082,0.0415,0.0414,0.7909
28-APR-2025,539894,11.97,11.94,0.0025,0.0378,0.0377,0.7203
28-APR-2025,539895,11.28,10.75,0.0481,0.1510,0.1507,2.8791
28-APR-2025,539900,15.70,15.70,0.0000,0.0329,0.0328,0.6266
28-APR-2025,539911,26.15,26.15,0.0000,0.1456,0.1453,2.7760
28-APR-2025,539921,71.87,70.12,0.0247,0.0380,0.0379,0.7241
28-APR-2025,539922,57.43,57.43,0.0000,0.0106,0.0105,0.2006
28-APR-2025,539927,459.00,459.00,0.0000,0.0233,0.0232,0.4432
28-APR-2025,539938,37.18,37.89,-0.0189,0.0313,0.0312,0.5961
28-APR-2025,539939,50.51,50.51,0.0000,0.0275,0.0275,0.5254
28-APR-2025,539946,79.77,77.32,0.0312,0.0384,0.0383,0.7317
28-APR-2025,539947,43.90,44.97,-0.0241,0.0342,0.0342,0.6534
28-APR-2025,539956,2345.15,2307.55,0.0162,0.0315,0.0314,0.5999
28-APR-2025,539963,11.85,11.71,0.0119,0.0316,0.0315,0.6018
28-APR-2025,539982,5.23,5.23,0.0000,0.0292,0.0291,0.5560
28-APR-2025,539984,2107.55,2181.10,-0.0343,0.0261,0.0262,0.5006
28-APR-2025,539991,83.07,84.95,-0.0224,0.0351,0.0351,0.6706
28-APR-2025,539997,753.60,751.10,0.0033,0.0341,0.0341,0.6515
28-APR-2025,540006,6.59,6.90,-0.0460,0.0393,0.0393,0.7508
28-APR-2025,540023,20.05,20.90,-0.0415,0.0331,0.0331,0.6324
28-APR-2025,540026,5.80,5.68,0.0209,0.0339,0.0339,0.6477
28-APR-2025,540062,559.75,549.60,0.0183,0.0216,0.0216,0.4127
28-APR-2025,540063,8.87,9.33,-0.0506,0.0366,0.0366,0.6992
28-APR-2025,540066,25.77,25.77,0.0000,0.0017,0.0017,0.0325
28-APR-2025,540078,99.90,100.57,-0.0067,0.0270,0.0270,0.5158
28-APR-2025,540079,7.04,7.10,-0.0085,0.0311,0.0310,0.5923
28-APR-2025,540080,8.15,8.20,-0.0061,0.0318,0.0317,0.6056
28-APR-2025,540097,37.98,38.79,-0.0211,0.0353,0.0353,0.6744
28-APR-2025,540108,8.45,8.37,0.0095,0.0352,0.0351,0.6706
28-APR-2025,540132,11.25,11.27,-0.0018,0.0335,0.0334,0.6381
28-APR-2025,540134,7.14,7.14,0.0000,0.0458,0.0457,0.8731
28-APR-2025,540135,1.01,0.99,0.0200,0.0339,0.0338,0.6457
28-APR-2025,540143,158.00,159.20,-0.0076,0.0301,0.0301,0.5751
28-APR-2025,540147,8.01,7.86,0.0189,0.0320,0.0319,0.6094
28-APR-2025,540154,852.25,852.25,0.0000,0.0152,0.0152,0.2904
28-APR-2025,540159,3.70,3.70,0.0000,0.0571,0.0570,1.0890
28-APR-2025,540168,24.27,26.28,-0.0796,0.0265,0.0270,0.5158
28-APR-2025,540174,24.10,22.97,0.0480,0.0375,0.0375,0.7164
28-APR-2025,540175,28.13,29.15,-0.0356,0.0351,0.0351,0.6706
28-APR-2025,540181,45.00,44.66,0.0076,0.0351,0.0350,0.6687
28-APR-2025,540190,2.05,2.08,-0.0145,0.0459,0.0458,0.8750
28-APR-2025,540192,20.01,20.20,-0.0095,0.0307,0.0306,0.5846
28-APR-2025,540198,170.30,168.50,0.0106,0.0295,0.0295,0.5636
28-APR-2025,540199,43.82,42.97,0.0196,0.0149,0.0149,0.2847
28-APR-2025,540204,52.86,50.00,0.0556,0.0343,0.0345,0.6591
28-APR-2025,540221,26.69,26.69,0.0000,0.0267,0.0266,0.5082
28-APR-2025,540243,4.76,5.01,-0.0512,0.1404,0.1401,2.6766
28-APR-2025,540252,9.15,9.16,-0.0011,0.0418,0.0417,0.7967
28-APR-2025,540254,34.65,35.59,-0.0268,0.0366,0.0366,0.6992
28-APR-2025,540259,0.82,0.86,-0.0476,0.0394,0.0394,0.7527
28-APR-2025,540266,31.63,30.13,0.0486,0.0363,0.0364,0.6954
28-APR-2025,540267,7.10,6.57,0.0776,0.0384,0.0387,0.7394
28-APR-2025,540270,10.00,10.00,0.0000,0.0000,0.0000,0.0000
28-APR-2025,540310,25.00,25.00,0.0000,0.0409,0.0408,0.7795
28-APR-2025,540318,10.00,10.00,0.0000,0.0000,0.0000,0.0000
28-APR-2025,540359,44.99,45.28,-0.0064,0.0432,0.0430,0.8215
28-APR-2025,540360,6.06,5.84,0.0370,0.0415,0.0414,0.7909
28-APR-2025,540361,4.61,4.63,-0.0043,0.0381,0.0380,0.7260
28-APR-2025,540377,0.72,0.72,0.0000,0.0316,0.0316,0.6037
28-APR-2025,540386,0.70,0.70,0.0000,0.0393,0.0392,0.7489
28-APR-2025,540395,145.25,150.10,-0.0328,0.0318,0.0318,0.6075
28-APR-2025,540401,10.44,10.83,-0.0367,0.0306,0.0307,0.5865
28-APR-2025,540405,44.00,43.09,0.0209,0.0413,0.0412,0.7871
28-APR-2025,540467,15.00,15.00,0.0000,0.0000,0.0000,0.0000
28-APR-2025,540481,35.25,35.50,-0.0071,0.0316,0.0316,0.6037
28-APR-2025,540492,6.79,6.47,0.0483,0.0925,0.0923,1.7634
28-APR-2025,540515,8.50,8.85,-0.0404,0.0371,0.0371,0.7088
28-APR-2025,540519,59.34,59.94,-0.0101,0.0340,0.0339,0.6477
28-APR-2025,540545,11.95,11.90,0.0042,0.0334,0.0333,0.6362
28-APR-2025,540570,9.31,10.34,-0.1049,0.0371,0.0378,0.7222
28-APR-2025,540590,63.58,65.89,-0.0357,0.0310,0.0311,0.5942
28-APR-2025,540597,56.10,57.24,-0.0201,0.0319,0.0318,0.6075
28-APR-2025,540614,0.75,0.78,-0.0392,0.0365,0.0365,0.6973
28-APR-2025,540615,4.94,5.04,-0.0200,0.0303,0.0303,0.5789
28-APR-2025,540654,17.81,18.05,-0.0134,0.0353,0.0352,0.6725
28-APR-2025,540686,113.20,116.00,-0.0244,0.0283,0.0282,0.5388
28-APR-2025,540693,8.09,8.25,-0.0196,0.0299,0.0299,0.5712
28-APR-2025,540694,26.85,27.00,-0.0056,0.0297,0.0296,0.5655
28-APR-2025,540696,6.26,6.22,0.0064,0.0553,0.0552,1.0546
28-APR-2025,540703,32.30,30.81,0.0472,0.0355,0.0356,0.6801
28-APR-2025,540717,72.93,76.76,-0.0512,0.0406,0.0407,0.7776
28-APR-2025,540726,198.85,200.90,-0.0103,0.0301,0.0301,0.5751
28-APR-2025,540727,29.97,29.66,0.0104,0.0325,0.0324,0.6190
28-APR-2025,540728,277.10,287.10,-0.0355,0.0347,0.0347,0.6629
28-APR-2025,540730,21.17,20.77,0.0191,0.1543,0.1539,2.9403
28-APR-2025,540737,731.70,741.45,-0.0132,0.0305,0.0304,0.5808
28-APR-2025,540738,13.03,13.27,-0.0183,0.0325,0.0324,0.6190
28-APR-2025,540786,19.08,19.02,0.0031,0.0341,0.0340,0.6496
28-APR-2025,540788,66.00,67.99,-0.0297,0.0377,0.0377,0.7203
28-APR-2025,540796,103.95,103.95,0.0000,0.0328,0.0327,0.6247
28-APR-2025,540809,11.41,11.78,-0.0319,0.0296,0.0296,0.5655
28-APR-2025,540821,2.70,2.67,0.0112,0.0233,0.0232,0.4432
28-APR-2025,540829,46.20,44.22,0.0438,0.0323,0.0324,0.6190
28-APR-2025,540874,71.29,71.95,-0.0092,0.0312,0.0311,0.5942
28-APR-2025,540904,122.00,122.00,0.0000,0.0280,0.0279,0.5330
28-APR-2025,540914,4.48,4.51,-0.0067,0.0417,0.0416,0.7948
28-APR-2025,540936,4.25,4.35,-0.0233,0.0298,0.0297,0.5674
28-APR-2025,540953,3.14,3.39,-0.0766,0.0308,0.0312,0.5961
28-APR-2025,540954,35.07,34.36,0.0205,0.0299,0.0298,0.5693
28-APR-2025,540955,8.90,8.56,0.0390,0.0351,0.0351,0.6706
28-APR-2025,540956,24.32,23.85,0.0195,0.0288,0.0288,0.5502
28-APR-2025,540980,35652.55,37529.00,-0.0513,0.0333,0.0334,0.6381
28-APR-2025,541005,69.77,68.83,0.0136,0.0319,0.0318,0.6075
28-APR-2025,541096,968.95,940.00,0.0303,0.0294,0.0294,0.5617
28-APR-2025,541133,45.60,45.60,0.0000,0.0002,0.0002,0.0038
28-APR-2025,541144,101.55,103.40,-0.0181,0.0384,0.0383,0.7317
28-APR-2025,541228,310.40,293.70,0.0553,0.0455,0.0455,0.8693
28-APR-2025,541338,9.98,9.51,0.0482,0.0284,0.0285,0.5445
28-APR-2025,541347,7.81,7.86,-0.0064,0.0295,0.0294,0.5617
28-APR-2025,541358,603.00,620.00,-0.0278,0.0271,0.0271,0.5177
28-APR-2025,541444,27.52,27.68,-0.0058,0.0356,0.0356,0.6801
28-APR-2025,541503,65.00,64.00,0.0155,0.0320,0.0319,0.6094
28-APR-2025,541601,0.97,0.98,-0.0103,0.0364,0.0363,0.6935
28-APR-2025,541627,6.87,7.23,-0.0511,0.0380,0.0381,0.7279
28-APR-2025,541633,12.58,12.58,0.0000,0.0000,0.0000,0.0000
28-APR-2025,541634,25.23,24.57,0.0265,0.0368,0.0368,0.7031
28-APR-2025,541702,3.42,3.49,-0.0203,0.0295,0.0295,0.5636
28-APR-2025,541735,2.76,2.82,-0.0215,0.0701,0.0700,1.3373
28-APR-2025,541741,172.90,167.40,0.0323,0.0332,0.0332,0.6343
28-APR-2025,541771,2.51,2.49,0.0080,0.0336,0.0335,0.6400
28-APR-2025,541778,47.86,49.71,-0.0379,0.0299,0.0299,0.5712
28-APR-2025,541865,10.31,10.32,-0.0010,0.0386,0.0385,0.7355
28-APR-2025,541890,1.77,1.80,-0.0168,0.0349,0.0348,0.6649
28-APR-2025,541972,856.26,852.01,0.0050,0.0113,0.0113,0.2159
28-APR-2025,542012,519.05,523.10,-0.0078,0.0166,0.0166,0.3171
28-APR-2025,542013,204.30,204.50,-0.0010,0.0202,0.0202,0.3859
28-APR-2025,542019,20.66,21.18,-0.0249,0.0370,0.0369,0.7050
28-APR-2025,542034,18.13,18.49,-0.0197,0.0336,0.0336,0.6419
28-APR-2025,542046,8.95,10.14,-0.1248,0.0291,0.0304,0.5808
28-APR-2025,542057,68.06,68.57,-0.0075,0.0295,0.0294,0.5617
28-APR-2025,542123,148.50,147.30,0.0081,0.0405,0.0405,0.7738
28-APR-2025,542176,19.65,19.65,0.0000,0.0402,0.0401,0.7661
28-APR-2025,542206,3.56,3.60,-0.0112,0.0325,0.0325,0.6209
28-APR-2025,542248,17.66,18.68,-0.0562,0.0377,0.0379,0.7241
28-APR-2025,542332,6.49,6.49,0.0000,0.0084,0.0084,0.1605
28-APR-2025,542376,164.35,164.35,0.0000,0.0234,0.0234,0.4471
28-APR-2025,542377,10.88,10.88,0.0000,0.0081,0.0081,0.1548
28-APR-2025,542459,98.54,97.04,0.0153,0.0271,0.0271,0.5177
28-APR-2025,542524,43.64,43.64,0.0000,0.0234,0.0233,0.4451
28-APR-2025,542543,84.00,84.00,0.0000,0.0120,0.0120,0.2293
28-APR-2025,542544,10.00,10.00,0.0000,0.0000,0.0000,0.0000
28-APR-2025,542579,6.83,6.87,-0.0058,0.0303,0.0303,0.5789
28-APR-2025,542627,44.00,42.72,0.0295,0.0417,0.0417,0.7967
28-APR-2025,542628,164.15,166.60,-0.0148,0.0425,0.0424,0.8101
28-APR-2025,542654,21.33,22.31,-0.0449,0.0325,0.0326,0.6228
28-APR-2025,542666,6.41,6.55,-0.0216,0.0294,0.0294,0.5617
28-APR-2025,542667,5.91,5.91,0.0000,0.0315,0.0314,0.5999
28-APR-2025,542669,48.19,48.33,-0.0029,0.0317,0.0316,0.6037
28-APR-2025,542670,19.52,20.04,-0.0263,0.0307,0.0307,0.5865
28-APR-2025,542679,156.08,159.26,-0.0202,0.0481,0.0480,0.9170
28-APR-2025,542682,64.88,60.08,0.0769,0.0370,0.0373,0.7126
28-APR-2025,542694,233.40,229.70,0.0160,0.0463,0.0462,0.8826
28-APR-2025,542721,256.55,261.65,-0.0197,0.0329,0.0329,0.6286
28-APR-2025,542724,1.57,1.65,-0.0497,0.0384,0.0385,0.7355
28-APR-2025,542747,83.90,83.04,0.0103,0.0120,0.0120,0.2293
28-APR-2025,542753,2.82,2.82,0.0000,0.0315,0.0314,0.5999
28-APR-2025,542770,94.96,96.55,-0.0166,0.0342,0.0341,0.6515
28-APR-2025,542802,2.52,2.50,0.0080,0.0293,0.0292,0.5579
28-APR-2025,542803,12.55,12.99,-0.0345,0.0368,0.0368,0.7031
28-APR-2025,542862,14.93,14.31,0.0424,0.0366,0.0367,0.7012
28-APR-2025,542864,31.47,31.47,0.0000,0.0039,0.0039,0.0745
28-APR-2025,542865,16.35,16.06,0.0179,0.0378,0.0378,0.7222
28-APR-2025,542866,132.75,130.15,0.0198,0.0299,0.0299,0.5712
28-APR-2025,542906,47.25,47.25,0.0000,0.0210,0.0210,0.4012
28-APR-2025,542911,617.00,617.65,-0.0011,0.0302,0.0302,0.5770
28-APR-2025,542918,15.96,16.39,-0.0266,0.0352,0.0352,0.6725
28-APR-2025,542938,65.51,68.95,-0.0512,0.0421,0.0421,0.8043
28-APR-2025,543171,2.44,2.40,0.0165,0.0289,0.0288,0.5502
28-APR-2025,543207,10.40,9.91,0.0483,0.0359,0.0359,0.6859
28-APR-2025,543208,9.91,9.98,-0.0070,0.0324,0.0323,0.6171
28-APR-2025,543211,31.88,32.84,-0.0297,0.0350,0.0350,0.6687
28-APR-2025,543225,148.00,148.00,0.0000,0.0194,0.0194,0.3706
28-APR-2025,543229,280.00,286.00,-0.0212,0.0484,0.0483,0.9228
28-APR-2025,543230,1200.10,1216.80,-0.0138,0.0368,0.0368,0.7031
28-APR-2025,543256,26.00,26.00,0.0000,0.0284,0.0283,0.5407
28-APR-2025,543284,104.45,102.41,0.0197,0.0375,0.0374,0.7145
28-APR-2025,543341,10.65,11.21,-0.0512,0.0394,0.0395,0.7546
28-APR-2025,543376,67.15,70.67,-0.0511,0.0404,0.0405,0.7738
28-APR-2025,543531,43.01,43.78,-0.0177,0.0343,0.0342,0.6534
28-APR-2025,543590,17.24,17.38,-0.0081,0.0336,0.0335,0.6400
28-APR-2025,543737,762.40,750.00,0.0164,0.0322,0.0321,0.6133
28-APR-2025,543766,342.70,360.70,-0.0512,0.0325,0.0326,0.6228
28-APR-2025,543860,135.81,133.15,0.0198,0.0365,0.0365,0.6973
28-APR-2025,543914,23.46,23.00,0.0198,0.0276,0.0276,0.5273
28-APR-2025,543925,144.00,144.00,0.0000,0.0104,0.0104,0.1987
28-APR-2025,543927,52.20,49.86,0.0459,0.0297,0.0298,0.5693
28-APR-2025,543934,301.70,287.35,0.0487,0.0265,0.0267,0.5101
28-APR-2025,543976,47.33,47.02,0.0066,0.0375,0.0374,0.7145
28-APR-2025,543993,214.75,222.30,-0.0346,0.0224,0.0225,0.4299
28-APR-2025,544005,110.00,110.00,0.0000,0.0037,0.0037,0.0707
28-APR-2025,544080,1256.95,1282.60,-0.0202,0.0243,0.0243,0.4643
28-APR-2025,544090,820.00,820.00,0.0000,0.0248,0.0247,0.4719
28-APR-2025,544112,552.15,555.50,-0.0060,0.0249,0.0249,0.4757
28-APR-2025,544185,67.76,68.49,-0.0107,0.0265,0.0264,0.5044
28-APR-2025,544186,193.55,184.35,0.0487,0.0282,0.0284,0.5426
28-APR-2025,544191,46.06,45.50,0.0122,0.0478,0.0477,0.9113
28-APR-2025,544205,589.35,596.60,-0.0122,0.0224,0.0224,0.4280
28-APR-2025,544295,1009999.00,1011000.00,-0.0010,0.0029,0.0029,0.0554
28-APR-2025,544308,43.99,43.13,0.0197,0.0207,0.0206,0.3936
28-APR-2025,544346,81.28,79.69,0.0198,0.0180,0.0180,0.3439
28-APR-2025,544361,8.23,8.23,0.0000,0.0175,0.0175,0.3343
28-APR-2025,544371,122.54,116.71,0.0487,0.0206,0.0208,0.3974
28-APR-2025,5PAISA,367.30,376.90,-0.0258,0.0252,0.0252,0.4814
28-APR-2025,63MOONS,679.20,669.75,0.0140,0.0356,0.0355,0.6782
28-APR-2025,750970,0.53,0.87,-0.4956,0.0000,0.0350,0.6687
28-APR-2025,750971,0.60,0.99,-0.5008,0.0000,0.0354,0.6763
28-APR-2025,890197,5.23,5.28,-0.0095,0.0291,0.0290,0.5540
28-APR-2025,890213,4.90,4.67,0.0481,0.0034,0.0048,0.0917
28-APR-2025,A2ZINFRA,13.78,13.83,-0.0036,0.0350,0.0349,0.6668
28-APR-2025,AAATECH,76.87,77.18,-0.0040,0.0316,0.0315,0.6018
28-APR-2025,AADHARHFC,470.25,456.65,0.0293,0.0206,0.0207,0.3955
28-APR-2025,AAKASH,8.37,8.40,-0.0036,0.0308,0.0307,0.5865
28-APR-2025,AAREYDRUGS,54.75,55.87,-0.0203,0.0323,0.0322,0.6152
28-APR-2025,AARON,336.35,343.30,-0.0205,0.0283,0.0283,0.5407
28-APR-2025,AARTECH,56.06,57.36,-0.0229,0.0299,0.0298,0.5693
28-APR-2025,AARTIDRUGS,351.60,350.80,0.0023,0.0229,0.0228,0.4356
28-APR-2025,AARTIIND,433.65,428.95,0.0109,0.0243,0.0243,0.4643
28-APR-2025,AARTIPHARM,729.05,735.15,-0.0083,0.0297,0.0296,0.5655
28-APR-2025,AARTISURF,443.35,445.40,-0.0046,0.0265,0.0264,0.5044
28-APR-2025,AARVEEDEN,142.52,143.76,-0.0087,0.0284,0.0284,0.5426
28-APR-2025,AARVI,108.05,111.08,-0.0277,0.0272,0.0272,0.5197
28-APR-2025,AASHRIT,75.00,75.00,0.0000,0.0041,0.0041,0.0783
28-APR-2025,AAVAS,1991.30,2039.20,-0.0238,0.0181,0.0181,0.3458
28-APR-2025,ABAN,39.33,39.65,-0.0081,0.0301,0.0300,0.5731
28-APR-2025,ABB,5536.00,5499.00,0.0067,0.0233,0.0232,0.4432
28-APR-2025,ABBOTINDIA,29780.00,29710.00,0.0024,0.0151,0.0151,0.2885
28-APR-2025,ABCAPITAL,199.42,195.94,0.0176,0.0214,0.0214,0.4088
28-APR-2025,ABDL,318.05,321.15,-0.0097,0.0199,0.0198,0.3783
28-APR-2025,ABFRL,273.80,264.15,0.0359,0.0217,0.0217,0.4146
28-APR-2025,ABGSEC,109.07,109.57,-0.0046,0.0042,0.0042,0.0802
28-APR-2025,ABINFRA,83.02,82.51,0.0062,0.0208,0.0207,0.3955
28-APR-2025,ABMINTLLTD,52.90,52.91,-0.0002,0.0368,0.0367,0.7012
28-APR-2025,ABREL,1897.40,1918.40,-0.0110,0.0297,0.0296,0.5655
28-APR-2025,ABSLAMC,642.25,642.30,-0.0001,0.0225,0.0224,0.4280
28-APR-2025,ABSLBANETF,56.20,55.44,0.0136,0.0099,0.0099,0.1891
28-APR-2025,ABSLLIQUID,1000.01,1000.00,0.0000,0.0000,0.0000,0.0000
28-APR-2025,ABSLNN50ET,67.56,66.95,0.0091,0.0123,0.0123,0.2350
28-APR-2025,ABSLPSE,9.80,9.66,0.0144,0.0132,0.0132,0.2522
28-APR-2025,ACC,1925.10,1938.00,-0.0067,0.0186,0.0185,0.3534
28-APR-2025,ACCELYA,1354.50,1353.50,0.0007,0.0209,0.0209,0.3993
28-APR-2025,ACCURACY,8.11,8.20,-0.0110,0.0326,0.0326,0.6228
28-APR-2025,ACCUVANT,10.15,10.15,0.0000,0.0000,0.0000,0.0000
28-APR-2025,ACE,1206.20,1203.30,0.0024,0.0295,0.0294,0.5617
28-APR-2025,ACEINTEG,24.90,24.59,0.0125,0.0353,0.0352,0.6725
28-APR-2025,ACESTONE,9.45,9.45,0.0000,0.0000,0.0000,0.0000
28-APR-2025,ACI,663.15,656.55,0.0100,0.0260,0.0260,0.4967
28-APR-2025,ACL,57.93,56.98,0.0165,0.0255,0.0255,0.4872
28-APR-2025,ACLGATI,62.42,63.44,-0.0162,0.0279,0.0279,0.5330
28-APR-2025,ACMESOLAR,210.49,212.29,-0.0085,0.0245,0.0245,0.4681
28-APR-2025,ADANIENSOL,925.30,914.25,0.0120,0.0356,0.0355,0.6782
28-APR-2025,ADANIENT,2369.80,2354.20,0.0066,0.0305,0.0305,0.5827
28-APR-2025,ADANIGREEN,940.95,912.55,0.0306,0.0355,0.0355,0.6782
28-APR-2025,ADANIPORTS,1210.00,1192.90,0.0142,0.0246,0.0245,0.4681
28-APR-2025,ADANIPOWER,552.75,549.35,0.0062,0.0304,0.0303,0.5789
28-APR-2025,ADFFOODS,226.13,222.37,0.0168,0.0313,0.0312,0.5961
28-APR-2025,ADL,100.71,100.31,0.0040,0.0363,0.0362,0.6916
28-APR-2025,ADOR,900.60,900.50,0.0001,0.0229,0.0229,0.4375
28-APR-2025,ADROITINFO,11.85,12.36,-0.0421,0.0350,0.0350,0.6687
28-APR-2025,ADSL,191.77,193.15,-0.0072,0.0361,0.0360,0.6878
28-APR-2025,ADVANIHOTR,59.76,59.71,0.0008,0.0255,0.0254,0.4853
28-APR-2025,ADVENZYMES,288.00,289.45,-0.0050,0.0244,0.0243,0.4643
28-APR-2025,AEGISLOG,780.25,775.95,0.0055,0.0353,0.0352,0.6725
28-APR-2025,AEROFLEX,176.78,172.53,0.0243,0.0327,0.0326,0.6228
28-APR-2025,AETHER,820.70,820.90,-0.0002,0.0203,0.0202,0.3859
28-APR-2025,AFCONS,422.45,422.95,-0.0012,0.0195,0.0194,0.3706
28-APR-2025,AFDIL,145.50,145.50,0.0000,0.0000,0.0000,0.0000
28-APR-2025,AFFLE,1618.70,1603.00,0.0097,0.0227,0.0226,0.4318
28-APR-2025,AFFORDABLE,377.80,383.00,-0.0137,0.0322,0.0321,0.6133
28-APR-2025,AFIL,7.71,7.77,-0.0078,0.0331,0.0331,0.6324
28-APR-2025,AFSL,184.03,180.42,0.0198,0.0288,0.0287,0.5483
28-APR-2025,AGARIND,1001.60,998.85,0.0027,0.0291,0.0290,0.5540
28-APR-2025,AGARWALEYE,378.55,386.50,-0.0208,0.0102,0.0103,0.1968
28-APR-2025,AGI,802.55,814.45,-0.0147,0.0337,0.0337,0.6438
28-APR-2025,AGIIL,847.95,777.10,0.0873,0.0254,0.0261,0.4986
28-APR-2025,AGRITECH,158.58,159.45,-0.0055,0.0369,0.0368,0.7031
28-APR-2025,AGROPHOS,31.62,32.81,-0.0369,0.0340,0.0340,0.6496
28-APR-2025,AGSTRA,6.05,6.38,-0.0531,0.0368,0.0369,0.7050
28-APR-2025,AHLADA,65.68,67.32,-0.0247,0.0323,0.0322,0.6152
28-APR-2025,AHLEAST,140.52,138.11,0.0173,0.0266,0.0266,0.5082
28-APR-2025,AHLUCONT,869.60,858.45,0.0129,0.0254,0.0253,0.4834
28-APR-2025,AIAENG,3176.80,3176.80,0.0000,0.0157,0.0156,0.2980
28-APR-2025,AIIL,1785.50,1724.80,0.0346,0.0372,0.0372,0.7107
28-APR-2025,AIRAN,27.28,27.33,-0.0018,0.0338,0.0337,0.6438
28-APR-2025,AIROLAM,91.36,91.32,0.0004,0.0311,0.0311,0.5942
28-APR-2025,AJANTPHARM,2775.20,2676.10,0.0364,0.0226,0.0226,0.4318
28-APR-2025,AJAXENGG,669.55,668.60,0.0014,0.0122,0.0121,0.2312
28-APR-2025,AJMERA,814.00,816.15,-0.0026,0.0323,0.0322,0.6152
28-APR-2025,AJOONI,5.95,6.01,-0.0100,0.0328,0.0327,0.6247
28-APR-2025,AKASH,27.49,28.24,-0.0269,0.0335,0.0335,0.6400
28-APR-2025,AKG,12.92,12.88,0.0031,0.0295,0.0294,0.5617
28-APR-2025,AKI,7.63,7.70,-0.0091,0.0288,0.0287,0.5483
28-APR-2025,AKSHAR,0.58,0.61,-0.0504,0.0323,0.0324,0.6190
28-APR-2025,AKSHARCHEM,226.33,224.74,0.0070,0.0278,0.0277,0.5292
28-APR-2025,AKSHOPTFBR,10.12,10.68,-0.0539,0.0386,0.0387,0.7394
28-APR-2025,AKUMS,524.45,530.60,-0.0117,0.0254,0.0254,0.4853
28-APR-2025,AKZOINDIA,3565.10,3568.00,-0.0008,0.0223,0.0223,0.4260
28-APR-2025,ALANKIT,14.35,14.31,0.0028,0.0306,0.0305,0.5827
28-APR-2025,ALBERTDAVD,838.90,845.40,-0.0077,0.0292,0.0291,0.5560
28-APR-2025,ALEMBICLTD,101.58,101.51,0.0007,0.0281,0.0280,0.5349
28-APR-2025,ALICON,678.70,669.45,0.0137,0.0263,0.0262,0.5006
28-APR-2025,ALIVUS,1050.80,1036.30,0.0139,0.0270,0.0270,0.5158
28-APR-2025,ALKALI,86.98,87.82,-0.0096,0.0304,0.0304,0.5808
28-APR-2025,ALKEM,5025.70,5033.50,-0.0016,0.0160,0.0160,0.3057
28-APR-2025,ALKYLAMINE,1795.20,1808.10,-0.0072,0.0216,0.0216,0.4127
28-APR-2025,ALLCARGO,29.80,29.65,0.0050,0.0263,0.0262,0.5006
28-APR-2025,ALLDIGI,961.75,961.15,0.0006,0.0256,0.0255,0.4872
28-APR-2025,ALMONDZ,22.87,23.13,-0.0113,0.0336,0.0335,0.6400
28-APR-2025,ALOKINDS,17.27,17.35,-0.0046,0.0314,0.0313,0.5980
28-APR-2025,ALPA,105.73,107.78,-0.0192,0.0311,0.0310,0.5923
28-APR-2025,ALPHA,45.92,45.09,0.0182,0.0150,0.0150,0.2866
28-APR-2025,ALPHAETF,23.44,23.08,0.0155,0.0138,0.0138,0.2636
28-APR-2025,ALPHAGEO,250.61,252.18,-0.0062,0.0346,0.0345,0.6591
28-APR-2025,ALPL30IETF,27.03,26.70,0.0123,0.0091,0.0091,0.1739
28-APR-2025,ALPSINDUS,2.54,2.52,0.0079,0.0366,0.0365,0.6973
28-APR-2025,AMARKANTAK,11.95,11.95,0.0000,0.0000,0.0000,0.0000
28-APR-2025,AMARVAN,10.00,10.00,0.0000,0.0000,0.0000,0.0000
28-APR-2025,AMBER,6381.00,6394.00,-0.0020,0.0330,0.0329,0.6286
28-APR-2025,AMBICAAGAR,28.98,28.38,0.0209,0.0310,0.0309,0.5903
28-APR-2025,AMBIKCO,1357.60,1365.60,-0.0059,0.0210,0.0209,0.3993
28-APR-2025,AMBUJACEM,544.95,548.70,-0.0069,0.0212,0.0212,0.4050
28-APR-2025,AMDIND,46.99,46.98,0.0002,0.0360,0.0359,0.6859
28-APR-2025,AMIORG,1109.40,1069.80,0.0363,0.0310,0.0310,0.5923
28-APR-2025,AMJLAND,49.38,48.64,0.0151,0.0320,0.0319,0.6094
28-APR-2025,AMNPLST,213.65,216.88,-0.0150,0.0353,0.0353,0.6744
28-APR-2025,AMRUTANJAN,665.20,655.10,0.0153,0.0207,0.0206,0.3936
28-APR-2025,ANANDRATHI,1735.60,1759.40,-0.0136,0.0202,0.0202,0.3859
28-APR-2025,ANANTRAJ,452.50,458.60,-0.0134,0.0382,0.0381,0.7279
28-APR-2025,ANDHRAPAP,75.69,74.36,0.0177,0.0215,0.0215,0.4108
28-APR-2025,ANDHRSUGAR,70.95,71.02,-0.0010,0.0228,0.0228,0.4356
28-APR-2025,ANGELONE,2354.20,2328.50,0.0110,0.0327,0.0326,0.6228
28-APR-2025,ANIKINDS,110.03,115.26,-0.0464,0.0334,0.0335,0.6400
28-APR-2025,ANKITMETAL,1.91,1.98,-0.0360,0.0316,0.0316,0.6037
28-APR-2025,ANMOL,15.84,15.92,-0.0050,0.0302,0.0301,0.5751
28-APR-2025,ANSALAPI,4.64,4.53,0.0240,0.0306,0.0306,0.5846
28-APR-2025,ANTGRAPHIC,1.02,1.03,-0.0098,0.0357,0.0356,0.6801
28-APR-2025,ANUHPHR,173.60,174.05,-0.0026,0.0277,0.0276,0.5273
28-APR-2025,ANUP,3018.00,3035.00,-0.0056,0.0335,0.0334,0.6381
28-APR-2025,ANURAS,858.60,856.35,0.0026,0.0195,0.0194,0.3706
28-APR-2025,ANZEN,114.00,114.00,0.0000,0.0058,0.0058,0.1108
28-APR-2025,AONELIQUID,1005.52,1005.37,0.0001,0.0001,0.0001,0.0019
28-APR-2025,AONETOTAL,11.11,11.01,0.0090,0.0047,0.0048,0.0917
28-APR-2025,APARINDS,5603.00,5539.50,0.0114,0.0310,0.0309,0.5903
28-APR-2025,APCL,137.38,133.39,0.0295,0.0309,0.0309,0.5903
28-APR-2025,APCOTEXIND,312.50,314.20,-0.0054,0.0216,0.0216,0.4127
28-APR-2025,APEX,212.15,215.93,-0.0177,0.0297,0.0296,0.5655
28-APR-2025,APLAPOLLO,1618.20,1616.90,0.0008,0.0207,0.0206,0.3936
28-APR-2025,APLLTD,870.75,875.45,-0.0054,0.0235,0.0234,0.4471
28-APR-2025,APOLLO,114.67,111.74,0.0259,0.0341,0.0341,0.6515
28-APR-2025,APOLLOHOSP,7045.00,6953.00,0.0131,0.0146,0.0146,0.2789
28-APR-2025,APOLLOPIPE,394.20,375.05,0.0498,0.0245,0.0246,0.4700
28-APR-2025,APOLLOTYRE,459.45,461.35,-0.0041,0.0186,0.0185,0.3534
28-APR-2025,APOLSINHOT,1306.20,1297.60,0.0066,0.0316,0.0316,0.6037
28-APR-2025,APTECHT,154.76,157.52,-0.0177,0.0349,0.0349,0.6668
28-APR-2025,APTUS,326.70,326.70,0.0000,0.0206,0.0206,0.3936
28-APR-2025,ARCHIDPLY,96.46,93.42,0.0320,0.0353,0.0353,0.6744
28-APR-2025,ARCHIES,18.02,18.28,-0.0143,0.0333,0.0332,0.6343
28-APR-2025,ARE&M,984.50,989.20,-0.0048,0.0241,0.0240,0.4585
28-APR-2025,ARENTERP,44.53,42.41,0.0488,0.0400,0.0401,0.7661
28-APR-2025,ARIES,274.90,275.00,-0.0004,0.0322,0.0321,0.6133
28-APR-2025,ARIHANTCAP,68.20,68.43,-0.0034,0.0355,0.0354,0.6763
28-APR-2025,ARIHANTSUP,385.85,380.20,0.0148,0.0313,0.0312,0.5961
28-APR-2025,ARKADE,163.48,164.33,-0.0052,0.0240,0.0240,0.4585
28-APR-2025,ARMANFIN,1602.60,1631.00,-0.0176,0.0294,0.0293,0.5598
28-APR-2025,AROGRANITE,35.02,34.94,0.0023,0.0285,0.0285,0.5445
28-APR-2025,ARROWGREEN,624.70,637.40,-0.0201,0.0371,0.0370,0.7069
28-APR-2025,ARSHIYA,2.94,3.12,-0.0594,0.0324,0.0326,0.6228
28-APR-2025,ARSSINFRA,39.80,39.01,0.0200,0.0265,0.0265,0.5063
28-APR-2025,ARTEMISMED,264.05,266.05,-0.0075,0.0290,0.0289,0.5521
28-APR-2025,ARTNIRMAN,46.45,46.22,0.0050,0.0354,0.0353,0.6744
28-APR-2025,ARVEE,142.29,148.39,-0.0420,0.0357,0.0357,0.6820
28-APR-2025,ARVIND,381.20,387.75,-0.0170,0.0288,0.0288,0.5502
28-APR-2025,ARVINDFASN,415.35,413.05,0.0056,0.0253,0.0252,0.4814
28-APR-2025,ARVSMART,679.35,679.15,0.0003,0.0312,0.0311,0.5942
28-APR-2025,ASAHIINDIA,727.95,704.80,0.0323,0.0231,0.0231,0.4413
28-APR-2025,ASAHISONG,346.70,352.20,-0.0157,0.0327,0.0326,0.6228
28-APR-2025,ASAL,497.55,525.45,-0.0546,0.0347,0.0348,0.6649
28-APR-2025,ASALCBR,1133.50,1288.00,-0.1278,0.0355,0.0365,0.6973
28-APR-2025,ASHAPURMIN,347.95,352.20,-0.0121,0.0377,0.0376,0.7183
28-APR-2025,ASHIANA,261.75,261.95,-0.0008,0.0290,0.0290,0.5540
28-APR-2025,ASHIMASYN,31.51,30.01,0.0488,0.0416,0.0416,0.7948
28-APR-2025,ASHOKA,189.43,190.44,-0.0053,0.0308,0.0307,0.5865
28-APR-2025,ASHOKAMET,18.77,18.44,0.0177,0.0328,0.0327,0.6247
28-APR-2025,ASHOKLEY,227.46,225.04,0.0107,0.0201,0.0201,0.3840
28-APR-2025,ASIANENE,288.85,292.60,-0.0129,0.0382,0.0381,0.7279
28-APR-2025,ASIANHOTNR,362.15,365.20,-0.0084,0.0298,0.0297,0.5674
28-APR-2025,ASIANPAINT,2452.20,2431.50,0.0085,0.0133,0.0132,0.2522
28-APR-2025,ASIANTILES,44.05,44.21,-0.0036,0.0295,0.0295,0.5636
28-APR-2025,ASKAUTOLTD,406.00,408.25,-0.0055,0.0236,0.0236,0.4509
28-APR-2025,ASMS,16.55,16.98,-0.0257,0.0398,0.0397,0.7585
28-APR-2025,ASPINWALL,254.14,253.89,0.0010,0.0312,0.0311,0.5942
28-APR-2025,ASTEC,704.45,708.95,-0.0064,0.0292,0.0291,0.5560
28-APR-2025,ASTERDM,513.05,505.25,0.0153,0.0215,0.0215,0.4108
28-APR-2025,ASTRAL,1370.80,1343.60,0.0200,0.0173,0.0173,0.3305
28-APR-2025,ASTRAMICRO,814.10,786.20,0.0349,0.0268,0.0269,0.5139
28-APR-2025,ASTRAZEN,8840.00,8725.00,0.0131,0.0258,0.0258,0.4929
28-APR-2025,ASTRON,13.54,13.05,0.0369,0.0290,0.0291,0.5560
28-APR-2025,ATALREAL,15.45,15.15,0.0196,0.0283,0.0283,0.5407
28-APR-2025,ATAM,106.32,104.21,0.0200,0.0314,0.0313,0.5980
28-APR-2025,ATGL,617.00,599.95,0.0280,0.0313,0.0313,0.5980
28-APR-2025,ATL,25.19,25.65,-0.0181,0.0270,0.0269,0.5139
28-APR-2025,ATLANTAA,42.04,40.04,0.0487,0.0320,0.0321,0.6133
28-APR-2025,ATLASCYCLE,85.66,87.40,-0.0201,0.0523,0.0522,0.9973
28-APR-2025,ATUL,6500.00,6414.50,0.0132,0.0198,0.0198,0.3783
28-APR-2025,ATULAUTO,492.05,495.00,-0.0060,0.0302,0.0301,0.5751
28-APR-2025,AUBANK,688.40,675.20,0.0194,0.0214,0.0214,0.4088
28-APR-2025,AURIONPRO,1469.60,1464.50,0.0035,0.0356,0.0356,0.6801
28-APR-2025,AUROPHARMA,1247.20,1220.10,0.0220,0.0192,0.0193,0.3687
28-APR-2025,AURUM,178.29,177.49,0.0045,0.0313,0.0312,0.5961
28-APR-2025,AUSOMENT,83.71,83.71,0.0000,0.0358,0.0357,0.6820
28-APR-2025,AUTOAXLES,1649.50,1680.80,-0.0188,0.0176,0.0176,0.3362
28-APR-2025,AUTOBEES,227.62,224.14,0.0154,0.0120,0.0120,0.2293
28-APR-2025,AUTOIETF,22.78,22.42,0.0159,0.0119,0.0119,0.2273
28-APR-2025,AUTOIND,77.58,77.90,-0.0041,0.0352,0.0351,0.6706
28-APR-2025,AVADHSUGAR,565.30,549.95,0.0275,0.0290,0.0290,0.5540
28-APR-2025,AVALON,827.30,836.90,-0.0115,0.0315,0.0315,0.6018
28-APR-2025,AVANTEL,116.87,129.71,-0.1042,0.0241,0.0251,0.4795
28-APR-2025,AVANTIFEED,892.55,900.55,-0.0089,0.0309,0.0308,0.5884
28-APR-2025,AVG,249.30,245.75,0.0143,0.0292,0.0291,0.5560
28-APR-2025,AVL,424.85,419.00,0.0139,0.0298,0.0298,0.5693
28-APR-2025,AVONMORE,20.89,21.31,-0.0199,0.0355,0.0354,0.6763
28-APR-2025,AVROIND,154.82,156.18,-0.0087,0.0319,0.0318,0.6075
28-APR-2025,AVTNPL,60.77,60.72,0.0008,0.0234,0.0233,0.4451
28-APR-2025,AWFIS,648.70,659.65,-0.0167,0.0249,0.0249,0.4757
28-APR-2025,AWHCL,496.85,496.55,0.0006,0.0296,0.0295,0.5636
28-APR-2025,AWL,279.25,273.95,0.0192,0.0267,0.0266,0.5082
28-APR-2025,AXISBANK,1192.80,1166.30,0.0225,0.0155,0.0155,0.2961
28-APR-2025,AXISBNKETF,566.31,557.81,0.0151,0.0098,0.0099,0.1891
28-APR-2025,AXISBPSETF,12.57,12.55,0.0016,0.0020,0.0020,0.0382
28-APR-2025,AXISCADES,807.50,808.95,-0.0018,0.0357,0.0356,0.6801
28-APR-2025,AXISCETF,115.36,115.22,0.0012,0.0109,0.0109,0.2082
28-APR-2025,AXISGOLD,79.58,80.61,-0.0129,0.0094,0.0094,0.1796
28-APR-2025,AXISHCETF,143.05,139.88,0.0224,0.0118,0.0119,0.2273
28-APR-2025,AXISILVER,96.85,98.28,-0.0147,0.0132,0.0132,0.2522
28-APR-2025,AXISNIFTY,264.24,261.51,0.0104,0.0082,0.0082,0.1567
28-APR-2025,AXISTECETF,380.88,381.09,-0.0006,0.0134,0.0134,0.2560
28-APR-2025,AXISVALUE,27.48,27.18,0.0110,0.0062,0.0063,0.1204
28-APR-2025,AXITA,10.02,10.00,0.0020,0.0241,0.0240,0.4585
28-APR-2025,AXSENSEX,81.63,80.95,0.0084,0.0100,0.0100,0.1910
28-APR-2025,AYMSYNTEX,211.50,203.28,0.0396,0.0325,0.0326,0.6228
28-APR-2025,AZAD,1565.60,1504.70,0.0397,0.0296,0.0297,0.5674
28-APR-2025,BAFNAPH,82.38,80.40,0.0243,0.0275,0.0275,0.5254
28-APR-2025,BAGFILMS,6.47,6.55,-0.0123,0.0356,0.0355,0.6782
28-APR-2025,BAIDFIN,10.83,10.87,-0.0037,0.0300,0.0299,0.5712
28-APR-2025,BAJAJ-AUTO,8096.00,8034.00,0.0077,0.0176,0.0176,0.3362
28-APR-2025,BAJAJCON,169.24,170.49,-0.0074,0.0199,0.0199,0.3802
28-APR-2025,BAJAJELEC,558.35,553.60,0.0085,0.0199,0.0199,0.3802
28-APR-2025,BAJAJFINSV,2049.70,2045.50,0.0021,0.0164,0.0163,0.3114
28-APR-2025,BAJAJHCARE,575.05,591.65,-0.0285,0.0379,0.0378,0.7222
28-APR-2025,BAJAJHFL,125.11,125.04,0.0006,0.0186,0.0185,0.3534
28-APR-2025,BAJAJHIND,20.51,20.53,-0.0010,0.0331,0.0331,0.6324
28-APR-2025,BAJAJHLDNG,12353.00,12196.00,0.0128,0.0212,0.0212,0.4050
28-APR-2025,BAJAJINDEF,237.25,229.35,0.0339,0.0142,0.0143,0.2732
28-APR-2025,BAJEL,176.47,175.63,0.0048,0.0317,0.0316,0.6037
28-APR-2025,BAJFINANCE,9093.00,9112.00,-0.0021,0.0165,0.0165,0.3152
28-APR-2025,BALAJEE,45.80,45.58,0.0048,0.0217,0.0217,0.4146
28-APR-2025,BALAJITELE,73.45,77.05,-0.0478,0.0334,0.0335,0.6400
28-APR-2025,BALAMINES,1287.10,1300.80,-0.0106,0.0246,0.0246,0.4700
28-APR-2025,BALAXI,57.70,58.37,-0.0115,0.0344,0.0344,0.6572
28-APR-2025,BALKRISHNA,18.53,18.22,0.0169,0.0336,0.0335,0.6400
28-APR-2025,BALKRISIND,2577.60,2518.20,0.0233,0.0188,0.0188,0.3592
28-APR-2025,BALMLAWRIE,190.41,191.37,-0.0050,0.0269,0.0268,0.5120
28-APR-2025,BALPHARMA,104.18,107.16,-0.0282,0.0341,0.0340,0.6496
28-APR-2025,BALRAMCHIN,576.15,571.95,0.0073,0.0243,0.0243,0.4643
28-APR-2025,BALUFORGE,548.40,547.25,0.0021,0.0375,0.0374,0.7145
28-APR-2025,BANARBEADS,120.58,120.37,0.0017,0.0288,0.0288,0.5502
28-APR-2025,BANARISUG,4101.90,4109.80,-0.0019,0.0217,0.0217,0.4146
28-APR-2025,BANCOINDIA,384.25,387.30,-0.0079,0.0365,0.0364,0.6954
28-APR-2025,BANDHANBNK,164.26,165.44,-0.0072,0.0243,0.0242,0.4623
28-APR-2025,BANG,47.32,47.16,0.0034,0.0355,0.0354,0.6763
28-APR-2025,BANKA,69.44,69.96,-0.0075,0.0365,0.0364,0.6954
28-APR-2025,BANKBARODA,252.55,246.82,0.0229,0.0207,0.0207,0.3955
28-APR-2025,BANKBEES,567.68,559.55,0.0144,0.0095,0.0095,0.1815
28-APR-2025,BANKBETF,55.71,55.09,0.0112,0.0109,0.0109,0.2082
28-APR-2025,BANKETF,558.05,549.98,0.0146,0.0093,0.0094,0.1796
28-APR-2025,BANKETFADD,56.20,55.49,0.0127,0.0101,0.0101,0.1930
28-APR-2025,BANKIETF,56.23,55.48,0.0134,0.0099,0.0099,0.1891
28-APR-2025,BANKINDIA,118.38,115.29,0.0264,0.0239,0.0239,0.4566
28-APR-2025,BANKNIFTY1,568.74,560.75,0.0141,0.0099,0.0099,0.1891
28-APR-2025,BANKPSU,66.82,65.32,0.0227,0.0120,0.0120,0.2293
28-APR-2025,BANSALWIRE,371.80,366.00,0.0157,0.0203,0.0203,0.3878
28-APR-2025,BANSWRAS,129.02,131.08,-0.0158,0.0255,0.0255,0.4872
28-APR-2025,BARBEQUE,306.70,277.75,0.0991,0.0245,0.0254,0.4853
28-APR-2025,BASF,4489.50,4524.80,-0.0078,0.0267,0.0266,0.5082
28-APR-2025,BASML,35.10,35.17,-0.0020,0.0322,0.0321,0.6133
28-APR-2025,BATAINDIA,1219.50,1210.50,0.0074,0.0154,0.0154,0.2942
28-APR-2025,BAYERCROP,4793.80,4897.00,-0.0213,0.0192,0.0192,0.3668
28-APR-2025,BBETF0432,1265.00,1265.31,-0.0002,0.0021,0.0021,0.0401
28-APR-2025,BBL,2991.70,2953.60,0.0128,0.0341,0.0341,0.6515
28-APR-2025,BBNPNBETF,55.17,54.63,0.0098,0.0083,0.0084,0.1605
28-APR-2025,BBNPPGOLD,92.90,93.85,-0.0102,0.0092,0.0092,0.1758
28-APR-2025,BBOX,395.30,403.25,-0.0199,0.0328,0.0327,0.6247
28-APR-2025,BBTC,1920.70,1903.50,0.0090,0.0291,0.0290,0.5540
28-APR-2025,BBTCL,172.23,164.78,0.0442,0.0248,0.0249,0.4757
28-APR-2025,BCLIND,38.64,38.75,-0.0028,0.0298,0.0297,0.5674
28-APR-2025,BCONCEPTS,365.55,373.80,-0.0223,0.0351,0.0351,0.6706
28-APR-2025,BDL,1486.50,1413.60,0.0503,0.0304,0.0305,0.5827
28-APR-2025,BEARDSELL,27.86,27.80,0.0022,0.0356,0.0355,0.6782
28-APR-2025,BECTORFOOD,1515.20,1558.30,-0.0280,0.0257,0.0257,0.4910
28-APR-2025,BEDMUTHA,160.57,163.17,-0.0161,0.0311,0.0310,0.5923
28-APR-2025,BEL,305.05,297.60,0.0247,0.0227,0.0227,0.4337
28-APR-2025,BEML,3107.90,3049.90,0.0188,0.0328,0.0327,0.6247
28-APR-2025,BEPL,110.13,110.68,-0.0050,0.0287,0.0286,0.5464
28-APR-2025,BERGEPAINT,553.55,552.45,0.0020,0.0165,0.0164,0.3133
28-APR-2025,BESTAGRO,392.45,379.60,0.0333,0.0340,0.0340,0.6496
28-APR-2025,BFINVEST,496.20,497.25,-0.0021,0.0300,0.0300,0.5731
28-APR-2025,BFSI,26.92,26.70,0.0082,0.0104,0.0104,0.1987
28-APR-2025,BFUTILITIE,739.90,736.70,0.0043,0.0364,0.0363,0.6935
28-APR-2025,BGLOBAL,3.13,3.30,-0.0529,0.0245,0.0247,0.4719
28-APR-2025,BGRENERGY,98.83,98.62,0.0021,0.0352,0.0351,0.6706
28-APR-2025,BHAGCHEM,305.45,308.05,-0.0085,0.0278,0.0277,0.5292
28-APR-2025,BHAGERIA,160.93,161.74,-0.0050,0.0299,0.0298,0.5693
28-APR-2025,BHAGYANGR,72.06,73.43,-0.0188,0.0308,0.0307,0.5865
28-APR-2025,BHANDARI,4.89,4.85,0.0082,0.0323,0.0322,0.6152
28-APR-2025,BHARATFORG,1117.10,1088.50,0.0259,0.0217,0.0217,0.4146
28-APR-2025,BHARATGEAR,77.25,75.54,0.0224,0.0241,0.0240,0.4585
28-APR-2025,BHARATRAS,9557.00,9875.00,-0.0327,0.0275,0.0275,0.5254
28-APR-2025,BHARATSE,76.05,75.67,0.0050,0.0339,0.0339,0.6477
28-APR-2025,BHARATWIRE,185.58,186.13,-0.0030,0.0352,0.0351,0.6706
28-APR-2025,BHARTIARTL,1821.80,1817.20,0.0025,0.0146,0.0145,0.2770
28-APR-2025,BHARTIHEXA,1589.00,1584.90,0.0026,0.0244,0.0243,0.4643
28-APR-2025,BHEL,230.31,222.35,0.0352,0.0277,0.0278,0.5311
28-APR-2025,BIGBLOC,67.59,68.58,-0.0145,0.0341,0.0341,0.6515
28-APR-2025,BIKAJI,726.50,728.85,-0.0032,0.0246,0.0245,0.4681
28-APR-2025,BIL,625.90,596.10,0.0488,0.0345,0.0346,0.6610
28-APR-2025,BINANIIND,17.22,17.86,-0.0365,0.0417,0.0417,0.7967
28-APR-2025,BIOCON,320.85,311.85,0.0285,0.0233,0.0233,0.4451
28-APR-2025,BIOFILCHEM,45.03,45.95,-0.0202,0.0326,0.0326,0.6228
28-APR-2025,BIRET,290.09,289.99,0.0003,0.0120,0.0120,0.2293
28-APR-2025,BIRLACABLE,152.91,151.43,0.0097,0.0325,0.0324,0.6190
28-APR-2025,BIRLACORPN,1088.50,1084.70,0.0035,0.0212,0.0212,0.4050
28-APR-2025,BIRLAMONEY,147.20,149.35,-0.0145,0.0347,0.0346,0.6610
28-APR-2025,BIRLANU,1883.20,1856.00,0.0145,0.0186,0.0186,0.3554
28-APR-2025,BIUL,52.35,52.35,0.0000,0.0692,0.0690,1.3182
28-APR-2025,BLACKBUCK,404.00,406.75,-0.0068,0.0263,0.0262,0.5006
28-APR-2025,BLAL,213.88,207.04,0.0325,0.0264,0.0264,0.5044
28-APR-2025,BLBLIMITED,15.40,15.83,-0.0275,0.0337,0.0336,0.6419
28-APR-2025,BLISSGVS,121.55,121.88,-0.0027,0.0335,0.0334,0.6381
28-APR-2025,BLKASHYAP,65.76,66.58,-0.0124,0.0329,0.0329,0.6286
28-APR-2025,BLS,370.20,371.55,-0.0036,0.0312,0.0311,0.5942
28-APR-2025,BLSE,150.58,151.52,-0.0062,0.0248,0.0248,0.4738
28-APR-2025,BLUECHIP,6.58,6.72,-0.0211,0.1046,0.1044,1.9946
28-APR-2025,BLUECOAST,30.85,31.48,-0.0202,0.0815,0.0813,1.5532
28-APR-2025,BLUEDART,6491.00,6401.00,0.0140,0.0205,0.0205,0.3917
28-APR-2025,BLUEJET,711.10,723.05,-0.0167,0.0296,0.0295,0.5636
28-APR-2025,BLUESTARCO,1746.40,1739.20,0.0041,0.0254,0.0253,0.4834
28-APR-2025,BODALCHEM,66.42,66.64,-0.0033,0.0278,0.0277,0.5292
28-APR-2025,BOHRAIND,28.28,29.70,-0.0490,0.0247,0.0249,0.4757
28-APR-2025,BOMDYEING,133.41,134.53,-0.0084,0.0305,0.0304,0.5808
28-APR-2025,BOROLTD,315.20,319.00,-0.0120,0.0267,0.0266,0.5082
28-APR-2025,BORORENEW,503.65,511.10,-0.0147,0.0284,0.0283,0.5407
28-APR-2025,BOROSCI,132.25,134.16,-0.0143,0.0225,0.0225,0.4299
28-APR-2025,BOSCHLTD,28315.00,27995.00,0.0114,0.0152,0.0152,0.2904
28-APR-2025,BPCL,310.00,295.70,0.0472,0.0193,0.0195,0.3725
28-APR-2025,BPL,73.57,75.23,-0.0223,0.0335,0.0335,0.6400
28-APR-2025,BRIGADE,1024.90,1023.00,0.0019,0.0244,0.0243,0.4643
28-APR-2025,BRITANNIA,5428.80,5420.50,0.0015,0.0132,0.0132,0.2522
28-APR-2025,BRNL,26.22,26.92,-0.0263,0.0327,0.0327,0.6247
28-APR-2025,BROOKS,137.69,139.86,-0.0156,0.0373,0.0372,0.7107
28-APR-2025,BSE,6564.50,6303.50,0.0406,0.0374,0.0374,0.7145
28-APR-2025,BSE500IETF,37.13,36.79,0.0092,0.0094,0.0094,0.1796
28-APR-2025,BSHSL,135.19,136.23,-0.0077,0.0306,0.0305,0.5827
28-APR-2025,BSL,155.14,156.27,-0.0073,0.0341,0.0340,0.6496
28-APR-2025,BSLGOLDETF,83.98,84.91,-0.0110,0.0096,0.0096,0.1834
28-APR-2025,BSLNIFTY,27.96,27.65,0.0111,0.0083,0.0083,0.1586
28-APR-2025,BSLSENETFG,79.29,78.26,0.0131,0.0092,0.0092,0.1758
28-APR-2025,BSOFT,390.00,386.05,0.0102,0.0222,0.0221,0.4222
28-APR-2025,BTML,8.08,8.06,0.0025,0.0343,0.0342,0.6534
28-APR-2025,BUTTERFLY,658.70,700.45,-0.0615,0.0263,0.0266,0.5082
28-APR-2025,BVCL,38.43,38.94,-0.0132,0.0303,0.0302,0.5770
28-APR-2025,BYKE,77.14,79.15,-0.0257,0.0318,0.0318,0.6075
28-APR-2025,CALSOFT,11.78,11.29,0.0425,0.0307,0.0308,0.5884
28-APR-2025,CAMLINFINE,163.61,166.54,-0.0177,0.0339,0.0338,0.6457
28-APR-2025,CAMPUS,243.39,242.61,0.0032,0.0236,0.0235,0.4490
28-APR-2025,CAMS,3944.10,3938.00,0.0015,0.0254,0.0253,0.4834
28-APR-2025,CANBK,98.45,96.53,0.0197,0.0219,0.0219,0.4184
28-APR-2025,CANFINHOME,726.85,723.15,0.0051,0.0204,0.0203,0.3878
28-APR-2025,CANTABIL,248.05,251.55,-0.0140,0.0294,0.0293,0.5598
28-APR-2025,CAPACITE,362.35,361.25,0.0030,0.0293,0.0292,0.5579
28-APR-2025,CAPFIN,10.00,10.00,0.0000,0.0000,0.0000,0.0000
28-APR-2025,CAPINVIT,89.50,89.56,-0.0007,0.0066,0.0066,0.1261
28-APR-2025,CAPITALSFB,303.75,289.60,0.0477,0.0163,0.0166,0.3171
28-APR-2025,CAPLIPOINT,1907.60,1806.60,0.0544,0.0292,0.0294,0.5617
28-APR-2025,CAPTRUST,90.85,89.64,0.0134,0.0409,0.0408,0.7795
28-APR-2025,CARBORUNIV,1025.70,1026.00,-0.0003,0.0208,0.0207,0.3955
28-APR-2025,CARERATING,1204.70,1218.30,-0.0112,0.0252,0.0252,0.4814
28-APR-2025,CARRARO,380.25,386.50,-0.0163,0.0313,0.0312,0.5961
28-APR-2025,CARTRADE,1715.50,1683.50,0.0188,0.0332,0.0331,0.6324
28-APR-2025,CARYSIL,632.05,632.40,-0.0006,0.0320,0.0319,0.6094
28-APR-2025,CASHIETF,1007.81,1007.65,0.0002,0.0001,0.0001,0.0019
28-APR-2025,CASTLE,25.35,25.35,0.0000,0.0000,0.0000,0.0000
28-APR-2025,CASTROLIND,209.51,202.98,0.0317,0.0256,0.0256,0.4891
28-APR-2025,CCCL,15.31,13.88,0.0981,0.1009,0.1009,1.9277
28-APR-2025,CCHHL,15.96,16.82,-0.0525,0.0354,0.0355,0.6782
28-APR-2025,CCL,615.40,613.90,0.0024,0.0205,0.0205,0.3917
28-APR-2025,CDSL,1339.10,1330.90,0.0061,0.0269,0.0268,0.5120
28-APR-2025,CEATLTD,3044.50,3034.70,0.0032,0.0235,0.0235,0.4490
28-APR-2025,CEIGALL,258.30,258.15,0.0006,0.0175,0.0175,0.3343
28-APR-2025,CELEBRITY,12.23,11.40,0.0703,0.0364,0.0367,0.7012
28-APR-2025,CELLO,559.70,563.05,-0.0060,0.0172,0.0172,0.3286
28-APR-2025,CENTENKA,524.55,515.50,0.0174,0.0300,0.0300,0.5731
28-APR-2025,CENTEXT,18.27,18.07,0.0110,0.0348,0.0347,0.6629
28-APR-2025,CENTRALBK,37.40,36.89,0.0137,0.0302,0.0301,0.5751
28-APR-2025,CENTRUM,25.36,25.72,-0.0141,0.0333,0.0332,0.6343
28-APR-2025,CENTUM,1659.80,1621.20,0.0235,0.0368,0.0367,0.7012
28-APR-2025,CENTURYPLY,727.90,718.95,0.0124,0.0217,0.0217,0.4146
28-APR-2025,CERA,5416.50,5471.50,-0.0101,0.0204,0.0204,0.3897
28-APR-2025,CEREBRAINT,5.44,5.42,0.0037,0.0330,0.0329,0.6286
28-APR-2025,CESC,159.34,153.96,0.0343,0.0237,0.0238,0.4547
28-APR-2025,CEWATER,515.15,509.70,0.0106,0.0274,0.0273,0.5216
28-APR-2025,CGCL,165.53,160.65,0.0299,0.0317,0.0317,0.6056
28-APR-2025,CGPOWER,633.60,633.10,0.0008,0.0257,0.0257,0.4910
28-APR-2025,CHALET,812.95,825.55,-0.0154,0.0220,0.0220,0.4203
28-APR-2025,CHAMBLFERT,690.95,676.85,0.0206,0.0261,0.0261,0.4986
28-APR-2025,CHEMBOND,529.25,530.00,-0.0014,0.0261,0.0261,0.4986
28-APR-2025,CHEMCON,196.93,200.58,-0.0184,0.0215,0.0215,0.4108
28-APR-2025,CHEMFAB,810.70,786.05,0.0309,0.0341,0.0341,0.6515
28-APR-2025,CHEMPLASTS,425.90,433.30,-0.0172,0.0217,0.0217,0.4146
28-APR-2025,CHENNPETRO,620.95,631.00,-0.0161,0.0309,0.0308,0.5884
28-APR-2025,CHEVIOT,1047.50,1059.40,-0.0113,0.0189,0.0189,0.3611
28-APR-2025,CHOICEIN,622.45,624.75,-0.0037,0.0191,0.0190,0.3630
28-APR-2025,CHOLAFIN,1525.80,1543.40,-0.0115,0.0221,0.0221,0.4222
28-APR-2025,CHOLAHLDNG,1893.10,1980.30,-0.0450,0.0250,0.0251,0.4795
28-APR-2025,CIEINDIA,409.45,409.20,0.0006,0.0189,0.0188,0.3592
28-APR-2025,CIFL,36.95,38.52,-0.0416,0.0343,0.0343,0.6553
28-APR-2025,CIGNITITEC,1362.30,1345.80,0.0122,0.0245,0.0245,0.4681
28-APR-2025,CINELINE,88.99,92.26,-0.0361,0.0305,0.0306,0.5846
28-APR-2025,CINEVISTA,15.49,15.48,0.0006,0.0319,0.0318,0.6075
28-APR-2025,CIPLA,1555.10,1525.90,0.0190,0.0156,0.0156,0.2980
28-APR-2025,CITYGOLD,10.00,10.00,0.0000,0.0000,0.0000,0.0000
28-APR-2025,CLEAN,1189.20,1194.30,-0.0043,0.0199,0.0199,0.3802
28-APR-2025,CLEDUCATE,86.72,87.79,-0.0123,0.0359,0.0358,0.6840
28-APR-2025,CLSEL,328.15,330.20,-0.0062,0.0298,0.0298,0.5693
28-APR-2025,CMICABLES,3.53,3.71,-0.0497,0.0240,0.0242,0.4623
28-APR-2025,CMSINFO,459.15,464.20,-0.0109,0.0218,0.0218,0.4165
28-APR-2025,COALINDIA,397.15,393.15,0.0101,0.0184,0.0184,0.3515
28-APR-2025,COASTCORP,37.60,38.84,-0.0324,0.0327,0.0327,0.6247
28-APR-2025,COCHINSHIP,1502.10,1415.30,0.0595,0.0328,0.0330,0.6305
28-APR-2025,COFFEEDAY,30.88,30.28,0.0196,0.0369,0.0368,0.7031
28-APR-2025,COFORGE,7377.50,7390.00,-0.0017,0.0241,0.0240,0.4585
28-APR-2025,COLPAL,2694.50,2671.40,0.0086,0.0154,0.0153,0.2923
28-APR-2025,COMMOIETF,86.85,85.57,0.0148,0.0113,0.0113,0.2159
28-APR-2025,COMPUSOFT,20.69,19.22,0.0737,0.0385,0.0388,0.7413
28-APR-2025,COMSYN,88.02,84.86,0.0366,0.0292,0.0292,0.5579
28-APR-2025,CONCOR,685.40,678.75,0.0097,0.0217,0.0216,0.4127
28-APR-2025,CONCORDBIO,1553.30,1588.00,-0.0221,0.0295,0.0294,0.5617
28-APR-2025,CONFIPET,53.72,54.02,-0.0056,0.0294,0.0293,0.5598
28-APR-2025,CONS,114.93,114.52,0.0036,0.0124,0.0124,0.2369
28-APR-2025,CONSOFINVT,190.94,186.85,0.0217,0.0276,0.0276,0.5273
28-APR-2025,CONSUMBEES,124.99,124.17,0.0066,0.0086,0.0086,0.1643
28-APR-2025,CONSUMER,10.94,10.85,0.0083,0.0089,0.0089,0.1700
28-APR-2025,CONSUMIETF,115.92,115.31,0.0053,0.0090,0.0090,0.1719
28-APR-2025,CONTROLPR,626.90,631.90,-0.0079,0.0210,0.0210,0.4012
28-APR-2025,CORALFINAC,39.62,40.27,-0.0163,0.0339,0.0338,0.6457
28-APR-2025,CORDSCABLE,170.20,173.76,-0.0207,0.0357,0.0357,0.6820
28-APR-2025,COROMANDEL,2237.40,2201.40,0.0162,0.0191,0.0191,0.3649
28-APR-2025,COSMOFIRST,594.95,594.95,0.0000,0.0309,0.0308,0.5884
28-APR-2025,COUNCODOS,11.98,10.89,0.0954,0.0390,0.0395,0.7546
28-APR-2025,CPCAP,400.15,411.45,-0.0278,0.0289,0.0289,0.5521
28-APR-2025,CPSEETF,89.50,88.21,0.0145,0.0155,0.0155,0.2961
28-APR-2025,CRAFTSMAN,4748.10,4779.00,-0.0065,0.0250,0.0249,0.4757
28-APR-2025,CREATIVE,749.00,773.50,-0.0322,0.0316,0.0316,0.6037
28-APR-2025,CREATIVEYE,6.43,6.47,-0.0062,0.0395,0.0394,0.7527
28-APR-2025,CRED,14.45,14.45,0.0000,0.0040,0.0040,0.0764
28-APR-2025,CREDITACC,1095.15,1120.65,-0.0230,0.0299,0.0299,0.5712
28-APR-2025,CREST,394.30,389.60,0.0120,0.0320,0.0319,0.6094
28-APR-2025,CRISIL,4544.30,4524.80,0.0043,0.0213,0.0213,0.4069
28-APR-2025,CROMPTON,332.85,334.85,-0.0060,0.0189,0.0188,0.3592
28-APR-2025,CROWN,164.13,169.78,-0.0338,0.0294,0.0295,0.5636
28-APR-2025,CSBBANK,361.85,355.70,0.0171,0.0200,0.0200,0.3821
28-APR-2025,CSLFINANCE,317.70,320.80,-0.0097,0.0326,0.0325,0.6209
28-APR-2025,CTE,42.94,42.88,0.0014,0.0355,0.0355,0.6782
28-APR-2025,CUB,178.51,177.39,0.0063,0.0197,0.0196,0.3745
28-APR-2025,CUBEINVIT,125.00,125.00,0.0000,0.0139,0.0138,0.2636
28-APR-2025,CUBEXTUB,77.97,77.87,0.0013,0.0334,0.0333,0.6362
28-APR-2025,CUMMINSIND,2920.60,2861.10,0.0206,0.0214,0.0214,0.4088
28-APR-2025,CUPID,76.83,74.07,0.0366,0.0281,0.0281,0.5368
28-APR-2025,CURAA,68.67,67.33,0.0197,0.0180,0.0180,0.3439
28-APR-2025,CYBERMEDIA,14.78,14.54,0.0164,0.0385,0.0384,0.7336
28-APR-2025,CYBERTECH,149.63,150.03,-0.0027,0.0344,0.0343,0.6553
28-APR-2025,CYIENT,1181.70,1170.80,0.0093,0.0276,0.0275,0.5254
28-APR-2025,CYIENTDLM,462.15,461.65,0.0011,0.0261,0.0261,0.4986
28-APR-2025,DABUR,482.20,484.60,-0.0050,0.0138,0.0138,0.2636
28-APR-2025,DALBHARAT,1983.70,1965.90,0.0090,0.0179,0.0178,0.3401
28-APR-2025,DALMIARF,165.20,165.20,0.0000,0.0025,0.0024,0.0459
28-APR-2025,DALMIASUG,395.00,392.10,0.0074,0.0296,0.0296,0.5655
28-APR-2025,DAMCAPITAL,217.98,221.94,-0.0180,0.0213,0.0213,0.4069
28-APR-2025,DAMODARIND,33.98,33.45,0.0157,0.0288,0.0287,0.5483
28-APR-2025,DANGEE,4.70,4.80,-0.0211,0.0366,0.0366,0.6992
28-APR-2025,DATAMATICS,604.70,605.15,-0.0007,0.0324,0.0324,0.6190
28-APR-2025,DATAPATTNS,2236.10,2086.60,0.0692,0.0330,0.0333,0.6362
28-APR-2025,DAVANGERE,3.89,3.86,0.0077,0.0288,0.0288,0.5502
28-APR-2025,DBCORP,248.58,245.06,0.0143,0.0295,0.0294,0.5617
28-APR-2025,DBEIL,139.03,140.30,-0.0091,0.0248,0.0247,0.4719
28-APR-2025,DBL,440.65,443.60,-0.0067,0.0288,0.0287,0.5483
28-APR-2025,DBOL,72.15,73.12,-0.0134,0.0252,0.0251,0.4795
28-APR-2025,DBREALTY,177.34,177.36,-0.0001,0.0379,0.0378,0.7222
28-APR-2025,DBSTOCKBRO,27.24,27.76,-0.0189,0.0303,0.0302,0.5770
28-APR-2025,DCAL,203.53,206.06,-0.0124,0.0366,0.0365,0.6973
28-APR-2025,DCBBANK,139.45,127.03,0.0933,0.0197,0.0208,0.3974
28-APR-2025,DCI,269.30,271.55,-0.0083,0.0345,0.0344,0.6572
28-APR-2025,DCM,103.60,105.13,-0.0147,0.0309,0.0308,0.5884
28-APR-2025,DCMFINSERV,5.65,5.60,0.0089,0.0319,0.0318,0.6075
28-APR-2025,DCMNVL,174.00,173.47,0.0031,0.0309,0.0308,0.5884
28-APR-2025,DCMSHRIRAM,1013.10,1020.30,-0.0071,0.0246,0.0246,0.4700
28-APR-2025,DCMSRIND,180.13,180.17,-0.0002,0.0268,0.0267,0.5101
28-APR-2025,DCW,83.91,84.60,-0.0082,0.0320,0.0319,0.6094
28-APR-2025,DCXINDIA,281.65,273.52,0.0293,0.0319,0.0319,0.6094
28-APR-2025,DDEVPLSTIK,272.20,271.75,0.0017,0.0355,0.0354,0.6763
28-APR-2025,DECCANCE,778.70,780.60,-0.0024,0.0264,0.0263,0.5025
28-APR-2025,DEEDEV,228.48,229.59,-0.0048,0.0292,0.0292,0.5579
28-APR-2025,DEEPAKFERT,1313.90,1309.20,0.0036,0.0319,0.0318,0.6075
28-APR-2025,DEEPAKNTR,1978.00,1961.30,0.0085,0.0222,0.0221,0.4222
28-APR-2025,DEEPINDS,460.70,459.85,0.0018,0.0335,0.0334,0.6381
28-APR-2025,DELHISAFE,48.80,48.80,0.0000,0.0000,0.0000,0.0000
28-APR-2025,DELHIVERY,304.35,304.90,-0.0018,0.0227,0.0227,0.4337
28-APR-2025,DELPHIFX,140.70,144.98,-0.0300,0.0309,0.0309,0.5903
28-APR-2025,DELTACORP,91.67,91.33,0.0037,0.0249,0.0248,0.4738
28-APR-2025,DELTAMAGNT,62.71,63.34,-0.0100,0.0351,0.0350,0.6687
28-APR-2025,DEN,32.82,32.94,-0.0036,0.0266,0.0265,0.5063
28-APR-2025,DENIMDL,1.10,1.10,0.0000,0.0000,0.0000,0.0000
28-APR-2025,DENORA,778.45,794.90,-0.0209,0.0337,0.0336,0.6419
28-APR-2025,DENTA,300.85,294.45,0.0215,0.0206,0.0206,0.3936
28-APR-2025,DEVIT,106.24,107.01,-0.0072,0.0340,0.0339,0.6477
28-APR-2025,DEVRUPTRAD,10.00,10.00,0.0000,0.0000,0.0000,0.0000
28-APR-2025,DEVYANI,176.01,175.21,0.0046,0.0233,0.0232,0.4432
28-APR-2025,DEWANHOUS,16.70,16.70,0.0000,0.0056,0.0056,0.1070
28-APR-2025,DGCONTENT,37.39,38.12,-0.0193,0.0317,0.0317,0.6056
28-APR-2025,DHAMPURSUG,130.02,129.41,0.0047,0.0248,0.0247,0.4719
28-APR-2025,DHANBANK,28.66,28.95,-0.0101,0.0306,0.0305,0.5827
28-APR-2025,DHANI,59.34,60.19,-0.0142,0.0405,0.0404,0.7718
28-APR-2025,DHANUKA,1309.60,1309.90,-0.0002,0.0251,0.0250,0.4776
28-APR-2025,DHARMAJ,205.49,205.91,-0.0020,0.0304,0.0303,0.5789
28-APR-2025,DHRUV,65.27,65.97,-0.0107,0.0336,0.0336,0.6419
28-APR-2025,DHUNINV,1490.50,1498.70,-0.0055,0.0360,0.0359,0.6859
28-APR-2025,DIACABS,95.94,96.57,-0.0065,0.0318,0.0317,0.6056
28-APR-2025,DIAMINESQ,369.45,368.15,0.0035,0.0286,0.0286,0.5464
28-APR-2025,DIAMONDYD,1223.50,1222.60,0.0007,0.0259,0.0259,0.4948
28-APR-2025,DICIND,712.20,701.50,0.0151,0.0240,0.0240,0.4585
28-APR-2025,DIFFNKG,241.95,251.80,-0.0399,0.0290,0.0291,0.5560
28-APR-2025,DIGIDRIVE,31.75,32.72,-0.0301,0.0303,0.0303,0.5789
28-APR-2025,DIGISPICE,20.28,19.60,0.0341,0.0354,0.0354,0.6763
28-APR-2025,DIGJAMLMTD,39.31,39.23,0.0020,0.0271,0.0271,0.5177
28-APR-2025,DIL,2.47,2.53,-0.0240,0.0366,0.0365,0.6973
28-APR-2025,DISHTV,5.06,5.15,-0.0176,0.0309,0.0309,0.5903
28-APR-2025,DIVGIITTS,477.25,489.85,-0.0261,0.0240,0.0240,0.4585
28-APR-2025,DIVISLAB,6026.50,6012.50,0.0023,0.0180,0.0180,0.3439
28-APR-2025,DIVOPPBEES,76.55,75.88,0.0088,0.0097,0.0097,0.1853
28-APR-2025,DIXON,16415.00,16219.00,0.0120,0.0273,0.0273,0.5216
28-APR-2025,DJML,121.13,124.26,-0.0255,0.0282,0.0282,0.5388
28-APR-2025,DLF,663.90,653.55,0.0157,0.0217,0.0216,0.4127
28-APR-2025,DLINKINDIA,451.85,447.05,0.0107,0.0316,0.0316,0.6037
28-APR-2025,DMART,4366.80,4375.20,-0.0019,0.0189,0.0189,0.3611
28-APR-2025,DMCC,298.05,313.50,-0.0505,0.0303,0.0304,0.5808
28-APR-2025,DNAMEDIA,4.91,4.94,-0.0061,0.0366,0.0365,0.6973
28-APR-2025,DODLA,1097.90,1117.90,-0.0181,0.0239,0.0238,0.4547
28-APR-2025,DOLATALGO,87.50,88.29,-0.0090,0.0363,0.0363,0.6935
28-APR-2025,DOLLAR,378.35,380.95,-0.0068,0.0253,0.0253,0.4834
28-APR-2025,DOLPHIN,391.60,383.95,0.0197,0.0802,0.0800,1.5284
28-APR-2025,DOMS,2814.90,2818.80,-0.0014,0.0248,0.0247,0.4719
28-APR-2025,DONEAR,108.69,108.44,0.0023,0.0344,0.0343,0.6553
28-APR-2025,DPABHUSHAN,1444.90,1438.00,0.0048,0.0255,0.0254,0.4853
28-APR-2025,DPSCLTD,12.83,12.96,-0.0101,0.0310,0.0309,0.5903
28-APR-2025,DPWIRES,215.48,217.38,-0.0088,0.0237,0.0237,0.4528
28-APR-2025,DRCSYSTEMS,24.05,24.76,-0.0291,0.0424,0.0424,0.8101
28-APR-2025,DREAMFOLKS,241.40,246.04,-0.0190,0.0239,0.0238,0.4547
28-APR-2025,DREDGECORP,583.45,583.90,-0.0008,0.0335,0.0335,0.6400
28-APR-2025,DRREDDY,1198.70,1174.80,0.0201,0.0136,0.0136,0.2598
28-APR-2025,DSSL,1111.50,1098.90,0.0114,0.0354,0.0354,0.6763
28-APR-2025,DTIL,178.11,182.60,-0.0249,0.0277,0.0277,0.5292
28-APR-2025,DUCON,5.92,5.97,-0.0084,0.0347,0.0346,0.6610
28-APR-2025,DVL,356.20,362.45,-0.0174,0.0310,0.0310,0.5923
28-APR-2025,DWARKESH,40.91,40.53,0.0093,0.0256,0.0255,0.4872
28-APR-2025,DYCL,545.00,553.20,-0.0149,0.0354,0.0353,0.6744
28-APR-2025,DYNAMATECH,6377.00,6386.00,-0.0014,0.0274,0.0274,0.5235
28-APR-2025,DYNPRO,272.05,270.35,0.0063,0.0300,0.0299,0.5712
28-APR-2025,E2E,2307.30,2197.50,0.0488,0.0361,0.0362,0.6916
28-APR-2025,EASEMYTRIP,11.79,11.79,0.0000,0.0296,0.0295,0.5636
28-APR-2025,EBANKNIFTY,55.46,54.66,0.0145,0.0078,0.0079,0.1509
28-APR-2025,EBBETF0430,1499.38,1502.17,-0.0019,0.0021,0.0021,0.0401
28-APR-2025,EBBETF0431,1342.72,1342.59,0.0001,0.0022,0.0022,0.0420
28-APR-2025,EBBETF0433,1234.05,1233.14,0.0007,0.0027,0.0027,0.0516
28-APR-2025,EBSL,10.00,10.00,0.0000,0.0000,0.0000,0.0000
28-APR-2025,ECAPINSURE,20.64,20.60,0.0019,0.0115,0.0115,0.2197
28-APR-2025,ECLERX,2543.10,2563.50,-0.0080,0.0234,0.0233,0.4451
28-APR-2025,ECOSMOBLTY,198.27,197.17,0.0056,0.0285,0.0284,0.5426
28-APR-2025,EDELWEISS,81.84,83.24,-0.0170,0.0345,0.0344,0.6572
28-APR-2025,EDUCOMP,1.76,1.72,0.0230,0.0242,0.0242,0.4623
28-APR-2025,EGOLD,95.80,96.80,-0.0104,0.0114,0.0114,0.2178
28-APR-2025,EICHERMOT,5622.00,5575.50,0.0083,0.0170,0.0170,0.3248
28-APR-2025,EIDPARRY,846.40,845.00,0.0017,0.0229,0.0228,0.4356
28-APR-2025,EIEL,205.67,208.09,-0.0117,0.0277,0.0276,0.5273
28-APR-2025,EIFFL,214.82,216.04,-0.0057,0.0241,0.0241,0.4604
28-APR-2025,EIFL,10.00,10.00,0.0000,0.0000,0.0000,0.0000
28-APR-2025,EIHAHOTELS,366.70,366.60,0.0003,0.0270,0.0270,0.5158
28-APR-2025,EIHOTEL,380.25,383.80,-0.0093,0.0239,0.0238,0.4547
28-APR-2025,EIMCOELECO,1764.90,1711.10,0.0310,0.0342,0.0342,0.6534
28-APR-2025,EKC,122.43,122.73,-0.0024,0.0334,0.0333,0.6362
28-APR-2025,ELDEHSG,850.00,830.80,0.0228,0.0282,0.0282,0.5388
28-APR-2025,ELECON,541.10,517.70,0.0442,0.0329,0.0329,0.6286
28-APR-2025,ELECTCAST,101.83,103.69,-0.0181,0.0322,0.0322,0.6152
28-APR-2025,ELECTHERM,1153.85,1131.25,0.0198,0.0315,0.0315,0.6018
28-APR-2025,ELGIEQUIP,463.45,454.50,0.0195,0.0284,0.0283,0.5407
28-APR-2025,ELGIRUBCO,60.02,61.25,-0.0203,0.0365,0.0364,0.6954
28-APR-2025,ELIN,148.98,150.55,-0.0105,0.0301,0.0300,0.5731
28-APR-2025,EMAMILTD,623.60,619.80,0.0061,0.0231,0.0231,0.4413
28-APR-2025,EMAMIPAP,91.35,92.53,-0.0128,0.0248,0.0248,0.4738
28-APR-2025,EMAMIREAL,117.67,121.06,-0.0284,0.0353,0.0353,0.6744
28-APR-2025,EMBASSY,381.93,380.29,0.0043,0.0122,0.0122,0.2331
28-APR-2025,EMBDL,101.78,103.48,-0.0166,0.0369,0.0368,0.7031
28-APR-2025,EMCURE,1035.80,1029.60,0.0060,0.0206,0.0206,0.3936
28-APR-2025,EMIL,142.90,139.35,0.0252,0.0292,0.0292,0.5579
28-APR-2025,EMKAY,203.41,206.92,-0.0171,0.0319,0.0318,0.6075
28-APR-2025,EMMBI,107.14,106.87,0.0025,0.0355,0.0354,0.6763
28-APR-2025,EMSLIMITED,639.35,655.95,-0.0256,0.0301,0.0301,0.5751
28-APR-2025,EMUDHRA,788.00,804.50,-0.0207,0.0283,0.0282,0.5388
28-APR-2025,EMULTIMQ,39.46,39.08,0.0097,0.0098,0.0098,0.1872
28-APR-2025,ENDURANCE,1909.10,1922.20,-0.0068,0.0184,0.0184,0.3515
28-APR-2025,ENERGYDEV,19.80,19.29,0.0261,0.0329,0.0329,0.6286
28-APR-2025,ENGINERSIN,177.90,179.37,-0.0082,0.0311,0.0310,0.5923
28-APR-2025,ENIL,136.58,138.04,-0.0106,0.0287,0.0286,0.5464
28-APR-2025,ENTERO,1321.00,1322.60,-0.0012,0.0233,0.0232,0.4432
28-APR-2025,EPACK,365.10,358.45,0.0184,0.0308,0.0307,0.5865
28-APR-2025,EPIGRAL,1855.00,1839.00,0.0087,0.0325,0.0324,0.6190
28-APR-2025,EPL,194.50,193.65,0.0044,0.0254,0.0253,0.4834
28-APR-2025,EQUAL200,12.34,12.23,0.0090,0.0055,0.0056,0.1070
28-APR-2025,EQUAL50ADD,312.59,309.50,0.0099,0.0096,0.0096,0.1834
28-APR-2025,EQUIPPP,19.84,20.92,-0.0530,0.0280,0.0282,0.5388
28-APR-2025,EQUITASBNK,66.97,69.97,-0.0438,0.0216,0.0218,0.4165
28-APR-2025,ERIS,1486.30,1468.20,0.0123,0.0210,0.0210,0.4012
28-APR-2025,EROSMEDIA,6.00,6.32,-0.0520,0.0282,0.0283,0.5407
28-APR-2025,ESABINDIA,4645.20,4604.60,0.0088,0.0198,0.0198,0.3783
28-APR-2025,ESAFSFB,30.14,30.29,-0.0050,0.0212,0.0211,0.4031
28-APR-2025,ESCORTS,3359.50,3333.70,0.0077,0.0191,0.0191,0.3649
28-APR-2025,ESG,41.17,40.65,0.0127,0.0091,0.0092,0.1758
28-APR-2025,ESILVER,97.59,98.94,-0.0137,0.0127,0.0127,0.2426
28-APR-2025,ESSARSHPNG,30.38,30.91,-0.0173,0.0392,0.0391,0.7470
28-APR-2025,ESSENTIA,2.32,2.34,-0.0086,0.0324,0.0323,0.6171
28-APR-2025,ESTER,123.98,125.90,-0.0154,0.0348,0.0347,0.6629
28-APR-2025,ETERNAL,227.21,228.78,-0.0069,0.0269,0.0269,0.5139
28-APR-2025,ETHOSLTD,2598.90,2625.80,-0.0103,0.0248,0.0248,0.4738
28-APR-2025,EUREKAFORB,500.30,500.00,0.0006,0.0238,0.0237,0.4528
28-APR-2025,EUROTEXIND,13.18,13.50,-0.0240,0.0554,0.0553,1.0565
28-APR-2025,EVEREADY,316.85,319.05,-0.0069,0.0241,0.0241,0.4604
28-APR-2025,EVERESTIND,516.00,515.50,0.0010,0.0271,0.0270,0.5158
28-APR-2025,EVIETF,27.29,26.98,0.0114,0.0028,0.0029,0.0554
28-APR-2025,EVINDIA,27.21,26.97,0.0089,0.0103,0.0103,0.1968
28-APR-2025,EXCEL,0.74,0.75,-0.0134,0.0433,0.0432,0.8253
28-APR-2025,EXCELINDUS,1075.55,1076.45,-0.0008,0.0313,0.0312,0.5961
28-APR-2025,EXICOM,159.95,162.62,-0.0166,0.0335,0.0334,0.6381
28-APR-2025,EXIDEIND,377.30,370.50,0.0182,0.0208,0.0208,0.3974
28-APR-2025,EXPLEOSOL,856.50,870.70,-0.0164,0.0223,0.0223,0.4260
28-APR-2025,EXXARO,6.30,6.34,-0.0063,0.0281,0.0281,0.5368
28-APR-2025,FACT,743.45,739.05,0.0059,0.0357,0.0357,0.6820
28-APR-2025,FAIRCHEMOR,867.05,864.35,0.0031,0.0348,0.0347,0.6629
28-APR-2025,FAZE3Q,500.35,500.80,-0.0009,0.0311,0.0310,0.5923
28-APR-2025,FCL,243.50,241.63,0.0077,0.0283,0.0282,0.5388
28-APR-2025,FCONSUMER,0.52,0.51,0.0194,0.0289,0.0288,0.5502
28-APR-2025,FCSSOFT,2.61,2.66,-0.0190,0.0361,0.0361,0.6897
28-APR-2025,FDC,426.00,425.55,0.0011,0.0200,0.0200,0.3821
28-APR-2025,FEDERALBNK,199.83,196.49,0.0169,0.0167,0.0167,0.3191
28-APR-2025,FEDFINA,89.52,89.97,-0.0050,0.0166,0.0166,0.3171
28-APR-2025,FEL,0.66,0.66,0.0000,0.0286,0.0285,0.5445
28-APR-2025,FELDVR,4.10,3.94,0.0398,0.0322,0.0323,0.6171
28-APR-2025,FIBERWEB,39.97,39.34,0.0159,0.0360,0.0359,0.6859
28-APR-2025,FIEMIND,1501.80,1515.30,-0.0089,0.0226,0.0225,0.4299
28-APR-2025,FILATEX,43.92,43.11,0.0186,0.0302,0.0301,0.5751
28-APR-2025,FILATFASH,0.50,0.50,0.0000,0.0280,0.0279,0.5330
28-APR-2025,FINCABLES,874.05,864.70,0.0108,0.0284,0.0283,0.5407
28-APR-2025,FINEORG,4175.30,4180.60,-0.0013,0.0211,0.0210,0.4012
28-APR-2025,FINIETF,27.99,27.86,0.0047,0.0122,0.0121,0.2312
28-APR-2025,FINOPB,259.61,245.15,0.0573,0.0324,0.0326,0.6228
28-APR-2025,FINPIPE,177.11,171.91,0.0298,0.0241,0.0241,0.4604
28-APR-2025,FIRL,10.00,10.00,0.0000,0.0000,0.0000,0.0000
28-APR-2025,FIRSTCRY,334.45,339.00,-0.0135,0.0274,0.0274,0.5235
28-APR-2025,FIVESTAR,766.95,796.90,-0.0383,0.0255,0.0255,0.4872
28-APR-2025,FLAIR,249.81,249.89,-0.0003,0.0244,0.0244,0.4662
28-APR-2025,FLEXITUFF,37.77,37.91,-0.0037,0.0347,0.0346,0.6610
28-APR-2025,FLFL,1.99,2.11,-0.0586,0.0276,0.0278,0.5311
28-APR-2025,FLUOROCHEM,3917.30,3978.00,-0.0154,0.0229,0.0228,0.4356
28-APR-2025,FMCGIETF,59.84,59.78,0.0010,0.0088,0.0087,0.1662
28-APR-2025,FMGOETZE,340.65,338.45,0.0065,0.0204,0.0204,0.3897
28-APR-2025,FMNL,15.14,14.92,0.0146,0.0304,0.0304,0.5808
28-APR-2025,FOCUS,103.49,104.82,-0.0128,0.0326,0.0325,0.6209
28-APR-2025,FOODSIN,88.55,89.21,-0.0074,0.0331,0.0331,0.6324
28-APR-2025,FORCEMOT,9013.50,9161.50,-0.0163,0.0319,0.0319,0.6094
28-APR-2025,FORTIS,675.20,654.65,0.0309,0.0207,0.0208,0.3974
28-APR-2025,FOSECOIND,3705.70,3723.90,-0.0049,0.0234,0.0233,0.4451
28-APR-2025,FRICKINDIA,10.00,10.00,0.0000,0.0000,0.0000,0.0000
28-APR-2025,FSC,2.17,2.16,0.0046,0.0311,0.0310,0.5923
28-APR-2025,FSL,354.55,349.25,0.0151,0.0289,0.0289,0.5521
28-APR-2025,FUSION,168.58,168.75,-0.0010,0.0316,0.0315,0.6018
28-APR-2025,GABRIEL,560.90,546.55,0.0259,0.0291,0.0290,0.5540
28-APR-2025,GAEL,122.92,122.98,-0.0005,0.0263,0.0263,0.5025
28-APR-2025,GAIL,189.32,186.74,0.0137,0.0227,0.0227,0.4337
28-APR-2025,GALAPREC,841.70,846.35,-0.0055,0.0332,0.0331,0.6324
28-APR-2025,GALAXYSURF,2129.70,2163.10,-0.0156,0.0199,0.0199,0.3802
28-APR-2025,GALLANTT,454.75,447.45,0.0162,0.0301,0.0301,0.5751
28-APR-2025,GANDHAR,149.01,152.37,-0.0223,0.0219,0.0219,0.4184
28-APR-2025,GANDHITUBE,667.10,669.60,-0.0037,0.0263,0.0262,0.5006
28-APR-2025,GANECOS,1548.20,1584.10,-0.0229,0.0291,0.0291,0.5560
28-APR-2025,GANESHBE,117.93,118.22,-0.0025,0.0293,0.0292,0.5579
28-APR-2025,GANESHHOUC,1092.80,1080.30,0.0115,0.0327,0.0326,0.6228
28-APR-2025,GANGAFORGE,4.95,4.72,0.0476,0.0337,0.0338,0.6457
28-APR-2025,GANGESSECU,149.70,154.28,-0.0301,0.0333,0.0333,0.6362
28-APR-2025,GANGOTRI,0.70,0.77,-0.0953,0.0377,0.0382,0.7298
28-APR-2025,GARFIBRES,856.70,856.50,0.0002,0.0274,0.0273,0.5216
28-APR-2025,GARUDA,104.03,104.03,0.0000,0.0279,0.0278,0.5311
28-APR-2025,GATECH,0.71,0.75,-0.0548,0.0414,0.0415,0.7929
28-APR-2025,GATECHDVR,0.84,0.88,-0.0465,0.0309,0.0310,0.5923
28-APR-2025,GATEWAY,61.83,62.40,-0.0092,0.0197,0.0197,0.3764
28-APR-2025,GAYAHWS,1.20,1.22,-0.0165,0.0354,0.0353,0.6744
28-APR-2025,GAYAPROJ,7.38,7.74,-0.0476,0.0331,0.0332,0.6343
28-APR-2025,GDHL,10.00,10.00,0.0000,0.0000,0.0000,0.0000
28-APR-2025,GEECEE,376.70,374.15,0.0068,0.0280,0.0279,0.5330
28-APR-2025,GEEKAYWIRE,73.44,74.57,-0.0153,0.0338,0.0338,0.6457
28-APR-2025,GENCON,31.81,32.57,-0.0236,0.0389,0.0388,0.7413
28-APR-2025,GENESYS,657.85,669.90,-0.0182,0.0384,0.0383,0.7317
28-APR-2025,GENSOL,85.96,90.23,-0.0485,0.0370,0.0371,0.7088
28-APR-2025,GENUSPAPER,18.44,18.50,-0.0032,0.0315,0.0315,0.6018
28-APR-2025,GENUSPOWER,298.90,299.00,-0.0003,0.0316,0.0315,0.6018
28-APR-2025,GEOJITFSL,76.58,77.64,-0.0137,0.0351,0.0350,0.6687
28-APR-2025,GEPIL,244.08,243.69,0.0016,0.0362,0.0361,0.6897
28-APR-2025,GESHIP,908.20,886.65,0.0240,0.0232,0.0232,0.4432
28-APR-2025,GFLLIMITED,55.98,56.04,-0.0011,0.0309,0.0309,0.5903
28-APR-2025,GFSTEELS,8.42,8.12,0.0363,0.0350,0.0350,0.6687
28-APR-2025,GHCL,606.75,599.35,0.0123,0.0246,0.0245,0.4681
28-APR-2025,GHCLTEXTIL,81.87,81.13,0.0091,0.0265,0.0265,0.5063
28-APR-2025,GICHSGFIN,178.88,177.99,0.0050,0.0245,0.0245,0.4681
28-APR-2025,GICRE,428.10,428.00,0.0002,0.0302,0.0301,0.5751
28-APR-2025,GILLANDERS,110.83,112.12,-0.0116,0.0285,0.0285,0.5445
28-APR-2025,GILLETTE,8123.00,8167.00,-0.0054,0.0207,0.0206,0.3936
28-APR-2025,GILT5YBEES,61.41,61.71,-0.0049,0.0022,0.0023,0.0439
28-APR-2025,GINNIFILA,24.37,24.81,-0.0179,0.0340,0.0339,0.6477
28-APR-2025,GIPCL,187.67,187.97,-0.0016,0.0306,0.0305,0.5827
28-APR-2025,GKWLIMITED,1859.10,1897.00,-0.0202,0.0329,0.0328,0.6266
28-APR-2025,GLAND,1413.10,1448.10,-0.0245,0.0221,0.0221,0.4222
28-APR-2025,GLAXO,2849.70,2802.80,0.0166,0.0249,0.0248,0.4738
28-APR-2025,GLENMARK,1407.60,1360.70,0.0339,0.0201,0.0202,0.3859
28-APR-2025,GLFL,6.35,6.66,-0.0477,0.0534,0.0534,1.0202
28-APR-2025,GLOBAL,61.79,59.49,0.0379,0.0354,0.0354,0.6763
28-APR-2025,GLOBALE,16.98,16.65,0.0196,0.0241,0.0241,0.4604
28-APR-2025,GLOBALVECT,219.65,233.35,-0.0605,0.0309,0.0312,0.5961
28-APR-2025,GLOBE,2.62,2.58,0.0154,0.0368,0.0367,0.7012
28-APR-2025,GLOBUSSPR,1043.50,1063.30,-0.0188,0.0308,0.0308,0.5884
28-APR-2025,GLOSTERLTD,577.55,589.05,-0.0197,0.0188,0.0188,0.3592
28-APR-2025,GMBREW,684.15,684.35,-0.0003,0.0269,0.0269,0.5139
28-APR-2025,GMDCLTD,315.25,309.10,0.0197,0.0314,0.0314,0.5999
28-APR-2025,GMMPFAUDLR,1072.40,1087.20,-0.0137,0.0178,0.0177,0.3382
28-APR-2025,GMRAIRPORT,88.17,85.50,0.0308,0.0223,0.0224,0.4280
28-APR-2025,GMRP&UI,121.77,122.22,-0.0037,0.0349,0.0348,0.6649
28-APR-2025,GNA,324.95,339.65,-0.0442,0.0253,0.0254,0.4853
28-APR-2025,GNFC,495.20,487.60,0.0155,0.0222,0.0222,0.4241
28-APR-2025,GOACARBON,468.65,471.80,-0.0067,0.0300,0.0299,0.5712
28-APR-2025,GOCLCORP,285.60,285.15,0.0016,0.0283,0.0282,0.5388
28-APR-2025,GOCOLORS,735.55,733.95,0.0022,0.0189,0.0189,0.3611
28-APR-2025,GODAVARIB,174.30,177.85,-0.0202,0.0252,0.0252,0.4814
28-APR-2025,GODFRYPHLP,8126.00,8020.00,0.0131,0.0401,0.0401,0.7661
28-APR-2025,GODHA,0.82,0.82,0.0000,0.0376,0.0375,0.7164
28-APR-2025,GODIGIT,309.15,298.65,0.0346,0.0212,0.0213,0.4069
28-APR-2025,GODREJAGRO,782.10,768.35,0.0177,0.0206,0.0206,0.3936
28-APR-2025,GODREJCP,1265.90,1266.50,-0.0005,0.0173,0.0172,0.3286
28-APR-2025,GODREJIND,1125.80,1099.00,0.0241,0.0261,0.0261,0.4986
28-APR-2025,GODREJPROP,2121.40,2085.30,0.0172,0.0252,0.0252,0.4814
28-APR-2025,GOENKA,0.91,0.93,-0.0217,0.0341,0.0340,0.6496
28-APR-2025,GOKEX,853.15,849.50,0.0043,0.0292,0.0292,0.5579
28-APR-2025,GOKUL,46.24,47.60,-0.0290,0.0308,0.0308,0.5884
28-APR-2025,GOKULAGRO,241.95,245.14,-0.0131,0.0323,0.0322,0.6152
28-APR-2025,GOLD1,79.61,80.68,-0.0134,0.0088,0.0089,0.1700
28-APR-2025,GOLD360,93.95,95.00,-0.0111,0.0053,0.0053,0.1013
28-APR-2025,GOLDBEES,79.05,80.03,-0.0123,0.0091,0.0091,0.1739
28-APR-2025,GOLDCASE,15.03,15.20,-0.0112,0.0080,0.0080,0.1528
28-APR-2025,GOLDEDGE,10.50,10.50,0.0000,0.0000,0.0000,0.0000
28-APR-2025,GOLDENTOBC,35.51,35.52,-0.0003,0.0260,0.0259,0.4948
28-APR-2025,GOLDETF,92.92,93.97,-0.0112,0.0088,0.0088,0.1681
28-APR-2025,GOLDETFADD,92.94,93.74,-0.0086,0.0088,0.0088,0.1681
28-APR-2025,GOLDIAM,372.60,385.75,-0.0347,0.0444,0.0444,0.8483
28-APR-2025,GOLDIETF,81.66,82.64,-0.0119,0.0121,0.0121,0.2312
28-APR-2025,GOLDSHARE,80.10,81.00,-0.0112,0.0083,0.0084,0.1605
28-APR-2025,GOLDTECH,60.41,63.00,-0.0420,0.0421,0.0421,0.8043
28-APR-2025,GOODLUCK,766.40,763.65,0.0036,0.0307,0.0306,0.5846
28-APR-2025,GOPAL,285.20,290.40,-0.0181,0.0220,0.0220,0.4203
28-APR-2025,GOYALALUM,8.51,8.20,0.0371,0.0256,0.0257,0.4910
28-APR-2025,GPIL,193.77,196.40,-0.0135,0.0280,0.0279,0.5330
28-APR-2025,GPPL,138.00,141.34,-0.0239,0.0242,0.0242,0.4623
28-APR-2025,GPTHEALTH,161.08,158.70,0.0149,0.0221,0.0220,0.4203
28-APR-2025,GPTINFRA,129.84,127.19,0.0206,0.0355,0.0355,0.6782
28-APR-2025,GRACIOUS,13.50,13.50,0.0000,0.0000,0.0000,0.0000
28-APR-2025,GRANULES,461.45,452.55,0.0195,0.0257,0.0257,0.4910
28-APR-2025,GRAPHITE,469.50,461.90,0.0163,0.0264,0.0264,0.5044
28-APR-2025,GRASIM,2753.40,2734.80,0.0068,0.0149,0.0148,0.2828
28-APR-2025,GRAVITA,1851.80,1884.30,-0.0174,0.0359,0.0358,0.6840
28-APR-2025,GREAVESCOT,190.75,192.25,-0.0078,0.0342,0.0341,0.6515
28-APR-2025,GREENLAM,218.89,215.13,0.0173,0.0270,0.0269,0.5139
28-APR-2025,GREENPANEL,231.98,233.55,-0.0067,0.0249,0.0248,0.4738
28-APR-2025,GREENPLY,288.05,293.75,-0.0196,0.0278,0.0278,0.5311
28-APR-2025,GREENPOWER,12.63,12.60,0.0024,0.0306,0.0305,0.5827
28-APR-2025,GRINDWELL,1709.50,1680.00,0.0174,0.0202,0.0202,0.3859
28-APR-2025,GRINFRA,1075.60,1063.70,0.0111,0.0210,0.0210,0.4012
28-APR-2025,GRMOVER,319.70,311.50,0.0260,0.0325,0.0325,0.6209
28-APR-2025,GROBTEA,925.50,891.00,0.0380,0.0307,0.0308,0.5884
28-APR-2025,GROWWDEFNC,69.41,66.53,0.0424,0.0143,0.0146,0.2789
28-APR-2025,GROWWEV,27.24,27.00,0.0088,0.0099,0.0099,0.1891
28-APR-2025,GROWWGOLD,93.61,94.56,-0.0101,0.0067,0.0067,0.1280
28-APR-2025,GROWWLIQID,103.75,103.73,0.0002,0.0002,0.0002,0.0038
28-APR-2025,GROWWMOM50,10.05,10.02,0.0030,0.0011,0.0011,0.0210
28-APR-2025,GROWWN200,10.85,10.69,0.0149,0.0094,0.0095,0.1815
28-APR-2025,GROWWRAIL,35.26,34.96,0.0085,0.0095,0.0095,0.1815
28-APR-2025,GRPLTD,2811.20,2799.80,0.0041,0.0350,0.0349,0.6668
28-APR-2025,GRSE,1749.60,1616.80,0.0789,0.0382,0.0385,0.7355
28-APR-2025,GRWRHITECH,3336.90,3324.30,0.0038,0.0433,0.0432,0.8253
28-APR-2025,GSEC10ABSL,108.40,108.01,0.0036,0.0028,0.0028,0.0535
28-APR-2025,GSEC10IETF,254.40,254.11,0.0011,0.0045,0.0045,0.0860
28-APR-2025,GSEC10YEAR,28.89,28.91,-0.0007,0.0116,0.0116,0.2216
28-APR-2025,GSEC5IETF,61.47,61.74,-0.0044,0.0060,0.0060,0.1146
28-APR-2025,GSFC,190.07,186.66,0.0181,0.0262,0.0262,0.5006
28-APR-2025,GSLSU,114.43,118.09,-0.0315,0.0334,0.0334,0.6381
28-APR-2025,GSPL,318.40,321.30,-0.0091,0.0218,0.0218,0.4165
28-APR-2025,GSS,42.87,43.29,-0.0097,0.0341,0.0340,0.6496
28-APR-2025,GTECJAINX,28.01,28.72,-0.0250,0.0367,0.0366,0.6992
28-APR-2025,GTL,8.20,8.35,-0.0181,0.0354,0.0354,0.6763
28-APR-2025,GTLINFRA,1.48,1.51,-0.0201,0.0349,0.0349,0.6668
28-APR-2025,GTPL,106.36,109.11,-0.0255,0.0256,0.0256,0.4891
28-APR-2025,GUFICBIO,381.60,363.75,0.0479,0.0274,0.0276,0.5273
28-APR-2025,GUJALKALI,628.00,623.00,0.0080,0.0248,0.0247,0.4719
28-APR-2025,GUJAPOLLO,355.40,344.30,0.0317,0.0340,0.0340,0.6496
28-APR-2025,GUJGASLTD,454.75,451.20,0.0078,0.0197,0.0197,0.3764
28-APR-2025,GUJRAFFIA,38.77,39.28,-0.0131,0.0340,0.0340,0.6496
28-APR-2025,GUJTHEM,281.55,283.30,-0.0062,0.0354,0.0353,0.6744
28-APR-2025,GULFOILLUB,1191.10,1191.40,-0.0003,0.0269,0.0268,0.5120
28-APR-2025,GULFPETRO,39.70,39.79,-0.0023,0.0313,0.0312,0.5961
28-APR-2025,GULPOLY,193.88,193.66,0.0011,0.0339,0.0338,0.6457
28-APR-2025,GVKPIL,3.77,3.70,0.0187,0.0281,0.0280,0.5349
28-APR-2025,GVPTECH,10.00,10.13,-0.0129,0.0282,0.0281,0.5368
28-APR-2025,GVT&D,1535.20,1479.40,0.0370,0.0293,0.0294,0.5617
28-APR-2025,HAL,4426.30,4196.60,0.0533,0.0244,0.0246,0.4700
28-APR-2025,HAPPSTMNDS,584.35,585.55,-0.0021,0.0183,0.0182,0.3477
28-APR-2025,HAPPYFORGE,790.90,786.20,0.0060,0.0153,0.0153,0.2923
28-APR-2025,HARDOLI,34.65,34.65,0.0000,0.0000,0.0000,0.0000
28-APR-2025,HARDWYN,12.50,12.40,0.0080,0.0326,0.0326,0.6228
28-APR-2025,HARIOMPIPE,393.75,381.65,0.0312,0.0300,0.0300,0.5731
28-APR-2025,HARRMALAYA,196.94,196.94,0.0000,0.0321,0.0320,0.6114
28-APR-2025,HARSHA,385.70,386.25,-0.0014,0.0239,0.0239,0.4566
28-APR-2025,HATHWAY,14.02,14.03,-0.0007,0.0240,0.0239,0.4566
28-APR-2025,HATSUN,940.35,925.80,0.0156,0.0235,0.0234,0.4471
28-APR-2025,HAVELLS,1609.60,1599.80,0.0061,0.0169,0.0168,0.3210
28-APR-2025,HAVISHA,2.18,2.18,0.0000,0.0354,0.0353,0.6744
28-APR-2025,HBLENGINE,497.75,511.20,-0.0267,0.0333,0.0332,0.6343
28-APR-2025,HBSL,90.71,84.00,0.0769,0.0332,0.0336,0.6419
28-APR-2025,HCC,26.81,27.26,-0.0166,0.0377,0.0377,0.7203
28-APR-2025,HCG,555.95,558.65,-0.0048,0.0205,0.0204,0.3897
28-APR-2025,HCL-INSYS,13.45,13.67,-0.0162,0.0277,0.0276,0.5273
28-APR-2025,HCLTECH,1549.30,1560.20,-0.0070,0.0166,0.0165,0.3152
28-APR-2025,HDFCAMC,4429.30,4382.50,0.0106,0.0203,0.0202,0.3859
28-APR-2025,HDFCBANK,1920.20,1911.20,0.0047,0.0130,0.0130,0.2484
28-APR-2025,HDFCBSE500,35.09,34.97,0.0034,0.0131,0.0131,0.2503
28-APR-2025,HDFCGOLD,81.65,82.53,-0.0107,0.0085,0.0086,0.1643
28-APR-2025,HDFCGROWTH,114.99,114.07,0.0080,0.0097,0.0097,0.1853
28-APR-2025,HDFCLIFE,710.85,704.55,0.0089,0.0151,0.0151,0.2885
28-APR-2025,HDFCLIQUID,1008.75,1008.60,0.0001,0.0008,0.0008,0.0153
28-APR-2025,HDFCLOWVOL,19.72,19.58,0.0071,0.0105,0.0105,0.2006
28-APR-2025,HDFCMID150,20.07,19.90,0.0085,0.0118,0.0118,0.2254
28-APR-2025,HDFCMOMENT,29.43,29.05,0.0130,0.0128,0.0128,0.2445
28-APR-2025,HDFCNEXT50,65.76,65.22,0.0082,0.0126,0.0125,0.2388
28-APR-2025,HDFCNIF100,25.37,25.07,0.0119,0.0109,0.0109,0.2082
28-APR-2025,HDFCNIFBAN,56.50,55.66,0.0150,0.0097,0.0097,0.1853
28-APR-2025,HDFCNIFIT,36.87,36.92,-0.0014,0.0135,0.0135,0.2579
28-APR-2025,HDFCNIFTY,269.26,265.55,0.0139,0.0082,0.0082,0.1567
28-APR-2025,HDFCPSUBK,67.06,65.69,0.0206,0.0142,0.0143,0.2732
28-APR-2025,HDFCPVTBAN,27.83,27.46,0.0134,0.0102,0.0102,0.1949
28-APR-2025,HDFCQUAL,55.12,54.90,0.0040,0.0108,0.0108,0.2063
28-APR-2025,HDFCSENSEX,89.22,88.44,0.0088,0.0086,0.0086,0.1643
28-APR-2025,HDFCSILVER,93.43,94.85,-0.0151,0.0136,0.0136,0.2598
28-APR-2025,HDFCSML250,156.77,155.77,0.0064,0.0127,0.0127,0.2426
28-APR-2025,HDFCVALUE,131.48,130.35,0.0086,0.0103,0.0103,0.1968
28-APR-2025,HDIL,3.74,3.94,-0.0521,0.0304,0.0306,0.5846
28-APR-2025,HEADSUP,10.44,10.55,-0.0105,0.0357,0.0356,0.6801
28-APR-2025,HEALTHADD,141.95,138.78,0.0226,0.0109,0.0110,0.2102
28-APR-2025,HEALTHIETF,143.90,140.78,0.0219,0.0103,0.0104,0.1987
28-APR-2025,HEALTHY,14.42,14.15,0.0189,0.0102,0.0102,0.1949
28-APR-2025,HECPROJECT,105.19,108.68,-0.0326,0.0353,0.0353,0.6744
28-APR-2025,HEG,478.40,464.10,0.0303,0.0307,0.0307,0.5865
28-APR-2025,HEIDELBERG,194.15,194.37,-0.0011,0.0173,0.0173,0.3305
28-APR-2025,HEMIPROP,132.94,134.04,-0.0082,0.0286,0.0285,0.5445
28-APR-2025,HERANBA,266.71,273.75,-0.0261,0.0299,0.0299,0.5712
28-APR-2025,HERCULES,155.99,156.66,-0.0043,0.0363,0.0362,0.6916
28-APR-2025,HERITGFOOD,406.55,403.15,0.0084,0.0262,0.0261,0.4986
28-APR-2025,HEROMOTOCO,3911.70,3895.50,0.0042,0.0162,0.0161,0.3076
28-APR-2025,HESTERBIO,1912.60,1940.70,-0.0146,0.0313,0.0312,0.5961
28-APR-2025,HEUBACHIND,588.15,589.20,-0.0018,0.0247,0.0247,0.4719
28-APR-2025,HEXATRADEX,193.87,198.11,-0.0216,0.0301,0.0300,0.5731
28-APR-2025,HEXT,701.90,704.90,-0.0043,0.0103,0.0102,0.1949
28-APR-2025,HFCL,81.85,81.15,0.0086,0.0323,0.0322,0.6152
28-APR-2025,HGINFRA,1085.70,1086.00,-0.0003,0.0275,0.0275,0.5254
28-APR-2025,HGS,499.10,503.00,-0.0078,0.0219,0.0219,0.4184
28-APR-2025,HIKAL,399.25,395.05,0.0106,0.0263,0.0263,0.5025
28-APR-2025,HILLRIDGE,10.00,10.00,0.0000,0.0000,0.0000,0.0000
28-APR-2025,HILTON,64.73,63.38,0.0211,0.0361,0.0360,0.6878
28-APR-2025,HIMATSEIDE,144.92,146.95,-0.0139,0.0339,0.0338,0.6457
28-APR-2025,HINDALCO,628.65,622.10,0.0105,0.0205,0.0205,0.3917
28-APR-2025,HINDCOMPOS,433.40,427.85,0.0129,0.0283,0.0282,0.5388
28-APR-2025,HINDCON,34.61,35.49,-0.0251,0.0320,0.0320,0.6114
28-APR-2025,HINDCOPPER,218.10,213.48,0.0214,0.0301,0.0301,0.5751
28-APR-2025,HINDMOTORS,26.14,26.18,-0.0015,0.0414,0.0413,0.7890
28-APR-2025,HINDNATGLS,16.37,16.69,-0.0194,0.0304,0.0303,0.5789
28-APR-2025,HINDOILEXP,190.92,187.64,0.0173,0.0286,0.0286,0.5464
28-APR-2025,HINDPETRO,392.20,380.60,0.0300,0.0242,0.0242,0.4623
28-APR-2025,HINDUNILVR,2318.60,2332.20,-0.0058,0.0125,0.0125,0.2388
28-APR-2025,HINDWAREAP,199.66,194.75,0.0249,0.0302,0.0302,0.5770
28-APR-2025,HINDZINC,452.50,445.00,0.0167,0.0257,0.0257,0.4910
28-APR-2025,HIRECT,897.35,899.95,-0.0029,0.0365,0.0365,0.6973
28-APR-2025,HISARMETAL,203.83,194.16,0.0486,0.0299,0.0300,0.5731
28-APR-2025,HITECH,93.56,94.16,-0.0064,0.0301,0.0300,0.5731
28-APR-2025,HITECHCORP,183.40,184.55,-0.0063,0.0340,0.0339,0.6477
28-APR-2025,HITECHGEAR,593.90,584.90,0.0153,0.0295,0.0294,0.5617
28-APR-2025,HLEGLAS,271.30,272.40,-0.0040,0.0255,0.0255,0.4872
28-APR-2025,HLVLTD,12.65,12.76,-0.0087,0.0331,0.0330,0.6305
28-APR-2025,HMAAGRO,33.04,33.12,-0.0024,0.0251,0.0250,0.4776
28-APR-2025,HMT,49.83,50.22,-0.0078,0.0275,0.0275,0.5254
28-APR-2025,HMVL,88.01,86.44,0.0180,0.0300,0.0299,0.5712
28-APR-2025,HNDFDS,550.75,546.70,0.0074,0.0205,0.0205,0.3917
28-APR-2025,HNGSNGBEES,374.81,374.72,0.0002,0.0216,0.0216,0.4127
28-APR-2025,HOMEFIRST,1242.40,1234.40,0.0065,0.0259,0.0258,0.4929
28-APR-2025,HONASA,232.48,231.84,0.0028,0.0297,0.0296,0.5655
28-APR-2025,HONAUT,33930.00,34495.00,-0.0165,0.0168,0.0168,0.3210
28-APR-2025,HONDAPOWER,2073.80,2082.10,-0.0040,0.0257,0.0257,0.4910
28-APR-2025,HOTAHOTI,9.90,9.90,0.0000,0.0000,0.0000,0.0000
28-APR-2025,HOVS,51.69,51.07,0.0121,0.0353,0.0352,0.6725
28-APR-2025,HPAL,52.73,53.33,-0.0113,0.0274,0.0274,0.5235
28-APR-2025,HPIL,125.80,125.14,0.0053,0.0353,0.0352,0.6725
28-APR-2025,HPL,417.00,418.10,-0.0026,0.0358,0.0357,0.6820
28-APR-2025,HSCL,452.15,455.75,-0.0079,0.0279,0.0278,0.5311
28-APR-2025,HTMEDIA,16.88,16.93,-0.0030,0.0287,0.0286,0.5464
28-APR-2025,HUBTOWN,192.67,197.70,-0.0258,0.0333,0.0332,0.6343
28-APR-2025,HUDCO,226.38,220.23,0.0275,0.0332,0.0332,0.6343
28-APR-2025,HUHTAMAKI,196.49,195.74,0.0038,0.0269,0.0269,0.5139
28-APR-2025,HYBRIDFIN,11.51,11.92,-0.0350,0.0290,0.0290,0.5540
28-APR-2025,HYUNDAI,1661.30,1667.70,-0.0038,0.0134,0.0133,0.2541
28-APR-2025,ICDSLTD,41.49,40.97,0.0126,0.0337,0.0336,0.6419
28-APR-2025,ICEMAKE,1009.70,998.05,0.0116,0.0358,0.0357,0.6820
28-APR-2025,ICICIB22,106.98,105.30,0.0158,0.0124,0.0124,0.2369
28-APR-2025,ICICIBANK,1428.80,1404.80,0.0169,0.0126,0.0126,0.2407
28-APR-2025,ICICIGI,1850.20,1854.10,-0.0021,0.0157,0.0157,0.2999
28-APR-2025,ICICIPRULI,602.60,595.80,0.0113,0.0165,0.0165,0.3152
28-APR-2025,ICIL,298.00,299.90,-0.0064,0.0342,0.0341,0.6515
28-APR-2025,ICRA,5714.00,5787.00,-0.0127,0.0186,0.0186,0.3554
28-APR-2025,IDBI,82.71,80.43,0.0280,0.0283,0.0283,0.5407
28-APR-2025,IDEA,7.45,7.47,-0.0027,0.0380,0.0380,0.7260
28-APR-2025,IDEAFORGE,376.10,362.90,0.0357,0.0280,0.0281,0.5368
28-APR-2025,IDFCFIRSTB,66.50,66.08,0.0063,0.0194,0.0193,0.3687
28-APR-2025,IDFNIFTYET,264.88,260.95,0.0149,0.0119,0.0120,0.2293
28-APR-2025,IEL,15.97,16.53,-0.0345,0.0311,0.0311,0.5942
28-APR-2025,IEX,195.18,190.50,0.0243,0.0227,0.0227,0.4337
28-APR-2025,IFBAGRO,475.95,475.70,0.0005,0.0263,0.0263,0.5025
28-APR-2025,IFBIND,1320.90,1272.30,0.0375,0.0328,0.0328,0.6266
28-APR-2025,IFCI,43.98,43.63,0.0080,0.0371,0.0370,0.7069
28-APR-2025,IFGLEXPOR,356.05,365.10,-0.0251,0.0291,0.0291,0.5560
28-APR-2025,IGARASHI,469.55,464.95,0.0098,0.0316,0.0315,0.6018
28-APR-2025,IGIL,350.05,350.00,0.0001,0.0237,0.0236,0.4509
28-APR-2025,IGL,185.32,178.20,0.0392,0.0251,0.0252,0.4814
28-APR-2025,IGPL,421.25,428.75,-0.0176,0.0254,0.0254,0.4853
28-APR-2025,IIEL,10.00,10.00,0.0000,0.0000,0.0000,0.0000
28-APR-2025,IIFL,367.00,366.15,0.0023,0.0298,0.0298,0.5693
28-APR-2025,IIFLCAPS,231.22,228.55,0.0116,0.0379,0.0378,0.7222
28-APR-2025,IITL,194.26,205.03,-0.0540,0.0352,0.0353,0.6744
28-APR-2025,IKIO,226.85,232.33,-0.0239,0.0299,0.0298,0.5693
28-APR-2025,IKS,1464.90,1467.20,-0.0016,0.0216,0.0215,0.4108
28-APR-2025,IL&FSENGG,43.97,41.81,0.0504,0.0302,0.0303,0.5789
28-APR-2025,IL&FSTRANS,3.20,3.26,-0.0186,0.0295,0.0295,0.5636
28-APR-2025,IMAGICAA,65.92,65.46,0.0070,0.0309,0.0308,0.5884
28-APR-2025,IMFA,616.75,633.20,-0.0263,0.0285,0.0285,0.5445
28-APR-2025,IMPAL,1001.85,997.05,0.0048,0.0224,0.0223,0.4260
28-APR-2025,IMPEXFERRO,2.14,2.17,-0.0139,0.0313,0.0312,0.5961
28-APR-2025,INCREDIBLE,38.96,38.17,0.0205,0.0379,0.0379,0.7241
28-APR-2025,INDBANK,34.44,35.30,-0.0247,0.0339,0.0339,0.6477
28-APR-2025,INDGN,571.50,567.40,0.0072,0.0236,0.0235,0.4490
28-APR-2025,INDHOTEL,800.45,786.35,0.0178,0.0212,0.0212,0.4050
28-APR-2025,INDIACEM,290.40,287.80,0.0090,0.0256,0.0255,0.4872
28-APR-2025,INDIAGLYCO,1410.60,1421.80,-0.0079,0.0296,0.0295,0.5636
28-APR-2025,INDIAMART,2234.80,2248.00,-0.0059,0.0217,0.0217,0.4146
28-APR-2025,INDIANB,586.30,569.20,0.0296,0.0232,0.0233,0.4451
28-APR-2025,INDIANCARD,321.07,305.28,0.0504,0.0300,0.0302,0.5770
28-APR-2025,INDIANHUME,392.10,399.25,-0.0181,0.0352,0.0352,0.6725
28-APR-2025,INDIASHLTR,862.50,888.40,-0.0296,0.0192,0.0193,0.3687
28-APR-2025,INDIGO,5341.00,5313.50,0.0052,0.0183,0.0182,0.3477
28-APR-2025,INDIGOPNTS,998.10,1005.45,-0.0073,0.0190,0.0190,0.3630
28-APR-2025,INDIGRID,147.00,147.49,-0.0033,0.0064,0.0064,0.1223
28-APR-2025,INDNIPPON,606.20,594.40,0.0197,0.0242,0.0241,0.4604
28-APR-2025,INDOAMIN,132.11,132.58,-0.0036,0.0376,0.0375,0.7164
28-APR-2025,INDOBORAX,180.20,180.36,-0.0009,0.0288,0.0288,0.5502
28-APR-2025,INDOCO,230.99,232.45,-0.0063,0.0271,0.0270,0.5158
28-APR-2025,INDOFARM,151.86,151.72,0.0009,0.0235,0.0234,0.4471
28-APR-2025,INDORAMA,35.77,36.37,-0.0166,0.0293,0.0292,0.5579
28-APR-2025,INDOSTAR,309.10,307.40,0.0055,0.0307,0.0306,0.5846
28-APR-2025,INDOTECH,2402.80,2491.40,-0.0362,0.0390,0.0390,0.7451
28-APR-2025,INDOTHAI,1985.00,1981.50,0.0018,0.0290,0.0289,0.5521
28-APR-2025,INDOUS,162.56,169.30,-0.0406,0.0302,0.0303,0.5789
28-APR-2025,INDOWIND,19.83,20.30,-0.0234,0.0362,0.0362,0.6916
28-APR-2025,INDRAMEDCO,415.15,402.80,0.0302,0.0326,0.0325,0.6209
28-APR-2025,INDSWFTLAB,75.31,80.51,-0.0668,0.0328,0.0330,0.6305
28-APR-2025,INDSWFTLTD,13.30,13.00,0.0228,0.0395,0.0395,0.7546
28-APR-2025,INDTERRAIN,35.10,35.56,-0.0130,0.0319,0.0318,0.6075
28-APR-2025,INDUENG,9.50,9.50,0.0000,0.0000,0.0000,0.0000
28-APR-2025,INDUSINDBK,830.55,822.35,0.0099,0.0305,0.0305,0.5827
28-APR-2025,INDUSINVIT,108.13,108.73,-0.0055,0.0076,0.0076,0.1452
28-APR-2025,INDUSTOWER,408.10,397.35,0.0267,0.0235,0.0235,0.4490
28-APR-2025,INFIBEAM,17.63,17.51,0.0068,0.0291,0.0290,0.5540
28-APR-2025,INFOBEAN,304.25,302.45,0.0059,0.0264,0.0263,0.5025
28-APR-2025,INFOMEDIA,6.63,6.67,-0.0060,0.0417,0.0416,0.7948
28-APR-2025,INFRABEES,901.96,887.70,0.0159,0.0125,0.0125,0.2388
28-APR-2025,INFRAIETF,89.49,87.75,0.0196,0.0113,0.0113,0.2159
28-APR-2025,INFY,1482.10,1480.20,0.0013,0.0160,0.0159,0.3038
28-APR-2025,INGERRAND,3775.60,3743.30,0.0086,0.0224,0.0224,0.4280
28-APR-2025,INNOVACAP,886.60,884.30,0.0026,0.0272,0.0271,0.5177
28-APR-2025,INNOVANA,331.45,332.95,-0.0045,0.0221,0.0220,0.4203
28-APR-2025,INOXGREEN,144.18,136.76,0.0528,0.0372,0.0372,0.7107
28-APR-2025,INOXINDIA,1010.60,1014.90,-0.0042,0.0198,0.0197,0.3764
28-APR-2025,INOXWIND,174.25,172.15,0.0121,0.0357,0.0356,0.6801
28-APR-2025,INSECTICID,694.05,712.70,-0.0265,0.0258,0.0258,0.4929
28-APR-2025,INSPIRISYS,81.16,81.24,-0.0010,0.0310,0.0310,0.5923
28-APR-2025,INTELLECT,762.50,765.25,-0.0036,0.0304,0.0304,0.5808
28-APR-2025,INTENTECH,92.64,92.01,0.0068,0.0331,0.0330,0.6305
28-APR-2025,INTERARCH,1635.50,1668.00,-0.0197,0.0263,0.0262,0.5006
28-APR-2025,INTERISE,112.85,112.85,0.0000,0.0098,0.0098,0.1872
28-APR-2025,INTERTEC,31.35,31.35,0.0000,0.0000,0.0000,0.0000
28-APR-2025,INTLCONV,75.12,74.99,0.0017,0.0295,0.0294,0.5617
28-APR-2025,INVENTURE,1.52,1.56,-0.0260,0.0341,0.0341,0.6515
28-APR-2025,IOB,37.83,37.39,0.0117,0.0304,0.0303,0.5789
28-APR-2025,IOC,136.49,134.65,0.0136,0.0193,0.0193,0.3687
28-APR-2025,IOLCP,65.51,66.08,-0.0087,0.0268,0.0267,0.5101
28-APR-2025,IONEXCHANG,517.35,525.35,-0.0153,0.0264,0.0264,0.5044
28-APR-2025,IPCALAB,1411.70,1419.00,-0.0052,0.0209,0.0209,0.3993
28-APR-2025,IPL,147.30,148.14,-0.0057,0.0293,0.0292,0.5579
28-APR-2025,IRB,47.26,46.90,0.0076,0.0288,0.0288,0.5502
28-APR-2025,IRBINVIT,54.14,54.05,0.0017,0.0083,0.0082,0.1567
28-APR-2025,IRBIT,220.22,220.22,0.0000,0.0000,0.0000,0.0000
28-APR-2025,IRCON,156.81,156.35,0.0029,0.0346,0.0345,0.6591
28-APR-2025,IRCTC,764.00,751.85,0.0160,0.0191,0.0191,0.3649
28-APR-2025,IREDA,167.89,167.54,0.0021,0.0321,0.0320,0.6114
28-APR-2025,IRFC,127.17,128.79,-0.0127,0.0288,0.0288,0.5502
28-APR-2025,IRIS,294.50,310.60,-0.0532,0.0279,0.0281,0.5368
28-APR-2025,IRISDOREME,45.77,45.84,-0.0015,0.0249,0.0248,0.4738
28-APR-2025,IRMENERGY,294.55,284.45,0.0349,0.0258,0.0259,0.4948
28-APR-2025,ISFT,101.67,102.81,-0.0112,0.0325,0.0324,0.6190
28-APR-2025,ISGEC,1176.40,1212.90,-0.0306,0.0305,0.0305,0.5827
28-APR-2025,ISHANCH,39.21,38.41,0.0206,0.0093,0.0094,0.1796
28-APR-2025,ISL,41.35,41.35,0.0000,0.0000,0.0000,0.0000
28-APR-2025,IT,38.11,38.21,-0.0026,0.0130,0.0129,0.2465
28-APR-2025,ITBEES,38.31,38.34,-0.0008,0.0132,0.0132,0.2522
28-APR-2025,ITC,428.80,427.80,0.0023,0.0115,0.0115,0.2197
28-APR-2025,ITCHOTELS,197.86,195.20,0.0135,0.0141,0.0141,0.2694
28-APR-2025,ITDC,570.75,570.10,0.0011,0.0363,0.0362,0.6916
28-APR-2025,ITDCEM,507.85,518.40,-0.0206,0.0281,0.0281,0.5368
28-APR-2025,ITETF,36.46,36.58,-0.0033,0.0139,0.0139,0.2656
28-APR-2025,ITETFADD,36.56,36.46,0.0027,0.0137,0.0136,0.2598
28-APR-2025,ITI,260.93,264.08,-0.0120,0.0402,0.0401,0.7661
28-APR-2025,ITIETF,38.27,38.29,-0.0005,0.0134,0.0133,0.2541
28-APR-2025,IVC,9.91,9.85,0.0061,0.0269,0.0268,0.5120
28-APR-2025,IVP,164.77,161.58,0.0196,0.0345,0.0344,0.6572
28-APR-2025,IVZINGOLD,8324.70,8404.95,-0.0096,0.0099,0.0099,0.1891
28-APR-2025,IVZINNIFTY,2733.30,2722.23,0.0041,0.0126,0.0126,0.2407
28-APR-2025,IWEL,10078.00,9968.00,0.0110,0.0308,0.0308,0.5884
28-APR-2025,IXIGO,147.89,150.01,-0.0142,0.0241,0.0241,0.4604
28-APR-2025,IZMO,306.50,317.20,-0.0343,0.0350,0.0350,0.6687
28-APR-2025,J&KBANK,96.15,97.62,-0.0152,0.0280,0.0279,0.5330
28-APR-2025,JAGRAN,74.27,73.43,0.0114,0.0210,0.0210,0.4012
28-APR-2025,JAGSNPHARM,232.69,241.08,-0.0354,0.0374,0.0374,0.7145
28-APR-2025,JAIBALAJI,123.01,120.57,0.0200,0.0315,0.0315,0.6018
28-APR-2025,JAICORPLTD,90.06,91.04,-0.0108,0.0384,0.0383,0.7317
28-APR-2025,JAIPURKURT,45.79,43.95,0.0410,0.0393,0.0393,0.7508
28-APR-2025,JAMNAAUTO,83.01,83.36,-0.0042,0.0231,0.0230,0.4394
28-APR-2025,JASH,618.80,610.05,0.0142,0.0310,0.0310,0.5923
28-APR-2025,JAYAGROGN,238.17,234.79,0.0143,0.0266,0.0266,0.5082
28-APR-2025,JAYBARMARU,63.36,63.67,-0.0049,0.0268,0.0268,0.5120
28-APR-2025,JAYNECOIND,42.37,35.31,0.1823,0.0317,0.0341,0.6515
28-APR-2025,JAYSREETEA,95.48,95.73,-0.0026,0.0285,0.0284,0.5426
28-APR-2025,JBCHEPHARM,1600.40,1573.90,0.0167,0.0192,0.0192,0.3668
28-APR-2025,JBMA,675.50,675.10,0.0006,0.0330,0.0330,0.6305
28-APR-2025,JCHAC,1774.30,1764.50,0.0055,0.0267,0.0266,0.5082
28-APR-2025,JECOEXP,10.00,10.00,0.0000,0.0000,0.0000,0.0000
28-APR-2025,JETFREIGHT,12.22,12.70,-0.0385,0.0344,0.0344,0.6572
28-APR-2025,JGCHEM,347.50,346.65,0.0024,0.0315,0.0314,0.5999
28-APR-2025,JHS,13.77,13.48,0.0213,0.0344,0.0343,0.6553
28-APR-2025,JINDALPHOT,832.50,832.40,0.0001,0.0325,0.0324,0.6190
28-APR-2025,JINDALPOLY,647.80,649.75,-0.0030,0.0293,0.0292,0.5579
28-APR-2025,JINDALSAW,263.60,256.70,0.0265,0.0318,0.0318,0.6075
28-APR-2025,JINDALSTEL,907.50,891.80,0.0175,0.0208,0.0208,0.3974
28-APR-2025,JINDRILL,687.75,697.90,-0.0147,0.0367,0.0366,0.6992
28-APR-2025,JINDWORLD,67.28,66.20,0.0162,0.0382,0.0381,0.7279
28-APR-2025,JIOFIN,257.90,253.05,0.0190,0.0216,0.0216,0.4127
28-APR-2025,JISLDVREQS,29.07,29.30,-0.0079,0.0335,0.0334,0.6381
28-APR-2025,JISLJALEQS,53.99,54.51,-0.0096,0.0332,0.0331,0.6324
28-APR-2025,JITFINFRA,401.35,393.50,0.0198,0.0343,0.0343,0.6553
28-APR-2025,JKCEMENT,5124.70,5245.20,-0.0232,0.0172,0.0172,0.3286
28-APR-2025,JKIL,656.05,656.20,-0.0002,0.0268,0.0267,0.5101
28-APR-2025,JKLAKSHMI,799.50,799.20,0.0004,0.0199,0.0199,0.3802
28-APR-2025,JKPAPER,327.55,326.70,0.0026,0.0252,0.0251,0.4795
28-APR-2025,JKTYRE,307.30,310.00,-0.0087,0.0241,0.0240,0.4585
28-APR-2025,JLHL,1470.70,1500.10,-0.0198,0.0187,0.0187,0.3573
28-APR-2025,JMA,79.31,78.45,0.0109,0.0247,0.0247,0.4719
28-APR-2025,JMFINANCIL,104.48,102.46,0.0195,0.0297,0.0297,0.5674
28-APR-2025,JNKINDIA,368.50,370.70,-0.0060,0.0297,0.0296,0.5655
28-APR-2025,JOCIL,153.38,151.03,0.0154,0.0249,0.0249,0.4757
28-APR-2025,JOTINDRA,2.70,2.70,0.0000,0.0504,0.0503,0.9610
28-APR-2025,JPASSOCIAT,3.33,3.51,-0.0526,0.0378,0.0378,0.7222
28-APR-2025,JPOLYINVST,845.15,848.95,-0.0045,0.0291,0.0290,0.5540
28-APR-2025,JPPOWER,14.92,15.06,-0.0093,0.0306,0.0305,0.5827
28-APR-2025,JSFB,516.65,501.80,0.0292,0.0288,0.0288,0.5502
28-APR-2025,JSL,559.70,559.40,0.0005,0.0250,0.0249,0.4757
28-APR-2025,JSWENERGY,476.20,482.70,-0.0136,0.0282,0.0281,0.5368
28-APR-2025,JSWHL,25365.00,25955.00,-0.0230,0.1881,0.1876,3.5841
28-APR-2025,JSWINFRA,300.00,303.55,-0.0118,0.0248,0.0248,0.4738
28-APR-2025,JSWSTEEL,1054.40,1028.40,0.0250,0.0167,0.0167,0.3191
28-APR-2025,JTEKTINDIA,140.13,142.65,-0.0178,0.0267,0.0267,0.5101
28-APR-2025,JTLIND,67.24,68.99,-0.0257,0.0329,0.0328,0.6266
28-APR-2025,JUBLCPL,1447.80,1444.30,0.0024,0.0196,0.0195,0.3725
28-APR-2025,JUBLFOOD,705.20,694.30,0.0156,0.0199,0.0199,0.3802
28-APR-2025,JUBLINGREA,674.35,695.65,-0.0311,0.0280,0.0280,0.5349
28-APR-2025,JUBLPHARMA,907.40,910.10,-0.0030,0.0288,0.0287,0.5483
28-APR-2025,JUNIORBEES,694.19,687.60,0.0095,0.0118,0.0118,0.2254
28-APR-2025,JUNIPER,288.80,283.10,0.0199,0.0250,0.0250,0.4776
28-APR-2025,JUSTDIAL,939.45,923.35,0.0173,0.0290,0.0289,0.5521
28-APR-2025,JWL,366.20,375.60,-0.0253,0.0354,0.0354,0.6763
28-APR-2025,JYOTHYLAB,381.00,376.65,0.0115,0.0239,0.0239,0.4566
28-APR-2025,JYOTICNC,1089.90,1081.70,0.0076,0.0323,0.0323,0.6171
28-APR-2025,JYOTISTRUC,19.26,20.30,-0.0526,0.0384,0.0385,0.7355
28-APR-2025,KABIRDAS,1.00,1.00,0.0000,0.0000,0.0000,0.0000
28-APR-2025,KABRAEXTRU,281.75,286.20,-0.0157,0.0319,0.0319,0.6094
28-APR-2025,KAJARIACER,800.60,799.90,0.0009,0.0177,0.0176,0.3362
28-APR-2025,KAKATCEM,149.80,150.97,-0.0078,0.0246,0.0245,0.4681
28-APR-2025,KALAMANDIR,120.59,121.93,-0.0111,0.0249,0.0248,0.4738
28-APR-2025,KALYANI,119.30,119.30,0.0000,0.0000,0.0000,0.0000
28-APR-2025,KALYANIFRG,575.40,548.00,0.0488,0.0302,0.0303,0.5789
28-APR-2025,KALYANKJIL,518.20,501.25,0.0333,0.0311,0.0311,0.5942
28-APR-2025,KAMATHOTEL,245.40,268.60,-0.0903,0.0344,0.0349,0.6668
28-APR-2025,KAMDHENU,26.93,26.97,-0.0015,0.0355,0.0354,0.6763
28-APR-2025,KAMINI,3.25,3.25,0.0000,0.0032,0.0032,0.0611
28-APR-2025,KAMOPAINTS,10.98,11.42,-0.0393,0.0361,0.0361,0.6897
28-APR-2025,KANANIIND,2.26,2.26,0.0000,0.0347,0.0346,0.6610
28-APR-2025,KANORICHEM,90.45,90.61,-0.0018,0.0314,0.0313,0.5980
28-APR-2025,KANPRPLA,114.51,115.63,-0.0097,0.0289,0.0289,0.5521
28-APR-2025,KANSAINER,261.68,262.20,-0.0020,0.0163,0.0163,0.3114
28-APR-2025,KAPSTON,214.32,213.68,0.0030,0.0306,0.0306,0.5846
28-APR-2025,KARMAENG,52.29,54.23,-0.0364,0.0355,0.0355,0.6782
28-APR-2025,KARURVYSYA,218.30,215.95,0.0108,0.0214,0.0214,0.4088
28-APR-2025,KAUSHALYA,889.40,891.80,-0.0027,0.0299,0.0298,0.5693
28-APR-2025,KAVVERITEL,47.20,47.16,0.0008,0.0310,0.0310,0.5923
28-APR-2025,KAYA,262.64,257.37,0.0203,0.0330,0.0329,0.6286
28-APR-2025,KAYNES,5885.50,5574.10,0.0544,0.0333,0.0334,0.6381
28-APR-2025,KBCGLOBAL,0.46,0.46,0.0000,0.0302,0.0301,0.5751
28-APR-2025,KCP,205.07,210.44,-0.0258,0.0285,0.0285,0.5445
28-APR-2025,KCPSUGIND,36.18,36.89,-0.0194,0.0325,0.0324,0.6190
28-APR-2025,KDDL,2719.90,2803.00,-0.0301,0.0318,0.0318,0.6075
28-APR-2025,KEC,724.35,723.20,0.0016,0.0286,0.0286,0.5464
28-APR-2025,KECL,129.75,130.41,-0.0051,0.0367,0.0366,0.6992
28-APR-2025,KEEPLEARN,3.84,3.99,-0.0383,0.0381,0.0381,0.7279
28-APR-2025,KEI,2999.90,2967.10,0.0110,0.0307,0.0307,0.5865
28-APR-2025,KELLTONTEC,108.66,109.08,-0.0039,0.0347,0.0346,0.6610
28-APR-2025,KERNEX,780.35,785.70,-0.0068,0.0359,0.0358,0.6840
28-APR-2025,KESORAMIND,3.91,3.69,0.0579,0.0276,0.0279,0.5330
28-APR-2025,KEYFINSERV,382.35,399.10,-0.0429,0.0494,0.0494,0.9438
28-APR-2025,KFINTECH,1239.30,1219.60,0.0160,0.0337,0.0336,0.6419
28-APR-2025,KHADIM,295.95,298.95,-0.0101,0.0302,0.0302,0.5770
28-APR-2025,KHAICHEM,56.38,57.12,-0.0130,0.0321,0.0320,0.6114
28-APR-2025,KHAITANLTD,88.56,89.84,-0.0144,0.0328,0.0327,0.6247
28-APR-2025,KHANDSE,23.00,22.86,0.0061,0.0407,0.0406,0.7757
28-APR-2025,KICL,4530.50,4597.00,-0.0146,0.0293,0.0292,0.5579
28-APR-2025,KILITCH,357.45,344.90,0.0357,0.0248,0.0249,0.4757
28-APR-2025,KIMS,671.25,674.55,-0.0049,0.0186,0.0186,0.3554
28-APR-2025,KINGFA,2986.90,2964.90,0.0074,0.0295,0.0294,0.5617
28-APR-2025,KIOCL,258.51,261.69,-0.0122,0.0367,0.0366,0.6992
28-APR-2025,KIRIINDUS,592.95,597.30,-0.0073,0.0321,0.0321,0.6133
28-APR-2025,KIRLOSBROS,1749.10,1735.50,0.0078,0.0341,0.0340,0.6496
28-APR-2025,KIRLOSENG,741.70,734.85,0.0093,0.0263,0.0262,0.5006
28-APR-2025,KIRLOSIND,3067.80,3095.50,-0.0090,0.0249,0.0248,0.4738
28-APR-2025,KIRLPNU,1150.10,1152.10,-0.0017,0.0325,0.0325,0.6209
28-APR-2025,KITEX,244.25,232.62,0.0488,0.0369,0.0370,0.7069
28-APR-2025,KKCL,452.95,459.75,-0.0149,0.0202,0.0202,0.3859
28-APR-2025,KMEW,1408.70,1394.40,0.0102,0.0345,0.0344,0.6572
28-APR-2025,KMSUGAR,28.14,28.07,0.0025,0.0286,0.0285,0.5445
28-APR-2025,KNRCON,231.71,231.26,0.0019,0.0254,0.0254,0.4853
28-APR-2025,KOHINOOR,37.05,36.23,0.0224,0.0357,0.0356,0.6801
28-APR-2025,KOKUYOCMLN,106.19,107.03,-0.0079,0.0265,0.0264,0.5044
28-APR-2025,KOLTEPATIL,338.05,337.70,0.0010,0.0267,0.0266,0.5082
28-APR-2025,KOPRAN,201.09,190.51,0.0540,0.0338,0.0339,0.6477
28-APR-2025,KOTAKBANK,2225.60,2204.40,0.0096,0.0152,0.0151,0.2885
28-APR-2025,KOTARISUG,36.81,36.35,0.0126,0.0264,0.0264,0.5044
28-APR-2025,KOTHARIPET,160.53,162.89,-0.0146,0.0331,0.0330,0.6305
28-APR-2025,KOTHARIPRO,72.10,71.95,0.0021,0.0331,0.0330,0.6305
28-APR-2025,KPEL,389.15,389.20,-0.0001,0.0335,0.0335,0.6400
28-APR-2025,KPIGREEN,398.65,402.20,-0.0089,0.0327,0.0327,0.6247
28-APR-2025,KPIL,947.70,944.90,0.0030,0.0256,0.0256,0.4891
28-APR-2025,KPITTECH,1231.10,1221.00,0.0082,0.0263,0.0263,0.5025
28-APR-2025,KPRMILL,1026.00,1022.95,0.0030,0.0227,0.0226,0.4318
28-APR-2025,KRBL,311.50,307.30,0.0136,0.0221,0.0221,0.4222
28-APR-2025,KREBSBIO,78.63,78.42,0.0027,0.0363,0.0362,0.6916
28-APR-2025,KRIDHANINF,3.96,4.05,-0.0225,0.0402,0.0401,0.7661
28-APR-2025,KRISHANA,278.98,271.48,0.0273,0.0226,0.0226,0.4318
28-APR-2025,KRITI,100.37,101.60,-0.0122,0.0352,0.0351,0.6706
28-APR-2025,KRITIKA,10.38,10.64,-0.0247,0.0288,0.0288,0.5502
28-APR-2025,KRITINUT,99.95,101.50,-0.0154,0.0372,0.0371,0.7088
28-APR-2025,KRN,765.25,783.20,-0.0232,0.0301,0.0301,0.5751
28-APR-2025,KRONOX,146.05,146.72,-0.0046,0.0247,0.0247,0.4719
28-APR-2025,KROSS,166.73,165.46,0.0076,0.0240,0.0240,0.4585
28-APR-2025,KRSNAA,751.25,765.10,-0.0183,0.0248,0.0248,0.4738
28-APR-2025,KRYSTAL,539.40,531.70,0.0144,0.0272,0.0271,0.5177
28-APR-2025,KSB,750.35,750.00,0.0005,0.0219,0.0219,0.4184
28-APR-2025,KSCL,1447.00,1432.50,0.0101,0.0295,0.0294,0.5617
28-APR-2025,KSHITIJPOL,3.55,3.64,-0.0250,0.0318,0.0318,0.6075
28-APR-2025,KSL,734.00,735.10,-0.0015,0.0286,0.0286,0.5464
28-APR-2025,KSOLVES,432.00,441.60,-0.0220,0.0288,0.0288,0.5502
28-APR-2025,KTKBANK,201.30,200.06,0.0062,0.0208,0.0207,0.3955
28-APR-2025,KUANTUM,105.44,105.89,-0.0043,0.0269,0.0269,0.5139
28-APR-2025,LAFFANSOFT,10.00,10.00,0.0000,0.0000,0.0000,0.0000
28-APR-2025,LAGNAM,114.28,116.08,-0.0156,0.0351,0.0350,0.6687
28-APR-2025,LAKPRE,4.99,4.47,0.1100,0.0435,0.0441,0.8425
28-APR-2025,LAL,11.36,11.86,-0.0431,0.0313,0.0314,0.5999
28-APR-2025,LALPATHLAB,2811.60,2911.10,-0.0348,0.0187,0.0188,0.3592
28-APR-2025,LAMBODHARA,140.03,140.61,-0.0041,0.0397,0.0396,0.7566
28-APR-2025,LANCORHOL,22.69,22.67,0.0009,0.0343,0.0342,0.6534
28-APR-2025,LANDMARK,419.70,413.50,0.0149,0.0247,0.0247,0.4719
28-APR-2025,LAOPALA,235.98,232.41,0.0152,0.0242,0.0241,0.4604
28-APR-2025,LASA,17.82,17.22,0.0342,0.0354,0.0354,0.6763
28-APR-2025,LATENTVIEW,405.60,402.95,0.0066,0.0232,0.0231,0.4413
28-APR-2025,LATTEYS,24.42,23.26,0.0487,0.0306,0.0307,0.5865
28-APR-2025,LAURUSLABS,626.50,625.65,0.0014,0.0239,0.0239,0.4566
28-APR-2025,LAXMICOT,24.72,23.71,0.0417,0.0371,0.0371,0.7088
28-APR-2025,LAXMIDENTL,393.85,396.45,-0.0066,0.0214,0.0214,0.4088
28-APR-2025,LCCINFOTEC,6.03,6.30,-0.0438,0.0360,0.0360,0.6878
28-APR-2025,LEMONTREE,139.99,139.47,0.0037,0.0240,0.0239,0.4566
28-APR-2025,LEXUS,34.48,33.77,0.0208,0.0331,0.0330,0.6305
28-APR-2025,LFIC,223.60,203.61,0.0937,0.0385,0.0389,0.7432
28-APR-2025,LGBBROSLTD,1212.80,1221.40,-0.0071,0.0214,0.0213,0.4069
28-APR-2025,LGHL,508.40,502.70,0.0113,0.0295,0.0295,0.5636
28-APR-2025,LIBAS,12.77,13.15,-0.0293,0.0313,0.0313,0.5980
28-APR-2025,LIBERTSHOE,403.20,404.35,-0.0028,0.0350,0.0349,0.6668
28-APR-2025,LICHSGFIN,609.45,592.20,0.0287,0.0207,0.0207,0.3955
28-APR-2025,LICI,803.65,791.25,0.0155,0.0192,0.0191,0.3649
28-APR-2025,LICMFGOLD,8622.95,8722.15,-0.0114,0.0097,0.0097,0.1853
28-APR-2025,LICNETFGSC,28.18,28.16,0.0007,0.0048,0.0048,0.0917
28-APR-2025,LICNETFN50,267.59,264.53,0.0115,0.0107,0.0107,0.2044
28-APR-2025,LICNETFSEN,888.92,878.08,0.0123,0.0163,0.0162,0.3095
28-APR-2025,LICNFNHGP,269.95,265.17,0.0179,0.0156,0.0156,0.2980
28-APR-2025,LICNMID100,54.36,54.14,0.0041,0.0149,0.0148,0.2828
28-APR-2025,LIKHITHA,266.35,272.50,-0.0228,0.0285,0.0285,0.5445
28-APR-2025,LINC,109.74,107.29,0.0226,0.0284,0.0284,0.5426
28-APR-2025,LINCOLN,588.60,593.15,-0.0077,0.0290,0.0290,0.5540
28-APR-2025,LINDEINDIA,6445.00,6403.50,0.0065,0.0246,0.0245,0.4681
28-APR-2025,LIQUID,999.99,999.99,0.0000,0.0000,0.0000,0.0000
28-APR-2025,LIQUID1,1047.37,1047.20,0.0002,0.0002,0.0002,0.0038
28-APR-2025,LIQUIDADD,1069.58,1069.42,0.0001,0.0003,0.0003,0.0057
28-APR-2025,LIQUIDBEES,999.99,1000.00,-0.0000,0.0001,0.0001,0.0019
28-APR-2025,LIQUIDBETF,1027.72,1027.59,0.0001,0.0022,0.0022,0.0420
28-APR-2025,LIQUIDCASE,108.28,108.26,0.0002,0.0003,0.0003,0.0057
28-APR-2025,LIQUIDETF,999.99,1000.00,-0.0000,0.0000,0.0000,0.0000
28-APR-2025,LIQUIDIETF,999.99,999.99,0.0000,0.0002,0.0002,0.0038
28-APR-2025,LIQUIDPLUS,1029.53,1029.37,0.0002,0.0002,0.0002,0.0038
28-APR-2025,LIQUIDSBI,999.99,1000.00,-0.0000,0.0002,0.0002,0.0038
28-APR-2025,LIQUIDSHRI,1050.12,1049.98,0.0001,0.0002,0.0002,0.0038
28-APR-2025,LLOYDSENGG,59.39,63.26,-0.0631,0.0357,0.0359,0.6859
28-APR-2025,LLOYDSENT,52.47,53.06,-0.0112,0.0351,0.0350,0.6687
28-APR-2025,LLOYDSME,1239.90,1280.70,-0.0324,0.0268,0.0268,0.5120
28-APR-2025,LMW,16791.00,16544.00,0.0148,0.0187,0.0186,0.3554
28-APR-2025,LODHA,1310.20,1305.00,0.0040,0.0289,0.0288,0.5502
28-APR-2025,LOGICINFO,10.00,10.00,0.0000,0.0000,0.0000,0.0000
28-APR-2025,LOKESHMACH,172.00,175.50,-0.0201,0.0348,0.0347,0.6629
28-APR-2025,LORDSCHLO,150.55,152.54,-0.0131,0.0305,0.0305,0.5827
28-APR-2025,LOTUSEYE,79.04,74.14,0.0640,0.0321,0.0324,0.6190
28-APR-2025,LOVABLE,93.12,94.39,-0.0135,0.0284,0.0283,0.5407
28-APR-2025,LOWVOL,197.36,195.84,0.0077,0.0086,0.0086,0.1643
28-APR-2025,LOWVOL1,20.18,19.89,0.0145,0.0104,0.0104,0.1987
28-APR-2025,LOWVOLIETF,21.27,21.05,0.0104,0.0099,0.0099,0.1891
28-APR-2025,LOYALTEX,295.86,298.21,-0.0079,0.0359,0.0358,0.6840
28-APR-2025,LPDC,8.34,8.63,-0.0342,0.0417,0.0417,0.7967
28-APR-2025,LT,3327.30,3272.10,0.0167,0.0172,0.0172,0.3286
28-APR-2025,LTF,167.66,172.99,-0.0313,0.0214,0.0215,0.4108
28-APR-2025,LTFOODS,355.50,355.20,0.0008,0.0293,0.0292,0.5579
28-APR-2025,LTGILTBEES,28.55,28.61,-0.0021,0.0022,0.0022,0.0420
28-APR-2025,LTIM,4486.70,4498.30,-0.0026,0.0196,0.0196,0.3745
28-APR-2025,LTTS,4185.50,4256.10,-0.0167,0.0202,0.0202,0.3859
28-APR-2025,LUMAXIND,2400.50,2498.40,-0.0400,0.0212,0.0213,0.4069
28-APR-2025,LUMAXTECH,535.35,536.05,-0.0013,0.0265,0.0265,0.5063
28-APR-2025,LUPIN,2105.50,2019.60,0.0417,0.0188,0.0190,0.3630
28-APR-2025,LUXIND,1399.70,1384.20,0.0111,0.0274,0.0274,0.5235
28-APR-2025,LXCHEM,180.81,184.86,-0.0222,0.0227,0.0227,0.4337
28-APR-2025,LYKALABS,112.06,113.17,-0.0099,0.0299,0.0298,0.5693
28-APR-2025,LYPSAGEMS,6.36,6.40,-0.0063,0.0374,0.0373,0.7126
28-APR-2025,M&M,2930.60,2864.20,0.0229,0.0195,0.0195,0.3725
28-APR-2025,M&MFIN,261.60,264.60,-0.0114,0.0199,0.0199,0.3802
28-APR-2025,MAANALU,85.04,85.23,-0.0022,0.0354,0.0353,0.6744
28-APR-2025,MACPOWER,815.05,827.15,-0.0147,0.0382,0.0381,0.7279
28-APR-2025,MADHAV,45.01,45.07,-0.0013,0.0329,0.0329,0.6286
28-APR-2025,MADHUCON,7.55,7.58,-0.0040,0.0333,0.0332,0.6343
28-APR-2025,MADRASFERT,82.60,81.58,0.0124,0.0305,0.0304,0.5808
28-APR-2025,MAFANG,118.50,116.54,0.0167,0.0196,0.0196,0.3745
28-APR-2025,MAGADSUGAR,684.95,680.00,0.0073,0.0316,0.0315,0.6018
28-APR-2025,MAGNUM,27.91,27.88,0.0011,0.0357,0.0356,0.6801
28-APR-2025,MAHABANK,50.93,50.02,0.0180,0.0254,0.0254,0.4853
28-APR-2025,MAHAPEXLTD,111.04,116.51,-0.0481,0.0313,0.0314,0.5999
28-APR-2025,MAHASTEEL,260.60,253.15,0.0290,0.0269,0.0269,0.5139
28-APR-2025,MAHEPC,143.05,138.94,0.0292,0.0306,0.0306,0.5846
28-APR-2025,MAHESHWARI,57.19,57.31,-0.0021,0.0251,0.0250,0.4776
28-APR-2025,MAHKTECH,21.91,22.20,-0.0131,0.0255,0.0254,0.4853
28-APR-2025,MAHLIFE,334.45,338.40,-0.0117,0.0223,0.0222,0.4241
28-APR-2025,MAHLOG,304.10,303.30,0.0026,0.0221,0.0221,0.4222
28-APR-2025,MAHSCOOTER,11378.00,11636.00,-0.0224,0.0217,0.0217,0.4146
28-APR-2025,MAHSEAMLES,687.15,672.30,0.0218,0.0259,0.0259,0.4948
28-APR-2025,MAITHANALL,959.60,964.35,-0.0049,0.0232,0.0232,0.4432
28-APR-2025,MAKEINDIA,136.79,133.88,0.0215,0.0112,0.0113,0.2159
28-APR-2025,MALLCOM,1194.30,1183.20,0.0093,0.0302,0.0302,0.5770
28-APR-2025,MALUPAPER,35.20,34.74,0.0132,0.0338,0.0338,0.6457
28-APR-2025,MAMATA,380.55,377.75,0.0074,0.0249,0.0249,0.4757
28-APR-2025,MANAKALUCO,26.43,26.52,-0.0034,0.0418,0.0417,0.7967
28-APR-2025,MANAKCOAT,94.50,95.05,-0.0058,0.0316,0.0315,0.6018
28-APR-2025,MANAKSIA,70.97,70.47,0.0071,0.0269,0.0268,0.5120
28-APR-2025,MANAKSTEEL,70.30,73.31,-0.0419,0.0397,0.0398,0.7604
28-APR-2025,MANALIPETC,54.66,56.02,-0.0246,0.0250,0.0250,0.4776
28-APR-2025,MANAPPURAM,231.27,226.93,0.0189,0.0261,0.0261,0.4986
28-APR-2025,MANBA,132.65,133.22,-0.0043,0.0204,0.0203,0.3878
28-APR-2025,MANCREDIT,160.90,157.80,0.0195,0.0197,0.0197,0.3764
28-APR-2025,MANGALAM,79.22,80.30,-0.0135,0.0301,0.0301,0.5751
28-APR-2025,MANGCHEFER,222.33,204.41,0.0840,0.0278,0.0284,0.5426
28-APR-2025,MANGLMCEM,799.15,799.45,-0.0004,0.0255,0.0255,0.4872
28-APR-2025,MANINDS,272.30,273.20,-0.0033,0.0330,0.0330,0.6305
28-APR-2025,MANINFRA,159.39,159.30,0.0006,0.0274,0.0273,0.5216
28-APR-2025,MANKIND,2560.40,2557.40,0.0012,0.0205,0.0204,0.3897
28-APR-2025,MANOMAY,170.27,172.80,-0.0147,0.0323,0.0323,0.6171
28-APR-2025,MANORAMA,1294.10,1211.00,0.0664,0.0338,0.0341,0.6515
28-APR-2025,MANORG,410.15,391.00,0.0478,0.0291,0.0293,0.5598
28-APR-2025,MANUGRAPH,17.37,17.57,-0.0114,0.0393,0.0392,0.7489
28-APR-2025,MANYAVAR,789.15,793.50,-0.0055,0.0216,0.0216,0.4127
28-APR-2025,MAPMYINDIA,1847.50,1796.40,0.0280,0.0244,0.0244,0.4662
28-APR-2025,MARALOVER,69.37,69.13,0.0035,0.0366,0.0365,0.6973
28-APR-2025,MARATHON,508.25,514.55,-0.0123,0.0323,0.0322,0.6152
28-APR-2025,MARBLE,123.35,123.35,0.0000,0.0000,0.0000,0.0000
28-APR-2025,MARICO,715.45,710.40,0.0071,0.0154,0.0154,0.2942
28-APR-2025,MARINE,195.07,192.83,0.0115,0.0360,0.0359,0.6859
28-APR-2025,MARKSANS,217.53,216.03,0.0069,0.0333,0.0332,0.6343
28-APR-2025,MARSHALL,12.64,12.90,-0.0204,0.0337,0.0336,0.6419
28-APR-2025,MARUTI,11846.00,11698.00,0.0126,0.0136,0.0136,0.2598
28-APR-2025,MASFIN,272.96,277.32,-0.0158,0.0194,0.0194,0.3706
28-APR-2025,MASKINVEST,148.73,153.60,-0.0322,0.0369,0.0368,0.7031
28-APR-2025,MASPTOP50,51.72,50.64,0.0211,0.0198,0.0198,0.3783
28-APR-2025,MASTEK,2135.80,2172.80,-0.0172,0.0271,0.0271,0.5177
28-APR-2025,MASTERTR,138.45,135.36,0.0226,0.0335,0.0334,0.6381
28-APR-2025,MATRIMONY,503.35,499.95,0.0068,0.0223,0.0222,0.4241
28-APR-2025,MAWANASUG,91.26,91.27,-0.0001,0.0249,0.0248,0.4738
28-APR-2025,MAXESTATES,416.65,428.55,-0.0282,0.0292,0.0292,0.5579
28-APR-2025,MAXHEALTH,1099.80,1067.40,0.0299,0.0243,0.0244,0.4662
28-APR-2025,MAXIND,229.60,221.25,0.0370,0.0286,0.0286,0.5464
28-APR-2025,MAXPLUS,10.00,10.00,0.0000,0.0000,0.0000,0.0000
28-APR-2025,MAYURUNIQ,479.85,478.75,0.0023,0.0212,0.0211,0.4031
28-APR-2025,MAZDA,245.00,249.90,-0.0198,0.0304,0.0304,0.5808
28-APR-2025,MAZDOCK,2786.30,2659.30,0.0467,0.0366,0.0366,0.6992
28-APR-2025,MBAPL,269.20,264.55,0.0174,0.0235,0.0235,0.4490
28-APR-2025,MBLINFRA,43.16,44.80,-0.0373,0.0396,0.0396,0.7566
28-APR-2025,MCL,55.36,52.98,0.0439,0.0365,0.0366,0.6992
28-APR-2025,MCLEODRUSS,34.16,34.89,-0.0211,0.0384,0.0383,0.7317
28-APR-2025,MCLOUD,67.12,68.01,-0.0132,0.0251,0.0250,0.4776
28-APR-2025,MCX,6171.00,6052.50,0.0194,0.0260,0.0260,0.4967
28-APR-2025,MEDANTA,1201.20,1215.10,-0.0115,0.0218,0.0217,0.4146
28-APR-2025,MEDIA,0.50,0.50,0.0000,0.0002,0.0002,0.0038
28-APR-2025,MEDIASSIST,444.90,445.25,-0.0008,0.0222,0.0222,0.4241
28-APR-2025,MEDICAMEQ,442.15,446.15,-0.0090,0.0357,0.0356,0.6801
28-APR-2025,MEDICO,57.98,56.09,0.0331,0.0365,0.0365,0.6973
28-APR-2025,MEDPLUS,811.90,793.10,0.0234,0.0195,0.0195,0.3725
28-APR-2025,MEGASOFT,67.40,70.38,-0.0433,0.0359,0.0360,0.6878
28-APR-2025,MEGASTAR,213.14,210.86,0.0108,0.0279,0.0279,0.5330
28-APR-2025,MENONBE,102.66,104.78,-0.0204,0.0251,0.0250,0.4776
28-APR-2025,MEP,1.42,1.40,0.0142,0.0347,0.0346,0.6610
28-APR-2025,MEPL,10.10,10.10,0.0000,0.0000,0.0000,0.0000
28-APR-2025,METAL,8.70,8.55,0.0174,0.0127,0.0127,0.2426
28-APR-2025,METALIETF,8.69,8.58,0.0127,0.0125,0.0125,0.2388
28-APR-2025,METROBRAND,1072.60,1079.10,-0.0060,0.0203,0.0203,0.3878
28-APR-2025,METROPOLIS,1748.80,1753.10,-0.0025,0.0187,0.0187,0.3573
28-APR-2025,MFML,31.55,30.65,0.0289,0.0286,0.0286,0.5464
28-APR-2025,MFSL,1283.10,1266.40,0.0131,0.0181,0.0181,0.3458
28-APR-2025,MGEL,13.59,13.15,0.0329,0.0388,0.0388,0.7413
28-APR-2025,MGL,1333.70,1279.60,0.0414,0.0248,0.0250,0.4776
28-APR-2025,MGLFL,10.00,10.00,0.0000,0.0000,0.0000,0.0000
28-APR-2025,MHLXMIRU,219.80,216.94,0.0131,0.0388,0.0387,0.7394
28-APR-2025,MHRIL,309.05,300.40,0.0284,0.0208,0.0208,0.3974
28-APR-2025,MICEL,58.24,57.73,0.0088,0.0431,0.0430,0.8215
28-APR-2025,MID150,20.24,19.96,0.0139,0.0134,0.0134,0.2560
28-APR-2025,MID150BEES,204.76,202.29,0.0121,0.0115,0.0115,0.2197
28-APR-2025,MID150CASE,9.89,9.80,0.0091,0.0096,0.0096,0.1834
28-APR-2025,MIDCAP,156.26,154.38,0.0121,0.0121,0.0121,0.2312
28-APR-2025,MIDCAPETF,20.26,20.00,0.0129,0.0120,0.0120,0.2293
28-APR-2025,MIDCAPIETF,20.48,20.27,0.0103,0.0114,0.0114,0.2178
28-APR-2025,MIDHANI,313.15,291.20,0.0727,0.0297,0.0300,0.5731
28-APR-2025,MIDQ50ADD,233.19,230.62,0.0111,0.0104,0.0104,0.1987
28-APR-2025,MIDSELIETF,16.51,16.33,0.0110,0.0139,0.0139,0.2656
28-APR-2025,MIDSMALL,46.46,45.82,0.0139,0.0124,0.0124,0.2369
28-APR-2025,MILIND,69.95,69.95,0.0000,0.0000,0.0000,0.0000
28-APR-2025,MINDACORP,509.75,505.15,0.0091,0.0249,0.0249,0.4757
28-APR-2025,MINDSPACE,381.59,379.99,0.0042,0.0100,0.0100,0.1910
28-APR-2025,MINDTECK,202.67,208.53,-0.0285,0.0415,0.0414,0.7909
28-APR-2025,MIRCELECTR,14.93,15.23,-0.0199,0.0373,0.0372,0.7107
28-APR-2025,MIRZAINT,29.66,30.10,-0.0147,0.0293,0.0293,0.5598
28-APR-2025,MITCON,74.30,74.51,-0.0028,0.0368,0.0367,0.7012
28-APR-2025,MITTAL,1.73,1.68,0.0293,0.0357,0.0356,0.6801
28-APR-2025,MKPL,6.64,6.69,-0.0075,0.0313,0.0312,0.5961
28-APR-2025,MMFL,343.80,344.30,-0.0015,0.0253,0.0252,0.4814
28-APR-2025,MMP,231.50,234.60,-0.0133,0.0292,0.0292,0.5579
28-APR-2025,MMTC,58.12,58.27,-0.0026,0.0337,0.0336,0.6419
28-APR-2025,MNC,27.63,27.32,0.0113,0.0103,0.0103,0.1968
28-APR-2025,MOBIKWIK,260.75,263.75,-0.0114,0.0301,0.0300,0.5731
28-APR-2025,MOCAPITAL,37.92,37.51,0.0109,0.0088,0.0089,0.1700
28-APR-2025,MODEFENCE,76.11,73.07,0.0408,0.0151,0.0153,0.2923
28-APR-2025,MODIRUBBER,143.08,144.79,-0.0119,0.0328,0.0328,0.6266
28-APR-2025,MODISONLTD,124.65,127.42,-0.0220,0.0340,0.0340,0.6496
28-APR-2025,MODTHREAD,41.58,41.35,0.0055,0.0905,0.0902,1.7233
28-APR-2025,MOGSEC,61.11,61.02,0.0015,0.0052,0.0052,0.0993
28-APR-2025,MOHEALTH,43.04,42.31,0.0171,0.0113,0.0114,0.2178
28-APR-2025,MOHITIND,28.96,28.93,0.0010,0.0334,0.0333,0.6362
28-APR-2025,MOIL,318.60,317.20,0.0044,0.0296,0.0295,0.5636
28-APR-2025,MOKSH,14.11,13.35,0.0554,0.0383,0.0384,0.7336
28-APR-2025,MOL,71.29,70.84,0.0063,0.0275,0.0274,0.5235
28-APR-2025,MOLDTECH,144.56,146.65,-0.0144,0.0312,0.0311,0.5942
28-APR-2025,MOLDTKPAC,502.95,508.20,-0.0104,0.0209,0.0209,0.3993
28-APR-2025,MOLIND,3.20,3.20,0.0000,0.0000,0.0000,0.0000
28-APR-2025,MOLOWVOL,36.47,36.25,0.0061,0.0095,0.0095,0.1815
28-APR-2025,MOM100,58.31,57.32,0.0171,0.0121,0.0121,0.2312
28-APR-2025,MOM30IETF,29.68,29.25,0.0146,0.0130,0.0130,0.2484
28-APR-2025,MOM50,249.67,246.53,0.0127,0.0088,0.0088,0.1681
28-APR-2025,MOMENTUM,29.46,29.12,0.0116,0.0124,0.0124,0.2369
28-APR-2025,MOMENTUM50,49.66,49.05,0.0124,0.0119,0.0119,0.2273
28-APR-2025,MOMOMENTUM,59.11,58.54,0.0097,0.0134,0.0133,0.2541
28-APR-2025,MON100,170.79,170.79,0.0000,0.0157,0.0157,0.2999
28-APR-2025,MONARCH,314.30,316.95,-0.0084,0.0300,0.0300,0.5731
28-APR-2025,MONIFTY500,22.18,22.11,0.0032,0.0089,0.0089,0.1700
28-APR-2025,MONQ50,71.21,70.75,0.0065,0.0183,0.0183,0.3496
28-APR-2025,MONTECARLO,584.40,598.85,-0.0244,0.0255,0.0255,0.4872
28-APR-2025,MOQUALITY,182.59,180.46,0.0117,0.0129,0.0129,0.2465
28-APR-2025,MORARJEE,5.76,7.58,-0.2746,0.0359,0.0408,0.7795
28-APR-2025,MOREALTY,87.14,85.96,0.0136,0.0162,0.0162,0.3095
28-APR-2025,MOREPENLAB,62.04,58.82,0.0533,0.0344,0.0345,0.6591
28-APR-2025,MOSCHIP,168.23,169.13,-0.0053,0.0366,0.0365,0.6973
28-APR-2025,MOSMALL250,15.59,15.55,0.0026,0.0123,0.0122,0.2331
28-APR-2025,MOTHERSON,134.99,133.71,0.0095,0.0229,0.0229,0.4375
28-APR-2025,MOTILALOFS,677.75,694.90,-0.0250,0.0329,0.0329,0.6286
28-APR-2025,MOTISONS,17.28,17.75,-0.0268,0.0326,0.0326,0.6228
28-APR-2025,MOTOGENFIN,27.75,27.47,0.0101,0.0293,0.0292,0.5579
28-APR-2025,MOVALUE,99.47,97.63,0.0187,0.0144,0.0144,0.2751
28-APR-2025,MPHASIS,2503.40,2538.60,-0.0140,0.0217,0.0217,0.4146
28-APR-2025,MPSLTD,2411.50,2431.30,-0.0082,0.0340,0.0340,0.6496
28-APR-2025,MRF,130220.00,128655.00,0.0121,0.0134,0.0134,0.2560
28-APR-2025,MRPL,135.66,137.11,-0.0106,0.0310,0.0309,0.5903
28-APR-2025,MSCIINDIA,28.58,28.23,0.0123,0.0064,0.0064,0.1223
28-APR-2025,MSPL,27.67,27.52,0.0054,0.0306,0.0305,0.5827
28-APR-2025,MSTCLTD,525.45,518.70,0.0129,0.0323,0.0322,0.6152
28-APR-2025,MSUMI,55.92,55.59,0.0059,0.0163,0.0163,0.3114
28-APR-2025,MTARTECH,1432.80,1420.80,0.0084,0.0261,0.0260,0.4967
28-APR-2025,MTEDUCARE,2.34,2.23,0.0481,0.0298,0.0299,0.5712
28-APR-2025,MTNL,42.48,42.48,0.0000,0.0406,0.0405,0.7738
28-APR-2025,MUFIN,77.45,80.56,-0.0394,0.0328,0.0328,0.6266
28-APR-2025,MUFTI,134.43,132.17,0.0170,0.0266,0.0266,0.5082
28-APR-2025,MUKANDLTD,100.17,100.53,-0.0036,0.0274,0.0273,0.5216
28-APR-2025,MUKKA,32.54,33.01,-0.0143,0.0251,0.0250,0.4776
28-APR-2025,MUKTAARTS,71.59,70.84,0.0105,0.0329,0.0328,0.6266
28-APR-2025,MULTICAP,15.23,15.08,0.0099,0.0085,0.0085,0.1624
28-APR-2025,MUNJALAU,72.85,72.59,0.0036,0.0299,0.0298,0.5693
28-APR-2025,MUNJALSHOW,116.04,115.46,0.0050,0.0238,0.0237,0.4528
28-APR-2025,MURUDCERA,34.79,34.49,0.0087,0.0312,0.0312,0.5961
28-APR-2025,MUTHOOTCAP,268.52,267.39,0.0042,0.0256,0.0255,0.4872
28-APR-2025,MUTHOOTFIN,2133.40,2093.20,0.0190,0.0189,0.0189,0.3611
28-APR-2025,MUTHOOTMF,150.26,152.85,-0.0171,0.0209,0.0208,0.3974
28-APR-2025,MVGJL,225.14,224.97,0.0008,0.0349,0.0348,0.6649
28-APR-2025,NACLIND,170.56,179.37,-0.0504,0.0382,0.0383,0.7317
28-APR-2025,NAGAFERT,4.59,4.68,-0.0194,0.0347,0.0347,0.6629
28-APR-2025,NAGREEKCAP,29.28,30.11,-0.0280,0.0376,0.0376,0.7183
28-APR-2025,NAGREEKEXP,27.25,26.41,0.0313,0.0377,0.0376,0.7183
28-APR-2025,NAHARCAP,259.44,259.52,-0.0003,0.0282,0.0281,0.5368
28-APR-2025,NAHARINDUS,99.00,97.58,0.0144,0.0276,0.0276,0.5273
28-APR-2025,NAHARPOLY,205.62,209.71,-0.0197,0.0309,0.0309,0.5903
28-APR-2025,NAHARSPING,222.00,222.51,-0.0023,0.0309,0.0308,0.5884
28-APR-2025,NAM-INDIA,635.60,640.25,-0.0073,0.0270,0.0270,0.5158
28-APR-2025,NANDINI,14.00,14.00,0.0000,0.0000,0.0000,0.0000
28-APR-2025,NARMADA,15.90,16.39,-0.0304,0.0284,0.0284,0.5426
28-APR-2025,NATCAPSUQ,202.57,216.37,-0.0659,0.0282,0.0285,0.5445
28-APR-2025,NATCOPHARM,884.15,889.25,-0.0058,0.0266,0.0265,0.5063
28-APR-2025,NATHBIOGEN,157.54,159.49,-0.0123,0.0246,0.0246,0.4700
28-APR-2025,NATIONALUM,159.87,156.49,0.0214,0.0291,0.0291,0.5560
28-APR-2025,NAUKRI,6977.50,7038.50,-0.0087,0.0218,0.0218,0.4165
28-APR-2025,NAVA,473.90,473.90,0.0000,0.0320,0.0319,0.6094
28-APR-2025,NAVINFLUOR,4448.60,4448.60,0.0000,0.0202,0.0202,0.3859
28-APR-2025,NAVKARCORP,100.49,97.02,0.0351,0.0372,0.0372,0.7107
28-APR-2025,NAVKARURB,6.05,6.32,-0.0437,0.0175,0.0177,0.3382
28-APR-2025,NAVNETEDUL,145.04,144.37,0.0046,0.0206,0.0205,0.3917
28-APR-2025,NAWRATAN,10.00,10.00,0.0000,0.0000,0.0000,0.0000
28-APR-2025,NAZARA,1008.10,1000.30,0.0078,0.0240,0.0239,0.4566
28-APR-2025,NBCC,98.64,95.49,0.0325,0.0320,0.0320,0.6114
28-APR-2025,NBIFIN,2423.00,2441.10,-0.0074,0.0268,0.0267,0.5101
28-APR-2025,NCC,218.56,211.77,0.0316,0.0296,0.0296,0.5655
28-APR-2025,NCCL,12.10,12.10,0.0000,0.0000,0.0000,0.0000
28-APR-2025,NCLIND,209.95,209.62,0.0016,0.0216,0.0215,0.4108
28-APR-2025,NDGL,4150.30,4310.40,-0.0379,0.0310,0.0310,0.5923
28-APR-2025,NDL,3.76,3.72,0.0107,0.0373,0.0372,0.7107
28-APR-2025,NDLVENTURE,60.08,58.97,0.0186,0.0340,0.0339,0.6477
28-APR-2025,NDRAUTO,663.50,651.05,0.0189,0.0358,0.0357,0.6820
28-APR-2025,NDRINVIT,107.00,107.00,0.0000,0.0045,0.0045,0.0860
28-APR-2025,NDTV,122.05,123.04,-0.0081,0.0285,0.0285,0.5445
28-APR-2025,NECCLTD,23.03,22.82,0.0092,0.0370,0.0370,0.7069
28-APR-2025,NECLIFE,22.09,22.83,-0.0330,0.0348,0.0348,0.6649
28-APR-2025,NELCAST,87.72,88.52,-0.0091,0.0287,0.0286,0.5464
28-APR-2025,NELCO,817.50,813.15,0.0053,0.0333,0.0332,0.6343
28-APR-2025,NEOGEN,1577.00,1556.90,0.0128,0.0319,0.0318,0.6075
28-APR-2025,NEPACL,9.30,9.30,0.0000,0.0000,0.0000,0.0000
28-APR-2025,NESCO,954.95,954.00,0.0010,0.0187,0.0187,0.3573
28-APR-2025,NESTLEIND,2406.00,2413.50,-0.0031,0.0120,0.0119,0.2273
28-APR-2025,NETF,259.76,257.00,0.0107,0.0097,0.0097,0.1853
28-APR-2025,NETWEB,1467.20,1459.40,0.0053,0.0321,0.0320,0.6114
28-APR-2025,NETWORK18,43.46,43.71,-0.0057,0.0307,0.0306,0.5846
28-APR-2025,NEULANDLAB,12570.00,12300.00,0.0217,0.0356,0.0356,0.6801
28-APR-2025,NEWAGE,10.00,10.00,0.0000,0.0000,0.0000,0.0000
28-APR-2025,NEWERA,8.50,8.50,0.0000,0.0042,0.0042,0.0802
28-APR-2025,NEWGEN,1026.10,1055.65,-0.0284,0.0361,0.0361,0.6897
28-APR-2025,NEXT30ADD,36.73,36.49,0.0066,0.0075,0.0075,0.1433
28-APR-2025,NEXT50,663.16,655.12,0.0122,0.0129,0.0129,0.2465
28-APR-2025,NEXT50IETF,67.75,67.17,0.0086,0.0118,0.0117,0.2235
28-APR-2025,NEXTMEDIA,7.17,7.20,-0.0042,0.0355,0.0354,0.6763
28-APR-2025,NFL,86.20,84.70,0.0176,0.0313,0.0312,0.5961
28-APR-2025,NGIL,32.18,32.14,0.0012,0.0318,0.0317,0.6056
28-APR-2025,NGLFINE,1112.40,1122.50,-0.0090,0.0337,0.0336,0.6419
28-APR-2025,NH,1797.90,1787.90,0.0056,0.0196,0.0196,0.3745
28-APR-2025,NHIT,134.50,134.50,0.0000,0.0059,0.0059,0.1127
28-APR-2025,NHPC,86.77,86.07,0.0081,0.0234,0.0234,0.4471
28-APR-2025,NIACL,170.74,168.60,0.0126,0.0315,0.0315,0.6018
28-APR-2025,NIBE,1353.50,1421.20,-0.0488,0.0348,0.0348,0.6649
28-APR-2025,NIBL,22.31,22.17,0.0063,0.0315,0.0314,0.5999
28-APR-2025,NIF100BEES,261.05,257.70,0.0129,0.0082,0.0083,0.1586
28-APR-2025,NIF100IETF,27.41,27.11,0.0110,0.0088,0.0088,0.1681
28-APR-2025,NIF10GETF,25.79,25.50,0.0113,0.0119,0.0119,0.2273
28-APR-2025,NIF5GETF,61.50,61.57,-0.0011,0.0110,0.0110,0.2102
28-APR-2025,NIFITETF,362.63,362.55,0.0002,0.0137,0.0136,0.2598
28-APR-2025,NIFMID150,200.69,198.62,0.0104,0.0139,0.0139,0.2656
28-APR-2025,NIFTY1,264.54,262.63,0.0072,0.0079,0.0079,0.1509
28-APR-2025,NIFTY100EW,31.42,31.34,0.0025,0.0051,0.0051,0.0974
28-APR-2025,NIFTY50ADD,251.65,248.72,0.0117,0.0097,0.0097,0.1853
28-APR-2025,NIFTYBEES,271.90,268.62,0.0121,0.0080,0.0080,0.1528
28-APR-2025,NIFTYBETF,245.72,243.03,0.0110,0.0091,0.0091,0.1739
28-APR-2025,NIFTYETF,259.97,256.51,0.0134,0.0088,0.0089,0.1700
28-APR-2025,NIFTYIETF,270.49,267.27,0.0120,0.0084,0.0085,0.1624
28-APR-2025,NIFTYQLITY,20.43,20.28,0.0074,0.0104,0.0104,0.1987
28-APR-2025,NIITLTD,134.52,136.21,-0.0125,0.0376,0.0375,0.7164
28-APR-2025,NIITMTS,380.90,395.05,-0.0365,0.0232,0.0233,0.4451
28-APR-2025,NILAINFRA,9.58,9.63,-0.0052,0.0345,0.0344,0.6572
28-APR-2025,NILASPACES,11.56,11.36,0.0175,0.0325,0.0324,0.6190
28-APR-2025,NILKAMAL,1634.70,1611.60,0.0142,0.0164,0.0164,0.3133
28-APR-2025,NINSYS,448.70,459.55,-0.0239,0.0278,0.0278,0.5311
28-APR-2025,NIPPOBATRY,490.40,498.90,-0.0172,0.0292,0.0292,0.5579
28-APR-2025,NIRAJ,59.43,60.48,-0.0175,0.0364,0.0363,0.6935
28-APR-2025,NIRAJISPAT,267.16,267.16,0.0000,0.0086,0.0086,0.1643
28-APR-2025,NITCO,133.35,137.86,-0.0333,0.0316,0.0316,0.6037
28-APR-2025,NITINSPIN,359.85,365.75,-0.0163,0.0269,0.0269,0.5139
28-APR-2025,NITIRAJ,262.30,263.75,-0.0055,0.0391,0.0390,0.7451
28-APR-2025,NIVABUPA,82.28,84.64,-0.0283,0.0209,0.0210,0.4012
28-APR-2025,NKIND,69.70,69.78,-0.0011,0.0391,0.0390,0.7451
28-APR-2025,NKTEXTILE,10.00,10.00,0.0000,0.0000,0.0000,0.0000
28-APR-2025,NLCINDIA,237.76,237.65,0.0005,0.0305,0.0304,0.5808
28-APR-2025,NMDC,65.71,64.95,0.0116,0.0240,0.0239,0.4566
28-APR-2025,NOCIL,184.32,184.07,0.0014,0.0260,0.0260,0.4967
28-APR-2025,NOIDATOLL,3.27,3.27,0.0000,0.0350,0.0349,0.6668
28-APR-2025,NORBTEAEXP,40.23,41.85,-0.0395,0.0318,0.0318,0.6075
28-APR-2025,NORTHARC,212.91,210.69,0.0105,0.0198,0.0198,0.3783
28-APR-2025,NOVAAGRI,47.74,48.39,-0.0135,0.0279,0.0278,0.5311
28-APR-2025,NPBET,282.26,277.57,0.0168,0.0113,0.0113,0.2159
28-APR-2025,NRAIL,261.69,266.84,-0.0195,0.0281,0.0281,0.5368
28-APR-2025,NRBBEARING,225.37,226.67,-0.0058,0.0265,0.0265,0.5063
28-APR-2025,NRL,62.09,61.76,0.0053,0.0375,0.0374,0.7145
28-APR-2025,NSIL,6994.00,7087.50,-0.0133,0.0341,0.0341,0.6515
28-APR-2025,NSLNISP,35.43,35.36,0.0020,0.0255,0.0254,0.4853
28-APR-2025,NTPC,361.50,356.45,0.0141,0.0183,0.0183,0.3496
28-APR-2025,NTPCGREEN,103.20,103.38,-0.0017,0.0185,0.0185,0.3534
28-APR-2025,NUCLEUS,875.45,882.90,-0.0085,0.0290,0.0290,0.5540
28-APR-2025,NURECA,240.33,248.00,-0.0314,0.0331,0.0331,0.6324
28-APR-2025,NUVAMA,6256.00,6267.50,-0.0018,0.0301,0.0300,0.5731
28-APR-2025,NUVOCO,333.40,333.05,0.0011,0.0186,0.0186,0.3554
28-APR-2025,NV20,146.09,144.22,0.0129,0.0150,0.0149,0.2847
28-APR-2025,NV20BEES,146.50,145.17,0.0091,0.0089,0.0089,0.1700
28-APR-2025,NV20IETF,14.29,14.16,0.0091,0.0085,0.0085,0.1624
28-APR-2025,NXST,129.00,128.81,0.0015,0.0109,0.0108,0.2063
28-APR-2025,NXT-INFRA,101.75,101.75,0.0000,0.0084,0.0084,0.1605
28-APR-2025,NYKAA,194.07,191.57,0.0130,0.0206,0.0206,0.3936
28-APR-2025,OAL,338.55,329.45,0.0272,0.0341,0.0340,0.6496
28-APR-2025,OBCL,54.80,54.94,-0.0026,0.0247,0.0246,0.4700
28-APR-2025,OBEROIRLTY,1656.80,1606.40,0.0309,0.0228,0.0228,0.4356
28-APR-2025,OCCL,174.71,176.49,-0.0101,0.0279,0.0278,0.5311
28-APR-2025,OCCLLTD,81.73,79.93,0.0223,0.0267,0.0267,0.5101
28-APR-2025,ODIGMA,37.85,38.62,-0.0201,0.0211,0.0210,0.4012
28-APR-2025,OEGIL,25.70,25.70,0.0000,0.0009,0.0009,0.0172
28-APR-2025,OFSS,8755.50,8604.00,0.0175,0.0238,0.0238,0.4547
28-APR-2025,OIL,405.15,399.35,0.0144,0.0278,0.0277,0.5292
28-APR-2025,OILCOUNTUB,69.73,70.10,-0.0053,0.0327,0.0326,0.6228
28-APR-2025,OILIETF,11.21,10.87,0.0308,0.0101,0.0103,0.1968
28-APR-2025,OLAELEC,49.55,49.86,-0.0062,0.0304,0.0303,0.5789
28-APR-2025,OLECTRA,1194.30,1207.40,-0.0109,0.0297,0.0296,0.5655
28-APR-2025,OMAXAUTO,87.91,87.63,0.0032,0.0333,0.0332,0.6343
28-APR-2025,OMAXE,77.72,77.24,0.0062,0.0326,0.0325,0.6209
28-APR-2025,OMINFRAL,118.60,119.01,-0.0035,0.0358,0.0357,0.6820
28-APR-2025,OMKARCHEM,6.06,6.28,-0.0357,0.0318,0.0318,0.6075
28-APR-2025,ONELIFECAP,10.92,10.70,0.0204,0.0402,0.0401,0.7661
28-APR-2025,ONEPOINT,62.60,60.75,0.0300,0.0382,0.0382,0.7298
28-APR-2025,ONESOURCE,1591.50,1557.50,0.0216,0.0192,0.0192,0.3668
28-APR-2025,ONGC,250.59,246.33,0.0171,0.0210,0.0210,0.4012
28-APR-2025,ONMOBILE,49.45,49.98,-0.0107,0.0336,0.0335,0.6400
28-APR-2025,ONWARDTEC,262.30,258.45,0.0148,0.0322,0.0322,0.6152
28-APR-2025,OPTIEMUS,514.95,488.40,0.0529,0.0377,0.0378,0.7222
28-APR-2025,ORBTEXP,166.22,168.56,-0.0140,0.0343,0.0342,0.6534
28-APR-2025,ORCHASP,3.11,3.20,-0.0285,0.0404,0.0404,0.7718
28-APR-2025,ORCHPHARMA,841.40,808.45,0.0399,0.0340,0.0341,0.6515
28-APR-2025,ORICONENT,40.03,40.18,-0.0037,0.0298,0.0297,0.5674
28-APR-2025,ORIENTALTL,10.30,9.13,0.1206,0.0347,0.0357,0.6820
28-APR-2025,ORIENTBELL,252.22,255.90,-0.0145,0.0228,0.0228,0.4356
28-APR-2025,ORIENTCEM,352.05,352.15,-0.0003,0.0238,0.0238,0.4547
28-APR-2025,ORIENTCER,35.62,35.79,-0.0048,0.0325,0.0325,0.6209
28-APR-2025,ORIENTELEC,239.48,241.39,-0.0079,0.0231,0.0231,0.4413
28-APR-2025,ORIENTHOT,140.96,147.12,-0.0428,0.0285,0.0286,0.5464
28-APR-2025,ORIENTLTD,82.03,82.45,-0.0051,0.0346,0.0345,0.6591
28-APR-2025,ORIENTPPR,24.14,24.33,-0.0078,0.0291,0.0291,0.5560
28-APR-2025,ORIENTTECH,350.30,352.25,-0.0056,0.0304,0.0303,0.5789
28-APR-2025,ORISSAMINE,5243.00,5249.70,-0.0013,0.0311,0.0310,0.5923
28-APR-2025,ORTEL,1.78,1.70,0.0460,0.0436,0.0436,0.8330
28-APR-2025,ORTINGLOBE,11.08,11.14,-0.0054,0.0495,0.0494,0.9438
28-APR-2025,OSIAHYPER,24.20,24.13,0.0029,0.0297,0.0296,0.5655
28-APR-2025,OSWALAGRO,85.69,87.01,-0.0153,0.0365,0.0364,0.6954
28-APR-2025,OSWALGREEN,41.56,42.20,-0.0153,0.0374,0.0374,0.7145
28-APR-2025,OSWALMIN,10.00,10.00,0.0000,0.0000,0.0000,0.0000
28-APR-2025,OSWALSEEDS,14.25,14.51,-0.0181,0.0311,0.0310,0.5923
28-APR-2025,PAGEIND,45185.00,44605.00,0.0129,0.0160,0.0160,0.3057
28-APR-2025,PAISALO,32.93,32.68,0.0076,0.0325,0.0325,0.6209
28-APR-2025,PAKKA,175.41,178.04,-0.0149,0.0348,0.0348,0.6649
28-APR-2025,PALASHSECU,124.66,124.11,0.0044,0.0355,0.0354,0.6763
28-APR-2025,PALREDTEC,50.47,51.50,-0.0202,0.0329,0.0328,0.6266
28-APR-2025,PANACEABIO,537.35,520.60,0.0317,0.0366,0.0366,0.6992
28-APR-2025,PANACHE,253.75,248.80,0.0197,0.0319,0.0319,0.6094
28-APR-2025,PANAMAPET,364.05,364.65,-0.0016,0.0254,0.0254,0.4853
28-APR-2025,PANSARI,194.98,189.26,0.0298,0.0342,0.0342,0.6534
28-APR-2025,PAR,103.16,102.47,0.0067,0.0361,0.0360,0.6878
28-APR-2025,PARACABLES,51.08,51.29,-0.0041,0.0333,0.0332,0.6343
28-APR-2025,PARADEEP,148.95,140.55,0.0580,0.0317,0.0319,0.6094
28-APR-2025,PARAGMILK,184.54,184.57,-0.0002,0.0297,0.0296,0.5655
28-APR-2025,PARAS,1143.65,1045.10,0.0901,0.0310,0.0315,0.6018
28-APR-2025,PARASPETRO,2.56,2.63,-0.0270,0.0485,0.0484,0.9247
28-APR-2025,PARKHOTELS,157.11,160.10,-0.0189,0.0260,0.0260,0.4967
28-APR-2025,PARSVNATH,22.44,22.19,0.0112,0.0325,0.0324,0.6190
28-APR-2025,PASUPTAC,46.99,47.40,-0.0087,0.0341,0.0341,0.6515
28-APR-2025,PATANJALI,1931.70,1967.10,-0.0182,0.0204,0.0204,0.3897
28-APR-2025,PATELENG,44.84,45.35,-0.0113,0.0294,0.0294,0.5617
28-APR-2025,PATINTLOG,14.93,15.25,-0.0212,0.0358,0.0357,0.6820
28-APR-2025,PAVNAIND,329.50,322.75,0.0207,0.0342,0.0342,0.6534
28-APR-2025,PAYTM,881.75,875.65,0.0069,0.0343,0.0342,0.6534
28-APR-2025,PCBL,383.15,387.00,-0.0100,0.0293,0.0293,0.5598
28-APR-2025,PCJEWELLER,12.78,12.89,-0.0086,0.0370,0.0369,0.7050
28-APR-2025,PDMJEPAPER,114.10,116.42,-0.0201,0.0370,0.0370,0.7069
28-APR-2025,PDSL,378.50,390.20,-0.0304,0.0249,0.0250,0.4776
28-APR-2025,PEARLPOLY,29.85,28.63,0.0417,0.0391,0.0391,0.7470
28-APR-2025,PEL,990.75,981.20,0.0097,0.0242,0.0241,0.4604
28-APR-2025,PENIND,191.37,189.40,0.0103,0.0349,0.0348,0.6649
28-APR-2025,PENINLAND,29.85,31.45,-0.0522,0.0363,0.0364,0.6954
28-APR-2025,PERSISTENT,5287.00,5273.50,0.0026,0.0239,0.0238,0.4547
28-APR-2025,PETRONET,310.30,309.40,0.0029,0.0199,0.0199,0.3802
28-APR-2025,PFC,419.55,415.05,0.0108,0.0279,0.0279,0.5330
28-APR-2025,PFIZER,4274.00,4248.90,0.0059,0.0163,0.0162,0.3095
28-APR-2025,PFOCUS,104.30,96.39,0.0789,0.0324,0.0328,0.6266
28-APR-2025,PFS,32.87,32.90,-0.0009,0.0318,0.0317,0.6056
28-APR-2025,PGEL,884.85,871.10,0.0157,0.0367,0.0366,0.6992
28-APR-2025,PGHH,14284.00,14222.00,0.0043,0.0138,0.0138,0.2636
28-APR-2025,PGHL,5103.00,5063.50,0.0078,0.0157,0.0157,0.2999
28-APR-2025,PGIL,976.90,982.90,-0.0061,0.0385,0.0384,0.7336
28-APR-2025,PGINVIT,80.16,80.58,-0.0052,0.0081,0.0081,0.1548
28-APR-2025,PHARMABEES,22.32,21.89,0.0195,0.0105,0.0106,0.2025
28-APR-2025,PHOENIXLTD,1634.80,1629.00,0.0036,0.0267,0.0266,0.5082
28-APR-2025,PIDILITIND,3042.80,3011.20,0.0104,0.0129,0.0129,0.2465
28-APR-2025,PIGL,159.39,156.27,0.0198,0.0290,0.0290,0.5540
28-APR-2025,PIIND,3649.20,3583.90,0.0181,0.0173,0.0173,0.3305
28-APR-2025,PILANIINVS,4375.70,4388.10,-0.0028,0.0296,0.0296,0.5655
28-APR-2025,PILITA,15.57,15.58,-0.0006,0.0313,0.0312,0.5961
28-APR-2025,PILLAR,10.00,10.00,0.0000,0.0000,0.0000,0.0000
28-APR-2025,PIONEEREMB,45.57,44.28,0.0287,0.0318,0.0318,0.6075
28-APR-2025,PITTIENG,925.10,933.10,-0.0086,0.0277,0.0276,0.5273
28-APR-2025,PIXTRANS,1488.90,1477.00,0.0080,0.0336,0.0336,0.6419
28-APR-2025,PKLEASING,10.00,10.00,0.0000,0.0000,0.0000,0.0000
28-APR-2025,PKTEA,735.30,701.00,0.0478,0.0331,0.0332,0.6343
28-APR-2025,PLASTIBLEN,196.37,192.20,0.0215,0.0257,0.0257,0.4910
28-APR-2025,PLATIND,259.40,259.95,-0.0021,0.0328,0.0327,0.6247
28-APR-2025,PLAZACABLE,56.29,59.04,-0.0477,0.0239,0.0240,0.4585
28-APR-2025,PNB,102.17,99.29,0.0286,0.0219,0.0219,0.4184
28-APR-2025,PNBGILTS,96.29,95.11,0.0123,0.0273,0.0272,0.5197
28-APR-2025,PNBHOUSING,986.25,971.70,0.0149,0.0266,0.0265,0.5063
28-APR-2025,PNC,24.30,24.46,-0.0066,0.0347,0.0346,0.6610
28-APR-2025,PNCINFRA,275.35,274.75,0.0022,0.0282,0.0281,0.5368
28-APR-2025,PNGJL,514.15,513.40,0.0015,0.0208,0.0208,0.3974
28-APR-2025,POCL,778.60,740.30,0.0504,0.0411,0.0411,0.7852
28-APR-2025,PODDARHOUS,36.39,37.03,-0.0174,0.0235,0.0235,0.4490
28-APR-2025,PODDARMENT,298.10,300.00,-0.0064,0.0249,0.0248,0.4738
28-APR-2025,POKARNA,870.70,891.70,-0.0238,0.0407,0.0406,0.7757
28-APR-2025,POLICYBZR,1617.30,1594.10,0.0144,0.0291,0.0291,0.5560
28-APR-2025,POLYCAB,5598.00,5507.00,0.0164,0.0260,0.0260,0.4967
28-APR-2025,POLYMED,2588.40,2534.90,0.0209,0.0273,0.0273,0.5216
28-APR-2025,POLYPLEX,1249.00,1232.40,0.0134,0.0262,0.0262,0.5006
28-APR-2025,PONNIERODE,326.70,326.05,0.0020,0.0256,0.0255,0.4872
28-APR-2025,POONAWALLA,385.65,380.45,0.0136,0.0251,0.0250,0.4776
28-APR-2025,POWERGRID,308.55,306.50,0.0067,0.0178,0.0177,0.3382
28-APR-2025,POWERINDIA,13961.00,13498.00,0.0337,0.0337,0.0337,0.6438
28-APR-2025,POWERMECH,2736.60,2749.60,-0.0047,0.0303,0.0302,0.5770
28-APR-2025,PPAP,174.38,174.25,0.0007,0.0282,0.0281,0.5368
28-APR-2025,PPL,416.65,423.60,-0.0165,0.0307,0.0307,0.5865
28-APR-2025,PPLPHARMA,214.82,216.24,-0.0066,0.0287,0.0287,0.5483
28-APR-2025,PRABHA,190.05,192.86,-0.0147,0.0160,0.0160,0.3057
28-APR-2025,PRABHATSEC,10.80,10.80,0.0000,0.0000,0.0000,0.0000
28-APR-2025,PRAENG,20.76,21.04,-0.0134,0.0380,0.0380,0.7260
28-APR-2025,PRAJIND,513.80,505.35,0.0166,0.0265,0.0264,0.5044
28-APR-2025,PRAKASH,180.32,176.36,0.0222,0.0311,0.0310,0.5923
28-APR-2025,PRAKASHSTL,6.78,6.84,-0.0088,0.0299,0.0298,0.5693
28-APR-2025,PRAXIS,9.16,9.21,-0.0054,0.0327,0.0326,0.6228
28-APR-2025,PRECAM,163.13,166.37,-0.0197,0.0374,0.0373,0.7126
28-APR-2025,PRECOT,406.05,416.05,-0.0243,0.0349,0.0348,0.6649
28-APR-2025,PRECWIRE,137.12,136.37,0.0055,0.0326,0.0325,0.6209
28-APR-2025,PREMEXPLN,438.50,387.05,0.1248,0.0372,0.0381,0.7279
28-APR-2025,PREMIER,3.00,3.03,-0.0100,0.0327,0.0326,0.6228
28-APR-2025,PREMIERENE,1008.85,989.35,0.0195,0.0279,0.0279,0.5330
28-APR-2025,PREMIERPOL,60.02,61.03,-0.0167,0.0378,0.0377,0.7203
28-APR-2025,PRESTIGE,1315.80,1261.80,0.0419,0.0282,0.0283,0.5407
28-APR-2025,PRHOLDING,10.00,10.00,0.0000,0.0000,0.0000,0.0000
28-APR-2025,PRICOLLTD,440.15,438.15,0.0046,0.0233,0.0232,0.4432
28-APR-2025,PRIMESECU,233.95,228.71,0.0227,0.0295,0.0294,0.5617
28-APR-2025,PRIMO,26.99,27.36,-0.0136,0.0017,0.0019,0.0363
28-APR-2025,PRINCEPIPE,252.34,253.03,-0.0027,0.0231,0.0231,0.4413
28-APR-2025,PRITI,90.85,90.63,0.0024,0.0333,0.0332,0.6343
28-APR-2025,PRITIKAUTO,16.11,16.38,-0.0166,0.0310,0.0309,0.5903
28-APR-2025,PRIVISCL,1981.90,1898.80,0.0428,0.0235,0.0236,0.4509
28-APR-2025,PRIYAINT,8.50,8.50,0.0000,0.0000,0.0000,0.0000
28-APR-2025,PROTEAN,1357.10,1359.20,-0.0015,0.0284,0.0283,0.5407
28-APR-2025,PROZONER,32.99,32.35,0.0196,0.0476,0.0475,0.9075
28-APR-2025,PRSMJOHNSN,130.74,130.16,0.0044,0.0273,0.0272,0.5197
28-APR-2025,PRUDENT,2355.50,2316.60,0.0167,0.0359,0.0358,0.6840
28-APR-2025,PRUDMOULI,45.50,47.89,-0.0512,0.0309,0.0310,0.5923
28-APR-2025,PSB,29.31,28.87,0.0151,0.0356,0.0355,0.6782
28-APR-2025,PSPPROJECT,638.10,638.95,-0.0013,0.0182,0.0181,0.3458
28-APR-2025,PSUBANK,664.66,649.69,0.0228,0.0175,0.0175,0.3343
28-APR-2025,PSUBANKADD,66.85,65.41,0.0218,0.0163,0.0164,0.3133
28-APR-2025,PSUBNKBEES,74.23,72.61,0.0221,0.0171,0.0171,0.3267
28-APR-2025,PSUBNKIETF,67.39,65.64,0.0263,0.0157,0.0158,0.3019
28-APR-2025,PTC,180.15,179.47,0.0038,0.0271,0.0270,0.5158
28-APR-2025,PTCIL,13729.00,13599.00,0.0095,0.0324,0.0323,0.6171
28-APR-2025,PTL,38.80,38.84,-0.0010,0.0200,0.0199,0.3802
28-APR-2025,PUNJABCHEM,1030.45,1001.95,0.0280,0.0298,0.0298,0.5693
28-APR-2025,PURBANCHAL,8.65,8.65,0.0000,0.0000,0.0000,0.0000
28-APR-2025,PURVA,244.00,246.12,-0.0087,0.0349,0.0348,0.6649
28-APR-2025,PVP,24.97,25.65,-0.0269,0.0398,0.0398,0.7604
28-APR-2025,PVRINOX,982.95,979.75,0.0033,0.0211,0.0210,0.4012
28-APR-2025,PVSL,98.97,97.02,0.0199,0.0200,0.0200,0.3821
28-APR-2025,PVTBANIETF,27.60,27.19,0.0150,0.0099,0.0100,0.1910
28-APR-2025,PVTBANKADD,27.70,27.34,0.0131,0.0113,0.0113,0.2159
28-APR-2025,PYRAMID,160.50,161.15,-0.0040,0.0299,0.0299,0.5712
28-APR-2025,QGOLDHALF,78.82,79.85,-0.0130,0.0087,0.0087,0.1662
28-APR-2025,QNIFTY,2635.13,2609.64,0.0097,0.0083,0.0084,0.1605
28-APR-2025,QPOWER,343.75,341.40,0.0069,0.0196,0.0195,0.3725
28-APR-2025,QUADFUTURE,486.35,496.45,-0.0206,0.0370,0.0370,0.7069
28-APR-2025,QUAL30IETF,20.20,20.00,0.0100,0.0091,0.0091,0.1739
28-APR-2025,QUESS,336.80,349.15,-0.0360,0.0245,0.0246,0.4700
28-APR-2025,QUICKHEAL,292.85,292.65,0.0007,0.0347,0.0346,0.6610
28-APR-2025,QUINTEGRA,1.48,1.63,-0.0965,0.0225,0.0235,0.4490
28-APR-2025,RACE,268.35,267.45,0.0034,0.0261,0.0260,0.4967
28-APR-2025,RACLGEAR,777.95,790.50,-0.0160,0.0278,0.0278,0.5311
28-APR-2025,RADAAN,3.66,3.69,-0.0082,0.0366,0.0365,0.6973
28-APR-2025,RADHIKAJWE,92.63,92.49,0.0015,0.0358,0.0357,0.6820
28-APR-2025,RADIANTCMS,67.56,67.25,0.0046,0.0241,0.0240,0.4585
28-APR-2025,RADICO,2469.20,2441.70,0.0112,0.0223,0.0223,0.4260
28-APR-2025,RADIOCITY,9.90,10.11,-0.0210,0.0250,0.0249,0.4757
28-APR-2025,RAILTEL,308.50,302.00,0.0213,0.0341,0.0341,0.6515
28-APR-2025,RAIN,144.93,145.67,-0.0051,0.0243,0.0242,0.4623
28-APR-2025,RAINBOW,1383.50,1397.10,-0.0098,0.0226,0.0225,0.4299
28-APR-2025,RAJESHEXPO,188.36,187.37,0.0053,0.0293,0.0292,0.5579
28-APR-2025,RAJMET,5.25,5.36,-0.0207,0.0299,0.0299,0.5712
28-APR-2025,RAJRATAN,421.70,411.40,0.0247,0.0284,0.0284,0.5426
28-APR-2025,RAJRILTD,24.67,24.68,-0.0004,0.0390,0.0389,0.7432
28-APR-2025,RAJSREESUG,46.09,47.30,-0.0259,0.0351,0.0350,0.6687
28-APR-2025,RAJTV,48.75,48.78,-0.0006,0.0307,0.0306,0.5846
28-APR-2025,RAJVIR,11.73,13.64,-0.1509,0.0518,0.0528,1.0087
28-APR-2025,RALLIS,235.14,237.76,-0.0111,0.0248,0.0247,0.4719
28-APR-2025,RAMANEWS,36.30,37.04,-0.0202,0.0372,0.0371,0.7088
28-APR-2025,RAMAPHO,125.73,123.43,0.0185,0.0345,0.0344,0.6572
28-APR-2025,RAMARAJU,182.80,182.80,0.0000,0.0000,0.0000,0.0000
28-APR-2025,RAMASTEEL,10.09,10.30,-0.0206,0.0333,0.0333,0.6362
28-APR-2025,RAMCOCEM,966.80,968.70,-0.0020,0.0166,0.0166,0.3171
28-APR-2025,RAMCOIND,234.89,235.14,-0.0011,0.0227,0.0227,0.4337
28-APR-2025,RAMCOSYS,392.15,399.30,-0.0181,0.0347,0.0346,0.6610
28-APR-2025,RAMKY,486.70,494.60,-0.0161,0.0336,0.0335,0.6400
28-APR-2025,RAMRAT,528.35,529.85,-0.0028,0.0282,0.0281,0.5368
28-APR-2025,RANASUG,13.84,13.91,-0.0050,0.0267,0.0266,0.5082
28-APR-2025,RANEHOLDIN,1291.90,1294.90,-0.0023,0.0279,0.0279,0.5330
28-APR-2025,RANJANPOLY,28.25,28.25,0.0000,0.0000,0.0000,0.0000
28-APR-2025,RATEGAIN,448.40,442.30,0.0137,0.0266,0.0266,0.5082
28-APR-2025,RATNAMANI,2689.10,2678.90,0.0038,0.0192,0.0191,0.3649
28-APR-2025,RATNAVEER,132.84,134.62,-0.0133,0.0312,0.0312,0.5961
28-APR-2025,RAYMOND,1512.40,1500.60,0.0078,0.0347,0.0346,0.6610
28-APR-2025,RAYMONDLSL,1004.80,1011.80,-0.0069,0.0245,0.0245,0.4681
28-APR-2025,RBA,82.68,82.23,0.0055,0.0234,0.0233,0.4451
28-APR-2025,RBLBANK,207.10,188.08,0.0963,0.0266,0.0274,0.5235
28-APR-2025,RBZJEWEL,132.95,135.65,-0.0201,0.0290,0.0290,0.5540
28-APR-2025,RCF,139.59,135.94,0.0265,0.0312,0.0312,0.5961
28-APR-2025,RCOM,1.58,1.60,-0.0126,0.0302,0.0302,0.5770
28-APR-2025,RECLTD,433.05,422.15,0.0255,0.0287,0.0287,0.5483
28-APR-2025,REDINGTON,249.64,245.44,0.0170,0.0281,0.0280,0.5349
28-APR-2025,REDTAPE,139.60,138.36,0.0089,0.0260,0.0260,0.4967
28-APR-2025,REFEX,433.30,446.80,-0.0307,0.0333,0.0332,0.6343
28-APR-2025,REGALENTER,10.00,10.00,0.0000,0.0000,0.0000,0.0000
28-APR-2025,REGENCERAM,45.33,46.12,-0.0173,0.0376,0.0375,0.7164
28-APR-2025,RELAXO,419.15,423.25,-0.0097,0.0161,0.0160,0.3057
28-APR-2025,RELCHEMQ,162.12,161.51,0.0038,0.0245,0.0244,0.4662
28-APR-2025,RELIABLE,69.96,69.93,0.0004,0.0277,0.0277,0.5292
28-APR-2025,RELIANCE,1368.80,1300.40,0.0513,0.0138,0.0142,0.2713
28-APR-2025,RELIGARE,216.29,216.49,-0.0009,0.0259,0.0258,0.4929
28-APR-2025,RELINFRA,255.30,256.90,-0.0062,0.0371,0.0370,0.7069
28-APR-2025,RELTD,112.86,117.53,-0.0405,0.0366,0.0366,0.6992
28-APR-2025,REMSONSIND,116.88,116.25,0.0054,0.0298,0.0298,0.5693
28-APR-2025,RENUKA,29.17,29.41,-0.0082,0.0271,0.0271,0.5177
28-APR-2025,REPCOHOME,400.40,393.40,0.0176,0.0261,0.0261,0.4986
28-APR-2025,REPL,179.98,173.73,0.0353,0.0316,0.0316,0.6037
28-APR-2025,REPRO,501.75,549.20,-0.0904,0.0320,0.0326,0.6228
28-APR-2025,RESPONIND,182.42,186.13,-0.0201,0.0266,0.0265,0.5063
28-APR-2025,RETAIL,36.44,36.13,0.0085,0.0330,0.0330,0.6305
28-APR-2025,RGL,114.05,116.13,-0.0181,0.0339,0.0338,0.6457
28-APR-2025,RHFL,3.33,3.32,0.0030,0.0349,0.0348,0.6649
28-APR-2025,RHIM,449.25,444.00,0.0118,0.0234,0.0234,0.4471
28-APR-2025,RHL,222.00,220.00,0.0090,0.0311,0.0310,0.5923
28-APR-2025,RICOAUTO,65.21,64.23,0.0151,0.0330,0.0329,0.6286
28-APR-2025,RIIL,868.80,851.30,0.0203,0.0285,0.0285,0.5445
28-APR-2025,RISHABH,262.33,264.94,-0.0099,0.0280,0.0279,0.5330
28-APR-2025,RITCO,269.15,280.30,-0.0406,0.0313,0.0314,0.5999
28-APR-2025,RITES,234.07,229.96,0.0177,0.0298,0.0297,0.5674
28-APR-2025,RITZ,15.25,15.25,0.0000,0.0000,0.0000,0.0000
28-APR-2025,RKDL,27.16,27.59,-0.0157,0.0315,0.0315,0.6018
28-APR-2025,RKEC,76.64,73.83,0.0374,0.0347,0.0347,0.6629
28-APR-2025,RKFORGE,624.75,656.70,-0.0499,0.0270,0.0272,0.5197
28-APR-2025,RKSWAMY,212.29,211.90,0.0018,0.0263,0.0263,0.5025
28-APR-2025,RML,706.90,695.40,0.0164,0.0298,0.0298,0.5693
28-APR-2025,ROBERT,10.70,10.70,0.0000,0.0000,0.0000,0.0000
28-APR-2025,ROHLTD,384.05,386.95,-0.0075,0.0280,0.0279,0.5330
28-APR-2025,ROLEXRINGS,1347.70,1346.60,0.0008,0.0227,0.0226,0.4318
28-APR-2025,ROLLT,1.52,1.55,-0.0195,0.0332,0.0332,0.6343
28-APR-2025,ROLTA,2.36,2.46,-0.0415,0.0338,0.0338,0.6457
28-APR-2025,ROML,44.76,46.16,-0.0308,0.0327,0.0327,0.6247
28-APR-2025,ROSSARI,690.65,699.30,-0.0124,0.0196,0.0195,0.3725
28-APR-2025,ROSSELLIND,72.79,72.00,0.0109,0.0360,0.0359,0.6859
28-APR-2025,ROSSTECH,312.00,319.55,-0.0239,0.0203,0.0203,0.3878
28-APR-2025,ROTO,227.65,229.02,-0.0060,0.0314,0.0313,0.5980
28-APR-2025,ROUTE,977.60,972.60,0.0051,0.0208,0.0207,0.3955
28-APR-2025,RPEL,641.25,644.80,-0.0055,0.0333,0.0332,0.6343
28-APR-2025,RPGLIFE,2115.50,2244.30,-0.0591,0.0293,0.0296,0.5655
28-APR-2025,RPOWER,41.36,41.36,0.0000,0.0349,0.0348,0.6649
28-APR-2025,RPPINFRA,161.72,163.76,-0.0125,0.0346,0.0345,0.6591
28-APR-2025,RPPL,25.76,26.52,-0.0291,0.0364,0.0364,0.6954
28-APR-2025,RPSGVENT,843.70,848.75,-0.0060,0.0319,0.0318,0.6075
28-APR-2025,RPTECH,292.40,293.10,-0.0024,0.0242,0.0242,0.4623
28-APR-2025,RRKABEL,967.80,972.05,-0.0044,0.0228,0.0228,0.4356
28-APR-2025,RSSOFTWARE,68.00,68.00,0.0000,0.0335,0.0334,0.6381
28-APR-2025,RSWM,149.05,152.13,-0.0205,0.0275,0.0274,0.5235
28-APR-2025,RSYSTEMS,314.05,313.05,0.0032,0.0265,0.0264,0.5044
28-APR-2025,RTNINDIA,43.80,43.56,0.0055,0.0313,0.0312,0.5961
28-APR-2025,RTNPOWER,10.50,10.61,-0.0104,0.0330,0.0329,0.6286
28-APR-2025,RUBFILA,67.31,68.55,-0.0183,0.0257,0.0256,0.4891
28-APR-2025,RUBYMILLS,196.88,196.37,0.0026,0.0323,0.0323,0.6171
28-APR-2025,RUCHINFRA,7.84,7.93,-0.0114,0.0330,0.0330,0.6305
28-APR-2025,RUCHIRA,120.23,120.54,-0.0026,0.0226,0.0225,0.4299
28-APR-2025,RUPA,192.46,192.15,0.0016,0.0227,0.0227,0.4337
28-APR-2025,RUSHIL,23.22,23.31,-0.0039,0.0307,0.0306,0.5846
28-APR-2025,RUSTOMJEE,528.40,525.20,0.0061,0.0196,0.0196,0.3745
28-APR-2025,RVHL,46.06,46.19,-0.0028,0.0325,0.0324,0.6190
28-APR-2025,RVNL,361.20,361.20,0.0000,0.0353,0.0353,0.6744
28-APR-2025,RVTH,849.35,860.25,-0.0128,0.0259,0.0258,0.4929
28-APR-2025,S&SPOWER,384.60,397.65,-0.0334,0.0346,0.0346,0.6610
28-APR-2025,SAANVI,10.00,10.00,0.0000,0.0000,0.0000,0.0000
28-APR-2025,SABEVENTS,5.21,5.17,0.0077,0.0441,0.0440,0.8406
28-APR-2025,SABTNL,640.45,674.15,-0.0513,0.0278,0.0280,0.5349
28-APR-2025,SADBHAV,14.39,15.13,-0.0501,0.0352,0.0353,0.6744
28-APR-2025,SADBHIN,4.80,4.93,-0.0267,0.0359,0.0358,0.6840
28-APR-2025,SADHNANIQ,21.68,22.12,-0.0201,0.0342,0.0342,0.6534
28-APR-2025,SAFARI,1984.40,1996.90,-0.0063,0.0232,0.0232,0.4432
28-APR-2025,SAGARDEEP,32.04,30.91,0.0359,0.0276,0.0276,0.5273
28-APR-2025,SAGCEM,226.27,220.02,0.0280,0.0230,0.0230,0.4394
28-APR-2025,SAGILITY,41.07,40.87,0.0049,0.0211,0.0210,0.4012
28-APR-2025,SAH,85.34,85.74,-0.0047,0.0318,0.0317,0.6056
28-APR-2025,SAHYADRI,262.64,269.97,-0.0275,0.0262,0.0262,0.5006
28-APR-2025,SAIL,116.78,114.80,0.0171,0.0266,0.0266,0.5082
28-APR-2025,SAILIFE,680.05,687.70,-0.0112,0.0219,0.0218,0.4165
28-APR-2025,SAKAR,288.47,291.03,-0.0088,0.0285,0.0284,0.5426
28-APR-2025,SAKHTISUG,23.63,23.72,-0.0038,0.0330,0.0329,0.6286
28-APR-2025,SAKSOFT,158.74,159.60,-0.0054,0.0293,0.0293,0.5598
28-APR-2025,SAKUMA,3.63,3.46,0.0480,0.0347,0.0347,0.6629
28-APR-2025,SALASAR,8.96,9.09,-0.0144,0.0370,0.0369,0.7050
28-APR-2025,SALONA,253.69,258.03,-0.0170,0.0278,0.0278,0.5311
28-APR-2025,SALSTEEL,19.64,19.57,0.0036,0.0363,0.0362,0.6916
28-APR-2025,SALZERELEC,990.80,1004.40,-0.0136,0.0367,0.0366,0.6992
28-APR-2025,SAMBHAAV,7.33,7.27,0.0082,0.0406,0.0405,0.7738
28-APR-2025,SAMHI,176.01,180.19,-0.0235,0.0264,0.0263,0.5025
28-APR-2025,SAMMAANCAP,124.63,123.81,0.0066,0.0301,0.0300,0.5731
28-APR-2025,SAMPANN,30.55,32.11,-0.0498,0.0350,0.0351,0.6706
28-APR-2025,SAMYAK,9.95,9.95,0.0000,0.0000,0.0000,0.0000
28-APR-2025,SANATHAN,437.40,429.10,0.0192,0.0173,0.0174,0.3324
28-APR-2025,SANCO,2.62,2.55,0.0271,0.0322,0.0322,0.6152
28-APR-2025,SANDESH,1131.10,1138.50,-0.0065,0.0297,0.0296,0.5655
28-APR-2025,SANDHAR,383.00,393.95,-0.0282,0.0274,0.0274,0.5235
28-APR-2025,SANDUMA,451.35,457.70,-0.0140,0.0318,0.0318,0.6075
28-APR-2025,SANGAMIND,399.35,402.15,-0.0070,0.0339,0.0338,0.6457
28-APR-2025,SANGHIIND,60.83,61.02,-0.0031,0.0247,0.0246,0.4700
28-APR-2025,SANGHVIMOV,286.34,292.54,-0.0214,0.0373,0.0372,0.7107
28-APR-2025,SANGINITA,11.09,11.27,-0.0161,0.0371,0.0370,0.7069
28-APR-2025,SANOFI,6064.00,6273.50,-0.0340,0.0132,0.0133,0.2541
28-APR-2025,SANOFICONR,4944.20,4939.00,0.0011,0.0085,0.0085,0.1624
28-APR-2025,SANSERA,1105.00,1111.20,-0.0056,0.0209,0.0208,0.3974
28-APR-2025,SANSTAR,94.63,94.25,0.0040,0.0226,0.0225,0.4299
28-APR-2025,SANWARIA,0.39,0.40,-0.0253,0.0532,0.0531,1.0145
28-APR-2025,SAPPHIRE,320.45,324.60,-0.0129,0.0222,0.0221,0.4222
28-APR-2025,SARDAEN,473.85,477.25,-0.0071,0.0308,0.0307,0.5865
28-APR-2025,SAREGAMA,556.10,546.05,0.0182,0.0290,0.0289,0.5521
28-APR-2025,SARLAPOLY,96.96,96.03,0.0096,0.0363,0.0362,0.6916
28-APR-2025,SARVESHWAR,6.78,6.74,0.0059,0.0294,0.0293,0.5598
28-APR-2025,SASKEN,1567.90,1632.10,-0.0401,0.0310,0.0310,0.5923
28-APR-2025,SASTASUNDR,262.20,254.13,0.0313,0.0278,0.0278,0.5311
28-APR-2025,SATIA,73.86,73.11,0.0102,0.0231,0.0231,0.4413
28-APR-2025,SATIN,164.57,162.60,0.0120,0.0233,0.0233,0.4451
28-APR-2025,SATINDLTD,81.94,84.07,-0.0257,0.0320,0.0319,0.6094
28-APR-2025,SATYASHYAM,22.65,22.65,0.0000,0.0000,0.0000,0.0000
28-APR-2025,SAURASHCEM,95.14,91.13,0.0431,0.0329,0.0330,0.6305
28-APR-2025,SBC,13.33,13.41,-0.0060,0.0292,0.0292,0.5579
28-APR-2025,SBCL,448.10,456.45,-0.0185,0.0277,0.0276,0.5273
28-APR-2025,SBFC,105.79,106.14,-0.0033,0.0214,0.0214,0.4088
28-APR-2025,SBGLP,45.39,45.04,0.0077,0.0373,0.0372,0.7107
28-APR-2025,SBHL,10.00,10.00,0.0000,0.0000,0.0000,0.0000
28-APR-2025,SBIBPB,38.68,37.76,0.0241,0.0053,0.0055,0.1051
28-APR-2025,SBICARD,863.90,867.50,-0.0042,0.0157,0.0157,0.2999
28-APR-2025,SBIETFCON,115.63,114.67,0.0083,0.0092,0.0092,0.1758
28-APR-2025,SBIETFIT,382.61,383.12,-0.0013,0.0141,0.0140,0.2675
28-APR-2025,SBIETFPB,278.92,274.97,0.0143,0.0100,0.0100,0.1910
28-APR-2025,SBIETFQLTY,212.89,211.36,0.0072,0.0091,0.0090,0.1719
28-APR-2025,SBILIFE,1736.10,1695.10,0.0239,0.0155,0.0155,0.2961
28-APR-2025,SBIN,817.35,798.65,0.0231,0.0164,0.0165,0.3152
28-APR-2025,SBINEQWETF,30.43,30.12,0.0102,0.0080,0.0080,0.1528
28-APR-2025,SBISILVER,95.42,97.13,-0.0178,0.0114,0.0114,0.2178
28-APR-2025,SCHAEFFLER,3287.80,3194.30,0.0289,0.0207,0.0207,0.3955
28-APR-2025,SCHAND,201.93,199.72,0.0110,0.0267,0.0267,0.5101
28-APR-2025,SCHNEIDER,598.30,605.05,-0.0112,0.0292,0.0291,0.5560
28-APR-2025,SCI,176.76,173.81,0.0168,0.0328,0.0327,0.6247
28-APR-2025,SCILAL,48.36,48.02,0.0071,0.0278,0.0277,0.5292
28-APR-2025,SCPL,328.70,331.85,-0.0095,0.0295,0.0294,0.5617
28-APR-2025,SDBL,138.66,134.10,0.0334,0.0287,0.0287,0.5483
28-APR-2025,SDL26BEES,129.32,129.56,-0.0019,0.0027,0.0027,0.0516
28-APR-2025,SEAMECLTD,934.40,939.65,-0.0056,0.0258,0.0258,0.4929
28-APR-2025,SECMARK,116.30,105.26,0.0997,0.0376,0.0382,0.7298
28-APR-2025,SECURKLOUD,29.34,29.94,-0.0202,0.0356,0.0356,0.6801
28-APR-2025,SEITINVIT,108.00,108.00,0.0000,0.0051,0.0051,0.0974
28-APR-2025,SEJALLTD,416.15,396.25,0.0490,0.0301,0.0303,0.5789
28-APR-2025,SELAN,543.20,555.95,-0.0232,0.0352,0.0352,0.6725
28-APR-2025,SELECTIPO,44.15,43.81,0.0077,0.0067,0.0068,0.1299
28-APR-2025,SELMC,44.27,42.16,0.0488,0.0369,0.0370,0.7069
28-APR-2025,SEMAC,359.50,358.15,0.0038,0.0300,0.0299,0.5712
28-APR-2025,SENCO,363.35,374.20,-0.0294,0.0329,0.0329,0.6286
28-APR-2025,SENORES,513.75,516.95,-0.0062,0.0236,0.0235,0.4490
28-APR-2025,SENSEXADD,81.24,79.78,0.0181,0.0111,0.0111,0.2121
28-APR-2025,SENSEXETF,81.22,80.54,0.0084,0.0101,0.0101,0.1930
28-APR-2025,SENSEXIETF,904.69,894.66,0.0111,0.0098,0.0099,0.1891
28-APR-2025,SEPC,14.65,14.81,-0.0109,0.0391,0.0390,0.7451
28-APR-2025,SEQUENT,150.12,148.12,0.0134,0.0326,0.0325,0.6209
28-APR-2025,SERVOTECH,128.45,124.04,0.0349,0.0329,0.0329,0.6286
28-APR-2025,SESHAPAPER,271.90,267.35,0.0169,0.0226,0.0225,0.4299
28-APR-2025,SETCO,17.71,17.95,-0.0135,0.0317,0.0316,0.6037
28-APR-2025,SETF10GILT,254.95,255.81,-0.0034,0.0030,0.0030,0.0573
28-APR-2025,SETFGOLD,81.63,82.51,-0.0107,0.0086,0.0086,0.1643
28-APR-2025,SETFNIF50,256.98,253.88,0.0121,0.0080,0.0080,0.1528
28-APR-2025,SETFNIFBK,562.92,555.06,0.0141,0.0094,0.0094,0.1796
28-APR-2025,SETFNN50,686.82,682.03,0.0070,0.0117,0.0117,0.2235
28-APR-2025,SETUINFRA,0.60,0.65,-0.0800,0.0385,0.0388,0.7413
28-APR-2025,SEYAIND,18.02,20.04,-0.1062,0.0297,0.0306,0.5846
28-APR-2025,SFL,660.05,663.25,-0.0048,0.0177,0.0176,0.3362
28-APR-2025,SGIL,505.95,486.40,0.0394,0.0290,0.0291,0.5560
28-APR-2025,SGL,13.57,13.70,-0.0095,0.0381,0.0380,0.7260
28-APR-2025,SGLTL,142.71,142.47,0.0017,0.0216,0.0215,0.4108
28-APR-2025,SHAH,3.12,3.08,0.0129,0.0341,0.0340,0.6496
28-APR-2025,SHAHALLOYS,61.29,58.43,0.0478,0.0397,0.0397,0.7585
28-APR-2025,SHAILY,1562.20,1607.40,-0.0285,0.0335,0.0335,0.6400
28-APR-2025,SHAKTIPUMP,890.15,901.70,-0.0129,0.0338,0.0337,0.6438
28-APR-2025,SHALBY,189.32,188.70,0.0033,0.0253,0.0252,0.4814
28-APR-2025,SHALPAINTS,108.00,109.51,-0.0139,0.0295,0.0294,0.5617
28-APR-2025,SHANKARA,622.30,632.60,-0.0164,0.0297,0.0297,0.5674
28-APR-2025,SHANTI,14.95,14.88,0.0047,0.0354,0.0353,0.6744
28-APR-2025,SHANTIGEAR,499.70,494.55,0.0104,0.0264,0.0264,0.5044
28-APR-2025,SHARDACROP,553.95,549.45,0.0082,0.0328,0.0327,0.6247
28-APR-2025,SHARDAMOTR,1681.50,1679.90,0.0010,0.0301,0.0300,0.5731
28-APR-2025,SHAREINDIA,154.00,150.50,0.0230,0.0267,0.0267,0.5101
28-APR-2025,SHARIABEES,505.57,503.11,0.0049,0.0090,0.0090,0.1719
28-APR-2025,SHEKHAWATI,22.32,22.96,-0.0283,0.1231,0.1228,2.3461
28-APR-2025,SHEMAROO,100.50,104.50,-0.0390,0.0354,0.0354,0.6763
28-APR-2025,SHILPAMED,677.80,681.00,-0.0047,0.0308,0.0307,0.5865
28-APR-2025,SHIVALIK,575.40,585.05,-0.0166,0.0342,0.0341,0.6515
28-APR-2025,SHIVAMAUTO,29.62,28.47,0.0396,0.0372,0.0372,0.7107
28-APR-2025,SHIVAMILLS,79.22,73.60,0.0736,0.0322,0.0326,0.6228
28-APR-2025,SHIVATEX,201.68,195.65,0.0304,0.0365,0.0365,0.6973
28-APR-2025,SHK,210.36,204.85,0.0265,0.0307,0.0307,0.5865
28-APR-2025,SHOPERSTOP,544.75,545.30,-0.0010,0.0238,0.0237,0.4528
28-APR-2025,SHRADHA,63.42,60.40,0.0488,0.0340,0.0341,0.6515
28-APR-2025,SHREDIGCEM,78.96,79.94,-0.0123,0.0205,0.0204,0.3897
28-APR-2025,SHREECEM,30400.00,30540.00,-0.0046,0.0148,0.0148,0.2828
28-APR-2025,SHREEPUSHK,243.35,243.15,0.0008,0.0333,0.0333,0.6362
28-APR-2025,SHREERAMA,34.93,35.57,-0.0182,0.0321,0.0320,0.6114
28-APR-2025,SHREMINVIT,114.00,114.00,0.0000,0.0135,0.0135,0.2579
28-APR-2025,SHRENIK,0.67,0.68,-0.0148,0.0338,0.0337,0.6438
28-APR-2025,SHREYANIND,183.59,183.95,-0.0020,0.0261,0.0260,0.4967
28-APR-2025,SHRIPISTON,1859.10,1860.10,-0.0005,0.0260,0.0260,0.4967
28-APR-2025,SHRIRAMFIN,622.00,655.20,-0.0520,0.0229,0.0231,0.4413
28-APR-2025,SHRIRAMPPS,79.92,80.97,-0.0131,0.0313,0.0312,0.5961
28-APR-2025,SHYAMCENT,8.70,8.75,-0.0057,0.0270,0.0269,0.5139
28-APR-2025,SHYAMMETL,871.20,886.40,-0.0173,0.0240,0.0240,0.4585
28-APR-2025,SHYAMTEL,12.81,12.82,-0.0008,0.0406,0.0405,0.7738
28-APR-2025,SICALLOG,109.87,102.96,0.0650,0.0288,0.0291,0.5560
28-APR-2025,SIEMENS,2916.50,2833.50,0.0289,0.0244,0.0244,0.4662
28-APR-2025,SIGACHI,43.28,42.84,0.0102,0.0309,0.0308,0.5884
28-APR-2025,SIGIND,49.68,51.02,-0.0266,0.0342,0.0342,0.6534
28-APR-2025,SIGMA,289.19,303.49,-0.0483,0.0304,0.0306,0.5846
28-APR-2025,SIGNATURE,1144.40,1136.80,0.0067,0.0221,0.0220,0.4203
28-APR-2025,SIGNPOST,219.71,221.39,-0.0076,0.0340,0.0339,0.6477
28-APR-2025,SIKKO,80.98,80.12,0.0107,0.0410,0.0409,0.7814
28-APR-2025,SIL,20.22,20.25,-0.0015,0.0264,0.0263,0.5025
28-APR-2025,SILGO,48.28,46.25,0.0430,0.0399,0.0399,0.7623
28-APR-2025,SILINV,605.85,605.05,0.0013,0.0325,0.0324,0.6190
28-APR-2025,SILLYMONKS,16.12,15.34,0.0496,0.0356,0.0356,0.6801
28-APR-2025,SILVER,97.05,98.61,-0.0159,0.0134,0.0134,0.2560
28-APR-2025,SILVER1,94.43,95.91,-0.0156,0.0142,0.0142,0.2713
28-APR-2025,SILVER360,98.25,99.75,-0.0152,0.0039,0.0041,0.0783
28-APR-2025,SILVERADD,93.63,95.11,-0.0157,0.0140,0.0140,0.2675
28-APR-2025,SILVERBEES,93.16,94.65,-0.0159,0.0141,0.0141,0.2694
28-APR-2025,SILVERCASE,9.89,10.05,-0.0160,0.0056,0.0057,0.1089
28-APR-2025,SILVERETF,94.32,95.81,-0.0157,0.0134,0.0134,0.2560
28-APR-2025,SILVERIETF,96.89,98.39,-0.0154,0.0137,0.0137,0.2617
28-APR-2025,SILVERTUC,792.05,766.35,0.0330,0.0181,0.0182,0.3477
28-APR-2025,SILVRETF,94.97,96.47,-0.0157,0.0129,0.0129,0.2465
28-APR-2025,SIMBHALS,14.17,14.15,0.0014,0.0311,0.0310,0.5923
28-APR-2025,SIMPLEXINF,290.65,295.30,-0.0159,0.0327,0.0326,0.6228
28-APR-2025,SINCLAIR,91.34,91.62,-0.0031,0.0338,0.0337,0.6438
28-APR-2025,SINDHUTRAD,19.09,19.05,0.0021,0.0424,0.0423,0.8081
28-APR-2025,SINTERCOM,126.61,124.49,0.0169,0.0243,0.0243,0.4643
28-APR-2025,SIRCA,286.85,283.17,0.0129,0.0244,0.0243,0.4643
28-APR-2025,SIS,342.60,336.85,0.0169,0.0197,0.0197,0.3764
28-APR-2025,SITAL,74.65,74.65,0.0000,0.0007,0.0007,0.0134
28-APR-2025,SITINET,0.56,0.58,-0.0351,0.0281,0.0282,0.5388
28-APR-2025,SIYSIL,704.50,707.95,-0.0049,0.0330,0.0329,0.6286
28-APR-2025,SJS,945.90,950.25,-0.0046,0.0278,0.0278,0.5311
28-APR-2025,SJVN,98.01,96.64,0.0141,0.0293,0.0293,0.5598
28-APR-2025,SKFINDIA,3879.90,3876.70,0.0008,0.0167,0.0167,0.3191
28-APR-2025,SKIL,3.52,3.74,-0.0606,0.0193,0.0198,0.3783
28-APR-2025,SKIPPER,454.55,442.90,0.0260,0.0375,0.0374,0.7145
28-APR-2025,SKMEGGPROD,196.80,193.94,0.0146,0.0311,0.0310,0.5923
28-APR-2025,SKYGOLD,309.30,315.20,-0.0189,0.0358,0.0357,0.6820
28-APR-2025,SMALLCAP,42.73,42.33,0.0094,0.0135,0.0134,0.2560
28-APR-2025,SMARTLINK,155.96,149.01,0.0456,0.0311,0.0312,0.5961
28-APR-2025,SMCGLOBAL,113.14,111.20,0.0173,0.0240,0.0240,0.4585
28-APR-2025,SMLISUZU,1594.20,1773.00,-0.1063,0.0333,0.0341,0.6515
28-APR-2025,SMLT,126.17,126.02,0.0012,0.0361,0.0360,0.6878
28-APR-2025,SMMIL,2.25,2.25,0.0000,0.0000,0.0000,0.0000
28-APR-2025,SMSLIFE,1401.00,1452.00,-0.0358,0.0357,0.0357,0.6820
28-APR-2025,SMSPHARMA,240.49,240.38,0.0005,0.0332,0.0331,0.6324
28-APR-2025,SNOWMAN,52.44,52.62,-0.0034,0.0293,0.0293,0.5598
28-APR-2025,SOBHA,1265.30,1254.70,0.0084,0.0286,0.0285,0.5445
28-APR-2025,SOFTTECH,347.45,362.40,-0.0421,0.0329,0.0329,0.6286
28-APR-2025,SOLARA,514.80,508.90,0.0115,0.0320,0.0319,0.6094
28-APR-2025,SOLARINDS,13123.00,12758.00,0.0282,0.0242,0.0243,0.4643
28-APR-2025,SOMANYCERA,429.95,425.90,0.0095,0.0220,0.0219,0.4184
28-APR-2025,SOMATEX,44.87,42.52,0.0538,0.0399,0.0399,0.7623
28-APR-2025,SOMICONVEY,187.95,188.22,-0.0014,0.0419,0.0418,0.7986
28-APR-2025,SONACOMS,463.25,453.65,0.0209,0.0232,0.0232,0.4432
28-APR-2025,SONAMLTD,40.71,41.38,-0.0163,0.0375,0.0374,0.7145
28-APR-2025,SONATSOFTW,362.75,337.90,0.0710,0.0286,0.0290,0.5540
28-APR-2025,SOTL,379.40,378.35,0.0028,0.0260,0.0260,0.4967
28-APR-2025,SOUTHBANK,25.57,25.32,0.0098,0.0234,0.0234,0.4471
28-APR-2025,SOUTHWEST,125.83,115.18,0.0884,0.0318,0.0324,0.6190
28-APR-2025,SPAL,747.55,721.15,0.0360,0.0340,0.0340,0.6496
28-APR-2025,SPANDANA,289.06,293.01,-0.0136,0.0360,0.0359,0.6859
28-APR-2025,SPANGLE,10.00,10.00,0.0000,0.0000,0.0000,0.0000
28-APR-2025,SPARC,150.57,149.76,0.0054,0.0294,0.0293,0.5598
28-APR-2025,SPCENET,8.43,8.61,-0.0211,0.0412,0.0412,0.7871
28-APR-2025,SPECIALITY,136.77,141.68,-0.0353,0.0269,0.0269,0.5139
28-APR-2025,SPECTRUM,1727.20,1744.20,-0.0098,0.0093,0.0093,0.1777
28-APR-2025,SPENCERS,64.47,66.51,-0.0312,0.0321,0.0321,0.6133
28-APR-2025,SPIC,82.97,81.99,0.0119,0.0261,0.0261,0.4986
28-APR-2025,SPLIL,36.08,36.13,-0.0014,0.0291,0.0290,0.5540
28-APR-2025,SPLPETRO,643.85,653.05,-0.0142,0.0219,0.0218,0.4165
28-APR-2025,SPMLINFRA,190.00,194.56,-0.0237,0.0344,0.0343,0.6553
28-APR-2025,SPORTKING,92.21,90.22,0.0218,0.0310,0.0310,0.5923
28-APR-2025,SRD,67.98,65.64,0.0350,0.0230,0.0231,0.4413
28-APR-2025,SREEL,250.84,236.75,0.0578,0.0243,0.0246,0.4700
28-APR-2025,SRF,3040.40,2968.20,0.0240,0.0189,0.0189,0.3611
28-APR-2025,SRGHFL,312.65,332.15,-0.0605,0.0282,0.0284,0.5426
28-APR-2025,SRHHYPOLTD,534.85,528.05,0.0128,0.0327,0.0326,0.6228
28-APR-2025,SRM,319.55,321.20,-0.0052,0.0280,0.0279,0.5330
28-APR-2025,SRPL,1.02,1.05,-0.0290,0.0327,0.0327,0.6247
28-APR-2025,SSDL,89.21,89.68,-0.0053,0.0219,0.0219,0.4184
28-APR-2025,SSWL,205.14,205.04,0.0005,0.0220,0.0220,0.4203
28-APR-2025,STALLION,69.28,67.12,0.0317,0.0251,0.0251,0.4795
28-APR-2025,STANLEY,308.50,313.45,-0.0159,0.0217,0.0217,0.4146
28-APR-2025,STAR,663.35,653.45,0.0150,0.0305,0.0304,0.5808
28-APR-2025,STARCEMENT,222.09,218.80,0.0149,0.0239,0.0239,0.4566
28-APR-2025,STARHEALTH,397.90,397.70,0.0005,0.0167,0.0166,0.3171
28-APR-2025,STARPAPER,166.82,168.32,-0.0090,0.0223,0.0223,0.4260
28-APR-2025,STARTECK,304.60,310.15,-0.0181,0.0326,0.0325,0.6209
28-APR-2025,STCINDIA,126.02,127.35,-0.0105,0.0375,0.0374,0.7145
28-APR-2025,STCL,9.25,9.25,0.0000,0.0000,0.0000,0.0000
28-APR-2025,STEADFAST,14.90,14.90,0.0000,0.0000,0.0000,0.0000
28-APR-2025,STEELCAS,866.50,911.20,-0.0503,0.0283,0.0284,0.5426
28-APR-2025,STEELCITY,99.84,98.93,0.0092,0.0295,0.0295,0.5636
28-APR-2025,STEELXIND,8.52,8.24,0.0334,0.0297,0.0297,0.5674
28-APR-2025,STEL,381.15,388.30,-0.0186,0.0297,0.0297,0.5674
28-APR-2025,STERTOOLS,319.35,323.45,-0.0128,0.0336,0.0335,0.6400
28-APR-2025,STLTECH,68.30,68.30,0.0000,0.0290,0.0289,0.5521
28-APR-2025,STOVEKRAFT,618.60,627.15,-0.0137,0.0296,0.0295,0.5636
28-APR-2025,STYLAMIND,1685.70,1668.40,0.0103,0.0278,0.0277,0.5292
28-APR-2025,STYLEBAAZA,301.10,307.36,-0.0206,0.0313,0.0313,0.5980
28-APR-2025,STYRENIX,2858.70,2852.40,0.0022,0.0238,0.0237,0.4528
28-APR-2025,SUBEXLTD,12.21,12.41,-0.0162,0.0323,0.0322,0.6152
28-APR-2025,SUBROS,600.15,600.65,-0.0008,0.0271,0.0271,0.5177
28-APR-2025,SUDARSCHEM,1070.25,1063.45,0.0064,0.0274,0.0274,0.5235
28-APR-2025,SUKHJITS,214.65,211.11,0.0166,0.0242,0.0241,0.4604
28-APR-2025,SULA,289.95,288.00,0.0067,0.0214,0.0214,0.4088
28-APR-2025,SUMICHEM,510.05,512.80,-0.0054,0.0228,0.0227,0.4337
28-APR-2025,SUMIT,105.62,103.60,0.0193,0.0316,0.0316,0.6037
28-APR-2025,SUMMITSEC,1991.50,1988.10,0.0017,0.0347,0.0346,0.6610
28-APR-2025,SUNAYANA,34.00,34.00,0.0000,0.0000,0.0000,0.0000
28-APR-2025,SUNCLAY,2053.90,2092.50,-0.0186,0.0289,0.0288,0.5502
28-APR-2025,SUNDARAM,2.03,2.03,0.0000,0.0285,0.0284,0.5426
28-APR-2025,SUNDARMFIN,5263.10,5277.00,-0.0026,0.0245,0.0244,0.4662
28-APR-2025,SUNDARMHLD,351.10,358.80,-0.0217,0.0308,0.0307,0.5865
28-APR-2025,SUNDRMBRAK,777.05,785.85,-0.0113,0.0349,0.0348,0.6649
28-APR-2025,SUNDRMFAST,920.50,928.55,-0.0087,0.0168,0.0168,0.3210
28-APR-2025,SUNDROP,788.45,789.80,-0.0017,0.0263,0.0263,0.5025
28-APR-2025,SUNFLAG,245.38,246.14,-0.0031,0.0317,0.0316,0.6037
28-APR-2025,SUNPHARMA,1841.60,1787.40,0.0299,0.0133,0.0134,0.2560
28-APR-2025,SUNTECK,406.55,402.70,0.0095,0.0257,0.0257,0.4910
28-APR-2025,SUNTV,643.85,639.05,0.0075,0.0185,0.0185,0.3534
28-APR-2025,SUPERHOUSE,159.83,155.06,0.0303,0.0247,0.0247,0.4719
28-APR-2025,SUPERSPIN,10.58,11.20,-0.0569,0.0348,0.0349,0.6668
28-APR-2025,SUPRAJIT,397.60,395.20,0.0061,0.0217,0.0217,0.4146
28-APR-2025,SUPREME,102.27,106.66,-0.0420,0.0334,0.0334,0.6381
28-APR-2025,SUPREMEENG,2.15,2.20,-0.0230,0.0327,0.0326,0.6228
28-APR-2025,SUPREMEIND,3634.30,3477.70,0.0440,0.0246,0.0248,0.4738
28-APR-2025,SUPREMEINF,97.48,98.00,-0.0053,0.0356,0.0355,0.6782
28-APR-2025,SUPRIYA,689.45,688.60,0.0012,0.0340,0.0340,0.6496
28-APR-2025,SURAJEST,300.15,297.70,0.0082,0.0330,0.0329,0.6286
28-APR-2025,SURAJLTD,405.00,404.60,0.0010,0.0216,0.0216,0.4127
28-APR-2025,SURAKSHA,308.10,313.10,-0.0161,0.0175,0.0175,0.3343
28-APR-2025,SURANASOL,33.78,34.28,-0.0147,0.0331,0.0330,0.6305
28-APR-2025,SURANAT&P,18.32,18.37,-0.0027,0.0329,0.0328,0.6266
28-APR-2025,SURYALAXMI,61.60,61.62,-0.0003,0.0334,0.0333,0.6362
28-APR-2025,SURYAROSNI,265.78,265.73,0.0002,0.0322,0.0322,0.6152
28-APR-2025,SURYODAY,127.83,129.96,-0.0165,0.0280,0.0279,0.5330
28-APR-2025,SUTLEJTEX,37.64,38.10,-0.0121,0.0310,0.0309,0.5903
28-APR-2025,SUULD,2.65,2.68,-0.0113,0.0300,0.0300,0.5731
28-APR-2025,SUVEN,133.31,135.99,-0.0199,0.0343,0.0342,0.6534
28-APR-2025,SUVENPHAR,1148.70,1143.20,0.0048,0.0236,0.0236,0.4509
28-APR-2025,SUVIDHAA,3.99,4.09,-0.0248,0.0352,0.0351,0.6706
28-APR-2025,SUYOG,951.05,960.40,-0.0098,0.0334,0.0333,0.6362
28-APR-2025,SUZLON,57.78,58.30,-0.0090,0.0305,0.0304,0.5808
28-APR-2025,SVLL,561.50,591.05,-0.0513,0.0315,0.0316,0.6037
28-APR-2025,SVPGLOB,2.99,3.00,-0.0033,0.0294,0.0293,0.5598
28-APR-2025,SWANDEF,112.03,108.09,0.0358,0.0160,0.0162,0.3095
28-APR-2025,SWANENERGY,420.15,415.10,0.0121,0.0347,0.0346,0.6610
28-APR-2025,SWARAJENG,4166.70,4171.30,-0.0011,0.0245,0.0245,0.4681
28-APR-2025,SWELECTES,627.30,597.60,0.0485,0.0393,0.0394,0.7527
28-APR-2025,SWIGGY,323.75,321.40,0.0073,0.0244,0.0243,0.4643
28-APR-2025,SWSOLAR,295.15,310.70,-0.0513,0.0325,0.0326,0.6228
28-APR-2025,SYMPHONY,1160.10,1160.80,-0.0006,0.0242,0.0242,0.4623
28-APR-2025,SYNCOMF,16.90,17.04,-0.0082,0.0328,0.0327,0.6247
28-APR-2025,SYNGENE,616.95,630.10,-0.0211,0.0194,0.0194,0.3706
28-APR-2025,SYRMA,481.95,489.75,-0.0161,0.0327,0.0326,0.6228
28-APR-2025,TAINWALCHM,214.32,213.81,0.0024,0.0369,0.0368,0.7031
28-APR-2025,TAJGVK,432.10,427.75,0.0101,0.0332,0.0332,0.6343
28-APR-2025,TAKE,8.43,8.58,-0.0176,0.0329,0.0329,0.6286
28-APR-2025,TALBROAUTO,255.90,259.83,-0.0152,0.0318,0.0318,0.6075
28-APR-2025,TANLA,483.05,469.25,0.0290,0.0284,0.0284,0.5426
28-APR-2025,TARACHAND,62.58,61.36,0.0197,0.0283,0.0282,0.5388
28-APR-2025,TARANGINI,1.00,1.00,0.0000,0.0000,0.0000,0.0000
28-APR-2025,TARAPUR,28.99,29.01,-0.0007,0.0304,0.0304,0.5808
28-APR-2025,TARC,156.64,155.45,0.0076,0.0321,0.0320,0.6114
28-APR-2025,TARIL,504.85,510.50,-0.0111,0.0376,0.0375,0.7164
28-APR-2025,TARINIENT,181.00,181.00,0.0000,0.1842,0.1837,3.5096
28-APR-2025,TARMAT,52.90,53.15,-0.0047,0.0325,0.0324,0.6190
28-APR-2025,TARSONS,371.95,370.45,0.0040,0.0271,0.0271,0.5177
28-APR-2025,TASTYBITE,9013.50,9068.50,-0.0061,0.0245,0.0245,0.4681
28-APR-2025,TATACHEM,838.65,826.45,0.0147,0.0198,0.0198,0.3783
28-APR-2025,TATACOMM,1581.00,1569.60,0.0072,0.0186,0.0185,0.3534
28-APR-2025,TATACONSUM,1155.20,1155.70,-0.0004,0.0157,0.0156,0.2980
28-APR-2025,TATAELXSI,5689.00,5612.00,0.0136,0.0214,0.0214,0.4088
28-APR-2025,TATAGOLD,9.30,9.40,-0.0107,0.0107,0.0107,0.2044
28-APR-2025,TATAINVEST,6119.00,6131.00,-0.0020,0.0261,0.0260,0.4967
28-APR-2025,TATAMOTORS,668.15,655.25,0.0195,0.0202,0.0202,0.3859
28-APR-2025,TATAPOWER,395.10,387.55,0.0193,0.0202,0.0202,0.3859
28-APR-2025,TATASTEEL,142.07,138.85,0.0229,0.0195,0.0195,0.3725
28-APR-2025,TATATECH,705.65,693.20,0.0178,0.0168,0.0168,0.3210
28-APR-2025,TATSILV,9.45,9.58,-0.0137,0.0136,0.0136,0.2598
28-APR-2025,TATVA,719.90,725.50,-0.0077,0.0239,0.0239,0.4566
28-APR-2025,TBOTEK,1013.50,1023.50,-0.0098,0.0225,0.0224,0.4280
28-APR-2025,TBZ,202.32,207.60,-0.0258,0.0370,0.0369,0.7050
28-APR-2025,TCI,1107.50,1142.50,-0.0311,0.0224,0.0225,0.4299
28-APR-2025,TCIEXP,694.50,670.40,0.0353,0.0210,0.0211,0.4031
28-APR-2025,TCIFINANCE,11.99,12.18,-0.0157,0.0298,0.0297,0.5674
28-APR-2025,TCPLPACK,3599.00,3686.60,-0.0240,0.0303,0.0302,0.5770
28-APR-2025,TCS,3443.50,3448.00,-0.0013,0.0135,0.0135,0.2579
28-APR-2025,TDPOWERSYS,430.75,417.90,0.0303,0.0311,0.0311,0.5942
28-APR-2025,TEAMLEASE,1922.50,1954.00,-0.0163,0.0209,0.0209,0.3993
28-APR-2025,TECH,37.51,37.43,0.0021,0.0134,0.0134,0.2560
28-APR-2025,TECHIN,18.02,18.52,-0.0274,0.0270,0.0270,0.5158
28-APR-2025,TECHM,1461.50,1462.00,-0.0003,0.0174,0.0173,0.3305
28-APR-2025,TECHNOE,1091.50,1101.60,-0.0092,0.0326,0.0325,0.6209
28-APR-2025,TECILCHEM,36.13,38.04,-0.0515,0.0975,0.0973,1.8589
28-APR-2025,TEGA,1396.00,1396.80,-0.0006,0.0255,0.0254,0.4853
28-APR-2025,TEJASNET,747.85,859.00,-0.1386,0.0333,0.0347,0.6629
28-APR-2025,TEMBO,412.10,433.40,-0.0504,0.0329,0.0330,0.6305
28-APR-2025,TERASOFT,219.95,222.55,-0.0118,0.0391,0.0390,0.7451
28-APR-2025,TEXINFRA,100.61,99.79,0.0082,0.0356,0.0355,0.6782
28-APR-2025,TEXMOPIPES,60.38,59.97,0.0068,0.0319,0.0319,0.6094
28-APR-2025,TEXRAIL,139.99,143.65,-0.0258,0.0343,0.0343,0.6553
28-APR-2025,TFCILTD,198.40,188.74,0.0499,0.0335,0.0336,0.6419
28-APR-2025,TFL,14.30,13.88,0.0298,0.0329,0.0328,0.6266
28-APR-2025,TGBHOTELS,9.98,9.96,0.0020,0.0313,0.0312,0.5961
28-APR-2025,THANGAMAYL,2097.00,2139.20,-0.0199,0.0334,0.0333,0.6362
28-APR-2025,THEINVEST,140.24,139.98,0.0019,0.0318,0.0317,0.6056
28-APR-2025,THEJO,1765.80,1778.60,-0.0072,0.0280,0.0280,0.5349
28-APR-2025,THEMISMED,131.40,133.52,-0.0160,0.0355,0.0354,0.6763
28-APR-2025,THERMAX,3410.70,3444.10,-0.0097,0.0269,0.0268,0.5120
28-APR-2025,THOMASCOOK,138.80,142.82,-0.0286,0.0315,0.0315,0.6018
28-APR-2025,THOMASCOTT,338.00,334.40,0.0107,0.0313,0.0312,0.5961
28-APR-2025,THYROCARE,911.85,902.35,0.0105,0.0256,0.0255,0.4872
28-APR-2025,TI,298.82,285.05,0.0472,0.0353,0.0354,0.6763
28-APR-2025,TICL,37.65,38.09,-0.0116,0.0401,0.0400,0.7642
28-APR-2025,TIIL,2342.30,2391.00,-0.0206,0.0309,0.0309,0.5903
28-APR-2025,TIINDIA,2642.30,2573.90,0.0262,0.0246,0.0246,0.4700
28-APR-2025,TIJARIA,6.30,6.21,0.0144,0.0323,0.0322,0.6152
28-APR-2025,TIL,223.48,224.92,-0.0064,0.0313,0.0312,0.5961
28-APR-2025,TIMESGTY,161.38,171.26,-0.0594,0.0351,0.0353,0.6744
28-APR-2025,TIMETECHNO,349.80,351.05,-0.0036,0.0326,0.0325,0.6209
28-APR-2025,TIMKEN,2534.00,2530.00,0.0016,0.0218,0.0218,0.4165
28-APR-2025,TINNARUBR,973.95,987.60,-0.0139,0.0042,0.0043,0.0822
28-APR-2025,TIPSFILMS,502.80,495.30,0.0150,0.0365,0.0364,0.6954
28-APR-2025,TIPSMUSIC,645.70,640.35,0.0083,0.0283,0.0282,0.5388
28-APR-2025,TIRUMALCHM,258.09,255.74,0.0091,0.0305,0.0304,0.5808
28-APR-2025,TIRUPATIFL,32.29,33.99,-0.0513,0.0342,0.0343,0.6553
28-APR-2025,TITAGARH,776.65,778.55,-0.0024,0.0321,0.0320,0.6114
28-APR-2025,TITAN,3369.10,3365.10,0.0012,0.0147,0.0147,0.2808
28-APR-2025,TMB,445.25,445.65,-0.0009,0.0136,0.0136,0.2598
28-APR-2025,TNIDETF,86.39,86.24,0.0017,0.0117,0.0116,0.2216
28-APR-2025,TNPETRO,75.83,74.14,0.0225,0.0217,0.0217,0.4146
28-APR-2025,TNPL,133.74,133.62,0.0009,0.0242,0.0242,0.4623
28-APR-2025,TNTELE,9.78,10.12,-0.0342,0.0315,0.0315,0.6018
28-APR-2025,TOKYOPLAST,129.98,123.88,0.0481,0.0273,0.0274,0.5235
28-APR-2025,TOLINS,126.14,128.97,-0.0222,0.0250,0.0250,0.4776
28-APR-2025,TOP100CASE,10.26,10.13,0.0128,0.0077,0.0078,0.1490
28-APR-2025,TOP10ADD,95.84,95.00,0.0088,0.0095,0.0095,0.1815
28-APR-2025,TORNTPHARM,3335.00,3238.90,0.0292,0.0148,0.0149,0.2847
28-APR-2025,TORNTPOWER,1557.00,1538.60,0.0119,0.0260,0.0260,0.4967
28-APR-2025,TOTAL,73.55,73.69,-0.0019,0.0299,0.0298,0.5693
28-APR-2025,TOUCHWOOD,81.15,84.45,-0.0399,0.0355,0.0355,0.6782
28-APR-2025,TPHQ,0.93,0.98,-0.0524,0.0352,0.0353,0.6744
28-APR-2025,TPLPLASTEH,84.35,83.87,0.0057,0.0333,0.0332,0.6343
28-APR-2025,TRACXN,55.63,54.73,0.0163,0.0276,0.0275,0.5254
28-APR-2025,TRANSRAILL,492.25,504.30,-0.0242,0.0218,0.0218,0.4165
28-APR-2025,TRANSWORLD,288.80,288.50,0.0010,0.0350,0.0349,0.6668
28-APR-2025,TREEHOUSE,8.93,9.03,-0.0111,0.0314,0.0314,0.5999
28-APR-2025,TREJHARA,252.74,254.10,-0.0054,0.0352,0.0351,0.6706
28-APR-2025,TREL,33.60,33.54,0.0018,0.0269,0.0269,0.5139
28-APR-2025,TRENT,5209.50,5145.00,0.0125,0.0259,0.0259,0.4948
28-APR-2025,TRF,397.95,387.90,0.0256,0.0339,0.0339,0.6477
28-APR-2025,TRIDENT,28.13,27.89,0.0086,0.0232,0.0232,0.4432
28-APR-2025,TRIGYN,77.42,78.52,-0.0141,0.0309,0.0309,0.5903
28-APR-2025,TRITURBINE,525.15,506.75,0.0357,0.0335,0.0335,0.6400
28-APR-2025,TRIVENI,416.10,420.85,-0.0114,0.0272,0.0272,0.5197
28-APR-2025,TRU,6.89,6.88,0.0015,0.0350,0.0349,0.6668
28-APR-2025,TTKHLTCARE,1201.70,1204.80,-0.0026,0.0200,0.0200,0.3821
28-APR-2025,TTKPRESTIG,630.50,637.00,-0.0103,0.0178,0.0178,0.3401
28-APR-2025,TTL,13.56,13.77,-0.0154,0.0321,0.0320,0.6114
28-APR-2025,TTML,58.31,58.83,-0.0089,0.0320,0.0319,0.6094
28-APR-2025,TVSELECT,393.50,390.90,0.0066,0.0335,0.0334,0.6381
28-APR-2025,TVSHLTD,9363.50,9387.00,-0.0025,0.0248,0.0247,0.4719
28-APR-2025,TVSMOTOR,2793.40,2737.90,0.0201,0.0180,0.0180,0.3439
28-APR-2025,TVSSCS,117.78,118.32,-0.0046,0.0247,0.0246,0.4700
28-APR-2025,TVSSRICHAK,2888.40,2870.00,0.0064,0.0224,0.0223,0.4260
28-APR-2025,TVTODAY,169.78,168.65,0.0067,0.0221,0.0220,0.4203
28-APR-2025,TVVISION,6.94,6.79,0.0219,0.0360,0.0360,0.6878
28-APR-2025,UBL,2159.00,2124.20,0.0162,0.0159,0.0159,0.3038
28-APR-2025,UCAL,146.06,144.23,0.0126,0.0274,0.0273,0.5216
28-APR-2025,UCOBANK,30.81,30.44,0.0121,0.0299,0.0299,0.5712
28-APR-2025,UDAICEMENT,28.04,28.30,-0.0092,0.0252,0.0251,0.4795
28-APR-2025,UDDHAV,10.00,10.00,0.0000,0.0000,0.0000,0.0000
28-APR-2025,UDS,289.40,291.05,-0.0057,0.0244,0.0244,0.4662
28-APR-2025,UEL,516.80,543.95,-0.0512,0.0582,0.0581,1.1100
28-APR-2025,UFLEX,562.60,553.25,0.0168,0.0256,0.0255,0.4872
28-APR-2025,UFO,69.58,69.06,0.0075,0.0312,0.0311,0.5942
28-APR-2025,UGARSUGAR,44.52,44.37,0.0034,0.0278,0.0277,0.5292
28-APR-2025,UGROCAP,182.30,185.26,-0.0161,0.0253,0.0252,0.4814
28-APR-2025,UJJIVANSFB,43.83,44.08,-0.0057,0.0240,0.0240,0.4585
28-APR-2025,ULL,10.00,10.00,0.0000,0.0000,0.0000,0.0000
28-APR-2025,ULTRACEMCO,12114.00,12237.00,-0.0101,0.0151,0.0151,0.2885
28-APR-2025,UMAEXPORTS,73.98,75.48,-0.0201,0.0382,0.0382,0.7298
28-APR-2025,UMANGDAIRY,80.10,78.05,0.0259,0.0346,0.0346,0.6610
28-APR-2025,UMESLTD,6.15,6.33,-0.0288,0.0340,0.0340,0.6496
28-APR-2025,UMIYA-MRO,62.03,61.89,0.0023,0.0358,0.0357,0.6820
28-APR-2025,UNICHEMLAB,619.10,617.25,0.0030,0.0266,0.0266,0.5082
28-APR-2025,UNIDT,216.92,218.66,-0.0080,0.0269,0.0269,0.5139
28-APR-2025,UNIECOM,123.47,122.67,0.0065,0.0267,0.0266,0.5082
28-APR-2025,UNIENTER,158.53,158.49,0.0003,0.0260,0.0259,0.4948
28-APR-2025,UNIINFO,16.50,16.84,-0.0204,0.0412,0.0411,0.7852
28-APR-2025,UNIMECH,892.75,922.85,-0.0332,0.0199,0.0200,0.3821
28-APR-2025,UNIONBANK,128.54,124.94,0.0284,0.0250,0.0250,0.4776
28-APR-2025,UNIONGOLD,94.00,95.25,-0.0132,0.0122,0.0122,0.2331
28-APR-2025,UNIPARTS,325.10,328.30,-0.0098,0.0179,0.0179,0.3420
28-APR-2025,UNITDSPR,1556.60,1547.40,0.0059,0.0163,0.0162,0.3095
28-APR-2025,UNITECH,6.12,6.30,-0.0290,0.0351,0.0350,0.6687
28-APR-2025,UNITEDPOLY,177.35,168.91,0.0488,0.0303,0.0304,0.5808
28-APR-2025,UNITEDTEA,401.05,398.80,0.0056,0.0276,0.0276,0.5273
28-APR-2025,UNIVAFOODS,8.58,8.58,0.0000,0.0744,0.0742,1.4176
28-APR-2025,UNIVASTU,266.62,266.23,0.0015,0.0314,0.0313,0.5980
28-APR-2025,UNIVCABLES,470.20,481.45,-0.0236,0.0316,0.0315,0.6018
28-APR-2025,UNIVPHOTO,200.00,200.94,-0.0047,0.0277,0.0276,0.5273
28-APR-2025,UNOMINDA,883.70,892.05,-0.0094,0.0246,0.0246,0.4700
28-APR-2025,UPL,678.30,661.85,0.0246,0.0184,0.0185,0.3534
28-APR-2025,URAVIDEF,458.70,452.10,0.0145,0.0283,0.0282,0.5388
28-APR-2025,URJA,14.45,15.23,-0.0526,0.0299,0.0300,0.5731
28-APR-2025,USHAMART,293.60,298.25,-0.0157,0.0268,0.0268,0.5120
28-APR-2025,USK,38.03,38.96,-0.0242,0.0353,0.0352,0.6725
28-APR-2025,UTIAMC,1081.60,1075.00,0.0061,0.0237,0.0237,0.4528
28-APR-2025,UTIBANKETF,56.70,55.90,0.0142,0.0100,0.0101,0.1930
28-APR-2025,UTINEXT50,69.37,68.72,0.0094,0.0126,0.0126,0.2407
28-APR-2025,UTINIFTETF,264.66,261.59,0.0117,0.0086,0.0086,0.1643
28-APR-2025,UTISENSETF,872.98,861.66,0.0131,0.0086,0.0087,0.1662
28-APR-2025,UTISXN50,85.45,84.71,0.0087,0.0140,0.0140,0.2675
28-APR-2025,UTKARSHBNK,25.20,25.24,-0.0016,0.0242,0.0241,0.4604
28-APR-2025,UTTAMSUGAR,292.10,291.45,0.0022,0.0307,0.0306,0.5846
28-APR-2025,UYFINCORP,17.79,18.14,-0.0195,0.0343,0.0342,0.6534
28-APR-2025,V2RETAIL,1746.30,1838.10,-0.0512,0.0312,0.0314,0.5999
28-APR-2025,VADILALIND,6819.80,6734.80,0.0125,0.0327,0.0326,0.6228
28-APR-2025,VAIBHAVGBL,226.04,234.29,-0.0358,0.0287,0.0288,0.5502
28-APR-2025,VAISHALI,13.74,13.72,0.0015,0.0370,0.0369,0.7050
28-APR-2025,VAKRANGEE,10.09,9.89,0.0200,0.0396,0.0395,0.7546
28-APR-2025,VAL30IETF,12.78,12.59,0.0150,0.0106,0.0106,0.2025
28-APR-2025,VALIANTLAB,98.12,99.25,-0.0115,0.0268,0.0268,0.5120
28-APR-2025,VALIANTORG,339.95,329.65,0.0308,0.0292,0.0292,0.5579
28-APR-2025,VARDHACRLC,42.88,43.13,-0.0058,0.0248,0.0247,0.4719
28-APR-2025,VARDMNPOLY,12.10,12.11,-0.0008,0.0337,0.0336,0.6419
28-APR-2025,VARROC,435.75,445.55,-0.0222,0.0269,0.0269,0.5139
28-APR-2025,VASCONEQ,40.29,40.93,-0.0158,0.0327,0.0326,0.6228
28-APR-2025,VASWANI,42.13,43.37,-0.0290,0.0422,0.0421,0.8043
28-APR-2025,VBL,533.20,521.95,0.0213,0.0226,0.0226,0.4318
28-APR-2025,VCL,0.76,0.77,-0.0131,0.0304,0.0303,0.5789
28-APR-2025,VEDL,416.10,413.30,0.0068,0.0228,0.0228,0.4356
28-APR-2025,VEEDOL,1480.20,1485.20,-0.0034,0.0232,0.0231,0.4413
28-APR-2025,VENKEYS,1701.60,1698.20,0.0020,0.0232,0.0231,0.4413
28-APR-2025,VENTIVE,735.75,739.95,-0.0057,0.0177,0.0177,0.3382
28-APR-2025,VENUSPIPES,1196.50,1196.40,0.0001,0.0287,0.0286,0.5464
28-APR-2025,VENUSREM,313.20,318.70,-0.0174,0.0311,0.0311,0.5942
28-APR-2025,VERANDA,207.22,207.49,-0.0013,0.0373,0.0372,0.7107
28-APR-2025,VERTOZ,10.00,10.15,-0.0149,0.0325,0.0324,0.6190
28-APR-2025,VESUVIUS,4666.70,4655.60,0.0024,0.0256,0.0255,0.4872
28-APR-2025,VETO,109.16,112.29,-0.0283,0.0306,0.0306,0.5846
28-APR-2025,VGUARD,357.95,356.40,0.0043,0.0188,0.0187,0.3573
28-APR-2025,VHL,3559.20,3609.30,-0.0140,0.0303,0.0303,0.5789
28-APR-2025,VHLTD,114.51,114.47,0.0003,0.0213,0.0212,0.4050
28-APR-2025,VIDHIING,428.30,429.90,-0.0037,0.0260,0.0260,0.4967
28-APR-2025,VIJAYA,1038.30,1038.40,-0.0001,0.0321,0.0320,0.6114
28-APR-2025,VIJIFIN,2.39,2.46,-0.0289,0.0325,0.0325,0.6209
28-APR-2025,VIKASECO,2.36,2.43,-0.0292,0.0284,0.0284,0.5426
28-APR-2025,VIKASLIFE,2.56,2.55,0.0039,0.0294,0.0293,0.5598
28-APR-2025,VIMTALABS,1025.80,1089.00,-0.0598,0.0389,0.0390,0.7451
28-APR-2025,VINATIORGA,1680.40,1697.70,-0.0102,0.0179,0.0179,0.3420
28-APR-2025,VINCOFE,100.25,99.34,0.0091,0.0306,0.0305,0.5827
28-APR-2025,VINDHYATEL,1369.50,1356.90,0.0092,0.0266,0.0265,0.5063
28-APR-2025,VINEETLAB,34.21,34.56,-0.0102,0.0352,0.0352,0.6725
28-APR-2025,VINNY,1.45,1.53,-0.0537,0.0322,0.0323,0.6171
28-APR-2025,VINYLINDIA,282.40,283.85,-0.0051,0.0288,0.0287,0.5483
28-APR-2025,VIPCLOTHNG,36.59,37.39,-0.0216,0.0325,0.0324,0.6190
28-APR-2025,VIPIND,311.40,309.60,0.0058,0.0233,0.0233,0.4451
28-APR-2025,VIPULLTD,11.82,12.34,-0.0431,0.0322,0.0323,0.6171
28-APR-2025,VIRINCHI,21.56,22.14,-0.0265,0.0282,0.0281,0.5368
28-APR-2025,VISAKAIND,62.41,63.28,-0.0138,0.0300,0.0299,0.5712
28-APR-2025,VISASTEEL,34.50,35.85,-0.0384,0.0309,0.0310,0.5923
28-APR-2025,VISHNU,430.30,430.80,-0.0012,0.0286,0.0285,0.5445
28-APR-2025,VISHWARAJ,9.15,9.26,-0.0120,0.0287,0.0286,0.5464
28-APR-2025,VISISTH,5.25,5.25,0.0000,0.0006,0.0006,0.0115
28-APR-2025,VIVIDHA,0.87,0.86,0.0116,0.0307,0.0306,0.5846
28-APR-2025,VLEGOV,45.90,45.00,0.0198,0.0353,0.0352,0.6725
28-APR-2025,VLSFINANCE,247.61,251.89,-0.0171,0.0299,0.0299,0.5712
28-APR-2025,VMART,3247.50,3196.00,0.0160,0.0247,0.0246,0.4700
28-APR-2025,VMM,107.50,107.32,0.0017,0.0165,0.0164,0.3133
28-APR-2025,VOLTAMP,7496.00,7296.50,0.0270,0.0337,0.0337,0.6438
28-APR-2025,VOLTAS,1246.40,1229.40,0.0137,0.0230,0.0230,0.4394
28-APR-2025,VPL,360.50,360.50,0.0000,0.0465,0.0464,0.8865
28-APR-2025,VPRPL,178.56,183.37,-0.0266,0.0325,0.0325,0.6209
28-APR-2025,VRAJ,155.33,154.86,0.0030,0.0236,0.0235,0.4490
28-APR-2025,VRLLOG,476.30,475.05,0.0026,0.0214,0.0214,0.4088
28-APR-2025,VSSL,250.42,252.46,-0.0081,0.0284,0.0283,0.5407
28-APR-2025,VSTIND,295.10,302.75,-0.0256,0.0258,0.0258,0.4929
28-APR-2025,VSTL,153.00,155.33,-0.0151,0.0313,0.0312,0.5961
28-APR-2025,VSTTILLERS,3703.80,3759.80,-0.0150,0.0235,0.0235,0.4490
28-APR-2025,VTL,466.50,464.70,0.0039,0.0256,0.0255,0.4872
28-APR-2025,WAAREEENER,2700.20,2676.50,0.0088,0.0266,0.0265,0.5063
28-APR-2025,WAAREERTL,1006.95,1026.65,-0.0194,0.0403,0.0402,0.7680
28-APR-2025,WABAG,1347.90,1368.50,-0.0152,0.0316,0.0315,0.6018
28-APR-2025,WALCHANNAG,192.91,198.08,-0.0264,0.0377,0.0376,0.7183
28-APR-2025,WANBURY,251.82,255.88,-0.0160,0.0359,0.0359,0.6859
28-APR-2025,WCIL,77.54,78.79,-0.0160,0.0183,0.0183,0.3496
28-APR-2025,WEALTH,975.20,971.85,0.0034,0.0343,0.0342,0.6534
28-APR-2025,WEBELSOLAR,1413.90,1488.20,-0.0512,0.0382,0.0382,0.7298
28-APR-2025,WEIZMANIND,111.03,108.62,0.0219,0.0340,0.0340,0.6496
28-APR-2025,WEL,161.70,164.94,-0.0198,0.0358,0.0357,0.6820
28-APR-2025,WELCORP,778.60,778.60,0.0000,0.0272,0.0271,0.5177
28-APR-2025,WELENT,493.25,501.10,-0.0158,0.0276,0.0276,0.5273
28-APR-2025,WELINV,821.50,847.50,-0.0312,0.0375,0.0375,0.7164
28-APR-2025,WELSPUNLIV,128.27,124.54,0.0295,0.0289,0.0289,0.5521
28-APR-2025,WENDT,10037.50,10286.50,-0.0245,0.0290,0.0290,0.5540
28-APR-2025,WESTLIFE,732.45,721.45,0.0151,0.0208,0.0208,0.3974
28-APR-2025,WEWIN,40.12,40.98,-0.0212,0.0366,0.0365,0.6973
28-APR-2025,WHEELS,687.00,678.25,0.0128,0.0242,0.0241,0.4604
28-APR-2025,WHIRLPOOL,1199.85,1156.55,0.0368,0.0260,0.0261,0.4986
28-APR-2025,WILLAMAGOR,29.61,30.56,-0.0316,0.0405,0.0405,0.7738
28-APR-2025,WINDLAS,988.40,1000.30,-0.0120,0.0342,0.0342,0.6534
28-APR-2025,WINDMACHIN,317.45,312.50,0.0157,0.0385,0.0385,0.7355
28-APR-2025,WINMORE,9.40,9.40,0.0000,0.0000,0.0000,0.0000
28-APR-2025,WINSOME,1.75,1.73,0.0115,0.1099,0.1096,2.0939
28-APR-2025,WIPL,150.00,148.80,0.0080,0.0268,0.0267,0.5101
28-APR-2025,WIPRO,240.50,240.90,-0.0017,0.0182,0.0182,0.3477
28-APR-2025,WOCKPHARMA,1391.70,1397.50,-0.0042,0.0349,0.0348,0.6649
28-APR-2025,WONDERLA,699.00,697.00,0.0029,0.0232,0.0231,0.4413
28-APR-2025,WORTH,147.07,146.07,0.0068,0.0339,0.0338,0.6457
28-APR-2025,WSI,68.12,64.79,0.0501,0.0345,0.0346,0.6610
28-APR-2025,WSTCSTPAPR,443.30,433.85,0.0215,0.0240,0.0240,0.4585
28-APR-2025,XCHANGING,87.97,88.89,-0.0104,0.0267,0.0267,0.5101
28-APR-2025,XELPMOC,106.67,109.05,-0.0221,0.0369,0.0368,0.7031
28-APR-2025,XLTELENE,2.30,2.30,0.0000,0.0001,0.0001,0.0019
28-APR-2025,XPROINDIA,1037.30,1058.00,-0.0198,0.0295,0.0295,0.5636
28-APR-2025,XTGLOBAL,34.89,35.02,-0.0037,0.0351,0.0350,0.6687
28-APR-2025,YAARI,14.19,14.73,-0.0373,0.0349,0.0349,0.6668
28-APR-2025,YASHO,1664.00,1682.10,-0.0108,0.0263,0.0262,0.5006
28-APR-2025,YATHARTH,500.40,487.10,0.0269,0.0248,0.0248,0.4738
28-APR-2025,YATRA,86.38,86.11,0.0031,0.0233,0.0232,0.4432
28-APR-2025,YESBANK,18.09,17.77,0.0178,0.0237,0.0236,0.4509
28-APR-2025,YUKEN,820.00,830.50,-0.0127,0.0299,0.0298,0.5693
28-APR-2025,ZAGGLE,340.45,337.35,0.0091,0.0335,0.0335,0.6400
28-APR-2025,ZEEL,109.55,108.23,0.0121,0.0327,0.0326,0.6228
28-APR-2025,ZEELEARN,6.32,6.25,0.0111,0.0326,0.0325,0.6209
28-APR-2025,ZEEMEDIA,14.97,14.73,0.0162,0.0384,0.0383,0.7317
28-APR-2025,ZENITHEXPO,272.08,286.40,-0.0513,0.0415,0.0416,0.7948
28-APR-2025,ZENITHSTL,6.57,6.79,-0.0329,0.0346,0.0346,0.6610
28-APR-2025,ZENSARTECH,721.05,702.00,0.0268,0.0270,0.0270,0.5158
28-APR-2025,ZENTEC,1455.50,1416.20,0.0274,0.0363,0.0362,0.6916
28-APR-2025,ZFCVINDIA,12586.00,12611.00,-0.0020,0.0239,0.0239,0.4566
28-APR-2025,ZIMLAB,87.41,88.06,-0.0074,0.0261,0.0261,0.4986
28-APR-2025,ZODIAC,382.95,391.45,-0.0220,0.0321,0.0321,0.6133
28-APR-2025,ZODIACLOTH,98.34,96.84,0.0154,0.0282,0.0282,0.5388
28-APR-2025,ZOTA,845.90,838.85,0.0084,0.0276,0.0276,0.5273
28-APR-2025,ZUARI,222.47,218.60,0.0175,0.0296,0.0296,0.5655
28-APR-2025,ZUARIIND,295.68,293.21,0.0084,0.0323,0.0322,0.6152
28-APR-2025,ZYDUSLIFE,886.55,859.65,0.0308,0.0175,0.0176,0.3362
28-APR-2025,ZYDUSWELL,1761.60,1765.60,-0.0023,0.0171,0.0170,0.3248
28-APR-2025,503893,-,-,-,-,-,-
28-APR-2025,504370,-,-,-,-,-,-
28-APR-2025,505032,-,-,-,-,-,-
28-APR-2025,505585,-,-,-,-,-,-
28-APR-2025,506024,-,-,-,-,-,-
28-APR-2025,506120,-,-,-,-,-,-
28-APR-2025,506162,-,-,-,-,-,-
28-APR-2025,506945,-,-,-,-,-,-
28-APR-2025,507543,-,-,-,-,-,-
28-APR-2025,512004,-,-,-,-,-,-
28-APR-2025,512060,-,-,-,-,-,-
28-APR-2025,512147,-,-,-,-,-,-
28-APR-2025,512157,-,-,-,-,-,-
28-APR-2025,512195,-,-,-,-,-,-
28-APR-2025,512245,-,-,-,-,-,-
28-APR-2025,512291,-,-,-,-,-,-
28-APR-2025,512303,-,-,-,-,-,-
28-APR-2025,512431,-,-,-,-,-,-
28-APR-2025,512433,-,-,-,-,-,-
28-APR-2025,512445,-,-,-,-,-,-
28-APR-2025,512461,-,-,-,-,-,-
28-APR-2025,512505,-,-,-,-,-,-
28-APR-2025,512517,-,-,-,-,-,-
28-APR-2025,513012,-,-,-,-,-,-
28-APR-2025,524046,-,-,-,-,-,-
28-APR-2025,526349,-,-,-,-,-,-
28-APR-2025,526883,-,-,-,-,-,-
28-APR-2025,531191,-,-,-,-,-,-
28-APR-2025,531597,-,-,-,-,-,-
28-APR-2025,531610,-,-,-,-,-,-
28-APR-2025,531696,-,-,-,-,-,-
28-APR-2025,531946,-,-,-,-,-,-
28-APR-2025,531971,-,-,-,-,-,-
28-APR-2025,532138,-,-,-,-,-,-
28-APR-2025,539253,-,-,-,-,-,-
28-APR-2025,542931,-,-,-,-,-,-
28-APR-2025,543859,-,-,-,-,-,-
28-APR-2025,ACEEXPO,-,-,-,-,-,-
28-APR-2025,ADBML,-,-,-,-,-,-
28-APR-2025,ADVENTZSEC,-,-,-,-,-,-
28-APR-2025,AEL,-,-,-,-,-,-
28-APR-2025,AGGARSAIN,-,-,-,-,-,-
28-APR-2025,AKASHAGRO,-,-,-,-,-,-
28-APR-2025,ALIROX,-,-,-,-,-,-
28-APR-2025,AMRITINDIA,-,-,-,-,-,-
28-APR-2025,ANKUR,-,-,-,-,-,-
28-APR-2025,ARIHANTCFL,-,-,-,-,-,-
28-APR-2025,ASIANLAKTO,-,-,-,-,-,-
28-APR-2025,ASSOFIN,-,-,-,-,-,-
28-APR-2025,ATLANTIC,-,-,-,-,-,-
28-APR-2025,AURUMCAP,-,-,-,-,-,-
28-APR-2025,AYUSHMAN,-,-,-,-,-,-
28-APR-2025,BALAJIAGRO,-,-,-,-,-,-
28-APR-2025,BASANT,-,-,-,-,-,-
28-APR-2025,BESWASTH,-,-,-,-,-,-
28-APR-2025,BHAIRAV,-,-,-,-,-,-
28-APR-2025,BHARAT,-,-,-,-,-,-
28-APR-2025,BUYRIGHT,-,-,-,-,-,-
28-APR-2025,CENTRAL,-,-,-,-,-,-
28-APR-2025,CHAMPION,-,-,-,-,-,-
28-APR-2025,CHITRAKUT,-,-,-,-,-,-
28-APR-2025,CREMICA,-,-,-,-,-,-
28-APR-2025,CRESCENT,-,-,-,-,-,-
28-APR-2025,DDVENTURES,-,-,-,-,-,-
28-APR-2025,DEEPJYOTI,-,-,-,-,-,-
28-APR-2025,DHAVAL,-,-,-,-,-,-
28-APR-2025,DRFRESH,-,-,-,-,-,-
28-APR-2025,DRMIND,-,-,-,-,-,-
28-APR-2025,ELLORA,-,-,-,-,-,-
28-APR-2025,EMRALD,-,-,-,-,-,-
28-APR-2025,GANODAYA,-,-,-,-,-,-
28-APR-2025,GARG,-,-,-,-,-,-
28-APR-2025,GOALPOST,-,-,-,-,-,-
28-APR-2025,HIGHWAYS,-,-,-,-,-,-
28-APR-2025,HINDAUTO,-,-,-,-,-,-
28-APR-2025,ISCCL,-,-,-,-,-,-
28-APR-2025,ISHL,-,-,-,-,-,-
28-APR-2025,ITLFIN,-,-,-,-,-,-
28-APR-2025,JAGAT,-,-,-,-,-,-
28-APR-2025,JAINFARM,-,-,-,-,-,-
28-APR-2025,JCKINFRA,-,-,-,-,-,-
28-APR-2025,JFL,-,-,-,-,-,-
28-APR-2025,JFRL,-,-,-,-,-,-
28-APR-2025,JOML,-,-,-,-,-,-
28-APR-2025,JPWL,-,-,-,-,-,-
28-APR-2025,KIRTIINV,-,-,-,-,-,-
28-APR-2025,KRALEASING,-,-,-,-,-,-
28-APR-2025,KUMARAUTO,-,-,-,-,-,-
28-APR-2025,LARK,-,-,-,-,-,-
28-APR-2025,MACORPACK,-,-,-,-,-,-
28-APR-2025,MARYADACOM,-,-,-,-,-,-
28-APR-2025,MAYURBHANJ,-,-,-,-,-,-
28-APR-2025,MFL1,-,-,-,-,-,-
28-APR-2025,MILIAIND,-,-,-,-,-,-
28-APR-2025,MORNMEDIA,-,-,-,-,-,-
28-APR-2025,NEELEC,-,-,-,-,-,-
28-APR-2025,NIDHISER,-,-,-,-,-,-
28-APR-2025,OSEINTRUST,-,-,-,-,-,-
28-APR-2025,PACEAUTO,-,-,-,-,-,-
28-APR-2025,PARTAPIND,-,-,-,-,-,-
28-APR-2025,PATBACK,-,-,-,-,-,-
28-APR-2025,PATNAELECT,-,-,-,-,-,-
28-APR-2025,PFCSL,-,-,-,-,-,-
28-APR-2025,PPML,-,-,-,-,-,-
28-APR-2025,QUALITY,-,-,-,-,-,-
28-APR-2025,RADICOFIN,-,-,-,-,-,-
28-APR-2025,RAKAN,-,-,-,-,-,-
28-APR-2025,RAMPURFERT,-,-,-,-,-,-
28-APR-2025,RATHIIND,-,-,-,-,-,-
28-APR-2025,RFHL,-,-,-,-,-,-
28-APR-2025,RICHNRICH,-,-,-,-,-,-
28-APR-2025,RISHABHENT,-,-,-,-,-,-
28-APR-2025,ROADSTAR,-,-,-,-,-,-
28-APR-2025,ROADWAYS,-,-,-,-,-,-
28-APR-2025,RWCL,-,-,-,-,-,-
28-APR-2025,SARNIMAL,-,-,-,-,-,-
28-APR-2025,SARVARAYA,-,-,-,-,-,-
28-APR-2025,SCEL,-,-,-,-,-,-
28-APR-2025,SELECTRIC,-,-,-,-,-,-
28-APR-2025,SGEL,-,-,-,-,-,-
28-APR-2025,SGETL,-,-,-,-,-,-
28-APR-2025,SHAKUMBHRI,-,-,-,-,-,-
28-APR-2025,SHREETULSI,-,-,-,-,-,-
28-APR-2025,SHREEVIJAY,-,-,-,-,-,-
28-APR-2025,SHREYANS,-,-,-,-,-,-
28-APR-2025,SIGACHI1,-,-,-,-,-,-
28-APR-2025,SKYLINE,-,-,-,-,-,-
28-APR-2025,SKYWEB,-,-,-,-,-,-
28-APR-2025,SLESHA,-,-,-,-,-,-
28-APR-2025,SMCSL,-,-,-,-,-,-
28-APR-2025,SNSDIAGNOS,-,-,-,-,-,-
28-APR-2025,SNSPL,-,-,-,-,-,-
28-APR-2025,SOPHIA,-,-,-,-,-,-
28-APR-2025,SPMLINDIA,-,-,-,-,-,-
28-APR-2025,SRINARAYAN,-,-,-,-,-,-
28-APR-2025,SSF,-,-,-,-,-,-
28-APR-2025,SUNPOINT,-,-,-,-,-,-
28-APR-2025,SUPRAIND,-,-,-,-,-,-
28-APR-2025,SUPRANEET,-,-,-,-,-,-
28-APR-2025,SUPREMECOM,-,-,-,-,-,-
28-APR-2025,TECHAINPOW,-,-,-,-,-,-
28-APR-2025,TRIDENTIND,-,-,-,-,-,-
28-APR-2025,UPAL,-,-,-,-,-,-
28-APR-2025,USSGLOBAL,-,-,-,-,-,-
28-APR-2025,WELGA,-,-,-,-,-,-
28-APR-2025,ZEL,-,-,-,-,-,-
28-APR-2025,ZRINFRA,-,-,-,-,-,-
