Date,Symbol,Underlying Close Price (A),Underlying Previous Day Close Price (B),Underlying Log Returns (C) = LN(A/B),Previous Day Underlying Volatility (D),Current Day Underlying Daily Volatility (E) = Sqrt(0.995*D*D + 0.005*C*C),Underlying Annualised Volatility (F) = E*Sqrt(365)
21-MAR-2025,20MICRONS,204.15,201.10,0.0151,0.0331,0.0330,0.6305
21-MAR-2025,21STCENMGM,63.99,62.48,0.0239,0.0193,0.0193,0.3687
21-MAR-2025,360ONE,942.75,926.60,0.0173,0.0250,0.0250,0.4776
21-MAR-2025,3IINFOLTD,22.92,22.66,0.0114,0.0314,0.0314,0.5999
21-MAR-2025,3MINDIA,28535.10,27973.50,0.0199,0.0177,0.0177,0.3382
21-MAR-2025,3PLAND,39.59,39.13,0.0117,0.0372,0.0371,0.7088
21-MAR-2025,500009,37.39,36.73,0.0178,0.0357,0.0356,0.6801
21-MAR-2025,500012,53.20,53.72,-0.0097,0.0270,0.0269,0.5139
21-MAR-2025,500014,4.10,3.99,0.0272,0.0297,0.0297,0.5674
21-MAR-2025,500016,11.13,11.00,0.0117,0.0332,0.0331,0.6324
21-MAR-2025,500028,33.43,32.08,0.0412,0.0338,0.0339,0.6477
21-MAR-2025,500058,14.00,13.70,0.0217,0.0323,0.0323,0.6171
21-MAR-2025,500068,13970.50,13907.30,0.0045,0.0184,0.0183,0.3496
21-MAR-2025,500069,378.00,385.00,-0.0183,0.0306,0.0305,0.5827
21-MAR-2025,500123,9672.30,9999.05,-0.0332,0.0251,0.0251,0.4795
21-MAR-2025,500142,9.04,9.48,-0.0475,0.0421,0.0421,0.8043
21-MAR-2025,500143,233.50,234.05,-0.0024,0.0343,0.0342,0.6534
21-MAR-2025,500147,2959.55,2818.25,0.0489,0.0346,0.0347,0.6629
21-MAR-2025,500159,130.05,128.40,0.0128,0.0252,0.0251,0.4795
21-MAR-2025,500166,178.45,173.85,0.0261,0.0284,0.0284,0.5426
21-MAR-2025,500168,837.65,838.25,-0.0007,0.0130,0.0130,0.2484
21-MAR-2025,500170,27.53,28.39,-0.0308,0.0311,0.0311,0.5942
21-MAR-2025,500192,2.74,2.62,0.0448,0.0289,0.0290,0.5540
21-MAR-2025,500202,9.85,9.33,0.0542,0.0417,0.0418,0.7986
21-MAR-2025,500206,93.00,91.22,0.0193,0.0371,0.0370,0.7069
21-MAR-2025,500213,458.25,453.10,0.0113,0.0303,0.0303,0.5789
21-MAR-2025,500220,162.70,163.65,-0.0058,0.0329,0.0328,0.6266
21-MAR-2025,500239,16.50,17.92,-0.0826,0.0311,0.0316,0.6037
21-MAR-2025,500240,177.00,173.80,0.0182,0.0299,0.0299,0.5712
21-MAR-2025,500245,508.50,517.10,-0.0168,0.0243,0.0242,0.4623
21-MAR-2025,500246,88.25,97.86,-0.1034,0.0429,0.0434,0.8292
21-MAR-2025,500248,7.75,7.75,0.0000,0.0309,0.0309,0.5903
21-MAR-2025,500264,130.80,127.35,0.0267,0.0340,0.0339,0.6477
21-MAR-2025,500267,317.85,318.55,-0.0022,0.0301,0.0300,0.5731
21-MAR-2025,500270,141.60,136.00,0.0404,0.0267,0.0268,0.5120
21-MAR-2025,500277,8.22,7.99,0.0284,0.0342,0.0341,0.6515
21-MAR-2025,500285,47.98,48.54,-0.0116,0.0365,0.0364,0.6954
21-MAR-2025,500298,868.50,874.10,-0.0064,0.0313,0.0312,0.5961
21-MAR-2025,500306,135.50,130.05,0.0411,0.0372,0.0372,0.7107
21-MAR-2025,500307,500.00,500.00,0.0000,0.0130,0.0129,0.2465
21-MAR-2025,500319,101.57,97.16,0.0444,0.0349,0.0350,0.6687
21-MAR-2025,500322,127.40,121.35,0.0487,0.0294,0.0295,0.5636
21-MAR-2025,500346,48.27,49.77,-0.0306,0.0359,0.0359,0.6859
21-MAR-2025,500357,14.08,13.41,0.0488,0.0304,0.0305,0.5827
21-MAR-2025,500360,83.82,83.46,0.0043,0.0341,0.0340,0.6496
21-MAR-2025,500365,31.16,30.14,0.0333,0.0303,0.0303,0.5789
21-MAR-2025,500370,42.94,43.06,-0.0028,0.0394,0.0393,0.7508
21-MAR-2025,500388,43.07,45.26,-0.0496,0.0329,0.0330,0.6305
21-MAR-2025,500389,12.03,11.80,0.0193,0.0253,0.0253,0.4834
21-MAR-2025,500414,155.75,154.20,0.0100,0.0307,0.0307,0.5865
21-MAR-2025,500421,16.10,17.33,-0.0736,0.0291,0.0295,0.5636
21-MAR-2025,500422,36.00,35.83,0.0047,0.0390,0.0389,0.7432
21-MAR-2025,500426,2.84,2.81,0.0106,0.0300,0.0299,0.5712
21-MAR-2025,500449,26.76,26.87,-0.0041,0.0337,0.0337,0.6438
21-MAR-2025,500450,720.00,685.75,0.0487,0.0275,0.0277,0.5292
21-MAR-2025,500458,30.75,30.75,0.0000,0.0346,0.0345,0.6591
21-MAR-2025,500672,842.00,788.45,0.0657,0.0199,0.0204,0.3897
21-MAR-2025,501110,7.15,7.15,0.0000,0.0010,0.0010,0.0191
21-MAR-2025,501111,11.57,11.57,0.0000,0.0028,0.0028,0.0535
21-MAR-2025,501144,162.00,160.85,0.0071,0.0216,0.0216,0.4127
21-MAR-2025,501148,390.00,382.40,0.0197,0.0159,0.0159,0.3038
21-MAR-2025,501261,411.35,411.35,0.0000,0.0090,0.0090,0.1719
21-MAR-2025,501270,1.34,1.34,0.0000,0.0014,0.0014,0.0267
21-MAR-2025,501298,5690.00,5599.95,0.0160,0.0299,0.0299,0.5712
21-MAR-2025,501311,13.30,13.30,0.0000,0.0296,0.0295,0.5636
21-MAR-2025,501314,0.72,0.72,0.0000,0.0423,0.0422,0.8062
21-MAR-2025,501351,101.65,107.00,-0.0513,0.0237,0.0240,0.4585
21-MAR-2025,501370,122.10,113.70,0.0713,0.0337,0.0340,0.6496
21-MAR-2025,501386,11.73,11.73,0.0000,0.0140,0.0139,0.2656
21-MAR-2025,501391,792.65,798.40,-0.0072,0.0380,0.0379,0.7241
21-MAR-2025,501421,7515.00,7467.05,0.0064,0.0332,0.0331,0.6324
21-MAR-2025,501430,1699.75,1737.50,-0.0220,0.0349,0.0349,0.6668
21-MAR-2025,501477,368.00,359.95,0.0221,0.0320,0.0320,0.6114
21-MAR-2025,501479,11.02,11.02,0.0000,0.0000,0.0000,0.0000
21-MAR-2025,501622,50.61,53.21,-0.0501,0.0298,0.0299,0.5712
21-MAR-2025,501630,24.48,24.48,0.0000,0.0034,0.0033,0.0630
21-MAR-2025,501700,11.36,11.05,0.0277,0.0315,0.0315,0.6018
21-MAR-2025,501833,27.05,27.00,0.0019,0.0370,0.0369,0.7050
21-MAR-2025,501848,82.62,81.94,0.0083,0.0319,0.0318,0.6075
21-MAR-2025,501945,5.42,5.53,-0.0201,0.0134,0.0134,0.2560
21-MAR-2025,502015,33.53,34.88,-0.0395,0.0400,0.0400,0.7642
21-MAR-2025,502133,70.00,70.20,-0.0029,0.0270,0.0269,0.5139
21-MAR-2025,502250,551.25,551.25,0.0000,0.0332,0.0331,0.6324
21-MAR-2025,502281,13.20,13.12,0.0061,0.0302,0.0302,0.5770
21-MAR-2025,502294,41.30,44.00,-0.0633,0.0421,0.0422,0.8062
21-MAR-2025,502445,51.00,48.98,0.0404,0.0353,0.0353,0.6744
21-MAR-2025,502587,79.36,81.45,-0.0260,0.0277,0.0277,0.5292
21-MAR-2025,502589,139.00,139.00,0.0000,0.0362,0.0361,0.6897
21-MAR-2025,502850,13.14,13.14,0.0000,0.0052,0.0052,0.0993
21-MAR-2025,502865,299.10,297.45,0.0055,0.0350,0.0349,0.6668
21-MAR-2025,502873,89.22,89.90,-0.0076,0.0308,0.0307,0.5865
21-MAR-2025,502893,86.97,85.99,0.0113,0.0375,0.0375,0.7164
21-MAR-2025,502901,101.50,100.85,0.0064,0.2250,0.2244,4.2872
21-MAR-2025,502933,180.45,173.15,0.0413,0.0287,0.0288,0.5502
21-MAR-2025,502958,6160.00,6190.00,-0.0049,0.0235,0.0234,0.4471
21-MAR-2025,503092,36.00,36.00,0.0000,0.0457,0.0456,0.8712
21-MAR-2025,503127,5406.65,5549.85,-0.0261,0.0311,0.0311,0.5942
21-MAR-2025,503229,220.00,228.00,-0.0357,0.0397,0.0397,0.7585
21-MAR-2025,503349,6190.00,6000.00,0.0312,0.0331,0.0331,0.6324
21-MAR-2025,503622,7.35,7.35,0.0000,0.0000,0.0000,0.0000
21-MAR-2025,503624,7.70,7.09,0.0825,0.0375,0.0378,0.7222
21-MAR-2025,503626,10.50,10.50,0.0000,0.0000,0.0000,0.0000
21-MAR-2025,503635,13.89,13.89,0.0000,0.0019,0.0019,0.0363
21-MAR-2025,503639,9.55,9.55,0.0000,0.0119,0.0119,0.2273
21-MAR-2025,503641,10.35,9.94,0.0404,0.0269,0.0270,0.5158
21-MAR-2025,503657,18.14,18.07,0.0039,0.0360,0.0359,0.6859
21-MAR-2025,503659,60.39,57.52,0.0487,0.0324,0.0325,0.6209
21-MAR-2025,503663,2.99,3.07,-0.0264,0.0373,0.0373,0.7126
21-MAR-2025,503671,4.55,4.55,0.0000,0.0000,0.0000,0.0000
21-MAR-2025,503675,1.17,1.15,0.0172,0.0370,0.0370,0.7069
21-MAR-2025,503681,140256.50,139614.95,0.0046,0.6154,0.6139,11.7285
21-MAR-2025,503685,31.45,29.32,0.0701,0.0396,0.0398,0.7604
21-MAR-2025,503689,3.20,3.20,0.0000,0.0000,0.0000,0.0000
21-MAR-2025,503696,82.50,82.50,0.0000,0.0000,0.0000,0.0000
21-MAR-2025,503772,61.89,61.89,0.0000,0.0322,0.0321,0.6133
21-MAR-2025,503776,46.50,48.80,-0.0483,0.0380,0.0381,0.7279
21-MAR-2025,503804,293.25,288.55,0.0162,0.0210,0.0210,0.4012
21-MAR-2025,503816,59.51,58.14,0.0233,0.0337,0.0336,0.6419
21-MAR-2025,503837,14.03,13.37,0.0482,0.0316,0.0317,0.6056
21-MAR-2025,503863,9.36,9.85,-0.0510,0.0293,0.0295,0.5636
21-MAR-2025,504000,72.46,72.33,0.0018,0.0338,0.0337,0.6438
21-MAR-2025,504028,131.90,130.75,0.0088,0.0276,0.0275,0.5254
21-MAR-2025,504076,76.38,72.75,0.0487,0.0367,0.0368,0.7031
21-MAR-2025,504080,1503.40,1434.95,0.0466,0.0386,0.0386,0.7375
21-MAR-2025,504084,1170.75,1147.80,0.0198,0.1795,0.1790,3.4198
21-MAR-2025,504092,170.70,167.40,0.0195,0.0310,0.0309,0.5903
21-MAR-2025,504093,364.25,361.00,0.0090,0.0256,0.0255,0.4872
21-MAR-2025,504132,632.20,633.30,-0.0017,0.0299,0.0298,0.5693
21-MAR-2025,504176,499.40,480.00,0.0396,0.0312,0.0313,0.5980
21-MAR-2025,504180,71.18,70.00,0.0167,0.0305,0.0304,0.5808
21-MAR-2025,504240,750.95,730.90,0.0271,0.0350,0.0349,0.6668
21-MAR-2025,504258,1006.60,979.90,0.0269,0.0303,0.0303,0.5789
21-MAR-2025,504273,25.64,24.42,0.0488,0.0310,0.0311,0.5942
21-MAR-2025,504340,5.08,5.17,-0.0176,0.0177,0.0177,0.3382
21-MAR-2025,504346,559.45,548.50,0.0198,0.0178,0.0179,0.3420
21-MAR-2025,504351,1.68,1.69,-0.0059,0.0247,0.0247,0.4719
21-MAR-2025,504356,9.95,9.48,0.0484,0.0500,0.0500,0.9552
21-MAR-2025,504365,4.11,4.11,0.0000,0.0010,0.0010,0.0191
21-MAR-2025,504369,0.56,0.57,-0.0177,0.0119,0.0120,0.2293
21-MAR-2025,504375,113.90,113.90,0.0000,0.0095,0.0095,0.1815
21-MAR-2025,504378,4.52,4.49,0.0067,0.0356,0.0355,0.6782
21-MAR-2025,504380,56.35,56.99,-0.0113,0.0296,0.0295,0.5636
21-MAR-2025,504392,26.84,28.02,-0.0430,0.0389,0.0390,0.7451
21-MAR-2025,504605,2084.20,2012.10,0.0352,0.0316,0.0316,0.6037
21-MAR-2025,504646,369.00,367.50,0.0041,0.0335,0.0334,0.6381
21-MAR-2025,504648,64.96,62.00,0.0466,0.0386,0.0386,0.7375
21-MAR-2025,504731,136.54,130.04,0.0488,0.0318,0.0319,0.6094
21-MAR-2025,504746,202.95,213.60,-0.0511,0.0219,0.0222,0.4241
21-MAR-2025,504786,618.20,600.50,0.0290,0.0288,0.0288,0.5502
21-MAR-2025,504810,59.90,59.50,0.0067,0.0460,0.0459,0.8769
21-MAR-2025,504840,1620.00,1600.35,0.0122,0.0234,0.0234,0.4471
21-MAR-2025,504882,3700.00,3653.25,0.0127,0.0271,0.0270,0.5158
21-MAR-2025,504903,30.69,29.49,0.0399,0.0319,0.0319,0.6094
21-MAR-2025,504908,358.00,349.50,0.0240,0.0388,0.0388,0.7413
21-MAR-2025,504959,2372.40,2359.35,0.0055,0.0241,0.0240,0.4585
21-MAR-2025,504988,1158.00,1156.75,0.0011,0.0280,0.0279,0.5330
21-MAR-2025,504998,0.44,0.44,0.0000,0.0211,0.0211,0.4031
21-MAR-2025,505036,1264.80,1240.00,0.0198,0.0335,0.0334,0.6381
21-MAR-2025,505100,8.88,8.88,0.0000,0.0104,0.0103,0.1968
21-MAR-2025,505163,984.80,983.85,0.0010,0.0366,0.0365,0.6973
21-MAR-2025,505212,160.00,159.95,0.0003,0.0338,0.0338,0.6457
21-MAR-2025,505216,2049.95,2002.25,0.0235,0.0265,0.0265,0.5063
21-MAR-2025,505232,981.65,985.10,-0.0035,0.0282,0.0281,0.5368
21-MAR-2025,505250,93.29,97.84,-0.0476,0.0376,0.0377,0.7203
21-MAR-2025,505285,758.85,758.85,0.0000,0.0139,0.0138,0.2636
21-MAR-2025,505299,911.30,943.20,-0.0344,0.0401,0.0401,0.7661
21-MAR-2025,505302,2198.95,2081.00,0.0551,0.0325,0.0327,0.6247
21-MAR-2025,505336,5.90,6.02,-0.0201,0.1265,0.1262,2.4110
21-MAR-2025,505343,0.71,0.70,0.0142,0.0313,0.0312,0.5961
21-MAR-2025,505358,230.30,231.85,-0.0067,0.0306,0.0305,0.5827
21-MAR-2025,505502,2.30,2.34,-0.0172,0.0209,0.0208,0.3974
21-MAR-2025,505504,274.15,268.80,0.0197,0.0171,0.0171,0.3267
21-MAR-2025,505520,16.16,15.85,0.0194,0.0160,0.0160,0.3057
21-MAR-2025,505523,0.66,0.65,0.0153,0.0280,0.0280,0.5349
21-MAR-2025,505594,32.80,32.80,0.0000,0.0000,0.0000,0.0000
21-MAR-2025,505650,17.02,17.39,-0.0215,0.0359,0.0358,0.6840
21-MAR-2025,505681,507.25,499.95,0.0145,0.0216,0.0216,0.4127
21-MAR-2025,505685,9.19,9.19,0.0000,0.0528,0.0527,1.0068
21-MAR-2025,505690,1342.00,1249.35,0.0715,0.0385,0.0387,0.7394
21-MAR-2025,505693,12.08,12.33,-0.0205,0.0306,0.0305,0.5827
21-MAR-2025,505703,92.16,92.16,0.0000,0.0251,0.0251,0.4795
21-MAR-2025,505710,90.39,91.76,-0.0150,0.0268,0.0268,0.5120
21-MAR-2025,505712,165.00,169.65,-0.0278,0.0341,0.0341,0.6515
21-MAR-2025,505725,898.00,889.15,0.0099,0.0183,0.0182,0.3477
21-MAR-2025,505729,57.52,57.28,0.0042,0.0278,0.0277,0.5292
21-MAR-2025,505737,882.50,875.40,0.0081,0.0346,0.0345,0.6591
21-MAR-2025,505750,400.30,384.00,0.0416,0.0368,0.0368,0.7031
21-MAR-2025,505807,1033.65,1033.65,0.0000,0.0291,0.0290,0.5540
21-MAR-2025,505827,366.95,357.95,0.0248,0.0244,0.0244,0.4662
21-MAR-2025,505840,29.42,30.45,-0.0344,0.0352,0.0352,0.6725
21-MAR-2025,505872,470.25,454.55,0.0340,0.0373,0.0373,0.7126
21-MAR-2025,505890,2289.75,2239.95,0.0220,0.0270,0.0270,0.5158
21-MAR-2025,505893,690.10,705.65,-0.0223,0.0348,0.0348,0.6649
21-MAR-2025,505978,3265.00,3262.15,0.0009,0.0300,0.0299,0.5712
21-MAR-2025,506003,41.45,39.55,0.0469,0.0361,0.0362,0.6916
21-MAR-2025,506042,179.25,179.25,0.0000,0.0574,0.0572,1.0928
21-MAR-2025,506105,64.50,64.56,-0.0009,0.0290,0.0289,0.5521
21-MAR-2025,506122,244.65,241.80,0.0117,0.0364,0.0364,0.6954
21-MAR-2025,506128,94.54,92.88,0.0177,0.0381,0.0380,0.7260
21-MAR-2025,506134,13.98,14.52,-0.0379,0.0298,0.0298,0.5693
21-MAR-2025,506161,3.19,3.19,0.0000,0.0000,0.0000,0.0000
21-MAR-2025,506166,267.05,267.05,0.0000,0.0105,0.0104,0.1987
21-MAR-2025,506178,17.01,17.01,0.0000,0.0025,0.0025,0.0478
21-MAR-2025,506180,439.85,463.00,-0.0513,0.0199,0.0202,0.3859
21-MAR-2025,506190,52.50,52.50,0.0000,0.0000,0.0000,0.0000
21-MAR-2025,506196,4.25,4.25,0.0000,0.0006,0.0006,0.0115
21-MAR-2025,506365,112.89,111.23,0.0148,0.0399,0.0398,0.7604
21-MAR-2025,506414,276.35,251.25,0.0952,0.0379,0.0384,0.7336
21-MAR-2025,506520,7.82,7.68,0.0181,0.0311,0.0311,0.5942
21-MAR-2025,506528,2945.20,2956.75,-0.0039,0.0322,0.0321,0.6133
21-MAR-2025,506530,1454.00,1387.55,0.0468,0.0300,0.0301,0.5751
21-MAR-2025,506532,699.90,694.25,0.0081,0.0219,0.0218,0.4165
21-MAR-2025,506543,8.99,8.20,0.0920,0.0346,0.0351,0.6706
21-MAR-2025,506597,716.85,682.75,0.0487,0.0335,0.0336,0.6419
21-MAR-2025,506605,1898.00,1882.40,0.0083,0.0356,0.0355,0.6782
21-MAR-2025,506640,294.30,300.30,-0.0202,0.0332,0.0331,0.6324
21-MAR-2025,506685,469.10,458.35,0.0232,0.0229,0.0229,0.4375
21-MAR-2025,506687,1273.30,1274.15,-0.0007,0.0206,0.0205,0.3917
21-MAR-2025,506734,130.10,132.15,-0.0156,0.0322,0.0321,0.6133
21-MAR-2025,506808,85.74,85.88,-0.0016,0.0301,0.0300,0.5731
21-MAR-2025,506852,24.19,24.14,0.0021,0.0280,0.0279,0.5330
21-MAR-2025,506854,3070.70,3200.55,-0.0414,0.0333,0.0334,0.6381
21-MAR-2025,506858,57.30,58.01,-0.0123,0.0331,0.0330,0.6305
21-MAR-2025,506863,4.48,4.27,0.0480,0.0200,0.0202,0.3859
21-MAR-2025,506906,2.99,2.82,0.0585,0.0490,0.0491,0.9381
21-MAR-2025,506919,138.05,138.45,-0.0029,0.0335,0.0334,0.6381
21-MAR-2025,506935,71.85,71.81,0.0006,0.0329,0.0329,0.6286
21-MAR-2025,506947,209.15,219.95,-0.0503,0.0260,0.0262,0.5006
21-MAR-2025,506979,50.36,52.99,-0.0509,0.0307,0.0309,0.5903
21-MAR-2025,506981,139.30,138.90,0.0029,0.0342,0.0341,0.6515
21-MAR-2025,507155,194.05,196.15,-0.0108,0.0288,0.0288,0.5502
21-MAR-2025,507180,68.12,70.01,-0.0274,0.0350,0.0349,0.6668
21-MAR-2025,507265,185.40,185.00,0.0022,0.0568,0.0567,1.0833
21-MAR-2025,507300,1126.65,1147.55,-0.0184,0.0320,0.0320,0.6114
21-MAR-2025,507474,60.10,59.95,0.0025,0.0368,0.0367,0.7012
21-MAR-2025,507486,44.10,42.00,0.0488,0.0347,0.0348,0.6649
21-MAR-2025,507498,56.53,55.98,0.0098,0.0307,0.0307,0.5865
21-MAR-2025,507515,16.24,16.39,-0.0092,0.0323,0.0322,0.6152
21-MAR-2025,507530,20.03,20.03,0.0000,0.0053,0.0053,0.1013
21-MAR-2025,507598,102.48,91.54,0.1129,0.0342,0.0350,0.6687
21-MAR-2025,507609,32.52,31.54,0.0306,0.0317,0.0317,0.6056
21-MAR-2025,507621,74.18,74.30,-0.0016,0.0251,0.0250,0.4776
21-MAR-2025,507645,12202.00,12202.00,0.0000,0.0236,0.0235,0.4490
21-MAR-2025,507663,2.83,2.83,0.0000,0.0103,0.0103,0.1968
21-MAR-2025,507690,274.50,247.25,0.1046,0.0324,0.0332,0.6343
21-MAR-2025,507753,98.30,99.61,-0.0132,0.0270,0.0270,0.5158
21-MAR-2025,507759,16.63,16.20,0.0262,0.0350,0.0350,0.6687
21-MAR-2025,507808,46.27,46.27,0.0000,0.0242,0.0241,0.4604
21-MAR-2025,507813,109.85,110.15,-0.0027,0.0321,0.0321,0.6133
21-MAR-2025,507817,179.00,179.00,0.0000,0.0343,0.0342,0.6534
21-MAR-2025,507828,10.24,9.83,0.0409,0.0369,0.0369,0.7050
21-MAR-2025,507833,4.82,4.64,0.0381,0.0319,0.0319,0.6094
21-MAR-2025,507836,560.70,536.10,0.0449,0.0266,0.0268,0.5120
21-MAR-2025,507852,41.62,40.46,0.0283,0.0272,0.0272,0.5197
21-MAR-2025,507864,67.41,66.08,0.0199,0.0391,0.0390,0.7451
21-MAR-2025,507872,52.35,52.00,0.0067,0.0307,0.0306,0.5846
21-MAR-2025,507912,386.80,387.20,-0.0010,0.0355,0.0354,0.6763
21-MAR-2025,507917,158.55,166.85,-0.0510,0.0208,0.0210,0.4012
21-MAR-2025,507938,17.06,16.25,0.0486,0.0176,0.0179,0.3420
21-MAR-2025,507944,760.05,743.90,0.0215,0.0382,0.0382,0.7298
21-MAR-2025,507946,23.42,22.99,0.0185,0.0379,0.0379,0.7241
21-MAR-2025,507948,199.75,198.90,0.0043,0.0306,0.0305,0.5827
21-MAR-2025,507952,3.15,3.15,0.0000,0.0000,0.0000,0.0000
21-MAR-2025,507960,275.60,275.00,0.0022,0.0329,0.0328,0.6266
21-MAR-2025,507962,29.17,29.17,0.0000,0.0099,0.0099,0.1891
21-MAR-2025,507966,46.98,48.89,-0.0399,0.0415,0.0415,0.7929
21-MAR-2025,507968,192.15,192.15,0.0000,0.0000,0.0000,0.0000
21-MAR-2025,507970,41.01,41.62,-0.0148,0.0397,0.0396,0.7566
21-MAR-2025,507981,87.23,86.62,0.0070,0.0308,0.0307,0.5865
21-MAR-2025,507987,3.62,3.62,0.0000,0.0036,0.0036,0.0688
21-MAR-2025,507998,116.50,116.10,0.0034,0.0343,0.0342,0.6534
21-MAR-2025,508136,488.25,461.55,0.0562,0.0354,0.0356,0.6801
21-MAR-2025,508486,7289.95,7285.65,0.0006,0.0165,0.0165,0.3152
21-MAR-2025,508494,43.90,43.00,0.0207,0.0280,0.0280,0.5349
21-MAR-2025,508571,165.00,165.00,0.0000,0.0348,0.0347,0.6629
21-MAR-2025,508664,13.96,14.35,-0.0276,0.0261,0.0261,0.4986
21-MAR-2025,508670,3334.95,3428.50,-0.0277,0.0240,0.0240,0.4585
21-MAR-2025,508807,832.65,830.70,0.0023,0.0224,0.0223,0.4260
21-MAR-2025,508867,9.10,9.10,0.0000,0.0000,0.0000,0.0000
21-MAR-2025,508875,672.00,666.50,0.0082,0.0363,0.0362,0.6916
21-MAR-2025,508905,68.80,69.85,-0.0151,0.0348,0.0347,0.6629
21-MAR-2025,508922,3.83,3.93,-0.0258,0.0344,0.0344,0.6572
21-MAR-2025,508941,483.25,480.50,0.0057,0.0207,0.0207,0.3955
21-MAR-2025,508954,110.85,107.90,0.0270,0.0341,0.0341,0.6515
21-MAR-2025,508956,13.87,13.70,0.0123,0.0362,0.0361,0.6897
21-MAR-2025,508961,169.90,169.90,0.0000,0.0212,0.0212,0.4050
21-MAR-2025,508963,24.40,25.68,-0.0511,0.0336,0.0337,0.6438
21-MAR-2025,508969,3.29,3.13,0.0499,0.0304,0.0305,0.5827
21-MAR-2025,508980,20.51,20.90,-0.0188,0.0332,0.0331,0.6324
21-MAR-2025,508993,2.45,2.45,0.0000,0.0000,0.0000,0.0000
21-MAR-2025,509003,0.13,0.13,0.0000,0.0000,0.0000,0.0000
21-MAR-2025,509015,38.50,40.26,-0.0447,0.0277,0.0278,0.5311
21-MAR-2025,509024,8.50,8.67,-0.0198,0.0192,0.0192,0.3668
21-MAR-2025,509026,82.10,84.00,-0.0229,0.0367,0.0366,0.6992
21-MAR-2025,509038,12.13,11.92,0.0175,0.0157,0.0157,0.2999
21-MAR-2025,509040,117.40,116.35,0.0090,0.0385,0.0384,0.7336
21-MAR-2025,509046,70.17,70.00,0.0024,0.0241,0.0240,0.4585
21-MAR-2025,509051,1.15,1.16,-0.0087,0.0272,0.0271,0.5177
21-MAR-2025,509053,8.13,8.33,-0.0243,0.0312,0.0312,0.5961
21-MAR-2025,509073,16.19,16.51,-0.0196,0.0248,0.0247,0.4719
21-MAR-2025,509162,132.10,132.85,-0.0057,0.0312,0.0312,0.5961
21-MAR-2025,509196,77.00,77.13,-0.0017,0.0317,0.0316,0.6037
21-MAR-2025,509423,30.38,28.98,0.0472,0.0365,0.0365,0.6973
21-MAR-2025,509438,11099.95,11115.75,-0.0014,0.0259,0.0258,0.4929
21-MAR-2025,509449,42.73,40.98,0.0418,0.0351,0.0351,0.6706
21-MAR-2025,509470,22620.00,22949.75,-0.0145,0.0299,0.0299,0.5712
21-MAR-2025,509472,344.00,339.75,0.0124,0.0314,0.0314,0.5999
21-MAR-2025,509486,130.90,127.75,0.0244,0.0303,0.0303,0.5789
21-MAR-2025,509525,1049.25,1033.90,0.0147,0.0278,0.0278,0.5311
21-MAR-2025,509546,43.00,41.08,0.0457,0.0384,0.0384,0.7336
21-MAR-2025,509563,26.94,25.72,0.0463,0.0351,0.0352,0.6725
21-MAR-2025,509597,718.00,663.05,0.0796,0.0394,0.0397,0.7585
21-MAR-2025,509650,38.74,38.74,0.0000,0.0015,0.0015,0.0287
21-MAR-2025,509732,175.65,172.25,0.0195,0.0191,0.0191,0.3649
21-MAR-2025,509760,47.11,44.31,0.0613,0.0380,0.0382,0.7298
21-MAR-2025,509835,17.79,19.00,-0.0658,0.0407,0.0409,0.7814
21-MAR-2025,509845,481.25,500.15,-0.0385,0.0208,0.0210,0.4012
21-MAR-2025,509870,60.74,60.74,0.0000,0.0040,0.0040,0.0764
21-MAR-2025,509887,685.80,721.80,-0.0512,0.0280,0.0281,0.5368
21-MAR-2025,509895,184.90,183.30,0.0087,0.0291,0.0290,0.5540
21-MAR-2025,509910,22.68,22.68,0.0000,0.0388,0.0387,0.7394
21-MAR-2025,509917,94.80,94.80,0.0000,0.0128,0.0128,0.2445
21-MAR-2025,509945,1289.00,1290.00,-0.0008,0.0365,0.0364,0.6954
21-MAR-2025,509960,1560.00,1550.00,0.0064,0.0309,0.0309,0.5903
21-MAR-2025,510245,5.60,5.37,0.0419,0.0291,0.0292,0.5579
21-MAR-2025,511000,23.51,23.11,0.0172,0.0363,0.0362,0.6916
21-MAR-2025,511012,1.80,1.83,-0.0165,0.0298,0.0298,0.5693
21-MAR-2025,511018,94.46,95.03,-0.0060,0.0288,0.0287,0.5483
21-MAR-2025,511048,5.18,5.18,0.0000,0.0000,0.0000,0.0000
21-MAR-2025,511060,17.00,17.00,0.0000,0.0000,0.0000,0.0000
21-MAR-2025,511066,47.99,47.07,0.0194,0.0356,0.0355,0.6782
21-MAR-2025,511074,990.00,990.00,0.0000,0.0052,0.0052,0.0993
21-MAR-2025,511092,7.19,7.33,-0.0193,0.0164,0.0165,0.3152
21-MAR-2025,511096,12.00,12.00,0.0000,0.0000,0.0000,0.0000
21-MAR-2025,511110,29.35,30.89,-0.0511,0.0427,0.0427,0.8158
21-MAR-2025,511116,0.44,0.43,0.0230,0.0352,0.0352,0.6725
21-MAR-2025,511122,124.35,130.85,-0.0510,0.0296,0.0297,0.5674
21-MAR-2025,511131,11.23,11.12,0.0098,0.0355,0.0355,0.6782
21-MAR-2025,511147,70.69,70.24,0.0064,0.0359,0.0358,0.6840
21-MAR-2025,511153,31.02,31.50,-0.0154,0.0298,0.0298,0.5693
21-MAR-2025,511169,5.14,5.04,0.0196,0.0274,0.0274,0.5235
21-MAR-2025,511176,151.00,151.00,0.0000,0.0288,0.0287,0.5483
21-MAR-2025,511187,2.31,2.43,-0.0506,0.0372,0.0373,0.7126
21-MAR-2025,511200,129.55,129.55,0.0000,0.0210,0.0209,0.3993
21-MAR-2025,511254,61.75,61.75,0.0000,0.0000,0.0000,0.0000
21-MAR-2025,511260,16.64,16.64,0.0000,0.0025,0.0025,0.0478
21-MAR-2025,511355,15.07,14.77,0.0201,0.0291,0.0291,0.5560
21-MAR-2025,511359,65.98,65.99,-0.0002,0.0372,0.0371,0.7088
21-MAR-2025,511377,37.91,37.00,0.0243,0.0304,0.0304,0.5808
21-MAR-2025,511391,72.11,75.60,-0.0473,0.0351,0.0352,0.6725
21-MAR-2025,511401,11.21,11.21,0.0000,0.0317,0.0316,0.6037
21-MAR-2025,511411,38.20,39.44,-0.0319,0.0415,0.0414,0.7909
21-MAR-2025,511441,32.54,33.19,-0.0198,0.0328,0.0327,0.6247
21-MAR-2025,511447,0.93,0.90,0.0328,0.0353,0.0353,0.6744
21-MAR-2025,511451,10.86,10.85,0.0009,0.0419,0.0418,0.7986
21-MAR-2025,511463,13.85,14.07,-0.0158,0.0263,0.0262,0.5006
21-MAR-2025,511493,3.92,4.12,-0.0498,0.0405,0.0406,0.7757
21-MAR-2025,511501,46.50,46.99,-0.0105,0.0318,0.0318,0.6075
21-MAR-2025,511507,30.15,30.00,0.0050,0.0340,0.0340,0.6496
21-MAR-2025,511509,37.33,37.77,-0.0117,0.0338,0.0337,0.6438
21-MAR-2025,511523,13.25,12.88,0.0283,0.0361,0.0361,0.6897
21-MAR-2025,511525,2.76,2.78,-0.0072,0.0314,0.0314,0.5999
21-MAR-2025,511533,38.11,40.23,-0.0541,0.0343,0.0344,0.6572
21-MAR-2025,511535,28.82,31.38,-0.0851,0.0381,0.0385,0.7355
21-MAR-2025,511543,36.31,37.05,-0.0202,0.0332,0.0332,0.6343
21-MAR-2025,511549,102.70,103.60,-0.0087,0.0272,0.0272,0.5197
21-MAR-2025,511557,4.69,4.71,-0.0043,0.0321,0.0321,0.6133
21-MAR-2025,511563,33.16,32.51,0.0198,0.0253,0.0253,0.4834
21-MAR-2025,511571,98.33,98.18,0.0015,0.0378,0.0377,0.7203
21-MAR-2025,511577,14.83,15.49,-0.0435,0.0256,0.0257,0.4910
21-MAR-2025,511585,3.08,3.02,0.0197,0.0151,0.0151,0.2885
21-MAR-2025,511593,14.94,15.40,-0.0303,0.0344,0.0344,0.6572
21-MAR-2025,511601,11.19,10.63,0.0513,0.0336,0.0337,0.6438
21-MAR-2025,511609,25.40,25.30,0.0039,0.0198,0.0197,0.3764
21-MAR-2025,511626,15.40,14.00,0.0953,0.0438,0.0442,0.8444
21-MAR-2025,511628,49.66,49.25,0.0083,0.0334,0.0333,0.6362
21-MAR-2025,511634,17.22,17.22,0.0000,0.0136,0.0136,0.2598
21-MAR-2025,511636,2.25,2.36,-0.0477,0.0194,0.0196,0.3745
21-MAR-2025,511644,203.00,207.00,-0.0195,0.0299,0.0298,0.5693
21-MAR-2025,511654,52.28,51.00,0.0248,0.0324,0.0323,0.6171
21-MAR-2025,511658,42.28,41.94,0.0081,0.0389,0.0388,0.7413
21-MAR-2025,511664,7.80,8.20,-0.0500,0.0393,0.0394,0.7527
21-MAR-2025,511672,36.77,37.01,-0.0065,0.0319,0.0318,0.6075
21-MAR-2025,511692,65.73,69.00,-0.0486,0.0415,0.0415,0.7929
21-MAR-2025,511696,230.00,225.45,0.0200,0.0422,0.0421,0.8043
21-MAR-2025,511700,0.56,0.57,-0.0177,0.0343,0.0343,0.6553
21-MAR-2025,511702,109.48,108.69,0.0072,0.0356,0.0355,0.6782
21-MAR-2025,511710,2.40,2.34,0.0253,0.0372,0.0372,0.7107
21-MAR-2025,511712,64.90,63.63,0.0198,0.0388,0.0387,0.7394
21-MAR-2025,511714,250.50,245.80,0.0189,0.0335,0.0335,0.6400
21-MAR-2025,511716,6.75,7.09,-0.0491,0.0321,0.0322,0.6152
21-MAR-2025,511728,19.31,19.27,0.0021,0.0387,0.0386,0.7375
21-MAR-2025,511734,15.89,15.14,0.0483,0.0310,0.0311,0.5942
21-MAR-2025,511740,171.00,171.00,0.0000,0.0281,0.0280,0.5349
21-MAR-2025,511754,540.30,515.15,0.0477,0.0224,0.0226,0.4318
21-MAR-2025,511756,48.69,46.99,0.0355,0.0345,0.0345,0.6591
21-MAR-2025,511758,61.18,61.18,0.0000,0.0368,0.0367,0.7012
21-MAR-2025,511760,0.86,0.82,0.0476,0.0298,0.0299,0.5712
21-MAR-2025,511764,30.46,29.92,0.0179,0.0356,0.0356,0.6801
21-MAR-2025,512008,238.35,239.90,-0.0065,0.0369,0.0368,0.7031
21-MAR-2025,512014,377.15,384.80,-0.0201,0.0294,0.0294,0.5617
21-MAR-2025,512018,8.49,8.09,0.0483,0.0307,0.0309,0.5903
21-MAR-2025,512020,11941.90,12185.60,-0.0202,0.0362,0.0361,0.6897
21-MAR-2025,512022,244.45,244.45,0.0000,0.0000,0.0000,0.0000
21-MAR-2025,512025,84.47,84.57,-0.0012,0.1422,0.1418,2.7091
21-MAR-2025,512026,35.89,35.19,0.0197,0.0194,0.0194,0.3706
21-MAR-2025,512036,150.95,150.95,0.0000,0.0308,0.0307,0.5865
21-MAR-2025,512038,444.40,430.20,0.0325,0.0270,0.0270,0.5158
21-MAR-2025,512047,7.45,7.73,-0.0369,0.0335,0.0335,0.6400
21-MAR-2025,512048,4.80,4.62,0.0382,0.0389,0.0389,0.7432
21-MAR-2025,512062,10.48,10.48,0.0000,0.0000,0.0000,0.0000
21-MAR-2025,512063,18.90,18.90,0.0000,0.0000,0.0000,0.0000
21-MAR-2025,512064,65.40,65.00,0.0061,0.0393,0.0392,0.7489
21-MAR-2025,512065,4.63,4.63,0.0000,0.0030,0.0030,0.0573
21-MAR-2025,512068,101.05,99.10,0.0195,0.0326,0.0325,0.6209
21-MAR-2025,512091,3.32,3.17,0.0462,0.0591,0.0590,1.1272
21-MAR-2025,512093,3.69,3.52,0.0472,0.0304,0.0305,0.5827
21-MAR-2025,512097,0.36,0.37,-0.0274,0.0529,0.0528,1.0087
21-MAR-2025,512099,1139.65,1169.95,-0.0262,0.0225,0.0225,0.4299
21-MAR-2025,512101,17.40,17.40,0.0000,0.0000,0.0000,0.0000
21-MAR-2025,512103,126.40,123.93,0.0197,0.0319,0.0319,0.6094
21-MAR-2025,512115,51.72,54.44,-0.0513,0.0373,0.0374,0.7145
21-MAR-2025,512117,3.67,3.67,0.0000,0.0000,0.0000,0.0000
21-MAR-2025,512149,0.65,0.64,0.0155,0.0288,0.0288,0.5502
21-MAR-2025,512153,9.13,9.13,0.0000,0.0156,0.0156,0.2980
21-MAR-2025,512165,28.35,29.50,-0.0398,0.0402,0.0402,0.7680
21-MAR-2025,512175,7.15,7.12,0.0042,0.0368,0.0367,0.7012
21-MAR-2025,512197,5.70,5.70,0.0000,0.0340,0.0339,0.6477
21-MAR-2025,512213,15.50,15.50,0.0000,0.0000,0.0000,0.0000
21-MAR-2025,512217,13.83,14.21,-0.0271,0.0359,0.0359,0.6859
21-MAR-2025,512221,13.77,13.77,0.0000,0.0011,0.0011,0.0210
21-MAR-2025,512229,376.75,384.40,-0.0201,0.0185,0.0186,0.3554
21-MAR-2025,512247,4.44,4.34,0.0228,0.0305,0.0304,0.5808
21-MAR-2025,512257,3.95,3.97,-0.0051,0.0275,0.0274,0.5235
21-MAR-2025,512261,3.00,3.00,0.0000,0.0000,0.0000,0.0000
21-MAR-2025,512267,8.90,9.07,-0.0189,0.0347,0.0347,0.6629
21-MAR-2025,512271,116.50,116.50,0.0000,0.0008,0.0008,0.0153
21-MAR-2025,512277,349.85,349.85,0.0000,0.0217,0.0217,0.4146
21-MAR-2025,512297,80.77,76.93,0.0487,0.0282,0.0283,0.5407
21-MAR-2025,512301,4.95,4.72,0.0476,0.0338,0.0339,0.6477
21-MAR-2025,512329,315.05,321.55,-0.0204,0.0223,0.0223,0.4260
21-MAR-2025,512341,0.44,0.44,0.0000,0.0079,0.0079,0.1509
21-MAR-2025,512344,4.32,4.13,0.0450,0.0377,0.0377,0.7203
21-MAR-2025,512345,94.51,92.66,0.0198,0.0180,0.0180,0.3439
21-MAR-2025,512361,126.10,120.10,0.0488,0.0178,0.0181,0.3458
21-MAR-2025,512367,11.52,11.52,0.0000,0.0011,0.0011,0.0210
21-MAR-2025,512377,5.64,5.64,0.0000,0.0066,0.0066,0.1261
21-MAR-2025,512379,4.89,4.98,-0.0182,0.0372,0.0372,0.7107
21-MAR-2025,512393,45.45,43.29,0.0487,0.0320,0.0321,0.6133
21-MAR-2025,512399,43.20,42.78,0.0098,0.0327,0.0326,0.6228
21-MAR-2025,512404,0.05,0.05,0.0000,0.0222,0.0222,0.4241
21-MAR-2025,512408,10.05,10.05,0.0000,0.0000,0.0000,0.0000
21-MAR-2025,512415,21.09,20.68,0.0196,0.0321,0.0321,0.6133
21-MAR-2025,512425,724.00,689.85,0.0483,0.0371,0.0372,0.7107
21-MAR-2025,512437,670.35,558.65,0.1823,0.0318,0.0342,0.6534
21-MAR-2025,512443,7.00,6.80,0.0290,0.0356,0.0356,0.6801
21-MAR-2025,512453,905.95,901.25,0.0052,0.0282,0.0282,0.5388
21-MAR-2025,512477,385.55,414.00,-0.0712,0.0410,0.0413,0.7890
21-MAR-2025,512479,622.25,622.25,0.0000,0.0144,0.0144,0.2751
21-MAR-2025,512485,366.95,374.40,-0.0201,0.0352,0.0352,0.6725
21-MAR-2025,512489,27.93,27.86,0.0025,0.1603,0.1599,3.0549
21-MAR-2025,512493,111.40,113.50,-0.0187,0.0294,0.0294,0.5617
21-MAR-2025,512499,0.49,0.49,0.0000,0.0138,0.0138,0.2636
21-MAR-2025,512511,1.03,1.03,0.0000,0.0008,0.0008,0.0153
21-MAR-2025,512527,866.85,857.10,0.0113,0.0307,0.0306,0.5846
21-MAR-2025,512565,33.50,34.20,-0.0207,0.0308,0.0308,0.5884
21-MAR-2025,512587,54.05,54.30,-0.0046,0.0341,0.0341,0.6515
21-MAR-2025,512589,165.55,158.35,0.0445,0.0391,0.0391,0.7470
21-MAR-2025,512591,11.32,11.80,-0.0415,0.0376,0.0376,0.7183
21-MAR-2025,512595,810.00,816.65,-0.0082,0.0270,0.0269,0.5139
21-MAR-2025,512600,84.56,80.54,0.0487,0.0296,0.0297,0.5674
21-MAR-2025,512618,9.96,9.45,0.0526,0.0364,0.0365,0.6973
21-MAR-2025,512624,6.18,6.12,0.0098,0.0372,0.0372,0.7107
21-MAR-2025,512634,131.70,135.00,-0.0247,0.0289,0.0288,0.5502
21-MAR-2025,513005,42.40,42.35,0.0012,0.0359,0.0358,0.6840
21-MAR-2025,513039,3.31,3.31,0.0000,0.0000,0.0000,0.0000
21-MAR-2025,513043,82.98,79.48,0.0431,0.0417,0.0417,0.7967
21-MAR-2025,513059,35.10,34.61,0.0141,0.0318,0.0317,0.6056
21-MAR-2025,513063,36.01,35.60,0.0115,0.0374,0.0374,0.7145
21-MAR-2025,513117,8.48,8.14,0.0409,0.0352,0.0352,0.6725
21-MAR-2025,513119,297.95,283.80,0.0487,0.0313,0.0314,0.5999
21-MAR-2025,513149,699.00,700.00,-0.0014,0.0334,0.0333,0.6362
21-MAR-2025,513173,28.66,29.08,-0.0145,0.0301,0.0301,0.5751
21-MAR-2025,513252,611.40,650.00,-0.0612,0.0284,0.0286,0.5464
21-MAR-2025,513295,62.13,65.40,-0.0513,0.0386,0.0386,0.7375
21-MAR-2025,513303,16.22,16.80,-0.0351,0.0348,0.0348,0.6649
21-MAR-2025,513307,118.00,121.35,-0.0280,0.0362,0.0362,0.6916
21-MAR-2025,513309,9.95,9.80,0.0152,0.0360,0.0359,0.6859
21-MAR-2025,513337,1.72,1.66,0.0355,0.0401,0.0400,0.7642
21-MAR-2025,513353,263.30,271.20,-0.0296,0.0318,0.0318,0.6075
21-MAR-2025,513361,4.99,5.15,-0.0316,0.0377,0.0377,0.7203
21-MAR-2025,513369,87.06,83.18,0.0456,0.0392,0.0393,0.7508
21-MAR-2025,513397,6.15,6.15,0.0000,0.0296,0.0296,0.5655
21-MAR-2025,513401,28.83,29.50,-0.0230,0.0407,0.0407,0.7776
21-MAR-2025,513403,5.30,5.30,0.0000,0.0470,0.0469,0.8960
21-MAR-2025,513418,5.99,6.20,-0.0345,0.0343,0.0343,0.6553
21-MAR-2025,513422,32.92,34.87,-0.0575,0.0472,0.0473,0.9037
21-MAR-2025,513430,28.98,30.50,-0.0511,0.0328,0.0329,0.6286
21-MAR-2025,513452,8.94,8.52,0.0481,0.0382,0.0383,0.7317
21-MAR-2025,513456,32.98,31.41,0.0488,0.0351,0.0352,0.6725
21-MAR-2025,513460,10.84,11.39,-0.0495,0.0340,0.0341,0.6515
21-MAR-2025,513472,255.10,254.60,0.0020,0.0338,0.0337,0.6438
21-MAR-2025,513488,31.39,31.13,0.0083,0.0340,0.0339,0.6477
21-MAR-2025,513496,135.00,133.10,0.0142,0.0324,0.0324,0.6190
21-MAR-2025,513498,149.20,147.00,0.0149,0.0347,0.0347,0.6629
21-MAR-2025,513502,7.28,7.15,0.0180,0.0377,0.0376,0.7183
21-MAR-2025,513507,173.00,170.00,0.0175,0.0314,0.0313,0.5980
21-MAR-2025,513511,148.95,146.00,0.0200,0.0388,0.0387,0.7394
21-MAR-2025,513513,9.39,9.39,0.0000,0.0339,0.0338,0.6457
21-MAR-2025,513528,4.99,4.91,0.0162,0.0387,0.0386,0.7375
21-MAR-2025,513532,232.20,232.95,-0.0032,0.0309,0.0309,0.5903
21-MAR-2025,513536,22.01,20.98,0.0479,0.0356,0.0356,0.6801
21-MAR-2025,513540,16.27,16.27,0.0000,0.0228,0.0227,0.4337
21-MAR-2025,513548,297.80,293.70,0.0139,0.0381,0.0380,0.7260
21-MAR-2025,513566,14.80,13.99,0.0563,0.0343,0.0344,0.6572
21-MAR-2025,513575,36.91,37.66,-0.0201,0.0316,0.0316,0.6037
21-MAR-2025,513579,5.44,5.19,0.0470,0.0279,0.0281,0.5368
21-MAR-2025,513629,48.40,46.31,0.0441,0.0338,0.0339,0.6477
21-MAR-2025,513642,35.42,35.03,0.0111,0.0368,0.0367,0.7012
21-MAR-2025,513687,4.36,4.20,0.0374,0.0343,0.0343,0.6553
21-MAR-2025,513693,33.38,31.98,0.0428,0.0292,0.0293,0.5598
21-MAR-2025,513699,34.48,32.01,0.0743,0.0371,0.0373,0.7126
21-MAR-2025,513709,223.80,234.40,-0.0463,0.0349,0.0350,0.6687
21-MAR-2025,513713,4.64,4.55,0.0196,0.0334,0.0334,0.6381
21-MAR-2025,514010,40.92,40.56,0.0088,0.0312,0.0311,0.5942
21-MAR-2025,514030,146.95,146.30,0.0044,0.0242,0.0241,0.4604
21-MAR-2025,514060,8.53,8.37,0.0189,0.0539,0.0538,1.0278
21-MAR-2025,514087,68.91,68.30,0.0089,0.0306,0.0305,0.5827
21-MAR-2025,514113,23.25,23.19,0.0026,0.0306,0.0305,0.5827
21-MAR-2025,514128,26.50,26.50,0.0000,0.0307,0.0307,0.5865
21-MAR-2025,514138,294.20,294.90,-0.0024,0.0304,0.0304,0.5808
21-MAR-2025,514140,23.88,23.99,-0.0046,0.0373,0.0372,0.7107
21-MAR-2025,514165,7.32,7.28,0.0055,0.0301,0.0300,0.5731
21-MAR-2025,514171,39.60,39.54,0.0015,0.0460,0.0459,0.8769
21-MAR-2025,514183,102.50,100.50,0.0197,0.0206,0.0206,0.3936
21-MAR-2025,514197,5.97,6.03,-0.0100,0.0368,0.0367,0.7012
21-MAR-2025,514223,5.27,5.36,-0.0169,0.0478,0.0477,0.9113
21-MAR-2025,514236,0.10,0.10,0.0000,0.0000,0.0000,0.0000
21-MAR-2025,514238,1457.55,1474.40,-0.0115,0.0369,0.0369,0.7050
21-MAR-2025,514240,8.48,8.55,-0.0082,0.0361,0.0361,0.6897
21-MAR-2025,514248,40.00,39.61,0.0098,0.0339,0.0339,0.6477
21-MAR-2025,514260,7.87,7.87,0.0000,0.0113,0.0113,0.2159
21-MAR-2025,514264,20.00,19.53,0.0238,0.0355,0.0355,0.6782
21-MAR-2025,514266,74.90,73.46,0.0194,0.0266,0.0266,0.5082
21-MAR-2025,514272,138.45,136.50,0.0142,0.0298,0.0297,0.5674
21-MAR-2025,514280,104.75,107.85,-0.0292,0.0410,0.0410,0.7833
21-MAR-2025,514302,165.95,166.05,-0.0006,0.0327,0.0326,0.6228
21-MAR-2025,514312,49.58,47.22,0.0488,0.0329,0.0330,0.6305
21-MAR-2025,514316,127.40,127.10,0.0024,0.0322,0.0322,0.6152
21-MAR-2025,514318,178.70,178.40,0.0017,0.0224,0.0224,0.4280
21-MAR-2025,514322,85.32,84.12,0.0142,0.0359,0.0358,0.6840
21-MAR-2025,514324,316.00,313.00,0.0095,0.0333,0.0333,0.6362
21-MAR-2025,514326,10.15,9.84,0.0310,0.0339,0.0339,0.6477
21-MAR-2025,514330,312.70,306.60,0.0197,0.0365,0.0364,0.6954
21-MAR-2025,514332,23.90,23.90,0.0000,0.0398,0.0397,0.7585
21-MAR-2025,514358,124.90,112.20,0.1072,0.0423,0.0429,0.8196
21-MAR-2025,514360,171.20,164.35,0.0408,0.0383,0.0384,0.7336
21-MAR-2025,514378,31.94,33.62,-0.0513,0.0338,0.0339,0.6477
21-MAR-2025,514386,13.65,13.02,0.0473,0.0372,0.0372,0.7107
21-MAR-2025,514400,29.40,29.40,0.0000,0.0320,0.0319,0.6094
21-MAR-2025,514402,14.99,14.70,0.0195,0.0315,0.0315,0.6018
21-MAR-2025,514412,68.83,68.83,0.0000,0.0273,0.0273,0.5216
21-MAR-2025,514428,360.05,349.05,0.0310,0.0305,0.0305,0.5827
21-MAR-2025,514440,19.10,187.30,-2.2830,0.0152,0.1621,3.0969
21-MAR-2025,514442,27.10,26.45,0.0243,0.0362,0.0361,0.6897
21-MAR-2025,514446,47.96,49.73,-0.0362,0.0368,0.0368,0.7031
21-MAR-2025,514448,1265.30,1232.05,0.0266,0.0202,0.0203,0.3878
21-MAR-2025,514454,20.50,20.50,0.0000,0.0308,0.0307,0.5865
21-MAR-2025,514460,33.42,34.10,-0.0201,0.0283,0.0282,0.5388
21-MAR-2025,514470,101.90,99.40,0.0248,0.0324,0.0323,0.6171
21-MAR-2025,515008,104.83,104.60,0.0022,0.0316,0.0315,0.6018
21-MAR-2025,515043,105.15,103.40,0.0168,0.0228,0.0227,0.4337
21-MAR-2025,515059,43.49,41.94,0.0363,0.0377,0.0377,0.7203
21-MAR-2025,515085,5.77,5.77,0.0000,0.0355,0.0354,0.6763
21-MAR-2025,515127,2.60,2.62,-0.0077,0.0326,0.0326,0.6228
21-MAR-2025,515147,102.11,97.90,0.0421,0.0361,0.0361,0.6897
21-MAR-2025,516003,188.45,188.10,0.0019,0.0336,0.0335,0.6400
21-MAR-2025,516020,4.64,4.42,0.0486,0.0295,0.0296,0.5655
21-MAR-2025,516032,12.55,12.80,-0.0197,0.0281,0.0280,0.5349
21-MAR-2025,516038,48.51,46.20,0.0488,0.0250,0.0252,0.4814
21-MAR-2025,516062,5.70,5.70,0.0000,0.0343,0.0342,0.6534
21-MAR-2025,516078,61.00,59.63,0.0227,0.0404,0.0404,0.7718
21-MAR-2025,516096,200.05,182.20,0.0935,0.0414,0.0418,0.7986
21-MAR-2025,516098,14.45,14.60,-0.0103,0.0362,0.0361,0.6897
21-MAR-2025,516106,8.42,8.76,-0.0396,0.0362,0.0362,0.6916
21-MAR-2025,516108,77.49,76.49,0.0130,0.0284,0.0284,0.5426
21-MAR-2025,516110,4.89,4.75,0.0290,0.0287,0.0287,0.5483
21-MAR-2025,517035,2301.15,2235.60,0.0289,0.0380,0.0379,0.7241
21-MAR-2025,517044,28.36,29.38,-0.0353,0.0320,0.0320,0.6114
21-MAR-2025,517063,87.90,87.22,0.0078,0.0383,0.0382,0.7298
21-MAR-2025,517077,93.50,98.40,-0.0511,0.0411,0.0412,0.7871
21-MAR-2025,517096,54.25,53.61,0.0119,0.0377,0.0376,0.7183
21-MAR-2025,517119,29.60,29.99,-0.0131,0.0328,0.0328,0.6266
21-MAR-2025,517166,134.35,132.45,0.0142,0.0350,0.0349,0.6668
21-MAR-2025,517170,51.61,43.71,0.1661,0.0380,0.0397,0.7585
21-MAR-2025,517172,12.00,12.00,0.0000,0.0090,0.0090,0.1719
21-MAR-2025,517201,58.50,57.45,0.0181,0.0337,0.0337,0.6438
21-MAR-2025,517236,85.43,84.38,0.0124,0.0313,0.0313,0.5980
21-MAR-2025,517238,275.00,267.95,0.0260,0.0364,0.0363,0.6935
21-MAR-2025,517246,106.25,101.20,0.0487,0.0352,0.0352,0.6725
21-MAR-2025,517258,105.09,106.10,-0.0096,0.0360,0.0359,0.6859
21-MAR-2025,517264,108.00,106.90,0.0102,0.0309,0.0308,0.5884
21-MAR-2025,517288,89.41,85.02,0.0503,0.0362,0.0363,0.6935
21-MAR-2025,517356,2.07,2.11,-0.0191,0.0324,0.0324,0.6190
21-MAR-2025,517360,18.20,17.91,0.0161,0.0368,0.0367,0.7012
21-MAR-2025,517370,100.50,96.10,0.0448,0.0351,0.0351,0.6706
21-MAR-2025,517372,422.50,426.15,-0.0086,0.0305,0.0304,0.5808
21-MAR-2025,517393,24.33,26.14,-0.0718,0.0326,0.0329,0.6286
21-MAR-2025,517397,68.65,68.70,-0.0007,0.0343,0.0342,0.6534
21-MAR-2025,517399,4.35,4.35,0.0000,0.0368,0.0367,0.7012
21-MAR-2025,517415,8.91,9.10,-0.0211,0.0363,0.0362,0.6916
21-MAR-2025,517417,526.30,522.05,0.0081,0.0326,0.0325,0.6209
21-MAR-2025,517423,130.90,124.70,0.0485,0.0282,0.0283,0.5407
21-MAR-2025,517429,79.00,77.64,0.0174,0.0341,0.0341,0.6515
21-MAR-2025,517431,144.30,140.00,0.0303,0.0502,0.0501,0.9572
21-MAR-2025,517437,124.65,127.00,-0.0187,0.0348,0.0347,0.6629
21-MAR-2025,517449,870.10,877.10,-0.0080,0.0335,0.0334,0.6381
21-MAR-2025,517467,209.10,218.20,-0.0426,0.0371,0.0371,0.7088
21-MAR-2025,517477,347.20,353.15,-0.0170,0.0267,0.0267,0.5101
21-MAR-2025,517494,16.81,16.24,0.0345,0.0326,0.0327,0.6247
21-MAR-2025,517514,227.60,224.60,0.0133,0.0361,0.0360,0.6878
21-MAR-2025,517546,71.29,69.40,0.0269,0.0345,0.0344,0.6572
21-MAR-2025,517554,1.00,1.02,-0.0198,0.0372,0.0371,0.7088
21-MAR-2025,518011,78.87,79.43,-0.0071,0.0416,0.0415,0.7929
21-MAR-2025,518053,13.83,13.56,0.0197,0.0222,0.0221,0.4222
21-MAR-2025,518075,417.10,398.15,0.0465,0.0280,0.0281,0.5368
21-MAR-2025,519003,375.05,380.25,-0.0138,0.0308,0.0307,0.5865
21-MAR-2025,519014,15.05,15.05,0.0000,0.0279,0.0278,0.5311
21-MAR-2025,519031,124.00,118.10,0.0487,0.0233,0.0235,0.4490
21-MAR-2025,519064,99.90,102.45,-0.0252,0.0502,0.0501,0.9572
21-MAR-2025,519097,27.36,27.67,-0.0113,0.0303,0.0303,0.5789
21-MAR-2025,519152,10509.30,10242.85,0.0257,0.0312,0.0312,0.5961
21-MAR-2025,519174,10.50,10.50,0.0000,0.0349,0.0348,0.6649
21-MAR-2025,519191,6.57,6.56,0.0015,0.0417,0.0416,0.7948
21-MAR-2025,519214,7.03,7.17,-0.0197,0.0274,0.0274,0.5235
21-MAR-2025,519216,46.93,47.70,-0.0163,0.0305,0.0304,0.5808
21-MAR-2025,519230,41.40,40.46,0.0230,0.0306,0.0306,0.5846
21-MAR-2025,519234,61.73,59.37,0.0390,0.0434,0.0434,0.8292
21-MAR-2025,519238,29.89,29.31,0.0196,0.0289,0.0289,0.5521
21-MAR-2025,519262,23.16,24.19,-0.0435,0.0384,0.0385,0.7355
21-MAR-2025,519279,6.40,6.15,0.0398,0.0317,0.0317,0.6056
21-MAR-2025,519285,10.00,10.02,-0.0020,0.0331,0.0330,0.6305
21-MAR-2025,519287,55.08,53.86,0.0224,0.0356,0.0356,0.6801
21-MAR-2025,519295,334.10,338.20,-0.0122,0.0279,0.0278,0.5311
21-MAR-2025,519299,76.97,73.31,0.0487,0.0320,0.0321,0.6133
21-MAR-2025,519307,1.50,1.53,-0.0198,0.0626,0.0625,1.1941
21-MAR-2025,519331,46.95,45.21,0.0378,0.0339,0.0339,0.6477
21-MAR-2025,519353,5.89,5.89,0.0000,0.0170,0.0170,0.3248
21-MAR-2025,519359,68.25,68.25,0.0000,0.0329,0.0328,0.6266
21-MAR-2025,519397,77.10,77.65,-0.0071,0.0348,0.0347,0.6629
21-MAR-2025,519413,15.38,15.38,0.0000,0.0095,0.0095,0.1815
21-MAR-2025,519415,35.58,35.58,0.0000,0.0138,0.0138,0.2636
21-MAR-2025,519421,1930.00,1909.70,0.0106,0.0250,0.0249,0.4757
21-MAR-2025,519455,55.62,55.35,0.0049,0.0371,0.0370,0.7069
21-MAR-2025,519457,52.77,53.75,-0.0184,0.0336,0.0335,0.6400
21-MAR-2025,519463,181.00,180.95,0.0003,0.0421,0.0419,0.8005
21-MAR-2025,519471,202.55,200.20,0.0117,0.0342,0.0341,0.6515
21-MAR-2025,519475,83.90,82.00,0.0229,0.0310,0.0309,0.5903
21-MAR-2025,519477,366.60,358.95,0.0211,0.0329,0.0329,0.6286
21-MAR-2025,519479,8.07,8.49,-0.0507,0.0246,0.0248,0.4738
21-MAR-2025,519483,42.00,42.67,-0.0158,0.0363,0.0363,0.6935
21-MAR-2025,519500,12.39,12.67,-0.0223,0.0323,0.0322,0.6152
21-MAR-2025,519506,14.13,14.87,-0.0510,0.0245,0.0247,0.4719
21-MAR-2025,519532,14.00,13.62,0.0275,0.0297,0.0297,0.5674
21-MAR-2025,519566,185.70,183.15,0.0138,0.0334,0.0334,0.6381
21-MAR-2025,519574,69.45,66.18,0.0482,0.0345,0.0346,0.6610
21-MAR-2025,519604,16.00,16.00,0.0000,0.0425,0.0424,0.8101
21-MAR-2025,519606,45.15,43.00,0.0488,0.0301,0.0302,0.5770
21-MAR-2025,519612,41.95,40.70,0.0303,0.0420,0.0419,0.8005
21-MAR-2025,520075,132.65,127.20,0.0420,0.0258,0.0259,0.4948
21-MAR-2025,520081,18.62,18.62,0.0000,0.0223,0.0223,0.4260
21-MAR-2025,520121,5.75,5.80,-0.0087,0.0384,0.0383,0.7317
21-MAR-2025,520123,98.10,96.60,0.0154,0.0331,0.0330,0.6305
21-MAR-2025,520127,18.57,18.99,-0.0224,0.0399,0.0398,0.7604
21-MAR-2025,520131,30.40,30.40,0.0000,0.0269,0.0268,0.5120
21-MAR-2025,520141,10.59,10.30,0.0278,0.0339,0.0339,0.6477
21-MAR-2025,520155,77.25,73.58,0.0487,0.0420,0.0420,0.8024
21-MAR-2025,521003,21.20,21.20,0.0000,0.0151,0.0150,0.2866
21-MAR-2025,521005,14.17,14.38,-0.0147,0.0386,0.0385,0.7355
21-MAR-2025,521048,30.90,30.00,0.0296,0.0319,0.0319,0.6094
21-MAR-2025,521054,17.67,18.99,-0.0720,0.0382,0.0384,0.7336
21-MAR-2025,521062,5.16,5.19,-0.0058,0.0353,0.0352,0.6725
21-MAR-2025,521068,51.21,53.90,-0.0512,0.0284,0.0285,0.5445
21-MAR-2025,521080,8.14,8.07,0.0086,0.0368,0.0368,0.7031
21-MAR-2025,521097,161.20,163.00,-0.0111,0.0258,0.0257,0.4910
21-MAR-2025,521105,44.11,44.00,0.0025,0.0320,0.0319,0.6094
21-MAR-2025,521113,39.99,39.41,0.0146,0.0383,0.0382,0.7298
21-MAR-2025,521131,25.62,25.75,-0.0051,0.0331,0.0330,0.6305
21-MAR-2025,521133,4.61,4.56,0.0109,0.0243,0.0242,0.4623
21-MAR-2025,521137,15.51,16.08,-0.0361,0.0293,0.0293,0.5598
21-MAR-2025,521141,22.81,22.66,0.0066,0.0307,0.0307,0.5865
21-MAR-2025,521149,7.58,7.25,0.0445,0.0353,0.0354,0.6763
21-MAR-2025,521151,62.08,62.28,-0.0032,0.0360,0.0359,0.6859
21-MAR-2025,521161,37.38,40.85,-0.0888,0.0419,0.0422,0.8062
21-MAR-2025,521178,46.15,46.43,-0.0060,0.0328,0.0327,0.6247
21-MAR-2025,521206,2.58,2.69,-0.0418,0.0367,0.0367,0.7012
21-MAR-2025,521216,251.30,242.90,0.0340,0.0370,0.0370,0.7069
21-MAR-2025,521222,46.07,45.85,0.0048,0.0347,0.0346,0.6610
21-MAR-2025,521226,24.13,22.75,0.0589,0.0372,0.0373,0.7126
21-MAR-2025,521228,2.92,2.97,-0.0170,0.0309,0.0309,0.5903
21-MAR-2025,521232,98.70,94.00,0.0488,0.0307,0.0309,0.5903
21-MAR-2025,521234,35.26,37.00,-0.0482,0.0438,0.0438,0.8368
21-MAR-2025,521240,144.25,134.35,0.0711,0.0301,0.0304,0.5808
21-MAR-2025,521244,112.25,112.25,0.0000,0.0274,0.0274,0.5235
21-MAR-2025,522001,110.10,110.49,-0.0035,0.0391,0.0390,0.7451
21-MAR-2025,522004,96.42,94.64,0.0186,0.0361,0.0361,0.6897
21-MAR-2025,522005,166.90,163.25,0.0221,0.0300,0.0300,0.5731
21-MAR-2025,522017,832.25,798.85,0.0410,0.0347,0.0347,0.6629
21-MAR-2025,522027,113.70,108.30,0.0487,0.0310,0.0312,0.5961
21-MAR-2025,522036,103.48,103.48,0.0000,0.0269,0.0268,0.5120
21-MAR-2025,522091,113.90,114.10,-0.0018,0.0318,0.0317,0.6056
21-MAR-2025,522101,402.85,382.65,0.0514,0.0258,0.0260,0.4967
21-MAR-2025,522105,41.39,39.73,0.0409,0.0328,0.0328,0.6266
21-MAR-2025,522122,1524.95,1506.15,0.0124,0.0263,0.0262,0.5006
21-MAR-2025,522134,144.00,141.00,0.0211,0.0322,0.0322,0.6152
21-MAR-2025,522152,138.35,140.75,-0.0172,0.0397,0.0397,0.7585
21-MAR-2025,522165,41.13,40.11,0.0251,0.0350,0.0349,0.6668
21-MAR-2025,522183,382.30,375.45,0.0181,0.0295,0.0295,0.5636
21-MAR-2025,522195,2029.80,1976.00,0.0269,0.0324,0.0324,0.6190
21-MAR-2025,522207,82.71,81.25,0.0178,0.0348,0.0348,0.6649
21-MAR-2025,522209,9.29,9.28,0.0011,0.0392,0.0391,0.7470
21-MAR-2025,522229,326.45,310.95,0.0486,0.0357,0.0357,0.6820
21-MAR-2025,522231,75.60,77.14,-0.0202,0.0655,0.0653,1.2476
21-MAR-2025,522235,3.83,3.69,0.0372,0.0278,0.0279,0.5330
21-MAR-2025,522237,32.13,32.13,0.0000,0.0366,0.0365,0.6973
21-MAR-2025,522245,12.76,12.76,0.0000,0.0334,0.0333,0.6362
21-MAR-2025,522251,349.50,339.10,0.0302,0.0377,0.0376,0.7183
21-MAR-2025,522257,101.00,102.75,-0.0172,0.0308,0.0308,0.5884
21-MAR-2025,522267,51.38,51.38,0.0000,0.0364,0.0364,0.6954
21-MAR-2025,522273,252.90,245.00,0.0317,0.0297,0.0297,0.5674
21-MAR-2025,522289,33.43,33.43,0.0000,0.0378,0.0377,0.7203
21-MAR-2025,522292,95.27,93.72,0.0164,0.0290,0.0289,0.5521
21-MAR-2025,522294,150.35,153.50,-0.0207,0.0302,0.0301,0.5751
21-MAR-2025,522650,1466.35,1480.15,-0.0094,0.0340,0.0339,0.6477
21-MAR-2025,523007,110.75,112.55,-0.0161,0.0315,0.0314,0.5999
21-MAR-2025,523019,27.82,28.75,-0.0329,0.0431,0.0430,0.8215
21-MAR-2025,523021,50.19,52.56,-0.0461,0.0370,0.0370,0.7069
21-MAR-2025,523054,1904.00,1904.00,0.0000,0.0257,0.0256,0.4891
21-MAR-2025,523062,39.97,42.07,-0.0512,0.0336,0.0338,0.6457
21-MAR-2025,523100,240.85,229.40,0.0487,0.0363,0.0364,0.6954
21-MAR-2025,523105,18.95,19.00,-0.0026,0.0296,0.0296,0.5655
21-MAR-2025,523116,702.35,750.00,-0.0656,0.0368,0.0370,0.7069
21-MAR-2025,523120,45.81,38.18,0.1822,0.0385,0.0405,0.7738
21-MAR-2025,523144,45.65,44.46,0.0264,0.0304,0.0303,0.5789
21-MAR-2025,523151,7.66,7.30,0.0481,0.0433,0.0433,0.8272
21-MAR-2025,523160,1343.90,1348.80,-0.0036,0.0253,0.0252,0.4814
21-MAR-2025,523186,287.65,269.35,0.0657,0.0332,0.0334,0.6381
21-MAR-2025,523222,6.59,6.93,-0.0503,0.0300,0.0301,0.5751
21-MAR-2025,523229,76.70,73.44,0.0434,0.0319,0.0320,0.6114
21-MAR-2025,523232,119.65,121.45,-0.0149,0.0298,0.0298,0.5693
21-MAR-2025,523242,10.55,11.09,-0.0499,0.0304,0.0305,0.5827
21-MAR-2025,523248,226.45,225.85,0.0027,0.0335,0.0334,0.6381
21-MAR-2025,523277,0.60,0.58,0.0339,0.0333,0.0333,0.6362
21-MAR-2025,523289,78.69,81.28,-0.0324,0.0349,0.0349,0.6668
21-MAR-2025,523309,127.75,124.55,0.0254,0.0374,0.0373,0.7126
21-MAR-2025,523315,2.14,2.14,0.0000,0.0021,0.0021,0.0401
21-MAR-2025,523323,5577.15,5444.50,0.0241,0.0265,0.0265,0.5063
21-MAR-2025,523343,10.00,10.00,0.0000,0.0000,0.0000,0.0000
21-MAR-2025,523373,145.65,142.80,0.0198,0.0285,0.0284,0.5426
21-MAR-2025,523411,1174.35,978.65,0.1823,0.0335,0.0359,0.6859
21-MAR-2025,523449,60.11,61.65,-0.0253,0.0372,0.0372,0.7107
21-MAR-2025,523465,42.65,43.05,-0.0093,0.0342,0.0341,0.6515
21-MAR-2025,523467,2.87,2.82,0.0176,0.0292,0.0291,0.5560
21-MAR-2025,523475,1038.85,989.40,0.0488,0.0358,0.0358,0.6840
21-MAR-2025,523483,205.95,201.15,0.0236,0.0356,0.0355,0.6782
21-MAR-2025,523489,31.23,31.39,-0.0051,0.0367,0.0366,0.6992
21-MAR-2025,523519,5.47,5.60,-0.0235,0.0355,0.0355,0.6782
21-MAR-2025,523537,33.45,34.05,-0.0178,0.0266,0.0266,0.5082
21-MAR-2025,523550,47.80,46.93,0.0184,0.0320,0.0320,0.6114
21-MAR-2025,523558,27.94,28.03,-0.0032,0.0331,0.0330,0.6305
21-MAR-2025,523566,70.53,70.45,0.0011,0.0384,0.0383,0.7317
21-MAR-2025,523586,255.40,253.80,0.0063,0.0265,0.0264,0.5044
21-MAR-2025,523594,23.91,22.58,0.0572,0.0408,0.0409,0.7814
21-MAR-2025,523606,520.80,517.80,0.0058,0.0334,0.0333,0.6362
21-MAR-2025,523620,30.65,31.24,-0.0191,0.0375,0.0374,0.7145
21-MAR-2025,523638,139.50,139.35,0.0011,0.0358,0.0357,0.6820
21-MAR-2025,523650,29.96,31.49,-0.0498,0.0392,0.0393,0.7508
21-MAR-2025,523652,19.53,19.53,0.0000,0.0318,0.0317,0.6056
21-MAR-2025,523660,51.51,51.41,0.0019,0.0296,0.0295,0.5636
21-MAR-2025,523672,50.18,48.07,0.0430,0.0296,0.0297,0.5674
21-MAR-2025,523676,209.60,211.20,-0.0076,0.0325,0.0324,0.6190
21-MAR-2025,523696,68.21,68.82,-0.0089,0.0304,0.0303,0.5789
21-MAR-2025,523710,276.10,276.35,-0.0009,0.0363,0.0362,0.6916
21-MAR-2025,523712,5.25,5.25,0.0000,0.0230,0.0229,0.4375
21-MAR-2025,523722,5.58,5.32,0.0477,0.0307,0.0308,0.5884
21-MAR-2025,523732,26.98,27.05,-0.0026,0.0379,0.0378,0.7222
21-MAR-2025,523752,14.25,14.30,-0.0035,0.0386,0.0385,0.7355
21-MAR-2025,523782,16.31,16.07,0.0148,0.0345,0.0345,0.6591
21-MAR-2025,523790,16.70,16.10,0.0366,0.0251,0.0252,0.4814
21-MAR-2025,523826,40.80,38.86,0.0487,0.0360,0.0361,0.6897
21-MAR-2025,523832,16.94,17.60,-0.0382,0.0417,0.0417,0.7967
21-MAR-2025,523840,21.82,22.33,-0.0231,0.0405,0.0405,0.7738
21-MAR-2025,523842,9.67,9.55,0.0125,0.0351,0.0350,0.6687
21-MAR-2025,523844,80.20,84.00,-0.0463,0.0303,0.0304,0.5808
21-MAR-2025,523850,465.00,465.20,-0.0004,0.0288,0.0288,0.5502
21-MAR-2025,523862,28.66,30.16,-0.0510,0.0362,0.0363,0.6935
21-MAR-2025,523888,27.08,26.55,0.0198,0.0201,0.0201,0.3840
21-MAR-2025,523896,24.99,22.75,0.0939,0.0572,0.0575,1.0985
21-MAR-2025,524013,12.58,13.15,-0.0443,0.0303,0.0304,0.5808
21-MAR-2025,524031,13.68,13.68,0.0000,0.0313,0.0312,0.5961
21-MAR-2025,524038,5.78,5.90,-0.0205,0.0347,0.0346,0.6610
21-MAR-2025,524055,75.24,75.24,0.0000,0.0070,0.0070,0.1337
21-MAR-2025,524080,72.33,72.05,0.0039,0.0331,0.0331,0.6324
21-MAR-2025,524136,609.00,592.50,0.0275,0.0332,0.0332,0.6343
21-MAR-2025,524156,39.15,41.24,-0.0520,0.0344,0.0345,0.6591
21-MAR-2025,524174,24.11,22.97,0.0484,0.0343,0.0344,0.6572
21-MAR-2025,524202,101.05,104.25,-0.0312,0.0315,0.0315,0.6018
21-MAR-2025,524204,113.50,111.60,0.0169,0.0348,0.0347,0.6629
21-MAR-2025,524210,33.60,34.53,-0.0273,0.0414,0.0414,0.7909
21-MAR-2025,524218,81.83,80.17,0.0205,0.0257,0.0257,0.4910
21-MAR-2025,524238,27.79,28.00,-0.0075,0.0322,0.0321,0.6133
21-MAR-2025,524288,92.45,91.12,0.0145,0.0256,0.0255,0.4872
21-MAR-2025,524314,67.52,65.91,0.0241,0.0364,0.0363,0.6935
21-MAR-2025,524336,157.85,154.65,0.0205,0.0345,0.0345,0.6591
21-MAR-2025,524400,76.30,76.30,0.0000,0.0361,0.0360,0.6878
21-MAR-2025,524408,172.90,172.00,0.0052,0.0378,0.0377,0.7203
21-MAR-2025,524414,18.71,18.20,0.0276,0.0312,0.0312,0.5961
21-MAR-2025,524434,8.61,8.43,0.0211,0.0325,0.0324,0.6190
21-MAR-2025,524440,34.80,33.95,0.0247,0.0349,0.0349,0.6668
21-MAR-2025,524444,2.79,2.74,0.0181,0.0326,0.0326,0.6228
21-MAR-2025,524458,10.25,9.46,0.0802,0.0353,0.0357,0.6820
21-MAR-2025,524480,537.15,514.10,0.0439,0.0262,0.0263,0.5025
21-MAR-2025,524488,3.82,3.87,-0.0130,0.0330,0.0329,0.6286
21-MAR-2025,524502,76.00,76.00,0.0000,0.0313,0.0312,0.5961
21-MAR-2025,524504,5.92,5.92,0.0000,0.0155,0.0155,0.2961
21-MAR-2025,524506,742.20,737.00,0.0070,0.0293,0.0292,0.5579
21-MAR-2025,524514,17.05,17.05,0.0000,0.0117,0.0117,0.2235
21-MAR-2025,524516,40.56,38.63,0.0488,0.0274,0.0275,0.5254
21-MAR-2025,524520,63.96,63.18,0.0123,0.0214,0.0213,0.4069
21-MAR-2025,524522,38.27,36.30,0.0528,0.0383,0.0384,0.7336
21-MAR-2025,524534,77.20,77.95,-0.0097,0.0365,0.0364,0.6954
21-MAR-2025,524546,22.89,22.89,0.0000,0.0000,0.0000,0.0000
21-MAR-2025,524548,75.10,76.57,-0.0194,0.0273,0.0272,0.5197
21-MAR-2025,524564,6.66,6.84,-0.0267,0.0243,0.0243,0.4643
21-MAR-2025,524572,69.42,67.46,0.0286,0.0351,0.0351,0.6706
21-MAR-2025,524576,14.70,15.18,-0.0321,0.0288,0.0288,0.5502
21-MAR-2025,524580,16.35,15.62,0.0457,0.0403,0.0403,0.7699
21-MAR-2025,524582,182.90,179.15,0.0207,0.0307,0.0306,0.5846
21-MAR-2025,524590,9.45,9.34,0.0117,0.0462,0.0461,0.8807
21-MAR-2025,524592,21.78,20.98,0.0374,0.0305,0.0306,0.5846
21-MAR-2025,524594,149.90,142.80,0.0485,0.0368,0.0369,0.7050
21-MAR-2025,524602,46.44,45.39,0.0229,0.0349,0.0349,0.6668
21-MAR-2025,524604,13.26,13.26,0.0000,0.0219,0.0218,0.4165
21-MAR-2025,524606,23.93,23.53,0.0169,0.0439,0.0438,0.8368
21-MAR-2025,524614,4.70,4.69,0.0021,0.0302,0.0302,0.5770
21-MAR-2025,524624,20.85,20.56,0.0140,0.0370,0.0369,0.7050
21-MAR-2025,524628,16.90,15.55,0.0833,0.0490,0.0492,0.9400
21-MAR-2025,524632,24.05,236.00,-2.2837,0.0335,0.1649,3.1504
21-MAR-2025,524634,440.70,445.55,-0.0109,0.0301,0.0300,0.5731
21-MAR-2025,524636,78.54,78.61,-0.0009,0.0329,0.0329,0.6286
21-MAR-2025,524640,39.85,39.60,0.0063,0.0305,0.0304,0.5808
21-MAR-2025,524642,1.16,1.16,0.0000,0.0440,0.0439,0.8387
21-MAR-2025,524661,10.03,9.84,0.0191,0.0359,0.0359,0.6859
21-MAR-2025,524663,21.91,21.68,0.0106,0.0353,0.0353,0.6744
21-MAR-2025,524675,22.51,21.98,0.0238,0.0360,0.0359,0.6859
21-MAR-2025,524687,13.09,12.90,0.0146,0.0267,0.0266,0.5082
21-MAR-2025,524703,52.69,51.47,0.0234,0.0244,0.0243,0.4643
21-MAR-2025,524711,10.75,10.96,-0.0193,0.0294,0.0294,0.5617
21-MAR-2025,524717,472.55,467.65,0.0104,0.0386,0.0385,0.7355
21-MAR-2025,524723,23.00,23.00,0.0000,0.0044,0.0044,0.0841
21-MAR-2025,524727,29.28,29.87,-0.0199,0.0312,0.0312,0.5961
21-MAR-2025,524731,995.10,998.00,-0.0029,0.0275,0.0274,0.5235
21-MAR-2025,524743,833.75,831.05,0.0032,0.0261,0.0260,0.4967
21-MAR-2025,524748,35.05,36.10,-0.0295,0.0294,0.0294,0.5617
21-MAR-2025,524752,12.19,12.00,0.0157,0.0278,0.0277,0.5292
21-MAR-2025,524768,33.06,33.97,-0.0272,0.0430,0.0429,0.8196
21-MAR-2025,524790,251.05,250.00,0.0042,0.0350,0.0349,0.6668
21-MAR-2025,524808,29.53,30.50,-0.0323,0.0399,0.0399,0.7623
21-MAR-2025,524818,81.17,81.50,-0.0041,0.0299,0.0298,0.5693
21-MAR-2025,524828,270.55,265.85,0.0175,0.0310,0.0309,0.5903
21-MAR-2025,526001,6.58,6.30,0.0435,0.0335,0.0335,0.6400
21-MAR-2025,526025,15.13,14.89,0.0160,0.0365,0.0364,0.6954
21-MAR-2025,526043,52.70,53.97,-0.0238,0.0331,0.0331,0.6324
21-MAR-2025,526071,108.05,110.25,-0.0202,0.0192,0.0192,0.3668
21-MAR-2025,526073,706.30,696.80,0.0135,0.0267,0.0267,0.5101
21-MAR-2025,526081,19.00,18.90,0.0053,0.0386,0.0386,0.7375
21-MAR-2025,526095,39.50,38.52,0.0251,0.0439,0.0439,0.8387
21-MAR-2025,526113,14.80,14.80,0.0000,0.0322,0.0321,0.6133
21-MAR-2025,526115,9.74,9.31,0.0452,0.0349,0.0349,0.6668
21-MAR-2025,526117,373.40,382.50,-0.0241,0.0315,0.0315,0.6018
21-MAR-2025,526125,111.20,108.90,0.0209,0.0361,0.0361,0.6897
21-MAR-2025,526133,7.54,7.48,0.0080,0.0403,0.0402,0.7680
21-MAR-2025,526137,135.30,130.45,0.0365,0.0419,0.0419,0.8005
21-MAR-2025,526139,3.56,3.74,-0.0493,0.0303,0.0304,0.5808
21-MAR-2025,526143,10.06,10.57,-0.0495,0.0298,0.0299,0.5712
21-MAR-2025,526159,88.87,88.22,0.0073,0.0276,0.0276,0.5273
21-MAR-2025,526161,135.05,144.00,-0.0642,0.0443,0.0445,0.8502
21-MAR-2025,526169,287.70,282.70,0.0175,0.0371,0.0370,0.7069
21-MAR-2025,526173,27.93,27.39,0.0195,0.0320,0.0320,0.6114
21-MAR-2025,526179,170.55,174.00,-0.0200,0.0320,0.0319,0.6094
21-MAR-2025,526187,5.69,5.28,0.0748,0.0460,0.0461,0.8807
21-MAR-2025,526193,27.94,28.46,-0.0184,0.0307,0.0306,0.5846
21-MAR-2025,526211,62.82,63.92,-0.0174,0.0348,0.0347,0.6629
21-MAR-2025,526225,10.84,10.84,0.0000,0.0341,0.0340,0.6496
21-MAR-2025,526231,43.38,44.19,-0.0185,0.0361,0.0360,0.6878
21-MAR-2025,526237,73.97,75.47,-0.0201,0.0377,0.0377,0.7203
21-MAR-2025,526241,16.44,15.79,0.0403,0.0319,0.0320,0.6114
21-MAR-2025,526251,13.96,14.31,-0.0248,0.0317,0.0317,0.6056
21-MAR-2025,526269,228.45,233.10,-0.0202,0.0374,0.0374,0.7145
21-MAR-2025,526301,39.00,38.50,0.0129,0.0319,0.0319,0.6094
21-MAR-2025,526315,66.01,65.76,0.0038,0.0233,0.0232,0.4432
21-MAR-2025,526335,9.23,8.80,0.0477,0.0400,0.0400,0.7642
21-MAR-2025,526345,20.23,19.27,0.0486,0.0317,0.0318,0.6075
21-MAR-2025,526355,75.00,76.98,-0.0261,0.0325,0.0325,0.6209
21-MAR-2025,526365,31.04,29.96,0.0354,0.0396,0.0396,0.7566
21-MAR-2025,526373,57.50,61.01,-0.0593,0.0389,0.0390,0.7451
21-MAR-2025,526407,24.03,22.93,0.0469,0.0319,0.0320,0.6114
21-MAR-2025,526409,11.69,11.26,0.0375,0.0307,0.0308,0.5884
21-MAR-2025,526415,12.49,11.90,0.0484,0.0339,0.0340,0.6496
21-MAR-2025,526431,17.96,17.96,0.0000,0.0304,0.0303,0.5789
21-MAR-2025,526433,1225.05,1223.80,0.0010,0.0363,0.0363,0.6935
21-MAR-2025,526435,115.70,116.00,-0.0026,0.0419,0.0418,0.7986
21-MAR-2025,526439,10.63,10.69,-0.0056,0.0276,0.0276,0.5273
21-MAR-2025,526441,1.18,1.17,0.0085,0.0396,0.0395,0.7546
21-MAR-2025,526443,234.60,239.35,-0.0200,0.0237,0.0237,0.4528
21-MAR-2025,526445,17.32,17.70,-0.0217,0.0308,0.0307,0.5865
21-MAR-2025,526468,22.86,21.90,0.0429,0.0371,0.0371,0.7088
21-MAR-2025,526471,33.99,33.14,0.0253,0.0278,0.0278,0.5311
21-MAR-2025,526473,5.62,5.50,0.0216,0.0240,0.0240,0.4585
21-MAR-2025,526479,95.00,90.80,0.0452,0.0369,0.0369,0.7050
21-MAR-2025,526481,42.38,41.66,0.0171,0.0324,0.0324,0.6190
21-MAR-2025,526488,201.50,197.55,0.0198,0.0165,0.0165,0.3152
21-MAR-2025,526490,6.24,6.34,-0.0159,0.0275,0.0274,0.5235
21-MAR-2025,526492,116.60,115.75,0.0073,0.0313,0.0312,0.5961
21-MAR-2025,526494,10.51,10.83,-0.0300,0.0537,0.0536,1.0240
21-MAR-2025,526500,43.10,45.00,-0.0431,0.0384,0.0384,0.7336
21-MAR-2025,526506,136.56,136.86,-0.0022,0.0345,0.0344,0.6572
21-MAR-2025,526508,16.97,16.21,0.0458,0.0278,0.0279,0.5330
21-MAR-2025,526519,114.45,114.00,0.0039,0.0335,0.0334,0.6381
21-MAR-2025,526525,22.00,21.00,0.0465,0.0399,0.0399,0.7623
21-MAR-2025,526530,85.13,83.04,0.0249,0.0243,0.0243,0.4643
21-MAR-2025,526532,8.43,8.05,0.0461,0.0371,0.0372,0.7107
21-MAR-2025,526544,3.35,3.20,0.0458,0.0414,0.0415,0.7929
21-MAR-2025,526546,130.00,127.25,0.0214,0.0404,0.0403,0.7699
21-MAR-2025,526568,35.45,35.50,-0.0014,0.0341,0.0340,0.6496
21-MAR-2025,526570,283.30,277.75,0.0198,0.0203,0.0203,0.3878
21-MAR-2025,526574,25.24,27.68,-0.0923,0.0403,0.0407,0.7776
21-MAR-2025,526586,484.70,484.35,0.0007,0.0229,0.0228,0.4356
21-MAR-2025,526588,18.18,18.08,0.0055,0.0449,0.0448,0.8559
21-MAR-2025,526604,20.44,20.49,-0.0024,0.0430,0.0429,0.8196
21-MAR-2025,526614,44.90,42.77,0.0486,0.0329,0.0330,0.6305
21-MAR-2025,526616,57.35,57.61,-0.0045,0.0269,0.0268,0.5120
21-MAR-2025,526622,0.63,0.65,-0.0313,0.0290,0.0290,0.5540
21-MAR-2025,526628,34.74,36.56,-0.0511,0.0237,0.0240,0.4585
21-MAR-2025,526638,88.86,87.72,0.0129,0.0350,0.0349,0.6668
21-MAR-2025,526640,38.51,39.06,-0.0142,0.0369,0.0368,0.7031
21-MAR-2025,526654,157.75,155.00,0.0176,0.0345,0.0344,0.6572
21-MAR-2025,526703,594.25,595.20,-0.0016,0.0339,0.0338,0.6457
21-MAR-2025,526705,235.00,232.85,0.0092,0.0281,0.0281,0.5368
21-MAR-2025,526709,11.31,11.74,-0.0373,0.0263,0.0263,0.5025
21-MAR-2025,526711,24.93,26.24,-0.0512,0.0363,0.0363,0.6935
21-MAR-2025,526717,115.15,120.30,-0.0438,0.0312,0.0313,0.5980
21-MAR-2025,526721,119.75,118.05,0.0143,0.0207,0.0207,0.3955
21-MAR-2025,526723,194.90,200.05,-0.0261,0.0319,0.0319,0.6094
21-MAR-2025,526727,23.92,24.01,-0.0038,0.0369,0.0368,0.7031
21-MAR-2025,526731,303.10,295.85,0.0242,0.0369,0.0369,0.7050
21-MAR-2025,526739,345.40,343.60,0.0052,0.0229,0.0229,0.4375
21-MAR-2025,526747,320.60,324.60,-0.0124,0.0281,0.0281,0.5368
21-MAR-2025,526751,19.35,18.43,0.0487,0.0290,0.0291,0.5560
21-MAR-2025,526755,5.48,5.68,-0.0358,0.0359,0.0359,0.6859
21-MAR-2025,526761,23.90,23.37,0.0224,0.0389,0.0388,0.7413
21-MAR-2025,526773,3.58,3.61,-0.0083,0.0361,0.0360,0.6878
21-MAR-2025,526775,385.80,361.95,0.0638,0.0357,0.0359,0.6859
21-MAR-2025,526783,4443.35,4396.40,0.0106,0.0326,0.0326,0.6228
21-MAR-2025,526795,6.85,6.85,0.0000,0.0247,0.0246,0.4700
21-MAR-2025,526813,13.09,13.99,-0.0665,0.0369,0.0371,0.7088
21-MAR-2025,526821,282.75,271.35,0.0412,0.0284,0.0285,0.5445
21-MAR-2025,526823,3.92,4.10,-0.0449,0.0324,0.0325,0.6209
21-MAR-2025,526827,41.93,43.80,-0.0436,0.0324,0.0325,0.6209
21-MAR-2025,526839,15.25,13.88,0.0941,0.0454,0.0457,0.8731
21-MAR-2025,526841,27.81,26.91,0.0329,0.0316,0.0316,0.6037
21-MAR-2025,526847,33.00,32.50,0.0153,0.0354,0.0353,0.6744
21-MAR-2025,526851,151.00,159.00,-0.0516,0.0350,0.0351,0.6706
21-MAR-2025,526853,75.55,71.96,0.0487,0.0344,0.0345,0.6591
21-MAR-2025,526859,1.05,1.02,0.0290,0.0303,0.0303,0.5789
21-MAR-2025,526861,135.90,124.00,0.0916,0.0338,0.0343,0.6553
21-MAR-2025,526865,10.62,10.12,0.0482,0.0434,0.0435,0.8311
21-MAR-2025,526869,17.64,16.80,0.0488,0.0390,0.0391,0.7470
21-MAR-2025,526871,16.78,16.79,-0.0006,0.0411,0.0410,0.7833
21-MAR-2025,526873,47.47,45.72,0.0376,0.0322,0.0322,0.6152
21-MAR-2025,526877,17.00,17.87,-0.0499,0.0268,0.0269,0.5139
21-MAR-2025,526891,15.39,14.71,0.0452,0.0346,0.0347,0.6629
21-MAR-2025,526899,12.13,11.93,0.0166,0.0270,0.0269,0.5139
21-MAR-2025,526901,57.08,60.18,-0.0529,0.0342,0.0344,0.6572
21-MAR-2025,526905,6.44,6.24,0.0315,0.0338,0.0337,0.6438
21-MAR-2025,526931,117.30,116.88,0.0036,0.0361,0.0360,0.6878
21-MAR-2025,526935,221.25,216.95,0.0196,0.0344,0.0344,0.6572
21-MAR-2025,526945,108.58,105.91,0.0249,0.0375,0.0374,0.7145
21-MAR-2025,526961,25.60,24.80,0.0317,0.0285,0.0286,0.5464
21-MAR-2025,526965,166.75,160.00,0.0413,0.0372,0.0372,0.7107
21-MAR-2025,526967,5.47,5.50,-0.0055,0.0393,0.0392,0.7489
21-MAR-2025,526971,277.10,247.10,0.1146,0.0345,0.0353,0.6744
21-MAR-2025,526977,10.33,10.33,0.0000,0.0044,0.0044,0.0841
21-MAR-2025,526981,150.40,152.40,-0.0132,0.0298,0.0298,0.5693
21-MAR-2025,527005,67.86,67.50,0.0053,0.0372,0.0372,0.7107
21-MAR-2025,530025,37.21,36.57,0.0173,0.0385,0.0385,0.7355
21-MAR-2025,530027,5.99,6.20,-0.0345,0.0486,0.0486,0.9285
21-MAR-2025,530037,58.61,57.47,0.0196,0.0229,0.0229,0.4375
21-MAR-2025,530043,230.00,228.35,0.0072,0.0324,0.0324,0.6190
21-MAR-2025,530045,33.99,34.61,-0.0181,0.0313,0.0312,0.5961
21-MAR-2025,530053,5.88,5.85,0.0051,0.0325,0.0324,0.6190
21-MAR-2025,530055,60.21,60.21,0.0000,0.0264,0.0263,0.5025
21-MAR-2025,530057,2.15,2.15,0.0000,0.0304,0.0303,0.5789
21-MAR-2025,530063,8.96,8.54,0.0480,0.0331,0.0332,0.6343
21-MAR-2025,530065,14.85,14.85,0.0000,0.0324,0.0323,0.6171
21-MAR-2025,530077,109.35,111.40,-0.0186,0.0274,0.0273,0.5216
21-MAR-2025,530093,3.26,3.26,0.0000,0.0084,0.0083,0.1586
21-MAR-2025,530095,0.59,0.60,-0.0168,0.2363,0.2357,4.5030
21-MAR-2025,530109,1.64,1.64,0.0000,0.0325,0.0324,0.6190
21-MAR-2025,530111,28.99,28.90,0.0031,0.0311,0.0310,0.5923
21-MAR-2025,530119,41.81,41.00,0.0196,0.0361,0.0360,0.6878
21-MAR-2025,530125,324.30,323.35,0.0029,0.0301,0.0300,0.5731
21-MAR-2025,530127,22.22,22.14,0.0036,0.0416,0.0415,0.7929
21-MAR-2025,530129,1528.15,1423.90,0.0707,0.0366,0.0369,0.7050
21-MAR-2025,530133,71.40,74.00,-0.0358,0.0378,0.0378,0.7222
21-MAR-2025,530139,22.07,21.92,0.0068,0.0415,0.0414,0.7909
21-MAR-2025,530141,41.00,41.00,0.0000,0.0280,0.0279,0.5330
21-MAR-2025,530145,42.87,41.75,0.0265,0.0307,0.0307,0.5865
21-MAR-2025,530161,13.44,13.44,0.0000,0.0195,0.0195,0.3725
21-MAR-2025,530163,388.90,370.40,0.0487,0.0328,0.0329,0.6286
21-MAR-2025,530167,19.93,19.89,0.0020,0.0373,0.0372,0.7107
21-MAR-2025,530169,28.89,29.10,-0.0072,0.0324,0.0323,0.6171
21-MAR-2025,530171,44.30,44.37,-0.0016,0.0367,0.0366,0.6992
21-MAR-2025,530173,12.56,12.56,0.0000,0.0309,0.0308,0.5884
21-MAR-2025,530175,89.50,89.03,0.0053,0.0397,0.0396,0.7566
21-MAR-2025,530179,25.76,24.54,0.0485,0.0244,0.0246,0.4700
21-MAR-2025,530185,6.75,6.65,0.0149,0.0246,0.0246,0.4700
21-MAR-2025,530187,2.83,2.80,0.0107,0.0435,0.0434,0.8292
21-MAR-2025,530197,138.45,132.00,0.0477,0.0368,0.0368,0.7031
21-MAR-2025,530201,4.04,4.03,0.0025,0.0355,0.0354,0.6763
21-MAR-2025,530207,16.19,16.99,-0.0482,0.0350,0.0351,0.6706
21-MAR-2025,530213,55.66,57.60,-0.0343,0.0357,0.0357,0.6820
21-MAR-2025,530215,127.55,131.15,-0.0278,0.0261,0.0261,0.4986
21-MAR-2025,530217,15.05,15.02,0.0020,0.0152,0.0152,0.2904
21-MAR-2025,530231,77.67,76.15,0.0198,0.0253,0.0252,0.4814
21-MAR-2025,530233,234.00,240.00,-0.0253,0.0347,0.0347,0.6629
21-MAR-2025,530235,95.76,95.31,0.0047,0.0417,0.0416,0.7948
21-MAR-2025,530245,500.50,500.70,-0.0004,0.0292,0.0292,0.5579
21-MAR-2025,530249,10.50,10.68,-0.0170,0.0299,0.0299,0.5712
21-MAR-2025,530251,1.00,1.02,-0.0198,0.0293,0.0292,0.5579
21-MAR-2025,530253,215.05,210.85,0.0197,0.0340,0.0339,0.6477
21-MAR-2025,530255,23.01,23.27,-0.0112,0.0366,0.0366,0.6992
21-MAR-2025,530259,40.35,39.82,0.0132,0.0347,0.0347,0.6629
21-MAR-2025,530263,0.73,0.74,-0.0136,0.0319,0.0319,0.6094
21-MAR-2025,530265,40.36,39.80,0.0140,0.0400,0.0399,0.7623
21-MAR-2025,530267,72.45,69.00,0.0488,0.0342,0.0343,0.6553
21-MAR-2025,530271,11.99,12.53,-0.0441,0.0289,0.0290,0.5540
21-MAR-2025,530281,31.00,31.90,-0.0286,0.0348,0.0348,0.6649
21-MAR-2025,530289,43.99,47.88,-0.0847,0.0429,0.0432,0.8253
21-MAR-2025,530291,44.48,42.58,0.0437,0.0299,0.0299,0.5712
21-MAR-2025,530295,32.29,32.29,0.0000,0.0232,0.0231,0.4413
21-MAR-2025,530305,635.00,632.45,0.0040,0.0354,0.0354,0.6763
21-MAR-2025,530309,18.65,19.44,-0.0415,0.0275,0.0276,0.5273
21-MAR-2025,530313,44.53,46.00,-0.0325,0.0359,0.0359,0.6859
21-MAR-2025,530315,151.65,148.80,0.0190,0.0325,0.0325,0.6209
21-MAR-2025,530317,94.90,95.13,-0.0024,0.0297,0.0297,0.5674
21-MAR-2025,530331,430.00,397.10,0.0796,0.0318,0.0322,0.6152
21-MAR-2025,530341,130.55,138.00,-0.0555,0.0358,0.0359,0.6859
21-MAR-2025,530357,6.33,6.14,0.0305,0.0338,0.0337,0.6438
21-MAR-2025,530361,121.00,117.05,0.0332,0.0305,0.0305,0.5827
21-MAR-2025,530369,46.95,45.78,0.0252,0.0351,0.0350,0.6687
21-MAR-2025,530401,68.90,66.57,0.0344,0.0298,0.0298,0.5693
21-MAR-2025,530405,44.86,44.62,0.0054,0.0360,0.0360,0.6878
21-MAR-2025,530407,43.90,41.81,0.0488,0.0333,0.0334,0.6381
21-MAR-2025,530419,72.86,71.45,0.0195,0.0328,0.0328,0.6266
21-MAR-2025,530421,12.00,11.71,0.0245,0.0356,0.0356,0.6801
21-MAR-2025,530427,67.30,69.75,-0.0358,0.0354,0.0354,0.6763
21-MAR-2025,530429,47.00,47.00,0.0000,0.0421,0.0420,0.8024
21-MAR-2025,530433,40.04,40.40,-0.0090,0.0312,0.0311,0.5942
21-MAR-2025,530439,8.07,7.77,0.0379,0.0387,0.0387,0.7394
21-MAR-2025,530443,6.80,7.03,-0.0333,0.0425,0.0424,0.8101
21-MAR-2025,530445,2.00,2.12,-0.0583,0.0344,0.0346,0.6610
21-MAR-2025,530449,70.52,70.00,0.0074,0.0376,0.0375,0.7164
21-MAR-2025,530457,81.41,83.91,-0.0302,0.0267,0.0267,0.5101
21-MAR-2025,530459,25.49,26.13,-0.0248,0.0346,0.0346,0.6610
21-MAR-2025,530461,18.53,18.66,-0.0070,0.0379,0.0378,0.7222
21-MAR-2025,530469,21.95,21.52,0.0198,0.0326,0.0326,0.6228
21-MAR-2025,530475,985.80,984.05,0.0018,0.0358,0.0357,0.6820
21-MAR-2025,530477,176.40,177.95,-0.0087,0.0285,0.0285,0.5445
21-MAR-2025,530495,72.69,73.80,-0.0152,0.0293,0.0292,0.5579
21-MAR-2025,530499,1061.90,1094.90,-0.0306,0.0274,0.0274,0.5235
21-MAR-2025,530521,331.00,325.35,0.0172,0.0341,0.0341,0.6515
21-MAR-2025,530525,8.38,8.31,0.0084,0.0391,0.0390,0.7451
21-MAR-2025,530533,127.00,127.50,-0.0039,0.0402,0.0401,0.7661
21-MAR-2025,530537,53.82,53.82,0.0000,0.0210,0.0209,0.3993
21-MAR-2025,530545,244.65,237.00,0.0318,0.0315,0.0315,0.6018
21-MAR-2025,530547,15.41,15.41,0.0000,0.0287,0.0286,0.5464
21-MAR-2025,530557,0.69,0.69,0.0000,0.0307,0.0307,0.5865
21-MAR-2025,530565,57.40,58.57,-0.0202,0.0334,0.0333,0.6362
21-MAR-2025,530571,8.25,8.25,0.0000,0.0376,0.0375,0.7164
21-MAR-2025,530577,47.90,46.40,0.0318,0.0359,0.0359,0.6859
21-MAR-2025,530581,6.84,7.19,-0.0499,0.0343,0.0344,0.6572
21-MAR-2025,530585,129.80,129.95,-0.0012,0.0334,0.0333,0.6362
21-MAR-2025,530589,131.15,130.60,0.0042,0.0288,0.0287,0.5483
21-MAR-2025,530595,9.00,9.31,-0.0339,0.0423,0.0422,0.8062
21-MAR-2025,530601,52.01,51.20,0.0157,0.0271,0.0270,0.5158
21-MAR-2025,530615,185.80,179.00,0.0373,0.0349,0.0349,0.6668
21-MAR-2025,530617,26.40,25.54,0.0331,0.0354,0.0354,0.6763
21-MAR-2025,530621,103.05,99.60,0.0341,0.0302,0.0302,0.5770
21-MAR-2025,530627,138.80,140.70,-0.0136,0.0356,0.0356,0.6801
21-MAR-2025,530643,655.60,624.40,0.0488,0.0332,0.0333,0.6362
21-MAR-2025,530663,1.52,1.52,0.0000,0.0277,0.0276,0.5273
21-MAR-2025,530665,4.92,4.99,-0.0141,0.0272,0.0272,0.5197
21-MAR-2025,530669,194.90,190.40,0.0234,0.0385,0.0385,0.7355
21-MAR-2025,530675,46.00,46.00,0.0000,0.0312,0.0311,0.5942
21-MAR-2025,530689,33.65,32.64,0.0305,0.0328,0.0328,0.6266
21-MAR-2025,530695,41.30,41.74,-0.0106,0.0412,0.0411,0.7852
21-MAR-2025,530697,31.79,31.03,0.0242,0.0315,0.0314,0.5999
21-MAR-2025,530705,103.40,107.95,-0.0431,0.0235,0.0237,0.4528
21-MAR-2025,530709,65.53,63.00,0.0394,0.0440,0.0440,0.8406
21-MAR-2025,530711,67.38,64.62,0.0418,0.0315,0.0315,0.6018
21-MAR-2025,530723,103.00,102.55,0.0044,0.0346,0.0346,0.6610
21-MAR-2025,530733,15.76,15.01,0.0488,0.0544,0.0544,1.0393
21-MAR-2025,530735,28.03,28.01,0.0007,0.0377,0.0376,0.7183
21-MAR-2025,530741,63.01,64.15,-0.0179,0.0300,0.0299,0.5712
21-MAR-2025,530747,24.48,23.55,0.0387,0.0394,0.0394,0.7527
21-MAR-2025,530755,10.56,11.65,-0.0982,0.0410,0.0415,0.7929
21-MAR-2025,530765,21.73,21.95,-0.0101,0.0545,0.0544,1.0393
21-MAR-2025,530779,43.70,46.00,-0.0513,0.0312,0.0314,0.5999
21-MAR-2025,530787,57.10,54.39,0.0486,0.0258,0.0260,0.4967
21-MAR-2025,530789,187.40,184.95,0.0132,0.0418,0.0417,0.7967
21-MAR-2025,530795,17.77,18.55,-0.0430,0.0328,0.0329,0.6286
21-MAR-2025,530797,21.10,20.10,0.0486,0.0313,0.0314,0.5999
21-MAR-2025,530799,21.65,22.78,-0.0509,0.0305,0.0307,0.5865
21-MAR-2025,530809,61.24,62.52,-0.0207,0.0357,0.0356,0.6801
21-MAR-2025,530821,17.25,17.62,-0.0212,0.0429,0.0428,0.8177
21-MAR-2025,530825,191.55,192.55,-0.0052,0.0330,0.0329,0.6286
21-MAR-2025,530829,45.97,42.89,0.0694,0.0329,0.0332,0.6343
21-MAR-2025,530839,5.42,5.19,0.0434,0.0418,0.0418,0.7986
21-MAR-2025,530845,778.50,773.05,0.0070,0.0306,0.0306,0.5846
21-MAR-2025,530853,99.00,99.70,-0.0070,0.0356,0.0355,0.6782
21-MAR-2025,530855,8.33,8.33,0.0000,0.0011,0.0011,0.0210
21-MAR-2025,530879,30.58,30.81,-0.0075,0.0347,0.0346,0.6610
21-MAR-2025,530881,14.27,14.69,-0.0290,0.1470,0.1466,2.8008
21-MAR-2025,530883,16.60,16.56,0.0024,0.0366,0.0365,0.6973
21-MAR-2025,530897,173.55,170.00,0.0207,0.0308,0.0307,0.5865
21-MAR-2025,530899,85.36,81.30,0.0487,0.0328,0.0329,0.6286
21-MAR-2025,530909,130.65,130.65,0.0000,0.0232,0.0232,0.4432
21-MAR-2025,530917,50.24,50.24,0.0000,0.0182,0.0182,0.3477
21-MAR-2025,530921,9.18,8.75,0.0480,0.0325,0.0326,0.6228
21-MAR-2025,530925,54.42,54.15,0.0050,0.0293,0.0293,0.5598
21-MAR-2025,530927,27.67,27.67,0.0000,0.0042,0.0042,0.0802
21-MAR-2025,530929,40.11,38.20,0.0488,0.0202,0.0205,0.3917
21-MAR-2025,530931,16.50,15.99,0.0314,0.0318,0.0318,0.6075
21-MAR-2025,530951,71.34,72.27,-0.0130,0.0329,0.0328,0.6266
21-MAR-2025,530953,102.75,108.00,-0.0498,0.0320,0.0321,0.6133
21-MAR-2025,530959,29.83,30.64,-0.0268,0.0334,0.0334,0.6381
21-MAR-2025,530973,80.00,80.37,-0.0046,0.0402,0.0401,0.7661
21-MAR-2025,530977,150.15,152.00,-0.0122,0.0318,0.0317,0.6056
21-MAR-2025,530979,32.19,31.45,0.0233,0.0232,0.0232,0.4432
21-MAR-2025,530991,56.90,58.00,-0.0191,0.0399,0.0398,0.7604
21-MAR-2025,530997,149.75,140.20,0.0659,0.0344,0.0347,0.6629
21-MAR-2025,531003,68.00,73.98,-0.0843,0.0412,0.0415,0.7929
21-MAR-2025,531015,25.87,25.37,0.0195,0.0206,0.0206,0.3936
21-MAR-2025,531017,29.94,29.26,0.0230,0.0388,0.0388,0.7413
21-MAR-2025,531025,0.61,0.59,0.0333,0.0276,0.0276,0.5273
21-MAR-2025,531027,20.50,20.45,0.0024,0.0341,0.0340,0.6496
21-MAR-2025,531035,72.32,72.68,-0.0050,0.1373,0.1370,2.6174
21-MAR-2025,531041,408.25,412.90,-0.0113,0.0246,0.0246,0.4700
21-MAR-2025,531043,20.66,19.68,0.0486,0.0414,0.0414,0.7909
21-MAR-2025,531049,13.00,13.00,0.0000,0.0325,0.0324,0.6190
21-MAR-2025,531051,14.20,14.00,0.0142,0.0341,0.0340,0.6496
21-MAR-2025,531065,5.39,5.39,0.0000,0.0048,0.0048,0.0917
21-MAR-2025,531067,29.71,30.49,-0.0259,0.0349,0.0349,0.6668
21-MAR-2025,531069,958.25,962.15,-0.0041,0.0251,0.0250,0.4776
21-MAR-2025,531080,33.50,33.11,0.0117,0.0375,0.0374,0.7145
21-MAR-2025,531083,5.11,4.88,0.0461,0.0409,0.0409,0.7814
21-MAR-2025,531091,33.00,33.23,-0.0069,0.0431,0.0430,0.8215
21-MAR-2025,531099,15.61,16.38,-0.0481,0.0332,0.0333,0.6362
21-MAR-2025,531109,42.89,37.01,0.1475,0.0305,0.0322,0.6152
21-MAR-2025,531111,46.30,44.10,0.0487,0.0337,0.0338,0.6457
21-MAR-2025,531119,281.10,275.60,0.0198,0.0313,0.0312,0.5961
21-MAR-2025,531126,36.04,36.77,-0.0201,0.0245,0.0245,0.4681
21-MAR-2025,531127,7.28,7.28,0.0000,0.0604,0.0602,1.1501
21-MAR-2025,531129,19.38,18.64,0.0389,0.0346,0.0346,0.6610
21-MAR-2025,531137,2.32,2.34,-0.0086,0.0347,0.0346,0.6610
21-MAR-2025,531144,22.92,23.20,-0.0121,0.0331,0.0331,0.6324
21-MAR-2025,531153,1.73,1.73,0.0000,0.0345,0.0344,0.6572
21-MAR-2025,531155,9.49,9.98,-0.0503,0.0305,0.0306,0.5846
21-MAR-2025,531156,13.38,13.34,0.0030,0.0326,0.0325,0.6209
21-MAR-2025,531157,13.10,13.10,0.0000,0.0344,0.0343,0.6553
21-MAR-2025,531158,25.51,25.49,0.0008,0.0338,0.0337,0.6438
21-MAR-2025,531161,155.25,157.05,-0.0115,0.0382,0.0381,0.7279
21-MAR-2025,531163,78.00,76.11,0.0245,0.0329,0.0328,0.6266
21-MAR-2025,531168,231.90,231.90,0.0000,0.0276,0.0275,0.5254
21-MAR-2025,531169,121.85,116.10,0.0483,0.0403,0.0403,0.7699
21-MAR-2025,531173,40.06,38.16,0.0486,0.0302,0.0303,0.5789
21-MAR-2025,531176,16.38,16.25,0.0080,0.0384,0.0383,0.7317
21-MAR-2025,531178,21.75,21.78,-0.0014,0.0324,0.0323,0.6171
21-MAR-2025,531190,55.87,53.75,0.0387,0.0251,0.0252,0.4814
21-MAR-2025,531199,141.20,145.95,-0.0331,0.0352,0.0352,0.6725
21-MAR-2025,531201,5688.30,5468.85,0.0393,0.0355,0.0355,0.6782
21-MAR-2025,531203,66.77,66.77,0.0000,0.0185,0.0184,0.3515
21-MAR-2025,531205,4.89,4.86,0.0062,0.1247,0.1244,2.3767
21-MAR-2025,531210,76.63,72.99,0.0487,0.0371,0.0371,0.7088
21-MAR-2025,531212,67.03,69.96,-0.0428,0.0369,0.0369,0.7050
21-MAR-2025,531215,166.10,166.10,0.0000,0.0385,0.0384,0.7336
21-MAR-2025,531216,11.42,10.40,0.0936,0.0359,0.0365,0.6973
21-MAR-2025,531219,3.80,3.80,0.0000,0.0247,0.0246,0.4700
21-MAR-2025,531221,10.97,11.52,-0.0489,0.0441,0.0441,0.8425
21-MAR-2025,531223,49.87,50.76,-0.0177,0.0351,0.0350,0.6687
21-MAR-2025,531227,65.10,65.70,-0.0092,0.0454,0.0453,0.8655
21-MAR-2025,531228,12.25,12.49,-0.0194,0.0172,0.0172,0.3286
21-MAR-2025,531233,18.88,19.00,-0.0063,0.0380,0.0379,0.7241
21-MAR-2025,531234,93.50,91.02,0.0269,0.0318,0.0318,0.6075
21-MAR-2025,531235,21.70,22.70,-0.0451,0.0324,0.0325,0.6209
21-MAR-2025,531237,228.60,233.25,-0.0201,0.0351,0.0351,0.6706
21-MAR-2025,531240,12.43,11.84,0.0486,0.0282,0.0283,0.5407
21-MAR-2025,531246,23.47,24.70,-0.0511,0.0410,0.0410,0.7833
21-MAR-2025,531253,401.60,402.35,-0.0019,0.0226,0.0226,0.4318
21-MAR-2025,531254,24.65,240.25,-2.2769,0.0385,0.1655,3.1619
21-MAR-2025,531255,59.49,54.80,0.0821,0.0384,0.0387,0.7394
21-MAR-2025,531257,19.45,19.42,0.0015,0.0335,0.0334,0.6381
21-MAR-2025,531259,10.95,11.44,-0.0438,0.0370,0.0370,0.7069
21-MAR-2025,531260,629.95,621.10,0.0141,0.0358,0.0357,0.6820
21-MAR-2025,531262,25.41,24.20,0.0488,0.0049,0.0059,0.1127
21-MAR-2025,531268,25.16,25.76,-0.0236,0.0336,0.0336,0.6419
21-MAR-2025,531272,22.02,21.59,0.0197,0.0169,0.0169,0.3229
21-MAR-2025,531273,1.77,1.78,-0.0056,0.0327,0.0327,0.6247
21-MAR-2025,531278,139.05,132.45,0.0486,0.0392,0.0393,0.7508
21-MAR-2025,531279,136.25,139.85,-0.0261,0.0612,0.0611,1.1673
21-MAR-2025,531280,15.57,16.38,-0.0507,0.0377,0.0378,0.7222
21-MAR-2025,531281,133.00,127.90,0.0391,0.0315,0.0316,0.6037
21-MAR-2025,531283,14.52,14.52,0.0000,0.0285,0.0284,0.5426
21-MAR-2025,531286,52.34,51.32,0.0197,0.0212,0.0211,0.4031
21-MAR-2025,531287,240.25,228.85,0.0486,0.0334,0.0335,0.6400
21-MAR-2025,531288,24.25,23.10,0.0486,0.0311,0.0312,0.5961
21-MAR-2025,531289,119.50,119.30,0.0017,0.0338,0.0337,0.6438
21-MAR-2025,531297,63.52,61.56,0.0313,0.0274,0.0274,0.5235
21-MAR-2025,531300,3.68,3.56,0.0332,0.0340,0.0340,0.6496
21-MAR-2025,531301,157.90,157.90,0.0000,0.0278,0.0278,0.5311
21-MAR-2025,531304,18.90,18.90,0.0000,0.0391,0.0390,0.7451
21-MAR-2025,531306,545.70,530.10,0.0290,0.0286,0.0286,0.5464
21-MAR-2025,531307,19.05,18.94,0.0058,0.0306,0.0305,0.5827
21-MAR-2025,531310,211.95,214.45,-0.0117,0.0368,0.0367,0.7012
21-MAR-2025,531314,15.95,15.95,0.0000,0.0390,0.0389,0.7432
21-MAR-2025,531319,16.91,16.11,0.0485,0.0256,0.0258,0.4929
21-MAR-2025,531323,14.31,14.31,0.0000,0.0351,0.0350,0.6687
21-MAR-2025,531324,29.68,31.20,-0.0499,0.0305,0.0306,0.5846
21-MAR-2025,531328,1.52,1.45,0.0471,0.0344,0.0345,0.6591
21-MAR-2025,531337,3.21,3.13,0.0252,0.0282,0.0281,0.5368
21-MAR-2025,531338,18.84,18.84,0.0000,0.0363,0.0362,0.6916
21-MAR-2025,531340,75.78,75.62,0.0021,0.0363,0.0362,0.6916
21-MAR-2025,531341,17.52,17.40,0.0069,0.0354,0.0353,0.6744
21-MAR-2025,531346,34.99,32.42,0.0763,0.0313,0.0317,0.6056
21-MAR-2025,531352,19.67,20.00,-0.0166,0.0366,0.0365,0.6973
21-MAR-2025,531357,60.53,62.79,-0.0367,0.0380,0.0380,0.7260
21-MAR-2025,531359,403.75,407.00,-0.0080,0.0336,0.0335,0.6400
21-MAR-2025,531360,27.44,26.14,0.0485,0.0398,0.0398,0.7604
21-MAR-2025,531364,110.10,109.00,0.0100,0.0317,0.0316,0.6037
21-MAR-2025,531370,9.98,10.14,-0.0159,0.0327,0.0326,0.6228
21-MAR-2025,531380,106.20,106.30,-0.0009,0.0462,0.0461,0.8807
21-MAR-2025,531381,785.40,788.30,-0.0037,0.0302,0.0301,0.5751
21-MAR-2025,531387,6.47,6.60,-0.0199,0.0141,0.0141,0.2694
21-MAR-2025,531390,90.05,88.28,0.0199,0.0312,0.0312,0.5961
21-MAR-2025,531395,91.25,94.75,-0.0376,0.0600,0.0599,1.1444
21-MAR-2025,531396,5.53,5.74,-0.0373,0.0272,0.0273,0.5216
21-MAR-2025,531397,25.70,27.00,-0.0493,0.0283,0.0285,0.5445
21-MAR-2025,531398,152.00,143.55,0.0572,0.0412,0.0413,0.7890
21-MAR-2025,531399,193.85,195.50,-0.0085,0.0361,0.0360,0.6878
21-MAR-2025,531402,16.32,15.75,0.0356,0.0372,0.0372,0.7107
21-MAR-2025,531406,11.85,11.85,0.0000,0.0330,0.0329,0.6286
21-MAR-2025,531409,12.75,12.89,-0.0109,0.0305,0.0304,0.5808
21-MAR-2025,531411,1.45,1.44,0.0069,0.0299,0.0298,0.5693
21-MAR-2025,531412,168.30,170.80,-0.0147,0.0282,0.0281,0.5368
21-MAR-2025,531413,31.33,31.33,0.0000,0.0341,0.0340,0.6496
21-MAR-2025,531416,36.76,37.86,-0.0295,0.0385,0.0384,0.7336
21-MAR-2025,531417,1.79,1.81,-0.0111,0.0433,0.0432,0.8253
21-MAR-2025,531432,8.30,8.50,-0.0238,0.0572,0.0571,1.0909
21-MAR-2025,531433,3.00,3.00,0.0000,0.0364,0.0363,0.6935
21-MAR-2025,531436,6.50,6.46,0.0062,0.0306,0.0305,0.5827
21-MAR-2025,531437,28.21,27.51,0.0251,0.0333,0.0333,0.6362
21-MAR-2025,531441,39.96,40.77,-0.0201,0.0204,0.0204,0.3897
21-MAR-2025,531444,8.86,8.44,0.0486,0.0344,0.0345,0.6591
21-MAR-2025,531454,33.67,34.67,-0.0293,0.0326,0.0326,0.6228
21-MAR-2025,531456,1.80,1.81,-0.0055,0.0342,0.0341,0.6515
21-MAR-2025,531458,20.90,16.76,0.2208,0.0000,0.0156,0.2980
21-MAR-2025,531460,9.79,9.38,0.0428,0.0394,0.0394,0.7527
21-MAR-2025,531465,0.49,0.49,0.0000,0.0119,0.0119,0.2273
21-MAR-2025,531471,15.49,15.67,-0.0116,0.0371,0.0370,0.7069
21-MAR-2025,531472,27.38,27.00,0.0140,0.0404,0.0403,0.7699
21-MAR-2025,531486,2.50,2.39,0.0450,0.0241,0.0243,0.4643
21-MAR-2025,531489,296.95,290.35,0.0225,0.0310,0.0310,0.5923
21-MAR-2025,531499,7.30,7.16,0.0194,0.0371,0.0370,0.7069
21-MAR-2025,531502,10.28,10.08,0.0196,0.0168,0.0168,0.3210
21-MAR-2025,531503,33.70,32.97,0.0219,0.0363,0.0363,0.6935
21-MAR-2025,531505,27.56,26.25,0.0487,0.0263,0.0265,0.5063
21-MAR-2025,531506,33.71,37.38,-0.1033,0.0327,0.0334,0.6381
21-MAR-2025,531509,33.44,30.40,0.0953,0.0408,0.0413,0.7890
21-MAR-2025,531512,24.04,22.99,0.0447,0.0328,0.0329,0.6286
21-MAR-2025,531518,0.39,0.40,-0.0253,0.0558,0.0557,1.0641
21-MAR-2025,531521,30.13,30.13,0.0000,0.0170,0.0170,0.3248
21-MAR-2025,531525,321.75,318.55,0.0100,0.0417,0.0416,0.7948
21-MAR-2025,531529,3.41,3.25,0.0481,0.0287,0.0289,0.5521
21-MAR-2025,531533,74.24,78.14,-0.0512,0.0328,0.0329,0.6286
21-MAR-2025,531537,117.55,115.25,0.0198,0.0152,0.0153,0.2923
21-MAR-2025,531539,44.49,45.30,-0.0180,0.0361,0.0361,0.6897
21-MAR-2025,531540,13.86,13.77,0.0065,0.0329,0.0328,0.6266
21-MAR-2025,531541,2.85,2.72,0.0467,0.0341,0.0342,0.6534
21-MAR-2025,531550,170.70,170.80,-0.0006,0.0353,0.0352,0.6725
21-MAR-2025,531552,18.40,17.84,0.0309,0.0359,0.0359,0.6859
21-MAR-2025,531553,22.46,21.85,0.0275,0.0388,0.0387,0.7394
21-MAR-2025,531568,6.80,6.75,0.0074,0.0270,0.0270,0.5158
21-MAR-2025,531569,266.15,258.15,0.0305,0.0297,0.0297,0.5674
21-MAR-2025,531578,9.90,10.39,-0.0483,0.0394,0.0394,0.7527
21-MAR-2025,531582,33.16,31.59,0.0485,0.0373,0.0374,0.7145
21-MAR-2025,531583,28.47,27.72,0.0267,0.0374,0.0373,0.7126
21-MAR-2025,531585,8.67,8.67,0.0000,0.0332,0.0331,0.6324
21-MAR-2025,531591,17.78,18.17,-0.0217,0.0244,0.0244,0.4662
21-MAR-2025,531592,2.05,2.04,0.0049,0.0380,0.0379,0.7241
21-MAR-2025,531594,12.54,11.96,0.0474,0.0373,0.0373,0.7126
21-MAR-2025,531600,111.80,111.80,0.0000,0.0381,0.0380,0.7260
21-MAR-2025,531608,88.94,88.00,0.0106,0.0353,0.0352,0.6725
21-MAR-2025,531609,256.95,264.95,-0.0307,0.0317,0.0317,0.6056
21-MAR-2025,531613,1.39,1.37,0.0145,0.0332,0.0331,0.6324
21-MAR-2025,531616,98.00,98.00,0.0000,0.0301,0.0300,0.5731
21-MAR-2025,531626,3.85,3.87,-0.0052,0.0334,0.0334,0.6381
21-MAR-2025,531628,34.50,36.06,-0.0442,0.0280,0.0281,0.5368
21-MAR-2025,531635,163.00,155.90,0.0445,0.0288,0.0289,0.5521
21-MAR-2025,531637,486.25,490.10,-0.0079,0.0293,0.0292,0.5579
21-MAR-2025,531640,25.95,25.95,0.0000,0.0135,0.0135,0.2579
21-MAR-2025,531644,35.11,33.44,0.0487,0.0361,0.0361,0.6897
21-MAR-2025,531651,57.95,55.00,0.0522,0.0346,0.0347,0.6629
21-MAR-2025,531652,98.80,96.20,0.0267,0.0321,0.0321,0.6133
21-MAR-2025,531661,12.40,12.29,0.0089,0.0409,0.0408,0.7795
21-MAR-2025,531663,12.70,12.46,0.0191,0.0213,0.0213,0.4069
21-MAR-2025,531667,41.00,41.80,-0.0193,0.0360,0.0359,0.6859
21-MAR-2025,531668,3.19,3.10,0.0286,0.0429,0.0428,0.8177
21-MAR-2025,531672,25.29,26.00,-0.0277,0.0309,0.0309,0.5903
21-MAR-2025,531673,20.48,19.51,0.0485,0.0359,0.0360,0.6878
21-MAR-2025,531677,230.00,225.50,0.0198,0.0180,0.0180,0.3439
21-MAR-2025,531681,0.90,0.93,-0.0328,0.0335,0.0335,0.6400
21-MAR-2025,531688,154.35,149.00,0.0353,0.0335,0.0335,0.6400
21-MAR-2025,531692,3.26,3.11,0.0471,0.0273,0.0274,0.5235
21-MAR-2025,531694,37.40,37.40,0.0000,0.0350,0.0349,0.6668
21-MAR-2025,531716,1.80,1.75,0.0282,0.0409,0.0409,0.7814
21-MAR-2025,531726,159.45,159.20,0.0016,0.0324,0.0324,0.6190
21-MAR-2025,531727,56.57,54.57,0.0360,0.0260,0.0260,0.4967
21-MAR-2025,531735,42.00,42.00,0.0000,0.0161,0.0160,0.3057
21-MAR-2025,531737,0.72,0.73,-0.0138,0.0124,0.0124,0.2369
21-MAR-2025,531739,14.22,14.77,-0.0379,0.0356,0.0356,0.6801
21-MAR-2025,531743,127.82,121.74,0.0487,0.0147,0.0151,0.2885
21-MAR-2025,531744,91.13,84.87,0.0712,0.0408,0.0410,0.7833
21-MAR-2025,531752,1.01,1.02,-0.0099,0.0315,0.0314,0.5999
21-MAR-2025,531758,18.90,18.90,0.0000,0.0324,0.0324,0.6190
21-MAR-2025,531762,23.70,23.37,0.0140,0.0399,0.0398,0.7604
21-MAR-2025,531771,132.45,120.45,0.0950,0.0265,0.0273,0.5216
21-MAR-2025,531778,26.35,26.48,-0.0049,0.0416,0.0415,0.7929
21-MAR-2025,531779,19.50,19.98,-0.0243,0.0412,0.0412,0.7871
21-MAR-2025,531780,5.30,5.19,0.0210,0.0284,0.0283,0.5407
21-MAR-2025,531784,1.45,1.38,0.0495,0.0312,0.0313,0.5980
21-MAR-2025,531797,63.65,67.00,-0.0513,0.0292,0.0293,0.5598
21-MAR-2025,531802,25.60,25.97,-0.0143,0.0346,0.0345,0.6591
21-MAR-2025,531810,69.88,66.89,0.0437,0.0321,0.0322,0.6152
21-MAR-2025,531812,0.80,0.80,0.0000,0.0298,0.0298,0.5693
21-MAR-2025,531813,97.20,97.20,0.0000,0.0332,0.0332,0.6343
21-MAR-2025,531814,14.37,14.20,0.0119,0.0401,0.0400,0.7642
21-MAR-2025,531821,52.31,55.05,-0.0511,0.0313,0.0314,0.5999
21-MAR-2025,531822,184.05,184.90,-0.0046,0.0379,0.0378,0.7222
21-MAR-2025,531832,48.81,47.86,0.0197,0.0309,0.0309,0.5903
21-MAR-2025,531834,10.55,11.10,-0.0508,0.0477,0.0477,0.9113
21-MAR-2025,531840,14.67,14.96,-0.0196,0.0326,0.0325,0.6209
21-MAR-2025,531841,35.70,35.27,0.0121,0.0344,0.0343,0.6553
21-MAR-2025,531842,35.03,34.75,0.0080,0.0314,0.0314,0.5999
21-MAR-2025,531846,12.18,13.00,-0.0652,0.0414,0.0416,0.7948
21-MAR-2025,531847,750.00,718.00,0.0436,0.0224,0.0225,0.4299
21-MAR-2025,531859,174.85,175.70,-0.0048,0.0357,0.0356,0.6801
21-MAR-2025,531861,40.92,40.98,-0.0015,0.0299,0.0298,0.5693
21-MAR-2025,531862,42.93,37.90,0.1246,0.0274,0.0287,0.5483
21-MAR-2025,531867,4.80,4.80,0.0000,0.0408,0.0407,0.7776
21-MAR-2025,531869,4.11,4.05,0.0147,0.0313,0.0312,0.5961
21-MAR-2025,531870,20.00,20.00,0.0000,0.0346,0.0345,0.6591
21-MAR-2025,531878,12.79,12.32,0.0374,0.0367,0.0367,0.7012
21-MAR-2025,531885,8.13,8.13,0.0000,0.0006,0.0006,0.0115
21-MAR-2025,531888,97.43,93.05,0.0460,0.0300,0.0301,0.5751
21-MAR-2025,531889,23.71,24.67,-0.0397,0.0320,0.0321,0.6133
21-MAR-2025,531893,0.58,0.59,-0.0171,0.0315,0.0315,0.6018
21-MAR-2025,531900,27.74,28.63,-0.0316,0.0369,0.0368,0.7031
21-MAR-2025,531902,17.99,17.84,0.0084,0.0453,0.0452,0.8635
21-MAR-2025,531909,2.57,2.56,0.0039,0.0355,0.0354,0.6763
21-MAR-2025,531910,241.40,236.00,0.0226,0.0309,0.0309,0.5903
21-MAR-2025,531911,43.12,43.12,0.0000,0.0334,0.0333,0.6362
21-MAR-2025,531913,6.79,6.70,0.0133,0.0311,0.0310,0.5923
21-MAR-2025,531918,104.00,106.10,-0.0200,0.0253,0.0252,0.4814
21-MAR-2025,531923,97.04,98.00,-0.0098,0.0322,0.0321,0.6133
21-MAR-2025,531925,1.59,1.48,0.0717,0.0471,0.0472,0.9018
21-MAR-2025,531928,12.60,12.60,0.0000,0.0156,0.0156,0.2980
21-MAR-2025,531929,5.59,5.70,-0.0195,0.0364,0.0364,0.6954
21-MAR-2025,531930,31.61,30.53,0.0348,0.0361,0.0361,0.6897
21-MAR-2025,531931,228.10,232.75,-0.0202,0.0339,0.0338,0.6457
21-MAR-2025,531944,13.51,13.80,-0.0212,0.0372,0.0371,0.7088
21-MAR-2025,531950,4.86,4.87,-0.0021,0.0340,0.0339,0.6477
21-MAR-2025,531952,73.81,72.79,0.0139,0.0324,0.0323,0.6171
21-MAR-2025,531959,3.46,3.30,0.0473,0.0324,0.0325,0.6209
21-MAR-2025,531960,4.25,4.17,0.0190,0.0320,0.0320,0.6114
21-MAR-2025,531962,34.84,33.49,0.0395,0.0410,0.0410,0.7833
21-MAR-2025,531968,74.22,71.40,0.0387,0.0360,0.0360,0.6878
21-MAR-2025,531977,9.20,8.85,0.0388,0.0330,0.0330,0.6305
21-MAR-2025,531979,67.12,67.72,-0.0089,0.0326,0.0325,0.6209
21-MAR-2025,531980,15.27,16.06,-0.0504,0.0255,0.0257,0.4910
21-MAR-2025,531982,28.05,28.18,-0.0046,0.0413,0.0412,0.7871
21-MAR-2025,531991,1.04,1.06,-0.0190,0.0340,0.0340,0.6496
21-MAR-2025,531994,100.00,100.00,0.0000,0.0250,0.0249,0.4757
21-MAR-2025,531996,21.70,21.09,0.0285,0.0339,0.0339,0.6477
21-MAR-2025,531997,110.25,107.90,0.0215,0.0240,0.0239,0.4566
21-MAR-2025,532001,58.50,58.00,0.0086,0.0406,0.0405,0.7738
21-MAR-2025,532005,57.63,59.40,-0.0303,0.0349,0.0349,0.6668
21-MAR-2025,532007,28.11,26.78,0.0485,0.0332,0.0333,0.6362
21-MAR-2025,532011,100.10,101.95,-0.0183,0.0337,0.0337,0.6438
21-MAR-2025,532015,4.78,4.69,0.0190,0.0382,0.0382,0.7298
21-MAR-2025,532016,500.00,501.35,-0.0027,0.0248,0.0248,0.4738
21-MAR-2025,532024,11.27,11.27,0.0000,0.0085,0.0085,0.1624
21-MAR-2025,532039,56.72,56.11,0.0108,0.0288,0.0287,0.5483
21-MAR-2025,532041,7.71,7.71,0.0000,0.0385,0.0384,0.7336
21-MAR-2025,532042,45.00,45.00,0.0000,0.0402,0.0401,0.7661
21-MAR-2025,532053,112.65,108.20,0.0403,0.0350,0.0351,0.6706
21-MAR-2025,532056,42.19,44.40,-0.0511,0.0335,0.0336,0.6419
21-MAR-2025,532057,110.45,108.20,0.0206,0.0348,0.0348,0.6649
21-MAR-2025,532067,1761.05,1767.85,-0.0039,0.0378,0.0377,0.7203
21-MAR-2025,532070,188.00,189.85,-0.0098,0.0302,0.0301,0.5751
21-MAR-2025,532083,3.13,3.13,0.0000,0.0002,0.0002,0.0038
21-MAR-2025,532090,13.45,13.19,0.0195,0.0276,0.0276,0.5273
21-MAR-2025,532092,4.14,4.00,0.0344,0.0317,0.0317,0.6056
21-MAR-2025,532100,9.99,10.15,-0.0159,0.0476,0.0474,0.9056
21-MAR-2025,532102,43.00,44.13,-0.0259,0.0328,0.0328,0.6266
21-MAR-2025,532113,8.33,7.94,0.0480,0.0393,0.0393,0.7508
21-MAR-2025,532123,8.81,8.80,0.0011,0.0361,0.0360,0.6878
21-MAR-2025,532124,20.13,20.00,0.0065,0.0339,0.0339,0.6477
21-MAR-2025,532131,11.06,10.85,0.0192,0.0177,0.0177,0.3382
21-MAR-2025,532145,13.00,12.97,0.0023,0.0310,0.0309,0.5903
21-MAR-2025,532154,0.99,0.99,0.0000,0.0566,0.0565,1.0794
21-MAR-2025,532159,11.28,11.06,0.0197,0.0415,0.0414,0.7909
21-MAR-2025,532160,16.39,16.10,0.0179,0.0303,0.0302,0.5770
21-MAR-2025,532164,1.47,1.40,0.0488,0.0331,0.0332,0.6343
21-MAR-2025,532167,30.00,30.00,0.0000,0.0109,0.0109,0.2082
21-MAR-2025,532183,10.04,10.01,0.0030,0.0341,0.0340,0.6496
21-MAR-2025,532217,17.91,18.75,-0.0458,0.0354,0.0354,0.6763
21-MAR-2025,532230,149.00,149.35,-0.0023,0.0320,0.0320,0.6114
21-MAR-2025,532262,1300.00,1300.00,0.0000,0.0272,0.0272,0.5197
21-MAR-2025,532275,1.25,1.23,0.0161,0.0219,0.0219,0.4184
21-MAR-2025,532284,48.01,46.51,0.0317,0.0317,0.0317,0.6056
21-MAR-2025,532303,6.30,6.01,0.0471,0.0348,0.0348,0.6649
21-MAR-2025,532304,79.15,83.00,-0.0475,0.0374,0.0375,0.7164
21-MAR-2025,532315,6.63,6.45,0.0275,0.0372,0.0372,0.7107
21-MAR-2025,532320,13.00,12.05,0.0759,0.0386,0.0389,0.7432
21-MAR-2025,532323,27.47,27.26,0.0077,0.0270,0.0269,0.5139
21-MAR-2025,532329,939.75,929.55,0.0109,0.0395,0.0394,0.7527
21-MAR-2025,532333,89.28,91.00,-0.0191,0.0330,0.0330,0.6305
21-MAR-2025,532334,104.30,102.95,0.0130,0.0334,0.0334,0.6381
21-MAR-2025,532340,2.99,2.99,0.0000,0.0529,0.0527,1.0068
21-MAR-2025,532344,246.80,244.60,0.0090,0.0333,0.0332,0.6343
21-MAR-2025,532350,4.89,4.80,0.0186,0.0340,0.0340,0.6496
21-MAR-2025,532354,6.86,6.07,0.1223,0.0416,0.0424,0.8101
21-MAR-2025,532355,7.69,7.64,0.0065,0.0351,0.0350,0.6687
21-MAR-2025,532362,117.10,111.55,0.0486,0.0398,0.0399,0.7623
21-MAR-2025,532373,26.87,26.32,0.0207,0.0338,0.0337,0.6438
21-MAR-2025,532378,4.66,4.66,0.0000,0.0284,0.0283,0.5407
21-MAR-2025,532379,8.50,8.40,0.0118,0.0337,0.0336,0.6419
21-MAR-2025,532380,9.54,8.95,0.0638,0.0355,0.0357,0.6820
21-MAR-2025,532384,137.70,137.10,0.0044,0.0238,0.0238,0.4547
21-MAR-2025,532397,11.65,11.10,0.0484,0.0435,0.0435,0.8311
21-MAR-2025,532402,16.73,17.18,-0.0265,0.0323,0.0323,0.6171
21-MAR-2025,532404,46.56,47.11,-0.0117,0.0241,0.0241,0.4604
21-MAR-2025,532410,25.85,25.57,0.0109,0.0340,0.0340,0.6496
21-MAR-2025,532425,28.92,29.95,-0.0350,0.0364,0.0364,0.6954
21-MAR-2025,532435,9.57,9.16,0.0438,0.0284,0.0285,0.5445
21-MAR-2025,532444,1.34,1.41,-0.0509,0.0293,0.0294,0.5617
21-MAR-2025,532455,22.40,22.40,0.0000,0.0352,0.0351,0.6706
21-MAR-2025,532467,46.02,44.71,0.0289,0.0353,0.0352,0.6725
21-MAR-2025,532468,2676.70,2651.75,0.0094,0.0188,0.0188,0.3592
21-MAR-2025,532485,70.20,69.46,0.0106,0.0225,0.0224,0.4280
21-MAR-2025,532503,803.95,788.05,0.0200,0.0250,0.0250,0.4776
21-MAR-2025,532645,3.68,3.73,-0.0135,0.0369,0.0368,0.7031
21-MAR-2025,532656,4.18,4.21,-0.0072,0.0307,0.0306,0.5846
21-MAR-2025,532676,8.59,9.02,-0.0488,0.0360,0.0361,0.6897
21-MAR-2025,532701,10.17,10.20,-0.0029,0.0308,0.0307,0.5865
21-MAR-2025,532723,51.00,50.00,0.0198,0.0389,0.0388,0.7413
21-MAR-2025,532742,3996.60,3794.40,0.0519,0.0182,0.0186,0.3554
21-MAR-2025,532744,9.85,9.00,0.0902,0.0358,0.0363,0.6935
21-MAR-2025,532745,5.93,5.87,0.0102,0.0367,0.0366,0.6992
21-MAR-2025,532766,1.44,1.40,0.0282,0.0353,0.0353,0.6744
21-MAR-2025,532806,42.01,44.92,-0.0670,0.0456,0.0457,0.8731
21-MAR-2025,532820,15.96,15.84,0.0075,0.0337,0.0337,0.6438
21-MAR-2025,532825,8.22,8.54,-0.0382,0.0320,0.0321,0.6133
21-MAR-2025,532829,214.65,208.60,0.0286,0.0321,0.0321,0.6133
21-MAR-2025,532855,172.05,175.50,-0.0199,0.0391,0.0390,0.7451
21-MAR-2025,532879,248.05,255.00,-0.0276,0.0323,0.0323,0.6171
21-MAR-2025,532893,175.55,172.15,0.0196,0.0280,0.0280,0.5349
21-MAR-2025,532911,14.50,14.79,-0.0198,0.0312,0.0312,0.5961
21-MAR-2025,532918,35.70,35.76,-0.0017,0.0361,0.0360,0.6878
21-MAR-2025,532933,44.57,45.01,-0.0098,0.0344,0.0343,0.6553
21-MAR-2025,532957,81.51,79.92,0.0197,0.0340,0.0340,0.6496
21-MAR-2025,532975,9.87,9.40,0.0488,0.0310,0.0312,0.5961
21-MAR-2025,532985,82.41,82.04,0.0045,0.0101,0.0101,0.1930
21-MAR-2025,532992,35.60,36.90,-0.0359,0.0348,0.0348,0.6649
21-MAR-2025,533007,9.53,9.72,-0.0197,0.0287,0.0287,0.5483
21-MAR-2025,533014,62.17,60.82,0.0220,0.0370,0.0369,0.7050
21-MAR-2025,533018,3027.90,3187.25,-0.0513,0.1341,0.1338,2.5562
21-MAR-2025,533019,2075.85,2185.10,-0.0513,0.0328,0.0329,0.6286
21-MAR-2025,533056,44.94,44.82,0.0027,0.0328,0.0327,0.6247
21-MAR-2025,533078,41.00,41.00,0.0000,0.0211,0.0211,0.4031
21-MAR-2025,533095,7355.25,7452.65,-0.0132,0.0185,0.0184,0.3515
21-MAR-2025,533100,4.11,4.32,-0.0498,0.0254,0.0256,0.4891
21-MAR-2025,533101,144.90,145.00,-0.0007,0.0325,0.0324,0.6190
21-MAR-2025,533108,40.40,41.20,-0.0196,0.0408,0.0407,0.7776
21-MAR-2025,533110,14.74,14.80,-0.0041,0.0397,0.0396,0.7566
21-MAR-2025,533149,12.63,12.09,0.0437,0.0410,0.0410,0.7833
21-MAR-2025,533170,142.20,145.00,-0.0195,0.0285,0.0284,0.5426
21-MAR-2025,533202,3.46,3.57,-0.0313,0.0364,0.0364,0.6954
21-MAR-2025,533212,74.17,75.82,-0.0220,0.0309,0.0309,0.5903
21-MAR-2025,533268,7.89,7.95,-0.0076,0.0349,0.0348,0.6649
21-MAR-2025,533285,51.45,53.28,-0.0350,0.0260,0.0260,0.4967
21-MAR-2025,533289,73.40,75.73,-0.0313,0.0359,0.0359,0.6859
21-MAR-2025,533315,79.69,79.10,0.0074,0.0388,0.0387,0.7394
21-MAR-2025,533407,88.00,85.40,0.0300,0.0314,0.0314,0.5999
21-MAR-2025,533427,29.77,30.10,-0.0110,0.0359,0.0358,0.6840
21-MAR-2025,533477,529.10,530.10,-0.0019,0.0233,0.0233,0.4451
21-MAR-2025,533602,1.19,1.20,-0.0084,0.0313,0.0312,0.5961
21-MAR-2025,533608,111.80,111.70,0.0009,0.0335,0.0334,0.6381
21-MAR-2025,533896,24.01,24.49,-0.0198,0.0453,0.0452,0.8635
21-MAR-2025,534060,2.51,2.41,0.0407,0.0374,0.0374,0.7145
21-MAR-2025,534063,57.25,52.35,0.0895,0.0423,0.0427,0.8158
21-MAR-2025,534064,3.98,3.83,0.0384,0.0346,0.0346,0.6610
21-MAR-2025,534190,2.95,2.81,0.0486,0.0487,0.0487,0.9304
21-MAR-2025,534338,17.34,18.25,-0.0511,0.0307,0.0308,0.5884
21-MAR-2025,534422,4.69,4.51,0.0391,0.0418,0.0418,0.7986
21-MAR-2025,534612,27.50,27.67,-0.0062,0.0345,0.0344,0.6572
21-MAR-2025,534618,858.40,843.90,0.0170,0.0399,0.0398,0.7604
21-MAR-2025,534623,42.12,42.65,-0.0125,0.0393,0.0392,0.7489
21-MAR-2025,534639,24.86,23.70,0.0478,0.0357,0.0357,0.6820
21-MAR-2025,534691,34.83,34.13,0.0203,0.0304,0.0304,0.5808
21-MAR-2025,534732,7.04,7.24,-0.0280,0.0330,0.0330,0.6305
21-MAR-2025,534733,26.62,26.10,0.0197,0.0462,0.0461,0.8807
21-MAR-2025,534741,0.48,0.48,0.0000,0.0251,0.0251,0.4795
21-MAR-2025,534755,0.90,0.85,0.0572,0.0475,0.0475,0.9075
21-MAR-2025,534796,30.79,30.79,0.0000,0.0307,0.0306,0.5846
21-MAR-2025,535204,3.59,3.51,0.0225,0.0387,0.0387,0.7394
21-MAR-2025,535205,3.15,3.29,-0.0435,0.0346,0.0346,0.6610
21-MAR-2025,535267,9.10,9.03,0.0077,0.0333,0.0332,0.6343
21-MAR-2025,535276,840.99,834.98,0.0072,0.0071,0.0071,0.1356
21-MAR-2025,535387,40.33,42.44,-0.0510,0.0321,0.0322,0.6152
21-MAR-2025,535431,0.91,0.94,-0.0324,0.0319,0.0319,0.6094
21-MAR-2025,535514,7.50,7.17,0.0450,0.0285,0.0286,0.5464
21-MAR-2025,535566,108.45,103.30,0.0487,0.0406,0.0406,0.7757
21-MAR-2025,535621,107.50,112.35,-0.0441,0.0331,0.0331,0.6324
21-MAR-2025,535657,10.05,9.47,0.0594,0.0437,0.0438,0.8368
21-MAR-2025,535667,160.00,160.00,0.0000,0.0402,0.0401,0.7661
21-MAR-2025,535693,41.95,40.14,0.0441,0.0276,0.0277,0.5292
21-MAR-2025,535719,30.00,28.91,0.0370,0.0354,0.0354,0.6763
21-MAR-2025,535730,0.53,0.50,0.0583,0.0341,0.0342,0.6534
21-MAR-2025,535910,2.48,2.53,-0.0200,0.0361,0.0360,0.6878
21-MAR-2025,535916,71.29,71.34,-0.0007,0.0388,0.0387,0.7394
21-MAR-2025,536073,9.45,9.40,0.0053,0.0369,0.0368,0.7031
21-MAR-2025,536264,50.76,48.78,0.0398,0.0373,0.0373,0.7126
21-MAR-2025,536493,375.30,371.25,0.0109,0.0267,0.0266,0.5082
21-MAR-2025,536659,4.99,4.96,0.0060,0.0377,0.0376,0.7183
21-MAR-2025,536672,6.11,5.95,0.0265,0.0340,0.0340,0.6496
21-MAR-2025,536709,11.48,11.85,-0.0317,0.0343,0.0343,0.6553
21-MAR-2025,536846,82.45,82.45,0.0000,0.0356,0.0355,0.6782
21-MAR-2025,536974,87.66,85.06,0.0301,0.0351,0.0351,0.6706
21-MAR-2025,537069,32.00,30.55,0.0464,0.0362,0.0363,0.6935
21-MAR-2025,537253,72.12,72.12,0.0000,0.0363,0.0362,0.6916
21-MAR-2025,537326,123.30,120.90,0.0197,0.0340,0.0339,0.6477
21-MAR-2025,537536,101.40,98.70,0.0270,0.0357,0.0356,0.6801
21-MAR-2025,537707,13.61,13.71,-0.0073,0.0392,0.0391,0.7470
21-MAR-2025,537709,5.91,5.86,0.0085,0.0310,0.0309,0.5903
21-MAR-2025,537750,186.50,178.40,0.0444,0.0326,0.0327,0.6247
21-MAR-2025,537766,2.01,2.01,0.0000,0.0407,0.0406,0.7757
21-MAR-2025,537800,1.90,1.98,-0.0412,0.0376,0.0376,0.7183
21-MAR-2025,537839,244.85,245.45,-0.0024,0.0350,0.0349,0.6668
21-MAR-2025,537985,33.51,33.53,-0.0006,0.0374,0.0373,0.7126
21-MAR-2025,538081,5.45,5.60,-0.0272,0.0400,0.0399,0.7623
21-MAR-2025,538092,116.05,115.05,0.0087,0.0366,0.0365,0.6973
21-MAR-2025,538119,82.32,83.58,-0.0152,0.0317,0.0316,0.6037
21-MAR-2025,538212,0.66,0.66,0.0000,0.0310,0.0309,0.5903
21-MAR-2025,538273,37.78,37.77,0.0003,0.0408,0.0407,0.7776
21-MAR-2025,538351,8.59,9.04,-0.0511,0.0364,0.0365,0.6973
21-MAR-2025,538382,149.40,142.40,0.0480,0.0300,0.0301,0.5751
21-MAR-2025,538395,97.30,97.30,0.0000,0.0274,0.0273,0.5216
21-MAR-2025,538401,161.05,168.00,-0.0422,0.0384,0.0384,0.7336
21-MAR-2025,538422,0.67,0.68,-0.0148,0.0287,0.0286,0.5464
21-MAR-2025,538446,221.10,208.90,0.0568,0.0243,0.0246,0.4700
21-MAR-2025,538451,18.36,18.00,0.0198,0.0339,0.0338,0.6457
21-MAR-2025,538452,0.93,0.94,-0.0107,0.1430,0.1427,2.7263
21-MAR-2025,538464,3.89,3.56,0.0886,0.0498,0.0501,0.9572
21-MAR-2025,538465,12.78,12.53,0.0198,0.0330,0.0330,0.6305
21-MAR-2025,538476,41.82,40.68,0.0276,0.0421,0.0420,0.8024
21-MAR-2025,538521,70.78,74.50,-0.0512,0.0313,0.0314,0.5999
21-MAR-2025,538537,11.70,11.48,0.0190,0.0377,0.0376,0.7183
21-MAR-2025,538539,18.83,18.75,0.0043,0.0386,0.0385,0.7355
21-MAR-2025,538540,3.88,3.70,0.0475,0.0355,0.0356,0.6801
21-MAR-2025,538542,9.27,9.69,-0.0443,0.0384,0.0384,0.7336
21-MAR-2025,538546,104.53,96.84,0.0764,0.0376,0.0379,0.7241
21-MAR-2025,538556,83.97,83.97,0.0000,0.0250,0.0249,0.4757
21-MAR-2025,538563,10.23,10.23,0.0000,0.0074,0.0073,0.1395
21-MAR-2025,538564,272.45,271.25,0.0044,0.0320,0.0319,0.6094
21-MAR-2025,538565,122.95,117.10,0.0487,0.0305,0.0306,0.5846
21-MAR-2025,538568,50.76,50.76,0.0000,0.0317,0.0316,0.6037
21-MAR-2025,538569,2.33,2.28,0.0217,0.0364,0.0363,0.6935
21-MAR-2025,538596,4.57,4.36,0.0470,0.0371,0.0372,0.7107
21-MAR-2025,538597,10.22,10.45,-0.0223,0.0324,0.0323,0.6171
21-MAR-2025,538598,29.47,24.56,0.1823,0.0358,0.0380,0.7260
21-MAR-2025,538607,1.34,1.32,0.0150,0.0345,0.0344,0.6572
21-MAR-2025,538609,99.95,102.67,-0.0268,0.0329,0.0329,0.6286
21-MAR-2025,538610,23.74,23.74,0.0000,0.0352,0.0351,0.6706
21-MAR-2025,538611,42.75,45.00,-0.0513,0.0303,0.0304,0.5808
21-MAR-2025,538634,257.45,258.25,-0.0031,0.0312,0.0311,0.5942
21-MAR-2025,538646,63.02,64.49,-0.0231,0.0347,0.0346,0.6610
21-MAR-2025,538647,43.50,43.50,0.0000,0.0354,0.0353,0.6744
21-MAR-2025,538652,3.81,3.81,0.0000,0.0008,0.0008,0.0153
21-MAR-2025,538668,839.95,848.55,-0.0102,0.0318,0.0317,0.6056
21-MAR-2025,538674,6.12,6.00,0.0198,0.0334,0.0334,0.6381
21-MAR-2025,538683,869.08,864.14,0.0057,0.0070,0.0070,0.1337
21-MAR-2025,538706,11.49,11.00,0.0436,0.0329,0.0329,0.6286
21-MAR-2025,538707,39.00,40.00,-0.0253,0.0396,0.0396,0.7566
21-MAR-2025,538708,6.70,6.48,0.0334,0.0374,0.0374,0.7145
21-MAR-2025,538713,174.45,166.15,0.0487,0.0338,0.0339,0.6477
21-MAR-2025,538714,36.14,34.57,0.0444,0.1098,0.1096,2.0939
21-MAR-2025,538715,372.35,372.35,0.0000,0.0340,0.0339,0.6477
21-MAR-2025,538732,40.04,40.46,-0.0104,0.0328,0.0327,0.6247
21-MAR-2025,538734,1562.00,1538.95,0.0149,0.0402,0.0401,0.7661
21-MAR-2025,538743,7.85,7.74,0.0141,0.0260,0.0260,0.4967
21-MAR-2025,538770,21.41,20.00,0.0681,0.0382,0.0384,0.7336
21-MAR-2025,538772,46.94,44.71,0.0487,0.0345,0.0345,0.6591
21-MAR-2025,538777,17.37,16.55,0.0484,0.0005,0.0035,0.0669
21-MAR-2025,538778,9.80,10.13,-0.0331,0.0341,0.0341,0.6515
21-MAR-2025,538786,33.11,34.85,-0.0512,0.0315,0.0316,0.6037
21-MAR-2025,538787,9.98,10.21,-0.0228,0.0470,0.0469,0.8960
21-MAR-2025,538788,11.86,11.21,0.0564,0.0331,0.0333,0.6362
21-MAR-2025,538795,219.85,201.00,0.0896,0.0287,0.0293,0.5598
21-MAR-2025,538812,4.20,4.07,0.0314,0.0297,0.0298,0.5693
21-MAR-2025,538817,15.45,15.04,0.0269,0.0299,0.0298,0.5693
21-MAR-2025,538833,14.16,14.51,-0.0244,0.0349,0.0348,0.6649
21-MAR-2025,538834,24.75,25.92,-0.0462,0.0367,0.0368,0.7031
21-MAR-2025,538837,41.97,43.32,-0.0317,0.0306,0.0306,0.5846
21-MAR-2025,538838,29.85,31.00,-0.0378,0.0390,0.0390,0.7451
21-MAR-2025,538857,5.40,5.40,0.0000,0.0305,0.0305,0.5827
21-MAR-2025,538860,1.03,1.07,-0.0381,0.0314,0.0315,0.6018
21-MAR-2025,538862,26.27,25.76,0.0196,0.0275,0.0274,0.5235
21-MAR-2025,538863,7.05,7.05,0.0000,0.0000,0.0000,0.0000
21-MAR-2025,538868,16.72,16.84,-0.0072,0.0327,0.0327,0.6247
21-MAR-2025,538874,16.32,15.65,0.0419,0.0341,0.0342,0.6534
21-MAR-2025,538875,3.43,3.39,0.0117,0.0357,0.0357,0.6820
21-MAR-2025,538881,18.20,18.20,0.0000,0.0309,0.0308,0.5884
21-MAR-2025,538882,105.90,103.85,0.0195,0.0327,0.0327,0.6247
21-MAR-2025,538890,71.97,72.44,-0.0065,0.0289,0.0288,0.5502
21-MAR-2025,538894,20.65,21.69,-0.0491,0.0387,0.0388,0.7413
21-MAR-2025,538895,21.84,20.99,0.0397,0.0374,0.0374,0.7145
21-MAR-2025,538896,409.20,406.60,0.0064,0.0285,0.0284,0.5426
21-MAR-2025,538918,10.90,10.94,-0.0037,0.0338,0.0337,0.6438
21-MAR-2025,538919,29.00,28.93,0.0024,0.0384,0.0383,0.7317
21-MAR-2025,538922,23.47,22.56,0.0395,0.0419,0.0419,0.8005
21-MAR-2025,538923,70.61,65.81,0.0704,0.0349,0.0352,0.6725
21-MAR-2025,538926,334.70,334.70,0.0000,0.0260,0.0260,0.4967
21-MAR-2025,538928,2.09,2.11,-0.0095,0.0343,0.0343,0.6553
21-MAR-2025,538935,59.16,59.16,0.0000,0.0268,0.0267,0.5101
21-MAR-2025,538942,20.05,19.73,0.0161,0.0311,0.0310,0.5923
21-MAR-2025,538943,103.05,104.61,-0.0150,0.0401,0.0400,0.7642
21-MAR-2025,538952,1.56,1.68,-0.0741,0.0373,0.0375,0.7164
21-MAR-2025,538964,858.45,833.75,0.0292,0.0316,0.0316,0.6037
21-MAR-2025,538965,33.59,32.61,0.0296,0.0340,0.0340,0.6496
21-MAR-2025,538970,21.63,23.06,-0.0640,0.0348,0.0350,0.6687
21-MAR-2025,538975,0.31,0.31,0.0000,0.0285,0.0284,0.5426
21-MAR-2025,538987,535.15,529.55,0.0105,0.0276,0.0275,0.5254
21-MAR-2025,538992,1999.95,1985.00,0.0075,0.0224,0.0223,0.4260
21-MAR-2025,539005,14.73,15.50,-0.0510,0.0194,0.0196,0.3745
21-MAR-2025,539011,109.75,108.00,0.0161,0.0274,0.0274,0.5235
21-MAR-2025,539012,143.50,131.95,0.0839,0.0411,0.0414,0.7909
21-MAR-2025,539013,119.95,118.50,0.0122,0.0313,0.0313,0.5980
21-MAR-2025,539016,10.44,9.78,0.0653,0.0380,0.0382,0.7298
21-MAR-2025,539017,30.48,30.57,-0.0029,0.0269,0.0268,0.5120
21-MAR-2025,539018,493.70,474.60,0.0395,0.0249,0.0250,0.4776
21-MAR-2025,539031,267.07,265.80,0.0048,0.0093,0.0093,0.1777
21-MAR-2025,539032,10.63,10.16,0.0452,0.0403,0.0404,0.7718
21-MAR-2025,539040,9.13,9.31,-0.0195,0.0605,0.0603,1.1520
21-MAR-2025,539090,35.81,36.20,-0.0108,0.0341,0.0341,0.6515
21-MAR-2025,539091,2.00,2.04,-0.0198,0.1771,0.1766,3.3739
21-MAR-2025,539096,15.20,14.81,0.0260,0.0335,0.0334,0.6381
21-MAR-2025,539097,4.77,5.00,-0.0471,0.0351,0.0351,0.6706
21-MAR-2025,539110,27.55,28.99,-0.0509,0.0290,0.0292,0.5579
21-MAR-2025,539111,15.39,14.78,0.0404,0.0430,0.0430,0.8215
21-MAR-2025,539112,151.40,150.65,0.0050,0.0421,0.0420,0.8024
21-MAR-2025,539113,802.60,787.60,0.0189,0.0300,0.0300,0.5731
21-MAR-2025,539115,150.05,147.65,0.0161,0.0330,0.0329,0.6286
21-MAR-2025,539117,73.31,74.00,-0.0094,0.0381,0.0380,0.7260
21-MAR-2025,539119,29.32,29.32,0.0000,0.0087,0.0087,0.1662
21-MAR-2025,539121,219.75,217.65,0.0096,0.0350,0.0349,0.6668
21-MAR-2025,539123,9.57,9.76,-0.0197,0.0371,0.0370,0.7069
21-MAR-2025,539124,19.94,19.73,0.0106,0.0338,0.0337,0.6438
21-MAR-2025,539132,3.67,3.50,0.0474,0.0290,0.0291,0.5560
21-MAR-2025,539143,6.96,7.03,-0.0100,0.0281,0.0281,0.5368
21-MAR-2025,539149,4.47,4.26,0.0481,0.0361,0.0361,0.6897
21-MAR-2025,539151,30.24,30.58,-0.0112,0.0304,0.0303,0.5789
21-MAR-2025,539167,86.57,82.45,0.0488,0.0243,0.0245,0.4681
21-MAR-2025,539174,14.06,14.78,-0.0499,0.0330,0.0331,0.6324
21-MAR-2025,539175,6.57,6.70,-0.0196,0.0288,0.0287,0.5483
21-MAR-2025,539176,122.90,117.15,0.0479,0.0334,0.0335,0.6400
21-MAR-2025,539189,16.78,15.86,0.0564,0.0304,0.0306,0.5846
21-MAR-2025,539190,48.50,46.35,0.0453,0.0489,0.0489,0.9342
21-MAR-2025,539195,196.30,191.55,0.0245,0.0365,0.0365,0.6973
21-MAR-2025,539196,173.45,171.40,0.0119,0.0351,0.0350,0.6687
21-MAR-2025,539199,339.30,335.40,0.0116,0.0293,0.0292,0.5579
21-MAR-2025,539206,64.93,63.66,0.0198,0.0281,0.0281,0.5368
21-MAR-2025,539216,1.68,1.67,0.0060,0.0340,0.0339,0.6477
21-MAR-2025,539217,0.57,0.55,0.0357,0.0390,0.0389,0.7432
21-MAR-2025,539218,149.85,142.75,0.0485,0.0338,0.0339,0.6477
21-MAR-2025,539219,13.08,12.51,0.0446,0.0346,0.0347,0.6629
21-MAR-2025,539220,25.50,25.30,0.0079,0.0232,0.0232,0.4432
21-MAR-2025,539222,2.88,2.87,0.0035,0.0257,0.0256,0.4891
21-MAR-2025,539226,31.50,31.25,0.0080,0.0344,0.0343,0.6553
21-MAR-2025,539227,238.55,233.85,0.0199,0.0349,0.0349,0.6668
21-MAR-2025,539228,3.48,3.37,0.0321,0.0302,0.0303,0.5789
21-MAR-2025,539230,29.51,29.51,0.0000,0.0077,0.0076,0.1452
21-MAR-2025,539255,545.80,519.85,0.0487,0.0385,0.0386,0.7375
21-MAR-2025,539267,16.36,17.21,-0.0507,0.0362,0.0363,0.6935
21-MAR-2025,539275,178.15,179.75,-0.0089,0.0290,0.0289,0.5521
21-MAR-2025,539277,0.64,0.63,0.0157,0.0293,0.0293,0.5598
21-MAR-2025,539278,3.42,3.38,0.0118,0.0346,0.0345,0.6591
21-MAR-2025,539288,14.52,14.61,-0.0062,0.0430,0.0429,0.8196
21-MAR-2025,539291,8.34,8.51,-0.0202,0.0334,0.0334,0.6381
21-MAR-2025,539300,926.00,937.50,-0.0123,0.0277,0.0276,0.5273
21-MAR-2025,539310,0.39,0.39,0.0000,0.0827,0.0825,1.5762
21-MAR-2025,539314,69.55,69.00,0.0079,0.0334,0.0333,0.6362
21-MAR-2025,539353,605.30,606.45,-0.0019,0.0324,0.0323,0.6171
21-MAR-2025,539354,35.90,35.25,0.0183,0.0286,0.0285,0.5445
21-MAR-2025,539378,49.46,47.36,0.0434,0.0392,0.0392,0.7489
21-MAR-2025,539383,7.15,7.10,0.0070,0.0362,0.0361,0.6897
21-MAR-2025,539384,30.96,30.96,0.0000,0.0298,0.0297,0.5674
21-MAR-2025,539391,40.99,40.00,0.0244,0.0357,0.0356,0.6801
21-MAR-2025,539393,25.77,25.77,0.0000,0.0018,0.0018,0.0344
21-MAR-2025,539398,91.84,90.32,0.0167,0.0280,0.0279,0.5330
21-MAR-2025,539399,430.95,448.25,-0.0394,0.0363,0.0363,0.6935
21-MAR-2025,539402,8.13,8.50,-0.0445,0.0374,0.0374,0.7145
21-MAR-2025,539405,11.27,11.27,0.0000,0.0462,0.0461,0.8807
21-MAR-2025,539406,66.30,63.15,0.0487,0.0353,0.0354,0.6763
21-MAR-2025,539408,13.26,13.53,-0.0202,0.0280,0.0279,0.5330
21-MAR-2025,539409,21.28,22.39,-0.0508,0.0322,0.0323,0.6171
21-MAR-2025,539428,22.40,22.31,0.0040,0.0288,0.0288,0.5502
21-MAR-2025,539434,6.98,6.98,0.0000,0.0015,0.0015,0.0287
21-MAR-2025,539435,40.95,40.15,0.0197,0.0521,0.0520,0.9935
21-MAR-2025,539449,6.96,6.79,0.0247,0.0347,0.0347,0.6629
21-MAR-2025,539455,41.87,41.70,0.0041,0.0321,0.0320,0.6114
21-MAR-2025,539468,18.95,18.95,0.0000,0.0006,0.0006,0.0115
21-MAR-2025,539469,213.05,203.45,0.0461,0.0338,0.0339,0.6477
21-MAR-2025,539470,0.97,0.97,0.0000,0.0338,0.0337,0.6438
21-MAR-2025,539479,735.70,735.00,0.0010,0.0285,0.0285,0.5445
21-MAR-2025,539488,10.00,10.00,0.0000,0.0000,0.0000,0.0000
21-MAR-2025,539492,9.76,10.18,-0.0421,0.0308,0.0308,0.5884
21-MAR-2025,539494,12.35,12.19,0.0130,0.0462,0.0461,0.8807
21-MAR-2025,539495,33.00,34.65,-0.0488,0.0319,0.0320,0.6114
21-MAR-2025,539506,0.88,0.86,0.0230,0.0295,0.0295,0.5636
21-MAR-2025,539515,69.60,69.98,-0.0054,0.0275,0.0275,0.5254
21-MAR-2025,539518,144.90,142.20,0.0188,0.0265,0.0265,0.5063
21-MAR-2025,539519,1.01,1.04,-0.0293,0.0385,0.0384,0.7336
21-MAR-2025,539522,48.24,46.40,0.0389,0.0787,0.0785,1.4997
21-MAR-2025,539526,0.90,0.91,-0.0110,0.0290,0.0289,0.5521
21-MAR-2025,539527,586.40,585.00,0.0024,0.0308,0.0307,0.5865
21-MAR-2025,539528,57.29,58.45,-0.0200,0.1146,0.1143,2.1837
21-MAR-2025,539533,293.40,287.65,0.0198,0.0171,0.0171,0.3267
21-MAR-2025,539543,13.12,13.12,0.0000,0.0000,0.0000,0.0000
21-MAR-2025,539544,7.24,7.38,-0.0192,0.0367,0.0366,0.6992
21-MAR-2025,539545,35.80,35.71,0.0025,0.0380,0.0379,0.7241
21-MAR-2025,539546,157.35,155.10,0.0144,0.0300,0.0299,0.5712
21-MAR-2025,539552,88.24,85.93,0.0265,0.0376,0.0376,0.7183
21-MAR-2025,539559,4.85,4.74,0.0229,0.0354,0.0353,0.6744
21-MAR-2025,539560,10.00,10.00,0.0000,0.0000,0.0000,0.0000
21-MAR-2025,539561,2.17,2.11,0.0280,0.0378,0.0377,0.7203
21-MAR-2025,539562,53.51,52.94,0.0107,0.0324,0.0323,0.6171
21-MAR-2025,539574,0.70,0.70,0.0000,0.0352,0.0351,0.6706
21-MAR-2025,539584,0.71,0.74,-0.0414,0.0336,0.0336,0.6419
21-MAR-2025,539593,6.46,5.55,0.1518,0.0446,0.0458,0.8750
21-MAR-2025,539594,5.33,5.49,-0.0296,0.0355,0.0354,0.6763
21-MAR-2025,539596,9.50,8.64,0.0949,0.0739,0.0740,1.4138
21-MAR-2025,539598,29.88,28.88,0.0340,0.0388,0.0388,0.7413
21-MAR-2025,539599,29.55,29.55,0.0000,0.0227,0.0226,0.4318
21-MAR-2025,539607,18.05,19.00,-0.0513,0.0412,0.0412,0.7871
21-MAR-2025,539620,26.62,26.01,0.0232,0.0384,0.0384,0.7336
21-MAR-2025,539621,0.80,0.82,-0.0247,0.0269,0.0269,0.5139
21-MAR-2025,539659,68.00,66.00,0.0299,0.0309,0.0309,0.5903
21-MAR-2025,539661,84.00,86.88,-0.0337,0.0259,0.0260,0.4967
21-MAR-2025,539662,12.52,12.55,-0.0024,0.0415,0.0414,0.7909
21-MAR-2025,539669,0.74,0.73,0.0136,0.0343,0.0342,0.6534
21-MAR-2025,539673,2.34,2.46,-0.0500,0.0635,0.0635,1.2132
21-MAR-2025,539679,69.90,67.00,0.0424,0.0306,0.0306,0.5846
21-MAR-2025,539681,49.88,49.88,0.0000,0.0121,0.0121,0.2312
21-MAR-2025,539682,613.75,609.00,0.0078,0.0191,0.0190,0.3630
21-MAR-2025,539692,27.00,27.00,0.0000,0.0408,0.0407,0.7776
21-MAR-2025,539697,66.60,69.93,-0.0488,0.0414,0.0415,0.7929
21-MAR-2025,539730,699.35,706.65,-0.0104,0.0284,0.0283,0.5407
21-MAR-2025,539760,48.91,48.05,0.0177,0.0375,0.0374,0.7145
21-MAR-2025,539761,26.90,28.30,-0.0507,0.0809,0.0807,1.5418
21-MAR-2025,539762,24.81,25.12,-0.0124,0.0327,0.0327,0.6247
21-MAR-2025,539767,18.78,18.31,0.0253,0.0420,0.0419,0.8005
21-MAR-2025,539770,29.00,29.10,-0.0034,0.0269,0.0268,0.5120
21-MAR-2025,539773,1.86,1.88,-0.0107,0.0312,0.0312,0.5961
21-MAR-2025,539798,27.28,27.82,-0.0196,0.0341,0.0340,0.6496
21-MAR-2025,539800,6.20,6.19,0.0016,0.0414,0.0413,0.7890
21-MAR-2025,539814,229.00,220.70,0.0369,0.0315,0.0316,0.6037
21-MAR-2025,539819,4.10,4.10,0.0000,0.0015,0.0015,0.0287
21-MAR-2025,539834,163.15,156.55,0.0413,0.0362,0.0362,0.6916
21-MAR-2025,539835,1.71,1.86,-0.0841,0.0606,0.0608,1.1616
21-MAR-2025,539841,16.12,15.36,0.0483,0.0380,0.0381,0.7279
21-MAR-2025,539854,619.75,606.80,0.0211,0.0308,0.0307,0.5865
21-MAR-2025,539875,124.10,125.65,-0.0124,0.0446,0.0445,0.8502
21-MAR-2025,539884,2.63,2.70,-0.0263,0.0430,0.0429,0.8196
21-MAR-2025,539894,12.05,11.87,0.0151,0.0383,0.0383,0.7317
21-MAR-2025,539895,11.05,10.85,0.0183,0.1595,0.1591,3.0396
21-MAR-2025,539911,27.99,27.99,0.0000,0.1534,0.1530,2.9231
21-MAR-2025,539921,84.50,81.86,0.0317,0.0387,0.0387,0.7394
21-MAR-2025,539927,409.85,431.40,-0.0512,0.0228,0.0230,0.4394
21-MAR-2025,539938,41.40,41.98,-0.0139,0.0305,0.0304,0.5808
21-MAR-2025,539939,49.85,49.23,0.0125,0.0274,0.0273,0.5216
21-MAR-2025,539946,70.00,66.89,0.0454,0.0372,0.0372,0.7107
21-MAR-2025,539947,42.80,42.02,0.0184,0.0346,0.0345,0.6591
21-MAR-2025,539956,2992.60,2879.40,0.0386,0.0311,0.0312,0.5961
21-MAR-2025,539963,12.40,12.22,0.0146,0.0311,0.0310,0.5923
21-MAR-2025,539984,2312.00,2265.70,0.0202,0.0257,0.0257,0.4910
21-MAR-2025,539991,80.33,79.40,0.0116,0.0340,0.0340,0.6496
21-MAR-2025,539997,683.35,665.35,0.0267,0.0334,0.0334,0.6381
21-MAR-2025,540006,6.42,6.50,-0.0124,0.0382,0.0381,0.7279
21-MAR-2025,540023,27.16,26.90,0.0096,0.0335,0.0334,0.6381
21-MAR-2025,540026,6.30,6.30,0.0000,0.0351,0.0350,0.6687
21-MAR-2025,540062,466.40,490.90,-0.0512,0.0201,0.0204,0.3897
21-MAR-2025,540063,10.37,9.77,0.0596,0.0350,0.0351,0.6706
21-MAR-2025,540066,25.77,25.77,0.0000,0.0018,0.0018,0.0344
21-MAR-2025,540078,93.12,93.03,0.0010,0.0254,0.0253,0.4834
21-MAR-2025,540079,7.78,7.69,0.0116,0.0300,0.0299,0.5712
21-MAR-2025,540080,8.17,8.34,-0.0206,0.0316,0.0316,0.6037
21-MAR-2025,540097,51.68,43.65,0.1689,0.0337,0.0357,0.6820
21-MAR-2025,540108,8.22,7.83,0.0486,0.0360,0.0360,0.6878
21-MAR-2025,540132,10.07,10.60,-0.0513,0.0340,0.0341,0.6515
21-MAR-2025,540134,7.00,7.30,-0.0420,0.0441,0.0441,0.8425
21-MAR-2025,540135,1.11,1.09,0.0182,0.0346,0.0345,0.6591
21-MAR-2025,540143,166.85,158.65,0.0504,0.0269,0.0271,0.5177
21-MAR-2025,540147,7.40,7.26,0.0191,0.0333,0.0332,0.6343
21-MAR-2025,540154,814.00,814.00,0.0000,0.0156,0.0156,0.2980
21-MAR-2025,540159,4.22,3.80,0.1048,0.0555,0.0559,1.0680
21-MAR-2025,540168,30.50,29.99,0.0169,0.0269,0.0269,0.5139
21-MAR-2025,540174,24.11,24.11,0.0000,0.0382,0.0381,0.7279
21-MAR-2025,540175,30.01,29.49,0.0175,0.0353,0.0353,0.6744
21-MAR-2025,540181,45.95,44.00,0.0434,0.0344,0.0344,0.6572
21-MAR-2025,540190,2.20,2.18,0.0091,0.0481,0.0479,0.9151
21-MAR-2025,540192,20.51,20.36,0.0073,0.0310,0.0310,0.5923
21-MAR-2025,540198,162.50,162.95,-0.0028,0.0308,0.0308,0.5884
21-MAR-2025,540199,32.05,30.53,0.0486,0.0132,0.0137,0.2617
21-MAR-2025,540204,58.50,57.11,0.0240,0.0350,0.0350,0.6687
21-MAR-2025,540252,9.66,9.88,-0.0225,0.0435,0.0434,0.8292
21-MAR-2025,540254,31.94,30.10,0.0593,0.0365,0.0367,0.7012
21-MAR-2025,540259,1.00,0.96,0.0408,0.1159,0.1157,2.2104
21-MAR-2025,540266,26.13,26.24,-0.0042,0.0365,0.0364,0.6954
21-MAR-2025,540267,7.58,7.34,0.0322,0.0370,0.0370,0.7069
21-MAR-2025,540270,10.00,10.00,0.0000,0.0000,0.0000,0.0000
21-MAR-2025,540310,23.49,24.26,-0.0323,0.0395,0.0395,0.7546
21-MAR-2025,540318,10.00,10.00,0.0000,0.0000,0.0000,0.0000
21-MAR-2025,540359,43.74,40.01,0.0891,0.0399,0.0403,0.7699
21-MAR-2025,540360,5.63,5.92,-0.0502,0.0419,0.0419,0.8005
21-MAR-2025,540361,3.72,3.73,-0.0027,0.0317,0.0316,0.6037
21-MAR-2025,540377,0.73,0.75,-0.0270,0.0316,0.0315,0.6018
21-MAR-2025,540386,0.62,0.57,0.0841,0.0375,0.0379,0.7241
21-MAR-2025,540395,114.25,114.35,-0.0009,0.0261,0.0261,0.4986
21-MAR-2025,540401,11.14,11.34,-0.0178,0.0311,0.0310,0.5923
21-MAR-2025,540405,44.00,43.00,0.0230,0.0425,0.0424,0.8101
21-MAR-2025,540481,31.41,30.21,0.0390,0.0309,0.0309,0.5903
21-MAR-2025,540492,6.05,6.17,-0.0196,0.0974,0.0972,1.8570
21-MAR-2025,540515,8.66,8.25,0.0485,0.0361,0.0362,0.6916
21-MAR-2025,540519,62.00,62.72,-0.0115,0.0351,0.0350,0.6687
21-MAR-2025,540545,12.85,12.75,0.0078,0.0296,0.0295,0.5636
21-MAR-2025,540570,9.52,9.29,0.0245,0.0338,0.0337,0.6438
21-MAR-2025,540590,64.70,63.88,0.0128,0.0320,0.0320,0.6114
21-MAR-2025,540597,47.90,46.97,0.0196,0.0316,0.0315,0.6018
21-MAR-2025,540614,0.99,0.99,0.0000,0.0354,0.0353,0.6744
21-MAR-2025,540615,4.20,4.04,0.0388,0.0296,0.0296,0.5655
21-MAR-2025,540654,18.81,17.92,0.0485,0.0361,0.0361,0.6897
21-MAR-2025,540686,113.50,116.25,-0.0239,0.0282,0.0282,0.5388
21-MAR-2025,540693,8.91,8.49,0.0483,0.0306,0.0307,0.5865
21-MAR-2025,540694,25.51,26.60,-0.0418,0.0287,0.0288,0.5502
21-MAR-2025,540696,6.25,6.09,0.0259,0.0576,0.0574,1.0966
21-MAR-2025,540703,36.72,36.00,0.0198,0.0362,0.0362,0.6916
21-MAR-2025,540717,68.45,72.05,-0.0513,0.0400,0.0401,0.7661
21-MAR-2025,540726,176.00,176.20,-0.0011,0.0309,0.0309,0.5903
21-MAR-2025,540727,30.05,28.22,0.0628,0.0318,0.0320,0.6114
21-MAR-2025,540728,277.00,255.05,0.0826,0.0342,0.0346,0.6610
21-MAR-2025,540730,14.00,13.75,0.0180,0.1629,0.1625,3.1046
21-MAR-2025,540737,710.90,707.85,0.0043,0.0308,0.0308,0.5884
21-MAR-2025,540738,10.38,10.34,0.0039,0.0287,0.0286,0.5464
21-MAR-2025,540786,18.95,18.05,0.0487,0.0340,0.0341,0.6515
21-MAR-2025,540788,96.86,92.25,0.0488,0.0370,0.0371,0.7088
21-MAR-2025,540796,91.00,91.00,0.0000,0.0286,0.0286,0.5464
21-MAR-2025,540809,12.40,12.15,0.0204,0.0304,0.0303,0.5789
21-MAR-2025,540821,2.75,2.77,-0.0072,0.0236,0.0236,0.4509
21-MAR-2025,540829,42.90,42.90,0.0000,0.0337,0.0336,0.6419
21-MAR-2025,540874,72.69,72.80,-0.0015,0.0323,0.0322,0.6152
21-MAR-2025,540904,98.76,103.95,-0.0512,0.0281,0.0283,0.5407
21-MAR-2025,540914,6.10,6.24,-0.0227,0.0403,0.0403,0.7699
21-MAR-2025,540936,4.15,4.18,-0.0072,0.0303,0.0302,0.5770
21-MAR-2025,540953,3.37,3.38,-0.0030,0.0659,0.0657,1.2552
21-MAR-2025,540954,34.00,34.57,-0.0166,0.0302,0.0302,0.5770
21-MAR-2025,540955,7.86,8.02,-0.0202,0.0321,0.0320,0.6114
21-MAR-2025,540956,24.25,24.21,0.0017,0.0294,0.0294,0.5617
21-MAR-2025,540980,35010.00,36500.00,-0.0417,0.0337,0.0337,0.6438
21-MAR-2025,541005,66.68,67.07,-0.0058,0.0312,0.0312,0.5961
21-MAR-2025,541096,1038.50,1052.20,-0.0131,0.0304,0.0304,0.5808
21-MAR-2025,541133,45.60,45.60,0.0000,0.0003,0.0003,0.0057
21-MAR-2025,541144,111.35,107.90,0.0315,0.0388,0.0387,0.7394
21-MAR-2025,541228,202.35,206.45,-0.0201,0.0411,0.0410,0.7833
21-MAR-2025,541338,11.15,11.26,-0.0098,0.0269,0.0269,0.5139
21-MAR-2025,541347,7.33,7.50,-0.0229,0.0274,0.0273,0.5216
21-MAR-2025,541358,620.90,622.90,-0.0032,0.0269,0.0269,0.5139
21-MAR-2025,541444,36.30,37.32,-0.0277,0.0359,0.0359,0.6859
21-MAR-2025,541503,67.85,67.45,0.0059,0.0314,0.0313,0.5980
21-MAR-2025,541601,0.97,0.98,-0.0103,0.0381,0.0380,0.7260
21-MAR-2025,541627,8.42,8.59,-0.0200,0.0397,0.0396,0.7566
21-MAR-2025,541633,12.58,12.58,0.0000,0.0000,0.0000,0.0000
21-MAR-2025,541634,27.00,26.13,0.0328,0.0371,0.0371,0.7088
21-MAR-2025,541702,3.55,3.56,-0.0028,0.0292,0.0291,0.5560
21-MAR-2025,541735,2.85,2.88,-0.0105,0.0733,0.0731,1.3966
21-MAR-2025,541741,176.80,168.40,0.0487,0.0336,0.0337,0.6438
21-MAR-2025,541771,2.21,2.22,-0.0045,0.0303,0.0302,0.5770
21-MAR-2025,541778,45.32,45.62,-0.0066,0.0274,0.0273,0.5216
21-MAR-2025,541865,9.02,9.36,-0.0370,0.0332,0.0332,0.6343
21-MAR-2025,541890,1.77,1.80,-0.0168,0.0359,0.0358,0.6840
21-MAR-2025,541972,831.28,824.36,0.0084,0.0111,0.0111,0.2121
21-MAR-2025,542012,460.30,461.80,-0.0033,0.0150,0.0150,0.2866
21-MAR-2025,542013,203.30,202.10,0.0059,0.0209,0.0208,0.3974
21-MAR-2025,542019,21.37,17.81,0.1822,0.0347,0.0370,0.7069
21-MAR-2025,542034,16.48,16.39,0.0055,0.0342,0.0342,0.6534
21-MAR-2025,542046,8.36,8.35,0.0012,0.0241,0.0241,0.4604
21-MAR-2025,542057,71.11,67.66,0.0497,0.0290,0.0291,0.5560
21-MAR-2025,542123,155.00,151.90,0.0202,0.0420,0.0419,0.8005
21-MAR-2025,542176,20.50,20.00,0.0247,0.0396,0.0395,0.7546
21-MAR-2025,542206,3.54,3.30,0.0702,0.0327,0.0330,0.6305
21-MAR-2025,542248,19.40,16.28,0.1753,0.0364,0.0383,0.7317
21-MAR-2025,542332,6.49,6.49,0.0000,0.0089,0.0089,0.1700
21-MAR-2025,542376,168.00,168.00,0.0000,0.0229,0.0229,0.4375
21-MAR-2025,542377,9.41,9.41,0.0000,0.0068,0.0067,0.1280
21-MAR-2025,542459,102.00,100.90,0.0108,0.0280,0.0279,0.5330
21-MAR-2025,542543,84.25,84.25,0.0000,0.0110,0.0110,0.2102
21-MAR-2025,542544,10.00,10.00,0.0000,0.0000,0.0000,0.0000
21-MAR-2025,542579,6.99,7.07,-0.0114,0.0295,0.0294,0.5617
21-MAR-2025,542627,46.80,46.26,0.0116,0.0417,0.0416,0.7948
21-MAR-2025,542628,164.25,169.65,-0.0323,0.0440,0.0439,0.8387
21-MAR-2025,542654,16.65,17.10,-0.0267,0.0324,0.0324,0.6190
21-MAR-2025,542666,5.66,5.66,0.0000,0.0257,0.0256,0.4891
21-MAR-2025,542669,45.12,44.91,0.0047,0.0321,0.0320,0.6114
21-MAR-2025,542670,21.79,22.14,-0.0159,0.0302,0.0301,0.5751
21-MAR-2025,542679,62.89,58.15,0.0784,0.0437,0.0439,0.8387
21-MAR-2025,542682,70.96,70.96,0.0000,0.0346,0.0345,0.6591
21-MAR-2025,542694,159.75,157.80,0.0123,0.0445,0.0444,0.8483
21-MAR-2025,542721,196.90,192.90,0.0205,0.0341,0.0341,0.6515
21-MAR-2025,542747,81.30,80.33,0.0120,0.0117,0.0117,0.2235
21-MAR-2025,542753,2.86,2.88,-0.0070,0.0314,0.0314,0.5999
21-MAR-2025,542770,102.10,101.11,0.0097,0.0353,0.0352,0.6725
21-MAR-2025,542802,2.64,2.54,0.0386,0.0292,0.0293,0.5598
21-MAR-2025,542803,11.45,11.88,-0.0369,0.0382,0.0382,0.7298
21-MAR-2025,542862,13.28,13.40,-0.0090,0.0352,0.0352,0.6725
21-MAR-2025,542864,31.47,31.47,0.0000,0.0041,0.0041,0.0783
21-MAR-2025,542865,18.20,18.85,-0.0351,0.0377,0.0377,0.7203
21-MAR-2025,542866,85.95,84.27,0.0197,0.0309,0.0308,0.5884
21-MAR-2025,542906,47.25,45.00,0.0488,0.0214,0.0216,0.4127
21-MAR-2025,542911,537.05,565.00,-0.0507,0.0295,0.0297,0.5674
21-MAR-2025,542918,19.92,18.86,0.0547,0.0360,0.0361,0.6897
21-MAR-2025,542938,69.79,65.00,0.0711,0.0428,0.0429,0.8196
21-MAR-2025,543171,2.42,2.54,-0.0484,0.0293,0.0294,0.5617
21-MAR-2025,543207,14.47,14.90,-0.0293,0.0350,0.0350,0.6687
21-MAR-2025,543208,10.36,10.06,0.0294,0.0326,0.0326,0.6228
21-MAR-2025,543211,28.48,28.85,-0.0129,0.0325,0.0324,0.6190
21-MAR-2025,543225,146.60,146.53,0.0005,0.0202,0.0201,0.3840
21-MAR-2025,543229,321.00,325.00,-0.0124,0.0502,0.0501,0.9572
21-MAR-2025,543230,1163.05,1129.75,0.0290,0.0363,0.0362,0.6916
21-MAR-2025,543256,16.70,16.11,0.0360,0.0283,0.0283,0.5407
21-MAR-2025,543284,95.60,91.05,0.0488,0.0385,0.0386,0.7375
21-MAR-2025,543341,11.53,11.95,-0.0358,0.0399,0.0398,0.7604
21-MAR-2025,543376,73.63,77.00,-0.0448,0.0412,0.0412,0.7871
21-MAR-2025,543531,46.01,42.26,0.0850,0.0332,0.0337,0.6438
21-MAR-2025,543590,17.28,16.99,0.0169,0.0338,0.0338,0.6457
21-MAR-2025,543737,691.00,685.50,0.0080,0.0324,0.0323,0.6171
21-MAR-2025,543766,662.15,660.85,0.0020,0.0317,0.0316,0.6037
21-MAR-2025,543860,89.39,87.64,0.0198,0.0380,0.0380,0.7260
21-MAR-2025,543914,24.60,25.89,-0.0511,0.0267,0.0268,0.5120
21-MAR-2025,543925,144.00,144.00,0.0000,0.0110,0.0110,0.2102
21-MAR-2025,543927,50.88,51.67,-0.0154,0.0298,0.0298,0.5693
21-MAR-2025,543934,277.90,277.90,0.0000,0.0255,0.0255,0.4872
21-MAR-2025,543976,40.62,39.83,0.0196,0.0667,0.0666,1.2724
21-MAR-2025,543993,251.90,257.00,-0.0200,0.0215,0.0215,0.4108
21-MAR-2025,544005,110.00,110.00,0.0000,0.0039,0.0039,0.0745
21-MAR-2025,544080,974.00,974.00,0.0000,0.0251,0.0250,0.4776
21-MAR-2025,544090,733.15,718.80,0.0198,0.0253,0.0253,0.4834
21-MAR-2025,544112,543.20,558.10,-0.0271,0.0253,0.0253,0.4834
21-MAR-2025,544185,67.94,69.05,-0.0162,0.0242,0.0242,0.4623
21-MAR-2025,544186,159.90,155.45,0.0282,0.0279,0.0279,0.5330
21-MAR-2025,544191,42.07,43.70,-0.0380,0.0283,0.0283,0.5407
21-MAR-2025,544205,590.35,590.80,-0.0008,0.0217,0.0216,0.4127
21-MAR-2025,544295,1018000.00,1025000.00,-0.0069,0.0024,0.0025,0.0478
21-MAR-2025,544308,31.11,32.69,-0.0495,0.0205,0.0208,0.3974
21-MAR-2025,544346,52.66,51.63,0.0198,0.0178,0.0178,0.3401
21-MAR-2025,544361,5.56,5.30,0.0479,0.0164,0.0167,0.3191
21-MAR-2025,544371,81.00,86.35,-0.0640,0.0107,0.0116,0.2216
21-MAR-2025,5PAISA,352.30,339.20,0.0379,0.0236,0.0237,0.4528
21-MAR-2025,63MOONS,786.70,749.25,0.0488,0.0361,0.0361,0.6897
21-MAR-2025,750960,0.55,0.63,-0.1358,0.0645,0.0651,1.2437
21-MAR-2025,750962,0.10,0.12,-0.1823,0.0490,0.0506,0.9667
21-MAR-2025,750963,78.87,94.70,-0.1829,0.0000,0.0129,0.2465
21-MAR-2025,890197,6.28,6.02,0.0423,0.0284,0.0285,0.5445
21-MAR-2025,890212,61.67,58.85,0.0468,0.0049,0.0059,0.1127
21-MAR-2025,A2ZINFRA,16.16,16.19,-0.0019,0.0342,0.0341,0.6515
21-MAR-2025,AAATECH,79.94,74.66,0.0683,0.0319,0.0322,0.6152
21-MAR-2025,AADHARHFC,417.45,429.90,-0.0294,0.0198,0.0198,0.3783
21-MAR-2025,AAKASH,8.78,8.59,0.0219,0.0308,0.0307,0.5865
21-MAR-2025,AAREYDRUGS,38.20,36.51,0.0452,0.0294,0.0295,0.5636
21-MAR-2025,AARON,341.60,348.80,-0.0209,0.0283,0.0283,0.5407
21-MAR-2025,AARTECH,56.29,55.07,0.0219,0.0299,0.0298,0.5693
21-MAR-2025,AARTIDRUGS,357.90,347.65,0.0291,0.0218,0.0218,0.4165
21-MAR-2025,AARTIIND,407.25,399.20,0.0200,0.0233,0.0233,0.4451
21-MAR-2025,AARTIPHARM,761.10,768.75,-0.0100,0.0271,0.0270,0.5158
21-MAR-2025,AARTISURF,445.25,442.70,0.0057,0.0263,0.0263,0.5025
21-MAR-2025,AARVEEDEN,146.00,146.80,-0.0055,0.0295,0.0294,0.5617
21-MAR-2025,AARVI,104.08,104.80,-0.0069,0.0280,0.0280,0.5349
21-MAR-2025,AASHRIT,75.00,75.00,0.0000,0.0044,0.0044,0.0841
21-MAR-2025,AAVAS,1981.05,1979.90,0.0006,0.0167,0.0167,0.3191
21-MAR-2025,ABAN,38.41,38.35,0.0016,0.0311,0.0310,0.5923
21-MAR-2025,ABB,5457.50,5460.80,-0.0006,0.0236,0.0235,0.4490
21-MAR-2025,ABBOTINDIA,30291.40,30179.35,0.0037,0.0150,0.0149,0.2847
21-MAR-2025,ABCAPITAL,185.50,176.75,0.0483,0.0210,0.0212,0.4050
21-MAR-2025,ABDL,320.10,318.60,0.0047,0.0199,0.0199,0.3802
21-MAR-2025,ABFRL,253.25,250.70,0.0101,0.0219,0.0219,0.4184
21-MAR-2025,ABGSEC,106.68,107.01,-0.0031,0.0043,0.0043,0.0822
21-MAR-2025,ABINFRA,95.65,94.95,0.0073,0.0186,0.0186,0.3554
21-MAR-2025,ABMINTLLTD,49.35,47.00,0.0488,0.0363,0.0364,0.6954
21-MAR-2025,ABREL,2038.30,1937.00,0.0510,0.0295,0.0296,0.5655
21-MAR-2025,ABSLAMC,638.60,638.80,-0.0003,0.0230,0.0229,0.4375
21-MAR-2025,ABSLBANETF,51.27,50.85,0.0082,0.0093,0.0093,0.1777
21-MAR-2025,ABSLLIQUID,999.99,1000.01,-0.0000,0.0000,0.0000,0.0000
21-MAR-2025,ABSLNN50ET,65.52,64.75,0.0118,0.0122,0.0122,0.2331
21-MAR-2025,ABSLPSE,9.34,9.19,0.0162,0.0128,0.0129,0.2465
21-MAR-2025,ACC,1915.65,1889.55,0.0137,0.0186,0.0186,0.3554
21-MAR-2025,ACCELYA,1322.10,1315.80,0.0048,0.0213,0.0213,0.4069
21-MAR-2025,ACCURACY,8.24,8.09,0.0184,0.0323,0.0322,0.6152
21-MAR-2025,ACCUVANT,10.15,10.15,0.0000,0.0000,0.0000,0.0000
21-MAR-2025,ACE,1250.90,1223.85,0.0219,0.0301,0.0301,0.5751
21-MAR-2025,ACEINTEG,22.63,22.75,-0.0053,0.0351,0.0350,0.6687
21-MAR-2025,ACESTONE,9.45,9.45,0.0000,0.0000,0.0000,0.0000
21-MAR-2025,ACI,562.60,563.50,-0.0016,0.0257,0.0256,0.4891
21-MAR-2025,ACL,56.54,56.56,-0.0004,0.0246,0.0245,0.4681
21-MAR-2025,ACLGATI,58.59,59.61,-0.0173,0.0268,0.0267,0.5101
21-MAR-2025,ACMESOLAR,202.30,199.95,0.0117,0.0243,0.0242,0.4623
21-MAR-2025,ADANIENSOL,831.70,815.10,0.0202,0.0362,0.0361,0.6897
21-MAR-2025,ADANIENT,2362.80,2339.30,0.0100,0.0313,0.0312,0.5961
21-MAR-2025,ADANIGREEN,954.25,923.40,0.0329,0.0361,0.0361,0.6897
21-MAR-2025,ADANIPORTS,1188.80,1177.45,0.0096,0.0250,0.0249,0.4757
21-MAR-2025,ADANIPOWER,522.10,519.65,0.0047,0.0310,0.0309,0.5903
21-MAR-2025,ADFFOODS,244.65,243.70,0.0039,0.0304,0.0303,0.5789
21-MAR-2025,ADL,72.82,70.93,0.0263,0.0322,0.0322,0.6152
21-MAR-2025,ADORWELD,888.50,895.15,-0.0075,0.0236,0.0235,0.4490
21-MAR-2025,ADROITINFO,13.05,13.43,-0.0287,0.0354,0.0354,0.6763
21-MAR-2025,ADSL,200.35,195.55,0.0242,0.0368,0.0368,0.7031
21-MAR-2025,ADVANIHOTR,62.13,61.91,0.0035,0.0260,0.0259,0.4948
21-MAR-2025,ADVENZYMES,291.55,288.25,0.0114,0.0243,0.0243,0.4643
21-MAR-2025,AEGISLOG,795.75,791.15,0.0058,0.0344,0.0343,0.6553
21-MAR-2025,AEROFLEX,176.80,174.25,0.0145,0.0329,0.0328,0.6266
21-MAR-2025,AETHER,874.20,857.85,0.0189,0.0201,0.0201,0.3840
21-MAR-2025,AFCONS,485.45,470.00,0.0323,0.0189,0.0190,0.3630
21-MAR-2025,AFDIL,145.50,145.50,0.0000,0.0000,0.0000,0.0000
21-MAR-2025,AFFLE,1541.60,1509.05,0.0213,0.0222,0.0222,0.4241
21-MAR-2025,AFFORDABLE,411.85,405.15,0.0164,0.0327,0.0326,0.6228
21-MAR-2025,AFIL,70.33,69.80,0.0076,0.0277,0.0277,0.5292
21-MAR-2025,AGARIND,1062.15,1061.35,0.0008,0.0291,0.0291,0.5560
21-MAR-2025,AGARWALEYE,444.90,433.90,0.0250,0.0084,0.0086,0.1643
21-MAR-2025,AGI,741.70,710.75,0.0426,0.0343,0.0344,0.6572
21-MAR-2025,AGIIL,931.00,854.65,0.0856,0.0206,0.0214,0.4088
21-MAR-2025,AGRITECH,146.20,141.40,0.0334,0.0355,0.0355,0.6782
21-MAR-2025,AGROPHOS,31.12,30.15,0.0317,0.0344,0.0344,0.6572
21-MAR-2025,AGSTRA,10.71,11.28,-0.0519,0.0354,0.0355,0.6782
21-MAR-2025,AHL,178.25,176.50,0.0099,0.0302,0.0301,0.5751
21-MAR-2025,AHLADA,64.07,63.10,0.0153,0.0313,0.0312,0.5961
21-MAR-2025,AHLEAST,137.40,135.70,0.0124,0.0269,0.0268,0.5120
21-MAR-2025,AHLUCONT,818.90,811.50,0.0091,0.0257,0.0257,0.4910
21-MAR-2025,AIAENG,3328.80,3250.70,0.0237,0.0156,0.0156,0.2980
21-MAR-2025,AIIL,1551.95,1597.40,-0.0289,0.0364,0.0363,0.6935
21-MAR-2025,AIRAN,28.51,27.07,0.0518,0.0343,0.0344,0.6572
21-MAR-2025,AIROLAM,97.56,95.45,0.0219,0.0313,0.0313,0.5980
21-MAR-2025,AJANTPHARM,2714.20,2626.35,0.0329,0.0220,0.0220,0.4203
21-MAR-2025,AJAXENGG,601.45,623.80,-0.0365,0.0068,0.0073,0.1395
21-MAR-2025,AJMERA,959.15,861.45,0.1074,0.0319,0.0327,0.6247
21-MAR-2025,AJOONI,6.27,6.11,0.0258,0.0324,0.0324,0.6190
21-MAR-2025,AKASH,25.88,25.99,-0.0042,0.0335,0.0334,0.6381
21-MAR-2025,AKG,13.41,13.23,0.0135,0.0286,0.0285,0.5445
21-MAR-2025,AKI,7.91,7.54,0.0479,0.0288,0.0289,0.5521
21-MAR-2025,AKSHAR,0.59,0.58,0.0171,0.0324,0.0324,0.6190
21-MAR-2025,AKSHARCHEM,221.85,218.95,0.0132,0.0277,0.0276,0.5273
21-MAR-2025,AKSHOPTFBR,8.22,8.05,0.0209,0.0376,0.0375,0.7164
21-MAR-2025,AKUMS,500.45,505.75,-0.0105,0.0235,0.0235,0.4490
21-MAR-2025,AKZOINDIA,3375.35,3299.40,0.0228,0.0210,0.0210,0.4012
21-MAR-2025,ALANKIT,15.84,15.44,0.0256,0.0311,0.0311,0.5942
21-MAR-2025,ALBERTDAVD,868.75,847.85,0.0244,0.0292,0.0292,0.5579
21-MAR-2025,ALEMBICLTD,100.08,97.17,0.0295,0.0275,0.0275,0.5254
21-MAR-2025,ALICON,706.75,702.60,0.0059,0.0261,0.0260,0.4967
21-MAR-2025,ALIVUS,1100.60,1133.40,-0.0294,0.0264,0.0265,0.5063
21-MAR-2025,ALKALI,90.83,92.41,-0.0172,0.0302,0.0302,0.5770
21-MAR-2025,ALKEM,4979.00,4906.15,0.0147,0.0158,0.0158,0.3019
21-MAR-2025,ALKYLAMINE,1604.55,1593.20,0.0071,0.0200,0.0199,0.3802
21-MAR-2025,ALLCARGO,30.97,30.68,0.0094,0.0257,0.0256,0.4891
21-MAR-2025,ALLDIGI,951.00,951.00,0.0000,0.0258,0.0257,0.4910
21-MAR-2025,ALMONDZ,18.84,18.99,-0.0079,0.0319,0.0318,0.6075
21-MAR-2025,ALOKINDS,16.91,16.26,0.0392,0.0292,0.0292,0.5579
21-MAR-2025,ALPA,112.45,111.71,0.0066,0.0311,0.0311,0.5942
21-MAR-2025,ALPHA,45.01,44.40,0.0136,0.0143,0.0143,0.2732
21-MAR-2025,ALPHAETF,22.55,22.37,0.0080,0.0133,0.0133,0.2541
21-MAR-2025,ALPHAGEO,242.75,246.00,-0.0133,0.0357,0.0356,0.6801
21-MAR-2025,ALPL30IETF,25.72,25.58,0.0055,0.0086,0.0086,0.1643
21-MAR-2025,ALPSINDUS,2.31,2.27,0.0175,0.0366,0.0365,0.6973
21-MAR-2025,AMARKANTAK,11.95,11.95,0.0000,0.0000,0.0000,0.0000
21-MAR-2025,AMARVAN,10.00,10.00,0.0000,0.0000,0.0000,0.0000
21-MAR-2025,AMBER,6890.55,7248.30,-0.0506,0.0328,0.0329,0.6286
21-MAR-2025,AMBICAAGAR,27.68,26.90,0.0286,0.0303,0.0303,0.5789
21-MAR-2025,AMBIKCO,1384.80,1329.35,0.0409,0.0210,0.0211,0.4031
21-MAR-2025,AMBUJACEM,514.50,504.70,0.0192,0.0217,0.0217,0.4146
21-MAR-2025,AMDIND,46.55,42.70,0.0863,0.0321,0.0326,0.6228
21-MAR-2025,AMIORG,2423.45,2377.85,0.0190,0.0303,0.0302,0.5770
21-MAR-2025,AMJLAND,49.54,49.66,-0.0024,0.0323,0.0322,0.6152
21-MAR-2025,AMNPLST,229.80,225.95,0.0169,0.0364,0.0363,0.6935
21-MAR-2025,AMRUTANJAN,640.60,631.65,0.0141,0.0199,0.0199,0.3802
21-MAR-2025,ANANDRATHI,1774.80,1729.95,0.0256,0.0203,0.0203,0.3878
21-MAR-2025,ANANTRAJ,540.25,520.65,0.0370,0.0376,0.0376,0.7183
21-MAR-2025,ANDHRAPAP,72.48,70.85,0.0227,0.0210,0.0210,0.4012
21-MAR-2025,ANDHRSUGAR,69.58,70.71,-0.0161,0.0229,0.0229,0.4375
21-MAR-2025,ANGELONE,2336.85,2262.75,0.0322,0.0325,0.0325,0.6209
21-MAR-2025,ANIKINDS,99.65,92.17,0.0780,0.0316,0.0320,0.6114
21-MAR-2025,ANMOL,16.65,16.55,0.0060,0.0295,0.0295,0.5636
21-MAR-2025,ANSALAPI,4.06,4.04,0.0049,0.0315,0.0314,0.5999
21-MAR-2025,ANTGRAPHIC,1.04,1.03,0.0097,0.0369,0.0368,0.7031
21-MAR-2025,ANUHPHR,158.05,155.80,0.0143,0.0260,0.0259,0.4948
21-MAR-2025,ANUP,3265.90,3135.75,0.0407,0.0331,0.0332,0.6343
21-MAR-2025,ANURAS,770.65,774.85,-0.0054,0.0182,0.0181,0.3458
21-MAR-2025,ANZEN,105.70,105.52,0.0017,0.0028,0.0028,0.0535
21-MAR-2025,AONETOTAL,10.68,10.63,0.0047,0.0025,0.0025,0.0478
21-MAR-2025,APARINDS,5928.15,5717.00,0.0363,0.0313,0.0313,0.5980
21-MAR-2025,APCL,105.65,100.65,0.0485,0.0275,0.0277,0.5292
21-MAR-2025,APCOTEXIND,318.45,321.35,-0.0091,0.0221,0.0220,0.4203
21-MAR-2025,APEX,231.80,236.00,-0.0180,0.0301,0.0300,0.5731
21-MAR-2025,APLAPOLLO,1511.55,1510.30,0.0008,0.0209,0.0208,0.3974
21-MAR-2025,APLLTD,952.50,834.70,0.1320,0.0221,0.0240,0.4585
21-MAR-2025,APOLLO,125.20,118.00,0.0592,0.0342,0.0344,0.6572
21-MAR-2025,APOLLOHOSP,6611.70,6474.35,0.0210,0.0148,0.0148,0.2828
21-MAR-2025,APOLLOPIPE,365.05,340.95,0.0683,0.0239,0.0243,0.4643
21-MAR-2025,APOLLOTYRE,425.85,427.00,-0.0027,0.0185,0.0185,0.3534
21-MAR-2025,APOLSINHOT,1281.95,1238.00,0.0349,0.0322,0.0322,0.6152
21-MAR-2025,APTECHT,126.00,125.80,0.0016,0.0307,0.0306,0.5846
21-MAR-2025,APTUS,304.05,296.00,0.0268,0.0209,0.0209,0.3993
21-MAR-2025,ARCHIDPLY,88.72,87.01,0.0195,0.0356,0.0355,0.6782
21-MAR-2025,ARCHIES,16.58,16.57,0.0006,0.0314,0.0314,0.5999
21-MAR-2025,ARE&M,1063.85,1038.30,0.0243,0.0248,0.0248,0.4738
21-MAR-2025,ARENTERP,48.69,45.14,0.0757,0.0408,0.0410,0.7833
21-MAR-2025,ARIES,251.45,250.40,0.0042,0.0327,0.0326,0.6228
21-MAR-2025,ARIHANTCAP,72.99,75.69,-0.0363,0.0359,0.0359,0.6859
21-MAR-2025,ARIHANTSUP,383.00,383.35,-0.0009,0.0315,0.0314,0.5999
21-MAR-2025,ARKADE,158.05,155.05,0.0192,0.0225,0.0225,0.4299
21-MAR-2025,ARMANFIN,1433.15,1251.15,0.1358,0.0269,0.0285,0.5445
21-MAR-2025,AROGRANITE,39.43,35.25,0.1121,0.0274,0.0285,0.5445
21-MAR-2025,ARROWGREEN,524.95,514.85,0.0194,0.0375,0.0374,0.7145
21-MAR-2025,ARTEMISMED,259.85,257.35,0.0097,0.0295,0.0294,0.5617
21-MAR-2025,ARTNIRMAN,44.78,43.11,0.0380,0.0366,0.0366,0.6992
21-MAR-2025,ARVEE,154.95,152.00,0.0192,0.0365,0.0364,0.6954
21-MAR-2025,ARVIND,335.10,327.25,0.0237,0.0287,0.0287,0.5483
21-MAR-2025,ARVINDFASN,405.80,390.25,0.0391,0.0240,0.0241,0.4604
21-MAR-2025,ARVSMART,703.45,697.75,0.0081,0.0312,0.0311,0.5942
21-MAR-2025,ASAHIINDIA,627.70,621.50,0.0099,0.0231,0.0230,0.4394
21-MAR-2025,ASAHISONG,361.35,345.15,0.0459,0.0333,0.0333,0.6362
21-MAR-2025,ASAL,513.90,494.00,0.0395,0.0344,0.0345,0.6591
21-MAR-2025,ASALCBR,1425.70,1383.90,0.0298,0.0339,0.0339,0.6477
21-MAR-2025,ASHAPURMIN,366.85,349.30,0.0490,0.0382,0.0383,0.7317
21-MAR-2025,ASHIANA,303.30,303.15,0.0005,0.0297,0.0297,0.5674
21-MAR-2025,ASHIMASYN,20.15,19.59,0.0282,0.0401,0.0400,0.7642
21-MAR-2025,ASHOKA,192.45,185.30,0.0379,0.0310,0.0310,0.5923
21-MAR-2025,ASHOKAMET,17.21,17.19,0.0012,0.0325,0.0324,0.6190
21-MAR-2025,ASHOKLEY,210.85,207.50,0.0160,0.0201,0.0201,0.3840
21-MAR-2025,ASIANENE,283.30,284.45,-0.0041,0.0383,0.0382,0.7298
21-MAR-2025,ASIANHOTNR,399.50,380.60,0.0485,0.0306,0.0307,0.5865
21-MAR-2025,ASIANPAINT,2300.40,2287.20,0.0058,0.0136,0.0136,0.2598
21-MAR-2025,ASIANTILES,45.69,45.52,0.0037,0.0301,0.0300,0.5731
21-MAR-2025,ASKAUTOLTD,454.10,440.65,0.0301,0.0233,0.0234,0.4471
21-MAR-2025,ASMS,15.68,15.31,0.0239,0.0393,0.0393,0.7508
21-MAR-2025,ASPINWALL,260.45,253.95,0.0253,0.0312,0.0311,0.5942
21-MAR-2025,ASTEC,694.50,667.85,0.0391,0.0290,0.0290,0.5540
21-MAR-2025,ASTERDM,433.00,433.45,-0.0010,0.0217,0.0217,0.4146
21-MAR-2025,ASTRAL,1291.55,1274.30,0.0134,0.0169,0.0169,0.3229
21-MAR-2025,ASTRAMICRO,706.65,688.15,0.0265,0.0267,0.0267,0.5101
21-MAR-2025,ASTRAZEN,8511.25,8383.80,0.0151,0.0259,0.0259,0.4948
21-MAR-2025,ASTRON,12.55,12.16,0.0316,0.0280,0.0280,0.5349
21-MAR-2025,ATALREAL,13.46,13.48,-0.0015,0.0286,0.0285,0.5445
21-MAR-2025,ATAM,85.25,83.95,0.0154,0.0295,0.0295,0.5636
21-MAR-2025,ATFL,809.10,811.70,-0.0032,0.0256,0.0255,0.4872
21-MAR-2025,ATGL,630.70,619.60,0.0178,0.0323,0.0323,0.6171
21-MAR-2025,ATL,25.78,25.27,0.0200,0.0261,0.0261,0.4986
21-MAR-2025,ATLANTAA,28.58,28.02,0.0198,0.0321,0.0321,0.6133
21-MAR-2025,ATLASCYCLE,90.40,86.05,0.0493,0.0547,0.0547,1.0450
21-MAR-2025,ATUL,5774.55,5676.60,0.0171,0.0170,0.0170,0.3248
21-MAR-2025,ATULAUTO,468.10,452.25,0.0344,0.0290,0.0290,0.5540
21-MAR-2025,AUBANK,542.80,525.25,0.0329,0.0200,0.0201,0.3840
21-MAR-2025,AURIONPRO,1417.25,1523.45,-0.0723,0.0321,0.0324,0.6190
21-MAR-2025,AUROPHARMA,1200.35,1174.15,0.0221,0.0181,0.0181,0.3458
21-MAR-2025,AURUM,173.35,172.95,0.0023,0.0310,0.0310,0.5923
21-MAR-2025,AUSOMENT,77.86,77.86,0.0000,0.0361,0.0360,0.6878
21-MAR-2025,AUTOAXLES,1719.15,1735.90,-0.0097,0.0175,0.0175,0.3343
21-MAR-2025,AUTOBEES,221.70,220.52,0.0053,0.0113,0.0113,0.2159
21-MAR-2025,AUTOIETF,22.19,22.11,0.0036,0.0114,0.0114,0.2178
21-MAR-2025,AUTOIND,75.26,72.92,0.0316,0.0333,0.0333,0.6362
21-MAR-2025,AVADHSUGAR,446.50,427.60,0.0433,0.0274,0.0275,0.5254
21-MAR-2025,AVALON,768.80,766.25,0.0033,0.0311,0.0310,0.5923
21-MAR-2025,AVANTEL,121.05,116.90,0.0349,0.0228,0.0229,0.4375
21-MAR-2025,AVANTIFEED,933.90,931.60,0.0025,0.0282,0.0282,0.5388
21-MAR-2025,AVG,253.05,241.40,0.0471,0.0298,0.0300,0.5731
21-MAR-2025,AVL,436.85,436.30,0.0013,0.0301,0.0301,0.5751
21-MAR-2025,AVONMORE,19.67,18.86,0.0421,0.0358,0.0358,0.6840
21-MAR-2025,AVROIND,160.00,164.40,-0.0271,0.0313,0.0313,0.5980
21-MAR-2025,AVTNPL,58.37,57.28,0.0189,0.0231,0.0231,0.4413
21-MAR-2025,AWFIS,619.45,604.85,0.0239,0.0251,0.0251,0.4795
21-MAR-2025,AWHCL,517.80,516.70,0.0021,0.0304,0.0304,0.5808
21-MAR-2025,AWL,265.25,254.85,0.0400,0.0275,0.0275,0.5254
21-MAR-2025,AXISBANK,1070.15,1054.35,0.0149,0.0145,0.0145,0.2770
21-MAR-2025,AXISBNKETF,515.92,511.04,0.0095,0.0093,0.0093,0.1777
21-MAR-2025,AXISBPSETF,12.45,12.44,0.0008,0.0020,0.0020,0.0382
21-MAR-2025,AXISCADES,963.55,917.70,0.0488,0.0355,0.0356,0.6801
21-MAR-2025,AXISCETF,110.70,110.01,0.0063,0.0108,0.0108,0.2063
21-MAR-2025,AXISGOLD,74.53,75.03,-0.0067,0.0081,0.0081,0.1548
21-MAR-2025,AXISHCETF,142.18,139.98,0.0156,0.0114,0.0114,0.2178
21-MAR-2025,AXISILVER,98.04,99.41,-0.0139,0.0126,0.0126,0.2407
21-MAR-2025,AXISNIFTY,254.00,251.58,0.0096,0.0076,0.0077,0.1471
21-MAR-2025,AXISTECETF,395.08,393.98,0.0028,0.0127,0.0127,0.2426
21-MAR-2025,AXISVALUE,26.83,25.87,0.0364,0.0035,0.0044,0.0841
21-MAR-2025,AXITA,10.02,10.02,0.0000,0.0250,0.0249,0.4757
21-MAR-2025,AXSENSEX,78.66,78.05,0.0078,0.0099,0.0099,0.1891
21-MAR-2025,AYMSYNTEX,209.55,199.75,0.0479,0.0323,0.0324,0.6190
21-MAR-2025,AZAD,1435.65,1389.45,0.0327,0.0286,0.0286,0.5464
21-MAR-2025,BAFNAPH,78.60,82.00,-0.0423,0.0278,0.0279,0.5330
21-MAR-2025,BAGFILMS,6.16,6.13,0.0049,0.0356,0.0356,0.6801
21-MAR-2025,BAIDFIN,10.11,10.15,-0.0039,0.0295,0.0294,0.5617
21-MAR-2025,BAJAJ-AUTO,8068.35,7920.00,0.0186,0.0173,0.0173,0.3305
21-MAR-2025,BAJAJCON,164.10,164.10,0.0000,0.0200,0.0199,0.3802
21-MAR-2025,BAJAJELEC,597.15,582.10,0.0255,0.0188,0.0189,0.3611
21-MAR-2025,BAJAJFINSV,1847.25,1851.85,-0.0025,0.0158,0.0157,0.2999
21-MAR-2025,BAJAJHCARE,708.65,707.55,0.0016,0.0379,0.0378,0.7222
21-MAR-2025,BAJAJHFL,123.60,121.15,0.0200,0.0171,0.0171,0.3267
21-MAR-2025,BAJAJHIND,20.83,20.07,0.0372,0.0328,0.0328,0.6266
21-MAR-2025,BAJAJHLDNG,12273.35,11999.10,0.0226,0.0208,0.0208,0.3974
21-MAR-2025,BAJAJINDEF,262.60,258.60,0.0153,0.0123,0.0123,0.2350
21-MAR-2025,BAJEL,174.95,167.30,0.0447,0.0315,0.0316,0.6037
21-MAR-2025,BAJFINANCE,8916.15,8679.65,0.0269,0.0165,0.0166,0.3171
21-MAR-2025,BALAJEE,50.94,54.21,-0.0622,0.0193,0.0198,0.3783
21-MAR-2025,BALAJITELE,57.21,57.70,-0.0085,0.0326,0.0325,0.6209
21-MAR-2025,BALAMINES,1263.25,1253.35,0.0079,0.0234,0.0234,0.4471
21-MAR-2025,BALAXI,69.23,69.57,-0.0049,0.0352,0.0351,0.6706
21-MAR-2025,BALKRISHNA,18.92,18.62,0.0160,0.0335,0.0334,0.6381
21-MAR-2025,BALKRISIND,2609.85,2600.25,0.0037,0.0181,0.0181,0.3458
21-MAR-2025,BALMLAWRIE,191.05,185.10,0.0316,0.0274,0.0274,0.5235
21-MAR-2025,BALPHARMA,89.25,89.30,-0.0006,0.0298,0.0297,0.5674
21-MAR-2025,BALRAMCHIN,534.65,541.05,-0.0119,0.0244,0.0244,0.4662
21-MAR-2025,BALUFORGE,601.80,502.20,0.1809,0.0336,0.0359,0.6859
21-MAR-2025,BANARBEADS,133.40,133.15,0.0019,0.0297,0.0296,0.5655
21-MAR-2025,BANARISUG,3694.80,3633.95,0.0166,0.0212,0.0212,0.4050
21-MAR-2025,BANCOINDIA,353.55,344.20,0.0268,0.0365,0.0365,0.6973
21-MAR-2025,BANDHANBNK,144.95,141.50,0.0241,0.0242,0.0242,0.4623
21-MAR-2025,BANG,50.17,50.33,-0.0032,0.0363,0.0362,0.6916
21-MAR-2025,BANKA,83.93,84.79,-0.0102,0.0374,0.0373,0.7126
21-MAR-2025,BANKBARODA,216.70,215.65,0.0049,0.0208,0.0208,0.3974
21-MAR-2025,BANKBEES,518.10,513.32,0.0093,0.0089,0.0089,0.1700
21-MAR-2025,BANKBETF,50.98,50.44,0.0106,0.0106,0.0106,0.2025
21-MAR-2025,BANKETF,509.91,503.94,0.0118,0.0087,0.0087,0.1662
21-MAR-2025,BANKETFADD,51.36,50.82,0.0106,0.0090,0.0090,0.1719
21-MAR-2025,BANKIETF,51.36,50.81,0.0108,0.0093,0.0093,0.1777
21-MAR-2025,BANKINDIA,105.84,102.40,0.0330,0.0238,0.0238,0.4547
21-MAR-2025,BANKNIFTY1,519.09,514.22,0.0094,0.0093,0.0093,0.1777
21-MAR-2025,BANKPSU,61.24,60.24,0.0165,0.0106,0.0106,0.2025
21-MAR-2025,BANSALWIRE,364.40,369.05,-0.0127,0.0196,0.0195,0.3725
21-MAR-2025,BANSWRAS,131.95,130.95,0.0076,0.0258,0.0257,0.4910
21-MAR-2025,BARBEQUE,286.05,285.25,0.0028,0.0238,0.0237,0.4528
21-MAR-2025,BASF,4516.80,4519.85,-0.0007,0.0277,0.0276,0.5273
21-MAR-2025,BASML,32.36,31.77,0.0184,0.0304,0.0303,0.5789
21-MAR-2025,BATAINDIA,1243.40,1269.35,-0.0207,0.0156,0.0157,0.2999
21-MAR-2025,BAYERCROP,4874.30,4970.95,-0.0196,0.0191,0.0191,0.3649
21-MAR-2025,BBETF0432,1230.00,1228.56,0.0012,0.0021,0.0021,0.0401
21-MAR-2025,BBL,2794.10,2669.75,0.0455,0.0344,0.0344,0.6572
21-MAR-2025,BBNPNBETF,50.35,50.06,0.0058,0.0072,0.0072,0.1376
21-MAR-2025,BBNPPGOLD,87.00,87.10,-0.0011,0.0085,0.0084,0.1605
21-MAR-2025,BBOX,359.80,358.35,0.0040,0.0316,0.0316,0.6037
21-MAR-2025,BBTC,1784.65,1737.70,0.0267,0.0291,0.0291,0.5560
21-MAR-2025,BBTCL,140.40,139.75,0.0046,0.0235,0.0235,0.4490
21-MAR-2025,BCLIND,39.26,38.58,0.0175,0.0300,0.0300,0.5731
21-MAR-2025,BCONCEPTS,336.15,331.20,0.0148,0.0330,0.0329,0.6286
21-MAR-2025,BDL,1293.10,1247.00,0.0363,0.0304,0.0304,0.5808
21-MAR-2025,BEARDSELL,28.65,28.63,0.0007,0.0350,0.0349,0.6668
21-MAR-2025,BECTORFOOD,1561.10,1551.75,0.0060,0.0263,0.0263,0.5025
21-MAR-2025,BEDMUTHA,167.95,173.45,-0.0322,0.0323,0.0323,0.6171
21-MAR-2025,BEL,295.75,297.05,-0.0044,0.0231,0.0230,0.4394
21-MAR-2025,BEML,2794.65,2743.90,0.0183,0.0319,0.0318,0.6075
21-MAR-2025,BEPL,111.30,109.40,0.0172,0.0290,0.0290,0.5540
21-MAR-2025,BERGEPAINT,500.30,507.85,-0.0150,0.0155,0.0155,0.2961
21-MAR-2025,BESTAGRO,259.70,264.95,-0.0200,0.0346,0.0345,0.6591
21-MAR-2025,BFINVEST,497.15,482.55,0.0298,0.0302,0.0302,0.5770
21-MAR-2025,BFSI,25.16,24.86,0.0120,0.0096,0.0096,0.1834
21-MAR-2025,BFUTILITIE,697.50,653.10,0.0658,0.0345,0.0348,0.6649
21-MAR-2025,BGRENERGY,85.93,84.25,0.0197,0.0359,0.0358,0.6840
21-MAR-2025,BHAGCHEM,286.25,289.75,-0.0122,0.0277,0.0276,0.5273
21-MAR-2025,BHAGERIA,157.70,156.55,0.0073,0.0301,0.0300,0.5731
21-MAR-2025,BHAGYANGR,74.10,73.83,0.0037,0.0313,0.0312,0.5961
21-MAR-2025,BHANDARI,5.12,5.09,0.0059,0.0315,0.0314,0.5999
21-MAR-2025,BHARATFORG,1181.25,1194.30,-0.0110,0.0200,0.0199,0.3802
21-MAR-2025,BHARATGEAR,72.44,72.50,-0.0008,0.0226,0.0225,0.4299
21-MAR-2025,BHARATRAS,10224.30,10173.70,0.0050,0.0270,0.0269,0.5139
21-MAR-2025,BHARATWIRE,190.15,175.25,0.0816,0.0346,0.0350,0.6687
21-MAR-2025,BHARTIARTL,1725.80,1705.25,0.0120,0.0143,0.0143,0.2732
21-MAR-2025,BHARTIHEXA,1337.10,1328.30,0.0066,0.0243,0.0242,0.4623
21-MAR-2025,BHEL,211.95,206.55,0.0258,0.0285,0.0285,0.5445
21-MAR-2025,BIGBLOC,68.95,65.63,0.0493,0.0343,0.0344,0.6572
21-MAR-2025,BIKAJI,696.95,699.30,-0.0034,0.0249,0.0248,0.4738
21-MAR-2025,BIL,492.00,501.60,-0.0193,0.0330,0.0330,0.6305
21-MAR-2025,BINANIIND,10.55,10.51,0.0038,0.0317,0.0316,0.6037
21-MAR-2025,BIOCON,344.10,341.10,0.0088,0.0226,0.0225,0.4299
21-MAR-2025,BIOFILCHEM,44.81,44.27,0.0121,0.0328,0.0327,0.6247
21-MAR-2025,BIRET,306.19,295.11,0.0369,0.0119,0.0122,0.2331
21-MAR-2025,BIRLACABLE,146.25,144.25,0.0138,0.0310,0.0309,0.5903
21-MAR-2025,BIRLACORPN,1042.80,1041.35,0.0014,0.0209,0.0208,0.3974
21-MAR-2025,BIRLAMONEY,168.20,159.90,0.0506,0.0358,0.0359,0.6859
21-MAR-2025,BIUL,52.35,52.35,0.0000,0.0731,0.0729,1.3928
21-MAR-2025,BLACKBUCK,410.65,409.15,0.0037,0.0258,0.0258,0.4929
21-MAR-2025,BLAL,202.40,202.40,0.0000,0.0274,0.0274,0.5235
21-MAR-2025,BLBLIMITED,17.50,16.94,0.0325,0.0334,0.0334,0.6381
21-MAR-2025,BLISSGVS,122.80,120.85,0.0160,0.0344,0.0343,0.6553
21-MAR-2025,BLKASHYAP,51.36,49.78,0.0312,0.0313,0.0313,0.5980
21-MAR-2025,BLS,397.30,361.60,0.0942,0.0293,0.0300,0.5731
21-MAR-2025,BLSE,163.90,154.80,0.0571,0.0240,0.0243,0.4643
21-MAR-2025,BLUECHIP,7.52,7.59,-0.0093,0.1105,0.1102,2.1054
21-MAR-2025,BLUECOAST,42.60,43.81,-0.0280,0.0847,0.0845,1.6144
21-MAR-2025,BLUEDART,5897.40,5898.05,-0.0001,0.0201,0.0201,0.3840
21-MAR-2025,BLUEJET,906.90,925.75,-0.0206,0.0261,0.0260,0.4967
21-MAR-2025,BLUESTARCO,2152.55,2208.70,-0.0258,0.0252,0.0252,0.4814
21-MAR-2025,BODALCHEM,64.17,64.18,-0.0002,0.0263,0.0262,0.5006
21-MAR-2025,BOHRAIND,37.77,37.03,0.0198,0.0249,0.0249,0.4757
21-MAR-2025,BOMDYEING,138.90,134.00,0.0359,0.0305,0.0305,0.5827
21-MAR-2025,BOROLTD,343.60,339.15,0.0130,0.0270,0.0269,0.5139
21-MAR-2025,BORORENEW,507.35,520.30,-0.0252,0.0283,0.0283,0.5407
21-MAR-2025,BOROSCI,126.65,124.05,0.0207,0.0214,0.0214,0.4088
21-MAR-2025,BOSCHLTD,27432.30,27624.35,-0.0070,0.0151,0.0151,0.2885
21-MAR-2025,BPCL,279.65,272.15,0.0272,0.0195,0.0195,0.3725
21-MAR-2025,BPL,75.18,75.12,0.0008,0.0339,0.0338,0.6457
21-MAR-2025,BRIGADE,963.85,957.25,0.0069,0.0244,0.0243,0.4643
21-MAR-2025,BRITANNIA,4814.05,4831.10,-0.0035,0.0132,0.0131,0.2503
21-MAR-2025,BRNL,33.99,35.00,-0.0293,0.0327,0.0327,0.6247
21-MAR-2025,BROOKS,120.18,118.56,0.0136,0.0348,0.0348,0.6649
21-MAR-2025,BSE,4779.75,4478.10,0.0652,0.0360,0.0362,0.6916
21-MAR-2025,BSE500IETF,35.83,35.51,0.0090,0.0088,0.0088,0.1681
21-MAR-2025,BSHSL,125.94,128.71,-0.0218,0.0283,0.0283,0.5407
21-MAR-2025,BSL,180.45,179.55,0.0050,0.0353,0.0352,0.6725
21-MAR-2025,BSLGOLDETF,78.38,78.57,-0.0024,0.0084,0.0083,0.1586
21-MAR-2025,BSLNIFTY,26.88,26.68,0.0075,0.0077,0.0077,0.1471
21-MAR-2025,BSLSENETFG,76.12,75.51,0.0080,0.0083,0.0083,0.1586
21-MAR-2025,BSOFT,404.35,409.00,-0.0114,0.0217,0.0216,0.4127
21-MAR-2025,BTML,9.02,9.18,-0.0176,0.0334,0.0333,0.6362
21-MAR-2025,BUTTERFLY,619.80,619.60,0.0003,0.0254,0.0254,0.4853
21-MAR-2025,BVCL,40.71,40.30,0.0101,0.0304,0.0303,0.5789
21-MAR-2025,BYKE,68.43,67.99,0.0065,0.0304,0.0304,0.5808
21-MAR-2025,CALSOFT,11.86,12.11,-0.0209,0.0315,0.0315,0.6018
21-MAR-2025,CAMLINFINE,173.10,177.60,-0.0257,0.0304,0.0303,0.5789
21-MAR-2025,CAMPUS,241.90,251.15,-0.0375,0.0240,0.0241,0.4604
21-MAR-2025,CAMS,3815.65,3706.15,0.0291,0.0256,0.0256,0.4891
21-MAR-2025,CANBK,87.54,85.84,0.0196,0.0215,0.0215,0.4108
21-MAR-2025,CANFINHOME,675.55,676.50,-0.0014,0.0202,0.0202,0.3859
21-MAR-2025,CANTABIL,270.30,280.65,-0.0376,0.0291,0.0291,0.5560
21-MAR-2025,CAPACITE,354.50,352.50,0.0057,0.0291,0.0290,0.5540
21-MAR-2025,CAPFIN,10.00,10.00,0.0000,0.0000,0.0000,0.0000
21-MAR-2025,CAPINVIT,89.92,89.72,0.0022,0.0057,0.0057,0.1089
21-MAR-2025,CAPITALSFB,282.40,278.10,0.0153,0.0147,0.0147,0.2808
21-MAR-2025,CAPLIPOINT,1997.95,1958.35,0.0200,0.0283,0.0282,0.5388
21-MAR-2025,CAPTRUST,94.95,93.97,0.0104,0.0421,0.0420,0.8024
21-MAR-2025,CARBORUNIV,1021.95,977.85,0.0441,0.0204,0.0205,0.3917
21-MAR-2025,CARERATING,1160.65,1130.25,0.0265,0.0258,0.0258,0.4929
21-MAR-2025,CARRARO,333.45,319.80,0.0418,0.0249,0.0250,0.4776
21-MAR-2025,CARTRADE,1807.15,1705.55,0.0579,0.0309,0.0311,0.5942
21-MAR-2025,CARYSIL,673.25,642.05,0.0475,0.0307,0.0308,0.5884
21-MAR-2025,CASHIETF,1002.16,1001.65,0.0005,0.0000,0.0000,0.0000
21-MAR-2025,CASTLE,25.35,25.35,0.0000,0.0000,0.0000,0.0000
21-MAR-2025,CASTROLIND,217.45,216.40,0.0048,0.0261,0.0261,0.4986
21-MAR-2025,CCCL,12.96,13.17,-0.0161,0.1062,0.1059,2.0232
21-MAR-2025,CCHHL,16.89,16.93,-0.0024,0.0349,0.0348,0.6649
21-MAR-2025,CCL,593.35,566.60,0.0461,0.0202,0.0204,0.3897
21-MAR-2025,CDSL,1216.30,1170.30,0.0386,0.0268,0.0269,0.5139
21-MAR-2025,CEATLTD,2840.45,2767.00,0.0262,0.0233,0.0233,0.4451
21-MAR-2025,CEIGALL,263.00,258.40,0.0176,0.0169,0.0169,0.3229
21-MAR-2025,CELEBRITY,11.17,11.08,0.0081,0.0342,0.0342,0.6534
21-MAR-2025,CELLO,577.80,544.50,0.0594,0.0160,0.0165,0.3152
21-MAR-2025,CENTENKA,539.25,533.40,0.0109,0.0304,0.0304,0.5808
21-MAR-2025,CENTEXT,19.26,18.86,0.0210,0.0353,0.0352,0.6725
21-MAR-2025,CENTRALBK,45.15,44.04,0.0249,0.0294,0.0293,0.5598
21-MAR-2025,CENTRUM,25.49,26.05,-0.0217,0.0343,0.0342,0.6534
21-MAR-2025,CENTUM,1483.00,1484.20,-0.0008,0.0371,0.0370,0.7069
21-MAR-2025,CENTURYPLY,726.80,704.25,0.0315,0.0219,0.0220,0.4203
21-MAR-2025,CERA,5600.90,5416.40,0.0335,0.0205,0.0206,0.3936
21-MAR-2025,CEREBRAINT,4.70,4.61,0.0193,0.0328,0.0327,0.6247
21-MAR-2025,CESC,150.80,146.80,0.0269,0.0243,0.0243,0.4643
21-MAR-2025,CEWATER,538.05,521.50,0.0312,0.0267,0.0268,0.5120
21-MAR-2025,CGCL,166.75,165.75,0.0060,0.0282,0.0281,0.5368
21-MAR-2025,CGPOWER,641.25,653.30,-0.0186,0.0253,0.0252,0.4814
21-MAR-2025,CHALET,815.90,804.50,0.0141,0.0218,0.0218,0.4165
21-MAR-2025,CHAMBLFERT,597.05,579.55,0.0297,0.0269,0.0269,0.5139
21-MAR-2025,CHEMBOND,534.65,537.70,-0.0057,0.0268,0.0268,0.5120
21-MAR-2025,CHEMCON,179.20,175.60,0.0203,0.0208,0.0208,0.3974
21-MAR-2025,CHEMFAB,761.65,764.20,-0.0033,0.0334,0.0333,0.6362
21-MAR-2025,CHEMPLASTS,463.35,435.60,0.0618,0.0213,0.0217,0.4146
21-MAR-2025,CHENNPETRO,632.95,575.50,0.0952,0.0315,0.0321,0.6133
21-MAR-2025,CHEVIOT,1040.10,1041.25,-0.0011,0.0195,0.0194,0.3706
21-MAR-2025,CHOICEIN,496.95,502.20,-0.0105,0.0179,0.0179,0.3420
21-MAR-2025,CHOLAFIN,1538.50,1493.00,0.0300,0.0211,0.0212,0.4050
21-MAR-2025,CHOLAHLDNG,1692.80,1626.65,0.0399,0.0220,0.0222,0.4241
21-MAR-2025,CIEINDIA,405.15,401.95,0.0079,0.0193,0.0192,0.3668
21-MAR-2025,CIGNITITEC,1413.00,1396.85,0.0115,0.0234,0.0233,0.4451
21-MAR-2025,CINELINE,81.73,79.02,0.0337,0.0298,0.0298,0.5693
21-MAR-2025,CINEVISTA,14.34,14.21,0.0091,0.0324,0.0323,0.6171
21-MAR-2025,CIPLA,1523.85,1512.05,0.0078,0.0149,0.0149,0.2847
21-MAR-2025,CITYGOLD,10.00,10.00,0.0000,0.0000,0.0000,0.0000
21-MAR-2025,CLEAN,1236.75,1252.95,-0.0130,0.0203,0.0202,0.3859
21-MAR-2025,CLEDUCATE,71.90,73.37,-0.0202,0.0345,0.0344,0.6572
21-MAR-2025,CLSEL,325.05,322.40,0.0082,0.0307,0.0306,0.5846
21-MAR-2025,CMSINFO,489.10,457.00,0.0679,0.0217,0.0222,0.4241
21-MAR-2025,COALINDIA,405.40,396.40,0.0225,0.0187,0.0187,0.3573
21-MAR-2025,COASTCORP,41.60,40.65,0.0231,0.0311,0.0310,0.5923
21-MAR-2025,COCHINSHIP,1438.20,1450.50,-0.0085,0.0337,0.0336,0.6419
21-MAR-2025,COFFEEDAY,28.36,27.02,0.0484,0.0383,0.0383,0.7317
21-MAR-2025,COFORGE,7746.80,7578.30,0.0220,0.0225,0.0225,0.4299
21-MAR-2025,COLPAL,2401.30,2418.30,-0.0071,0.0152,0.0152,0.2904
21-MAR-2025,COMMOIETF,85.02,84.30,0.0085,0.0109,0.0109,0.2082
21-MAR-2025,COMPINFO,1.64,1.66,-0.0121,0.0320,0.0319,0.6094
21-MAR-2025,COMPUSOFT,19.72,19.37,0.0179,0.0391,0.0390,0.7451
21-MAR-2025,COMSYN,84.19,76.60,0.0945,0.0273,0.0281,0.5368
21-MAR-2025,CONCOR,689.65,675.90,0.0201,0.0214,0.0214,0.4088
21-MAR-2025,CONCORDBIO,1680.10,1643.30,0.0221,0.0300,0.0299,0.5712
21-MAR-2025,CONFIPET,51.55,50.08,0.0289,0.0285,0.0285,0.5445
21-MAR-2025,CONS,110.23,109.38,0.0077,0.0125,0.0125,0.2388
21-MAR-2025,CONSOFINVT,185.31,185.18,0.0007,0.0278,0.0277,0.5292
21-MAR-2025,CONSUMBEES,119.59,118.96,0.0053,0.0086,0.0086,0.1643
21-MAR-2025,CONSUMER,10.64,10.54,0.0094,0.0074,0.0075,0.1433
21-MAR-2025,CONSUMIETF,110.81,110.09,0.0065,0.0089,0.0089,0.1700
21-MAR-2025,CONTROLPR,657.70,632.25,0.0395,0.0211,0.0212,0.4050
21-MAR-2025,CORALFINAC,38.21,37.02,0.0316,0.0337,0.0336,0.6419
21-MAR-2025,CORDSCABLE,178.90,168.85,0.0578,0.0355,0.0356,0.6801
21-MAR-2025,COROMANDEL,1977.00,1983.05,-0.0031,0.0184,0.0184,0.3515
21-MAR-2025,COSMOFIRST,653.60,653.60,0.0000,0.0301,0.0300,0.5731
21-MAR-2025,COUNCODOS,6.49,6.06,0.0686,0.0341,0.0344,0.6572
21-MAR-2025,CPCAP,380.75,379.05,0.0045,0.0297,0.0297,0.5674
21-MAR-2025,CPSEETF,86.42,84.92,0.0175,0.0153,0.0154,0.2942
21-MAR-2025,CRAFTSMAN,4814.65,4729.10,0.0179,0.0253,0.0253,0.4834
21-MAR-2025,CREATIVE,673.90,660.35,0.0203,0.0307,0.0307,0.5865
21-MAR-2025,CREATIVEYE,6.25,6.15,0.0161,0.0389,0.0388,0.7413
21-MAR-2025,CRED,16.35,16.50,-0.0091,0.0015,0.0016,0.0306
21-MAR-2025,CREDITACC,1009.50,971.60,0.0383,0.0297,0.0298,0.5693
21-MAR-2025,CREST,397.85,400.90,-0.0076,0.0325,0.0325,0.6209
21-MAR-2025,CRISIL,4233.90,4416.50,-0.0422,0.0209,0.0211,0.4031
21-MAR-2025,CROMPTON,362.85,357.50,0.0149,0.0191,0.0191,0.3649
21-MAR-2025,CROWN,188.04,175.91,0.0667,0.0289,0.0292,0.5579
21-MAR-2025,CSBBANK,301.15,298.25,0.0097,0.0189,0.0189,0.3611
21-MAR-2025,CSLFINANCE,265.55,250.75,0.0573,0.0292,0.0294,0.5617
21-MAR-2025,CTE,40.19,41.20,-0.0248,0.0360,0.0359,0.6859
21-MAR-2025,CUB,160.10,158.50,0.0100,0.0194,0.0194,0.3706
21-MAR-2025,CUBEINVIT,121.50,122.05,-0.0045,0.0145,0.0145,0.2770
21-MAR-2025,CUBEXTUB,86.07,86.18,-0.0013,0.0330,0.0329,0.6286
21-MAR-2025,CUMMINSIND,2937.75,2990.60,-0.0178,0.0210,0.0210,0.4012
21-MAR-2025,CUPID,66.04,63.09,0.0457,0.0270,0.0272,0.5197
21-MAR-2025,CYBERMEDIA,14.92,14.90,0.0013,0.0395,0.0394,0.7527
21-MAR-2025,CYBERTECH,153.50,153.30,0.0013,0.0347,0.0346,0.6610
21-MAR-2025,CYIENT,1316.75,1283.20,0.0258,0.0276,0.0276,0.5273
21-MAR-2025,CYIENTDLM,417.65,410.40,0.0175,0.0237,0.0236,0.4509
21-MAR-2025,DABUR,506.80,499.00,0.0155,0.0131,0.0131,0.2503
21-MAR-2025,DALBHARAT,1747.40,1696.25,0.0297,0.0175,0.0176,0.3362
21-MAR-2025,DALMIARF,165.20,165.20,0.0000,0.0026,0.0026,0.0497
21-MAR-2025,DALMIASUG,368.35,357.70,0.0293,0.0297,0.0297,0.5674
21-MAR-2025,DAMCAPITAL,231.40,221.60,0.0433,0.0181,0.0183,0.3496
21-MAR-2025,DAMODARIND,31.60,31.49,0.0035,0.0281,0.0281,0.5368
21-MAR-2025,DANGEE,5.08,5.12,-0.0078,0.0345,0.0344,0.6572
21-MAR-2025,DATAMATICS,603.70,596.85,0.0114,0.0312,0.0311,0.5942
21-MAR-2025,DATAPATTNS,1713.30,1689.00,0.0143,0.0328,0.0327,0.6247
21-MAR-2025,DAVANGERE,4.08,4.09,-0.0024,0.0288,0.0287,0.5483
21-MAR-2025,DBCORP,238.00,232.25,0.0245,0.0302,0.0302,0.5770
21-MAR-2025,DBEIL,143.05,137.30,0.0410,0.0238,0.0240,0.4585
21-MAR-2025,DBL,474.45,464.20,0.0218,0.0293,0.0293,0.5598
21-MAR-2025,DBOL,68.24,66.42,0.0270,0.0255,0.0255,0.4872
21-MAR-2025,DBREALTY,151.60,127.00,0.1771,0.0350,0.0370,0.7069
21-MAR-2025,DBSTOCKBRO,31.26,31.50,-0.0076,0.0312,0.0311,0.5942
21-MAR-2025,DCAL,226.80,229.35,-0.0112,0.0365,0.0364,0.6954
21-MAR-2025,DCBBANK,112.80,108.40,0.0398,0.0195,0.0196,0.3745
21-MAR-2025,DCI,289.10,275.90,0.0467,0.0343,0.0344,0.6572
21-MAR-2025,DCM,98.95,99.00,-0.0005,0.0317,0.0316,0.6037
21-MAR-2025,DCMFINSERV,5.46,5.26,0.0373,0.0319,0.0320,0.6114
21-MAR-2025,DCMNVL,170.70,171.80,-0.0064,0.0291,0.0290,0.5540
21-MAR-2025,DCMSHRIRAM,1131.30,1061.70,0.0635,0.0242,0.0246,0.4700
21-MAR-2025,DCMSRIND,165.20,160.30,0.0301,0.0260,0.0260,0.4967
21-MAR-2025,DCW,79.41,76.61,0.0359,0.0320,0.0320,0.6114
21-MAR-2025,DCXINDIA,244.05,239.35,0.0194,0.0306,0.0306,0.5846
21-MAR-2025,DDEVPLSTIK,253.15,246.25,0.0276,0.0199,0.0199,0.3802
21-MAR-2025,DECCANCE,797.30,768.45,0.0369,0.0266,0.0266,0.5082
21-MAR-2025,DEEDEV,259.30,252.60,0.0262,0.0289,0.0289,0.5521
21-MAR-2025,DEEPAKFERT,1143.05,1112.90,0.0267,0.0325,0.0325,0.6209
21-MAR-2025,DEEPAKNTR,2057.75,2031.30,0.0129,0.0219,0.0218,0.4165
21-MAR-2025,DEEPINDS,500.20,494.65,0.0112,0.0324,0.0323,0.6171
21-MAR-2025,DELHISAFE,48.80,48.80,0.0000,0.0000,0.0000,0.0000
21-MAR-2025,DELHIVERY,263.60,257.05,0.0252,0.0218,0.0218,0.4165
21-MAR-2025,DELPHIFX,126.95,128.25,-0.0102,0.0303,0.0302,0.5770
21-MAR-2025,DELTACORP,89.35,88.49,0.0097,0.0244,0.0244,0.4662
21-MAR-2025,DELTAMAGNT,64.84,62.02,0.0445,0.0358,0.0358,0.6840
21-MAR-2025,DEN,33.04,32.23,0.0248,0.0260,0.0260,0.4967
21-MAR-2025,DENIMDL,1.10,1.10,0.0000,0.0000,0.0000,0.0000
21-MAR-2025,DENORA,774.55,754.95,0.0256,0.0335,0.0335,0.6400
21-MAR-2025,DENTA,302.40,291.00,0.0384,0.0182,0.0183,0.3496
21-MAR-2025,DEVIT,121.65,119.05,0.0216,0.0341,0.0341,0.6515
21-MAR-2025,DEVRUPTRAD,10.00,10.00,0.0000,0.0000,0.0000,0.0000
21-MAR-2025,DEVYANI,150.10,151.00,-0.0060,0.0230,0.0229,0.4375
21-MAR-2025,DEWANHOUS,16.70,16.70,0.0000,0.0059,0.0059,0.1127
21-MAR-2025,DGCONTENT,41.67,42.52,-0.0202,0.0313,0.0313,0.5980
21-MAR-2025,DHAMPURSUG,126.80,125.40,0.0111,0.0247,0.0247,0.4719
21-MAR-2025,DHANBANK,26.07,25.04,0.0403,0.0308,0.0309,0.5903
21-MAR-2025,DHANI,61.36,60.77,0.0097,0.0391,0.0390,0.7451
21-MAR-2025,DHANUKA,1263.80,1275.00,-0.0088,0.0249,0.0248,0.4738
21-MAR-2025,DHARMAJ,199.15,197.70,0.0073,0.0305,0.0305,0.5827
21-MAR-2025,DHRUV,71.24,69.72,0.0216,0.0342,0.0341,0.6515
21-MAR-2025,DHUNINV,1636.25,1655.10,-0.0115,0.0367,0.0366,0.6992
21-MAR-2025,DIACABS,94.29,95.41,-0.0118,0.0311,0.0310,0.5923
21-MAR-2025,DIAMINESQ,352.30,351.30,0.0028,0.0253,0.0252,0.4814
21-MAR-2025,DIAMONDYD,1046.30,1057.95,-0.0111,0.0255,0.0254,0.4853
21-MAR-2025,DICIND,655.90,652.15,0.0057,0.0243,0.0242,0.4623
21-MAR-2025,DIFFNKG,266.90,262.10,0.0181,0.0299,0.0298,0.5693
21-MAR-2025,DIGIDRIVE,29.14,28.31,0.0289,0.0298,0.0298,0.5693
21-MAR-2025,DIGISPICE,20.48,19.97,0.0252,0.0355,0.0355,0.6782
21-MAR-2025,DIGJAMLMTD,39.56,39.34,0.0056,0.0268,0.0268,0.5120
21-MAR-2025,DIL,2.09,2.09,0.0000,0.0371,0.0371,0.7088
21-MAR-2025,DISHTV,6.44,6.22,0.0348,0.0306,0.0306,0.5846
21-MAR-2025,DIVGIITTS,484.00,482.75,0.0026,0.0228,0.0228,0.4356
21-MAR-2025,DIVISLAB,5797.35,5822.10,-0.0043,0.0167,0.0167,0.3191
21-MAR-2025,DIVOPPBEES,75.08,74.64,0.0059,0.0096,0.0096,0.1834
21-MAR-2025,DIXON,14056.75,13905.55,0.0108,0.0263,0.0263,0.5025
21-MAR-2025,DJML,113.30,111.10,0.0196,0.0276,0.0276,0.5273
21-MAR-2025,DLF,695.90,694.30,0.0023,0.0208,0.0208,0.3974
21-MAR-2025,DLINKINDIA,429.70,426.40,0.0077,0.0314,0.0313,0.5980
21-MAR-2025,DMART,3892.25,3884.05,0.0021,0.0190,0.0189,0.3611
21-MAR-2025,DMCC,286.35,272.30,0.0503,0.0280,0.0281,0.5368
21-MAR-2025,DNAMEDIA,5.03,5.00,0.0060,0.0382,0.0381,0.7279
21-MAR-2025,DODLA,1148.30,1160.35,-0.0104,0.0246,0.0245,0.4681
21-MAR-2025,DOLATALGO,86.14,87.26,-0.0129,0.0370,0.0370,0.7069
21-MAR-2025,DOLLAR,404.20,400.55,0.0091,0.0260,0.0260,0.4967
21-MAR-2025,DOLPHIN,265.40,261.75,0.0138,0.0844,0.0842,1.6086
21-MAR-2025,DOMS,2972.30,2889.35,0.0283,0.0239,0.0239,0.4566
21-MAR-2025,DONEAR,108.95,104.10,0.0455,0.0337,0.0338,0.6457
21-MAR-2025,DPABHUSHAN,1358.00,1354.80,0.0024,0.0242,0.0241,0.4604
21-MAR-2025,DPSCLTD,12.44,12.28,0.0129,0.0303,0.0302,0.5770
21-MAR-2025,DPWIRES,213.00,207.45,0.0264,0.0231,0.0231,0.4413
21-MAR-2025,DRCSYSTEMS,23.48,22.62,0.0373,0.0408,0.0408,0.7795
21-MAR-2025,DREAMFOLKS,233.40,235.00,-0.0068,0.0231,0.0230,0.4394
21-MAR-2025,DREDGECORP,580.05,567.25,0.0223,0.0327,0.0326,0.6228
21-MAR-2025,DRREDDY,1200.15,1187.20,0.0108,0.0131,0.0131,0.2503
21-MAR-2025,DSSL,1042.75,1029.50,0.0128,0.0356,0.0355,0.6782
21-MAR-2025,DTIL,182.65,179.35,0.0182,0.0279,0.0279,0.5330
21-MAR-2025,DUCON,5.64,5.31,0.0603,0.0316,0.0318,0.6075
21-MAR-2025,DVL,338.40,330.10,0.0248,0.0315,0.0315,0.6018
21-MAR-2025,DWARKESH,40.79,40.37,0.0104,0.0241,0.0241,0.4604
21-MAR-2025,DYCL,573.25,540.30,0.0592,0.0354,0.0356,0.6801
21-MAR-2025,DYNAMATECH,6563.30,6306.10,0.0400,0.0274,0.0275,0.5254
21-MAR-2025,DYNPRO,292.80,301.85,-0.0304,0.0291,0.0291,0.5560
21-MAR-2025,E2E,2189.65,2085.40,0.0488,0.0358,0.0359,0.6859
21-MAR-2025,EASEMYTRIP,13.54,13.15,0.0292,0.0289,0.0289,0.5521
21-MAR-2025,EBANKNIFTY,50.58,50.04,0.0107,0.0068,0.0068,0.1299
21-MAR-2025,EBBETF0425,1285.90,1285.50,0.0003,0.0013,0.0013,0.0248
21-MAR-2025,EBBETF0430,1465.37,1461.28,0.0028,0.0020,0.0020,0.0382
21-MAR-2025,EBBETF0431,1307.44,1304.79,0.0020,0.0022,0.0022,0.0420
21-MAR-2025,EBBETF0433,1197.00,1194.55,0.0020,0.0028,0.0028,0.0535
21-MAR-2025,EBSL,10.00,10.00,0.0000,0.0000,0.0000,0.0000
21-MAR-2025,ECAPINSURE,19.13,18.87,0.0137,0.0104,0.0104,0.1987
21-MAR-2025,ECLERX,2749.20,2620.80,0.0478,0.0230,0.0232,0.4432
21-MAR-2025,ECOSMOBLTY,204.90,199.35,0.0275,0.0290,0.0290,0.5540
21-MAR-2025,EDELWEISS,92.91,87.99,0.0544,0.0336,0.0338,0.6457
21-MAR-2025,EGOLD,89.40,89.80,-0.0045,0.0110,0.0109,0.2082
21-MAR-2025,EICHERMOT,5305.95,5229.35,0.0145,0.0169,0.0169,0.3229
21-MAR-2025,EIDPARRY,777.90,751.35,0.0347,0.0226,0.0227,0.4337
21-MAR-2025,EIEL,217.00,210.50,0.0304,0.0273,0.0273,0.5216
21-MAR-2025,EIFFL,178.72,176.47,0.0127,0.0240,0.0240,0.4585
21-MAR-2025,EIFL,10.00,10.00,0.0000,0.0000,0.0000,0.0000
21-MAR-2025,EIHAHOTELS,346.15,336.45,0.0284,0.0277,0.0277,0.5292
21-MAR-2025,EIHOTEL,385.10,359.95,0.0675,0.0237,0.0241,0.4604
21-MAR-2025,EIMCOELECO,1543.60,1546.15,-0.0017,0.0327,0.0327,0.6247
21-MAR-2025,EKC,127.55,124.75,0.0222,0.0338,0.0337,0.6438
21-MAR-2025,ELDEHSG,760.90,751.65,0.0122,0.0252,0.0252,0.4814
21-MAR-2025,ELECON,439.95,425.70,0.0329,0.0327,0.0327,0.6247
21-MAR-2025,ELECTCAST,103.98,102.41,0.0152,0.0319,0.0318,0.6075
21-MAR-2025,ELECTHERM,759.45,744.60,0.0197,0.0326,0.0326,0.6228
21-MAR-2025,ELGIEQUIP,493.75,490.80,0.0060,0.0279,0.0278,0.5311
21-MAR-2025,ELGIRUBCO,64.37,61.33,0.0484,0.0377,0.0377,0.7203
21-MAR-2025,ELIN,120.45,117.90,0.0214,0.0299,0.0299,0.5712
21-MAR-2025,EMAMILTD,576.00,567.20,0.0154,0.0232,0.0232,0.4432
21-MAR-2025,EMAMIPAP,92.61,93.97,-0.0146,0.0246,0.0245,0.4681
21-MAR-2025,EMAMIREAL,110.17,102.34,0.0737,0.0350,0.0353,0.6744
21-MAR-2025,EMBASSY,356.19,363.11,-0.0192,0.0123,0.0124,0.2369
21-MAR-2025,EMBDL,119.30,115.35,0.0337,0.0367,0.0367,0.7012
21-MAR-2025,EMCURE,1028.40,1000.05,0.0280,0.0179,0.0179,0.3420
21-MAR-2025,EMIL,121.40,122.95,-0.0127,0.0268,0.0267,0.5101
21-MAR-2025,EMKAY,205.65,195.70,0.0496,0.0327,0.0328,0.6266
21-MAR-2025,EMMBI,99.51,97.53,0.0201,0.0329,0.0329,0.6286
21-MAR-2025,EMSLIMITED,660.90,649.25,0.0178,0.0310,0.0310,0.5923
21-MAR-2025,EMUDHRA,875.50,867.20,0.0095,0.0289,0.0289,0.5521
21-MAR-2025,EMULTIMQ,38.11,37.88,0.0061,0.0090,0.0090,0.1719
21-MAR-2025,ENDURANCE,1964.80,1944.50,0.0104,0.0187,0.0187,0.3573
21-MAR-2025,ENERGYDEV,18.06,18.26,-0.0110,0.0332,0.0331,0.6324
21-MAR-2025,ENGINERSIN,163.80,161.85,0.0120,0.0312,0.0311,0.5942
21-MAR-2025,ENIL,131.95,130.05,0.0145,0.0287,0.0286,0.5464
21-MAR-2025,ENTERO,1169.45,1165.15,0.0037,0.0216,0.0215,0.4108
21-MAR-2025,EPACK,358.40,369.20,-0.0297,0.0304,0.0304,0.5808
21-MAR-2025,EPIGRAL,1924.05,1905.30,0.0098,0.0323,0.0322,0.6152
21-MAR-2025,EPL,203.95,202.90,0.0052,0.0258,0.0257,0.4910
21-MAR-2025,EQUAL200,11.93,11.83,0.0084,0.0023,0.0024,0.0459
21-MAR-2025,EQUAL50ADD,301.78,298.89,0.0096,0.0090,0.0090,0.1719
21-MAR-2025,EQUIPPP,20.82,21.08,-0.0124,0.0276,0.0276,0.5273
21-MAR-2025,EQUITASBNK,57.06,57.20,-0.0025,0.0210,0.0210,0.4012
21-MAR-2025,ERIS,1390.85,1366.95,0.0173,0.0202,0.0202,0.3859
21-MAR-2025,ESABINDIA,4625.40,4608.25,0.0037,0.0198,0.0197,0.3764
21-MAR-2025,ESAFSFB,28.18,27.26,0.0332,0.0198,0.0198,0.3783
21-MAR-2025,ESCORTS,3228.30,3201.25,0.0084,0.0192,0.0191,0.3649
21-MAR-2025,ESG,39.59,39.21,0.0096,0.0086,0.0086,0.1643
21-MAR-2025,ESILVER,98.54,100.23,-0.0170,0.0120,0.0120,0.2293
21-MAR-2025,ESSARSHPNG,25.48,25.69,-0.0082,0.0378,0.0377,0.7203
21-MAR-2025,ESSENTIA,2.47,2.46,0.0041,0.0327,0.0326,0.6228
21-MAR-2025,ESTER,130.65,133.30,-0.0201,0.0342,0.0342,0.6534
21-MAR-2025,ETHOSLTD,2584.90,2626.70,-0.0160,0.0256,0.0256,0.4891
21-MAR-2025,EUREKAFORB,540.00,529.60,0.0194,0.0240,0.0240,0.4585
21-MAR-2025,EUROTEXIND,12.65,12.47,0.0143,0.0563,0.0562,1.0737
21-MAR-2025,EVEREADY,308.00,304.55,0.0113,0.0230,0.0230,0.4394
21-MAR-2025,EVERESTIND,477.10,460.50,0.0354,0.0268,0.0269,0.5139
21-MAR-2025,EVINDIA,27.24,27.05,0.0070,0.0089,0.0089,0.1700
21-MAR-2025,EXCEL,0.81,0.81,0.0000,0.0452,0.0451,0.8616
21-MAR-2025,EXCELINDUS,939.65,887.90,0.0566,0.0312,0.0313,0.5980
21-MAR-2025,EXICOM,153.90,146.55,0.0489,0.0324,0.0325,0.6209
21-MAR-2025,EXIDEIND,358.65,355.65,0.0084,0.0213,0.0213,0.4069
21-MAR-2025,EXPLEOSOL,878.30,860.50,0.0205,0.0217,0.0217,0.4146
21-MAR-2025,EXXARO,6.22,6.21,0.0016,0.0280,0.0279,0.5330
21-MAR-2025,FACT,672.10,644.80,0.0415,0.0349,0.0349,0.6668
21-MAR-2025,FAIRCHEMOR,974.00,969.00,0.0051,0.0356,0.0355,0.6782
21-MAR-2025,FAZE3Q,356.50,367.05,-0.0292,0.0290,0.0290,0.5540
21-MAR-2025,FCL,231.60,226.10,0.0240,0.0273,0.0273,0.5216
21-MAR-2025,FCSSOFT,2.67,2.66,0.0038,0.0374,0.0373,0.7126
21-MAR-2025,FDC,413.90,408.25,0.0137,0.0200,0.0199,0.3802
21-MAR-2025,FEDERALBNK,187.30,186.55,0.0040,0.0166,0.0166,0.3171
21-MAR-2025,FEDFINA,90.74,89.29,0.0161,0.0161,0.0161,0.3076
21-MAR-2025,FEL,0.54,0.55,-0.0183,0.0293,0.0292,0.5579
21-MAR-2025,FELDVR,3.81,3.79,0.0053,0.0302,0.0302,0.5770
21-MAR-2025,FIBERWEB,43.62,41.14,0.0585,0.0363,0.0365,0.6973
21-MAR-2025,FIEMIND,1370.70,1363.00,0.0056,0.0222,0.0222,0.4241
21-MAR-2025,FILATEX,39.35,38.32,0.0265,0.0289,0.0289,0.5521
21-MAR-2025,FILATFASH,0.57,0.57,0.0000,0.0276,0.0275,0.5254
21-MAR-2025,FINCABLES,839.00,829.35,0.0116,0.0282,0.0281,0.5368
21-MAR-2025,FINEORG,3968.45,4017.55,-0.0123,0.0202,0.0202,0.3859
21-MAR-2025,FINIETF,26.56,26.14,0.0159,0.0115,0.0116,0.2216
21-MAR-2025,FINOPB,236.45,234.15,0.0098,0.0297,0.0296,0.5655
21-MAR-2025,FINPIPE,174.10,175.00,-0.0052,0.0241,0.0240,0.4585
21-MAR-2025,FIRL,10.00,10.00,0.0000,0.0000,0.0000,0.0000
21-MAR-2025,FIRSTCRY,364.60,364.70,-0.0003,0.0253,0.0252,0.4814
21-MAR-2025,FIVESTAR,726.80,718.10,0.0120,0.0251,0.0251,0.4795
21-MAR-2025,FLAIR,237.35,225.95,0.0492,0.0239,0.0241,0.4604
21-MAR-2025,FLEXITUFF,32.01,32.65,-0.0198,0.0354,0.0353,0.6744
21-MAR-2025,FLFL,1.39,1.42,-0.0214,0.0264,0.0264,0.5044
21-MAR-2025,FLUOROCHEM,3938.45,4004.15,-0.0165,0.0235,0.0234,0.4471
21-MAR-2025,FMCGIETF,55.88,55.83,0.0009,0.0087,0.0086,0.1643
21-MAR-2025,FMGOETZE,339.10,331.50,0.0227,0.0196,0.0197,0.3764
21-MAR-2025,FMNL,14.98,15.66,-0.0444,0.0298,0.0299,0.5712
21-MAR-2025,FOCUS,77.83,74.13,0.0487,0.0319,0.0320,0.6114
21-MAR-2025,FOODSIN,83.09,83.97,-0.0105,0.0327,0.0327,0.6247
21-MAR-2025,FORCEMOT,8460.15,7981.60,0.0582,0.0320,0.0322,0.6152
21-MAR-2025,FORTIS,628.25,627.35,0.0014,0.0205,0.0204,0.3897
21-MAR-2025,FOSECOIND,3725.05,3656.40,0.0186,0.0231,0.0231,0.4413
21-MAR-2025,FRICKINDIA,10.00,10.00,0.0000,0.0000,0.0000,0.0000
21-MAR-2025,FSC,1.80,1.85,-0.0274,0.0308,0.0308,0.5884
21-MAR-2025,FSL,317.50,306.60,0.0349,0.0284,0.0284,0.5426
21-MAR-2025,FUSION,158.95,150.50,0.0546,0.0303,0.0305,0.5827
21-MAR-2025,GABRIEL,589.10,585.40,0.0063,0.0292,0.0291,0.5560
21-MAR-2025,GAEL,107.55,105.15,0.0226,0.0249,0.0248,0.4738
21-MAR-2025,GAIL,175.05,168.45,0.0384,0.0221,0.0222,0.4241
21-MAR-2025,GALAPREC,874.55,866.10,0.0097,0.0331,0.0331,0.6324
21-MAR-2025,GALAXYSURF,2199.85,2147.55,0.0241,0.0191,0.0191,0.3649
21-MAR-2025,GALLANTT,346.45,346.60,-0.0004,0.0288,0.0287,0.5483
21-MAR-2025,GANDHAR,143.45,142.30,0.0080,0.0208,0.0208,0.3974
21-MAR-2025,GANDHITUBE,688.25,688.85,-0.0009,0.0266,0.0265,0.5063
21-MAR-2025,GANECOS,1614.75,1540.20,0.0473,0.0282,0.0283,0.5407
21-MAR-2025,GANESHBE,117.85,118.30,-0.0038,0.0276,0.0275,0.5254
21-MAR-2025,GANESHHOUC,1117.50,1051.85,0.0605,0.0327,0.0329,0.6286
21-MAR-2025,GANGAFORGE,4.98,5.00,-0.0040,0.0334,0.0333,0.6362
21-MAR-2025,GANGESSECU,145.90,140.40,0.0384,0.0337,0.0337,0.6438
21-MAR-2025,GARFIBRES,827.25,845.15,-0.0214,0.0252,0.0252,0.4814
21-MAR-2025,GARUDA,112.90,110.85,0.0183,0.0275,0.0275,0.5254
21-MAR-2025,GATECH,0.64,0.65,-0.0155,0.0407,0.0407,0.7776
21-MAR-2025,GATECHDVR,0.86,0.84,0.0235,0.0293,0.0293,0.5598
21-MAR-2025,GATEWAY,61.60,61.46,0.0023,0.0195,0.0194,0.3706
21-MAR-2025,GAYAHWS,1.17,1.12,0.0437,0.0362,0.0362,0.6916
21-MAR-2025,GAYAPROJ,6.83,7.19,-0.0514,0.0324,0.0325,0.6209
21-MAR-2025,GDHL,10.00,10.00,0.0000,0.0000,0.0000,0.0000
21-MAR-2025,GEECEE,387.75,401.80,-0.0356,0.0285,0.0286,0.5464
21-MAR-2025,GEEKAYWIRE,83.86,81.89,0.0238,0.0347,0.0346,0.6610
21-MAR-2025,GENCON,29.62,28.68,0.0322,0.0357,0.0357,0.6820
21-MAR-2025,GENESYS,769.75,733.60,0.0481,0.0372,0.0373,0.7126
21-MAR-2025,GENSOL,238.35,241.10,-0.0115,0.0354,0.0354,0.6763
21-MAR-2025,GENUSPAPER,18.59,18.60,-0.0005,0.0314,0.0313,0.5980
21-MAR-2025,GENUSPOWER,281.60,267.65,0.0508,0.0310,0.0311,0.5942
21-MAR-2025,GEOJITFSL,74.97,71.52,0.0471,0.0355,0.0355,0.6782
21-MAR-2025,GEPIL,260.65,252.05,0.0336,0.0362,0.0362,0.6916
21-MAR-2025,GESHIP,942.25,953.00,-0.0113,0.0238,0.0238,0.4547
21-MAR-2025,GFLLIMITED,55.96,56.02,-0.0011,0.0308,0.0308,0.5884
21-MAR-2025,GHCL,633.25,624.50,0.0139,0.0251,0.0250,0.4776
21-MAR-2025,GHCLTEXTIL,78.50,77.77,0.0093,0.0262,0.0262,0.5006
21-MAR-2025,GICHSGFIN,174.15,169.05,0.0297,0.0247,0.0247,0.4719
21-MAR-2025,GICRE,445.35,409.50,0.0839,0.0304,0.0309,0.5903
21-MAR-2025,GILLANDERS,99.05,98.00,0.0107,0.0284,0.0283,0.5407
21-MAR-2025,GILLETTE,8100.70,8202.80,-0.0125,0.0213,0.0212,0.4050
21-MAR-2025,GILT5YBEES,60.10,59.97,0.0022,0.0022,0.0022,0.0420
21-MAR-2025,GINNIFILA,21.95,21.10,0.0395,0.0335,0.0335,0.6400
21-MAR-2025,GIPCL,175.45,175.95,-0.0028,0.0309,0.0308,0.5884
21-MAR-2025,GKWLIMITED,1619.35,1550.80,0.0433,0.0338,0.0338,0.6457
21-MAR-2025,GLAND,1585.30,1591.50,-0.0039,0.0224,0.0223,0.4260
21-MAR-2025,GLAXO,2935.95,2860.50,0.0260,0.0243,0.0243,0.4643
21-MAR-2025,GLENMARK,1514.65,1478.80,0.0240,0.0198,0.0198,0.3783
21-MAR-2025,GLFL,4.01,4.19,-0.0439,0.0523,0.0523,0.9992
21-MAR-2025,GLOBAL,49.91,51.18,-0.0251,0.0332,0.0332,0.6343
21-MAR-2025,GLOBALE,18.74,18.99,-0.0133,0.0231,0.0231,0.4413
21-MAR-2025,GLOBALVECT,254.35,250.60,0.0149,0.0314,0.0313,0.5980
21-MAR-2025,GLOBE,2.88,2.75,0.0462,0.0372,0.0373,0.7126
21-MAR-2025,GLOBUSSPR,1009.10,965.50,0.0442,0.0312,0.0313,0.5980
21-MAR-2025,GLOSTERLTD,596.65,595.35,0.0022,0.0185,0.0185,0.3534
21-MAR-2025,GMBREW,637.50,623.65,0.0220,0.0266,0.0266,0.5082
21-MAR-2025,GMDCLTD,271.75,267.35,0.0163,0.0311,0.0311,0.5942
21-MAR-2025,GMMPFAUDLR,1047.45,1051.55,-0.0039,0.0177,0.0177,0.3382
21-MAR-2025,GMRAIRPORT,77.36,76.65,0.0092,0.0226,0.0225,0.4299
21-MAR-2025,GMRP&UI,111.84,108.10,0.0340,0.0339,0.0339,0.6477
21-MAR-2025,GNA,331.85,330.85,0.0030,0.0213,0.0212,0.4050
21-MAR-2025,GNFC,491.00,496.00,-0.0101,0.0225,0.0225,0.4299
21-MAR-2025,GOACARBON,456.45,452.70,0.0082,0.0296,0.0295,0.5636
21-MAR-2025,GOCLCORP,292.80,292.30,0.0017,0.0279,0.0279,0.5330
21-MAR-2025,GOCOLORS,688.85,690.80,-0.0028,0.0190,0.0190,0.3630
21-MAR-2025,GODAVARIB,162.10,159.80,0.0143,0.0246,0.0245,0.4681
21-MAR-2025,GODFRYPHLP,6258.70,6135.40,0.0199,0.0408,0.0407,0.7776
21-MAR-2025,GODHA,0.81,0.82,-0.0123,0.0390,0.0389,0.7432
21-MAR-2025,GODIGIT,297.25,299.70,-0.0082,0.0220,0.0220,0.4203
21-MAR-2025,GODREJAGRO,768.35,758.50,0.0129,0.0201,0.0200,0.3821
21-MAR-2025,GODREJCP,1111.95,1101.50,0.0094,0.0173,0.0173,0.3305
21-MAR-2025,GODREJIND,1206.60,1193.80,0.0107,0.0260,0.0259,0.4948
21-MAR-2025,GODREJPROP,2143.95,2108.85,0.0165,0.0249,0.0249,0.4757
21-MAR-2025,GOENKA,0.93,0.98,-0.0524,0.0351,0.0352,0.6725
21-MAR-2025,GOKEX,879.85,871.40,0.0097,0.0287,0.0286,0.5464
21-MAR-2025,GOKUL,48.42,47.43,0.0207,0.0302,0.0302,0.5770
21-MAR-2025,GOKULAGRO,251.50,236.40,0.0619,0.0325,0.0327,0.6247
21-MAR-2025,GOLD1,74.45,75.04,-0.0079,0.0077,0.0077,0.1471
21-MAR-2025,GOLD360,87.41,88.20,-0.0090,0.0017,0.0018,0.0344
21-MAR-2025,GOLDBEES,73.95,74.49,-0.0073,0.0077,0.0077,0.1471
21-MAR-2025,GOLDCASE,14.04,14.13,-0.0064,0.0068,0.0068,0.1299
21-MAR-2025,GOLDEDGE,10.50,10.50,0.0000,0.0000,0.0000,0.0000
21-MAR-2025,GOLDENTOBC,36.58,37.95,-0.0368,0.0256,0.0256,0.4891
21-MAR-2025,GOLDETF,86.79,87.33,-0.0062,0.0075,0.0075,0.1433
21-MAR-2025,GOLDETFADD,86.69,87.27,-0.0067,0.0077,0.0077,0.1471
21-MAR-2025,GOLDIAM,408.90,413.45,-0.0111,0.0399,0.0398,0.7604
21-MAR-2025,GOLDIETF,76.36,76.85,-0.0064,0.0115,0.0115,0.2197
21-MAR-2025,GOLDSHARE,74.79,75.25,-0.0061,0.0073,0.0073,0.1395
21-MAR-2025,GOLDTECH,57.62,48.00,0.1827,0.0374,0.0395,0.7546
21-MAR-2025,GOODLUCK,730.00,723.00,0.0096,0.0293,0.0292,0.5579
21-MAR-2025,GOPAL,282.05,275.95,0.0219,0.0222,0.0221,0.4222
21-MAR-2025,GOYALALUM,9.10,8.79,0.0347,0.0261,0.0261,0.4986
21-MAR-2025,GPIL,185.00,181.80,0.0174,0.0267,0.0267,0.5101
21-MAR-2025,GPPL,135.85,136.40,-0.0040,0.0237,0.0237,0.4528
21-MAR-2025,GPTHEALTH,146.10,143.40,0.0187,0.0211,0.0211,0.4031
21-MAR-2025,GPTINFRA,112.25,101.30,0.1026,0.0339,0.0346,0.6610
21-MAR-2025,GRACIOUS,13.50,13.50,0.0000,0.0000,0.0000,0.0000
21-MAR-2025,GRANULES,507.45,500.35,0.0141,0.0255,0.0254,0.4853
21-MAR-2025,GRAPHITE,464.15,458.60,0.0120,0.0261,0.0261,0.4986
21-MAR-2025,GRASIM,2469.40,2467.60,0.0007,0.0144,0.0143,0.2732
21-MAR-2025,GRAVITA,1802.25,1749.60,0.0296,0.0350,0.0349,0.6668
21-MAR-2025,GREAVESCOT,228.30,221.80,0.0289,0.0336,0.0335,0.6400
21-MAR-2025,GREENLAM,274.35,293.05,-0.0659,0.0264,0.0267,0.5101
21-MAR-2025,GREENPANEL,231.80,230.85,0.0041,0.0251,0.0250,0.4776
21-MAR-2025,GREENPLY,291.50,279.40,0.0424,0.0279,0.0280,0.5349
21-MAR-2025,GREENPOWER,13.24,12.43,0.0631,0.0306,0.0308,0.5884
21-MAR-2025,GRINDWELL,1787.35,1662.90,0.0722,0.0192,0.0198,0.3783
21-MAR-2025,GRINFRA,1019.75,1012.70,0.0069,0.0212,0.0211,0.4031
21-MAR-2025,GRMOVER,276.65,280.75,-0.0147,0.0326,0.0326,0.6228
21-MAR-2025,GROBTEA,835.90,831.15,0.0057,0.0317,0.0316,0.6037
21-MAR-2025,GROWWDEFNC,62.69,61.81,0.0141,0.0134,0.0134,0.2560
21-MAR-2025,GROWWEV,27.35,27.00,0.0129,0.0083,0.0083,0.1586
21-MAR-2025,GROWWGOLD,87.78,88.06,-0.0032,0.0048,0.0048,0.0917
21-MAR-2025,GROWWLIQID,103.18,103.13,0.0005,0.0002,0.0002,0.0038
21-MAR-2025,GROWWN200,10.41,10.40,0.0010,0.0044,0.0044,0.0841
21-MAR-2025,GROWWRAIL,34.85,34.31,0.0156,0.0081,0.0081,0.1548
21-MAR-2025,GRPLTD,2690.45,2670.60,0.0074,0.0349,0.0348,0.6649
21-MAR-2025,GRSE,1701.60,1723.75,-0.0129,0.0391,0.0390,0.7451
21-MAR-2025,GRWRHITECH,4187.75,4033.50,0.0375,0.0386,0.0386,0.7375
21-MAR-2025,GSEC10ABSL,105.05,105.05,0.0000,0.0024,0.0024,0.0459
21-MAR-2025,GSEC10IETF,249.00,249.69,-0.0028,0.0043,0.0043,0.0822
21-MAR-2025,GSEC10YEAR,28.22,28.18,0.0014,0.0120,0.0120,0.2293
21-MAR-2025,GSEC5IETF,60.07,60.05,0.0003,0.0061,0.0061,0.1165
21-MAR-2025,GSFC,181.15,178.25,0.0161,0.0261,0.0261,0.4986
21-MAR-2025,GSLSU,110.80,109.55,0.0113,0.0313,0.0312,0.5961
21-MAR-2025,GSPL,288.70,285.65,0.0106,0.0220,0.0220,0.4203
21-MAR-2025,GSS,38.72,39.35,-0.0161,0.0315,0.0314,0.5999
21-MAR-2025,GTECJAINX,35.20,35.00,0.0057,0.0364,0.0363,0.6935
21-MAR-2025,GTL,8.88,8.64,0.0274,0.0358,0.0358,0.6840
21-MAR-2025,GTLINFRA,1.52,1.50,0.0132,0.0356,0.0355,0.6782
21-MAR-2025,GTPL,114.10,111.70,0.0213,0.0263,0.0263,0.5025
21-MAR-2025,GUFICBIO,340.15,344.60,-0.0130,0.0265,0.0265,0.5063
21-MAR-2025,GUJALKALI,548.00,541.10,0.0127,0.0217,0.0217,0.4146
21-MAR-2025,GUJAPOLLO,325.25,300.90,0.0778,0.0322,0.0326,0.6228
21-MAR-2025,GUJGASLTD,413.25,402.45,0.0265,0.0195,0.0196,0.3745
21-MAR-2025,GUJRAFFIA,37.91,38.59,-0.0178,0.0349,0.0348,0.6649
21-MAR-2025,GUJTHEM,254.60,253.55,0.0041,0.0122,0.0121,0.2312
21-MAR-2025,GULFOILLUB,1256.90,1289.20,-0.0254,0.0272,0.0272,0.5197
21-MAR-2025,GULFPETRO,40.72,39.57,0.0286,0.0319,0.0319,0.6094
21-MAR-2025,GULPOLY,194.50,181.60,0.0686,0.0340,0.0343,0.6553
21-MAR-2025,GVKPIL,3.45,3.53,-0.0229,0.0289,0.0289,0.5521
21-MAR-2025,GVPTECH,10.06,10.29,-0.0226,0.0278,0.0277,0.5292
21-MAR-2025,GVT&D,1622.05,1545.35,0.0484,0.0288,0.0289,0.5521
21-MAR-2025,HAL,3891.20,3818.90,0.0188,0.0246,0.0246,0.4700
21-MAR-2025,HAPPSTMNDS,656.30,644.65,0.0179,0.0178,0.0178,0.3401
21-MAR-2025,HAPPYFORGE,824.80,799.60,0.0310,0.0147,0.0148,0.2828
21-MAR-2025,HARDOLI,34.65,34.65,0.0000,0.0000,0.0000,0.0000
21-MAR-2025,HARDWYN,11.97,12.00,-0.0025,0.0332,0.0331,0.6324
21-MAR-2025,HARIOMPIPE,381.80,367.10,0.0393,0.0292,0.0292,0.5579
21-MAR-2025,HARRMALAYA,209.85,195.20,0.0724,0.0319,0.0322,0.6152
21-MAR-2025,HARSHA,389.60,388.95,0.0017,0.0242,0.0242,0.4623
21-MAR-2025,HATHWAY,13.71,13.52,0.0140,0.0237,0.0237,0.4528
21-MAR-2025,HATSUN,952.65,920.65,0.0342,0.0230,0.0230,0.4394
21-MAR-2025,HAVELLS,1480.80,1501.35,-0.0138,0.0168,0.0168,0.3210
21-MAR-2025,HAVISHA,1.99,1.92,0.0358,0.0357,0.0357,0.6820
21-MAR-2025,HBLENGINE,465.30,460.10,0.0112,0.0337,0.0336,0.6419
21-MAR-2025,HBSL,80.27,80.64,-0.0046,0.0342,0.0341,0.6515
21-MAR-2025,HCC,27.54,24.58,0.1137,0.0378,0.0385,0.7355
21-MAR-2025,HCG,523.00,501.25,0.0425,0.0196,0.0198,0.3783
21-MAR-2025,HCL-INSYS,12.99,13.04,-0.0038,0.0278,0.0277,0.5292
21-MAR-2025,HCLTECH,1566.70,1562.00,0.0030,0.0151,0.0151,0.2885
21-MAR-2025,HDFCAMC,3994.55,3967.80,0.0067,0.0195,0.0195,0.3725
21-MAR-2025,HDFCBANK,1770.35,1768.75,0.0009,0.0126,0.0125,0.2388
21-MAR-2025,HDFCBSE500,33.87,33.60,0.0080,0.0131,0.0131,0.2503
21-MAR-2025,HDFCGOLD,76.28,76.72,-0.0058,0.0075,0.0075,0.1433
21-MAR-2025,HDFCGROWTH,112.80,111.95,0.0076,0.0092,0.0092,0.1758
21-MAR-2025,HDFCLIFE,679.60,674.35,0.0078,0.0152,0.0152,0.2904
21-MAR-2025,HDFCLIQUID,1003.40,1002.95,0.0004,0.0009,0.0009,0.0172
21-MAR-2025,HDFCLOWVOL,18.98,18.83,0.0079,0.0106,0.0106,0.2025
21-MAR-2025,HDFCMID150,19.35,19.12,0.0120,0.0115,0.0116,0.2216
21-MAR-2025,HDFCMOMENT,28.34,28.26,0.0028,0.0123,0.0122,0.2331
21-MAR-2025,HDFCNEXT50,63.61,63.17,0.0069,0.0126,0.0126,0.2407
21-MAR-2025,HDFCNIF100,24.36,24.24,0.0049,0.0106,0.0106,0.2025
21-MAR-2025,HDFCNIFBAN,51.49,51.09,0.0078,0.0091,0.0091,0.1739
21-MAR-2025,HDFCNIFIT,38.20,38.15,0.0013,0.0124,0.0123,0.2350
21-MAR-2025,HDFCNIFTY,258.33,256.64,0.0066,0.0075,0.0075,0.1433
21-MAR-2025,HDFCPSUBK,61.70,60.67,0.0168,0.0137,0.0137,0.2617
21-MAR-2025,HDFCPVTBAN,25.45,25.11,0.0134,0.0095,0.0095,0.1815
21-MAR-2025,HDFCQUAL,53.34,53.18,0.0030,0.0101,0.0101,0.1930
21-MAR-2025,HDFCSENSEX,85.54,85.31,0.0027,0.0080,0.0079,0.1509
21-MAR-2025,HDFCSILVER,94.42,96.24,-0.0191,0.0131,0.0131,0.2503
21-MAR-2025,HDFCSML250,152.97,149.83,0.0207,0.0121,0.0122,0.2331
21-MAR-2025,HDFCVALUE,130.10,129.37,0.0056,0.0099,0.0099,0.1891
21-MAR-2025,HDIL,3.09,2.97,0.0396,0.0294,0.0295,0.5636
21-MAR-2025,HEADSUP,11.92,11.98,-0.0050,0.0368,0.0367,0.7012
21-MAR-2025,HEALTHADD,140.58,138.44,0.0153,0.0105,0.0105,0.2006
21-MAR-2025,HEALTHIETF,143.11,140.94,0.0153,0.0097,0.0098,0.1872
21-MAR-2025,HEALTHY,14.33,14.15,0.0126,0.0095,0.0096,0.1834
21-MAR-2025,HECPROJECT,94.59,97.74,-0.0328,0.0351,0.0351,0.6706
21-MAR-2025,HEG,429.50,424.05,0.0128,0.0304,0.0303,0.5789
21-MAR-2025,HEIDELBERG,195.75,193.80,0.0100,0.0173,0.0173,0.3305
21-MAR-2025,HEMIPROP,132.25,124.95,0.0568,0.0281,0.0283,0.5407
21-MAR-2025,HERANBA,230.65,229.15,0.0065,0.0295,0.0294,0.5617
21-MAR-2025,HERCULES,157.15,150.15,0.0456,0.0363,0.0364,0.6954
21-MAR-2025,HERITGFOOD,405.70,403.95,0.0043,0.0267,0.0267,0.5101
21-MAR-2025,HEROMOTOCO,3629.00,3597.15,0.0088,0.0157,0.0157,0.2999
21-MAR-2025,HESTERBIO,1388.90,1400.85,-0.0086,0.0256,0.0255,0.4872
21-MAR-2025,HEUBACHIND,582.35,585.15,-0.0048,0.0261,0.0261,0.4986
21-MAR-2025,HEXATRADEX,201.65,204.75,-0.0153,0.0308,0.0307,0.5865
21-MAR-2025,HEXT,728.60,732.40,-0.0052,0.0071,0.0071,0.1356
21-MAR-2025,HFCL,82.81,81.44,0.0167,0.0323,0.0323,0.6171
21-MAR-2025,HGINFRA,1127.45,1075.85,0.0468,0.0276,0.0277,0.5292
21-MAR-2025,HGS,524.70,521.60,0.0059,0.0211,0.0210,0.4012
21-MAR-2025,HIKAL,410.45,402.65,0.0192,0.0252,0.0252,0.4814
21-MAR-2025,HIL,1840.25,1828.65,0.0063,0.0189,0.0188,0.3592
21-MAR-2025,HILLRIDGE,10.00,10.00,0.0000,0.0000,0.0000,0.0000
21-MAR-2025,HILTON,75.71,73.77,0.0260,0.0352,0.0352,0.6725
21-MAR-2025,HIMATSEIDE,155.25,148.80,0.0424,0.0332,0.0333,0.6362
21-MAR-2025,HINDALCO,695.35,705.95,-0.0151,0.0193,0.0192,0.3668
21-MAR-2025,HINDCOMPOS,459.30,448.50,0.0238,0.0286,0.0286,0.5464
21-MAR-2025,HINDCON,32.46,32.12,0.0105,0.0321,0.0320,0.6114
21-MAR-2025,HINDCOPPER,229.90,231.80,-0.0082,0.0294,0.0293,0.5598
21-MAR-2025,HINDMOTORS,23.51,23.00,0.0219,0.0393,0.0393,0.7508
21-MAR-2025,HINDOILEXP,177.00,173.40,0.0205,0.0288,0.0288,0.5502
21-MAR-2025,HINDPETRO,356.95,336.55,0.0588,0.0245,0.0247,0.4719
21-MAR-2025,HINDUNILVR,2246.25,2242.40,0.0017,0.0124,0.0124,0.2369
21-MAR-2025,HINDWAREAP,209.50,206.10,0.0164,0.0306,0.0306,0.5846
21-MAR-2025,HINDZINC,446.40,456.35,-0.0220,0.0254,0.0254,0.4853
21-MAR-2025,HIRECT,989.10,994.35,-0.0053,0.0361,0.0360,0.6878
21-MAR-2025,HISARMETAL,205.70,209.75,-0.0195,0.0306,0.0306,0.5846
21-MAR-2025,HITECH,111.35,110.90,0.0040,0.0305,0.0304,0.5808
21-MAR-2025,HITECHCORP,201.20,202.95,-0.0087,0.0339,0.0339,0.6477
21-MAR-2025,HITECHGEAR,566.80,555.05,0.0209,0.0300,0.0299,0.5712
21-MAR-2025,HLEGLAS,253.85,251.65,0.0087,0.0241,0.0240,0.4585
21-MAR-2025,HLVLTD,13.23,12.95,0.0214,0.0339,0.0339,0.6477
21-MAR-2025,HMAAGRO,32.63,31.90,0.0226,0.0242,0.0241,0.4604
21-MAR-2025,HMT,47.73,47.53,0.0042,0.0280,0.0280,0.5349
21-MAR-2025,HMVL,85.82,88.08,-0.0260,0.0296,0.0296,0.5655
21-MAR-2025,HNDFDS,555.55,564.80,-0.0165,0.0203,0.0202,0.3859
21-MAR-2025,HNGSNGBEES,415.64,426.20,-0.0251,0.0211,0.0211,0.4031
21-MAR-2025,HOMEFIRST,1103.10,1010.55,0.0876,0.0242,0.0249,0.4757
21-MAR-2025,HONASA,220.75,222.45,-0.0077,0.0302,0.0302,0.5770
21-MAR-2025,HONAUT,33910.15,33867.80,0.0012,0.0171,0.0170,0.3248
21-MAR-2025,HONDAPOWER,2100.80,2081.70,0.0091,0.0262,0.0261,0.4986
21-MAR-2025,HOTAHOTI,9.90,9.90,0.0000,0.0000,0.0000,0.0000
21-MAR-2025,HOVS,46.40,44.79,0.0353,0.0351,0.0351,0.6706
21-MAR-2025,HPAL,52.83,51.59,0.0238,0.0273,0.0273,0.5216
21-MAR-2025,HPIL,131.05,130.15,0.0069,0.0358,0.0357,0.6820
21-MAR-2025,HPL,419.55,411.80,0.0186,0.0363,0.0363,0.6935
21-MAR-2025,HSCL,441.50,426.45,0.0347,0.0273,0.0273,0.5216
21-MAR-2025,HTMEDIA,18.77,18.36,0.0221,0.0289,0.0289,0.5521
21-MAR-2025,HUBTOWN,182.55,181.10,0.0080,0.0331,0.0330,0.6305
21-MAR-2025,HUDCO,202.80,199.00,0.0189,0.0339,0.0338,0.6457
21-MAR-2025,HUHTAMAKI,187.70,185.65,0.0110,0.0267,0.0266,0.5082
21-MAR-2025,HYBRIDFIN,12.20,12.14,0.0049,0.0285,0.0284,0.5426
21-MAR-2025,HYUNDAI,1697.60,1630.55,0.0403,0.0123,0.0126,0.2407
21-MAR-2025,ICDSLTD,44.99,43.97,0.0229,0.0334,0.0334,0.6381
21-MAR-2025,ICEMAKE,914.50,867.20,0.0531,0.0355,0.0356,0.6801
21-MAR-2025,ICICIB22,103.18,101.85,0.0130,0.0122,0.0122,0.2331
21-MAR-2025,ICICIBANK,1343.10,1321.70,0.0161,0.0122,0.0122,0.2331
21-MAR-2025,ICICIGI,1723.20,1724.75,-0.0009,0.0147,0.0147,0.2808
21-MAR-2025,ICICIPRULI,581.40,578.20,0.0055,0.0159,0.0159,0.3038
21-MAR-2025,ICIL,272.45,272.05,0.0015,0.0333,0.0332,0.6343
21-MAR-2025,ICRA,5593.20,5657.15,-0.0114,0.0188,0.0188,0.3592
21-MAR-2025,IDBI,81.37,75.26,0.0781,0.0282,0.0286,0.5464
21-MAR-2025,IDEA,7.62,7.26,0.0484,0.0362,0.0363,0.6935
21-MAR-2025,IDEAFORGE,386.70,382.95,0.0097,0.0268,0.0267,0.5101
21-MAR-2025,IDFCFIRSTB,56.29,55.71,0.0104,0.0182,0.0182,0.3477
21-MAR-2025,IDFNIFTYET,254.00,251.09,0.0115,0.0117,0.0117,0.2235
21-MAR-2025,IEL,16.20,16.17,0.0019,0.0311,0.0310,0.5923
21-MAR-2025,IEX,172.65,167.60,0.0297,0.0234,0.0234,0.4471
21-MAR-2025,IFBAGRO,495.35,473.15,0.0459,0.0255,0.0256,0.4891
21-MAR-2025,IFBIND,1264.90,1229.80,0.0281,0.0332,0.0331,0.6324
21-MAR-2025,IFCI,45.30,43.42,0.0424,0.0376,0.0377,0.7203
21-MAR-2025,IFGLEXPOR,361.95,365.00,-0.0084,0.0295,0.0294,0.5617
21-MAR-2025,IGARASHI,523.70,519.35,0.0083,0.0307,0.0306,0.5846
21-MAR-2025,IGIL,362.15,344.25,0.0507,0.0221,0.0223,0.4260
21-MAR-2025,IGL,198.15,197.60,0.0028,0.0249,0.0249,0.4757
21-MAR-2025,IGPL,444.00,440.05,0.0089,0.0253,0.0253,0.4834
21-MAR-2025,IIEL,10.00,10.00,0.0000,0.0000,0.0000,0.0000
21-MAR-2025,IIFL,340.00,326.75,0.0398,0.0300,0.0301,0.5751
21-MAR-2025,IIFLCAPS,218.95,212.05,0.0320,0.0373,0.0373,0.7126
21-MAR-2025,IITL,254.25,254.55,-0.0012,0.0337,0.0336,0.6419
21-MAR-2025,IKIO,292.95,257.95,0.1272,0.0275,0.0288,0.5502
21-MAR-2025,IKS,1457.50,1485.55,-0.0191,0.0205,0.0204,0.3897
21-MAR-2025,IL&FSENGG,35.30,33.70,0.0464,0.0292,0.0293,0.5598
21-MAR-2025,IL&FSTRANS,3.20,3.05,0.0480,0.0294,0.0295,0.5636
21-MAR-2025,IMAGICAA,65.76,65.68,0.0012,0.0309,0.0308,0.5884
21-MAR-2025,IMFA,653.55,649.15,0.0068,0.0291,0.0291,0.5560
21-MAR-2025,IMPAL,945.70,943.05,0.0028,0.0218,0.0217,0.4146
21-MAR-2025,IMPEXFERRO,2.14,2.12,0.0094,0.0319,0.0318,0.6075
21-MAR-2025,INCREDIBLE,36.60,33.69,0.0828,0.0372,0.0375,0.7164
21-MAR-2025,INDBANK,31.49,31.26,0.0073,0.0329,0.0329,0.6286
21-MAR-2025,INDGN,528.80,538.70,-0.0185,0.0236,0.0235,0.4490
21-MAR-2025,INDHOTEL,824.70,816.10,0.0105,0.0204,0.0204,0.3897
21-MAR-2025,INDIACEM,279.60,274.85,0.0171,0.0265,0.0265,0.5063
21-MAR-2025,INDIAGLYCO,1077.00,1103.80,-0.0246,0.0292,0.0292,0.5579
21-MAR-2025,INDIAMART,2141.95,2127.25,0.0069,0.0213,0.0213,0.4069
21-MAR-2025,INDIANB,547.95,534.25,0.0253,0.0236,0.0236,0.4509
21-MAR-2025,INDIANCARD,261.05,260.50,0.0021,0.0284,0.0283,0.5407
21-MAR-2025,INDIANHUME,374.90,348.15,0.0740,0.0355,0.0358,0.6840
21-MAR-2025,INDIASHLTR,790.00,805.05,-0.0189,0.0187,0.0187,0.3573
21-MAR-2025,INDIGO,5044.00,5086.75,-0.0084,0.0184,0.0184,0.3515
21-MAR-2025,INDIGOPNTS,994.50,1003.10,-0.0086,0.0190,0.0190,0.3630
21-MAR-2025,INDIGRID,141.11,141.51,-0.0028,0.0065,0.0065,0.1242
21-MAR-2025,INDNIPPON,593.90,576.45,0.0298,0.0240,0.0240,0.4585
21-MAR-2025,INDOAMIN,128.60,123.60,0.0397,0.0377,0.0377,0.7203
21-MAR-2025,INDOBORAX,173.70,173.75,-0.0003,0.0295,0.0295,0.5636
21-MAR-2025,INDOCO,235.20,238.50,-0.0139,0.0265,0.0264,0.5044
21-MAR-2025,INDOFARM,167.20,162.95,0.0257,0.0210,0.0210,0.4012
21-MAR-2025,INDORAMA,35.68,35.62,0.0017,0.0297,0.0296,0.5655
21-MAR-2025,INDOSTAR,298.30,292.30,0.0203,0.0304,0.0304,0.5808
21-MAR-2025,INDOTECH,2383.05,2318.40,0.0275,0.0390,0.0390,0.7451
21-MAR-2025,INDOTHAI,1976.30,2072.05,-0.0473,0.0300,0.0301,0.5751
21-MAR-2025,INDOUS,171.90,164.95,0.0413,0.0305,0.0305,0.5827
21-MAR-2025,INDOWIND,17.57,17.41,0.0091,0.0342,0.0341,0.6515
21-MAR-2025,INDRAMEDCO,399.15,390.95,0.0208,0.0330,0.0330,0.6305
21-MAR-2025,INDSWFTLAB,93.10,93.24,-0.0015,0.0329,0.0328,0.6266
21-MAR-2025,INDSWFTLTD,14.64,14.26,0.0263,0.0407,0.0406,0.7757
21-MAR-2025,INDTERRAIN,34.21,33.90,0.0091,0.0317,0.0317,0.6056
21-MAR-2025,INDUENG,9.50,9.50,0.0000,0.0000,0.0000,0.0000
21-MAR-2025,INDUSINDBK,686.90,684.10,0.0041,0.0301,0.0300,0.5731
21-MAR-2025,INDUSINVIT,112.77,112.01,0.0068,0.0072,0.0071,0.1356
21-MAR-2025,INDUSTOWER,348.85,340.60,0.0239,0.0237,0.0237,0.4528
21-MAR-2025,INFIBEAM,17.91,17.70,0.0118,0.0289,0.0288,0.5502
21-MAR-2025,INFOBEAN,314.00,313.60,0.0013,0.0270,0.0269,0.5139
21-MAR-2025,INFOMEDIA,6.76,6.49,0.0408,0.0424,0.0423,0.8081
21-MAR-2025,INFRABEES,864.87,855.16,0.0113,0.0121,0.0121,0.2312
21-MAR-2025,INFRAIETF,85.97,84.71,0.0148,0.0110,0.0110,0.2102
21-MAR-2025,INFY,1592.55,1615.55,-0.0143,0.0153,0.0153,0.2923
21-MAR-2025,INGERRAND,3537.30,3513.35,0.0068,0.0222,0.0222,0.4241
21-MAR-2025,INNOVACAP,918.40,894.50,0.0264,0.0276,0.0276,0.5273
21-MAR-2025,INNOVANA,312.35,313.85,-0.0048,0.0186,0.0186,0.3554
21-MAR-2025,INOXGREEN,128.85,126.15,0.0212,0.0340,0.0340,0.6496
21-MAR-2025,INOXINDIA,1050.20,1009.60,0.0394,0.0199,0.0201,0.3840
21-MAR-2025,INOXWIND,171.95,171.65,0.0017,0.0354,0.0354,0.6763
21-MAR-2025,INSECTICID,621.55,612.80,0.0142,0.0254,0.0253,0.4834
21-MAR-2025,INSPIRISYS,79.70,79.20,0.0063,0.0304,0.0303,0.5789
21-MAR-2025,INTELLECT,709.65,689.20,0.0292,0.0285,0.0285,0.5445
21-MAR-2025,INTENTECH,98.97,99.27,-0.0030,0.0339,0.0338,0.6457
21-MAR-2025,INTERARCH,1512.55,1486.55,0.0173,0.0257,0.0256,0.4891
21-MAR-2025,INTERISE,113.00,113.00,0.0000,0.0103,0.0103,0.1968
21-MAR-2025,INTERTEC,31.35,31.35,0.0000,0.0000,0.0000,0.0000
21-MAR-2025,INTLCONV,71.59,70.49,0.0155,0.0298,0.0298,0.5693
21-MAR-2025,INVENTURE,1.53,1.56,-0.0194,0.0344,0.0343,0.6553
21-MAR-2025,IOB,43.56,43.00,0.0129,0.0307,0.0306,0.5846
21-MAR-2025,IOC,131.50,129.20,0.0176,0.0197,0.0197,0.3764
21-MAR-2025,IOLCP,65.05,65.50,-0.0069,0.0268,0.0267,0.5101
21-MAR-2025,IONEXCHANG,492.40,477.20,0.0314,0.0265,0.0265,0.5063
21-MAR-2025,IPCALAB,1407.05,1402.20,0.0035,0.0183,0.0182,0.3477
21-MAR-2025,IPL,138.50,136.95,0.0113,0.0271,0.0270,0.5158
21-MAR-2025,IRB,46.80,45.88,0.0199,0.0293,0.0292,0.5579
21-MAR-2025,IRBINVIT,53.20,53.12,0.0015,0.0075,0.0075,0.1433
21-MAR-2025,IRBIT,220.22,220.22,0.0000,0.0000,0.0000,0.0000
21-MAR-2025,IRCON,160.10,159.60,0.0031,0.0351,0.0350,0.6687
21-MAR-2025,IRCTC,722.20,714.85,0.0102,0.0193,0.0193,0.3687
21-MAR-2025,IREDA,154.80,149.95,0.0318,0.0316,0.0316,0.6037
21-MAR-2025,IRFC,129.65,127.72,0.0150,0.0297,0.0297,0.5674
21-MAR-2025,IRIS,411.70,403.65,0.0197,0.0286,0.0286,0.5464
21-MAR-2025,IRISDOREME,44.70,44.27,0.0097,0.0246,0.0246,0.4700
21-MAR-2025,IRMENERGY,285.45,260.70,0.0907,0.0249,0.0256,0.4891
21-MAR-2025,ISEC,896.20,881.15,0.0169,0.0154,0.0154,0.2942
21-MAR-2025,ISFT,109.40,106.25,0.0292,0.0326,0.0326,0.6228
21-MAR-2025,ISGEC,1076.05,983.05,0.0904,0.0297,0.0303,0.5789
21-MAR-2025,ISL,41.35,41.35,0.0000,0.0000,0.0000,0.0000
21-MAR-2025,IT,39.54,39.51,0.0008,0.0119,0.0119,0.2273
21-MAR-2025,ITBEES,39.70,39.68,0.0005,0.0124,0.0124,0.2369
21-MAR-2025,ITC,405.55,403.95,0.0040,0.0117,0.0117,0.2235
21-MAR-2025,ITCHOTELS,198.90,183.25,0.0820,0.0113,0.0127,0.2426
21-MAR-2025,ITDC,602.65,590.85,0.0198,0.0374,0.0373,0.7126
21-MAR-2025,ITDCEM,554.45,553.90,0.0010,0.0291,0.0291,0.5560
21-MAR-2025,ITETF,37.72,37.80,-0.0021,0.0130,0.0129,0.2465
21-MAR-2025,ITETFADD,37.81,37.79,0.0005,0.0128,0.0127,0.2426
21-MAR-2025,ITI,261.75,258.15,0.0138,0.0414,0.0413,0.7890
21-MAR-2025,ITIETF,39.58,39.49,0.0023,0.0126,0.0126,0.2407
21-MAR-2025,IVC,9.20,9.22,-0.0022,0.0277,0.0276,0.5273
21-MAR-2025,IVP,156.80,154.60,0.0141,0.0346,0.0345,0.6591
21-MAR-2025,IVZINGOLD,7729.77,7797.54,-0.0087,0.0088,0.0088,0.1681
21-MAR-2025,IVZINNIFTY,2635.00,2601.98,0.0126,0.0127,0.0127,0.2426
21-MAR-2025,IWEL,9571.60,8802.35,0.0838,0.0295,0.0300,0.5731
21-MAR-2025,IXIGO,140.70,138.70,0.0143,0.0242,0.0241,0.4604
21-MAR-2025,IZMO,282.20,276.70,0.0197,0.0359,0.0359,0.6859
21-MAR-2025,J&KBANK,96.38,95.05,0.0139,0.0263,0.0262,0.5006
21-MAR-2025,JAGRAN,71.01,70.65,0.0051,0.0206,0.0206,0.3936
21-MAR-2025,JAGSNPHARM,222.70,223.15,-0.0020,0.0375,0.0374,0.7145
21-MAR-2025,JAIBALAJI,145.05,144.10,0.0066,0.0318,0.0317,0.6056
21-MAR-2025,JAICORPLTD,101.17,96.90,0.0431,0.0391,0.0391,0.7470
21-MAR-2025,JAIPURKURT,45.50,45.96,-0.0101,0.0388,0.0387,0.7394
21-MAR-2025,JAMNAAUTO,79.09,77.59,0.0191,0.0231,0.0231,0.4413
21-MAR-2025,JASH,595.40,571.40,0.0411,0.0298,0.0298,0.5693
21-MAR-2025,JAYAGROGN,248.05,245.85,0.0089,0.0261,0.0260,0.4967
21-MAR-2025,JAYBARMARU,64.88,63.26,0.0253,0.0265,0.0265,0.5063
21-MAR-2025,JAYNECOIND,32.07,31.76,0.0097,0.0309,0.0309,0.5903
21-MAR-2025,JAYSREETEA,96.69,95.14,0.0162,0.0288,0.0288,0.5502
21-MAR-2025,JBCHEPHARM,1650.30,1630.00,0.0124,0.0186,0.0186,0.3554
21-MAR-2025,JBMA,568.00,545.40,0.0406,0.0312,0.0313,0.5980
21-MAR-2025,JCHAC,1830.10,1823.25,0.0037,0.0277,0.0277,0.5292
21-MAR-2025,JECOEXP,10.00,10.00,0.0000,0.0000,0.0000,0.0000
21-MAR-2025,JETFREIGHT,11.71,11.42,0.0251,0.0344,0.0344,0.6572
21-MAR-2025,JGCHEM,338.20,333.30,0.0146,0.0315,0.0314,0.5999
21-MAR-2025,JHS,12.32,12.33,-0.0008,0.0349,0.0348,0.6649
21-MAR-2025,JINDALPHOT,640.40,633.75,0.0104,0.0337,0.0336,0.6419
21-MAR-2025,JINDALPOLY,713.55,712.30,0.0018,0.0299,0.0299,0.5712
21-MAR-2025,JINDALSAW,275.00,283.35,-0.0299,0.0314,0.0314,0.5999
21-MAR-2025,JINDALSTEL,914.30,926.15,-0.0129,0.0199,0.0199,0.3802
21-MAR-2025,JINDRILL,924.55,935.30,-0.0116,0.0346,0.0345,0.6591
21-MAR-2025,JINDWORLD,57.76,58.42,-0.0114,0.0362,0.0361,0.6897
21-MAR-2025,JIOFIN,229.10,231.70,-0.0113,0.0213,0.0213,0.4069
21-MAR-2025,JISLDVREQS,30.31,28.51,0.0612,0.0338,0.0340,0.6496
21-MAR-2025,JISLJALEQS,60.81,59.52,0.0214,0.0333,0.0333,0.6362
21-MAR-2025,JITFINFRA,399.15,380.25,0.0485,0.0354,0.0355,0.6782
21-MAR-2025,JKCEMENT,4822.55,4660.65,0.0341,0.0171,0.0173,0.3305
21-MAR-2025,JKIL,677.70,668.70,0.0134,0.0265,0.0265,0.5063
21-MAR-2025,JKLAKSHMI,772.65,763.50,0.0119,0.0201,0.0201,0.3840
21-MAR-2025,JKPAPER,318.35,313.50,0.0154,0.0255,0.0255,0.4872
21-MAR-2025,JKTYRE,294.75,285.60,0.0315,0.0236,0.0237,0.4528
21-MAR-2025,JLHL,1656.90,1635.80,0.0128,0.0173,0.0173,0.3305
21-MAR-2025,JMA,84.14,83.80,0.0040,0.0244,0.0244,0.4662
21-MAR-2025,JMFINANCIL,97.84,91.45,0.0675,0.0295,0.0298,0.5693
21-MAR-2025,JNKINDIA,360.70,327.85,0.0955,0.0272,0.0279,0.5330
21-MAR-2025,JOCIL,142.84,140.64,0.0155,0.0245,0.0245,0.4681
21-MAR-2025,JOTINDRA,2.70,2.70,0.0000,0.0532,0.0531,1.0145
21-MAR-2025,JPASSOCIAT,4.04,3.90,0.0353,0.0375,0.0375,0.7164
21-MAR-2025,JPOLYINVST,682.15,666.70,0.0229,0.0302,0.0302,0.5770
21-MAR-2025,JPPOWER,14.96,14.64,0.0216,0.0312,0.0311,0.5942
21-MAR-2025,JSFB,434.80,430.40,0.0102,0.0283,0.0283,0.5407
21-MAR-2025,JSL,625.70,654.05,-0.0443,0.0241,0.0242,0.4623
21-MAR-2025,JSWENERGY,559.70,562.90,-0.0057,0.0287,0.0286,0.5464
21-MAR-2025,JSWHL,22954.65,21904.85,0.0468,0.1984,0.1979,3.7809
21-MAR-2025,JSWINFRA,312.80,295.70,0.0562,0.0244,0.0246,0.4700
21-MAR-2025,JSWSTEEL,1058.70,1050.25,0.0080,0.0157,0.0157,0.2999
21-MAR-2025,JTEKTINDIA,121.50,117.85,0.0305,0.0259,0.0259,0.4948
21-MAR-2025,JTLIND,81.41,80.65,0.0094,0.0286,0.0285,0.5445
21-MAR-2025,JUBLCPL,1301.05,1274.55,0.0206,0.0146,0.0146,0.2789
21-MAR-2025,JUBLFOOD,629.05,627.50,0.0025,0.0201,0.0200,0.3821
21-MAR-2025,JUBLINGREA,692.90,704.65,-0.0168,0.0278,0.0278,0.5311
21-MAR-2025,JUBLPHARMA,902.85,898.95,0.0043,0.0278,0.0277,0.5292
21-MAR-2025,JUNIORBEES,671.84,666.75,0.0076,0.0114,0.0114,0.2178
21-MAR-2025,JUNIPER,272.80,275.25,-0.0089,0.0248,0.0248,0.4738
21-MAR-2025,JUSTDIAL,867.30,858.05,0.0107,0.0282,0.0281,0.5368
21-MAR-2025,JWL,347.90,313.50,0.1041,0.0362,0.0369,0.7050
21-MAR-2025,JYOTHYLAB,345.50,337.25,0.0242,0.0233,0.0233,0.4451
21-MAR-2025,JYOTICNC,1118.35,1057.95,0.0555,0.0327,0.0328,0.6266
21-MAR-2025,JYOTISTRUC,18.95,18.59,0.0192,0.0374,0.0373,0.7126
21-MAR-2025,KABIRDAS,1.00,1.00,0.0000,0.0000,0.0000,0.0000
21-MAR-2025,KABRAEXTRU,322.60,324.75,-0.0066,0.0320,0.0319,0.6094
21-MAR-2025,KAJARIACER,885.05,891.90,-0.0077,0.0178,0.0178,0.3401
21-MAR-2025,KAKATCEM,140.45,137.55,0.0209,0.0242,0.0242,0.4623
21-MAR-2025,KALAMANDIR,142.35,135.75,0.0475,0.0238,0.0240,0.4585
21-MAR-2025,KALYANI,119.30,119.30,0.0000,0.0000,0.0000,0.0000
21-MAR-2025,KALYANIFRG,545.70,544.25,0.0027,0.0311,0.0310,0.5923
21-MAR-2025,KALYANKJIL,471.20,467.25,0.0084,0.0310,0.0309,0.5903
21-MAR-2025,KAMATHOTEL,336.80,343.50,-0.0197,0.0342,0.0341,0.6515
21-MAR-2025,KAMDHENU,33.35,31.84,0.0463,0.0350,0.0350,0.6687
21-MAR-2025,KAMINI,3.25,3.25,0.0000,0.0032,0.0032,0.0611
21-MAR-2025,KAMOPAINTS,10.13,10.33,-0.0196,0.0369,0.0368,0.7031
21-MAR-2025,KANANIIND,2.21,2.21,0.0000,0.0263,0.0262,0.5006
21-MAR-2025,KANORICHEM,86.06,84.19,0.0220,0.0311,0.0310,0.5923
21-MAR-2025,KANPRPLA,117.15,117.35,-0.0017,0.0292,0.0291,0.5560
21-MAR-2025,KANSAINER,244.95,237.30,0.0317,0.0160,0.0161,0.3076
21-MAR-2025,KAPSTON,220.73,220.89,-0.0007,0.0308,0.0307,0.5865
21-MAR-2025,KARMAENG,57.20,55.49,0.0304,0.0361,0.0361,0.6897
21-MAR-2025,KARURVYSYA,209.70,203.70,0.0290,0.0213,0.0213,0.4069
21-MAR-2025,KAUSHALYA,919.55,917.90,0.0018,0.0304,0.0304,0.5808
21-MAR-2025,KAVVERITEL,44.33,45.91,-0.0350,0.0311,0.0311,0.5942
21-MAR-2025,KAYA,220.05,217.00,0.0140,0.0320,0.0320,0.6114
21-MAR-2025,KAYNES,4848.30,4642.80,0.0433,0.0324,0.0325,0.6209
21-MAR-2025,KBCGLOBAL,1.06,1.06,0.0000,0.0306,0.0305,0.5827
21-MAR-2025,KCP,207.30,195.40,0.0591,0.0289,0.0291,0.5560
21-MAR-2025,KCPSUGIND,37.38,36.74,0.0173,0.0331,0.0330,0.6305
21-MAR-2025,KDDL,3283.75,3153.40,0.0405,0.0313,0.0313,0.5980
21-MAR-2025,KEC,839.05,831.10,0.0095,0.0282,0.0281,0.5368
21-MAR-2025,KECL,136.25,130.00,0.0470,0.0377,0.0377,0.7203
21-MAR-2025,KEEPLEARN,2.98,2.89,0.0307,0.0368,0.0368,0.7031
21-MAR-2025,KEI,2890.25,2841.15,0.0171,0.0312,0.0312,0.5961
21-MAR-2025,KELLTONTEC,115.40,112.75,0.0232,0.0356,0.0355,0.6782
21-MAR-2025,KERNEX,772.00,756.30,0.0205,0.0343,0.0343,0.6553
21-MAR-2025,KESORAMIND,6.45,6.75,-0.0455,0.0212,0.0214,0.4088
21-MAR-2025,KEYFINSERV,236.35,233.65,0.0115,0.0444,0.0443,0.8464
21-MAR-2025,KFINTECH,1100.40,1050.25,0.0466,0.0333,0.0334,0.6381
21-MAR-2025,KHADIM,316.50,316.50,0.0000,0.0311,0.0310,0.5923
21-MAR-2025,KHAICHEM,51.35,50.84,0.0100,0.0320,0.0319,0.6094
21-MAR-2025,KHAITANLTD,86.40,85.51,0.0104,0.0334,0.0333,0.6362
21-MAR-2025,KHANDSE,25.57,23.80,0.0717,0.0380,0.0382,0.7298
21-MAR-2025,KICL,4376.00,4118.90,0.0605,0.0289,0.0291,0.5560
21-MAR-2025,KILITCH,356.15,353.20,0.0083,0.0250,0.0249,0.4757
21-MAR-2025,KIMS,614.15,591.55,0.0375,0.0174,0.0176,0.3362
21-MAR-2025,KINGFA,2751.95,2794.75,-0.0154,0.0299,0.0298,0.5693
21-MAR-2025,KIOCL,252.10,244.35,0.0312,0.0358,0.0358,0.6840
21-MAR-2025,KIRIINDUS,610.10,608.10,0.0033,0.0322,0.0322,0.6152
21-MAR-2025,KIRLOSBROS,1733.50,1657.60,0.0448,0.0350,0.0351,0.6706
21-MAR-2025,KIRLOSENG,746.75,725.15,0.0294,0.0268,0.0268,0.5120
21-MAR-2025,KIRLOSIND,3491.55,3503.05,-0.0033,0.0245,0.0244,0.4662
21-MAR-2025,KIRLPNU,1212.55,1200.30,0.0102,0.0305,0.0304,0.5808
21-MAR-2025,KITEX,173.70,170.90,0.0163,0.0365,0.0364,0.6954
21-MAR-2025,KKCL,484.20,483.15,0.0022,0.0207,0.0206,0.3936
21-MAR-2025,KMEW,1561.10,1576.50,-0.0098,0.0345,0.0344,0.6572
21-MAR-2025,KMSUGAR,29.48,28.49,0.0342,0.0291,0.0292,0.5579
21-MAR-2025,KNRCON,243.45,240.35,0.0128,0.0257,0.0257,0.4910
21-MAR-2025,KOHINOOR,33.67,33.57,0.0030,0.0347,0.0346,0.6610
21-MAR-2025,KOKUYOCMLN,108.50,108.95,-0.0041,0.0265,0.0264,0.5044
21-MAR-2025,KOLTEPATIL,337.85,339.30,-0.0043,0.0277,0.0276,0.5273
21-MAR-2025,KOPRAN,194.70,180.10,0.0779,0.0329,0.0333,0.6362
21-MAR-2025,KOTAKBANK,2079.00,2035.65,0.0211,0.0146,0.0146,0.2789
21-MAR-2025,KOTARISUG,34.99,34.78,0.0060,0.0258,0.0258,0.4929
21-MAR-2025,KOTHARIPET,163.93,152.69,0.0710,0.0325,0.0328,0.6266
21-MAR-2025,KOTHARIPRO,73.38,73.47,-0.0012,0.0334,0.0333,0.6362
21-MAR-2025,KPEL,386.95,382.20,0.0124,0.0333,0.0332,0.6343
21-MAR-2025,KPIGREEN,428.90,414.95,0.0331,0.0329,0.0329,0.6286
21-MAR-2025,KPIL,973.55,939.00,0.0361,0.0249,0.0250,0.4776
21-MAR-2025,KPITTECH,1323.40,1281.60,0.0321,0.0247,0.0248,0.4738
21-MAR-2025,KPRMILL,934.45,919.70,0.0159,0.0217,0.0217,0.4146
21-MAR-2025,KRBL,282.45,272.15,0.0371,0.0218,0.0219,0.4184
21-MAR-2025,KREBSBIO,76.68,77.48,-0.0104,0.0368,0.0367,0.7012
21-MAR-2025,KRIDHANINF,3.63,3.74,-0.0299,0.0388,0.0388,0.7413
21-MAR-2025,KRISHANA,241.55,245.17,-0.0149,0.0219,0.0218,0.4165
21-MAR-2025,KRITI,109.90,104.65,0.0489,0.0352,0.0352,0.6725
21-MAR-2025,KRITIKA,8.82,8.65,0.0195,0.0291,0.0290,0.5540
21-MAR-2025,KRITINUT,103.09,107.03,-0.0375,0.0383,0.0383,0.7317
21-MAR-2025,KRN,921.25,896.40,0.0273,0.0301,0.0301,0.5751
21-MAR-2025,KRONOX,151.75,151.35,0.0026,0.0238,0.0238,0.4547
21-MAR-2025,KROSS,185.65,181.25,0.0240,0.0240,0.0240,0.4585
21-MAR-2025,KRSNAA,829.65,808.10,0.0263,0.0245,0.0246,0.4700
21-MAR-2025,KRYSTAL,494.60,475.60,0.0392,0.0262,0.0263,0.5025
21-MAR-2025,KSB,720.55,723.60,-0.0042,0.0225,0.0224,0.4280
21-MAR-2025,KSCL,1268.95,1249.10,0.0158,0.0265,0.0264,0.5044
21-MAR-2025,KSHITIJPOL,3.31,3.24,0.0214,0.0308,0.0308,0.5884
21-MAR-2025,KSL,810.30,800.15,0.0126,0.0286,0.0286,0.5464
21-MAR-2025,KSOLVES,452.95,462.65,-0.0212,0.0282,0.0282,0.5388
21-MAR-2025,KTKBANK,181.45,183.80,-0.0129,0.0208,0.0208,0.3974
21-MAR-2025,KUANTUM,111.50,102.25,0.0866,0.0262,0.0268,0.5120
21-MAR-2025,LAFFANSOFT,10.00,10.00,0.0000,0.0000,0.0000,0.0000
21-MAR-2025,LAGNAM,97.01,96.64,0.0038,0.0343,0.0342,0.6534
21-MAR-2025,LAKPRE,4.54,4.78,-0.0515,0.0434,0.0434,0.8292
21-MAR-2025,LAL,12.61,12.85,-0.0189,0.0321,0.0321,0.6133
21-MAR-2025,LALPATHLAB,2533.85,2518.20,0.0062,0.0183,0.0182,0.3477
21-MAR-2025,LAMBODHARA,114.30,117.00,-0.0233,0.0377,0.0377,0.7203
21-MAR-2025,LANCORHOL,25.03,25.13,-0.0040,0.0345,0.0344,0.6572
21-MAR-2025,LANDMARK,401.60,403.30,-0.0042,0.0246,0.0245,0.4681
21-MAR-2025,LAOPALA,221.70,222.30,-0.0027,0.0231,0.0231,0.4413
21-MAR-2025,LASA,20.20,19.70,0.0251,0.0357,0.0357,0.6820
21-MAR-2025,LATENTVIEW,381.45,372.25,0.0244,0.0227,0.0227,0.4337
21-MAR-2025,LATTEYS,19.39,19.01,0.0198,0.0308,0.0308,0.5884
21-MAR-2025,LAURUSLABS,611.20,604.45,0.0111,0.0233,0.0233,0.4451
21-MAR-2025,LAXMICOT,26.55,25.50,0.0404,0.0380,0.0380,0.7260
21-MAR-2025,LAXMIDENTL,443.00,443.40,-0.0009,0.0194,0.0193,0.3687
21-MAR-2025,LCCINFOTEC,6.55,6.68,-0.0197,0.0369,0.0368,0.7031
21-MAR-2025,LEMONTREE,139.15,137.25,0.0137,0.0236,0.0236,0.4509
21-MAR-2025,LEXUS,33.22,33.31,-0.0027,0.0340,0.0339,0.6477
21-MAR-2025,LFIC,174.35,170.85,0.0203,0.0375,0.0374,0.7145
21-MAR-2025,LGBBROSLTD,1250.35,1253.45,-0.0025,0.0212,0.0212,0.4050
21-MAR-2025,LGHL,572.45,582.95,-0.0182,0.0299,0.0299,0.5712
21-MAR-2025,LIBAS,12.16,11.64,0.0437,0.0284,0.0285,0.5445
21-MAR-2025,LIBERTSHOE,333.20,321.30,0.0364,0.0328,0.0328,0.6266
21-MAR-2025,LICHSGFIN,571.70,555.80,0.0282,0.0206,0.0207,0.3955
21-MAR-2025,LICI,791.35,779.50,0.0151,0.0195,0.0194,0.3706
21-MAR-2025,LICMFGOLD,8025.11,8095.05,-0.0087,0.0085,0.0085,0.1624
21-MAR-2025,LICNETFGSC,27.44,27.33,0.0040,0.0049,0.0048,0.0917
21-MAR-2025,LICNETFN50,257.48,255.43,0.0080,0.0105,0.0105,0.2006
21-MAR-2025,LICNETFSEN,850.71,845.94,0.0056,0.0160,0.0160,0.3057
21-MAR-2025,LICNFNHGP,259.73,257.18,0.0099,0.0160,0.0159,0.3038
21-MAR-2025,LICNMID100,51.95,51.33,0.0120,0.0146,0.0146,0.2789
21-MAR-2025,LIKHITHA,285.30,288.25,-0.0103,0.0289,0.0289,0.5521
21-MAR-2025,LINC,112.45,111.60,0.0076,0.0287,0.0286,0.5464
21-MAR-2025,LINCOLN,557.75,553.10,0.0084,0.0300,0.0299,0.5712
21-MAR-2025,LINDEINDIA,6471.60,6332.65,0.0217,0.0249,0.0249,0.4757
21-MAR-2025,LIQUID,999.99,999.99,0.0000,0.0000,0.0000,0.0000
21-MAR-2025,LIQUID1,1041.38,1040.86,0.0005,0.0002,0.0002,0.0038
21-MAR-2025,LIQUIDADD,1063.61,1063.09,0.0005,0.0002,0.0002,0.0038
21-MAR-2025,LIQUIDBEES,1000.00,1000.00,0.0000,0.0001,0.0001,0.0019
21-MAR-2025,LIQUIDBETF,1022.00,1021.48,0.0005,0.0023,0.0023,0.0439
21-MAR-2025,LIQUIDCASE,107.67,107.61,0.0006,0.0003,0.0003,0.0057
21-MAR-2025,LIQUIDETF,999.99,999.99,0.0000,0.0000,0.0000,0.0000
21-MAR-2025,LIQUIDIETF,999.99,999.99,0.0000,0.0003,0.0003,0.0057
21-MAR-2025,LIQUIDPLUS,1023.70,1023.19,0.0005,0.0002,0.0002,0.0038
21-MAR-2025,LIQUIDSBI,1000.01,1000.00,0.0000,0.0002,0.0002,0.0038
21-MAR-2025,LIQUIDSHRI,1044.39,1043.90,0.0005,0.0002,0.0002,0.0038
21-MAR-2025,LLOYDSENGG,59.60,58.84,0.0128,0.0358,0.0357,0.6820
21-MAR-2025,LLOYDSENT,43.45,42.86,0.0137,0.0350,0.0349,0.6668
21-MAR-2025,LLOYDSME,1312.15,1256.70,0.0432,0.0253,0.0254,0.4853
21-MAR-2025,LMW,16204.70,16090.65,0.0071,0.0187,0.0186,0.3554
21-MAR-2025,LODHA,1180.75,1193.75,-0.0109,0.0282,0.0282,0.5388
21-MAR-2025,LOGICINFO,10.00,10.00,0.0000,0.0000,0.0000,0.0000
21-MAR-2025,LOKESHMACH,151.20,144.80,0.0432,0.0358,0.0358,0.6840
21-MAR-2025,LORDSCHLO,142.50,138.35,0.0296,0.0308,0.0308,0.5884
21-MAR-2025,LOTUSEYE,60.78,57.06,0.0632,0.0306,0.0308,0.5884
21-MAR-2025,LOVABLE,87.27,86.17,0.0127,0.0276,0.0276,0.5273
21-MAR-2025,LOWVOL,190.12,187.95,0.0115,0.0083,0.0083,0.1586
21-MAR-2025,LOWVOL1,19.35,19.21,0.0073,0.0107,0.0107,0.2044
21-MAR-2025,LOWVOLIETF,20.37,20.20,0.0084,0.0100,0.0100,0.1910
21-MAR-2025,LOYALTEX,232.05,228.65,0.0148,0.0348,0.0348,0.6649
21-MAR-2025,LPDC,8.08,8.03,0.0062,0.0409,0.0408,0.7795
21-MAR-2025,LT,3415.95,3351.05,0.0192,0.0163,0.0163,0.3114
21-MAR-2025,LTF,155.10,149.70,0.0354,0.0211,0.0212,0.4050
21-MAR-2025,LTFOODS,381.30,375.90,0.0143,0.0286,0.0285,0.5445
21-MAR-2025,LTGILTBEES,27.81,27.82,-0.0004,0.0021,0.0021,0.0401
21-MAR-2025,LTIM,4520.25,4421.20,0.0222,0.0190,0.0190,0.3630
21-MAR-2025,LTTS,4670.40,4654.55,0.0034,0.0195,0.0194,0.3706
21-MAR-2025,LUMAXIND,2401.55,2389.15,0.0052,0.0207,0.0207,0.3955
21-MAR-2025,LUMAXTECH,553.00,536.45,0.0304,0.0255,0.0255,0.4872
21-MAR-2025,LUPIN,2114.70,2085.70,0.0138,0.0173,0.0172,0.3286
21-MAR-2025,LUXIND,1435.40,1390.10,0.0321,0.0269,0.0270,0.5158
21-MAR-2025,LXCHEM,185.35,180.20,0.0282,0.0225,0.0225,0.4299
21-MAR-2025,LYKALABS,107.95,104.55,0.0320,0.0304,0.0304,0.5808
21-MAR-2025,LYPSAGEMS,7.31,7.63,-0.0428,0.0378,0.0378,0.7222
21-MAR-2025,M&M,2801.85,2828.10,-0.0093,0.0196,0.0196,0.3745
21-MAR-2025,M&MFIN,291.35,287.65,0.0128,0.0201,0.0201,0.3840
21-MAR-2025,MAANALU,89.54,85.74,0.0434,0.0358,0.0359,0.6859
21-MAR-2025,MACPOWER,718.35,684.15,0.0488,0.0395,0.0395,0.7546
21-MAR-2025,MADHAV,43.04,41.24,0.0427,0.0315,0.0315,0.6018
21-MAR-2025,MADHUCON,6.60,6.29,0.0481,0.0315,0.0317,0.6056
21-MAR-2025,MADRASFERT,76.85,73.88,0.0394,0.0303,0.0304,0.5808
21-MAR-2025,MAFANG,122.12,121.28,0.0069,0.0184,0.0184,0.3515
21-MAR-2025,MAGADSUGAR,656.90,571.90,0.1386,0.0301,0.0316,0.6037
21-MAR-2025,MAGNUM,26.59,25.66,0.0356,0.0339,0.0339,0.6477
21-MAR-2025,MAHABANK,47.98,47.25,0.0153,0.0255,0.0255,0.4872
21-MAR-2025,MAHAPEXLTD,111.90,112.50,-0.0053,0.0319,0.0319,0.6094
21-MAR-2025,MAHASTEEL,245.00,244.90,0.0004,0.0268,0.0268,0.5120
21-MAR-2025,MAHEPC,121.20,119.25,0.0162,0.0303,0.0302,0.5770
21-MAR-2025,MAHESHWARI,56.62,56.11,0.0090,0.0260,0.0260,0.4967
21-MAR-2025,MAHKTECH,24.99,25.74,-0.0296,0.0223,0.0223,0.4260
21-MAR-2025,MAHLIFE,339.35,329.30,0.0301,0.0215,0.0215,0.4108
21-MAR-2025,MAHLOG,268.65,264.05,0.0173,0.0219,0.0218,0.4165
21-MAR-2025,MAHSCOOTER,10126.80,10047.05,0.0079,0.0192,0.0192,0.3668
21-MAR-2025,MAHSEAMLES,710.80,720.60,-0.0137,0.0250,0.0250,0.4776
21-MAR-2025,MAITHANALL,922.00,929.35,-0.0079,0.0229,0.0228,0.4356
21-MAR-2025,MAKEINDIA,134.36,133.69,0.0050,0.0103,0.0103,0.1968
21-MAR-2025,MALLCOM,1232.60,1177.45,0.0458,0.0296,0.0297,0.5674
21-MAR-2025,MALUPAPER,35.46,35.40,0.0017,0.0349,0.0349,0.6668
21-MAR-2025,MAMATA,393.70,365.85,0.0734,0.0231,0.0236,0.4509
21-MAR-2025,MANAKALUCO,22.82,22.13,0.0307,0.0382,0.0382,0.7298
21-MAR-2025,MANAKCOAT,83.34,82.78,0.0067,0.0322,0.0321,0.6133
21-MAR-2025,MANAKSIA,63.68,63.63,0.0008,0.0258,0.0258,0.4929
21-MAR-2025,MANAKSTEEL,52.71,54.72,-0.0374,0.0330,0.0331,0.6324
21-MAR-2025,MANALIPETC,61.80,61.40,0.0065,0.0247,0.0247,0.4719
21-MAR-2025,MANAPPURAM,234.15,217.50,0.0738,0.0267,0.0272,0.5197
21-MAR-2025,MANBA,139.80,139.85,-0.0004,0.0207,0.0207,0.3955
21-MAR-2025,MANCREDIT,161.60,161.90,-0.0019,0.0191,0.0191,0.3649
21-MAR-2025,MANGALAM,79.78,80.05,-0.0034,0.0304,0.0303,0.5789
21-MAR-2025,MANGCHEFER,148.80,147.25,0.0105,0.0268,0.0268,0.5120
21-MAR-2025,MANGLMCEM,747.60,738.85,0.0118,0.0259,0.0259,0.4948
21-MAR-2025,MANINDS,267.35,272.60,-0.0194,0.0334,0.0334,0.6381
21-MAR-2025,MANINFRA,156.50,150.15,0.0414,0.0270,0.0271,0.5177
21-MAR-2025,MANKIND,2415.05,2244.85,0.0731,0.0201,0.0207,0.3955
21-MAR-2025,MANOMAY,175.35,179.30,-0.0223,0.0322,0.0322,0.6152
21-MAR-2025,MANORAMA,1036.85,1030.95,0.0057,0.0337,0.0337,0.6438
21-MAR-2025,MANORG,413.20,419.65,-0.0155,0.0292,0.0291,0.5560
21-MAR-2025,MANUGRAPH,19.86,17.85,0.1067,0.0390,0.0396,0.7566
21-MAR-2025,MANYAVAR,780.65,798.10,-0.0221,0.0221,0.0221,0.4222
21-MAR-2025,MAPMYINDIA,1611.85,1631.50,-0.0121,0.0252,0.0252,0.4814
21-MAR-2025,MARALOVER,65.12,66.84,-0.0261,0.0340,0.0340,0.6496
21-MAR-2025,MARATHON,494.60,462.65,0.0668,0.0316,0.0319,0.6094
21-MAR-2025,MARBLE,123.35,123.35,0.0000,0.0000,0.0000,0.0000
21-MAR-2025,MARICO,630.80,632.35,-0.0025,0.0154,0.0153,0.2923
21-MAR-2025,MARINE,178.44,174.91,0.0200,0.0352,0.0351,0.6706
21-MAR-2025,MARKSANS,216.85,217.30,-0.0021,0.0316,0.0316,0.6037
21-MAR-2025,MARSHALL,13.89,14.18,-0.0207,0.0329,0.0328,0.6266
21-MAR-2025,MARUTI,11732.85,11730.35,0.0002,0.0138,0.0138,0.2636
21-MAR-2025,MASFIN,254.95,250.75,0.0166,0.0191,0.0191,0.3649
21-MAR-2025,MASKINVEST,175.12,175.12,0.0000,0.0386,0.0385,0.7355
21-MAR-2025,MASPTOP50,51.84,51.41,0.0083,0.0195,0.0195,0.3725
21-MAR-2025,MASTEK,2328.80,2340.10,-0.0048,0.0265,0.0265,0.5063
21-MAR-2025,MASTERTR,121.65,120.10,0.0128,0.0330,0.0329,0.6286
21-MAR-2025,MATRIMONY,535.40,527.30,0.0152,0.0230,0.0229,0.4375
21-MAR-2025,MAWANASUG,89.82,88.23,0.0179,0.0249,0.0248,0.4738
21-MAR-2025,MAXESTATES,373.00,356.45,0.0454,0.0284,0.0285,0.5445
21-MAR-2025,MAXHEALTH,1170.25,1135.85,0.0298,0.0239,0.0240,0.4585
21-MAR-2025,MAXIND,192.55,190.45,0.0110,0.0280,0.0279,0.5330
21-MAR-2025,MAXPLUS,10.00,10.00,0.0000,0.0000,0.0000,0.0000
21-MAR-2025,MAYURUNIQ,477.90,471.20,0.0141,0.0204,0.0204,0.3897
21-MAR-2025,MAZDA,252.50,246.90,0.0224,0.0313,0.0313,0.5980
21-MAR-2025,MAZDOCK,2591.35,2633.05,-0.0160,0.0365,0.0364,0.6954
21-MAR-2025,MBAPL,286.10,281.95,0.0146,0.0226,0.0226,0.4318
21-MAR-2025,MBLINFRA,38.52,38.05,0.0123,0.0346,0.0345,0.6591
21-MAR-2025,MCL,46.60,46.54,0.0013,0.0350,0.0349,0.6668
21-MAR-2025,MCLEODRUSS,38.43,37.07,0.0360,0.0381,0.0380,0.7260
21-MAR-2025,MCLOUD,48.52,47.67,0.0177,0.0201,0.0201,0.3840
21-MAR-2025,MCX,5464.05,5384.10,0.0147,0.0259,0.0259,0.4948
21-MAR-2025,MEDANTA,1265.15,1239.55,0.0204,0.0220,0.0220,0.4203
21-MAR-2025,MEDIA,0.50,0.50,0.0000,0.0002,0.0002,0.0038
21-MAR-2025,MEDIASSIST,443.65,446.40,-0.0062,0.0226,0.0226,0.4318
21-MAR-2025,MEDICAMEQ,492.55,471.85,0.0429,0.0352,0.0353,0.6744
21-MAR-2025,MEDICO,50.37,50.13,0.0048,0.0355,0.0354,0.6763
21-MAR-2025,MEDPLUS,730.40,711.95,0.0256,0.0188,0.0188,0.3592
21-MAR-2025,MEGASOFT,53.70,54.74,-0.0192,0.0367,0.0366,0.6992
21-MAR-2025,MEGASTAR,210.00,208.25,0.0084,0.0288,0.0288,0.5502
21-MAR-2025,MENONBE,100.83,91.35,0.0987,0.0235,0.0245,0.4681
21-MAR-2025,MEP,1.47,1.50,-0.0202,0.0352,0.0351,0.6706
21-MAR-2025,MEPL,10.10,10.10,0.0000,0.0000,0.0000,0.0000
21-MAR-2025,METAL,9.22,9.25,-0.0032,0.0102,0.0102,0.1949
21-MAR-2025,METALIETF,9.21,9.25,-0.0043,0.0104,0.0104,0.1987
21-MAR-2025,METROBRAND,1073.85,1069.80,0.0038,0.0208,0.0207,0.3955
21-MAR-2025,METROPOLIS,1596.45,1601.70,-0.0033,0.0186,0.0186,0.3554
21-MAR-2025,MFML,30.13,30.07,0.0020,0.0266,0.0265,0.5063
21-MAR-2025,MFSL,1140.05,1121.55,0.0164,0.0184,0.0184,0.3515
21-MAR-2025,MGEL,14.03,13.98,0.0036,0.0373,0.0372,0.7107
21-MAR-2025,MGL,1380.00,1369.70,0.0075,0.0247,0.0247,0.4719
21-MAR-2025,MGLFL,10.00,10.00,0.0000,0.0000,0.0000,0.0000
21-MAR-2025,MHLXMIRU,218.05,217.15,0.0041,0.0387,0.0386,0.7375
21-MAR-2025,MHRIL,327.00,318.15,0.0274,0.0201,0.0202,0.3859
21-MAR-2025,MICEL,61.55,61.00,0.0090,0.0438,0.0437,0.8349
21-MAR-2025,MID150BEES,197.71,194.55,0.0161,0.0110,0.0110,0.2102
21-MAR-2025,MID150CASE,9.50,9.41,0.0095,0.0088,0.0088,0.1681
21-MAR-2025,MIDCAP,148.59,147.02,0.0106,0.0114,0.0114,0.2178
21-MAR-2025,MIDCAPETF,19.52,19.25,0.0139,0.0112,0.0113,0.2159
21-MAR-2025,MIDCAPIETF,19.75,19.47,0.0143,0.0110,0.0111,0.2121
21-MAR-2025,MIDHANI,286.60,283.30,0.0116,0.0296,0.0296,0.5655
21-MAR-2025,MIDQ50ADD,224.61,222.03,0.0116,0.0099,0.0099,0.1891
21-MAR-2025,MIDSELIETF,16.34,16.03,0.0192,0.0136,0.0136,0.2598
21-MAR-2025,MIDSMALL,44.04,43.51,0.0121,0.0115,0.0115,0.2197
21-MAR-2025,MILIND,69.95,69.95,0.0000,0.0000,0.0000,0.0000
21-MAR-2025,MINDACORP,533.90,530.40,0.0066,0.0252,0.0251,0.4795
21-MAR-2025,MINDSPACE,369.97,360.01,0.0273,0.0093,0.0095,0.1815
21-MAR-2025,MINDTECK,182.05,179.10,0.0163,0.0389,0.0389,0.7432
21-MAR-2025,MIRCELECTR,13.57,13.33,0.0178,0.0373,0.0373,0.7126
21-MAR-2025,MIRZAINT,30.35,30.58,-0.0075,0.0294,0.0294,0.5617
21-MAR-2025,MITCON,74.25,74.85,-0.0080,0.0373,0.0372,0.7107
21-MAR-2025,MITTAL,1.79,1.76,0.0169,0.0356,0.0355,0.6782
21-MAR-2025,MKPL,6.58,6.27,0.0483,0.0304,0.0305,0.5827
21-MAR-2025,MMFL,355.70,349.30,0.0182,0.0255,0.0254,0.4853
21-MAR-2025,MMP,250.64,243.11,0.0305,0.0298,0.0298,0.5693
21-MAR-2025,MMTC,54.84,53.87,0.0178,0.0331,0.0330,0.6305
21-MAR-2025,MNC,26.73,26.77,-0.0015,0.0103,0.0103,0.1968
21-MAR-2025,MOBIKWIK,320.50,316.75,0.0118,0.0301,0.0301,0.5751
21-MAR-2025,MOCAPITAL,33.40,32.37,0.0313,0.0038,0.0044,0.0841
21-MAR-2025,MODEFENCE,68.47,67.65,0.0120,0.0144,0.0144,0.2751
21-MAR-2025,MODIRUBBER,100.58,96.93,0.0370,0.0265,0.0266,0.5082
21-MAR-2025,MODISONLTD,136.40,133.10,0.0245,0.0342,0.0342,0.6534
21-MAR-2025,MODTHREAD,36.67,37.03,-0.0098,0.0950,0.0947,1.8092
21-MAR-2025,MOGSEC,59.82,59.22,0.0101,0.0053,0.0053,0.1013
21-MAR-2025,MOHEALTH,42.51,41.59,0.0219,0.0110,0.0111,0.2121
21-MAR-2025,MOHITIND,28.99,29.58,-0.0201,0.0350,0.0349,0.6668
21-MAR-2025,MOIL,338.95,336.20,0.0081,0.0299,0.0298,0.5693
21-MAR-2025,MOKSH,14.38,14.72,-0.0234,0.0379,0.0378,0.7222
21-MAR-2025,MOL,67.32,67.15,0.0025,0.0261,0.0260,0.4967
21-MAR-2025,MOLDTECH,125.15,120.55,0.0374,0.0300,0.0301,0.5751
21-MAR-2025,MOLDTKPAC,442.80,444.80,-0.0045,0.0200,0.0200,0.3821
21-MAR-2025,MOLIND,3.20,3.20,0.0000,0.0000,0.0000,0.0000
21-MAR-2025,MOLOWVOL,35.15,34.66,0.0140,0.0095,0.0095,0.1815
21-MAR-2025,MOM100,55.66,54.89,0.0139,0.0114,0.0114,0.2178
21-MAR-2025,MOM30IETF,28.73,28.51,0.0077,0.0124,0.0124,0.2369
21-MAR-2025,MOM50,240.55,238.70,0.0077,0.0083,0.0083,0.1586
21-MAR-2025,MOMENTUM,28.61,28.35,0.0091,0.0121,0.0121,0.2312
21-MAR-2025,MOMENTUM50,47.61,47.17,0.0093,0.0108,0.0108,0.2063
21-MAR-2025,MOMOMENTUM,57.30,56.89,0.0072,0.0127,0.0127,0.2426
21-MAR-2025,MON100,185.40,187.21,-0.0097,0.0153,0.0152,0.2904
21-MAR-2025,MONARCH,339.40,336.55,0.0084,0.0308,0.0308,0.5884
21-MAR-2025,MONIFTY500,21.51,21.33,0.0084,0.0083,0.0083,0.1586
21-MAR-2025,MONQ50,80.83,80.53,0.0037,0.0173,0.0173,0.3305
21-MAR-2025,MONTECARLO,542.55,558.65,-0.0292,0.0251,0.0251,0.4795
21-MAR-2025,MOQUALITY,174.03,172.89,0.0066,0.0127,0.0127,0.2426
21-MAR-2025,MORARJEE,5.52,5.53,-0.0018,0.0332,0.0331,0.6324
21-MAR-2025,MOREALTY,86.32,85.24,0.0126,0.0149,0.0149,0.2847
21-MAR-2025,MOREPENLAB,50.24,48.66,0.0320,0.0330,0.0330,0.6305
21-MAR-2025,MOSCHIP,162.70,158.00,0.0293,0.0148,0.0149,0.2847
21-MAR-2025,MOSMALL250,15.22,14.94,0.0186,0.0115,0.0115,0.2197
21-MAR-2025,MOTHERSON,131.35,128.75,0.0200,0.0218,0.0218,0.4165
21-MAR-2025,MOTILALOFS,637.25,636.25,0.0016,0.0323,0.0322,0.6152
21-MAR-2025,MOTISONS,19.26,18.65,0.0322,0.0321,0.0321,0.6133
21-MAR-2025,MOTOGENFIN,26.38,27.04,-0.0247,0.0300,0.0300,0.5731
21-MAR-2025,MOVALUE,94.79,93.75,0.0110,0.0141,0.0141,0.2694
21-MAR-2025,MPHASIS,2429.95,2305.85,0.0524,0.0201,0.0204,0.3897
21-MAR-2025,MPSLTD,2831.90,2896.60,-0.0226,0.0315,0.0315,0.6018
21-MAR-2025,MRF,112050.70,111106.65,0.0085,0.0129,0.0129,0.2465
21-MAR-2025,MRO-TEK,61.20,59.59,0.0267,0.0367,0.0366,0.6992
21-MAR-2025,MRPL,135.55,117.90,0.1395,0.0300,0.0315,0.6018
21-MAR-2025,MSCIINDIA,27.50,27.21,0.0106,0.0026,0.0027,0.0516
21-MAR-2025,MSPL,26.56,27.78,-0.0449,0.0306,0.0307,0.5865
21-MAR-2025,MSTCLTD,515.05,507.15,0.0155,0.0328,0.0327,0.6247
21-MAR-2025,MSUMI,54.22,52.95,0.0237,0.0161,0.0161,0.3076
21-MAR-2025,MTARTECH,1344.00,1318.85,0.0189,0.0258,0.0258,0.4929
21-MAR-2025,MTEDUCARE,2.11,2.08,0.0143,0.0299,0.0298,0.5693
21-MAR-2025,MTNL,45.95,45.83,0.0026,0.0419,0.0418,0.7986
21-MAR-2025,MUFIN,73.89,73.06,0.0113,0.0305,0.0305,0.5827
21-MAR-2025,MUFTI,134.50,135.55,-0.0078,0.0265,0.0264,0.5044
21-MAR-2025,MUKANDLTD,97.68,95.23,0.0254,0.0276,0.0276,0.5273
21-MAR-2025,MUKKA,34.28,33.20,0.0320,0.0252,0.0253,0.4834
21-MAR-2025,MUKTAARTS,68.85,66.46,0.0353,0.0321,0.0321,0.6133
21-MAR-2025,MULTICAP,14.69,14.55,0.0096,0.0072,0.0072,0.1376
21-MAR-2025,MUNJALAU,72.66,72.26,0.0055,0.0296,0.0295,0.5636
21-MAR-2025,MUNJALSHOW,114.10,112.20,0.0168,0.0242,0.0241,0.4604
21-MAR-2025,MURUDCERA,35.61,35.50,0.0031,0.0309,0.0308,0.5884
21-MAR-2025,MUTHOOTCAP,264.80,259.65,0.0196,0.0258,0.0258,0.4929
21-MAR-2025,MUTHOOTFIN,2356.60,2374.75,-0.0077,0.0175,0.0175,0.3343
21-MAR-2025,MUTHOOTMF,143.45,134.75,0.0626,0.0164,0.0169,0.3229
21-MAR-2025,MVGJL,218.75,215.10,0.0168,0.0344,0.0343,0.6553
21-MAR-2025,NACLIND,101.67,103.34,-0.0163,0.0367,0.0367,0.7012
21-MAR-2025,NAGAFERT,5.25,5.30,-0.0095,0.0348,0.0347,0.6629
21-MAR-2025,NAGREEKCAP,27.08,27.54,-0.0168,0.0370,0.0369,0.7050
21-MAR-2025,NAGREEKEXP,27.38,27.04,0.0125,0.0357,0.0356,0.6801
21-MAR-2025,NAHARCAP,240.50,239.65,0.0035,0.0276,0.0276,0.5273
21-MAR-2025,NAHARINDUS,98.28,97.17,0.0114,0.0275,0.0274,0.5235
21-MAR-2025,NAHARPOLY,199.50,198.30,0.0060,0.0310,0.0309,0.5903
21-MAR-2025,NAHARSPING,216.00,217.70,-0.0078,0.0312,0.0312,0.5961
21-MAR-2025,NAM-INDIA,563.10,554.95,0.0146,0.0258,0.0257,0.4910
21-MAR-2025,NANDINI,14.00,14.00,0.0000,0.0000,0.0000,0.0000
21-MAR-2025,NARMADA,17.75,17.15,0.0344,0.0283,0.0283,0.5407
21-MAR-2025,NATCAPSUQ,177.30,184.10,-0.0376,0.0263,0.0263,0.5025
21-MAR-2025,NATCOPHARM,829.30,826.10,0.0039,0.0265,0.0265,0.5063
21-MAR-2025,NATHBIOGEN,155.95,149.95,0.0392,0.0233,0.0234,0.4471
21-MAR-2025,NATIONALUM,185.50,190.55,-0.0269,0.0284,0.0284,0.5426
21-MAR-2025,NAUKRI,6915.95,6850.30,0.0095,0.0213,0.0213,0.4069
21-MAR-2025,NAVA,477.75,477.75,0.0000,0.0319,0.0318,0.6075
21-MAR-2025,NAVINFLUOR,4246.70,4168.40,0.0186,0.0204,0.0204,0.3897
21-MAR-2025,NAVKARCORP,105.82,98.98,0.0668,0.0361,0.0363,0.6935
21-MAR-2025,NAVKARURB,14.38,14.63,-0.0172,0.0152,0.0152,0.2904
21-MAR-2025,NAVNETEDUL,136.10,135.25,0.0063,0.0211,0.0211,0.4031
21-MAR-2025,NAWRATAN,10.00,10.00,0.0000,0.0000,0.0000,0.0000
21-MAR-2025,NAZARA,969.95,958.35,0.0120,0.0250,0.0249,0.4757
21-MAR-2025,NBCC,83.73,82.98,0.0090,0.0324,0.0324,0.6190
21-MAR-2025,NBIFIN,2369.55,2360.15,0.0040,0.0274,0.0273,0.5216
21-MAR-2025,NCC,206.05,201.50,0.0223,0.0303,0.0303,0.5789
21-MAR-2025,NCCL,12.10,12.10,0.0000,0.0000,0.0000,0.0000
21-MAR-2025,NCLIND,190.75,185.65,0.0271,0.0218,0.0218,0.4165
21-MAR-2025,NDGL,3600.50,3486.40,0.0322,0.0303,0.0303,0.5789
21-MAR-2025,NDL,3.59,3.52,0.0197,0.0367,0.0366,0.6992
21-MAR-2025,NDLVENTURE,78.58,78.39,0.0024,0.0300,0.0299,0.5712
21-MAR-2025,NDRAUTO,767.75,762.25,0.0072,0.0367,0.0366,0.6992
21-MAR-2025,NDRINVIT,107.50,107.50,0.0000,0.0046,0.0046,0.0879
21-MAR-2025,NDTV,122.65,120.35,0.0189,0.0288,0.0288,0.5502
21-MAR-2025,NECCLTD,22.98,22.85,0.0057,0.0370,0.0369,0.7050
21-MAR-2025,NECLIFE,24.73,23.56,0.0485,0.0343,0.0344,0.6572
21-MAR-2025,NELCAST,92.19,90.25,0.0213,0.0288,0.0287,0.5483
21-MAR-2025,NELCO,848.30,821.40,0.0322,0.0330,0.0330,0.6305
21-MAR-2025,NEOGEN,1776.45,1768.70,0.0044,0.0311,0.0310,0.5923
21-MAR-2025,NEPACL,9.30,9.30,0.0000,0.0000,0.0000,0.0000
21-MAR-2025,NESCO,931.95,897.05,0.0382,0.0190,0.0192,0.3668
21-MAR-2025,NESTLEIND,2268.80,2221.55,0.0210,0.0121,0.0122,0.2331
21-MAR-2025,NETF,249.79,247.65,0.0086,0.0095,0.0095,0.1815
21-MAR-2025,NETWEB,1606.45,1515.25,0.0584,0.0328,0.0330,0.6305
21-MAR-2025,NETWORK18,47.44,44.00,0.0753,0.0306,0.0309,0.5903
21-MAR-2025,NEULANDLAB,11793.30,11681.10,0.0096,0.0352,0.0351,0.6706
21-MAR-2025,NEWAGE,10.00,10.00,0.0000,0.0000,0.0000,0.0000
21-MAR-2025,NEWERA,8.50,8.50,0.0000,0.0044,0.0044,0.0841
21-MAR-2025,NEWGEN,1034.15,962.05,0.0723,0.0346,0.0349,0.6668
21-MAR-2025,NEXT30ADD,35.76,35.46,0.0084,0.0060,0.0060,0.1146
21-MAR-2025,NEXT50,641.45,636.18,0.0082,0.0127,0.0127,0.2426
21-MAR-2025,NEXT50IETF,65.64,65.06,0.0089,0.0116,0.0116,0.2216
21-MAR-2025,NEXTMEDIA,6.17,6.30,-0.0209,0.0365,0.0364,0.6954
21-MAR-2025,NFL,84.08,83.59,0.0058,0.0313,0.0312,0.5961
21-MAR-2025,NGIL,35.81,35.07,0.0209,0.0321,0.0321,0.6133
21-MAR-2025,NGLFINE,1140.00,1137.20,0.0025,0.0346,0.0345,0.6591
21-MAR-2025,NH,1663.85,1685.70,-0.0130,0.0199,0.0199,0.3802
21-MAR-2025,NHIT,135.00,133.50,0.0112,0.0060,0.0060,0.1146
21-MAR-2025,NHPC,82.56,80.04,0.0310,0.0241,0.0241,0.4604
21-MAR-2025,NIACL,165.05,153.40,0.0732,0.0317,0.0321,0.6133
21-MAR-2025,NIBE,889.15,846.85,0.0487,0.0335,0.0336,0.6419
21-MAR-2025,NIBL,25.43,24.47,0.0385,0.0309,0.0310,0.5923
21-MAR-2025,NIF100BEES,251.52,249.39,0.0085,0.0078,0.0078,0.1490
21-MAR-2025,NIF100IETF,26.44,26.24,0.0076,0.0085,0.0085,0.1624
21-MAR-2025,NIF10GETF,25.06,25.00,0.0024,0.0125,0.0124,0.2369
21-MAR-2025,NIF5GETF,60.65,60.25,0.0066,0.0114,0.0114,0.2178
21-MAR-2025,NIFITETF,374.36,375.34,-0.0026,0.0126,0.0126,0.2407
21-MAR-2025,NIFMID150,193.50,190.23,0.0170,0.0136,0.0136,0.2598
21-MAR-2025,NIFTY1,254.89,252.59,0.0091,0.0075,0.0075,0.1433
21-MAR-2025,NIFTY100EW,30.16,29.99,0.0057,0.0025,0.0026,0.0497
21-MAR-2025,NIFTY50ADD,241.57,239.79,0.0074,0.0094,0.0094,0.1796
21-MAR-2025,NIFTYBEES,261.09,259.32,0.0068,0.0073,0.0073,0.1395
21-MAR-2025,NIFTYBETF,235.93,234.14,0.0076,0.0086,0.0086,0.1643
21-MAR-2025,NIFTYETF,249.52,248.14,0.0055,0.0083,0.0082,0.1567
21-MAR-2025,NIFTYIETF,259.73,258.04,0.0065,0.0079,0.0079,0.1509
21-MAR-2025,NIFTYQLITY,19.58,19.45,0.0067,0.0102,0.0102,0.1949
21-MAR-2025,NIITLTD,125.80,121.90,0.0315,0.0361,0.0361,0.6897
21-MAR-2025,NIITMTS,438.65,441.55,-0.0066,0.0216,0.0216,0.4127
21-MAR-2025,NILAINFRA,9.74,9.47,0.0281,0.0349,0.0349,0.6668
21-MAR-2025,NILASPACES,13.04,12.55,0.0383,0.0338,0.0338,0.6457
21-MAR-2025,NILKAMAL,1604.60,1591.00,0.0085,0.0165,0.0165,0.3152
21-MAR-2025,NINSYS,502.65,514.35,-0.0230,0.0284,0.0283,0.5407
21-MAR-2025,NIPPOBATRY,452.90,447.55,0.0119,0.0272,0.0271,0.5177
21-MAR-2025,NIRAJ,59.29,59.81,-0.0087,0.0370,0.0369,0.7050
21-MAR-2025,NIRAJISPAT,267.16,267.16,0.0000,0.0091,0.0090,0.1719
21-MAR-2025,NITCO,116.50,115.05,0.0125,0.0315,0.0314,0.5999
21-MAR-2025,NITINSPIN,347.10,336.90,0.0298,0.0264,0.0264,0.5044
21-MAR-2025,NITIRAJ,310.05,326.35,-0.0512,0.0398,0.0398,0.7604
21-MAR-2025,NIVABUPA,74.60,74.96,-0.0048,0.0194,0.0194,0.3706
21-MAR-2025,NKIND,63.10,61.80,0.0208,0.0389,0.0388,0.7413
21-MAR-2025,NKTEXTILE,10.00,10.00,0.0000,0.0000,0.0000,0.0000
21-MAR-2025,NLCINDIA,257.50,248.00,0.0376,0.0312,0.0312,0.5961
21-MAR-2025,NMDC,67.51,66.49,0.0152,0.0235,0.0235,0.4490
21-MAR-2025,NOCIL,191.00,188.90,0.0111,0.0256,0.0255,0.4872
21-MAR-2025,NOIDATOLL,3.32,3.38,-0.0179,0.0351,0.0350,0.6687
21-MAR-2025,NORBTEAEXP,42.59,43.56,-0.0225,0.0316,0.0315,0.6018
21-MAR-2025,NORTHARC,175.50,172.60,0.0167,0.0157,0.0157,0.2999
21-MAR-2025,NOVAAGRI,47.84,47.59,0.0052,0.0281,0.0280,0.5349
21-MAR-2025,NPBET,260.00,256.56,0.0133,0.0109,0.0109,0.2082
21-MAR-2025,NRAIL,231.20,224.75,0.0283,0.0282,0.0282,0.5388
21-MAR-2025,NRBBEARING,219.20,220.50,-0.0059,0.0260,0.0259,0.4948
21-MAR-2025,NRL,62.68,63.05,-0.0059,0.0382,0.0381,0.7279
21-MAR-2025,NSIL,6406.95,6277.90,0.0203,0.0340,0.0339,0.6477
21-MAR-2025,NSLNISP,36.41,35.68,0.0203,0.0255,0.0254,0.4853
21-MAR-2025,NTPC,351.30,341.75,0.0276,0.0183,0.0183,0.3496
21-MAR-2025,NTPCGREEN,102.43,99.17,0.0323,0.0175,0.0176,0.3362
21-MAR-2025,NUCLEUS,823.70,821.65,0.0025,0.0292,0.0291,0.5560
21-MAR-2025,NURECA,226.70,225.80,0.0040,0.0337,0.0336,0.6419
21-MAR-2025,NUVAMA,6344.15,5995.55,0.0565,0.0302,0.0304,0.5808
21-MAR-2025,NUVOCO,325.50,304.80,0.0657,0.0177,0.0183,0.3496
21-MAR-2025,NV20,144.19,142.68,0.0105,0.0153,0.0153,0.2923
21-MAR-2025,NV20BEES,144.66,144.80,-0.0010,0.0085,0.0085,0.1624
21-MAR-2025,NV20IETF,14.10,14.02,0.0057,0.0079,0.0079,0.1509
21-MAR-2025,NXST,122.21,127.72,-0.0441,0.0104,0.0108,0.2063
21-MAR-2025,NXT-INFRA,110.00,110.00,0.0000,0.0055,0.0055,0.1051
21-MAR-2025,NYKAA,172.50,168.10,0.0258,0.0208,0.0208,0.3974
21-MAR-2025,OAL,304.00,302.00,0.0066,0.0344,0.0343,0.6553
21-MAR-2025,OBCL,53.98,52.19,0.0337,0.0254,0.0255,0.4872
21-MAR-2025,OBEROIRLTY,1652.50,1642.65,0.0060,0.0224,0.0223,0.4260
21-MAR-2025,OCCL,182.00,176.75,0.0293,0.0279,0.0279,0.5330
21-MAR-2025,OCCLLTD,85.98,80.35,0.0677,0.0271,0.0275,0.5254
21-MAR-2025,ODIGMA,37.30,37.52,-0.0059,0.0203,0.0202,0.3859
21-MAR-2025,OEGIL,25.70,25.70,0.0000,0.0010,0.0010,0.0191
21-MAR-2025,OFSS,7644.40,7578.85,0.0086,0.0238,0.0238,0.4547
21-MAR-2025,OIL,393.60,391.30,0.0059,0.0280,0.0280,0.5349
21-MAR-2025,OILCOUNTUB,77.57,74.67,0.0381,0.0327,0.0327,0.6247
21-MAR-2025,OILIETF,10.63,10.45,0.0171,0.0094,0.0095,0.1815
21-MAR-2025,OLAELEC,56.07,51.71,0.0809,0.0302,0.0306,0.5846
21-MAR-2025,OLECTRA,1215.30,1125.50,0.0768,0.0295,0.0299,0.5712
21-MAR-2025,OMAXAUTO,86.02,86.13,-0.0013,0.0338,0.0338,0.6457
21-MAR-2025,OMAXE,76.69,74.19,0.0331,0.0330,0.0330,0.6305
21-MAR-2025,OMINFRAL,121.80,121.95,-0.0012,0.0363,0.0362,0.6916
21-MAR-2025,OMKARCHEM,7.07,7.03,0.0057,0.0316,0.0315,0.6018
21-MAR-2025,ONELIFECAP,10.96,10.68,0.0259,0.0403,0.0403,0.7699
21-MAR-2025,ONEPOINT,49.10,48.69,0.0084,0.0353,0.0352,0.6725
21-MAR-2025,ONESOURCE,1648.50,1663.85,-0.0093,0.0145,0.0145,0.2770
21-MAR-2025,ONGC,242.40,235.60,0.0285,0.0205,0.0205,0.3917
21-MAR-2025,ONMOBILE,49.69,48.89,0.0162,0.0336,0.0335,0.6400
21-MAR-2025,ONWARDTEC,276.45,263.45,0.0482,0.0291,0.0293,0.5598
21-MAR-2025,OPTIEMUS,452.15,447.30,0.0108,0.0369,0.0369,0.7050
21-MAR-2025,ORBTEXP,158.65,154.60,0.0259,0.0331,0.0331,0.6324
21-MAR-2025,ORCHASP,2.66,2.77,-0.0405,0.0327,0.0328,0.6266
21-MAR-2025,ORCHPHARMA,825.20,828.15,-0.0036,0.0347,0.0346,0.6610
21-MAR-2025,ORICONENT,39.48,39.44,0.0010,0.0314,0.0313,0.5980
21-MAR-2025,ORIENTALTL,10.34,9.64,0.0701,0.0357,0.0360,0.6878
21-MAR-2025,ORIENTBELL,247.70,243.00,0.0192,0.0223,0.0223,0.4260
21-MAR-2025,ORIENTCEM,336.95,347.45,-0.0307,0.0249,0.0250,0.4776
21-MAR-2025,ORIENTCER,33.80,34.14,-0.0100,0.0329,0.0329,0.6286
21-MAR-2025,ORIENTELEC,214.25,215.15,-0.0042,0.0228,0.0228,0.4356
21-MAR-2025,ORIENTHOT,149.35,146.75,0.0176,0.0288,0.0288,0.5502
21-MAR-2025,ORIENTLTD,84.99,85.47,-0.0056,0.0358,0.0357,0.6820
21-MAR-2025,ORIENTPPR,24.72,24.25,0.0192,0.0288,0.0287,0.5483
21-MAR-2025,ORIENTTECH,346.70,330.15,0.0489,0.0295,0.0296,0.5655
21-MAR-2025,ORISSAMINE,5480.10,5333.05,0.0272,0.0304,0.0304,0.5808
21-MAR-2025,ORTINGLOBE,13.20,12.80,0.0308,0.0334,0.0334,0.6381
21-MAR-2025,OSIAHYPER,27.35,26.23,0.0418,0.0296,0.0297,0.5674
21-MAR-2025,OSWALAGRO,72.81,70.15,0.0372,0.0342,0.0342,0.6534
21-MAR-2025,OSWALGREEN,36.65,36.15,0.0137,0.0361,0.0360,0.6878
21-MAR-2025,OSWALMIN,10.00,10.00,0.0000,0.0000,0.0000,0.0000
21-MAR-2025,OSWALSEEDS,14.02,13.73,0.0209,0.0302,0.0302,0.5770
21-MAR-2025,PAGEIND,42128.20,41937.65,0.0045,0.0154,0.0154,0.2942
21-MAR-2025,PAISALO,34.93,35.40,-0.0134,0.0325,0.0325,0.6209
21-MAR-2025,PAKKA,184.55,192.15,-0.0404,0.0345,0.0345,0.6591
21-MAR-2025,PALASHSECU,129.20,126.55,0.0207,0.0363,0.0363,0.6935
21-MAR-2025,PALREDTEC,50.09,47.76,0.0476,0.0326,0.0326,0.6228
21-MAR-2025,PANACEABIO,447.75,450.80,-0.0068,0.0371,0.0371,0.7088
21-MAR-2025,PANACHE,273.95,260.95,0.0486,0.0329,0.0330,0.6305
21-MAR-2025,PANAMAPET,392.05,395.05,-0.0076,0.0254,0.0253,0.4834
21-MAR-2025,PANSARI,170.00,170.65,-0.0038,0.0349,0.0348,0.6649
21-MAR-2025,PAR,97.85,97.72,0.0013,0.0370,0.0369,0.7050
21-MAR-2025,PARACABLES,55.65,54.67,0.0178,0.0332,0.0332,0.6343
21-MAR-2025,PARADEEP,95.25,91.22,0.0432,0.0296,0.0297,0.5674
21-MAR-2025,PARAGMILK,159.30,155.50,0.0241,0.0285,0.0285,0.5445
21-MAR-2025,PARAS,1001.40,994.65,0.0068,0.0313,0.0313,0.5980
21-MAR-2025,PARASPETRO,2.71,2.58,0.0492,0.0503,0.0503,0.9610
21-MAR-2025,PARKHOTELS,155.85,152.80,0.0198,0.0249,0.0249,0.4757
21-MAR-2025,PARSVNATH,21.58,20.63,0.0450,0.0318,0.0318,0.6075
21-MAR-2025,PASUPTAC,54.59,54.89,-0.0055,0.0349,0.0348,0.6649
21-MAR-2025,PATANJALI,1761.15,1750.45,0.0061,0.0206,0.0205,0.3917
21-MAR-2025,PATELENG,43.21,41.49,0.0406,0.0296,0.0296,0.5655
21-MAR-2025,PATINTLOG,14.94,15.00,-0.0040,0.0365,0.0365,0.6973
21-MAR-2025,PAVNAIND,370.75,335.65,0.0995,0.0326,0.0333,0.6362
21-MAR-2025,PAYTM,751.05,734.40,0.0224,0.0353,0.0352,0.6725
21-MAR-2025,PCBL,423.05,394.15,0.0708,0.0293,0.0297,0.5674
21-MAR-2025,PCJEWELLER,14.30,14.39,-0.0063,0.0361,0.0360,0.6878
21-MAR-2025,PDMJEPAPER,102.85,101.85,0.0098,0.0379,0.0378,0.7222
21-MAR-2025,PDSL,457.60,453.45,0.0091,0.0251,0.0251,0.4795
21-MAR-2025,PEARLPOLY,25.13,24.74,0.0156,0.0374,0.0373,0.7126
21-MAR-2025,PEL,996.45,967.35,0.0296,0.0244,0.0244,0.4662
21-MAR-2025,PENIND,188.40,183.20,0.0280,0.0353,0.0353,0.6744
21-MAR-2025,PENINLAND,24.90,24.70,0.0081,0.0372,0.0371,0.7088
21-MAR-2025,PERSISTENT,5275.55,5194.05,0.0156,0.0224,0.0223,0.4260
21-MAR-2025,PETRONET,301.25,297.55,0.0124,0.0199,0.0199,0.3802
21-MAR-2025,PFC,407.80,402.35,0.0135,0.0282,0.0281,0.5368
21-MAR-2025,PFIZER,4117.15,4115.35,0.0004,0.0166,0.0166,0.3171
21-MAR-2025,PFOCUS,100.12,101.63,-0.0150,0.0335,0.0334,0.6381
21-MAR-2025,PFS,32.02,31.37,0.0205,0.0324,0.0324,0.6190
21-MAR-2025,PGEL,946.10,915.35,0.0330,0.0360,0.0360,0.6878
21-MAR-2025,PGHH,13859.35,13477.05,0.0280,0.0115,0.0117,0.2235
21-MAR-2025,PGHL,5502.50,5316.05,0.0345,0.0152,0.0153,0.2923
21-MAR-2025,PGIL,1287.50,1358.70,-0.0538,0.0348,0.0350,0.6687
21-MAR-2025,PGINVIT,75.92,75.97,-0.0007,0.0069,0.0069,0.1318
21-MAR-2025,PHARMABEES,22.05,21.76,0.0132,0.0097,0.0097,0.1853
21-MAR-2025,PHOENIXLTD,1666.15,1624.00,0.0256,0.0270,0.0269,0.5139
21-MAR-2025,PIDILITIND,2825.50,2759.10,0.0238,0.0130,0.0131,0.2503
21-MAR-2025,PIGL,133.05,129.75,0.0251,0.0289,0.0288,0.5502
21-MAR-2025,PIIND,3456.70,3422.35,0.0100,0.0163,0.0163,0.3114
21-MAR-2025,PILANIINVS,4347.85,4002.75,0.0827,0.0291,0.0296,0.5655
21-MAR-2025,PILITA,12.45,12.37,0.0064,0.0304,0.0303,0.5789
21-MAR-2025,PILLAR,10.00,10.00,0.0000,0.0000,0.0000,0.0000
21-MAR-2025,PIONEEREMB,42.34,41.55,0.0188,0.0315,0.0315,0.6018
21-MAR-2025,PITTIENG,1009.65,1010.10,-0.0004,0.0262,0.0261,0.4986
21-MAR-2025,PIXTRANS,1763.40,1736.45,0.0154,0.0342,0.0341,0.6515
21-MAR-2025,PKLEASING,10.00,10.00,0.0000,0.0000,0.0000,0.0000
21-MAR-2025,PKTEA,702.60,710.25,-0.0108,0.0318,0.0317,0.6056
21-MAR-2025,PLASTIBLEN,196.15,199.10,-0.0149,0.0257,0.0257,0.4910
21-MAR-2025,PLATIND,290.40,277.05,0.0471,0.0322,0.0323,0.6171
21-MAR-2025,PLAZACABLE,55.76,55.55,0.0038,0.0232,0.0231,0.4413
21-MAR-2025,PNB,93.14,91.30,0.0200,0.0222,0.0222,0.4241
21-MAR-2025,PNBGILTS,81.13,79.69,0.0179,0.0270,0.0270,0.5158
21-MAR-2025,PNBHOUSING,860.80,826.05,0.0412,0.0264,0.0265,0.5063
21-MAR-2025,PNC,24.45,24.77,-0.0130,0.0353,0.0352,0.6725
21-MAR-2025,PNCINFRA,273.80,269.50,0.0158,0.0291,0.0290,0.5540
21-MAR-2025,PNGJL,533.40,530.15,0.0061,0.0205,0.0204,0.3897
21-MAR-2025,POCL,592.00,561.55,0.0528,0.0383,0.0384,0.7336
21-MAR-2025,PODDARMENT,302.95,306.15,-0.0105,0.0244,0.0244,0.4662
21-MAR-2025,POKARNA,1273.65,1214.30,0.0477,0.0353,0.0354,0.6763
21-MAR-2025,POLICYBZR,1603.00,1559.15,0.0277,0.0284,0.0284,0.5426
21-MAR-2025,POLYCAB,4992.30,5083.40,-0.0181,0.0268,0.0268,0.5120
21-MAR-2025,POLYMED,2317.85,2242.10,0.0332,0.0267,0.0267,0.5101
21-MAR-2025,POLYPLEX,1214.10,1209.15,0.0041,0.0264,0.0263,0.5025
21-MAR-2025,PONNIERODE,331.40,313.40,0.0558,0.0255,0.0257,0.4910
21-MAR-2025,POONAWALLA,334.80,318.20,0.0509,0.0248,0.0250,0.4776
21-MAR-2025,POWERGRID,283.10,280.35,0.0098,0.0176,0.0175,0.3343
21-MAR-2025,POWERINDIA,12060.25,11886.90,0.0145,0.0342,0.0341,0.6515
21-MAR-2025,POWERMECH,2170.05,2047.55,0.0581,0.0268,0.0271,0.5177
21-MAR-2025,PPAP,173.85,172.50,0.0078,0.0288,0.0288,0.5502
21-MAR-2025,PPL,431.60,427.65,0.0092,0.0311,0.0310,0.5923
21-MAR-2025,PPLPHARMA,226.85,221.30,0.0248,0.0290,0.0290,0.5540
21-MAR-2025,PRABHA,190.35,199.45,-0.0467,0.0054,0.0063,0.1204
21-MAR-2025,PRABHATSEC,10.80,10.80,0.0000,0.0000,0.0000,0.0000
21-MAR-2025,PRAENG,22.31,22.62,-0.0138,0.0382,0.0381,0.7279
21-MAR-2025,PRAJIND,574.50,551.75,0.0404,0.0269,0.0270,0.5158
21-MAR-2025,PRAKASH,156.70,151.80,0.0318,0.0303,0.0303,0.5789
21-MAR-2025,PRAKASHSTL,6.80,6.78,0.0029,0.0307,0.0306,0.5846
21-MAR-2025,PRAXIS,11.38,10.87,0.0459,0.0316,0.0317,0.6056
21-MAR-2025,PRECAM,181.30,173.80,0.0422,0.0376,0.0376,0.7183
21-MAR-2025,PRECOT,450.15,442.65,0.0168,0.0309,0.0308,0.5884
21-MAR-2025,PRECWIRE,140.40,137.15,0.0234,0.0335,0.0334,0.6381
21-MAR-2025,PREMEXPLN,375.95,378.10,-0.0057,0.0373,0.0372,0.7107
21-MAR-2025,PREMIER,3.12,3.09,0.0097,0.0331,0.0330,0.6305
21-MAR-2025,PREMIERENE,915.70,947.95,-0.0346,0.0277,0.0277,0.5292
21-MAR-2025,PREMIERPOL,65.44,63.34,0.0326,0.0389,0.0389,0.7432
21-MAR-2025,PRESTIGE,1226.15,1208.25,0.0147,0.0279,0.0278,0.5311
21-MAR-2025,PRHOLDING,10.00,10.00,0.0000,0.0000,0.0000,0.0000
21-MAR-2025,PRICOLLTD,448.90,422.35,0.0610,0.0227,0.0231,0.4413
21-MAR-2025,PRIMESECU,231.05,235.30,-0.0182,0.0291,0.0291,0.5560
21-MAR-2025,PRINCEPIPE,256.70,248.70,0.0317,0.0220,0.0221,0.4222
21-MAR-2025,PRITI,94.17,89.83,0.0472,0.0327,0.0327,0.6247
21-MAR-2025,PRITIKAUTO,17.61,17.33,0.0160,0.0312,0.0311,0.5942
21-MAR-2025,PRIVISCL,1550.80,1543.95,0.0044,0.0227,0.0227,0.4337
21-MAR-2025,PRIYAINT,8.50,8.50,0.0000,0.0000,0.0000,0.0000
21-MAR-2025,PROTEAN,1369.40,1331.45,0.0281,0.0102,0.0104,0.1987
21-MAR-2025,PROZONER,32.00,31.38,0.0196,0.0494,0.0493,0.9419
21-MAR-2025,PRSMJOHNSN,126.85,125.10,0.0139,0.0270,0.0269,0.5139
21-MAR-2025,PRUDENT,2323.75,2224.30,0.0437,0.0355,0.0356,0.6801
21-MAR-2025,PRUDMOULI,48.71,45.28,0.0730,0.0310,0.0313,0.5980
21-MAR-2025,PSB,43.43,41.18,0.0532,0.0300,0.0302,0.5770
21-MAR-2025,PSPPROJECT,633.55,629.55,0.0063,0.0191,0.0191,0.3649
21-MAR-2025,PSUBANK,612.08,602.34,0.0160,0.0176,0.0176,0.3362
21-MAR-2025,PSUBANKADD,61.36,60.50,0.0141,0.0160,0.0160,0.3057
21-MAR-2025,PSUBNKBEES,68.24,67.03,0.0179,0.0169,0.0169,0.3229
21-MAR-2025,PSUBNKIETF,61.75,60.84,0.0148,0.0153,0.0153,0.2923
21-MAR-2025,PTC,157.15,156.75,0.0025,0.0273,0.0272,0.5197
21-MAR-2025,PTCIL,13211.90,12582.25,0.0488,0.0321,0.0322,0.6152
21-MAR-2025,PTL,39.64,39.68,-0.0010,0.0201,0.0201,0.3840
21-MAR-2025,PUNJABCHEM,826.70,828.40,-0.0021,0.0289,0.0289,0.5521
21-MAR-2025,PURBANCHAL,8.65,8.65,0.0000,0.0000,0.0000,0.0000
21-MAR-2025,PURVA,255.20,242.55,0.0508,0.0349,0.0350,0.6687
21-MAR-2025,PVP,23.97,22.88,0.0465,0.0390,0.0390,0.7451
21-MAR-2025,PVRINOX,974.45,960.20,0.0147,0.0196,0.0196,0.3745
21-MAR-2025,PVSL,99.70,99.65,0.0005,0.0196,0.0195,0.3725
21-MAR-2025,PVTBANIETF,25.24,24.94,0.0120,0.0094,0.0094,0.1796
21-MAR-2025,PVTBANKADD,25.37,25.09,0.0111,0.0107,0.0107,0.2044
21-MAR-2025,PYRAMID,152.15,149.00,0.0209,0.0295,0.0294,0.5617
21-MAR-2025,QGOLDHALF,73.74,74.15,-0.0055,0.0075,0.0075,0.1433
21-MAR-2025,QNIFTY,2530.01,2511.33,0.0074,0.0076,0.0076,0.1452
21-MAR-2025,QPOWER,352.30,361.55,-0.0259,0.0137,0.0137,0.2617
21-MAR-2025,QUADFUTURE,514.60,514.80,-0.0004,0.0375,0.0374,0.7145
21-MAR-2025,QUAL30IETF,19.44,19.22,0.0114,0.0089,0.0089,0.1700
21-MAR-2025,QUESS,683.10,636.65,0.0704,0.0224,0.0229,0.4375
21-MAR-2025,QUICKHEAL,311.45,306.45,0.0162,0.0347,0.0346,0.6610
21-MAR-2025,RACE,277.95,269.65,0.0303,0.0246,0.0246,0.4700
21-MAR-2025,RACLGEAR,760.35,752.40,0.0105,0.0269,0.0269,0.5139
21-MAR-2025,RADAAN,3.94,3.76,0.0468,0.0377,0.0378,0.7222
21-MAR-2025,RADHIKAJWE,88.71,88.33,0.0043,0.0358,0.0357,0.6820
21-MAR-2025,RADIANTCMS,56.05,56.13,-0.0014,0.0173,0.0172,0.3286
21-MAR-2025,RADICO,2307.60,2286.45,0.0092,0.0227,0.0226,0.4318
21-MAR-2025,RADIOCITY,9.70,9.65,0.0052,0.0249,0.0249,0.4757
21-MAR-2025,RAILTEL,309.75,297.50,0.0404,0.0345,0.0346,0.6610
21-MAR-2025,RAIN,136.10,138.25,-0.0157,0.0246,0.0246,0.4700
21-MAR-2025,RAINBOW,1302.10,1302.85,-0.0006,0.0225,0.0224,0.4280
21-MAR-2025,RAJESHEXPO,187.20,187.60,-0.0021,0.0275,0.0274,0.5235
21-MAR-2025,RAJMET,4.52,4.55,-0.0066,0.0294,0.0293,0.5598
21-MAR-2025,RAJRATAN,325.30,301.50,0.0760,0.0232,0.0238,0.4547
21-MAR-2025,RAJRILTD,20.87,21.07,-0.0095,0.0407,0.0406,0.7757
21-MAR-2025,RAJSREESUG,42.58,41.53,0.0250,0.0340,0.0339,0.6477
21-MAR-2025,RAJTV,83.82,87.95,-0.0481,0.0280,0.0281,0.5368
21-MAR-2025,RALLIS,224.90,219.30,0.0252,0.0241,0.0241,0.4604
21-MAR-2025,RAMANEWS,28.20,27.02,0.0427,0.0383,0.0383,0.7317
21-MAR-2025,RAMAPHO,88.83,89.88,-0.0118,0.0302,0.0301,0.5751
21-MAR-2025,RAMARAJU,182.80,182.80,0.0000,0.0000,0.0000,0.0000
21-MAR-2025,RAMASTEEL,10.25,10.20,0.0049,0.0343,0.0342,0.6534
21-MAR-2025,RAMCOCEM,855.85,848.95,0.0081,0.0167,0.0167,0.3191
21-MAR-2025,RAMCOIND,230.85,229.95,0.0039,0.0231,0.0230,0.4394
21-MAR-2025,RAMCOSYS,310.35,309.95,0.0013,0.0348,0.0347,0.6629
21-MAR-2025,RAMKY,500.00,493.25,0.0136,0.0332,0.0331,0.6324
21-MAR-2025,RAMRAT,530.80,528.75,0.0039,0.0283,0.0283,0.5407
21-MAR-2025,RANASUG,14.50,14.52,-0.0014,0.0258,0.0257,0.4910
21-MAR-2025,RANEENGINE,292.50,292.20,0.0010,0.0313,0.0312,0.5961
21-MAR-2025,RANEHOLDIN,1335.80,1298.15,0.0286,0.0280,0.0280,0.5349
21-MAR-2025,RANJANPOLY,28.25,28.25,0.0000,0.0000,0.0000,0.0000
21-MAR-2025,RATEGAIN,461.90,450.05,0.0260,0.0269,0.0269,0.5139
21-MAR-2025,RATNAMANI,2743.95,2687.70,0.0207,0.0191,0.0191,0.3649
21-MAR-2025,RATNAVEER,145.15,144.55,0.0041,0.0311,0.0311,0.5942
21-MAR-2025,RAYMOND,1481.85,1409.40,0.0501,0.0356,0.0357,0.6820
21-MAR-2025,RAYMONDLSL,1082.80,1141.80,-0.0531,0.0247,0.0249,0.4757
21-MAR-2025,RBA,63.98,62.68,0.0205,0.0209,0.0209,0.3993
21-MAR-2025,RBL,712.15,699.90,0.0174,0.0257,0.0257,0.4910
21-MAR-2025,RBLBANK,168.30,164.60,0.0222,0.0267,0.0266,0.5082
21-MAR-2025,RBZJEWEL,139.50,136.85,0.0192,0.0283,0.0283,0.5407
21-MAR-2025,RCF,127.30,123.40,0.0311,0.0311,0.0311,0.5942
21-MAR-2025,RECLTD,428.95,429.05,-0.0002,0.0289,0.0288,0.5502
21-MAR-2025,REDINGTON,250.20,227.45,0.0953,0.0267,0.0275,0.5254
21-MAR-2025,REDTAPE,161.30,160.45,0.0053,0.0263,0.0263,0.5025
21-MAR-2025,REFEX,377.60,373.20,0.0117,0.0331,0.0330,0.6305
21-MAR-2025,REGALENTER,10.00,10.00,0.0000,0.0000,0.0000,0.0000
21-MAR-2025,REGENCERAM,48.35,47.78,0.0119,0.0389,0.0388,0.7413
21-MAR-2025,RELAXO,436.95,438.40,-0.0033,0.0157,0.0156,0.2980
21-MAR-2025,RELCHEMQ,160.40,161.10,-0.0044,0.0251,0.0251,0.4795
21-MAR-2025,RELIABLE,78.53,77.10,0.0184,0.0269,0.0269,0.5139
21-MAR-2025,RELIANCE,1276.35,1269.15,0.0057,0.0135,0.0135,0.2579
21-MAR-2025,RELIGARE,237.15,238.80,-0.0069,0.0266,0.0266,0.5082
21-MAR-2025,RELINFRA,239.50,237.30,0.0092,0.0381,0.0380,0.7260
21-MAR-2025,RELTD,133.30,128.80,0.0343,0.0372,0.0372,0.7107
21-MAR-2025,REMSONSIND,116.35,118.50,-0.0183,0.0283,0.0283,0.5407
21-MAR-2025,RENUKA,30.25,29.37,0.0295,0.0269,0.0269,0.5139
21-MAR-2025,REPCOHOME,345.55,335.55,0.0294,0.0263,0.0263,0.5025
21-MAR-2025,REPL,177.94,183.61,-0.0314,0.0319,0.0319,0.6094
21-MAR-2025,REPRO,434.45,430.40,0.0094,0.0288,0.0287,0.5483
21-MAR-2025,RESPONIND,197.65,190.75,0.0355,0.0260,0.0260,0.4967
21-MAR-2025,RETAIL,38.56,37.13,0.0378,0.0310,0.0310,0.5923
21-MAR-2025,RGL,134.30,129.25,0.0383,0.0328,0.0329,0.6286
21-MAR-2025,RHFL,3.49,3.42,0.0203,0.0344,0.0343,0.6553
21-MAR-2025,RHIM,470.30,461.60,0.0187,0.0220,0.0220,0.4203
21-MAR-2025,RHL,210.10,213.50,-0.0161,0.0316,0.0316,0.6037
21-MAR-2025,RICOAUTO,65.74,65.83,-0.0014,0.0333,0.0332,0.6343
21-MAR-2025,RIIL,841.85,830.05,0.0141,0.0290,0.0289,0.5521
21-MAR-2025,RISHABH,228.40,229.40,-0.0044,0.0241,0.0240,0.4585
21-MAR-2025,RITCO,268.65,263.95,0.0176,0.0299,0.0298,0.5693
21-MAR-2025,RITES,239.50,226.55,0.0556,0.0295,0.0296,0.5655
21-MAR-2025,RITZ,15.25,15.25,0.0000,0.0000,0.0000,0.0000
21-MAR-2025,RKDL,25.82,25.55,0.0105,0.0288,0.0288,0.5502
21-MAR-2025,RKEC,71.79,69.64,0.0304,0.0343,0.0343,0.6553
21-MAR-2025,RKFORGE,843.90,745.20,0.1244,0.0260,0.0274,0.5235
21-MAR-2025,RKSWAMY,242.05,237.55,0.0188,0.0251,0.0251,0.4795
21-MAR-2025,RML,661.90,671.80,-0.0148,0.0299,0.0298,0.5693
21-MAR-2025,ROBERT,10.70,10.70,0.0000,0.0000,0.0000,0.0000
21-MAR-2025,ROHLTD,420.15,412.00,0.0196,0.0277,0.0277,0.5292
21-MAR-2025,ROLEXRINGS,1350.55,1335.10,0.0115,0.0219,0.0219,0.4184
21-MAR-2025,ROLLT,1.36,1.34,0.0148,0.0345,0.0344,0.6572
21-MAR-2025,ROLTA,2.10,2.19,-0.0420,0.0327,0.0327,0.6247
21-MAR-2025,ROML,44.25,44.65,-0.0090,0.0305,0.0305,0.5827
21-MAR-2025,ROSSARI,627.50,613.65,0.0223,0.0195,0.0195,0.3725
21-MAR-2025,ROSSELLIND,59.48,57.98,0.0255,0.0339,0.0339,0.6477
21-MAR-2025,ROSSTECH,289.00,274.75,0.0506,0.0203,0.0205,0.3917
21-MAR-2025,ROTO,229.80,228.10,0.0074,0.0314,0.0313,0.5980
21-MAR-2025,ROUTE,999.35,978.45,0.0211,0.0203,0.0203,0.3878
21-MAR-2025,RPEL,546.20,540.65,0.0102,0.0317,0.0317,0.6056
21-MAR-2025,RPGLIFE,2334.85,2317.35,0.0075,0.0288,0.0287,0.5483
21-MAR-2025,RPOWER,37.82,36.45,0.0369,0.0346,0.0346,0.6610
21-MAR-2025,RPPINFRA,142.80,141.75,0.0074,0.0347,0.0346,0.6610
21-MAR-2025,RPPL,22.29,22.95,-0.0292,0.0341,0.0341,0.6515
21-MAR-2025,RPSGVENT,843.20,834.45,0.0104,0.0322,0.0321,0.6133
21-MAR-2025,RPTECH,295.10,287.85,0.0249,0.0240,0.0240,0.4585
21-MAR-2025,RRKABEL,926.85,917.25,0.0104,0.0234,0.0234,0.4471
21-MAR-2025,RSSOFTWARE,67.91,64.77,0.0473,0.0347,0.0347,0.6629
21-MAR-2025,RSWM,136.30,134.65,0.0122,0.0265,0.0264,0.5044
21-MAR-2025,RSYSTEMS,332.50,336.35,-0.0115,0.0246,0.0245,0.4681
21-MAR-2025,RTNINDIA,43.82,42.93,0.0205,0.0311,0.0311,0.5942
21-MAR-2025,RTNPOWER,10.26,10.06,0.0197,0.0323,0.0323,0.6171
21-MAR-2025,RUBFILA,70.76,69.76,0.0142,0.0261,0.0261,0.4986
21-MAR-2025,RUBYMILLS,201.45,198.10,0.0168,0.0327,0.0327,0.6247
21-MAR-2025,RUCHINFRA,7.88,8.14,-0.0325,0.0296,0.0296,0.5655
21-MAR-2025,RUCHIRA,123.05,120.80,0.0185,0.0229,0.0228,0.4356
21-MAR-2025,RUPA,193.45,190.90,0.0133,0.0228,0.0228,0.4356
21-MAR-2025,RUSHIL,23.60,23.44,0.0068,0.0302,0.0302,0.5770
21-MAR-2025,RUSTOMJEE,548.60,544.65,0.0072,0.0197,0.0197,0.3764
21-MAR-2025,RVHL,49.82,51.95,-0.0419,0.0323,0.0323,0.6171
21-MAR-2025,RVNL,361.35,357.90,0.0096,0.0367,0.0366,0.6992
21-MAR-2025,RVTH,1009.20,971.15,0.0384,0.0260,0.0261,0.4986
21-MAR-2025,S&SPOWER,319.55,308.90,0.0339,0.0344,0.0344,0.6572
21-MAR-2025,SAANVI,10.00,10.00,0.0000,0.0000,0.0000,0.0000
21-MAR-2025,SABEVENTS,4.37,4.13,0.0565,0.0452,0.0453,0.8655
21-MAR-2025,SABTNL,551.50,540.70,0.0198,0.0276,0.0276,0.5273
21-MAR-2025,SADBHAV,11.91,12.15,-0.0200,0.0358,0.0358,0.6840
21-MAR-2025,SADBHIN,4.79,4.79,0.0000,0.0359,0.0358,0.6840
21-MAR-2025,SADHNANIQ,20.00,20.02,-0.0010,0.0342,0.0341,0.6515
21-MAR-2025,SAFARI,2065.10,2077.50,-0.0060,0.0236,0.0235,0.4490
21-MAR-2025,SAGARDEEP,30.15,29.63,0.0174,0.0283,0.0283,0.5407
21-MAR-2025,SAGCEM,180.10,177.40,0.0151,0.0229,0.0228,0.4356
21-MAR-2025,SAGILITY,43.44,42.43,0.0235,0.0203,0.0203,0.3878
21-MAR-2025,SAH,84.69,85.98,-0.0151,0.0315,0.0315,0.6018
21-MAR-2025,SAHYADRI,246.15,235.30,0.0451,0.0248,0.0249,0.4757
21-MAR-2025,SAIL,115.30,113.95,0.0118,0.0268,0.0267,0.5101
21-MAR-2025,SAILIFE,726.50,721.95,0.0063,0.0177,0.0176,0.3362
21-MAR-2025,SAKAR,240.21,235.20,0.0211,0.0267,0.0267,0.5101
21-MAR-2025,SAKHTISUG,23.62,22.76,0.0371,0.0329,0.0329,0.6286
21-MAR-2025,SAKSOFT,162.80,155.00,0.0491,0.0286,0.0288,0.5502
21-MAR-2025,SAKUMA,2.61,2.64,-0.0114,0.0354,0.0354,0.6763
21-MAR-2025,SALASAR,8.06,8.04,0.0025,0.0319,0.0318,0.6075
21-MAR-2025,SALONA,240.65,259.15,-0.0741,0.0274,0.0279,0.5330
21-MAR-2025,SALSTEEL,19.13,18.86,0.0142,0.0358,0.0357,0.6820
21-MAR-2025,SALZERELEC,975.15,963.25,0.0123,0.0358,0.0357,0.6820
21-MAR-2025,SAMBHAAV,5.85,5.79,0.0103,0.0378,0.0377,0.7203
21-MAR-2025,SAMHI,151.65,149.25,0.0160,0.0228,0.0228,0.4356
21-MAR-2025,SAMMAANCAP,117.95,110.50,0.0652,0.0290,0.0293,0.5598
21-MAR-2025,SAMPANN,28.60,28.12,0.0169,0.0337,0.0336,0.6419
21-MAR-2025,SAMYAK,9.95,9.95,0.0000,0.0000,0.0000,0.0000
21-MAR-2025,SANATHAN,343.05,339.40,0.0107,0.0148,0.0148,0.2828
21-MAR-2025,SANCO,2.61,2.57,0.0154,0.0319,0.0318,0.6075
21-MAR-2025,SANDESH,1103.95,1106.15,-0.0020,0.0303,0.0303,0.5789
21-MAR-2025,SANDHAR,401.55,386.50,0.0382,0.0274,0.0274,0.5235
21-MAR-2025,SANDUMA,463.30,460.10,0.0069,0.0313,0.0312,0.5961
21-MAR-2025,SANGAMIND,345.25,333.75,0.0339,0.0309,0.0309,0.5903
21-MAR-2025,SANGHIIND,57.26,56.40,0.0151,0.0254,0.0254,0.4853
21-MAR-2025,SANGHVIMOV,263.80,247.00,0.0658,0.0352,0.0354,0.6763
21-MAR-2025,SANGINITA,12.36,11.73,0.0523,0.0321,0.0322,0.6152
21-MAR-2025,SANOFI,5875.20,5706.95,0.0291,0.0121,0.0122,0.2331
21-MAR-2025,SANOFICONR,4696.55,4776.60,-0.0169,0.0086,0.0087,0.1662
21-MAR-2025,SANSERA,1242.05,1222.65,0.0157,0.0202,0.0202,0.3859
21-MAR-2025,SANSTAR,92.62,90.55,0.0226,0.0222,0.0222,0.4241
21-MAR-2025,SANWARIA,0.37,0.38,-0.0267,0.0428,0.0428,0.8177
21-MAR-2025,SAPPHIRE,313.95,299.55,0.0470,0.0215,0.0217,0.4146
21-MAR-2025,SARDAEN,545.50,541.70,0.0070,0.0286,0.0286,0.5464
21-MAR-2025,SAREGAMA,508.20,516.95,-0.0171,0.0300,0.0300,0.5731
21-MAR-2025,SARLAPOLY,81.58,81.53,0.0006,0.0361,0.0360,0.6878
21-MAR-2025,SARVESHWAR,7.07,7.11,-0.0056,0.0302,0.0301,0.5751
21-MAR-2025,SASKEN,1404.45,1406.35,-0.0014,0.0300,0.0299,0.5712
21-MAR-2025,SASTASUNDR,241.55,239.50,0.0085,0.0288,0.0287,0.5483
21-MAR-2025,SATIA,72.80,71.32,0.0205,0.0228,0.0228,0.4356
21-MAR-2025,SATIN,147.90,143.40,0.0309,0.0231,0.0232,0.4432
21-MAR-2025,SATINDLTD,83.90,84.00,-0.0012,0.0324,0.0323,0.6171
21-MAR-2025,SATYASHYAM,22.65,22.65,0.0000,0.0000,0.0000,0.0000
21-MAR-2025,SAURASHCEM,80.18,76.37,0.0487,0.0309,0.0310,0.5923
21-MAR-2025,SBC,12.47,12.58,-0.0088,0.0291,0.0290,0.5540
21-MAR-2025,SBCL,483.55,468.40,0.0318,0.0271,0.0272,0.5197
21-MAR-2025,SBFC,87.97,83.64,0.0505,0.0206,0.0209,0.3993
21-MAR-2025,SBGLP,34.48,33.80,0.0199,0.0389,0.0388,0.7413
21-MAR-2025,SBHL,10.00,10.00,0.0000,0.0000,0.0000,0.0000
21-MAR-2025,SBICARD,857.50,856.80,0.0008,0.0147,0.0147,0.2808
21-MAR-2025,SBIETFCON,110.69,110.01,0.0062,0.0091,0.0091,0.1739
21-MAR-2025,SBIETFIT,396.64,396.03,0.0015,0.0131,0.0131,0.2503
21-MAR-2025,SBIETFPB,255.81,252.68,0.0123,0.0094,0.0094,0.1796
21-MAR-2025,SBIETFQLTY,204.42,202.52,0.0093,0.0089,0.0089,0.1700
21-MAR-2025,SBILIFE,1546.40,1498.35,0.0316,0.0149,0.0150,0.2866
21-MAR-2025,SBIN,753.20,749.55,0.0049,0.0162,0.0162,0.3095
21-MAR-2025,SBINEQWETF,29.21,29.06,0.0051,0.0068,0.0068,0.1299
21-MAR-2025,SBISILVER,96.53,97.92,-0.0143,0.0105,0.0105,0.2006
21-MAR-2025,SCHAEFFLER,3650.75,3524.25,0.0353,0.0201,0.0202,0.3859
21-MAR-2025,SCHAND,174.75,173.35,0.0080,0.0259,0.0258,0.4929
21-MAR-2025,SCHNEIDER,686.30,638.85,0.0716,0.0288,0.0291,0.5560
21-MAR-2025,SCI,169.25,176.50,-0.0419,0.0330,0.0331,0.6324
21-MAR-2025,SCILAL,48.76,50.53,-0.0357,0.0281,0.0281,0.5368
21-MAR-2025,SCPL,338.15,310.10,0.0866,0.0292,0.0298,0.5693
21-MAR-2025,SDBL,130.60,128.05,0.0197,0.0276,0.0276,0.5273
21-MAR-2025,SDL26BEES,128.26,128.25,0.0001,0.0027,0.0027,0.0516
21-MAR-2025,SEAMECLTD,932.65,937.75,-0.0055,0.0264,0.0264,0.5044
21-MAR-2025,SECMARK,91.00,90.13,0.0096,0.0336,0.0335,0.6400
21-MAR-2025,SECURKLOUD,20.38,20.77,-0.0190,0.0343,0.0342,0.6534
21-MAR-2025,SEITINVIT,108.00,108.00,0.0000,0.0054,0.0053,0.1013
21-MAR-2025,SEJALLTD,392.85,378.25,0.0379,0.0286,0.0286,0.5464
21-MAR-2025,SELAN,635.75,617.40,0.0293,0.0361,0.0361,0.6897
21-MAR-2025,SELECTIPO,42.53,41.86,0.0159,0.0027,0.0029,0.0554
21-MAR-2025,SELMC,29.68,30.21,-0.0177,0.0363,0.0362,0.6916
21-MAR-2025,SEMAC,309.95,306.60,0.0109,0.0302,0.0301,0.5751
21-MAR-2025,SENCO,288.85,275.10,0.0488,0.0323,0.0324,0.6190
21-MAR-2025,SENORES,627.10,622.00,0.0082,0.0225,0.0224,0.4280
21-MAR-2025,SENSEXADD,78.11,77.76,0.0045,0.0110,0.0110,0.2102
21-MAR-2025,SENSEXETF,78.03,77.54,0.0063,0.0098,0.0098,0.1872
21-MAR-2025,SENSEXIETF,869.11,862.42,0.0077,0.0097,0.0096,0.1834
21-MAR-2025,SEPC,16.09,15.69,0.0252,0.0398,0.0397,0.7585
21-MAR-2025,SEQUENT,144.70,143.35,0.0094,0.0321,0.0320,0.6114
21-MAR-2025,SERVOTECH,127.07,122.75,0.0346,0.0328,0.0328,0.6266
21-MAR-2025,SESHAPAPER,273.50,268.30,0.0192,0.0232,0.0232,0.4432
21-MAR-2025,SETCO,18.92,18.24,0.0366,0.0325,0.0325,0.6209
21-MAR-2025,SETF10GILT,249.02,248.44,0.0023,0.0031,0.0031,0.0592
21-MAR-2025,SETFGOLD,76.23,76.59,-0.0047,0.0075,0.0075,0.1433
21-MAR-2025,SETFNIF50,246.91,245.14,0.0072,0.0074,0.0074,0.1414
21-MAR-2025,SETFNIFBK,514.04,508.67,0.0105,0.0089,0.0089,0.1700
21-MAR-2025,SETFNN50,666.41,658.41,0.0121,0.0114,0.0114,0.2178
21-MAR-2025,SETUINFRA,0.56,0.56,0.0000,0.0383,0.0382,0.7298
21-MAR-2025,SEYAIND,16.42,16.10,0.0197,0.0284,0.0284,0.5426
21-MAR-2025,SFL,752.60,740.20,0.0166,0.0179,0.0179,0.3420
21-MAR-2025,SGIL,397.55,398.15,-0.0015,0.0283,0.0282,0.5388
21-MAR-2025,SGL,11.44,11.20,0.0212,0.0379,0.0378,0.7222
21-MAR-2025,SGLTL,155.20,152.85,0.0153,0.0194,0.0194,0.3706
21-MAR-2025,SHAH,3.23,3.29,-0.0184,0.0343,0.0343,0.6553
21-MAR-2025,SHAHALLOYS,48.81,47.58,0.0255,0.0393,0.0392,0.7489
21-MAR-2025,SHAILY,1751.95,1784.60,-0.0185,0.0312,0.0311,0.5942
21-MAR-2025,SHAKTIPUMP,1017.20,980.95,0.0363,0.0343,0.0343,0.6553
21-MAR-2025,SHALBY,202.70,203.25,-0.0027,0.0250,0.0250,0.4776
21-MAR-2025,SHALPAINTS,107.35,106.75,0.0056,0.0283,0.0283,0.5407
21-MAR-2025,SHANKARA,601.55,539.50,0.1089,0.0283,0.0293,0.5598
21-MAR-2025,SHANTI,15.18,15.04,0.0093,0.0366,0.0365,0.6973
21-MAR-2025,SHANTIGEAR,483.15,477.05,0.0127,0.0261,0.0261,0.4986
21-MAR-2025,SHARDACROP,584.00,563.45,0.0358,0.0296,0.0296,0.5655
21-MAR-2025,SHARDAMOTR,1499.60,1493.75,0.0039,0.0276,0.0275,0.5254
21-MAR-2025,SHAREINDIA,178.60,177.00,0.0090,0.0252,0.0252,0.4814
21-MAR-2025,SHARIABEES,493.67,489.78,0.0079,0.0087,0.0087,0.1662
21-MAR-2025,SHEKHAWATI,24.38,23.23,0.0483,0.1297,0.1294,2.4722
21-MAR-2025,SHEMAROO,106.75,106.95,-0.0019,0.0358,0.0357,0.6820
21-MAR-2025,SHILPAMED,682.45,657.20,0.0377,0.0300,0.0301,0.5751
21-MAR-2025,SHIVALIK,621.80,597.75,0.0394,0.0347,0.0347,0.6629
21-MAR-2025,SHIVAMAUTO,29.76,28.90,0.0293,0.0367,0.0367,0.7012
21-MAR-2025,SHIVAMILLS,73.26,73.47,-0.0029,0.0327,0.0326,0.6228
21-MAR-2025,SHIVATEX,188.80,182.95,0.0315,0.0373,0.0373,0.7126
21-MAR-2025,SHK,184.65,181.25,0.0186,0.0299,0.0299,0.5712
21-MAR-2025,SHOPERSTOP,506.30,498.85,0.0148,0.0221,0.0220,0.4203
21-MAR-2025,SHRADHA,65.74,62.99,0.0427,0.0353,0.0353,0.6744
21-MAR-2025,SHREDIGCEM,70.88,70.99,-0.0016,0.0200,0.0200,0.3821
21-MAR-2025,SHREECEM,28987.30,28628.95,0.0124,0.0148,0.0148,0.2828
21-MAR-2025,SHREEPUSHK,293.25,283.50,0.0338,0.0323,0.0323,0.6171
21-MAR-2025,SHREERAMA,32.93,32.70,0.0070,0.0326,0.0325,0.6209
21-MAR-2025,SHREMINVIT,114.50,114.50,0.0000,0.0102,0.0102,0.1949
21-MAR-2025,SHRENIK,0.59,0.59,0.0000,0.0329,0.0328,0.6266
21-MAR-2025,SHREYANIND,177.25,178.55,-0.0073,0.0265,0.0264,0.5044
21-MAR-2025,SHRIPISTON,1837.55,1834.85,0.0015,0.0259,0.0258,0.4929
21-MAR-2025,SHRIRAMFIN,676.80,667.90,0.0132,0.0222,0.0222,0.4241
21-MAR-2025,SHRIRAMPPS,74.00,72.33,0.0228,0.0302,0.0301,0.5751
21-MAR-2025,SHYAMCENT,7.89,7.73,0.0205,0.0267,0.0267,0.5101
21-MAR-2025,SHYAMMETL,869.25,852.30,0.0197,0.0239,0.0238,0.4547
21-MAR-2025,SHYAMTEL,13.75,13.42,0.0243,0.0417,0.0417,0.7967
21-MAR-2025,SICALLOG,94.49,88.95,0.0604,0.0276,0.0279,0.5330
21-MAR-2025,SIEMENS,5200.65,5194.10,0.0013,0.0224,0.0224,0.4280
21-MAR-2025,SIGACHI,37.87,37.81,0.0016,0.0302,0.0301,0.5751
21-MAR-2025,SIGIND,50.03,45.69,0.0907,0.0338,0.0343,0.6553
21-MAR-2025,SIGMA,261.60,261.45,0.0006,0.0269,0.0268,0.5120
21-MAR-2025,SIGNATURE,1157.95,1116.15,0.0368,0.0220,0.0221,0.4222
21-MAR-2025,SIGNPOST,252.50,240.60,0.0483,0.0337,0.0337,0.6438
21-MAR-2025,SIKKO,77.85,79.18,-0.0169,0.0421,0.0420,0.8024
21-MAR-2025,SIL,19.78,19.57,0.0107,0.0270,0.0270,0.5158
21-MAR-2025,SILGO,45.22,45.22,0.0000,0.0415,0.0414,0.7909
21-MAR-2025,SILINV,552.65,513.20,0.0741,0.0314,0.0318,0.6075
21-MAR-2025,SILLYMONKS,16.73,16.61,0.0072,0.0327,0.0327,0.6247
21-MAR-2025,SILVER,98.17,99.85,-0.0170,0.0129,0.0129,0.2465
21-MAR-2025,SILVER1,95.42,97.04,-0.0168,0.0138,0.0138,0.2636
21-MAR-2025,SILVERADD,94.77,96.36,-0.0166,0.0134,0.0134,0.2560
21-MAR-2025,SILVERBEES,94.18,95.84,-0.0175,0.0136,0.0136,0.2598
21-MAR-2025,SILVERETF,95.29,96.90,-0.0168,0.0129,0.0129,0.2465
21-MAR-2025,SILVERIETF,98.09,99.85,-0.0178,0.0132,0.0132,0.2522
21-MAR-2025,SILVERTUC,656.50,645.85,0.0164,0.0175,0.0175,0.3343
21-MAR-2025,SILVRETF,95.72,97.36,-0.0170,0.0122,0.0123,0.2350
21-MAR-2025,SIMBHALS,14.86,14.19,0.0461,0.0308,0.0309,0.5903
21-MAR-2025,SIMPLEXINF,292.55,287.95,0.0158,0.0333,0.0332,0.6343
21-MAR-2025,SINCLAIR,90.03,86.35,0.0417,0.0330,0.0330,0.6305
21-MAR-2025,SINDHUTRAD,18.34,19.09,-0.0401,0.0425,0.0425,0.8120
21-MAR-2025,SINTERCOM,134.94,133.18,0.0131,0.0242,0.0242,0.4623
21-MAR-2025,SIRCA,269.85,270.25,-0.0015,0.0232,0.0232,0.4432
21-MAR-2025,SIS,315.25,295.35,0.0652,0.0190,0.0195,0.3725
21-MAR-2025,SITAL,74.65,74.65,0.0000,0.0008,0.0008,0.0153
21-MAR-2025,SITINET,0.55,0.55,0.0000,0.0283,0.0282,0.5388
21-MAR-2025,SIYSIL,672.25,674.50,-0.0033,0.0332,0.0331,0.6324
21-MAR-2025,SJS,870.60,876.80,-0.0071,0.0277,0.0277,0.5292
21-MAR-2025,SJVN,95.23,91.07,0.0447,0.0300,0.0300,0.5731
21-MAR-2025,SKFINDIA,3809.20,3768.70,0.0107,0.0172,0.0172,0.3286
21-MAR-2025,SKIPPER,462.70,436.95,0.0573,0.0382,0.0383,0.7317
21-MAR-2025,SKMEGGPROD,175.60,172.20,0.0196,0.0306,0.0306,0.5846
21-MAR-2025,SKYGOLD,335.00,324.80,0.0309,0.0359,0.0359,0.6859
21-MAR-2025,SMALLCAP,42.48,41.69,0.0188,0.0128,0.0128,0.2445
21-MAR-2025,SMARTLINK,133.70,131.10,0.0196,0.0299,0.0299,0.5712
21-MAR-2025,SMCGLOBAL,111.20,109.80,0.0127,0.0244,0.0244,0.4662
21-MAR-2025,SMLISUZU,1652.05,1431.10,0.1436,0.0310,0.0326,0.6228
21-MAR-2025,SMLT,119.50,119.05,0.0038,0.0318,0.0317,0.6056
21-MAR-2025,SMMIL,2.25,2.25,0.0000,0.0000,0.0000,0.0000
21-MAR-2025,SMSLIFE,1081.40,1085.20,-0.0035,0.0315,0.0314,0.5999
21-MAR-2025,SMSPHARMA,218.00,213.10,0.0227,0.0319,0.0319,0.6094
21-MAR-2025,SNOWMAN,47.83,47.07,0.0160,0.0293,0.0293,0.5598
21-MAR-2025,SOBHA,1271.65,1245.50,0.0208,0.0282,0.0281,0.5368
21-MAR-2025,SOFTTECH,319.55,334.30,-0.0451,0.0332,0.0333,0.6362
21-MAR-2025,SOLARA,530.65,505.40,0.0488,0.0323,0.0324,0.6190
21-MAR-2025,SOLARINDS,10650.50,10424.80,0.0214,0.0242,0.0242,0.4623
21-MAR-2025,SOMANYCERA,439.10,425.35,0.0318,0.0222,0.0223,0.4260
21-MAR-2025,SOMATEX,38.24,38.46,-0.0057,0.0379,0.0378,0.7222
21-MAR-2025,SOMICONVEY,181.65,173.55,0.0456,0.0426,0.0426,0.8139
21-MAR-2025,SONACOMS,509.35,508.50,0.0017,0.0215,0.0214,0.4088
21-MAR-2025,SONAMLTD,43.95,44.44,-0.0111,0.0383,0.0382,0.7298
21-MAR-2025,SONATSOFTW,375.10,364.65,0.0283,0.0274,0.0274,0.5235
21-MAR-2025,SOTL,398.00,392.50,0.0139,0.0265,0.0265,0.5063
21-MAR-2025,SOUTHBANK,24.05,23.92,0.0054,0.0239,0.0238,0.4547
21-MAR-2025,SOUTHWEST,109.65,109.55,0.0009,0.0315,0.0314,0.5999
21-MAR-2025,SPAL,699.85,726.75,-0.0377,0.0328,0.0328,0.6266
21-MAR-2025,SPANDANA,267.35,258.05,0.0354,0.0330,0.0330,0.6305
21-MAR-2025,SPANGLE,10.00,10.00,0.0000,0.0000,0.0000,0.0000
21-MAR-2025,SPARC,147.75,144.50,0.0222,0.0301,0.0301,0.5751
21-MAR-2025,SPCENET,6.26,6.12,0.0226,0.0421,0.0420,0.8024
21-MAR-2025,SPECIALITY,147.90,147.85,0.0003,0.0270,0.0270,0.5158
21-MAR-2025,SPENCERS,65.43,65.19,0.0037,0.0330,0.0329,0.6286
21-MAR-2025,SPIC,81.78,81.29,0.0060,0.0264,0.0263,0.5025
21-MAR-2025,SPLIL,40.26,40.54,-0.0069,0.0281,0.0280,0.5349
21-MAR-2025,SPLPETRO,633.60,620.85,0.0203,0.0214,0.0214,0.4088
21-MAR-2025,SPMLINFRA,163.15,162.35,0.0049,0.0339,0.0338,0.6457
21-MAR-2025,SPORTKING,84.10,81.32,0.0336,0.0307,0.0307,0.5865
21-MAR-2025,SRD,58.16,58.30,-0.0024,0.0218,0.0217,0.4146
21-MAR-2025,SREEL,239.25,236.00,0.0137,0.0245,0.0245,0.4681
21-MAR-2025,SRF,3024.35,2993.10,0.0104,0.0182,0.0181,0.3458
21-MAR-2025,SRGHFL,310.90,309.20,0.0055,0.0283,0.0283,0.5407
21-MAR-2025,SRHHYPOLTD,523.70,518.20,0.0106,0.0332,0.0332,0.6343
21-MAR-2025,SRM,327.15,320.85,0.0194,0.0249,0.0248,0.4738
21-MAR-2025,SRPL,1.15,1.15,0.0000,0.0331,0.0330,0.6305
21-MAR-2025,SSDL,94.60,92.65,0.0208,0.0210,0.0210,0.4012
21-MAR-2025,SSWL,187.70,187.30,0.0021,0.0214,0.0213,0.4069
21-MAR-2025,STALLION,73.79,73.27,0.0071,0.0231,0.0231,0.4413
21-MAR-2025,STANLEY,344.25,336.05,0.0241,0.0210,0.0210,0.4012
21-MAR-2025,STAR,702.15,665.95,0.0529,0.0285,0.0287,0.5483
21-MAR-2025,STARCEMENT,214.90,211.20,0.0174,0.0247,0.0246,0.4700
21-MAR-2025,STARHEALTH,364.45,358.90,0.0153,0.0162,0.0162,0.3095
21-MAR-2025,STARPAPER,163.95,161.25,0.0166,0.0222,0.0221,0.4222
21-MAR-2025,STARTECK,300.65,304.15,-0.0116,0.0333,0.0332,0.6343
21-MAR-2025,STCINDIA,116.80,115.00,0.0155,0.0359,0.0358,0.6840
21-MAR-2025,STCL,9.25,9.25,0.0000,0.0000,0.0000,0.0000
21-MAR-2025,STEADFAST,14.90,14.90,0.0000,0.0000,0.0000,0.0000
21-MAR-2025,STEELCAS,1041.10,1037.00,0.0039,0.0252,0.0251,0.4795
21-MAR-2025,STEELCITY,104.33,100.31,0.0393,0.0299,0.0300,0.5731
21-MAR-2025,STEELXIND,8.86,8.73,0.0148,0.0295,0.0295,0.5636
21-MAR-2025,STEL,439.95,446.40,-0.0146,0.0293,0.0292,0.5579
21-MAR-2025,STERTOOLS,356.45,339.10,0.0499,0.0336,0.0337,0.6438
21-MAR-2025,STLTECH,86.71,86.46,0.0029,0.0249,0.0248,0.4738
21-MAR-2025,STOVEKRAFT,789.95,804.05,-0.0177,0.0301,0.0300,0.5731
21-MAR-2025,STYLAMIND,1633.60,1628.45,0.0032,0.0279,0.0279,0.5330
21-MAR-2025,STYLEBAAZA,232.60,235.90,-0.0141,0.0272,0.0272,0.5197
21-MAR-2025,STYRENIX,2725.95,2738.35,-0.0045,0.0237,0.0237,0.4528
21-MAR-2025,SUBEXLTD,13.09,12.95,0.0108,0.0315,0.0314,0.5999
21-MAR-2025,SUBROS,587.25,576.05,0.0193,0.0273,0.0273,0.5216
21-MAR-2025,SUDARSCHEM,1000.40,984.15,0.0164,0.0277,0.0277,0.5292
21-MAR-2025,SUKHJITS,197.45,193.50,0.0202,0.0238,0.0238,0.4547
21-MAR-2025,SULA,285.90,278.80,0.0251,0.0214,0.0214,0.4088
21-MAR-2025,SUMICHEM,535.00,524.40,0.0200,0.0227,0.0227,0.4337
21-MAR-2025,SUMIT,102.65,107.54,-0.0465,0.0290,0.0291,0.5560
21-MAR-2025,SUMMITSEC,1986.00,1935.45,0.0258,0.0350,0.0349,0.6668
21-MAR-2025,SUNAYANA,34.00,34.00,0.0000,0.0000,0.0000,0.0000
21-MAR-2025,SUNCLAY,2240.50,2225.30,0.0068,0.0292,0.0291,0.5560
21-MAR-2025,SUNDARAM,2.06,2.05,0.0049,0.0296,0.0296,0.5655
21-MAR-2025,SUNDARMFIN,4921.75,4850.60,0.0146,0.0242,0.0242,0.4623
21-MAR-2025,SUNDARMHLD,322.48,292.59,0.0973,0.0302,0.0309,0.5903
21-MAR-2025,SUNDRMBRAK,787.10,772.25,0.0190,0.0354,0.0354,0.6763
21-MAR-2025,SUNDRMFAST,936.60,937.15,-0.0006,0.0164,0.0163,0.3114
21-MAR-2025,SUNFLAG,242.15,235.25,0.0289,0.2990,0.2983,5.6990
21-MAR-2025,SUNPHARMA,1784.50,1750.25,0.0194,0.0126,0.0126,0.2407
21-MAR-2025,SUNTECK,400.05,394.75,0.0133,0.0252,0.0251,0.4795
21-MAR-2025,SUNTV,635.00,621.90,0.0208,0.0182,0.0182,0.3477
21-MAR-2025,SUPERHOUSE,155.85,153.90,0.0126,0.0239,0.0238,0.4547
21-MAR-2025,SUPERSPIN,11.88,11.37,0.0439,0.0359,0.0359,0.6859
21-MAR-2025,SUPRAJIT,406.35,391.10,0.0383,0.0216,0.0217,0.4146
21-MAR-2025,SUPREME,93.80,90.57,0.0350,0.0333,0.0334,0.6381
21-MAR-2025,SUPREMEENG,1.95,1.94,0.0051,0.0331,0.0330,0.6305
21-MAR-2025,SUPREMEIND,3427.85,3493.65,-0.0190,0.0245,0.0245,0.4681
21-MAR-2025,SUPREMEINF,92.40,88.00,0.0488,0.0365,0.0366,0.6992
21-MAR-2025,SUPRIYA,726.30,645.85,0.1174,0.0322,0.0332,0.6343
21-MAR-2025,SURAJEST,336.50,293.85,0.1355,0.0308,0.0322,0.6152
21-MAR-2025,SURAJLTD,404.15,404.65,-0.0012,0.0211,0.0210,0.4012
21-MAR-2025,SURAKSHA,289.35,288.50,0.0029,0.0157,0.0156,0.2980
21-MAR-2025,SURANASOL,34.31,33.87,0.0129,0.0336,0.0335,0.6400
21-MAR-2025,SURANAT&P,20.01,19.83,0.0090,0.0342,0.0341,0.6515
21-MAR-2025,SURYALAXMI,61.87,62.39,-0.0084,0.0336,0.0335,0.6400
21-MAR-2025,SURYAROSNI,249.25,247.65,0.0064,0.0325,0.0324,0.6190
21-MAR-2025,SURYODAY,107.05,103.15,0.0371,0.0272,0.0273,0.5216
21-MAR-2025,SUTLEJTEX,39.43,38.87,0.0143,0.0310,0.0309,0.5903
21-MAR-2025,SUULD,2.83,2.75,0.0287,0.0292,0.0292,0.5579
21-MAR-2025,SUVEN,125.05,126.00,-0.0076,0.0339,0.0339,0.6477
21-MAR-2025,SUVENPHAR,1211.20,1196.55,0.0122,0.0220,0.0220,0.4203
21-MAR-2025,SUVIDHAA,4.74,4.67,0.0149,0.0352,0.0352,0.6725
21-MAR-2025,SUYOG,918.80,890.90,0.0308,0.0339,0.0338,0.6457
21-MAR-2025,SUZLON,56.50,58.39,-0.0329,0.0304,0.0304,0.5808
21-MAR-2025,SVLL,411.10,419.65,-0.0206,0.0293,0.0293,0.5598
21-MAR-2025,SVPGLOB,2.87,2.75,0.0427,0.0302,0.0303,0.5789
21-MAR-2025,SWANENERGY,443.65,420.40,0.0538,0.0341,0.0342,0.6534
21-MAR-2025,SWARAJENG,3749.15,3718.90,0.0081,0.0238,0.0237,0.4528
21-MAR-2025,SWELECTES,583.95,595.85,-0.0202,0.0412,0.0411,0.7852
21-MAR-2025,SWIGGY,350.65,354.35,-0.0105,0.0241,0.0241,0.4604
21-MAR-2025,SWSOLAR,255.75,235.80,0.0812,0.0312,0.0316,0.6037
21-MAR-2025,SYMPHONY,1157.10,1153.10,0.0035,0.0247,0.0246,0.4700
21-MAR-2025,SYNCOMF,16.95,16.67,0.0167,0.0327,0.0326,0.6228
21-MAR-2025,SYNGENE,716.00,704.45,0.0163,0.0167,0.0167,0.3191
21-MAR-2025,SYRMA,468.90,468.40,0.0011,0.0323,0.0322,0.6152
21-MAR-2025,TAINWALCHM,229.45,226.15,0.0145,0.0385,0.0384,0.7336
21-MAR-2025,TAJGVK,513.40,511.60,0.0035,0.0332,0.0332,0.6343
21-MAR-2025,TAKE,8.40,8.22,0.0217,0.0329,0.0328,0.6266
21-MAR-2025,TALBROAUTO,263.45,258.15,0.0203,0.0317,0.0316,0.6037
21-MAR-2025,TANLA,502.30,504.35,-0.0041,0.0286,0.0285,0.5445
21-MAR-2025,TARACHAND,64.74,61.66,0.0487,0.0287,0.0288,0.5502
21-MAR-2025,TARANGINI,1.00,1.00,0.0000,0.0000,0.0000,0.0000
21-MAR-2025,TARAPUR,32.74,31.18,0.0488,0.0310,0.0311,0.5942
21-MAR-2025,TARC,121.40,115.65,0.0485,0.0316,0.0317,0.6056
21-MAR-2025,TARIL,486.00,442.75,0.0932,0.0472,0.0476,0.9094
21-MAR-2025,TARINIENT,181.00,181.00,0.0000,0.1946,0.1941,3.7083
21-MAR-2025,TARMAT,53.09,52.70,0.0074,0.0330,0.0329,0.6286
21-MAR-2025,TARSONS,331.30,317.35,0.0430,0.0237,0.0238,0.4547
21-MAR-2025,TASTYBITE,8771.80,8485.00,0.0332,0.0244,0.0244,0.4662
21-MAR-2025,TATACHEM,847.25,837.45,0.0116,0.0200,0.0199,0.3802
21-MAR-2025,TATACOMM,1610.00,1605.20,0.0030,0.0189,0.0189,0.3611
21-MAR-2025,TATACONSUM,961.20,965.85,-0.0048,0.0150,0.0150,0.2866
21-MAR-2025,TATAELXSI,5463.00,5377.30,0.0158,0.0194,0.0194,0.3706
21-MAR-2025,TATAGOLD,8.68,8.73,-0.0057,0.0101,0.0101,0.1930
21-MAR-2025,TATAINVEST,6433.90,6220.40,0.0337,0.0270,0.0271,0.5177
21-MAR-2025,TATAMOTORS,702.95,690.05,0.0185,0.0190,0.0190,0.3630
21-MAR-2025,TATAPOWER,379.50,370.35,0.0244,0.0202,0.0202,0.3859
21-MAR-2025,TATASTEEL,157.30,159.05,-0.0111,0.0179,0.0178,0.3401
21-MAR-2025,TATATECH,685.75,665.90,0.0294,0.0153,0.0154,0.2942
21-MAR-2025,TATSILV,9.56,9.71,-0.0156,0.0132,0.0132,0.2522
21-MAR-2025,TATVA,702.60,681.00,0.0312,0.0229,0.0230,0.4394
21-MAR-2025,TBOTEK,1207.25,1269.70,-0.0504,0.0214,0.0216,0.4127
21-MAR-2025,TBZ,188.75,179.75,0.0489,0.0358,0.0359,0.6859
21-MAR-2025,TCI,1057.60,1055.30,0.0022,0.0223,0.0222,0.4241
21-MAR-2025,TCIEXP,670.55,667.75,0.0042,0.0206,0.0205,0.3917
21-MAR-2025,TCIFINANCE,12.37,12.61,-0.0192,0.0305,0.0304,0.5808
21-MAR-2025,TCPLPACK,4581.65,4408.65,0.0385,0.0301,0.0302,0.5770
21-MAR-2025,TCS,3578.15,3563.15,0.0042,0.0133,0.0133,0.2541
21-MAR-2025,TDPOWERSYS,392.55,377.05,0.0403,0.0300,0.0301,0.5751
21-MAR-2025,TEAMLEASE,1931.30,2017.10,-0.0435,0.0208,0.0210,0.4012
21-MAR-2025,TECH,39.03,38.75,0.0072,0.0124,0.0123,0.2350
21-MAR-2025,TECHM,1409.25,1410.55,-0.0009,0.0164,0.0164,0.3133
21-MAR-2025,TECHNOE,1034.55,1004.50,0.0295,0.0324,0.0324,0.6190
21-MAR-2025,TECILCHEM,20.92,20.71,0.0101,0.0999,0.0997,1.9048
21-MAR-2025,TEGA,1411.85,1368.95,0.0309,0.0255,0.0256,0.4891
21-MAR-2025,TEJASNET,799.90,710.45,0.1186,0.0321,0.0331,0.6324
21-MAR-2025,TEMBO,521.40,511.20,0.0198,0.0324,0.0323,0.6171
21-MAR-2025,TERASOFT,195.05,201.00,-0.0300,0.0407,0.0406,0.7757
21-MAR-2025,TEXINFRA,103.02,101.65,0.0134,0.0363,0.0362,0.6916
21-MAR-2025,TEXMOPIPES,51.22,50.54,0.0134,0.0289,0.0288,0.5502
21-MAR-2025,TEXRAIL,145.20,137.90,0.0516,0.0346,0.0347,0.6629
21-MAR-2025,TFCILTD,143.05,140.70,0.0166,0.0321,0.0321,0.6133
21-MAR-2025,TFL,15.55,14.83,0.0474,0.0341,0.0342,0.6534
21-MAR-2025,TGBHOTELS,10.81,10.46,0.0329,0.0314,0.0314,0.5999
21-MAR-2025,THANGAMAYL,1884.95,1863.60,0.0114,0.0319,0.0319,0.6094
21-MAR-2025,THEINVEST,127.95,128.60,-0.0051,0.0275,0.0274,0.5235
21-MAR-2025,THEJO,1898.60,1760.55,0.0755,0.0276,0.0280,0.5349
21-MAR-2025,THEMISMED,158.40,155.70,0.0172,0.0324,0.0323,0.6171
21-MAR-2025,THERMAX,3496.10,3527.60,-0.0090,0.0254,0.0254,0.4853
21-MAR-2025,THOMASCOOK,140.80,133.55,0.0529,0.0315,0.0317,0.6056
21-MAR-2025,THOMASCOTT,302.55,295.80,0.0226,0.0319,0.0319,0.6094
21-MAR-2025,THYROCARE,736.75,740.95,-0.0057,0.0237,0.0237,0.4528
21-MAR-2025,TI,257.55,242.20,0.0615,0.0348,0.0350,0.6687
21-MAR-2025,TICL,34.46,33.69,0.0226,0.0411,0.0410,0.7833
21-MAR-2025,TIIL,2663.80,2629.65,0.0129,0.0306,0.0305,0.5827
21-MAR-2025,TIINDIA,2872.15,2891.25,-0.0066,0.0250,0.0250,0.4776
21-MAR-2025,TIJARIA,5.92,6.23,-0.0510,0.0321,0.0322,0.6152
21-MAR-2025,TIL,201.00,191.40,0.0489,0.0309,0.0311,0.5942
21-MAR-2025,TIMESGTY,173.90,173.00,0.0052,0.0360,0.0359,0.6859
21-MAR-2025,TIMETECHNO,382.90,373.95,0.0237,0.0317,0.0317,0.6056
21-MAR-2025,TIMKEN,2706.55,2702.25,0.0016,0.0204,0.0204,0.3897
21-MAR-2025,TIPSFILMS,478.90,489.95,-0.0228,0.0374,0.0374,0.7145
21-MAR-2025,TIPSMUSIC,685.30,672.40,0.0190,0.0285,0.0284,0.5426
21-MAR-2025,TIRUMALCHM,247.30,237.15,0.0419,0.0292,0.0293,0.5598
21-MAR-2025,TIRUPATIFL,32.79,33.46,-0.0202,0.0350,0.0349,0.6668
21-MAR-2025,TITAGARH,784.50,742.70,0.0548,0.0325,0.0327,0.6247
21-MAR-2025,TITAN,3162.70,3193.10,-0.0096,0.0145,0.0145,0.2770
21-MAR-2025,TMB,423.00,418.40,0.0109,0.0130,0.0130,0.2484
21-MAR-2025,TNIDETF,85.12,84.55,0.0067,0.0108,0.0108,0.2063
21-MAR-2025,TNPETRO,71.00,68.79,0.0316,0.0219,0.0219,0.4184
21-MAR-2025,TNPL,129.60,129.45,0.0012,0.0245,0.0244,0.4662
21-MAR-2025,TNTELE,8.97,8.87,0.0112,0.0309,0.0308,0.5884
21-MAR-2025,TOKYOPLAST,126.75,128.60,-0.0145,0.0278,0.0277,0.5292
21-MAR-2025,TOLINS,117.20,116.90,0.0026,0.0249,0.0248,0.4738
21-MAR-2025,TOP100CASE,9.89,9.83,0.0061,0.0064,0.0064,0.1223
21-MAR-2025,TOP10ADD,92.63,91.81,0.0089,0.0091,0.0091,0.1739
21-MAR-2025,TORNTPHARM,3223.10,3230.75,-0.0024,0.0148,0.0147,0.2808
21-MAR-2025,TORNTPOWER,1498.55,1468.60,0.0202,0.0268,0.0267,0.5101
21-MAR-2025,TOTAL,74.41,70.82,0.0494,0.0298,0.0299,0.5712
21-MAR-2025,TOUCHWOOD,81.49,79.17,0.0289,0.0363,0.0363,0.6935
21-MAR-2025,TPHQ,1.30,1.29,0.0077,0.0345,0.0344,0.6572
21-MAR-2025,TPLPLASTEH,77.70,76.33,0.0178,0.0327,0.0327,0.6247
21-MAR-2025,TRACXN,58.08,54.65,0.0609,0.0276,0.0278,0.5311
21-MAR-2025,TRANSRAILL,509.15,507.50,0.0032,0.0200,0.0199,0.3802
21-MAR-2025,TRANSWORLD,277.05,274.20,0.0103,0.0357,0.0356,0.6801
21-MAR-2025,TREEHOUSE,11.00,11.46,-0.0410,0.0308,0.0308,0.5884
21-MAR-2025,TREJHARA,188.00,185.80,0.0118,0.0300,0.0300,0.5731
21-MAR-2025,TREL,33.02,32.92,0.0030,0.0273,0.0272,0.5197
21-MAR-2025,TRENT,5150.05,5221.55,-0.0138,0.0234,0.0234,0.4471
21-MAR-2025,TRF,374.80,344.40,0.0846,0.0328,0.0332,0.6343
21-MAR-2025,TRIDENT,25.61,25.46,0.0059,0.0223,0.0223,0.4260
21-MAR-2025,TRIGYN,78.51,77.16,0.0173,0.0304,0.0303,0.5789
21-MAR-2025,TRITURBINE,565.55,568.25,-0.0048,0.0345,0.0344,0.6572
21-MAR-2025,TRIVENI,402.90,380.25,0.0579,0.0271,0.0274,0.5235
21-MAR-2025,TRU,8.78,8.37,0.0478,0.0350,0.0350,0.6687
21-MAR-2025,TTKHLTCARE,1194.10,1137.85,0.0483,0.0187,0.0189,0.3611
21-MAR-2025,TTKPRESTIG,617.65,616.55,0.0018,0.0178,0.0177,0.3382
21-MAR-2025,TTL,12.35,12.67,-0.0256,0.0313,0.0313,0.5980
21-MAR-2025,TTML,61.56,61.10,0.0075,0.0323,0.0323,0.6171
21-MAR-2025,TVSELECT,339.00,347.05,-0.0235,0.0320,0.0319,0.6094
21-MAR-2025,TVSHLTD,8810.75,8542.15,0.0310,0.0242,0.0242,0.4623
21-MAR-2025,TVSMOTOR,2413.85,2346.80,0.0282,0.0179,0.0180,0.3439
21-MAR-2025,TVSSCS,141.35,135.10,0.0452,0.0229,0.0231,0.4413
21-MAR-2025,TVSSRICHAK,2674.40,2644.20,0.0114,0.0205,0.0205,0.3917
21-MAR-2025,TVTODAY,170.10,161.15,0.0541,0.0224,0.0227,0.4337
21-MAR-2025,TVVISION,4.38,4.38,0.0000,0.0366,0.0365,0.6973
21-MAR-2025,UBL,1933.50,1967.55,-0.0175,0.0156,0.0156,0.2980
21-MAR-2025,UCAL,131.00,133.35,-0.0178,0.0276,0.0275,0.5254
21-MAR-2025,UCOBANK,37.74,37.09,0.0174,0.0290,0.0289,0.5521
21-MAR-2025,UDAICEMENT,25.68,26.04,-0.0139,0.0248,0.0247,0.4719
21-MAR-2025,UDDHAV,10.00,10.00,0.0000,0.0000,0.0000,0.0000
21-MAR-2025,UDS,295.55,287.80,0.0266,0.0241,0.0241,0.4604
21-MAR-2025,UFLEX,488.10,484.85,0.0067,0.0255,0.0254,0.4853
21-MAR-2025,UFO,75.29,71.23,0.0554,0.0296,0.0298,0.5693
21-MAR-2025,UGARSUGAR,47.86,47.06,0.0169,0.0271,0.0270,0.5158
21-MAR-2025,UGROCAP,177.40,174.30,0.0176,0.0251,0.0250,0.4776
21-MAR-2025,UJJIVANSFB,35.62,36.03,-0.0114,0.0232,0.0232,0.4432
21-MAR-2025,ULTRACEMCO,10976.75,10948.15,0.0026,0.0151,0.0151,0.2885
21-MAR-2025,UMAEXPORTS,87.69,90.21,-0.0283,0.0375,0.0375,0.7164
21-MAR-2025,UMANGDAIRY,80.17,78.90,0.0160,0.0359,0.0358,0.6840
21-MAR-2025,UMESLTD,5.46,5.39,0.0129,0.0337,0.0336,0.6419
21-MAR-2025,UNICHEMLAB,709.70,665.75,0.0639,0.0254,0.0258,0.4929
21-MAR-2025,UNIDT,227.35,229.15,-0.0079,0.0277,0.0276,0.5273
21-MAR-2025,UNIECOM,123.75,120.40,0.0274,0.0253,0.0253,0.4834
21-MAR-2025,UNIENTER,159.85,145.70,0.0927,0.0253,0.0261,0.4986
21-MAR-2025,UNIINFO,17.25,17.04,0.0122,0.0423,0.0422,0.8062
21-MAR-2025,UNIMECH,1008.95,945.30,0.0652,0.0167,0.0172,0.3286
21-MAR-2025,UNIONBANK,122.50,119.20,0.0273,0.0244,0.0244,0.4662
21-MAR-2025,UNIONGOLD,87.55,88.40,-0.0097,0.0121,0.0121,0.2312
21-MAR-2025,UNIPARTS,323.90,320.65,0.0101,0.0174,0.0174,0.3324
21-MAR-2025,UNITDSPR,1391.60,1377.75,0.0100,0.0164,0.0164,0.3133
21-MAR-2025,UNITECH,6.66,6.56,0.0151,0.0355,0.0354,0.6763
21-MAR-2025,UNITEDPOLY,147.43,142.19,0.0362,0.0304,0.0305,0.5827
21-MAR-2025,UNITEDTEA,414.35,399.65,0.0361,0.0279,0.0280,0.5349
21-MAR-2025,UNIVASTU,219.20,223.60,-0.0199,0.0311,0.0310,0.5923
21-MAR-2025,UNIVCABLES,509.80,482.15,0.0558,0.0310,0.0311,0.5942
21-MAR-2025,UNIVPHOTO,194.20,189.15,0.0263,0.0281,0.0281,0.5368
21-MAR-2025,UNOMINDA,974.10,978.30,-0.0043,0.0244,0.0243,0.4643
21-MAR-2025,UPL,658.85,646.85,0.0184,0.0183,0.0183,0.3496
21-MAR-2025,URAVIDEF,309.80,304.90,0.0159,0.0312,0.0311,0.5942
21-MAR-2025,URJA,12.61,12.75,-0.0110,0.0303,0.0302,0.5770
21-MAR-2025,USHAMART,339.90,328.15,0.0352,0.0272,0.0272,0.5197
21-MAR-2025,USK,41.40,41.49,-0.0022,0.0361,0.0360,0.6878
21-MAR-2025,UTIAMC,1070.20,989.15,0.0788,0.0233,0.0239,0.4566
21-MAR-2025,UTIBANKETF,51.77,51.15,0.0120,0.0095,0.0095,0.1815
21-MAR-2025,UTINEXT50,67.11,66.46,0.0097,0.0126,0.0126,0.2407
21-MAR-2025,UTINIFTETF,254.13,252.04,0.0083,0.0081,0.0081,0.1548
21-MAR-2025,UTISENSETF,836.41,829.68,0.0081,0.0083,0.0083,0.1586
21-MAR-2025,UTISXN50,82.55,81.82,0.0089,0.0135,0.0135,0.2579
21-MAR-2025,UTKARSHBNK,24.30,23.25,0.0442,0.0226,0.0228,0.4356
21-MAR-2025,UTTAMSUGAR,259.35,251.30,0.0315,0.0302,0.0302,0.5770
21-MAR-2025,UYFINCORP,19.15,19.18,-0.0016,0.0335,0.0334,0.6381
21-MAR-2025,V2RETAIL,1617.85,1619.30,-0.0009,0.0314,0.0313,0.5980
21-MAR-2025,VADILALIND,5196.00,5114.30,0.0158,0.0290,0.0289,0.5521
21-MAR-2025,VAIBHAVGBL,234.60,226.40,0.0356,0.0275,0.0276,0.5273
21-MAR-2025,VAISHALI,12.36,12.29,0.0057,0.0338,0.0337,0.6438
21-MAR-2025,VAKRANGEE,11.72,11.62,0.0086,0.0399,0.0398,0.7604
21-MAR-2025,VAL30IETF,12.38,12.17,0.0171,0.0097,0.0098,0.1872
21-MAR-2025,VALIANTLAB,84.91,84.02,0.0105,0.0252,0.0252,0.4814
21-MAR-2025,VALIANTORG,271.70,250.25,0.0822,0.0237,0.0244,0.4662
21-MAR-2025,VARDHACRLC,41.39,41.53,-0.0034,0.0239,0.0238,0.4547
21-MAR-2025,VARDMNPOLY,9.79,9.87,-0.0081,0.0313,0.0312,0.5961
21-MAR-2025,VARROC,439.20,435.70,0.0080,0.0268,0.0267,0.5101
21-MAR-2025,VASCONEQ,38.30,37.80,0.0131,0.0324,0.0323,0.6171
21-MAR-2025,VASWANI,38.72,38.23,0.0127,0.0407,0.0406,0.7757
21-MAR-2025,VBL,537.95,548.75,-0.0199,0.0231,0.0231,0.4413
21-MAR-2025,VCL,0.80,0.78,0.0253,0.0294,0.0293,0.5598
21-MAR-2025,VEDL,467.30,470.75,-0.0074,0.0218,0.0217,0.4146
21-MAR-2025,VEEDOL,1455.90,1425.20,0.0213,0.0232,0.0232,0.4432
21-MAR-2025,VENKEYS,1679.75,1653.65,0.0157,0.0236,0.0235,0.4490
21-MAR-2025,VENTIVE,793.30,771.85,0.0274,0.0156,0.0157,0.2999
21-MAR-2025,VENUSPIPES,1364.25,1356.10,0.0060,0.0272,0.0271,0.5177
21-MAR-2025,VENUSREM,299.10,291.55,0.0256,0.0308,0.0308,0.5884
21-MAR-2025,VERANDA,206.75,208.55,-0.0087,0.0364,0.0363,0.6935
21-MAR-2025,VERTOZ,8.68,8.86,-0.0205,0.0331,0.0330,0.6305
21-MAR-2025,VESUVIUS,4582.65,4522.40,0.0132,0.0253,0.0253,0.4834
21-MAR-2025,VETO,106.78,99.95,0.0661,0.0296,0.0299,0.5712
21-MAR-2025,VGUARD,350.15,343.30,0.0198,0.0193,0.0193,0.3687
21-MAR-2025,VHL,3329.00,3311.35,0.0053,0.0300,0.0300,0.5731
21-MAR-2025,VHLTD,119.30,120.40,-0.0092,0.0213,0.0212,0.4050
21-MAR-2025,VIDHIING,452.30,459.20,-0.0151,0.0252,0.0252,0.4814
21-MAR-2025,VIJAYA,1025.30,1053.50,-0.0271,0.0306,0.0306,0.5846
21-MAR-2025,VIJIFIN,2.39,2.45,-0.0248,0.0310,0.0310,0.5923
21-MAR-2025,VIKASECO,2.42,2.40,0.0083,0.0284,0.0284,0.5426
21-MAR-2025,VIKASLIFE,2.90,2.88,0.0069,0.0290,0.0289,0.5521
21-MAR-2025,VIMTALABS,1155.00,1123.40,0.0277,0.0351,0.0351,0.6706
21-MAR-2025,VINATIORGA,1602.45,1604.65,-0.0014,0.0175,0.0174,0.3324
21-MAR-2025,VINCOFE,89.99,90.21,-0.0024,0.0294,0.0293,0.5598
21-MAR-2025,VINDHYATEL,1355.60,1339.50,0.0119,0.0257,0.0257,0.4910
21-MAR-2025,VINEETLAB,36.84,36.65,0.0052,0.0343,0.0342,0.6534
21-MAR-2025,VINNY,1.35,1.37,-0.0147,0.0330,0.0330,0.6305
21-MAR-2025,VINYLINDIA,242.50,242.20,0.0012,0.0258,0.0257,0.4910
21-MAR-2025,VIPCLOTHNG,30.97,30.93,0.0013,0.0307,0.0307,0.5865
21-MAR-2025,VIPIND,294.90,292.40,0.0085,0.0230,0.0229,0.4375
21-MAR-2025,VIPULLTD,11.21,11.20,0.0009,0.0327,0.0326,0.6228
21-MAR-2025,VIRINCHI,23.21,23.45,-0.0103,0.0276,0.0276,0.5273
21-MAR-2025,VISAKAIND,61.87,60.63,0.0202,0.0304,0.0303,0.5789
21-MAR-2025,VISASTEEL,31.75,32.03,-0.0088,0.0305,0.0304,0.5808
21-MAR-2025,VISHNU,452.70,456.00,-0.0073,0.0273,0.0272,0.5197
21-MAR-2025,VISHWARAJ,9.21,9.11,0.0109,0.0268,0.0268,0.5120
21-MAR-2025,VISISTH,5.25,5.25,0.0000,0.0007,0.0007,0.0134
21-MAR-2025,VIVIDHA,0.94,0.93,0.0107,0.0316,0.0315,0.6018
21-MAR-2025,VLEGOV,37.72,35.92,0.0489,0.0363,0.0364,0.6954
21-MAR-2025,VLSFINANCE,218.95,210.90,0.0375,0.0285,0.0286,0.5464
21-MAR-2025,VMART,2892.40,2885.05,0.0025,0.0242,0.0241,0.4604
21-MAR-2025,VMM,102.10,100.20,0.0188,0.0159,0.0159,0.3038
21-MAR-2025,VOLTAMP,7219.30,6927.75,0.0412,0.0339,0.0340,0.6496
21-MAR-2025,VOLTAS,1429.50,1469.90,-0.0279,0.0226,0.0227,0.4337
21-MAR-2025,VPL,359.00,359.00,0.0000,0.0491,0.0490,0.9361
21-MAR-2025,VPRPL,174.95,165.75,0.0540,0.0324,0.0326,0.6228
21-MAR-2025,VRAJ,172.50,166.30,0.0366,0.0233,0.0233,0.4451
21-MAR-2025,VRLLOG,486.50,490.30,-0.0078,0.0222,0.0222,0.4241
21-MAR-2025,VSSL,202.40,199.65,0.0137,0.0235,0.0235,0.4490
21-MAR-2025,VSTIND,273.75,269.30,0.0164,0.0252,0.0252,0.4814
21-MAR-2025,VSTL,181.55,187.00,-0.0296,0.0307,0.0307,0.5865
21-MAR-2025,VSTTILLERS,3694.80,3644.45,0.0137,0.0233,0.0233,0.4451
21-MAR-2025,VTL,396.05,396.05,0.0000,0.0226,0.0226,0.4318
21-MAR-2025,WAAREEENER,2353.00,2253.15,0.0434,0.0234,0.0236,0.4509
21-MAR-2025,WABAG,1513.35,1384.10,0.0893,0.0312,0.0318,0.6075
21-MAR-2025,WALCHANNAG,167.30,164.15,0.0190,0.0367,0.0366,0.6992
21-MAR-2025,WANBURY,240.65,234.85,0.0244,0.0335,0.0335,0.6400
21-MAR-2025,WCIL,82.47,82.89,-0.0051,0.0173,0.0172,0.3286
21-MAR-2025,WEALTH,946.55,915.20,0.0337,0.0348,0.0348,0.6649
21-MAR-2025,WEBELSOLAR,935.65,896.95,0.0422,0.0377,0.0377,0.7203
21-MAR-2025,WEIZMANIND,107.95,108.75,-0.0074,0.0342,0.0342,0.6534
21-MAR-2025,WEL,172.50,174.80,-0.0132,0.0369,0.0368,0.7031
21-MAR-2025,WELCORP,879.40,879.40,0.0000,0.0273,0.0272,0.5197
21-MAR-2025,WELENT,499.50,486.05,0.0273,0.0279,0.0279,0.5330
21-MAR-2025,WELINV,826.05,807.65,0.0225,0.0382,0.0381,0.7279
21-MAR-2025,WELSPUNLIV,137.45,130.60,0.0511,0.0279,0.0281,0.5368
21-MAR-2025,WENDT,10087.55,9911.80,0.0176,0.0288,0.0287,0.5483
21-MAR-2025,WESTLIFE,722.35,724.65,-0.0032,0.0214,0.0213,0.4069
21-MAR-2025,WEWIN,39.92,39.43,0.0124,0.0381,0.0380,0.7260
21-MAR-2025,WHEELS,611.55,616.40,-0.0079,0.0237,0.0237,0.4528
21-MAR-2025,WHIRLPOOL,981.25,984.40,-0.0032,0.0256,0.0255,0.4872
21-MAR-2025,WILLAMAGOR,27.46,27.50,-0.0015,0.0415,0.0414,0.7909
21-MAR-2025,WINDLAS,924.05,919.60,0.0048,0.0338,0.0337,0.6438
21-MAR-2025,WINDMACHIN,310.45,295.70,0.0487,0.0390,0.0391,0.7470
21-MAR-2025,WINMORE,9.40,9.40,0.0000,0.0000,0.0000,0.0000
21-MAR-2025,WINSOME,1.81,1.76,0.0280,0.1158,0.1156,2.2085
21-MAR-2025,WIPL,192.80,184.60,0.0435,0.0257,0.0259,0.4948
21-MAR-2025,WIPRO,264.30,268.00,-0.0139,0.0175,0.0175,0.3343
21-MAR-2025,WOCKPHARMA,1518.75,1470.15,0.0325,0.0340,0.0340,0.6496
21-MAR-2025,WONDERLA,666.70,653.70,0.0197,0.0235,0.0234,0.4471
21-MAR-2025,WORTH,156.68,154.54,0.0138,0.0346,0.0346,0.6610
21-MAR-2025,WSI,79.32,77.89,0.0182,0.0348,0.0347,0.6629
21-MAR-2025,WSTCSTPAPR,432.25,425.95,0.0147,0.0234,0.0234,0.4471
21-MAR-2025,XCHANGING,91.31,91.86,-0.0060,0.0274,0.0273,0.5216
21-MAR-2025,XELPMOC,97.87,99.98,-0.0213,0.0330,0.0329,0.6286
21-MAR-2025,XLTELENE,2.30,2.30,0.0000,0.0001,0.0001,0.0019
21-MAR-2025,XPROINDIA,1207.15,1194.40,0.0106,0.0303,0.0302,0.5770
21-MAR-2025,XTGLOBAL,35.85,35.38,0.0132,0.0357,0.0356,0.6801
21-MAR-2025,YAARI,14.89,14.85,0.0027,0.0348,0.0347,0.6629
21-MAR-2025,YASHO,1730.70,1785.30,-0.0311,0.0268,0.0268,0.5120
21-MAR-2025,YATHARTH,431.20,422.95,0.0193,0.0241,0.0241,0.4604
21-MAR-2025,YATRA,79.07,78.01,0.0135,0.0227,0.0226,0.4318
21-MAR-2025,YESBANK,17.17,16.94,0.0135,0.0239,0.0239,0.4566
21-MAR-2025,YUKEN,818.70,787.85,0.0384,0.0301,0.0301,0.5751
21-MAR-2025,ZAGGLE,362.75,347.00,0.0444,0.0325,0.0326,0.6228
21-MAR-2025,ZEEL,106.34,103.17,0.0303,0.0318,0.0318,0.6075
21-MAR-2025,ZEELEARN,6.23,6.23,0.0000,0.0320,0.0319,0.6094
21-MAR-2025,ZEEMEDIA,14.18,14.42,-0.0168,0.0386,0.0385,0.7355
21-MAR-2025,ZENITHEXPO,220.00,203.60,0.0775,0.0412,0.0414,0.7909
21-MAR-2025,ZENITHSTL,6.84,6.80,0.0059,0.0351,0.0350,0.6687
21-MAR-2025,ZENSARTECH,674.05,676.25,-0.0033,0.0272,0.0271,0.5177
21-MAR-2025,ZENTEC,1422.15,1292.85,0.0953,0.0368,0.0373,0.7126
21-MAR-2025,ZFCVINDIA,11983.40,11869.45,0.0096,0.0237,0.0236,0.4509
21-MAR-2025,ZIMLAB,84.05,84.47,-0.0050,0.0265,0.0265,0.5063
21-MAR-2025,ZODIAC,419.50,403.40,0.0391,0.0325,0.0326,0.6228
21-MAR-2025,ZODIACLOTH,93.64,92.18,0.0157,0.0286,0.0286,0.5464
21-MAR-2025,ZOMATO,227.50,224.45,0.0135,0.0272,0.0271,0.5177
21-MAR-2025,ZOTA,810.65,791.40,0.0240,0.0276,0.0276,0.5273
21-MAR-2025,ZUARI,188.95,184.50,0.0238,0.0287,0.0286,0.5464
21-MAR-2025,ZUARIIND,248.95,243.05,0.0240,0.0316,0.0316,0.6037
21-MAR-2025,ZYDUSLIFE,918.60,917.25,0.0015,0.0165,0.0165,0.3152
21-MAR-2025,ZYDUSWELL,1667.50,1668.70,-0.0007,0.0171,0.0171,0.3267
21-MAR-2025,503893,-,-,-,-,-,-
21-MAR-2025,504370,-,-,-,-,-,-
21-MAR-2025,505032,-,-,-,-,-,-
21-MAR-2025,505585,-,-,-,-,-,-
21-MAR-2025,506024,-,-,-,-,-,-
21-MAR-2025,506120,-,-,-,-,-,-
21-MAR-2025,506162,-,-,-,-,-,-
21-MAR-2025,506945,-,-,-,-,-,-
21-MAR-2025,507543,-,-,-,-,-,-
21-MAR-2025,509782,-,-,-,-,-,-
21-MAR-2025,511185,-,-,-,-,-,-
21-MAR-2025,512004,-,-,-,-,-,-
21-MAR-2025,512060,-,-,-,-,-,-
21-MAR-2025,512147,-,-,-,-,-,-
21-MAR-2025,512157,-,-,-,-,-,-
21-MAR-2025,512195,-,-,-,-,-,-
21-MAR-2025,512245,-,-,-,-,-,-
21-MAR-2025,512291,-,-,-,-,-,-
21-MAR-2025,512303,-,-,-,-,-,-
21-MAR-2025,512431,-,-,-,-,-,-
21-MAR-2025,512433,-,-,-,-,-,-
21-MAR-2025,512445,-,-,-,-,-,-
21-MAR-2025,512461,-,-,-,-,-,-
21-MAR-2025,512505,-,-,-,-,-,-
21-MAR-2025,512517,-,-,-,-,-,-
21-MAR-2025,513012,-,-,-,-,-,-
21-MAR-2025,524046,-,-,-,-,-,-
21-MAR-2025,526349,-,-,-,-,-,-
21-MAR-2025,526883,-,-,-,-,-,-
21-MAR-2025,531191,-,-,-,-,-,-
21-MAR-2025,531597,-,-,-,-,-,-
21-MAR-2025,531610,-,-,-,-,-,-
21-MAR-2025,531696,-,-,-,-,-,-
21-MAR-2025,531946,-,-,-,-,-,-
21-MAR-2025,531971,-,-,-,-,-,-
21-MAR-2025,532138,-,-,-,-,-,-
21-MAR-2025,539253,-,-,-,-,-,-
21-MAR-2025,539683,-,-,-,-,-,-
21-MAR-2025,539691,-,-,-,-,-,-
21-MAR-2025,540467,-,-,-,-,-,-
21-MAR-2025,542931,-,-,-,-,-,-
21-MAR-2025,543859,-,-,-,-,-,-
21-MAR-2025,ACEEXPO,-,-,-,-,-,-
21-MAR-2025,ADBML,-,-,-,-,-,-
21-MAR-2025,ADVENTZSEC,-,-,-,-,-,-
21-MAR-2025,AEL,-,-,-,-,-,-
21-MAR-2025,AGGARSAIN,-,-,-,-,-,-
21-MAR-2025,AIRLTD,-,-,-,-,-,-
21-MAR-2025,AKASHAGRO,-,-,-,-,-,-
21-MAR-2025,ALIROX,-,-,-,-,-,-
21-MAR-2025,AMRITINDIA,-,-,-,-,-,-
21-MAR-2025,ANKUR,-,-,-,-,-,-
21-MAR-2025,ARIHANTCFL,-,-,-,-,-,-
21-MAR-2025,ASIANLAKTO,-,-,-,-,-,-
21-MAR-2025,ASSOFIN,-,-,-,-,-,-
21-MAR-2025,ATLANTIC,-,-,-,-,-,-
21-MAR-2025,AURUMCAP,-,-,-,-,-,-
21-MAR-2025,AYUSHMAN,-,-,-,-,-,-
21-MAR-2025,BALAJIAGRO,-,-,-,-,-,-
21-MAR-2025,BASANT,-,-,-,-,-,-
21-MAR-2025,BESWASTH,-,-,-,-,-,-
21-MAR-2025,BHAIRAV,-,-,-,-,-,-
21-MAR-2025,BHARAT,-,-,-,-,-,-
21-MAR-2025,BUYRIGHT,-,-,-,-,-,-
21-MAR-2025,CENTRAL,-,-,-,-,-,-
21-MAR-2025,CHAMPION,-,-,-,-,-,-
21-MAR-2025,CHITRAKUT,-,-,-,-,-,-
21-MAR-2025,CREMICA,-,-,-,-,-,-
21-MAR-2025,CRESCENT,-,-,-,-,-,-
21-MAR-2025,DDVENTURES,-,-,-,-,-,-
21-MAR-2025,DEEPJYOTI,-,-,-,-,-,-
21-MAR-2025,DHAVAL,-,-,-,-,-,-
21-MAR-2025,DRFRESH,-,-,-,-,-,-
21-MAR-2025,DRMIND,-,-,-,-,-,-
21-MAR-2025,ELLORA,-,-,-,-,-,-
21-MAR-2025,EMRALD,-,-,-,-,-,-
21-MAR-2025,GANODAYA,-,-,-,-,-,-
21-MAR-2025,GARG,-,-,-,-,-,-
21-MAR-2025,GOALPOST,-,-,-,-,-,-
21-MAR-2025,HIGHWAYS,-,-,-,-,-,-
21-MAR-2025,HINDAUTO,-,-,-,-,-,-
21-MAR-2025,ISCCL,-,-,-,-,-,-
21-MAR-2025,ISHL,-,-,-,-,-,-
21-MAR-2025,ITLFIN,-,-,-,-,-,-
21-MAR-2025,JAGAT,-,-,-,-,-,-
21-MAR-2025,JAINFARM,-,-,-,-,-,-
21-MAR-2025,JCKINFRA,-,-,-,-,-,-
21-MAR-2025,JFL,-,-,-,-,-,-
21-MAR-2025,JFRL,-,-,-,-,-,-
21-MAR-2025,JOML,-,-,-,-,-,-
21-MAR-2025,JPWL,-,-,-,-,-,-
21-MAR-2025,KIRTIINV,-,-,-,-,-,-
21-MAR-2025,KRALEASING,-,-,-,-,-,-
21-MAR-2025,KUMARAUTO,-,-,-,-,-,-
21-MAR-2025,LARK,-,-,-,-,-,-
21-MAR-2025,MACORPACK,-,-,-,-,-,-
21-MAR-2025,MARYADACOM,-,-,-,-,-,-
21-MAR-2025,MAYURBHANJ,-,-,-,-,-,-
21-MAR-2025,MFL1,-,-,-,-,-,-
21-MAR-2025,MILIAIND,-,-,-,-,-,-
21-MAR-2025,MORNMEDIA,-,-,-,-,-,-
21-MAR-2025,NEELEC,-,-,-,-,-,-
21-MAR-2025,NIDHISER,-,-,-,-,-,-
21-MAR-2025,OSEINTRUST,-,-,-,-,-,-
21-MAR-2025,PACEAUTO,-,-,-,-,-,-
21-MAR-2025,PARTAPIND,-,-,-,-,-,-
21-MAR-2025,PATBACK,-,-,-,-,-,-
21-MAR-2025,PATNAELECT,-,-,-,-,-,-
21-MAR-2025,PFCSL,-,-,-,-,-,-
21-MAR-2025,PPML,-,-,-,-,-,-
21-MAR-2025,QUALITY,-,-,-,-,-,-
21-MAR-2025,RADICOFIN,-,-,-,-,-,-
21-MAR-2025,RAKAN,-,-,-,-,-,-
21-MAR-2025,RAMPURFERT,-,-,-,-,-,-
21-MAR-2025,RATHIIND,-,-,-,-,-,-
21-MAR-2025,RFHL,-,-,-,-,-,-
21-MAR-2025,RICHNRICH,-,-,-,-,-,-
21-MAR-2025,RISHABHENT,-,-,-,-,-,-
21-MAR-2025,ROADSTAR,-,-,-,-,-,-
21-MAR-2025,ROADWAYS,-,-,-,-,-,-
21-MAR-2025,RWCL,-,-,-,-,-,-
21-MAR-2025,SARNIMAL,-,-,-,-,-,-
21-MAR-2025,SARVARAYA,-,-,-,-,-,-
21-MAR-2025,SCEL,-,-,-,-,-,-
21-MAR-2025,SELECTRIC,-,-,-,-,-,-
21-MAR-2025,SGEL,-,-,-,-,-,-
21-MAR-2025,SGETL,-,-,-,-,-,-
21-MAR-2025,SHAKUMBHRI,-,-,-,-,-,-
21-MAR-2025,SHREETULSI,-,-,-,-,-,-
21-MAR-2025,SHREEVIJAY,-,-,-,-,-,-
21-MAR-2025,SHREYANS,-,-,-,-,-,-
21-MAR-2025,SIGACHI1,-,-,-,-,-,-
21-MAR-2025,SKYLINE,-,-,-,-,-,-
21-MAR-2025,SKYWEB,-,-,-,-,-,-
21-MAR-2025,SLESHA,-,-,-,-,-,-
21-MAR-2025,SMCSL,-,-,-,-,-,-
21-MAR-2025,SNSDIAGNOS,-,-,-,-,-,-
21-MAR-2025,SNSPL,-,-,-,-,-,-
21-MAR-2025,SOPHIA,-,-,-,-,-,-
21-MAR-2025,SPMLINDIA,-,-,-,-,-,-
21-MAR-2025,SRINARAYAN,-,-,-,-,-,-
21-MAR-2025,SSF,-,-,-,-,-,-
21-MAR-2025,SUNPOINT,-,-,-,-,-,-
21-MAR-2025,SUPRAIND,-,-,-,-,-,-
21-MAR-2025,SUPRANEET,-,-,-,-,-,-
21-MAR-2025,SUPREMECOM,-,-,-,-,-,-
21-MAR-2025,TECHAINPOW,-,-,-,-,-,-
21-MAR-2025,TRIDENTIND,-,-,-,-,-,-
21-MAR-2025,UPAL,-,-,-,-,-,-
21-MAR-2025,USSGLOBAL,-,-,-,-,-,-
21-MAR-2025,WELGA,-,-,-,-,-,-
21-MAR-2025,ZEL,-,-,-,-,-,-
21-MAR-2025,ZRINFRA,-,-,-,-,-,-
