Date,Symbol,Underlying Close Price (A),Underlying Previous Day Close Price (B),Underlying Log Returns (C) = LN(A/B),Previous Day Underlying Volatility (D),Current Day Underlying Daily Volatility (E) = Sqrt(0.995*D*D + 0.005*C*C),Underlying Annualised Volatility (F) = E*Sqrt(365)
02-JAN-2026,20MICRONS,214.35,212.10,0.0106,0.0289,0.0289,0.5521
02-JAN-2026,21STCENMGM,49.42,49.03,0.0079,0.0175,0.0174,0.3324
02-JAN-2026,360ONE,1200.15,1179.70,0.0172,0.0224,0.0223,0.4260
02-JAN-2026,3IINFOLTD,16.90,16.66,0.0143,0.0267,0.0267,0.5101
02-JAN-2026,3MINDIA,36170.70,35999.40,0.0047,0.0175,0.0175,0.3343
02-JAN-2026,3PLAND,37.69,37.39,0.0080,0.0294,0.0293,0.5598
02-JAN-2026,500009,28.92,28.89,0.0010,0.0301,0.0300,0.5731
02-JAN-2026,500012,51.99,52.71,-0.0138,0.0248,0.0247,0.4719
02-JAN-2026,500014,4.84,4.72,0.0251,0.0263,0.0263,0.5025
02-JAN-2026,500016,8.84,8.41,0.0499,0.0311,0.0312,0.5961
02-JAN-2026,500028,43.49,42.97,0.0120,0.0305,0.0305,0.5827
02-JAN-2026,500058,11.84,11.91,-0.0059,0.0275,0.0274,0.5235
02-JAN-2026,500068,12099.15,12055.00,0.0037,0.0151,0.0151,0.2885
02-JAN-2026,500069,295.05,295.90,-0.0029,0.0248,0.0247,0.4719
02-JAN-2026,500123,9551.70,9403.40,0.0156,0.0226,0.0226,0.4318
02-JAN-2026,500142,9.78,9.23,0.0579,0.0368,0.0369,0.7050
02-JAN-2026,500143,452.90,436.40,0.0371,0.0396,0.0396,0.7566
02-JAN-2026,500147,5794.85,5534.30,0.0460,0.0351,0.0352,0.6725
02-JAN-2026,500159,125.75,124.15,0.0128,0.0226,0.0226,0.4318
02-JAN-2026,500166,170.95,169.20,0.0103,0.0232,0.0231,0.4413
02-JAN-2026,500168,856.10,855.55,0.0006,0.0117,0.0116,0.2216
02-JAN-2026,500170,21.30,20.50,0.0383,0.0307,0.0307,0.5865
02-JAN-2026,500192,1.99,1.93,0.0306,0.0295,0.0295,0.5636
02-JAN-2026,500202,9.77,9.77,0.0000,0.0372,0.0371,0.7088
02-JAN-2026,500206,74.60,75.00,-0.0053,0.0304,0.0303,0.5789
02-JAN-2026,500213,375.25,374.85,0.0011,0.0234,0.0233,0.4451
02-JAN-2026,500220,160.40,160.10,0.0019,0.0287,0.0286,0.5464
02-JAN-2026,500239,17.06,17.05,0.0006,0.0319,0.0318,0.6075
02-JAN-2026,500240,353.00,360.15,-0.0201,0.0317,0.0317,0.6056
02-JAN-2026,500245,503.05,500.00,0.0061,0.0211,0.0210,0.4012
02-JAN-2026,500246,70.31,70.31,0.0000,0.0419,0.0418,0.7986
02-JAN-2026,500248,6.27,6.27,0.0000,0.0289,0.0288,0.5502
02-JAN-2026,500264,153.40,152.20,0.0079,0.0309,0.0309,0.5903
02-JAN-2026,500267,340.15,344.50,-0.0127,0.0238,0.0237,0.4528
02-JAN-2026,500270,118.10,117.90,0.0017,0.0230,0.0229,0.4375
02-JAN-2026,500277,7.70,7.25,0.0602,0.0383,0.0385,0.7355
02-JAN-2026,500285,30.17,29.89,0.0093,0.0326,0.0325,0.6209
02-JAN-2026,500298,708.00,714.55,-0.0092,0.0288,0.0287,0.5483
02-JAN-2026,500307,503.10,500.20,0.0058,0.0133,0.0133,0.2541
02-JAN-2026,500319,74.55,74.77,-0.0029,0.0279,0.0279,0.5330
02-JAN-2026,500322,141.25,141.45,-0.0014,0.0328,0.0327,0.6247
02-JAN-2026,500346,60.42,60.36,0.0010,0.0313,0.0312,0.5961
02-JAN-2026,500357,10.11,9.63,0.0486,0.0321,0.0322,0.6152
02-JAN-2026,500360,136.75,136.80,-0.0004,0.0376,0.0375,0.7164
02-JAN-2026,500365,38.34,38.90,-0.0145,0.0275,0.0275,0.5254
02-JAN-2026,500370,36.45,35.74,0.0197,0.0348,0.0348,0.6649
02-JAN-2026,500371,3.94,3.76,0.0468,0.0334,0.0335,0.6400
02-JAN-2026,500388,129.00,131.35,-0.0181,0.0339,0.0338,0.6457
02-JAN-2026,500414,356.00,345.90,0.0288,0.0330,0.0330,0.6305
02-JAN-2026,500421,16.18,15.37,0.0514,0.0321,0.0322,0.6152
02-JAN-2026,500422,190.45,186.75,0.0196,0.0377,0.0377,0.7203
02-JAN-2026,500426,1.81,1.88,-0.0379,0.0391,0.0390,0.7451
02-JAN-2026,500449,33.75,32.87,0.0264,0.0296,0.0296,0.5655
02-JAN-2026,500450,396.00,377.20,0.0486,0.0300,0.0301,0.5751
02-JAN-2026,500458,27.95,26.06,0.0700,0.0332,0.0335,0.6400
02-JAN-2026,500500,20.10,21.12,-0.0495,0.0335,0.0336,0.6419
02-JAN-2026,500672,779.40,778.75,0.0008,0.0168,0.0167,0.3191
02-JAN-2026,501110,7.15,7.15,0.0000,0.0006,0.0006,0.0115
02-JAN-2026,501111,12.14,12.14,0.0000,0.0037,0.0037,0.0707
02-JAN-2026,501144,181.00,181.00,0.0000,0.0211,0.0211,0.4031
02-JAN-2026,501148,410.00,415.55,-0.0134,0.0150,0.0150,0.2866
02-JAN-2026,501270,1.34,1.34,0.0000,0.0008,0.0008,0.0153
02-JAN-2026,501298,5454.90,5446.10,0.0016,0.0225,0.0224,0.4280
02-JAN-2026,501311,21.93,22.58,-0.0292,0.0317,0.0317,0.6056
02-JAN-2026,501314,0.68,0.65,0.0451,0.0323,0.0324,0.6190
02-JAN-2026,501351,100.00,100.00,0.0000,0.0298,0.0297,0.5674
02-JAN-2026,501370,131.40,127.25,0.0321,0.0341,0.0341,0.6515
02-JAN-2026,501386,14.35,14.35,0.0000,0.0139,0.0138,0.2636
02-JAN-2026,501391,624.70,624.30,0.0006,0.0332,0.0331,0.6324
02-JAN-2026,501421,7199.00,7000.00,0.0280,0.0329,0.0329,0.6286
02-JAN-2026,501430,1780.00,1764.70,0.0086,0.0280,0.0279,0.5330
02-JAN-2026,501477,240.00,242.55,-0.0106,0.0313,0.0313,0.5980
02-JAN-2026,501479,11.02,11.02,0.0000,0.0000,0.0000,0.0000
02-JAN-2026,501622,73.00,73.00,0.0000,0.0264,0.0263,0.5025
02-JAN-2026,501630,24.48,24.48,0.0000,0.0021,0.0021,0.0401
02-JAN-2026,501700,8.41,8.32,0.0108,0.0302,0.0302,0.5770
02-JAN-2026,501833,19.53,20.69,-0.0577,0.0306,0.0308,0.5884
02-JAN-2026,501848,55.74,55.62,0.0022,0.0314,0.0313,0.5980
02-JAN-2026,501945,6.22,6.34,-0.0191,0.0122,0.0122,0.2331
02-JAN-2026,502015,28.49,28.78,-0.0101,0.0318,0.0317,0.6056
02-JAN-2026,502250,517.70,544.90,-0.0512,0.0305,0.0306,0.5846
02-JAN-2026,502281,9.40,9.24,0.0172,0.0284,0.0283,0.5407
02-JAN-2026,502294,36.84,36.76,0.0022,0.0411,0.0410,0.7833
02-JAN-2026,502445,41.37,42.67,-0.0309,0.0369,0.0369,0.7050
02-JAN-2026,502587,63.21,64.22,-0.0159,0.0253,0.0253,0.4834
02-JAN-2026,502589,121.00,121.00,0.0000,0.0287,0.0286,0.5464
02-JAN-2026,502850,14.32,14.32,0.0000,0.0047,0.0047,0.0898
02-JAN-2026,502865,337.90,332.00,0.0176,0.0262,0.0261,0.4986
02-JAN-2026,502873,110.00,111.00,-0.0090,0.0290,0.0289,0.5521
02-JAN-2026,502893,73.79,72.51,0.0175,0.0443,0.0442,0.8444
02-JAN-2026,502901,97.73,98.00,-0.0028,0.0248,0.0247,0.4719
02-JAN-2026,502933,107.00,107.80,-0.0074,0.0305,0.0304,0.5808
02-JAN-2026,502958,7922.20,7875.50,0.0059,0.0209,0.0209,0.3993
02-JAN-2026,503092,34.48,32.50,0.0591,0.0491,0.0491,0.9381
02-JAN-2026,503127,4650.00,4623.00,0.0058,0.0273,0.0272,0.5197
02-JAN-2026,503229,169.00,169.00,0.0000,0.0320,0.0320,0.6114
02-JAN-2026,503349,5992.00,5964.00,0.0047,0.0280,0.0280,0.5349
02-JAN-2026,503622,7.71,7.71,0.0000,0.0024,0.0024,0.0459
02-JAN-2026,503624,7.73,7.70,0.0039,0.0331,0.0330,0.6305
02-JAN-2026,503626,10.50,10.50,0.0000,0.0000,0.0000,0.0000
02-JAN-2026,503635,72.55,72.55,0.0000,0.0186,0.0185,0.3534
02-JAN-2026,503639,7.98,7.98,0.0000,0.0359,0.0358,0.6840
02-JAN-2026,503641,2.52,2.50,0.0080,0.0405,0.0404,0.7718
02-JAN-2026,503657,13.59,13.20,0.0291,0.0286,0.0286,0.5464
02-JAN-2026,503663,1.88,1.78,0.0547,0.0289,0.0291,0.5560
02-JAN-2026,503671,4.55,4.55,0.0000,0.0000,0.0000,0.0000
02-JAN-2026,503675,1.15,1.15,0.0000,0.0427,0.0426,0.8139
02-JAN-2026,503681,125900.55,125550.65,0.0028,0.3843,0.3833,7.3229
02-JAN-2026,503685,20.21,19.98,0.0114,0.0350,0.0350,0.6687
02-JAN-2026,503689,3.20,3.20,0.0000,0.0000,0.0000,0.0000
02-JAN-2026,503696,55.00,55.00,0.0000,0.0000,0.0000,0.0000
02-JAN-2026,503772,68.00,68.00,0.0000,0.0298,0.0297,0.5674
02-JAN-2026,503776,35.10,35.10,0.0000,0.0395,0.0394,0.7527
02-JAN-2026,503804,250.05,250.00,0.0002,0.0172,0.0171,0.3267
02-JAN-2026,503816,49.41,50.45,-0.0208,0.0283,0.0283,0.5407
02-JAN-2026,503837,14.21,14.95,-0.0508,0.0356,0.0357,0.6820
02-JAN-2026,504000,84.29,85.13,-0.0099,0.0261,0.0261,0.4986
02-JAN-2026,504028,75.81,76.35,-0.0071,0.0259,0.0259,0.4948
02-JAN-2026,504076,84.01,84.32,-0.0037,0.0328,0.0327,0.6247
02-JAN-2026,504080,1066.00,1118.00,-0.0476,0.0341,0.0342,0.6534
02-JAN-2026,504084,899.25,901.80,-0.0028,0.0265,0.0264,0.5044
02-JAN-2026,504092,690.60,657.75,0.0487,0.0318,0.0319,0.6094
02-JAN-2026,504093,308.00,306.30,0.0055,0.0207,0.0206,0.3936
02-JAN-2026,504132,870.00,864.00,0.0069,0.0296,0.0295,0.5636
02-JAN-2026,504176,598.40,605.55,-0.0119,0.0314,0.0314,0.5999
02-JAN-2026,504180,46.00,45.00,0.0220,0.0250,0.0250,0.4776
02-JAN-2026,504240,636.80,631.55,0.0083,0.0304,0.0303,0.5789
02-JAN-2026,504258,753.05,750.65,0.0032,0.0268,0.0268,0.5120
02-JAN-2026,504273,23.21,22.12,0.0481,0.0279,0.0280,0.5349
02-JAN-2026,504340,7.18,7.29,-0.0152,0.0173,0.0172,0.3286
02-JAN-2026,504351,1.70,1.73,-0.0175,0.0309,0.0309,0.5903
02-JAN-2026,504356,10.18,10.18,0.0000,0.0384,0.0383,0.7317
02-JAN-2026,504365,4.11,4.11,0.0000,0.0006,0.0006,0.0115
02-JAN-2026,504369,0.49,0.49,0.0000,0.0097,0.0096,0.1834
02-JAN-2026,504375,236.35,225.10,0.0488,0.0121,0.0125,0.2388
02-JAN-2026,504378,3.09,3.25,-0.0505,0.0330,0.0332,0.6343
02-JAN-2026,504380,53.10,52.50,0.0114,0.0303,0.0302,0.5770
02-JAN-2026,504392,20.47,19.77,0.0348,0.0345,0.0345,0.6591
02-JAN-2026,504605,3150.00,3122.65,0.0087,0.0278,0.0277,0.5292
02-JAN-2026,504646,577.70,571.55,0.0107,0.0328,0.0328,0.6266
02-JAN-2026,504648,50.25,54.00,-0.0720,0.0354,0.0357,0.6820
02-JAN-2026,504697,3.26,3.20,0.0186,0.0523,0.0522,0.9973
02-JAN-2026,504731,134.45,135.00,-0.0041,0.0258,0.0258,0.4929
02-JAN-2026,504746,1568.55,1647.90,-0.0494,0.0263,0.0265,0.5063
02-JAN-2026,504786,500.25,515.20,-0.0294,0.0279,0.0279,0.5330
02-JAN-2026,504810,75.25,72.60,0.0359,0.0436,0.0436,0.8330
02-JAN-2026,504840,1547.60,1559.90,-0.0079,0.0253,0.0252,0.4814
02-JAN-2026,504882,1311.50,1349.20,-0.0283,0.0240,0.0241,0.4604
02-JAN-2026,504903,27.44,27.33,0.0040,0.0277,0.0276,0.5273
02-JAN-2026,504908,469.70,453.75,0.0345,0.0347,0.0347,0.6629
02-JAN-2026,504959,2050.60,2029.15,0.0105,0.0187,0.0186,0.3554
02-JAN-2026,504988,845.55,841.15,0.0052,0.0267,0.0266,0.5082
02-JAN-2026,504998,0.54,0.54,0.0000,0.0141,0.0141,0.2694
02-JAN-2026,505036,1846.65,1784.45,0.0343,0.0273,0.0274,0.5235
02-JAN-2026,505163,797.10,786.05,0.0140,0.0300,0.0299,0.5712
02-JAN-2026,505212,128.15,122.05,0.0488,0.0355,0.0356,0.6801
02-JAN-2026,505216,2828.00,2815.20,0.0045,0.0267,0.0267,0.5101
02-JAN-2026,505232,1203.30,1191.50,0.0099,0.0243,0.0243,0.4643
02-JAN-2026,505250,78.12,76.88,0.0160,0.0305,0.0305,0.5827
02-JAN-2026,505285,722.00,722.00,0.0000,0.0134,0.0133,0.2541
02-JAN-2026,505299,690.10,575.10,0.1823,0.0318,0.0342,0.6534
02-JAN-2026,505302,2200.00,2137.00,0.0291,0.0313,0.0313,0.5980
02-JAN-2026,505336,0.53,0.53,0.0000,0.0388,0.0387,0.7394
02-JAN-2026,505343,0.43,0.43,0.0000,0.0414,0.0413,0.7890
02-JAN-2026,505358,191.55,191.85,-0.0016,0.0248,0.0248,0.4738
02-JAN-2026,505502,1.48,1.51,-0.0201,0.0181,0.0181,0.3458
02-JAN-2026,505504,281.80,285.40,-0.0127,0.0195,0.0195,0.3725
02-JAN-2026,505515,11.99,12.16,-0.0141,0.0398,0.0397,0.7585
02-JAN-2026,505520,101.34,101.34,0.0000,0.0144,0.0144,0.2751
02-JAN-2026,505523,0.43,0.44,-0.0230,0.0276,0.0276,0.5273
02-JAN-2026,505594,32.80,32.80,0.0000,0.0000,0.0000,0.0000
02-JAN-2026,505650,22.45,23.40,-0.0414,0.0382,0.0383,0.7317
02-JAN-2026,505681,606.75,606.75,0.0000,0.0210,0.0209,0.3993
02-JAN-2026,505685,14.03,13.37,0.0482,0.0659,0.0658,1.2571
02-JAN-2026,505690,878.75,882.45,-0.0042,0.0344,0.0343,0.6553
02-JAN-2026,505693,9.05,9.02,0.0033,0.0352,0.0351,0.6706
02-JAN-2026,505703,257.70,245.45,0.0487,0.0260,0.0261,0.4986
02-JAN-2026,505710,81.61,78.23,0.0423,0.0232,0.0233,0.4451
02-JAN-2026,505712,216.00,219.25,-0.0149,0.0307,0.0306,0.5846
02-JAN-2026,505720,158.70,160.50,-0.0113,0.0000,0.0008,0.0153
02-JAN-2026,505725,59.89,57.66,0.0379,0.0222,0.0223,0.4260
02-JAN-2026,505729,70.22,68.27,0.0282,0.0284,0.0284,0.5426
02-JAN-2026,505737,603.70,598.00,0.0095,0.0277,0.0277,0.5292
02-JAN-2026,505750,289.10,289.55,-0.0016,0.0332,0.0331,0.6324
02-JAN-2026,505807,639.45,615.00,0.0390,0.0263,0.0264,0.5044
02-JAN-2026,505827,377.60,377.35,0.0007,0.0189,0.0188,0.3592
02-JAN-2026,505840,29.50,29.70,-0.0068,0.0318,0.0317,0.6056
02-JAN-2026,505872,412.95,413.60,-0.0016,0.0305,0.0304,0.5808
02-JAN-2026,505890,2120.65,2097.45,0.0110,0.0239,0.0238,0.4547
02-JAN-2026,505893,920.60,904.20,0.0180,0.0338,0.0338,0.6457
02-JAN-2026,505978,3128.20,3090.70,0.0121,0.0276,0.0275,0.5254
02-JAN-2026,506003,66.66,67.67,-0.0150,0.0326,0.0326,0.6228
02-JAN-2026,506042,179.25,179.25,0.0000,0.0574,0.0572,1.0928
02-JAN-2026,506105,72.87,76.25,-0.0453,0.0329,0.0329,0.6286
02-JAN-2026,506122,45.10,46.67,-0.0342,0.0347,0.0347,0.6629
02-JAN-2026,506128,129.05,129.60,-0.0043,0.0308,0.0307,0.5865
02-JAN-2026,506134,13.30,13.00,0.0228,0.0320,0.0320,0.6114
02-JAN-2026,506161,4.78,4.78,0.0000,0.0000,0.0000,0.0000
02-JAN-2026,506166,82.48,79.23,0.0402,0.2163,0.2158,4.1229
02-JAN-2026,506178,17.01,17.01,0.0000,0.0015,0.0015,0.0287
02-JAN-2026,506180,540.00,547.90,-0.0145,0.0299,0.0298,0.5693
02-JAN-2026,506186,17.38,18.03,-0.0367,0.0360,0.0360,0.6878
02-JAN-2026,506190,52.50,52.50,0.0000,0.0000,0.0000,0.0000
02-JAN-2026,506365,137.30,131.50,0.0432,0.0431,0.0431,0.8234
02-JAN-2026,506414,349.60,349.75,-0.0004,0.0317,0.0316,0.6037
02-JAN-2026,506520,7.18,7.06,0.0169,0.0280,0.0280,0.5349
02-JAN-2026,506528,3849.15,3821.95,0.0071,0.0279,0.0279,0.5330
02-JAN-2026,506530,1178.00,1122.00,0.0487,0.0256,0.0258,0.4929
02-JAN-2026,506532,817.95,810.20,0.0095,0.0194,0.0194,0.3706
02-JAN-2026,506543,9.40,9.88,-0.0498,0.0332,0.0333,0.6362
02-JAN-2026,506579,147.40,149.95,-0.0172,0.0329,0.0328,0.6266
02-JAN-2026,506597,673.60,663.15,0.0156,0.0343,0.0342,0.6534
02-JAN-2026,506605,2127.00,2141.05,-0.0066,0.0316,0.0315,0.6018
02-JAN-2026,506640,255.85,264.10,-0.0317,0.0351,0.0351,0.6706
02-JAN-2026,506685,416.85,422.85,-0.0143,0.0221,0.0220,0.4203
02-JAN-2026,506687,1281.20,1286.60,-0.0042,0.0221,0.0221,0.4222
02-JAN-2026,506734,110.00,107.45,0.0235,0.0239,0.0239,0.4566
02-JAN-2026,506808,53.03,50.76,0.0437,0.0262,0.0263,0.5025
02-JAN-2026,506854,4348.50,4308.20,0.0093,0.0297,0.0297,0.5674
02-JAN-2026,506858,61.13,59.00,0.0355,0.0287,0.0287,0.5483
02-JAN-2026,506863,156.65,153.60,0.0197,0.0209,0.0209,0.3993
02-JAN-2026,506906,32.30,31.67,0.0197,0.0561,0.0559,1.0680
02-JAN-2026,506919,114.10,119.00,-0.0420,0.0323,0.0323,0.6171
02-JAN-2026,506935,67.00,67.05,-0.0007,0.0256,0.0256,0.4891
02-JAN-2026,506945,2.25,2.25,0.0000,0.0056,0.0056,0.1070
02-JAN-2026,506947,190.00,190.00,0.0000,0.0240,0.0239,0.4566
02-JAN-2026,506975,13.03,12.41,0.0488,0.0280,0.0281,0.5368
02-JAN-2026,506979,102.75,102.75,0.0000,0.0317,0.0316,0.6037
02-JAN-2026,506981,130.00,130.00,0.0000,0.0301,0.0300,0.5731
02-JAN-2026,507155,145.35,144.30,0.0073,0.0284,0.0283,0.5407
02-JAN-2026,507180,6.38,6.46,-0.0125,0.0408,0.0407,0.7776
02-JAN-2026,507265,213.60,205.20,0.0401,0.0305,0.0306,0.5846
02-JAN-2026,507300,953.05,969.50,-0.0171,0.0254,0.0254,0.4853
02-JAN-2026,507474,43.71,44.02,-0.0071,0.0313,0.0312,0.5961
02-JAN-2026,507486,51.81,49.92,0.0372,0.0325,0.0325,0.6209
02-JAN-2026,507498,41.18,40.94,0.0058,0.0235,0.0235,0.4490
02-JAN-2026,507515,16.33,15.56,0.0483,0.0330,0.0331,0.6324
02-JAN-2026,507530,21.03,21.03,0.0000,0.0041,0.0041,0.0783
02-JAN-2026,507598,102.78,101.82,0.0094,0.0322,0.0321,0.6133
02-JAN-2026,507609,30.91,30.91,0.0000,0.0309,0.0308,0.5884
02-JAN-2026,507621,62.10,61.26,0.0136,0.0213,0.0213,0.4069
02-JAN-2026,507645,11500.00,11474.00,0.0023,0.0208,0.0208,0.3974
02-JAN-2026,507663,3.42,3.42,0.0000,0.0083,0.0083,0.1586
02-JAN-2026,507690,190.00,183.95,0.0324,0.0291,0.0291,0.5560
02-JAN-2026,507753,110.20,110.55,-0.0032,0.0245,0.0244,0.4662
02-JAN-2026,507759,13.92,13.65,0.0196,0.0412,0.0411,0.7852
02-JAN-2026,507808,40.18,40.18,0.0000,0.0226,0.0226,0.4318
02-JAN-2026,507813,84.41,79.17,0.0641,0.0295,0.0298,0.5693
02-JAN-2026,507817,170.00,170.00,0.0000,0.0324,0.0323,0.6171
02-JAN-2026,507828,9.91,10.01,-0.0100,0.0310,0.0309,0.5903
02-JAN-2026,507833,4.59,4.58,0.0022,0.0257,0.0256,0.4891
02-JAN-2026,507836,650.50,653.85,-0.0051,0.0251,0.0251,0.4795
02-JAN-2026,507852,102.15,104.75,-0.0251,0.0319,0.0318,0.6075
02-JAN-2026,507864,117.50,115.15,0.0202,0.0408,0.0407,0.7776
02-JAN-2026,507872,47.90,45.79,0.0450,0.0269,0.0270,0.5158
02-JAN-2026,507912,989.45,976.30,0.0134,0.0303,0.0303,0.5789
02-JAN-2026,507917,59.36,62.48,-0.0512,0.0298,0.0300,0.5731
02-JAN-2026,507938,10.48,10.48,0.0000,0.0184,0.0184,0.3515
02-JAN-2026,507944,495.35,499.70,-0.0087,0.0305,0.0305,0.5827
02-JAN-2026,507946,24.65,25.59,-0.0374,0.0356,0.0356,0.6801
02-JAN-2026,507948,94.01,90.12,0.0423,0.0323,0.0324,0.6190
02-JAN-2026,507952,3.15,3.15,0.0000,0.0000,0.0000,0.0000
02-JAN-2026,507960,221.70,219.95,0.0079,0.0274,0.0274,0.5235
02-JAN-2026,507962,71.04,72.48,-0.0201,0.0407,0.0406,0.7757
02-JAN-2026,507966,41.82,42.08,-0.0062,0.0393,0.0392,0.7489
02-JAN-2026,507968,41.61,43.80,-0.0513,0.0186,0.0189,0.3611
02-JAN-2026,507970,35.66,35.67,-0.0003,0.0375,0.0374,0.7145
02-JAN-2026,507981,77.78,76.03,0.0228,0.0246,0.0246,0.4700
02-JAN-2026,507987,3.99,3.99,0.0000,0.0051,0.0051,0.0974
02-JAN-2026,507998,121.25,120.45,0.0066,0.0336,0.0336,0.6419
02-JAN-2026,508136,404.50,405.00,-0.0012,0.0323,0.0322,0.6152
02-JAN-2026,508486,8099.60,8163.60,-0.0079,0.0145,0.0144,0.2751
02-JAN-2026,508494,45.84,44.95,0.0196,0.0239,0.0239,0.4566
02-JAN-2026,508571,146.25,144.30,0.0134,0.0349,0.0349,0.6668
02-JAN-2026,508664,11.21,11.39,-0.0159,0.0305,0.0305,0.5827
02-JAN-2026,508670,3512.00,3525.00,-0.0037,0.0186,0.0186,0.3554
02-JAN-2026,508807,759.85,769.95,-0.0132,0.0180,0.0180,0.3439
02-JAN-2026,508867,9.10,9.10,0.0000,0.0000,0.0000,0.0000
02-JAN-2026,508875,487.10,500.00,-0.0261,0.0310,0.0310,0.5923
02-JAN-2026,508905,105.45,110.05,-0.0427,0.0363,0.0363,0.6935
02-JAN-2026,508918,48.11,48.73,-0.0128,0.0385,0.0384,0.7336
02-JAN-2026,508922,3.85,3.78,0.0183,0.0332,0.0332,0.6343
02-JAN-2026,508941,490.90,489.75,0.0023,0.0156,0.0156,0.2980
02-JAN-2026,508956,13.20,13.77,-0.0423,0.0330,0.0331,0.6324
02-JAN-2026,508961,192.70,187.30,0.0284,0.0245,0.0245,0.4681
02-JAN-2026,508963,15.44,16.25,-0.0511,0.0312,0.0314,0.5999
02-JAN-2026,508969,2.47,2.43,0.0163,0.0271,0.0271,0.5177
02-JAN-2026,508980,6.84,6.72,0.0177,0.0370,0.0369,0.7050
02-JAN-2026,508993,2.45,2.45,0.0000,0.0000,0.0000,0.0000
02-JAN-2026,509003,0.13,0.13,0.0000,0.0000,0.0000,0.0000
02-JAN-2026,509015,13.00,13.20,-0.0153,0.0345,0.0345,0.6591
02-JAN-2026,509024,11.94,11.42,0.0445,0.0779,0.0778,1.4864
02-JAN-2026,509026,95.94,96.95,-0.0105,0.0391,0.0390,0.7451
02-JAN-2026,509038,11.01,11.01,0.0000,0.0153,0.0153,0.2923
02-JAN-2026,509040,144.55,146.50,-0.0134,0.0291,0.0291,0.5560
02-JAN-2026,509046,66.36,65.00,0.0207,0.0269,0.0268,0.5120
02-JAN-2026,509051,0.73,0.72,0.0138,0.0369,0.0368,0.7031
02-JAN-2026,509053,8.31,8.49,-0.0214,0.0271,0.0270,0.5158
02-JAN-2026,509073,14.10,13.95,0.0107,0.0279,0.0278,0.5311
02-JAN-2026,509084,96.31,96.50,-0.0020,0.0225,0.0224,0.4280
02-JAN-2026,509162,123.35,122.40,0.0077,0.0266,0.0265,0.5063
02-JAN-2026,509196,79.00,80.70,-0.0213,0.0280,0.0279,0.5330
02-JAN-2026,509423,39.05,37.27,0.0467,0.0377,0.0378,0.7222
02-JAN-2026,509438,9492.00,9590.65,-0.0103,0.0191,0.0191,0.3649
02-JAN-2026,509449,42.05,43.00,-0.0223,0.0331,0.0330,0.6305
02-JAN-2026,509470,22369.20,22105.00,0.0119,0.0274,0.0273,0.5216
02-JAN-2026,509472,379.00,381.60,-0.0068,0.0280,0.0279,0.5330
02-JAN-2026,509486,89.77,90.40,-0.0070,0.0274,0.0273,0.5216
02-JAN-2026,509525,967.95,957.00,0.0114,0.0220,0.0219,0.4184
02-JAN-2026,509546,33.70,33.62,0.0024,0.0382,0.0381,0.7279
02-JAN-2026,509563,27.97,26.89,0.0394,0.0314,0.0314,0.5999
02-JAN-2026,509597,726.00,733.85,-0.0108,0.0309,0.0308,0.5884
02-JAN-2026,509650,38.74,38.74,0.0000,0.0009,0.0009,0.0172
02-JAN-2026,509732,203.05,211.40,-0.0403,0.0284,0.0285,0.5445
02-JAN-2026,509760,40.30,40.84,-0.0133,0.0345,0.0344,0.6572
02-JAN-2026,509762,92.05,88.41,0.0403,0.0128,0.0131,0.2503
02-JAN-2026,509782,17.95,17.95,0.0000,0.0000,0.0000,0.0000
02-JAN-2026,509835,20.00,20.04,-0.0020,0.0445,0.0444,0.8483
02-JAN-2026,509845,528.05,528.05,0.0000,0.0203,0.0202,0.3859
02-JAN-2026,509870,60.74,60.74,0.0000,0.0040,0.0040,0.0764
02-JAN-2026,509887,700.00,700.00,0.0000,0.0280,0.0279,0.5330
02-JAN-2026,509895,180.65,180.70,-0.0003,0.0251,0.0250,0.4776
02-JAN-2026,509910,25.00,25.00,0.0000,0.0242,0.0241,0.4604
02-JAN-2026,509917,99.54,99.54,0.0000,0.0107,0.0107,0.2044
02-JAN-2026,509945,1490.00,1462.50,0.0186,0.0349,0.0348,0.6649
02-JAN-2026,509953,466.05,443.90,0.0487,0.0298,0.0299,0.5712
02-JAN-2026,509960,1570.35,1570.35,0.0000,0.0264,0.0263,0.5025
02-JAN-2026,510245,4.44,4.44,0.0000,0.0243,0.0242,0.4623
02-JAN-2026,511000,24.83,24.33,0.0203,0.0337,0.0337,0.6438
02-JAN-2026,511012,0.68,0.68,0.0000,0.0252,0.0252,0.4814
02-JAN-2026,511018,60.85,60.18,0.0111,0.0313,0.0312,0.5961
02-JAN-2026,511048,5.18,5.18,0.0000,0.0000,0.0000,0.0000
02-JAN-2026,511060,17.00,17.00,0.0000,0.0000,0.0000,0.0000
02-JAN-2026,511066,41.00,39.48,0.0378,0.0256,0.0257,0.4910
02-JAN-2026,511074,990.00,990.00,0.0000,0.0032,0.0032,0.0611
02-JAN-2026,511092,5.99,5.88,0.0185,0.0155,0.0155,0.2961
02-JAN-2026,511096,12.00,12.00,0.0000,0.0000,0.0000,0.0000
02-JAN-2026,511110,25.93,24.00,0.0773,0.0465,0.0467,0.8922
02-JAN-2026,511116,0.43,0.41,0.0476,0.0315,0.0316,0.6037
02-JAN-2026,511122,88.00,82.64,0.0628,0.0394,0.0396,0.7566
02-JAN-2026,511131,17.34,17.00,0.0198,0.0324,0.0324,0.6190
02-JAN-2026,511147,60.96,60.39,0.0094,0.0306,0.0305,0.5827
02-JAN-2026,511153,23.50,23.50,0.0000,0.0301,0.0300,0.5731
02-JAN-2026,511169,4.56,4.35,0.0471,0.0299,0.0300,0.5731
02-JAN-2026,511176,105.00,104.25,0.0072,0.0302,0.0301,0.5751
02-JAN-2026,511185,12.44,12.44,0.0000,0.0082,0.0082,0.1567
02-JAN-2026,511187,2.17,2.28,-0.0494,0.0428,0.0429,0.8196
02-JAN-2026,511200,146.50,146.50,0.0000,0.0150,0.0150,0.2866
02-JAN-2026,511246,4.90,4.71,0.0395,0.0286,0.0287,0.5483
02-JAN-2026,511254,61.75,61.75,0.0000,0.0000,0.0000,0.0000
02-JAN-2026,511260,58.81,60.30,-0.0250,0.0187,0.0187,0.3573
02-JAN-2026,511355,14.65,14.30,0.0242,0.0269,0.0268,0.5120
02-JAN-2026,511359,60.00,58.59,0.0238,0.0301,0.0300,0.5731
02-JAN-2026,511377,33.11,34.85,-0.0512,0.0289,0.0291,0.5560
02-JAN-2026,511391,81.60,80.00,0.0198,0.0333,0.0332,0.6343
02-JAN-2026,511401,7.60,7.60,0.0000,0.0337,0.0336,0.6419
02-JAN-2026,511411,33.10,33.20,-0.0030,0.0414,0.0413,0.7890
02-JAN-2026,511441,24.59,25.88,-0.0511,0.0352,0.0353,0.6744
02-JAN-2026,511447,0.65,0.68,-0.0451,0.0355,0.0355,0.6782
02-JAN-2026,511451,11.13,10.60,0.0488,0.0382,0.0383,0.7317
02-JAN-2026,511463,10.05,10.22,-0.0168,0.0280,0.0280,0.5349
02-JAN-2026,511493,4.17,4.28,-0.0260,0.0406,0.0406,0.7757
02-JAN-2026,511501,28.75,28.47,0.0098,0.0297,0.0297,0.5674
02-JAN-2026,511507,44.10,44.10,0.0000,0.0377,0.0376,0.7183
02-JAN-2026,511509,31.62,31.90,-0.0088,0.0305,0.0304,0.5808
02-JAN-2026,511523,18.86,19.21,-0.0184,0.0289,0.0288,0.5502
02-JAN-2026,511525,2.16,2.10,0.0282,0.0262,0.0262,0.5006
02-JAN-2026,511533,41.94,40.68,0.0305,0.0344,0.0344,0.6572
02-JAN-2026,511535,34.07,32.11,0.0592,0.0479,0.0480,0.9170
02-JAN-2026,511539,15.00,15.40,-0.0263,0.0273,0.0273,0.5216
02-JAN-2026,511543,35.80,34.12,0.0481,0.0352,0.0353,0.6744
02-JAN-2026,511549,72.60,75.56,-0.0400,0.0275,0.0276,0.5273
02-JAN-2026,511557,4.54,8.66,-0.6458,0.0333,0.0564,1.0775
02-JAN-2026,511563,26.00,25.25,0.0293,0.0248,0.0249,0.4757
02-JAN-2026,511571,130.45,118.35,0.0973,0.0403,0.0408,0.7795
02-JAN-2026,511577,14.83,15.85,-0.0665,0.0335,0.0338,0.6457
02-JAN-2026,511585,4.80,4.73,0.0147,0.0167,0.0166,0.3171
02-JAN-2026,511593,18.84,19.49,-0.0339,0.0443,0.0442,0.8444
02-JAN-2026,511601,9.24,8.94,0.0330,0.0300,0.0300,0.5731
02-JAN-2026,511609,29.59,28.89,0.0239,0.0201,0.0201,0.3840
02-JAN-2026,511626,136.60,130.10,0.0488,0.0406,0.0407,0.7776
02-JAN-2026,511628,54.28,53.42,0.0160,0.0288,0.0288,0.5502
02-JAN-2026,511632,5.67,5.67,0.0000,0.0034,0.0034,0.0650
02-JAN-2026,511636,2.60,2.62,-0.0077,0.0256,0.0256,0.4891
02-JAN-2026,511644,452.70,431.15,0.0488,0.0338,0.0339,0.6477
02-JAN-2026,511654,73.16,74.67,-0.0204,0.0409,0.0408,0.7795
02-JAN-2026,511658,19.18,17.91,0.0685,0.0347,0.0349,0.6668
02-JAN-2026,511664,11.26,11.85,-0.0511,0.0367,0.0368,0.7031
02-JAN-2026,511672,35.89,35.82,0.0020,0.0301,0.0300,0.5731
02-JAN-2026,511692,6.33,6.34,-0.0016,0.0435,0.0434,0.8292
02-JAN-2026,511696,270.00,262.20,0.0293,0.0388,0.0388,0.7413
02-JAN-2026,511700,0.57,0.55,0.0357,0.0337,0.0337,0.6438
02-JAN-2026,511702,160.00,158.15,0.0116,0.0280,0.0279,0.5330
02-JAN-2026,511710,2.68,2.78,-0.0366,0.0373,0.0373,0.7126
02-JAN-2026,511712,77.84,74.82,0.0396,0.0334,0.0334,0.6381
02-JAN-2026,511714,277.00,274.55,0.0089,0.0289,0.0288,0.5502
02-JAN-2026,511716,6.30,6.30,0.0000,0.0363,0.0362,0.6916
02-JAN-2026,511728,27.25,27.43,-0.0066,0.0344,0.0344,0.6572
02-JAN-2026,511740,135.00,130.65,0.0328,0.0280,0.0280,0.5349
02-JAN-2026,511754,103.45,102.90,0.0053,0.0260,0.0259,0.4948
02-JAN-2026,511756,37.80,37.00,0.0214,0.0316,0.0316,0.6037
02-JAN-2026,511758,83.50,80.58,0.0356,0.0457,0.0457,0.8731
02-JAN-2026,511764,44.53,42.70,0.0420,0.0335,0.0336,0.6419
02-JAN-2026,512014,873.20,893.75,-0.0233,0.0248,0.0248,0.4738
02-JAN-2026,512018,9.41,9.66,-0.0262,0.0259,0.0259,0.4948
02-JAN-2026,512020,12923.35,12755.00,0.0131,0.0289,0.0289,0.5521
02-JAN-2026,512022,244.45,244.45,0.0000,0.0000,0.0000,0.0000
02-JAN-2026,512025,54.21,54.13,0.0015,0.0261,0.0261,0.4986
02-JAN-2026,512026,202.95,202.95,0.0000,0.0154,0.0153,0.2923
02-JAN-2026,512036,166.35,166.35,0.0000,0.0312,0.0311,0.5942
02-JAN-2026,512038,500.95,508.35,-0.0147,0.0271,0.0270,0.5158
02-JAN-2026,512047,6.64,6.39,0.0384,0.0329,0.0330,0.6305
02-JAN-2026,512048,3.37,3.44,-0.0206,0.0309,0.0309,0.5903
02-JAN-2026,512062,14.01,14.01,0.0000,0.0074,0.0074,0.1414
02-JAN-2026,512064,59.51,56.76,0.0473,0.0356,0.0357,0.6820
02-JAN-2026,512065,5.84,5.73,0.0190,0.1232,0.1229,2.3480
02-JAN-2026,512068,94.53,93.56,0.0103,0.0345,0.0344,0.6572
02-JAN-2026,512091,7.52,7.52,0.0000,0.0371,0.0370,0.7069
02-JAN-2026,512093,4.36,4.41,-0.0114,0.0280,0.0279,0.5330
02-JAN-2026,512097,0.31,0.30,0.0328,0.0387,0.0387,0.7394
02-JAN-2026,512099,969.00,970.00,-0.0010,0.0279,0.0278,0.5311
02-JAN-2026,512101,17.40,17.40,0.0000,0.0000,0.0000,0.0000
02-JAN-2026,512103,397.00,392.60,0.0111,0.0262,0.0261,0.4986
02-JAN-2026,512109,51.81,52.86,-0.0201,0.0105,0.0106,0.2025
02-JAN-2026,512115,85.43,83.02,0.0286,0.0351,0.0350,0.6687
02-JAN-2026,512117,3.67,3.67,0.0000,0.0000,0.0000,0.0000
02-JAN-2026,512149,2.07,1.99,0.0394,0.0336,0.0336,0.6419
02-JAN-2026,512153,10.55,10.55,0.0000,0.0109,0.0109,0.2082
02-JAN-2026,512165,30.62,30.61,0.0003,0.0330,0.0329,0.6286
02-JAN-2026,512175,4.63,4.67,-0.0086,0.0327,0.0326,0.6228
02-JAN-2026,512197,4.68,4.68,0.0000,0.0341,0.0340,0.6496
02-JAN-2026,512213,2.71,2.71,0.0000,0.0000,0.0000,0.0000
02-JAN-2026,512217,18.26,19.10,-0.0450,0.0353,0.0354,0.6763
02-JAN-2026,512221,14.45,14.45,0.0000,0.0032,0.0032,0.0611
02-JAN-2026,512229,172.30,172.00,0.0017,0.0162,0.0162,0.3095
02-JAN-2026,512247,2.96,2.98,-0.0067,0.0239,0.0238,0.4547
02-JAN-2026,512257,3.64,3.58,0.0166,0.0234,0.0233,0.4451
02-JAN-2026,512261,3.00,3.00,0.0000,0.0000,0.0000,0.0000
02-JAN-2026,512267,10.14,9.88,0.0260,0.0329,0.0329,0.6286
02-JAN-2026,512271,116.50,116.50,0.0000,0.0005,0.0005,0.0096
02-JAN-2026,512277,866.45,825.20,0.0488,0.1207,0.1204,2.3002
02-JAN-2026,512297,18.11,17.26,0.0481,0.0367,0.0368,0.7031
02-JAN-2026,512301,20.10,20.51,-0.0202,0.0319,0.0319,0.6094
02-JAN-2026,512344,3.72,3.72,0.0000,0.0338,0.0337,0.6438
02-JAN-2026,512345,163.00,162.00,0.0062,0.0229,0.0229,0.4375
02-JAN-2026,512361,45.94,43.76,0.0486,0.0280,0.0281,0.5368
02-JAN-2026,512367,11.52,11.52,0.0000,0.0011,0.0011,0.0210
02-JAN-2026,512377,5.64,5.64,0.0000,0.0041,0.0041,0.0783
02-JAN-2026,512379,3.15,3.13,0.0064,0.0308,0.0307,0.5865
02-JAN-2026,512393,35.50,34.23,0.0364,0.0274,0.0275,0.5254
02-JAN-2026,512399,39.41,38.31,0.0283,0.0283,0.0283,0.5407
02-JAN-2026,512404,0.05,0.05,0.0000,0.0137,0.0136,0.2598
02-JAN-2026,512408,10.05,10.05,0.0000,0.0000,0.0000,0.0000
02-JAN-2026,512415,7.64,7.79,-0.0194,0.0336,0.0335,0.6400
02-JAN-2026,512425,646.50,646.50,0.0000,0.0310,0.0309,0.5903
02-JAN-2026,512437,396.00,396.00,0.0000,0.0325,0.0324,0.6190
02-JAN-2026,512441,0.43,0.42,0.0235,0.0400,0.0400,0.7642
02-JAN-2026,512443,15.37,16.00,-0.0402,0.0339,0.0339,0.6477
02-JAN-2026,512453,669.00,662.00,0.0105,0.0258,0.0258,0.4929
02-JAN-2026,512477,239.45,246.05,-0.0272,0.0423,0.0422,0.8062
02-JAN-2026,512479,630.00,630.00,0.0000,0.0106,0.0105,0.2006
02-JAN-2026,512485,141.55,148.95,-0.0510,0.0342,0.0343,0.6553
02-JAN-2026,512489,19.00,18.75,0.0132,0.0405,0.0404,0.7718
02-JAN-2026,512493,52.13,52.93,-0.0152,0.0307,0.0307,0.5865
02-JAN-2026,512499,0.49,0.49,0.0000,0.0085,0.0085,0.1624
02-JAN-2026,512511,1.08,1.08,0.0000,0.0030,0.0030,0.0573
02-JAN-2026,512527,717.65,701.45,0.0228,0.0246,0.0245,0.4681
02-JAN-2026,512587,39.32,38.46,0.0221,0.0363,0.0362,0.6916
02-JAN-2026,512589,182.80,170.60,0.0691,0.0340,0.0343,0.6553
02-JAN-2026,512591,1.85,1.77,0.0442,0.0416,0.0416,0.7948
02-JAN-2026,512595,495.00,488.05,0.0141,0.0311,0.0310,0.5923
02-JAN-2026,512600,86.03,88.10,-0.0238,0.0277,0.0277,0.5292
02-JAN-2026,512604,5.81,5.93,-0.0204,0.0296,0.0296,0.5655
02-JAN-2026,512618,9.89,9.90,-0.0010,0.0417,0.0416,0.7948
02-JAN-2026,512624,5.80,5.86,-0.0103,0.0333,0.0332,0.6343
02-JAN-2026,512634,144.80,148.40,-0.0246,0.0237,0.0237,0.4528
02-JAN-2026,513005,47.00,44.97,0.0442,0.0357,0.0358,0.6840
02-JAN-2026,513039,3.31,3.31,0.0000,0.0000,0.0000,0.0000
02-JAN-2026,513043,138.85,138.60,0.0018,0.0370,0.0369,0.7050
02-JAN-2026,513059,32.27,32.50,-0.0071,0.0269,0.0269,0.5139
02-JAN-2026,513063,22.23,22.01,0.0099,0.0357,0.0356,0.6801
02-JAN-2026,513117,7.30,7.65,-0.0468,0.0301,0.0302,0.5770
02-JAN-2026,513119,570.50,543.35,0.0488,0.0343,0.0344,0.6572
02-JAN-2026,513149,656.40,625.15,0.0488,0.0307,0.0308,0.5884
02-JAN-2026,513173,24.63,24.83,-0.0081,0.0291,0.0290,0.5540
02-JAN-2026,513252,930.60,972.00,-0.0435,0.0361,0.0361,0.6897
02-JAN-2026,513295,380.55,362.45,0.0487,0.0398,0.0398,0.7604
02-JAN-2026,513303,15.89,15.80,0.0057,0.0302,0.0301,0.5751
02-JAN-2026,513307,1800.00,1760.20,0.0224,0.0596,0.0594,1.1348
02-JAN-2026,513309,7.71,7.44,0.0356,0.0345,0.0345,0.6591
02-JAN-2026,513337,0.74,0.74,0.0000,0.0329,0.0328,0.6266
02-JAN-2026,513353,292.45,296.70,-0.0144,0.0252,0.0251,0.4795
02-JAN-2026,513361,12.02,11.36,0.0565,0.0349,0.0350,0.6687
02-JAN-2026,513369,142.95,146.80,-0.0266,0.0330,0.0330,0.6305
02-JAN-2026,513397,11.39,11.40,-0.0009,0.0269,0.0269,0.5139
02-JAN-2026,513418,5.17,5.14,0.0058,0.0295,0.0294,0.5617
02-JAN-2026,513422,37.00,37.00,0.0000,0.0430,0.0429,0.8196
02-JAN-2026,513430,26.49,27.75,-0.0465,0.0310,0.0311,0.5942
02-JAN-2026,513452,13.98,13.98,0.0000,0.0352,0.0351,0.6706
02-JAN-2026,513456,57.24,58.32,-0.0187,0.0299,0.0298,0.5693
02-JAN-2026,513460,9.17,8.74,0.0480,0.0346,0.0347,0.6629
02-JAN-2026,513472,476.55,469.50,0.0149,0.0306,0.0306,0.5846
02-JAN-2026,513488,23.10,24.01,-0.0386,0.0323,0.0324,0.6190
02-JAN-2026,513496,162.15,159.00,0.0196,0.0413,0.0412,0.7871
02-JAN-2026,513498,90.99,89.99,0.0111,0.0334,0.0333,0.6362
02-JAN-2026,513502,10.79,9.81,0.0952,0.0367,0.0372,0.7107
02-JAN-2026,513507,161.65,161.65,0.0000,0.0254,0.0253,0.4834
02-JAN-2026,513511,320.85,313.20,0.0241,0.0336,0.0336,0.6419
02-JAN-2026,513513,10.05,10.57,-0.0504,0.0421,0.0421,0.8043
02-JAN-2026,513528,12.05,12.28,-0.0189,0.0354,0.0354,0.6763
02-JAN-2026,513532,299.60,286.30,0.0454,0.0317,0.0317,0.6056
02-JAN-2026,513536,90.23,89.74,0.0054,0.0277,0.0276,0.5273
02-JAN-2026,513540,41.36,41.36,0.0000,0.0256,0.0255,0.4872
02-JAN-2026,513548,173.65,180.00,-0.0359,0.0373,0.0373,0.7126
02-JAN-2026,513566,13.88,13.77,0.0080,0.0297,0.0297,0.5674
02-JAN-2026,513575,28.27,28.91,-0.0224,0.0287,0.0287,0.5483
02-JAN-2026,513629,35.31,36.75,-0.0400,0.0342,0.0342,0.6534
02-JAN-2026,513642,54.87,52.40,0.0461,0.0462,0.0462,0.8826
02-JAN-2026,513687,4.40,4.32,0.0183,0.0316,0.0315,0.6018
02-JAN-2026,513693,27.58,28.32,-0.0265,0.0264,0.0264,0.5044
02-JAN-2026,513699,28.71,28.29,0.0147,0.0370,0.0370,0.7069
02-JAN-2026,513709,207.80,210.00,-0.0105,0.0325,0.0324,0.6190
02-JAN-2026,513713,4.00,4.01,-0.0025,0.0279,0.0278,0.5311
02-JAN-2026,513721,15.14,14.69,0.0302,0.0332,0.0332,0.6343
02-JAN-2026,514010,22.05,24.29,-0.0968,0.0299,0.0306,0.5846
02-JAN-2026,514028,47.79,46.50,0.0274,0.0328,0.0327,0.6247
02-JAN-2026,514030,123.10,120.45,0.0218,0.0215,0.0215,0.4108
02-JAN-2026,514060,5.99,5.85,0.0236,0.0288,0.0288,0.5502
02-JAN-2026,514087,48.73,47.15,0.0330,0.0308,0.0308,0.5884
02-JAN-2026,514113,22.20,21.70,0.0228,0.0291,0.0291,0.5560
02-JAN-2026,514128,39.41,39.47,-0.0015,0.0294,0.0293,0.5598
02-JAN-2026,514138,330.10,339.85,-0.0291,0.0262,0.0262,0.5006
02-JAN-2026,514165,6.33,6.22,0.0175,0.0240,0.0239,0.4566
02-JAN-2026,514171,35.85,36.78,-0.0256,0.0405,0.0404,0.7718
02-JAN-2026,514177,53.09,51.10,0.0382,0.0246,0.0246,0.4700
02-JAN-2026,514183,96.06,95.16,0.0094,0.0205,0.0205,0.3917
02-JAN-2026,514197,5.37,5.59,-0.0402,0.0373,0.0373,0.7126
02-JAN-2026,514223,19.68,19.30,0.0195,0.0454,0.0453,0.8655
02-JAN-2026,514236,0.10,0.10,0.0000,0.0000,0.0000,0.0000
02-JAN-2026,514238,1101.60,1063.10,0.0356,0.0286,0.0287,0.5483
02-JAN-2026,514240,7.89,7.30,0.0777,0.0292,0.0296,0.5655
02-JAN-2026,514248,42.16,40.16,0.0486,0.0342,0.0343,0.6553
02-JAN-2026,514260,25.16,25.16,0.0000,0.0149,0.0149,0.2847
02-JAN-2026,514264,17.00,17.99,-0.0566,0.0377,0.0379,0.7241
02-JAN-2026,514266,57.52,58.98,-0.0251,0.0220,0.0220,0.4203
02-JAN-2026,514272,101.80,103.00,-0.0117,0.0268,0.0267,0.5101
02-JAN-2026,514280,143.70,150.00,-0.0429,0.0426,0.0426,0.8139
02-JAN-2026,514302,169.00,175.75,-0.0392,0.0282,0.0282,0.5388
02-JAN-2026,514312,41.30,41.41,-0.0027,0.0348,0.0347,0.6629
02-JAN-2026,514316,104.40,105.70,-0.0124,0.0266,0.0266,0.5082
02-JAN-2026,514318,394.00,394.90,-0.0023,0.0242,0.0242,0.4623
02-JAN-2026,514322,83.97,83.96,0.0001,0.0384,0.0383,0.7317
02-JAN-2026,514324,514.00,505.00,0.0177,0.0346,0.0346,0.6610
02-JAN-2026,514326,8.36,8.44,-0.0095,0.0310,0.0309,0.5903
02-JAN-2026,514330,632.15,646.40,-0.0223,0.0381,0.0381,0.7279
02-JAN-2026,514332,36.31,37.31,-0.0272,0.0365,0.0364,0.6954
02-JAN-2026,514336,80.64,84.88,-0.0512,0.0242,0.0244,0.4662
02-JAN-2026,514358,117.60,108.05,0.0847,0.0438,0.0441,0.8425
02-JAN-2026,514360,39.94,37.00,0.0765,0.0380,0.0383,0.7317
02-JAN-2026,514378,13.44,13.02,0.0317,0.0312,0.0312,0.5961
02-JAN-2026,514386,8.26,8.37,-0.0132,0.0294,0.0293,0.5598
02-JAN-2026,514400,12.30,12.10,0.0164,0.0317,0.0316,0.6037
02-JAN-2026,514402,13.81,14.09,-0.0201,0.0301,0.0301,0.5751
02-JAN-2026,514412,165.60,163.35,0.0137,0.0324,0.0323,0.6171
02-JAN-2026,514414,4.72,4.72,0.0000,0.0206,0.0205,0.3917
02-JAN-2026,514428,327.70,325.90,0.0055,0.0254,0.0253,0.4834
02-JAN-2026,514440,85.04,83.37,0.0198,0.0265,0.0264,0.5044
02-JAN-2026,514442,22.78,22.23,0.0244,0.0352,0.0352,0.6725
02-JAN-2026,514448,1120.35,1115.10,0.0047,0.0164,0.0164,0.3133
02-JAN-2026,514454,38.05,40.01,-0.0502,0.0290,0.0292,0.5579
02-JAN-2026,514470,77.48,77.76,-0.0036,0.0256,0.0255,0.4872
02-JAN-2026,515008,214.90,220.90,-0.0275,0.0327,0.0327,0.6247
02-JAN-2026,515043,107.20,106.50,0.0066,0.0177,0.0177,0.3382
02-JAN-2026,515059,34.75,35.10,-0.0100,0.0364,0.0364,0.6954
02-JAN-2026,515085,6.73,6.87,-0.0206,0.0366,0.0365,0.6973
02-JAN-2026,515147,94.63,96.60,-0.0206,0.0323,0.0322,0.6152
02-JAN-2026,516003,181.65,172.15,0.0537,0.0280,0.0282,0.5388
02-JAN-2026,516020,5.29,5.32,-0.0057,0.0295,0.0294,0.5617
02-JAN-2026,516032,10.17,10.01,0.0159,0.0306,0.0306,0.5846
02-JAN-2026,516038,190.65,181.60,0.0486,0.0266,0.0267,0.5101
02-JAN-2026,516062,2.81,2.76,0.0180,0.0293,0.0292,0.5579
02-JAN-2026,516078,71.15,68.99,0.0308,0.0359,0.0359,0.6859
02-JAN-2026,516096,189.65,189.90,-0.0013,0.0416,0.0415,0.7929
02-JAN-2026,516098,9.65,9.35,0.0316,0.0329,0.0329,0.6286
02-JAN-2026,516106,7.41,7.07,0.0470,0.0313,0.0314,0.5999
02-JAN-2026,516108,90.51,90.10,0.0045,0.0264,0.0263,0.5025
02-JAN-2026,516110,3.72,3.84,-0.0317,0.0278,0.0278,0.5311
02-JAN-2026,517035,209.60,208.00,0.0077,0.0360,0.0359,0.6859
02-JAN-2026,517044,31.00,31.00,0.0000,0.0304,0.0303,0.5789
02-JAN-2026,517063,147.85,144.85,0.0205,0.0338,0.0337,0.6438
02-JAN-2026,517077,72.96,72.96,0.0000,0.0306,0.0305,0.5827
02-JAN-2026,517096,77.82,77.96,-0.0018,0.0427,0.0426,0.8139
02-JAN-2026,517119,22.99,22.22,0.0341,0.0297,0.0297,0.5674
02-JAN-2026,517166,139.50,136.80,0.0195,0.0353,0.0353,0.6744
02-JAN-2026,517170,32.10,32.16,-0.0019,0.0324,0.0323,0.6171
02-JAN-2026,517172,12.00,12.00,0.0000,0.0090,0.0090,0.1719
02-JAN-2026,517201,62.05,64.50,-0.0387,0.0394,0.0394,0.7527
02-JAN-2026,517236,121.50,118.10,0.0284,0.0328,0.0328,0.6266
02-JAN-2026,517238,215.75,212.00,0.0175,0.0368,0.0367,0.7012
02-JAN-2026,517246,175.95,171.50,0.0256,0.0331,0.0331,0.6324
02-JAN-2026,517258,212.45,209.75,0.0128,0.0351,0.0350,0.6687
02-JAN-2026,517264,96.49,94.53,0.0205,0.0309,0.0309,0.5903
02-JAN-2026,517286,52.87,49.47,0.0665,0.0190,0.0195,0.3725
02-JAN-2026,517288,58.85,60.07,-0.0205,0.0310,0.0309,0.5903
02-JAN-2026,517320,37.06,36.34,0.0196,0.0401,0.0400,0.7642
02-JAN-2026,517336,6.20,6.20,0.0000,0.0159,0.0158,0.3019
02-JAN-2026,517356,1.26,1.26,0.0000,0.0292,0.0291,0.5560
02-JAN-2026,517360,19.17,18.58,0.0313,0.0373,0.0372,0.7107
02-JAN-2026,517370,77.61,80.76,-0.0398,0.0386,0.0386,0.7375
02-JAN-2026,517372,430.55,440.10,-0.0219,0.0264,0.0264,0.5044
02-JAN-2026,517393,13.56,13.12,0.0330,0.0361,0.0361,0.6897
02-JAN-2026,517397,43.58,41.51,0.0487,0.0338,0.0339,0.6477
02-JAN-2026,517399,3.02,3.17,-0.0485,0.0344,0.0345,0.6591
02-JAN-2026,517415,8.68,8.81,-0.0149,0.0306,0.0306,0.5846
02-JAN-2026,517417,249.30,251.45,-0.0086,0.0313,0.0312,0.5961
02-JAN-2026,517429,86.01,87.80,-0.0206,0.0301,0.0301,0.5751
02-JAN-2026,517431,28.56,28.57,-0.0004,0.0568,0.0566,1.0813
02-JAN-2026,517437,108.85,109.10,-0.0023,0.0313,0.0313,0.5980
02-JAN-2026,517449,866.65,873.45,-0.0078,0.0283,0.0283,0.5407
02-JAN-2026,517467,150.70,151.15,-0.0030,0.0280,0.0280,0.5349
02-JAN-2026,517477,348.40,348.05,0.0010,0.0219,0.0218,0.4165
02-JAN-2026,517494,15.60,15.20,0.0260,0.0263,0.0263,0.5025
02-JAN-2026,517514,164.65,165.75,-0.0067,0.0341,0.0340,0.6496
02-JAN-2026,517546,39.70,39.05,0.0165,0.0324,0.0324,0.6190
02-JAN-2026,517554,0.87,0.89,-0.0227,0.0294,0.0294,0.5617
02-JAN-2026,518011,69.97,68.00,0.0286,0.0409,0.0408,0.7795
02-JAN-2026,518053,66.57,63.40,0.0488,0.0255,0.0256,0.4891
02-JAN-2026,518075,217.85,216.55,0.0060,0.0291,0.0290,0.5540
02-JAN-2026,519014,20.59,21.67,-0.0511,0.0312,0.0313,0.5980
02-JAN-2026,519064,129.70,132.30,-0.0198,0.0501,0.0500,0.9552
02-JAN-2026,519097,70.06,66.74,0.0485,0.0345,0.0346,0.6610
02-JAN-2026,519152,9994.00,9982.00,0.0012,0.0255,0.0254,0.4853
02-JAN-2026,519174,10.34,10.87,-0.0500,0.0346,0.0347,0.6629
02-JAN-2026,519191,1.70,1.69,0.0059,0.0398,0.0397,0.7585
02-JAN-2026,519214,10.87,11.44,-0.0511,0.0308,0.0310,0.5923
02-JAN-2026,519216,28.64,28.60,0.0014,0.0288,0.0287,0.5483
02-JAN-2026,519230,22.96,20.83,0.0974,0.0304,0.0311,0.5942
02-JAN-2026,519234,42.06,44.25,-0.0508,0.0409,0.0410,0.7833
02-JAN-2026,519238,38.32,37.77,0.0145,0.0278,0.0278,0.5311
02-JAN-2026,519262,19.15,19.25,-0.0052,0.0395,0.0394,0.7527
02-JAN-2026,519285,8.05,8.40,-0.0426,0.0328,0.0329,0.6286
02-JAN-2026,519287,36.93,37.03,-0.0027,0.0323,0.0322,0.6152
02-JAN-2026,519295,239.45,240.00,-0.0023,0.0255,0.0254,0.4853
02-JAN-2026,519299,51.03,50.27,0.0150,0.0360,0.0359,0.6859
02-JAN-2026,519307,1.21,1.20,0.0083,0.0460,0.0459,0.8769
02-JAN-2026,519331,45.97,46.99,-0.0219,0.0339,0.0338,0.6457
02-JAN-2026,519353,15.86,15.86,0.0000,0.0174,0.0174,0.3324
02-JAN-2026,519359,67.45,67.50,-0.0007,0.0316,0.0316,0.6037
02-JAN-2026,519367,417.95,407.90,0.0243,0.0324,0.0324,0.6190
02-JAN-2026,519397,143.65,142.60,0.0073,0.0248,0.0247,0.4719
02-JAN-2026,519413,21.58,21.58,0.0000,0.0094,0.0093,0.1777
02-JAN-2026,519415,48.00,48.00,0.0000,0.0119,0.0119,0.2273
02-JAN-2026,519421,230.10,221.95,0.0361,0.0222,0.0223,0.4260
02-JAN-2026,519455,63.33,63.99,-0.0104,0.0327,0.0326,0.6228
02-JAN-2026,519457,37.91,38.21,-0.0079,0.0318,0.0317,0.6056
02-JAN-2026,519463,299.00,288.00,0.0375,0.0398,0.0398,0.7604
02-JAN-2026,519471,239.75,239.00,0.0031,0.0358,0.0358,0.6840
02-JAN-2026,519475,76.95,76.95,0.0000,0.0295,0.0295,0.5636
02-JAN-2026,519477,1362.25,1366.65,-0.0032,0.0385,0.0384,0.7336
02-JAN-2026,519479,9.57,9.95,-0.0389,0.0339,0.0339,0.6477
02-JAN-2026,519483,27.75,27.94,-0.0068,0.0349,0.0348,0.6649
02-JAN-2026,519500,9.75,9.43,0.0334,0.0322,0.0322,0.6152
02-JAN-2026,519506,29.19,27.80,0.0488,0.0301,0.0302,0.5770
02-JAN-2026,519532,10.00,10.01,-0.0010,0.0251,0.0250,0.4776
02-JAN-2026,519566,180.00,180.60,-0.0033,0.0272,0.0271,0.5177
02-JAN-2026,519574,54.29,51.68,0.0493,0.0352,0.0353,0.6744
02-JAN-2026,519604,30.03,30.21,-0.0060,0.0462,0.0461,0.8807
02-JAN-2026,519606,36.12,34.40,0.0488,0.0284,0.0285,0.5445
02-JAN-2026,519612,89.90,92.00,-0.0231,0.0370,0.0369,0.7050
02-JAN-2026,520075,136.95,133.45,0.0259,0.0214,0.0214,0.4088
02-JAN-2026,520081,22.00,22.00,0.0000,0.0224,0.0223,0.4260
02-JAN-2026,520121,8.26,7.87,0.0484,0.0372,0.0373,0.7126
02-JAN-2026,520123,74.71,75.77,-0.0141,0.0288,0.0288,0.5502
02-JAN-2026,520127,14.88,15.13,-0.0167,0.0351,0.0350,0.6687
02-JAN-2026,520131,30.70,30.70,0.0000,0.0241,0.0240,0.4585
02-JAN-2026,520141,8.35,8.50,-0.0178,0.0338,0.0337,0.6438
02-JAN-2026,520155,38.19,37.45,0.0196,0.0365,0.0364,0.6954
02-JAN-2026,521003,20.83,20.83,0.0000,0.0128,0.0128,0.2445
02-JAN-2026,521005,1.32,1.26,0.0465,0.0513,0.0513,0.9801
02-JAN-2026,521048,24.15,23.19,0.0406,0.0370,0.0370,0.7069
02-JAN-2026,521054,15.26,15.75,-0.0316,0.0367,0.0366,0.6992
02-JAN-2026,521062,4.89,4.94,-0.0102,0.0357,0.0356,0.6801
02-JAN-2026,521068,42.80,42.80,0.0000,0.0250,0.0249,0.4757
02-JAN-2026,521080,7.79,7.81,-0.0026,0.0356,0.0355,0.6782
02-JAN-2026,521097,143.05,144.55,-0.0104,0.0227,0.0226,0.4318
02-JAN-2026,521105,34.55,33.50,0.0309,0.0318,0.0318,0.6075
02-JAN-2026,521113,79.69,77.69,0.0254,0.0337,0.0337,0.6438
02-JAN-2026,521131,25.18,25.40,-0.0087,0.0302,0.0302,0.5770
02-JAN-2026,521133,4.65,4.65,0.0000,0.0224,0.0223,0.4260
02-JAN-2026,521137,8.88,9.10,-0.0245,0.0335,0.0335,0.6400
02-JAN-2026,521141,19.00,18.33,0.0359,0.0263,0.0264,0.5044
02-JAN-2026,521149,9.49,9.04,0.0486,0.0389,0.0389,0.7432
02-JAN-2026,521151,57.75,57.75,0.0000,0.0312,0.0311,0.5942
02-JAN-2026,521161,32.97,32.97,0.0000,0.0431,0.0429,0.8196
02-JAN-2026,521178,42.78,43.79,-0.0233,0.0324,0.0324,0.6190
02-JAN-2026,521206,1.90,1.90,0.0000,0.0317,0.0316,0.6037
02-JAN-2026,521210,11.68,11.15,0.0464,0.0309,0.0310,0.5923
02-JAN-2026,521216,89.80,90.17,-0.0041,0.0314,0.0313,0.5980
02-JAN-2026,521222,43.57,43.57,0.0000,0.0314,0.0314,0.5999
02-JAN-2026,521226,18.50,19.01,-0.0272,0.0373,0.0373,0.7126
02-JAN-2026,521228,2.75,2.75,0.0000,0.0232,0.0232,0.4432
02-JAN-2026,521232,83.15,87.43,-0.0502,0.0294,0.0296,0.5655
02-JAN-2026,521234,31.34,32.91,-0.0489,0.0412,0.0412,0.7871
02-JAN-2026,521238,142.35,144.90,-0.0178,0.0411,0.0410,0.7833
02-JAN-2026,521240,105.50,106.60,-0.0104,0.0322,0.0321,0.6133
02-JAN-2026,521244,125.00,125.00,0.0000,0.0292,0.0292,0.5579
02-JAN-2026,522001,67.08,65.53,0.0234,0.0341,0.0340,0.6496
02-JAN-2026,522004,102.90,101.50,0.0137,0.0360,0.0360,0.6878
02-JAN-2026,522005,137.95,137.65,0.0022,0.0270,0.0269,0.5139
02-JAN-2026,522017,686.85,678.75,0.0119,0.0294,0.0293,0.5598
02-JAN-2026,522036,79.80,76.00,0.0488,0.0238,0.0240,0.4585
02-JAN-2026,522091,182.80,162.10,0.1202,0.0341,0.0350,0.6687
02-JAN-2026,522101,582.60,573.85,0.0151,0.0205,0.0205,0.3917
02-JAN-2026,522105,44.57,43.85,0.0163,0.0279,0.0278,0.5311
02-JAN-2026,522122,1690.80,1710.50,-0.0116,0.0216,0.0216,0.4127
02-JAN-2026,522134,140.05,147.40,-0.0512,0.0295,0.0297,0.5674
02-JAN-2026,522152,112.20,111.00,0.0108,0.0342,0.0341,0.6515
02-JAN-2026,522165,45.95,44.03,0.0427,0.0297,0.0298,0.5693
02-JAN-2026,522183,297.25,304.10,-0.0228,0.0240,0.0240,0.4585
02-JAN-2026,522195,4364.90,4257.75,0.0249,0.0347,0.0346,0.6610
02-JAN-2026,522207,65.09,66.69,-0.0243,0.0338,0.0337,0.6438
02-JAN-2026,522209,7.78,7.72,0.0077,0.0437,0.0436,0.8330
02-JAN-2026,522229,300.30,304.25,-0.0131,0.0292,0.0292,0.5579
02-JAN-2026,522231,98.80,101.00,-0.0220,0.0379,0.0378,0.7222
02-JAN-2026,522235,3.07,3.10,-0.0097,0.0308,0.0307,0.5865
02-JAN-2026,522237,27.80,25.75,0.0766,0.0431,0.0433,0.8272
02-JAN-2026,522245,12.51,12.92,-0.0322,0.0351,0.0351,0.6706
02-JAN-2026,522251,230.45,226.90,0.0155,0.0326,0.0326,0.6228
02-JAN-2026,522267,49.92,52.00,-0.0408,0.0382,0.0382,0.7298
02-JAN-2026,522273,188.75,176.70,0.0660,0.0309,0.0312,0.5961
02-JAN-2026,522289,51.60,53.62,-0.0384,0.0333,0.0333,0.6362
02-JAN-2026,522292,147.90,154.20,-0.0417,0.0284,0.0285,0.5445
02-JAN-2026,522294,189.60,189.10,0.0026,0.0287,0.0286,0.5464
02-JAN-2026,522650,97.78,98.42,-0.0065,0.0381,0.0380,0.7260
02-JAN-2026,523007,118.00,118.00,0.0000,0.0321,0.0320,0.6114
02-JAN-2026,523019,17.12,17.03,0.0053,0.0312,0.0311,0.5942
02-JAN-2026,523021,47.47,46.00,0.0315,0.0376,0.0375,0.7164
02-JAN-2026,523054,2555.50,2690.00,-0.0513,0.0229,0.0231,0.4413
02-JAN-2026,523062,41.49,40.17,0.0323,0.0376,0.0376,0.7183
02-JAN-2026,523100,158.15,160.00,-0.0116,0.0343,0.0342,0.6534
02-JAN-2026,523105,19.33,19.54,-0.0108,0.0372,0.0371,0.7088
02-JAN-2026,523113,36.10,36.10,0.0000,0.0234,0.0234,0.4471
02-JAN-2026,523116,740.00,748.90,-0.0120,0.0284,0.0283,0.5407
02-JAN-2026,523120,120.30,126.50,-0.0503,0.0371,0.0372,0.7107
02-JAN-2026,523144,32.62,32.00,0.0192,0.0258,0.0258,0.4929
02-JAN-2026,523151,7.21,6.78,0.0615,0.0437,0.0439,0.8387
02-JAN-2026,523160,1545.05,1545.00,0.0000,0.0213,0.0212,0.4050
02-JAN-2026,523186,217.50,215.20,0.0106,0.0313,0.0312,0.5961
02-JAN-2026,523222,16.37,16.05,0.0197,0.0302,0.0302,0.5770
02-JAN-2026,523232,108.60,107.00,0.0148,0.0261,0.0260,0.4967
02-JAN-2026,523242,9.25,9.73,-0.0506,0.0347,0.0348,0.6649
02-JAN-2026,523248,306.55,310.15,-0.0117,0.0345,0.0344,0.6572
02-JAN-2026,523277,0.51,0.50,0.0198,0.0381,0.0381,0.7279
02-JAN-2026,523289,133.35,123.15,0.0796,0.0333,0.0337,0.6438
02-JAN-2026,523309,68.00,68.21,-0.0031,0.0316,0.0315,0.6018
02-JAN-2026,523315,2.24,2.24,0.0000,0.0025,0.0025,0.0478
02-JAN-2026,523323,5731.20,5718.20,0.0023,0.0200,0.0199,0.3802
02-JAN-2026,523343,10.00,10.00,0.0000,0.0000,0.0000,0.0000
02-JAN-2026,523373,24.10,24.09,0.0004,0.0314,0.0313,0.5980
02-JAN-2026,523387,1.90,1.87,0.0159,0.0189,0.0189,0.3611
02-JAN-2026,523411,1520.30,1406.00,0.0782,0.0365,0.0368,0.7031
02-JAN-2026,523449,40.01,40.65,-0.0159,0.0368,0.0367,0.7012
02-JAN-2026,523465,40.41,39.50,0.0228,0.0283,0.0282,0.5388
02-JAN-2026,523467,1.72,1.70,0.0117,0.0305,0.0305,0.5827
02-JAN-2026,523475,793.25,796.90,-0.0046,0.0311,0.0311,0.5942
02-JAN-2026,523483,152.00,150.85,0.0076,0.0291,0.0291,0.5560
02-JAN-2026,523489,47.77,45.98,0.0382,0.0344,0.0344,0.6572
02-JAN-2026,523519,7.03,7.04,-0.0014,0.0336,0.0335,0.6400
02-JAN-2026,523537,41.30,43.00,-0.0403,0.0238,0.0239,0.4566
02-JAN-2026,523550,42.69,43.00,-0.0072,0.0302,0.0301,0.5751
02-JAN-2026,523558,19.91,20.23,-0.0159,0.0287,0.0286,0.5464
02-JAN-2026,523566,49.69,48.10,0.0325,0.0372,0.0372,0.7107
02-JAN-2026,523586,251.55,250.55,0.0040,0.0184,0.0184,0.3515
02-JAN-2026,523594,24.13,23.00,0.0480,0.0408,0.0409,0.7814
02-JAN-2026,523606,926.35,918.25,0.0088,0.0359,0.0358,0.6840
02-JAN-2026,523620,117.20,114.95,0.0194,0.0368,0.0367,0.7012
02-JAN-2026,523638,112.80,112.95,-0.0013,0.0309,0.0309,0.5903
02-JAN-2026,523650,38.60,36.02,0.0692,0.0424,0.0426,0.8139
02-JAN-2026,523652,25.42,26.74,-0.0506,0.0304,0.0306,0.5846
02-JAN-2026,523660,46.72,46.34,0.0082,0.0242,0.0241,0.4604
02-JAN-2026,523672,45.95,45.00,0.0209,0.0299,0.0299,0.5712
02-JAN-2026,523676,200.25,195.60,0.0235,0.0284,0.0283,0.5407
02-JAN-2026,523696,60.08,59.44,0.0107,0.0252,0.0251,0.4795
02-JAN-2026,523710,282.35,289.95,-0.0266,0.0296,0.0296,0.5655
02-JAN-2026,523722,6.18,6.03,0.0246,0.0303,0.0303,0.5789
02-JAN-2026,523732,45.60,48.00,-0.0513,0.0389,0.0389,0.7432
02-JAN-2026,523752,6.97,6.99,-0.0029,0.0349,0.0348,0.6649
02-JAN-2026,523782,14.08,14.06,0.0014,0.0360,0.0359,0.6859
02-JAN-2026,523790,8.06,8.06,0.0000,0.0260,0.0259,0.4948
02-JAN-2026,523826,29.73,24.78,0.1821,0.0329,0.0353,0.6744
02-JAN-2026,523832,13.48,14.37,-0.0639,0.0472,0.0473,0.9037
02-JAN-2026,523840,18.90,18.50,0.0214,0.0313,0.0313,0.5980
02-JAN-2026,523842,6.95,6.83,0.0174,0.0276,0.0275,0.5254
02-JAN-2026,523844,60.99,60.99,0.0000,0.0299,0.0299,0.5712
02-JAN-2026,523850,449.80,444.10,0.0128,0.0243,0.0243,0.4643
02-JAN-2026,523862,38.93,38.59,0.0088,0.0394,0.0393,0.7508
02-JAN-2026,523874,101.53,96.70,0.0487,0.0382,0.0383,0.7317
02-JAN-2026,523888,59.12,60.32,-0.0201,0.0272,0.0272,0.5197
02-JAN-2026,523896,24.88,25.57,-0.0274,0.0447,0.0446,0.8521
02-JAN-2026,524013,17.10,17.19,-0.0052,0.0287,0.0286,0.5464
02-JAN-2026,524031,8.02,8.02,0.0000,0.0279,0.0278,0.5311
02-JAN-2026,524038,5.84,6.11,-0.0452,0.0411,0.0411,0.7852
02-JAN-2026,524055,60.94,58.54,0.0402,0.0225,0.0226,0.4318
02-JAN-2026,524080,63.52,64.28,-0.0119,0.0318,0.0318,0.6075
02-JAN-2026,524136,366.65,369.25,-0.0071,0.0308,0.0307,0.5865
02-JAN-2026,524156,62.97,63.92,-0.0150,0.0369,0.0368,0.7031
02-JAN-2026,524174,24.70,24.07,0.0258,0.0309,0.0308,0.5884
02-JAN-2026,524202,105.55,104.25,0.0124,0.0293,0.0293,0.5598
02-JAN-2026,524204,119.95,117.05,0.0245,0.0337,0.0336,0.6419
02-JAN-2026,524210,40.44,42.98,-0.0609,0.0408,0.0409,0.7814
02-JAN-2026,524218,102.70,101.10,0.0157,0.0264,0.0263,0.5025
02-JAN-2026,524238,36.57,35.97,0.0165,0.0296,0.0295,0.5636
02-JAN-2026,524288,55.64,54.91,0.0132,0.0264,0.0263,0.5025
02-JAN-2026,524314,47.61,48.20,-0.0123,0.0403,0.0402,0.7680
02-JAN-2026,524322,30.82,31.90,-0.0344,0.0272,0.0272,0.5197
02-JAN-2026,524336,125.70,131.30,-0.0436,0.0344,0.0345,0.6591
02-JAN-2026,524400,78.22,80.49,-0.0286,0.0311,0.0311,0.5942
02-JAN-2026,524408,142.75,139.00,0.0266,0.0333,0.0332,0.6343
02-JAN-2026,524414,16.23,15.90,0.0205,0.0345,0.0345,0.6591
02-JAN-2026,524434,9.98,9.99,-0.0010,0.0292,0.0291,0.5560
02-JAN-2026,524440,35.50,35.11,0.0110,0.0307,0.0306,0.5846
02-JAN-2026,524444,1.66,1.64,0.0121,0.0257,0.0257,0.4910
02-JAN-2026,524458,12.05,12.35,-0.0246,0.0384,0.0384,0.7336
02-JAN-2026,524480,450.15,421.00,0.0669,0.0243,0.0247,0.4719
02-JAN-2026,524488,3.17,3.21,-0.0125,0.0293,0.0293,0.5598
02-JAN-2026,524502,77.18,73.51,0.0487,0.0294,0.0295,0.5636
02-JAN-2026,524506,456.35,441.70,0.0326,0.0277,0.0277,0.5292
02-JAN-2026,524514,41.06,41.06,0.0000,0.0189,0.0188,0.3592
02-JAN-2026,524516,38.35,37.42,0.0245,0.0296,0.0296,0.5655
02-JAN-2026,524520,85.48,80.13,0.0646,0.0205,0.0210,0.4012
02-JAN-2026,524522,30.24,32.00,-0.0566,0.0362,0.0363,0.6935
02-JAN-2026,524534,122.20,127.50,-0.0425,0.0377,0.0377,0.7203
02-JAN-2026,524548,127.20,132.95,-0.0442,0.0429,0.0429,0.8196
02-JAN-2026,524564,15.93,16.76,-0.0508,0.0281,0.0282,0.5388
02-JAN-2026,524572,46.08,47.71,-0.0348,0.0306,0.0306,0.5846
02-JAN-2026,524576,17.33,17.00,0.0192,0.0288,0.0288,0.5502
02-JAN-2026,524580,18.43,19.30,-0.0461,0.0387,0.0387,0.7394
02-JAN-2026,524582,168.90,169.00,-0.0006,0.0272,0.0271,0.5177
02-JAN-2026,524590,17.17,16.84,0.0194,0.0473,0.0472,0.9018
02-JAN-2026,524592,14.91,14.54,0.0251,0.0319,0.0319,0.6094
02-JAN-2026,524594,161.30,163.40,-0.0129,0.0339,0.0339,0.6477
02-JAN-2026,524602,30.78,30.18,0.0197,0.0441,0.0440,0.8406
02-JAN-2026,524604,9.21,9.21,0.0000,0.0255,0.0254,0.4853
02-JAN-2026,524606,23.25,23.88,-0.0267,0.0372,0.0371,0.7088
02-JAN-2026,524614,7.13,7.27,-0.0194,0.0300,0.0300,0.5731
02-JAN-2026,524622,56.74,54.04,0.0488,0.0363,0.0364,0.6954
02-JAN-2026,524624,22.31,22.01,0.0135,0.0403,0.0403,0.7699
02-JAN-2026,524628,21.29,21.30,-0.0005,0.0427,0.0426,0.8139
02-JAN-2026,524632,56.99,56.29,0.0124,0.0315,0.0315,0.6018
02-JAN-2026,524634,435.30,438.90,-0.0082,0.0262,0.0262,0.5006
02-JAN-2026,524636,53.55,53.63,-0.0015,0.0309,0.0308,0.5884
02-JAN-2026,524640,44.71,42.70,0.0460,0.0285,0.0286,0.5464
02-JAN-2026,524642,1.06,1.01,0.0483,0.0362,0.0363,0.6935
02-JAN-2026,524661,0.44,0.42,0.0465,0.0378,0.0378,0.7222
02-JAN-2026,524663,20.31,20.09,0.0109,0.0296,0.0295,0.5636
02-JAN-2026,524675,15.15,15.68,-0.0344,0.0358,0.0358,0.6840
02-JAN-2026,524687,11.45,11.35,0.0088,0.0246,0.0246,0.4700
02-JAN-2026,524703,38.66,37.89,0.0201,0.0215,0.0215,0.4108
02-JAN-2026,524711,8.13,8.16,-0.0037,0.0336,0.0335,0.6400
02-JAN-2026,524717,1081.45,1062.75,0.0174,0.0367,0.0366,0.6992
02-JAN-2026,524731,1134.55,1100.85,0.0302,0.0251,0.0251,0.4795
02-JAN-2026,524748,32.26,31.99,0.0084,0.0322,0.0321,0.6133
02-JAN-2026,524752,9.70,9.90,-0.0204,0.0282,0.0282,0.5388
02-JAN-2026,524768,29.98,29.50,0.0161,0.0411,0.0410,0.7833
02-JAN-2026,524790,522.50,500.00,0.0440,0.0322,0.0323,0.6171
02-JAN-2026,524808,27.78,28.55,-0.0273,0.0382,0.0381,0.7279
02-JAN-2026,524818,121.30,117.10,0.0352,0.0318,0.0318,0.6075
02-JAN-2026,524828,414.10,421.00,-0.0165,0.0314,0.0313,0.5980
02-JAN-2026,526001,9.35,8.95,0.0437,0.0363,0.0364,0.6954
02-JAN-2026,526025,13.81,13.66,0.0109,0.0354,0.0354,0.6763
02-JAN-2026,526043,52.06,52.33,-0.0052,0.0307,0.0306,0.5846
02-JAN-2026,526071,405.90,386.60,0.0487,0.0960,0.0958,1.8303
02-JAN-2026,526073,483.00,482.05,0.0020,0.0280,0.0280,0.5349
02-JAN-2026,526081,40.91,38.97,0.0486,0.0419,0.0419,0.8005
02-JAN-2026,526095,40.24,41.25,-0.0248,0.0412,0.0411,0.7852
02-JAN-2026,526113,16.87,16.53,0.0204,0.0372,0.0372,0.7107
02-JAN-2026,526115,12.13,11.56,0.0481,0.0349,0.0350,0.6687
02-JAN-2026,526117,420.00,429.80,-0.0231,0.0346,0.0346,0.6610
02-JAN-2026,526125,379.05,369.70,0.0250,0.0331,0.0331,0.6324
02-JAN-2026,526133,6.83,6.96,-0.0189,0.0332,0.0331,0.6324
02-JAN-2026,526137,124.50,126.90,-0.0191,0.0345,0.0344,0.6572
02-JAN-2026,526139,2.84,2.96,-0.0414,0.0328,0.0329,0.6286
02-JAN-2026,526143,8.26,8.53,-0.0322,0.0271,0.0271,0.5177
02-JAN-2026,526159,78.83,78.94,-0.0014,0.0283,0.0282,0.5388
02-JAN-2026,526161,85.90,88.00,-0.0242,0.0472,0.0471,0.8998
02-JAN-2026,526169,229.15,213.90,0.0689,0.0264,0.0268,0.5120
02-JAN-2026,526173,23.45,23.16,0.0124,0.0249,0.0249,0.4757
02-JAN-2026,526179,254.00,255.15,-0.0045,0.0298,0.0298,0.5693
02-JAN-2026,526187,5.06,5.28,-0.0426,0.0450,0.0450,0.8597
02-JAN-2026,526193,22.25,20.18,0.0976,0.0299,0.0306,0.5846
02-JAN-2026,526211,44.19,40.81,0.0796,0.0318,0.0322,0.6152
02-JAN-2026,526225,10.75,10.75,0.0000,0.0298,0.0297,0.5674
02-JAN-2026,526231,49.99,50.38,-0.0078,0.0339,0.0339,0.6477
02-JAN-2026,526237,77.99,75.44,0.0332,0.0365,0.0364,0.6954
02-JAN-2026,526241,14.45,14.24,0.0146,0.0275,0.0275,0.5254
02-JAN-2026,526251,17.26,17.16,0.0058,0.0380,0.0379,0.7241
02-JAN-2026,526269,114.00,112.55,0.0128,0.0314,0.0313,0.5980
02-JAN-2026,526315,55.13,55.10,0.0005,0.0202,0.0202,0.3859
02-JAN-2026,526335,9.19,9.23,-0.0043,0.0435,0.0434,0.8292
02-JAN-2026,526345,17.45,17.44,0.0006,0.0263,0.0262,0.5006
02-JAN-2026,526355,66.70,66.50,0.0030,0.0311,0.0310,0.5923
02-JAN-2026,526365,31.51,31.49,0.0006,0.0341,0.0340,0.6496
02-JAN-2026,526373,60.40,60.06,0.0056,0.0331,0.0330,0.6305
02-JAN-2026,526407,14.54,14.18,0.0251,0.0295,0.0294,0.5617
02-JAN-2026,526409,9.00,9.00,0.0000,0.0303,0.0302,0.5770
02-JAN-2026,526415,7.86,7.57,0.0376,0.0358,0.0358,0.6840
02-JAN-2026,526431,23.49,23.49,0.0000,0.0267,0.0266,0.5082
02-JAN-2026,526433,3185.45,3205.50,-0.0063,0.0354,0.0353,0.6744
02-JAN-2026,526435,88.90,85.00,0.0449,0.0358,0.0358,0.6840
02-JAN-2026,526439,9.84,9.65,0.0195,0.0326,0.0326,0.6228
02-JAN-2026,526441,1.80,1.80,0.0000,0.0475,0.0474,0.9056
02-JAN-2026,526443,132.80,132.30,0.0038,0.0319,0.0318,0.6075
02-JAN-2026,526445,11.36,11.29,0.0062,0.0311,0.0310,0.5923
02-JAN-2026,526468,19.75,19.99,-0.0121,0.0386,0.0385,0.7355
02-JAN-2026,526471,26.77,26.82,-0.0019,0.0247,0.0246,0.4700
02-JAN-2026,526473,4.75,4.60,0.0321,0.0308,0.0308,0.5884
02-JAN-2026,526479,90.25,87.72,0.0284,0.0297,0.0297,0.5674
02-JAN-2026,526481,39.70,38.58,0.0286,0.0324,0.0323,0.6171
02-JAN-2026,526488,275.00,275.00,0.0000,0.0227,0.0226,0.4318
02-JAN-2026,526490,7.18,6.92,0.0369,0.0291,0.0292,0.5579
02-JAN-2026,526492,103.25,101.50,0.0171,0.0248,0.0248,0.4738
02-JAN-2026,526494,9.70,9.70,0.0000,0.0451,0.0450,0.8597
02-JAN-2026,526500,29.71,27.42,0.0802,0.0407,0.0410,0.7833
02-JAN-2026,526508,17.49,17.11,0.0220,0.0350,0.0349,0.6668
02-JAN-2026,526519,105.45,107.15,-0.0160,0.0283,0.0283,0.5407
02-JAN-2026,526525,23.00,22.33,0.0296,0.0386,0.0386,0.7375
02-JAN-2026,526530,89.62,90.24,-0.0069,0.0276,0.0275,0.5254
02-JAN-2026,526532,8.94,9.00,-0.0067,0.0413,0.0412,0.7871
02-JAN-2026,526544,3.08,3.09,-0.0032,0.0354,0.0353,0.6744
02-JAN-2026,526546,128.95,126.00,0.0231,0.0360,0.0359,0.6859
02-JAN-2026,526554,26.00,26.00,0.0000,0.0247,0.0246,0.4700
02-JAN-2026,526570,4548.80,4691.75,-0.0309,0.0266,0.0266,0.5082
02-JAN-2026,526574,24.28,25.55,-0.0510,0.0379,0.0380,0.7260
02-JAN-2026,526586,430.75,429.50,0.0029,0.0188,0.0187,0.3573
02-JAN-2026,526588,12.54,11.85,0.0566,0.0398,0.0399,0.7623
02-JAN-2026,526604,27.17,27.72,-0.0200,0.0419,0.0418,0.7986
02-JAN-2026,526614,70.07,65.05,0.0743,0.0337,0.0340,0.6496
02-JAN-2026,526616,54.03,55.32,-0.0236,0.0225,0.0226,0.4318
02-JAN-2026,526622,0.50,0.49,0.0202,0.0278,0.0278,0.5311
02-JAN-2026,526628,55.00,54.50,0.0091,0.0274,0.0274,0.5235
02-JAN-2026,526638,83.76,83.08,0.0082,0.0319,0.0318,0.6075
02-JAN-2026,526640,37.95,37.95,0.0000,0.0337,0.0336,0.6419
02-JAN-2026,526654,139.85,139.85,0.0000,0.0354,0.0353,0.6744
02-JAN-2026,526675,16.64,17.26,-0.0366,0.0259,0.0259,0.4948
02-JAN-2026,526687,9.61,10.08,-0.0477,0.0320,0.0321,0.6133
02-JAN-2026,526703,492.00,505.00,-0.0261,0.0309,0.0309,0.5903
02-JAN-2026,526705,205.00,205.05,-0.0002,0.0241,0.0241,0.4604
02-JAN-2026,526709,9.80,9.70,0.0103,0.0342,0.0341,0.6515
02-JAN-2026,526711,34.36,32.73,0.0486,0.0383,0.0383,0.7317
02-JAN-2026,526717,170.35,176.40,-0.0349,0.0362,0.0362,0.6916
02-JAN-2026,526721,82.46,83.71,-0.0150,0.0183,0.0183,0.3496
02-JAN-2026,526723,163.65,158.40,0.0326,0.0252,0.0252,0.4814
02-JAN-2026,526727,66.58,69.95,-0.0494,0.0359,0.0360,0.6878
02-JAN-2026,526731,266.00,266.20,-0.0008,0.0329,0.0328,0.6266
02-JAN-2026,526739,364.80,350.70,0.0394,0.0205,0.0207,0.3955
02-JAN-2026,526747,177.35,178.70,-0.0076,0.0264,0.0264,0.5044
02-JAN-2026,526751,17.29,16.47,0.0486,0.0287,0.0288,0.5502
02-JAN-2026,526755,5.85,5.98,-0.0220,0.0370,0.0370,0.7069
02-JAN-2026,526761,26.11,25.90,0.0081,0.0400,0.0399,0.7623
02-JAN-2026,526775,860.25,855.10,0.0060,0.0306,0.0305,0.5827
02-JAN-2026,526783,5455.95,5327.35,0.0239,0.0258,0.0258,0.4929
02-JAN-2026,526795,7.47,7.47,0.0000,0.0281,0.0280,0.5349
02-JAN-2026,526813,11.89,12.65,-0.0620,0.0422,0.0423,0.8081
02-JAN-2026,526821,307.75,298.95,0.0290,0.0275,0.0275,0.5254
02-JAN-2026,526823,4.07,4.07,0.0000,0.0303,0.0302,0.5770
02-JAN-2026,526827,170.75,179.70,-0.0511,0.0325,0.0326,0.6228
02-JAN-2026,526839,14.80,14.10,0.0485,0.0447,0.0447,0.8540
02-JAN-2026,526841,28.65,27.29,0.0486,0.0363,0.0363,0.6935
02-JAN-2026,526847,29.55,27.55,0.0701,0.0264,0.0268,0.5120
02-JAN-2026,526851,133.00,140.00,-0.0513,0.0276,0.0278,0.5311
02-JAN-2026,526853,78.76,78.40,0.0046,0.0334,0.0333,0.6362
02-JAN-2026,526859,1.03,1.00,0.0296,0.0315,0.0315,0.6018
02-JAN-2026,526861,135.90,131.00,0.0367,0.0271,0.0271,0.5177
02-JAN-2026,526865,7.20,6.91,0.0411,0.0379,0.0379,0.7241
02-JAN-2026,526869,22.16,23.32,-0.0510,0.0363,0.0364,0.6954
02-JAN-2026,526871,14.03,14.90,-0.0602,0.0376,0.0377,0.7203
02-JAN-2026,526873,40.01,39.02,0.0251,0.0362,0.0361,0.6897
02-JAN-2026,526877,18.13,18.21,-0.0044,0.0313,0.0313,0.5980
02-JAN-2026,526883,13.58,13.32,0.0193,0.0200,0.0200,0.3821
02-JAN-2026,526891,13.74,14.44,-0.0497,0.0375,0.0376,0.7183
02-JAN-2026,526899,9.72,9.59,0.0135,0.0281,0.0281,0.5368
02-JAN-2026,526901,45.14,45.90,-0.0167,0.0314,0.0314,0.5999
02-JAN-2026,526905,8.59,9.04,-0.0511,0.0313,0.0314,0.5999
02-JAN-2026,526931,109.50,111.00,-0.0136,0.0298,0.0297,0.5674
02-JAN-2026,526935,158.15,157.80,0.0022,0.1475,0.1471,2.8103
02-JAN-2026,526941,5.90,5.90,0.0000,0.0302,0.0301,0.5751
02-JAN-2026,526945,99.11,100.29,-0.0118,0.0322,0.0322,0.6152
02-JAN-2026,526961,9.23,8.95,0.0308,0.0336,0.0335,0.6400
02-JAN-2026,526965,118.70,119.00,-0.0025,0.0311,0.0311,0.5942
02-JAN-2026,526967,8.45,8.20,0.0300,0.0378,0.0378,0.7222
02-JAN-2026,526971,234.00,229.40,0.0199,0.0282,0.0282,0.5388
02-JAN-2026,526977,43.60,43.60,0.0000,0.0166,0.0166,0.3171
02-JAN-2026,526981,194.60,192.50,0.0109,0.0284,0.0283,0.5407
02-JAN-2026,527005,172.50,181.50,-0.0509,0.0374,0.0375,0.7164
02-JAN-2026,530025,21.88,21.95,-0.0032,0.0339,0.0338,0.6457
02-JAN-2026,530027,12.92,12.67,0.0195,0.0448,0.0447,0.8540
02-JAN-2026,530035,23.17,23.17,0.0000,0.0233,0.0233,0.4451
02-JAN-2026,530043,265.00,275.60,-0.0392,0.0298,0.0299,0.5712
02-JAN-2026,530045,38.69,38.30,0.0101,0.0301,0.0300,0.5731
02-JAN-2026,530053,4.97,4.97,0.0000,0.0272,0.0271,0.5177
02-JAN-2026,530057,2.20,2.12,0.0370,0.0304,0.0304,0.5808
02-JAN-2026,530063,5.82,5.56,0.0457,0.0336,0.0337,0.6438
02-JAN-2026,530065,14.01,14.01,0.0000,0.0339,0.0338,0.6457
02-JAN-2026,530077,150.85,150.95,-0.0007,0.0258,0.0258,0.4929
02-JAN-2026,530095,0.24,0.23,0.0426,0.0392,0.0392,0.7489
02-JAN-2026,530109,2.67,2.60,0.0266,0.0380,0.0379,0.7241
02-JAN-2026,530111,39.20,39.25,-0.0013,0.0335,0.0334,0.6381
02-JAN-2026,530119,31.10,31.16,-0.0019,0.0346,0.0345,0.6591
02-JAN-2026,530125,235.50,227.75,0.0335,0.0275,0.0275,0.5254
02-JAN-2026,530127,30.00,31.20,-0.0392,0.0484,0.0484,0.9247
02-JAN-2026,530129,1600.95,1603.70,-0.0017,0.0303,0.0302,0.5770
02-JAN-2026,530133,75.50,74.58,0.0123,0.0352,0.0351,0.6706
02-JAN-2026,530139,32.44,32.00,0.0137,0.0456,0.0455,0.8693
02-JAN-2026,530141,44.67,41.80,0.0664,0.0330,0.0333,0.6362
02-JAN-2026,530145,29.65,28.22,0.0494,0.0280,0.0281,0.5368
02-JAN-2026,530163,316.80,325.85,-0.0282,0.0323,0.0323,0.6171
02-JAN-2026,530167,16.99,16.78,0.0124,0.0315,0.0314,0.5999
02-JAN-2026,530169,29.25,30.90,-0.0549,0.0325,0.0327,0.6247
02-JAN-2026,530171,30.06,30.97,-0.0298,0.0364,0.0364,0.6954
02-JAN-2026,530175,68.00,67.24,0.0112,0.0319,0.0318,0.6075
02-JAN-2026,530179,58.41,60.84,-0.0408,0.0285,0.0285,0.5445
02-JAN-2026,530185,5.09,5.10,-0.0020,0.0231,0.0230,0.4394
02-JAN-2026,530187,3.40,3.78,-0.1059,0.0449,0.0455,0.8693
02-JAN-2026,530197,202.00,201.05,0.0047,0.0402,0.0401,0.7661
02-JAN-2026,530201,3.27,3.20,0.0216,0.0315,0.0314,0.5999
02-JAN-2026,530207,20.60,20.50,0.0049,0.0353,0.0352,0.6725
02-JAN-2026,530213,63.02,63.00,0.0003,0.0369,0.0368,0.7031
02-JAN-2026,530215,123.10,124.20,-0.0089,0.0283,0.0283,0.5407
02-JAN-2026,530217,9.74,10.11,-0.0373,0.0277,0.0277,0.5292
02-JAN-2026,530219,407.35,399.40,0.0197,0.0236,0.0236,0.4509
02-JAN-2026,530231,64.00,64.00,0.0000,0.0229,0.0229,0.4375
02-JAN-2026,530233,243.15,243.75,-0.0025,0.0335,0.0334,0.6381
02-JAN-2026,530235,59.00,61.00,-0.0333,0.0360,0.0360,0.6878
02-JAN-2026,530245,670.45,663.45,0.0105,0.0312,0.0311,0.5942
02-JAN-2026,530249,12.60,12.81,-0.0165,0.0257,0.0256,0.4891
02-JAN-2026,530251,0.69,0.67,0.0294,0.0338,0.0337,0.6438
02-JAN-2026,530253,37.52,38.56,-0.0273,0.1109,0.1106,2.1130
02-JAN-2026,530255,11.74,12.06,-0.0269,0.0356,0.0356,0.6801
02-JAN-2026,530259,33.09,33.20,-0.0033,0.0376,0.0375,0.7164
02-JAN-2026,530263,0.59,0.59,0.0000,0.0333,0.0333,0.6362
02-JAN-2026,530265,40.73,40.82,-0.0022,0.0410,0.0409,0.7814
02-JAN-2026,530267,49.75,51.30,-0.0307,0.0367,0.0367,0.7012
02-JAN-2026,530271,8.07,7.72,0.0443,0.0320,0.0321,0.6133
02-JAN-2026,530281,22.66,22.66,0.0000,0.0395,0.0394,0.7527
02-JAN-2026,530289,58.05,61.00,-0.0496,0.0426,0.0426,0.8139
02-JAN-2026,530295,36.33,36.33,0.0000,0.0201,0.0201,0.3840
02-JAN-2026,530309,9.65,9.50,0.0157,0.0285,0.0284,0.5426
02-JAN-2026,530313,35.38,35.16,0.0062,0.0390,0.0389,0.7432
02-JAN-2026,530315,119.90,120.85,-0.0079,0.0269,0.0268,0.5120
02-JAN-2026,530317,76.02,75.86,0.0021,0.0270,0.0270,0.5158
02-JAN-2026,530331,439.70,435.60,0.0094,0.0291,0.0290,0.5540
02-JAN-2026,530341,135.00,140.00,-0.0364,0.0324,0.0325,0.6209
02-JAN-2026,530357,1.81,1.83,-0.0110,0.0348,0.0347,0.6629
02-JAN-2026,530361,37.28,36.75,0.0143,0.0311,0.0310,0.5923
02-JAN-2026,530369,47.81,46.50,0.0278,0.0372,0.0372,0.7107
02-JAN-2026,530401,54.32,54.00,0.0059,0.0291,0.0290,0.5540
02-JAN-2026,530405,35.00,35.41,-0.0116,0.0283,0.0282,0.5388
02-JAN-2026,530407,41.89,41.79,0.0024,0.0316,0.0315,0.6018
02-JAN-2026,530419,45.09,45.52,-0.0095,0.0264,0.0263,0.5025
02-JAN-2026,530421,11.50,11.75,-0.0215,0.0375,0.0375,0.7164
02-JAN-2026,530427,110.00,109.65,0.0032,0.0365,0.0364,0.6954
02-JAN-2026,530429,32.44,33.90,-0.0440,0.0377,0.0378,0.7222
02-JAN-2026,530433,37.90,36.26,0.0442,0.0285,0.0286,0.5464
02-JAN-2026,530439,5.50,5.70,-0.0357,0.0425,0.0425,0.8120
02-JAN-2026,530443,16.40,16.08,0.0197,0.0369,0.0368,0.7031
02-JAN-2026,530445,1.80,1.86,-0.0328,0.0333,0.0333,0.6362
02-JAN-2026,530449,60.00,58.76,0.0209,0.0294,0.0293,0.5598
02-JAN-2026,530457,81.08,80.20,0.0109,0.0297,0.0296,0.5655
02-JAN-2026,530459,30.17,31.75,-0.0510,0.0314,0.0315,0.6018
02-JAN-2026,530461,14.83,14.86,-0.0020,0.0300,0.0300,0.5731
02-JAN-2026,530469,51.00,48.58,0.0486,0.0313,0.0314,0.5999
02-JAN-2026,530477,163.00,161.65,0.0083,0.0246,0.0245,0.4681
02-JAN-2026,530495,61.40,60.17,0.0202,0.0314,0.0313,0.5980
02-JAN-2026,530499,1489.00,1414.95,0.0510,0.0260,0.0261,0.4986
02-JAN-2026,530521,470.35,478.85,-0.0179,0.0300,0.0299,0.5712
02-JAN-2026,530525,5.10,5.18,-0.0156,0.0348,0.0348,0.6649
02-JAN-2026,530533,97.40,102.90,-0.0549,0.0350,0.0351,0.6706
02-JAN-2026,530537,47.90,47.90,0.0000,0.0182,0.0182,0.3477
02-JAN-2026,530545,221.35,225.90,-0.0203,0.0275,0.0274,0.5235
02-JAN-2026,530547,16.76,16.76,0.0000,0.0304,0.0303,0.5789
02-JAN-2026,530557,0.50,0.50,0.0000,0.0250,0.0249,0.4757
02-JAN-2026,530571,13.30,14.00,-0.0513,0.0336,0.0337,0.6438
02-JAN-2026,530577,60.60,58.95,0.0276,0.0391,0.0390,0.7451
02-JAN-2026,530581,6.00,6.00,0.0000,0.0335,0.0334,0.6381
02-JAN-2026,530585,78.26,74.07,0.0550,0.0273,0.0275,0.5254
02-JAN-2026,530589,121.90,123.25,-0.0110,0.0266,0.0266,0.5082
02-JAN-2026,530595,42.41,44.64,-0.0512,0.0466,0.0466,0.8903
02-JAN-2026,530601,62.60,62.95,-0.0056,0.0306,0.0305,0.5827
02-JAN-2026,530615,133.30,134.30,-0.0075,0.0327,0.0327,0.6247
02-JAN-2026,530617,26.06,25.97,0.0035,0.0926,0.0923,1.7634
02-JAN-2026,530621,122.30,124.55,-0.0182,0.0309,0.0308,0.5884
02-JAN-2026,530627,226.95,225.05,0.0084,0.0314,0.0313,0.5980
02-JAN-2026,530643,469.45,445.25,0.0529,0.0286,0.0287,0.5483
02-JAN-2026,530663,1.00,0.99,0.0101,0.0319,0.0318,0.6075
02-JAN-2026,530665,3.69,3.40,0.0819,0.0244,0.0250,0.4776
02-JAN-2026,530675,69.98,69.98,0.0000,0.0324,0.0324,0.6190
02-JAN-2026,530689,42.33,41.74,0.0140,0.0365,0.0365,0.6973
02-JAN-2026,530695,26.34,28.00,-0.0611,0.0356,0.0358,0.6840
02-JAN-2026,530697,20.27,19.60,0.0336,0.0321,0.0321,0.6133
02-JAN-2026,530705,44.84,45.75,-0.0201,0.0477,0.0476,0.9094
02-JAN-2026,530709,105.00,104.60,0.0038,0.0374,0.0373,0.7126
02-JAN-2026,530711,67.84,69.71,-0.0272,0.0302,0.0301,0.5751
02-JAN-2026,530723,139.00,140.05,-0.0075,0.0368,0.0367,0.7012
02-JAN-2026,530733,12.06,12.36,-0.0246,0.0438,0.0437,0.8349
02-JAN-2026,530735,38.11,36.30,0.0487,0.0344,0.0345,0.6591
02-JAN-2026,530741,200.20,192.05,0.0416,0.0372,0.0373,0.7126
02-JAN-2026,530745,42.33,41.50,0.0198,0.0735,0.0734,1.4023
02-JAN-2026,530747,21.61,22.29,-0.0310,0.0361,0.0361,0.6897
02-JAN-2026,530755,13.40,12.82,0.0442,0.0561,0.0560,1.0699
02-JAN-2026,530757,39.94,38.04,0.0487,0.0126,0.0130,0.2484
02-JAN-2026,530765,18.40,17.53,0.0484,0.0423,0.0424,0.8101
02-JAN-2026,530779,25.54,25.56,-0.0008,0.0329,0.0328,0.6266
02-JAN-2026,530787,50.36,48.11,0.0457,0.0319,0.0319,0.6094
02-JAN-2026,530789,181.90,183.15,-0.0068,0.0337,0.0337,0.6438
02-JAN-2026,530795,14.36,13.68,0.0485,0.0325,0.0326,0.6228
02-JAN-2026,530797,17.00,17.00,0.0000,0.0280,0.0280,0.5349
02-JAN-2026,530799,26.88,25.60,0.0488,0.0347,0.0348,0.6649
02-JAN-2026,530805,6.83,6.82,0.0015,0.0340,0.0339,0.6477
02-JAN-2026,530809,42.58,44.75,-0.0497,0.0362,0.0363,0.6935
02-JAN-2026,530821,12.61,13.00,-0.0305,0.0416,0.0416,0.7948
02-JAN-2026,530825,76.25,75.30,0.0125,0.0321,0.0320,0.6114
02-JAN-2026,530829,44.85,43.04,0.0412,0.0323,0.0324,0.6190
02-JAN-2026,530839,6.46,6.79,-0.0498,0.0393,0.0393,0.7508
02-JAN-2026,530845,915.75,906.00,0.0107,0.0317,0.0316,0.6037
02-JAN-2026,530853,59.75,59.00,0.0126,0.0335,0.0334,0.6381
02-JAN-2026,530855,145.05,142.25,0.0195,0.0206,0.0206,0.3936
02-JAN-2026,530881,8.13,8.29,-0.0195,0.0340,0.0340,0.6496
02-JAN-2026,530883,9.29,9.19,0.0108,0.0343,0.0342,0.6534
02-JAN-2026,530897,153.50,143.55,0.0670,0.0282,0.0286,0.5464
02-JAN-2026,530899,47.70,45.60,0.0450,0.0319,0.0320,0.6114
02-JAN-2026,530907,29.00,27.90,0.0387,0.0247,0.0247,0.4719
02-JAN-2026,530909,76.24,80.20,-0.0506,0.0250,0.0252,0.4814
02-JAN-2026,530917,44.92,44.92,0.0000,0.0126,0.0126,0.2407
02-JAN-2026,530921,8.75,8.90,-0.0170,0.0265,0.0264,0.5044
02-JAN-2026,530925,113.20,111.05,0.0192,0.0367,0.0366,0.6992
02-JAN-2026,530927,93.74,89.28,0.0487,0.0133,0.0137,0.2617
02-JAN-2026,530931,10.53,11.06,-0.0491,0.0370,0.0371,0.7088
02-JAN-2026,530951,72.50,72.08,0.0058,0.0324,0.0323,0.6171
02-JAN-2026,530953,87.10,88.86,-0.0200,0.0319,0.0319,0.6094
02-JAN-2026,530959,28.96,28.24,0.0252,0.0278,0.0278,0.5311
02-JAN-2026,530973,88.99,87.00,0.0226,0.0448,0.0447,0.8540
02-JAN-2026,530977,212.40,210.30,0.0099,0.0327,0.0326,0.6228
02-JAN-2026,530979,36.48,36.05,0.0119,0.0279,0.0279,0.5330
02-JAN-2026,530991,47.26,44.38,0.0629,0.0380,0.0381,0.7279
02-JAN-2026,530993,37.65,39.63,-0.0513,0.0236,0.0238,0.4547
02-JAN-2026,530997,102.30,101.15,0.0113,0.0286,0.0285,0.5445
02-JAN-2026,531003,71.33,74.00,-0.0367,0.0349,0.0349,0.6668
02-JAN-2026,531015,25.74,24.60,0.0453,0.0290,0.0292,0.5579
02-JAN-2026,531017,22.04,23.45,-0.0620,0.0349,0.0351,0.6706
02-JAN-2026,531025,0.41,0.41,0.0000,0.0234,0.0234,0.4471
02-JAN-2026,531027,17.00,16.20,0.0482,0.0340,0.0341,0.6515
02-JAN-2026,531033,60.78,57.89,0.0487,0.0399,0.0399,0.7623
02-JAN-2026,531035,40.62,38.69,0.0487,0.0365,0.0366,0.6992
02-JAN-2026,531041,379.65,379.45,0.0005,0.0226,0.0225,0.4299
02-JAN-2026,531043,25.04,25.04,0.0000,0.0363,0.0362,0.6916
02-JAN-2026,531049,17.40,18.29,-0.0499,0.0334,0.0335,0.6400
02-JAN-2026,531051,19.80,20.76,-0.0473,0.0337,0.0338,0.6457
02-JAN-2026,531067,24.95,25.16,-0.0084,0.0392,0.0391,0.7470
02-JAN-2026,531069,720.00,722.15,-0.0030,0.0213,0.0212,0.4050
02-JAN-2026,531080,36.10,36.00,0.0028,0.0397,0.0396,0.7566
02-JAN-2026,531083,6.13,6.15,-0.0033,0.0381,0.0380,0.7260
02-JAN-2026,531091,28.98,28.90,0.0028,0.0409,0.0408,0.7795
02-JAN-2026,531099,125.90,119.95,0.0484,0.0295,0.0297,0.5674
02-JAN-2026,531111,41.50,39.70,0.0443,0.0317,0.0317,0.6056
02-JAN-2026,531119,329.30,332.60,-0.0100,0.0311,0.0311,0.5942
02-JAN-2026,531126,19.19,19.38,-0.0099,0.0359,0.0358,0.6840
02-JAN-2026,531127,8.55,9.00,-0.0513,0.0469,0.0469,0.8960
02-JAN-2026,531129,18.17,19.00,-0.0447,0.0290,0.0291,0.5560
02-JAN-2026,531137,1.82,1.85,-0.0163,0.0285,0.0284,0.5426
02-JAN-2026,531144,16.64,17.36,-0.0424,0.0362,0.0362,0.6916
02-JAN-2026,531153,2.93,2.96,-0.0102,0.0372,0.0371,0.7088
02-JAN-2026,531155,7.61,7.29,0.0430,0.0340,0.0340,0.6496
02-JAN-2026,531156,5.08,5.87,-0.1445,0.0284,0.0301,0.5751
02-JAN-2026,531157,26.16,25.65,0.0197,0.0328,0.0327,0.6247
02-JAN-2026,531158,20.10,20.03,0.0035,0.0361,0.0360,0.6878
02-JAN-2026,531161,274.15,261.10,0.0488,0.0367,0.0368,0.7031
02-JAN-2026,531163,69.28,68.45,0.0121,0.0361,0.0360,0.6878
02-JAN-2026,531168,219.00,216.00,0.0138,0.0389,0.0388,0.7413
02-JAN-2026,531169,113.10,113.05,0.0004,0.0328,0.0328,0.6266
02-JAN-2026,531173,47.00,46.90,0.0021,0.0263,0.0263,0.5025
02-JAN-2026,531176,13.14,13.45,-0.0233,0.0318,0.0317,0.6056
02-JAN-2026,531178,16.35,16.00,0.0216,0.0360,0.0359,0.6859
02-JAN-2026,531190,72.50,75.25,-0.0372,0.0296,0.0296,0.5655
02-JAN-2026,531191,95.46,93.59,0.0198,0.0221,0.0221,0.4222
02-JAN-2026,531199,194.00,183.40,0.0562,0.0412,0.0413,0.7890
02-JAN-2026,531203,73.40,70.00,0.0474,0.0241,0.0243,0.4643
02-JAN-2026,531205,0.79,0.76,0.0387,0.0392,0.0392,0.7489
02-JAN-2026,531210,51.83,51.26,0.0111,0.0383,0.0382,0.7298
02-JAN-2026,531212,50.00,49.09,0.0184,0.0361,0.0360,0.6878
02-JAN-2026,531215,156.90,156.90,0.0000,0.0300,0.0299,0.5712
02-JAN-2026,531216,6.53,6.50,0.0046,0.0259,0.0258,0.4929
02-JAN-2026,531219,4.90,4.90,0.0000,0.0210,0.0209,0.3993
02-JAN-2026,531221,19.08,19.08,0.0000,0.0371,0.0370,0.7069
02-JAN-2026,531223,25.89,25.72,0.0066,0.0326,0.0326,0.6228
02-JAN-2026,531227,63.74,63.74,0.0000,0.0429,0.0428,0.8177
02-JAN-2026,531228,10.80,11.00,-0.0183,0.0154,0.0154,0.2942
02-JAN-2026,531233,14.78,14.60,0.0123,0.0308,0.0307,0.5865
02-JAN-2026,531234,74.79,81.25,-0.0828,0.0281,0.0286,0.5464
02-JAN-2026,531235,26.66,26.79,-0.0049,0.0319,0.0318,0.6075
02-JAN-2026,531237,143.70,148.20,-0.0308,0.0331,0.0331,0.6324
02-JAN-2026,531246,21.56,22.00,-0.0202,0.0360,0.0359,0.6859
02-JAN-2026,531253,335.10,337.50,-0.0071,0.0196,0.0195,0.3725
02-JAN-2026,531254,16.96,16.81,0.0089,0.0398,0.0397,0.7585
02-JAN-2026,531255,51.00,48.71,0.0459,0.0406,0.0407,0.7776
02-JAN-2026,531257,19.00,19.10,-0.0052,0.0320,0.0320,0.6114
02-JAN-2026,531259,40.39,41.21,-0.0201,0.0361,0.0361,0.6897
02-JAN-2026,531260,308.10,305.95,0.0070,0.0354,0.0353,0.6744
02-JAN-2026,531262,26.99,27.24,-0.0092,0.0244,0.0244,0.4662
02-JAN-2026,531268,28.87,28.50,0.0129,0.0298,0.0297,0.5674
02-JAN-2026,531272,16.66,16.34,0.0194,0.0145,0.0146,0.2789
02-JAN-2026,531273,1.95,1.94,0.0051,0.0327,0.0326,0.6228
02-JAN-2026,531274,47.95,45.67,0.0487,0.0197,0.0199,0.3802
02-JAN-2026,531278,104.83,97.94,0.0680,0.0323,0.0326,0.6228
02-JAN-2026,531279,146.60,145.85,0.0051,0.0298,0.0298,0.5693
02-JAN-2026,531280,44.74,42.61,0.0488,0.0401,0.0401,0.7661
02-JAN-2026,531281,166.20,157.70,0.0525,0.0266,0.0268,0.5120
02-JAN-2026,531283,11.40,11.40,0.0000,0.0263,0.0262,0.5006
02-JAN-2026,531286,35.39,35.39,0.0000,0.0244,0.0244,0.4662
02-JAN-2026,531287,291.00,273.40,0.0624,0.0313,0.0315,0.6018
02-JAN-2026,531288,17.65,17.65,0.0000,0.0330,0.0329,0.6286
02-JAN-2026,531289,168.10,170.70,-0.0153,0.0343,0.0343,0.6553
02-JAN-2026,531297,60.30,59.39,0.0152,0.0287,0.0286,0.5464
02-JAN-2026,531300,3.57,3.57,0.0000,0.0349,0.0348,0.6649
02-JAN-2026,531301,158.95,164.00,-0.0313,0.0290,0.0290,0.5540
02-JAN-2026,531304,24.00,24.00,0.0000,0.0327,0.0326,0.6228
02-JAN-2026,531306,558.20,561.50,-0.0059,0.0235,0.0235,0.4490
02-JAN-2026,531307,18.95,18.81,0.0074,0.0260,0.0260,0.4967
02-JAN-2026,531310,162.20,157.65,0.0285,0.0268,0.0268,0.5120
02-JAN-2026,531314,14.80,14.80,0.0000,0.0352,0.0351,0.6706
02-JAN-2026,531319,50.01,49.57,0.0088,0.0334,0.0333,0.6362
02-JAN-2026,531323,12.37,12.37,0.0000,0.0294,0.0293,0.5598
02-JAN-2026,531324,21.00,21.00,0.0000,0.0287,0.0286,0.5464
02-JAN-2026,531327,5.51,5.79,-0.0496,0.0262,0.0263,0.5025
02-JAN-2026,531328,0.85,0.89,-0.0460,0.0393,0.0394,0.7527
02-JAN-2026,531334,35.48,37.06,-0.0436,0.0277,0.0278,0.5311
02-JAN-2026,531338,23.43,23.43,0.0000,0.0295,0.0295,0.5636
02-JAN-2026,531340,58.54,58.54,0.0000,0.0323,0.0322,0.6152
02-JAN-2026,531341,19.11,19.50,-0.0202,0.0330,0.0330,0.6305
02-JAN-2026,531346,34.11,30.87,0.0998,0.0315,0.0322,0.6152
02-JAN-2026,531352,23.50,24.10,-0.0252,0.0333,0.0333,0.6362
02-JAN-2026,531357,37.02,37.00,0.0005,0.0320,0.0319,0.6094
02-JAN-2026,531359,415.00,421.35,-0.0152,0.0305,0.0304,0.5808
02-JAN-2026,531360,21.01,20.01,0.0488,0.0383,0.0384,0.7336
02-JAN-2026,531364,212.70,211.65,0.0049,0.0296,0.0295,0.5636
02-JAN-2026,531370,5.11,5.07,0.0079,0.0295,0.0294,0.5617
02-JAN-2026,531380,96.05,101.00,-0.0503,0.0446,0.0447,0.8540
02-JAN-2026,531381,1196.90,1182.20,0.0124,0.0269,0.0268,0.5120
02-JAN-2026,531387,9.00,9.15,-0.0165,0.0137,0.0137,0.2617
02-JAN-2026,531390,69.03,69.90,-0.0125,0.0291,0.0291,0.5560
02-JAN-2026,531395,3.39,3.30,0.0269,0.0581,0.0580,1.1081
02-JAN-2026,531396,9.04,8.81,0.0258,0.0292,0.0292,0.5579
02-JAN-2026,531397,28.58,27.30,0.0458,0.0320,0.0321,0.6133
02-JAN-2026,531398,134.95,137.00,-0.0151,0.0352,0.0351,0.6706
02-JAN-2026,531399,265.70,262.85,0.0108,0.0307,0.0307,0.5865
02-JAN-2026,531402,15.40,14.60,0.0533,0.0303,0.0304,0.5808
02-JAN-2026,531406,17.32,16.50,0.0485,0.0342,0.0343,0.6553
02-JAN-2026,531411,1.78,1.70,0.0460,0.0298,0.0299,0.5712
02-JAN-2026,531412,168.15,176.15,-0.0465,0.0270,0.0271,0.5177
02-JAN-2026,531413,21.50,21.50,0.0000,0.0311,0.0310,0.5923
02-JAN-2026,531416,36.13,37.49,-0.0370,0.0386,0.0386,0.7375
02-JAN-2026,531417,2.35,2.19,0.0705,0.0294,0.0298,0.5693
02-JAN-2026,531432,14.38,14.38,0.0000,0.0433,0.0432,0.8253
02-JAN-2026,531433,3.10,3.25,-0.0473,0.0336,0.0337,0.6438
02-JAN-2026,531436,28.79,29.88,-0.0372,0.0338,0.0338,0.6457
02-JAN-2026,531437,25.83,26.88,-0.0398,0.0282,0.0282,0.5388
02-JAN-2026,531441,24.81,24.81,0.0000,0.0327,0.0326,0.6228
02-JAN-2026,531444,7.71,7.71,0.0000,0.0390,0.0389,0.7432
02-JAN-2026,531454,21.37,21.43,-0.0028,0.0284,0.0284,0.5426
02-JAN-2026,531456,1.64,1.61,0.0185,0.0401,0.0400,0.7642
02-JAN-2026,531458,8.01,7.63,0.0486,0.0265,0.0267,0.5101
02-JAN-2026,531460,10.70,10.75,-0.0047,0.0438,0.0437,0.8349
02-JAN-2026,531465,0.49,0.49,0.0000,0.0083,0.0083,0.1586
02-JAN-2026,531471,16.14,16.50,-0.0221,0.0370,0.0370,0.7069
02-JAN-2026,531472,39.01,37.50,0.0395,0.0402,0.0402,0.7680
02-JAN-2026,531486,1.96,1.94,0.0103,0.0288,0.0287,0.5483
02-JAN-2026,531489,232.25,233.25,-0.0043,0.0275,0.0275,0.5254
02-JAN-2026,531499,1.64,1.66,-0.0121,0.0356,0.0356,0.6801
02-JAN-2026,531502,11.18,11.40,-0.0195,0.0174,0.0174,0.3324
02-JAN-2026,531503,32.39,31.40,0.0310,0.0311,0.0311,0.5942
02-JAN-2026,531506,44.28,42.18,0.0486,0.0338,0.0339,0.6477
02-JAN-2026,531509,32.15,33.82,-0.0506,0.0347,0.0348,0.6649
02-JAN-2026,531512,19.69,19.45,0.0123,0.0338,0.0337,0.6438
02-JAN-2026,531518,0.32,0.31,0.0317,0.0385,0.0384,0.7336
02-JAN-2026,531521,32.00,32.00,0.0000,0.0262,0.0261,0.4986
02-JAN-2026,531525,209.95,212.10,-0.0102,0.0269,0.0268,0.5120
02-JAN-2026,531529,1.94,2.00,-0.0305,0.0324,0.0324,0.6190
02-JAN-2026,531533,78.74,81.89,-0.0392,0.0303,0.0303,0.5789
02-JAN-2026,531537,129.40,136.20,-0.0512,0.0296,0.0297,0.5674
02-JAN-2026,531539,36.38,38.50,-0.0566,0.0415,0.0416,0.7948
02-JAN-2026,531540,12.85,13.08,-0.0177,0.0257,0.0257,0.4910
02-JAN-2026,531541,2.39,2.36,0.0126,0.0345,0.0344,0.6572
02-JAN-2026,531550,208.70,209.60,-0.0043,0.0338,0.0338,0.6457
02-JAN-2026,531552,16.27,16.50,-0.0140,0.0283,0.0283,0.5407
02-JAN-2026,531553,17.52,17.52,0.0000,0.0408,0.0407,0.7776
02-JAN-2026,531557,34.98,33.65,0.0388,0.0364,0.0364,0.6954
02-JAN-2026,531568,8.00,8.02,-0.0025,0.0365,0.0364,0.6954
02-JAN-2026,531569,233.85,228.40,0.0236,0.0294,0.0293,0.5598
02-JAN-2026,531572,16.78,15.99,0.0482,0.0214,0.0216,0.4127
02-JAN-2026,531574,13.07,12.45,0.0486,0.0362,0.0363,0.6935
02-JAN-2026,531578,7.27,6.74,0.0757,0.0406,0.0409,0.7814
02-JAN-2026,531582,27.96,29.43,-0.0512,0.0386,0.0387,0.7394
02-JAN-2026,531583,41.36,39.60,0.0435,0.0330,0.0331,0.6324
02-JAN-2026,531585,8.11,8.11,0.0000,0.0322,0.0321,0.6133
02-JAN-2026,531591,21.35,20.88,0.0223,0.0272,0.0272,0.5197
02-JAN-2026,531592,1.34,1.29,0.0380,0.0285,0.0286,0.5464
02-JAN-2026,531594,14.80,14.80,0.0000,0.0358,0.0357,0.6820
02-JAN-2026,531600,73.50,73.50,0.0000,0.0280,0.0280,0.5349
02-JAN-2026,531608,61.01,62.01,-0.0163,0.0390,0.0389,0.7432
02-JAN-2026,531609,221.55,212.05,0.0438,0.0420,0.0420,0.8024
02-JAN-2026,531613,1.90,1.86,0.0213,0.0327,0.0327,0.6247
02-JAN-2026,531616,78.72,78.72,0.0000,0.0294,0.0293,0.5598
02-JAN-2026,531626,4.47,4.46,0.0022,0.0311,0.0311,0.5942
02-JAN-2026,531628,23.90,23.44,0.0194,0.0333,0.0332,0.6343
02-JAN-2026,531635,97.00,95.70,0.0135,0.0310,0.0309,0.5903
02-JAN-2026,531637,319.85,316.15,0.0116,0.0287,0.0287,0.5483
02-JAN-2026,531640,7.77,7.77,0.0000,0.0186,0.0185,0.3534
02-JAN-2026,531644,26.74,24.10,0.1039,0.0390,0.0396,0.7566
02-JAN-2026,531651,40.40,40.40,0.0000,0.0298,0.0297,0.5674
02-JAN-2026,531652,120.40,123.15,-0.0226,0.0305,0.0305,0.5827
02-JAN-2026,531658,17.98,18.18,-0.0111,0.0239,0.0238,0.4547
02-JAN-2026,531661,14.05,13.50,0.0399,0.0395,0.0395,0.7546
02-JAN-2026,531663,10.89,10.84,0.0046,0.0322,0.0321,0.6133
02-JAN-2026,531667,30.65,32.23,-0.0503,0.0371,0.0372,0.7107
02-JAN-2026,531668,3.67,3.22,0.1308,0.0401,0.0410,0.7833
02-JAN-2026,531671,2.03,2.04,-0.0049,0.0299,0.0298,0.5693
02-JAN-2026,531672,25.40,24.63,0.0308,0.0349,0.0349,0.6668
02-JAN-2026,531673,44.10,45.71,-0.0359,0.0335,0.0335,0.6400
02-JAN-2026,531676,194.75,190.95,0.0197,0.0257,0.0257,0.4910
02-JAN-2026,531677,331.60,331.60,0.0000,0.0253,0.0253,0.4834
02-JAN-2026,531680,24.39,23.23,0.0487,0.0427,0.0428,0.8177
02-JAN-2026,531681,0.61,0.61,0.0000,0.0346,0.0345,0.6591
02-JAN-2026,531688,114.00,119.00,-0.0429,0.0327,0.0328,0.6266
02-JAN-2026,531692,3.11,3.11,0.0000,0.0402,0.0401,0.7661
02-JAN-2026,531694,46.91,47.30,-0.0083,0.0323,0.0323,0.6171
02-JAN-2026,531716,2.39,2.39,0.0000,0.0386,0.0385,0.7355
02-JAN-2026,531726,129.50,129.95,-0.0035,0.0274,0.0273,0.5216
02-JAN-2026,531727,57.59,57.49,0.0017,0.0243,0.0242,0.4623
02-JAN-2026,531735,26.96,28.37,-0.0510,0.0126,0.0131,0.2503
02-JAN-2026,531737,0.59,0.58,0.0171,0.0120,0.0121,0.2312
02-JAN-2026,531739,14.34,14.77,-0.0295,0.0324,0.0324,0.6190
02-JAN-2026,531743,204.95,204.95,0.0000,0.0197,0.0196,0.3745
02-JAN-2026,531744,63.25,62.98,0.0043,0.0379,0.0378,0.7222
02-JAN-2026,531752,0.74,0.72,0.0274,0.0240,0.0241,0.4604
02-JAN-2026,531758,13.29,12.99,0.0228,0.0339,0.0339,0.6477
02-JAN-2026,531762,24.99,25.34,-0.0139,0.0350,0.0349,0.6668
02-JAN-2026,531769,7.70,7.67,0.0039,0.0272,0.0271,0.5177
02-JAN-2026,531771,199.95,199.40,0.0028,0.0265,0.0265,0.5063
02-JAN-2026,531778,35.53,37.39,-0.0510,0.0410,0.0411,0.7852
02-JAN-2026,531779,15.70,15.50,0.0128,0.0359,0.0358,0.6840
02-JAN-2026,531780,4.55,4.58,-0.0066,0.0288,0.0287,0.5483
02-JAN-2026,531784,1.33,1.34,-0.0075,0.0262,0.0261,0.4986
02-JAN-2026,531794,53.72,52.67,0.0197,0.1275,0.1271,2.4282
02-JAN-2026,531797,77.02,79.67,-0.0338,0.0351,0.0351,0.6706
02-JAN-2026,531802,31.54,31.22,0.0102,0.0300,0.0299,0.5712
02-JAN-2026,531810,65.25,67.02,-0.0268,0.0283,0.0283,0.5407
02-JAN-2026,531812,0.77,0.77,0.0000,0.0324,0.0323,0.6171
02-JAN-2026,531813,83.55,83.55,0.0000,0.0260,0.0259,0.4948
02-JAN-2026,531814,9.78,9.76,0.0020,0.0318,0.0317,0.6056
02-JAN-2026,531821,42.35,42.32,0.0007,0.0320,0.0320,0.6114
02-JAN-2026,531822,172.50,169.95,0.0149,0.0417,0.0416,0.7948
02-JAN-2026,531834,13.00,12.75,0.0194,0.0480,0.0479,0.9151
02-JAN-2026,531840,24.00,22.86,0.0487,0.0346,0.0347,0.6629
02-JAN-2026,531841,50.35,50.21,0.0028,0.0342,0.0341,0.6515
02-JAN-2026,531842,51.98,51.74,0.0046,0.0293,0.0292,0.5579
02-JAN-2026,531846,12.99,12.65,0.0265,0.0449,0.0448,0.8559
02-JAN-2026,531847,687.10,684.90,0.0032,0.0244,0.0244,0.4662
02-JAN-2026,531859,167.65,167.00,0.0039,0.0306,0.0305,0.5827
02-JAN-2026,531861,48.98,47.84,0.0235,0.0293,0.0293,0.5598
02-JAN-2026,531862,29.91,29.72,0.0064,0.0264,0.0263,0.5025
02-JAN-2026,531867,4.10,3.93,0.0423,0.0358,0.0359,0.6859
02-JAN-2026,531869,4.48,4.57,-0.0199,0.0347,0.0346,0.6610
02-JAN-2026,531870,18.44,18.44,0.0000,0.0341,0.0341,0.6515
02-JAN-2026,531878,11.57,11.77,-0.0171,0.0342,0.0341,0.6515
02-JAN-2026,531885,8.13,8.13,0.0000,0.0004,0.0004,0.0076
02-JAN-2026,531888,80.00,78.91,0.0137,0.0258,0.0257,0.4910
02-JAN-2026,531889,36.59,37.61,-0.0275,0.0375,0.0375,0.7164
02-JAN-2026,531893,0.36,0.35,0.0282,0.0276,0.0276,0.5273
02-JAN-2026,531900,29.49,29.49,0.0000,0.0380,0.0379,0.7241
02-JAN-2026,531902,22.07,21.02,0.0487,0.0448,0.0448,0.8559
02-JAN-2026,531909,3.90,3.98,-0.0203,0.0353,0.0353,0.6744
02-JAN-2026,531910,281.25,274.20,0.0254,0.0430,0.0429,0.8196
02-JAN-2026,531911,60.87,60.87,0.0000,0.0315,0.0315,0.6018
02-JAN-2026,531918,116.65,122.75,-0.0510,0.0357,0.0358,0.6840
02-JAN-2026,531923,96.91,97.75,-0.0086,0.0305,0.0304,0.5808
02-JAN-2026,531925,1.17,1.20,-0.0253,0.0478,0.0477,0.9113
02-JAN-2026,531928,9.46,9.46,0.0000,0.0169,0.0169,0.3229
02-JAN-2026,531930,32.80,31.26,0.0481,0.0411,0.0411,0.7852
02-JAN-2026,531931,189.70,186.20,0.0186,0.0319,0.0318,0.6075
02-JAN-2026,531944,13.90,13.90,0.0000,0.0387,0.0386,0.7375
02-JAN-2026,531950,3.75,3.69,0.0161,0.0298,0.0297,0.5674
02-JAN-2026,531952,79.87,79.73,0.0018,0.0272,0.0271,0.5177
02-JAN-2026,531959,2.31,2.24,0.0308,0.0359,0.0359,0.6859
02-JAN-2026,531962,53.06,55.85,-0.0512,0.0429,0.0429,0.8196
02-JAN-2026,531968,66.00,65.99,0.0002,0.0411,0.0410,0.7833
02-JAN-2026,531971,179.90,179.90,0.0000,0.0132,0.0131,0.2503
02-JAN-2026,531977,8.33,6.95,0.1811,0.0305,0.0330,0.6305
02-JAN-2026,531979,133.85,121.70,0.0952,0.0314,0.0321,0.6133
02-JAN-2026,531982,16.95,16.12,0.0502,0.0328,0.0329,0.6286
02-JAN-2026,531989,35.80,35.80,0.0000,0.0274,0.0274,0.5235
02-JAN-2026,531991,0.61,0.62,-0.0163,0.0289,0.0289,0.5521
02-JAN-2026,531994,114.50,120.45,-0.0507,0.0281,0.0282,0.5388
02-JAN-2026,531996,7.67,7.61,0.0079,0.0311,0.0310,0.5923
02-JAN-2026,531997,35.17,33.50,0.0486,0.0303,0.0304,0.5808
02-JAN-2026,532001,50.77,46.94,0.0784,0.0360,0.0363,0.6935
02-JAN-2026,532005,49.92,50.00,-0.0016,0.0365,0.0364,0.6954
02-JAN-2026,532007,26.15,26.15,0.0000,0.0308,0.0307,0.5865
02-JAN-2026,532011,55.44,52.80,0.0488,0.0331,0.0332,0.6343
02-JAN-2026,532015,11.05,10.85,0.0183,0.0366,0.0365,0.6973
02-JAN-2026,532016,304.60,299.00,0.0186,0.0278,0.0278,0.5311
02-JAN-2026,532024,11.83,11.83,0.0000,0.0058,0.0057,0.1089
02-JAN-2026,532039,47.32,46.19,0.0242,0.0234,0.0234,0.4471
02-JAN-2026,532041,5.78,5.51,0.0478,0.0367,0.0368,0.7031
02-JAN-2026,532042,38.04,36.25,0.0482,0.0362,0.0363,0.6935
02-JAN-2026,532053,86.99,86.98,0.0001,0.0320,0.0320,0.6114
02-JAN-2026,532056,119.65,124.00,-0.0357,0.0360,0.0360,0.6878
02-JAN-2026,532057,121.75,116.45,0.0445,0.0313,0.0314,0.5999
02-JAN-2026,532067,1409.90,1414.65,-0.0034,0.0324,0.0323,0.6171
02-JAN-2026,532070,221.45,220.40,0.0048,0.0275,0.0274,0.5235
02-JAN-2026,532083,3.13,3.13,0.0000,0.0001,0.0001,0.0019
02-JAN-2026,532090,13.06,13.58,-0.0390,0.0266,0.0267,0.5101
02-JAN-2026,532092,2.67,2.72,-0.0186,0.0358,0.0357,0.6820
02-JAN-2026,532100,12.50,12.94,-0.0346,0.0416,0.0416,0.7948
02-JAN-2026,532102,32.36,31.39,0.0304,0.0302,0.0302,0.5770
02-JAN-2026,532113,13.58,14.29,-0.0510,0.0422,0.0422,0.8062
02-JAN-2026,532123,6.06,5.91,0.0251,0.0291,0.0291,0.5560
02-JAN-2026,532124,21.65,21.79,-0.0064,0.0361,0.0361,0.6897
02-JAN-2026,532131,19.90,20.35,-0.0224,0.0346,0.0346,0.6610
02-JAN-2026,532140,2.83,2.82,0.0035,0.0367,0.0366,0.6992
02-JAN-2026,532145,12.70,12.67,0.0024,0.0313,0.0312,0.5961
02-JAN-2026,532154,0.60,0.59,0.0168,0.0374,0.0374,0.7145
02-JAN-2026,532159,8.33,8.32,0.0012,0.0429,0.0428,0.8177
02-JAN-2026,532160,12.08,12.15,-0.0058,0.0273,0.0273,0.5216
02-JAN-2026,532164,1.33,1.40,-0.0513,0.0341,0.0342,0.6534
02-JAN-2026,532183,10.18,9.83,0.0350,0.0343,0.0343,0.6553
02-JAN-2026,532217,62.71,59.73,0.0487,0.0304,0.0306,0.5846
02-JAN-2026,532230,144.00,142.15,0.0129,0.0245,0.0245,0.4681
02-JAN-2026,532262,1420.00,1420.00,0.0000,0.0241,0.0241,0.4604
02-JAN-2026,532275,3.09,2.95,0.0464,0.0298,0.0299,0.5712
02-JAN-2026,532284,32.37,33.01,-0.0196,0.0283,0.0283,0.5407
02-JAN-2026,532303,3.29,3.10,0.0595,0.0445,0.0446,0.8521
02-JAN-2026,532304,52.30,53.11,-0.0154,0.0389,0.0388,0.7413
02-JAN-2026,532315,7.75,7.51,0.0315,0.0408,0.0408,0.7795
02-JAN-2026,532320,11.71,11.16,0.0481,0.0408,0.0408,0.7795
02-JAN-2026,532323,22.20,22.11,0.0041,0.0260,0.0259,0.4948
02-JAN-2026,532329,793.95,786.50,0.0094,0.0349,0.0348,0.6649
02-JAN-2026,532333,62.98,62.55,0.0069,0.0291,0.0290,0.5540
02-JAN-2026,532334,70.00,68.02,0.0287,0.0307,0.0306,0.5846
02-JAN-2026,532340,3.70,3.53,0.0470,0.0517,0.0516,0.9858
02-JAN-2026,532344,234.25,218.05,0.0717,0.0310,0.0313,0.5980
02-JAN-2026,532350,4.14,4.35,-0.0495,0.0336,0.0337,0.6438
02-JAN-2026,532354,4.50,4.79,-0.0625,0.0412,0.0413,0.7890
02-JAN-2026,532355,6.99,7.02,-0.0043,0.0385,0.0384,0.7336
02-JAN-2026,532359,1.06,1.08,-0.0187,0.0337,0.0337,0.6438
02-JAN-2026,532362,162.80,169.05,-0.0377,0.0393,0.0392,0.7489
02-JAN-2026,532373,22.94,22.99,-0.0022,0.0277,0.0277,0.5292
02-JAN-2026,532378,4.98,4.75,0.0473,0.0453,0.0453,0.8655
02-JAN-2026,532379,7.60,6.94,0.0908,0.0372,0.0376,0.7183
02-JAN-2026,532380,9.10,8.67,0.0484,0.0331,0.0332,0.6343
02-JAN-2026,532384,121.05,115.55,0.0465,0.0214,0.0216,0.4127
02-JAN-2026,532397,15.97,15.22,0.0481,0.0372,0.0373,0.7126
02-JAN-2026,532402,8.90,8.63,0.0308,0.0355,0.0355,0.6782
02-JAN-2026,532404,44.55,44.82,-0.0060,0.0209,0.0208,0.3974
02-JAN-2026,532410,23.29,23.40,-0.0047,0.0270,0.0270,0.5158
02-JAN-2026,532425,21.70,21.50,0.0093,0.0391,0.0390,0.7451
02-JAN-2026,532435,7.69,7.49,0.0264,0.0244,0.0244,0.4662
02-JAN-2026,532444,1.87,1.82,0.0271,0.0310,0.0310,0.5923
02-JAN-2026,532455,22.05,21.70,0.0160,0.0325,0.0325,0.6209
02-JAN-2026,532467,37.31,36.54,0.0209,0.0336,0.0335,0.6400
02-JAN-2026,532468,2841.05,2836.15,0.0017,0.0165,0.0165,0.3152
02-JAN-2026,532485,73.36,73.01,0.0048,0.0175,0.0174,0.3324
02-JAN-2026,532503,808.85,821.20,-0.0152,0.0197,0.0197,0.3764
02-JAN-2026,532645,2.80,3.01,-0.0723,0.0519,0.0520,0.9935
02-JAN-2026,532656,2.82,2.79,0.0107,0.0283,0.0282,0.5388
02-JAN-2026,532676,13.08,13.31,-0.0174,0.0391,0.0390,0.7451
02-JAN-2026,532701,13.55,13.65,-0.0074,0.0321,0.0321,0.6133
02-JAN-2026,532723,42.59,44.69,-0.0481,0.0363,0.0364,0.6954
02-JAN-2026,532744,8.36,8.20,0.0193,0.0402,0.0402,0.7680
02-JAN-2026,532745,4.98,5.01,-0.0060,0.0323,0.0322,0.6152
02-JAN-2026,532806,36.06,37.33,-0.0346,0.0455,0.0455,0.8693
02-JAN-2026,532820,13.51,13.10,0.0308,0.0341,0.0341,0.6515
02-JAN-2026,532825,5.14,5.13,0.0019,0.0365,0.0364,0.6954
02-JAN-2026,532829,225.00,222.25,0.0123,0.0286,0.0286,0.5464
02-JAN-2026,532855,165.00,166.30,-0.0078,0.0329,0.0328,0.6266
02-JAN-2026,532879,260.15,275.90,-0.0588,0.0300,0.0302,0.5770
02-JAN-2026,532893,70.24,69.59,0.0093,0.0369,0.0368,0.7031
02-JAN-2026,532911,8.99,8.99,0.0000,0.0244,0.0244,0.4662
02-JAN-2026,532918,25.75,25.74,0.0004,0.0277,0.0277,0.5292
02-JAN-2026,532933,56.04,56.65,-0.0108,0.0299,0.0299,0.5712
02-JAN-2026,532957,68.21,68.25,-0.0006,0.0308,0.0307,0.5865
02-JAN-2026,532975,9.81,10.24,-0.0429,0.0320,0.0320,0.6114
02-JAN-2026,532985,93.60,92.85,0.0080,0.0091,0.0091,0.1739
02-JAN-2026,532992,34.00,34.09,-0.0026,0.0364,0.0363,0.6935
02-JAN-2026,533007,7.77,7.93,-0.0204,0.0297,0.0296,0.5655
02-JAN-2026,533014,59.84,59.87,-0.0005,0.0294,0.0293,0.5598
02-JAN-2026,533018,4957.50,4957.50,0.0000,0.0931,0.0929,1.7749
02-JAN-2026,533019,1500.00,1500.00,0.0000,0.0322,0.0321,0.6133
02-JAN-2026,533056,27.66,27.32,0.0124,0.0283,0.0283,0.5407
02-JAN-2026,533095,6709.40,6801.25,-0.0136,0.0176,0.0176,0.3362
02-JAN-2026,533100,10.54,10.51,0.0029,0.0292,0.0292,0.5579
02-JAN-2026,533101,120.05,120.05,0.0000,0.0338,0.0337,0.6438
02-JAN-2026,533108,36.37,37.00,-0.0172,0.0332,0.0332,0.6343
02-JAN-2026,533110,12.70,12.14,0.0451,0.0402,0.0402,0.7680
02-JAN-2026,533149,7.04,7.63,-0.0805,0.0408,0.0411,0.7852
02-JAN-2026,533167,94.20,99.15,-0.0512,0.0306,0.0308,0.5884
02-JAN-2026,533170,162.80,156.50,0.0395,0.0266,0.0267,0.5101
02-JAN-2026,533202,3.72,3.66,0.0163,0.0354,0.0353,0.6744
02-JAN-2026,533212,50.24,50.99,-0.0148,0.0326,0.0326,0.6228
02-JAN-2026,533268,4.40,4.56,-0.0357,0.0393,0.0393,0.7508
02-JAN-2026,533285,67.37,65.01,0.0357,0.0287,0.0287,0.5483
02-JAN-2026,533289,81.28,83.69,-0.0292,0.0346,0.0345,0.6591
02-JAN-2026,533315,83.64,84.38,-0.0088,0.0356,0.0355,0.6782
02-JAN-2026,533407,62.88,61.50,0.0222,0.0346,0.0346,0.6610
02-JAN-2026,533427,30.89,30.86,0.0010,0.0322,0.0321,0.6133
02-JAN-2026,533477,496.65,488.65,0.0162,0.0204,0.0204,0.3897
02-JAN-2026,533602,0.95,0.93,0.0213,0.0249,0.0249,0.4757
02-JAN-2026,533608,182.65,181.40,0.0069,0.0291,0.0291,0.5560
02-JAN-2026,533896,18.90,18.84,0.0032,0.0419,0.0418,0.7986
02-JAN-2026,534060,2.02,1.91,0.0560,0.0320,0.0322,0.6152
02-JAN-2026,534063,45.00,45.00,0.0000,0.0431,0.0430,0.8215
02-JAN-2026,534064,1.67,1.68,-0.0060,0.0321,0.0320,0.6114
02-JAN-2026,534190,2.94,3.18,-0.0785,0.0464,0.0466,0.8903
02-JAN-2026,534338,14.96,14.21,0.0514,0.0349,0.0350,0.6687
02-JAN-2026,534422,5.45,5.66,-0.0378,0.0370,0.0370,0.7069
02-JAN-2026,534535,215.25,225.85,-0.0481,0.1131,0.1128,2.1550
02-JAN-2026,534612,24.59,24.80,-0.0085,0.0276,0.0275,0.5254
02-JAN-2026,534623,41.97,46.47,-0.1019,0.0369,0.0375,0.7164
02-JAN-2026,534639,26.74,26.00,0.0281,0.0373,0.0373,0.7126
02-JAN-2026,534691,19.11,18.77,0.0180,0.0324,0.0324,0.6190
02-JAN-2026,534733,30.82,31.33,-0.0164,0.0329,0.0329,0.6286
02-JAN-2026,534741,0.50,0.50,0.0000,0.0316,0.0315,0.6018
02-JAN-2026,534755,0.74,0.71,0.0414,0.0442,0.0442,0.8444
02-JAN-2026,534796,146.35,139.40,0.0487,0.0310,0.0311,0.5942
02-JAN-2026,534920,17.65,17.31,0.0195,0.0208,0.0208,0.3974
02-JAN-2026,535204,2.76,2.79,-0.0108,0.0412,0.0411,0.7852
02-JAN-2026,535205,3.49,3.48,0.0029,0.0347,0.0347,0.6629
02-JAN-2026,535267,7.45,7.38,0.0094,0.0244,0.0244,0.4662
02-JAN-2026,535276,949.92,944.95,0.0052,0.0065,0.0065,0.1242
02-JAN-2026,535387,79.56,75.78,0.0487,0.0403,0.0404,0.7718
02-JAN-2026,535431,0.79,0.79,0.0000,0.0286,0.0285,0.5445
02-JAN-2026,535514,8.36,8.36,0.0000,0.0307,0.0306,0.5846
02-JAN-2026,535566,130.05,122.15,0.0627,0.0420,0.0421,0.8043
02-JAN-2026,535620,274.50,269.10,0.0199,0.0464,0.0463,0.8846
02-JAN-2026,535621,140.00,142.30,-0.0163,0.0374,0.0373,0.7126
02-JAN-2026,535657,8.36,8.40,-0.0048,0.0462,0.0461,0.8807
02-JAN-2026,535667,162.30,162.25,0.0003,0.0473,0.0472,0.9018
02-JAN-2026,535693,129.65,130.70,-0.0081,0.0306,0.0305,0.5827
02-JAN-2026,535719,23.07,23.28,-0.0091,0.0379,0.0378,0.7222
02-JAN-2026,535730,0.55,0.55,0.0000,0.0289,0.0288,0.5502
02-JAN-2026,535910,0.73,0.75,-0.0270,0.0311,0.0311,0.5942
02-JAN-2026,535916,52.12,50.08,0.0399,0.0364,0.0364,0.6954
02-JAN-2026,536073,2.19,2.16,0.0138,0.0373,0.0372,0.7107
02-JAN-2026,536493,378.80,378.10,0.0018,0.0283,0.0283,0.5407
02-JAN-2026,536565,60.99,60.66,0.0054,0.0319,0.0318,0.6075
02-JAN-2026,536659,5.03,5.08,-0.0099,0.0302,0.0302,0.5770
02-JAN-2026,536672,5.45,5.45,0.0000,0.0335,0.0334,0.6381
02-JAN-2026,536709,12.02,11.47,0.0468,0.0304,0.0305,0.5827
02-JAN-2026,536846,138.15,140.95,-0.0201,0.0300,0.0299,0.5712
02-JAN-2026,536974,79.81,80.40,-0.0074,0.0294,0.0293,0.5598
02-JAN-2026,537069,14.12,13.89,0.0164,0.0308,0.0307,0.5865
02-JAN-2026,537253,75.52,75.15,0.0049,0.0321,0.0320,0.6114
02-JAN-2026,537326,82.41,79.72,0.0332,0.0299,0.0299,0.5712
02-JAN-2026,537536,81.88,79.56,0.0287,0.0267,0.0268,0.5120
02-JAN-2026,537707,1.04,1.01,0.0293,0.0441,0.0441,0.8425
02-JAN-2026,537709,5.00,4.87,0.0263,0.0286,0.0286,0.5464
02-JAN-2026,537750,204.60,204.70,-0.0005,0.0266,0.0265,0.5063
02-JAN-2026,537766,2.12,2.14,-0.0094,0.0402,0.0401,0.7661
02-JAN-2026,537800,1.20,1.15,0.0426,0.0325,0.0325,0.6209
02-JAN-2026,537839,124.95,125.10,-0.0012,0.0318,0.0317,0.6056
02-JAN-2026,537840,56.74,55.00,0.0311,0.0314,0.0314,0.5999
02-JAN-2026,537985,25.64,24.82,0.0325,0.0324,0.0324,0.6190
02-JAN-2026,538081,5.72,5.36,0.0650,0.0389,0.0390,0.7451
02-JAN-2026,538092,108.15,106.50,0.0154,0.0318,0.0318,0.6075
02-JAN-2026,538212,0.36,0.39,-0.0800,0.0328,0.0332,0.6343
02-JAN-2026,538273,30.15,30.15,0.0000,0.0415,0.0414,0.7909
02-JAN-2026,538351,2.24,2.14,0.0457,0.0355,0.0355,0.6782
02-JAN-2026,538382,129.53,129.53,0.0000,0.0280,0.0280,0.5349
02-JAN-2026,538395,85.00,84.00,0.0118,0.0288,0.0287,0.5483
02-JAN-2026,538401,133.60,133.50,0.0007,0.0347,0.0346,0.6610
02-JAN-2026,538422,0.61,0.60,0.0165,0.0341,0.0340,0.6496
02-JAN-2026,538451,5.82,5.90,-0.0137,0.0981,0.0978,1.8685
02-JAN-2026,538464,4.78,5.00,-0.0450,0.0467,0.0467,0.8922
02-JAN-2026,538465,12.91,12.91,0.0000,0.0390,0.0389,0.7432
02-JAN-2026,538476,23.54,23.14,0.0171,0.0377,0.0377,0.7203
02-JAN-2026,538520,2.24,2.21,0.0135,0.0220,0.0220,0.4203
02-JAN-2026,538521,101.50,101.00,0.0049,0.0326,0.0325,0.6209
02-JAN-2026,538539,10.35,10.11,0.0235,0.0318,0.0318,0.6075
02-JAN-2026,538540,9.88,9.41,0.0487,0.0334,0.0335,0.6400
02-JAN-2026,538546,103.60,103.90,-0.0029,0.0291,0.0291,0.5560
02-JAN-2026,538556,100.00,99.00,0.0101,0.0277,0.0276,0.5273
02-JAN-2026,538563,203.60,199.65,0.0196,0.0165,0.0165,0.3152
02-JAN-2026,538564,342.40,340.65,0.0051,0.0266,0.0265,0.5063
02-JAN-2026,538565,105.50,102.50,0.0288,0.0271,0.0272,0.5197
02-JAN-2026,538568,38.46,40.36,-0.0482,0.0324,0.0325,0.6209
02-JAN-2026,538569,1.34,1.40,-0.0438,0.0391,0.0391,0.7470
02-JAN-2026,538596,4.22,4.22,0.0000,0.0343,0.0342,0.6534
02-JAN-2026,538597,6.94,6.74,0.0292,0.0275,0.0275,0.5254
02-JAN-2026,538598,25.81,25.94,-0.0050,0.0307,0.0306,0.5846
02-JAN-2026,538607,1.05,1.03,0.0192,0.0310,0.0310,0.5923
02-JAN-2026,538609,54.78,53.05,0.0321,0.0367,0.0367,0.7012
02-JAN-2026,538610,1.39,1.47,-0.0560,0.0303,0.0305,0.5827
02-JAN-2026,538611,49.00,49.00,0.0000,0.0280,0.0279,0.5330
02-JAN-2026,538634,174.80,172.00,0.0161,0.0304,0.0304,0.5808
02-JAN-2026,538646,44.44,46.01,-0.0347,0.0306,0.0306,0.5846
02-JAN-2026,538647,38.49,37.40,0.0287,0.0316,0.0316,0.6037
02-JAN-2026,538652,3.81,3.81,0.0000,0.0005,0.0005,0.0096
02-JAN-2026,538668,623.25,636.35,-0.0208,0.0253,0.0253,0.4834
02-JAN-2026,538674,5.34,5.62,-0.0511,0.0349,0.0350,0.6687
02-JAN-2026,538683,977.63,972.44,0.0053,0.0064,0.0064,0.1223
02-JAN-2026,538706,8.61,8.59,0.0023,0.0259,0.0258,0.4929
02-JAN-2026,538707,36.30,36.30,0.0000,0.0368,0.0367,0.7012
02-JAN-2026,538708,6.92,6.88,0.0058,0.0334,0.0333,0.6362
02-JAN-2026,538713,215.90,209.45,0.0303,0.0353,0.0353,0.6744
02-JAN-2026,538714,30.20,29.49,0.0238,0.0325,0.0325,0.6209
02-JAN-2026,538715,368.00,370.00,-0.0054,0.0299,0.0298,0.5693
02-JAN-2026,538716,478.80,479.00,-0.0004,0.0259,0.0258,0.4929
02-JAN-2026,538732,37.03,36.99,0.0011,0.0264,0.0264,0.5044
02-JAN-2026,538734,1132.75,1127.00,0.0051,0.0354,0.0353,0.6744
02-JAN-2026,538742,33.99,34.07,-0.0024,0.0365,0.0364,0.6954
02-JAN-2026,538743,18.72,18.36,0.0194,0.0291,0.0291,0.5560
02-JAN-2026,538770,16.65,16.30,0.0212,0.0353,0.0353,0.6744
02-JAN-2026,538772,51.07,51.39,-0.0062,0.0334,0.0333,0.6362
02-JAN-2026,538777,17.37,17.37,0.0000,0.0021,0.0021,0.0401
02-JAN-2026,538778,7.67,7.54,0.0171,0.0277,0.0277,0.5292
02-JAN-2026,538787,7.91,7.88,0.0038,0.0386,0.0385,0.7355
02-JAN-2026,538788,13.60,13.39,0.0156,0.0328,0.0328,0.6266
02-JAN-2026,538795,254.40,253.05,0.0053,0.0308,0.0308,0.5884
02-JAN-2026,538817,11.23,11.11,0.0107,0.0216,0.0215,0.4108
02-JAN-2026,538833,13.05,13.05,0.0000,0.0351,0.0350,0.6687
02-JAN-2026,538834,15.63,15.38,0.0161,0.0374,0.0373,0.7126
02-JAN-2026,538837,65.00,63.58,0.0221,0.0288,0.0287,0.5483
02-JAN-2026,538838,26.80,26.85,-0.0019,0.0362,0.0361,0.6897
02-JAN-2026,538857,11.45,11.71,-0.0225,0.0290,0.0289,0.5521
02-JAN-2026,538860,0.85,0.92,-0.0791,0.0305,0.0310,0.5923
02-JAN-2026,538862,40.04,38.14,0.0486,0.0333,0.0334,0.6381
02-JAN-2026,538863,7.05,7.05,0.0000,0.0000,0.0000,0.0000
02-JAN-2026,538868,14.78,14.93,-0.0101,0.0320,0.0319,0.6094
02-JAN-2026,538874,17.02,17.51,-0.0284,0.0417,0.0417,0.7967
02-JAN-2026,538875,9.09,9.11,-0.0022,0.0340,0.0339,0.6477
02-JAN-2026,538881,32.40,32.40,0.0000,0.0320,0.0319,0.6094
02-JAN-2026,538882,79.92,81.51,-0.0197,0.0299,0.0299,0.5712
02-JAN-2026,538890,57.73,56.69,0.0182,0.0281,0.0281,0.5368
02-JAN-2026,538894,22.50,23.27,-0.0336,0.0413,0.0413,0.7890
02-JAN-2026,538895,14.53,14.95,-0.0285,0.0335,0.0335,0.6400
02-JAN-2026,538896,357.05,353.95,0.0087,0.0236,0.0235,0.4490
02-JAN-2026,538918,9.65,9.82,-0.0175,0.0330,0.0329,0.6286
02-JAN-2026,538919,25.75,25.75,0.0000,0.0306,0.0305,0.5827
02-JAN-2026,538922,25.47,25.14,0.0130,0.0347,0.0346,0.6610
02-JAN-2026,538923,46.50,45.66,0.0182,0.0446,0.0445,0.8502
02-JAN-2026,538926,254.55,255.95,-0.0055,0.0290,0.0289,0.5521
02-JAN-2026,538928,1.60,1.63,-0.0186,0.0360,0.0359,0.6859
02-JAN-2026,538935,42.35,42.35,0.0000,0.0241,0.0240,0.4585
02-JAN-2026,538942,25.71,24.53,0.0470,0.0311,0.0312,0.5961
02-JAN-2026,538943,119.20,117.15,0.0173,0.0431,0.0431,0.8234
02-JAN-2026,538952,1.16,1.19,-0.0255,0.0414,0.0414,0.7909
02-JAN-2026,538964,825.00,837.00,-0.0144,0.0273,0.0273,0.5216
02-JAN-2026,538965,85.00,81.08,0.0472,0.0340,0.0340,0.6496
02-JAN-2026,538970,7.15,7.28,-0.0180,0.0336,0.0335,0.6400
02-JAN-2026,538975,0.24,0.24,0.0000,0.0273,0.0272,0.5197
02-JAN-2026,538987,634.40,598.95,0.0575,0.0243,0.0246,0.4700
02-JAN-2026,538992,1950.00,1950.00,0.0000,0.0217,0.0217,0.4146
02-JAN-2026,538993,12.31,12.31,0.0000,0.0186,0.0186,0.3554
02-JAN-2026,539005,13.99,13.99,0.0000,0.0137,0.0136,0.2598
02-JAN-2026,539011,107.45,108.50,-0.0097,0.0245,0.0245,0.4681
02-JAN-2026,539012,102.11,102.00,0.0011,0.0343,0.0343,0.6553
02-JAN-2026,539013,88.38,87.67,0.0081,0.0251,0.0250,0.4776
02-JAN-2026,539014,8.24,8.08,0.0196,0.0325,0.0325,0.6209
02-JAN-2026,539016,7.42,7.48,-0.0081,0.0385,0.0384,0.7336
02-JAN-2026,539017,13.58,13.47,0.0081,0.0350,0.0349,0.6668
02-JAN-2026,539018,455.35,456.65,-0.0029,0.0218,0.0218,0.4165
02-JAN-2026,539031,303.41,302.61,0.0026,0.0077,0.0077,0.1471
02-JAN-2026,539032,10.81,11.37,-0.0505,0.0378,0.0378,0.7222
02-JAN-2026,539040,8.16,8.23,-0.0085,0.0230,0.0230,0.4394
02-JAN-2026,539090,39.49,38.10,0.0358,0.0384,0.0384,0.7336
02-JAN-2026,539091,1.07,1.10,-0.0277,0.0233,0.0234,0.4471
02-JAN-2026,539097,3.34,3.40,-0.0178,0.0357,0.0356,0.6801
02-JAN-2026,539110,15.06,15.06,0.0000,0.0305,0.0305,0.5827
02-JAN-2026,539111,22.21,22.21,0.0000,0.0418,0.0417,0.7967
02-JAN-2026,539112,117.00,117.00,0.0000,0.0327,0.0327,0.6247
02-JAN-2026,539113,609.25,614.00,-0.0078,0.0217,0.0216,0.4127
02-JAN-2026,539115,360.85,353.80,0.0197,0.0324,0.0323,0.6171
02-JAN-2026,539117,68.99,70.09,-0.0158,0.0346,0.0345,0.6591
02-JAN-2026,539119,18.24,18.24,0.0000,0.0187,0.0186,0.3554
02-JAN-2026,539120,52.75,52.75,0.0000,0.0364,0.0363,0.6935
02-JAN-2026,539121,158.10,175.65,-0.1053,0.0411,0.0417,0.7967
02-JAN-2026,539122,29.04,28.03,0.0354,0.0436,0.0436,0.8330
02-JAN-2026,539123,7.28,7.53,-0.0338,0.0367,0.0367,0.7012
02-JAN-2026,539124,21.83,21.24,0.0274,0.0356,0.0355,0.6782
02-JAN-2026,539132,9.06,9.24,-0.0197,0.0303,0.0302,0.5770
02-JAN-2026,539143,8.81,8.69,0.0137,0.0303,0.0302,0.5770
02-JAN-2026,539149,4.03,3.94,0.0226,0.0349,0.0348,0.6649
02-JAN-2026,539167,44.52,43.00,0.0347,0.0279,0.0279,0.5330
02-JAN-2026,539174,24.07,23.66,0.0172,0.0444,0.0443,0.8464
02-JAN-2026,539175,4.96,4.87,0.0183,0.1341,0.1337,2.5543
02-JAN-2026,539176,95.47,94.25,0.0129,0.0358,0.0357,0.6820
02-JAN-2026,539189,16.33,16.33,0.0000,0.0368,0.0367,0.7012
02-JAN-2026,539190,48.70,48.75,-0.0010,0.0392,0.0391,0.7470
02-JAN-2026,539195,202.75,205.95,-0.0157,0.0328,0.0327,0.6247
02-JAN-2026,539196,162.75,162.15,0.0037,0.0270,0.0269,0.5139
02-JAN-2026,539206,25.08,25.73,-0.0256,0.0367,0.0366,0.6992
02-JAN-2026,539216,1.34,1.33,0.0075,0.0313,0.0312,0.5961
02-JAN-2026,539217,0.32,0.32,0.0000,0.0338,0.0337,0.6438
02-JAN-2026,539218,151.00,158.90,-0.0510,0.0313,0.0314,0.5999
02-JAN-2026,539219,12.07,11.75,0.0269,0.0321,0.0321,0.6133
02-JAN-2026,539220,41.75,40.06,0.0413,0.0297,0.0298,0.5693
02-JAN-2026,539222,0.78,0.79,-0.0127,0.0392,0.0391,0.7470
02-JAN-2026,539224,29.35,29.53,-0.0061,0.0361,0.0360,0.6878
02-JAN-2026,539227,193.45,191.05,0.0125,0.0291,0.0290,0.5540
02-JAN-2026,539228,2.09,2.02,0.0341,0.0266,0.0266,0.5082
02-JAN-2026,539230,37.63,37.63,0.0000,0.0088,0.0087,0.1662
02-JAN-2026,539255,588.05,585.50,0.0043,0.0317,0.0316,0.6037
02-JAN-2026,539267,19.07,19.10,-0.0016,0.0399,0.0398,0.7604
02-JAN-2026,539275,154.30,157.05,-0.0177,0.0253,0.0252,0.4814
02-JAN-2026,539277,0.21,0.22,-0.0465,0.0420,0.0420,0.8024
02-JAN-2026,539278,1.64,1.72,-0.0476,0.0422,0.0423,0.8081
02-JAN-2026,539288,20.98,21.08,-0.0048,0.0385,0.0384,0.7336
02-JAN-2026,539300,205.45,203.95,0.0073,0.0231,0.0231,0.4413
02-JAN-2026,539310,0.23,0.23,0.0000,0.0801,0.0799,1.5265
02-JAN-2026,539314,61.11,59.17,0.0323,0.0277,0.0278,0.5311
02-JAN-2026,539335,120.00,117.80,0.0185,0.0334,0.0333,0.6362
02-JAN-2026,539353,226.40,217.40,0.0406,0.0282,0.0283,0.5407
02-JAN-2026,539354,35.00,35.00,0.0000,0.0311,0.0310,0.5923
02-JAN-2026,539383,10.35,10.35,0.0000,0.0341,0.0340,0.6496
02-JAN-2026,539384,25.06,25.01,0.0020,0.0300,0.0300,0.5731
02-JAN-2026,539391,36.96,37.64,-0.0182,0.0297,0.0297,0.5674
02-JAN-2026,539393,25.77,25.77,0.0000,0.0011,0.0011,0.0210
02-JAN-2026,539398,68.38,67.66,0.0106,0.0231,0.0231,0.4413
02-JAN-2026,539402,5.58,4.65,0.1823,0.0316,0.0341,0.6515
02-JAN-2026,539406,59.50,62.60,-0.0508,0.0313,0.0315,0.6018
02-JAN-2026,539408,14.50,14.49,0.0007,0.0312,0.0311,0.5942
02-JAN-2026,539409,17.77,17.42,0.0199,0.0280,0.0279,0.5330
02-JAN-2026,539428,15.88,15.43,0.0287,0.0242,0.0242,0.4623
02-JAN-2026,539434,8.06,8.06,0.0000,0.0046,0.0046,0.0879
02-JAN-2026,539435,34.44,33.34,0.0325,0.0388,0.0388,0.7413
02-JAN-2026,539449,2.32,2.37,-0.0213,0.0297,0.0297,0.5674
02-JAN-2026,539455,43.78,42.99,0.0182,0.0322,0.0321,0.6133
02-JAN-2026,539468,39.86,40.67,-0.0201,0.0155,0.0155,0.2961
02-JAN-2026,539469,38.69,38.98,-0.0075,0.0290,0.0289,0.5521
02-JAN-2026,539470,0.63,0.61,0.0323,0.0241,0.0241,0.4604
02-JAN-2026,539479,55.23,57.71,-0.0439,0.0268,0.0269,0.5139
02-JAN-2026,539488,10.00,10.00,0.0000,0.0000,0.0000,0.0000
02-JAN-2026,539492,13.93,13.70,0.0166,0.0308,0.0307,0.5865
02-JAN-2026,539494,9.22,9.36,-0.0151,0.0372,0.0372,0.7107
02-JAN-2026,539495,44.60,44.48,0.0027,0.0373,0.0372,0.7107
02-JAN-2026,539506,0.64,0.64,0.0000,0.0330,0.0329,0.6286
02-JAN-2026,539515,37.09,37.16,-0.0019,0.0308,0.0308,0.5884
02-JAN-2026,539518,141.95,138.10,0.0275,0.0244,0.0244,0.4662
02-JAN-2026,539519,0.71,0.70,0.0142,0.0407,0.0406,0.7757
02-JAN-2026,539522,45.74,47.07,-0.0287,0.0292,0.0292,0.5579
02-JAN-2026,539526,0.71,0.70,0.0142,0.0265,0.0265,0.5063
02-JAN-2026,539527,554.60,562.00,-0.0133,0.0309,0.0309,0.5903
02-JAN-2026,539528,60.39,63.56,-0.0512,0.1053,0.1051,2.0079
02-JAN-2026,539533,99.77,102.44,-0.0264,0.1207,0.1204,2.3002
02-JAN-2026,539543,13.12,13.12,0.0000,0.0000,0.0000,0.0000
02-JAN-2026,539544,7.40,7.06,0.0470,0.0389,0.0390,0.7451
02-JAN-2026,539545,35.90,35.90,0.0000,0.0410,0.0409,0.7814
02-JAN-2026,539546,218.45,215.20,0.0150,0.0224,0.0224,0.4280
02-JAN-2026,539552,120.70,118.30,0.0201,0.0341,0.0341,0.6515
02-JAN-2026,539559,6.47,6.17,0.0475,0.0386,0.0386,0.7375
02-JAN-2026,539560,10.00,10.00,0.0000,0.0000,0.0000,0.0000
02-JAN-2026,539561,0.70,0.75,-0.0690,0.0304,0.0307,0.5865
02-JAN-2026,539562,29.92,29.57,0.0118,0.0320,0.0319,0.6094
02-JAN-2026,539574,0.25,0.25,0.0000,0.0374,0.0373,0.7126
02-JAN-2026,539584,0.33,0.33,0.0000,0.0324,0.0323,0.6171
02-JAN-2026,539593,7.07,6.75,0.0463,0.0455,0.0455,0.8693
02-JAN-2026,539594,4.99,5.00,-0.0020,0.0276,0.0275,0.5254
02-JAN-2026,539596,13.00,13.00,0.0000,0.0596,0.0595,1.1367
02-JAN-2026,539598,30.90,30.61,0.0094,0.0316,0.0315,0.6018
02-JAN-2026,539599,28.42,28.42,0.0000,0.0826,0.0824,1.5742
02-JAN-2026,539607,21.63,21.19,0.0206,0.0373,0.0373,0.7126
02-JAN-2026,539620,16.20,16.59,-0.0238,0.0345,0.0344,0.6572
02-JAN-2026,539621,0.63,0.66,-0.0465,0.0346,0.0346,0.6610
02-JAN-2026,539659,57.38,57.38,0.0000,0.0282,0.0281,0.5368
02-JAN-2026,539661,91.07,98.70,-0.0805,0.0271,0.0276,0.5273
02-JAN-2026,539662,10.26,10.15,0.0108,0.0333,0.0332,0.6343
02-JAN-2026,539669,0.98,0.94,0.0417,0.0352,0.0352,0.6725
02-JAN-2026,539673,1.72,1.72,0.0000,0.0484,0.0482,0.9209
02-JAN-2026,539679,3.01,2.99,0.0067,0.0406,0.0405,0.7738
02-JAN-2026,539681,49.88,49.88,0.0000,0.0121,0.0121,0.2312
02-JAN-2026,539682,1202.55,1145.40,0.0487,0.0213,0.0215,0.4108
02-JAN-2026,539683,10.00,10.00,0.0000,0.0000,0.0000,0.0000
02-JAN-2026,539691,10.00,10.00,0.0000,0.0000,0.0000,0.0000
02-JAN-2026,539692,17.78,17.95,-0.0095,0.0355,0.0354,0.6763
02-JAN-2026,539697,51.85,52.90,-0.0200,0.0397,0.0396,0.7566
02-JAN-2026,539724,64.77,67.10,-0.0353,0.0278,0.0278,0.5311
02-JAN-2026,539730,1584.90,1536.25,0.0312,0.0287,0.0287,0.5483
02-JAN-2026,539760,48.40,48.80,-0.0082,0.0365,0.0364,0.6954
02-JAN-2026,539761,1.09,1.04,0.0470,0.0430,0.0430,0.8215
02-JAN-2026,539762,34.52,34.38,0.0041,0.0319,0.0318,0.6075
02-JAN-2026,539767,50.39,48.28,0.0428,0.0416,0.0416,0.7948
02-JAN-2026,539770,35.10,36.92,-0.0506,0.0290,0.0291,0.5560
02-JAN-2026,539773,1.35,1.32,0.0225,0.0255,0.0255,0.4872
02-JAN-2026,539798,26.99,26.74,0.0093,0.0304,0.0303,0.5789
02-JAN-2026,539800,5.70,5.45,0.0449,0.0389,0.0389,0.7432
02-JAN-2026,539814,146.05,153.30,-0.0484,0.0336,0.0337,0.6438
02-JAN-2026,539819,4.10,4.10,0.0000,0.0009,0.0009,0.0172
02-JAN-2026,539834,184.75,183.05,0.0092,0.0313,0.0313,0.5980
02-JAN-2026,539835,1.30,1.30,0.0000,0.0585,0.0583,1.1138
02-JAN-2026,539841,12.97,12.71,0.0202,0.0372,0.0371,0.7088
02-JAN-2026,539854,256.35,256.65,-0.0012,0.0306,0.0305,0.5827
02-JAN-2026,539875,86.06,88.58,-0.0289,0.0356,0.0356,0.6801
02-JAN-2026,539884,2.96,2.93,0.0102,0.0344,0.0343,0.6553
02-JAN-2026,539894,11.75,11.96,-0.0177,0.0315,0.0315,0.6018
02-JAN-2026,539895,39.86,37.97,0.0486,0.1015,0.1013,1.9353
02-JAN-2026,539900,9.07,9.11,-0.0044,0.0347,0.0346,0.6610
02-JAN-2026,539911,17.55,17.90,-0.0197,0.0973,0.0970,1.8532
02-JAN-2026,539921,189.60,192.70,-0.0162,0.0367,0.0366,0.6992
02-JAN-2026,539922,135.15,137.90,-0.0201,0.0187,0.0187,0.3573
02-JAN-2026,539927,312.05,312.05,0.0000,0.0230,0.0230,0.4394
02-JAN-2026,539938,41.23,41.47,-0.0058,0.0313,0.0312,0.5961
02-JAN-2026,539939,75.98,78.27,-0.0297,0.0277,0.0278,0.5311
02-JAN-2026,539946,71.43,62.01,0.1414,0.0461,0.0471,0.8998
02-JAN-2026,539947,46.10,46.44,-0.0073,0.0330,0.0330,0.6305
02-JAN-2026,539956,2982.65,3014.60,-0.0107,0.0281,0.0280,0.5349
02-JAN-2026,539963,10.95,10.89,0.0055,0.0266,0.0266,0.5082
02-JAN-2026,539984,2301.10,2279.00,0.0097,0.0258,0.0258,0.4929
02-JAN-2026,539991,38.79,38.30,0.0127,0.0315,0.0314,0.5999
02-JAN-2026,539997,1104.75,1126.20,-0.0192,0.0315,0.0314,0.5999
02-JAN-2026,540006,3.64,3.60,0.0110,0.0314,0.0313,0.5980
02-JAN-2026,540023,17.22,17.25,-0.0017,0.0333,0.0333,0.6362
02-JAN-2026,540026,7.28,6.80,0.0682,0.0404,0.0406,0.7757
02-JAN-2026,540062,302.20,302.20,0.0000,0.0223,0.0222,0.4241
02-JAN-2026,540066,25.77,25.77,0.0000,0.0011,0.0011,0.0210
02-JAN-2026,540078,108.35,108.05,0.0028,0.0253,0.0253,0.4834
02-JAN-2026,540079,1.85,1.85,0.0000,0.0296,0.0295,0.5636
02-JAN-2026,540080,5.74,5.80,-0.0104,0.0259,0.0259,0.4948
02-JAN-2026,540097,40.22,39.68,0.0135,0.0299,0.0298,0.5693
02-JAN-2026,540132,15.04,15.83,-0.0512,0.0365,0.0366,0.6992
02-JAN-2026,540134,11.05,11.03,0.0018,0.0424,0.0423,0.8081
02-JAN-2026,540135,0.68,0.67,0.0148,0.0297,0.0296,0.5655
02-JAN-2026,540143,101.65,102.97,-0.0129,0.0301,0.0301,0.5751
02-JAN-2026,540147,3.85,3.84,0.0026,0.0284,0.0283,0.5407
02-JAN-2026,540154,924.72,922.71,0.0022,0.0109,0.0108,0.2063
02-JAN-2026,540159,4.84,4.81,0.0062,0.0590,0.0588,1.1234
02-JAN-2026,540168,30.23,30.10,0.0043,0.0279,0.0278,0.5311
02-JAN-2026,540174,24.17,23.68,0.0205,0.0363,0.0362,0.6916
02-JAN-2026,540175,34.37,34.10,0.0079,0.0310,0.0309,0.5903
02-JAN-2026,540181,38.21,37.82,0.0103,0.0388,0.0387,0.7394
02-JAN-2026,540189,9.95,9.76,0.0193,0.0209,0.0209,0.3993
02-JAN-2026,540190,0.60,0.59,0.0168,0.0419,0.0418,0.7986
02-JAN-2026,540192,16.53,16.57,-0.0024,0.0253,0.0252,0.4814
02-JAN-2026,540198,397.80,380.15,0.0454,0.0239,0.0241,0.4604
02-JAN-2026,540199,214.70,225.95,-0.0511,0.0192,0.0195,0.3725
02-JAN-2026,540204,53.99,54.04,-0.0009,0.0307,0.0307,0.5865
02-JAN-2026,540221,29.42,29.42,0.0000,0.0213,0.0213,0.4069
02-JAN-2026,540243,1.40,1.38,0.0144,0.0346,0.0346,0.6610
02-JAN-2026,540252,8.16,8.01,0.0186,0.0289,0.0289,0.5521
02-JAN-2026,540254,41.46,41.45,0.0002,0.0403,0.0402,0.7680
02-JAN-2026,540259,0.29,0.28,0.0351,0.0360,0.0360,0.6878
02-JAN-2026,540266,20.70,20.85,-0.0072,0.0359,0.0358,0.6840
02-JAN-2026,540267,8.41,8.01,0.0487,0.0370,0.0371,0.7088
02-JAN-2026,540270,10.00,10.00,0.0000,0.0000,0.0000,0.0000
02-JAN-2026,540310,53.70,51.16,0.0485,0.0422,0.0422,0.8062
02-JAN-2026,540318,10.00,10.00,0.0000,0.0000,0.0000,0.0000
02-JAN-2026,540359,33.66,33.66,0.0000,0.0494,0.0492,0.9400
02-JAN-2026,540360,3.89,3.94,-0.0128,0.0364,0.0363,0.6935
02-JAN-2026,540361,5.36,5.47,-0.0203,0.0382,0.0381,0.7279
02-JAN-2026,540377,0.57,0.54,0.0541,0.0338,0.0339,0.6477
02-JAN-2026,540386,1.69,1.61,0.0485,0.0425,0.0426,0.8139
02-JAN-2026,540395,108.45,107.50,0.0088,0.0277,0.0276,0.5273
02-JAN-2026,540401,10.96,10.99,-0.0027,0.0223,0.0223,0.4260
02-JAN-2026,540404,244.40,232.80,0.0486,0.0189,0.0191,0.3649
02-JAN-2026,540405,74.24,73.85,0.0053,0.0373,0.0372,0.7107
02-JAN-2026,540455,118.25,113.30,0.0428,0.0315,0.0316,0.6037
02-JAN-2026,540467,78.02,78.02,0.0000,0.0216,0.0216,0.4127
02-JAN-2026,540481,42.40,42.40,0.0000,0.0281,0.0280,0.5349
02-JAN-2026,540492,3.68,3.51,0.0473,0.0370,0.0370,0.7069
02-JAN-2026,540515,11.75,11.78,-0.0025,0.0412,0.0411,0.7852
02-JAN-2026,540519,62.75,62.91,-0.0025,0.0285,0.0285,0.5445
02-JAN-2026,540545,37.11,36.87,0.0065,0.0284,0.0284,0.5426
02-JAN-2026,540570,6.60,6.66,-0.0090,0.0355,0.0354,0.6763
02-JAN-2026,540590,76.17,78.29,-0.0275,0.0287,0.0287,0.5483
02-JAN-2026,540597,20.93,19.99,0.0460,0.0320,0.0321,0.6133
02-JAN-2026,540614,0.55,0.56,-0.0180,0.0302,0.0301,0.5751
02-JAN-2026,540615,4.05,3.98,0.0174,0.0292,0.0292,0.5579
02-JAN-2026,540654,18.61,17.67,0.0518,0.0309,0.0311,0.5942
02-JAN-2026,540686,118.65,116.45,0.0187,0.0298,0.0298,0.5693
02-JAN-2026,540693,17.68,18.04,-0.0202,0.0347,0.0346,0.6610
02-JAN-2026,540694,30.22,29.62,0.0201,0.0300,0.0300,0.5731
02-JAN-2026,540696,8.00,8.00,0.0000,0.0456,0.0455,0.8693
02-JAN-2026,540703,28.28,26.94,0.0485,0.0352,0.0353,0.6744
02-JAN-2026,540717,31.51,31.52,-0.0003,0.0338,0.0337,0.6438
02-JAN-2026,540726,252.40,240.60,0.0479,0.0264,0.0265,0.5063
02-JAN-2026,540727,29.00,29.18,-0.0062,0.0271,0.0271,0.5177
02-JAN-2026,540728,68.31,71.90,-0.0512,0.0330,0.0331,0.6324
02-JAN-2026,540730,1.68,1.70,-0.0118,0.0337,0.0336,0.6419
02-JAN-2026,540737,454.30,445.10,0.0205,0.0261,0.0261,0.4986
02-JAN-2026,540738,9.46,9.70,-0.0251,0.0250,0.0250,0.4776
02-JAN-2026,540786,13.94,13.56,0.0276,0.0372,0.0372,0.7107
02-JAN-2026,540788,63.56,64.44,-0.0138,0.0344,0.0343,0.6553
02-JAN-2026,540796,233.00,233.10,-0.0004,0.0330,0.0330,0.6305
02-JAN-2026,540809,48.99,48.03,0.0198,0.0274,0.0274,0.5235
02-JAN-2026,540821,2.01,2.03,-0.0099,0.0192,0.0192,0.3668
02-JAN-2026,540829,7.08,7.45,-0.0509,0.0372,0.0372,0.7107
02-JAN-2026,540874,79.13,79.47,-0.0043,0.0279,0.0279,0.5330
02-JAN-2026,540904,80.00,76.50,0.0447,0.0310,0.0311,0.5942
02-JAN-2026,540914,3.99,4.04,-0.0125,0.0374,0.0373,0.7126
02-JAN-2026,540936,3.83,3.82,0.0026,0.0257,0.0256,0.4891
02-JAN-2026,540953,2.41,2.38,0.0125,0.0267,0.0267,0.5101
02-JAN-2026,540954,37.20,37.24,-0.0011,0.0295,0.0294,0.5617
02-JAN-2026,540955,7.22,7.30,-0.0110,0.0297,0.0296,0.5655
02-JAN-2026,540956,24.33,23.68,0.0271,0.0282,0.0282,0.5388
02-JAN-2026,540980,28000.00,27999.00,0.0000,0.0275,0.0275,0.5254
02-JAN-2026,541005,72.46,71.76,0.0097,0.0281,0.0280,0.5349
02-JAN-2026,541096,1234.20,1210.00,0.0198,0.0266,0.0265,0.5063
02-JAN-2026,541133,45.60,45.60,0.0000,0.0002,0.0002,0.0038
02-JAN-2026,541144,104.20,105.00,-0.0076,0.0352,0.0351,0.6706
02-JAN-2026,541228,110.85,112.65,-0.0161,0.0401,0.0400,0.7642
02-JAN-2026,541338,16.61,17.06,-0.0267,0.0363,0.0363,0.6935
02-JAN-2026,541347,7.08,7.10,-0.0028,0.0240,0.0239,0.4566
02-JAN-2026,541358,97.35,94.99,0.0245,0.0400,0.0399,0.7623
02-JAN-2026,541444,18.98,18.74,0.0127,0.0332,0.0331,0.6324
02-JAN-2026,541503,56.33,59.28,-0.0510,0.0325,0.0326,0.6228
02-JAN-2026,541601,0.58,0.53,0.0902,0.0362,0.0366,0.6992
02-JAN-2026,541627,7.12,7.18,-0.0084,0.0422,0.0421,0.8043
02-JAN-2026,541633,12.58,12.58,0.0000,0.0000,0.0000,0.0000
02-JAN-2026,541634,20.85,20.35,0.0243,0.0372,0.0372,0.7107
02-JAN-2026,541702,3.24,3.24,0.0000,0.0302,0.0301,0.5751
02-JAN-2026,541735,2.04,2.00,0.0198,0.0483,0.0482,0.9209
02-JAN-2026,541741,107.75,108.10,-0.0032,0.0301,0.0300,0.5731
02-JAN-2026,541771,1.76,1.72,0.0230,0.0274,0.0274,0.5235
02-JAN-2026,541778,38.95,39.38,-0.0110,0.0256,0.0255,0.4872
02-JAN-2026,541865,8.95,8.98,-0.0033,0.0290,0.0289,0.5521
02-JAN-2026,541890,0.34,0.35,-0.0290,0.1614,0.1610,3.0759
02-JAN-2026,541972,949.16,936.34,0.0136,0.0092,0.0092,0.1758
02-JAN-2026,542012,457.95,482.05,-0.0513,0.1002,0.1000,1.9105
02-JAN-2026,542013,179.20,180.00,-0.0045,0.0158,0.0157,0.2999
02-JAN-2026,542019,61.59,62.49,-0.0145,0.0319,0.0319,0.6094
02-JAN-2026,542034,12.48,12.12,0.0293,0.0247,0.0248,0.4738
02-JAN-2026,542046,6.44,6.51,-0.0108,0.0368,0.0367,0.7012
02-JAN-2026,542057,75.35,76.00,-0.0086,0.0265,0.0264,0.5044
02-JAN-2026,542123,145.00,148.00,-0.0205,0.0355,0.0354,0.6763
02-JAN-2026,542176,21.99,21.00,0.0461,0.0452,0.0452,0.8635
02-JAN-2026,542206,3.10,3.14,-0.0128,0.0351,0.0350,0.6687
02-JAN-2026,542248,15.16,15.00,0.0106,0.0327,0.0327,0.6247
02-JAN-2026,542332,23.50,23.50,0.0000,0.0155,0.0155,0.2961
02-JAN-2026,542376,226.10,226.10,0.0000,0.0289,0.0288,0.5502
02-JAN-2026,542459,78.50,77.32,0.0151,0.0268,0.0267,0.5101
02-JAN-2026,542524,34.39,34.39,0.0000,0.0225,0.0225,0.4299
02-JAN-2026,542543,87.95,87.95,0.0000,0.0122,0.0122,0.2331
02-JAN-2026,542544,10.00,10.00,0.0000,0.0000,0.0000,0.0000
02-JAN-2026,542579,5.74,5.77,-0.0052,0.0240,0.0239,0.4566
02-JAN-2026,542627,71.89,72.22,-0.0046,0.0429,0.0428,0.8177
02-JAN-2026,542628,151.35,150.00,0.0090,0.0333,0.0332,0.6343
02-JAN-2026,542654,15.00,15.09,-0.0060,0.0334,0.0333,0.6362
02-JAN-2026,542666,6.97,7.00,-0.0043,0.0298,0.0297,0.5674
02-JAN-2026,542669,43.61,40.55,0.0728,0.0256,0.0260,0.4967
02-JAN-2026,542670,20.95,20.10,0.0414,0.0279,0.0280,0.5349
02-JAN-2026,542679,223.30,215.00,0.0379,0.0404,0.0404,0.7718
02-JAN-2026,542682,61.09,60.89,0.0033,0.0353,0.0352,0.6725
02-JAN-2026,542694,171.50,180.50,-0.0511,0.0485,0.0485,0.9266
02-JAN-2026,542721,391.90,412.50,-0.0512,0.0255,0.0257,0.4910
02-JAN-2026,542724,0.27,0.27,0.0000,0.0395,0.0394,0.7527
02-JAN-2026,542747,92.54,91.64,0.0098,0.0096,0.0096,0.1834
02-JAN-2026,542770,59.75,59.98,-0.0038,0.0283,0.0282,0.5388
02-JAN-2026,542802,2.17,2.18,-0.0046,0.0246,0.0246,0.4700
02-JAN-2026,542803,39.47,38.00,0.0380,0.0313,0.0314,0.5999
02-JAN-2026,542862,18.18,18.19,-0.0005,0.0373,0.0372,0.7107
02-JAN-2026,542864,31.47,31.47,0.0000,0.0026,0.0025,0.0478
02-JAN-2026,542865,12.49,12.31,0.0145,0.0342,0.0342,0.6534
02-JAN-2026,542906,54.78,54.78,0.0000,0.0271,0.0270,0.5158
02-JAN-2026,542911,767.10,767.10,0.0000,0.0306,0.0305,0.5827
02-JAN-2026,542918,8.74,8.37,0.0433,0.0312,0.0313,0.5980
02-JAN-2026,542938,43.60,45.00,-0.0316,0.0383,0.0383,0.7317
02-JAN-2026,543171,1.97,1.94,0.0153,0.0217,0.0216,0.4127
02-JAN-2026,543207,4.57,4.48,0.0199,0.0369,0.0368,0.7031
02-JAN-2026,543208,2.95,2.97,-0.0068,0.0293,0.0292,0.5579
02-JAN-2026,543211,55.39,51.13,0.0800,0.0402,0.0405,0.7738
02-JAN-2026,543225,157.00,153.00,0.0258,0.0157,0.0157,0.2999
02-JAN-2026,543229,226.00,230.00,-0.0175,0.0410,0.0409,0.7814
02-JAN-2026,543230,1542.40,1509.00,0.0219,0.0335,0.0334,0.6381
02-JAN-2026,543241,120.00,119.00,0.0084,0.0335,0.0335,0.6400
02-JAN-2026,543256,18.29,19.25,-0.0512,0.0385,0.0385,0.7355
02-JAN-2026,543284,99.92,100.13,-0.0021,0.0290,0.0289,0.5521
02-JAN-2026,543341,10.50,10.56,-0.0057,0.0387,0.0386,0.7375
02-JAN-2026,543376,81.25,81.99,-0.0091,0.0385,0.0384,0.7336
02-JAN-2026,543499,5.79,5.82,-0.0052,0.0367,0.0366,0.6992
02-JAN-2026,543531,51.35,49.56,0.0355,0.0373,0.0373,0.7126
02-JAN-2026,543737,622.00,650.00,-0.0440,0.0291,0.0292,0.5579
02-JAN-2026,543766,373.35,369.95,0.0091,0.0275,0.0275,0.5254
02-JAN-2026,543860,54.91,57.80,-0.0513,0.0325,0.0326,0.6228
02-JAN-2026,543914,37.55,36.30,0.0339,0.0288,0.0288,0.5502
02-JAN-2026,543925,145.60,145.60,0.0000,0.0068,0.0068,0.1299
02-JAN-2026,543927,36.20,35.06,0.0320,0.0312,0.0312,0.5961
02-JAN-2026,543934,221.60,221.60,0.0000,0.0319,0.0318,0.6075
02-JAN-2026,543976,32.44,32.30,0.0043,0.0306,0.0305,0.5827
02-JAN-2026,543993,368.60,378.95,-0.0277,0.0271,0.0271,0.5177
02-JAN-2026,544005,125.00,125.00,0.0000,0.0054,0.0054,0.1032
02-JAN-2026,544080,820.95,802.00,0.0234,0.0250,0.0249,0.4757
02-JAN-2026,544090,799.50,786.90,0.0159,0.0309,0.0308,0.5884
02-JAN-2026,544112,576.05,581.60,-0.0096,0.0252,0.0251,0.4795
02-JAN-2026,544185,69.30,68.97,0.0048,0.0305,0.0304,0.5808
02-JAN-2026,544186,137.00,134.15,0.0210,0.0237,0.0237,0.4528
02-JAN-2026,544191,52.23,53.15,-0.0175,0.0386,0.0385,0.7355
02-JAN-2026,544205,469.90,468.35,0.0033,0.0218,0.0217,0.4146
02-JAN-2026,544295,1030505.00,1027505.00,0.0029,0.0059,0.0059,0.1127
02-JAN-2026,544308,89.00,90.77,-0.0197,0.0343,0.0342,0.6534
02-JAN-2026,544346,172.60,169.25,0.0196,0.0242,0.0242,0.4623
02-JAN-2026,544361,101.24,96.42,0.0488,0.0232,0.0234,0.4471
02-JAN-2026,544371,75.21,75.08,0.0017,0.0255,0.0255,0.4872
02-JAN-2026,544462,1061000.00,1061000.00,0.0000,0.0025,0.0024,0.0459
02-JAN-2026,544467,1075.25,1060.55,0.0138,0.0167,0.0167,0.3191
02-JAN-2026,544662,31.55,30.05,0.0487,0.0082,0.0089,0.1700
02-JAN-2026,5PAISA,367.85,375.75,-0.0212,0.0245,0.0244,0.4662
02-JAN-2026,63MOONS,725.75,729.10,-0.0046,0.0314,0.0313,0.5980
02-JAN-2026,751068,0.13,0.14,-0.0741,0.0523,0.0524,1.0011
02-JAN-2026,751071,0.12,0.20,-0.5108,0.0354,0.0505,0.9648
02-JAN-2026,751073,7.02,11.66,-0.5074,0.0000,0.0359,0.6859
02-JAN-2026,890197,2.97,3.00,-0.0101,0.0379,0.0378,0.7222
02-JAN-2026,890213,8.98,8.61,0.0421,0.0356,0.0357,0.6820
02-JAN-2026,890217,63.43,66.76,-0.0512,0.0227,0.0229,0.4375
02-JAN-2026,890220,8.43,8.43,0.0000,0.0306,0.0305,0.5827
02-JAN-2026,890225,3.99,3.84,0.0383,0.0238,0.0239,0.4566
02-JAN-2026,890226,9.00,9.41,-0.0445,0.0263,0.0264,0.5044
02-JAN-2026,890229,1.92,1.60,0.1823,0.0244,0.0275,0.5254
02-JAN-2026,890230,135.45,141.20,-0.0416,0.0071,0.0076,0.1452
02-JAN-2026,A2ZINFRA,15.53,15.82,-0.0185,0.0320,0.0319,0.6094
02-JAN-2026,AAATECH,96.90,99.90,-0.0305,0.0333,0.0333,0.6362
02-JAN-2026,AADHARHFC,500.55,481.45,0.0389,0.0170,0.0172,0.3286
02-JAN-2026,AAKASH,8.76,8.71,0.0057,0.0271,0.0270,0.5158
02-JAN-2026,AAREYDRUGS,66.34,67.55,-0.0181,0.0278,0.0278,0.5311
02-JAN-2026,AARON,176.50,169.43,0.0409,0.0293,0.0294,0.5617
02-JAN-2026,AARTECH,48.97,47.56,0.0292,0.0281,0.0281,0.5368
02-JAN-2026,AARTIDRUGS,410.95,416.65,-0.0138,0.0244,0.0244,0.4662
02-JAN-2026,AARTIIND,376.95,375.70,0.0033,0.0200,0.0199,0.3802
02-JAN-2026,AARTIPHARM,742.10,744.15,-0.0028,0.0273,0.0272,0.5197
02-JAN-2026,AARTISURF,387.55,390.95,-0.0087,0.0231,0.0231,0.4413
02-JAN-2026,AARVI,128.69,127.22,0.0115,0.0282,0.0281,0.5368
02-JAN-2026,AASHRIT,74.00,74.00,0.0000,0.0028,0.0028,0.0535
02-JAN-2026,AAVAS,1443.40,1459.15,-0.0109,0.0188,0.0188,0.3592
02-JAN-2026,ABAN,19.86,19.13,0.0374,0.0286,0.0287,0.5483
02-JAN-2026,ABB,5205.25,5176.40,0.0056,0.0177,0.0176,0.3362
02-JAN-2026,ABBOTINDIA,28123.30,28485.10,-0.0128,0.0139,0.0138,0.2636
02-JAN-2026,ABCAPITAL,361.25,361.95,-0.0019,0.0200,0.0199,0.3802
02-JAN-2026,ABCOTS,412.20,411.70,0.0012,0.0131,0.0131,0.2503
02-JAN-2026,ABDL,580.00,601.15,-0.0358,0.0222,0.0223,0.4260
02-JAN-2026,ABFRL,78.16,76.10,0.0267,0.0223,0.0223,0.4260
02-JAN-2026,ABGSEC,111.19,111.16,0.0003,0.0038,0.0038,0.0726
02-JAN-2026,ABINFRA,18.66,17.82,0.0461,0.0239,0.0241,0.4604
02-JAN-2026,ABLBL,125.20,126.45,-0.0099,0.0144,0.0144,0.2751
02-JAN-2026,ABMINTLLTD,42.00,43.35,-0.0316,0.0352,0.0352,0.6725
02-JAN-2026,ABREL,1664.20,1680.65,-0.0098,0.0248,0.0247,0.4719
02-JAN-2026,ABSLAMC,833.55,843.40,-0.0117,0.0201,0.0201,0.3840
02-JAN-2026,ABSLBANETF,61.29,60.90,0.0064,0.0079,0.0079,0.1509
02-JAN-2026,ABSLLIQUID,1000.00,1000.00,0.0000,0.0000,0.0000,0.0000
02-JAN-2026,ABSLNN50ET,73.52,72.93,0.0081,0.0097,0.0097,0.1853
02-JAN-2026,ABSLPSE,10.41,10.19,0.0214,0.0104,0.0105,0.2006
02-JAN-2026,ACC,1748.80,1740.40,0.0048,0.0142,0.0142,0.2713
02-JAN-2026,ACCELYA,1309.20,1309.30,-0.0001,0.0159,0.0158,0.3019
02-JAN-2026,ACCURACY,5.80,5.67,0.0227,0.0252,0.0252,0.4814
02-JAN-2026,ACCUVANT,10.15,10.15,0.0000,0.0000,0.0000,0.0000
02-JAN-2026,ACE,976.80,943.95,0.0342,0.0246,0.0247,0.4719
02-JAN-2026,ACEINTEG,22.74,22.76,-0.0009,0.0296,0.0295,0.5636
02-JAN-2026,ACESTONE,9.45,9.45,0.0000,0.0000,0.0000,0.0000
02-JAN-2026,ACI,562.70,554.00,0.0156,0.0218,0.0218,0.4165
02-JAN-2026,ACL,67.02,65.69,0.0200,0.0252,0.0252,0.4814
02-JAN-2026,ACMESOLAR,240.45,237.85,0.0109,0.0232,0.0232,0.4432
02-JAN-2026,ACUTAAS,1749.20,1750.70,-0.0009,0.0269,0.0268,0.5120
02-JAN-2026,ADANIENSOL,1057.90,1046.35,0.0110,0.0267,0.0266,0.5082
02-JAN-2026,ADANIENT,2279.80,2259.95,0.0087,0.0236,0.0235,0.4490
02-JAN-2026,ADANIGREEN,1038.80,1025.90,0.0125,0.0282,0.0282,0.5388
02-JAN-2026,ADANIPORTS,1489.50,1481.10,0.0057,0.0186,0.0185,0.3534
02-JAN-2026,ADANIPOWER,148.15,148.75,-0.0040,0.0284,0.0283,0.5407
02-JAN-2026,ADFFOODS,204.10,204.15,-0.0002,0.0269,0.0268,0.5120
02-JAN-2026,ADL,79.23,77.51,0.0219,0.0312,0.0312,0.5961
02-JAN-2026,ADOR,1037.70,1043.10,-0.0052,0.0216,0.0215,0.4108
02-JAN-2026,ADROITINFO,10.13,10.16,-0.0030,0.0273,0.0273,0.5216
02-JAN-2026,ADSL,155.45,152.45,0.0195,0.0303,0.0303,0.5789
02-JAN-2026,ADVANCE,121.25,121.40,-0.0012,0.0192,0.0192,0.3668
02-JAN-2026,ADVANIHOTR,58.08,58.12,-0.0007,0.0200,0.0200,0.3821
02-JAN-2026,ADVENTHTL,235.50,224.75,0.0467,0.0201,0.0204,0.3897
02-JAN-2026,ADVENZYMES,302.15,304.05,-0.0063,0.0224,0.0224,0.4280
02-JAN-2026,AEGISLOG,726.15,713.25,0.0179,0.0279,0.0279,0.5330
02-JAN-2026,AEGISVOPAK,248.80,252.25,-0.0138,0.0171,0.0171,0.3267
02-JAN-2026,AEQUS,137.35,138.20,-0.0062,0.0121,0.0121,0.2312
02-JAN-2026,AEROENTER,87.89,84.92,0.0344,0.0271,0.0272,0.5197
02-JAN-2026,AEROFLEX,197.55,192.60,0.0254,0.0283,0.0283,0.5407
02-JAN-2026,AERONEU,74.95,75.09,-0.0019,0.0354,0.0353,0.6744
02-JAN-2026,AETHER,944.10,899.00,0.0489,0.0191,0.0194,0.3706
02-JAN-2026,AFCONS,390.85,392.95,-0.0054,0.0171,0.0171,0.3267
02-JAN-2026,AFDIL,145.50,145.50,0.0000,0.0000,0.0000,0.0000
02-JAN-2026,AFFLE,1782.70,1781.40,0.0007,0.0198,0.0198,0.3783
02-JAN-2026,AFFORDABLE,208.80,204.15,0.0225,0.0330,0.0329,0.6286
02-JAN-2026,AFIL,6.43,6.41,0.0031,0.0285,0.0285,0.5445
02-JAN-2026,AFSL,202.45,202.65,-0.0010,0.0250,0.0249,0.4757
02-JAN-2026,AGARIND,720.05,710.30,0.0136,0.0247,0.0246,0.4700
02-JAN-2026,AGARWALEYE,501.95,500.25,0.0034,0.0161,0.0160,0.3057
02-JAN-2026,AGI,759.55,752.40,0.0095,0.0268,0.0268,0.5120
02-JAN-2026,AGIIL,273.40,262.75,0.0397,0.0301,0.0302,0.5770
02-JAN-2026,AGRITECH,153.15,151.65,0.0098,0.0345,0.0344,0.6572
02-JAN-2026,AGROPHOS,40.48,41.46,-0.0239,0.0315,0.0314,0.5999
02-JAN-2026,AGSTRA,4.15,4.16,-0.0024,0.0322,0.0321,0.6133
02-JAN-2026,AHCL,154.75,148.30,0.0426,0.0173,0.0175,0.3343
02-JAN-2026,AHLADA,47.43,47.95,-0.0109,0.0264,0.0263,0.5025
02-JAN-2026,AHLEAST,147.55,138.35,0.0644,0.0215,0.0219,0.4184
02-JAN-2026,AHLUCONT,960.45,959.20,0.0013,0.0231,0.0230,0.4394
02-JAN-2026,AIAENG,4089.80,4030.10,0.0147,0.0162,0.0162,0.3095
02-JAN-2026,AIIL,3045.80,3136.15,-0.0292,0.0302,0.0302,0.5770
02-JAN-2026,AIRAN,18.32,18.04,0.0154,0.0263,0.0262,0.5006
02-JAN-2026,AIROLAM,101.01,101.58,-0.0056,0.0271,0.0271,0.5177
02-JAN-2026,AJANTPHARM,2948.50,2938.35,0.0034,0.0189,0.0189,0.3611
02-JAN-2026,AJAXENGG,595.10,591.20,0.0066,0.0181,0.0181,0.3458
02-JAN-2026,AJMERA,1001.85,959.60,0.0431,0.0273,0.0274,0.5235
02-JAN-2026,AJOONI,4.33,4.33,0.0000,0.0263,0.0263,0.5025
02-JAN-2026,AKASH,25.76,25.27,0.0192,0.0290,0.0289,0.5521
02-JAN-2026,AKG,12.56,12.30,0.0209,0.0262,0.0262,0.5006
02-JAN-2026,AKI,6.79,6.58,0.0314,0.0307,0.0307,0.5865
02-JAN-2026,AKSHAR,0.50,0.49,0.0202,0.0285,0.0284,0.5426
02-JAN-2026,AKSHARCHEM,239.10,243.50,-0.0182,0.0258,0.0258,0.4929
02-JAN-2026,AKSHOPTFBR,6.50,6.39,0.0171,0.0321,0.0320,0.6114
02-JAN-2026,AKUMS,451.85,445.90,0.0133,0.0206,0.0206,0.3936
02-JAN-2026,AKZOINDIA,3211.95,3185.85,0.0082,0.0206,0.0205,0.3917
02-JAN-2026,ALANKIT,10.87,10.77,0.0092,0.0239,0.0239,0.4566
02-JAN-2026,ALBERTDAVD,752.65,739.50,0.0176,0.0228,0.0228,0.4356
02-JAN-2026,ALEMBICLTD,103.35,102.05,0.0127,0.0217,0.0216,0.4127
02-JAN-2026,ALICON,847.20,821.10,0.0313,0.0251,0.0251,0.4795
02-JAN-2026,ALIVUS,913.00,907.60,0.0059,0.0221,0.0221,0.4222
02-JAN-2026,ALKALI,81.10,80.90,0.0025,0.0271,0.0270,0.5158
02-JAN-2026,ALKEM,5592.40,5463.50,0.0233,0.0134,0.0135,0.2579
02-JAN-2026,ALKYLAMINE,1607.10,1618.40,-0.0070,0.0188,0.0188,0.3592
02-JAN-2026,ALLCARGO,11.44,10.64,0.0725,0.0262,0.0267,0.5101
02-JAN-2026,ALLDIGI,837.00,867.10,-0.0353,0.0205,0.0206,0.3936
02-JAN-2026,ALLTIME,263.35,262.15,0.0046,0.0143,0.0143,0.2732
02-JAN-2026,ALMONDZ,18.67,18.15,0.0282,0.0308,0.0308,0.5884
02-JAN-2026,ALOKINDS,16.26,16.11,0.0093,0.0252,0.0251,0.4795
02-JAN-2026,ALPA,78.04,78.84,-0.0102,0.0262,0.0261,0.4986
02-JAN-2026,ALPHA,48.45,48.20,0.0052,0.0119,0.0118,0.2254
02-JAN-2026,ALPHAETF,25.31,25.06,0.0099,0.0110,0.0110,0.2102
02-JAN-2026,ALPHAGEO,229.70,226.55,0.0138,0.0264,0.0263,0.5025
02-JAN-2026,ALPL30IETF,28.03,27.94,0.0032,0.0073,0.0073,0.1395
02-JAN-2026,AMANTA,109.75,106.90,0.0263,0.0134,0.0135,0.2579
02-JAN-2026,AMARKANTAK,11.95,11.95,0.0000,0.0000,0.0000,0.0000
02-JAN-2026,AMARVAN,10.00,10.00,0.0000,0.0000,0.0000,0.0000
02-JAN-2026,AMBER,6482.45,6447.50,0.0054,0.0270,0.0269,0.5139
02-JAN-2026,AMBICAAGAR,25.54,25.19,0.0138,0.0252,0.0251,0.4795
02-JAN-2026,AMBIKCO,1247.20,1243.20,0.0032,0.0177,0.0177,0.3382
02-JAN-2026,AMBUJACEM,565.40,559.70,0.0101,0.0162,0.0162,0.3095
02-JAN-2026,AMDIND,47.32,47.87,-0.0116,0.0305,0.0304,0.5808
02-JAN-2026,AMJLAND,51.37,52.76,-0.0267,0.0271,0.0271,0.5177
02-JAN-2026,AMNPLST,192.55,191.20,0.0070,0.0308,0.0307,0.5865
02-JAN-2026,AMRITINDIA,1614.35,1614.35,0.0000,0.0011,0.0011,0.0210
02-JAN-2026,AMRUTANJAN,672.70,667.20,0.0082,0.0175,0.0175,0.3343
02-JAN-2026,ANANDRATHI,3079.35,3094.85,-0.0050,0.0192,0.0192,0.3668
02-JAN-2026,ANANTAM,103.98,103.85,0.0013,0.0035,0.0035,0.0669
02-JAN-2026,ANANTRAJ,584.10,552.50,0.0556,0.0315,0.0317,0.6056
02-JAN-2026,ANDHRAPAP,67.45,67.01,0.0065,0.0192,0.0191,0.3649
02-JAN-2026,ANDHRSUGAR,75.98,75.91,0.0009,0.0199,0.0199,0.3802
02-JAN-2026,ANGELONE,2387.90,2362.85,0.0105,0.0271,0.0270,0.5158
02-JAN-2026,ANIKINDS,51.80,51.81,-0.0002,0.0313,0.0312,0.5961
02-JAN-2026,ANKITMETAL,1.77,1.76,0.0057,0.0285,0.0284,0.5426
02-JAN-2026,ANMOL,14.26,13.87,0.0277,0.0251,0.0252,0.4814
02-JAN-2026,ANSALAPI,3.33,3.36,-0.0090,0.0232,0.0232,0.4432
02-JAN-2026,ANTELOPUS,406.65,411.25,-0.0112,0.0315,0.0314,0.5999
02-JAN-2026,ANTGRAPHIC,1.04,1.07,-0.0284,0.0325,0.0325,0.6209
02-JAN-2026,ANTHEM,654.40,638.10,0.0252,0.0136,0.0136,0.2598
02-JAN-2026,ANUHPHR,80.26,78.69,0.0198,0.0236,0.0236,0.4509
02-JAN-2026,ANUP,2256.40,2230.55,0.0115,0.0269,0.0269,0.5139
02-JAN-2026,ANURAS,1325.30,1326.50,-0.0009,0.0175,0.0174,0.3324
02-JAN-2026,ANZEN,116.00,117.35,-0.0116,0.0121,0.0121,0.2312
02-JAN-2026,AONEGOLD,12.61,12.51,0.0080,0.0078,0.0078,0.1490
02-JAN-2026,AONELIQUID,1041.43,1040.99,0.0004,0.0002,0.0002,0.0038
02-JAN-2026,AONENIFTY,10.77,10.70,0.0065,0.0034,0.0034,0.0650
02-JAN-2026,AONETMMQ50,9.70,9.64,0.0062,0.0026,0.0027,0.0516
02-JAN-2026,AONETOTAL,12.14,12.06,0.0066,0.0055,0.0055,0.1051
02-JAN-2026,APARINDS,8264.55,8327.60,-0.0076,0.0274,0.0273,0.5216
02-JAN-2026,APCL,124.75,127.65,-0.0230,0.0263,0.0263,0.5025
02-JAN-2026,APCOTEXIND,370.80,366.05,0.0129,0.0196,0.0196,0.3745
02-JAN-2026,APEX,295.95,290.65,0.0181,0.0328,0.0327,0.6247
02-JAN-2026,APLAPOLLO,1931.90,1970.00,-0.0195,0.0168,0.0168,0.3210
02-JAN-2026,APLLTD,835.05,837.70,-0.0032,0.0203,0.0202,0.3859
02-JAN-2026,APOLLO,271.90,276.00,-0.0150,0.0353,0.0352,0.6725
02-JAN-2026,APOLLOHOSP,7129.50,7111.50,0.0025,0.0129,0.0129,0.2465
02-JAN-2026,APOLLOPIPE,289.70,293.60,-0.0134,0.0240,0.0240,0.4585
02-JAN-2026,APOLLOTYRE,497.25,494.20,0.0062,0.0167,0.0166,0.3171
02-JAN-2026,APOLSINHOT,1188.00,1208.60,-0.0172,0.0252,0.0252,0.4814
02-JAN-2026,APTECHT,94.02,89.82,0.0457,0.0263,0.0265,0.5063
02-JAN-2026,APTUS,283.80,282.05,0.0062,0.0189,0.0189,0.3611
02-JAN-2026,ARCHIDPLY,89.43,90.90,-0.0163,0.0280,0.0279,0.5330
02-JAN-2026,ARCHIES,18.45,18.50,-0.0027,0.0281,0.0280,0.5349
02-JAN-2026,ARE&M,928.30,927.75,0.0006,0.0179,0.0179,0.3420
02-JAN-2026,ARENTERP,44.93,46.97,-0.0444,0.0361,0.0361,0.6897
02-JAN-2026,ARFIN,74.79,74.88,-0.0012,0.0286,0.0285,0.5445
02-JAN-2026,ARIES,345.45,327.15,0.0544,0.0296,0.0297,0.5674
02-JAN-2026,ARIHANTCAP,90.57,89.49,0.0120,0.0327,0.0326,0.6228
02-JAN-2026,ARIHANTSUP,343.00,344.10,-0.0032,0.0245,0.0244,0.4662
02-JAN-2026,ARISINFRA,131.45,128.40,0.0235,0.0186,0.0187,0.3573
02-JAN-2026,ARKADE,137.20,135.90,0.0095,0.0217,0.0217,0.4146
02-JAN-2026,ARMANFIN,1521.00,1568.35,-0.0307,0.0257,0.0258,0.4929
02-JAN-2026,AROGRANITE,32.88,33.04,-0.0049,0.0286,0.0285,0.5445
02-JAN-2026,ARROWGREEN,516.00,502.35,0.0268,0.0337,0.0336,0.6419
02-JAN-2026,ARSHIYA,1.25,1.30,-0.0392,0.0332,0.0332,0.6343
02-JAN-2026,ARSSBL,656.50,632.70,0.0369,0.0175,0.0176,0.3362
02-JAN-2026,ARTEMISMED,276.15,279.05,-0.0104,0.0231,0.0231,0.4413
02-JAN-2026,ARTNIRMAN,46.67,47.70,-0.0218,0.0347,0.0346,0.6610
02-JAN-2026,ARVEE,199.93,204.13,-0.0208,0.0431,0.0430,0.8215
02-JAN-2026,ARVIND,318.35,318.65,-0.0009,0.0238,0.0238,0.4547
02-JAN-2026,ARVINDFASN,510.55,507.95,0.0051,0.0232,0.0232,0.4432
02-JAN-2026,ARVSMART,594.30,596.25,-0.0033,0.0236,0.0235,0.4490
02-JAN-2026,ASAHIINDIA,992.10,997.60,-0.0055,0.0226,0.0225,0.4299
02-JAN-2026,ASAHISONG,260.95,262.20,-0.0048,0.0316,0.0315,0.6018
02-JAN-2026,ASAL,484.95,482.45,0.0052,0.0298,0.0297,0.5674
02-JAN-2026,ASALCBR,952.35,950.50,0.0019,0.0308,0.0308,0.5884
02-JAN-2026,ASHAPURMIN,901.05,862.30,0.0440,0.0339,0.0339,0.6477
02-JAN-2026,ASHIANA,286.00,283.05,0.0104,0.0220,0.0219,0.4184
02-JAN-2026,ASHIMASYN,19.46,19.20,0.0135,0.0357,0.0356,0.6801
02-JAN-2026,ASHOKA,169.35,167.90,0.0086,0.0247,0.0246,0.4700
02-JAN-2026,ASHOKAMET,15.68,15.57,0.0070,0.0274,0.0273,0.5216
02-JAN-2026,ASHOKLEY,188.80,184.85,0.0211,0.0184,0.0184,0.3515
02-JAN-2026,ASIANENE,288.10,283.30,0.0168,0.0318,0.0317,0.6056
02-JAN-2026,ASIANHOTNR,323.85,327.60,-0.0115,0.0265,0.0265,0.5063
02-JAN-2026,ASIANPAINT,2772.60,2752.00,0.0075,0.0130,0.0130,0.2484
02-JAN-2026,ASIANTILES,76.64,76.52,0.0016,0.0253,0.0252,0.4814
02-JAN-2026,ASKAUTOLTD,482.05,478.25,0.0079,0.0214,0.0214,0.4088
02-JAN-2026,ASMS,12.00,11.95,0.0042,0.0345,0.0345,0.6591
02-JAN-2026,ASPINWALL,241.05,257.15,-0.0647,0.0287,0.0290,0.5540
02-JAN-2026,ASTEC,715.10,709.15,0.0084,0.0307,0.0306,0.5846
02-JAN-2026,ASTERDM,613.90,606.70,0.0118,0.0198,0.0198,0.3783
02-JAN-2026,ASTRAL,1453.40,1434.90,0.0128,0.0172,0.0172,0.3286
02-JAN-2026,ASTRAMICRO,963.30,983.00,-0.0202,0.0258,0.0258,0.4929
02-JAN-2026,ASTRAZEN,8601.60,8777.50,-0.0202,0.0217,0.0217,0.4146
02-JAN-2026,ASTRON,6.03,6.05,-0.0033,0.0310,0.0309,0.5903
02-JAN-2026,ATALREAL,25.97,26.00,-0.0012,0.0246,0.0245,0.4681
02-JAN-2026,ATAM,82.58,82.40,0.0022,0.0281,0.0280,0.5349
02-JAN-2026,ATGL,587.65,594.10,-0.0109,0.0273,0.0273,0.5216
02-JAN-2026,ATHERENERG,741.55,738.55,0.0041,0.0228,0.0227,0.4337
02-JAN-2026,ATL,28.20,28.37,-0.0060,0.0275,0.0274,0.5235
02-JAN-2026,ATLANTAA,44.45,44.07,0.0086,0.0414,0.0413,0.7890
02-JAN-2026,ATLANTAELE,907.35,893.70,0.0152,0.0173,0.0173,0.3305
02-JAN-2026,ATLASCYCLE,104.40,107.15,-0.0260,0.0398,0.0397,0.7585
02-JAN-2026,ATUL,6109.35,6168.85,-0.0097,0.0169,0.0169,0.3229
02-JAN-2026,ATULAUTO,464.10,473.80,-0.0207,0.0273,0.0273,0.5216
02-JAN-2026,AUBANK,999.40,999.45,-0.0001,0.0183,0.0182,0.3477
02-JAN-2026,AURIGROW,0.70,0.73,-0.0420,0.0506,0.0506,0.9667
02-JAN-2026,AURIONPRO,1086.20,1060.40,0.0240,0.0292,0.0292,0.5579
02-JAN-2026,AUROPHARMA,1215.40,1193.00,0.0186,0.0168,0.0168,0.3210
02-JAN-2026,AURUM,187.10,188.25,-0.0061,0.0257,0.0257,0.4910
02-JAN-2026,AUSOMENT,110.65,110.65,0.0000,0.0297,0.0297,0.5674
02-JAN-2026,AUTOAXLES,1969.20,1881.70,0.0455,0.0167,0.0170,0.3248
02-JAN-2026,AUTOBEES,296.09,292.80,0.0112,0.0103,0.0103,0.1968
02-JAN-2026,AUTOIETF,29.65,29.29,0.0122,0.0102,0.0102,0.1949
02-JAN-2026,AUTOIND,79.35,79.78,-0.0054,0.0287,0.0286,0.5464
02-JAN-2026,AVADHSUGAR,373.60,366.40,0.0195,0.0233,0.0233,0.4451
02-JAN-2026,AVALON,893.70,882.35,0.0128,0.0290,0.0290,0.5540
02-JAN-2026,AVANTEL,157.65,156.50,0.0073,0.0294,0.0293,0.5598
02-JAN-2026,AVANTIFEED,880.25,878.50,0.0020,0.0274,0.0273,0.5216
02-JAN-2026,AVG,175.20,175.40,-0.0011,0.0303,0.0302,0.5770
02-JAN-2026,AVL,483.60,482.00,0.0033,0.0273,0.0273,0.5216
02-JAN-2026,AVONMORE,18.65,18.69,-0.0021,0.0309,0.0309,0.5903
02-JAN-2026,AVROIND,117.85,118.95,-0.0093,0.0296,0.0295,0.5636
02-JAN-2026,AVTNPL,67.51,67.03,0.0071,0.0198,0.0198,0.3783
02-JAN-2026,AWFIS,493.90,498.40,-0.0091,0.0225,0.0224,0.4280
02-JAN-2026,AWHCL,492.65,486.00,0.0136,0.0270,0.0269,0.5139
02-JAN-2026,AWL,236.80,239.45,-0.0111,0.0210,0.0210,0.4012
02-JAN-2026,AXISBANK,1266.90,1274.35,-0.0059,0.0135,0.0135,0.2579
02-JAN-2026,AXISBNKETF,617.08,613.10,0.0065,0.0077,0.0077,0.1471
02-JAN-2026,AXISBPSETF,13.12,13.12,0.0000,0.0023,0.0023,0.0439
02-JAN-2026,AXISCADES,1373.80,1341.70,0.0236,0.0326,0.0326,0.6228
02-JAN-2026,AXISCETF,125.76,126.49,-0.0058,0.0087,0.0087,0.1662
02-JAN-2026,AXISGOLD,112.90,111.43,0.0131,0.0117,0.0117,0.2235
02-JAN-2026,AXISHCETF,149.29,148.77,0.0035,0.0094,0.0094,0.1796
02-JAN-2026,AXISILVER,230.91,225.11,0.0254,0.0195,0.0195,0.3725
02-JAN-2026,AXISNIFTY,288.97,286.71,0.0079,0.0069,0.0069,0.1318
02-JAN-2026,AXISTECETF,418.03,416.48,0.0037,0.0120,0.0120,0.2293
02-JAN-2026,AXISVALUE,32.28,31.69,0.0184,0.0072,0.0073,0.1395
02-JAN-2026,AXITA,11.74,12.35,-0.0507,0.0196,0.0199,0.3802
02-JAN-2026,AXSENSEX,88.09,87.80,0.0033,0.0078,0.0078,0.1490
02-JAN-2026,AYMSYNTEX,170.20,170.60,-0.0023,0.0282,0.0282,0.5388
02-JAN-2026,AZAD,1652.70,1625.80,0.0164,0.0247,0.0247,0.4719
02-JAN-2026,BAFNAPH,151.30,148.40,0.0194,0.0316,0.0316,0.6037
02-JAN-2026,BAGFILMS,6.27,6.27,0.0000,0.0293,0.0292,0.5579
02-JAN-2026,BAIDFIN,11.06,11.05,0.0009,0.0292,0.0291,0.5560
02-JAN-2026,BAJAJ-AUTO,9502.45,9558.20,-0.0058,0.0148,0.0147,0.2808
02-JAN-2026,BAJAJCON,267.35,265.70,0.0062,0.0226,0.0225,0.4299
02-JAN-2026,BAJAJELEC,479.35,474.70,0.0097,0.0177,0.0177,0.3382
02-JAN-2026,BAJAJFINSV,2038.40,2037.00,0.0007,0.0145,0.0145,0.2770
02-JAN-2026,BAJAJHCARE,418.60,424.65,-0.0143,0.0298,0.0297,0.5674
02-JAN-2026,BAJAJHFL,96.62,96.11,0.0053,0.0151,0.0150,0.2866
02-JAN-2026,BAJAJHIND,18.68,18.46,0.0118,0.0263,0.0263,0.5025
02-JAN-2026,BAJAJHLDNG,11181.80,11342.10,-0.0142,0.0206,0.0206,0.3936
02-JAN-2026,BAJAJINDEF,357.60,363.75,-0.0171,0.0295,0.0294,0.5617
02-JAN-2026,BAJEL,174.45,172.95,0.0086,0.0263,0.0263,0.5025
02-JAN-2026,BAJFINANCE,990.45,973.05,0.0177,0.0162,0.0162,0.3095
02-JAN-2026,BALAJEE,40.38,39.41,0.0243,0.0233,0.0233,0.4451
02-JAN-2026,BALAJITELE,107.30,105.65,0.0155,0.0311,0.0310,0.5923
02-JAN-2026,BALAMINES,1109.90,1109.60,0.0003,0.0220,0.0220,0.4203
02-JAN-2026,BALAXI,27.06,28.29,-0.0445,0.0288,0.0289,0.5521
02-JAN-2026,BALKRISHNA,18.47,18.21,0.0142,0.0263,0.0263,0.5025
02-JAN-2026,BALKRISIND,2368.65,2316.30,0.0223,0.0165,0.0166,0.3171
02-JAN-2026,BALMLAWRIE,184.40,184.75,-0.0019,0.0205,0.0204,0.3897
02-JAN-2026,BALPHARMA,73.15,73.02,0.0018,0.0256,0.0255,0.4872
02-JAN-2026,BALRAMCHIN,438.55,438.30,0.0006,0.0212,0.0212,0.4050
02-JAN-2026,BALUFORGE,596.40,600.10,-0.0062,0.0307,0.0306,0.5846
02-JAN-2026,BANARBEADS,127.40,125.15,0.0178,0.0264,0.0264,0.5044
02-JAN-2026,BANARISUG,3602.40,3600.60,0.0005,0.0170,0.0169,0.3229
02-JAN-2026,BANCOINDIA,708.75,682.60,0.0376,0.0352,0.0352,0.6725
02-JAN-2026,BANDHANBNK,144.45,144.20,0.0017,0.0216,0.0216,0.4127
02-JAN-2026,BANG,48.19,47.64,0.0115,0.0297,0.0297,0.5674
02-JAN-2026,BANKA,67.63,66.98,0.0097,0.0319,0.0318,0.6075
02-JAN-2026,BANKADD,61.26,60.81,0.0074,0.0202,0.0201,0.3840
02-JAN-2026,BANKBARODA,305.05,300.75,0.0142,0.0174,0.0174,0.3324
02-JAN-2026,BANKBEES,619.91,615.29,0.0075,0.0076,0.0076,0.1452
02-JAN-2026,BANKBETA,61.82,61.49,0.0054,0.0079,0.0079,0.1509
02-JAN-2026,BANKBETF,60.81,60.35,0.0076,0.0090,0.0090,0.1719
02-JAN-2026,BANKETF,609.61,605.39,0.0069,0.0075,0.0074,0.1414
02-JAN-2026,BANKIETF,61.44,61.00,0.0072,0.0078,0.0078,0.1490
02-JAN-2026,BANKINDIA,149.20,147.00,0.0149,0.0197,0.0197,0.3764
02-JAN-2026,BANKNIFTY1,621.69,617.61,0.0066,0.0081,0.0081,0.1548
02-JAN-2026,BANKPSU,87.50,85.97,0.0176,0.0117,0.0117,0.2235
02-JAN-2026,BANSALWIRE,311.25,305.40,0.0190,0.0186,0.0186,0.3554
02-JAN-2026,BANSWRAS,114.40,115.95,-0.0135,0.0224,0.0224,0.4280
02-JAN-2026,BASF,3934.90,3915.40,0.0050,0.0206,0.0206,0.3936
02-JAN-2026,BASML,26.19,26.30,-0.0042,0.0285,0.0284,0.5426
02-JAN-2026,BATAINDIA,950.05,946.70,0.0035,0.0152,0.0151,0.2885
02-JAN-2026,BAYERCROP,4536.25,4543.10,-0.0015,0.0169,0.0169,0.3229
02-JAN-2026,BBETF0432,1314.86,1313.83,0.0008,0.0018,0.0018,0.0344
02-JAN-2026,BBL,2759.70,2675.85,0.0309,0.0270,0.0270,0.5158
02-JAN-2026,BBNPNBETF,60.33,60.49,-0.0026,0.0072,0.0072,0.1376
02-JAN-2026,BBNPPGOLD,130.85,129.45,0.0108,0.0125,0.0125,0.2388
02-JAN-2026,BBOX,557.40,547.05,0.0187,0.0287,0.0287,0.5483
02-JAN-2026,BBTC,1880.85,1867.60,0.0071,0.0235,0.0235,0.4490
02-JAN-2026,BBTCL,194.40,189.65,0.0247,0.0244,0.0244,0.4662
02-JAN-2026,BCG,10.55,10.62,-0.0066,0.0460,0.0459,0.8769
02-JAN-2026,BCLIND,32.74,32.58,0.0049,0.0242,0.0242,0.4623
02-JAN-2026,BCONCEPTS,338.55,353.05,-0.0419,0.0331,0.0332,0.6343
02-JAN-2026,BDL,1495.00,1481.50,0.0091,0.0264,0.0263,0.5025
02-JAN-2026,BEARDSELL,30.33,30.00,0.0109,0.0332,0.0331,0.6324
02-JAN-2026,BECTORFOOD,244.50,247.20,-0.0110,0.0233,0.0232,0.4432
02-JAN-2026,BEDMUTHA,111.40,109.00,0.0218,0.0264,0.0263,0.5025
02-JAN-2026,BEL,403.15,397.70,0.0136,0.0186,0.0186,0.3554
02-JAN-2026,BELLACASA,379.50,361.95,0.0473,0.0325,0.0326,0.6228
02-JAN-2026,BELRISE,185.05,184.10,0.0051,0.0178,0.0178,0.3401
02-JAN-2026,BEML,1857.85,1847.45,0.0056,0.0283,0.0283,0.5407
02-JAN-2026,BEPL,91.24,90.65,0.0065,0.0214,0.0213,0.4069
02-JAN-2026,BERGEPAINT,524.10,533.90,-0.0185,0.0152,0.0152,0.2904
02-JAN-2026,BESTAGRO,390.30,382.25,0.0208,0.0327,0.0327,0.6247
02-JAN-2026,BETA,1629.40,1545.40,0.0529,0.0079,0.0087,0.1662
02-JAN-2026,BFINVEST,418.45,415.60,0.0068,0.0222,0.0221,0.4222
02-JAN-2026,BFSI,28.80,28.59,0.0073,0.0083,0.0083,0.1586
02-JAN-2026,BFUTILITIE,689.05,681.70,0.0107,0.0299,0.0298,0.5693
02-JAN-2026,BGRENERGY,359.20,364.25,-0.0140,0.0362,0.0361,0.6897
02-JAN-2026,BHAGCHEM,200.60,206.00,-0.0266,0.0243,0.0243,0.4643
02-JAN-2026,BHAGERIA,183.55,180.60,0.0162,0.0291,0.0290,0.5540
02-JAN-2026,BHAGYANGR,161.30,159.20,0.0131,0.0334,0.0333,0.6362
02-JAN-2026,BHANDARI,4.24,4.00,0.0583,0.0254,0.0256,0.4891
02-JAN-2026,BHARATFORG,1477.25,1464.40,0.0087,0.0186,0.0186,0.3554
02-JAN-2026,BHARATGEAR,117.30,112.80,0.0391,0.0305,0.0305,0.5827
02-JAN-2026,BHARATRAS,2201.95,2216.10,-0.0064,0.0258,0.0258,0.4929
02-JAN-2026,BHARATSE,177.50,172.85,0.0265,0.0345,0.0345,0.6591
02-JAN-2026,BHARATWIRE,186.65,179.80,0.0374,0.0331,0.0331,0.6324
02-JAN-2026,BHARTIARTL,2106.30,2110.35,-0.0019,0.0128,0.0127,0.2426
02-JAN-2026,BHARTIHEXA,1802.10,1810.40,-0.0046,0.0210,0.0210,0.4012
02-JAN-2026,BHEL,299.50,291.45,0.0272,0.0228,0.0228,0.4356
02-JAN-2026,BIGBLOC,73.06,75.04,-0.0267,0.0322,0.0322,0.6152
02-JAN-2026,BIKAJI,735.60,738.40,-0.0038,0.0192,0.0191,0.3649
02-JAN-2026,BIL,735.35,726.05,0.0127,0.0290,0.0290,0.5540
02-JAN-2026,BILVYAPAR,7.54,7.44,0.0134,0.0348,0.0347,0.6629
02-JAN-2026,BIOCON,392.95,387.75,0.0133,0.0198,0.0198,0.3783
02-JAN-2026,BIOFILCHEM,33.50,32.98,0.0156,0.0257,0.0256,0.4891
02-JAN-2026,BIRET,334.49,333.57,0.0028,0.0108,0.0108,0.2063
02-JAN-2026,BIRLACABLE,136.55,135.70,0.0062,0.0267,0.0267,0.5101
02-JAN-2026,BIRLACORPN,1109.30,1110.10,-0.0007,0.0205,0.0204,0.3897
02-JAN-2026,BIRLAMONEY,144.65,142.55,0.0146,0.0268,0.0267,0.5101
02-JAN-2026,BIRLANU,1741.05,1695.30,0.0266,0.0192,0.0193,0.3687
02-JAN-2026,BIUL,52.35,52.35,0.0000,0.0450,0.0449,0.8578
02-JAN-2026,BLACKBUCK,699.10,674.55,0.0357,0.0268,0.0268,0.5120
02-JAN-2026,BLAL,207.20,205.75,0.0070,0.0204,0.0204,0.3897
02-JAN-2026,BLBLIMITED,13.81,13.97,-0.0115,0.0281,0.0281,0.5368
02-JAN-2026,BLISSGVS,162.80,162.10,0.0043,0.0345,0.0345,0.6591
02-JAN-2026,BLKASHYAP,53.49,52.87,0.0117,0.0288,0.0287,0.5483
02-JAN-2026,BLS,316.80,317.10,-0.0009,0.0276,0.0275,0.5254
02-JAN-2026,BLSE,199.35,202.35,-0.0149,0.0276,0.0275,0.5254
02-JAN-2026,BLUECOAST,34.72,33.73,0.0289,0.0621,0.0620,1.1845
02-JAN-2026,BLUEDART,5593.95,5676.00,-0.0146,0.0202,0.0202,0.3859
02-JAN-2026,BLUEJET,531.10,529.00,0.0040,0.0284,0.0283,0.5407
02-JAN-2026,BLUESTARCO,1816.05,1772.30,0.0244,0.0207,0.0208,0.3974
02-JAN-2026,BLUESTONE,500.75,476.65,0.0493,0.0193,0.0196,0.3745
02-JAN-2026,BLUSPRING,65.97,65.04,0.0142,0.0191,0.0191,0.3649
02-JAN-2026,BMWVENTLTD,57.52,58.05,-0.0092,0.0136,0.0136,0.2598
02-JAN-2026,BODALCHEM,54.00,53.58,0.0078,0.0220,0.0220,0.4203
02-JAN-2026,BOHRAIND,17.06,16.94,0.0071,0.0281,0.0280,0.5349
02-JAN-2026,BOMDYEING,130.00,132.25,-0.0172,0.0261,0.0261,0.4986
02-JAN-2026,BORANA,303.20,296.20,0.0234,0.0163,0.0163,0.3114
02-JAN-2026,BOROLTD,283.50,276.75,0.0241,0.0217,0.0217,0.4146
02-JAN-2026,BORORENEW,547.95,538.95,0.0166,0.0262,0.0262,0.5006
02-JAN-2026,BOROSCI,119.60,120.20,-0.0050,0.0250,0.0250,0.4776
02-JAN-2026,BOSCH-HCIL,1442.55,1421.65,0.0146,0.0201,0.0201,0.3840
02-JAN-2026,BOSCHLTD,39423.35,36140.05,0.0870,0.0140,0.0153,0.2923
02-JAN-2026,BPCL,381.45,381.50,-0.0001,0.0169,0.0169,0.3229
02-JAN-2026,BPL,66.71,58.78,0.1266,0.0312,0.0324,0.6190
02-JAN-2026,BRIGADE,890.50,896.65,-0.0069,0.0209,0.0209,0.3993
02-JAN-2026,BRIGHOTEL,68.69,67.45,0.0182,0.0087,0.0088,0.1681
02-JAN-2026,BRITANNIA,5984.40,6007.80,-0.0039,0.0124,0.0124,0.2369
02-JAN-2026,BRNL,22.14,22.42,-0.0126,0.0305,0.0304,0.5808
02-JAN-2026,BROOKS,77.22,77.63,-0.0053,0.0337,0.0336,0.6419
02-JAN-2026,BSE,2666.50,2628.00,0.0145,0.0312,0.0311,0.5942
02-JAN-2026,BSE500IETF,40.62,40.39,0.0057,0.0076,0.0076,0.1452
02-JAN-2026,BSHSL,107.07,105.81,0.0118,0.0255,0.0255,0.4872
02-JAN-2026,BSL,147.20,155.15,-0.0526,0.0314,0.0315,0.6018
02-JAN-2026,BSLGOLDETF,118.84,117.53,0.0111,0.0119,0.0119,0.2273
02-JAN-2026,BSLNIFTY,30.60,30.38,0.0072,0.0068,0.0068,0.1299
02-JAN-2026,BSLSENETFG,85.62,85.33,0.0034,0.0073,0.0073,0.1395
02-JAN-2026,BSOFT,432.05,432.00,0.0001,0.0207,0.0207,0.3955
02-JAN-2026,BTML,8.49,8.66,-0.0198,0.0320,0.0320,0.6114
02-JAN-2026,BUTTERFLY,643.15,640.30,0.0044,0.0229,0.0228,0.4356
02-JAN-2026,BVCL,43.23,43.03,0.0046,0.0334,0.0333,0.6362
02-JAN-2026,BYKE,53.75,50.39,0.0646,0.0279,0.0282,0.5388
02-JAN-2026,CALSOFT,15.76,15.81,-0.0032,0.0331,0.0330,0.6305
02-JAN-2026,CAMLINFINE,149.85,146.85,0.0202,0.0340,0.0339,0.6477
02-JAN-2026,CAMPUS,261.85,261.95,-0.0004,0.0189,0.0189,0.3611
02-JAN-2026,CAMS,756.55,735.15,0.0287,0.0208,0.0208,0.3974
02-JAN-2026,CANBK,154.85,154.25,0.0039,0.0185,0.0185,0.3534
02-JAN-2026,CANFINHOME,940.35,931.40,0.0096,0.0172,0.0171,0.3267
02-JAN-2026,CANHLIFE,149.70,146.50,0.0216,0.0102,0.0103,0.1968
02-JAN-2026,CANTABIL,289.15,289.40,-0.0009,0.0244,0.0243,0.4643
02-JAN-2026,CAPACITE,257.85,256.20,0.0064,0.0239,0.0239,0.4566
02-JAN-2026,CAPFIN,10.00,10.00,0.0000,0.0000,0.0000,0.0000
02-JAN-2026,CAPILLARY,673.15,677.05,-0.0058,0.0163,0.0163,0.3114
02-JAN-2026,CAPINVIT,74.49,74.25,0.0032,0.0078,0.0078,0.1490
02-JAN-2026,CAPITALSFB,270.85,263.50,0.0275,0.0159,0.0160,0.3057
02-JAN-2026,CAPLIPOINT,1848.85,1798.85,0.0274,0.0244,0.0245,0.4681
02-JAN-2026,CAPTRUST,12.88,12.49,0.0307,0.0377,0.0376,0.7183
02-JAN-2026,CARBORUNIV,859.50,859.65,-0.0002,0.0195,0.0195,0.3725
02-JAN-2026,CARERATING,1688.50,1610.50,0.0473,0.0223,0.0225,0.4299
02-JAN-2026,CARRARO,556.55,524.00,0.0603,0.0272,0.0275,0.5254
02-JAN-2026,CARTRADE,2900.80,2829.40,0.0249,0.0327,0.0326,0.6228
02-JAN-2026,CARYSIL,918.00,907.85,0.0111,0.0280,0.0280,0.5349
02-JAN-2026,CASHIETF,1043.99,1043.55,0.0004,0.0002,0.0002,0.0038
02-JAN-2026,CASTLE,25.35,25.35,0.0000,0.0000,0.0000,0.0000
02-JAN-2026,CASTROLIND,191.50,190.80,0.0037,0.0190,0.0190,0.3630
02-JAN-2026,CCCL,18.10,17.50,0.0337,0.0719,0.0717,1.3698
02-JAN-2026,CCHHL,15.27,15.20,0.0046,0.0287,0.0286,0.5464
02-JAN-2026,CCL,915.65,910.35,0.0058,0.0235,0.0234,0.4471
02-JAN-2026,CDSL,1466.60,1446.20,0.0140,0.0224,0.0224,0.4280
02-JAN-2026,CEATLTD,3887.35,3774.70,0.0294,0.0223,0.0223,0.4260
02-JAN-2026,CEIGALL,274.75,271.70,0.0112,0.0181,0.0181,0.3458
02-JAN-2026,CELEBRITY,9.08,8.97,0.0122,0.0311,0.0310,0.5923
02-JAN-2026,CELLO,547.25,540.90,0.0117,0.0173,0.0173,0.3305
02-JAN-2026,CEMPRO,774.65,770.50,0.0054,0.0279,0.0278,0.5311
02-JAN-2026,CENTENKA,457.45,452.60,0.0107,0.0234,0.0234,0.4471
02-JAN-2026,CENTEXT,22.63,22.37,0.0116,0.0352,0.0351,0.6706
02-JAN-2026,CENTRALBK,38.77,37.60,0.0306,0.0227,0.0227,0.4337
02-JAN-2026,CENTRUM,29.09,29.35,-0.0089,0.0290,0.0289,0.5521
02-JAN-2026,CENTUM,2266.65,2289.10,-0.0099,0.0336,0.0335,0.6400
02-JAN-2026,CENTURYPLY,824.10,826.20,-0.0025,0.0184,0.0184,0.3515
02-JAN-2026,CERA,5258.00,5239.05,0.0036,0.0182,0.0181,0.3458
02-JAN-2026,CEREBRAINT,6.21,6.06,0.0245,0.0298,0.0297,0.5674
02-JAN-2026,CESC,175.35,167.10,0.0482,0.0202,0.0204,0.3897
02-JAN-2026,CEWATER,471.65,449.55,0.0480,0.0262,0.0263,0.5025
02-JAN-2026,CGCL,185.20,185.40,-0.0011,0.0257,0.0257,0.4910
02-JAN-2026,CGPOWER,649.10,637.90,0.0174,0.0201,0.0201,0.3840
02-JAN-2026,CHALET,902.25,899.70,0.0028,0.0194,0.0193,0.3687
02-JAN-2026,CHAMBLFERT,479.90,480.25,-0.0007,0.0213,0.0212,0.4050
02-JAN-2026,CHEMBOND,161.25,161.20,0.0003,0.0247,0.0246,0.4700
02-JAN-2026,CHEMBONDCH,152.90,150.15,0.0181,0.0194,0.0194,0.3706
02-JAN-2026,CHEMCON,208.05,212.10,-0.0193,0.0263,0.0263,0.5025
02-JAN-2026,CHEMFAB,426.80,412.60,0.0338,0.0282,0.0282,0.5388
02-JAN-2026,CHEMICAL,29.13,29.02,0.0038,0.0027,0.0027,0.0516
02-JAN-2026,CHEMPLASTS,265.80,256.05,0.0374,0.0219,0.0220,0.4203
02-JAN-2026,CHENNPETRO,827.20,846.50,-0.0231,0.0306,0.0306,0.5846
02-JAN-2026,CHEVIOT,1073.00,1084.30,-0.0105,0.0161,0.0160,0.3057
02-JAN-2026,CHOICEGOLD,134.05,132.47,0.0119,0.0043,0.0044,0.0841
02-JAN-2026,CHOICEIN,850.30,838.20,0.0143,0.0173,0.0173,0.3305
02-JAN-2026,CHOLAFIN,1781.10,1723.95,0.0326,0.0196,0.0197,0.3764
02-JAN-2026,CHOLAHLDNG,1872.50,1878.55,-0.0032,0.0231,0.0230,0.4394
02-JAN-2026,CIEINDIA,427.75,434.00,-0.0145,0.0171,0.0171,0.3267
02-JAN-2026,CIFL,34.92,34.37,0.0159,0.0288,0.0287,0.5483
02-JAN-2026,CIGNITITEC,1624.00,1631.00,-0.0043,0.0219,0.0219,0.4184
02-JAN-2026,CINELINE,85.91,86.83,-0.0107,0.0275,0.0275,0.5254
02-JAN-2026,CINEVISTA,16.09,15.93,0.0100,0.0342,0.0341,0.6515
02-JAN-2026,CIPLA,1511.60,1500.85,0.0071,0.0132,0.0131,0.2503
02-JAN-2026,CITYGOLD,10.00,10.00,0.0000,0.0000,0.0000,0.0000
02-JAN-2026,CLEAN,869.80,859.00,0.0125,0.0190,0.0190,0.3630
02-JAN-2026,CLEDUCATE,86.17,88.09,-0.0220,0.0306,0.0305,0.5827
02-JAN-2026,CLSEL,268.90,264.25,0.0174,0.0247,0.0247,0.4719
02-JAN-2026,CMSINFO,355.30,352.20,0.0088,0.0186,0.0185,0.3534
02-JAN-2026,CNL,729.50,724.80,0.0065,0.0255,0.0254,0.4853
02-JAN-2026,COALINDIA,427.90,400.45,0.0663,0.0138,0.0146,0.2789
02-JAN-2026,COASTCORP,45.65,44.08,0.0350,0.0336,0.0336,0.6419
02-JAN-2026,COCHINSHIP,1628.95,1622.55,0.0039,0.0285,0.0284,0.5426
02-JAN-2026,COFFEEDAY,36.36,35.91,0.0125,0.0357,0.0357,0.6820
02-JAN-2026,COFORGE,1650.30,1655.25,-0.0030,0.0216,0.0215,0.4108
02-JAN-2026,COHANCE,518.25,523.50,-0.0101,0.0229,0.0228,0.4356
02-JAN-2026,COLPAL,2090.05,2093.80,-0.0018,0.0139,0.0138,0.2636
02-JAN-2026,COMMOIETF,98.98,97.39,0.0162,0.0093,0.0094,0.1796
02-JAN-2026,COMPINFO,1.67,1.65,0.0120,0.0325,0.0324,0.6190
02-JAN-2026,COMPUSOFT,16.23,16.08,0.0093,0.0287,0.0287,0.5483
02-JAN-2026,COMSYN,155.30,149.35,0.0391,0.0252,0.0253,0.4834
02-JAN-2026,CONCOR,531.80,524.25,0.0143,0.0174,0.0174,0.3324
02-JAN-2026,CONCORDBIO,1311.45,1336.30,-0.0188,0.0244,0.0244,0.4662
02-JAN-2026,CONFIPET,37.25,35.79,0.0400,0.0247,0.0248,0.4738
02-JAN-2026,CONS,126.03,125.31,0.0057,0.0095,0.0095,0.1815
02-JAN-2026,CONSOFINVT,164.73,164.35,0.0023,0.0226,0.0225,0.4299
02-JAN-2026,CONSUMBEES,136.25,135.89,0.0026,0.0074,0.0074,0.1414
02-JAN-2026,CONSUMER,12.03,11.93,0.0083,0.0081,0.0081,0.1548
02-JAN-2026,CONSUMIETF,126.75,126.60,0.0012,0.0075,0.0075,0.1433
02-JAN-2026,CONTROLPR,693.40,684.45,0.0130,0.0220,0.0219,0.4184
02-JAN-2026,CORALFINAC,40.64,40.02,0.0154,0.0292,0.0291,0.5560
02-JAN-2026,CORDSCABLE,187.55,187.05,0.0027,0.0298,0.0297,0.5674
02-JAN-2026,COROMANDEL,2280.10,2263.00,0.0075,0.0202,0.0202,0.3859
02-JAN-2026,CORONA,1443.65,1402.45,0.0290,0.0037,0.0042,0.0802
02-JAN-2026,COSMOFIRST,695.10,695.10,0.0000,0.0302,0.0301,0.5751
02-JAN-2026,COUNCODOS,6.04,6.01,0.0050,0.0351,0.0350,0.6687
02-JAN-2026,CPCAP,113.55,115.60,-0.0179,0.0261,0.0260,0.4967
02-JAN-2026,CPEDU,253.45,253.90,-0.0018,0.0187,0.0186,0.3554
02-JAN-2026,CPPLUS,1501.45,1522.05,-0.0136,0.0176,0.0175,0.3343
02-JAN-2026,CPSEETF,94.73,91.94,0.0299,0.0115,0.0117,0.2235
02-JAN-2026,CRAFTSMAN,8013.30,7722.75,0.0369,0.0227,0.0227,0.4337
02-JAN-2026,CRAMC,311.05,310.70,0.0011,0.0132,0.0132,0.2522
02-JAN-2026,CREATIVEYE,7.15,7.21,-0.0084,0.0391,0.0390,0.7451
02-JAN-2026,CRED,12.00,12.00,0.0000,0.0043,0.0043,0.0822
02-JAN-2026,CREDITACC,1287.70,1259.20,0.0224,0.0260,0.0260,0.4967
02-JAN-2026,CREST,397.85,388.50,0.0238,0.0255,0.0255,0.4872
02-JAN-2026,CRISIL,4458.65,4328.15,0.0297,0.0190,0.0191,0.3649
02-JAN-2026,CRIZAC,283.15,283.95,-0.0028,0.0194,0.0193,0.3687
02-JAN-2026,CROMPTON,252.10,249.25,0.0114,0.0158,0.0158,0.3019
02-JAN-2026,CROWN,137.55,137.80,-0.0018,0.0282,0.0281,0.5368
02-JAN-2026,CSBBANK,483.15,483.95,-0.0017,0.0199,0.0199,0.3802
02-JAN-2026,CSLFINANCE,297.45,294.85,0.0088,0.0272,0.0271,0.5177
02-JAN-2026,CTE,39.91,39.97,-0.0015,0.0331,0.0330,0.6305
02-JAN-2026,CUB,288.50,289.00,-0.0017,0.0205,0.0204,0.3897
02-JAN-2026,CUBEINVIT,139.12,139.12,0.0000,0.0121,0.0120,0.2293
02-JAN-2026,CUBEXTUB,121.50,119.45,0.0170,0.0337,0.0337,0.6438
02-JAN-2026,CUMMINSIND,4482.10,4470.45,0.0026,0.0174,0.0174,0.3324
02-JAN-2026,CUPID,419.95,524.90,-0.2231,0.0291,0.0330,0.6305
02-JAN-2026,CURAA,118.30,107.75,0.0934,0.0439,0.0443,0.8464
02-JAN-2026,CYBERMEDIA,17.14,17.53,-0.0225,0.0334,0.0334,0.6381
02-JAN-2026,CYBERTECH,147.90,144.05,0.0264,0.0336,0.0336,0.6419
02-JAN-2026,CYIENT,1105.95,1109.10,-0.0028,0.0214,0.0213,0.4069
02-JAN-2026,CYIENTDLM,415.85,414.60,0.0030,0.0223,0.0222,0.4241
02-JAN-2026,DABUR,522.60,499.95,0.0443,0.0127,0.0130,0.2484
02-JAN-2026,DALBHARAT,2147.05,2136.20,0.0051,0.0151,0.0150,0.2866
02-JAN-2026,DALMIARF,172.75,172.75,0.0000,0.0023,0.0023,0.0439
02-JAN-2026,DALMIASUG,297.50,296.15,0.0045,0.0237,0.0237,0.4528
02-JAN-2026,DAMCAPITAL,219.15,215.45,0.0170,0.0244,0.0244,0.4662
02-JAN-2026,DAMODARIND,30.09,29.82,0.0090,0.0247,0.0247,0.4719
02-JAN-2026,DANGEE,3.75,3.58,0.0464,0.0320,0.0321,0.6133
02-JAN-2026,DATAMATICS,805.80,793.50,0.0154,0.0293,0.0293,0.5598
02-JAN-2026,DATAPATTNS,2621.65,2601.25,0.0078,0.0299,0.0299,0.5712
02-JAN-2026,DAVANGERE,3.76,3.71,0.0134,0.0319,0.0319,0.6094
02-JAN-2026,DBCORP,260.35,261.00,-0.0025,0.0231,0.0231,0.4413
02-JAN-2026,DBEIL,118.30,117.10,0.0102,0.0228,0.0227,0.4337
02-JAN-2026,DBL,467.85,473.90,-0.0128,0.0255,0.0255,0.4872
02-JAN-2026,DBOL,80.27,81.58,-0.0162,0.0236,0.0235,0.4490
02-JAN-2026,DBREALTY,120.55,117.75,0.0235,0.0302,0.0302,0.5770
02-JAN-2026,DBSTOCKBRO,24.87,24.86,0.0004,0.0229,0.0229,0.4375
02-JAN-2026,DCAL,254.80,256.50,-0.0066,0.0335,0.0334,0.6381
02-JAN-2026,DCBBANK,177.45,175.90,0.0088,0.0210,0.0209,0.3993
02-JAN-2026,DCI,245.75,246.80,-0.0043,0.0311,0.0310,0.5923
02-JAN-2026,DCM,92.89,92.35,0.0058,0.0260,0.0260,0.4967
02-JAN-2026,DCMFINSERV,5.40,5.42,-0.0037,0.0296,0.0295,0.5636
02-JAN-2026,DCMNVL,139.25,133.70,0.0407,0.0281,0.0281,0.5368
02-JAN-2026,DCMSHRIRAM,1257.15,1269.15,-0.0095,0.0237,0.0237,0.4528
02-JAN-2026,DCMSRIND,54.55,56.71,-0.0388,0.0231,0.0232,0.4432
02-JAN-2026,DCW,57.73,57.78,-0.0009,0.0284,0.0284,0.5426
02-JAN-2026,DCXINDIA,193.55,190.75,0.0146,0.0309,0.0309,0.5903
02-JAN-2026,DDEVPLSTIK,301.45,300.50,0.0032,0.0304,0.0303,0.5789
02-JAN-2026,DECCANCE,730.90,740.95,-0.0137,0.0271,0.0270,0.5158
02-JAN-2026,DEEDEV,214.90,208.90,0.0283,0.0273,0.0273,0.5216
02-JAN-2026,DEEPAKFERT,1261.80,1243.50,0.0146,0.0262,0.0262,0.5006
02-JAN-2026,DEEPAKNTR,1711.15,1701.35,0.0057,0.0179,0.0179,0.3420
02-JAN-2026,DEEPINDS,454.75,456.90,-0.0047,0.0275,0.0274,0.5235
02-JAN-2026,DELHISAFE,48.80,48.80,0.0000,0.0000,0.0000,0.0000
02-JAN-2026,DELHIVERY,404.50,400.60,0.0097,0.0209,0.0208,0.3974
02-JAN-2026,DELPHIFX,234.60,236.50,-0.0081,0.0320,0.0319,0.6094
02-JAN-2026,DELTACORP,70.47,69.71,0.0108,0.0228,0.0227,0.4337
02-JAN-2026,DELTAMAGNT,67.81,68.99,-0.0173,0.0339,0.0339,0.6477
02-JAN-2026,DEN,31.38,31.22,0.0051,0.0214,0.0213,0.4069
02-JAN-2026,DENIMDL,1.10,1.10,0.0000,0.0000,0.0000,0.0000
02-JAN-2026,DENORA,693.85,684.05,0.0142,0.0268,0.0268,0.5120
02-JAN-2026,DENTA,339.35,329.65,0.0290,0.0272,0.0272,0.5197
02-JAN-2026,DEVIT,35.62,34.20,0.0407,0.0307,0.0308,0.5884
02-JAN-2026,DEVRUPTRAD,10.00,10.00,0.0000,0.0000,0.0000,0.0000
02-JAN-2026,DEVX,42.02,40.99,0.0248,0.0161,0.0162,0.3095
02-JAN-2026,DEVYANI,148.05,147.50,0.0037,0.0211,0.0210,0.4012
02-JAN-2026,DEWANHOUS,16.70,16.70,0.0000,0.0036,0.0036,0.0688
02-JAN-2026,DGCONTENT,32.60,33.46,-0.0260,0.0308,0.0308,0.5884
02-JAN-2026,DHAMPURSUG,123.90,123.05,0.0069,0.0218,0.0217,0.4146
02-JAN-2026,DHANBANK,24.98,24.98,0.0000,0.0230,0.0229,0.4375
02-JAN-2026,DHANUKA,1178.70,1177.40,0.0011,0.0228,0.0228,0.4356
02-JAN-2026,DHARAN,0.22,0.22,0.0000,0.0392,0.0391,0.7470
02-JAN-2026,DHARMAJ,245.05,243.10,0.0080,0.0278,0.0277,0.5292
02-JAN-2026,DHRUV,47.25,48.08,-0.0174,0.0279,0.0279,0.5330
02-JAN-2026,DHUNINV,1234.80,1222.65,0.0099,0.0281,0.0280,0.5349
02-JAN-2026,DIACABS,137.00,137.90,-0.0065,0.0279,0.0279,0.5330
02-JAN-2026,DIAMINESQ,263.60,273.05,-0.0352,0.0269,0.0270,0.5158
02-JAN-2026,DIAMONDYD,1203.60,1218.00,-0.0119,0.0222,0.0222,0.4241
02-JAN-2026,DICIND,503.20,490.70,0.0252,0.0195,0.0195,0.3725
02-JAN-2026,DIFFNKG,336.25,334.65,0.0048,0.0280,0.0279,0.5330
02-JAN-2026,DIGIDRIVE,26.36,26.04,0.0122,0.0249,0.0248,0.4738
02-JAN-2026,DIGISPICE,23.54,23.85,-0.0131,0.0338,0.0337,0.6438
02-JAN-2026,DIGITIDE,133.50,130.60,0.0220,0.0199,0.0199,0.3802
02-JAN-2026,DIGJAMLMTD,55.34,52.79,0.0472,0.0264,0.0266,0.5082
02-JAN-2026,DIL,1.71,1.70,0.0059,0.0278,0.0278,0.5311
02-JAN-2026,DISHTV,4.03,4.00,0.0075,0.0267,0.0266,0.5082
02-JAN-2026,DIVGIITTS,613.50,611.35,0.0035,0.0204,0.0204,0.3897
02-JAN-2026,DIVIDEND,37.01,36.47,0.0147,0.0013,0.0017,0.0325
02-JAN-2026,DIVISLAB,6392.45,6343.95,0.0076,0.0156,0.0156,0.2980
02-JAN-2026,DIVOPPBEES,83.79,83.34,0.0054,0.0078,0.0078,0.1490
02-JAN-2026,DIXON,12165.40,12090.15,0.0062,0.0234,0.0233,0.4451
02-JAN-2026,DJML,70.47,68.73,0.0250,0.0303,0.0303,0.5789
02-JAN-2026,DLF,698.20,691.40,0.0098,0.0180,0.0179,0.3420
02-JAN-2026,DLINKINDIA,430.65,419.55,0.0261,0.0253,0.0253,0.4834
02-JAN-2026,DMART,3719.85,3716.10,0.0010,0.0159,0.0158,0.3019
02-JAN-2026,DMCC,255.60,255.90,-0.0012,0.0262,0.0262,0.5006
02-JAN-2026,DNAMEDIA,3.76,3.89,-0.0340,0.0317,0.0317,0.6056
02-JAN-2026,DODLA,1220.40,1232.70,-0.0100,0.0205,0.0205,0.3917
02-JAN-2026,DOLATALGO,91.54,88.76,0.0308,0.0298,0.0298,0.5693
02-JAN-2026,DOLLAR,353.90,349.40,0.0128,0.0197,0.0197,0.3764
02-JAN-2026,DOLPHIN,479.40,473.60,0.0122,0.0637,0.0635,1.2132
02-JAN-2026,DOMS,2673.90,2601.90,0.0273,0.0212,0.0213,0.4069
02-JAN-2026,DONEAR,93.52,92.91,0.0065,0.0265,0.0265,0.5063
02-JAN-2026,DPABHUSHAN,1417.20,1427.20,-0.0070,0.0210,0.0210,0.4012
02-JAN-2026,DPSCLTD,10.03,9.97,0.0060,0.0235,0.0234,0.4471
02-JAN-2026,DPWIRES,208.10,202.45,0.0275,0.0283,0.0283,0.5407
02-JAN-2026,DRCSYSTEMS,17.27,17.36,-0.0052,0.0329,0.0329,0.6286
02-JAN-2026,DREAMFOLKS,109.00,107.45,0.0143,0.0295,0.0295,0.5636
02-JAN-2026,DREDGECORP,963.95,997.30,-0.0340,0.0344,0.0344,0.6572
02-JAN-2026,DRREDDY,1256.10,1253.40,0.0022,0.0124,0.0123,0.2350
02-JAN-2026,DSSL,1005.00,1014.60,-0.0095,0.0314,0.0313,0.5980
02-JAN-2026,DTIL,158.95,158.65,0.0019,0.0269,0.0269,0.5139
02-JAN-2026,DUCON,3.59,3.50,0.0254,0.0296,0.0296,0.5655
02-JAN-2026,DVL,283.40,278.35,0.0180,0.0284,0.0283,0.5407
02-JAN-2026,DWARKESH,37.88,37.24,0.0170,0.0235,0.0235,0.4490
02-JAN-2026,DYCL,343.10,336.65,0.0190,0.0332,0.0331,0.6324
02-JAN-2026,DYNAMATECH,9503.00,9261.40,0.0258,0.0253,0.0253,0.4834
02-JAN-2026,DYNPRO,255.75,248.20,0.0300,0.0279,0.0279,0.5330
02-JAN-2026,E2E,2027.50,1999.20,0.0141,0.0328,0.0327,0.6247
02-JAN-2026,EASEMYTRIP,7.44,7.36,0.0108,0.0264,0.0263,0.5025
02-JAN-2026,EBANKNIFTY,60.60,59.90,0.0116,0.0071,0.0071,0.1356
02-JAN-2026,EBBETF0430,1563.19,1564.31,-0.0007,0.0018,0.0018,0.0344
02-JAN-2026,EBBETF0431,1398.54,1396.55,0.0014,0.0020,0.0020,0.0382
02-JAN-2026,EBBETF0433,1276.46,1274.34,0.0017,0.0021,0.0021,0.0401
02-JAN-2026,EBGNG,310.75,310.25,0.0016,0.0165,0.0164,0.3133
02-JAN-2026,EBSL,10.00,10.00,0.0000,0.0000,0.0000,0.0000
02-JAN-2026,ECAPINSURE,24.25,24.04,0.0087,0.0108,0.0107,0.2044
02-JAN-2026,ECLERX,4721.45,4821.75,-0.0210,0.0252,0.0251,0.4795
02-JAN-2026,ECOSMOBLTY,199.95,198.05,0.0095,0.0297,0.0296,0.5655
02-JAN-2026,EDELWEISS,113.90,108.65,0.0472,0.0287,0.0288,0.5502
02-JAN-2026,EFCIL,302.60,298.95,0.0121,0.0314,0.0314,0.5999
02-JAN-2026,EGOLD,134.90,133.55,0.0101,0.0121,0.0121,0.2312
02-JAN-2026,EICHERMOT,7334.50,7348.00,-0.0018,0.0140,0.0140,0.2675
02-JAN-2026,EIDPARRY,1011.15,1017.95,-0.0067,0.0198,0.0197,0.3764
02-JAN-2026,EIEL,206.75,203.45,0.0161,0.0257,0.0257,0.4910
02-JAN-2026,EIFFL,268.05,267.20,0.0032,0.0244,0.0244,0.4662
02-JAN-2026,EIFL,10.00,10.00,0.0000,0.0000,0.0000,0.0000
02-JAN-2026,EIHAHOTELS,359.10,356.50,0.0073,0.0208,0.0208,0.3974
02-JAN-2026,EIHOTEL,367.30,366.05,0.0034,0.0210,0.0210,0.4012
02-JAN-2026,EIMCOELECO,1625.30,1624.95,0.0002,0.0355,0.0354,0.6763
02-JAN-2026,EKC,117.20,115.90,0.0112,0.0278,0.0278,0.5311
02-JAN-2026,ELDEHSG,926.25,1000.85,-0.0775,0.0289,0.0293,0.5598
02-JAN-2026,ELECON,501.00,480.70,0.0414,0.0266,0.0267,0.5101
02-JAN-2026,ELECTCAST,76.75,76.97,-0.0029,0.0273,0.0272,0.5197
02-JAN-2026,ELECTHERM,868.85,877.60,-0.0100,0.0305,0.0304,0.5808
02-JAN-2026,ELGIEQUIP,483.75,476.15,0.0158,0.0235,0.0235,0.4490
02-JAN-2026,ELGIRUBCO,45.57,45.62,-0.0011,0.0348,0.0347,0.6629
02-JAN-2026,ELIN,166.60,164.50,0.0127,0.0280,0.0279,0.5330
02-JAN-2026,ELIQUID,1013.08,1012.68,0.0004,0.0002,0.0002,0.0038
02-JAN-2026,ELLEN,341.55,336.45,0.0150,0.0148,0.0148,0.2828
02-JAN-2026,ELM250,17.05,16.87,0.0106,0.0037,0.0037,0.0707
02-JAN-2026,EMAMILTD,522.55,524.95,-0.0046,0.0192,0.0192,0.3668
02-JAN-2026,EMAMIPAP,88.29,88.01,0.0032,0.0240,0.0239,0.4566
02-JAN-2026,EMAMIREAL,82.19,80.46,0.0213,0.0297,0.0297,0.5674
02-JAN-2026,EMBASSY,438.51,435.69,0.0065,0.0114,0.0113,0.2159
02-JAN-2026,EMBDL,56.59,59.46,-0.0495,0.0300,0.0302,0.5770
02-JAN-2026,EMCURE,1430.85,1401.80,0.0205,0.0204,0.0204,0.3897
02-JAN-2026,EMIL,105.15,106.65,-0.0142,0.0265,0.0264,0.5044
02-JAN-2026,EMKAY,286.15,287.70,-0.0054,0.0338,0.0337,0.6438
02-JAN-2026,EMMBI,100.21,98.37,0.0185,0.0279,0.0279,0.5330
02-JAN-2026,EMMVEE,187.75,188.85,-0.0058,0.0145,0.0145,0.2770
02-JAN-2026,EMSLIMITED,433.90,428.55,0.0124,0.0252,0.0252,0.4814
02-JAN-2026,EMUDHRA,576.35,559.85,0.0290,0.0214,0.0214,0.4088
02-JAN-2026,EMULTIMQ,41.67,41.38,0.0070,0.0083,0.0083,0.1586
02-JAN-2026,ENDURANCE,2540.20,2543.15,-0.0012,0.0203,0.0203,0.3878
02-JAN-2026,ENERGY,36.33,35.55,0.0217,0.0032,0.0035,0.0669
02-JAN-2026,ENERGYDEV,20.43,19.67,0.0379,0.0362,0.0362,0.6916
02-JAN-2026,ENGINERSIN,206.40,202.70,0.0181,0.0250,0.0250,0.4776
02-JAN-2026,ENIFTY,26.24,26.09,0.0057,0.0029,0.0029,0.0554
02-JAN-2026,ENIL,114.05,112.45,0.0141,0.0243,0.0242,0.4623
02-JAN-2026,ENRIN,2546.65,2539.00,0.0030,0.0131,0.0130,0.2484
02-JAN-2026,ENTERO,1123.45,1129.80,-0.0056,0.0234,0.0233,0.4451
02-JAN-2026,EPACK,281.10,279.50,0.0057,0.0292,0.0291,0.5560
02-JAN-2026,EPACKPEB,260.90,268.45,-0.0285,0.0215,0.0216,0.4127
02-JAN-2026,EPIGRAL,1245.75,1262.60,-0.0134,0.0258,0.0257,0.4910
02-JAN-2026,EPL,214.40,216.20,-0.0084,0.0208,0.0208,0.3974
02-JAN-2026,EQUAL200,13.65,13.55,0.0074,0.0080,0.0080,0.1528
02-JAN-2026,EQUAL50,338.65,335.96,0.0080,0.0041,0.0042,0.0802
02-JAN-2026,EQUAL50ADD,349.40,346.81,0.0074,0.0077,0.0077,0.1471
02-JAN-2026,EQUIPPP,23.25,22.83,0.0182,0.0278,0.0278,0.5311
02-JAN-2026,EQUITASBNK,64.16,64.01,0.0023,0.0206,0.0205,0.3917
02-JAN-2026,ERIS,1533.40,1501.25,0.0212,0.0196,0.0196,0.3745
02-JAN-2026,ESABINDIA,6167.40,6144.40,0.0037,0.0176,0.0175,0.3343
02-JAN-2026,ESAFSFB,26.77,27.10,-0.0123,0.0190,0.0190,0.3630
02-JAN-2026,ESCORTS,3847.20,3820.55,0.0070,0.0179,0.0179,0.3420
02-JAN-2026,ESENSEX,85.73,85.07,0.0077,0.0020,0.0021,0.0401
02-JAN-2026,ESG,44.95,44.55,0.0089,0.0076,0.0076,0.1452
02-JAN-2026,ESILVER,231.88,225.64,0.0273,0.0185,0.0185,0.3534
02-JAN-2026,ESSARSHPNG,27.37,27.23,0.0051,0.0365,0.0364,0.6954
02-JAN-2026,ESSENTIA,1.54,1.53,0.0065,0.0266,0.0265,0.5063
02-JAN-2026,ESTER,102.35,101.85,0.0049,0.0294,0.0294,0.5617
02-JAN-2026,ETERNAL,284.15,283.80,0.0012,0.0225,0.0225,0.4299
02-JAN-2026,ETHOSLTD,2953.65,2944.40,0.0031,0.0226,0.0226,0.4318
02-JAN-2026,EUREKAFORB,628.55,621.35,0.0115,0.0200,0.0200,0.3821
02-JAN-2026,EUROBOND,175.60,175.10,0.0029,0.0149,0.0149,0.2847
02-JAN-2026,EUROPRATIK,311.85,311.40,0.0014,0.0149,0.0149,0.2847
02-JAN-2026,EUROTEXIND,14.19,14.93,-0.0508,0.0556,0.0556,1.0622
02-JAN-2026,EVEREADY,337.15,328.90,0.0248,0.0228,0.0228,0.4356
02-JAN-2026,EVERESTIND,527.95,515.25,0.0243,0.0246,0.0246,0.4700
02-JAN-2026,EVIETF,32.17,31.68,0.0153,0.0070,0.0070,0.1337
02-JAN-2026,EVINDIA,32.10,31.68,0.0132,0.0089,0.0089,0.1700
02-JAN-2026,EXCEL,1.42,1.45,-0.0209,0.0384,0.0383,0.7317
02-JAN-2026,EXCELINDUS,951.90,945.45,0.0068,0.0248,0.0247,0.4719
02-JAN-2026,EXCELSOFT,89.12,90.87,-0.0194,0.0155,0.0155,0.2961
02-JAN-2026,EXICOM,119.25,116.10,0.0268,0.0303,0.0303,0.5789
02-JAN-2026,EXIDEIND,367.70,363.25,0.0122,0.0169,0.0169,0.3229
02-JAN-2026,EXPLEOSOL,971.60,959.10,0.0129,0.0228,0.0227,0.4337
02-JAN-2026,EXXARO,8.09,8.03,0.0074,0.0324,0.0324,0.6190
02-JAN-2026,FABTECH,198.20,194.50,0.0188,0.0176,0.0176,0.3362
02-JAN-2026,FACT,908.05,903.60,0.0049,0.0286,0.0285,0.5445
02-JAN-2026,FAIRCHEMOR,767.10,774.75,-0.0099,0.0272,0.0272,0.5197
02-JAN-2026,FAZE3Q,409.25,409.90,-0.0016,0.0342,0.0342,0.6534
02-JAN-2026,FCL,24.48,24.55,-0.0029,0.0293,0.0292,0.5579
02-JAN-2026,FCSSOFT,1.90,1.84,0.0321,0.0288,0.0288,0.5502
02-JAN-2026,FDC,419.55,418.90,0.0016,0.0176,0.0176,0.3362
02-JAN-2026,FEDERALBNK,266.95,266.25,0.0026,0.0146,0.0146,0.2789
02-JAN-2026,FEDFINA,160.60,154.50,0.0387,0.0200,0.0201,0.3840
02-JAN-2026,FEL,0.48,0.48,0.0000,0.0293,0.0293,0.5598
02-JAN-2026,FELDVR,3.10,3.13,-0.0096,0.0352,0.0352,0.6725
02-JAN-2026,FFL,40.00,40.00,0.0000,0.0000,0.0000,0.0000
02-JAN-2026,FIBERWEB,36.57,36.08,0.0135,0.0294,0.0293,0.5598
02-JAN-2026,FIEMIND,2334.15,2228.10,0.0465,0.0216,0.0218,0.4165
02-JAN-2026,FILATEX,49.54,49.02,0.0106,0.0266,0.0265,0.5063
02-JAN-2026,FILATFASH,0.32,0.32,0.0000,0.0359,0.0358,0.6840
02-JAN-2026,FINCABLES,784.40,786.35,-0.0025,0.0214,0.0213,0.4069
02-JAN-2026,FINEORG,4184.80,4106.50,0.0189,0.0176,0.0176,0.3362
02-JAN-2026,FINIETF,33.02,32.64,0.0116,0.0108,0.0108,0.2063
02-JAN-2026,FINKURVE,98.58,101.14,-0.0256,0.0296,0.0295,0.5636
02-JAN-2026,FINOPB,258.95,257.15,0.0070,0.0300,0.0299,0.5712
02-JAN-2026,FINPIPE,178.50,175.75,0.0155,0.0203,0.0203,0.3878
02-JAN-2026,FIRL,10.00,10.00,0.0000,0.0000,0.0000,0.0000
02-JAN-2026,FIRSTCRY,289.80,287.05,0.0095,0.0262,0.0261,0.4986
02-JAN-2026,FISCHER,41.83,41.42,0.0098,0.0341,0.0340,0.6496
02-JAN-2026,FIVESTAR,532.25,534.40,-0.0040,0.0237,0.0237,0.4528
02-JAN-2026,FLAIR,314.25,311.75,0.0080,0.0233,0.0232,0.4432
02-JAN-2026,FLEXIADD,10.63,10.62,0.0009,0.0030,0.0030,0.0573
02-JAN-2026,FLEXITUFF,12.69,12.60,0.0071,0.0353,0.0352,0.6725
02-JAN-2026,FLFL,1.49,1.46,0.0203,0.0327,0.0327,0.6247
02-JAN-2026,FLUOROCHEM,3648.20,3674.90,-0.0073,0.0195,0.0195,0.3725
02-JAN-2026,FMCGIETF,56.85,57.51,-0.0115,0.0077,0.0077,0.1471
02-JAN-2026,FMGOETZE,488.95,464.10,0.0522,0.0229,0.0232,0.4432
02-JAN-2026,FMNL,8.86,8.75,0.0125,0.0305,0.0304,0.5808
02-JAN-2026,FOCUS,74.73,74.23,0.0067,0.0306,0.0305,0.5827
02-JAN-2026,FOODSIN,68.76,68.39,0.0054,0.0281,0.0280,0.5349
02-JAN-2026,FORCEMOT,21229.80,20860.00,0.0176,0.0319,0.0318,0.6075
02-JAN-2026,FORTIS,914.75,900.50,0.0157,0.0183,0.0183,0.3496
02-JAN-2026,FOSECOIND,4926.60,4898.00,0.0058,0.0249,0.0248,0.4738
02-JAN-2026,FRICKINDIA,10.00,10.00,0.0000,0.0000,0.0000,0.0000
02-JAN-2026,FSL,340.55,334.00,0.0194,0.0243,0.0243,0.4643
02-JAN-2026,FUSION,161.95,159.55,0.0149,0.0275,0.0274,0.5235
02-JAN-2026,GABRIEL,1051.65,1038.90,0.0122,0.0334,0.0334,0.6381
02-JAN-2026,GAEL,137.70,134.30,0.0250,0.0228,0.0228,0.4356
02-JAN-2026,GAIL,175.40,171.75,0.0210,0.0176,0.0177,0.3382
02-JAN-2026,GALAPREC,785.85,782.40,0.0044,0.0255,0.0254,0.4853
02-JAN-2026,GALAXYSURF,2050.60,2034.20,0.0080,0.0168,0.0168,0.3210
02-JAN-2026,GALLANTT,552.55,538.75,0.0253,0.0331,0.0331,0.6324
02-JAN-2026,GANDHAR,151.75,154.30,-0.0167,0.0191,0.0191,0.3649
02-JAN-2026,GANDHITUBE,790.95,796.55,-0.0071,0.0240,0.0239,0.4566
02-JAN-2026,GANECOS,851.30,840.85,0.0124,0.0254,0.0254,0.4853
02-JAN-2026,GANESHBE,81.69,81.73,-0.0005,0.0245,0.0244,0.4662
02-JAN-2026,GANESHCP,224.75,226.40,-0.0073,0.0137,0.0137,0.2617
02-JAN-2026,GANESHHOU,809.00,803.50,0.0068,0.0255,0.0254,0.4853
02-JAN-2026,GANGAFORGE,3.69,3.65,0.0109,0.0324,0.0323,0.6171
02-JAN-2026,GANGESSECU,135.75,137.05,-0.0095,0.0253,0.0252,0.4814
02-JAN-2026,GARFIBRES,689.75,696.60,-0.0099,0.0216,0.0216,0.4127
02-JAN-2026,GARUDA,195.30,191.25,0.0210,0.0331,0.0331,0.6324
02-JAN-2026,GATECH,0.55,0.55,0.0000,0.0427,0.0426,0.8139
02-JAN-2026,GATECHDVR,0.49,0.49,0.0000,0.0311,0.0311,0.5942
02-JAN-2026,GATEWAY,60.58,60.40,0.0030,0.0190,0.0190,0.3630
02-JAN-2026,GAYAHWS,2.77,2.78,-0.0036,0.0372,0.0371,0.7088
02-JAN-2026,GCSL,340.05,342.85,-0.0082,0.0430,0.0429,0.8196
02-JAN-2026,GDHL,10.00,10.00,0.0000,0.0000,0.0000,0.0000
02-JAN-2026,GEECEE,323.20,315.85,0.0230,0.0235,0.0235,0.4490
02-JAN-2026,GEEKAYWIRE,33.71,33.75,-0.0012,0.0268,0.0267,0.5101
02-JAN-2026,GEMAROMA,166.10,168.35,-0.0135,0.0201,0.0200,0.3821
02-JAN-2026,GENCON,43.88,40.97,0.0686,0.0360,0.0363,0.6935
02-JAN-2026,GENESYS,429.10,424.25,0.0114,0.0331,0.0330,0.6305
02-JAN-2026,GENSOL,26.64,26.82,-0.0067,0.0328,0.0327,0.6247
02-JAN-2026,GENUSPAPER,12.98,12.98,0.0000,0.0248,0.0248,0.4738
02-JAN-2026,GENUSPOWER,300.40,298.35,0.0068,0.0268,0.0268,0.5120
02-JAN-2026,GEOJITFSL,75.77,74.33,0.0192,0.0280,0.0280,0.5349
02-JAN-2026,GESHIP,1114.00,1114.55,-0.0005,0.0201,0.0200,0.3821
02-JAN-2026,GFLLIMITED,58.80,58.21,0.0101,0.0264,0.0263,0.5025
02-JAN-2026,GHCL,566.50,561.80,0.0083,0.0206,0.0206,0.3936
02-JAN-2026,GHCLTEXTIL,76.76,74.05,0.0359,0.0221,0.0222,0.4241
02-JAN-2026,GICHSGFIN,179.95,178.05,0.0106,0.0188,0.0188,0.3592
02-JAN-2026,GICRE,379.55,377.85,0.0045,0.0223,0.0223,0.4260
02-JAN-2026,GILLANDERS,105.00,105.20,-0.0019,0.0264,0.0264,0.5044
02-JAN-2026,GILLETTE,8207.90,8151.65,0.0069,0.0185,0.0185,0.3534
02-JAN-2026,GILT10BETA,26.11,26.08,0.0011,0.0084,0.0084,0.1605
02-JAN-2026,GILT5BETA,63.23,63.19,0.0006,0.0085,0.0085,0.1624
02-JAN-2026,GILT5YBEES,63.59,63.58,0.0002,0.0018,0.0018,0.0344
02-JAN-2026,GINNIFILA,41.53,42.24,-0.0170,0.0315,0.0315,0.6018
02-JAN-2026,GIPCL,162.30,157.40,0.0307,0.0250,0.0250,0.4776
02-JAN-2026,GKENERGY,162.20,154.45,0.0490,0.0200,0.0202,0.3859
02-JAN-2026,GKSL,102.75,103.45,-0.0068,0.0098,0.0098,0.1872
02-JAN-2026,GKWLIMITED,1723.00,1706.60,0.0096,0.0268,0.0267,0.5101
02-JAN-2026,GLAND,1715.75,1715.10,0.0004,0.0178,0.0178,0.3401
02-JAN-2026,GLAXO,2483.80,2455.90,0.0113,0.0211,0.0211,0.4031
02-JAN-2026,GLENMARK,2064.55,2026.20,0.0188,0.0185,0.0185,0.3534
02-JAN-2026,GLOBAL,89.57,88.51,0.0119,0.0305,0.0305,0.5827
02-JAN-2026,GLOBALE,12.33,12.30,0.0024,0.0239,0.0238,0.4547
02-JAN-2026,GLOBALVECT,200.25,200.95,-0.0035,0.0311,0.0311,0.5942
02-JAN-2026,GLOBE,2.96,2.94,0.0068,0.0320,0.0319,0.6094
02-JAN-2026,GLOBECIVIL,60.44,59.30,0.0190,0.0175,0.0176,0.3362
02-JAN-2026,GLOBUSSPR,1088.30,1074.80,0.0125,0.0261,0.0261,0.4986
02-JAN-2026,GLOSTERLTD,666.25,668.05,-0.0027,0.0183,0.0182,0.3477
02-JAN-2026,GLOTTIS,61.54,59.26,0.0378,0.0126,0.0129,0.2465
02-JAN-2026,GMBREW,1207.20,1208.40,-0.0010,0.0297,0.0297,0.5674
02-JAN-2026,GMDCLTD,619.45,599.50,0.0327,0.0323,0.0323,0.6171
02-JAN-2026,GMMPFAUDLR,1093.40,1085.10,0.0076,0.0184,0.0184,0.3515
02-JAN-2026,GMRAIRPORT,105.75,105.50,0.0024,0.0190,0.0189,0.3611
02-JAN-2026,GMRP&UI,110.25,111.25,-0.0090,0.0289,0.0288,0.5502
02-JAN-2026,GNA,317.75,303.75,0.0451,0.0206,0.0208,0.3974
02-JAN-2026,GNFC,493.55,490.50,0.0062,0.0178,0.0178,0.3401
02-JAN-2026,GOACARBON,424.30,424.85,-0.0013,0.0233,0.0233,0.4451
02-JAN-2026,GOCLCORP,292.65,290.95,0.0058,0.0260,0.0259,0.4948
02-JAN-2026,GOCOLORS,460.35,458.50,0.0040,0.0190,0.0190,0.3630
02-JAN-2026,GODAVARIB,299.20,288.65,0.0359,0.0303,0.0303,0.5789
02-JAN-2026,GODFRYPHLP,2249.35,2290.50,-0.0181,0.0364,0.0363,0.6935
02-JAN-2026,GODIGIT,346.35,346.80,-0.0013,0.0182,0.0181,0.3458
02-JAN-2026,GODREJAGRO,573.95,568.20,0.0101,0.0195,0.0195,0.3725
02-JAN-2026,GODREJCP,1235.25,1243.40,-0.0066,0.0148,0.0148,0.2828
02-JAN-2026,GODREJIND,1021.10,1030.15,-0.0088,0.0223,0.0223,0.4260
02-JAN-2026,GODREJPROP,2068.50,2015.30,0.0261,0.0217,0.0217,0.4146
02-JAN-2026,GOKEX,718.20,732.10,-0.0192,0.0282,0.0281,0.5368
02-JAN-2026,GOKUL,39.36,38.15,0.0312,0.0240,0.0241,0.4604
02-JAN-2026,GOKULAGRO,179.10,179.00,0.0006,0.0290,0.0290,0.5540
02-JAN-2026,GOLD1,112.33,111.29,0.0093,0.0109,0.0109,0.2082
02-JAN-2026,GOLD360,131.50,130.20,0.0099,0.0133,0.0133,0.2541
02-JAN-2026,GOLDADD,131.18,129.68,0.0115,0.0107,0.0107,0.2044
02-JAN-2026,GOLDBEES,111.82,110.52,0.0117,0.0107,0.0107,0.2044
02-JAN-2026,GOLDBETA,113.55,112.25,0.0115,0.0107,0.0107,0.2044
02-JAN-2026,GOLDBND,134.42,133.26,0.0087,0.0040,0.0041,0.0783
02-JAN-2026,GOLDCASE,21.24,21.01,0.0109,0.0103,0.0103,0.1968
02-JAN-2026,GOLDEDGE,10.50,10.50,0.0000,0.0000,0.0000,0.0000
02-JAN-2026,GOLDENTOBC,32.45,31.95,0.0155,0.0229,0.0229,0.4375
02-JAN-2026,GOLDETF,131.22,129.72,0.0115,0.0103,0.0103,0.1968
02-JAN-2026,GOLDIAM,364.55,362.80,0.0048,0.0332,0.0331,0.6324
02-JAN-2026,GOLDIETF,115.74,114.48,0.0109,0.0122,0.0122,0.2331
02-JAN-2026,GOLDTECH,50.61,50.85,-0.0047,0.0343,0.0343,0.6553
02-JAN-2026,GOODLUCK,1074.50,1064.70,0.0092,0.0303,0.0303,0.5789
02-JAN-2026,GOPAL,319.45,312.60,0.0217,0.0204,0.0205,0.3917
02-JAN-2026,GOYALALUM,7.19,7.09,0.0140,0.0200,0.0200,0.3821
02-JAN-2026,GPIL,273.05,266.60,0.0239,0.0250,0.0250,0.4776
02-JAN-2026,GPPL,182.30,182.15,0.0008,0.0204,0.0203,0.3878
02-JAN-2026,GPTHEALTH,141.85,140.25,0.0113,0.0197,0.0196,0.3745
02-JAN-2026,GPTINFRA,108.55,109.50,-0.0087,0.0287,0.0286,0.5464
02-JAN-2026,GRACIOUS,13.50,13.50,0.0000,0.0000,0.0000,0.0000
02-JAN-2026,GRANULES,615.35,619.20,-0.0062,0.0214,0.0214,0.4088
02-JAN-2026,GRAPHITE,659.70,648.15,0.0177,0.0255,0.0254,0.4853
02-JAN-2026,GRASIM,2856.45,2851.70,0.0017,0.0131,0.0131,0.2503
02-JAN-2026,GRAVITA,1860.45,1858.45,0.0011,0.0281,0.0281,0.5368
02-JAN-2026,GREAVESCOT,193.35,193.20,0.0008,0.0281,0.0280,0.5349
02-JAN-2026,GREENLAM,247.85,242.40,0.0222,0.0242,0.0242,0.4623
02-JAN-2026,GREENPANEL,230.80,230.90,-0.0004,0.0250,0.0249,0.4757
02-JAN-2026,GREENPLY,272.85,268.25,0.0170,0.0235,0.0235,0.4490
02-JAN-2026,GREENPOWER,11.90,11.58,0.0273,0.0245,0.0245,0.4681
02-JAN-2026,GRINDWELL,1558.20,1558.20,0.0000,0.0202,0.0202,0.3859
02-JAN-2026,GRINFRA,1009.75,999.70,0.0100,0.0187,0.0187,0.3573
02-JAN-2026,GRMOVER,163.90,161.45,0.0151,0.0265,0.0264,0.5044
02-JAN-2026,GROBTEA,999.05,982.90,0.0163,0.0307,0.0306,0.5846
02-JAN-2026,GROWW,155.20,155.30,-0.0006,0.0220,0.0220,0.4203
02-JAN-2026,GROWWCAPM,9.89,9.77,0.0122,0.0047,0.0048,0.0917
02-JAN-2026,GROWWDEFNC,77.98,77.27,0.0091,0.0145,0.0145,0.2770
02-JAN-2026,GROWWEV,32.03,31.56,0.0148,0.0091,0.0091,0.1739
02-JAN-2026,GROWWGOLD,132.28,130.59,0.0129,0.0102,0.0102,0.1949
02-JAN-2026,GROWWLIQID,107.31,107.27,0.0004,0.0002,0.0002,0.0038
02-JAN-2026,GROWWLOVOL,10.85,10.76,0.0083,0.0045,0.0045,0.0860
02-JAN-2026,GROWWMC150,224.92,222.54,0.0106,0.0027,0.0028,0.0535
02-JAN-2026,GROWWMETAL,10.86,10.71,0.0139,0.0022,0.0024,0.0459
02-JAN-2026,GROWWMOM50,10.69,10.61,0.0075,0.0061,0.0061,0.1165
02-JAN-2026,GROWWN200,11.85,11.76,0.0076,0.0079,0.0079,0.1509
02-JAN-2026,GROWWNET,10.53,10.45,0.0076,0.0070,0.0070,0.1337
02-JAN-2026,GROWWNIFTY,10.55,10.48,0.0067,0.0031,0.0031,0.0592
02-JAN-2026,GROWWNXT50,70.19,69.83,0.0051,0.0040,0.0041,0.0783
02-JAN-2026,GROWWPOWER,10.11,9.88,0.0230,0.0054,0.0057,0.1089
02-JAN-2026,GROWWRAIL,36.03,35.41,0.0174,0.0114,0.0115,0.2197
02-JAN-2026,GROWWRLTY,10.03,9.91,0.0120,0.0055,0.0056,0.1070
02-JAN-2026,GROWWSC250,9.64,9.59,0.0052,0.0031,0.0031,0.0592
02-JAN-2026,GROWWSLVR,228.66,219.86,0.0392,0.0192,0.0194,0.3706
02-JAN-2026,GRPLTD,1739.80,1805.70,-0.0372,0.0302,0.0302,0.5770
02-JAN-2026,GRSE,2436.95,2442.05,-0.0021,0.0341,0.0340,0.6496
02-JAN-2026,GRWRHITECH,3170.40,3099.55,0.0226,0.0357,0.0357,0.6820
02-JAN-2026,GSEC10ABSL,109.77,109.77,0.0000,0.0033,0.0032,0.0611
02-JAN-2026,GSEC10IETF,258.79,258.51,0.0011,0.0040,0.0040,0.0764
02-JAN-2026,GSEC10YEAR,29.65,29.66,-0.0003,0.0079,0.0079,0.1509
02-JAN-2026,GSEC5IETF,63.75,63.83,-0.0013,0.0046,0.0046,0.0879
02-JAN-2026,GSFC,183.90,182.00,0.0104,0.0213,0.0212,0.4050
02-JAN-2026,GSLSU,100.24,100.21,0.0003,0.0345,0.0344,0.6572
02-JAN-2026,GSPL,319.95,311.90,0.0255,0.0180,0.0180,0.3439
02-JAN-2026,GSS,17.06,16.39,0.0401,0.0307,0.0307,0.5865
02-JAN-2026,GTECJAINX,24.35,23.68,0.0279,0.0371,0.0371,0.7088
02-JAN-2026,GTL,8.09,8.08,0.0012,0.0300,0.0299,0.5712
02-JAN-2026,GTLINFRA,1.24,1.21,0.0245,0.0290,0.0290,0.5540
02-JAN-2026,GTPL,99.30,98.55,0.0076,0.0207,0.0207,0.3955
02-JAN-2026,GUFICBIO,337.05,341.20,-0.0122,0.0225,0.0225,0.4299
02-JAN-2026,GUJALKALI,504.70,500.95,0.0075,0.0192,0.0191,0.3649
02-JAN-2026,GUJAPOLLO,430.95,413.70,0.0409,0.0302,0.0302,0.5770
02-JAN-2026,GUJGASLTD,436.35,420.75,0.0364,0.0165,0.0167,0.3191
02-JAN-2026,GUJRAFFIA,50.86,50.25,0.0121,0.0382,0.0381,0.7279
02-JAN-2026,GUJTHEM,435.20,440.55,-0.0122,0.0295,0.0295,0.5636
02-JAN-2026,GULFOILLUB,1211.70,1215.75,-0.0033,0.0203,0.0203,0.3878
02-JAN-2026,GULFPETRO,35.79,34.74,0.0298,0.0235,0.0235,0.4490
02-JAN-2026,GULPOLY,143.35,140.35,0.0211,0.0267,0.0267,0.5101
02-JAN-2026,GVKPIL,3.09,3.12,-0.0097,0.0223,0.0223,0.4260
02-JAN-2026,GVPIL,340.00,324.85,0.0456,0.0338,0.0338,0.6457
02-JAN-2026,GVPTECH,8.81,8.96,-0.0169,0.0279,0.0278,0.5311
02-JAN-2026,GVT&D,3093.65,3164.45,-0.0226,0.0265,0.0264,0.5044
02-JAN-2026,HAL,4417.80,4397.85,0.0045,0.0193,0.0193,0.3687
02-JAN-2026,HALEOSLABS,1354.00,1310.00,0.0330,0.0343,0.0343,0.6553
02-JAN-2026,HAPPSTMNDS,466.10,455.95,0.0220,0.0169,0.0170,0.3248
02-JAN-2026,HAPPYFORGE,1185.75,1155.90,0.0255,0.0157,0.0157,0.2999
02-JAN-2026,HARDOLI,34.65,34.65,0.0000,0.0000,0.0000,0.0000
02-JAN-2026,HARDWYN,17.76,16.76,0.0580,0.0293,0.0295,0.5636
02-JAN-2026,HARIOMPIPE,395.50,382.85,0.0325,0.0306,0.0306,0.5846
02-JAN-2026,HARRMALAYA,171.75,166.85,0.0289,0.0239,0.0239,0.4566
02-JAN-2026,HARSHA,387.45,389.95,-0.0064,0.0200,0.0200,0.3821
02-JAN-2026,HATHWAY,12.68,12.45,0.0183,0.0190,0.0190,0.3630
02-JAN-2026,HATSUN,975.85,973.80,0.0021,0.0221,0.0220,0.4203
02-JAN-2026,HAVELLS,1439.90,1417.45,0.0157,0.0138,0.0138,0.2636
02-JAN-2026,HAVISHA,1.90,1.81,0.0485,0.0308,0.0309,0.5903
02-JAN-2026,HBLENGINE,937.55,919.30,0.0197,0.0314,0.0314,0.5999
02-JAN-2026,HBSL,73.71,73.68,0.0004,0.0357,0.0357,0.6820
02-JAN-2026,HCC,19.39,19.04,0.0182,0.0327,0.0326,0.6228
02-JAN-2026,HCG,655.35,652.80,0.0039,0.0196,0.0196,0.3745
02-JAN-2026,HCL-INSYS,14.45,13.28,0.0844,0.0260,0.0266,0.5082
02-JAN-2026,HCLTECH,1640.20,1634.60,0.0034,0.0145,0.0145,0.2770
02-JAN-2026,HDBFS,770.15,764.05,0.0080,0.0077,0.0077,0.1471
02-JAN-2026,HDFCAMC,2657.20,2648.20,0.0034,0.0178,0.0177,0.3382
02-JAN-2026,HDFCBANK,1001.60,991.05,0.0106,0.0103,0.0103,0.1968
02-JAN-2026,HDFCBSE500,38.54,38.25,0.0076,0.0100,0.0100,0.1910
02-JAN-2026,HDFCGOLD,115.45,114.10,0.0118,0.0104,0.0104,0.1987
02-JAN-2026,HDFCGROWTH,131.30,130.39,0.0070,0.0079,0.0079,0.1509
02-JAN-2026,HDFCLIFE,754.85,750.10,0.0063,0.0130,0.0130,0.2484
02-JAN-2026,HDFCLIQUID,1042.89,1042.51,0.0004,0.0006,0.0006,0.0115
02-JAN-2026,HDFCLOWVOL,21.64,21.58,0.0028,0.0080,0.0080,0.1528
02-JAN-2026,HDFCMID150,22.76,22.58,0.0079,0.0094,0.0094,0.1796
02-JAN-2026,HDFCMOMENT,31.89,31.48,0.0129,0.0100,0.0100,0.1910
02-JAN-2026,HDFCNEXT50,71.49,70.96,0.0074,0.0098,0.0098,0.1872
02-JAN-2026,HDFCNIF100,27.66,27.53,0.0047,0.0084,0.0084,0.1605
02-JAN-2026,HDFCNIFBAN,61.61,61.18,0.0070,0.0077,0.0077,0.1471
02-JAN-2026,HDFCNIFIT,40.41,40.22,0.0047,0.0121,0.0121,0.2312
02-JAN-2026,HDFCNIFTY,294.23,292.37,0.0063,0.0068,0.0068,0.1299
02-JAN-2026,HDFCPSUBK,87.65,86.50,0.0132,0.0126,0.0126,0.2407
02-JAN-2026,HDFCPVTBAN,29.37,29.18,0.0065,0.0082,0.0082,0.1567
02-JAN-2026,HDFCQUAL,60.55,60.18,0.0061,0.0083,0.0083,0.1586
02-JAN-2026,HDFCSENSEX,96.73,96.16,0.0059,0.0069,0.0069,0.1318
02-JAN-2026,HDFCSILVER,222.97,215.18,0.0356,0.0205,0.0206,0.3936
02-JAN-2026,HDFCSML250,168.84,167.53,0.0078,0.0104,0.0104,0.1987
02-JAN-2026,HDFCVALUE,140.28,139.45,0.0059,0.0081,0.0081,0.1548
02-JAN-2026,HDIL,2.42,2.40,0.0083,0.0259,0.0258,0.4929
02-JAN-2026,HEADSUP,8.86,9.13,-0.0300,0.0299,0.0299,0.5712
02-JAN-2026,HEALTHADD,148.53,147.29,0.0084,0.0091,0.0091,0.1739
02-JAN-2026,HEALTHIETF,150.96,149.70,0.0084,0.0086,0.0086,0.1643
02-JAN-2026,HEALTHY,15.09,15.01,0.0053,0.0084,0.0083,0.1586
02-JAN-2026,HECPROJECT,124.57,123.83,0.0060,0.0307,0.0306,0.5846
02-JAN-2026,HEG,619.70,624.15,-0.0072,0.0266,0.0266,0.5082
02-JAN-2026,HEIDELBERG,175.65,174.60,0.0060,0.0146,0.0146,0.2789
02-JAN-2026,HEMIPROP,137.95,136.30,0.0120,0.0290,0.0289,0.5521
02-JAN-2026,HERANBA,243.20,243.45,-0.0010,0.0266,0.0266,0.5082
02-JAN-2026,HERITGFOOD,465.10,452.00,0.0286,0.0224,0.0225,0.4299
02-JAN-2026,HEROMOTOCO,5932.95,5841.60,0.0155,0.0158,0.0158,0.3019
02-JAN-2026,HESTERBIO,1604.40,1594.10,0.0064,0.0248,0.0247,0.4719
02-JAN-2026,HEUBACHIND,476.80,474.00,0.0059,0.0187,0.0187,0.3573
02-JAN-2026,HEXATRADEX,162.25,162.35,-0.0006,0.0217,0.0216,0.4127
02-JAN-2026,HEXT,754.15,758.00,-0.0051,0.0195,0.0195,0.3725
02-JAN-2026,HFCL,67.73,68.92,-0.0174,0.0273,0.0273,0.5216
02-JAN-2026,HGINFRA,744.10,739.90,0.0057,0.0226,0.0225,0.4299
02-JAN-2026,HGM,68.28,69.21,-0.0135,0.0347,0.0347,0.6629
02-JAN-2026,HGS,453.25,458.20,-0.0109,0.0194,0.0194,0.3706
02-JAN-2026,HIKAL,227.00,226.90,0.0004,0.0240,0.0239,0.4566
02-JAN-2026,HILINFRA,59.89,57.73,0.0367,0.0146,0.0148,0.2828
02-JAN-2026,HILLRIDGE,10.00,10.00,0.0000,0.0000,0.0000,0.0000
02-JAN-2026,HILTON,35.79,35.62,0.0048,0.0329,0.0328,0.6266
02-JAN-2026,HIMATSEIDE,114.70,112.75,0.0171,0.0276,0.0275,0.5254
02-JAN-2026,HINDALCO,925.70,894.95,0.0338,0.0168,0.0169,0.3229
02-JAN-2026,HINDCOMPOS,451.20,425.75,0.0581,0.0227,0.0231,0.4413
02-JAN-2026,HINDCON,27.21,27.23,-0.0007,0.0252,0.0252,0.4814
02-JAN-2026,HINDCOPPER,541.90,522.65,0.0362,0.0303,0.0303,0.5789
02-JAN-2026,HINDOILEXP,156.40,156.25,0.0010,0.0224,0.0223,0.4260
02-JAN-2026,HINDPETRO,495.85,498.60,-0.0055,0.0201,0.0200,0.3821
02-JAN-2026,HINDUNILVR,2348.00,2323.00,0.0107,0.0114,0.0114,0.2178
02-JAN-2026,HINDWAREAP,272.05,271.95,0.0004,0.0277,0.0276,0.5273
02-JAN-2026,HINDZINC,628.80,611.95,0.0272,0.0224,0.0225,0.4299
02-JAN-2026,HIRECT,1496.85,1502.80,-0.0040,0.0337,0.0336,0.6419
02-JAN-2026,HISARMETAL,163.25,163.90,-0.0040,0.0243,0.0242,0.4623
02-JAN-2026,HITECH,94.90,93.31,0.0169,0.0252,0.0251,0.4795
02-JAN-2026,HITECHCORP,169.40,171.70,-0.0135,0.0281,0.0281,0.5368
02-JAN-2026,HITECHGEAR,754.45,717.05,0.0508,0.0247,0.0249,0.4757
02-JAN-2026,HLEGLAS,449.20,440.60,0.0193,0.0323,0.0322,0.6152
02-JAN-2026,HLVLTD,9.60,9.28,0.0339,0.0263,0.0264,0.5044
02-JAN-2026,HMAAGRO,29.39,29.56,-0.0058,0.0205,0.0205,0.3917
02-JAN-2026,HMT,47.27,47.11,0.0034,0.0237,0.0236,0.4509
02-JAN-2026,HMVL,70.08,69.65,0.0062,0.0243,0.0242,0.4623
02-JAN-2026,HNDFDS,516.20,512.85,0.0065,0.0167,0.0167,0.3191
02-JAN-2026,HNGSNGBEES,507.36,497.21,0.0202,0.0177,0.0177,0.3382
02-JAN-2026,HOMEFIRST,1105.10,1100.80,0.0039,0.0237,0.0236,0.4509
02-JAN-2026,HONASA,292.75,283.60,0.0318,0.0257,0.0258,0.4929
02-JAN-2026,HONAUT,33623.95,33049.35,0.0172,0.0149,0.0149,0.2847
02-JAN-2026,HONDAPOWER,2347.40,2333.20,0.0061,0.0230,0.0229,0.4375
02-JAN-2026,HOTAHOTI,9.90,9.90,0.0000,0.0000,0.0000,0.0000
02-JAN-2026,HPAL,42.69,41.34,0.0321,0.0224,0.0224,0.4280
02-JAN-2026,HPIL,142.95,144.25,-0.0091,0.0311,0.0310,0.5923
02-JAN-2026,HPL,407.55,405.70,0.0045,0.0308,0.0307,0.5865
02-JAN-2026,HSCL,494.00,485.40,0.0176,0.0233,0.0233,0.4451
02-JAN-2026,HTMEDIA,23.97,23.24,0.0309,0.0254,0.0254,0.4853
02-JAN-2026,HUBTOWN,258.55,256.40,0.0084,0.0330,0.0329,0.6286
02-JAN-2026,HUDCO,231.40,227.60,0.0166,0.0261,0.0261,0.4986
02-JAN-2026,HUHTAMAKI,212.60,210.35,0.0106,0.0223,0.0223,0.4260
02-JAN-2026,HYBRIDFIN,20.03,20.18,-0.0075,0.0398,0.0397,0.7585
02-JAN-2026,HYUNDAI,2267.95,2310.80,-0.0187,0.0160,0.0160,0.3057
02-JAN-2026,IBULLSLTD,16.47,17.07,-0.0358,0.0330,0.0330,0.6305
02-JAN-2026,ICDSLTD,45.22,46.63,-0.0307,0.0334,0.0333,0.6362
02-JAN-2026,ICEMAKE,807.50,809.40,-0.0024,0.0279,0.0278,0.5311
02-JAN-2026,ICICIAMC,2662.30,2628.25,0.0129,0.0018,0.0020,0.0382
02-JAN-2026,ICICIB22,119.12,117.45,0.0141,0.0094,0.0094,0.1796
02-JAN-2026,ICICIBANK,1355.40,1337.90,0.0130,0.0105,0.0105,0.2006
02-JAN-2026,ICICIGI,1973.90,1956.90,0.0086,0.0145,0.0144,0.2751
02-JAN-2026,ICICIPRULI,678.30,674.30,0.0059,0.0141,0.0141,0.2694
02-JAN-2026,ICIL,280.05,283.85,-0.0135,0.0340,0.0339,0.6477
02-JAN-2026,ICRA,6186.45,6152.50,0.0055,0.0152,0.0152,0.2904
02-JAN-2026,IDBI,114.75,103.75,0.1008,0.0239,0.0249,0.4757
02-JAN-2026,IDEA,11.78,11.60,0.0154,0.0357,0.0356,0.6801
02-JAN-2026,IDEAFORGE,469.10,464.15,0.0106,0.0311,0.0310,0.5923
02-JAN-2026,IDFCFIRSTB,85.92,85.61,0.0036,0.0168,0.0168,0.3210
02-JAN-2026,IDFNIFTYET,288.37,286.29,0.0072,0.0153,0.0152,0.2904
02-JAN-2026,IEX,134.35,133.40,0.0071,0.0274,0.0274,0.5235
02-JAN-2026,IFBAGRO,1593.95,1481.95,0.0729,0.0350,0.0353,0.6744
02-JAN-2026,IFBIND,1599.95,1560.50,0.0250,0.0292,0.0292,0.5579
02-JAN-2026,IFCI,53.62,53.07,0.0103,0.0314,0.0313,0.5980
02-JAN-2026,IFGLEXPOR,213.65,206.70,0.0331,0.0310,0.0310,0.5923
02-JAN-2026,IGARASHI,464.50,438.95,0.0566,0.0280,0.0282,0.5388
02-JAN-2026,IGCL,84.02,82.47,0.0186,0.0155,0.0155,0.2961
02-JAN-2026,IGIL,334.55,333.00,0.0046,0.0224,0.0224,0.4280
02-JAN-2026,IGL,194.35,191.95,0.0124,0.0207,0.0206,0.3936
02-JAN-2026,IGPL,395.50,395.05,0.0011,0.0210,0.0210,0.4012
02-JAN-2026,IIEL,10.00,10.00,0.0000,0.0000,0.0000,0.0000
02-JAN-2026,IIFL,641.35,620.45,0.0331,0.0255,0.0256,0.4891
02-JAN-2026,IIFLCAPS,377.85,379.85,-0.0053,0.0337,0.0336,0.6419
02-JAN-2026,IITL,167.10,164.60,0.0151,0.0278,0.0277,0.5292
02-JAN-2026,IKIO,185.45,178.60,0.0376,0.0253,0.0254,0.4853
02-JAN-2026,IKS,1684.35,1682.25,0.0012,0.0204,0.0203,0.3878
02-JAN-2026,IL&FSENGG,26.11,26.62,-0.0193,0.0282,0.0282,0.5388
02-JAN-2026,IL&FSTRANS,2.98,2.97,0.0034,0.0270,0.0270,0.5158
02-JAN-2026,IMAGICAA,48.35,47.86,0.0102,0.0249,0.0249,0.4757
02-JAN-2026,IMFA,1496.10,1491.20,0.0033,0.0288,0.0287,0.5483
02-JAN-2026,IMPAL,1043.05,1043.25,-0.0002,0.0168,0.0168,0.3210
02-JAN-2026,IMPEXFERRO,1.87,1.83,0.0216,0.0274,0.0274,0.5235
02-JAN-2026,INCREDIBLE,40.82,40.29,0.0131,0.0299,0.0298,0.5693
02-JAN-2026,INDBANK,35.24,34.59,0.0186,0.0310,0.0310,0.5923
02-JAN-2026,INDGN,522.55,520.00,0.0049,0.0190,0.0189,0.3611
02-JAN-2026,INDHOTEL,748.65,738.75,0.0133,0.0175,0.0175,0.3343
02-JAN-2026,INDIACEM,445.40,436.05,0.0212,0.0234,0.0234,0.4471
02-JAN-2026,INDIAGLYCO,1006.15,1009.30,-0.0031,0.0268,0.0267,0.5101
02-JAN-2026,INDIAMART,2177.80,2194.10,-0.0075,0.0178,0.0178,0.3401
02-JAN-2026,INDIANB,861.40,832.60,0.0340,0.0196,0.0197,0.3764
02-JAN-2026,INDIANCARD,241.65,241.05,0.0025,0.0271,0.0270,0.5158
02-JAN-2026,INDIANHUME,423.80,404.10,0.0476,0.0278,0.0279,0.5330
02-JAN-2026,INDIASHLTR,820.30,817.00,0.0040,0.0177,0.0177,0.3382
02-JAN-2026,INDIGO,5106.00,5110.45,-0.0009,0.0174,0.0174,0.3324
02-JAN-2026,INDIGOPNTS,1171.15,1187.00,-0.0134,0.0199,0.0199,0.3802
02-JAN-2026,INDIGRID,168.81,168.23,0.0034,0.0064,0.0064,0.1223
02-JAN-2026,INDIQUBE,210.05,209.65,0.0019,0.0129,0.0129,0.2465
02-JAN-2026,INDNIPPON,841.95,811.85,0.0364,0.0232,0.0233,0.4451
02-JAN-2026,INDOAMIN,129.60,128.70,0.0070,0.0284,0.0283,0.5407
02-JAN-2026,INDOBORAX,268.20,271.15,-0.0109,0.0290,0.0289,0.5521
02-JAN-2026,INDOCO,226.75,229.55,-0.0123,0.0247,0.0247,0.4719
02-JAN-2026,INDOFARM,219.20,216.80,0.0110,0.0271,0.0271,0.5177
02-JAN-2026,INDORAMA,48.15,48.00,0.0031,0.0302,0.0301,0.5751
02-JAN-2026,INDOSTAR,247.25,241.50,0.0235,0.0276,0.0275,0.5254
02-JAN-2026,INDOTECH,1601.50,1558.85,0.0270,0.0317,0.0317,0.6056
02-JAN-2026,INDOTHAI,267.55,281.65,-0.0514,0.0313,0.0314,0.5999
02-JAN-2026,INDOUS,121.75,120.65,0.0091,0.0385,0.0384,0.7336
02-JAN-2026,INDOWIND,15.92,15.51,0.0261,0.0313,0.0313,0.5980
02-JAN-2026,INDRAMEDCO,455.50,450.55,0.0109,0.0304,0.0303,0.5789
02-JAN-2026,INDSWFTLAB,91.55,90.48,0.0118,0.0292,0.0291,0.5560
02-JAN-2026,INDTERRAIN,34.89,34.37,0.0150,0.0289,0.0288,0.5502
02-JAN-2026,INDUENG,9.50,9.50,0.0000,0.0000,0.0000,0.0000
02-JAN-2026,INDUSINDBK,902.45,890.20,0.0137,0.0229,0.0228,0.4356
02-JAN-2026,INDUSINVIT,116.42,116.67,-0.0021,0.0087,0.0087,0.1662
02-JAN-2026,INDUSTOWER,442.05,435.80,0.0142,0.0200,0.0200,0.3821
02-JAN-2026,INFIBEAM,16.65,16.48,0.0103,0.0259,0.0258,0.4929
02-JAN-2026,INFOBEAN,905.70,811.10,0.1103,0.0346,0.0354,0.6763
02-JAN-2026,INFOMEDIA,6.51,6.40,0.0170,0.0351,0.0350,0.6687
02-JAN-2026,INFRABEES,1008.86,997.26,0.0116,0.0097,0.0097,0.1853
02-JAN-2026,INFRAIETF,100.40,99.51,0.0089,0.0091,0.0091,0.1739
02-JAN-2026,INFY,1640.40,1629.75,0.0065,0.0148,0.0148,0.2828
02-JAN-2026,INGERRAND,3507.30,3485.70,0.0062,0.0183,0.0182,0.3477
02-JAN-2026,INNOVACAP,725.10,738.45,-0.0182,0.0240,0.0240,0.4585
02-JAN-2026,INNOVANA,420.55,410.40,0.0244,0.0258,0.0257,0.4910
02-JAN-2026,INOXGREEN,213.65,208.00,0.0268,0.0311,0.0310,0.5923
02-JAN-2026,INOXINDIA,1130.80,1113.05,0.0158,0.0179,0.0178,0.3401
02-JAN-2026,INOXWIND,128.05,122.85,0.0415,0.0271,0.0272,0.5197
02-JAN-2026,INSECTICID,710.35,705.05,0.0075,0.0223,0.0223,0.4260
02-JAN-2026,INSPIRISYS,90.39,89.76,0.0070,0.0288,0.0287,0.5483
02-JAN-2026,INTELLECT,961.15,947.85,0.0139,0.0283,0.0283,0.5407
02-JAN-2026,INTENTECH,118.45,115.95,0.0213,0.0336,0.0336,0.6419
02-JAN-2026,INTERARCH,2293.35,2302.60,-0.0040,0.0249,0.0248,0.4738
02-JAN-2026,INTERISE,109.75,109.75,0.0000,0.0066,0.0066,0.1261
02-JAN-2026,INTERNET,14.17,14.05,0.0085,0.0116,0.0116,0.2216
02-JAN-2026,INTERTEC,31.35,31.35,0.0000,0.0000,0.0000,0.0000
02-JAN-2026,INTLCONV,89.78,88.78,0.0112,0.0256,0.0255,0.4872
02-JAN-2026,INVENTURE,1.20,1.14,0.0513,0.0257,0.0259,0.4948
02-JAN-2026,IOB,37.23,36.29,0.0256,0.0239,0.0240,0.4585
02-JAN-2026,IOC,166.80,165.90,0.0054,0.0159,0.0158,0.3019
02-JAN-2026,IOLCP,84.03,82.18,0.0223,0.0275,0.0275,0.5254
02-JAN-2026,IONEXCHANG,386.55,373.55,0.0342,0.0230,0.0230,0.4394
02-JAN-2026,IPCALAB,1404.00,1398.15,0.0042,0.0204,0.0204,0.3897
02-JAN-2026,IPL,176.95,174.50,0.0139,0.0264,0.0263,0.5025
02-JAN-2026,IRB,42.81,42.16,0.0153,0.0215,0.0214,0.4088
02-JAN-2026,IRBINVIT,62.53,62.37,0.0026,0.0088,0.0088,0.1681
02-JAN-2026,IRBIT,220.22,220.22,0.0000,0.0000,0.0000,0.0000
02-JAN-2026,IRCON,179.15,178.00,0.0064,0.0287,0.0286,0.5464
02-JAN-2026,IRCTC,694.85,685.65,0.0133,0.0149,0.0149,0.2847
02-JAN-2026,IREDA,146.65,139.35,0.0511,0.0243,0.0245,0.4681
02-JAN-2026,IRFC,128.50,125.80,0.0212,0.0230,0.0230,0.4394
02-JAN-2026,IRIS,313.95,308.65,0.0170,0.0270,0.0269,0.5139
02-JAN-2026,IRISDOREME,37.18,37.54,-0.0096,0.0247,0.0247,0.4719
02-JAN-2026,IRMENERGY,288.05,289.35,-0.0045,0.0265,0.0265,0.5063
02-JAN-2026,ISFT,91.56,91.14,0.0046,0.0274,0.0273,0.5216
02-JAN-2026,ISGEC,898.50,899.05,-0.0006,0.0262,0.0261,0.4986
02-JAN-2026,ISHANCH,65.03,64.92,0.0017,0.0234,0.0234,0.4471
02-JAN-2026,ISHL,807.00,807.00,0.0000,0.0007,0.0007,0.0134
02-JAN-2026,ISL,41.35,41.35,0.0000,0.0000,0.0000,0.0000
02-JAN-2026,IT,41.94,41.83,0.0026,0.0119,0.0118,0.2254
02-JAN-2026,ITADD,40.19,40.01,0.0045,0.0124,0.0123,0.2350
02-JAN-2026,ITBEES,42.14,41.97,0.0040,0.0119,0.0119,0.2273
02-JAN-2026,ITBETA,398.00,396.62,0.0035,0.0120,0.0120,0.2293
02-JAN-2026,ITC,350.05,363.85,-0.0387,0.0119,0.0122,0.2331
02-JAN-2026,ITCHOTELS,198.65,196.55,0.0106,0.0154,0.0153,0.2923
02-JAN-2026,ITDC,607.65,607.05,0.0010,0.0297,0.0296,0.5655
02-JAN-2026,ITETF,40.10,39.98,0.0030,0.0123,0.0122,0.2331
02-JAN-2026,ITI,312.05,310.85,0.0039,0.0319,0.0318,0.6075
02-JAN-2026,ITIETF,42.09,41.93,0.0038,0.0120,0.0120,0.2293
02-JAN-2026,IVALUE,270.70,280.65,-0.0361,0.0145,0.0147,0.2808
02-JAN-2026,IVC,8.12,8.12,0.0000,0.0240,0.0239,0.4566
02-JAN-2026,IVP,153.95,151.95,0.0131,0.0295,0.0294,0.5617
02-JAN-2026,IVZINGOLD,11787.90,11590.95,0.0168,0.0161,0.0161,0.3076
02-JAN-2026,IVZINNIFTY,2981.46,2962.39,0.0064,0.0094,0.0094,0.1796
02-JAN-2026,IXIGO,241.60,240.85,0.0031,0.0310,0.0310,0.5923
02-JAN-2026,IZMO,819.90,808.05,0.0146,0.0402,0.0401,0.7661
02-JAN-2026,J&KBANK,102.35,101.05,0.0128,0.0224,0.0223,0.4260
02-JAN-2026,JAGRAN,72.27,71.89,0.0053,0.0156,0.0156,0.2980
02-JAN-2026,JAGSNPHARM,194.00,192.55,0.0075,0.0309,0.0309,0.5903
02-JAN-2026,JAIBALAJI,72.61,71.06,0.0216,0.0296,0.0295,0.5636
02-JAN-2026,JAICORPLTD,132.25,131.60,0.0049,0.0345,0.0344,0.6572
02-JAN-2026,JAINREC,422.25,405.40,0.0407,0.0162,0.0164,0.3133
02-JAN-2026,JAIPURKURT,32.08,31.71,0.0116,0.0345,0.0344,0.6572
02-JAN-2026,JAMNAAUTO,132.55,126.50,0.0467,0.0214,0.0216,0.4127
02-JAN-2026,JARO,465.90,462.30,0.0078,0.0171,0.0171,0.3267
02-JAN-2026,JASH,433.35,435.30,-0.0045,0.0247,0.0246,0.4700
02-JAN-2026,JAYAGROGN,201.55,201.80,-0.0012,0.0219,0.0218,0.4165
02-JAN-2026,JAYBARMARU,100.41,91.05,0.0979,0.0275,0.0283,0.5407
02-JAN-2026,JAYKAY,191.15,187.70,0.0182,0.0331,0.0331,0.6324
02-JAN-2026,JAYNECOIND,91.56,86.93,0.0519,0.0390,0.0391,0.7470
02-JAN-2026,JAYSREETEA,88.13,87.75,0.0043,0.0226,0.0226,0.4318
02-JAN-2026,JBCHEPHARM,1850.35,1819.95,0.0166,0.0163,0.0163,0.3114
02-JAN-2026,JBMA,666.60,625.65,0.0634,0.0279,0.0282,0.5388
02-JAN-2026,JECOEXP,10.00,10.00,0.0000,0.0000,0.0000,0.0000
02-JAN-2026,JETFREIGHT,16.87,16.75,0.0071,0.0330,0.0329,0.6286
02-JAN-2026,JGCHEM,357.35,352.35,0.0141,0.0279,0.0278,0.5311
02-JAN-2026,JHS,9.48,9.53,-0.0053,0.0303,0.0302,0.5770
02-JAN-2026,JINDALPHOT,1501.30,1500.70,0.0004,0.0340,0.0339,0.6477
02-JAN-2026,JINDALPOLY,479.95,480.25,-0.0006,0.0241,0.0241,0.4604
02-JAN-2026,JINDALSAW,170.60,167.45,0.0186,0.0253,0.0253,0.4834
02-JAN-2026,JINDALSTEL,1080.30,1068.40,0.0111,0.0180,0.0179,0.3420
02-JAN-2026,JINDRILL,570.90,566.50,0.0077,0.0277,0.0276,0.5273
02-JAN-2026,JINDWORLD,29.59,29.00,0.0201,0.0301,0.0301,0.5751
02-JAN-2026,JIOFIN,301.70,295.70,0.0201,0.0172,0.0172,0.3286
02-JAN-2026,JISLDVREQS,27.71,27.61,0.0036,0.0281,0.0280,0.5349
02-JAN-2026,JISLJALEQS,41.82,41.91,-0.0021,0.0285,0.0284,0.5426
02-JAN-2026,JITFINFRA,279.60,281.25,-0.0059,0.0347,0.0346,0.6610
02-JAN-2026,JKCEMENT,5560.60,5498.00,0.0113,0.0177,0.0177,0.3382
02-JAN-2026,JKIL,602.20,574.95,0.0463,0.0220,0.0222,0.4241
02-JAN-2026,JKIPL,93.27,90.76,0.0273,0.0151,0.0151,0.2885
02-JAN-2026,JKLAKSHMI,798.30,793.50,0.0060,0.0178,0.0178,0.3401
02-JAN-2026,JKPAPER,358.85,353.85,0.0140,0.0236,0.0236,0.4509
02-JAN-2026,JKTYRE,511.55,516.65,-0.0099,0.0219,0.0219,0.4184
02-JAN-2026,JLHL,1400.40,1397.85,0.0018,0.0159,0.0159,0.3038
02-JAN-2026,JMA,79.68,79.75,-0.0009,0.0240,0.0239,0.4566
02-JAN-2026,JMFINANCIL,149.05,147.55,0.0101,0.0279,0.0279,0.5330
02-JAN-2026,JNKINDIA,235.90,241.00,-0.0214,0.0274,0.0273,0.5216
02-JAN-2026,JOCIL,144.49,144.00,0.0034,0.0208,0.0207,0.3955
02-JAN-2026,JOTINDRA,2.70,2.70,0.0000,0.0327,0.0327,0.6247
02-JAN-2026,JPOLYINVST,1022.20,1041.00,-0.0182,0.0298,0.0297,0.5674
02-JAN-2026,JPPOWER,17.69,17.61,0.0045,0.0305,0.0304,0.5808
02-JAN-2026,JSFB,423.45,421.55,0.0045,0.0228,0.0227,0.4337
02-JAN-2026,JSL,855.40,853.75,0.0019,0.0216,0.0216,0.4127
02-JAN-2026,JSLL,682.20,682.00,0.0003,0.0181,0.0181,0.3458
02-JAN-2026,JSWCEMENT,123.00,120.25,0.0226,0.0112,0.0113,0.2159
02-JAN-2026,JSWENERGY,510.65,502.00,0.0171,0.0222,0.0222,0.4241
02-JAN-2026,JSWHL,19930.45,19774.50,0.0079,0.0281,0.0281,0.5368
02-JAN-2026,JSWINFRA,285.35,283.25,0.0074,0.0193,0.0193,0.3687
02-JAN-2026,JSWSTEEL,1180.65,1171.50,0.0078,0.0153,0.0153,0.2923
02-JAN-2026,JTEKTINDIA,148.15,141.10,0.0488,0.0259,0.0260,0.4967
02-JAN-2026,JTLIND,59.82,59.04,0.0131,0.0286,0.0285,0.5445
02-JAN-2026,JUBLCPL,2302.70,2269.15,0.0147,0.0267,0.0267,0.5101
02-JAN-2026,JUBLFOOD,552.95,553.15,-0.0004,0.0173,0.0173,0.3305
02-JAN-2026,JUBLINGREA,726.25,706.95,0.0269,0.0249,0.0249,0.4757
02-JAN-2026,JUBLPHARMA,1055.40,1058.05,-0.0025,0.0236,0.0235,0.4490
02-JAN-2026,JUNIORBEES,755.86,747.76,0.0108,0.0094,0.0094,0.1796
02-JAN-2026,JUNIPER,252.55,250.50,0.0082,0.0228,0.0228,0.4356
02-JAN-2026,JUSTDIAL,734.70,726.30,0.0115,0.0214,0.0213,0.4069
02-JAN-2026,JWL,338.25,337.10,0.0034,0.0303,0.0303,0.5789
02-JAN-2026,JYOTHYLAB,284.25,277.80,0.0230,0.0180,0.0180,0.3439
02-JAN-2026,JYOTICNC,993.95,992.90,0.0011,0.0269,0.0268,0.5120
02-JAN-2026,JYOTISTRUC,10.18,9.56,0.0628,0.0342,0.0344,0.6572
02-JAN-2026,KABIRDAS,1.00,1.00,0.0000,0.0000,0.0000,0.0000
02-JAN-2026,KABRAEXTRU,228.65,225.95,0.0119,0.0267,0.0267,0.5101
02-JAN-2026,KAJARIACER,980.85,962.85,0.0185,0.0171,0.0171,0.3267
02-JAN-2026,KAKATCEM,128.70,128.30,0.0031,0.0205,0.0204,0.3897
02-JAN-2026,KALAMANDIR,152.40,152.85,-0.0029,0.0269,0.0268,0.5120
02-JAN-2026,KALPATARU,380.90,347.25,0.0925,0.0126,0.0141,0.2694
02-JAN-2026,KALYANI,138.09,138.09,0.0000,0.0044,0.0044,0.0841
02-JAN-2026,KALYANIFRG,634.00,627.70,0.0100,0.0281,0.0281,0.5368
02-JAN-2026,KALYANKJIL,495.70,484.20,0.0235,0.0247,0.0247,0.4719
02-JAN-2026,KAMATHOTEL,238.40,238.40,0.0000,0.0309,0.0309,0.5903
02-JAN-2026,KAMDHENU,25.29,25.22,0.0028,0.0282,0.0281,0.5368
02-JAN-2026,KAMINI,3.25,3.25,0.0000,0.0032,0.0032,0.0611
02-JAN-2026,KAMOPAINTS,6.12,6.03,0.0148,0.0268,0.0267,0.5101
02-JAN-2026,KANANIIND,1.74,1.69,0.0292,0.0265,0.0265,0.5063
02-JAN-2026,KANORICHEM,77.33,76.84,0.0064,0.0247,0.0246,0.4700
02-JAN-2026,KANPRPLA,177.00,179.70,-0.0151,0.0293,0.0292,0.5579
02-JAN-2026,KANSAINER,241.05,239.75,0.0054,0.0148,0.0148,0.2828
02-JAN-2026,KAPSTON,307.10,300.25,0.0226,0.0265,0.0265,0.5063
02-JAN-2026,KARMAENG,49.59,48.69,0.0183,0.0352,0.0352,0.6725
02-JAN-2026,KARURVYSYA,272.50,269.40,0.0114,0.0190,0.0190,0.3630
02-JAN-2026,KAUSHALYA,876.25,863.15,0.0151,0.0315,0.0314,0.5999
02-JAN-2026,KAVDEFENCE,73.93,70.41,0.0488,0.0345,0.0345,0.6591
02-JAN-2026,KAYA,402.90,400.10,0.0070,0.0311,0.0310,0.5923
02-JAN-2026,KAYNES,3977.25,3943.50,0.0085,0.0325,0.0324,0.6190
02-JAN-2026,KCP,180.25,180.15,0.0006,0.0224,0.0224,0.4280
02-JAN-2026,KCPSUGIND,26.14,26.10,0.0015,0.0251,0.0251,0.4795
02-JAN-2026,KDDL,2409.90,2465.55,-0.0228,0.0262,0.0262,0.5006
02-JAN-2026,KEC,746.85,738.30,0.0115,0.0245,0.0244,0.4662
02-JAN-2026,KECL,105.15,104.75,0.0038,0.0282,0.0281,0.5368
02-JAN-2026,KEEPLEARN,2.46,2.43,0.0123,0.0340,0.0339,0.6477
02-JAN-2026,KEI,4529.45,4514.45,0.0033,0.0234,0.0234,0.4471
02-JAN-2026,KELLTONTEC,18.95,18.52,0.0230,0.0325,0.0324,0.6190
02-JAN-2026,KERNEX,1250.80,1209.80,0.0333,0.0341,0.0341,0.6515
02-JAN-2026,KESORAMIND,11.94,12.56,-0.0506,0.0336,0.0337,0.6438
02-JAN-2026,KEYFINSERV,315.80,315.10,0.0022,0.0456,0.0455,0.8693
02-JAN-2026,KFINTECH,1082.00,1076.70,0.0049,0.0270,0.0270,0.5158
02-JAN-2026,KHADIM,184.80,182.15,0.0144,0.0286,0.0285,0.5445
02-JAN-2026,KHAICHEM,78.32,78.57,-0.0032,0.0299,0.0298,0.5693
02-JAN-2026,KHAITANLTD,104.00,104.15,-0.0014,0.0320,0.0319,0.6094
02-JAN-2026,KHANDSE,21.42,20.98,0.0208,0.0317,0.0316,0.6037
02-JAN-2026,KICL,5008.45,4954.20,0.0109,0.0245,0.0245,0.4681
02-JAN-2026,KILITCH,360.40,359.35,0.0029,0.0245,0.0244,0.4662
02-JAN-2026,KIMS,632.25,616.10,0.0259,0.0177,0.0177,0.3382
02-JAN-2026,KINGFA,4436.00,4424.05,0.0027,0.0275,0.0274,0.5235
02-JAN-2026,KIOCL,402.75,406.35,-0.0089,0.0392,0.0391,0.7470
02-JAN-2026,KIRIINDUS,616.05,682.55,-0.1025,0.0309,0.0316,0.6037
02-JAN-2026,KIRLOSBROS,1645.20,1610.95,0.0210,0.0283,0.0283,0.5407
02-JAN-2026,KIRLOSENG,1261.10,1230.35,0.0247,0.0269,0.0269,0.5139
02-JAN-2026,KIRLOSIND,3242.90,3163.40,0.0248,0.0222,0.0222,0.4241
02-JAN-2026,KIRLPNU,1058.55,1039.20,0.0184,0.0259,0.0259,0.4948
02-JAN-2026,KITEX,182.70,180.55,0.0118,0.0343,0.0342,0.6534
02-JAN-2026,KKCL,483.95,483.60,0.0007,0.0196,0.0196,0.3745
02-JAN-2026,KMEW,1888.30,1926.70,-0.0201,0.0353,0.0352,0.6725
02-JAN-2026,KMSUGAR,27.23,27.12,0.0040,0.0220,0.0220,0.4203
02-JAN-2026,KNAGRI,199.72,204.36,-0.0230,0.0068,0.0069,0.1318
02-JAN-2026,KNRCON,161.05,161.55,-0.0031,0.0228,0.0228,0.4356
02-JAN-2026,KOHINOOR,26.82,26.54,0.0105,0.0268,0.0267,0.5101
02-JAN-2026,KOKUYOCMLN,92.11,90.09,0.0222,0.0221,0.0221,0.4222
02-JAN-2026,KOLTEPATIL,393.00,391.15,0.0047,0.0223,0.0223,0.4260
02-JAN-2026,KOPRAN,152.10,151.55,0.0036,0.0290,0.0289,0.5521
02-JAN-2026,KOTAKBANK,2195.10,2217.90,-0.0103,0.0133,0.0133,0.2541
02-JAN-2026,KOTARISUG,27.50,27.08,0.0154,0.0243,0.0242,0.4623
02-JAN-2026,KOTHARIPET,132.24,130.32,0.0146,0.0266,0.0265,0.5063
02-JAN-2026,KOTHARIPRO,75.18,75.24,-0.0008,0.0309,0.0308,0.5884
02-JAN-2026,KPEL,357.50,350.30,0.0203,0.0302,0.0302,0.5770
02-JAN-2026,KPIGREEN,485.15,485.20,-0.0001,0.0305,0.0304,0.5808
02-JAN-2026,KPIL,1196.95,1202.20,-0.0044,0.0210,0.0210,0.4012
02-JAN-2026,KPITTECH,1167.55,1163.20,0.0037,0.0223,0.0222,0.4241
02-JAN-2026,KPRMILL,909.75,912.40,-0.0029,0.0225,0.0224,0.4280
02-JAN-2026,KRBL,396.40,395.55,0.0021,0.0245,0.0244,0.4662
02-JAN-2026,KREBSBIO,70.98,69.91,0.0152,0.0304,0.0303,0.5789
02-JAN-2026,KRIDHANINF,4.35,4.30,0.0116,0.0346,0.0346,0.6610
02-JAN-2026,KRISHANA,527.90,522.35,0.0106,0.0268,0.0267,0.5101
02-JAN-2026,KRISHIVAL,351.20,348.10,0.0089,0.0169,0.0169,0.3229
02-JAN-2026,KRISHNADEF,812.65,812.25,0.0005,0.0021,0.0021,0.0401
02-JAN-2026,KRITI,80.04,80.77,-0.0091,0.0309,0.0308,0.5884
02-JAN-2026,KRITIKA,7.33,7.22,0.0151,0.0261,0.0261,0.4986
02-JAN-2026,KRITINUT,77.20,68.87,0.1142,0.0291,0.0301,0.5751
02-JAN-2026,KRN,770.20,743.90,0.0347,0.0267,0.0267,0.5101
02-JAN-2026,KRONOX,141.80,137.55,0.0304,0.0222,0.0222,0.4241
02-JAN-2026,KROSS,204.90,206.40,-0.0073,0.0279,0.0278,0.5311
02-JAN-2026,KRSNAA,733.45,740.45,-0.0095,0.0224,0.0223,0.4260
02-JAN-2026,KRT,124.37,123.82,0.0044,0.0065,0.0065,0.1242
02-JAN-2026,KRYSTAL,524.80,518.95,0.0112,0.0245,0.0244,0.4662
02-JAN-2026,KSB,753.05,746.25,0.0091,0.0188,0.0187,0.3573
02-JAN-2026,KSCL,973.50,974.65,-0.0012,0.0252,0.0251,0.4795
02-JAN-2026,KSHINTL,373.50,353.30,0.0556,0.0056,0.0069,0.1318
02-JAN-2026,KSHITIJPOL,2.61,2.59,0.0077,0.0280,0.0279,0.5330
02-JAN-2026,KSL,759.90,753.35,0.0087,0.0240,0.0240,0.4585
02-JAN-2026,KSOLVES,290.00,284.50,0.0191,0.0252,0.0252,0.4814
02-JAN-2026,KSR,23.91,21.76,0.0942,0.0247,0.0255,0.4872
02-JAN-2026,KTKBANK,200.00,206.90,-0.0339,0.0188,0.0189,0.3611
02-JAN-2026,KUANTUM,93.34,91.78,0.0169,0.0218,0.0218,0.4165
02-JAN-2026,LAFFANSOFT,10.00,10.00,0.0000,0.0000,0.0000,0.0000
02-JAN-2026,LAGNAM,73.47,75.11,-0.0221,0.0308,0.0307,0.5865
02-JAN-2026,LAKPRE,5.00,5.00,0.0000,0.0434,0.0433,0.8272
02-JAN-2026,LAL,8.98,9.16,-0.0198,0.0266,0.0266,0.5082
02-JAN-2026,LALPATHLAB,1474.15,1509.75,-0.0239,0.0168,0.0168,0.3210
02-JAN-2026,LAMBODHARA,120.90,121.55,-0.0054,0.0318,0.0317,0.6056
02-JAN-2026,LANCORHOL,26.33,25.53,0.0309,0.0369,0.0369,0.7050
02-JAN-2026,LANDMARK,476.20,471.90,0.0091,0.0243,0.0243,0.4643
02-JAN-2026,LAOPALA,204.70,202.20,0.0123,0.0203,0.0203,0.3878
02-JAN-2026,LASA,11.41,10.38,0.0946,0.0367,0.0372,0.7107
02-JAN-2026,LATENTVIEW,459.10,455.05,0.0089,0.0224,0.0224,0.4280
02-JAN-2026,LATTEYS,21.57,22.01,-0.0202,0.0331,0.0330,0.6305
02-JAN-2026,LAURUSLABS,1106.50,1110.40,-0.0035,0.0198,0.0197,0.3764
02-JAN-2026,LAXMICOT,19.13,18.74,0.0206,0.0286,0.0286,0.5464
02-JAN-2026,LAXMIDENTL,270.85,274.75,-0.0143,0.0255,0.0254,0.4853
02-JAN-2026,LAXMIINDIA,127.35,122.75,0.0368,0.0239,0.0240,0.4585
02-JAN-2026,LCCINFOTEC,4.63,4.58,0.0109,0.0372,0.0371,0.7088
02-JAN-2026,LEGEND,1025.55,1025.55,0.0000,0.0006,0.0006,0.0115
02-JAN-2026,LEMERITE,477.95,470.15,0.0165,0.0092,0.0093,0.1777
02-JAN-2026,LEMONTREE,154.00,156.90,-0.0187,0.0209,0.0209,0.3993
02-JAN-2026,LENSKART,452.15,438.50,0.0307,0.0127,0.0128,0.2445
02-JAN-2026,LEXUS,26.13,25.93,0.0077,0.0308,0.0308,0.5884
02-JAN-2026,LFIC,169.99,168.02,0.0117,0.0300,0.0299,0.5712
02-JAN-2026,LGBBROSLTD,1773.10,1789.05,-0.0090,0.0220,0.0219,0.4184
02-JAN-2026,LGEINDIA,1483.40,1484.75,-0.0009,0.0066,0.0066,0.1261
02-JAN-2026,LGHL,324.60,295.10,0.0953,0.0307,0.0313,0.5980
02-JAN-2026,LIBAS,11.07,10.94,0.0118,0.0265,0.0264,0.5044
02-JAN-2026,LIBERTSHOE,282.10,281.70,0.0014,0.0270,0.0269,0.5139
02-JAN-2026,LICHSGFIN,545.55,535.85,0.0179,0.0165,0.0166,0.3171
02-JAN-2026,LICI,860.90,852.80,0.0095,0.0154,0.0153,0.2923
02-JAN-2026,LICMFGOLD,12166.06,12087.67,0.0065,0.0147,0.0147,0.2808
02-JAN-2026,LICNETFGSC,28.71,28.74,-0.0010,0.0036,0.0036,0.0688
02-JAN-2026,LICNETFN50,292.28,290.37,0.0066,0.0085,0.0085,0.1624
02-JAN-2026,LICNETFSEN,958.85,952.20,0.0070,0.0120,0.0119,0.2273
02-JAN-2026,LICNFNHGP,292.33,290.38,0.0067,0.0120,0.0120,0.2293
02-JAN-2026,LICNMID100,61.50,61.12,0.0062,0.0135,0.0134,0.2560
02-JAN-2026,LIKHITHA,193.45,192.05,0.0073,0.0240,0.0240,0.4585
02-JAN-2026,LINC,117.35,106.95,0.0928,0.0293,0.0300,0.5731
02-JAN-2026,LINCOLN,497.15,479.80,0.0355,0.0229,0.0230,0.4394
02-JAN-2026,LINDEINDIA,5955.50,5907.90,0.0080,0.0197,0.0196,0.3745
02-JAN-2026,LIQGRWBEES,1022.65,1022.26,0.0004,0.0001,0.0001,0.0019
02-JAN-2026,LIQUID,999.99,999.99,0.0000,0.0000,0.0000,0.0000
02-JAN-2026,LIQUID1,1085.36,1084.92,0.0004,0.0002,0.0002,0.0038
02-JAN-2026,LIQUIDADD,1107.52,1107.07,0.0004,0.0002,0.0002,0.0038
02-JAN-2026,LIQUIDBEES,1000.00,1000.00,0.0000,0.0001,0.0001,0.0019
02-JAN-2026,LIQUIDBETF,1063.68,1063.24,0.0004,0.0015,0.0015,0.0287
02-JAN-2026,LIQUIDCASE,112.14,112.09,0.0004,0.0003,0.0003,0.0057
02-JAN-2026,LIQUIDETF,1000.00,1000.00,0.0000,0.0000,0.0000,0.0000
02-JAN-2026,LIQUIDIETF,999.99,999.99,0.0000,0.0002,0.0002,0.0038
02-JAN-2026,LIQUIDPLUS,1066.86,1066.42,0.0004,0.0002,0.0002,0.0038
02-JAN-2026,LIQUIDSBI,1000.01,1000.00,0.0000,0.0001,0.0001,0.0019
02-JAN-2026,LIQUIDSHRI,1086.46,1086.04,0.0004,0.0002,0.0002,0.0038
02-JAN-2026,LLOYDSENGG,56.14,56.33,-0.0034,0.0304,0.0303,0.5789
02-JAN-2026,LLOYDSENT,62.60,62.59,0.0002,0.0344,0.0343,0.6553
02-JAN-2026,LLOYDSME,1348.90,1352.50,-0.0027,0.0230,0.0230,0.4394
02-JAN-2026,LMW,14951.20,14983.75,-0.0022,0.0167,0.0167,0.3191
02-JAN-2026,LODHA,1085.70,1072.80,0.0120,0.0226,0.0225,0.4299
02-JAN-2026,LOGICINFO,10.00,10.00,0.0000,0.0000,0.0000,0.0000
02-JAN-2026,LOKESHMACH,169.30,170.40,-0.0065,0.0343,0.0342,0.6534
02-JAN-2026,LORDSCHLO,163.10,166.90,-0.0230,0.0316,0.0315,0.6018
02-JAN-2026,LOTUSDEV,166.35,159.35,0.0430,0.0114,0.0118,0.2254
02-JAN-2026,LOTUSEYE,121.70,120.45,0.0103,0.0292,0.0291,0.5560
02-JAN-2026,LOVABLE,81.00,80.18,0.0102,0.0235,0.0234,0.4471
02-JAN-2026,LOWVOL,216.93,216.04,0.0041,0.0068,0.0068,0.1299
02-JAN-2026,LOWVOL1,22.10,22.01,0.0041,0.0080,0.0080,0.1528
02-JAN-2026,LOWVOLIETF,23.27,23.18,0.0039,0.0076,0.0076,0.1452
02-JAN-2026,LOYALTEX,221.20,214.05,0.0329,0.0301,0.0301,0.5751
02-JAN-2026,LPDC,7.18,6.99,0.0268,0.0355,0.0355,0.6782
02-JAN-2026,LT,4163.40,4140.20,0.0056,0.0134,0.0134,0.2560
02-JAN-2026,LTF,319.75,317.25,0.0078,0.0199,0.0198,0.3783
02-JAN-2026,LTFOODS,390.45,386.10,0.0112,0.0247,0.0246,0.4700
02-JAN-2026,LTGILTBEES,29.24,29.18,0.0021,0.0019,0.0019,0.0363
02-JAN-2026,LTGILTCASE,29.71,29.74,-0.0010,0.0011,0.0011,0.0210
02-JAN-2026,LTIM,6067.00,6111.90,-0.0074,0.0161,0.0161,0.3076
02-JAN-2026,LTTS,4406.60,4380.00,0.0061,0.0179,0.0179,0.3420
02-JAN-2026,LUMAXIND,5340.00,5072.05,0.0515,0.0253,0.0255,0.4872
02-JAN-2026,LUMAXTECH,1655.35,1616.55,0.0237,0.0320,0.0320,0.6114
02-JAN-2026,LUPIN,2105.35,2102.80,0.0012,0.0156,0.0155,0.2961
02-JAN-2026,LUXIND,1110.90,1112.75,-0.0017,0.0212,0.0212,0.4050
02-JAN-2026,LXCHEM,168.10,167.85,0.0015,0.0230,0.0230,0.4394
02-JAN-2026,LYKALABS,82.38,76.60,0.0727,0.0242,0.0247,0.4719
02-JAN-2026,LYPSAGEMS,5.44,5.36,0.0148,0.0355,0.0354,0.6763
02-JAN-2026,M&M,3802.40,3761.20,0.0109,0.0166,0.0165,0.3152
02-JAN-2026,M&MFIN,402.95,404.15,-0.0030,0.0198,0.0198,0.3783
02-JAN-2026,MAANALU,159.85,158.35,0.0094,0.0326,0.0326,0.6228
02-JAN-2026,MACPOWER,1019.40,1022.90,-0.0034,0.0326,0.0325,0.6209
02-JAN-2026,MADHAV,42.94,43.00,-0.0014,0.0263,0.0262,0.5006
02-JAN-2026,MADHUCON,6.14,6.10,0.0065,0.0306,0.0305,0.5827
02-JAN-2026,MADRASFERT,80.65,79.58,0.0134,0.0243,0.0242,0.4623
02-JAN-2026,MAFANG,167.72,169.11,-0.0083,0.0157,0.0156,0.2980
02-JAN-2026,MAGADSUGAR,504.60,504.65,-0.0001,0.0254,0.0253,0.4834
02-JAN-2026,MAGNUM,23.02,22.87,0.0065,0.0326,0.0326,0.6228
02-JAN-2026,MAHABANK,63.93,63.63,0.0047,0.0216,0.0216,0.4127
02-JAN-2026,MAHAPEXLTD,104.40,108.00,-0.0339,0.0306,0.0306,0.5846
02-JAN-2026,MAHASTEEL,1013.25,1016.00,-0.0027,0.0268,0.0268,0.5120
02-JAN-2026,MAHEPC,133.05,128.00,0.0387,0.0265,0.0266,0.5082
02-JAN-2026,MAHESHWARI,47.55,47.33,0.0046,0.0209,0.0209,0.3993
02-JAN-2026,MAHKTECH,25.59,25.69,-0.0039,0.0236,0.0235,0.4490
02-JAN-2026,MAHLIFE,395.10,393.85,0.0032,0.0194,0.0194,0.3706
02-JAN-2026,MAHLOG,317.15,319.55,-0.0075,0.0200,0.0200,0.3821
02-JAN-2026,MAHSCOOTER,14236.75,14204.45,0.0023,0.0212,0.0212,0.4050
02-JAN-2026,MAHSEAMLES,559.10,554.80,0.0077,0.0209,0.0209,0.3993
02-JAN-2026,MAITHANALL,1013.45,1008.45,0.0049,0.0211,0.0210,0.4012
02-JAN-2026,MAKEINDIA,158.21,156.90,0.0083,0.0090,0.0090,0.1719
02-JAN-2026,MALLCOM,1169.55,1173.30,-0.0032,0.0270,0.0269,0.5139
02-JAN-2026,MALUPAPER,35.73,35.89,-0.0045,0.0312,0.0311,0.5942
02-JAN-2026,MAMATA,431.95,435.10,-0.0073,0.0270,0.0269,0.5139
02-JAN-2026,MANAKALUCO,30.13,29.05,0.0365,0.0350,0.0350,0.6687
02-JAN-2026,MANAKCOAT,131.50,132.60,-0.0083,0.0317,0.0316,0.6037
02-JAN-2026,MANAKSIA,64.82,64.62,0.0031,0.0233,0.0233,0.4451
02-JAN-2026,MANAKSTEEL,68.74,72.42,-0.0522,0.0329,0.0330,0.6305
02-JAN-2026,MANALIPETC,62.87,62.86,0.0002,0.0246,0.0245,0.4681
02-JAN-2026,MANAPPURAM,311.15,314.10,-0.0094,0.0213,0.0213,0.4069
02-JAN-2026,MANBA,141.95,140.05,0.0135,0.0181,0.0181,0.3458
02-JAN-2026,MANCREDIT,164.75,167.05,-0.0139,0.0183,0.0183,0.3496
02-JAN-2026,MANGALAM,30.32,28.88,0.0487,0.0326,0.0327,0.6247
02-JAN-2026,MANGLMCEM,762.85,764.50,-0.0022,0.0208,0.0207,0.3955
02-JAN-2026,MANINDS,396.45,391.70,0.0121,0.0321,0.0320,0.6114
02-JAN-2026,MANINFRA,129.55,127.65,0.0148,0.0229,0.0229,0.4375
02-JAN-2026,MANKIND,2202.70,2164.55,0.0175,0.0167,0.0167,0.3191
02-JAN-2026,MANOMAY,205.70,204.05,0.0081,0.0266,0.0266,0.5082
02-JAN-2026,MANORAMA,1390.75,1333.25,0.0422,0.0285,0.0286,0.5464
02-JAN-2026,MANORG,480.50,485.00,-0.0093,0.0286,0.0285,0.5445
02-JAN-2026,MANUFGBEES,156.30,154.50,0.0116,0.0041,0.0042,0.0802
02-JAN-2026,MANUGRAPH,16.29,16.28,0.0006,0.0325,0.0324,0.6190
02-JAN-2026,MANYAVAR,579.65,575.70,0.0068,0.0187,0.0186,0.3554
02-JAN-2026,MAPMYINDIA,1701.80,1730.60,-0.0168,0.0206,0.0206,0.3936
02-JAN-2026,MARALOVER,43.94,43.99,-0.0011,0.0305,0.0304,0.5808
02-JAN-2026,MARATHON,529.15,544.60,-0.0288,0.0281,0.0281,0.5368
02-JAN-2026,MARBLE,123.35,123.35,0.0000,0.0000,0.0000,0.0000
02-JAN-2026,MARICO,757.75,760.45,-0.0036,0.0129,0.0128,0.2445
02-JAN-2026,MARINE,213.63,211.67,0.0092,0.0309,0.0308,0.5884
02-JAN-2026,MARKOLINES,157.75,161.65,-0.0244,0.0312,0.0311,0.5942
02-JAN-2026,MARKSANS,182.15,179.85,0.0127,0.0271,0.0271,0.5177
02-JAN-2026,MARUTI,16960.00,16708.90,0.0149,0.0126,0.0126,0.2407
02-JAN-2026,MASFIN,325.30,319.60,0.0177,0.0180,0.0180,0.3439
02-JAN-2026,MASKINVEST,151.00,145.00,0.0405,0.0394,0.0395,0.7546
02-JAN-2026,MASPTOP50,71.71,72.19,-0.0067,0.0155,0.0154,0.2942
02-JAN-2026,MASTEK,2116.20,2110.50,0.0027,0.0226,0.0226,0.4318
02-JAN-2026,MASTERTR,118.25,117.75,0.0042,0.0319,0.0318,0.6075
02-JAN-2026,MATRIMONY,550.35,541.70,0.0158,0.0194,0.0194,0.3706
02-JAN-2026,MAWANASUG,87.43,87.79,-0.0041,0.0204,0.0204,0.3897
02-JAN-2026,MAXESTATES,451.90,456.90,-0.0110,0.0239,0.0238,0.4547
02-JAN-2026,MAXHEALTH,1062.60,1049.40,0.0125,0.0203,0.0202,0.3859
02-JAN-2026,MAXIND,187.80,183.55,0.0229,0.0242,0.0242,0.4623
02-JAN-2026,MAXPLUS,10.00,10.00,0.0000,0.0000,0.0000,0.0000
02-JAN-2026,MAYURUNIQ,514.20,515.35,-0.0022,0.0196,0.0195,0.3725
02-JAN-2026,MAZDA,223.15,219.70,0.0156,0.0285,0.0285,0.5445
02-JAN-2026,MAZDOCK,2494.50,2476.75,0.0071,0.0286,0.0285,0.5445
02-JAN-2026,MBAPL,429.80,428.05,0.0041,0.0235,0.0235,0.4490
02-JAN-2026,MBEL,384.25,382.45,0.0047,0.0212,0.0211,0.4031
02-JAN-2026,MBLINFRA,32.22,31.64,0.0182,0.0334,0.0333,0.6362
02-JAN-2026,MCL,78.91,75.16,0.0487,0.0330,0.0331,0.6324
02-JAN-2026,MCLEODRUSS,47.96,48.79,-0.0172,0.0343,0.0342,0.6534
02-JAN-2026,MCLOUD,25.90,25.73,0.0066,0.0464,0.0463,0.8846
02-JAN-2026,MCX,2215.90,2198.00,0.0081,0.0235,0.0234,0.4471
02-JAN-2026,MEDANTA,1217.05,1191.90,0.0209,0.0192,0.0192,0.3668
02-JAN-2026,MEDIA,0.50,0.50,0.0000,0.0001,0.0001,0.0019
02-JAN-2026,MEDIASSIST,467.70,463.45,0.0091,0.0217,0.0217,0.4146
02-JAN-2026,MEDICAMEQ,379.25,381.45,-0.0058,0.0285,0.0284,0.5426
02-JAN-2026,MEDICO,50.37,49.17,0.0241,0.0330,0.0330,0.6305
02-JAN-2026,MEDPLUS,808.25,810.60,-0.0029,0.0183,0.0182,0.3477
02-JAN-2026,MEESHO,179.25,181.60,-0.0130,0.0184,0.0184,0.3515
02-JAN-2026,MEGASOFT,207.25,197.55,0.0479,0.0346,0.0347,0.6629
02-JAN-2026,MEGASTAR,233.25,226.20,0.0307,0.0293,0.0293,0.5598
02-JAN-2026,MEIL,375.80,370.30,0.0147,0.0128,0.0128,0.2445
02-JAN-2026,MENONBE,111.95,110.95,0.0090,0.0217,0.0216,0.4127
02-JAN-2026,MEP,1.84,1.87,-0.0162,0.0288,0.0288,0.5502
02-JAN-2026,MEPL,10.10,10.10,0.0000,0.0000,0.0000,0.0000
02-JAN-2026,METAL,11.48,11.30,0.0158,0.0126,0.0127,0.2426
02-JAN-2026,METALIETF,11.48,11.31,0.0149,0.0117,0.0117,0.2235
02-JAN-2026,METROBRAND,1179.85,1202.35,-0.0189,0.0195,0.0195,0.3725
02-JAN-2026,METROPOLIS,1932.90,1896.85,0.0188,0.0181,0.0181,0.3458
02-JAN-2026,MFML,24.70,25.03,-0.0133,0.0320,0.0319,0.6094
02-JAN-2026,MFSL,1671.00,1674.00,-0.0018,0.0154,0.0154,0.2942
02-JAN-2026,MGEL,14.14,13.96,0.0128,0.0332,0.0331,0.6324
02-JAN-2026,MGL,1141.95,1128.10,0.0122,0.0202,0.0202,0.3859
02-JAN-2026,MGLFL,10.00,10.00,0.0000,0.0000,0.0000,0.0000
02-JAN-2026,MHLXMIRU,206.30,209.95,-0.0175,0.0292,0.0292,0.5579
02-JAN-2026,MHRIL,308.05,308.40,-0.0011,0.0175,0.0175,0.3343
02-JAN-2026,MICEL,44.82,43.65,0.0265,0.0380,0.0380,0.7260
02-JAN-2026,MID150,22.92,22.61,0.0136,0.0119,0.0119,0.2273
02-JAN-2026,MID150BEES,232.35,230.70,0.0071,0.0094,0.0094,0.1796
02-JAN-2026,MID150CASE,11.27,11.18,0.0080,0.0083,0.0083,0.1586
02-JAN-2026,MIDCAP,178.13,176.50,0.0092,0.0100,0.0100,0.1910
02-JAN-2026,MIDCAPADD,22.52,22.40,0.0053,0.0063,0.0063,0.1204
02-JAN-2026,MIDCAPBETA,228.37,225.30,0.0135,0.0119,0.0119,0.2273
02-JAN-2026,MIDCAPETF,23.00,22.79,0.0092,0.0097,0.0097,0.1853
02-JAN-2026,MIDCAPIETF,23.26,23.05,0.0091,0.0093,0.0093,0.1777
02-JAN-2026,MIDHANI,355.30,341.75,0.0389,0.0273,0.0273,0.5216
02-JAN-2026,MIDQ50ADD,248.71,247.59,0.0045,0.0087,0.0087,0.1662
02-JAN-2026,MIDSELIETF,18.77,18.53,0.0129,0.0113,0.0113,0.2159
02-JAN-2026,MIDSMALL,48.11,47.72,0.0081,0.0102,0.0102,0.1949
02-JAN-2026,MIDWESTLTD,1711.50,1742.65,-0.0180,0.0191,0.0191,0.3649
02-JAN-2026,MILIND,69.95,69.95,0.0000,0.0000,0.0000,0.0000
02-JAN-2026,MINDACORP,602.55,584.90,0.0297,0.0213,0.0214,0.4088
02-JAN-2026,MINDSPACE,474.41,474.04,0.0008,0.0099,0.0099,0.1891
02-JAN-2026,MINDTECK,220.35,204.85,0.0729,0.0351,0.0354,0.6763
02-JAN-2026,MIRCELECTR,28.85,28.19,0.0231,0.0371,0.0370,0.7069
02-JAN-2026,MIRZAINT,37.10,36.93,0.0046,0.0275,0.0274,0.5235
02-JAN-2026,MITCON,66.88,66.75,0.0019,0.0308,0.0307,0.5865
02-JAN-2026,MITTAL,1.13,1.14,-0.0088,0.0268,0.0267,0.5101
02-JAN-2026,MKPL,5.96,6.05,-0.0150,0.0273,0.0272,0.5197
02-JAN-2026,MMFL,394.45,362.25,0.0852,0.0217,0.0225,0.4299
02-JAN-2026,MMP,271.95,266.10,0.0217,0.0253,0.0253,0.4834
02-JAN-2026,MMTC,67.30,65.71,0.0239,0.0300,0.0299,0.5712
02-JAN-2026,MNC,31.53,31.30,0.0073,0.0080,0.0080,0.1528
02-JAN-2026,MOALPHA50,50.60,50.21,0.0077,0.0053,0.0053,0.1013
02-JAN-2026,MOBIKWIK,228.60,230.05,-0.0063,0.0297,0.0297,0.5674
02-JAN-2026,MOCAPITAL,46.90,46.46,0.0094,0.0120,0.0120,0.2293
02-JAN-2026,MODEFENCE,85.49,84.86,0.0074,0.0149,0.0148,0.2828
02-JAN-2026,MODINATUR,356.65,354.25,0.0068,0.0040,0.0041,0.0783
02-JAN-2026,MODIRUBBER,141.15,138.65,0.0179,0.0373,0.0372,0.7107
02-JAN-2026,MODIS,339.05,343.45,-0.0129,0.0264,0.0263,0.5025
02-JAN-2026,MODISONLTD,160.45,152.05,0.0538,0.0287,0.0289,0.5521
02-JAN-2026,MODTHREAD,44.01,46.00,-0.0442,0.0635,0.0634,1.2113
02-JAN-2026,MOENERGY,36.26,35.51,0.0209,0.0036,0.0039,0.0745
02-JAN-2026,MOGOLD,134.75,131.55,0.0240,0.0098,0.0099,0.1891
02-JAN-2026,MOGSEC,62.64,62.99,-0.0056,0.0050,0.0050,0.0955
02-JAN-2026,MOHEALTH,44.50,44.35,0.0034,0.0090,0.0090,0.1719
02-JAN-2026,MOHITIND,29.04,28.10,0.0329,0.0286,0.0286,0.5464
02-JAN-2026,MOIL,375.20,367.85,0.0198,0.0248,0.0248,0.4738
02-JAN-2026,MOINFRA,61.38,60.27,0.0182,0.0061,0.0062,0.1185
02-JAN-2026,MOIPO,46.54,46.35,0.0041,0.0033,0.0033,0.0630
02-JAN-2026,MOKSH,14.51,14.24,0.0188,0.0300,0.0299,0.5712
02-JAN-2026,MOL,64.74,63.72,0.0159,0.0232,0.0232,0.4432
02-JAN-2026,MOLDTECH,151.20,150.45,0.0050,0.0283,0.0282,0.5388
02-JAN-2026,MOLDTKPAC,615.40,606.15,0.0151,0.0201,0.0201,0.3840
02-JAN-2026,MOLIND,3.20,3.20,0.0000,0.0000,0.0000,0.0000
02-JAN-2026,MOLOWVOL,39.11,38.99,0.0031,0.0075,0.0075,0.1433
02-JAN-2026,MOM100,66.01,65.40,0.0093,0.0099,0.0099,0.1891
02-JAN-2026,MOM30IETF,32.14,31.80,0.0106,0.0103,0.0103,0.1968
02-JAN-2026,MOM50,273.60,271.90,0.0062,0.0071,0.0071,0.1356
02-JAN-2026,MOMENTUM,32.00,31.62,0.0119,0.0098,0.0098,0.1872
02-JAN-2026,MOMENTUM30,31.62,31.33,0.0092,0.0051,0.0051,0.0974
02-JAN-2026,MOMENTUM50,52.85,52.40,0.0086,0.0098,0.0098,0.1872
02-JAN-2026,MOMGF,155.12,153.52,0.0104,0.0162,0.0162,0.3095
02-JAN-2026,MOMIDMTM,63.72,63.14,0.0091,0.0052,0.0052,0.0993
02-JAN-2026,MOMNC,30.65,30.50,0.0049,0.0019,0.0020,0.0382
02-JAN-2026,MOMOMENTUM,63.95,63.16,0.0124,0.0103,0.0104,0.1987
02-JAN-2026,MON100,234.86,234.55,0.0013,0.0132,0.0131,0.2503
02-JAN-2026,MON50EQUAL,33.86,33.56,0.0089,0.0044,0.0045,0.0860
02-JAN-2026,MONARCH,313.05,314.40,-0.0043,0.0229,0.0229,0.4375
02-JAN-2026,MONEXT50,69.77,69.02,0.0108,0.0051,0.0051,0.0974
02-JAN-2026,MONEYBOXX,61.81,62.00,-0.0031,0.0247,0.0246,0.4700
02-JAN-2026,MONIFTY100,26.97,26.84,0.0048,0.0031,0.0031,0.0592
02-JAN-2026,MONIFTY500,24.50,24.34,0.0066,0.0076,0.0076,0.1452
02-JAN-2026,MONQ50,99.37,99.07,0.0030,0.0148,0.0148,0.2828
02-JAN-2026,MONTECARLO,643.15,636.45,0.0105,0.0222,0.0222,0.4241
02-JAN-2026,MOPSE,102.58,99.85,0.0270,0.0054,0.0057,0.1089
02-JAN-2026,MOQUALITY,200.02,199.41,0.0031,0.0098,0.0098,0.1872
02-JAN-2026,MOREALTY,89.69,88.44,0.0140,0.0143,0.0143,0.2732
02-JAN-2026,MOREPENLAB,42.03,41.11,0.0221,0.0271,0.0270,0.5158
02-JAN-2026,MOSCHIP,211.05,202.20,0.0428,0.0341,0.0341,0.6515
02-JAN-2026,MOSERVICE,34.05,33.76,0.0086,0.0017,0.0018,0.0344
02-JAN-2026,MOSILVER,228.98,223.12,0.0259,0.0164,0.0165,0.3152
02-JAN-2026,MOSMALL250,16.84,16.72,0.0072,0.0099,0.0099,0.1891
02-JAN-2026,MOTHERSON,122.05,122.50,-0.0037,0.0200,0.0199,0.3802
02-JAN-2026,MOTILALOFS,866.65,841.65,0.0293,0.0277,0.0277,0.5292
02-JAN-2026,MOTISONS,14.59,14.62,-0.0021,0.0273,0.0272,0.5197
02-JAN-2026,MOTOGENFIN,23.18,22.86,0.0139,0.0295,0.0294,0.5617
02-JAN-2026,MOTOUR,86.39,85.90,0.0057,0.0061,0.0061,0.1165
02-JAN-2026,MOVALUE,118.82,117.33,0.0126,0.0112,0.0113,0.2159
02-JAN-2026,MPHASIS,2807.20,2828.55,-0.0076,0.0185,0.0185,0.3534
02-JAN-2026,MPSLTD,1985.80,2004.60,-0.0094,0.0283,0.0282,0.5388
02-JAN-2026,MRF,150691.55,151530.80,-0.0056,0.0133,0.0133,0.2541
02-JAN-2026,MRPL,151.30,153.50,-0.0144,0.0273,0.0273,0.5216
02-JAN-2026,MSCIADD,31.14,30.83,0.0100,0.0021,0.0022,0.0420
02-JAN-2026,MSCIINDIA,31.35,31.22,0.0042,0.0065,0.0065,0.1242
02-JAN-2026,MSPL,37.02,37.05,-0.0008,0.0282,0.0282,0.5388
02-JAN-2026,MSTCLTD,528.30,514.15,0.0271,0.0267,0.0267,0.5101
02-JAN-2026,MSUMI,49.85,48.92,0.0188,0.0172,0.0173,0.3305
02-JAN-2026,MTARTECH,2372.25,2395.40,-0.0097,0.0261,0.0261,0.4986
02-JAN-2026,MTEDUCARE,1.72,1.70,0.0117,0.0311,0.0311,0.5942
02-JAN-2026,MTNL,36.77,36.50,0.0074,0.0303,0.0302,0.5770
02-JAN-2026,MUFIN,118.80,116.05,0.0234,0.0294,0.0294,0.5617
02-JAN-2026,MUFTI,100.20,99.45,0.0075,0.0274,0.0273,0.5216
02-JAN-2026,MUKANDLTD,138.80,136.50,0.0167,0.0273,0.0273,0.5216
02-JAN-2026,MUKKA,24.04,24.06,-0.0008,0.0206,0.0205,0.3917
02-JAN-2026,MUKTAARTS,62.98,62.68,0.0048,0.0266,0.0265,0.5063
02-JAN-2026,MULTICAP,16.73,16.62,0.0066,0.0074,0.0074,0.1414
02-JAN-2026,MUNJALAU,83.45,79.85,0.0441,0.0257,0.0258,0.4929
02-JAN-2026,MUNJALSHOW,125.40,123.30,0.0169,0.0221,0.0220,0.4203
02-JAN-2026,MURUDCERA,35.13,34.65,0.0138,0.0254,0.0254,0.4853
02-JAN-2026,MUTHOOTCAP,278.80,272.25,0.0238,0.0234,0.0234,0.4471
02-JAN-2026,MUTHOOTFIN,3821.00,3838.95,-0.0047,0.0186,0.0186,0.3554
02-JAN-2026,MUTHOOTMF,176.45,172.50,0.0226,0.0218,0.0218,0.4165
02-JAN-2026,MVGJL,183.45,182.00,0.0079,0.0274,0.0274,0.5235
02-JAN-2026,MWL,272.55,279.35,-0.0246,0.0147,0.0147,0.2808
02-JAN-2026,NACLIND,167.95,172.35,-0.0259,0.0364,0.0364,0.6954
02-JAN-2026,NAGAFERT,5.37,5.44,-0.0130,0.0287,0.0287,0.5483
02-JAN-2026,NAGREEKCAP,27.48,26.90,0.0213,0.0351,0.0350,0.6687
02-JAN-2026,NAGREEKEXP,25.65,25.45,0.0078,0.0348,0.0347,0.6629
02-JAN-2026,NAHARCAP,259.10,253.50,0.0219,0.0226,0.0226,0.4318
02-JAN-2026,NAHARINDUS,110.65,107.95,0.0247,0.0243,0.0243,0.4643
02-JAN-2026,NAHARPOLY,238.40,232.95,0.0231,0.0298,0.0298,0.5693
02-JAN-2026,NAHARSPING,194.55,194.00,0.0028,0.0241,0.0241,0.4604
02-JAN-2026,NAM-INDIA,892.30,875.05,0.0195,0.0231,0.0231,0.4413
02-JAN-2026,NANDINI,14.00,14.00,0.0000,0.0000,0.0000,0.0000
02-JAN-2026,NARMADA,22.50,21.75,0.0339,0.0284,0.0284,0.5426
02-JAN-2026,NATCAPSUQ,197.65,180.70,0.0897,0.0320,0.0326,0.6228
02-JAN-2026,NATCOPHARM,893.10,888.25,0.0054,0.0237,0.0236,0.4509
02-JAN-2026,NATHBIOGEN,161.10,156.30,0.0302,0.0218,0.0218,0.4165
02-JAN-2026,NATIONALUM,330.30,314.60,0.0487,0.0242,0.0244,0.4662
02-JAN-2026,NAUKRI,1367.70,1340.90,0.0198,0.0187,0.0187,0.3573
02-JAN-2026,NAVA,573.45,573.45,0.0000,0.0269,0.0268,0.5120
02-JAN-2026,NAVINFLUOR,5903.00,5932.45,-0.0050,0.0202,0.0202,0.3859
02-JAN-2026,NAVKARCORP,101.33,101.14,0.0019,0.0315,0.0315,0.6018
02-JAN-2026,NAVKARURB,1.76,1.65,0.0645,0.0285,0.0288,0.5502
02-JAN-2026,NAVNETEDUL,147.65,142.05,0.0387,0.0188,0.0190,0.3630
02-JAN-2026,NAZARA,285.15,280.00,0.0182,0.0246,0.0245,0.4681
02-JAN-2026,NBCC,122.65,122.10,0.0045,0.0263,0.0262,0.5006
02-JAN-2026,NBIFIN,2232.90,2238.00,-0.0023,0.0243,0.0242,0.4623
02-JAN-2026,NCC,161.50,161.60,-0.0006,0.0232,0.0231,0.4413
02-JAN-2026,NCCL,12.10,12.10,0.0000,0.0000,0.0000,0.0000
02-JAN-2026,NCLIND,207.50,203.15,0.0212,0.0182,0.0182,0.3477
02-JAN-2026,NDGL,2804.00,2826.70,-0.0081,0.0245,0.0245,0.4681
02-JAN-2026,NDL,2.96,2.93,0.0102,0.0265,0.0264,0.5044
02-JAN-2026,NDLVENTURE,89.89,88.33,0.0175,0.0324,0.0324,0.6190
02-JAN-2026,NDRAUTO,821.65,805.05,0.0204,0.0327,0.0327,0.6247
02-JAN-2026,NDRINVIT,128.00,128.00,0.0000,0.0069,0.0069,0.1318
02-JAN-2026,NDTV,100.26,99.38,0.0088,0.0282,0.0281,0.5368
02-JAN-2026,NECCLTD,18.63,18.20,0.0234,0.0280,0.0280,0.5349
02-JAN-2026,NECLIFE,20.06,20.41,-0.0173,0.0403,0.0402,0.7680
02-JAN-2026,NELCAST,105.65,103.95,0.0162,0.0312,0.0312,0.5961
02-JAN-2026,NELCO,729.60,722.10,0.0103,0.0267,0.0267,0.5101
02-JAN-2026,NEOGEN,1154.50,1176.10,-0.0185,0.0283,0.0282,0.5388
02-JAN-2026,NEPACL,9.30,9.30,0.0000,0.0000,0.0000,0.0000
02-JAN-2026,NEPHROPLUS,474.40,455.75,0.0401,0.0055,0.0062,0.1185
02-JAN-2026,NESCO,1245.95,1225.25,0.0168,0.0209,0.0209,0.3993
02-JAN-2026,NESTLEIND,1279.70,1295.00,-0.0119,0.0118,0.0118,0.2254
02-JAN-2026,NETF,283.86,283.04,0.0029,0.0077,0.0077,0.1471
02-JAN-2026,NETWEB,3024.15,3075.85,-0.0170,0.0350,0.0349,0.6668
02-JAN-2026,NETWORK18,43.78,43.11,0.0154,0.0258,0.0258,0.4929
02-JAN-2026,NEULANDLAB,15275.55,15065.10,0.0139,0.0308,0.0307,0.5865
02-JAN-2026,NEWAGE,10.00,10.00,0.0000,0.0000,0.0000,0.0000
02-JAN-2026,NEWERA,8.50,8.50,0.0000,0.0027,0.0027,0.0516
02-JAN-2026,NEWGEN,840.10,834.90,0.0062,0.0301,0.0300,0.5731
02-JAN-2026,NEXT30ADD,41.42,41.10,0.0078,0.0074,0.0074,0.1414
02-JAN-2026,NEXT50,723.09,715.37,0.0107,0.0101,0.0101,0.1930
02-JAN-2026,NEXT50BETA,75.41,74.75,0.0088,0.0100,0.0100,0.1910
02-JAN-2026,NEXT50IETF,73.77,73.12,0.0089,0.0093,0.0093,0.1777
02-JAN-2026,NEXTMEDIA,6.10,6.11,-0.0016,0.0276,0.0276,0.5273
02-JAN-2026,NFL,91.66,90.33,0.0146,0.0241,0.0240,0.4585
02-JAN-2026,NGIL,29.95,30.77,-0.0270,0.0298,0.0298,0.5693
02-JAN-2026,NGLFINE,1408.10,1396.65,0.0082,0.0292,0.0291,0.5560
02-JAN-2026,NH,1921.05,1934.40,-0.0069,0.0205,0.0205,0.3917
02-JAN-2026,NHIT,148.00,148.00,0.0000,0.0058,0.0058,0.1108
02-JAN-2026,NHPC,83.62,79.57,0.0496,0.0187,0.0190,0.3630
02-JAN-2026,NIACL,157.05,155.50,0.0099,0.0261,0.0260,0.4967
02-JAN-2026,NIBE,1237.00,1141.40,0.0804,0.0318,0.0322,0.6152
02-JAN-2026,NIBL,36.38,36.38,0.0000,0.0388,0.0387,0.7394
02-JAN-2026,NIF100BEES,284.41,282.67,0.0061,0.0069,0.0069,0.1318
02-JAN-2026,NIF100IETF,29.85,29.72,0.0044,0.0070,0.0070,0.1337
02-JAN-2026,NIFTY1,289.23,288.33,0.0031,0.0066,0.0066,0.1261
02-JAN-2026,NIFTY100EW,34.50,34.32,0.0052,0.0066,0.0066,0.1261
02-JAN-2026,NIFTYADD,275.07,273.41,0.0061,0.0155,0.0155,0.2961
02-JAN-2026,NIFTYBEES,297.55,295.33,0.0075,0.0067,0.0067,0.1280
02-JAN-2026,NIFTYBETA,289.61,287.41,0.0076,0.0069,0.0070,0.1337
02-JAN-2026,NIFTYBETF,269.00,267.19,0.0068,0.0074,0.0073,0.1395
02-JAN-2026,NIFTYCASE,10.47,10.52,-0.0048,0.0021,0.0021,0.0401
02-JAN-2026,NIFTYETF,284.31,282.00,0.0082,0.0072,0.0072,0.1376
02-JAN-2026,NIFTYIETF,296.01,293.91,0.0071,0.0069,0.0069,0.1318
02-JAN-2026,NIFTYQLITY,22.26,22.19,0.0031,0.0080,0.0080,0.1528
02-JAN-2026,NIITLTD,92.65,91.23,0.0154,0.0286,0.0286,0.5464
02-JAN-2026,NIITMTS,414.10,399.55,0.0358,0.0213,0.0214,0.4088
02-JAN-2026,NILAINFRA,9.62,9.49,0.0136,0.0290,0.0290,0.5540
02-JAN-2026,NILASPACES,16.10,15.87,0.0144,0.0314,0.0313,0.5980
02-JAN-2026,NILKAMAL,1406.45,1398.95,0.0053,0.0143,0.0142,0.2713
02-JAN-2026,NINSYS,398.50,397.75,0.0019,0.0229,0.0228,0.4356
02-JAN-2026,NIPPOBATRY,413.65,407.45,0.0151,0.0217,0.0217,0.4146
02-JAN-2026,NIRAJ,39.24,40.18,-0.0237,0.0377,0.0377,0.7203
02-JAN-2026,NIRAJISPAT,201.46,208.79,-0.0357,0.0270,0.0270,0.5158
02-JAN-2026,NITCO,99.14,101.15,-0.0201,0.0293,0.0292,0.5579
02-JAN-2026,NITINSPIN,320.15,317.95,0.0069,0.0227,0.0226,0.4318
02-JAN-2026,NITIRAJ,186.60,187.41,-0.0043,0.0313,0.0313,0.5980
02-JAN-2026,NIVABUPA,75.16,75.07,0.0012,0.0198,0.0198,0.3783
02-JAN-2026,NKIND,69.22,64.78,0.0663,0.0351,0.0353,0.6744
02-JAN-2026,NKTEXTILE,10.00,10.00,0.0000,0.0000,0.0000,0.0000
02-JAN-2026,NLCINDIA,272.00,256.15,0.0600,0.0237,0.0240,0.4585
02-JAN-2026,NMDC,84.53,83.65,0.0105,0.0193,0.0193,0.3687
02-JAN-2026,NOCIL,152.00,152.75,-0.0049,0.0212,0.0212,0.4050
02-JAN-2026,NOIDATOLL,4.11,4.09,0.0049,0.0322,0.0322,0.6152
02-JAN-2026,NORBTEAEXP,99.51,97.49,0.0205,0.0291,0.0291,0.5560
02-JAN-2026,NORTHARC,259.45,250.20,0.0363,0.0227,0.0227,0.4337
02-JAN-2026,NOVAAGRI,39.81,38.82,0.0252,0.0233,0.0233,0.4451
02-JAN-2026,NPBET,297.72,297.26,0.0015,0.0090,0.0090,0.1719
02-JAN-2026,NPST,1409.90,1366.35,0.0314,0.0201,0.0202,0.3859
02-JAN-2026,NRAIL,476.00,474.95,0.0022,0.0323,0.0322,0.6152
02-JAN-2026,NRBBEARING,269.05,272.40,-0.0124,0.0229,0.0229,0.4375
02-JAN-2026,NRL,56.80,56.68,0.0021,0.0304,0.0303,0.5789
02-JAN-2026,NSIL,6545.05,6518.30,0.0041,0.0256,0.0255,0.4872
02-JAN-2026,NSLNISP,45.69,44.09,0.0356,0.0249,0.0250,0.4776
02-JAN-2026,NTPC,352.10,336.30,0.0459,0.0138,0.0141,0.2694
02-JAN-2026,NTPCGREEN,97.11,95.21,0.0198,0.0158,0.0158,0.3019
02-JAN-2026,NUCLEUS,920.25,922.15,-0.0021,0.0245,0.0245,0.4681
02-JAN-2026,NURECA,302.70,310.90,-0.0267,0.0321,0.0321,0.6133
02-JAN-2026,NUVAMA,1468.20,1458.50,0.0066,0.0254,0.0253,0.4834
02-JAN-2026,NUVOCO,356.55,350.20,0.0180,0.0174,0.0174,0.3324
02-JAN-2026,NV20,155.28,154.63,0.0042,0.0107,0.0106,0.2025
02-JAN-2026,NV20BEES,155.50,154.65,0.0055,0.0072,0.0072,0.1376
02-JAN-2026,NV20IETF,15.18,15.09,0.0059,0.0070,0.0070,0.1337
02-JAN-2026,NXST,159.70,157.81,0.0119,0.0105,0.0105,0.2006
02-JAN-2026,NXT-INFRA,100.05,100.05,0.0000,0.0055,0.0055,0.1051
02-JAN-2026,NYKAA,264.90,265.75,-0.0032,0.0186,0.0185,0.3534
02-JAN-2026,OAL,289.90,289.45,0.0016,0.0283,0.0283,0.5407
02-JAN-2026,OBCL,55.10,55.68,-0.0105,0.0232,0.0231,0.4413
02-JAN-2026,OBEROIRLTY,1730.00,1695.85,0.0199,0.0190,0.0190,0.3630
02-JAN-2026,OCCLLTD,102.00,100.90,0.0108,0.0283,0.0282,0.5388
02-JAN-2026,ODIGMA,32.04,31.79,0.0078,0.0239,0.0239,0.4566
02-JAN-2026,OEGIL,25.70,25.70,0.0000,0.0006,0.0006,0.0115
02-JAN-2026,OFSS,7731.55,7685.95,0.0059,0.0200,0.0200,0.3821
02-JAN-2026,OIL,428.85,427.55,0.0030,0.0212,0.0211,0.4031
02-JAN-2026,OILCOUNTUB,61.89,61.08,0.0132,0.0284,0.0283,0.5407
02-JAN-2026,OILIETF,12.55,12.40,0.0120,0.0089,0.0089,0.1700
02-JAN-2026,OLAELEC,40.89,37.52,0.0860,0.0343,0.0347,0.6629
02-JAN-2026,OLECTRA,1248.05,1200.60,0.0388,0.0263,0.0264,0.5044
02-JAN-2026,OMAXAUTO,107.75,99.80,0.0766,0.0325,0.0329,0.6286
02-JAN-2026,OMAXE,79.98,80.90,-0.0114,0.0310,0.0309,0.5903
02-JAN-2026,OMFREIGHT,94.63,93.68,0.0101,0.0136,0.0136,0.2598
02-JAN-2026,OMINFRAL,98.14,96.88,0.0129,0.0287,0.0287,0.5483
02-JAN-2026,OMKARCHEM,6.07,5.95,0.0200,0.0317,0.0316,0.6037
02-JAN-2026,ONELIFECAP,15.99,16.04,-0.0031,0.0380,0.0379,0.7241
02-JAN-2026,ONEPOINT,54.09,53.47,0.0115,0.0315,0.0314,0.5999
02-JAN-2026,ONESOURCE,1799.50,1787.70,0.0066,0.0199,0.0198,0.3783
02-JAN-2026,ONGC,241.45,237.95,0.0146,0.0154,0.0154,0.2942
02-JAN-2026,ONMOBILE,59.36,57.78,0.0270,0.0303,0.0302,0.5770
02-JAN-2026,ONWARDTEC,303.70,294.00,0.0325,0.0291,0.0291,0.5560
02-JAN-2026,OPTIEMUS,507.05,493.05,0.0280,0.0310,0.0310,0.5923
02-JAN-2026,ORBTEXP,195.20,193.55,0.0085,0.0337,0.0336,0.6419
02-JAN-2026,ORCHASP,3.09,2.99,0.0329,0.0343,0.0343,0.6553
02-JAN-2026,ORCHPHARMA,794.65,793.05,0.0020,0.0280,0.0280,0.5349
02-JAN-2026,ORICONENT,60.02,60.02,0.0000,0.0252,0.0251,0.4795
02-JAN-2026,ORIENTALTL,8.28,8.23,0.0061,0.0319,0.0318,0.6075
02-JAN-2026,ORIENTBELL,303.35,308.75,-0.0176,0.0277,0.0276,0.5273
02-JAN-2026,ORIENTCEM,173.75,172.30,0.0084,0.0237,0.0237,0.4528
02-JAN-2026,ORIENTCER,55.06,54.08,0.0180,0.0326,0.0325,0.6209
02-JAN-2026,ORIENTELEC,176.90,174.40,0.0142,0.0236,0.0236,0.4509
02-JAN-2026,ORIENTHOT,107.95,109.85,-0.0174,0.0250,0.0250,0.4776
02-JAN-2026,ORIENTLTD,77.00,77.56,-0.0072,0.0266,0.0266,0.5082
02-JAN-2026,ORIENTPPR,23.14,22.73,0.0179,0.0245,0.0244,0.4662
02-JAN-2026,ORIENTTECH,447.55,433.75,0.0313,0.0353,0.0352,0.6725
02-JAN-2026,ORISSAMINE,5161.60,4985.70,0.0347,0.0266,0.0266,0.5082
02-JAN-2026,ORKLAINDIA,635.40,633.50,0.0030,0.0088,0.0088,0.1681
02-JAN-2026,ORTINGLOBE,14.15,14.13,0.0014,0.0348,0.0348,0.6649
02-JAN-2026,OSIAHYPER,15.58,16.25,-0.0421,0.0332,0.0332,0.6343
02-JAN-2026,OSWALAGRO,58.87,58.28,0.0101,0.0325,0.0324,0.6190
02-JAN-2026,OSWALGREEN,33.69,33.13,0.0168,0.0290,0.0289,0.5521
02-JAN-2026,OSWALMIN,10.00,10.00,0.0000,0.0000,0.0000,0.0000
02-JAN-2026,OSWALPUMPS,528.45,525.35,0.0059,0.0181,0.0181,0.3458
02-JAN-2026,OSWALSEEDS,17.72,17.54,0.0102,0.0309,0.0308,0.5884
02-JAN-2026,PACEDIGITK,188.95,187.75,0.0064,0.0103,0.0103,0.1968
02-JAN-2026,PAGEIND,35774.75,35645.10,0.0036,0.0145,0.0145,0.2770
02-JAN-2026,PAISALO,36.30,36.46,-0.0044,0.0289,0.0288,0.5502
02-JAN-2026,PAKKA,108.95,105.25,0.0346,0.0303,0.0303,0.5789
02-JAN-2026,PALASHSECU,107.25,109.05,-0.0166,0.0258,0.0258,0.4929
02-JAN-2026,PALREDTEC,47.15,44.91,0.0487,0.0306,0.0307,0.5865
02-JAN-2026,PANACEABIO,379.90,377.70,0.0058,0.0331,0.0330,0.6305
02-JAN-2026,PANACHE,325.45,338.75,-0.0401,0.0309,0.0310,0.5923
02-JAN-2026,PANAMAPET,311.55,307.05,0.0145,0.0218,0.0218,0.4165
02-JAN-2026,PANSARI,300.10,300.00,0.0003,0.0302,0.0301,0.5751
02-JAN-2026,PAR,101.30,101.68,-0.0037,0.0305,0.0304,0.5808
02-JAN-2026,PARACABLES,39.41,39.16,0.0064,0.0280,0.0279,0.5330
02-JAN-2026,PARADEEP,164.55,164.85,-0.0018,0.0300,0.0300,0.5731
02-JAN-2026,PARAGMILK,304.55,303.10,0.0048,0.0296,0.0295,0.5636
02-JAN-2026,PARAS,683.75,683.95,-0.0003,0.0301,0.0300,0.5731
02-JAN-2026,PARASPETRO,1.96,1.83,0.0686,0.0357,0.0359,0.6859
02-JAN-2026,PARKHOSPS,149.70,149.90,-0.0013,0.0071,0.0071,0.1356
02-JAN-2026,PARKHOTELS,135.05,132.65,0.0179,0.0223,0.0223,0.4260
02-JAN-2026,PARSVNATH,10.58,10.22,0.0346,0.0360,0.0360,0.6878
02-JAN-2026,PASHUPATI,808.80,807.25,0.0019,0.0061,0.0061,0.1165
02-JAN-2026,PASUPTAC,51.30,52.00,-0.0136,0.0324,0.0323,0.6171
02-JAN-2026,PATANJALI,557.05,552.65,0.0079,0.0170,0.0170,0.3248
02-JAN-2026,PATELENG,28.82,28.42,0.0140,0.0260,0.0259,0.4948
02-JAN-2026,PATELRMART,202.95,198.50,0.0222,0.0149,0.0149,0.2847
02-JAN-2026,PATINTLOG,13.94,13.75,0.0137,0.0268,0.0268,0.5120
02-JAN-2026,PAUSHAKLTD,589.95,587.85,0.0036,0.0285,0.0284,0.5426
02-JAN-2026,PAVNAIND,22.75,22.92,-0.0074,0.0364,0.0363,0.6935
02-JAN-2026,PAYTM,1340.60,1291.70,0.0372,0.0269,0.0269,0.5139
02-JAN-2026,PCBL,300.40,296.30,0.0137,0.0232,0.0232,0.4432
02-JAN-2026,PCJEWELLER,9.55,9.30,0.0265,0.0333,0.0333,0.6362
02-JAN-2026,PDMJEPAPER,97.67,98.53,-0.0088,0.0283,0.0283,0.5407
02-JAN-2026,PDSL,368.80,373.70,-0.0132,0.0252,0.0251,0.4795
02-JAN-2026,PEARLPOLY,23.02,23.39,-0.0159,0.0347,0.0346,0.6610
02-JAN-2026,PENIND,202.75,202.80,-0.0002,0.0334,0.0333,0.6362
02-JAN-2026,PENINLAND,25.23,24.60,0.0253,0.0346,0.0346,0.6610
02-JAN-2026,PERSISTENT,6289.45,6282.50,0.0011,0.0208,0.0207,0.3955
02-JAN-2026,PETRONET,291.05,288.10,0.0102,0.0160,0.0160,0.3057
02-JAN-2026,PFC,375.95,363.15,0.0346,0.0211,0.0212,0.4050
02-JAN-2026,PFIZER,4887.20,4916.05,-0.0059,0.0155,0.0154,0.2942
02-JAN-2026,PFOCUS,232.95,229.30,0.0158,0.0357,0.0356,0.6801
02-JAN-2026,PFS,34.28,33.74,0.0159,0.0258,0.0257,0.4910
02-JAN-2026,PGEL,602.70,578.95,0.0402,0.0339,0.0339,0.6477
02-JAN-2026,PGHH,12854.50,12984.90,-0.0101,0.0119,0.0119,0.2273
02-JAN-2026,PGHL,5701.25,5722.25,-0.0037,0.0137,0.0137,0.2617
02-JAN-2026,PGIL,1653.70,1601.15,0.0323,0.0344,0.0344,0.6572
02-JAN-2026,PGINVIT,89.62,88.93,0.0077,0.0082,0.0082,0.1567
02-JAN-2026,PHARMABEES,23.34,23.20,0.0060,0.0087,0.0087,0.1662
02-JAN-2026,PHOENIXLTD,1903.40,1872.05,0.0166,0.0211,0.0211,0.4031
02-JAN-2026,PICCADIL,613.75,604.55,0.0151,0.0306,0.0305,0.5827
02-JAN-2026,PIDILITIND,1478.20,1469.30,0.0060,0.0111,0.0111,0.2121
02-JAN-2026,PIGL,125.30,123.75,0.0124,0.0283,0.0282,0.5388
02-JAN-2026,PIIND,3256.60,3219.10,0.0116,0.0151,0.0151,0.2885
02-JAN-2026,PILANIINVS,5170.05,5179.10,-0.0017,0.0232,0.0232,0.4432
02-JAN-2026,PILITA,9.60,9.55,0.0052,0.0299,0.0298,0.5693
02-JAN-2026,PILLAR,10.00,10.00,0.0000,0.0000,0.0000,0.0000
02-JAN-2026,PINELABS,235.40,235.15,0.0011,0.0098,0.0098,0.1872
02-JAN-2026,PIONEEREMB,28.31,28.20,0.0039,0.0272,0.0271,0.5177
02-JAN-2026,PIRAMALFIN,1712.50,1644.85,0.0403,0.0109,0.0113,0.2159
02-JAN-2026,PITTIENG,827.35,824.40,0.0036,0.0223,0.0222,0.4241
02-JAN-2026,PIXTRANS,1404.40,1401.20,0.0023,0.0256,0.0256,0.4891
02-JAN-2026,PKLEASING,10.00,10.00,0.0000,0.0000,0.0000,0.0000
02-JAN-2026,PKTEA,850.35,852.60,-0.0026,0.0350,0.0349,0.6668
02-JAN-2026,PLASTIBLEN,165.95,163.75,0.0133,0.0208,0.0208,0.3974
02-JAN-2026,PLATIND,245.65,246.00,-0.0014,0.0286,0.0285,0.5445
02-JAN-2026,PLAZACABLE,42.05,41.49,0.0134,0.0214,0.0214,0.4088
02-JAN-2026,PNB,125.35,123.95,0.0112,0.0184,0.0183,0.3496
02-JAN-2026,PNBGILTS,83.38,81.18,0.0267,0.0237,0.0237,0.4528
02-JAN-2026,PNBHOUSING,998.00,986.65,0.0114,0.0241,0.0241,0.4604
02-JAN-2026,PNC,26.85,27.55,-0.0257,0.0336,0.0335,0.6400
02-JAN-2026,PNCINFRA,255.15,251.25,0.0154,0.0218,0.0217,0.4146
02-JAN-2026,PNGJL,612.70,604.85,0.0129,0.0195,0.0195,0.3725
02-JAN-2026,POCL,1539.10,1518.90,0.0132,0.0355,0.0355,0.6782
02-JAN-2026,PODDARMENT,264.70,264.60,0.0004,0.0211,0.0211,0.4031
02-JAN-2026,POKARNA,845.90,840.05,0.0069,0.0344,0.0343,0.6553
02-JAN-2026,POLICYBZR,1781.80,1805.55,-0.0132,0.0243,0.0243,0.4643
02-JAN-2026,POLYCAB,7798.05,7672.95,0.0162,0.0202,0.0202,0.3859
02-JAN-2026,POLYMED,1769.70,1742.65,0.0154,0.0242,0.0241,0.4604
02-JAN-2026,POLYPLEX,844.60,836.70,0.0094,0.0208,0.0207,0.3955
02-JAN-2026,PONNIERODE,263.95,269.20,-0.0197,0.0207,0.0207,0.3955
02-JAN-2026,POONAWALLA,480.55,483.20,-0.0055,0.0229,0.0229,0.4375
02-JAN-2026,POWERGRID,270.95,266.80,0.0154,0.0144,0.0144,0.2751
02-JAN-2026,POWERINDIA,18803.45,18481.95,0.0172,0.0300,0.0300,0.5731
02-JAN-2026,POWERMECH,2329.00,2278.05,0.0221,0.0247,0.0247,0.4719
02-JAN-2026,PPAP,217.05,212.10,0.0231,0.0286,0.0286,0.5464
02-JAN-2026,PPL,240.60,238.15,0.0102,0.0254,0.0253,0.4834
02-JAN-2026,PPLPHARMA,178.50,169.90,0.0494,0.0224,0.0226,0.4318
02-JAN-2026,PRABHA,183.60,187.05,-0.0186,0.0207,0.0207,0.3955
02-JAN-2026,PRABHATSEC,10.80,10.80,0.0000,0.0000,0.0000,0.0000
02-JAN-2026,PRAENG,26.60,26.27,0.0125,0.0351,0.0351,0.6706
02-JAN-2026,PRAJIND,325.45,319.70,0.0178,0.0235,0.0234,0.4471
02-JAN-2026,PRAKASH,147.50,145.90,0.0109,0.0272,0.0272,0.5197
02-JAN-2026,PRAKASHSTL,5.67,5.40,0.0488,0.0297,0.0298,0.5693
02-JAN-2026,PRAXIS,9.28,9.05,0.0251,0.0311,0.0311,0.5942
02-JAN-2026,PRECAM,170.00,172.40,-0.0140,0.0342,0.0341,0.6515
02-JAN-2026,PRECOT,385.35,394.95,-0.0246,0.0340,0.0339,0.6477
02-JAN-2026,PRECWIRE,247.45,248.55,-0.0044,0.0302,0.0301,0.5751
02-JAN-2026,PREMEXPLN,542.20,517.30,0.0470,0.0375,0.0375,0.7164
02-JAN-2026,PREMIER,3.00,3.04,-0.0132,0.0299,0.0299,0.5712
02-JAN-2026,PREMIERENE,845.95,847.20,-0.0015,0.0234,0.0234,0.4471
02-JAN-2026,PREMIERPOL,41.91,40.64,0.0308,0.0321,0.0321,0.6133
02-JAN-2026,PRESTIGE,1618.80,1604.10,0.0091,0.0228,0.0227,0.4337
02-JAN-2026,PRHOLDING,10.00,10.00,0.0000,0.0000,0.0000,0.0000
02-JAN-2026,PRICOLLTD,683.05,660.55,0.0335,0.0217,0.0218,0.4165
02-JAN-2026,PRIMESECU,275.35,274.70,0.0024,0.0251,0.0250,0.4776
02-JAN-2026,PRIMO,23.93,23.51,0.0177,0.0271,0.0270,0.5158
02-JAN-2026,PRINCEPIPE,262.70,267.35,-0.0175,0.0232,0.0231,0.4413
02-JAN-2026,PRITI,60.26,58.67,0.0267,0.0365,0.0365,0.6973
02-JAN-2026,PRITIKAUTO,14.15,13.83,0.0229,0.0240,0.0240,0.4585
02-JAN-2026,PRIVISCL,2780.80,2799.30,-0.0066,0.0272,0.0272,0.5197
02-JAN-2026,PRIYAINT,8.50,8.50,0.0000,0.0000,0.0000,0.0000
02-JAN-2026,PROSTARM,179.85,178.35,0.0084,0.0283,0.0283,0.5407
02-JAN-2026,PROTEAN,768.85,751.60,0.0227,0.0269,0.0269,0.5139
02-JAN-2026,PROZONER,58.10,56.99,0.0193,0.0313,0.0313,0.5980
02-JAN-2026,PRSMJOHNSN,139.15,138.55,0.0043,0.0271,0.0270,0.5158
02-JAN-2026,PRUDENT,2594.00,2551.60,0.0165,0.0292,0.0291,0.5560
02-JAN-2026,PRUDMOULI,20.07,19.91,0.0080,0.0315,0.0314,0.5999
02-JAN-2026,PSB,29.39,27.97,0.0495,0.0263,0.0264,0.5044
02-JAN-2026,PSPPROJECT,893.40,866.90,0.0301,0.0248,0.0248,0.4738
02-JAN-2026,PSUBANK,868.96,854.41,0.0169,0.0145,0.0145,0.2770
02-JAN-2026,PSUBANKADD,87.43,86.06,0.0158,0.0137,0.0137,0.2617
02-JAN-2026,PSUBNKBEES,97.20,95.27,0.0201,0.0142,0.0142,0.2713
02-JAN-2026,PSUBNKIETF,87.78,86.44,0.0154,0.0133,0.0133,0.2541
02-JAN-2026,PTC,167.40,162.85,0.0276,0.0208,0.0208,0.3974
02-JAN-2026,PTCIL,18102.00,18352.60,-0.0137,0.0263,0.0262,0.5006
02-JAN-2026,PTL,39.31,39.27,0.0010,0.0151,0.0150,0.2866
02-JAN-2026,PUNJABCHEM,1177.85,1190.70,-0.0109,0.0292,0.0292,0.5579
02-JAN-2026,PURBANCHAL,8.65,8.65,0.0000,0.0000,0.0000,0.0000
02-JAN-2026,PURVA,240.20,240.95,-0.0031,0.0296,0.0296,0.5655
02-JAN-2026,PVP,36.92,36.03,0.0244,0.0348,0.0348,0.6649
02-JAN-2026,PVRINOX,1030.20,1017.00,0.0129,0.0188,0.0188,0.3592
02-JAN-2026,PVSL,118.25,121.50,-0.0271,0.0230,0.0231,0.4413
02-JAN-2026,PVTBANIETF,29.16,29.03,0.0045,0.0081,0.0081,0.1548
02-JAN-2026,PVTBANKADD,29.27,29.10,0.0058,0.0087,0.0086,0.1643
02-JAN-2026,PWL,131.10,132.65,-0.0118,0.0130,0.0129,0.2465
02-JAN-2026,PYRAMID,164.85,162.85,0.0122,0.0236,0.0235,0.4490
02-JAN-2026,QGOLDHALF,111.65,110.38,0.0114,0.0107,0.0107,0.2044
02-JAN-2026,QNIFTY,2872.65,2858.09,0.0051,0.0070,0.0070,0.1337
02-JAN-2026,QPOWER,831.15,812.55,0.0226,0.0308,0.0307,0.5865
02-JAN-2026,QUADFUTURE,337.00,330.45,0.0196,0.0355,0.0355,0.6782
02-JAN-2026,QUAL30IETF,22.15,22.02,0.0059,0.0077,0.0077,0.1471
02-JAN-2026,QUALITY30,21.57,21.50,0.0033,0.0044,0.0044,0.0841
02-JAN-2026,QUESS,215.05,208.35,0.0317,0.0214,0.0214,0.4088
02-JAN-2026,QUICKHEAL,269.40,266.65,0.0103,0.0308,0.0308,0.5884
02-JAN-2026,RACE,140.35,142.35,-0.0141,0.0240,0.0240,0.4585
02-JAN-2026,RACLGEAR,1152.05,1114.70,0.0330,0.0307,0.0307,0.5865
02-JAN-2026,RADAAN,3.44,3.43,0.0029,0.0308,0.0308,0.5884
02-JAN-2026,RADHIKAJWE,74.89,73.98,0.0122,0.0293,0.0293,0.5598
02-JAN-2026,RADIANTCMS,51.42,51.84,-0.0081,0.0214,0.0214,0.4088
02-JAN-2026,RADICO,3094.25,3253.90,-0.0503,0.0196,0.0198,0.3783
02-JAN-2026,RADIOCITY,6.79,6.75,0.0059,0.0218,0.0218,0.4165
02-JAN-2026,RAILTEL,376.15,370.95,0.0139,0.0283,0.0283,0.5407
02-JAN-2026,RAIN,146.55,146.70,-0.0010,0.0237,0.0236,0.4509
02-JAN-2026,RAINBOW,1318.90,1315.40,0.0027,0.0181,0.0181,0.3458
02-JAN-2026,RAJESHEXPO,180.95,178.75,0.0122,0.0265,0.0265,0.5063
02-JAN-2026,RAJMET,4.78,4.88,-0.0207,0.0273,0.0272,0.5197
02-JAN-2026,RAJOOENG,64.38,63.40,0.0153,0.0295,0.0295,0.5636
02-JAN-2026,RAJRATAN,463.90,461.25,0.0057,0.0284,0.0283,0.5407
02-JAN-2026,RAJRILTD,22.01,22.23,-0.0099,0.0277,0.0277,0.5292
02-JAN-2026,RAJSREESUG,34.71,34.45,0.0075,0.0324,0.0324,0.6190
02-JAN-2026,RAJTV,42.25,43.22,-0.0227,0.0246,0.0246,0.4700
02-JAN-2026,RALLIS,273.90,277.10,-0.0116,0.0237,0.0236,0.4509
02-JAN-2026,RAMANEWS,31.81,31.68,0.0041,0.0301,0.0300,0.5731
02-JAN-2026,RAMAPHO,170.80,160.80,0.0603,0.0348,0.0349,0.6668
02-JAN-2026,RAMARAJU,182.80,182.80,0.0000,0.0000,0.0000,0.0000
02-JAN-2026,RAMASTEEL,9.47,9.35,0.0128,0.0269,0.0268,0.5120
02-JAN-2026,RAMCOCEM,1056.75,1058.30,-0.0015,0.0150,0.0149,0.2847
02-JAN-2026,RAMCOIND,314.45,311.40,0.0097,0.0218,0.0218,0.4165
02-JAN-2026,RAMCOSYS,573.50,568.30,0.0091,0.0319,0.0318,0.6075
02-JAN-2026,RAMKY,554.60,551.20,0.0061,0.0272,0.0272,0.5197
02-JAN-2026,RAMRAT,311.35,310.05,0.0042,0.0240,0.0239,0.4566
02-JAN-2026,RANASUG,12.49,12.28,0.0170,0.0213,0.0212,0.4050
02-JAN-2026,RANEHOLDIN,1399.40,1375.35,0.0173,0.0231,0.0230,0.4394
02-JAN-2026,RANJANPOLY,28.25,28.25,0.0000,0.0000,0.0000,0.0000
02-JAN-2026,RATEGAIN,693.75,702.05,-0.0119,0.0245,0.0245,0.4681
02-JAN-2026,RATNAMANI,2354.00,2388.45,-0.0145,0.0168,0.0168,0.3210
02-JAN-2026,RATNAVEER,155.95,152.95,0.0194,0.0276,0.0276,0.5273
02-JAN-2026,RAYMOND,436.50,425.60,0.0253,0.0280,0.0280,0.5349
02-JAN-2026,RAYMONDLSL,1036.45,1019.45,0.0165,0.0255,0.0255,0.4872
02-JAN-2026,RAYMONDREL,530.00,521.35,0.0165,0.0182,0.0182,0.3477
02-JAN-2026,RBA,65.04,63.54,0.0233,0.0223,0.0223,0.4260
02-JAN-2026,RBLBANK,320.75,315.30,0.0171,0.0229,0.0229,0.4375
02-JAN-2026,RBZJEWEL,142.50,139.45,0.0216,0.0262,0.0262,0.5006
02-JAN-2026,RCF,149.20,146.05,0.0213,0.0240,0.0240,0.4585
02-JAN-2026,RCOM,1.11,1.11,0.0000,0.0290,0.0289,0.5521
02-JAN-2026,RECLTD,380.65,367.70,0.0346,0.0216,0.0217,0.4146
02-JAN-2026,REDINGTON,276.30,274.95,0.0049,0.0288,0.0287,0.5483
02-JAN-2026,REDTAPE,124.10,124.20,-0.0008,0.0233,0.0232,0.4432
02-JAN-2026,REFEX,262.30,261.50,0.0031,0.0357,0.0356,0.6801
02-JAN-2026,REGAAL,70.41,69.57,0.0120,0.0150,0.0149,0.2847
02-JAN-2026,REGALENTER,10.00,10.00,0.0000,0.0000,0.0000,0.0000
02-JAN-2026,REGENCERAM,47.00,46.03,0.0209,0.0353,0.0352,0.6725
02-JAN-2026,RELAXO,403.30,402.60,0.0017,0.0180,0.0179,0.3420
02-JAN-2026,RELCHEMQ,137.75,137.25,0.0036,0.0225,0.0225,0.4299
02-JAN-2026,RELIABLE,157.85,153.55,0.0276,0.0332,0.0332,0.6343
02-JAN-2026,RELIANCE,1592.30,1575.45,0.0106,0.0121,0.0121,0.2312
02-JAN-2026,RELIGARE,249.05,247.85,0.0048,0.0228,0.0228,0.4356
02-JAN-2026,RELTD,156.50,156.75,-0.0016,0.0332,0.0331,0.6324
02-JAN-2026,REMSONSIND,126.30,120.65,0.0458,0.0286,0.0287,0.5483
02-JAN-2026,RENUKA,26.34,26.08,0.0099,0.0224,0.0223,0.4260
02-JAN-2026,REPCOHOME,433.45,429.15,0.0100,0.0222,0.0221,0.4222
02-JAN-2026,REPL,118.88,117.48,0.0118,0.0276,0.0276,0.5273
02-JAN-2026,REPRO,463.65,465.10,-0.0031,0.0303,0.0302,0.5770
02-JAN-2026,RESPONIND,197.70,199.50,-0.0091,0.0242,0.0242,0.4623
02-JAN-2026,RETAIL,24.23,24.70,-0.0192,0.0365,0.0364,0.6954
02-JAN-2026,RGL,124.45,126.70,-0.0179,0.0286,0.0285,0.5445
02-JAN-2026,RHETAN,25.56,24.62,0.0375,0.0266,0.0266,0.5082
02-JAN-2026,RHFL,2.89,2.88,0.0035,0.0331,0.0330,0.6305
02-JAN-2026,RHIM,455.30,454.50,0.0018,0.0211,0.0211,0.4031
02-JAN-2026,RHL,222.10,185.05,0.1825,0.0267,0.0296,0.5655
02-JAN-2026,RICOAUTO,135.35,138.05,-0.0198,0.0350,0.0349,0.6668
02-JAN-2026,RIIL,817.30,818.20,-0.0011,0.0214,0.0213,0.4069
02-JAN-2026,RISHABH,434.05,425.95,0.0188,0.0309,0.0309,0.5903
02-JAN-2026,RITCO,270.50,270.15,0.0013,0.0248,0.0248,0.4738
02-JAN-2026,RITES,245.90,243.25,0.0108,0.0249,0.0248,0.4738
02-JAN-2026,RITZ,15.25,15.25,0.0000,0.0000,0.0000,0.0000
02-JAN-2026,RKDL,24.24,23.08,0.0490,0.0259,0.0260,0.4967
02-JAN-2026,RKEC,54.72,53.79,0.0171,0.0377,0.0376,0.7183
02-JAN-2026,RKFORGE,531.40,516.45,0.0285,0.0226,0.0226,0.4318
02-JAN-2026,RKSWAMY,111.05,110.75,0.0027,0.0236,0.0235,0.4490
02-JAN-2026,RMDRIP,85.41,84.35,0.0125,0.0108,0.0108,0.2063
02-JAN-2026,RML,844.30,809.25,0.0424,0.0240,0.0242,0.4623
02-JAN-2026,RNBDENIMS,131.60,134.80,-0.0240,0.0297,0.0296,0.5655
02-JAN-2026,ROADSTAR,61.20,61.20,0.0000,0.0291,0.0290,0.5540
02-JAN-2026,ROBERT,10.70,10.70,0.0000,0.0000,0.0000,0.0000
02-JAN-2026,ROHLTD,414.10,415.00,-0.0022,0.0259,0.0259,0.4948
02-JAN-2026,ROLEXRINGS,134.25,128.05,0.0473,0.0228,0.0230,0.4394
02-JAN-2026,ROLLT,1.27,1.25,0.0159,0.0331,0.0330,0.6305
02-JAN-2026,ROML,50.90,51.28,-0.0074,0.0327,0.0326,0.6228
02-JAN-2026,ROSSARI,583.65,579.25,0.0076,0.0171,0.0171,0.3267
02-JAN-2026,ROSSELLIND,50.34,50.17,0.0034,0.0273,0.0272,0.5197
02-JAN-2026,ROSSTECH,629.85,626.95,0.0046,0.0286,0.0285,0.5445
02-JAN-2026,ROTO,69.45,68.65,0.0116,0.0278,0.0278,0.5311
02-JAN-2026,ROUTE,710.35,696.15,0.0202,0.0198,0.0198,0.3783
02-JAN-2026,RPEL,953.05,964.90,-0.0124,0.0296,0.0296,0.5655
02-JAN-2026,RPGLIFE,2312.65,2312.70,-0.0000,0.0239,0.0239,0.4566
02-JAN-2026,RPOWER,35.93,34.72,0.0343,0.0348,0.0348,0.6649
02-JAN-2026,RPPINFRA,101.95,100.45,0.0148,0.0310,0.0310,0.5923
02-JAN-2026,RPPL,19.10,19.17,-0.0037,0.0303,0.0303,0.5789
02-JAN-2026,RPSGVENT,754.50,747.05,0.0099,0.0246,0.0246,0.4700
02-JAN-2026,RPTECH,360.80,360.45,0.0010,0.0202,0.0202,0.3859
02-JAN-2026,RRKABEL,1510.50,1469.25,0.0277,0.0216,0.0216,0.4127
02-JAN-2026,RSSOFTWARE,51.00,51.57,-0.0111,0.0330,0.0329,0.6286
02-JAN-2026,RSWM,149.85,148.40,0.0097,0.0238,0.0238,0.4547
02-JAN-2026,RSYSTEMS,406.70,407.75,-0.0026,0.0228,0.0228,0.4356
02-JAN-2026,RTNINDIA,42.28,40.82,0.0351,0.0278,0.0278,0.5311
02-JAN-2026,RTNPOWER,9.76,9.45,0.0323,0.0287,0.0287,0.5483
02-JAN-2026,RUBFILA,73.71,74.23,-0.0070,0.0227,0.0227,0.4337
02-JAN-2026,RUBICON,661.45,676.55,-0.0226,0.0123,0.0124,0.2369
02-JAN-2026,RUBYMILLS,223.05,223.00,0.0002,0.0264,0.0264,0.5044
02-JAN-2026,RUCHINFRA,6.37,6.30,0.0110,0.0285,0.0284,0.5426
02-JAN-2026,RUCHIRA,122.70,122.45,0.0020,0.0206,0.0205,0.3917
02-JAN-2026,RUDRA,25.98,25.86,0.0046,0.0326,0.0326,0.6228
02-JAN-2026,RUPA,161.65,160.95,0.0043,0.0203,0.0202,0.3859
02-JAN-2026,RUSHIL,23.23,22.83,0.0174,0.0282,0.0281,0.5368
02-JAN-2026,RUSTOMJEE,541.75,537.35,0.0082,0.0178,0.0178,0.3401
02-JAN-2026,RVHL,50.96,51.93,-0.0189,0.0318,0.0317,0.6056
02-JAN-2026,RVNL,365.85,361.50,0.0120,0.0285,0.0284,0.5426
02-JAN-2026,RVTH,734.20,704.35,0.0415,0.0253,0.0254,0.4853
02-JAN-2026,S&SPOWER,302.05,304.80,-0.0091,0.0355,0.0355,0.6782
02-JAN-2026,SAATVIKGL,388.30,376.40,0.0311,0.0155,0.0156,0.2980
02-JAN-2026,SABEVENTS,9.58,9.40,0.0190,0.0352,0.0351,0.6706
02-JAN-2026,SABTNL,1731.45,1647.60,0.0496,0.0316,0.0317,0.6056
02-JAN-2026,SADBHAV,10.93,10.97,-0.0037,0.0346,0.0345,0.6591
02-JAN-2026,SADBHIN,3.91,3.92,-0.0026,0.0328,0.0327,0.6247
02-JAN-2026,SADHNANIQ,7.29,7.22,0.0096,0.0353,0.0353,0.6744
02-JAN-2026,SAFARI,2168.45,2180.00,-0.0053,0.0196,0.0196,0.3745
02-JAN-2026,SAGARDEEP,27.50,27.93,-0.0155,0.0249,0.0249,0.4757
02-JAN-2026,SAGCEM,218.15,213.50,0.0215,0.0216,0.0216,0.4127
02-JAN-2026,SAGILITY,52.97,52.02,0.0181,0.0221,0.0221,0.4222
02-JAN-2026,SAHYADRI,256.90,259.00,-0.0081,0.0228,0.0227,0.4337
02-JAN-2026,SAIL,147.45,148.45,-0.0068,0.0225,0.0224,0.4280
02-JAN-2026,SAILIFE,921.70,900.25,0.0235,0.0206,0.0206,0.3936
02-JAN-2026,SAKAR,406.55,406.90,-0.0009,0.0251,0.0250,0.4776
02-JAN-2026,SAKHTISUG,19.32,19.05,0.0141,0.0248,0.0248,0.4738
02-JAN-2026,SAKSOFT,198.35,197.05,0.0066,0.0269,0.0268,0.5120
02-JAN-2026,SAKUMA,2.16,2.13,0.0140,0.0278,0.0278,0.5311
02-JAN-2026,SALASAR,8.91,8.86,0.0056,0.0329,0.0328,0.6266
02-JAN-2026,SALONA,258.35,260.90,-0.0098,0.0264,0.0263,0.5025
02-JAN-2026,SALSTEEL,44.70,44.30,0.0090,0.0354,0.0353,0.6744
02-JAN-2026,SALZERELEC,692.90,684.95,0.0115,0.0328,0.0327,0.6247
02-JAN-2026,SAMBHAAV,9.09,8.90,0.0211,0.0360,0.0360,0.6878
02-JAN-2026,SAMBHV,97.52,96.12,0.0145,0.0187,0.0187,0.3573
02-JAN-2026,SAMHI,185.40,179.25,0.0337,0.0229,0.0230,0.4394
02-JAN-2026,SAMMAANCAP,148.60,144.20,0.0301,0.0296,0.0296,0.5655
02-JAN-2026,SAMPANN,33.06,32.90,0.0049,0.0355,0.0354,0.6763
02-JAN-2026,SAMYAK,9.95,9.95,0.0000,0.0000,0.0000,0.0000
02-JAN-2026,SANATHAN,442.00,432.40,0.0220,0.0186,0.0186,0.3554
02-JAN-2026,SANCO,2.54,2.42,0.0484,0.0318,0.0319,0.6094
02-JAN-2026,SANDESH,1090.00,1066.00,0.0223,0.0237,0.0237,0.4528
02-JAN-2026,SANDHAR,582.65,542.00,0.0723,0.0259,0.0264,0.5044
02-JAN-2026,SANDUMA,264.70,244.45,0.0796,0.0323,0.0327,0.6247
02-JAN-2026,SANGAMIND,480.25,491.50,-0.0232,0.0299,0.0299,0.5712
02-JAN-2026,SANGHIIND,66.58,65.40,0.0179,0.0183,0.0183,0.3496
02-JAN-2026,SANGHVIMOV,349.95,347.75,0.0063,0.0330,0.0329,0.6286
02-JAN-2026,SANGINITA,10.21,10.10,0.0108,0.0281,0.0281,0.5368
02-JAN-2026,SANOFI,4141.90,4095.75,0.0112,0.0119,0.0119,0.2273
02-JAN-2026,SANOFICONR,4595.75,4559.80,0.0079,0.0154,0.0154,0.2942
02-JAN-2026,SANSERA,1871.15,1765.50,0.0581,0.0191,0.0195,0.3725
02-JAN-2026,SANSTAR,96.45,95.99,0.0048,0.0225,0.0225,0.4299
02-JAN-2026,SANWARIA,0.26,0.26,0.0000,0.0639,0.0638,1.2189
02-JAN-2026,SAPPHIRE,252.00,262.65,-0.0414,0.0206,0.0207,0.3955
02-JAN-2026,SARDAEN,522.95,509.75,0.0256,0.0275,0.0275,0.5254
02-JAN-2026,SAREGAMA,357.95,350.75,0.0203,0.0234,0.0233,0.4451
02-JAN-2026,SARLAPOLY,90.34,91.25,-0.0100,0.0285,0.0285,0.5445
02-JAN-2026,SARVESHWAR,4.73,4.60,0.0279,0.0275,0.0275,0.5254
02-JAN-2026,SASKEN,1545.40,1524.05,0.0139,0.0264,0.0263,0.5025
02-JAN-2026,SASTASUNDR,315.70,294.90,0.0682,0.0245,0.0250,0.4776
02-JAN-2026,SATIA,67.09,66.71,0.0057,0.0193,0.0193,0.3687
02-JAN-2026,SATIN,144.65,144.25,0.0028,0.0193,0.0192,0.3668
02-JAN-2026,SATYASHYAM,22.65,22.65,0.0000,0.0000,0.0000,0.0000
02-JAN-2026,SAURASHCEM,83.53,82.34,0.0143,0.0281,0.0280,0.5349
02-JAN-2026,SBC,28.47,28.76,-0.0101,0.0228,0.0227,0.4337
02-JAN-2026,SBCL,433.45,426.50,0.0162,0.0237,0.0236,0.4509
02-JAN-2026,SBFC,103.00,102.85,0.0015,0.0198,0.0197,0.3764
02-JAN-2026,SBGLP,34.32,35.47,-0.0330,0.0313,0.0314,0.5999
02-JAN-2026,SBHL,10.00,10.00,0.0000,0.0000,0.0000,0.0000
02-JAN-2026,SBIBPB,50.64,49.94,0.0139,0.0095,0.0096,0.1834
02-JAN-2026,SBICARD,875.95,859.50,0.0190,0.0153,0.0153,0.2923
02-JAN-2026,SBIETFCON,126.03,125.71,0.0025,0.0077,0.0077,0.1471
02-JAN-2026,SBIETFIT,420.97,418.93,0.0049,0.0124,0.0124,0.2369
02-JAN-2026,SBIETFPB,294.40,292.98,0.0048,0.0082,0.0081,0.1548
02-JAN-2026,SBIETFQLTY,232.50,231.62,0.0038,0.0078,0.0078,0.1490
02-JAN-2026,SBILIFE,2067.40,2040.40,0.0131,0.0126,0.0126,0.2407
02-JAN-2026,SBILIQETF,1021.28,1020.82,0.0005,0.0002,0.0002,0.0038
02-JAN-2026,SBIN,998.95,984.75,0.0143,0.0127,0.0127,0.2426
02-JAN-2026,SBINEQWETF,33.95,33.73,0.0065,0.0069,0.0069,0.1318
02-JAN-2026,SBISILVER,227.62,220.27,0.0328,0.0182,0.0183,0.3496
02-JAN-2026,SCHAEFFLER,3874.25,3870.60,0.0009,0.0182,0.0181,0.3458
02-JAN-2026,SCHAND,159.05,155.85,0.0203,0.0236,0.0235,0.4490
02-JAN-2026,SCHNEIDER,717.30,715.70,0.0022,0.0262,0.0261,0.4986
02-JAN-2026,SCI,235.10,229.45,0.0243,0.0283,0.0283,0.5407
02-JAN-2026,SCILAL,48.22,47.26,0.0201,0.0213,0.0213,0.4069
02-JAN-2026,SCODATUBES,163.75,162.95,0.0049,0.0182,0.0181,0.3458
02-JAN-2026,SCPL,319.75,320.90,-0.0036,0.0305,0.0305,0.5827
02-JAN-2026,SDBL,109.35,107.10,0.0208,0.0254,0.0254,0.4853
02-JAN-2026,SDL26BEES,135.38,135.14,0.0018,0.0035,0.0035,0.0669
02-JAN-2026,SEAMECLTD,1088.20,1093.70,-0.0050,0.0232,0.0231,0.4413
02-JAN-2026,SECMARK,123.45,113.70,0.0823,0.0340,0.0344,0.6572
02-JAN-2026,SECURKLOUD,26.04,26.33,-0.0111,0.0392,0.0392,0.7489
02-JAN-2026,SEITINVIT,118.00,118.00,0.0000,0.0082,0.0082,0.1567
02-JAN-2026,SEJALLTD,854.55,853.65,0.0011,0.0303,0.0302,0.5770
02-JAN-2026,SELECTIPO,46.41,45.88,0.0115,0.0078,0.0078,0.1490
02-JAN-2026,SELMC,29.51,30.27,-0.0254,0.0339,0.0338,0.6457
02-JAN-2026,SEMAC,298.40,309.70,-0.0372,0.0282,0.0282,0.5388
02-JAN-2026,SENCO,324.25,318.25,0.0187,0.0255,0.0254,0.4853
02-JAN-2026,SENORES,865.30,826.45,0.0459,0.0239,0.0240,0.4585
02-JAN-2026,SENSEXADD,87.88,87.36,0.0059,0.0084,0.0084,0.1605
02-JAN-2026,SENSEXBETA,941.29,938.00,0.0035,0.0070,0.0070,0.1337
02-JAN-2026,SENSEXETF,87.75,87.37,0.0043,0.0077,0.0077,0.1471
02-JAN-2026,SENSEXIETF,978.74,974.64,0.0042,0.0080,0.0080,0.1528
02-JAN-2026,SEPC,10.06,10.01,0.0050,0.0320,0.0319,0.6094
02-JAN-2026,SEQUENT,210.50,208.40,0.0100,0.0286,0.0286,0.5464
02-JAN-2026,SERVOTECH,79.98,78.57,0.0178,0.0293,0.0293,0.5598
02-JAN-2026,SESHAPAPER,240.05,237.10,0.0124,0.0193,0.0192,0.3668
02-JAN-2026,SETCO,15.71,15.68,0.0019,0.0289,0.0288,0.5502
02-JAN-2026,SETF10GILT,259.82,259.16,0.0025,0.0026,0.0026,0.0497
02-JAN-2026,SETFGOLD,115.53,114.00,0.0133,0.0106,0.0106,0.2025
02-JAN-2026,SETFNIF50,281.21,279.28,0.0069,0.0067,0.0067,0.1280
02-JAN-2026,SETFNIFBK,614.84,610.43,0.0072,0.0077,0.0077,0.1471
02-JAN-2026,SETFNN50,748.62,741.86,0.0091,0.0093,0.0093,0.1777
02-JAN-2026,SETUINFRA,0.45,0.47,-0.0435,0.0546,0.0546,1.0431
02-JAN-2026,SEYAIND,19.83,18.15,0.0885,0.0298,0.0304,0.5808
02-JAN-2026,SFL,593.35,590.05,0.0056,0.0170,0.0169,0.3229
02-JAN-2026,SGFIN,416.45,406.55,0.0241,0.0235,0.0235,0.4490
02-JAN-2026,SGIL,517.80,503.80,0.0274,0.0253,0.0253,0.4834
02-JAN-2026,SGL,12.90,12.70,0.0156,0.0342,0.0342,0.6534
02-JAN-2026,SGLTL,149.85,149.85,0.0000,0.0225,0.0224,0.4280
02-JAN-2026,SGMART,386.30,382.95,0.0087,0.0229,0.0229,0.4375
02-JAN-2026,SHAH,5.01,5.00,0.0020,0.0349,0.0348,0.6649
02-JAN-2026,SHAHALLOYS,71.68,68.74,0.0419,0.0335,0.0335,0.6400
02-JAN-2026,SHAILY,2239.85,2226.25,0.0061,0.0305,0.0304,0.5808
02-JAN-2026,SHAKTIPUMP,742.50,739.30,0.0043,0.0315,0.0314,0.5999
02-JAN-2026,SHALBY,202.90,202.95,-0.0002,0.0232,0.0232,0.4432
02-JAN-2026,SHALPAINTS,75.37,64.55,0.1550,0.0261,0.0283,0.5407
02-JAN-2026,SHANKARA,106.35,106.50,-0.0014,0.0306,0.0305,0.5827
02-JAN-2026,SHANTI,8.86,9.02,-0.0179,0.0309,0.0309,0.5903
02-JAN-2026,SHANTIGEAR,468.90,465.25,0.0078,0.0216,0.0216,0.4127
02-JAN-2026,SHANTIGOLD,190.35,190.05,0.0016,0.0142,0.0142,0.2713
02-JAN-2026,SHARDACROP,855.20,868.80,-0.0158,0.0316,0.0315,0.6018
02-JAN-2026,SHARDAMOTR,964.10,941.45,0.0238,0.0272,0.0271,0.5177
02-JAN-2026,SHAREINDIA,164.65,164.40,0.0015,0.0287,0.0286,0.5464
02-JAN-2026,SHARIABEES,521.09,517.44,0.0070,0.0077,0.0077,0.1471
02-JAN-2026,SHEKHAWATI,18.67,18.90,-0.0122,0.0298,0.0298,0.5693
02-JAN-2026,SHEMAROO,109.20,107.60,0.0148,0.0290,0.0289,0.5521
02-JAN-2026,SHILCTECH,3838.10,3831.05,0.0018,0.0310,0.0310,0.5923
02-JAN-2026,SHILPAMED,319.80,315.85,0.0124,0.0259,0.0258,0.4929
02-JAN-2026,SHIVALIK,361.75,357.25,0.0125,0.0275,0.0274,0.5235
02-JAN-2026,SHIVAMAUTO,24.65,23.62,0.0427,0.0309,0.0310,0.5923
02-JAN-2026,SHIVAMILLS,61.37,60.91,0.0075,0.0250,0.0249,0.4757
02-JAN-2026,SHIVATEX,185.40,185.10,0.0016,0.0281,0.0281,0.5368
02-JAN-2026,SHIVAUM,298.00,298.00,0.0000,0.0108,0.0108,0.2063
02-JAN-2026,SHK,181.35,176.20,0.0288,0.0278,0.0278,0.5311
02-JAN-2026,SHOPERSTOP,389.30,381.90,0.0192,0.0207,0.0207,0.3955
02-JAN-2026,SHRADHA,37.34,38.25,-0.0241,0.0326,0.0326,0.6228
02-JAN-2026,SHREDIGCEM,91.02,90.94,0.0009,0.0189,0.0188,0.3592
02-JAN-2026,SHREECEM,27044.20,26835.10,0.0078,0.0127,0.0126,0.2407
02-JAN-2026,SHREEJISPG,370.00,377.05,-0.0189,0.0159,0.0159,0.3038
02-JAN-2026,SHREEPUSHK,378.50,377.10,0.0037,0.0343,0.0343,0.6553
02-JAN-2026,SHREERAMA,67.99,69.22,-0.0179,0.0321,0.0321,0.6133
02-JAN-2026,SHREMINVIT,102.00,102.00,0.0000,0.0119,0.0119,0.2273
02-JAN-2026,SHRENIK,0.44,0.45,-0.0225,0.0326,0.0326,0.6228
02-JAN-2026,SHREYANIND,173.90,175.40,-0.0086,0.0237,0.0237,0.4528
02-JAN-2026,SHRINGARMS,240.45,238.10,0.0098,0.0131,0.0131,0.2503
02-JAN-2026,SHRIPISTON,3297.35,3144.95,0.0473,0.0232,0.0234,0.4471
02-JAN-2026,SHRIRAMFIN,1010.25,1019.70,-0.0093,0.0206,0.0206,0.3936
02-JAN-2026,SHRIRAMPPS,84.19,83.88,0.0037,0.0258,0.0258,0.4929
02-JAN-2026,SHYAMCENT,6.23,6.23,0.0000,0.0338,0.0337,0.6438
02-JAN-2026,SHYAMMETL,850.30,841.85,0.0100,0.0194,0.0194,0.3706
02-JAN-2026,SHYAMTEL,12.25,12.29,-0.0033,0.0346,0.0345,0.6591
02-JAN-2026,SICALLOG,90.28,87.33,0.0332,0.0291,0.0292,0.5579
02-JAN-2026,SIEMENS,3097.70,3091.30,0.0021,0.0195,0.0194,0.3706
02-JAN-2026,SIGACHI,31.34,30.62,0.0232,0.0305,0.0305,0.5827
02-JAN-2026,SIGIND,55.97,54.53,0.0261,0.0305,0.0305,0.5827
02-JAN-2026,SIGMA,58.89,57.58,0.0225,0.0307,0.0306,0.5846
02-JAN-2026,SIGNATURE,1126.95,1128.65,-0.0015,0.0180,0.0179,0.3420
02-JAN-2026,SIGNPOST,223.70,220.35,0.0151,0.0309,0.0309,0.5903
02-JAN-2026,SIKKO,5.11,5.19,-0.0155,0.0374,0.0373,0.7126
02-JAN-2026,SIL,16.18,16.08,0.0062,0.0212,0.0212,0.4050
02-JAN-2026,SILGO,80.94,78.15,0.0351,0.0323,0.0323,0.6171
02-JAN-2026,SILINV,518.10,517.55,0.0011,0.0251,0.0250,0.4776
02-JAN-2026,SILLYMONKS,19.70,20.12,-0.0211,0.0366,0.0366,0.6992
02-JAN-2026,SILVER,230.98,223.75,0.0318,0.0197,0.0198,0.3783
02-JAN-2026,SILVER1,225.49,221.27,0.0189,0.0184,0.0184,0.3515
02-JAN-2026,SILVER360,227.05,218.81,0.0370,0.0166,0.0168,0.3210
02-JAN-2026,SILVERADD,224.19,218.02,0.0279,0.0186,0.0187,0.3573
02-JAN-2026,SILVERAG,223.71,218.09,0.0254,0.0189,0.0189,0.3611
02-JAN-2026,SILVERBEES,221.87,214.95,0.0317,0.0193,0.0194,0.3706
02-JAN-2026,SILVERBETA,224.66,217.24,0.0336,0.0190,0.0191,0.3649
02-JAN-2026,SILVERBND,239.93,225.87,0.0604,0.0130,0.0136,0.2598
02-JAN-2026,SILVERCASE,23.52,22.81,0.0307,0.0176,0.0176,0.3362
02-JAN-2026,SILVERIETF,231.68,224.94,0.0295,0.0180,0.0180,0.3439
02-JAN-2026,SILVERTUC,1248.70,1104.25,0.1229,0.0226,0.0241,0.4604
02-JAN-2026,SIMBHALS,11.63,11.24,0.0341,0.0276,0.0276,0.5273
02-JAN-2026,SIMPLEXINF,251.50,247.45,0.0162,0.0285,0.0285,0.5445
02-JAN-2026,SINCLAIR,82.95,83.50,-0.0066,0.0275,0.0274,0.5235
02-JAN-2026,SINDHUTRAD,20.11,19.94,0.0085,0.0363,0.0362,0.6916
02-JAN-2026,SINTERCOM,99.87,99.84,0.0003,0.0253,0.0252,0.4814
02-JAN-2026,SIRCA,503.65,483.20,0.0415,0.0205,0.0206,0.3936
02-JAN-2026,SIS,339.30,331.40,0.0236,0.0163,0.0163,0.3114
02-JAN-2026,SITAL,74.45,74.45,0.0000,0.0008,0.0008,0.0153
02-JAN-2026,SITINET,0.36,0.36,0.0000,0.0359,0.0358,0.6840
02-JAN-2026,SIYSIL,637.95,631.60,0.0100,0.0275,0.0274,0.5235
02-JAN-2026,SJS,1840.20,1779.80,0.0334,0.0247,0.0247,0.4719
02-JAN-2026,SJVN,83.04,74.74,0.1053,0.0229,0.0240,0.4585
02-JAN-2026,SKFINDIA,1857.35,1856.30,0.0006,0.0071,0.0071,0.1356
02-JAN-2026,SKFINDUS,2591.55,2599.95,-0.0032,0.0053,0.0053,0.1013
02-JAN-2026,SKIPPER,452.85,430.55,0.0505,0.0289,0.0291,0.5560
02-JAN-2026,SKJPL,10.00,10.00,0.0000,0.0000,0.0000,0.0000
02-JAN-2026,SKMEGGPROD,408.55,404.15,0.0108,0.0284,0.0283,0.5407
02-JAN-2026,SKYGOLD,332.65,333.40,-0.0023,0.0302,0.0302,0.5770
02-JAN-2026,SMALL250,16.79,16.67,0.0072,0.0034,0.0034,0.0650
02-JAN-2026,SMALLADD,16.81,16.68,0.0078,0.0015,0.0016,0.0306
02-JAN-2026,SMALLCAP,44.17,43.97,0.0045,0.0109,0.0108,0.2063
02-JAN-2026,SMARTLINK,131.45,130.80,0.0050,0.0258,0.0257,0.4910
02-JAN-2026,SMARTWORKS,507.80,505.50,0.0045,0.0136,0.0136,0.2598
02-JAN-2026,SMCGLOBAL,92.05,91.09,0.0105,0.0268,0.0268,0.5120
02-JAN-2026,SML100CASE,10.08,9.98,0.0100,0.0043,0.0043,0.0822
02-JAN-2026,SMLMAH,4085.95,4091.80,-0.0014,0.0333,0.0333,0.6362
02-JAN-2026,SMLT,86.47,84.77,0.0199,0.0295,0.0295,0.5636
02-JAN-2026,SMMIL,2.25,2.25,0.0000,0.0000,0.0000,0.0000
02-JAN-2026,SMSPHARMA,326.20,313.45,0.0399,0.0300,0.0301,0.5751
02-JAN-2026,SNOWMAN,40.98,40.09,0.0220,0.0240,0.0240,0.4585
02-JAN-2026,SNXT30BEES,41.24,40.92,0.0078,0.0048,0.0048,0.0917
02-JAN-2026,SNXT50BETA,94.06,94.39,-0.0035,0.0107,0.0107,0.2044
02-JAN-2026,SOBHA,1490.65,1462.75,0.0189,0.0237,0.0237,0.4528
02-JAN-2026,SOFTTECH,312.55,314.40,-0.0059,0.0282,0.0281,0.5368
02-JAN-2026,SOLARA,582.05,563.10,0.0331,0.0297,0.0297,0.5674
02-JAN-2026,SOLARINDS,12335.95,12166.20,0.0139,0.0205,0.0204,0.3897
02-JAN-2026,SOLARWORLD,280.00,273.40,0.0239,0.0151,0.0151,0.2885
02-JAN-2026,SOLEX,1323.60,1349.40,-0.0193,0.0169,0.0169,0.3229
02-JAN-2026,SOMANYCERA,403.85,394.40,0.0237,0.0212,0.0212,0.4050
02-JAN-2026,SOMATEX,140.20,143.05,-0.0201,0.0397,0.0396,0.7566
02-JAN-2026,SOMICONVEY,126.60,126.20,0.0032,0.0351,0.0350,0.6687
02-JAN-2026,SONACOMS,486.35,474.30,0.0251,0.0200,0.0201,0.3840
02-JAN-2026,SONAMLTD,41.99,42.04,-0.0012,0.0314,0.0313,0.5980
02-JAN-2026,SONATSOFTW,365.10,362.90,0.0060,0.0261,0.0261,0.4986
02-JAN-2026,SOTL,382.05,381.80,0.0007,0.0210,0.0209,0.3993
02-JAN-2026,SOUTHBANK,38.60,37.93,0.0175,0.0233,0.0233,0.4451
02-JAN-2026,SOUTHWEST,194.80,193.05,0.0090,0.0325,0.0324,0.6190
02-JAN-2026,SPAL,709.60,704.60,0.0071,0.0294,0.0293,0.5598
02-JAN-2026,SPANDANA,266.20,267.35,-0.0043,0.0291,0.0290,0.5540
02-JAN-2026,SPANGLE,10.00,10.00,0.0000,0.0000,0.0000,0.0000
02-JAN-2026,SPARC,135.70,135.05,0.0048,0.0305,0.0305,0.5827
02-JAN-2026,SPCENET,6.79,6.79,0.0000,0.0361,0.0360,0.6878
02-JAN-2026,SPECIALITY,109.05,109.60,-0.0050,0.0246,0.0245,0.4681
02-JAN-2026,SPECTRUM,1218.80,1224.50,-0.0047,0.0218,0.0218,0.4165
02-JAN-2026,SPENCERS,41.67,41.37,0.0072,0.0255,0.0254,0.4853
02-JAN-2026,SPIC,84.01,83.25,0.0091,0.0265,0.0264,0.5044
02-JAN-2026,SPLIL,34.19,33.38,0.0240,0.0253,0.0253,0.4834
02-JAN-2026,SPLPETRO,646.90,643.00,0.0060,0.0218,0.0218,0.4165
02-JAN-2026,SPMLINFRA,187.40,190.30,-0.0154,0.0317,0.0316,0.6037
02-JAN-2026,SPORTKING,87.06,87.38,-0.0037,0.0284,0.0283,0.5407
02-JAN-2026,SRD,67.18,64.53,0.0402,0.0246,0.0247,0.4719
02-JAN-2026,SREEL,220.40,218.10,0.0105,0.0187,0.0186,0.3554
02-JAN-2026,SRF,3059.30,3057.30,0.0007,0.0159,0.0159,0.3038
02-JAN-2026,SRGHFL,286.60,290.95,-0.0151,0.0237,0.0237,0.4528
02-JAN-2026,SRHHYPOLTD,517.60,517.05,0.0011,0.0270,0.0269,0.5139
02-JAN-2026,SRM,533.40,533.70,-0.0006,0.0298,0.0297,0.5674
02-JAN-2026,SRPL,0.66,0.67,-0.0150,0.0293,0.0293,0.5598
02-JAN-2026,SSDL,78.17,78.02,0.0019,0.0177,0.0177,0.3382
02-JAN-2026,SSWL,210.90,209.90,0.0048,0.0211,0.0210,0.4012
02-JAN-2026,STALLION,257.85,247.00,0.0430,0.0404,0.0404,0.7718
02-JAN-2026,STANLEY,191.95,194.80,-0.0147,0.0196,0.0196,0.3745
02-JAN-2026,STAR,900.75,911.40,-0.0118,0.0275,0.0274,0.5235
02-JAN-2026,STARCEMENT,222.50,222.15,0.0016,0.0203,0.0203,0.3878
02-JAN-2026,STARHEALTH,459.75,464.70,-0.0107,0.0164,0.0164,0.3133
02-JAN-2026,STARPAPER,165.30,167.50,-0.0132,0.0173,0.0173,0.3305
02-JAN-2026,STARTECK,291.10,294.80,-0.0126,0.0248,0.0248,0.4738
02-JAN-2026,STCINDIA,128.15,125.10,0.0241,0.0317,0.0317,0.6056
02-JAN-2026,STCL,9.25,9.25,0.0000,0.0000,0.0000,0.0000
02-JAN-2026,STEADFAST,14.90,14.90,0.0000,0.0000,0.0000,0.0000
02-JAN-2026,STEELCAS,210.30,210.65,-0.0017,0.0266,0.0265,0.5063
02-JAN-2026,STEELCITY,92.15,92.12,0.0003,0.0225,0.0224,0.4280
02-JAN-2026,STEELXIND,9.37,9.51,-0.0148,0.0267,0.0267,0.5101
02-JAN-2026,STEL,493.35,494.35,-0.0020,0.0277,0.0277,0.5292
02-JAN-2026,STERTOOLS,280.15,275.35,0.0173,0.0275,0.0274,0.5235
02-JAN-2026,STLNETWORK,22.74,22.43,0.0137,0.0188,0.0187,0.3573
02-JAN-2026,STLTECH,103.65,102.50,0.0112,0.0320,0.0319,0.6094
02-JAN-2026,STOVEKRAFT,592.90,578.40,0.0248,0.0269,0.0269,0.5139
02-JAN-2026,STUDDS,542.20,532.10,0.0188,0.0064,0.0065,0.1242
02-JAN-2026,STYL,282.45,278.20,0.0152,0.0114,0.0114,0.2178
02-JAN-2026,STYLAMIND,2207.65,2249.60,-0.0188,0.0257,0.0257,0.4910
02-JAN-2026,STYLEBAAZA,285.70,270.40,0.0550,0.0281,0.0283,0.5407
02-JAN-2026,STYRENIX,2035.40,2027.95,0.0037,0.0203,0.0202,0.3859
02-JAN-2026,SUBEXLTD,11.72,11.70,0.0017,0.0283,0.0282,0.5388
02-JAN-2026,SUBROS,902.65,861.90,0.0462,0.0299,0.0300,0.5731
02-JAN-2026,SUDARSCHEM,960.05,942.40,0.0186,0.0233,0.0233,0.4451
02-JAN-2026,SUDEEPPHRM,596.80,598.55,-0.0029,0.0095,0.0095,0.1815
02-JAN-2026,SUKHJITS,185.15,185.50,-0.0019,0.0215,0.0214,0.4088
02-JAN-2026,SULA,218.20,218.60,-0.0018,0.0185,0.0184,0.3515
02-JAN-2026,SUMEETINDS,29.80,29.77,0.0010,0.0271,0.0271,0.5177
02-JAN-2026,SUMICHEM,468.70,469.50,-0.0017,0.0200,0.0200,0.3821
02-JAN-2026,SUMIT,65.32,64.15,0.0181,0.0309,0.0308,0.5884
02-JAN-2026,SUMMITSEC,1929.05,1937.30,-0.0043,0.0270,0.0269,0.5139
02-JAN-2026,SUNAYANA,34.00,34.00,0.0000,0.0000,0.0000,0.0000
02-JAN-2026,SUNCLAY,1255.80,1215.85,0.0323,0.0241,0.0242,0.4623
02-JAN-2026,SUNDARAM,1.80,1.76,0.0225,0.0247,0.0247,0.4719
02-JAN-2026,SUNDARMFIN,5293.05,5321.50,-0.0054,0.0214,0.0213,0.4069
02-JAN-2026,SUNDRMBRAK,693.80,691.40,0.0035,0.0282,0.0281,0.5368
02-JAN-2026,SUNDRMFAST,941.85,946.15,-0.0046,0.0152,0.0152,0.2904
02-JAN-2026,SUNDROP,725.20,723.95,0.0017,0.0219,0.0219,0.4184
02-JAN-2026,SUNFLAG,273.45,272.10,0.0049,0.0258,0.0258,0.4929
02-JAN-2026,SUNPHARMA,1728.10,1721.00,0.0041,0.0117,0.0117,0.2235
02-JAN-2026,SUNTECK,431.40,429.80,0.0037,0.0235,0.0235,0.4490
02-JAN-2026,SUNTV,582.85,587.10,-0.0073,0.0182,0.0181,0.3458
02-JAN-2026,SUPERHOUSE,146.60,145.10,0.0103,0.0240,0.0239,0.4566
02-JAN-2026,SUPERSPIN,8.08,8.09,-0.0012,0.0279,0.0278,0.5311
02-JAN-2026,SUPRAJIT,473.60,470.70,0.0061,0.0203,0.0202,0.3859
02-JAN-2026,SUPREME,71.81,72.33,-0.0072,0.0299,0.0299,0.5712
02-JAN-2026,SUPREMEENG,1.34,1.28,0.0458,0.0312,0.0313,0.5980
02-JAN-2026,SUPREMEIND,3534.15,3484.45,0.0142,0.0206,0.0206,0.3936
02-JAN-2026,SUPREMEINF,86.94,87.85,-0.0104,0.0334,0.0334,0.6381
02-JAN-2026,SUPRIYA,750.55,740.85,0.0130,0.0263,0.0263,0.5025
02-JAN-2026,SURAJEST,261.45,260.50,0.0036,0.0288,0.0288,0.5502
02-JAN-2026,SURAJLTD,243.75,247.00,-0.0132,0.0237,0.0236,0.4509
02-JAN-2026,SURAKSHA,276.60,273.15,0.0126,0.0168,0.0168,0.3210
02-JAN-2026,SURANASOL,27.89,26.57,0.0485,0.0259,0.0260,0.4967
02-JAN-2026,SURANAT&P,19.76,20.02,-0.0131,0.0316,0.0315,0.6018
02-JAN-2026,SURYALAXMI,58.44,59.45,-0.0171,0.0258,0.0258,0.4929
02-JAN-2026,SURYAROSNI,278.30,275.70,0.0094,0.0268,0.0267,0.5101
02-JAN-2026,SURYODAY,143.95,141.65,0.0161,0.0260,0.0259,0.4948
02-JAN-2026,SUTLEJTEX,31.70,32.04,-0.0107,0.0263,0.0262,0.5006
02-JAN-2026,SUVEN,164.80,164.70,0.0006,0.0317,0.0316,0.6037
02-JAN-2026,SUVIDHAA,3.67,3.64,0.0082,0.0307,0.0307,0.5865
02-JAN-2026,SUYOG,616.85,613.70,0.0051,0.0281,0.0280,0.5349
02-JAN-2026,SUZLON,54.28,52.47,0.0339,0.0243,0.0244,0.4662
02-JAN-2026,SVLL,699.70,700.60,-0.0013,0.0256,0.0255,0.4872
02-JAN-2026,SVPGLOB,3.95,3.77,0.0466,0.0350,0.0350,0.6687
02-JAN-2026,SWANCORP,462.85,465.95,-0.0067,0.0290,0.0289,0.5521
02-JAN-2026,SWANDEF,1558.90,1502.20,0.0370,0.0244,0.0245,0.4681
02-JAN-2026,SWARAJENG,3690.80,3727.95,-0.0100,0.0217,0.0217,0.4146
02-JAN-2026,SWELECTES,617.45,618.00,-0.0009,0.0343,0.0342,0.6534
02-JAN-2026,SWIGGY,387.20,390.70,-0.0090,0.0231,0.0231,0.4413
02-JAN-2026,SWSOLAR,218.25,215.00,0.0150,0.0279,0.0279,0.5330
02-JAN-2026,SYMPHONY,916.00,916.55,-0.0006,0.0190,0.0190,0.3630
02-JAN-2026,SYNCOMF,14.46,14.08,0.0266,0.0255,0.0256,0.4891
02-JAN-2026,SYNGENE,658.40,650.15,0.0126,0.0166,0.0166,0.3171
02-JAN-2026,SYRMA,741.90,719.40,0.0308,0.0285,0.0285,0.5445
02-JAN-2026,SYSTMTXC,141.85,141.60,0.0018,0.0320,0.0319,0.6094
02-JAN-2026,TAINWALCHM,193.35,195.75,-0.0123,0.0350,0.0349,0.6668
02-JAN-2026,TAJGVK,420.65,425.05,-0.0104,0.0266,0.0266,0.5082
02-JAN-2026,TAKE,40.51,40.34,0.0042,0.0316,0.0315,0.6018
02-JAN-2026,TALBROAUTO,276.30,274.85,0.0053,0.0268,0.0267,0.5101
02-JAN-2026,TANLA,530.50,521.25,0.0176,0.0261,0.0261,0.4986
02-JAN-2026,TARACHAND,79.61,79.92,-0.0039,0.0295,0.0294,0.5617
02-JAN-2026,TARANGINI,1.00,1.00,0.0000,0.0000,0.0000,0.0000
02-JAN-2026,TARAPUR,29.74,29.62,0.0040,0.0334,0.0333,0.6362
02-JAN-2026,TARC,176.30,172.90,0.0195,0.0287,0.0287,0.5483
02-JAN-2026,TARIL,336.40,307.90,0.0885,0.0376,0.0381,0.7279
02-JAN-2026,TARINIENT,33.50,33.50,0.0000,0.1424,0.1421,2.7148
02-JAN-2026,TARMAT,51.12,51.52,-0.0078,0.0275,0.0274,0.5235
02-JAN-2026,TARSONS,235.25,234.80,0.0019,0.0248,0.0247,0.4719
02-JAN-2026,TASTYBITE,7893.35,7857.80,0.0045,0.0196,0.0196,0.3745
02-JAN-2026,TATACAP,359.10,340.45,0.0533,0.0058,0.0069,0.1318
02-JAN-2026,TATACHEM,755.25,751.15,0.0054,0.0164,0.0163,0.3114
02-JAN-2026,TATACOMM,1790.25,1811.50,-0.0118,0.0178,0.0178,0.3401
02-JAN-2026,TATACONSUM,1170.70,1176.90,-0.0053,0.0134,0.0134,0.2560
02-JAN-2026,TATAELXSI,5337.50,5211.50,0.0239,0.0182,0.0182,0.3477
02-JAN-2026,TATAGOLD,13.11,12.96,0.0115,0.0113,0.0113,0.2159
02-JAN-2026,TATAINVEST,703.60,696.65,0.0099,0.0275,0.0274,0.5235
02-JAN-2026,TATAPOWER,393.10,381.85,0.0290,0.0157,0.0158,0.3019
02-JAN-2026,TATASTEEL,182.90,181.90,0.0055,0.0169,0.0168,0.3210
02-JAN-2026,TATATECH,655.95,644.25,0.0180,0.0150,0.0150,0.2866
02-JAN-2026,TATSILV,22.57,21.84,0.0329,0.0196,0.0196,0.3745
02-JAN-2026,TATVA,1388.80,1324.80,0.0472,0.0289,0.0291,0.5560
02-JAN-2026,TBOTEK,1638.15,1623.65,0.0089,0.0239,0.0238,0.4547
02-JAN-2026,TBZ,167.30,164.85,0.0148,0.0278,0.0278,0.5311
02-JAN-2026,TCI,1082.05,1084.30,-0.0021,0.0174,0.0174,0.3324
02-JAN-2026,TCIEXP,590.85,586.80,0.0069,0.0188,0.0187,0.3573
02-JAN-2026,TCIFINANCE,30.15,28.72,0.0486,0.0360,0.0361,0.6897
02-JAN-2026,TCPLPACK,3006.00,3041.40,-0.0117,0.0234,0.0233,0.4451
02-JAN-2026,TCS,3250.70,3227.25,0.0072,0.0122,0.0121,0.2312
02-JAN-2026,TDPOWERSYS,684.75,673.75,0.0162,0.0294,0.0293,0.5598
02-JAN-2026,TEAMGTY,293.65,292.50,0.0039,0.0381,0.0380,0.7260
02-JAN-2026,TEAMLEASE,1575.20,1565.35,0.0063,0.0175,0.0174,0.3324
02-JAN-2026,TECH,41.26,41.02,0.0058,0.0119,0.0119,0.2273
02-JAN-2026,TECHM,1612.00,1607.70,0.0027,0.0148,0.0147,0.2808
02-JAN-2026,TECHNOE,1111.25,1064.40,0.0431,0.0272,0.0273,0.5216
02-JAN-2026,TECILCHEM,18.73,20.00,-0.0656,0.0900,0.0899,1.7175
02-JAN-2026,TEGA,1950.05,1949.85,0.0001,0.0217,0.0216,0.4127
02-JAN-2026,TEJASNET,453.25,452.10,0.0025,0.0275,0.0274,0.5235
02-JAN-2026,TEMBO,607.75,578.85,0.0487,0.0316,0.0317,0.6056
02-JAN-2026,TENNIND,543.95,505.00,0.0743,0.0088,0.0102,0.1949
02-JAN-2026,TERASOFT,418.85,399.05,0.0484,0.0344,0.0345,0.6591
02-JAN-2026,TEXINFRA,99.80,99.85,-0.0005,0.0254,0.0253,0.4834
02-JAN-2026,TEXMOPIPES,49.15,48.86,0.0059,0.0242,0.0241,0.4604
02-JAN-2026,TEXRAIL,138.20,136.65,0.0113,0.0278,0.0277,0.5292
02-JAN-2026,TFCILTD,55.16,69.05,-0.2246,0.0278,0.0320,0.6114
02-JAN-2026,TFL,16.10,15.38,0.0458,0.0369,0.0369,0.7050
02-JAN-2026,TGBHOTELS,9.59,9.75,-0.0165,0.0278,0.0277,0.5292
02-JAN-2026,THANGAMAYL,3229.50,3258.90,-0.0091,0.0311,0.0310,0.5923
02-JAN-2026,THEINVEST,116.95,117.00,-0.0004,0.0258,0.0257,0.4910
02-JAN-2026,THEJO,1703.00,1729.50,-0.0154,0.0247,0.0246,0.4700
02-JAN-2026,THELEELA,445.15,434.65,0.0239,0.0135,0.0136,0.2598
02-JAN-2026,THEMISMED,102.50,99.85,0.0262,0.0338,0.0337,0.6438
02-JAN-2026,THERMAX,3025.90,3063.35,-0.0123,0.0213,0.0212,0.4050
02-JAN-2026,THOMASCOOK,145.00,148.55,-0.0242,0.0278,0.0278,0.5311
02-JAN-2026,THOMASCOTT,358.60,351.25,0.0207,0.0331,0.0330,0.6305
02-JAN-2026,THYROCARE,459.20,446.75,0.0275,0.0257,0.0257,0.4910
02-JAN-2026,TI,459.00,454.80,0.0092,0.0300,0.0300,0.5731
02-JAN-2026,TICL,24.41,24.28,0.0053,0.0353,0.0352,0.6725
02-JAN-2026,TIGERLOGS,36.55,36.38,0.0047,0.0321,0.0321,0.6133
02-JAN-2026,TIIL,2282.45,2254.20,0.0125,0.0262,0.0262,0.5006
02-JAN-2026,TIINDIA,2597.70,2622.95,-0.0097,0.0208,0.0207,0.3955
02-JAN-2026,TIJARIA,4.31,4.36,-0.0115,0.0320,0.0320,0.6114
02-JAN-2026,TIL,272.40,271.40,0.0037,0.0285,0.0284,0.5426
02-JAN-2026,TIMETECHNO,196.50,188.40,0.0421,0.0273,0.0274,0.5235
02-JAN-2026,TIMKEN,3052.15,3041.05,0.0036,0.0190,0.0189,0.3611
02-JAN-2026,TINNARUBR,784.05,779.35,0.0060,0.0277,0.0276,0.5273
02-JAN-2026,TIPSFILMS,431.35,428.30,0.0071,0.0338,0.0337,0.6438
02-JAN-2026,TIPSMUSIC,551.65,544.65,0.0128,0.0229,0.0229,0.4375
02-JAN-2026,TIRUMALCHM,235.35,233.80,0.0066,0.0247,0.0247,0.4719
02-JAN-2026,TIRUPATIFL,36.27,34.66,0.0454,0.0331,0.0331,0.6324
02-JAN-2026,TITAGARH,890.40,881.75,0.0098,0.0265,0.0264,0.5044
02-JAN-2026,TITAN,4051.70,4049.30,0.0006,0.0128,0.0128,0.2445
02-JAN-2026,TMB,527.80,518.40,0.0180,0.0132,0.0132,0.2522
02-JAN-2026,TMCV,442.25,427.45,0.0340,0.0088,0.0091,0.1739
02-JAN-2026,TMPV,370.35,367.55,0.0076,0.0175,0.0174,0.3324
02-JAN-2026,TNIDETF,99.13,98.87,0.0026,0.0104,0.0104,0.1987
02-JAN-2026,TNPETRO,105.70,105.15,0.0052,0.0238,0.0238,0.4547
02-JAN-2026,TNPL,146.05,142.75,0.0229,0.0219,0.0219,0.4184
02-JAN-2026,TNTELE,10.08,10.10,-0.0020,0.0371,0.0370,0.7069
02-JAN-2026,TOKYOPLAST,111.90,111.00,0.0081,0.0242,0.0242,0.4623
02-JAN-2026,TOLINS,139.10,133.75,0.0392,0.0269,0.0270,0.5158
02-JAN-2026,TOP100CASE,11.23,11.16,0.0063,0.0066,0.0066,0.1261
02-JAN-2026,TOP10ADD,101.46,101.29,0.0017,0.0078,0.0077,0.1471
02-JAN-2026,TOP15IETF,11.10,11.03,0.0063,0.0034,0.0034,0.0650
02-JAN-2026,TOP20,9.71,9.66,0.0052,0.0011,0.0012,0.0229
02-JAN-2026,TORNTPHARM,3885.30,3848.40,0.0095,0.0130,0.0130,0.2484
02-JAN-2026,TORNTPOWER,1399.30,1327.05,0.0530,0.0206,0.0209,0.3993
02-JAN-2026,TOTAL,76.74,77.46,-0.0093,0.0289,0.0288,0.5502
02-JAN-2026,TOUCHWOOD,105.74,105.98,-0.0023,0.0313,0.0313,0.5980
02-JAN-2026,TPHQ,0.64,0.61,0.0480,0.0365,0.0366,0.6992
02-JAN-2026,TPLPLASTEH,66.01,66.27,-0.0039,0.0260,0.0260,0.4967
02-JAN-2026,TRACXN,40.53,39.95,0.0144,0.0231,0.0231,0.4413
02-JAN-2026,TRANSGLOB,735.00,735.00,0.0000,0.0006,0.0006,0.0115
02-JAN-2026,TRANSRAILL,572.20,557.35,0.0263,0.0248,0.0248,0.4738
02-JAN-2026,TRANSWORLD,199.15,198.55,0.0030,0.0297,0.0296,0.5655
02-JAN-2026,TRAVELFOOD,1179.60,1158.85,0.0177,0.0126,0.0127,0.2426
02-JAN-2026,TREEHOUSE,8.15,7.96,0.0236,0.0274,0.0274,0.5235
02-JAN-2026,TREJHARA,233.60,227.45,0.0267,0.0316,0.0315,0.6018
02-JAN-2026,TREL,28.39,28.33,0.0021,0.0226,0.0225,0.4299
02-JAN-2026,TRENT,4409.55,4297.40,0.0258,0.0219,0.0219,0.4184
02-JAN-2026,TRF,305.50,300.25,0.0173,0.0293,0.0293,0.5598
02-JAN-2026,TRIDENT,27.03,26.83,0.0074,0.0193,0.0193,0.3687
02-JAN-2026,TRIGYN,67.34,66.81,0.0079,0.0272,0.0271,0.5177
02-JAN-2026,TRITURBINE,540.75,537.30,0.0064,0.0255,0.0254,0.4853
02-JAN-2026,TRIVENI,381.20,381.85,-0.0017,0.0226,0.0226,0.4318
02-JAN-2026,TRU,8.38,8.01,0.0452,0.0333,0.0334,0.6381
02-JAN-2026,TRUALT,411.15,400.25,0.0269,0.0149,0.0150,0.2866
02-JAN-2026,TSFINV,458.90,449.00,0.0218,0.0294,0.0294,0.5617
02-JAN-2026,TTKHLTCARE,1028.60,1026.80,0.0018,0.0176,0.0175,0.3343
02-JAN-2026,TTKPRESTIG,614.35,615.05,-0.0011,0.0160,0.0160,0.3057
02-JAN-2026,TTL,8.42,8.43,-0.0012,0.0264,0.0263,0.5025
02-JAN-2026,TTML,49.79,49.56,0.0046,0.0291,0.0290,0.5540
02-JAN-2026,TVSELECT,449.00,440.90,0.0182,0.0359,0.0358,0.6840
02-JAN-2026,TVSHLTD,14625.05,13921.20,0.0493,0.0222,0.0224,0.4280
02-JAN-2026,TVSINVIT,110.50,110.50,0.0000,0.0041,0.0041,0.0783
02-JAN-2026,TVSMOTOR,3848.35,3794.30,0.0141,0.0155,0.0155,0.2961
02-JAN-2026,TVSSCS,114.25,114.20,0.0004,0.0215,0.0214,0.4088
02-JAN-2026,TVSSRICHAK,4342.80,4336.95,0.0013,0.0229,0.0228,0.4356
02-JAN-2026,TVTODAY,140.55,141.40,-0.0060,0.0180,0.0179,0.3420
02-JAN-2026,TVVISION,7.87,8.27,-0.0496,0.0388,0.0389,0.7432
02-JAN-2026,TWCGOLDETF,131.56,132.08,-0.0039,0.0000,0.0003,0.0057
02-JAN-2026,UBL,1596.40,1608.10,-0.0073,0.0129,0.0129,0.2465
02-JAN-2026,UCAL,110.90,108.95,0.0177,0.0228,0.0228,0.4356
02-JAN-2026,UCOBANK,30.51,29.53,0.0326,0.0226,0.0226,0.4318
02-JAN-2026,UDDHAV,10.00,10.00,0.0000,0.0000,0.0000,0.0000
02-JAN-2026,UDS,191.30,193.50,-0.0114,0.0246,0.0246,0.4700
02-JAN-2026,UFBL,216.10,216.90,-0.0037,0.0237,0.0237,0.4528
02-JAN-2026,UFLEX,498.65,498.55,0.0002,0.0191,0.0190,0.3630
02-JAN-2026,UFO,81.77,83.41,-0.0199,0.0271,0.0271,0.5177
02-JAN-2026,UGARSUGAR,41.72,41.92,-0.0048,0.0237,0.0236,0.4509
02-JAN-2026,UGROCAP,176.55,182.40,-0.0326,0.0216,0.0217,0.4146
02-JAN-2026,UJJIVANSFB,55.71,53.40,0.0423,0.0215,0.0216,0.4127
02-JAN-2026,ULL,10.00,10.00,0.0000,0.0000,0.0000,0.0000
02-JAN-2026,ULTRACEMCO,11898.95,11900.05,-0.0001,0.0124,0.0124,0.2369
02-JAN-2026,UMAEXPORTS,39.62,39.11,0.0130,0.0300,0.0300,0.5731
02-JAN-2026,UMESLTD,4.98,4.96,0.0040,0.0274,0.0273,0.5216
02-JAN-2026,UMIYA-MRO,87.62,87.59,0.0003,0.0328,0.0328,0.6266
02-JAN-2026,UNICHEMLAB,441.90,439.90,0.0045,0.0227,0.0227,0.4337
02-JAN-2026,UNIDT,201.50,200.75,0.0037,0.0241,0.0240,0.4585
02-JAN-2026,UNIECOM,121.05,118.95,0.0175,0.0240,0.0240,0.4585
02-JAN-2026,UNIENTER,145.55,149.95,-0.0298,0.0209,0.0210,0.4012
02-JAN-2026,UNIINFO,16.24,15.80,0.0275,0.0328,0.0328,0.6266
02-JAN-2026,UNIMECH,910.95,913.35,-0.0026,0.0217,0.0217,0.4146
02-JAN-2026,UNIONBANK,156.70,153.60,0.0200,0.0207,0.0207,0.3955
02-JAN-2026,UNIONGOLD,132.37,131.04,0.0101,0.0124,0.0124,0.2369
02-JAN-2026,UNIPARTS,497.05,481.45,0.0319,0.0217,0.0218,0.4165
02-JAN-2026,UNITDSPR,1381.60,1404.20,-0.0162,0.0142,0.0142,0.2713
02-JAN-2026,UNITECH,5.95,6.05,-0.0167,0.0297,0.0297,0.5674
02-JAN-2026,UNITEDPOLY,27.88,26.56,0.0485,0.0331,0.0332,0.6343
02-JAN-2026,UNITEDTEA,458.10,460.50,-0.0052,0.0218,0.0217,0.4146
02-JAN-2026,UNIVASTU,69.10,68.68,0.0061,0.0287,0.0287,0.5483
02-JAN-2026,UNIVCABLES,956.90,957.95,-0.0011,0.0293,0.0293,0.5598
02-JAN-2026,UNIVPHOTO,224.20,221.95,0.0101,0.0299,0.0299,0.5712
02-JAN-2026,UNOMINDA,1321.20,1286.75,0.0264,0.0209,0.0209,0.3993
02-JAN-2026,UPL,804.65,805.35,-0.0009,0.0164,0.0164,0.3133
02-JAN-2026,URAVIDEF,189.00,180.95,0.0435,0.0288,0.0289,0.5521
02-JAN-2026,URBANCO,132.70,131.35,0.0102,0.0158,0.0158,0.3019
02-JAN-2026,URJA,11.37,11.25,0.0106,0.0239,0.0238,0.4547
02-JAN-2026,USHAMART,451.30,443.90,0.0165,0.0241,0.0241,0.4604
02-JAN-2026,USK,23.82,23.40,0.0178,0.0296,0.0296,0.5655
02-JAN-2026,UTIAMC,1127.75,1115.30,0.0111,0.0201,0.0201,0.3840
02-JAN-2026,UTKARSHBNK,15.34,14.74,0.0399,0.0267,0.0267,0.5101
02-JAN-2026,UTLSOLAR,224.70,223.40,0.0058,0.0091,0.0091,0.1739
02-JAN-2026,UTSAV,590.10,590.10,0.0000,0.0010,0.0010,0.0191
02-JAN-2026,UTTAMSUGAR,253.20,251.25,0.0077,0.0248,0.0248,0.4738
02-JAN-2026,UYFINCORP,14.03,14.07,-0.0028,0.0326,0.0325,0.6209
02-JAN-2026,V2RETAIL,2438.40,2449.75,-0.0046,0.0281,0.0281,0.5368
02-JAN-2026,VADILALIND,4861.85,4916.05,-0.0111,0.0269,0.0269,0.5139
02-JAN-2026,VAIBHAVGBL,237.85,239.85,-0.0084,0.0249,0.0248,0.4738
02-JAN-2026,VAISHALI,8.74,8.54,0.0231,0.0294,0.0294,0.5617
02-JAN-2026,VAKRANGEE,7.99,7.95,0.0050,0.0296,0.0295,0.5636
02-JAN-2026,VAL30IETF,15.30,15.04,0.0171,0.0093,0.0094,0.1796
02-JAN-2026,VALIANTLAB,69.40,68.78,0.0090,0.0258,0.0257,0.4910
02-JAN-2026,VALIANTORG,278.05,271.20,0.0249,0.0275,0.0275,0.5254
02-JAN-2026,VARDHACRLC,38.98,39.62,-0.0163,0.0231,0.0230,0.4394
02-JAN-2026,VARDMNPOLY,6.23,6.26,-0.0048,0.0320,0.0319,0.6094
02-JAN-2026,VARROC,610.80,607.35,0.0057,0.0227,0.0227,0.4337
02-JAN-2026,VASCONEQ,46.65,45.35,0.0283,0.0326,0.0326,0.6228
02-JAN-2026,VASWANI,60.06,60.23,-0.0028,0.0381,0.0380,0.7260
02-JAN-2026,VBL,493.80,491.75,0.0042,0.0195,0.0195,0.3725
02-JAN-2026,VCL,2.24,2.15,0.0410,0.0341,0.0342,0.6534
02-JAN-2026,VEDL,616.95,602.60,0.0235,0.0189,0.0189,0.3611
02-JAN-2026,VEEDOL,1642.25,1630.35,0.0073,0.0188,0.0188,0.3592
02-JAN-2026,VENKEYS,1605.95,1574.25,0.0199,0.0201,0.0201,0.3840
02-JAN-2026,VENTIVE,748.05,744.50,0.0048,0.0192,0.0192,0.3668
02-JAN-2026,VENUSPIPES,1206.85,1161.25,0.0385,0.0241,0.0242,0.4623
02-JAN-2026,VENUSREM,779.65,760.00,0.0255,0.0311,0.0310,0.5923
02-JAN-2026,VERANDA,217.45,202.50,0.0712,0.0330,0.0333,0.6362
02-JAN-2026,VERTIS,108.11,108.11,0.0000,0.0049,0.0049,0.0936
02-JAN-2026,VERTOZ,69.80,70.39,-0.0084,0.0283,0.0282,0.5388
02-JAN-2026,VESUVIUS,481.40,482.30,-0.0019,0.0212,0.0211,0.4031
02-JAN-2026,VETO,114.35,112.30,0.0181,0.0263,0.0263,0.5025
02-JAN-2026,VGL,152.35,142.90,0.0640,0.0277,0.0280,0.5349
02-JAN-2026,VGUARD,330.75,321.45,0.0285,0.0152,0.0153,0.2923
02-JAN-2026,VHL,3601.75,3605.20,-0.0010,0.0238,0.0237,0.4528
02-JAN-2026,VHLTD,137.15,135.50,0.0121,0.0199,0.0199,0.3802
02-JAN-2026,VIDHIING,337.75,338.80,-0.0031,0.0222,0.0221,0.4222
02-JAN-2026,VIDYAWIRES,50.13,49.98,0.0030,0.0054,0.0054,0.1032
02-JAN-2026,VIJAYA,1059.20,1042.15,0.0162,0.0249,0.0248,0.4738
02-JAN-2026,VIJIFIN,2.74,2.71,0.0110,0.0358,0.0357,0.6820
02-JAN-2026,VIKASECO,1.77,1.70,0.0404,0.0254,0.0255,0.4872
02-JAN-2026,VIKASLIFE,1.93,1.79,0.0753,0.0244,0.0249,0.4757
02-JAN-2026,VIKRAMSOLR,239.80,237.20,0.0109,0.0134,0.0134,0.2560
02-JAN-2026,VIKRAN,99.15,100.60,-0.0145,0.0178,0.0177,0.3382
02-JAN-2026,VIMTALABS,610.15,601.45,0.0144,0.0362,0.0362,0.6916
02-JAN-2026,VINATIORGA,1601.15,1596.55,0.0029,0.0155,0.0154,0.2942
02-JAN-2026,VINCOFE,160.65,160.20,0.0028,0.0268,0.0267,0.5101
02-JAN-2026,VINDHYATEL,1418.05,1422.75,-0.0033,0.0233,0.0233,0.4451
02-JAN-2026,VINEET-RE,2.45,4.06,-0.5051,0.0012,0.0357,0.6820
02-JAN-2026,VINEETLAB,34.41,35.87,-0.0416,0.0305,0.0306,0.5846
02-JAN-2026,VINNY,1.26,1.24,0.0160,0.0286,0.0286,0.5464
02-JAN-2026,VINYLINDIA,240.65,239.35,0.0054,0.0227,0.0227,0.4337
02-JAN-2026,VIPCLOTHNG,31.39,31.09,0.0096,0.0278,0.0277,0.5292
02-JAN-2026,VIPIND,388.45,383.20,0.0136,0.0243,0.0242,0.4623
02-JAN-2026,VIPULLTD,11.77,12.63,-0.0705,0.0371,0.0374,0.7145
02-JAN-2026,VIRINCHI,23.90,23.10,0.0340,0.0276,0.0277,0.5292
02-JAN-2026,VISAKAIND,72.03,70.76,0.0178,0.0264,0.0264,0.5044
02-JAN-2026,VISASTEEL,52.71,54.88,-0.0403,0.0324,0.0324,0.6190
02-JAN-2026,VISHNU,559.90,550.50,0.0169,0.0247,0.0246,0.4700
02-JAN-2026,VISHWARAJ,6.92,6.80,0.0175,0.0228,0.0228,0.4356
02-JAN-2026,VISISTH,5.25,5.25,0.0000,0.0004,0.0004,0.0076
02-JAN-2026,VIVIDHA,0.63,0.62,0.0160,0.0274,0.0274,0.5235
02-JAN-2026,VIVIMEDLAB,15.12,16.78,-0.1042,0.1169,0.1168,2.2315
02-JAN-2026,VLEGOV,19.83,19.40,0.0219,0.0337,0.0336,0.6419
02-JAN-2026,VLSFINANCE,303.30,305.40,-0.0069,0.0297,0.0296,0.5655
02-JAN-2026,VMART,701.35,697.85,0.0050,0.0226,0.0225,0.4299
02-JAN-2026,VMM,135.95,135.80,0.0011,0.0168,0.0168,0.3210
02-JAN-2026,VMSTMT,54.91,54.12,0.0145,0.0133,0.0134,0.2560
02-JAN-2026,VOLTAMP,7876.90,7790.10,0.0111,0.0278,0.0277,0.5292
02-JAN-2026,VOLTAS,1430.20,1384.35,0.0326,0.0188,0.0189,0.3611
02-JAN-2026,VPL,360.50,360.50,0.0000,0.0302,0.0301,0.5751
02-JAN-2026,VPRPL,50.86,50.16,0.0139,0.0302,0.0301,0.5751
02-JAN-2026,VRAJ,131.70,133.65,-0.0147,0.0209,0.0208,0.3974
02-JAN-2026,VRLLOG,268.55,268.75,-0.0007,0.0179,0.0178,0.3401
02-JAN-2026,VSSL,286.75,285.25,0.0052,0.0244,0.0243,0.4643
02-JAN-2026,VSTIND,251.05,255.50,-0.0176,0.0188,0.0188,0.3592
02-JAN-2026,VSTL,136.80,136.60,0.0015,0.0271,0.0270,0.5158
02-JAN-2026,VSTTILLERS,6129.70,6200.05,-0.0114,0.0215,0.0215,0.4108
02-JAN-2026,VTL,436.10,435.45,0.0015,0.0228,0.0227,0.4337
02-JAN-2026,WAAREEENER,2866.30,2955.30,-0.0306,0.0256,0.0256,0.4891
02-JAN-2026,WAAREEINDO,512.65,536.60,-0.0457,0.4070,0.4059,7.7547
02-JAN-2026,WAAREERTL,976.65,967.90,0.0090,0.0332,0.0331,0.6324
02-JAN-2026,WABAG,1291.60,1315.20,-0.0181,0.0243,0.0243,0.4643
02-JAN-2026,WAKEFIT,179.35,186.05,-0.0367,0.0042,0.0049,0.0936
02-JAN-2026,WALCHANNAG,187.95,190.75,-0.0148,0.0352,0.0351,0.6706
02-JAN-2026,WANBURY,236.00,229.95,0.0260,0.0296,0.0296,0.5655
02-JAN-2026,WCIL,120.15,120.15,0.0000,0.0208,0.0207,0.3955
02-JAN-2026,WEALTH,925.15,919.60,0.0060,0.0322,0.0321,0.6133
02-JAN-2026,WEBELSOLAR,88.48,88.35,0.0015,0.0342,0.0341,0.6515
02-JAN-2026,WEIZMANIND,96.49,94.10,0.0251,0.0261,0.0261,0.4986
02-JAN-2026,WEL,153.75,151.30,0.0161,0.0335,0.0335,0.6400
02-JAN-2026,WELCORP,806.40,806.40,0.0000,0.0232,0.0232,0.4432
02-JAN-2026,WELENT,509.95,514.45,-0.0088,0.0234,0.0234,0.4471
02-JAN-2026,WELINV,1309.70,1342.90,-0.0250,0.0388,0.0388,0.7413
02-JAN-2026,WELSPUNLIV,132.40,132.05,0.0026,0.0279,0.0278,0.5311
02-JAN-2026,WENDT,7860.90,7790.55,0.0090,0.0252,0.0252,0.4814
02-JAN-2026,WESTLIFE,538.65,538.55,0.0002,0.0195,0.0194,0.3706
02-JAN-2026,WEWIN,45.96,46.47,-0.0110,0.0363,0.0363,0.6935
02-JAN-2026,WEWORK,618.55,608.45,0.0165,0.0071,0.0072,0.1376
02-JAN-2026,WHEELS,884.70,864.85,0.0227,0.0210,0.0210,0.4012
02-JAN-2026,WHIRLPOOL,904.55,890.35,0.0158,0.0248,0.0248,0.4738
02-JAN-2026,WILLAMAGOR,31.00,30.30,0.0228,0.0323,0.0323,0.6171
02-JAN-2026,WINDLAS,788.90,801.70,-0.0161,0.0267,0.0266,0.5082
02-JAN-2026,WINDMACHIN,273.15,266.60,0.0243,0.0303,0.0303,0.5789
02-JAN-2026,WINMORE,9.40,9.40,0.0000,0.0000,0.0000,0.0000
02-JAN-2026,WINSOME,1.90,1.87,0.0159,0.0732,0.0730,1.3947
02-JAN-2026,WIPL,146.51,149.01,-0.0169,0.0255,0.0255,0.4872
02-JAN-2026,WIPRO,269.00,267.35,0.0062,0.0151,0.0151,0.2885
02-JAN-2026,WOCKPHARMA,1406.20,1422.90,-0.0118,0.0338,0.0338,0.6457
02-JAN-2026,WONDERLA,527.35,527.15,0.0004,0.0202,0.0202,0.3859
02-JAN-2026,WORTHPERI,138.35,139.35,-0.0072,0.0272,0.0271,0.5177
02-JAN-2026,WSI,92.51,90.29,0.0243,0.0311,0.0310,0.5923
02-JAN-2026,WSTCSTPAPR,419.90,416.45,0.0083,0.0214,0.0213,0.4069
02-JAN-2026,XCHANGING,82.08,81.37,0.0087,0.0210,0.0210,0.4012
02-JAN-2026,XELPMOC,128.30,128.50,-0.0016,0.0321,0.0320,0.6114
02-JAN-2026,XLTELENE,2.30,2.30,0.0000,0.0001,0.0001,0.0019
02-JAN-2026,XPROINDIA,980.05,961.25,0.0194,0.0249,0.0249,0.4757
02-JAN-2026,XTGLOBAL,35.69,33.57,0.0612,0.0333,0.0335,0.6400
02-JAN-2026,YASHO,1438.60,1428.10,0.0073,0.0227,0.0226,0.4318
02-JAN-2026,YATHARTH,699.50,675.20,0.0354,0.0237,0.0238,0.4547
02-JAN-2026,YATRA,174.90,176.05,-0.0066,0.0319,0.0318,0.6075
02-JAN-2026,YESBANK,22.29,21.49,0.0366,0.0201,0.0203,0.3878
02-JAN-2026,YUKEN,885.10,896.25,-0.0125,0.0248,0.0248,0.4738
02-JAN-2026,ZAGGLE,349.95,347.40,0.0073,0.0286,0.0285,0.5445
02-JAN-2026,ZEEL,91.12,90.48,0.0070,0.0262,0.0261,0.4986
02-JAN-2026,ZEELEARN,7.38,7.20,0.0247,0.0311,0.0311,0.5942
02-JAN-2026,ZEEMEDIA,9.02,8.88,0.0156,0.0320,0.0320,0.6114
02-JAN-2026,ZENITHEXPO,210.20,208.55,0.0079,0.0354,0.0354,0.6763
02-JAN-2026,ZENITHSTL,7.23,7.26,-0.0041,0.0308,0.0308,0.5884
02-JAN-2026,ZENSARTECH,699.35,701.15,-0.0026,0.0224,0.0224,0.4280
02-JAN-2026,ZENTEC,1362.40,1356.65,0.0042,0.0293,0.0292,0.5579
02-JAN-2026,ZFCVINDIA,15040.00,14728.35,0.0209,0.0210,0.0210,0.4012
02-JAN-2026,ZIMLAB,70.47,70.37,0.0014,0.0301,0.0301,0.5751
02-JAN-2026,ZODIAC,304.90,301.65,0.0107,0.0280,0.0279,0.5330
02-JAN-2026,ZODIACLOTH,85.19,85.81,-0.0073,0.0256,0.0255,0.4872
02-JAN-2026,ZOTA,1543.40,1520.20,0.0151,0.0273,0.0272,0.5197
02-JAN-2026,ZUARI,337.35,329.75,0.0228,0.0338,0.0338,0.6457
02-JAN-2026,ZUARIIND,324.45,321.85,0.0080,0.0327,0.0326,0.6228
02-JAN-2026,ZYDUSLIFE,916.90,915.00,0.0021,0.0142,0.0142,0.2713
02-JAN-2026,ZYDUSWELL,471.60,464.30,0.0156,0.0190,0.0190,0.3630
02-JAN-2026,503893,-,-,-,-,-,-
02-JAN-2026,504370,-,-,-,-,-,-
02-JAN-2026,505032,-,-,-,-,-,-
02-JAN-2026,505585,-,-,-,-,-,-
02-JAN-2026,506024,-,-,-,-,-,-
02-JAN-2026,506120,-,-,-,-,-,-
02-JAN-2026,506162,-,-,-,-,-,-
02-JAN-2026,506580,-,-,-,-,-,-
02-JAN-2026,507543,-,-,-,-,-,-
02-JAN-2026,512004,-,-,-,-,-,-
02-JAN-2026,512060,-,-,-,-,-,-
02-JAN-2026,512147,-,-,-,-,-,-
02-JAN-2026,512157,-,-,-,-,-,-
02-JAN-2026,512195,-,-,-,-,-,-
02-JAN-2026,512245,-,-,-,-,-,-
02-JAN-2026,512265,-,-,-,-,-,-
02-JAN-2026,512291,-,-,-,-,-,-
02-JAN-2026,512303,-,-,-,-,-,-
02-JAN-2026,512431,-,-,-,-,-,-
02-JAN-2026,512433,-,-,-,-,-,-
02-JAN-2026,512439,-,-,-,-,-,-
02-JAN-2026,512445,-,-,-,-,-,-
02-JAN-2026,512461,-,-,-,-,-,-
02-JAN-2026,512505,-,-,-,-,-,-
02-JAN-2026,512517,-,-,-,-,-,-
02-JAN-2026,513012,-,-,-,-,-,-
02-JAN-2026,524046,-,-,-,-,-,-
02-JAN-2026,526331,-,-,-,-,-,-
02-JAN-2026,526349,-,-,-,-,-,-
02-JAN-2026,531597,-,-,-,-,-,-
02-JAN-2026,531610,-,-,-,-,-,-
02-JAN-2026,531685,-,-,-,-,-,-
02-JAN-2026,531696,-,-,-,-,-,-
02-JAN-2026,531946,-,-,-,-,-,-
02-JAN-2026,532138,-,-,-,-,-,-
02-JAN-2026,539253,-,-,-,-,-,-
02-JAN-2026,539983,-,-,-,-,-,-
02-JAN-2026,542931,-,-,-,-,-,-
02-JAN-2026,543859,-,-,-,-,-,-
02-JAN-2026,ACEEXPO,-,-,-,-,-,-
02-JAN-2026,ADBML,-,-,-,-,-,-
02-JAN-2026,ADVENTZSEC,-,-,-,-,-,-
02-JAN-2026,AEL,-,-,-,-,-,-
02-JAN-2026,AGGARSAIN,-,-,-,-,-,-
02-JAN-2026,AGVENTURES,-,-,-,-,-,-
02-JAN-2026,AIRLTD,-,-,-,-,-,-
02-JAN-2026,AKASHAGRO,-,-,-,-,-,-
02-JAN-2026,ALIROX,-,-,-,-,-,-
02-JAN-2026,ANKUR,-,-,-,-,-,-
02-JAN-2026,ARIHANTCFL,-,-,-,-,-,-
02-JAN-2026,ASIANLAKTO,-,-,-,-,-,-
02-JAN-2026,ASSOFIN,-,-,-,-,-,-
02-JAN-2026,ATLANTIC,-,-,-,-,-,-
02-JAN-2026,AURUMCAP,-,-,-,-,-,-
02-JAN-2026,AYUSHMAN,-,-,-,-,-,-
02-JAN-2026,BALAJIAGRO,-,-,-,-,-,-
02-JAN-2026,BASANT,-,-,-,-,-,-
02-JAN-2026,BESWASTH,-,-,-,-,-,-
02-JAN-2026,BHAIRAV,-,-,-,-,-,-
02-JAN-2026,BHARAT,-,-,-,-,-,-
02-JAN-2026,BUYRIGHT,-,-,-,-,-,-
02-JAN-2026,CENTRAL,-,-,-,-,-,-
02-JAN-2026,CHAMPION,-,-,-,-,-,-
02-JAN-2026,CHITRAKUT,-,-,-,-,-,-
02-JAN-2026,CREMICA,-,-,-,-,-,-
02-JAN-2026,CRESCENT,-,-,-,-,-,-
02-JAN-2026,DDVENTURES,-,-,-,-,-,-
02-JAN-2026,DEEPJYOTI,-,-,-,-,-,-
02-JAN-2026,DHAVAL,-,-,-,-,-,-
02-JAN-2026,DRFRESH,-,-,-,-,-,-
02-JAN-2026,DRMIND,-,-,-,-,-,-
02-JAN-2026,ELLORA,-,-,-,-,-,-
02-JAN-2026,EMRALD,-,-,-,-,-,-
02-JAN-2026,GANODAYA,-,-,-,-,-,-
02-JAN-2026,GARG,-,-,-,-,-,-
02-JAN-2026,GIKENSEIKI,-,-,-,-,-,-
02-JAN-2026,GOALPOST,-,-,-,-,-,-
02-JAN-2026,HINDAUTO,-,-,-,-,-,-
02-JAN-2026,INDSWFTLTD,-,-,-,-,-,-
02-JAN-2026,ISCCL,-,-,-,-,-,-
02-JAN-2026,ITLFIN,-,-,-,-,-,-
02-JAN-2026,JAGAT,-,-,-,-,-,-
02-JAN-2026,JAINFARM,-,-,-,-,-,-
02-JAN-2026,JCKINFRA,-,-,-,-,-,-
02-JAN-2026,JFL,-,-,-,-,-,-
02-JAN-2026,JFRL,-,-,-,-,-,-
02-JAN-2026,JOML,-,-,-,-,-,-
02-JAN-2026,JPWL,-,-,-,-,-,-
02-JAN-2026,KCCL,-,-,-,-,-,-
02-JAN-2026,KIRTIINV,-,-,-,-,-,-
02-JAN-2026,KRALEASING,-,-,-,-,-,-
02-JAN-2026,KUMARAUTO,-,-,-,-,-,-
02-JAN-2026,LARK,-,-,-,-,-,-
02-JAN-2026,MACORPACK,-,-,-,-,-,-
02-JAN-2026,MARYADACOM,-,-,-,-,-,-
02-JAN-2026,MAYURBHANJ,-,-,-,-,-,-
02-JAN-2026,MEDINOV,-,-,-,-,-,-
02-JAN-2026,MFL,-,-,-,-,-,-
02-JAN-2026,MILIAIND,-,-,-,-,-,-
02-JAN-2026,MORNMEDIA,-,-,-,-,-,-
02-JAN-2026,MPL,-,-,-,-,-,-
02-JAN-2026,NAWRATAN,-,-,-,-,-,-
02-JAN-2026,NEELEC,-,-,-,-,-,-
02-JAN-2026,NIDHISER,-,-,-,-,-,-
02-JAN-2026,OSEINTRUST,-,-,-,-,-,-
02-JAN-2026,PACEAUTO,-,-,-,-,-,-
02-JAN-2026,PARTAPIND,-,-,-,-,-,-
02-JAN-2026,PATBACK,-,-,-,-,-,-
02-JAN-2026,PATNAELECT,-,-,-,-,-,-
02-JAN-2026,PFCSL,-,-,-,-,-,-
02-JAN-2026,PPML,-,-,-,-,-,-
02-JAN-2026,QUALITY,-,-,-,-,-,-
02-JAN-2026,RADICOFIN,-,-,-,-,-,-
02-JAN-2026,RAKAN,-,-,-,-,-,-
02-JAN-2026,RAMPURFERT,-,-,-,-,-,-
02-JAN-2026,RATHIIND,-,-,-,-,-,-
02-JAN-2026,RFHL,-,-,-,-,-,-
02-JAN-2026,RICHNRICH,-,-,-,-,-,-
02-JAN-2026,RISHABHENT,-,-,-,-,-,-
02-JAN-2026,ROADWAYS,-,-,-,-,-,-
02-JAN-2026,RWCL,-,-,-,-,-,-
02-JAN-2026,SARNIMAL,-,-,-,-,-,-
02-JAN-2026,SARVARAYA,-,-,-,-,-,-
02-JAN-2026,SCEL,-,-,-,-,-,-
02-JAN-2026,SELECTRIC,-,-,-,-,-,-
02-JAN-2026,SGEL,-,-,-,-,-,-
02-JAN-2026,SGETL,-,-,-,-,-,-
02-JAN-2026,SHAKUMBHRI,-,-,-,-,-,-
02-JAN-2026,SHREETULSI,-,-,-,-,-,-
02-JAN-2026,SHREEVIJAY,-,-,-,-,-,-
02-JAN-2026,SHREYANS,-,-,-,-,-,-
02-JAN-2026,SIGACHI1,-,-,-,-,-,-
02-JAN-2026,SKYLINE,-,-,-,-,-,-
02-JAN-2026,SKYWEB,-,-,-,-,-,-
02-JAN-2026,SLESHA,-,-,-,-,-,-
02-JAN-2026,SMCSL,-,-,-,-,-,-
02-JAN-2026,SNSDIAGNOS,-,-,-,-,-,-
02-JAN-2026,SNSPL,-,-,-,-,-,-
02-JAN-2026,SOPHIA,-,-,-,-,-,-
02-JAN-2026,SPMLINDIA,-,-,-,-,-,-
02-JAN-2026,SRINARAYAN,-,-,-,-,-,-
02-JAN-2026,SSF,-,-,-,-,-,-
02-JAN-2026,SUNPOINT,-,-,-,-,-,-
02-JAN-2026,SUPRAIND,-,-,-,-,-,-
02-JAN-2026,SUPRANEET,-,-,-,-,-,-
02-JAN-2026,SUPREMECOM,-,-,-,-,-,-
02-JAN-2026,TECHAINPOW,-,-,-,-,-,-
02-JAN-2026,TRIDENTIND,-,-,-,-,-,-
02-JAN-2026,UPAL,-,-,-,-,-,-
02-JAN-2026,USSGLOBAL,-,-,-,-,-,-
02-JAN-2026,WELGA,-,-,-,-,-,-
02-JAN-2026,ZEL,-,-,-,-,-,-
02-JAN-2026,ZRINFRA,-,-,-,-,-,-
