Date,Symbol,Underlying Close Price (A),Underlying Previous Day Close Price (B),Underlying Log Returns (C) = LN(A/B),Previous Day Underlying Volatility (D),Current Day Underlying Daily Volatility (E) = Sqrt(0.995*D*D + 0.005*C*C),Underlying Annualised Volatility (F) = E*Sqrt(365)
04-MAR-2026,20MICRONS,168.90,170.15,-0.0074,0.0283,0.0282,0.5388
04-MAR-2026,21STCENMGM,34.75,35.62,-0.0247,0.0200,0.0200,0.3821
04-MAR-2026,360ONE,1066.40,1074.75,-0.0078,0.0219,0.0218,0.4165
04-MAR-2026,3IINFOLTD,13.36,13.56,-0.0149,0.0259,0.0259,0.4948
04-MAR-2026,3MINDIA,34281.75,35680.35,-0.0400,0.0183,0.0185,0.3534
04-MAR-2026,3PLAND,30.96,31.40,-0.0141,0.0275,0.0274,0.5235
04-MAR-2026,500009,24.95,25.28,-0.0131,0.0303,0.0302,0.5770
04-MAR-2026,500012,39.09,39.28,-0.0048,0.0241,0.0240,0.4585
04-MAR-2026,500014,4.36,4.45,-0.0204,0.0262,0.0261,0.4986
04-MAR-2026,500016,8.10,7.84,0.0326,0.0324,0.0324,0.6190
04-MAR-2026,500028,33.03,31.99,0.0320,0.0311,0.0311,0.5942
04-MAR-2026,500051,0.94,0.90,0.0435,0.0046,0.0056,0.1070
04-MAR-2026,500058,11.61,11.73,-0.0103,0.0318,0.0317,0.6056
04-MAR-2026,500068,12166.75,11951.75,0.0178,0.0176,0.0176,0.3362
04-MAR-2026,500069,254.25,259.00,-0.0185,0.0238,0.0238,0.4547
04-MAR-2026,500123,8407.00,8456.15,-0.0058,0.0234,0.0233,0.4451
04-MAR-2026,500142,8.52,9.00,-0.0548,0.0377,0.0378,0.7222
04-MAR-2026,500143,592.50,590.00,0.0042,0.0369,0.0368,0.7031
04-MAR-2026,500147,4835.95,4938.00,-0.0209,0.0334,0.0333,0.6362
04-MAR-2026,500159,105.00,109.80,-0.0447,0.0246,0.0248,0.4738
04-MAR-2026,500166,150.15,151.10,-0.0063,0.0220,0.0219,0.4184
04-MAR-2026,500168,784.85,794.20,-0.0118,0.0120,0.0120,0.2293
04-MAR-2026,500170,22.04,22.54,-0.0224,0.0302,0.0302,0.5770
04-MAR-2026,500192,1.83,1.72,0.0620,0.0300,0.0303,0.5789
04-MAR-2026,500202,7.87,7.50,0.0482,0.0358,0.0359,0.6859
04-MAR-2026,500206,59.65,60.02,-0.0062,0.0323,0.0322,0.6152
04-MAR-2026,500213,319.65,326.65,-0.0217,0.0240,0.0240,0.4585
04-MAR-2026,500220,149.35,157.95,-0.0560,0.0281,0.0283,0.5407
04-MAR-2026,500239,15.45,16.08,-0.0400,0.0305,0.0306,0.5846
04-MAR-2026,500240,238.20,245.60,-0.0306,0.0314,0.0314,0.5999
04-MAR-2026,500245,398.70,382.00,0.0428,0.0204,0.0206,0.3936
04-MAR-2026,500246,50.59,52.52,-0.0374,0.0426,0.0426,0.8139
04-MAR-2026,500248,5.93,6.00,-0.0117,0.0276,0.0276,0.5273
04-MAR-2026,500264,127.20,123.00,0.0336,0.0302,0.0302,0.5770
04-MAR-2026,500267,291.25,288.10,0.0109,0.0289,0.0288,0.5502
04-MAR-2026,500270,108.70,109.70,-0.0092,0.0219,0.0219,0.4184
04-MAR-2026,500277,6.10,6.36,-0.0417,0.0388,0.0388,0.7413
04-MAR-2026,500285,14.02,15.16,-0.0782,0.0351,0.0354,0.6763
04-MAR-2026,500298,608.75,620.05,-0.0184,0.0279,0.0279,0.5330
04-MAR-2026,500307,496.45,500.50,-0.0081,0.0128,0.0128,0.2445
04-MAR-2026,500319,75.93,70.43,0.0752,0.0276,0.0280,0.5349
04-MAR-2026,500322,129.95,129.95,0.0000,0.0361,0.0360,0.6878
04-MAR-2026,500346,54.25,55.38,-0.0206,0.0325,0.0324,0.6190
04-MAR-2026,500357,13.08,12.48,0.0470,0.0327,0.0327,0.6247
04-MAR-2026,500360,146.15,148.95,-0.0190,0.0370,0.0369,0.7050
04-MAR-2026,500365,35.27,36.04,-0.0216,0.0282,0.0282,0.5388
04-MAR-2026,500370,29.85,30.83,-0.0323,0.0333,0.0333,0.6362
04-MAR-2026,500371,14.92,14.63,0.0196,0.0344,0.0343,0.6553
04-MAR-2026,500388,106.95,111.00,-0.0372,0.0329,0.0329,0.6286
04-MAR-2026,500389,18.49,19.46,-0.0511,0.0294,0.0295,0.5636
04-MAR-2026,500414,271.55,281.85,-0.0372,0.0328,0.0328,0.6266
04-MAR-2026,500421,17.02,17.61,-0.0341,0.0321,0.0321,0.6133
04-MAR-2026,500422,177.40,181.00,-0.0201,0.0368,0.0367,0.7012
04-MAR-2026,500426,1.58,1.66,-0.0494,0.0377,0.0377,0.7203
04-MAR-2026,500449,29.01,29.48,-0.0161,0.0295,0.0294,0.5617
04-MAR-2026,500450,389.40,374.50,0.0390,0.0332,0.0332,0.6343
04-MAR-2026,500458,29.91,30.04,-0.0043,0.0353,0.0353,0.6744
04-MAR-2026,500500,14.91,15.47,-0.0369,0.0315,0.0315,0.6018
04-MAR-2026,500672,920.55,920.15,0.0004,0.0218,0.0218,0.4165
04-MAR-2026,501110,7.15,7.15,0.0000,0.0005,0.0005,0.0096
04-MAR-2026,501111,12.14,12.14,0.0000,0.0034,0.0034,0.0650
04-MAR-2026,501148,399.90,401.90,-0.0050,0.0151,0.0150,0.2866
04-MAR-2026,501270,1.34,1.34,0.0000,0.0008,0.0008,0.0153
04-MAR-2026,501298,5260.00,5204.20,0.0107,0.0226,0.0225,0.4299
04-MAR-2026,501311,15.79,15.79,0.0000,0.0333,0.0332,0.6343
04-MAR-2026,501314,0.59,0.59,0.0000,0.0331,0.0330,0.6305
04-MAR-2026,501351,72.25,76.00,-0.0506,0.0304,0.0306,0.5846
04-MAR-2026,501370,100.50,108.65,-0.0780,0.0333,0.0337,0.6438
04-MAR-2026,501386,19.21,19.21,0.0000,0.0150,0.0150,0.2866
04-MAR-2026,501391,539.00,523.20,0.0298,0.0322,0.0322,0.6152
04-MAR-2026,501421,5995.30,6145.80,-0.0248,0.0331,0.0330,0.6305
04-MAR-2026,501430,1674.95,1692.55,-0.0105,0.0272,0.0271,0.5177
04-MAR-2026,501477,232.00,232.00,0.0000,0.0316,0.0315,0.6018
04-MAR-2026,501479,11.02,11.02,0.0000,0.0000,0.0000,0.0000
04-MAR-2026,501622,52.86,54.34,-0.0276,0.0265,0.0265,0.5063
04-MAR-2026,501630,24.48,24.48,0.0000,0.0019,0.0019,0.0363
04-MAR-2026,501700,8.36,8.06,0.0365,0.0303,0.0304,0.5808
04-MAR-2026,501833,18.51,18.70,-0.0102,0.0327,0.0326,0.6228
04-MAR-2026,501848,46.29,48.75,-0.0518,0.0313,0.0314,0.5999
04-MAR-2026,501945,6.96,6.83,0.0189,0.0133,0.0133,0.2541
04-MAR-2026,502015,25.04,26.12,-0.0422,0.0324,0.0324,0.6190
04-MAR-2026,502250,567.00,596.65,-0.0510,0.0316,0.0318,0.6075
04-MAR-2026,502281,7.20,7.58,-0.0514,0.0287,0.0289,0.5521
04-MAR-2026,502294,35.00,34.70,0.0086,0.0454,0.0453,0.8655
04-MAR-2026,502445,39.98,41.33,-0.0332,0.0374,0.0374,0.7145
04-MAR-2026,502587,51.91,50.55,0.0265,0.0255,0.0255,0.4872
04-MAR-2026,502589,104.50,110.00,-0.0513,0.0287,0.0288,0.5502
04-MAR-2026,502850,14.32,14.32,0.0000,0.0043,0.0042,0.0802
04-MAR-2026,502865,318.45,316.65,0.0057,0.0296,0.0295,0.5636
04-MAR-2026,502873,105.30,109.65,-0.0405,0.0297,0.0298,0.5693
04-MAR-2026,502893,66.23,67.95,-0.0256,0.0442,0.0441,0.8425
04-MAR-2026,502901,74.27,76.39,-0.0281,0.0255,0.0255,0.4872
04-MAR-2026,502933,91.40,101.80,-0.1078,0.0293,0.0302,0.5770
04-MAR-2026,502958,7412.95,7333.10,0.0108,0.0205,0.0204,0.3897
04-MAR-2026,503092,27.91,29.57,-0.0578,0.0493,0.0494,0.9438
04-MAR-2026,503127,4366.25,4596.00,-0.0513,0.0263,0.0265,0.5063
04-MAR-2026,503229,123.55,123.55,0.0000,0.0322,0.0322,0.6152
04-MAR-2026,503349,6012.00,6034.00,-0.0037,0.0263,0.0263,0.5025
04-MAR-2026,503622,7.71,7.71,0.0000,0.0022,0.0022,0.0420
04-MAR-2026,503624,7.34,7.36,-0.0027,0.0361,0.0361,0.6897
04-MAR-2026,503626,10.50,10.50,0.0000,0.0000,0.0000,0.0000
04-MAR-2026,503635,297.90,297.90,0.0000,0.0244,0.0243,0.4643
04-MAR-2026,503639,11.18,10.65,0.0486,0.0334,0.0335,0.6400
04-MAR-2026,503641,1.48,1.53,-0.0332,0.0384,0.0384,0.7336
04-MAR-2026,503657,10.52,11.51,-0.0899,0.0272,0.0278,0.5311
04-MAR-2026,503663,0.84,0.87,-0.0351,0.0355,0.0355,0.6782
04-MAR-2026,503671,4.55,4.55,0.0000,0.0000,0.0000,0.0000
04-MAR-2026,503675,1.02,1.00,0.0198,0.0416,0.0415,0.7929
04-MAR-2026,503681,100769.60,105049.50,-0.0416,0.3468,0.3459,6.6084
04-MAR-2026,503685,17.97,18.91,-0.0510,0.0342,0.0343,0.6553
04-MAR-2026,503689,3.20,3.20,0.0000,0.0000,0.0000,0.0000
04-MAR-2026,503696,55.00,55.00,0.0000,0.0000,0.0000,0.0000
04-MAR-2026,503772,64.60,68.00,-0.0513,0.0287,0.0289,0.5521
04-MAR-2026,503776,33.00,33.00,0.0000,0.0398,0.0397,0.7585
04-MAR-2026,503804,230.00,233.50,-0.0151,0.0193,0.0193,0.3687
04-MAR-2026,503816,35.11,36.98,-0.0519,0.0292,0.0294,0.5617
04-MAR-2026,503837,12.64,13.00,-0.0281,0.0351,0.0350,0.6687
04-MAR-2026,503863,19.54,19.54,0.0000,0.0279,0.0278,0.5311
04-MAR-2026,504000,82.53,84.00,-0.0177,0.0248,0.0248,0.4738
04-MAR-2026,504028,65.58,68.37,-0.0417,0.0242,0.0243,0.4643
04-MAR-2026,504076,60.91,63.77,-0.0459,0.0350,0.0350,0.6687
04-MAR-2026,504080,1043.95,1043.95,0.0000,0.0344,0.0343,0.6553
04-MAR-2026,504084,785.55,790.05,-0.0057,0.0337,0.0336,0.6419
04-MAR-2026,504092,490.85,516.65,-0.0512,0.0316,0.0317,0.6056
04-MAR-2026,504093,299.30,301.70,-0.0080,0.0223,0.0222,0.4241
04-MAR-2026,504132,727.90,747.55,-0.0266,0.0291,0.0291,0.5560
04-MAR-2026,504176,534.25,544.60,-0.0192,0.0300,0.0300,0.5731
04-MAR-2026,504180,45.90,48.20,-0.0489,0.0296,0.0297,0.5674
04-MAR-2026,504240,420.70,467.45,-0.1054,0.0311,0.0319,0.6094
04-MAR-2026,504258,761.70,755.60,0.0080,0.0250,0.0249,0.4757
04-MAR-2026,504273,21.61,21.97,-0.0165,0.0279,0.0279,0.5330
04-MAR-2026,504340,6.84,6.97,-0.0188,0.0172,0.0172,0.3286
04-MAR-2026,504351,1.39,1.41,-0.0143,0.0320,0.0319,0.6094
04-MAR-2026,504356,10.50,10.50,0.0000,0.0379,0.0378,0.7222
04-MAR-2026,504365,4.11,4.11,0.0000,0.0006,0.0006,0.0115
04-MAR-2026,504369,0.49,0.49,0.0000,0.0087,0.0087,0.1662
04-MAR-2026,504378,2.25,2.25,0.0000,0.0326,0.0325,0.6209
04-MAR-2026,504380,44.67,44.64,0.0007,0.0300,0.0299,0.5712
04-MAR-2026,504392,22.75,23.90,-0.0493,0.0351,0.0352,0.6725
04-MAR-2026,504397,75.19,73.29,0.0256,0.0308,0.0308,0.5884
04-MAR-2026,504605,2965.80,3048.60,-0.0275,0.0264,0.0264,0.5044
04-MAR-2026,504646,497.45,521.50,-0.0472,0.0327,0.0327,0.6247
04-MAR-2026,504648,46.10,49.50,-0.0712,0.0370,0.0373,0.7126
04-MAR-2026,504731,85.56,87.47,-0.0221,0.0282,0.0282,0.5388
04-MAR-2026,504746,1393.00,1421.40,-0.0202,0.0271,0.0271,0.5177
04-MAR-2026,504786,545.30,541.60,0.0068,0.0280,0.0279,0.5330
04-MAR-2026,504810,81.64,79.09,0.0317,0.0439,0.0439,0.8387
04-MAR-2026,504840,1321.00,1329.75,-0.0066,0.0254,0.0254,0.4853
04-MAR-2026,504882,1306.00,1303.85,0.0016,0.0330,0.0329,0.6286
04-MAR-2026,504903,21.02,21.25,-0.0109,0.0267,0.0267,0.5101
04-MAR-2026,504908,430.45,412.15,0.0434,0.0364,0.0365,0.6973
04-MAR-2026,504959,1845.05,1855.00,-0.0054,0.0181,0.0181,0.3458
04-MAR-2026,504988,700.00,700.00,0.0000,0.0256,0.0255,0.4872
04-MAR-2026,504998,0.54,0.54,0.0000,0.0128,0.0127,0.2426
04-MAR-2026,505036,1624.35,1655.75,-0.0191,0.0264,0.0264,0.5044
04-MAR-2026,505163,748.35,727.35,0.0285,0.0287,0.0287,0.5483
04-MAR-2026,505212,121.85,123.40,-0.0126,0.0339,0.0338,0.6457
04-MAR-2026,505216,2636.75,2661.65,-0.0094,0.0281,0.0280,0.5349
04-MAR-2026,505232,891.55,964.60,-0.0788,0.0245,0.0251,0.4795
04-MAR-2026,505250,65.00,67.80,-0.0422,0.0304,0.0305,0.5827
04-MAR-2026,505285,812.00,812.00,0.0000,0.0126,0.0126,0.2407
04-MAR-2026,505299,534.00,543.40,-0.0174,0.0339,0.0338,0.6457
04-MAR-2026,505302,1714.95,1895.95,-0.1003,0.0317,0.0324,0.6190
04-MAR-2026,505336,0.37,0.38,-0.0267,0.0386,0.0385,0.7355
04-MAR-2026,505343,0.41,0.42,-0.0241,0.0410,0.0409,0.7814
04-MAR-2026,505358,158.65,153.65,0.0320,0.0254,0.0255,0.4872
04-MAR-2026,505502,1.33,1.33,0.0000,0.0171,0.0170,0.3248
04-MAR-2026,505504,310.75,327.10,-0.0513,0.0236,0.0238,0.4547
04-MAR-2026,505515,12.04,12.74,-0.0565,0.0398,0.0399,0.7623
04-MAR-2026,505520,101.34,101.34,0.0000,0.0130,0.0130,0.2484
04-MAR-2026,505523,0.32,0.35,-0.0896,0.0282,0.0289,0.5521
04-MAR-2026,505594,32.80,32.80,0.0000,0.0000,0.0000,0.0000
04-MAR-2026,505650,17.29,16.91,0.0222,0.0394,0.0393,0.7508
04-MAR-2026,505681,545.75,554.40,-0.0157,0.0205,0.0205,0.3917
04-MAR-2026,505685,21.99,21.99,0.0000,0.0406,0.0405,0.7738
04-MAR-2026,505690,773.20,801.60,-0.0361,0.0350,0.0350,0.6687
04-MAR-2026,505693,9.62,10.10,-0.0487,0.0342,0.0343,0.6553
04-MAR-2026,505710,63.35,61.04,0.0371,0.0227,0.0228,0.4356
04-MAR-2026,505712,192.90,197.00,-0.0210,0.0298,0.0297,0.5674
04-MAR-2026,505720,122.55,126.65,-0.0329,0.0296,0.0296,0.5655
04-MAR-2026,505729,72.17,73.82,-0.0226,0.0295,0.0294,0.5617
04-MAR-2026,505737,419.20,416.75,0.0059,0.0274,0.0274,0.5235
04-MAR-2026,505750,235.05,239.50,-0.0188,0.0328,0.0328,0.6266
04-MAR-2026,505807,636.00,636.00,0.0000,0.0248,0.0247,0.4719
04-MAR-2026,505827,347.55,355.90,-0.0237,0.0177,0.0178,0.3401
04-MAR-2026,505840,24.82,24.86,-0.0016,0.0331,0.0330,0.6305
04-MAR-2026,505872,391.65,398.40,-0.0171,0.0298,0.0297,0.5674
04-MAR-2026,505890,2356.25,2427.55,-0.0298,0.0257,0.0257,0.4910
04-MAR-2026,505893,790.60,807.80,-0.0215,0.0325,0.0324,0.6190
04-MAR-2026,505978,3300.80,3453.75,-0.0453,0.0292,0.0293,0.5598
04-MAR-2026,506003,51.00,49.98,0.0202,0.0329,0.0329,0.6286
04-MAR-2026,506042,179.25,179.25,0.0000,0.0574,0.0572,1.0928
04-MAR-2026,506105,67.63,68.47,-0.0123,0.0342,0.0341,0.6515
04-MAR-2026,506122,47.07,44.85,0.0483,0.0337,0.0338,0.6457
04-MAR-2026,506128,124.30,127.10,-0.0223,0.0325,0.0325,0.6209
04-MAR-2026,506134,11.11,10.91,0.0182,0.0329,0.0329,0.6286
04-MAR-2026,506161,5.01,5.01,0.0000,0.0032,0.0032,0.0611
04-MAR-2026,506166,57.01,57.92,-0.0158,0.1961,0.1956,3.7369
04-MAR-2026,506178,17.01,17.01,0.0000,0.0014,0.0014,0.0267
04-MAR-2026,506180,344.85,351.85,-0.0201,0.0297,0.0297,0.5674
04-MAR-2026,506186,16.85,16.05,0.0486,0.0357,0.0357,0.6820
04-MAR-2026,506190,52.50,52.50,0.0000,0.0000,0.0000,0.0000
04-MAR-2026,506365,92.04,95.50,-0.0369,0.0408,0.0408,0.7795
04-MAR-2026,506373,129.40,123.25,0.0487,0.0200,0.0203,0.3878
04-MAR-2026,506414,315.55,319.00,-0.0109,0.0302,0.0301,0.5751
04-MAR-2026,506520,6.19,6.49,-0.0473,0.0283,0.0285,0.5445
04-MAR-2026,506528,3161.75,3115.05,0.0149,0.0281,0.0281,0.5368
04-MAR-2026,506530,945.00,945.00,0.0000,0.0252,0.0251,0.4795
04-MAR-2026,506532,805.65,828.55,-0.0280,0.0189,0.0190,0.3630
04-MAR-2026,506543,10.12,9.64,0.0486,0.0344,0.0345,0.6591
04-MAR-2026,506579,109.65,109.15,0.0046,0.0325,0.0325,0.6209
04-MAR-2026,506597,474.35,485.50,-0.0232,0.0356,0.0356,0.6801
04-MAR-2026,506605,2012.05,2191.40,-0.0854,0.0313,0.0318,0.6075
04-MAR-2026,506640,138.75,136.85,0.0138,0.0399,0.0398,0.7604
04-MAR-2026,506685,422.70,428.55,-0.0137,0.0234,0.0234,0.4471
04-MAR-2026,506687,936.35,941.40,-0.0054,0.0222,0.0222,0.4241
04-MAR-2026,506734,93.91,98.62,-0.0489,0.0230,0.0232,0.4432
04-MAR-2026,506808,50.52,51.49,-0.0190,0.0293,0.0292,0.5579
04-MAR-2026,506854,4022.05,4106.70,-0.0208,0.0295,0.0294,0.5617
04-MAR-2026,506858,60.00,60.90,-0.0149,0.0287,0.0286,0.5464
04-MAR-2026,506863,113.80,116.10,-0.0200,0.0230,0.0230,0.4394
04-MAR-2026,506906,56.85,58.01,-0.0202,0.0513,0.0512,0.9782
04-MAR-2026,506919,141.15,141.95,-0.0057,0.0345,0.0344,0.6572
04-MAR-2026,506935,70.75,70.75,0.0000,0.0259,0.0259,0.4948
04-MAR-2026,506945,2.47,2.47,0.0000,0.0067,0.0067,0.1280
04-MAR-2026,506947,124.35,118.45,0.0486,0.0268,0.0270,0.5158
04-MAR-2026,506975,15.50,15.24,0.0169,0.0300,0.0299,0.5712
04-MAR-2026,506979,124.00,124.00,0.0000,0.0308,0.0307,0.5865
04-MAR-2026,506981,122.00,125.00,-0.0243,0.0296,0.0296,0.5655
04-MAR-2026,507155,135.55,141.75,-0.0447,0.0286,0.0287,0.5483
04-MAR-2026,507180,4.73,4.48,0.0543,0.0396,0.0397,0.7585
04-MAR-2026,507265,198.80,192.00,0.0348,0.0309,0.0309,0.5903
04-MAR-2026,507300,880.00,899.95,-0.0224,0.0266,0.0266,0.5082
04-MAR-2026,507474,39.07,40.12,-0.0265,0.0294,0.0294,0.5617
04-MAR-2026,507498,34.26,32.08,0.0657,0.0261,0.0264,0.5044
04-MAR-2026,507515,17.18,16.37,0.0483,0.0343,0.0344,0.6572
04-MAR-2026,507530,21.03,21.03,0.0000,0.0037,0.0037,0.0707
04-MAR-2026,507598,100.10,104.40,-0.0421,0.0315,0.0315,0.6018
04-MAR-2026,507609,33.43,32.06,0.0418,0.0317,0.0318,0.6075
04-MAR-2026,507621,49.47,50.18,-0.0143,0.0223,0.0222,0.4241
04-MAR-2026,507645,11107.90,11650.00,-0.0476,0.0209,0.0212,0.4050
04-MAR-2026,507663,3.42,3.42,0.0000,0.0075,0.0075,0.1433
04-MAR-2026,507690,225.45,237.30,-0.0512,0.0345,0.0347,0.6629
04-MAR-2026,507753,82.68,83.50,-0.0099,0.0232,0.0231,0.4413
04-MAR-2026,507759,18.99,17.43,0.0857,0.0455,0.0458,0.8750
04-MAR-2026,507808,42.14,42.14,0.0000,0.0234,0.0234,0.4471
04-MAR-2026,507813,68.65,67.02,0.0240,0.0307,0.0306,0.5846
04-MAR-2026,507817,142.55,148.85,-0.0432,0.0327,0.0327,0.6247
04-MAR-2026,507828,7.14,7.71,-0.0768,0.0310,0.0314,0.5999
04-MAR-2026,507833,4.18,4.03,0.0365,0.0278,0.0279,0.5330
04-MAR-2026,507836,635.90,583.70,0.0857,0.0277,0.0283,0.5407
04-MAR-2026,507852,102.00,99.85,0.0213,0.0304,0.0304,0.5808
04-MAR-2026,507864,90.00,92.00,-0.0220,0.0393,0.0392,0.7489
04-MAR-2026,507872,41.00,42.05,-0.0253,0.0283,0.0283,0.5407
04-MAR-2026,507912,980.40,971.30,0.0093,0.0289,0.0288,0.5502
04-MAR-2026,507917,42.00,42.00,0.0000,0.0304,0.0303,0.5789
04-MAR-2026,507938,9.93,9.93,0.0000,0.0176,0.0176,0.3362
04-MAR-2026,507944,410.35,408.50,0.0045,0.0293,0.0292,0.5579
04-MAR-2026,507946,16.32,17.16,-0.0502,0.0352,0.0353,0.6744
04-MAR-2026,507948,71.45,69.59,0.0264,0.0322,0.0322,0.6152
04-MAR-2026,507952,3.15,3.15,0.0000,0.0000,0.0000,0.0000
04-MAR-2026,507960,192.75,189.65,0.0162,0.0269,0.0269,0.5139
04-MAR-2026,507962,6.42,6.55,-0.0200,0.1649,0.1645,3.1428
04-MAR-2026,507966,37.20,38.30,-0.0291,0.0427,0.0427,0.8158
04-MAR-2026,507968,30.00,28.58,0.0485,0.0259,0.0261,0.4986
04-MAR-2026,507970,33.76,35.29,-0.0443,0.0359,0.0359,0.6859
04-MAR-2026,507981,64.51,61.24,0.0520,0.0252,0.0254,0.4853
04-MAR-2026,507987,3.99,3.99,0.0000,0.0046,0.0046,0.0879
04-MAR-2026,507998,144.45,147.75,-0.0226,0.0342,0.0341,0.6515
04-MAR-2026,508136,375.00,380.00,-0.0132,0.0326,0.0326,0.6228
04-MAR-2026,508486,7210.85,7257.60,-0.0065,0.0140,0.0140,0.2675
04-MAR-2026,508494,37.63,41.62,-0.1008,0.0238,0.0248,0.4738
04-MAR-2026,508571,139.95,126.35,0.1022,0.0365,0.0371,0.7088
04-MAR-2026,508664,11.95,11.91,0.0034,0.0315,0.0314,0.5999
04-MAR-2026,508670,3197.90,3197.95,-0.0000,0.0187,0.0186,0.3554
04-MAR-2026,508807,680.20,697.30,-0.0248,0.0190,0.0190,0.3630
04-MAR-2026,508867,14.05,14.05,0.0000,0.0093,0.0093,0.1777
04-MAR-2026,508875,544.65,547.45,-0.0051,0.0318,0.0317,0.6056
04-MAR-2026,508905,92.27,85.61,0.0749,0.0387,0.0389,0.7432
04-MAR-2026,508918,45.00,46.31,-0.0287,0.0382,0.0381,0.7279
04-MAR-2026,508922,6.58,6.46,0.0184,0.0310,0.0309,0.5903
04-MAR-2026,508941,449.65,456.00,-0.0140,0.0161,0.0161,0.3076
04-MAR-2026,508956,13.31,12.80,0.0391,0.0328,0.0328,0.6266
04-MAR-2026,508961,191.00,200.10,-0.0465,0.0265,0.0266,0.5082
04-MAR-2026,508963,16.91,17.80,-0.0513,0.0321,0.0322,0.6152
04-MAR-2026,508969,2.22,2.20,0.0090,0.0264,0.0264,0.5044
04-MAR-2026,508980,8.53,8.44,0.0106,0.0352,0.0352,0.6725
04-MAR-2026,508993,2.45,2.45,0.0000,0.0000,0.0000,0.0000
04-MAR-2026,509003,0.13,0.13,0.0000,0.0000,0.0000,0.0000
04-MAR-2026,509015,13.90,14.63,-0.0512,0.0375,0.0375,0.7164
04-MAR-2026,509024,10.02,11.06,-0.0988,0.0741,0.0742,1.4176
04-MAR-2026,509026,97.22,84.29,0.1427,0.0433,0.0443,0.8464
04-MAR-2026,509038,12.30,12.06,0.0197,0.0154,0.0155,0.2961
04-MAR-2026,509040,179.95,187.60,-0.0416,0.0330,0.0330,0.6305
04-MAR-2026,509046,29.50,30.69,-0.0395,0.0291,0.0292,0.5579
04-MAR-2026,509051,0.65,0.65,0.0000,0.0347,0.0346,0.6610
04-MAR-2026,509053,6.01,6.32,-0.0503,0.0261,0.0263,0.5025
04-MAR-2026,509073,11.01,11.69,-0.0599,0.0305,0.0307,0.5865
04-MAR-2026,509099,61.64,61.64,0.0000,0.0082,0.0081,0.1548
04-MAR-2026,509162,95.80,93.35,0.0259,0.0265,0.0265,0.5063
04-MAR-2026,509196,63.71,62.99,0.0114,0.0275,0.0274,0.5235
04-MAR-2026,509423,38.35,36.86,0.0396,0.0373,0.0373,0.7126
04-MAR-2026,509438,9501.15,9501.00,0.0000,0.0173,0.0173,0.3305
04-MAR-2026,509449,40.95,40.97,-0.0005,0.0379,0.0378,0.7222
04-MAR-2026,509470,19711.75,19672.00,0.0020,0.0258,0.0258,0.4929
04-MAR-2026,509472,373.00,373.00,0.0000,0.0279,0.0278,0.5311
04-MAR-2026,509486,66.55,74.69,-0.1154,0.0269,0.0280,0.5349
04-MAR-2026,509525,875.45,893.70,-0.0206,0.0210,0.0210,0.4012
04-MAR-2026,509546,28.00,28.00,0.0000,0.0382,0.0381,0.7279
04-MAR-2026,509563,20.39,20.72,-0.0161,0.0327,0.0326,0.6228
04-MAR-2026,509597,635.00,652.90,-0.0278,0.0308,0.0308,0.5884
04-MAR-2026,509650,38.74,38.74,0.0000,0.0008,0.0008,0.0153
04-MAR-2026,509732,169.55,175.30,-0.0334,0.0285,0.0286,0.5464
04-MAR-2026,509760,25.99,26.52,-0.0202,0.0369,0.0368,0.7031
04-MAR-2026,509762,50.89,49.90,0.0196,0.0202,0.0202,0.3859
04-MAR-2026,509782,17.95,17.95,0.0000,0.0000,0.0000,0.0000
04-MAR-2026,509835,15.50,15.00,0.0328,0.0439,0.0438,0.8368
04-MAR-2026,509845,501.65,528.05,-0.0513,0.0183,0.0186,0.3554
04-MAR-2026,509870,60.74,60.74,0.0000,0.0040,0.0040,0.0764
04-MAR-2026,509887,796.00,796.00,0.0000,0.0301,0.0300,0.5731
04-MAR-2026,509895,162.00,162.25,-0.0015,0.0245,0.0244,0.4662
04-MAR-2026,509910,25.00,25.00,0.0000,0.0218,0.0218,0.4165
04-MAR-2026,509917,99.54,99.54,0.0000,0.0097,0.0097,0.1853
04-MAR-2026,509945,933.60,1029.00,-0.0973,0.0363,0.0369,0.7050
04-MAR-2026,509953,705.95,672.35,0.0488,0.0306,0.0307,0.5865
04-MAR-2026,509960,1420.00,1450.00,-0.0209,0.0280,0.0279,0.5330
04-MAR-2026,510245,3.43,3.64,-0.0594,0.0243,0.0246,0.4700
04-MAR-2026,511000,19.50,18.47,0.0543,0.0343,0.0345,0.6591
04-MAR-2026,511012,0.66,0.67,-0.0150,0.0257,0.0256,0.4891
04-MAR-2026,511018,58.60,54.77,0.0676,0.0363,0.0365,0.6973
04-MAR-2026,511048,5.18,5.18,0.0000,0.0000,0.0000,0.0000
04-MAR-2026,511060,17.00,17.00,0.0000,0.0000,0.0000,0.0000
04-MAR-2026,511066,22.72,23.23,-0.0222,0.0262,0.0262,0.5006
04-MAR-2026,511074,990.00,990.00,0.0000,0.0029,0.0029,0.0554
04-MAR-2026,511092,6.23,6.35,-0.0191,0.0157,0.0157,0.2999
04-MAR-2026,511096,12.00,12.00,0.0000,0.0000,0.0000,0.0000
04-MAR-2026,511110,15.79,15.99,-0.0126,0.0510,0.0509,0.9724
04-MAR-2026,511122,81.40,81.00,0.0049,0.0448,0.0447,0.8540
04-MAR-2026,511131,15.99,15.92,0.0044,0.0315,0.0314,0.5999
04-MAR-2026,511147,60.00,62.00,-0.0328,0.0303,0.0303,0.5789
04-MAR-2026,511153,17.83,17.75,0.0045,0.0307,0.0306,0.5846
04-MAR-2026,511169,4.50,4.29,0.0478,0.0300,0.0301,0.5751
04-MAR-2026,511176,82.66,79.33,0.0411,0.0295,0.0296,0.5655
04-MAR-2026,511185,13.06,13.06,0.0000,0.0081,0.0081,0.1548
04-MAR-2026,511187,1.51,1.52,-0.0066,0.0412,0.0411,0.7852
04-MAR-2026,511200,123.50,123.50,0.0000,0.0148,0.0148,0.2828
04-MAR-2026,511246,4.31,3.92,0.0948,0.0343,0.0349,0.6668
04-MAR-2026,511254,61.75,61.75,0.0000,0.0000,0.0000,0.0000
04-MAR-2026,511260,47.28,49.59,-0.0477,0.0198,0.0200,0.3821
04-MAR-2026,511355,12.00,12.23,-0.0190,0.0260,0.0260,0.4967
04-MAR-2026,511359,51.28,49.48,0.0357,0.0290,0.0291,0.5560
04-MAR-2026,511377,28.50,28.50,0.0000,0.0275,0.0274,0.5235
04-MAR-2026,511391,55.30,58.21,-0.0513,0.0322,0.0324,0.6190
04-MAR-2026,511401,7.22,6.88,0.0482,0.0344,0.0345,0.6591
04-MAR-2026,511411,30.84,30.00,0.0276,0.0438,0.0438,0.8368
04-MAR-2026,511441,28.10,26.77,0.0485,0.0337,0.0338,0.6457
04-MAR-2026,511447,0.74,0.72,0.0274,0.0371,0.0370,0.7069
04-MAR-2026,511451,9.01,9.01,0.0000,0.0370,0.0369,0.7050
04-MAR-2026,511463,9.56,9.29,0.0286,0.0321,0.0321,0.6133
04-MAR-2026,511493,2.94,2.91,0.0103,0.0427,0.0426,0.8139
04-MAR-2026,511501,24.38,24.69,-0.0126,0.0290,0.0289,0.5521
04-MAR-2026,511507,56.00,56.00,0.0000,0.0368,0.0367,0.7012
04-MAR-2026,511509,26.00,26.35,-0.0134,0.0286,0.0285,0.5445
04-MAR-2026,511523,19.42,19.39,0.0015,0.0277,0.0277,0.5292
04-MAR-2026,511525,1.57,1.67,-0.0617,0.0272,0.0275,0.5254
04-MAR-2026,511533,39.01,37.05,0.0515,0.0352,0.0353,0.6744
04-MAR-2026,511535,34.77,36.59,-0.0510,0.0490,0.0490,0.9361
04-MAR-2026,511539,14.14,14.14,0.0000,0.0269,0.0268,0.5120
04-MAR-2026,511543,33.28,30.58,0.0846,0.0364,0.0368,0.7031
04-MAR-2026,511549,57.90,60.00,-0.0356,0.0280,0.0280,0.5349
04-MAR-2026,511557,3.89,3.99,-0.0254,0.0525,0.0524,1.0011
04-MAR-2026,511563,37.89,39.88,-0.0512,0.0288,0.0289,0.5521
04-MAR-2026,511571,117.80,123.75,-0.0493,0.0402,0.0403,0.7699
04-MAR-2026,511577,14.50,15.45,-0.0635,0.0354,0.0356,0.6801
04-MAR-2026,511585,3.14,3.18,-0.0127,0.0167,0.0167,0.3191
04-MAR-2026,511593,17.09,17.88,-0.0452,0.0422,0.0422,0.8062
04-MAR-2026,511601,7.94,8.24,-0.0371,0.0330,0.0330,0.6305
04-MAR-2026,511609,29.50,29.67,-0.0057,0.0202,0.0202,0.3859
04-MAR-2026,511626,81.48,83.73,-0.0272,0.0419,0.0419,0.8005
04-MAR-2026,511628,42.33,42.20,0.0031,0.0275,0.0275,0.5254
04-MAR-2026,511636,2.26,2.19,0.0315,0.0280,0.0280,0.5349
04-MAR-2026,511644,66.23,63.08,0.0487,0.1571,0.1568,2.9957
04-MAR-2026,511654,59.50,62.11,-0.0429,0.0420,0.0420,0.8024
04-MAR-2026,511658,17.92,17.70,0.0124,0.0330,0.0329,0.6286
04-MAR-2026,511664,11.64,11.59,0.0043,0.0402,0.0401,0.7661
04-MAR-2026,511672,29.54,29.91,-0.0124,0.0290,0.0289,0.5521
04-MAR-2026,511692,5.79,5.68,0.0192,0.0431,0.0430,0.8215
04-MAR-2026,511696,265.00,271.95,-0.0259,0.0380,0.0379,0.7241
04-MAR-2026,511700,0.46,0.45,0.0220,0.0331,0.0331,0.6324
04-MAR-2026,511702,169.65,165.45,0.0251,0.0280,0.0279,0.5330
04-MAR-2026,511710,1.90,2.00,-0.0513,0.0354,0.0355,0.6782
04-MAR-2026,511712,72.88,67.29,0.0798,0.0338,0.0342,0.6534
04-MAR-2026,511714,191.10,200.00,-0.0455,0.0287,0.0288,0.5502
04-MAR-2026,511716,5.17,5.11,0.0117,0.0377,0.0376,0.7183
04-MAR-2026,511728,16.49,15.71,0.0485,0.0339,0.0340,0.6496
04-MAR-2026,511738,36.00,36.00,0.0000,0.0164,0.0163,0.3114
04-MAR-2026,511740,135.70,142.80,-0.0510,0.0299,0.0301,0.5751
04-MAR-2026,511754,92.39,89.85,0.0279,0.0259,0.0259,0.4948
04-MAR-2026,511756,33.00,34.01,-0.0301,0.0324,0.0324,0.6190
04-MAR-2026,511758,66.01,67.32,-0.0197,0.0438,0.0437,0.8349
04-MAR-2026,511764,32.68,30.31,0.0753,0.0365,0.0368,0.7031
04-MAR-2026,512014,730.05,750.30,-0.0274,0.0261,0.0261,0.4986
04-MAR-2026,512018,9.14,9.39,-0.0270,0.0290,0.0290,0.5540
04-MAR-2026,512020,9370.00,9532.60,-0.0172,0.0285,0.0285,0.5445
04-MAR-2026,512022,244.45,244.45,0.0000,0.0000,0.0000,0.0000
04-MAR-2026,512025,40.80,43.33,-0.0602,0.0298,0.0300,0.5731
04-MAR-2026,512026,312.25,312.25,0.0000,0.0167,0.0167,0.3191
04-MAR-2026,512036,133.20,126.95,0.0481,0.0318,0.0319,0.6094
04-MAR-2026,512047,3.09,2.96,0.0430,0.0371,0.0371,0.7088
04-MAR-2026,512048,2.65,2.62,0.0114,0.0344,0.0344,0.6572
04-MAR-2026,512062,35.29,33.61,0.0488,0.0156,0.0159,0.3038
04-MAR-2026,512064,51.12,51.12,0.0000,0.0352,0.0352,0.6725
04-MAR-2026,512065,12.83,12.58,0.0197,0.1114,0.1112,2.1245
04-MAR-2026,512068,110.50,117.70,-0.0631,0.0356,0.0357,0.6820
04-MAR-2026,512091,11.61,11.06,0.0485,0.0348,0.0349,0.6668
04-MAR-2026,512093,4.22,4.31,-0.0211,0.0268,0.0268,0.5120
04-MAR-2026,512097,0.26,0.28,-0.0741,0.0377,0.0380,0.7260
04-MAR-2026,512099,954.20,954.20,0.0000,0.0264,0.0263,0.5025
04-MAR-2026,512101,17.40,17.40,0.0000,0.0000,0.0000,0.0000
04-MAR-2026,512103,307.95,318.90,-0.0349,0.0261,0.0262,0.5006
04-MAR-2026,512115,67.21,67.88,-0.0099,0.0359,0.0358,0.6840
04-MAR-2026,512117,3.67,3.67,0.0000,0.0000,0.0000,0.0000
04-MAR-2026,512149,1.03,1.08,-0.0474,0.0347,0.0348,0.6649
04-MAR-2026,512153,10.55,10.55,0.0000,0.0099,0.0098,0.1872
04-MAR-2026,512165,22.70,22.25,0.0200,0.0348,0.0348,0.6649
04-MAR-2026,512175,3.95,3.94,0.0025,0.0325,0.0324,0.6190
04-MAR-2026,512197,4.37,4.59,-0.0491,0.0342,0.0342,0.6534
04-MAR-2026,512213,2.71,2.71,0.0000,0.0000,0.0000,0.0000
04-MAR-2026,512217,26.00,27.36,-0.0510,0.0365,0.0366,0.6992
04-MAR-2026,512221,14.45,14.45,0.0000,0.0029,0.0029,0.0554
04-MAR-2026,512229,166.40,169.75,-0.0199,0.0158,0.0159,0.3038
04-MAR-2026,512247,2.56,2.59,-0.0117,0.0248,0.0248,0.4738
04-MAR-2026,512257,3.37,3.35,0.0060,0.0240,0.0239,0.4566
04-MAR-2026,512261,3.00,3.00,0.0000,0.0000,0.0000,0.0000
04-MAR-2026,512267,10.35,10.19,0.0156,0.0317,0.0316,0.6037
04-MAR-2026,512271,116.50,116.50,0.0000,0.0005,0.0005,0.0096
04-MAR-2026,512277,463.10,452.00,0.0243,0.1105,0.1102,2.1054
04-MAR-2026,512297,40.58,39.79,0.0197,0.0361,0.0360,0.6878
04-MAR-2026,512301,22.68,22.24,0.0196,0.0310,0.0310,0.5923
04-MAR-2026,512344,6.18,6.50,-0.0505,0.0342,0.0343,0.6553
04-MAR-2026,512345,189.00,180.90,0.0438,0.0264,0.0265,0.5063
04-MAR-2026,512361,28.84,30.35,-0.0510,0.0299,0.0301,0.5751
04-MAR-2026,512367,11.52,11.52,0.0000,0.0011,0.0011,0.0210
04-MAR-2026,512377,5.64,5.64,0.0000,0.0037,0.0037,0.0707
04-MAR-2026,512379,2.48,2.69,-0.0813,0.0295,0.0300,0.5731
04-MAR-2026,512393,27.31,27.84,-0.0192,0.0285,0.0284,0.5426
04-MAR-2026,512399,35.68,35.36,0.0090,0.0270,0.0269,0.5139
04-MAR-2026,512404,0.05,0.05,0.0000,0.0123,0.0123,0.2350
04-MAR-2026,512408,10.05,10.05,0.0000,0.0000,0.0000,0.0000
04-MAR-2026,512415,6.15,6.19,-0.0065,0.0323,0.0322,0.6152
04-MAR-2026,512425,590.00,615.00,-0.0415,0.0308,0.0309,0.5903
04-MAR-2026,512437,355.70,388.00,-0.0869,0.0323,0.0328,0.6266
04-MAR-2026,512441,0.44,0.50,-0.1278,0.0410,0.0419,0.8005
04-MAR-2026,512443,13.90,14.19,-0.0206,0.0335,0.0335,0.6400
04-MAR-2026,512453,600.05,608.45,-0.0139,0.0279,0.0279,0.5330
04-MAR-2026,512477,377.00,377.00,0.0000,0.0427,0.0426,0.8139
04-MAR-2026,512479,630.00,630.00,0.0000,0.0095,0.0095,0.1815
04-MAR-2026,512485,81.43,77.56,0.0487,0.0347,0.0348,0.6649
04-MAR-2026,512489,14.06,14.80,-0.0513,0.0453,0.0454,0.8674
04-MAR-2026,512493,61.79,63.45,-0.0265,0.0342,0.0342,0.6534
04-MAR-2026,512499,0.49,0.49,0.0000,0.0077,0.0076,0.1452
04-MAR-2026,512511,1.08,1.08,0.0000,0.0027,0.0027,0.0516
04-MAR-2026,512527,635.10,628.00,0.0112,0.0243,0.0243,0.4643
04-MAR-2026,512587,37.09,37.48,-0.0105,0.0349,0.0348,0.6649
04-MAR-2026,512589,153.30,159.65,-0.0406,0.0333,0.0333,0.6362
04-MAR-2026,512591,0.87,0.91,-0.0450,0.0424,0.0424,0.8101
04-MAR-2026,512595,758.00,764.90,-0.0091,0.0303,0.0303,0.5789
04-MAR-2026,512600,70.95,72.23,-0.0179,0.0282,0.0282,0.5388
04-MAR-2026,512604,7.80,7.65,0.0194,0.0334,0.0334,0.6381
04-MAR-2026,512618,10.05,11.02,-0.0921,0.0469,0.0472,0.9018
04-MAR-2026,512624,5.72,5.85,-0.0225,0.0319,0.0319,0.6094
04-MAR-2026,512634,154.80,153.65,0.0075,0.0237,0.0236,0.4509
04-MAR-2026,513005,40.93,42.00,-0.0258,0.0351,0.0351,0.6706
04-MAR-2026,513039,3.31,3.31,0.0000,0.0000,0.0000,0.0000
04-MAR-2026,513043,136.65,137.00,-0.0026,0.0351,0.0350,0.6687
04-MAR-2026,513059,32.22,31.26,0.0302,0.0270,0.0271,0.5177
04-MAR-2026,513063,22.00,21.55,0.0207,0.0398,0.0398,0.7604
04-MAR-2026,513117,6.59,6.64,-0.0076,0.0297,0.0296,0.5655
04-MAR-2026,513149,682.00,676.00,0.0088,0.0307,0.0306,0.5846
04-MAR-2026,513173,18.79,20.06,-0.0654,0.0321,0.0323,0.6171
04-MAR-2026,513252,805.00,833.00,-0.0342,0.0346,0.0346,0.6610
04-MAR-2026,513295,183.65,192.20,-0.0455,0.0412,0.0412,0.7871
04-MAR-2026,513303,13.86,13.41,0.0330,0.0318,0.0318,0.6075
04-MAR-2026,513307,1710.00,1798.95,-0.0507,0.0559,0.0558,1.0661
04-MAR-2026,513309,8.03,8.39,-0.0439,0.0370,0.0371,0.7088
04-MAR-2026,513337,0.53,0.57,-0.0728,0.0324,0.0328,0.6266
04-MAR-2026,513353,243.90,244.90,-0.0041,0.0253,0.0253,0.4834
04-MAR-2026,513361,15.09,15.03,0.0040,0.0341,0.0340,0.6496
04-MAR-2026,513369,129.25,126.15,0.0243,0.0319,0.0319,0.6094
04-MAR-2026,513397,12.09,12.72,-0.0508,0.0274,0.0276,0.5273
04-MAR-2026,513418,5.63,5.79,-0.0280,0.0329,0.0329,0.6286
04-MAR-2026,513422,30.50,32.50,-0.0635,0.0421,0.0422,0.8062
04-MAR-2026,513430,26.07,26.07,0.0000,0.0319,0.0318,0.6075
04-MAR-2026,513452,9.96,10.45,-0.0480,0.0356,0.0357,0.6820
04-MAR-2026,513456,53.74,55.38,-0.0301,0.0284,0.0284,0.5426
04-MAR-2026,513460,8.85,9.08,-0.0257,0.0353,0.0353,0.6744
04-MAR-2026,513472,457.25,466.05,-0.0191,0.0309,0.0308,0.5884
04-MAR-2026,513488,18.86,19.40,-0.0282,0.0333,0.0333,0.6362
04-MAR-2026,513496,262.00,260.00,0.0077,0.0388,0.0387,0.7394
04-MAR-2026,513498,75.35,79.00,-0.0473,0.0337,0.0338,0.6457
04-MAR-2026,513502,8.59,9.02,-0.0488,0.0367,0.0368,0.7031
04-MAR-2026,513507,163.55,163.55,0.0000,0.0247,0.0247,0.4719
04-MAR-2026,513511,310.55,339.20,-0.0882,0.0331,0.0336,0.6419
04-MAR-2026,513513,9.11,9.75,-0.0679,0.0464,0.0465,0.8884
04-MAR-2026,513528,71.51,75.27,-0.0512,0.0381,0.0381,0.7279
04-MAR-2026,513532,337.85,332.00,0.0175,0.0336,0.0335,0.6400
04-MAR-2026,513536,98.10,97.60,0.0051,0.0292,0.0291,0.5560
04-MAR-2026,513540,26.03,26.03,0.0000,0.0259,0.0258,0.4929
04-MAR-2026,513548,163.95,168.65,-0.0283,0.0396,0.0396,0.7566
04-MAR-2026,513566,11.91,12.61,-0.0571,0.0306,0.0308,0.5884
04-MAR-2026,513575,21.35,22.70,-0.0613,0.0332,0.0334,0.6381
04-MAR-2026,513579,5.84,5.57,0.0473,0.0250,0.0252,0.4814
04-MAR-2026,513629,23.00,23.34,-0.0147,0.0346,0.0346,0.6610
04-MAR-2026,513642,45.31,44.99,0.0071,0.0453,0.0452,0.8635
04-MAR-2026,513687,5.50,5.50,0.0000,0.0313,0.0312,0.5961
04-MAR-2026,513693,29.86,29.14,0.0244,0.0285,0.0285,0.5445
04-MAR-2026,513699,27.20,27.46,-0.0095,0.0363,0.0362,0.6916
04-MAR-2026,513709,177.30,178.95,-0.0093,0.0315,0.0314,0.5999
04-MAR-2026,513713,3.65,3.71,-0.0163,0.0275,0.0274,0.5235
04-MAR-2026,513721,16.25,17.10,-0.0510,0.0348,0.0349,0.6668
04-MAR-2026,514010,21.79,22.83,-0.0466,0.0344,0.0345,0.6591
04-MAR-2026,514028,35.73,39.00,-0.0876,0.0346,0.0351,0.6706
04-MAR-2026,514030,116.00,118.50,-0.0213,0.0244,0.0244,0.4662
04-MAR-2026,514060,5.00,4.88,0.0243,0.0287,0.0287,0.5483
04-MAR-2026,514087,52.81,54.92,-0.0392,0.0320,0.0321,0.6133
04-MAR-2026,514113,21.08,21.09,-0.0005,0.0287,0.0286,0.5464
04-MAR-2026,514128,37.10,37.10,0.0000,0.0313,0.0312,0.5961
04-MAR-2026,514138,313.00,325.05,-0.0378,0.0282,0.0282,0.5388
04-MAR-2026,514165,5.42,5.43,-0.0018,0.0238,0.0238,0.4547
04-MAR-2026,514171,44.93,45.16,-0.0051,0.0451,0.0450,0.8597
04-MAR-2026,514177,65.09,68.51,-0.0512,0.0267,0.0269,0.5139
04-MAR-2026,514183,77.90,78.91,-0.0129,0.0197,0.0196,0.3745
04-MAR-2026,514197,4.36,4.16,0.0470,0.0360,0.0361,0.6897
04-MAR-2026,514223,19.50,19.27,0.0119,0.0419,0.0418,0.7986
04-MAR-2026,514236,0.10,0.10,0.0000,0.0000,0.0000,0.0000
04-MAR-2026,514238,829.95,843.85,-0.0166,0.0282,0.0281,0.5368
04-MAR-2026,514240,6.14,6.10,0.0065,0.0300,0.0299,0.5712
04-MAR-2026,514248,32.50,34.01,-0.0454,0.0349,0.0350,0.6687
04-MAR-2026,514260,35.36,35.36,0.0000,0.0160,0.0160,0.3057
04-MAR-2026,514264,18.00,18.00,0.0000,0.0382,0.0381,0.7279
04-MAR-2026,514266,49.99,51.00,-0.0200,0.0235,0.0235,0.4490
04-MAR-2026,514272,111.95,112.50,-0.0049,0.0298,0.0297,0.5674
04-MAR-2026,514280,138.10,139.15,-0.0076,0.0432,0.0431,0.8234
04-MAR-2026,514302,153.00,153.65,-0.0042,0.0290,0.0289,0.5521
04-MAR-2026,514312,54.11,54.11,0.0000,0.0395,0.0395,0.7546
04-MAR-2026,514316,107.90,108.70,-0.0074,0.0306,0.0306,0.5846
04-MAR-2026,514318,430.25,423.00,0.0170,0.0226,0.0226,0.4318
04-MAR-2026,514322,75.17,85.23,-0.1256,0.0390,0.0399,0.7623
04-MAR-2026,514324,670.00,678.10,-0.0120,0.0336,0.0336,0.6419
04-MAR-2026,514326,7.50,7.33,0.0229,0.0323,0.0322,0.6152
04-MAR-2026,514330,595.05,626.35,-0.0513,0.0384,0.0385,0.7355
04-MAR-2026,514332,44.00,40.00,0.0953,0.0376,0.0381,0.7279
04-MAR-2026,514336,79.19,75.45,0.0484,0.0282,0.0284,0.5426
04-MAR-2026,514358,87.11,95.95,-0.0967,0.0447,0.0451,0.8616
04-MAR-2026,514360,27.27,28.70,-0.0511,0.0362,0.0363,0.6935
04-MAR-2026,514378,12.69,13.05,-0.0280,0.0322,0.0322,0.6152
04-MAR-2026,514386,9.04,8.03,0.1185,0.0315,0.0325,0.6209
04-MAR-2026,514400,22.79,22.90,-0.0048,0.0338,0.0337,0.6438
04-MAR-2026,514402,11.83,12.50,-0.0551,0.0320,0.0322,0.6152
04-MAR-2026,514412,161.85,161.85,0.0000,0.0305,0.0304,0.5808
04-MAR-2026,514414,9.46,9.28,0.0192,0.0212,0.0212,0.4050
04-MAR-2026,514428,286.65,295.40,-0.0301,0.0243,0.0243,0.4643
04-MAR-2026,514440,44.75,45.56,-0.0179,0.0292,0.0291,0.5560
04-MAR-2026,514442,18.85,19.00,-0.0079,0.0358,0.0357,0.6820
04-MAR-2026,514448,834.70,833.90,0.0010,0.0185,0.0184,0.3515
04-MAR-2026,514454,29.07,30.59,-0.0510,0.0314,0.0315,0.6018
04-MAR-2026,514460,15.35,16.15,-0.0508,0.0272,0.0274,0.5235
04-MAR-2026,514470,72.58,72.41,0.0023,0.0268,0.0267,0.5101
04-MAR-2026,515008,215.90,225.30,-0.0426,0.0341,0.0342,0.6534
04-MAR-2026,515043,96.50,97.81,-0.0135,0.0166,0.0166,0.3171
04-MAR-2026,515059,27.83,29.75,-0.0667,0.0380,0.0382,0.7298
04-MAR-2026,515085,6.38,6.06,0.0515,0.0362,0.0363,0.6935
04-MAR-2026,515147,89.62,90.61,-0.0110,0.0322,0.0321,0.6133
04-MAR-2026,516003,137.00,133.95,0.0225,0.0282,0.0281,0.5368
04-MAR-2026,516020,4.27,4.49,-0.0502,0.0299,0.0301,0.5751
04-MAR-2026,516032,6.17,6.67,-0.0779,0.0402,0.0405,0.7738
04-MAR-2026,516038,237.50,250.00,-0.0513,0.0309,0.0310,0.5923
04-MAR-2026,516062,6.00,5.89,0.0185,0.0276,0.0276,0.5273
04-MAR-2026,516078,56.35,56.86,-0.0090,0.0379,0.0378,0.7222
04-MAR-2026,516096,185.00,187.00,-0.0108,0.0407,0.0406,0.7757
04-MAR-2026,516098,7.13,7.25,-0.0167,0.0340,0.0339,0.6477
04-MAR-2026,516106,6.44,6.79,-0.0529,0.0321,0.0323,0.6171
04-MAR-2026,516108,91.00,93.09,-0.0227,0.0249,0.0249,0.4757
04-MAR-2026,516110,3.07,3.17,-0.0321,0.0271,0.0271,0.5177
04-MAR-2026,517035,164.95,166.60,-0.0100,0.0346,0.0345,0.6591
04-MAR-2026,517063,134.45,130.75,0.0279,0.0347,0.0347,0.6629
04-MAR-2026,517077,51.67,54.38,-0.0511,0.0288,0.0290,0.5540
04-MAR-2026,517096,69.24,72.39,-0.0445,0.0411,0.0412,0.7871
04-MAR-2026,517119,17.47,17.98,-0.0288,0.0298,0.0298,0.5693
04-MAR-2026,517166,137.40,143.90,-0.0462,0.0356,0.0356,0.6801
04-MAR-2026,517170,20.70,20.36,0.0166,0.0338,0.0338,0.6457
04-MAR-2026,517172,12.00,12.00,0.0000,0.0090,0.0090,0.1719
04-MAR-2026,517201,76.00,80.00,-0.0513,0.0370,0.0371,0.7088
04-MAR-2026,517230,13.56,12.92,0.0483,0.0322,0.0323,0.6171
04-MAR-2026,517236,75.19,78.96,-0.0489,0.0326,0.0327,0.6247
04-MAR-2026,517238,170.00,160.00,0.0606,0.0378,0.0379,0.7241
04-MAR-2026,517246,161.70,167.10,-0.0328,0.0346,0.0346,0.6610
04-MAR-2026,517258,138.20,136.95,0.0091,0.0349,0.0348,0.6649
04-MAR-2026,517264,79.56,79.56,0.0000,0.0308,0.0308,0.5884
04-MAR-2026,517286,48.07,50.60,-0.0513,0.0264,0.0265,0.5063
04-MAR-2026,517288,55.04,57.72,-0.0475,0.0338,0.0339,0.6477
04-MAR-2026,517320,64.42,63.16,0.0198,0.0372,0.0371,0.7088
04-MAR-2026,517336,12.79,12.19,0.0480,0.0189,0.0191,0.3649
04-MAR-2026,517356,1.15,1.23,-0.0673,0.0318,0.0321,0.6133
04-MAR-2026,517360,17.77,18.50,-0.0403,0.0387,0.0387,0.7394
04-MAR-2026,517370,82.25,85.94,-0.0439,0.0412,0.0412,0.7871
04-MAR-2026,517372,414.50,423.65,-0.0218,0.0253,0.0253,0.4834
04-MAR-2026,517393,9.81,10.32,-0.0507,0.0354,0.0355,0.6782
04-MAR-2026,517397,40.29,40.29,0.0000,0.0337,0.0337,0.6438
04-MAR-2026,517399,3.80,3.76,0.0106,0.0343,0.0342,0.6534
04-MAR-2026,517415,7.47,7.75,-0.0368,0.0350,0.0350,0.6687
04-MAR-2026,517417,239.25,245.15,-0.0244,0.0317,0.0317,0.6056
04-MAR-2026,517429,66.00,70.41,-0.0647,0.0304,0.0307,0.5865
04-MAR-2026,517431,20.96,22.05,-0.0507,0.0529,0.0529,1.0107
04-MAR-2026,517437,106.00,106.40,-0.0038,0.0298,0.0297,0.5674
04-MAR-2026,517449,911.75,923.15,-0.0124,0.0306,0.0305,0.5827
04-MAR-2026,517467,133.00,132.80,0.0015,0.0271,0.0271,0.5177
04-MAR-2026,517477,339.00,338.00,0.0030,0.0222,0.0222,0.4241
04-MAR-2026,517494,12.44,11.97,0.0385,0.0281,0.0282,0.5388
04-MAR-2026,517514,141.85,142.50,-0.0046,0.0378,0.0377,0.7203
04-MAR-2026,517546,41.98,43.26,-0.0300,0.0370,0.0369,0.7050
04-MAR-2026,517554,0.81,0.82,-0.0123,0.0303,0.0303,0.5789
04-MAR-2026,518011,55.50,60.94,-0.0935,0.0403,0.0407,0.7776
04-MAR-2026,518053,39.31,43.60,-0.1036,0.0262,0.0272,0.5197
04-MAR-2026,518075,237.65,238.50,-0.0036,0.0312,0.0311,0.5942
04-MAR-2026,519014,12.96,13.64,-0.0511,0.0335,0.0337,0.6438
04-MAR-2026,519064,124.95,127.45,-0.0198,0.0465,0.0464,0.8865
04-MAR-2026,519097,56.49,56.05,0.0078,0.0344,0.0343,0.6553
04-MAR-2026,519152,9830.00,9921.00,-0.0092,0.0237,0.0237,0.4528
04-MAR-2026,519174,10.45,10.45,0.0000,0.0342,0.0341,0.6515
04-MAR-2026,519191,1.46,1.48,-0.0136,0.0370,0.0369,0.7050
04-MAR-2026,519214,7.64,7.28,0.0483,0.0317,0.0318,0.6075
04-MAR-2026,519216,22.09,22.55,-0.0206,0.0288,0.0287,0.5483
04-MAR-2026,519230,17.02,15.46,0.0961,0.0331,0.0337,0.6438
04-MAR-2026,519234,32.38,33.92,-0.0465,0.0422,0.0422,0.8062
04-MAR-2026,519238,44.52,45.43,-0.0202,0.0295,0.0295,0.5636
04-MAR-2026,519242,65.55,69.00,-0.0513,0.0312,0.0313,0.5980
04-MAR-2026,519262,15.89,16.50,-0.0377,0.0397,0.0397,0.7585
04-MAR-2026,519285,6.06,6.37,-0.0499,0.0333,0.0334,0.6381
04-MAR-2026,519287,31.39,32.34,-0.0298,0.0318,0.0318,0.6075
04-MAR-2026,519295,195.85,197.30,-0.0074,0.0243,0.0243,0.4643
04-MAR-2026,519299,37.89,36.59,0.0349,0.0364,0.0364,0.6954
04-MAR-2026,519307,1.04,1.05,-0.0096,0.0423,0.0422,0.8062
04-MAR-2026,519331,39.00,37.98,0.0265,0.0356,0.0356,0.6801
04-MAR-2026,519353,15.86,15.86,0.0000,0.0157,0.0157,0.2999
04-MAR-2026,519359,67.20,64.68,0.0382,0.0313,0.0313,0.5980
04-MAR-2026,519367,473.35,473.35,0.0000,0.0322,0.0321,0.6133
04-MAR-2026,519397,143.65,149.50,-0.0399,0.0243,0.0244,0.4662
04-MAR-2026,519413,23.78,23.78,0.0000,0.0096,0.0096,0.1834
04-MAR-2026,519415,46.06,46.06,0.0000,0.0113,0.0113,0.2159
04-MAR-2026,519421,198.65,202.80,-0.0207,0.0224,0.0224,0.4280
04-MAR-2026,519457,30.47,30.02,0.0149,0.0314,0.0314,0.5999
04-MAR-2026,519463,708.65,674.95,0.0487,0.0399,0.0400,0.7642
04-MAR-2026,519471,162.95,163.00,-0.0003,0.0368,0.0367,0.7012
04-MAR-2026,519475,68.96,72.58,-0.0512,0.0297,0.0299,0.5712
04-MAR-2026,519477,1184.70,1247.05,-0.0513,0.0376,0.0377,0.7203
04-MAR-2026,519479,9.13,9.61,-0.0512,0.0361,0.0362,0.6916
04-MAR-2026,519483,29.00,26.01,0.1088,0.0365,0.0372,0.7107
04-MAR-2026,519500,8.24,8.90,-0.0771,0.0350,0.0353,0.6744
04-MAR-2026,519506,24.17,23.02,0.0487,0.0312,0.0313,0.5980
04-MAR-2026,519532,9.08,9.51,-0.0463,0.0240,0.0241,0.4604
04-MAR-2026,519566,148.10,151.00,-0.0194,0.0295,0.0294,0.5617
04-MAR-2026,519574,39.47,37.55,0.0499,0.0365,0.0366,0.6992
04-MAR-2026,519604,19.37,20.33,-0.0484,0.0454,0.0454,0.8674
04-MAR-2026,519606,41.25,39.29,0.0487,0.0303,0.0304,0.5808
04-MAR-2026,519612,76.19,76.79,-0.0078,0.0363,0.0362,0.6916
04-MAR-2026,520075,117.10,118.20,-0.0093,0.0213,0.0212,0.4050
04-MAR-2026,520081,17.86,17.86,0.0000,0.0214,0.0214,0.4088
04-MAR-2026,520121,15.41,15.11,0.0197,0.0359,0.0358,0.6840
04-MAR-2026,520123,67.11,65.40,0.0258,0.0299,0.0299,0.5712
04-MAR-2026,520127,12.52,13.00,-0.0376,0.0360,0.0360,0.6878
04-MAR-2026,520131,35.00,35.00,0.0000,0.0233,0.0232,0.4432
04-MAR-2026,520141,6.84,7.50,-0.0921,0.0336,0.0342,0.6534
04-MAR-2026,520155,36.75,38.20,-0.0387,0.0358,0.0358,0.6840
04-MAR-2026,521003,20.73,21.15,-0.0201,0.0116,0.0116,0.2216
04-MAR-2026,521005,0.79,0.83,-0.0494,0.0375,0.0376,0.7183
04-MAR-2026,521048,24.50,24.65,-0.0061,0.0375,0.0374,0.7145
04-MAR-2026,521054,10.25,9.89,0.0358,0.0422,0.0421,0.8043
04-MAR-2026,521062,4.59,4.83,-0.0510,0.0354,0.0355,0.6782
04-MAR-2026,521068,63.63,63.63,0.0000,0.0264,0.0264,0.5044
04-MAR-2026,521080,6.01,6.07,-0.0099,0.0381,0.0381,0.7279
04-MAR-2026,521097,131.15,132.15,-0.0076,0.0233,0.0232,0.4432
04-MAR-2026,521105,31.90,30.20,0.0548,0.0334,0.0336,0.6419
04-MAR-2026,521113,80.08,83.17,-0.0379,0.0334,0.0335,0.6400
04-MAR-2026,521131,25.46,24.11,0.0545,0.0306,0.0307,0.5865
04-MAR-2026,521133,5.32,5.32,0.0000,0.0225,0.0224,0.4280
04-MAR-2026,521137,4.95,5.21,-0.0512,0.0350,0.0351,0.6706
04-MAR-2026,521141,16.00,16.65,-0.0398,0.0266,0.0267,0.5101
04-MAR-2026,521149,7.96,7.74,0.0280,0.0381,0.0381,0.7279
04-MAR-2026,521151,61.49,60.30,0.0195,0.0307,0.0307,0.5865
04-MAR-2026,521161,25.67,27.00,-0.0505,0.0427,0.0428,0.8177
04-MAR-2026,521178,35.52,37.47,-0.0534,0.0334,0.0335,0.6400
04-MAR-2026,521206,1.24,1.37,-0.0997,0.0404,0.0409,0.7814
04-MAR-2026,521210,15.40,14.94,0.0303,0.0311,0.0311,0.5942
04-MAR-2026,521216,79.90,80.50,-0.0075,0.0293,0.0292,0.5579
04-MAR-2026,521222,42.50,44.71,-0.0507,0.0311,0.0312,0.5961
04-MAR-2026,521226,22.81,21.92,0.0398,0.0371,0.0371,0.7088
04-MAR-2026,521228,2.34,2.37,-0.0127,0.0289,0.0289,0.5521
04-MAR-2026,521232,75.60,75.60,0.0000,0.0291,0.0290,0.5540
04-MAR-2026,521234,31.70,35.10,-0.1019,0.0425,0.0430,0.8215
04-MAR-2026,521238,90.00,94.56,-0.0494,0.0397,0.0397,0.7585
04-MAR-2026,521240,99.00,99.78,-0.0078,0.0325,0.0325,0.6209
04-MAR-2026,521244,110.00,110.00,0.0000,0.0286,0.0285,0.5445
04-MAR-2026,522001,64.35,67.89,-0.0536,0.0347,0.0348,0.6649
04-MAR-2026,522004,82.83,86.51,-0.0435,0.0350,0.0351,0.6706
04-MAR-2026,522005,113.15,116.05,-0.0253,0.0288,0.0288,0.5502
04-MAR-2026,522017,568.75,566.40,0.0041,0.0287,0.0287,0.5483
04-MAR-2026,522036,76.00,76.00,0.0000,0.0223,0.0222,0.4241
04-MAR-2026,522091,37.41,38.17,-0.0201,0.1111,0.1108,2.1168
04-MAR-2026,522101,479.55,493.75,-0.0292,0.0220,0.0220,0.4203
04-MAR-2026,522105,31.80,32.65,-0.0264,0.0325,0.0324,0.6190
04-MAR-2026,522122,1519.55,1564.95,-0.0294,0.0215,0.0215,0.4108
04-MAR-2026,522134,134.00,140.20,-0.0452,0.0301,0.0302,0.5770
04-MAR-2026,522152,95.61,100.43,-0.0492,0.0338,0.0339,0.6477
04-MAR-2026,522165,38.13,36.54,0.0426,0.0293,0.0293,0.5598
04-MAR-2026,522183,258.15,266.25,-0.0309,0.0258,0.0258,0.4929
04-MAR-2026,522195,4191.75,4277.85,-0.0203,0.0336,0.0336,0.6419
04-MAR-2026,522207,54.95,54.82,0.0024,0.0339,0.0338,0.6457
04-MAR-2026,522209,5.30,5.21,0.0171,0.0450,0.0449,0.8578
04-MAR-2026,522229,245.70,253.60,-0.0316,0.0299,0.0299,0.5712
04-MAR-2026,522231,66.58,70.25,-0.0537,0.0381,0.0382,0.7298
04-MAR-2026,522235,2.18,2.13,0.0232,0.0321,0.0320,0.6114
04-MAR-2026,522237,24.18,27.50,-0.1287,0.0477,0.0485,0.9266
04-MAR-2026,522245,13.00,12.39,0.0481,0.0362,0.0362,0.6916
04-MAR-2026,522251,187.10,186.95,0.0008,0.0372,0.0371,0.7088
04-MAR-2026,522267,38.70,38.99,-0.0075,0.0421,0.0420,0.8024
04-MAR-2026,522273,161.65,173.85,-0.0728,0.0334,0.0337,0.6438
04-MAR-2026,522289,83.70,83.70,0.0000,0.0358,0.0357,0.6820
04-MAR-2026,522292,148.45,149.10,-0.0044,0.0270,0.0269,0.5139
04-MAR-2026,522294,171.80,180.65,-0.0502,0.0297,0.0299,0.5712
04-MAR-2026,522650,79.52,75.23,0.0555,0.0370,0.0371,0.7088
04-MAR-2026,523007,96.00,99.70,-0.0378,0.0325,0.0325,0.6209
04-MAR-2026,523019,14.72,14.94,-0.0148,0.0305,0.0304,0.5808
04-MAR-2026,523021,39.49,40.00,-0.0128,0.0366,0.0366,0.6992
04-MAR-2026,523054,2089.50,2089.50,0.0000,0.0240,0.0240,0.4585
04-MAR-2026,523062,58.00,61.00,-0.0504,0.0383,0.0384,0.7336
04-MAR-2026,523100,114.60,110.00,0.0410,0.0370,0.0370,0.7069
04-MAR-2026,523105,8.40,9.33,-0.1050,0.0379,0.0386,0.7375
04-MAR-2026,523116,701.10,701.10,0.0000,0.0281,0.0281,0.5368
04-MAR-2026,523120,109.90,112.10,-0.0198,0.0357,0.0356,0.6801
04-MAR-2026,523144,23.82,23.92,-0.0042,0.0276,0.0275,0.5254
04-MAR-2026,523151,8.15,8.57,-0.0502,0.0458,0.0458,0.8750
04-MAR-2026,523160,1291.55,1325.50,-0.0259,0.0226,0.0226,0.4318
04-MAR-2026,523186,162.00,155.10,0.0435,0.0325,0.0325,0.6209
04-MAR-2026,523222,18.89,19.27,-0.0199,0.0296,0.0296,0.5655
04-MAR-2026,523232,85.00,87.65,-0.0307,0.0276,0.0276,0.5273
04-MAR-2026,523242,7.01,6.68,0.0482,0.0370,0.0370,0.7069
04-MAR-2026,523248,241.25,254.95,-0.0552,0.0340,0.0341,0.6515
04-MAR-2026,523289,129.95,132.55,-0.0198,0.0354,0.0353,0.6744
04-MAR-2026,523309,88.05,83.62,0.0516,0.0340,0.0341,0.6515
04-MAR-2026,523315,2.24,2.24,0.0000,0.0023,0.0023,0.0439
04-MAR-2026,523323,5079.95,5306.30,-0.0436,0.0190,0.0192,0.3668
04-MAR-2026,523343,10.00,10.00,0.0000,0.0000,0.0000,0.0000
04-MAR-2026,523373,18.16,18.46,-0.0164,0.0337,0.0336,0.6419
04-MAR-2026,523387,1.21,1.22,-0.0082,0.0218,0.0217,0.4146
04-MAR-2026,523411,1286.35,1303.20,-0.0130,0.0362,0.0361,0.6897
04-MAR-2026,523449,46.44,45.93,0.0110,0.0378,0.0377,0.7203
04-MAR-2026,523465,40.05,40.07,-0.0005,0.0307,0.0307,0.5865
04-MAR-2026,523467,2.66,2.52,0.0541,0.0362,0.0363,0.6935
04-MAR-2026,523475,738.45,751.05,-0.0169,0.0385,0.0385,0.7355
04-MAR-2026,523483,132.10,133.25,-0.0087,0.0295,0.0294,0.5617
04-MAR-2026,523489,39.77,38.28,0.0382,0.0352,0.0352,0.6725
04-MAR-2026,523519,7.93,8.34,-0.0504,0.0355,0.0356,0.6801
04-MAR-2026,523537,41.05,39.30,0.0436,0.0248,0.0249,0.4757
04-MAR-2026,523550,37.12,36.65,0.0127,0.0296,0.0295,0.5636
04-MAR-2026,523558,15.54,16.20,-0.0416,0.0289,0.0289,0.5521
04-MAR-2026,523566,47.89,46.36,0.0325,0.0383,0.0383,0.7317
04-MAR-2026,523586,238.45,242.15,-0.0154,0.0179,0.0179,0.3420
04-MAR-2026,523594,23.99,23.49,0.0211,0.0404,0.0403,0.7699
04-MAR-2026,523606,946.15,945.20,0.0010,0.0363,0.0362,0.6916
04-MAR-2026,523620,81.86,82.27,-0.0050,0.0364,0.0363,0.6935
04-MAR-2026,523638,115.75,121.80,-0.0509,0.0313,0.0314,0.5999
04-MAR-2026,523650,46.34,45.00,0.0293,0.0445,0.0444,0.8483
04-MAR-2026,523652,28.35,28.35,0.0000,0.0300,0.0300,0.5731
04-MAR-2026,523660,47.06,49.53,-0.0512,0.0317,0.0318,0.6075
04-MAR-2026,523672,42.01,43.68,-0.0390,0.0299,0.0300,0.5731
04-MAR-2026,523676,289.75,299.05,-0.0316,0.0294,0.0294,0.5617
04-MAR-2026,523696,53.32,51.93,0.0264,0.0238,0.0238,0.4547
04-MAR-2026,523710,281.10,281.10,0.0000,0.0278,0.0278,0.5311
04-MAR-2026,523722,8.67,8.99,-0.0362,0.0322,0.0323,0.6171
04-MAR-2026,523732,58.38,56.17,0.0386,0.0376,0.0376,0.7183
04-MAR-2026,523752,5.81,5.41,0.0713,0.0348,0.0351,0.6706
04-MAR-2026,523782,14.86,14.38,0.0328,0.0364,0.0364,0.6954
04-MAR-2026,523790,7.40,7.40,0.0000,0.0240,0.0239,0.4566
04-MAR-2026,523826,21.66,22.10,-0.0201,0.0361,0.0361,0.6897
04-MAR-2026,523832,23.00,23.46,-0.0198,0.0492,0.0491,0.9381
04-MAR-2026,523840,16.58,16.94,-0.0215,0.0323,0.0323,0.6171
04-MAR-2026,523842,6.07,6.58,-0.0807,0.0274,0.0279,0.5330
04-MAR-2026,523844,48.88,45.20,0.0783,0.0329,0.0333,0.6362
04-MAR-2026,523850,404.60,399.75,0.0121,0.0270,0.0269,0.5139
04-MAR-2026,523862,30.88,31.31,-0.0138,0.0395,0.0394,0.7527
04-MAR-2026,523874,102.90,108.30,-0.0511,0.0386,0.0386,0.7375
04-MAR-2026,524031,9.39,8.96,0.0469,0.0267,0.0269,0.5139
04-MAR-2026,524038,5.33,5.31,0.0038,0.0403,0.0402,0.7680
04-MAR-2026,524055,37.08,37.08,0.0000,0.0245,0.0245,0.4681
04-MAR-2026,524080,53.13,57.50,-0.0790,0.0309,0.0314,0.5999
04-MAR-2026,524136,332.25,348.40,-0.0475,0.0316,0.0317,0.6056
04-MAR-2026,524156,45.00,46.72,-0.0375,0.0347,0.0347,0.6629
04-MAR-2026,524174,24.56,24.86,-0.0121,0.0323,0.0323,0.6171
04-MAR-2026,524202,90.21,92.13,-0.0211,0.0292,0.0291,0.5560
04-MAR-2026,524204,112.95,111.45,0.0134,0.0332,0.0331,0.6324
04-MAR-2026,524210,34.06,34.89,-0.0241,0.0456,0.0455,0.8693
04-MAR-2026,524218,95.05,93.77,0.0136,0.0275,0.0275,0.5254
04-MAR-2026,524238,63.75,63.75,0.0000,0.0280,0.0279,0.5330
04-MAR-2026,524288,45.66,46.84,-0.0255,0.0284,0.0283,0.5407
04-MAR-2026,524314,41.70,39.95,0.0429,0.0396,0.0396,0.7566
04-MAR-2026,524322,30.37,30.25,0.0040,0.0271,0.0271,0.5177
04-MAR-2026,524336,105.00,108.00,-0.0282,0.0334,0.0333,0.6362
04-MAR-2026,524400,69.99,68.15,0.0266,0.0312,0.0312,0.5961
04-MAR-2026,524408,128.05,127.50,0.0043,0.0355,0.0354,0.6763
04-MAR-2026,524414,14.38,14.03,0.0246,0.0370,0.0370,0.7069
04-MAR-2026,524434,8.64,8.79,-0.0172,0.0291,0.0290,0.5540
04-MAR-2026,524440,30.28,31.34,-0.0344,0.0307,0.0307,0.5865
04-MAR-2026,524444,1.52,1.53,-0.0066,0.0243,0.0242,0.4623
04-MAR-2026,524458,12.38,12.50,-0.0096,0.0459,0.0458,0.8750
04-MAR-2026,524480,457.20,473.50,-0.0350,0.0291,0.0291,0.5560
04-MAR-2026,524488,2.06,2.21,-0.0703,0.0285,0.0288,0.5502
04-MAR-2026,524502,88.90,88.90,0.0000,0.0298,0.0297,0.5674
04-MAR-2026,524506,419.05,429.40,-0.0244,0.0281,0.0281,0.5368
04-MAR-2026,524514,26.73,26.73,0.0000,0.0197,0.0196,0.3745
04-MAR-2026,524516,46.91,46.01,0.0194,0.0323,0.0323,0.6171
04-MAR-2026,524520,81.84,82.00,-0.0020,0.0227,0.0226,0.4318
04-MAR-2026,524522,31.00,32.80,-0.0564,0.0390,0.0391,0.7470
04-MAR-2026,524534,135.55,121.65,0.1082,0.0412,0.0419,0.8005
04-MAR-2026,524548,92.00,95.00,-0.0321,0.0447,0.0446,0.8521
04-MAR-2026,524564,12.16,12.80,-0.0513,0.0296,0.0297,0.5674
04-MAR-2026,524572,34.86,32.47,0.0710,0.0314,0.0317,0.6056
04-MAR-2026,524576,19.68,19.70,-0.0010,0.0310,0.0310,0.5923
04-MAR-2026,524580,20.26,20.24,0.0010,0.0394,0.0393,0.7508
04-MAR-2026,524582,153.05,157.95,-0.0315,0.0271,0.0271,0.5177
04-MAR-2026,524590,15.72,16.04,-0.0202,0.0444,0.0443,0.8464
04-MAR-2026,524592,11.85,12.08,-0.0192,0.0307,0.0306,0.5846
04-MAR-2026,524594,118.55,122.30,-0.0311,0.0334,0.0334,0.6381
04-MAR-2026,524602,29.95,29.50,0.0151,0.0408,0.0407,0.7776
04-MAR-2026,524606,18.62,16.87,0.0987,0.0375,0.0380,0.7260
04-MAR-2026,524614,6.74,6.97,-0.0336,0.0307,0.0308,0.5884
04-MAR-2026,524622,43.20,41.49,0.0404,0.0357,0.0357,0.6820
04-MAR-2026,524624,20.53,20.93,-0.0193,0.0410,0.0409,0.7814
04-MAR-2026,524628,17.34,17.35,-0.0006,0.0415,0.0414,0.7909
04-MAR-2026,524632,41.13,39.18,0.0486,0.0341,0.0342,0.6534
04-MAR-2026,524634,420.85,444.95,-0.0557,0.0258,0.0261,0.4986
04-MAR-2026,524636,50.00,50.00,0.0000,0.0352,0.0351,0.6706
04-MAR-2026,524640,38.99,38.94,0.0013,0.0293,0.0292,0.5579
04-MAR-2026,524642,1.55,1.55,0.0000,0.0408,0.0407,0.7776
04-MAR-2026,524661,0.30,0.30,0.0000,0.0363,0.0362,0.6916
04-MAR-2026,524663,16.93,17.21,-0.0164,0.0284,0.0284,0.5426
04-MAR-2026,524675,13.98,13.74,0.0173,0.0429,0.0428,0.8177
04-MAR-2026,524687,10.10,9.99,0.0110,0.0244,0.0243,0.4643
04-MAR-2026,524703,34.56,35.60,-0.0296,0.0243,0.0243,0.4643
04-MAR-2026,524711,6.00,5.80,0.0339,0.0359,0.0359,0.6859
04-MAR-2026,524717,253.75,220.20,0.1418,0.0388,0.0399,0.7623
04-MAR-2026,524731,999.95,998.00,0.0020,0.0245,0.0245,0.4681
04-MAR-2026,524748,27.00,27.73,-0.0267,0.0342,0.0342,0.6534
04-MAR-2026,524752,5.81,5.92,-0.0188,0.0361,0.0360,0.6878
04-MAR-2026,524768,26.65,24.43,0.0870,0.0397,0.0401,0.7661
04-MAR-2026,524790,276.35,296.70,-0.0711,0.0375,0.0378,0.7222
04-MAR-2026,524808,22.94,24.45,-0.0637,0.0375,0.0377,0.7203
04-MAR-2026,524818,93.63,87.37,0.0692,0.0342,0.0345,0.6591
04-MAR-2026,524828,376.65,389.30,-0.0330,0.0309,0.0309,0.5903
04-MAR-2026,526001,34.94,35.65,-0.0201,0.0373,0.0372,0.7107
04-MAR-2026,526025,12.39,12.82,-0.0341,0.0351,0.0351,0.6706
04-MAR-2026,526043,47.27,49.50,-0.0461,0.0308,0.0309,0.5903
04-MAR-2026,526071,586.00,558.95,0.0473,0.0882,0.0880,1.6812
04-MAR-2026,526073,455.95,464.25,-0.0180,0.0287,0.0287,0.5483
04-MAR-2026,526075,28.23,27.68,0.0197,0.0353,0.0353,0.6744
04-MAR-2026,526081,32.11,33.80,-0.0513,0.0400,0.0401,0.7661
04-MAR-2026,526095,37.99,38.08,-0.0024,0.0424,0.0423,0.8081
04-MAR-2026,526113,15.74,15.74,0.0000,0.0407,0.0406,0.7757
04-MAR-2026,526115,9.78,10.21,-0.0430,0.0374,0.0375,0.7164
04-MAR-2026,526117,379.15,386.85,-0.0201,0.0365,0.0364,0.6954
04-MAR-2026,526125,244.85,255.95,-0.0443,0.0341,0.0342,0.6534
04-MAR-2026,526133,6.28,5.55,0.1236,0.0370,0.0379,0.7241
04-MAR-2026,526137,95.25,104.90,-0.0965,0.0347,0.0353,0.6744
04-MAR-2026,526139,2.40,2.56,-0.0645,0.0364,0.0366,0.6992
04-MAR-2026,526143,7.24,7.27,-0.0041,0.0290,0.0290,0.5540
04-MAR-2026,526159,62.95,64.67,-0.0270,0.0277,0.0277,0.5292
04-MAR-2026,526161,84.00,83.30,0.0084,0.0471,0.0470,0.8979
04-MAR-2026,526169,185.80,187.20,-0.0075,0.0253,0.0253,0.4834
04-MAR-2026,526173,19.70,20.22,-0.0261,0.0236,0.0236,0.4509
04-MAR-2026,526179,200.10,201.75,-0.0082,0.0302,0.0302,0.5770
04-MAR-2026,526187,4.52,4.75,-0.0496,0.0428,0.0428,0.8177
04-MAR-2026,526193,17.85,18.44,-0.0325,0.0314,0.0314,0.5999
04-MAR-2026,526211,45.94,53.82,-0.1583,0.0362,0.0378,0.7222
04-MAR-2026,526225,13.50,13.60,-0.0074,0.0279,0.0278,0.5311
04-MAR-2026,526231,52.45,52.85,-0.0076,0.0347,0.0346,0.6610
04-MAR-2026,526237,52.07,52.01,0.0012,0.0366,0.0365,0.6973
04-MAR-2026,526241,13.63,13.99,-0.0261,0.0271,0.0271,0.5177
04-MAR-2026,526251,18.79,18.16,0.0341,0.0429,0.0428,0.8177
04-MAR-2026,526269,89.21,91.56,-0.0260,0.0340,0.0339,0.6477
04-MAR-2026,526315,50.90,50.49,0.0081,0.0210,0.0210,0.4012
04-MAR-2026,526335,7.17,7.54,-0.0503,0.0428,0.0428,0.8177
04-MAR-2026,526345,24.38,24.90,-0.0211,0.0367,0.0366,0.6992
04-MAR-2026,526355,50.86,56.89,-0.1120,0.0331,0.0339,0.6477
04-MAR-2026,526365,32.25,32.19,0.0019,0.0350,0.0349,0.6668
04-MAR-2026,526373,54.80,52.80,0.0372,0.0313,0.0314,0.5999
04-MAR-2026,526407,10.39,10.75,-0.0341,0.0285,0.0286,0.5464
04-MAR-2026,526409,6.65,7.03,-0.0556,0.0304,0.0306,0.5846
04-MAR-2026,526415,4.60,4.71,-0.0236,0.0351,0.0351,0.6706
04-MAR-2026,526431,22.71,22.71,0.0000,0.0248,0.0247,0.4719
04-MAR-2026,526433,2211.90,2303.10,-0.0404,0.0347,0.0348,0.6649
04-MAR-2026,526435,78.65,84.50,-0.0717,0.0377,0.0379,0.7241
04-MAR-2026,526439,10.00,10.00,0.0000,0.0334,0.0334,0.6381
04-MAR-2026,526441,1.20,1.22,-0.0165,0.0449,0.0448,0.8559
04-MAR-2026,526443,107.05,112.65,-0.0510,0.0341,0.0342,0.6534
04-MAR-2026,526445,7.31,7.86,-0.0725,0.0322,0.0325,0.6209
04-MAR-2026,526468,17.49,18.67,-0.0653,0.0391,0.0393,0.7508
04-MAR-2026,526471,19.47,18.95,0.0271,0.0274,0.0274,0.5235
04-MAR-2026,526473,4.86,4.79,0.0145,0.0293,0.0293,0.5598
04-MAR-2026,526477,34.00,35.00,-0.0290,0.0304,0.0304,0.5808
04-MAR-2026,526479,88.35,79.34,0.1076,0.0283,0.0293,0.5598
04-MAR-2026,526481,31.00,30.86,0.0045,0.0345,0.0345,0.6591
04-MAR-2026,526488,262.65,262.65,0.0000,0.0214,0.0214,0.4088
04-MAR-2026,526490,7.01,7.51,-0.0689,0.0313,0.0316,0.6037
04-MAR-2026,526492,89.86,89.98,-0.0013,0.0242,0.0241,0.4604
04-MAR-2026,526494,9.52,9.81,-0.0300,0.0446,0.0446,0.8521
04-MAR-2026,526500,24.00,24.00,0.0000,0.0402,0.0401,0.7661
04-MAR-2026,526508,13.75,13.88,-0.0094,0.0339,0.0338,0.6457
04-MAR-2026,526519,93.49,90.98,0.0272,0.0277,0.0277,0.5292
04-MAR-2026,526525,17.00,17.32,-0.0186,0.0388,0.0387,0.7394
04-MAR-2026,526530,84.99,81.38,0.0434,0.0271,0.0272,0.5197
04-MAR-2026,526532,7.79,8.58,-0.0966,0.0406,0.0410,0.7833
04-MAR-2026,526544,2.62,2.65,-0.0114,0.0337,0.0336,0.6419
04-MAR-2026,526546,92.60,102.30,-0.0996,0.0376,0.0382,0.7298
04-MAR-2026,526554,27.40,27.40,0.0000,0.0233,0.0232,0.4432
04-MAR-2026,526570,4452.65,4687.00,-0.0513,0.0295,0.0297,0.5674
04-MAR-2026,526574,21.45,23.68,-0.0989,0.0384,0.0389,0.7432
04-MAR-2026,526586,363.55,370.70,-0.0195,0.0181,0.0181,0.3458
04-MAR-2026,526588,16.75,16.05,0.0427,0.0400,0.0400,0.7642
04-MAR-2026,526604,51.83,49.37,0.0486,0.0410,0.0411,0.7852
04-MAR-2026,526614,59.77,58.03,0.0295,0.0337,0.0337,0.6438
04-MAR-2026,526616,46.51,45.50,0.0220,0.0233,0.0233,0.4451
04-MAR-2026,526622,0.37,0.38,-0.0267,0.0268,0.0268,0.5120
04-MAR-2026,526628,48.90,48.90,0.0000,0.0287,0.0286,0.5464
04-MAR-2026,526638,74.96,77.01,-0.0270,0.0315,0.0315,0.6018
04-MAR-2026,526640,30.68,29.99,0.0227,0.0339,0.0339,0.6477
04-MAR-2026,526654,127.50,127.20,0.0024,0.0344,0.0343,0.6553
04-MAR-2026,526675,24.05,24.54,-0.0202,0.0286,0.0286,0.5464
04-MAR-2026,526703,433.00,467.25,-0.0761,0.0306,0.0310,0.5923
04-MAR-2026,526705,182.85,191.00,-0.0436,0.0230,0.0231,0.4413
04-MAR-2026,526709,7.54,7.81,-0.0352,0.0325,0.0326,0.6228
04-MAR-2026,526711,30.50,31.36,-0.0278,0.0371,0.0370,0.7069
04-MAR-2026,526717,179.00,182.15,-0.0174,0.0362,0.0362,0.6916
04-MAR-2026,526721,66.60,66.75,-0.0022,0.0210,0.0210,0.4012
04-MAR-2026,526723,158.25,163.00,-0.0296,0.0315,0.0314,0.5999
04-MAR-2026,526727,85.62,86.64,-0.0118,0.0380,0.0379,0.7241
04-MAR-2026,526731,192.95,201.15,-0.0416,0.0346,0.0347,0.6629
04-MAR-2026,526739,347.90,347.75,0.0004,0.0208,0.0207,0.3955
04-MAR-2026,526747,222.05,211.55,0.0484,0.0288,0.0289,0.5521
04-MAR-2026,526751,17.28,18.18,-0.0508,0.0274,0.0276,0.5273
04-MAR-2026,526755,5.39,5.39,0.0000,0.0364,0.0363,0.6935
04-MAR-2026,526761,25.17,24.50,0.0270,0.0432,0.0432,0.8253
04-MAR-2026,526775,1032.50,983.35,0.0488,0.0316,0.0317,0.6056
04-MAR-2026,526783,4491.20,4573.30,-0.0181,0.0241,0.0241,0.4604
04-MAR-2026,526795,6.70,6.70,0.0000,0.0265,0.0264,0.5044
04-MAR-2026,526813,11.00,12.00,-0.0870,0.0478,0.0480,0.9170
04-MAR-2026,526821,245.00,243.65,0.0055,0.0277,0.0277,0.5292
04-MAR-2026,526823,5.11,4.87,0.0481,0.0305,0.0306,0.5846
04-MAR-2026,526827,253.85,259.00,-0.0201,0.0336,0.0336,0.6419
04-MAR-2026,526839,14.09,14.12,-0.0021,0.0468,0.0467,0.8922
04-MAR-2026,526841,24.91,26.09,-0.0463,0.0370,0.0371,0.7088
04-MAR-2026,526847,22.00,22.90,-0.0401,0.0284,0.0285,0.5445
04-MAR-2026,526851,113.00,118.00,-0.0433,0.0275,0.0276,0.5273
04-MAR-2026,526853,57.95,59.46,-0.0257,0.0325,0.0324,0.6190
04-MAR-2026,526859,0.90,0.91,-0.0110,0.0356,0.0355,0.6782
04-MAR-2026,526861,103.25,101.10,0.0210,0.0276,0.0275,0.5254
04-MAR-2026,526865,4.55,4.75,-0.0430,0.0364,0.0364,0.6954
04-MAR-2026,526869,18.40,18.59,-0.0103,0.0357,0.0356,0.6801
04-MAR-2026,526871,10.49,10.44,0.0048,0.0421,0.0420,0.8024
04-MAR-2026,526873,36.03,36.70,-0.0184,0.0359,0.0358,0.6840
04-MAR-2026,526877,22.02,22.44,-0.0189,0.0322,0.0321,0.6133
04-MAR-2026,526883,18.93,19.92,-0.0510,0.0213,0.0216,0.4127
04-MAR-2026,526891,12.57,13.10,-0.0413,0.0374,0.0374,0.7145
04-MAR-2026,526899,8.80,8.95,-0.0169,0.0286,0.0285,0.5445
04-MAR-2026,526901,35.94,36.56,-0.0171,0.0315,0.0314,0.5999
04-MAR-2026,526905,9.99,10.00,-0.0010,0.0327,0.0326,0.6228
04-MAR-2026,526931,104.45,108.60,-0.0390,0.0284,0.0284,0.5426
04-MAR-2026,526935,91.95,90.16,0.0197,0.1414,0.1410,2.6938
04-MAR-2026,526941,4.77,4.77,0.0000,0.0292,0.0291,0.5560
04-MAR-2026,526945,84.94,84.96,-0.0002,0.0315,0.0314,0.5999
04-MAR-2026,526961,5.64,5.67,-0.0053,0.0336,0.0336,0.6419
04-MAR-2026,526965,97.75,102.05,-0.0430,0.0312,0.0313,0.5980
04-MAR-2026,526967,6.69,6.68,0.0015,0.0505,0.0504,0.9629
04-MAR-2026,526971,194.55,200.05,-0.0279,0.0271,0.0271,0.5177
04-MAR-2026,526977,50.82,51.85,-0.0201,0.0190,0.0190,0.3630
04-MAR-2026,526981,164.90,160.85,0.0249,0.0272,0.0272,0.5197
04-MAR-2026,527005,105.45,113.85,-0.0766,0.0436,0.0438,0.8368
04-MAR-2026,530025,17.43,16.30,0.0670,0.0344,0.0347,0.6629
04-MAR-2026,530027,9.48,9.25,0.0246,0.0419,0.0418,0.7986
04-MAR-2026,530037,64.90,68.31,-0.0512,0.0259,0.0261,0.4986
04-MAR-2026,530043,278.10,271.30,0.0248,0.0323,0.0322,0.6152
04-MAR-2026,530045,37.69,34.46,0.0896,0.0297,0.0303,0.5789
04-MAR-2026,530053,4.53,4.59,-0.0132,0.0270,0.0270,0.5158
04-MAR-2026,530057,1.98,1.96,0.0102,0.0298,0.0297,0.5674
04-MAR-2026,530063,4.40,4.47,-0.0158,0.0338,0.0337,0.6438
04-MAR-2026,530065,14.02,14.75,-0.0508,0.0331,0.0332,0.6343
04-MAR-2026,530077,174.80,175.05,-0.0014,0.0248,0.0247,0.4719
04-MAR-2026,530095,0.20,0.19,0.0513,0.0384,0.0385,0.7355
04-MAR-2026,530109,1.92,1.99,-0.0358,0.0391,0.0391,0.7470
04-MAR-2026,530111,29.90,28.00,0.0657,0.0349,0.0351,0.6706
04-MAR-2026,530119,29.88,29.38,0.0169,0.0349,0.0348,0.6649
04-MAR-2026,530125,202.60,201.95,0.0032,0.0280,0.0280,0.5349
04-MAR-2026,530127,22.01,23.08,-0.0475,0.0482,0.0482,0.9209
04-MAR-2026,530129,1710.00,1715.10,-0.0030,0.0311,0.0310,0.5923
04-MAR-2026,530133,72.50,69.63,0.0404,0.0366,0.0367,0.7012
04-MAR-2026,530139,31.90,32.70,-0.0248,0.0456,0.0455,0.8693
04-MAR-2026,530141,34.34,34.34,0.0000,0.0392,0.0391,0.7470
04-MAR-2026,530145,26.04,27.67,-0.0607,0.0310,0.0312,0.5961
04-MAR-2026,530163,220.00,216.15,0.0177,0.0321,0.0321,0.6133
04-MAR-2026,530167,15.00,15.25,-0.0165,0.0309,0.0308,0.5884
04-MAR-2026,530169,27.69,28.55,-0.0306,0.0325,0.0325,0.6209
04-MAR-2026,530171,29.90,28.02,0.0649,0.0391,0.0393,0.7508
04-MAR-2026,530175,49.21,49.99,-0.0157,0.0336,0.0335,0.6400
04-MAR-2026,530177,23.00,23.53,-0.0228,0.0163,0.0163,0.3114
04-MAR-2026,530179,33.21,34.95,-0.0511,0.0297,0.0298,0.5693
04-MAR-2026,530185,4.27,4.46,-0.0435,0.0239,0.0241,0.4604
04-MAR-2026,530187,3.90,4.21,-0.0765,0.0450,0.0452,0.8635
04-MAR-2026,530197,299.35,300.00,-0.0022,0.0417,0.0415,0.7929
04-MAR-2026,530201,2.91,2.96,-0.0170,0.0328,0.0327,0.6247
04-MAR-2026,530207,22.35,22.36,-0.0004,0.0355,0.0354,0.6763
04-MAR-2026,530213,65.00,64.00,0.0155,0.0355,0.0354,0.6763
04-MAR-2026,530215,115.95,120.90,-0.0418,0.0307,0.0307,0.5865
04-MAR-2026,530217,12.25,12.83,-0.0463,0.0289,0.0290,0.5540
04-MAR-2026,530231,42.25,44.42,-0.0501,0.0240,0.0242,0.4623
04-MAR-2026,530233,288.30,284.00,0.0150,0.0339,0.0338,0.6457
04-MAR-2026,530235,45.01,44.99,0.0004,0.0354,0.0353,0.6744
04-MAR-2026,530245,616.55,626.90,-0.0166,0.0300,0.0299,0.5712
04-MAR-2026,530249,10.95,10.64,0.0287,0.0251,0.0251,0.4795
04-MAR-2026,530251,0.48,0.49,-0.0206,0.0379,0.0379,0.7241
04-MAR-2026,530253,16.81,17.69,-0.0510,0.0297,0.0298,0.5693
04-MAR-2026,530255,9.28,10.12,-0.0867,0.0368,0.0372,0.7107
04-MAR-2026,530259,29.80,29.02,0.0265,0.0387,0.0387,0.7394
04-MAR-2026,530263,0.50,0.51,-0.0198,0.0324,0.0323,0.6171
04-MAR-2026,530265,37.69,37.00,0.0185,0.0392,0.0391,0.7470
04-MAR-2026,530267,37.69,35.90,0.0487,0.0361,0.0362,0.6916
04-MAR-2026,530271,7.36,7.36,0.0000,0.0335,0.0335,0.6400
04-MAR-2026,530281,22.00,21.90,0.0046,0.0376,0.0375,0.7164
04-MAR-2026,530289,57.00,57.00,0.0000,0.0406,0.0405,0.7738
04-MAR-2026,530295,32.59,32.59,0.0000,0.0204,0.0204,0.3897
04-MAR-2026,530309,11.35,12.49,-0.0957,0.0313,0.0320,0.6114
04-MAR-2026,530313,30.35,31.52,-0.0378,0.0417,0.0417,0.7967
04-MAR-2026,530315,109.90,115.85,-0.0527,0.0302,0.0303,0.5789
04-MAR-2026,530317,75.60,75.58,0.0003,0.0328,0.0327,0.6247
04-MAR-2026,530331,410.65,409.25,0.0034,0.0267,0.0267,0.5101
04-MAR-2026,530341,113.25,124.80,-0.0971,0.0348,0.0354,0.6763
04-MAR-2026,530357,1.20,1.26,-0.0488,0.0339,0.0340,0.6496
04-MAR-2026,530361,41.00,41.29,-0.0070,0.0340,0.0339,0.6477
04-MAR-2026,530369,41.21,42.00,-0.0190,0.0396,0.0395,0.7546
04-MAR-2026,530401,45.56,46.89,-0.0288,0.0290,0.0290,0.5540
04-MAR-2026,530405,31.65,31.65,0.0000,0.0265,0.0265,0.5063
04-MAR-2026,530407,26.73,29.26,-0.0904,0.0332,0.0337,0.6438
04-MAR-2026,530419,35.20,34.54,0.0189,0.0260,0.0260,0.4967
04-MAR-2026,530421,9.00,8.41,0.0678,0.0414,0.0416,0.7948
04-MAR-2026,530427,154.45,156.90,-0.0157,0.0394,0.0393,0.7508
04-MAR-2026,530429,30.91,32.64,-0.0545,0.0396,0.0397,0.7585
04-MAR-2026,530433,34.46,35.89,-0.0407,0.0336,0.0337,0.6438
04-MAR-2026,530439,3.85,3.50,0.0953,0.0462,0.0466,0.8903
04-MAR-2026,530443,15.36,14.63,0.0487,0.0355,0.0355,0.6782
04-MAR-2026,530445,1.62,1.59,0.0187,0.0343,0.0342,0.6534
04-MAR-2026,530449,51.01,54.99,-0.0751,0.0310,0.0313,0.5980
04-MAR-2026,530457,59.28,59.89,-0.0102,0.0306,0.0305,0.5827
04-MAR-2026,530459,26.38,26.89,-0.0191,0.0326,0.0326,0.6228
04-MAR-2026,530461,12.71,12.98,-0.0210,0.0291,0.0290,0.5540
04-MAR-2026,530477,150.90,150.50,0.0027,0.0245,0.0244,0.4662
04-MAR-2026,530495,65.41,68.85,-0.0513,0.0398,0.0398,0.7604
04-MAR-2026,530499,1525.50,1533.50,-0.0052,0.0252,0.0251,0.4795
04-MAR-2026,530521,400.00,415.55,-0.0381,0.0304,0.0305,0.5827
04-MAR-2026,530525,3.44,3.62,-0.0510,0.0365,0.0366,0.6992
04-MAR-2026,530533,105.00,98.60,0.0629,0.0342,0.0344,0.6572
04-MAR-2026,530537,47.80,47.80,0.0000,0.0165,0.0164,0.3133
04-MAR-2026,530545,195.95,195.05,0.0046,0.0277,0.0276,0.5273
04-MAR-2026,530547,10.25,10.25,0.0000,0.0298,0.0297,0.5674
04-MAR-2026,530557,0.41,0.41,0.0000,0.0247,0.0247,0.4719
04-MAR-2026,530571,9.61,10.05,-0.0448,0.0347,0.0348,0.6649
04-MAR-2026,530577,50.20,50.25,-0.0010,0.0396,0.0395,0.7546
04-MAR-2026,530581,5.95,5.68,0.0464,0.0328,0.0329,0.6286
04-MAR-2026,530585,51.07,51.85,-0.0152,0.0287,0.0287,0.5483
04-MAR-2026,530589,114.35,116.55,-0.0191,0.0262,0.0261,0.4986
04-MAR-2026,530595,43.13,45.39,-0.0511,0.0460,0.0460,0.8788
04-MAR-2026,530601,52.90,53.98,-0.0202,0.0320,0.0320,0.6114
04-MAR-2026,530615,149.85,149.80,0.0003,0.0342,0.0341,0.6515
04-MAR-2026,530617,20.37,21.37,-0.0479,0.0282,0.0284,0.5426
04-MAR-2026,530621,94.26,91.23,0.0327,0.0325,0.0325,0.6209
04-MAR-2026,530627,194.70,201.90,-0.0363,0.0293,0.0294,0.5617
04-MAR-2026,530643,334.80,362.15,-0.0785,0.0302,0.0307,0.5865
04-MAR-2026,530663,0.84,0.83,0.0120,0.0337,0.0336,0.6419
04-MAR-2026,530665,3.10,3.10,0.0000,0.0248,0.0247,0.4719
04-MAR-2026,530675,65.10,62.00,0.0488,0.0346,0.0347,0.6629
04-MAR-2026,530689,49.45,53.12,-0.0716,0.0376,0.0379,0.7241
04-MAR-2026,530695,23.35,23.53,-0.0077,0.0370,0.0369,0.7050
04-MAR-2026,530697,19.97,20.05,-0.0040,0.0324,0.0323,0.6171
04-MAR-2026,530705,41.25,42.09,-0.0202,0.0445,0.0445,0.8502
04-MAR-2026,530709,85.72,90.00,-0.0487,0.0387,0.0388,0.7413
04-MAR-2026,530711,57.06,56.13,0.0164,0.0298,0.0298,0.5693
04-MAR-2026,530723,121.00,117.00,0.0336,0.0353,0.0353,0.6744
04-MAR-2026,530733,13.09,12.48,0.0477,0.0435,0.0435,0.8311
04-MAR-2026,530735,34.79,34.80,-0.0003,0.0340,0.0339,0.6477
04-MAR-2026,530741,149.90,151.40,-0.0100,0.0387,0.0386,0.7375
04-MAR-2026,530745,39.72,39.36,0.0091,0.0667,0.0666,1.2724
04-MAR-2026,530747,20.58,20.53,0.0024,0.0391,0.0390,0.7451
04-MAR-2026,530755,11.00,11.57,-0.0505,0.0521,0.0521,0.9954
04-MAR-2026,530757,59.66,59.66,0.0000,0.0144,0.0144,0.2751
04-MAR-2026,530765,21.85,22.99,-0.0509,0.0399,0.0400,0.7642
04-MAR-2026,530779,23.98,25.24,-0.0512,0.0332,0.0333,0.6362
04-MAR-2026,530787,41.61,41.61,0.0000,0.0310,0.0309,0.5903
04-MAR-2026,530789,156.50,156.50,0.0000,0.0331,0.0330,0.6305
04-MAR-2026,530795,11.75,11.75,0.0000,0.0343,0.0342,0.6534
04-MAR-2026,530797,13.91,13.25,0.0486,0.0270,0.0271,0.5177
04-MAR-2026,530799,27.58,29.00,-0.0502,0.0356,0.0357,0.6820
04-MAR-2026,530805,6.69,6.73,-0.0060,0.0358,0.0357,0.6820
04-MAR-2026,530809,38.58,38.79,-0.0054,0.0350,0.0350,0.6687
04-MAR-2026,530821,16.79,17.67,-0.0511,0.0465,0.0465,0.8884
04-MAR-2026,530825,42.42,44.65,-0.0512,0.0322,0.0323,0.6171
04-MAR-2026,530829,35.83,38.00,-0.0588,0.0325,0.0327,0.6247
04-MAR-2026,530839,6.15,6.47,-0.0507,0.0397,0.0398,0.7604
04-MAR-2026,530845,820.45,815.30,0.0063,0.0300,0.0299,0.5712
04-MAR-2026,530853,51.90,54.63,-0.0513,0.0336,0.0337,0.6438
04-MAR-2026,530855,101.05,103.10,-0.0201,0.0227,0.0227,0.4337
04-MAR-2026,530881,7.83,7.99,-0.0202,0.0324,0.0324,0.6190
04-MAR-2026,530883,8.16,8.08,0.0099,0.0349,0.0348,0.6649
04-MAR-2026,530897,150.00,148.65,0.0090,0.0297,0.0296,0.5655
04-MAR-2026,530899,40.74,40.74,0.0000,0.0315,0.0314,0.5999
04-MAR-2026,530907,39.90,39.90,0.0000,0.0253,0.0253,0.4834
04-MAR-2026,530909,52.00,54.03,-0.0383,0.0267,0.0268,0.5120
04-MAR-2026,530917,31.45,33.10,-0.0511,0.0144,0.0148,0.2828
04-MAR-2026,530921,8.73,8.73,0.0000,0.0244,0.0243,0.4643
04-MAR-2026,530925,114.25,116.95,-0.0234,0.0391,0.0390,0.7451
04-MAR-2026,530927,80.00,80.00,0.0000,0.0149,0.0149,0.2847
04-MAR-2026,530931,10.20,10.22,-0.0020,0.0373,0.0372,0.7107
04-MAR-2026,530951,54.84,55.50,-0.0120,0.0337,0.0337,0.6438
04-MAR-2026,530953,90.00,88.50,0.0168,0.0309,0.0308,0.5884
04-MAR-2026,530959,25.12,27.35,-0.0851,0.0271,0.0277,0.5292
04-MAR-2026,530973,74.40,67.78,0.0932,0.0460,0.0463,0.8846
04-MAR-2026,530977,143.20,151.40,-0.0557,0.0308,0.0309,0.5903
04-MAR-2026,530979,34.85,35.65,-0.0227,0.0268,0.0267,0.5101
04-MAR-2026,530991,41.85,46.90,-0.1139,0.0372,0.0380,0.7260
04-MAR-2026,530993,38.85,37.08,0.0466,0.0285,0.0287,0.5483
04-MAR-2026,530997,90.31,91.51,-0.0132,0.0290,0.0290,0.5540
04-MAR-2026,531003,83.57,83.57,0.0000,0.0344,0.0343,0.6553
04-MAR-2026,531015,24.40,24.20,0.0082,0.0294,0.0293,0.5598
04-MAR-2026,531017,19.06,19.69,-0.0325,0.0383,0.0383,0.7317
04-MAR-2026,531025,0.32,0.34,-0.0606,0.0236,0.0239,0.4566
04-MAR-2026,531027,17.00,17.00,0.0000,0.0331,0.0330,0.6305
04-MAR-2026,531033,25.32,26.65,-0.0512,0.0384,0.0385,0.7355
04-MAR-2026,531035,25.87,27.23,-0.0512,0.0358,0.0359,0.6859
04-MAR-2026,531041,370.90,367.05,0.0104,0.0214,0.0214,0.4088
04-MAR-2026,531043,24.50,24.50,0.0000,0.0351,0.0350,0.6687
04-MAR-2026,531049,18.07,17.21,0.0488,0.0335,0.0336,0.6419
04-MAR-2026,531051,12.42,13.01,-0.0464,0.0339,0.0340,0.6496
04-MAR-2026,531067,25.10,25.24,-0.0056,0.0378,0.0377,0.7203
04-MAR-2026,531069,389.25,348.20,0.1114,0.0263,0.0274,0.5235
04-MAR-2026,531080,38.69,39.19,-0.0128,0.0400,0.0399,0.7623
04-MAR-2026,531083,6.10,6.15,-0.0082,0.0387,0.0386,0.7375
04-MAR-2026,531091,25.99,26.28,-0.0111,0.0385,0.0384,0.7336
04-MAR-2026,531099,59.48,62.61,-0.0513,0.0306,0.0307,0.5865
04-MAR-2026,531111,37.10,37.00,0.0027,0.0314,0.0313,0.5980
04-MAR-2026,531119,258.20,270.00,-0.0447,0.0325,0.0325,0.6209
04-MAR-2026,531126,22.95,24.15,-0.0510,0.0351,0.0352,0.6725
04-MAR-2026,531129,11.65,11.60,0.0043,0.0333,0.0332,0.6343
04-MAR-2026,531137,1.49,1.43,0.0411,0.0300,0.0301,0.5751
04-MAR-2026,531144,14.60,14.78,-0.0123,0.0351,0.0350,0.6687
04-MAR-2026,531153,2.14,2.11,0.0141,0.0358,0.0357,0.6820
04-MAR-2026,531155,6.53,6.87,-0.0508,0.0336,0.0337,0.6438
04-MAR-2026,531156,3.83,3.67,0.0427,0.0335,0.0335,0.6400
04-MAR-2026,531157,17.25,18.15,-0.0509,0.0316,0.0317,0.6056
04-MAR-2026,531158,17.98,18.05,-0.0039,0.0338,0.0337,0.6438
04-MAR-2026,531161,208.95,217.00,-0.0378,0.0346,0.0346,0.6610
04-MAR-2026,531163,67.96,65.39,0.0385,0.0361,0.0361,0.6897
04-MAR-2026,531168,200.00,182.50,0.0916,0.0430,0.0434,0.8292
04-MAR-2026,531169,94.00,96.00,-0.0211,0.0345,0.0344,0.6572
04-MAR-2026,531173,46.70,47.77,-0.0227,0.0273,0.0273,0.5216
04-MAR-2026,531176,10.80,10.86,-0.0055,0.0309,0.0309,0.5903
04-MAR-2026,531178,13.18,13.84,-0.0489,0.0368,0.0368,0.7031
04-MAR-2026,531190,88.49,85.37,0.0359,0.0317,0.0318,0.6075
04-MAR-2026,531199,201.90,195.00,0.0348,0.0437,0.0437,0.8349
04-MAR-2026,531203,71.46,75.20,-0.0510,0.0271,0.0273,0.5216
04-MAR-2026,531205,0.55,0.57,-0.0357,0.0384,0.0384,0.7336
04-MAR-2026,531210,45.30,45.26,0.0009,0.0438,0.0437,0.8349
04-MAR-2026,531212,51.60,46.10,0.1127,0.0355,0.0363,0.6935
04-MAR-2026,531215,109.70,109.70,0.0000,0.0313,0.0312,0.5961
04-MAR-2026,531216,6.77,6.99,-0.0320,0.0265,0.0265,0.5063
04-MAR-2026,531219,3.52,3.70,-0.0499,0.0204,0.0207,0.3955
04-MAR-2026,531221,16.95,17.84,-0.0512,0.0362,0.0363,0.6935
04-MAR-2026,531223,23.05,23.46,-0.0176,0.0311,0.0311,0.5942
04-MAR-2026,531227,60.40,60.40,0.0000,0.0401,0.0400,0.7642
04-MAR-2026,531228,9.97,10.01,-0.0040,0.0152,0.0151,0.2885
04-MAR-2026,531233,12.38,12.67,-0.0232,0.0302,0.0301,0.5751
04-MAR-2026,531234,71.34,67.28,0.0586,0.0309,0.0311,0.5942
04-MAR-2026,531235,38.95,40.00,-0.0266,0.0338,0.0338,0.6457
04-MAR-2026,531237,205.90,206.70,-0.0039,0.0327,0.0326,0.6228
04-MAR-2026,531246,17.95,17.95,0.0000,0.0357,0.0356,0.6801
04-MAR-2026,531253,330.25,330.50,-0.0008,0.0202,0.0202,0.3859
04-MAR-2026,531254,13.05,14.04,-0.0731,0.0397,0.0399,0.7623
04-MAR-2026,531255,49.75,50.00,-0.0050,0.0485,0.0484,0.9247
04-MAR-2026,531257,16.59,17.10,-0.0303,0.0382,0.0381,0.7279
04-MAR-2026,531259,26.00,26.00,0.0000,0.0355,0.0354,0.6763
04-MAR-2026,531260,249.45,262.45,-0.0508,0.0343,0.0344,0.6572
04-MAR-2026,531262,22.00,22.00,0.0000,0.0266,0.0265,0.5063
04-MAR-2026,531268,39.80,38.98,0.0208,0.0358,0.0357,0.6820
04-MAR-2026,531273,1.48,1.51,-0.0201,0.0332,0.0331,0.6324
04-MAR-2026,531274,40.66,42.79,-0.0511,0.0225,0.0227,0.4337
04-MAR-2026,531278,99.00,99.60,-0.0060,0.0311,0.0310,0.5923
04-MAR-2026,531279,130.90,137.90,-0.0521,0.0299,0.0300,0.5731
04-MAR-2026,531280,58.71,59.91,-0.0202,0.0406,0.0405,0.7738
04-MAR-2026,531281,104.80,100.45,0.0424,0.0284,0.0285,0.5445
04-MAR-2026,531283,9.96,10.46,-0.0490,0.0279,0.0280,0.5349
04-MAR-2026,531286,25.33,25.33,0.0000,0.0238,0.0237,0.4528
04-MAR-2026,531287,250.70,245.00,0.0230,0.0309,0.0309,0.5903
04-MAR-2026,531288,20.40,19.55,0.0426,0.0336,0.0336,0.6419
04-MAR-2026,531289,158.00,160.00,-0.0126,0.0345,0.0344,0.6572
04-MAR-2026,531297,62.80,58.32,0.0740,0.0280,0.0284,0.5426
04-MAR-2026,531301,132.00,138.90,-0.0510,0.0308,0.0309,0.5903
04-MAR-2026,531304,24.60,24.60,0.0000,0.0320,0.0319,0.6094
04-MAR-2026,531306,499.80,507.60,-0.0155,0.0236,0.0236,0.4509
04-MAR-2026,531307,17.00,17.18,-0.0105,0.0249,0.0248,0.4738
04-MAR-2026,531310,137.90,137.45,0.0033,0.0252,0.0252,0.4814
04-MAR-2026,531314,14.50,14.50,0.0000,0.0335,0.0334,0.6381
04-MAR-2026,531319,40.90,39.58,0.0328,0.0347,0.0347,0.6629
04-MAR-2026,531323,11.61,11.61,0.0000,0.0307,0.0306,0.5846
04-MAR-2026,531324,20.11,20.70,-0.0289,0.0304,0.0304,0.5808
04-MAR-2026,531328,0.80,0.84,-0.0488,0.0443,0.0444,0.8483
04-MAR-2026,531334,30.69,29.24,0.0484,0.0277,0.0278,0.5311
04-MAR-2026,531338,18.85,18.75,0.0053,0.0297,0.0296,0.5655
04-MAR-2026,531340,55.00,55.60,-0.0109,0.0321,0.0321,0.6133
04-MAR-2026,531341,20.29,20.70,-0.0200,0.0313,0.0312,0.5961
04-MAR-2026,531346,28.00,27.81,0.0068,0.0368,0.0367,0.7012
04-MAR-2026,531352,21.00,21.00,0.0000,0.0330,0.0329,0.6286
04-MAR-2026,531357,32.70,31.72,0.0304,0.0335,0.0335,0.6400
04-MAR-2026,531359,290.70,292.00,-0.0045,0.0312,0.0311,0.5942
04-MAR-2026,531360,24.78,23.60,0.0488,0.0380,0.0381,0.7279
04-MAR-2026,531364,173.50,181.00,-0.0423,0.0302,0.0303,0.5789
04-MAR-2026,531370,4.98,4.35,0.1353,0.0356,0.0368,0.7031
04-MAR-2026,531380,83.50,83.50,0.0000,0.0430,0.0429,0.8196
04-MAR-2026,531381,1012.65,1041.35,-0.0279,0.0266,0.0266,0.5082
04-MAR-2026,531387,8.28,8.12,0.0195,0.0140,0.0140,0.2675
04-MAR-2026,531390,69.76,70.59,-0.0118,0.0293,0.0293,0.5598
04-MAR-2026,531395,2.19,2.30,-0.0490,0.0336,0.0337,0.6438
04-MAR-2026,531396,8.30,8.73,-0.0505,0.0314,0.0315,0.6018
04-MAR-2026,531397,24.58,24.82,-0.0097,0.0326,0.0325,0.6209
04-MAR-2026,531398,127.95,123.50,0.0354,0.0335,0.0335,0.6400
04-MAR-2026,531399,169.70,165.45,0.0254,0.0319,0.0318,0.6075
04-MAR-2026,531402,14.03,14.00,0.0021,0.0315,0.0314,0.5999
04-MAR-2026,531406,17.00,17.00,0.0000,0.0317,0.0316,0.6037
04-MAR-2026,531411,0.91,0.94,-0.0324,0.0310,0.0311,0.5942
04-MAR-2026,531412,185.10,190.80,-0.0303,0.0267,0.0267,0.5101
04-MAR-2026,531416,33.01,35.50,-0.0727,0.0382,0.0384,0.7336
04-MAR-2026,531417,2.25,2.24,0.0045,0.0318,0.0317,0.6056
04-MAR-2026,531432,13.10,13.10,0.0000,0.0410,0.0409,0.7814
04-MAR-2026,531433,2.54,2.54,0.0000,0.0336,0.0335,0.6400
04-MAR-2026,531436,30.57,29.12,0.0486,0.0365,0.0366,0.6992
04-MAR-2026,531437,23.45,22.60,0.0369,0.0289,0.0289,0.5521
04-MAR-2026,531441,20.01,20.01,0.0000,0.0321,0.0320,0.6114
04-MAR-2026,531454,17.71,18.26,-0.0306,0.0296,0.0296,0.5655
04-MAR-2026,531456,1.38,1.38,0.0000,0.0427,0.0426,0.8139
04-MAR-2026,531458,5.16,5.16,0.0000,0.0304,0.0303,0.5789
04-MAR-2026,531460,9.02,8.89,0.0145,0.0410,0.0410,0.7833
04-MAR-2026,531465,0.49,0.49,0.0000,0.0075,0.0074,0.1414
04-MAR-2026,531471,17.48,18.10,-0.0349,0.0355,0.0355,0.6782
04-MAR-2026,531472,60.37,57.50,0.0487,0.0394,0.0395,0.7546
04-MAR-2026,531486,1.84,1.84,0.0000,0.0324,0.0323,0.6171
04-MAR-2026,531489,193.05,188.30,0.0249,0.0280,0.0279,0.5330
04-MAR-2026,531499,1.80,1.82,-0.0110,0.0350,0.0349,0.6668
04-MAR-2026,531502,10.13,10.33,-0.0196,0.0176,0.0176,0.3362
04-MAR-2026,531503,29.00,29.25,-0.0086,0.0326,0.0326,0.6228
04-MAR-2026,531505,27.27,27.27,0.0000,0.0326,0.0326,0.6228
04-MAR-2026,531506,31.10,31.10,0.0000,0.0346,0.0345,0.6591
04-MAR-2026,531509,35.60,35.60,0.0000,0.0342,0.0341,0.6515
04-MAR-2026,531512,17.78,17.68,0.0056,0.0316,0.0316,0.6037
04-MAR-2026,531518,0.29,0.29,0.0000,0.0362,0.0361,0.6897
04-MAR-2026,531521,23.16,24.37,-0.0509,0.0254,0.0256,0.4891
04-MAR-2026,531525,211.85,212.85,-0.0047,0.0260,0.0260,0.4967
04-MAR-2026,531529,1.80,1.81,-0.0055,0.0321,0.0320,0.6114
04-MAR-2026,531533,55.52,52.88,0.0487,0.0325,0.0326,0.6228
04-MAR-2026,531537,174.85,183.35,-0.0475,0.0332,0.0333,0.6362
04-MAR-2026,531539,33.00,32.50,0.0153,0.0413,0.0412,0.7871
04-MAR-2026,531540,9.09,9.41,-0.0346,0.0248,0.0248,0.4738
04-MAR-2026,531541,2.28,2.40,-0.0513,0.0349,0.0350,0.6687
04-MAR-2026,531550,163.60,163.15,0.0028,0.0341,0.0340,0.6496
04-MAR-2026,531552,13.65,14.19,-0.0388,0.0300,0.0301,0.5751
04-MAR-2026,531553,20.77,19.87,0.0443,0.0442,0.0442,0.8444
04-MAR-2026,531557,48.65,51.21,-0.0513,0.0410,0.0410,0.7833
04-MAR-2026,531568,7.80,8.21,-0.0512,0.0363,0.0364,0.6954
04-MAR-2026,531569,173.65,186.95,-0.0738,0.0304,0.0308,0.5884
04-MAR-2026,531572,119.75,117.45,0.0194,0.0285,0.0285,0.5445
04-MAR-2026,531574,9.80,10.31,-0.0507,0.0357,0.0357,0.6820
04-MAR-2026,531578,9.28,8.84,0.0486,0.0396,0.0396,0.7566
04-MAR-2026,531582,24.99,23.80,0.0488,0.0389,0.0389,0.7432
04-MAR-2026,531583,34.94,33.87,0.0311,0.0376,0.0376,0.7183
04-MAR-2026,531585,8.94,9.41,-0.0512,0.0317,0.0318,0.6075
04-MAR-2026,531591,19.94,19.99,-0.0025,0.0257,0.0257,0.4910
04-MAR-2026,531592,1.13,1.14,-0.0088,0.0302,0.0302,0.5770
04-MAR-2026,531594,13.00,12.39,0.0481,0.0365,0.0365,0.6973
04-MAR-2026,531600,80.00,80.00,0.0000,0.0256,0.0255,0.4872
04-MAR-2026,531608,60.60,60.60,0.0000,0.0456,0.0455,0.8693
04-MAR-2026,531609,221.00,221.00,0.0000,0.0402,0.0401,0.7661
04-MAR-2026,531616,74.79,74.79,0.0000,0.0278,0.0277,0.5292
04-MAR-2026,531626,4.35,4.35,0.0000,0.0291,0.0290,0.5540
04-MAR-2026,531628,34.96,35.67,-0.0201,0.0310,0.0309,0.5903
04-MAR-2026,531635,85.04,87.00,-0.0228,0.0307,0.0306,0.5846
04-MAR-2026,531637,235.05,241.80,-0.0283,0.0278,0.0278,0.5311
04-MAR-2026,531640,8.97,8.97,0.0000,0.0177,0.0176,0.3362
04-MAR-2026,531644,20.66,19.00,0.0838,0.0414,0.0417,0.7967
04-MAR-2026,531651,52.18,50.50,0.0327,0.0320,0.0320,0.6114
04-MAR-2026,531652,89.03,85.58,0.0395,0.0352,0.0353,0.6744
04-MAR-2026,531658,10.92,11.49,-0.0509,0.0270,0.0272,0.5197
04-MAR-2026,531661,10.79,10.85,-0.0055,0.0422,0.0421,0.8043
04-MAR-2026,531663,5.08,4.91,0.0340,0.0344,0.0344,0.6572
04-MAR-2026,531667,27.01,27.34,-0.0121,0.0382,0.0381,0.7279
04-MAR-2026,531668,2.86,2.60,0.0953,0.0454,0.0458,0.8750
04-MAR-2026,531672,21.35,23.44,-0.0934,0.0380,0.0384,0.7336
04-MAR-2026,531673,27.17,28.00,-0.0301,0.0336,0.0336,0.6419
04-MAR-2026,531676,279.55,285.25,-0.0202,0.0243,0.0243,0.4643
04-MAR-2026,531680,22.57,23.75,-0.0510,0.0427,0.0427,0.8158
04-MAR-2026,531681,0.50,0.62,-0.2151,0.0422,0.0447,0.8540
04-MAR-2026,531688,123.70,133.40,-0.0755,0.0364,0.0367,0.7012
04-MAR-2026,531692,3.01,2.87,0.0476,0.0395,0.0395,0.7546
04-MAR-2026,531694,44.98,45.80,-0.0181,0.0357,0.0356,0.6801
04-MAR-2026,531716,2.20,2.23,-0.0135,0.0374,0.0373,0.7126
04-MAR-2026,531726,101.60,103.50,-0.0185,0.0275,0.0275,0.5254
04-MAR-2026,531727,56.17,58.42,-0.0393,0.0242,0.0243,0.4643
04-MAR-2026,531735,26.96,26.96,0.0000,0.0118,0.0118,0.2254
04-MAR-2026,531737,0.50,0.51,-0.0198,0.0128,0.0129,0.2465
04-MAR-2026,531739,10.74,11.00,-0.0239,0.0305,0.0305,0.5827
04-MAR-2026,531743,204.95,204.95,0.0000,0.0177,0.0177,0.3382
04-MAR-2026,531744,56.67,59.95,-0.0563,0.0378,0.0380,0.7260
04-MAR-2026,531752,0.64,0.65,-0.0155,0.0287,0.0286,0.5464
04-MAR-2026,531758,9.66,10.57,-0.0900,0.0387,0.0391,0.7470
04-MAR-2026,531762,20.08,21.00,-0.0448,0.0338,0.0339,0.6477
04-MAR-2026,531769,4.64,4.42,0.0486,0.0309,0.0310,0.5923
04-MAR-2026,531771,164.60,164.90,-0.0018,0.0263,0.0263,0.5025
04-MAR-2026,531778,28.08,28.33,-0.0089,0.0412,0.0411,0.7852
04-MAR-2026,531779,15.00,15.00,0.0000,0.0371,0.0370,0.7069
04-MAR-2026,531780,4.48,4.41,0.0157,0.0302,0.0301,0.5751
04-MAR-2026,531784,1.29,1.31,-0.0154,0.0258,0.0258,0.4929
04-MAR-2026,531794,101.23,96.41,0.0488,0.1156,0.1153,2.2028
04-MAR-2026,531797,94.27,94.82,-0.0058,0.0364,0.0363,0.6935
04-MAR-2026,531802,24.79,25.07,-0.0112,0.0299,0.0299,0.5712
04-MAR-2026,531810,51.84,56.56,-0.0871,0.0290,0.0296,0.5655
04-MAR-2026,531812,0.64,0.67,-0.0458,0.0325,0.0326,0.6228
04-MAR-2026,531813,77.80,80.60,-0.0354,0.0246,0.0247,0.4719
04-MAR-2026,531814,8.97,9.39,-0.0458,0.0342,0.0343,0.6553
04-MAR-2026,531821,28.35,28.35,0.0000,0.0315,0.0314,0.5999
04-MAR-2026,531822,179.40,179.50,-0.0006,0.0427,0.0426,0.8139
04-MAR-2026,531834,13.73,14.01,-0.0202,0.0445,0.0444,0.8483
04-MAR-2026,531840,36.60,37.36,-0.0206,0.0370,0.0370,0.7069
04-MAR-2026,531841,50.70,50.97,-0.0053,0.0333,0.0332,0.6343
04-MAR-2026,531842,45.66,47.35,-0.0363,0.0292,0.0292,0.5579
04-MAR-2026,531846,12.49,12.56,-0.0056,0.0445,0.0444,0.8483
04-MAR-2026,531847,571.20,585.00,-0.0239,0.0256,0.0256,0.4891
04-MAR-2026,531859,118.70,121.80,-0.0258,0.0303,0.0303,0.5789
04-MAR-2026,531861,42.07,42.99,-0.0216,0.0283,0.0283,0.5407
04-MAR-2026,531862,25.61,26.80,-0.0454,0.0251,0.0253,0.4834
04-MAR-2026,531867,3.53,3.71,-0.0497,0.0346,0.0347,0.6629
04-MAR-2026,531869,3.91,3.94,-0.0076,0.0330,0.0329,0.6286
04-MAR-2026,531870,14.52,15.22,-0.0471,0.0332,0.0333,0.6362
04-MAR-2026,531878,10.63,11.13,-0.0460,0.0334,0.0335,0.6400
04-MAR-2026,531885,8.13,8.13,0.0000,0.0003,0.0003,0.0057
04-MAR-2026,531888,58.12,62.96,-0.0800,0.0262,0.0267,0.5101
04-MAR-2026,531889,37.74,40.46,-0.0696,0.0374,0.0377,0.7203
04-MAR-2026,531893,0.38,0.40,-0.0513,0.0330,0.0331,0.6324
04-MAR-2026,531900,22.45,23.28,-0.0363,0.0429,0.0429,0.8196
04-MAR-2026,531902,24.21,25.48,-0.0511,0.0434,0.0434,0.8292
04-MAR-2026,531909,3.37,3.36,0.0030,0.0343,0.0342,0.6534
04-MAR-2026,531910,232.40,244.60,-0.0512,0.0406,0.0407,0.7776
04-MAR-2026,531911,44.45,42.90,0.0355,0.0374,0.0374,0.7145
04-MAR-2026,531913,11.65,11.68,-0.0026,0.0324,0.0323,0.6171
04-MAR-2026,531918,107.60,98.05,0.0929,0.0364,0.0369,0.7050
04-MAR-2026,531923,119.55,122.15,-0.0215,0.0302,0.0302,0.5770
04-MAR-2026,531925,1.25,1.26,-0.0080,0.0558,0.0557,1.0641
04-MAR-2026,531928,9.87,10.35,-0.0475,0.0177,0.0180,0.3439
04-MAR-2026,531930,28.96,29.98,-0.0346,0.0418,0.0417,0.7967
04-MAR-2026,531931,161.15,163.95,-0.0172,0.0323,0.0322,0.6152
04-MAR-2026,531944,19.22,19.17,0.0026,0.0372,0.0371,0.7088
04-MAR-2026,531950,3.56,3.35,0.0608,0.0294,0.0296,0.5655
04-MAR-2026,531952,70.21,71.75,-0.0217,0.0267,0.0267,0.5101
04-MAR-2026,531959,1.85,1.85,0.0000,0.0344,0.0343,0.6553
04-MAR-2026,531962,47.50,45.38,0.0457,0.0407,0.0407,0.7776
04-MAR-2026,531968,48.44,45.50,0.0626,0.0450,0.0451,0.8616
04-MAR-2026,531977,7.17,7.09,0.0112,0.0347,0.0346,0.6610
04-MAR-2026,531979,89.19,91.14,-0.0216,0.0330,0.0329,0.6286
04-MAR-2026,531980,32.35,34.03,-0.0506,0.0261,0.0263,0.5025
04-MAR-2026,531982,12.96,12.74,0.0171,0.0328,0.0327,0.6247
04-MAR-2026,531989,36.00,36.30,-0.0083,0.0294,0.0293,0.5598
04-MAR-2026,531991,0.51,0.54,-0.0572,0.0327,0.0328,0.6266
04-MAR-2026,531994,162.00,160.00,0.0124,0.0301,0.0300,0.5731
04-MAR-2026,531996,7.50,7.32,0.0243,0.0357,0.0357,0.6820
04-MAR-2026,531997,14.53,15.29,-0.0510,0.0325,0.0326,0.6228
04-MAR-2026,532001,50.03,50.03,0.0000,0.0349,0.0348,0.6649
04-MAR-2026,532005,43.72,40.06,0.0874,0.0360,0.0364,0.6954
04-MAR-2026,532007,29.20,27.82,0.0484,0.0291,0.0292,0.5579
04-MAR-2026,532011,49.83,52.16,-0.0457,0.0342,0.0343,0.6553
04-MAR-2026,532015,14.19,14.93,-0.0508,0.0378,0.0379,0.7241
04-MAR-2026,532016,285.50,293.95,-0.0292,0.0286,0.0286,0.5464
04-MAR-2026,532024,13.69,13.69,0.0000,0.0077,0.0076,0.1452
04-MAR-2026,532039,43.55,45.08,-0.0345,0.0237,0.0237,0.4528
04-MAR-2026,532041,7.61,7.61,0.0000,0.0376,0.0375,0.7164
04-MAR-2026,532042,28.50,27.44,0.0379,0.0364,0.0364,0.6954
04-MAR-2026,532053,77.50,76.00,0.0195,0.0341,0.0341,0.6515
04-MAR-2026,532056,149.25,154.90,-0.0372,0.0353,0.0353,0.6744
04-MAR-2026,532057,107.20,115.15,-0.0715,0.0351,0.0354,0.6763
04-MAR-2026,532067,1221.75,1337.20,-0.0903,0.0328,0.0334,0.6381
04-MAR-2026,532070,214.10,212.55,0.0073,0.0293,0.0292,0.5579
04-MAR-2026,532083,3.28,3.28,0.0000,0.0030,0.0030,0.0573
04-MAR-2026,532090,19.95,19.60,0.0177,0.0319,0.0318,0.6075
04-MAR-2026,532092,1.73,1.82,-0.0507,0.0358,0.0359,0.6859
04-MAR-2026,532100,11.79,11.85,-0.0051,0.0409,0.0408,0.7795
04-MAR-2026,532102,34.48,30.90,0.1096,0.0314,0.0322,0.6152
04-MAR-2026,532113,11.19,11.44,-0.0221,0.0411,0.0410,0.7833
04-MAR-2026,532123,5.01,5.15,-0.0276,0.0300,0.0300,0.5731
04-MAR-2026,532124,19.65,19.56,0.0046,0.0366,0.0365,0.6973
04-MAR-2026,532131,15.50,15.95,-0.0286,0.0365,0.0365,0.6973
04-MAR-2026,532140,2.85,3.13,-0.0937,0.0378,0.0383,0.7317
04-MAR-2026,532145,11.21,11.79,-0.0504,0.0316,0.0318,0.6075
04-MAR-2026,532154,0.49,0.50,-0.0202,0.0365,0.0364,0.6954
04-MAR-2026,532159,8.32,8.74,-0.0492,0.0416,0.0416,0.7948
04-MAR-2026,532160,10.85,10.95,-0.0092,0.0258,0.0257,0.4910
04-MAR-2026,532164,1.08,1.10,-0.0183,0.0339,0.0338,0.6457
04-MAR-2026,532183,8.49,8.13,0.0433,0.0334,0.0334,0.6381
04-MAR-2026,532217,33.01,32.42,0.0180,0.0304,0.0303,0.5789
04-MAR-2026,532230,147.30,155.00,-0.0510,0.0237,0.0239,0.4566
04-MAR-2026,532262,1435.00,1435.00,0.0000,0.0245,0.0244,0.4662
04-MAR-2026,532275,1.98,2.08,-0.0493,0.0302,0.0303,0.5789
04-MAR-2026,532284,25.81,25.61,0.0078,0.0292,0.0291,0.5560
04-MAR-2026,532303,3.15,3.80,-0.1876,0.0476,0.0493,0.9419
04-MAR-2026,532304,45.00,47.65,-0.0572,0.0412,0.0413,0.7890
04-MAR-2026,532315,5.67,5.96,-0.0499,0.0402,0.0403,0.7699
04-MAR-2026,532320,9.93,10.41,-0.0472,0.0396,0.0396,0.7566
04-MAR-2026,532323,17.34,18.03,-0.0390,0.0253,0.0254,0.4853
04-MAR-2026,532329,559.35,583.95,-0.0430,0.0337,0.0337,0.6438
04-MAR-2026,532333,58.54,57.50,0.0179,0.0284,0.0283,0.5407
04-MAR-2026,532334,65.87,69.67,-0.0561,0.0325,0.0327,0.6247
04-MAR-2026,532340,4.20,4.42,-0.0511,0.0492,0.0492,0.9400
04-MAR-2026,532344,199.10,199.15,-0.0003,0.0312,0.0311,0.5942
04-MAR-2026,532350,4.50,4.70,-0.0435,0.0336,0.0337,0.6438
04-MAR-2026,532354,3.89,3.90,-0.0026,0.0456,0.0455,0.8693
04-MAR-2026,532355,6.95,5.81,0.1792,0.0406,0.0424,0.8101
04-MAR-2026,532359,4.13,3.94,0.0471,0.0362,0.0363,0.6935
04-MAR-2026,532362,147.95,142.75,0.0358,0.0371,0.0371,0.7088
04-MAR-2026,532373,20.79,21.40,-0.0289,0.0291,0.0291,0.5560
04-MAR-2026,532378,5.00,4.82,0.0367,0.0479,0.0479,0.9151
04-MAR-2026,532379,6.78,6.64,0.0209,0.0422,0.0421,0.8043
04-MAR-2026,532380,15.63,15.33,0.0194,0.0341,0.0340,0.6496
04-MAR-2026,532384,106.15,110.45,-0.0397,0.0238,0.0239,0.4566
04-MAR-2026,532397,14.15,14.88,-0.0503,0.0386,0.0387,0.7394
04-MAR-2026,532402,8.30,8.25,0.0060,0.0360,0.0359,0.6859
04-MAR-2026,532404,35.30,37.94,-0.0721,0.0217,0.0223,0.4260
04-MAR-2026,532410,24.76,24.42,0.0138,0.0321,0.0320,0.6114
04-MAR-2026,532425,22.60,23.78,-0.0509,0.0436,0.0437,0.8349
04-MAR-2026,532435,6.42,6.78,-0.0546,0.0241,0.0244,0.4662
04-MAR-2026,532444,1.62,1.62,0.0000,0.0319,0.0318,0.6075
04-MAR-2026,532455,17.00,17.29,-0.0169,0.0308,0.0307,0.5865
04-MAR-2026,532467,30.31,30.61,-0.0098,0.0332,0.0331,0.6324
04-MAR-2026,532468,2541.20,2582.50,-0.0161,0.0183,0.0183,0.3496
04-MAR-2026,532470,96.09,96.09,0.0000,0.0210,0.0210,0.4012
04-MAR-2026,532485,70.93,71.37,-0.0062,0.0163,0.0163,0.3114
04-MAR-2026,532503,780.80,784.75,-0.0050,0.0193,0.0193,0.3687
04-MAR-2026,532645,2.75,2.37,0.1487,0.0498,0.0508,0.9705
04-MAR-2026,532656,2.64,2.37,0.1079,0.0286,0.0295,0.5636
04-MAR-2026,532676,8.94,8.73,0.0238,0.0394,0.0393,0.7508
04-MAR-2026,532701,13.52,13.52,0.0000,0.0314,0.0313,0.5980
04-MAR-2026,532723,30.42,31.38,-0.0311,0.0380,0.0380,0.7260
04-MAR-2026,532744,8.32,8.49,-0.0202,0.0410,0.0409,0.7814
04-MAR-2026,532806,26.18,26.74,-0.0212,0.0449,0.0449,0.8578
04-MAR-2026,532820,14.20,14.92,-0.0495,0.0363,0.0363,0.6935
04-MAR-2026,532825,3.99,4.00,-0.0025,0.0409,0.0408,0.7795
04-MAR-2026,532829,228.25,227.65,0.0026,0.0269,0.0269,0.5139
04-MAR-2026,532855,147.00,143.00,0.0276,0.0328,0.0328,0.6266
04-MAR-2026,532879,269.90,260.15,0.0368,0.0313,0.0313,0.5980
04-MAR-2026,532893,73.24,75.39,-0.0289,0.0407,0.0407,0.7776
04-MAR-2026,532911,5.82,7.07,-0.1946,0.0269,0.0302,0.5770
04-MAR-2026,532918,24.90,24.69,0.0085,0.0317,0.0316,0.6037
04-MAR-2026,532933,49.37,50.18,-0.0163,0.0305,0.0304,0.5808
04-MAR-2026,532957,64.15,67.45,-0.0502,0.0369,0.0370,0.7069
04-MAR-2026,532975,9.62,9.15,0.0501,0.0337,0.0338,0.6457
04-MAR-2026,532985,86.05,87.89,-0.0212,0.0089,0.0090,0.1719
04-MAR-2026,532992,32.71,30.51,0.0696,0.0368,0.0370,0.7069
04-MAR-2026,533007,6.50,6.69,-0.0288,0.0300,0.0300,0.5731
04-MAR-2026,533014,50.81,51.25,-0.0086,0.0291,0.0290,0.5540
04-MAR-2026,533019,1400.10,1455.00,-0.0385,0.0331,0.0331,0.6324
04-MAR-2026,533056,20.12,19.58,0.0272,0.0276,0.0276,0.5273
04-MAR-2026,533095,6043.30,6174.20,-0.0214,0.0167,0.0167,0.3191
04-MAR-2026,533100,7.02,7.38,-0.0500,0.0301,0.0303,0.5789
04-MAR-2026,533101,115.00,120.15,-0.0438,0.0345,0.0345,0.6591
04-MAR-2026,533108,35.21,37.93,-0.0744,0.0342,0.0345,0.6591
04-MAR-2026,533110,12.76,12.76,0.0000,0.0395,0.0394,0.7527
04-MAR-2026,533149,6.60,6.50,0.0153,0.0477,0.0476,0.9094
04-MAR-2026,533167,75.66,76.15,-0.0065,0.0313,0.0312,0.5961
04-MAR-2026,533170,148.20,152.55,-0.0289,0.0275,0.0275,0.5254
04-MAR-2026,533202,3.38,3.41,-0.0088,0.0374,0.0373,0.7126
04-MAR-2026,533212,56.58,56.29,0.0051,0.0337,0.0337,0.6438
04-MAR-2026,533268,3.92,3.92,0.0000,0.0426,0.0425,0.8120
04-MAR-2026,533285,36.01,36.96,-0.0260,0.0389,0.0389,0.7432
04-MAR-2026,533289,65.23,63.99,0.0192,0.0362,0.0361,0.6897
04-MAR-2026,533315,70.67,75.91,-0.0715,0.0348,0.0351,0.6706
04-MAR-2026,533407,119.50,108.86,0.0933,0.0387,0.0391,0.7470
04-MAR-2026,533427,23.26,24.02,-0.0322,0.0326,0.0326,0.6228
04-MAR-2026,533477,435.00,447.75,-0.0289,0.0212,0.0213,0.4069
04-MAR-2026,533602,0.75,0.73,0.0270,0.0245,0.0246,0.4700
04-MAR-2026,533608,173.00,172.25,0.0043,0.0285,0.0284,0.5426
04-MAR-2026,533896,17.38,16.82,0.0328,0.0426,0.0426,0.8139
04-MAR-2026,534060,1.84,1.85,-0.0054,0.0321,0.0320,0.6114
04-MAR-2026,534063,38.00,38.75,-0.0195,0.0435,0.0434,0.8292
04-MAR-2026,534064,1.43,1.47,-0.0276,0.0322,0.0322,0.6152
04-MAR-2026,534190,2.95,3.05,-0.0333,0.0506,0.0505,0.9648
04-MAR-2026,534338,11.75,11.75,0.0000,0.0371,0.0370,0.7069
04-MAR-2026,534422,9.53,9.72,-0.0197,0.0378,0.0377,0.7203
04-MAR-2026,534612,16.99,16.71,0.0166,0.0291,0.0291,0.5560
04-MAR-2026,534623,41.82,41.31,0.0123,0.0377,0.0376,0.7183
04-MAR-2026,534639,22.85,24.00,-0.0491,0.0382,0.0382,0.7298
04-MAR-2026,534691,14.01,14.00,0.0007,0.0348,0.0347,0.6629
04-MAR-2026,534732,33.69,35.28,-0.0461,0.0360,0.0361,0.6897
04-MAR-2026,534733,23.13,23.32,-0.0082,0.0317,0.0317,0.6056
04-MAR-2026,534741,0.49,0.51,-0.0400,0.0324,0.0324,0.6190
04-MAR-2026,534755,0.94,0.95,-0.0106,0.0477,0.0475,0.9075
04-MAR-2026,534796,117.85,112.50,0.0465,0.0309,0.0310,0.5923
04-MAR-2026,534920,39.46,38.69,0.0197,0.0206,0.0206,0.3936
04-MAR-2026,535204,2.84,2.85,-0.0035,0.0423,0.0422,0.8062
04-MAR-2026,535205,3.25,3.07,0.0570,0.0360,0.0361,0.6897
04-MAR-2026,535267,7.70,7.75,-0.0065,0.0248,0.0248,0.4738
04-MAR-2026,535276,877.19,887.40,-0.0116,0.0067,0.0068,0.1299
04-MAR-2026,535387,55.35,57.35,-0.0355,0.0391,0.0391,0.7470
04-MAR-2026,535431,0.65,0.66,-0.0153,0.0281,0.0280,0.5349
04-MAR-2026,535514,6.05,6.05,0.0000,0.0312,0.0311,0.5942
04-MAR-2026,535566,118.90,108.10,0.0952,0.0403,0.0408,0.7795
04-MAR-2026,535620,345.00,342.30,0.0079,0.0453,0.0452,0.8635
04-MAR-2026,535621,125.25,131.80,-0.0510,0.0401,0.0402,0.7680
04-MAR-2026,535657,7.03,7.39,-0.0499,0.0462,0.0462,0.8826
04-MAR-2026,535667,183.90,185.00,-0.0060,0.0482,0.0480,0.9170
04-MAR-2026,535693,161.55,162.20,-0.0040,0.0309,0.0309,0.5903
04-MAR-2026,535719,27.35,26.05,0.0487,0.0387,0.0388,0.7413
04-MAR-2026,535730,0.52,0.53,-0.0190,0.0328,0.0327,0.6247
04-MAR-2026,535910,0.82,0.78,0.0500,0.0316,0.0318,0.6075
04-MAR-2026,535916,57.13,55.11,0.0360,0.0376,0.0375,0.7164
04-MAR-2026,536073,1.97,1.98,-0.0051,0.0351,0.0351,0.6706
04-MAR-2026,536493,318.30,320.80,-0.0078,0.0288,0.0288,0.5502
04-MAR-2026,536565,54.97,57.22,-0.0401,0.0309,0.0309,0.5903
04-MAR-2026,536659,4.49,4.67,-0.0393,0.0288,0.0289,0.5521
04-MAR-2026,536672,6.15,6.24,-0.0145,0.0335,0.0334,0.6381
04-MAR-2026,536709,10.93,11.50,-0.0508,0.0297,0.0299,0.5712
04-MAR-2026,536974,67.27,69.54,-0.0332,0.0281,0.0282,0.5388
04-MAR-2026,537069,11.95,12.10,-0.0125,0.0301,0.0301,0.5751
04-MAR-2026,537253,65.53,66.90,-0.0207,0.0329,0.0329,0.6286
04-MAR-2026,537326,64.40,65.00,-0.0093,0.0287,0.0286,0.5464
04-MAR-2026,537536,74.62,72.06,0.0349,0.0262,0.0262,0.5006
04-MAR-2026,537707,0.97,1.02,-0.0503,0.0433,0.0433,0.8272
04-MAR-2026,537709,4.42,4.41,0.0023,0.0274,0.0273,0.5216
04-MAR-2026,537750,176.65,180.25,-0.0202,0.0251,0.0251,0.4795
04-MAR-2026,537766,1.70,1.72,-0.0117,0.0368,0.0367,0.7012
04-MAR-2026,537800,0.89,0.92,-0.0332,0.0352,0.0352,0.6725
04-MAR-2026,537839,94.65,96.00,-0.0142,0.0330,0.0330,0.6305
04-MAR-2026,537840,50.75,50.75,0.0000,0.0308,0.0308,0.5884
04-MAR-2026,537985,17.62,17.36,0.0149,0.0342,0.0341,0.6515
04-MAR-2026,538081,5.29,5.39,-0.0187,0.0397,0.0396,0.7566
04-MAR-2026,538092,104.65,105.00,-0.0033,0.0313,0.0312,0.5961
04-MAR-2026,538212,0.38,0.38,0.0000,0.0381,0.0380,0.7260
04-MAR-2026,538273,23.12,24.51,-0.0584,0.0412,0.0413,0.7890
04-MAR-2026,538351,2.19,2.23,-0.0181,0.0342,0.0341,0.6515
04-MAR-2026,538382,91.44,95.35,-0.0419,0.0279,0.0280,0.5349
04-MAR-2026,538395,74.00,75.00,-0.0134,0.0334,0.0334,0.6381
04-MAR-2026,538401,133.40,138.25,-0.0357,0.0365,0.0365,0.6973
04-MAR-2026,538422,0.45,0.46,-0.0220,0.0328,0.0327,0.6247
04-MAR-2026,538451,3.07,3.23,-0.0508,0.0900,0.0898,1.7156
04-MAR-2026,538464,4.29,4.18,0.0260,0.0444,0.0444,0.8483
04-MAR-2026,538465,13.36,13.07,0.0219,0.0387,0.0386,0.7375
04-MAR-2026,538476,16.64,16.22,0.0256,0.0358,0.0358,0.6840
04-MAR-2026,538520,1.60,1.67,-0.0428,0.0247,0.0248,0.4738
04-MAR-2026,538521,89.20,89.20,0.0000,0.0317,0.0316,0.6037
04-MAR-2026,538539,9.80,9.89,-0.0091,0.0312,0.0311,0.5942
04-MAR-2026,538540,10.61,10.82,-0.0196,0.0323,0.0322,0.6152
04-MAR-2026,538546,112.30,115.75,-0.0303,0.0283,0.0283,0.5407
04-MAR-2026,538556,112.35,111.85,0.0045,0.0306,0.0305,0.5827
04-MAR-2026,538563,431.00,431.00,0.0000,0.0171,0.0170,0.3248
04-MAR-2026,538564,301.80,309.10,-0.0239,0.0254,0.0254,0.4853
04-MAR-2026,538565,177.60,184.15,-0.0362,0.0349,0.0349,0.6668
04-MAR-2026,538568,43.75,43.49,0.0060,0.0317,0.0316,0.6037
04-MAR-2026,538569,1.05,1.14,-0.0822,0.0399,0.0403,0.7699
04-MAR-2026,538596,5.08,5.34,-0.0499,0.0332,0.0333,0.6362
04-MAR-2026,538597,9.50,9.71,-0.0219,0.0327,0.0327,0.6247
04-MAR-2026,538598,20.41,21.11,-0.0337,0.0298,0.0298,0.5693
04-MAR-2026,538607,0.83,0.87,-0.0471,0.0318,0.0319,0.6094
04-MAR-2026,538609,55.49,55.55,-0.0011,0.0399,0.0398,0.7604
04-MAR-2026,538610,0.99,1.00,-0.0101,0.0370,0.0369,0.7050
04-MAR-2026,538611,48.68,46.37,0.0486,0.0282,0.0283,0.5407
04-MAR-2026,538634,120.00,126.30,-0.0512,0.0302,0.0303,0.5789
04-MAR-2026,538646,39.70,40.70,-0.0249,0.0317,0.0316,0.6037
04-MAR-2026,538647,35.65,35.13,0.0147,0.0324,0.0323,0.6171
04-MAR-2026,538652,3.81,3.81,0.0000,0.0004,0.0004,0.0076
04-MAR-2026,538668,534.50,564.35,-0.0543,0.0250,0.0252,0.4814
04-MAR-2026,538674,8.02,8.44,-0.0510,0.0341,0.0342,0.6534
04-MAR-2026,538683,904.96,917.24,-0.0135,0.0067,0.0067,0.1280
04-MAR-2026,538706,6.79,7.07,-0.0404,0.0246,0.0247,0.4719
04-MAR-2026,538707,34.16,34.65,-0.0142,0.0352,0.0351,0.6706
04-MAR-2026,538708,7.08,7.18,-0.0140,0.0319,0.0319,0.6094
04-MAR-2026,538713,171.85,162.85,0.0538,0.0354,0.0355,0.6782
04-MAR-2026,538714,36.64,39.80,-0.0827,0.0366,0.0370,0.7069
04-MAR-2026,538715,315.55,328.45,-0.0401,0.0305,0.0306,0.5846
04-MAR-2026,538716,427.00,415.00,0.0285,0.0267,0.0267,0.5101
04-MAR-2026,538732,32.90,32.05,0.0262,0.0269,0.0269,0.5139
04-MAR-2026,538742,33.92,35.70,-0.0511,0.0393,0.0394,0.7527
04-MAR-2026,538743,14.41,14.70,-0.0199,0.0302,0.0302,0.5770
04-MAR-2026,538770,15.00,15.00,0.0000,0.0372,0.0371,0.7088
04-MAR-2026,538772,36.29,38.19,-0.0510,0.0333,0.0334,0.6381
04-MAR-2026,538777,22.14,22.14,0.0000,0.0077,0.0077,0.1471
04-MAR-2026,538778,6.72,6.65,0.0105,0.0265,0.0264,0.5044
04-MAR-2026,538787,9.50,8.53,0.1077,0.0411,0.0417,0.7967
04-MAR-2026,538788,12.17,12.29,-0.0098,0.0310,0.0309,0.5903
04-MAR-2026,538795,251.35,257.40,-0.0238,0.0305,0.0304,0.5808
04-MAR-2026,538817,8.98,9.10,-0.0133,0.0224,0.0224,0.4280
04-MAR-2026,538833,8.86,9.01,-0.0168,0.0368,0.0368,0.7031
04-MAR-2026,538834,11.11,13.82,-0.2183,0.0371,0.0401,0.7661
04-MAR-2026,538837,67.51,70.42,-0.0422,0.0279,0.0280,0.5349
04-MAR-2026,538838,25.44,27.40,-0.0742,0.0370,0.0373,0.7126
04-MAR-2026,538857,13.37,13.64,-0.0200,0.0299,0.0299,0.5712
04-MAR-2026,538860,0.76,0.66,0.1411,0.0335,0.0349,0.6668
04-MAR-2026,538862,36.43,33.55,0.0824,0.0372,0.0375,0.7164
04-MAR-2026,538863,7.05,7.05,0.0000,0.0000,0.0000,0.0000
04-MAR-2026,538868,17.26,16.04,0.0733,0.0317,0.0320,0.6114
04-MAR-2026,538874,19.50,17.81,0.0907,0.0474,0.0477,0.9113
04-MAR-2026,538875,5.84,6.06,-0.0370,0.0340,0.0340,0.6496
04-MAR-2026,538881,22.75,23.93,-0.0506,0.0325,0.0326,0.6228
04-MAR-2026,538882,59.95,60.91,-0.0159,0.0299,0.0298,0.5693
04-MAR-2026,538890,51.13,52.51,-0.0266,0.0278,0.0278,0.5311
04-MAR-2026,538894,20.89,19.00,0.0948,0.0403,0.0408,0.7795
04-MAR-2026,538895,11.32,11.80,-0.0415,0.0345,0.0346,0.6610
04-MAR-2026,538896,322.05,330.60,-0.0262,0.0229,0.0229,0.4375
04-MAR-2026,538918,8.98,8.51,0.0538,0.0350,0.0352,0.6725
04-MAR-2026,538919,24.00,24.00,0.0000,0.0287,0.0286,0.5464
04-MAR-2026,538922,20.98,21.39,-0.0194,0.0356,0.0356,0.6801
04-MAR-2026,538923,22.66,22.96,-0.0132,0.0472,0.0471,0.8998
04-MAR-2026,538926,210.45,213.35,-0.0137,0.0314,0.0314,0.5999
04-MAR-2026,538928,1.19,1.18,0.0084,0.0344,0.0343,0.6553
04-MAR-2026,538935,42.36,42.36,0.0000,0.0218,0.0217,0.4146
04-MAR-2026,538942,21.75,23.29,-0.0684,0.0337,0.0340,0.6496
04-MAR-2026,538943,100.85,100.35,0.0050,0.0404,0.0403,0.7699
04-MAR-2026,538952,1.29,1.38,-0.0674,0.0408,0.0410,0.7833
04-MAR-2026,538964,792.30,790.00,0.0029,0.0262,0.0261,0.4986
04-MAR-2026,538965,72.01,75.05,-0.0413,0.0333,0.0334,0.6381
04-MAR-2026,538970,6.24,6.53,-0.0454,0.0384,0.0384,0.7336
04-MAR-2026,538975,0.20,0.20,0.0000,0.0277,0.0276,0.5273
04-MAR-2026,538987,634.00,645.85,-0.0185,0.0253,0.0253,0.4834
04-MAR-2026,538992,2100.00,2100.00,0.0000,0.0209,0.0209,0.3993
04-MAR-2026,539005,14.68,14.68,0.0000,0.0127,0.0127,0.2426
04-MAR-2026,539011,84.51,88.50,-0.0461,0.0239,0.0241,0.4604
04-MAR-2026,539012,90.00,92.00,-0.0220,0.0349,0.0349,0.6668
04-MAR-2026,539013,69.91,72.57,-0.0373,0.0258,0.0259,0.4948
04-MAR-2026,539014,10.38,10.59,-0.0200,0.0318,0.0318,0.6075
04-MAR-2026,539016,6.78,6.80,-0.0029,0.0373,0.0372,0.7107
04-MAR-2026,539017,6.16,6.48,-0.0506,0.0348,0.0349,0.6668
04-MAR-2026,539018,383.80,396.60,-0.0328,0.0227,0.0228,0.4356
04-MAR-2026,539031,283.58,288.66,-0.0178,0.0076,0.0077,0.1471
04-MAR-2026,539032,9.57,9.64,-0.0073,0.0372,0.0371,0.7088
04-MAR-2026,539040,6.23,6.52,-0.0455,0.0247,0.0248,0.4738
04-MAR-2026,539090,31.85,33.00,-0.0355,0.0373,0.0373,0.7126
04-MAR-2026,539091,0.77,0.81,-0.0506,0.0250,0.0252,0.4814
04-MAR-2026,539097,2.32,2.49,-0.0707,0.0390,0.0393,0.7508
04-MAR-2026,539110,15.02,15.02,0.0000,0.0279,0.0279,0.5330
04-MAR-2026,539111,16.09,15.33,0.0484,0.0432,0.0432,0.8253
04-MAR-2026,539112,110.30,110.30,0.0000,0.0308,0.0308,0.5884
04-MAR-2026,539113,480.40,472.75,0.0161,0.0218,0.0217,0.4146
04-MAR-2026,539117,52.03,51.00,0.0200,0.0347,0.0347,0.6629
04-MAR-2026,539119,20.08,20.08,0.0000,0.0175,0.0174,0.3324
04-MAR-2026,539120,56.86,59.85,-0.0512,0.0398,0.0398,0.7604
04-MAR-2026,539121,107.20,108.80,-0.0148,0.0400,0.0399,0.7623
04-MAR-2026,539122,19.53,20.55,-0.0509,0.0407,0.0408,0.7795
04-MAR-2026,539123,6.63,6.18,0.0703,0.0380,0.0382,0.7298
04-MAR-2026,539124,20.81,20.81,0.0000,0.0372,0.0371,0.7088
04-MAR-2026,539132,8.69,8.39,0.0351,0.0304,0.0304,0.5808
04-MAR-2026,539143,7.07,7.15,-0.0113,0.0356,0.0355,0.6782
04-MAR-2026,539149,3.34,3.35,-0.0030,0.0374,0.0373,0.7126
04-MAR-2026,539167,26.01,26.01,0.0000,0.0303,0.0302,0.5770
04-MAR-2026,539174,23.19,21.85,0.0595,0.0427,0.0428,0.8177
04-MAR-2026,539175,3.54,3.67,-0.0361,0.1221,0.1218,2.3270
04-MAR-2026,539176,77.00,74.03,0.0393,0.0363,0.0363,0.6935
04-MAR-2026,539189,14.49,14.55,-0.0041,0.0371,0.0370,0.7069
04-MAR-2026,539190,46.00,47.00,-0.0215,0.0364,0.0364,0.6954
04-MAR-2026,539195,187.55,176.30,0.0619,0.0321,0.0324,0.6190
04-MAR-2026,539196,127.50,130.70,-0.0248,0.0254,0.0254,0.4853
04-MAR-2026,539200,0.66,0.63,0.0465,0.0073,0.0080,0.1528
04-MAR-2026,539206,28.20,28.20,0.0000,0.0373,0.0372,0.7107
04-MAR-2026,539216,1.65,1.67,-0.0120,0.0369,0.0368,0.7031
04-MAR-2026,539217,0.26,0.27,-0.0377,0.0333,0.0334,0.6381
04-MAR-2026,539218,135.95,133.10,0.0212,0.0326,0.0325,0.6209
04-MAR-2026,539219,9.45,9.99,-0.0556,0.0311,0.0313,0.5980
04-MAR-2026,539220,40.10,40.00,0.0025,0.0289,0.0288,0.5502
04-MAR-2026,539222,0.91,0.95,-0.0430,0.0411,0.0411,0.7852
04-MAR-2026,539224,32.51,34.19,-0.0504,0.0361,0.0361,0.6897
04-MAR-2026,539227,179.25,177.85,0.0078,0.0310,0.0309,0.5903
04-MAR-2026,539228,1.34,1.39,-0.0366,0.0256,0.0257,0.4910
04-MAR-2026,539230,39.51,39.51,0.0000,0.0086,0.0086,0.1643
04-MAR-2026,539255,464.50,469.70,-0.0111,0.0321,0.0320,0.6114
04-MAR-2026,539267,17.59,17.67,-0.0045,0.0432,0.0431,0.8234
04-MAR-2026,539275,127.40,126.65,0.0059,0.0275,0.0274,0.5235
04-MAR-2026,539277,0.15,0.15,0.0000,0.0426,0.0425,0.8120
04-MAR-2026,539278,1.65,1.71,-0.0357,0.0429,0.0429,0.8196
04-MAR-2026,539288,21.96,20.92,0.0485,0.0659,0.0658,1.2571
04-MAR-2026,539300,241.30,238.95,0.0098,0.0244,0.0244,0.4662
04-MAR-2026,539310,0.19,0.19,0.0000,0.0742,0.0740,1.4138
04-MAR-2026,539314,54.87,55.16,-0.0053,0.0284,0.0283,0.5407
04-MAR-2026,539335,173.85,171.00,0.0165,0.0319,0.0318,0.6075
04-MAR-2026,539353,195.95,192.90,0.0157,0.0287,0.0286,0.5464
04-MAR-2026,539354,27.20,27.00,0.0074,0.0325,0.0324,0.6190
04-MAR-2026,539378,46.12,48.54,-0.0511,0.0326,0.0328,0.6266
04-MAR-2026,539383,8.27,8.14,0.0158,0.0337,0.0337,0.6438
04-MAR-2026,539384,28.20,28.20,0.0000,0.0285,0.0285,0.5445
04-MAR-2026,539391,29.21,29.60,-0.0133,0.0300,0.0300,0.5731
04-MAR-2026,539393,25.77,25.77,0.0000,0.0010,0.0010,0.0191
04-MAR-2026,539398,55.85,55.92,-0.0013,0.0239,0.0238,0.4547
04-MAR-2026,539402,5.10,5.10,0.0000,0.0424,0.0423,0.8081
04-MAR-2026,539406,54.70,55.36,-0.0120,0.0315,0.0314,0.5999
04-MAR-2026,539408,12.47,12.47,0.0000,0.0379,0.0378,0.7222
04-MAR-2026,539409,16.78,16.78,0.0000,0.0267,0.0266,0.5082
04-MAR-2026,539428,12.58,13.03,-0.0351,0.0253,0.0253,0.4834
04-MAR-2026,539434,8.46,8.46,0.0000,0.0052,0.0052,0.0993
04-MAR-2026,539435,31.59,30.10,0.0483,0.0401,0.0402,0.7680
04-MAR-2026,539449,2.08,2.10,-0.0096,0.0345,0.0344,0.6572
04-MAR-2026,539455,50.15,49.27,0.0177,0.0311,0.0310,0.5923
04-MAR-2026,539468,40.10,38.74,0.0345,0.0213,0.0214,0.4088
04-MAR-2026,539469,46.94,47.66,-0.0152,0.0311,0.0310,0.5923
04-MAR-2026,539470,0.60,0.61,-0.0165,0.0249,0.0249,0.4757
04-MAR-2026,539479,59.53,60.22,-0.0115,0.0303,0.0302,0.5770
04-MAR-2026,539488,10.00,10.00,0.0000,0.0000,0.0000,0.0000
04-MAR-2026,539492,12.49,12.33,0.0129,0.0294,0.0293,0.5598
04-MAR-2026,539494,7.35,6.95,0.0560,0.0364,0.0365,0.6973
04-MAR-2026,539495,38.00,38.00,0.0000,0.0393,0.0392,0.7489
04-MAR-2026,539506,0.44,0.43,0.0230,0.0322,0.0322,0.6152
04-MAR-2026,539515,38.76,38.44,0.0083,0.0318,0.0318,0.6075
04-MAR-2026,539518,128.75,133.45,-0.0359,0.0248,0.0248,0.4738
04-MAR-2026,539519,0.75,0.74,0.0134,0.0403,0.0402,0.7680
04-MAR-2026,539522,40.90,40.60,0.0074,0.0317,0.0316,0.6037
04-MAR-2026,539526,0.58,0.56,0.0351,0.0289,0.0289,0.5521
04-MAR-2026,539527,551.00,540.00,0.0202,0.0334,0.0333,0.6362
04-MAR-2026,539528,28.27,29.75,-0.0510,0.0964,0.0962,1.8379
04-MAR-2026,539533,52.53,55.29,-0.0512,0.1104,0.1102,2.1054
04-MAR-2026,539543,13.12,13.12,0.0000,0.0000,0.0000,0.0000
04-MAR-2026,539544,6.77,6.78,-0.0015,0.0396,0.0395,0.7546
04-MAR-2026,539545,35.75,34.12,0.0467,0.0414,0.0415,0.7929
04-MAR-2026,539546,266.75,263.55,0.0121,0.0210,0.0210,0.4012
04-MAR-2026,539552,72.28,90.35,-0.2231,0.0331,0.0366,0.6992
04-MAR-2026,539559,2.66,2.79,-0.0477,0.0431,0.0431,0.8234
04-MAR-2026,539560,10.00,10.00,0.0000,0.0000,0.0000,0.0000
04-MAR-2026,539561,0.50,0.55,-0.0953,0.0380,0.0385,0.7355
04-MAR-2026,539574,0.21,0.21,0.0000,0.0367,0.0366,0.6992
04-MAR-2026,539584,0.25,0.26,-0.0392,0.0320,0.0320,0.6114
04-MAR-2026,539593,6.76,7.14,-0.0547,0.0454,0.0454,0.8674
04-MAR-2026,539594,4.04,4.09,-0.0123,0.0268,0.0268,0.5120
04-MAR-2026,539596,13.23,14.39,-0.0840,0.0584,0.0585,1.1176
04-MAR-2026,539598,27.17,29.10,-0.0686,0.0301,0.0304,0.5808
04-MAR-2026,539599,22.97,21.88,0.0486,0.0761,0.0760,1.4520
04-MAR-2026,539607,21.28,21.29,-0.0005,0.0393,0.0392,0.7489
04-MAR-2026,539620,15.01,15.66,-0.0424,0.0347,0.0348,0.6649
04-MAR-2026,539621,0.51,0.52,-0.0194,0.0344,0.0343,0.6553
04-MAR-2026,539659,51.51,51.75,-0.0046,0.0267,0.0266,0.5082
04-MAR-2026,539661,99.15,99.15,0.0000,0.0274,0.0274,0.5235
04-MAR-2026,539662,9.74,9.61,0.0134,0.0338,0.0337,0.6438
04-MAR-2026,539669,0.92,0.91,0.0109,0.0357,0.0356,0.6801
04-MAR-2026,539673,3.37,3.21,0.0486,0.0473,0.0473,0.9037
04-MAR-2026,539679,2.17,2.08,0.0424,0.0388,0.0388,0.7413
04-MAR-2026,539681,49.88,49.88,0.0000,0.0121,0.0121,0.2312
04-MAR-2026,539682,1191.00,1219.90,-0.0240,0.0231,0.0231,0.4413
04-MAR-2026,539683,10.00,10.00,0.0000,0.0000,0.0000,0.0000
04-MAR-2026,539691,10.00,10.00,0.0000,0.0000,0.0000,0.0000
04-MAR-2026,539692,13.00,14.03,-0.0762,0.0349,0.0352,0.6725
04-MAR-2026,539697,45.81,46.74,-0.0201,0.0372,0.0371,0.7088
04-MAR-2026,539724,79.53,75.75,0.0487,0.0316,0.0317,0.6056
04-MAR-2026,539730,1534.10,1559.50,-0.0164,0.0285,0.0285,0.5445
04-MAR-2026,539760,35.97,34.55,0.0403,0.0352,0.0352,0.6725
04-MAR-2026,539761,1.01,1.03,-0.0196,0.0413,0.0412,0.7871
04-MAR-2026,539762,32.34,32.00,0.0106,0.0345,0.0345,0.6591
04-MAR-2026,539767,41.16,39.57,0.0394,0.0391,0.0391,0.7470
04-MAR-2026,539770,23.35,24.45,-0.0460,0.0324,0.0325,0.6209
04-MAR-2026,539773,1.65,1.58,0.0434,0.0254,0.0256,0.4891
04-MAR-2026,539798,31.01,30.62,0.0127,0.0302,0.0301,0.5751
04-MAR-2026,539800,5.01,5.00,0.0020,0.0373,0.0372,0.7107
04-MAR-2026,539814,204.95,207.85,-0.0141,0.0345,0.0344,0.6572
04-MAR-2026,539819,4.30,4.30,0.0000,0.0034,0.0034,0.0650
04-MAR-2026,539834,177.75,179.40,-0.0092,0.0312,0.0311,0.5942
04-MAR-2026,539835,1.87,1.67,0.1131,0.0558,0.0562,1.0737
04-MAR-2026,539841,9.02,9.37,-0.0381,0.0353,0.0354,0.6763
04-MAR-2026,539875,81.26,80.87,0.0048,0.0406,0.0405,0.7738
04-MAR-2026,539884,2.52,2.59,-0.0274,0.0351,0.0350,0.6687
04-MAR-2026,539894,7.66,8.01,-0.0447,0.0307,0.0307,0.5865
04-MAR-2026,539895,29.98,31.55,-0.0510,0.0352,0.0353,0.6744
04-MAR-2026,539900,7.99,7.99,0.0000,0.0349,0.0348,0.6649
04-MAR-2026,539911,11.00,11.00,0.0000,0.0374,0.0373,0.7126
04-MAR-2026,539921,182.65,198.95,-0.0855,0.0368,0.0372,0.7107
04-MAR-2026,539922,115.10,115.10,0.0000,0.0195,0.0194,0.3706
04-MAR-2026,539927,381.15,381.15,0.0000,0.0226,0.0225,0.4299
04-MAR-2026,539938,32.07,33.75,-0.0511,0.0312,0.0313,0.5980
04-MAR-2026,539939,61.59,60.65,0.0154,0.0279,0.0279,0.5330
04-MAR-2026,539946,19.02,21.06,-0.1019,0.0494,0.0498,0.9514
04-MAR-2026,539947,45.50,47.40,-0.0409,0.0349,0.0349,0.6668
04-MAR-2026,539956,2666.15,2710.40,-0.0165,0.0261,0.0261,0.4986
04-MAR-2026,539963,11.30,11.89,-0.0509,0.0327,0.0328,0.6266
04-MAR-2026,539984,2336.30,2301.00,0.0152,0.0302,0.0301,0.5751
04-MAR-2026,539991,29.74,30.82,-0.0357,0.0318,0.0318,0.6075
04-MAR-2026,539997,1453.45,1514.30,-0.0410,0.0340,0.0340,0.6496
04-MAR-2026,540006,2.90,3.02,-0.0405,0.0328,0.0329,0.6286
04-MAR-2026,540023,12.64,13.30,-0.0509,0.0324,0.0325,0.6209
04-MAR-2026,540026,6.70,6.56,0.0211,0.0458,0.0458,0.8750
04-MAR-2026,540062,234.65,245.50,-0.0452,0.0222,0.0224,0.4280
04-MAR-2026,540063,11.39,11.60,-0.0183,0.0370,0.0369,0.7050
04-MAR-2026,540066,28.40,27.05,0.0487,0.0036,0.0050,0.0955
04-MAR-2026,540078,97.30,100.65,-0.0339,0.0256,0.0257,0.4910
04-MAR-2026,540079,1.51,1.55,-0.0261,0.0287,0.0287,0.5483
04-MAR-2026,540080,4.14,4.30,-0.0379,0.0266,0.0267,0.5101
04-MAR-2026,540097,35.01,35.89,-0.0248,0.0300,0.0300,0.5731
04-MAR-2026,540108,6.82,6.73,0.0133,0.0339,0.0338,0.6457
04-MAR-2026,540132,13.25,12.45,0.0623,0.0419,0.0420,0.8024
04-MAR-2026,540134,10.58,10.13,0.0435,0.0415,0.0415,0.7929
04-MAR-2026,540135,0.54,0.55,-0.0183,0.0304,0.0304,0.5808
04-MAR-2026,540143,83.76,82.25,0.0182,0.0313,0.0313,0.5980
04-MAR-2026,540147,3.22,3.23,-0.0031,0.0295,0.0294,0.5617
04-MAR-2026,540154,857.45,888.50,-0.0356,0.0099,0.0102,0.1949
04-MAR-2026,540159,5.41,5.20,0.0396,0.0563,0.0562,1.0737
04-MAR-2026,540168,27.14,26.54,0.0224,0.0267,0.0267,0.5101
04-MAR-2026,540174,21.55,21.02,0.0249,0.0346,0.0345,0.6591
04-MAR-2026,540175,27.90,28.28,-0.0135,0.0294,0.0293,0.5598
04-MAR-2026,540181,32.34,32.71,-0.0114,0.0373,0.0372,0.7107
04-MAR-2026,540189,22.10,21.67,0.0196,0.0206,0.0206,0.3936
04-MAR-2026,540190,0.37,0.38,-0.0267,0.0405,0.0404,0.7718
04-MAR-2026,540192,13.54,14.09,-0.0398,0.0249,0.0250,0.4776
04-MAR-2026,540198,425.75,435.45,-0.0225,0.0232,0.0232,0.4432
04-MAR-2026,540199,53.88,53.08,0.0150,0.0264,0.0264,0.5044
04-MAR-2026,540204,50.00,50.01,-0.0002,0.0296,0.0295,0.5636
04-MAR-2026,540221,26.69,26.69,0.0000,0.0193,0.0193,0.3687
04-MAR-2026,540243,1.29,1.28,0.0078,0.0335,0.0334,0.6381
04-MAR-2026,540252,8.60,8.46,0.0164,0.0280,0.0280,0.5349
04-MAR-2026,540254,29.29,24.41,0.1823,0.0436,0.0453,0.8655
04-MAR-2026,540259,0.25,0.25,0.0000,0.0354,0.0353,0.6744
04-MAR-2026,540266,16.08,16.64,-0.0342,0.0349,0.0349,0.6668
04-MAR-2026,540267,7.50,7.80,-0.0392,0.0374,0.0374,0.7145
04-MAR-2026,540270,10.00,10.00,0.0000,0.0000,0.0000,0.0000
04-MAR-2026,540310,44.66,45.57,-0.0202,0.0401,0.0400,0.7642
04-MAR-2026,540318,10.00,10.00,0.0000,0.0000,0.0000,0.0000
04-MAR-2026,540359,32.58,32.97,-0.0119,0.0514,0.0513,0.9801
04-MAR-2026,540360,2.25,2.05,0.0931,0.0416,0.0420,0.8024
04-MAR-2026,540361,4.20,4.14,0.0144,0.0366,0.0365,0.6973
04-MAR-2026,540377,0.40,0.40,0.0000,0.0333,0.0332,0.6343
04-MAR-2026,540386,1.45,1.52,-0.0471,0.0419,0.0419,0.8005
04-MAR-2026,540395,88.42,95.48,-0.0768,0.0277,0.0281,0.5368
04-MAR-2026,540401,9.09,9.32,-0.0250,0.0209,0.0209,0.3993
04-MAR-2026,540404,258.60,259.30,-0.0027,0.0305,0.0305,0.5827
04-MAR-2026,540405,54.41,58.81,-0.0778,0.0358,0.0361,0.6897
04-MAR-2026,540455,105.05,114.50,-0.0861,0.0322,0.0327,0.6247
04-MAR-2026,540467,94.82,94.82,0.0000,0.0206,0.0205,0.3917
04-MAR-2026,540481,43.93,44.55,-0.0140,0.0288,0.0287,0.5483
04-MAR-2026,540492,11.78,11.55,0.0197,0.0360,0.0359,0.6859
04-MAR-2026,540515,12.29,11.76,0.0441,0.0401,0.0401,0.7661
04-MAR-2026,540519,65.69,62.48,0.0501,0.0337,0.0339,0.6477
04-MAR-2026,540545,38.96,39.99,-0.0261,0.0284,0.0284,0.5426
04-MAR-2026,540570,4.72,4.64,0.0171,0.0364,0.0364,0.6954
04-MAR-2026,540590,61.64,63.87,-0.0355,0.0289,0.0290,0.5540
04-MAR-2026,540597,16.49,15.92,0.0352,0.0330,0.0330,0.6305
04-MAR-2026,540614,0.47,0.48,-0.0211,0.0284,0.0283,0.5407
04-MAR-2026,540615,3.27,3.49,-0.0651,0.0282,0.0285,0.5445
04-MAR-2026,540654,17.51,16.94,0.0331,0.0308,0.0308,0.5884
04-MAR-2026,540686,125.20,110.65,0.1235,0.0280,0.0293,0.5598
04-MAR-2026,540693,15.02,14.73,0.0195,0.0336,0.0335,0.6400
04-MAR-2026,540694,23.99,23.38,0.0258,0.0301,0.0301,0.5751
04-MAR-2026,540696,5.52,5.75,-0.0408,0.0437,0.0437,0.8349
04-MAR-2026,540703,40.95,40.15,0.0197,0.0361,0.0360,0.6878
04-MAR-2026,540717,17.00,18.08,-0.0616,0.0329,0.0331,0.6324
04-MAR-2026,540726,67.74,71.30,-0.0512,0.0301,0.0302,0.5770
04-MAR-2026,540727,23.99,24.81,-0.0336,0.0266,0.0266,0.5082
04-MAR-2026,540728,94.37,92.16,0.0237,0.0342,0.0342,0.6534
04-MAR-2026,540730,1.31,1.32,-0.0076,0.0336,0.0335,0.6400
04-MAR-2026,540737,496.55,501.30,-0.0095,0.0256,0.0255,0.4872
04-MAR-2026,540738,7.76,7.79,-0.0039,0.0242,0.0241,0.4604
04-MAR-2026,540786,10.43,10.90,-0.0441,0.0370,0.0370,0.7069
04-MAR-2026,540788,57.00,57.00,0.0000,0.0354,0.0353,0.6744
04-MAR-2026,540796,189.30,189.30,0.0000,0.0311,0.0310,0.5923
04-MAR-2026,540809,45.26,44.76,0.0111,0.0273,0.0272,0.5197
04-MAR-2026,540821,1.67,1.73,-0.0353,0.0197,0.0198,0.3783
04-MAR-2026,540829,5.61,5.85,-0.0419,0.0373,0.0374,0.7145
04-MAR-2026,540874,71.26,72.49,-0.0171,0.0284,0.0284,0.5426
04-MAR-2026,540904,78.99,76.00,0.0386,0.0315,0.0315,0.6018
04-MAR-2026,540914,2.20,2.72,-0.2122,0.0374,0.0402,0.7680
04-MAR-2026,540936,2.92,2.96,-0.0136,0.0260,0.0259,0.4948
04-MAR-2026,540953,2.27,2.28,-0.0044,0.0264,0.0264,0.5044
04-MAR-2026,540954,32.81,34.00,-0.0356,0.0282,0.0283,0.5407
04-MAR-2026,540955,6.37,6.70,-0.0505,0.0288,0.0290,0.5540
04-MAR-2026,540956,21.95,21.45,0.0230,0.0291,0.0290,0.5540
04-MAR-2026,540980,27099.00,27100.00,-0.0000,0.0283,0.0282,0.5388
04-MAR-2026,541005,59.50,62.30,-0.0460,0.0291,0.0292,0.5579
04-MAR-2026,541096,1124.85,1090.05,0.0314,0.0283,0.0283,0.5407
04-MAR-2026,541133,45.60,45.60,0.0000,0.0001,0.0001,0.0019
04-MAR-2026,541144,86.72,93.97,-0.0803,0.0332,0.0336,0.6419
04-MAR-2026,541228,103.75,105.05,-0.0125,0.0394,0.0393,0.7508
04-MAR-2026,541338,13.08,13.38,-0.0227,0.0357,0.0356,0.6801
04-MAR-2026,541347,7.63,7.98,-0.0449,0.0283,0.0284,0.5426
04-MAR-2026,541358,93.00,92.00,0.0108,0.0384,0.0383,0.7317
04-MAR-2026,541444,16.25,16.80,-0.0333,0.0359,0.0359,0.6859
04-MAR-2026,541503,45.00,45.00,0.0000,0.0334,0.0333,0.6362
04-MAR-2026,541601,0.41,0.43,-0.0476,0.0354,0.0355,0.6782
04-MAR-2026,541627,7.51,7.50,0.0013,0.0514,0.0512,0.9782
04-MAR-2026,541633,12.58,12.58,0.0000,0.0000,0.0000,0.0000
04-MAR-2026,541634,16.00,15.90,0.0063,0.0383,0.0382,0.7298
04-MAR-2026,541702,3.87,3.80,0.0183,0.0292,0.0291,0.5560
04-MAR-2026,541735,1.58,1.60,-0.0126,0.0450,0.0449,0.8578
04-MAR-2026,541741,82.51,84.59,-0.0249,0.0294,0.0294,0.5617
04-MAR-2026,541771,1.56,1.58,-0.0127,0.0300,0.0300,0.5731
04-MAR-2026,541778,31.63,31.55,0.0025,0.0254,0.0253,0.4834
04-MAR-2026,541865,7.08,7.64,-0.0761,0.0281,0.0286,0.5464
04-MAR-2026,541890,0.21,0.22,-0.0465,0.1464,0.1460,2.7893
04-MAR-2026,541972,886.51,906.49,-0.0223,0.0092,0.0093,0.1777
04-MAR-2026,542012,22.79,23.98,-0.0509,0.1782,0.1778,3.3969
04-MAR-2026,542013,177.25,177.55,-0.0017,0.0168,0.0167,0.3191
04-MAR-2026,542019,60.18,61.32,-0.0188,0.0312,0.0312,0.5961
04-MAR-2026,542034,13.22,13.26,-0.0030,0.0325,0.0324,0.6190
04-MAR-2026,542046,6.99,7.10,-0.0156,0.0379,0.0379,0.7241
04-MAR-2026,542057,61.36,62.64,-0.0206,0.0248,0.0248,0.4738
04-MAR-2026,542123,136.00,130.10,0.0444,0.0356,0.0357,0.6820
04-MAR-2026,542176,19.60,20.60,-0.0498,0.0433,0.0434,0.8292
04-MAR-2026,542206,1.58,1.64,-0.0373,0.0348,0.0348,0.6649
04-MAR-2026,542248,13.05,13.30,-0.0190,0.0321,0.0321,0.6133
04-MAR-2026,542332,41.98,41.98,0.0000,0.0180,0.0180,0.3439
04-MAR-2026,542376,210.00,218.00,-0.0374,0.0278,0.0278,0.5311
04-MAR-2026,542459,58.34,58.84,-0.0085,0.0291,0.0291,0.5560
04-MAR-2026,542543,83.50,83.50,0.0000,0.0125,0.0124,0.2369
04-MAR-2026,542544,10.00,10.00,0.0000,0.0000,0.0000,0.0000
04-MAR-2026,542579,4.45,4.57,-0.0266,0.0239,0.0239,0.4566
04-MAR-2026,542627,59.46,62.57,-0.0510,0.0402,0.0402,0.7680
04-MAR-2026,542628,116.25,118.75,-0.0213,0.0318,0.0317,0.6056
04-MAR-2026,542654,12.90,12.98,-0.0062,0.0341,0.0340,0.6496
04-MAR-2026,542666,5.76,6.05,-0.0491,0.0286,0.0287,0.5483
04-MAR-2026,542669,32.59,33.63,-0.0314,0.0251,0.0251,0.4795
04-MAR-2026,542670,17.39,17.88,-0.0278,0.0269,0.0269,0.5139
04-MAR-2026,542679,170.05,179.00,-0.0513,0.0407,0.0407,0.7776
04-MAR-2026,542682,65.07,63.00,0.0323,0.0359,0.0358,0.6840
04-MAR-2026,542694,163.00,163.00,0.0000,0.0447,0.0446,0.8521
04-MAR-2026,542721,101.80,107.15,-0.0512,0.0307,0.0309,0.5903
04-MAR-2026,542724,0.20,0.21,-0.0488,0.0583,0.0583,1.1138
04-MAR-2026,542747,86.56,88.63,-0.0236,0.0095,0.0096,0.1834
04-MAR-2026,542770,36.90,38.43,-0.0406,0.0310,0.0311,0.5942
04-MAR-2026,542802,1.66,1.70,-0.0238,0.0270,0.0270,0.5158
04-MAR-2026,542803,41.25,42.77,-0.0362,0.0323,0.0323,0.6171
04-MAR-2026,542862,22.34,23.23,-0.0391,0.0417,0.0417,0.7967
04-MAR-2026,542864,31.47,31.47,0.0000,0.0023,0.0023,0.0439
04-MAR-2026,542865,12.48,12.99,-0.0401,0.0372,0.0372,0.7107
04-MAR-2026,542906,49.24,49.24,0.0000,0.0258,0.0257,0.4910
04-MAR-2026,542911,918.00,918.00,0.0000,0.0317,0.0317,0.6056
04-MAR-2026,542918,7.77,8.13,-0.0453,0.0307,0.0308,0.5884
04-MAR-2026,542938,42.98,41.27,0.0406,0.0375,0.0375,0.7164
04-MAR-2026,543171,1.24,1.33,-0.0701,0.0249,0.0254,0.4853
04-MAR-2026,543207,4.27,4.00,0.0653,0.0365,0.0367,0.7012
04-MAR-2026,543208,2.34,2.43,-0.0377,0.0287,0.0287,0.5483
04-MAR-2026,543225,154.00,155.92,-0.0124,0.0161,0.0161,0.3076
04-MAR-2026,543229,189.00,189.00,0.0000,0.0412,0.0411,0.7852
04-MAR-2026,543241,82.46,82.46,0.0000,0.0391,0.0390,0.7451
04-MAR-2026,543256,16.90,17.10,-0.0118,0.0377,0.0376,0.7183
04-MAR-2026,543284,87.63,89.13,-0.0170,0.0294,0.0293,0.5598
04-MAR-2026,543341,12.16,10.55,0.1420,0.0426,0.0437,0.8349
04-MAR-2026,543376,69.09,67.57,0.0222,0.0366,0.0365,0.6973
04-MAR-2026,543499,5.31,5.25,0.0114,0.0360,0.0360,0.6878
04-MAR-2026,543531,37.92,39.90,-0.0509,0.0353,0.0354,0.6763
04-MAR-2026,543737,527.10,502.00,0.0488,0.0307,0.0308,0.5884
04-MAR-2026,543766,362.70,366.50,-0.0104,0.0260,0.0259,0.4948
04-MAR-2026,543860,91.20,95.95,-0.0508,0.0346,0.0347,0.6629
04-MAR-2026,543914,29.47,28.07,0.0487,0.0287,0.0288,0.5502
04-MAR-2026,543925,145.60,145.60,0.0000,0.0061,0.0061,0.1165
04-MAR-2026,543927,36.60,36.75,-0.0041,0.0326,0.0326,0.6228
04-MAR-2026,543934,337.40,339.50,-0.0062,0.0316,0.0315,0.6018
04-MAR-2026,543976,29.39,28.24,0.0399,0.0317,0.0318,0.6075
04-MAR-2026,543993,183.15,174.45,0.0487,0.0295,0.0296,0.5655
04-MAR-2026,544005,125.00,125.00,0.0000,0.0048,0.0048,0.0917
04-MAR-2026,544080,830.00,870.00,-0.0471,0.0250,0.0252,0.4814
04-MAR-2026,544090,799.70,820.00,-0.0251,0.0304,0.0303,0.5789
04-MAR-2026,544112,490.15,501.85,-0.0236,0.0259,0.0258,0.4929
04-MAR-2026,544185,51.22,51.94,-0.0140,0.0313,0.0312,0.5961
04-MAR-2026,544186,126.75,129.45,-0.0211,0.0236,0.0236,0.4509
04-MAR-2026,544191,56.27,59.23,-0.0513,0.0369,0.0370,0.7069
04-MAR-2026,544205,419.10,420.00,-0.0021,0.0223,0.0222,0.4241
04-MAR-2026,544295,1029500.00,1051000.00,-0.0207,0.0063,0.0065,0.1242
04-MAR-2026,544308,54.90,55.00,-0.0018,0.0340,0.0339,0.6477
04-MAR-2026,544346,155.00,163.00,-0.0503,0.0249,0.0251,0.4795
04-MAR-2026,544361,171.30,171.30,0.0000,0.0273,0.0273,0.5216
04-MAR-2026,544371,63.50,62.53,0.0154,0.0255,0.0255,0.4872
04-MAR-2026,544462,1070000.00,1100000.00,-0.0277,0.0031,0.0037,0.0707
04-MAR-2026,544467,884.20,897.55,-0.0150,0.0163,0.0163,0.3114
04-MAR-2026,544662,122.95,120.55,0.0197,0.0245,0.0245,0.4681
04-MAR-2026,5PAISA,303.85,306.95,-0.0102,0.0249,0.0248,0.4738
04-MAR-2026,63MOONS,564.55,597.50,-0.0567,0.0325,0.0327,0.6247
04-MAR-2026,751088,0.65,0.72,-0.1023,0.0553,0.0557,1.0641
04-MAR-2026,751092,0.13,0.21,-0.4796,0.0000,0.0339,0.6477
04-MAR-2026,890197,2.38,2.40,-0.0084,0.0452,0.0451,0.8616
04-MAR-2026,890213,7.49,7.88,-0.0508,0.0371,0.0372,0.7107
04-MAR-2026,890217,58.19,64.65,-0.1053,0.0292,0.0301,0.5751
04-MAR-2026,890220,9.50,9.50,0.0000,0.0301,0.0301,0.5751
04-MAR-2026,890225,5.10,3.30,0.4353,0.0257,0.0401,0.7661
04-MAR-2026,890229,2.24,2.79,-0.2196,0.0475,0.0499,0.9533
04-MAR-2026,890230,126.55,121.65,0.0395,0.0127,0.0130,0.2484
04-MAR-2026,890231,19.85,20.85,-0.0491,0.0124,0.0129,0.2465
04-MAR-2026,890233,1.32,1.27,0.0386,0.0046,0.0053,0.1013
04-MAR-2026,A2ZINFRA,16.19,16.98,-0.0476,0.0327,0.0328,0.6266
04-MAR-2026,AAATECH,94.50,98.70,-0.0435,0.0336,0.0337,0.6438
04-MAR-2026,AADHARHFC,453.10,452.60,0.0011,0.0169,0.0169,0.3229
04-MAR-2026,AAKASH,9.92,8.33,0.1747,0.0265,0.0292,0.5579
04-MAR-2026,AAREYDRUGS,68.74,69.69,-0.0137,0.0312,0.0312,0.5961
04-MAR-2026,AARNAV,25.20,26.67,-0.0567,0.0020,0.0045,0.0860
04-MAR-2026,AARON,140.90,152.93,-0.0819,0.0280,0.0286,0.5464
04-MAR-2026,AARTECH,40.55,41.55,-0.0244,0.0284,0.0284,0.5426
04-MAR-2026,AARTIDRUGS,360.40,357.30,0.0086,0.0231,0.0230,0.4394
04-MAR-2026,AARTIIND,412.40,432.95,-0.0486,0.0222,0.0224,0.4280
04-MAR-2026,AARTIPHARM,677.85,705.80,-0.0404,0.0267,0.0268,0.5120
04-MAR-2026,AARTISURF,375.20,385.60,-0.0273,0.0262,0.0262,0.5006
04-MAR-2026,AARVI,117.26,122.54,-0.0440,0.0273,0.0274,0.5235
04-MAR-2026,AASHRIT,74.00,74.00,0.0000,0.0025,0.0025,0.0478
04-MAR-2026,AAVAS,1233.05,1240.10,-0.0057,0.0186,0.0185,0.3534
04-MAR-2026,ABAN,20.27,19.27,0.0506,0.0281,0.0283,0.5407
04-MAR-2026,ABB,5830.45,5983.10,-0.0258,0.0191,0.0191,0.3649
04-MAR-2026,ABBOTINDIA,27824.40,26805.25,0.0373,0.0134,0.0136,0.2598
04-MAR-2026,ABCAPITAL,321.55,338.10,-0.0502,0.0193,0.0195,0.3725
04-MAR-2026,ABCOTS,388.30,410.15,-0.0547,0.0131,0.0136,0.2598
04-MAR-2026,ABDL,450.10,471.00,-0.0454,0.0222,0.0224,0.4280
04-MAR-2026,ABFRL,64.08,65.94,-0.0286,0.0233,0.0233,0.4451
04-MAR-2026,ABGSEC,112.81,112.50,0.0028,0.0040,0.0040,0.0764
04-MAR-2026,ABINFRA,17.34,17.92,-0.0329,0.0272,0.0272,0.5197
04-MAR-2026,ABLBL,99.85,100.85,-0.0100,0.0161,0.0161,0.3076
04-MAR-2026,ABMINTLLTD,37.51,39.02,-0.0395,0.0379,0.0379,0.7241
04-MAR-2026,ABREL,1227.00,1256.10,-0.0234,0.0253,0.0253,0.4834
04-MAR-2026,ABSL10BANK,183.05,184.97,-0.0104,0.0000,0.0007,0.0134
04-MAR-2026,ABSLAMC,867.95,876.40,-0.0097,0.0198,0.0198,0.3783
04-MAR-2026,ABSLBANETF,59.99,61.17,-0.0195,0.0078,0.0079,0.1509
04-MAR-2026,ABSLLIQUID,1000.00,999.99,0.0000,0.0000,0.0000,0.0000
04-MAR-2026,ABSLMSCIN,29.00,29.57,-0.0195,0.0015,0.0020,0.0382
04-MAR-2026,ABSLNN50ET,70.68,72.14,-0.0204,0.0100,0.0101,0.1930
04-MAR-2026,ABSLPSE,10.43,10.71,-0.0265,0.0111,0.0113,0.2159
04-MAR-2026,ACC,1529.85,1553.20,-0.0151,0.0140,0.0140,0.2675
04-MAR-2026,ACCELYA,1177.95,1166.40,0.0099,0.0161,0.0160,0.3057
04-MAR-2026,ACCURACY,4.22,4.49,-0.0620,0.0246,0.0249,0.4757
04-MAR-2026,ACCUVANT,10.15,10.15,0.0000,0.0000,0.0000,0.0000
04-MAR-2026,ACE,852.60,866.95,-0.0167,0.0237,0.0237,0.4528
04-MAR-2026,ACEINTEG,16.62,17.45,-0.0487,0.0286,0.0287,0.5483
04-MAR-2026,ACESTONE,9.45,9.45,0.0000,0.0000,0.0000,0.0000
04-MAR-2026,ACI,529.30,551.10,-0.0404,0.0221,0.0223,0.4260
04-MAR-2026,ACL,52.57,52.87,-0.0057,0.0256,0.0255,0.4872
04-MAR-2026,ACMESOLAR,224.55,232.25,-0.0337,0.0232,0.0233,0.4451
04-MAR-2026,ACUTAAS,2104.50,2191.90,-0.0407,0.0264,0.0265,0.5063
04-MAR-2026,ADANIENSOL,960.50,972.25,-0.0122,0.0284,0.0283,0.5407
04-MAR-2026,ADANIENT,2076.50,2124.55,-0.0229,0.0249,0.0249,0.4757
04-MAR-2026,ADANIGREEN,872.00,903.50,-0.0355,0.0302,0.0303,0.5789
04-MAR-2026,ADANIPORTS,1434.40,1470.30,-0.0247,0.0202,0.0203,0.3878
04-MAR-2026,ADANIPOWER,137.80,137.95,-0.0011,0.0278,0.0277,0.5292
04-MAR-2026,ADFFOODS,190.40,193.70,-0.0172,0.0295,0.0295,0.5636
04-MAR-2026,ADL,67.40,67.77,-0.0055,0.0313,0.0313,0.5980
04-MAR-2026,ADOR,1012.60,1028.00,-0.0151,0.0212,0.0212,0.4050
04-MAR-2026,ADROITINFO,9.58,9.56,0.0021,0.0276,0.0276,0.5273
04-MAR-2026,ADSL,108.65,112.85,-0.0379,0.0321,0.0321,0.6133
04-MAR-2026,ADVAIT,1527.15,1616.85,-0.0571,0.0345,0.0347,0.6629
04-MAR-2026,ADVANCE,109.65,117.10,-0.0657,0.0213,0.0217,0.4146
04-MAR-2026,ADVANIHOTR,52.79,53.95,-0.0217,0.0207,0.0207,0.3955
04-MAR-2026,ADVENTHTL,184.20,188.25,-0.0217,0.0234,0.0234,0.4471
04-MAR-2026,ADVENZYMES,284.60,295.40,-0.0372,0.0236,0.0237,0.4528
04-MAR-2026,AEGISLOG,647.35,677.85,-0.0460,0.0268,0.0270,0.5158
04-MAR-2026,AEGISVOPAK,199.05,216.50,-0.0840,0.0210,0.0218,0.4165
04-MAR-2026,AEQUS,136.50,139.95,-0.0250,0.0132,0.0132,0.2522
04-MAR-2026,AEROENTER,74.07,75.51,-0.0193,0.0273,0.0273,0.5216
04-MAR-2026,AEROFLEX,218.20,225.85,-0.0345,0.0297,0.0297,0.5674
04-MAR-2026,AERONEU,66.68,67.36,-0.0101,0.0338,0.0338,0.6457
04-MAR-2026,AETHER,917.05,932.15,-0.0163,0.0190,0.0189,0.3611
04-MAR-2026,AFCONS,279.30,284.30,-0.0177,0.0168,0.0168,0.3210
04-MAR-2026,AFDIL,145.50,145.50,0.0000,0.0000,0.0000,0.0000
04-MAR-2026,AFFLE,1403.80,1357.80,0.0333,0.0203,0.0203,0.3878
04-MAR-2026,AFFORDABLE,180.10,174.50,0.0316,0.0340,0.0340,0.6496
04-MAR-2026,AFIL,7.13,7.18,-0.0070,0.0317,0.0316,0.6037
04-MAR-2026,AFSL,201.40,201.05,0.0017,0.0230,0.0230,0.4394
04-MAR-2026,AGARIND,504.85,531.30,-0.0511,0.0263,0.0265,0.5063
04-MAR-2026,AGARWALEYE,434.80,448.15,-0.0302,0.0159,0.0160,0.3057
04-MAR-2026,AGI,520.80,530.55,-0.0185,0.0268,0.0267,0.5101
04-MAR-2026,AGIIL,308.85,304.50,0.0142,0.0314,0.0313,0.5980
04-MAR-2026,AGRITECH,116.05,119.10,-0.0259,0.0325,0.0325,0.6209
04-MAR-2026,AGROPHOS,31.71,32.53,-0.0255,0.0300,0.0299,0.5712
04-MAR-2026,AGSTRA,3.21,3.36,-0.0457,0.0301,0.0302,0.5770
04-MAR-2026,AHCL,108.30,111.55,-0.0296,0.0189,0.0190,0.3630
04-MAR-2026,AHLADA,41.96,43.86,-0.0443,0.0289,0.0290,0.5540
04-MAR-2026,AHLEAST,160.35,160.55,-0.0012,0.0226,0.0225,0.4299
04-MAR-2026,AHLUCONT,733.15,752.55,-0.0261,0.0247,0.0247,0.4719
04-MAR-2026,AIAENG,3623.15,3739.05,-0.0315,0.0167,0.0168,0.3210
04-MAR-2026,AIIL,429.45,454.30,-0.0563,0.0299,0.0301,0.5751
04-MAR-2026,AIRAN,15.51,15.99,-0.0305,0.0334,0.0334,0.6381
04-MAR-2026,AIROLAM,92.93,89.13,0.0418,0.0261,0.0262,0.5006
04-MAR-2026,AJANTPHARM,2916.30,2967.70,-0.0175,0.0179,0.0179,0.3420
04-MAR-2026,AJAXENGG,489.65,478.95,0.0221,0.0190,0.0190,0.3630
04-MAR-2026,AJMERA,125.90,129.25,-0.0263,0.0289,0.0289,0.5521
04-MAR-2026,AJOONI,3.94,4.00,-0.0151,0.0296,0.0295,0.5636
04-MAR-2026,AKASH,24.24,25.06,-0.0333,0.0362,0.0362,0.6916
04-MAR-2026,AKG,10.67,10.65,0.0019,0.0292,0.0291,0.5560
04-MAR-2026,AKI,4.80,4.90,-0.0206,0.0336,0.0335,0.6400
04-MAR-2026,AKSHAR,0.37,0.40,-0.0780,0.0271,0.0276,0.5273
04-MAR-2026,AKSHARCHEM,203.95,204.65,-0.0034,0.0254,0.0253,0.4834
04-MAR-2026,AKSHOPTFBR,4.45,4.51,-0.0134,0.0341,0.0340,0.6496
04-MAR-2026,AKUMS,467.25,474.45,-0.0153,0.0201,0.0201,0.3840
04-MAR-2026,AKZOINDIA,2894.25,2893.00,0.0004,0.0198,0.0197,0.3764
04-MAR-2026,ALANKIT,7.55,7.96,-0.0529,0.0250,0.0252,0.4814
04-MAR-2026,ALBERTDAVD,694.65,686.50,0.0118,0.0218,0.0217,0.4146
04-MAR-2026,ALEMBICLTD,86.30,88.90,-0.0297,0.0206,0.0207,0.3955
04-MAR-2026,ALGOQUANT,59.24,61.97,-0.0451,0.0222,0.0224,0.4280
04-MAR-2026,ALICON,716.10,748.70,-0.0445,0.0260,0.0261,0.4986
04-MAR-2026,ALIVUS,910.85,914.50,-0.0040,0.0214,0.0214,0.4088
04-MAR-2026,ALKALI,58.15,61.35,-0.0536,0.0259,0.0261,0.4986
04-MAR-2026,ALKEM,5466.35,5566.15,-0.0181,0.0145,0.0146,0.2789
04-MAR-2026,ALKYLAMINE,1401.95,1437.60,-0.0251,0.0189,0.0189,0.3611
04-MAR-2026,ALLCARGO,8.01,8.05,-0.0050,0.0267,0.0266,0.5082
04-MAR-2026,ALLDIGI,776.75,806.85,-0.0380,0.0216,0.0217,0.4146
04-MAR-2026,ALLTIME,223.90,226.45,-0.0113,0.0208,0.0208,0.3974
04-MAR-2026,ALMONDZ,14.48,15.13,-0.0439,0.0334,0.0334,0.6381
04-MAR-2026,ALOKINDS,13.32,13.81,-0.0361,0.0244,0.0245,0.4681
04-MAR-2026,ALPA,63.06,64.40,-0.0210,0.0265,0.0264,0.5044
04-MAR-2026,ALPHA,46.57,48.02,-0.0307,0.0119,0.0120,0.2293
04-MAR-2026,ALPHAETF,24.44,25.06,-0.0251,0.0113,0.0114,0.2178
04-MAR-2026,ALPHAGEO,194.75,195.85,-0.0056,0.0257,0.0256,0.4891
04-MAR-2026,ALPL30IETF,27.26,27.83,-0.0207,0.0074,0.0075,0.1433
04-MAR-2026,AMAGI,378.55,379.90,-0.0036,0.0121,0.0121,0.2312
04-MAR-2026,AMANTA,99.60,100.25,-0.0065,0.0154,0.0154,0.2942
04-MAR-2026,AMARKANTAK,11.95,11.95,0.0000,0.0000,0.0000,0.0000
04-MAR-2026,AMARVAN,10.00,10.00,0.0000,0.0000,0.0000,0.0000
04-MAR-2026,AMBER,7656.80,7884.50,-0.0293,0.0265,0.0265,0.5063
04-MAR-2026,AMBICAAGAR,23.93,24.84,-0.0373,0.0245,0.0246,0.4700
04-MAR-2026,AMBIKCO,1358.45,1355.80,0.0020,0.0192,0.0192,0.3668
04-MAR-2026,AMBUJACEM,476.15,490.70,-0.0301,0.0168,0.0169,0.3229
04-MAR-2026,AMDIND,39.20,40.14,-0.0237,0.0315,0.0315,0.6018
04-MAR-2026,AMJLAND,39.48,38.67,0.0207,0.0268,0.0267,0.5101
04-MAR-2026,AMNPLST,150.05,152.15,-0.0139,0.0294,0.0294,0.5617
04-MAR-2026,AMRITINDIA,1614.35,1614.35,0.0000,0.0010,0.0010,0.0191
04-MAR-2026,AMRUTANJAN,574.05,581.05,-0.0121,0.0182,0.0182,0.3477
04-MAR-2026,ANANDRATHI,3138.60,3148.50,-0.0031,0.0180,0.0179,0.3420
04-MAR-2026,ANANTAM,102.99,102.61,0.0037,0.0036,0.0036,0.0688
04-MAR-2026,ANANTRAJ,489.25,509.10,-0.0398,0.0306,0.0307,0.5865
04-MAR-2026,ANDHRAPAP,66.09,66.95,-0.0129,0.0188,0.0187,0.3573
04-MAR-2026,ANDHRSUGAR,73.12,73.32,-0.0027,0.0190,0.0190,0.3630
04-MAR-2026,ANGELONE,221.75,226.30,-0.0203,0.0281,0.0281,0.5368
04-MAR-2026,ANIKINDS,43.27,45.05,-0.0403,0.0308,0.0308,0.5884
04-MAR-2026,ANKITMETAL,1.67,1.72,-0.0295,0.0267,0.0267,0.5101
04-MAR-2026,ANMOL,11.05,11.41,-0.0321,0.0257,0.0257,0.4910
04-MAR-2026,ANSALAPI,4.01,4.07,-0.0149,0.0223,0.0222,0.4241
04-MAR-2026,ANTELOPUS,554.00,538.15,0.0290,0.0386,0.0386,0.7375
04-MAR-2026,ANTGRAPHIC,0.79,0.85,-0.0732,0.0308,0.0312,0.5961
04-MAR-2026,ANTHEM,667.50,687.35,-0.0293,0.0145,0.0146,0.2789
04-MAR-2026,ANUHPHR,75.98,77.32,-0.0175,0.0241,0.0240,0.4585
04-MAR-2026,ANUP,1490.15,1557.80,-0.0444,0.0295,0.0296,0.5655
04-MAR-2026,ANURAS,1246.45,1217.75,0.0233,0.0182,0.0182,0.3477
04-MAR-2026,ANZEN,118.50,118.50,0.0000,0.0115,0.0115,0.2197
04-MAR-2026,AONEGOLD,15.11,15.60,-0.0319,0.0160,0.0161,0.3076
04-MAR-2026,AONELIQUID,1049.30,1049.16,0.0001,0.0002,0.0002,0.0038
04-MAR-2026,AONENIFTY,10.04,10.23,-0.0187,0.0046,0.0048,0.0917
04-MAR-2026,AONESILVER,10.17,11.03,-0.0812,0.0003,0.0057,0.1089
04-MAR-2026,AONETMMQ50,9.48,9.70,-0.0229,0.0054,0.0056,0.1070
04-MAR-2026,AONETOTAL,11.32,11.50,-0.0158,0.0063,0.0063,0.1204
04-MAR-2026,APARINDS,10022.00,10693.70,-0.0649,0.0294,0.0296,0.5655
04-MAR-2026,APCL,121.00,124.35,-0.0273,0.0274,0.0274,0.5235
04-MAR-2026,APCOTEXIND,360.60,365.25,-0.0128,0.0192,0.0192,0.3668
04-MAR-2026,APEX,354.00,378.40,-0.0667,0.0384,0.0386,0.7375
04-MAR-2026,APLAPOLLO,2119.65,2222.30,-0.0473,0.0165,0.0168,0.3210
04-MAR-2026,APLLTD,698.30,705.25,-0.0099,0.0190,0.0190,0.3630
04-MAR-2026,APOLLO,212.05,214.00,-0.0092,0.0347,0.0346,0.6610
04-MAR-2026,APOLLOHOSP,7666.00,7791.50,-0.0162,0.0129,0.0129,0.2465
04-MAR-2026,APOLLOPIPE,353.25,347.30,0.0170,0.0270,0.0270,0.5158
04-MAR-2026,APOLLOTYRE,431.30,440.40,-0.0209,0.0168,0.0168,0.3210
04-MAR-2026,APOLSINHOT,1176.40,1194.10,-0.0149,0.0244,0.0243,0.4643
04-MAR-2026,APTECHT,82.43,84.70,-0.0272,0.0267,0.0267,0.5101
04-MAR-2026,APTUS,228.40,238.30,-0.0424,0.0193,0.0195,0.3725
04-MAR-2026,AQYLON,1084.10,1141.10,-0.0512,0.0337,0.0338,0.6457
04-MAR-2026,ARCHIDPLY,77.55,79.35,-0.0229,0.0275,0.0274,0.5235
04-MAR-2026,ARCHIES,14.50,14.75,-0.0171,0.0273,0.0272,0.5197
04-MAR-2026,ARE&M,800.90,824.65,-0.0292,0.0180,0.0181,0.3458
04-MAR-2026,ARENTERP,38.19,41.00,-0.0710,0.0357,0.0359,0.6859
04-MAR-2026,ARFIN,73.84,69.95,0.0541,0.0274,0.0276,0.5273
04-MAR-2026,ARIES,330.10,334.15,-0.0122,0.0290,0.0289,0.5521
04-MAR-2026,ARIHANTCAP,74.86,76.10,-0.0164,0.0331,0.0330,0.6305
04-MAR-2026,ARIHANTSUP,248.80,257.95,-0.0361,0.0247,0.0248,0.4738
04-MAR-2026,ARIS,106.15,107.30,-0.0108,0.0263,0.0262,0.5006
04-MAR-2026,ARKADE,111.10,112.70,-0.0143,0.0214,0.0214,0.4088
04-MAR-2026,ARMANFIN,1476.40,1521.35,-0.0300,0.0254,0.0254,0.4853
04-MAR-2026,AROGRANITE,25.53,25.52,0.0004,0.0277,0.0276,0.5273
04-MAR-2026,ARROWGREEN,387.55,396.20,-0.0221,0.0322,0.0322,0.6152
04-MAR-2026,ARSSBL,490.30,491.40,-0.0022,0.0189,0.0188,0.3592
04-MAR-2026,ARTEMISMED,233.35,230.00,0.0145,0.0241,0.0241,0.4604
04-MAR-2026,ARTNIRMAN,39.00,39.48,-0.0122,0.0331,0.0330,0.6305
04-MAR-2026,ARVEE,151.40,154.00,-0.0170,0.0407,0.0406,0.7757
04-MAR-2026,ARVIND,339.90,344.35,-0.0130,0.0251,0.0250,0.4776
04-MAR-2026,ARVINDFASN,430.60,440.05,-0.0217,0.0227,0.0227,0.4337
04-MAR-2026,ARVSMART,509.30,516.20,-0.0135,0.0239,0.0239,0.4566
04-MAR-2026,ASAHIINDIA,860.20,850.95,0.0108,0.0227,0.0227,0.4337
04-MAR-2026,ASAHISONG,218.25,219.85,-0.0073,0.0305,0.0305,0.5827
04-MAR-2026,ASAL,448.85,455.90,-0.0156,0.0301,0.0300,0.5731
04-MAR-2026,ASALCBR,763.75,781.75,-0.0233,0.0294,0.0293,0.5598
04-MAR-2026,ASHAPURMIN,514.85,522.10,-0.0140,0.0363,0.0362,0.6916
04-MAR-2026,ASHIANA,312.25,323.20,-0.0345,0.0229,0.0230,0.4394
04-MAR-2026,ASHIMASYN,13.79,14.98,-0.0828,0.0345,0.0349,0.6668
04-MAR-2026,ASHOKA,124.05,128.70,-0.0368,0.0246,0.0246,0.4700
04-MAR-2026,ASHOKAMET,14.04,14.19,-0.0106,0.0270,0.0270,0.5158
04-MAR-2026,ASHOKLEY,200.45,209.00,-0.0418,0.0183,0.0185,0.3534
04-MAR-2026,ASIANENE,288.55,292.85,-0.0148,0.0318,0.0317,0.6056
04-MAR-2026,ASIANHOTNR,275.30,278.55,-0.0117,0.0286,0.0286,0.5464
04-MAR-2026,ASIANPAINT,2285.20,2307.10,-0.0095,0.0138,0.0138,0.2636
04-MAR-2026,ASIANTILES,66.12,68.78,-0.0394,0.0257,0.0258,0.4929
04-MAR-2026,ASKAUTOLTD,386.20,400.10,-0.0354,0.0207,0.0208,0.3974
04-MAR-2026,ASMS,9.11,9.81,-0.0740,0.0386,0.0389,0.7432
04-MAR-2026,ASPINWALL,211.14,211.65,-0.0024,0.0281,0.0281,0.5368
04-MAR-2026,ASTEC,639.95,628.25,0.0185,0.0298,0.0298,0.5693
04-MAR-2026,ASTERDM,649.25,644.80,0.0069,0.0199,0.0199,0.3802
04-MAR-2026,ASTRAL,1646.70,1669.85,-0.0140,0.0174,0.0174,0.3324
04-MAR-2026,ASTRAMICRO,995.55,982.30,0.0134,0.0249,0.0249,0.4757
04-MAR-2026,ASTRAZEN,8701.25,8800.85,-0.0114,0.0201,0.0201,0.3840
04-MAR-2026,ASTRON,3.95,3.97,-0.0051,0.0304,0.0304,0.5808
04-MAR-2026,ATALREAL,23.77,23.66,0.0046,0.0242,0.0241,0.4604
04-MAR-2026,ATAM,59.21,59.72,-0.0086,0.0280,0.0280,0.5349
04-MAR-2026,ATGL,480.80,492.85,-0.0248,0.0258,0.0258,0.4929
04-MAR-2026,ATHERENERG,701.00,705.00,-0.0057,0.0242,0.0241,0.4604
04-MAR-2026,ATL,23.28,24.12,-0.0354,0.0272,0.0273,0.5216
04-MAR-2026,ATLANTAA,39.21,38.85,0.0092,0.0392,0.0391,0.7470
04-MAR-2026,ATLANTAELE,866.80,898.90,-0.0364,0.0212,0.0213,0.4069
04-MAR-2026,ATLASCYCLE,86.29,87.73,-0.0166,0.0369,0.0368,0.7031
04-MAR-2026,ATUL,6506.30,6530.80,-0.0038,0.0173,0.0172,0.3286
04-MAR-2026,ATULAUTO,453.95,477.50,-0.0506,0.0279,0.0281,0.5368
04-MAR-2026,AUBANK,946.10,951.25,-0.0054,0.0183,0.0182,0.3477
04-MAR-2026,AURIGROW,0.24,0.25,-0.0408,0.0482,0.0482,0.9209
04-MAR-2026,AURIONPRO,860.65,858.20,0.0029,0.0294,0.0293,0.5598
04-MAR-2026,AUROPHARMA,1195.40,1210.40,-0.0125,0.0178,0.0178,0.3401
04-MAR-2026,AURUM,165.60,169.50,-0.0233,0.0258,0.0258,0.4929
04-MAR-2026,AUSOMENT,96.52,96.52,0.0000,0.0358,0.0357,0.6820
04-MAR-2026,AUTOAXLES,2001.60,2006.75,-0.0026,0.0183,0.0183,0.3496
04-MAR-2026,AUTOBEES,275.61,283.19,-0.0271,0.0105,0.0107,0.2044
04-MAR-2026,AUTOIETF,27.69,28.34,-0.0232,0.0106,0.0107,0.2044
04-MAR-2026,AUTOIND,71.54,72.98,-0.0199,0.0275,0.0275,0.5254
04-MAR-2026,AVADHSUGAR,410.45,386.80,0.0593,0.0242,0.0245,0.4681
04-MAR-2026,AVALON,945.90,989.80,-0.0454,0.0305,0.0306,0.5846
04-MAR-2026,AVANTEL,140.70,141.60,-0.0064,0.0302,0.0302,0.5770
04-MAR-2026,AVANTIFEED,1204.75,1290.30,-0.0686,0.0335,0.0337,0.6438
04-MAR-2026,AVG,140.75,140.75,0.0000,0.0314,0.0313,0.5980
04-MAR-2026,AVL,482.05,477.80,0.0089,0.0254,0.0253,0.4834
04-MAR-2026,AVONMORE,13.72,13.94,-0.0159,0.0298,0.0298,0.5693
04-MAR-2026,AVROIND,137.10,131.85,0.0390,0.0316,0.0316,0.6037
04-MAR-2026,AVTNPL,59.53,62.66,-0.0512,0.0193,0.0196,0.3745
04-MAR-2026,AWFIS,273.05,283.65,-0.0381,0.0250,0.0250,0.4776
04-MAR-2026,AWHCL,484.00,481.35,0.0055,0.0302,0.0302,0.5770
04-MAR-2026,AWL,179.70,180.30,-0.0033,0.0200,0.0200,0.3821
04-MAR-2026,AXISBANK,1351.30,1372.30,-0.0154,0.0138,0.0138,0.2636
04-MAR-2026,AXISBNKETF,603.20,614.24,-0.0181,0.0078,0.0078,0.1490
04-MAR-2026,AXISBPSETF,13.24,13.25,-0.0008,0.0022,0.0022,0.0420
04-MAR-2026,AXISCADES,1497.95,1433.20,0.0442,0.0335,0.0335,0.6400
04-MAR-2026,AXISCETF,114.92,117.18,-0.0195,0.0088,0.0089,0.1700
04-MAR-2026,AXISGOLD,134.05,140.78,-0.0490,0.0204,0.0207,0.3955
04-MAR-2026,AXISHCETF,148.51,151.15,-0.0176,0.0096,0.0096,0.1834
04-MAR-2026,AXISILVER,263.99,285.28,-0.0776,0.0336,0.0340,0.6496
04-MAR-2026,AXISNIFTY,269.36,273.83,-0.0165,0.0070,0.0071,0.1356
04-MAR-2026,AXISTECETF,331.99,332.09,-0.0003,0.0134,0.0134,0.2560
04-MAR-2026,AXISVALUE,32.99,33.96,-0.0290,0.0085,0.0087,0.1662
04-MAR-2026,AXITA,8.50,8.50,0.0000,0.0225,0.0224,0.4280
04-MAR-2026,AXSENSEX,81.47,82.91,-0.0175,0.0077,0.0078,0.1490
04-MAR-2026,AYE,117.90,119.30,-0.0118,0.0080,0.0080,0.1528
04-MAR-2026,AYMSYNTEX,201.15,200.55,0.0030,0.0291,0.0291,0.5560
04-MAR-2026,AZAD,1635.75,1677.05,-0.0249,0.0248,0.0248,0.4738
04-MAR-2026,BAFNAPH,107.00,108.20,-0.0112,0.0311,0.0310,0.5923
04-MAR-2026,BAGFILMS,4.74,5.02,-0.0574,0.0280,0.0282,0.5388
04-MAR-2026,BAIDFIN,11.00,11.17,-0.0153,0.0291,0.0290,0.5540
04-MAR-2026,BAJAJ-AUTO,9652.35,9776.00,-0.0127,0.0143,0.0143,0.2732
04-MAR-2026,BAJAJCON,361.25,379.10,-0.0482,0.0275,0.0277,0.5292
04-MAR-2026,BAJAJELEC,358.00,361.25,-0.0090,0.0184,0.0184,0.3515
04-MAR-2026,BAJAJFINSV,1889.30,1942.00,-0.0275,0.0143,0.0144,0.2751
04-MAR-2026,BAJAJHCARE,321.25,324.20,-0.0091,0.0288,0.0287,0.5483
04-MAR-2026,BAJAJHFL,84.13,85.27,-0.0135,0.0144,0.0144,0.2751
04-MAR-2026,BAJAJHIND,17.23,15.61,0.0987,0.0263,0.0272,0.5197
04-MAR-2026,BAJAJHLDNG,10650.95,10694.95,-0.0041,0.0194,0.0194,0.3706
04-MAR-2026,BAJAJINDEF,236.55,237.30,-0.0032,0.0291,0.0291,0.5560
04-MAR-2026,BAJEL,147.90,155.25,-0.0485,0.0264,0.0266,0.5082
04-MAR-2026,BAJFINANCE,945.10,978.25,-0.0345,0.0164,0.0165,0.3152
04-MAR-2026,BALAJEE,26.01,26.76,-0.0284,0.0234,0.0235,0.4490
04-MAR-2026,BALAJITELE,93.90,100.15,-0.0644,0.0332,0.0335,0.6400
04-MAR-2026,BALAMINES,1054.40,1067.00,-0.0119,0.0257,0.0256,0.4891
04-MAR-2026,BALAXI,18.13,18.88,-0.0405,0.0291,0.0292,0.5579
04-MAR-2026,BALKRISHNA,15.66,16.24,-0.0364,0.0254,0.0255,0.4872
04-MAR-2026,BALKRISIND,2256.85,2302.60,-0.0201,0.0179,0.0179,0.3420
04-MAR-2026,BALMLAWRIE,170.35,177.05,-0.0386,0.0195,0.0196,0.3745
04-MAR-2026,BALPHARMA,72.01,74.72,-0.0369,0.0246,0.0247,0.4719
04-MAR-2026,BALRAMCHIN,491.70,458.30,0.0703,0.0205,0.0211,0.4031
04-MAR-2026,BALUFORGE,454.80,472.30,-0.0378,0.0340,0.0340,0.6496
04-MAR-2026,BANARBEADS,111.55,117.90,-0.0554,0.0285,0.0287,0.5483
04-MAR-2026,BANARISUG,3599.60,3601.20,-0.0004,0.0154,0.0154,0.2942
04-MAR-2026,BANCOINDIA,572.70,593.60,-0.0358,0.0338,0.0338,0.6457
04-MAR-2026,BANDHANBNK,177.40,177.65,-0.0014,0.0213,0.0213,0.4069
04-MAR-2026,BANG,38.30,40.56,-0.0573,0.0282,0.0284,0.5426
04-MAR-2026,BANKA,54.54,56.02,-0.0268,0.0298,0.0297,0.5674
04-MAR-2026,BANKADD,59.91,60.96,-0.0174,0.0185,0.0185,0.3534
04-MAR-2026,BANKBARODA,299.30,315.20,-0.0518,0.0176,0.0179,0.3420
04-MAR-2026,BANKBEES,606.32,617.71,-0.0186,0.0077,0.0078,0.1490
04-MAR-2026,BANKBETA,60.49,61.63,-0.0187,0.0080,0.0081,0.1548
04-MAR-2026,BANKBETF,59.47,60.64,-0.0195,0.0088,0.0089,0.1700
04-MAR-2026,BANKETF,597.30,607.17,-0.0164,0.0077,0.0077,0.1471
04-MAR-2026,BANKIETF,60.16,61.30,-0.0188,0.0078,0.0079,0.1509
04-MAR-2026,BANKINDIA,163.40,172.30,-0.0530,0.0208,0.0211,0.4031
04-MAR-2026,BANKNIFTY1,60.77,61.89,-0.0183,0.0081,0.0082,0.1567
04-MAR-2026,BANKPSU,93.69,96.76,-0.0322,0.0127,0.0128,0.2445
04-MAR-2026,BANSALWIRE,246.60,255.35,-0.0349,0.0195,0.0196,0.3745
04-MAR-2026,BANSWRAS,109.05,114.00,-0.0444,0.0243,0.0244,0.4662
04-MAR-2026,BASF,3491.75,3589.55,-0.0276,0.0205,0.0205,0.3917
04-MAR-2026,BASML,20.99,21.71,-0.0337,0.0294,0.0294,0.5617
04-MAR-2026,BATAINDIA,732.50,769.50,-0.0493,0.0152,0.0156,0.2980
04-MAR-2026,BAYERCROP,4552.70,4553.70,-0.0002,0.0161,0.0161,0.3076
04-MAR-2026,BBETF0432,1316.43,1319.38,-0.0022,0.0020,0.0020,0.0382
04-MAR-2026,BBL,2323.90,2398.30,-0.0315,0.0275,0.0275,0.5254
04-MAR-2026,BBNPNBETF,59.02,60.28,-0.0211,0.0076,0.0077,0.1471
04-MAR-2026,BBNPPGOLD,157.05,162.19,-0.0322,0.0199,0.0200,0.3821
04-MAR-2026,BBOX,504.95,515.00,-0.0197,0.0287,0.0286,0.5464
04-MAR-2026,BBTC,1569.50,1644.15,-0.0465,0.0225,0.0227,0.4337
04-MAR-2026,BBTCL,167.00,169.60,-0.0154,0.0237,0.0236,0.4509
04-MAR-2026,BCG,9.69,10.17,-0.0483,0.0473,0.0473,0.9037
04-MAR-2026,BCLIND,28.65,27.79,0.0305,0.0244,0.0244,0.4662
04-MAR-2026,BCONCEPTS,225.55,240.40,-0.0638,0.0338,0.0340,0.6496
04-MAR-2026,BDL,1269.30,1268.00,0.0010,0.0266,0.0265,0.5063
04-MAR-2026,BEARDSELL,24.76,24.79,-0.0012,0.0315,0.0314,0.5999
04-MAR-2026,BECTORFOOD,193.05,200.45,-0.0376,0.0233,0.0234,0.4471
04-MAR-2026,BEDMUTHA,133.80,132.65,0.0086,0.0266,0.0266,0.5082
04-MAR-2026,BEL,446.85,453.95,-0.0158,0.0192,0.0192,0.3668
04-MAR-2026,BELLACASA,264.90,279.85,-0.0549,0.0311,0.0313,0.5980
04-MAR-2026,BELRISE,183.40,187.70,-0.0232,0.0190,0.0190,0.3630
04-MAR-2026,BEML,1603.90,1650.10,-0.0284,0.0285,0.0285,0.5445
04-MAR-2026,BEPL,77.89,80.42,-0.0320,0.0204,0.0205,0.3917
04-MAR-2026,BERGEPAINT,438.75,447.45,-0.0196,0.0149,0.0149,0.2847
04-MAR-2026,BESTAGRO,14.69,15.46,-0.0511,0.0340,0.0342,0.6534
04-MAR-2026,BETA,1053.80,1053.90,-0.0001,0.0179,0.0179,0.3420
04-MAR-2026,BFINVEST,375.90,382.25,-0.0168,0.0222,0.0222,0.4241
04-MAR-2026,BFSI,27.95,28.48,-0.0188,0.0086,0.0087,0.1662
04-MAR-2026,BFUTILITIE,469.50,489.45,-0.0416,0.0289,0.0289,0.5521
04-MAR-2026,BGRENERGY,294.50,309.65,-0.0502,0.0351,0.0351,0.6706
04-MAR-2026,BHAGCHEM,201.10,199.95,0.0057,0.0249,0.0248,0.4738
04-MAR-2026,BHAGERIA,149.65,152.70,-0.0202,0.0280,0.0279,0.5330
04-MAR-2026,BHAGYANGR,163.40,164.85,-0.0088,0.0339,0.0338,0.6457
04-MAR-2026,BHANDARI,2.82,2.70,0.0435,0.0262,0.0263,0.5025
04-MAR-2026,BHARATCOAL,33.47,32.13,0.0409,0.0109,0.0112,0.2140
04-MAR-2026,BHARATFORG,1841.80,1879.30,-0.0202,0.0193,0.0193,0.3687
04-MAR-2026,BHARATGEAR,99.55,103.75,-0.0413,0.0297,0.0298,0.5693
04-MAR-2026,BHARATRAS,1415.85,1464.55,-0.0338,0.0292,0.0292,0.5579
04-MAR-2026,BHARATSE,174.60,180.85,-0.0352,0.0367,0.0367,0.7012
04-MAR-2026,BHARATWIRE,166.60,174.80,-0.0480,0.0318,0.0319,0.6094
04-MAR-2026,BHARTIARTL,1905.90,1873.20,0.0173,0.0125,0.0125,0.2388
04-MAR-2026,BHARTIHEXA,1576.75,1595.35,-0.0117,0.0205,0.0205,0.3917
04-MAR-2026,BHEL,247.90,262.15,-0.0559,0.0237,0.0240,0.4585
04-MAR-2026,BIGBLOC,50.44,51.07,-0.0124,0.0324,0.0323,0.6171
04-MAR-2026,BIKAJI,630.40,631.20,-0.0013,0.0184,0.0183,0.3496
04-MAR-2026,BIL,731.35,723.50,0.0108,0.0311,0.0310,0.5923
04-MAR-2026,BILVYAPAR,6.35,6.48,-0.0203,0.0326,0.0326,0.6228
04-MAR-2026,BIOCON,378.35,387.95,-0.0251,0.0185,0.0186,0.3554
04-MAR-2026,BIOFILCHEM,29.54,30.50,-0.0320,0.0333,0.0333,0.6362
04-MAR-2026,BIRET,348.01,358.46,-0.0296,0.0115,0.0116,0.2216
04-MAR-2026,BIRLACABLE,140.35,142.00,-0.0117,0.0285,0.0285,0.5445
04-MAR-2026,BIRLACORPN,884.25,936.35,-0.0572,0.0205,0.0208,0.3974
04-MAR-2026,BIRLAMONEY,128.55,134.00,-0.0415,0.0261,0.0262,0.5006
04-MAR-2026,BIRLANU,1481.70,1499.90,-0.0122,0.0197,0.0197,0.3764
04-MAR-2026,BIUL,52.35,52.35,0.0000,0.0406,0.0405,0.7738
04-MAR-2026,BLACKBUCK,562.85,572.60,-0.0172,0.0273,0.0272,0.5197
04-MAR-2026,BLAL,182.10,185.45,-0.0182,0.0195,0.0195,0.3725
04-MAR-2026,BLBLIMITED,16.79,17.23,-0.0259,0.0328,0.0328,0.6266
04-MAR-2026,BLISSGVS,215.60,213.90,0.0079,0.0357,0.0356,0.6801
04-MAR-2026,BLKASHYAP,49.27,50.60,-0.0266,0.0290,0.0290,0.5540
04-MAR-2026,BLS,257.05,266.70,-0.0369,0.0281,0.0281,0.5368
04-MAR-2026,BLSE,133.90,140.45,-0.0478,0.0276,0.0278,0.5311
04-MAR-2026,BLUECOAST,19.90,20.75,-0.0418,0.0579,0.0578,1.1043
04-MAR-2026,BLUEDART,5466.80,5539.25,-0.0132,0.0191,0.0191,0.3649
04-MAR-2026,BLUEJET,376.40,384.70,-0.0218,0.0302,0.0302,0.5770
04-MAR-2026,BLUESTARCO,1843.60,1902.45,-0.0314,0.0200,0.0201,0.3840
04-MAR-2026,BLUESTONE,449.50,443.45,0.0136,0.0222,0.0222,0.4241
04-MAR-2026,BLUSPRING,50.03,50.38,-0.0070,0.0208,0.0208,0.3974
04-MAR-2026,BMWVENTLTD,56.97,58.53,-0.0270,0.0163,0.0164,0.3133
04-MAR-2026,BODALCHEM,44.89,46.39,-0.0329,0.0227,0.0228,0.4356
04-MAR-2026,BOHRAIND,18.38,19.33,-0.0504,0.0296,0.0298,0.5693
04-MAR-2026,BOMDYEING,108.05,113.45,-0.0488,0.0259,0.0260,0.4967
04-MAR-2026,BONLON,40.59,42.68,-0.0502,0.0066,0.0075,0.1433
04-MAR-2026,BORANA,365.90,373.80,-0.0214,0.0192,0.0192,0.3668
04-MAR-2026,BOROLTD,229.10,228.80,0.0013,0.0212,0.0212,0.4050
04-MAR-2026,BORORENEW,434.75,441.00,-0.0143,0.0260,0.0260,0.4967
04-MAR-2026,BOROSCI,103.20,102.85,0.0034,0.0262,0.0262,0.5006
04-MAR-2026,BOSCH-HCIL,1335.30,1367.70,-0.0240,0.0212,0.0212,0.4050
04-MAR-2026,BOSCHLTD,33391.00,35370.65,-0.0576,0.0153,0.0158,0.3019
04-MAR-2026,BPCL,356.40,374.80,-0.0503,0.0169,0.0172,0.3286
04-MAR-2026,BPL,52.44,53.29,-0.0161,0.0312,0.0311,0.5942
04-MAR-2026,BRIGADE,655.90,678.65,-0.0341,0.0211,0.0212,0.4050
04-MAR-2026,BRIGHOTEL,57.71,59.61,-0.0324,0.0114,0.0116,0.2216
04-MAR-2026,BRITANNIA,5889.55,5959.00,-0.0117,0.0125,0.0125,0.2388
04-MAR-2026,BRNL,18.37,18.83,-0.0247,0.0299,0.0299,0.5712
04-MAR-2026,BROOKS,61.80,62.63,-0.0133,0.0337,0.0337,0.6438
04-MAR-2026,BSE,2626.90,2643.60,-0.0063,0.0310,0.0309,0.5903
04-MAR-2026,BSE500IETF,37.95,38.66,-0.0185,0.0079,0.0080,0.1528
04-MAR-2026,BSHSL,83.84,84.67,-0.0099,0.0243,0.0243,0.4643
04-MAR-2026,BSL,124.50,127.85,-0.0266,0.0295,0.0295,0.5636
04-MAR-2026,BSLGOLDETF,142.46,147.01,-0.0314,0.0179,0.0180,0.3439
04-MAR-2026,BSLNIFTY,28.53,29.01,-0.0167,0.0070,0.0071,0.1356
04-MAR-2026,BSLSENETFG,79.34,80.38,-0.0130,0.0074,0.0075,0.1433
04-MAR-2026,BSOFT,383.45,384.60,-0.0030,0.0230,0.0229,0.4375
04-MAR-2026,BTML,7.26,6.99,0.0379,0.0318,0.0318,0.6075
04-MAR-2026,BUILDPRO,919.65,915.80,0.0042,0.0212,0.0211,0.4031
04-MAR-2026,BUTTERFLY,599.75,601.10,-0.0022,0.0216,0.0215,0.4108
04-MAR-2026,BVCL,39.25,40.70,-0.0363,0.0337,0.0337,0.6438
04-MAR-2026,BYKE,40.01,40.23,-0.0055,0.0290,0.0289,0.5521
04-MAR-2026,CALSOFT,12.89,12.07,0.0657,0.0313,0.0315,0.6018
04-MAR-2026,CAMLINFINE,139.20,144.15,-0.0349,0.0357,0.0357,0.6820
04-MAR-2026,CAMPUS,245.60,250.05,-0.0180,0.0187,0.0187,0.3573
04-MAR-2026,CAMS,629.90,651.25,-0.0333,0.0206,0.0207,0.3955
04-MAR-2026,CANBK,146.95,153.55,-0.0439,0.0186,0.0188,0.3592
04-MAR-2026,CANFINHOME,812.30,821.45,-0.0112,0.0177,0.0177,0.3382
04-MAR-2026,CANHLIFE,143.30,143.50,-0.0014,0.0127,0.0127,0.2426
04-MAR-2026,CANTABIL,258.75,257.65,0.0043,0.0244,0.0243,0.4643
04-MAR-2026,CAPACITE,222.90,231.40,-0.0374,0.0257,0.0258,0.4929
04-MAR-2026,CAPFIN,10.00,10.00,0.0000,0.0000,0.0000,0.0000
04-MAR-2026,CAPILLARY,510.65,504.90,0.0113,0.0185,0.0185,0.3534
04-MAR-2026,CAPINVIT,69.10,69.67,-0.0082,0.0073,0.0073,0.1395
04-MAR-2026,CAPITALSFB,256.75,259.80,-0.0118,0.0150,0.0150,0.2866
04-MAR-2026,CAPLIPOINT,1650.60,1673.00,-0.0135,0.0232,0.0232,0.4432
04-MAR-2026,CAPTRUST,12.09,12.47,-0.0309,0.0365,0.0365,0.6973
04-MAR-2026,CARBORUNIV,799.10,806.95,-0.0098,0.0199,0.0198,0.3783
04-MAR-2026,CARERATING,1559.80,1603.40,-0.0276,0.0213,0.0213,0.4069
04-MAR-2026,CARRARO,508.55,506.50,0.0040,0.0273,0.0272,0.5197
04-MAR-2026,CARTRADE,1745.80,1775.70,-0.0170,0.0345,0.0344,0.6572
04-MAR-2026,CARYSIL,859.10,876.90,-0.0205,0.0296,0.0296,0.5655
04-MAR-2026,CASHIETF,1051.96,1051.85,0.0001,0.0002,0.0002,0.0038
04-MAR-2026,CASTLE,25.35,25.35,0.0000,0.0000,0.0000,0.0000
04-MAR-2026,CASTROLIND,185.15,185.80,-0.0035,0.0175,0.0174,0.3324
04-MAR-2026,CCAVENUE,15.80,16.17,-0.0231,0.0257,0.0257,0.4910
04-MAR-2026,CCCL,15.57,15.20,0.0241,0.0664,0.0663,1.2667
04-MAR-2026,CCHHL,12.94,13.41,-0.0357,0.0269,0.0270,0.5158
04-MAR-2026,CCL,1009.10,1017.00,-0.0078,0.0227,0.0226,0.4318
04-MAR-2026,CDSL,1209.40,1228.30,-0.0155,0.0229,0.0229,0.4375
04-MAR-2026,CEATLTD,3281.80,3459.55,-0.0527,0.0221,0.0224,0.4280
04-MAR-2026,CEIGALL,270.35,275.10,-0.0174,0.0176,0.0176,0.3362
04-MAR-2026,CEINSYS,898.25,932.55,-0.0375,0.0357,0.0357,0.6820
04-MAR-2026,CELEBRITY,7.24,7.40,-0.0219,0.0325,0.0325,0.6209
04-MAR-2026,CELLO,417.30,423.35,-0.0144,0.0174,0.0174,0.3324
04-MAR-2026,CEMPRO,552.50,568.95,-0.0293,0.0275,0.0275,0.5254
04-MAR-2026,CENTENKA,410.55,424.25,-0.0328,0.0220,0.0221,0.4222
04-MAR-2026,CENTEXT,17.28,18.54,-0.0704,0.0338,0.0341,0.6515
04-MAR-2026,CENTRALBK,37.07,38.74,-0.0441,0.0217,0.0218,0.4165
04-MAR-2026,CENTRUM,22.72,23.92,-0.0515,0.0285,0.0287,0.5483
04-MAR-2026,CENTUM,2619.10,2710.95,-0.0345,0.0337,0.0337,0.6438
04-MAR-2026,CENTURYPLY,697.30,729.75,-0.0455,0.0191,0.0194,0.3706
04-MAR-2026,CERA,4783.35,4784.85,-0.0003,0.0174,0.0174,0.3324
04-MAR-2026,CEREBRAINT,4.83,4.69,0.0294,0.0304,0.0304,0.5808
04-MAR-2026,CESC,152.35,153.50,-0.0075,0.0201,0.0201,0.3840
04-MAR-2026,CEWATER,276.40,288.25,-0.0420,0.0277,0.0278,0.5311
04-MAR-2026,CGCL,151.95,158.55,-0.0425,0.0248,0.0249,0.4757
04-MAR-2026,CGPOWER,684.90,711.85,-0.0386,0.0216,0.0217,0.4146
04-MAR-2026,CHALET,757.00,784.35,-0.0355,0.0190,0.0191,0.3649
04-MAR-2026,CHAMBLFERT,431.25,448.15,-0.0384,0.0205,0.0206,0.3936
04-MAR-2026,CHEMBOND,139.55,143.00,-0.0244,0.0263,0.0262,0.5006
04-MAR-2026,CHEMBONDCH,142.55,152.05,-0.0645,0.0237,0.0241,0.4604
04-MAR-2026,CHEMCON,157.95,159.25,-0.0082,0.0255,0.0254,0.4853
04-MAR-2026,CHEMFAB,361.70,373.60,-0.0324,0.0273,0.0273,0.5216
04-MAR-2026,CHEMICAL,27.11,27.46,-0.0128,0.0062,0.0062,0.1185
04-MAR-2026,CHEMPLASTS,223.50,238.45,-0.0647,0.0267,0.0270,0.5158
04-MAR-2026,CHENNPETRO,999.90,937.70,0.0642,0.0297,0.0300,0.5731
04-MAR-2026,CHEVIOT,1010.05,1025.20,-0.0149,0.0153,0.0153,0.2923
04-MAR-2026,CHOICEGOLD,160.45,165.64,-0.0318,0.0126,0.0128,0.2445
04-MAR-2026,CHOICEIN,682.00,709.25,-0.0392,0.0180,0.0182,0.3477
04-MAR-2026,CHOLAFIN,1653.60,1703.70,-0.0298,0.0193,0.0193,0.3687
04-MAR-2026,CHOLAHLDNG,1619.25,1599.90,0.0120,0.0227,0.0226,0.4318
04-MAR-2026,CIEINDIA,448.60,467.05,-0.0403,0.0175,0.0177,0.3382
04-MAR-2026,CIFL,30.08,30.08,0.0000,0.0271,0.0271,0.5177
04-MAR-2026,CIGNITITEC,1150.90,1154.45,-0.0031,0.0225,0.0225,0.4299
04-MAR-2026,CINELINE,84.60,84.37,0.0027,0.0270,0.0270,0.5158
04-MAR-2026,CINEVISTA,15.09,15.07,0.0013,0.0334,0.0334,0.6381
04-MAR-2026,CIPLA,1313.20,1351.60,-0.0288,0.0131,0.0132,0.2522
04-MAR-2026,CITYGOLD,10.00,10.00,0.0000,0.0000,0.0000,0.0000
04-MAR-2026,CLEAN,741.95,740.90,0.0014,0.0189,0.0188,0.3592
04-MAR-2026,CLEANMAX,857.50,867.50,-0.0116,0.0072,0.0072,0.1376
04-MAR-2026,CLEDUCATE,41.87,38.08,0.0949,0.0349,0.0355,0.6782
04-MAR-2026,CLSEL,247.70,260.00,-0.0485,0.0252,0.0254,0.4853
04-MAR-2026,CMSINFO,300.85,301.45,-0.0020,0.0185,0.0184,0.3515
04-MAR-2026,CNL,668.90,665.10,0.0057,0.0239,0.0238,0.4547
04-MAR-2026,COALINDIA,435.15,426.25,0.0207,0.0154,0.0154,0.2942
04-MAR-2026,COASTCORP,41.55,43.62,-0.0486,0.0332,0.0333,0.6362
04-MAR-2026,COCHINSHIP,1398.15,1448.95,-0.0357,0.0273,0.0273,0.5216
04-MAR-2026,COFFEEDAY,28.35,29.01,-0.0230,0.0342,0.0342,0.6534
04-MAR-2026,COFORGE,1170.00,1162.75,0.0062,0.0222,0.0222,0.4241
04-MAR-2026,COHANCE,298.15,303.20,-0.0168,0.0244,0.0244,0.4662
04-MAR-2026,COLPAL,2183.70,2214.90,-0.0142,0.0138,0.0138,0.2636
04-MAR-2026,COMMOIETF,97.22,100.37,-0.0319,0.0102,0.0104,0.1987
04-MAR-2026,COMPINFO,1.39,1.34,0.0366,0.0317,0.0317,0.6056
04-MAR-2026,COMPUSOFT,13.22,13.71,-0.0364,0.0279,0.0279,0.5330
04-MAR-2026,COMSYN,153.75,153.30,0.0029,0.0282,0.0281,0.5368
04-MAR-2026,CONCOR,462.20,479.00,-0.0357,0.0169,0.0170,0.3248
04-MAR-2026,CONCORDBIO,1201.40,1200.70,0.0006,0.0271,0.0271,0.5177
04-MAR-2026,CONFIPET,30.20,30.37,-0.0056,0.0248,0.0247,0.4719
04-MAR-2026,CONS,11.47,11.62,-0.0130,0.0096,0.0097,0.1853
04-MAR-2026,CONSOFINVT,224.13,230.57,-0.0283,0.0268,0.0268,0.5120
04-MAR-2026,CONSUMBEES,124.20,126.54,-0.0187,0.0077,0.0078,0.1490
04-MAR-2026,CONSUMER,10.71,10.91,-0.0185,0.0088,0.0089,0.1700
04-MAR-2026,CONSUMIETF,115.83,117.69,-0.0159,0.0079,0.0079,0.1509
04-MAR-2026,CONTROLPR,639.30,646.55,-0.0113,0.0216,0.0216,0.4127
04-MAR-2026,CORALFINAC,32.83,33.04,-0.0064,0.0275,0.0274,0.5235
04-MAR-2026,CORDSCABLE,163.15,167.25,-0.0248,0.0285,0.0285,0.5445
04-MAR-2026,COROMANDEL,2110.55,2179.85,-0.0323,0.0195,0.0196,0.3745
04-MAR-2026,CORONA,1544.00,1580.00,-0.0230,0.0102,0.0103,0.1968
04-MAR-2026,COSMOFIRST,673.10,673.10,0.0000,0.0306,0.0305,0.5827
04-MAR-2026,COUNCODOS,4.99,5.18,-0.0374,0.0340,0.0341,0.6515
04-MAR-2026,CPCAP,88.35,89.44,-0.0123,0.0248,0.0247,0.4719
04-MAR-2026,CPEDU,181.55,187.70,-0.0333,0.0214,0.0215,0.4108
04-MAR-2026,CPPLUS,1685.65,1742.45,-0.0331,0.0195,0.0196,0.3745
04-MAR-2026,CPSEETF,101.20,102.32,-0.0110,0.0121,0.0121,0.2312
04-MAR-2026,CRAFTSMAN,7421.20,7667.60,-0.0327,0.0228,0.0229,0.4375
04-MAR-2026,CRAMC,232.55,242.65,-0.0425,0.0163,0.0165,0.3152
04-MAR-2026,CREATIVEYE,5.81,6.36,-0.0904,0.0368,0.0373,0.7126
04-MAR-2026,CRED,12.00,12.00,0.0000,0.0039,0.0039,0.0745
04-MAR-2026,CREDITACC,1225.55,1210.90,0.0120,0.0268,0.0267,0.5101
04-MAR-2026,CREST,326.65,329.65,-0.0091,0.0251,0.0250,0.4776
04-MAR-2026,CRISIL,4314.35,4316.90,-0.0006,0.0192,0.0192,0.3668
04-MAR-2026,CRIZAC,229.85,231.50,-0.0072,0.0201,0.0201,0.3840
04-MAR-2026,CROMPTON,245.35,253.45,-0.0325,0.0168,0.0169,0.3229
04-MAR-2026,CROWN,121.91,116.01,0.0496,0.0331,0.0332,0.6343
04-MAR-2026,CSBBANK,366.85,381.45,-0.0390,0.0258,0.0259,0.4948
04-MAR-2026,CSLFINANCE,251.45,254.75,-0.0130,0.0275,0.0274,0.5235
04-MAR-2026,CTE,27.31,27.34,-0.0011,0.0335,0.0334,0.6381
04-MAR-2026,CUB,261.05,277.35,-0.0606,0.0214,0.0218,0.4165
04-MAR-2026,CUBEINVIT,140.00,140.00,0.0000,0.0111,0.0111,0.2121
04-MAR-2026,CUBEXTUB,97.35,101.95,-0.0462,0.0351,0.0352,0.6725
04-MAR-2026,CUMMINSIND,4584.80,4816.80,-0.0494,0.0177,0.0180,0.3439
04-MAR-2026,CUPID,379.10,384.40,-0.0139,0.0343,0.0342,0.6534
04-MAR-2026,CURAA,90.00,90.70,-0.0077,0.0425,0.0424,0.8101
04-MAR-2026,CYBERMEDIA,13.96,13.59,0.0269,0.0328,0.0328,0.6266
04-MAR-2026,CYBERTECH,103.70,107.65,-0.0374,0.0319,0.0319,0.6094
04-MAR-2026,CYIENT,882.25,899.50,-0.0194,0.0215,0.0215,0.4108
04-MAR-2026,CYIENTDLM,299.50,303.20,-0.0123,0.0227,0.0227,0.4337
04-MAR-2026,DABUR,487.40,507.60,-0.0406,0.0126,0.0129,0.2465
04-MAR-2026,DALBHARAT,1895.50,1959.50,-0.0332,0.0156,0.0157,0.2999
04-MAR-2026,DALMIARF,172.75,172.75,0.0000,0.0021,0.0021,0.0401
04-MAR-2026,DALMIASUG,321.85,303.75,0.0579,0.0233,0.0236,0.4509
04-MAR-2026,DAMCAPITAL,140.25,143.95,-0.0260,0.0250,0.0250,0.4776
04-MAR-2026,DAMODARIND,24.00,24.37,-0.0153,0.0248,0.0248,0.4738
04-MAR-2026,DANGEE,3.01,3.01,0.0000,0.0322,0.0321,0.6133
04-MAR-2026,DATAMATICS,703.25,733.10,-0.0416,0.0307,0.0308,0.5884
04-MAR-2026,DATAPATTNS,3126.20,3204.30,-0.0247,0.0316,0.0316,0.6037
04-MAR-2026,DAVANGERE,3.99,4.01,-0.0050,0.0328,0.0327,0.6247
04-MAR-2026,DBCORP,213.15,219.10,-0.0275,0.0224,0.0224,0.4280
04-MAR-2026,DBEIL,73.06,72.64,0.0058,0.0236,0.0236,0.4509
04-MAR-2026,DBL,423.55,421.40,0.0051,0.0247,0.0247,0.4719
04-MAR-2026,DBOL,104.25,100.05,0.0411,0.0283,0.0284,0.5426
04-MAR-2026,DBREALTY,102.20,108.15,-0.0566,0.0320,0.0322,0.6152
04-MAR-2026,DBSTOCKBRO,25.05,24.96,0.0036,0.0212,0.0212,0.4050
04-MAR-2026,DCAL,164.00,171.85,-0.0468,0.0334,0.0335,0.6400
04-MAR-2026,DCBBANK,173.40,181.35,-0.0448,0.0225,0.0227,0.4337
04-MAR-2026,DCI,251.80,243.15,0.0350,0.0309,0.0310,0.5923
04-MAR-2026,DCM,69.74,70.83,-0.0155,0.0254,0.0254,0.4853
04-MAR-2026,DCMFINSERV,4.21,4.21,0.0000,0.0302,0.0301,0.5751
04-MAR-2026,DCMNVL,131.10,127.10,0.0310,0.0266,0.0266,0.5082
04-MAR-2026,DCMSHRIRAM,1014.00,1013.10,0.0009,0.0223,0.0222,0.4241
04-MAR-2026,DCMSIL,67.87,66.85,0.0151,0.0107,0.0107,0.2044
04-MAR-2026,DCMSRIND,36.78,35.42,0.0377,0.0240,0.0241,0.4604
04-MAR-2026,DCW,44.41,46.58,-0.0477,0.0295,0.0296,0.5655
04-MAR-2026,DCXINDIA,170.70,174.95,-0.0246,0.0304,0.0304,0.5808
04-MAR-2026,DDEVPLSTIK,265.10,264.25,0.0032,0.0290,0.0289,0.5521
04-MAR-2026,DECCANCE,691.50,720.45,-0.0410,0.0267,0.0268,0.5120
04-MAR-2026,DEEDEV,261.00,272.65,-0.0437,0.0306,0.0307,0.5865
04-MAR-2026,DEEPAKFERT,942.65,979.35,-0.0382,0.0261,0.0262,0.5006
04-MAR-2026,DEEPAKNTR,1488.80,1545.90,-0.0376,0.0179,0.0180,0.3439
04-MAR-2026,DEEPINDS,355.80,366.80,-0.0304,0.0282,0.0282,0.5388
04-MAR-2026,DEFENCE,66.77,67.43,-0.0098,0.0021,0.0022,0.0420
04-MAR-2026,DELHISAFE,48.80,48.80,0.0000,0.0000,0.0000,0.0000
04-MAR-2026,DELHIVERY,416.70,427.90,-0.0265,0.0203,0.0204,0.3897
04-MAR-2026,DELPHIFX,11.26,12.30,-0.0883,0.0339,0.0344,0.6572
04-MAR-2026,DELTACORP,58.07,59.35,-0.0218,0.0223,0.0223,0.4260
04-MAR-2026,DELTAMAGNT,53.62,57.61,-0.0718,0.0323,0.0327,0.6247
04-MAR-2026,DEN,27.06,27.26,-0.0074,0.0206,0.0206,0.3936
04-MAR-2026,DENIMDL,1.10,1.10,0.0000,0.0000,0.0000,0.0000
04-MAR-2026,DENORA,675.95,687.10,-0.0164,0.0290,0.0289,0.5521
04-MAR-2026,DENTA,237.95,241.35,-0.0142,0.0283,0.0282,0.5388
04-MAR-2026,DEVIT,27.41,24.07,0.1299,0.0306,0.0319,0.6094
04-MAR-2026,DEVRUPTRAD,10.00,10.00,0.0000,0.0000,0.0000,0.0000
04-MAR-2026,DEVX,40.88,41.62,-0.0179,0.0195,0.0195,0.3725
04-MAR-2026,DEVYANI,118.70,122.55,-0.0319,0.0221,0.0221,0.4222
04-MAR-2026,DEWANHOUS,16.70,16.70,0.0000,0.0033,0.0033,0.0630
04-MAR-2026,DGCONTENT,25.80,26.87,-0.0406,0.0329,0.0329,0.6286
04-MAR-2026,DHAMPURSUG,129.00,124.70,0.0339,0.0219,0.0219,0.4184
04-MAR-2026,DHANBANK,23.36,23.59,-0.0098,0.0216,0.0216,0.4127
04-MAR-2026,DHANUKA,988.10,1011.90,-0.0238,0.0229,0.0229,0.4375
04-MAR-2026,DHARAN,0.17,0.17,0.0000,0.0411,0.0410,0.7833
04-MAR-2026,DHARMAJ,239.75,235.15,0.0194,0.0271,0.0271,0.5177
04-MAR-2026,DHRUV,31.20,30.48,0.0233,0.0317,0.0317,0.6056
04-MAR-2026,DHUNINV,899.90,938.95,-0.0425,0.0271,0.0272,0.5197
04-MAR-2026,DIACABS,132.90,137.00,-0.0304,0.0274,0.0274,0.5235
04-MAR-2026,DIAMINESQ,222.60,232.15,-0.0420,0.0259,0.0260,0.4967
04-MAR-2026,DIAMONDYD,1017.35,1017.40,-0.0000,0.0212,0.0212,0.4050
04-MAR-2026,DICIND,510.65,526.85,-0.0312,0.0202,0.0203,0.3878
04-MAR-2026,DIFFNKG,245.90,250.35,-0.0179,0.0286,0.0286,0.5464
04-MAR-2026,DIGIDRIVE,20.64,20.61,0.0015,0.0252,0.0251,0.4795
04-MAR-2026,DIGISPICE,16.83,17.95,-0.0644,0.0322,0.0324,0.6190
04-MAR-2026,DIGITIDE,89.04,92.33,-0.0363,0.0224,0.0225,0.4299
04-MAR-2026,DIGJAMLMTD,44.46,45.59,-0.0251,0.0262,0.0262,0.5006
04-MAR-2026,DISHTV,2.63,2.68,-0.0188,0.0268,0.0268,0.5120
04-MAR-2026,DIVGIITTS,691.00,668.00,0.0339,0.0231,0.0232,0.4432
04-MAR-2026,DIVIDEND,35.37,36.34,-0.0271,0.0052,0.0055,0.1051
04-MAR-2026,DIVISLAB,6315.60,6403.50,-0.0138,0.0159,0.0159,0.3038
04-MAR-2026,DIVOPPBEES,80.64,82.15,-0.0186,0.0079,0.0080,0.1528
04-MAR-2026,DIXON,10135.80,10150.70,-0.0015,0.0238,0.0237,0.4528
04-MAR-2026,DJML,87.25,88.96,-0.0194,0.0311,0.0311,0.5942
04-MAR-2026,DLF,569.05,590.20,-0.0365,0.0186,0.0187,0.3573
04-MAR-2026,DLINKINDIA,392.45,405.75,-0.0333,0.0257,0.0257,0.4910
04-MAR-2026,DMART,3760.90,3802.45,-0.0110,0.0157,0.0157,0.2999
04-MAR-2026,DMCC,216.85,221.25,-0.0201,0.0266,0.0265,0.5063
04-MAR-2026,DNAMEDIA,3.37,3.33,0.0119,0.0356,0.0355,0.6782
04-MAR-2026,DODLA,1124.75,1127.75,-0.0027,0.0194,0.0193,0.3687
04-MAR-2026,DOLATALGO,76.89,76.43,0.0060,0.0286,0.0285,0.5445
04-MAR-2026,DOLLAR,266.10,274.40,-0.0307,0.0203,0.0204,0.3897
04-MAR-2026,DOLPHIN,389.00,395.40,-0.0163,0.0600,0.0599,1.1444
04-MAR-2026,DOMS,2199.10,2259.85,-0.0273,0.0206,0.0207,0.3955
04-MAR-2026,DONEAR,85.88,84.31,0.0185,0.0274,0.0274,0.5235
04-MAR-2026,DPABHUSHAN,1075.45,1151.50,-0.0683,0.0225,0.0229,0.4375
04-MAR-2026,DPSCLTD,8.64,8.89,-0.0285,0.0236,0.0236,0.4509
04-MAR-2026,DPWIRES,138.45,144.35,-0.0417,0.0273,0.0274,0.5235
04-MAR-2026,DRCSYSTEMS,13.77,14.93,-0.0809,0.0328,0.0333,0.6362
04-MAR-2026,DREAMFOLKS,77.32,78.78,-0.0187,0.0280,0.0280,0.5349
04-MAR-2026,DREDGECORP,973.30,976.15,-0.0029,0.0366,0.0365,0.6973
04-MAR-2026,DRREDDY,1291.20,1294.40,-0.0025,0.0131,0.0131,0.2503
04-MAR-2026,DSFCL,29.54,33.19,-0.1165,0.0108,0.0136,0.2598
04-MAR-2026,DSSL,866.90,891.40,-0.0279,0.0299,0.0299,0.5712
04-MAR-2026,DTIL,132.65,133.55,-0.0068,0.0259,0.0259,0.4948
04-MAR-2026,DUCON,3.22,3.23,-0.0031,0.0327,0.0326,0.6228
04-MAR-2026,DVL,226.45,233.55,-0.0309,0.0268,0.0268,0.5120
04-MAR-2026,DWARKESH,39.63,36.17,0.0914,0.0238,0.0246,0.4700
04-MAR-2026,DYCL,279.55,290.85,-0.0396,0.0325,0.0325,0.6209
04-MAR-2026,DYNAMATECH,10670.75,10306.80,0.0347,0.0266,0.0267,0.5101
04-MAR-2026,DYNPRO,221.40,226.25,-0.0217,0.0294,0.0293,0.5598
04-MAR-2026,E2E,2334.20,2457.00,-0.0513,0.0353,0.0354,0.6763
04-MAR-2026,EASEMYTRIP,7.73,7.99,-0.0331,0.0315,0.0315,0.6018
04-MAR-2026,EBANKNIFTY,59.33,60.36,-0.0172,0.0075,0.0076,0.1452
04-MAR-2026,EBBETF0430,1569.26,1572.04,-0.0018,0.0017,0.0017,0.0325
04-MAR-2026,EBBETF0431,1401.65,1401.84,-0.0001,0.0022,0.0022,0.0420
04-MAR-2026,EBBETF0433,1279.13,1277.78,0.0011,0.0022,0.0022,0.0420
04-MAR-2026,EBGNG,348.20,366.50,-0.0512,0.0210,0.0213,0.4069
04-MAR-2026,EBSL,10.00,10.00,0.0000,0.0000,0.0000,0.0000
04-MAR-2026,ECAPINSURE,23.25,23.90,-0.0276,0.0111,0.0112,0.2140
04-MAR-2026,ECLERX,3220.35,3084.35,0.0431,0.0260,0.0261,0.4986
04-MAR-2026,ECOSMOBLTY,137.35,143.10,-0.0410,0.0307,0.0308,0.5884
04-MAR-2026,EDELWEISS,107.80,112.60,-0.0436,0.0287,0.0288,0.5502
04-MAR-2026,EFCIL,228.65,227.50,0.0050,0.0315,0.0314,0.5999
04-MAR-2026,EGOLD,161.40,167.05,-0.0344,0.0177,0.0178,0.3401
04-MAR-2026,EICHERMOT,7626.60,7825.60,-0.0258,0.0147,0.0148,0.2828
04-MAR-2026,EIDPARRY,853.90,870.50,-0.0193,0.0194,0.0194,0.3706
04-MAR-2026,EIEL,143.60,152.60,-0.0608,0.0257,0.0259,0.4948
04-MAR-2026,EIFFL,232.25,230.14,0.0091,0.0276,0.0276,0.5273
04-MAR-2026,EIFL,10.00,10.00,0.0000,0.0000,0.0000,0.0000
04-MAR-2026,EIHAHOTELS,314.45,322.80,-0.0262,0.0203,0.0204,0.3897
04-MAR-2026,EIHOTEL,312.15,312.55,-0.0013,0.0202,0.0201,0.3840
04-MAR-2026,EIMCOELECO,1556.30,1535.60,0.0134,0.0345,0.0344,0.6572
04-MAR-2026,EKC,105.00,108.85,-0.0360,0.0285,0.0285,0.5445
04-MAR-2026,ELDEHSG,833.85,859.60,-0.0304,0.0298,0.0298,0.5693
04-MAR-2026,ELECON,392.45,406.00,-0.0339,0.0300,0.0300,0.5731
04-MAR-2026,ELECTCAST,65.34,67.83,-0.0374,0.0269,0.0269,0.5139
04-MAR-2026,ELECTHERM,662.25,701.15,-0.0571,0.0297,0.0299,0.5712
04-MAR-2026,ELGIEQUIP,497.55,520.10,-0.0443,0.0245,0.0246,0.4700
04-MAR-2026,ELGIRUBCO,38.25,38.91,-0.0171,0.0336,0.0335,0.6400
04-MAR-2026,ELIN,122.85,128.00,-0.0411,0.0283,0.0284,0.5426
04-MAR-2026,ELIQUID,1020.88,1020.73,0.0001,0.0002,0.0002,0.0038
04-MAR-2026,ELLEN,219.30,226.25,-0.0312,0.0190,0.0191,0.3649
04-MAR-2026,ELM250,15.88,16.13,-0.0156,0.0057,0.0058,0.1108
04-MAR-2026,EMAMILTD,460.00,458.70,0.0028,0.0182,0.0182,0.3477
04-MAR-2026,EMAMIPAP,79.70,81.40,-0.0211,0.0230,0.0230,0.4394
04-MAR-2026,EMAMIREAL,62.70,63.25,-0.0087,0.0301,0.0300,0.5731
04-MAR-2026,EMBASSY,415.31,425.95,-0.0253,0.0117,0.0118,0.2254
04-MAR-2026,EMBDL,57.43,58.94,-0.0260,0.0301,0.0301,0.5751
04-MAR-2026,EMCURE,1467.00,1445.30,0.0149,0.0201,0.0200,0.3821
04-MAR-2026,EMIL,93.05,96.15,-0.0328,0.0277,0.0277,0.5292
04-MAR-2026,EMKAY,226.35,226.25,0.0004,0.0345,0.0344,0.6572
04-MAR-2026,EMMBI,85.01,89.89,-0.0558,0.0259,0.0261,0.4986
04-MAR-2026,EMMVEE,187.20,186.00,0.0064,0.0198,0.0197,0.3764
04-MAR-2026,EMSLIMITED,273.95,282.45,-0.0306,0.0271,0.0272,0.5197
04-MAR-2026,EMUDHRA,429.55,430.90,-0.0031,0.0228,0.0228,0.4356
04-MAR-2026,EMULTIMQ,39.56,40.38,-0.0205,0.0089,0.0090,0.1719
04-MAR-2026,ENDURANCE,2505.10,2654.40,-0.0579,0.0201,0.0205,0.3917
04-MAR-2026,ENERGY,35.74,36.65,-0.0251,0.0070,0.0072,0.1376
04-MAR-2026,ENERGYDEV,15.47,15.86,-0.0249,0.0339,0.0338,0.6457
04-MAR-2026,ENGINERSIN,202.55,212.50,-0.0480,0.0271,0.0273,0.5216
04-MAR-2026,ENIFTY,24.60,24.98,-0.0153,0.0040,0.0041,0.0783
04-MAR-2026,ENIL,105.60,105.60,0.0000,0.0236,0.0235,0.4490
04-MAR-2026,ENRIN,2942.00,2972.65,-0.0104,0.0161,0.0160,0.3057
04-MAR-2026,ENTERO,1040.55,1024.90,0.0152,0.0236,0.0235,0.4490
04-MAR-2026,EPACK,237.25,240.25,-0.0126,0.0287,0.0286,0.5464
04-MAR-2026,EPACKPEB,167.85,172.60,-0.0279,0.0255,0.0255,0.4872
04-MAR-2026,EPIGRAL,858.00,870.55,-0.0145,0.0269,0.0268,0.5120
04-MAR-2026,EPL,204.85,211.40,-0.0315,0.0204,0.0204,0.3897
04-MAR-2026,EQUAL200,12.86,13.19,-0.0253,0.0084,0.0085,0.1624
04-MAR-2026,EQUAL50,322.55,329.89,-0.0225,0.0054,0.0057,0.1089
04-MAR-2026,EQUAL50ADD,332.90,340.07,-0.0213,0.0083,0.0084,0.1605
04-MAR-2026,EQUIPPP,16.86,17.13,-0.0159,0.0270,0.0270,0.5158
04-MAR-2026,EQUITASBNK,58.03,61.68,-0.0610,0.0200,0.0204,0.3897
04-MAR-2026,ERIS,1358.00,1360.40,-0.0018,0.0198,0.0197,0.3764
04-MAR-2026,ESABINDIA,5320.45,5413.95,-0.0174,0.0175,0.0175,0.3343
04-MAR-2026,ESAFSFB,25.79,26.43,-0.0245,0.0203,0.0203,0.3878
04-MAR-2026,ESCORTS,3266.50,3397.40,-0.0393,0.0183,0.0185,0.3534
04-MAR-2026,ESENSEX,79.90,80.61,-0.0088,0.0037,0.0038,0.0726
04-MAR-2026,ESG,41.20,41.84,-0.0154,0.0078,0.0079,0.1509
04-MAR-2026,ESILVER,265.34,286.01,-0.0750,0.0333,0.0336,0.6419
04-MAR-2026,ESSARSHPNG,23.55,24.30,-0.0314,0.0366,0.0366,0.6992
04-MAR-2026,ESSENTIA,1.22,1.24,-0.0163,0.0298,0.0298,0.5693
04-MAR-2026,ESTER,97.15,100.50,-0.0339,0.0289,0.0290,0.5540
04-MAR-2026,ETERNAL,240.75,242.85,-0.0087,0.0235,0.0234,0.4471
04-MAR-2026,ETHOSLTD,2325.55,2385.65,-0.0255,0.0219,0.0219,0.4184
04-MAR-2026,EUREKAFORB,444.30,458.20,-0.0308,0.0205,0.0205,0.3917
04-MAR-2026,EUROBOND,164.80,161.15,0.0224,0.0155,0.0156,0.2980
04-MAR-2026,EUROPRATIK,237.70,246.15,-0.0349,0.0235,0.0236,0.4509
04-MAR-2026,EUROTEXIND,12.99,13.00,-0.0008,0.0550,0.0549,1.0489
04-MAR-2026,EVEREADY,324.20,323.85,0.0011,0.0219,0.0218,0.4165
04-MAR-2026,EVERESTIND,390.15,401.25,-0.0281,0.0246,0.0246,0.4700
04-MAR-2026,EVIETF,29.71,30.30,-0.0197,0.0079,0.0080,0.1528
04-MAR-2026,EVINDIA,29.51,30.28,-0.0258,0.0094,0.0096,0.1834
04-MAR-2026,EXCEL,1.06,1.00,0.0583,0.0368,0.0370,0.7069
04-MAR-2026,EXCELINDUS,888.95,916.20,-0.0302,0.0241,0.0241,0.4604
04-MAR-2026,EXCELSOFT,78.70,80.59,-0.0237,0.0208,0.0208,0.3974
04-MAR-2026,EXICOM,88.91,91.57,-0.0295,0.0295,0.0295,0.5636
04-MAR-2026,EXIDEIND,313.95,322.80,-0.0278,0.0167,0.0168,0.3210
04-MAR-2026,EXPLEOSOL,743.30,761.05,-0.0236,0.0222,0.0222,0.4241
04-MAR-2026,EXXARO,7.50,7.90,-0.0520,0.0306,0.0308,0.5884
04-MAR-2026,FABTECH,142.15,147.60,-0.0376,0.0197,0.0198,0.3783
04-MAR-2026,FACT,669.75,710.75,-0.0594,0.0273,0.0275,0.5254
04-MAR-2026,FAIRCHEMOR,563.50,590.40,-0.0466,0.0269,0.0270,0.5158
04-MAR-2026,FAZE3Q,456.40,445.10,0.0251,0.0411,0.0410,0.7833
04-MAR-2026,FCL,22.15,22.92,-0.0342,0.0285,0.0285,0.5445
04-MAR-2026,FCSSOFT,1.47,1.51,-0.0268,0.0285,0.0285,0.5445
04-MAR-2026,FDC,371.50,372.05,-0.0015,0.0177,0.0177,0.3382
04-MAR-2026,FEDERALBNK,286.45,294.95,-0.0292,0.0155,0.0156,0.2980
04-MAR-2026,FEDFINA,126.05,128.75,-0.0212,0.0234,0.0234,0.4471
04-MAR-2026,FEL,0.46,0.42,0.0910,0.0302,0.0308,0.5884
04-MAR-2026,FELDVR,2.80,2.84,-0.0142,0.0376,0.0375,0.7164
04-MAR-2026,FFL,40.00,40.00,0.0000,0.0000,0.0000,0.0000
04-MAR-2026,FIBERWEB,39.48,41.55,-0.0511,0.0303,0.0305,0.5827
04-MAR-2026,FIEMIND,2131.30,2175.45,-0.0205,0.0230,0.0229,0.4375
04-MAR-2026,FILATEX,40.99,42.04,-0.0253,0.0262,0.0262,0.5006
04-MAR-2026,FILATFASH,0.21,0.21,0.0000,0.0365,0.0364,0.6954
04-MAR-2026,FINCABLES,889.45,946.45,-0.0621,0.0216,0.0219,0.4184
04-MAR-2026,FINEORG,4264.05,4467.10,-0.0465,0.0191,0.0193,0.3687
04-MAR-2026,FINIETF,30.61,31.49,-0.0283,0.0112,0.0113,0.2159
04-MAR-2026,FINKURVE,69.73,66.87,0.0419,0.0328,0.0328,0.6266
04-MAR-2026,FINOPB,183.35,191.00,-0.0409,0.0300,0.0301,0.5751
04-MAR-2026,FINPIPE,179.80,180.35,-0.0031,0.0197,0.0196,0.3745
04-MAR-2026,FIRL,10.00,10.00,0.0000,0.0000,0.0000,0.0000
04-MAR-2026,FIRSTCRY,217.75,214.50,0.0150,0.0272,0.0271,0.5177
04-MAR-2026,FISCHER,36.28,37.08,-0.0218,0.0333,0.0333,0.6362
04-MAR-2026,FIVESTAR,399.45,407.80,-0.0207,0.0239,0.0238,0.4547
04-MAR-2026,FLAIR,306.00,312.00,-0.0194,0.0218,0.0218,0.4165
04-MAR-2026,FLEXIADD,9.64,9.75,-0.0113,0.0051,0.0052,0.0993
04-MAR-2026,FLEXITUFF,7.91,8.39,-0.0589,0.0354,0.0355,0.6782
04-MAR-2026,FLFL,1.23,1.24,-0.0081,0.0319,0.0318,0.6075
04-MAR-2026,FLUOROCHEM,3338.75,3317.00,0.0065,0.0201,0.0200,0.3821
04-MAR-2026,FMCGIETF,53.22,54.36,-0.0212,0.0080,0.0081,0.1548
04-MAR-2026,FMGOETZE,388.05,393.30,-0.0134,0.0237,0.0237,0.4528
04-MAR-2026,FMNL,8.30,8.58,-0.0332,0.0305,0.0305,0.5827
04-MAR-2026,FOCUS,64.22,64.07,0.0023,0.0309,0.0308,0.5884
04-MAR-2026,FOODSIN,55.26,57.18,-0.0342,0.0289,0.0289,0.5521
04-MAR-2026,FORCEMOT,21451.20,23378.40,-0.0860,0.0324,0.0329,0.6286
04-MAR-2026,FORTIS,910.90,932.50,-0.0234,0.0181,0.0181,0.3458
04-MAR-2026,FOSECOIND,5128.40,5370.35,-0.0461,0.0253,0.0254,0.4853
04-MAR-2026,FRACTAL,786.35,751.55,0.0453,0.0065,0.0072,0.1376
04-MAR-2026,FRICKINDIA,10.00,10.00,0.0000,0.0000,0.0000,0.0000
04-MAR-2026,FSL,216.75,210.45,0.0295,0.0246,0.0246,0.4700
04-MAR-2026,FUSION,176.90,182.15,-0.0292,0.0277,0.0277,0.5292
04-MAR-2026,GABRIEL,927.70,953.85,-0.0278,0.0321,0.0321,0.6133
04-MAR-2026,GAEL,136.05,139.15,-0.0225,0.0228,0.0228,0.4356
04-MAR-2026,GAIL,154.60,165.05,-0.0654,0.0172,0.0177,0.3382
04-MAR-2026,GALAPREC,715.70,724.80,-0.0126,0.0271,0.0270,0.5158
04-MAR-2026,GALAXYSURF,1945.60,1936.75,0.0046,0.0170,0.0170,0.3248
04-MAR-2026,GALLANTT,539.85,568.30,-0.0514,0.0314,0.0315,0.6018
04-MAR-2026,GANDHAR,133.05,137.45,-0.0325,0.0219,0.0220,0.4203
04-MAR-2026,GANDHITUBE,826.55,847.70,-0.0253,0.0261,0.0261,0.4986
04-MAR-2026,GANECOS,758.50,752.10,0.0085,0.0276,0.0276,0.5273
04-MAR-2026,GANESHBE,75.07,78.85,-0.0491,0.0255,0.0257,0.4910
04-MAR-2026,GANESHCP,184.30,185.70,-0.0076,0.0176,0.0176,0.3362
04-MAR-2026,GANESHHOU,659.75,660.80,-0.0016,0.0247,0.0247,0.4719
04-MAR-2026,GANGAFORGE,2.78,2.91,-0.0457,0.0316,0.0317,0.6056
04-MAR-2026,GANGESSECU,122.00,122.35,-0.0029,0.0248,0.0247,0.4719
04-MAR-2026,GARFIBRES,620.60,631.45,-0.0173,0.0240,0.0240,0.4585
04-MAR-2026,GARUDA,163.80,171.95,-0.0486,0.0349,0.0349,0.6668
04-MAR-2026,GATECH,0.45,0.47,-0.0435,0.0408,0.0408,0.7795
04-MAR-2026,GATECHDVR,0.45,0.45,0.0000,0.0297,0.0296,0.5655
04-MAR-2026,GATEWAY,55.86,56.79,-0.0165,0.0185,0.0185,0.3534
04-MAR-2026,GAUDIUMIVF,80.78,82.62,-0.0225,0.0031,0.0035,0.0669
04-MAR-2026,GAYAHWS,2.14,2.19,-0.0231,0.0375,0.0375,0.7164
04-MAR-2026,GCSL,360.95,368.15,-0.0198,0.0405,0.0404,0.7718
04-MAR-2026,GDHL,10.00,10.00,0.0000,0.0000,0.0000,0.0000
04-MAR-2026,GEECEE,285.25,284.60,0.0023,0.0224,0.0224,0.4280
04-MAR-2026,GEEKAYWIRE,24.28,23.63,0.0271,0.0270,0.0271,0.5177
04-MAR-2026,GEMAROMA,201.65,199.20,0.0122,0.0240,0.0240,0.4585
04-MAR-2026,GENCON,43.46,45.39,-0.0435,0.0378,0.0379,0.7241
04-MAR-2026,GENESYS,270.35,286.85,-0.0592,0.0360,0.0361,0.6897
04-MAR-2026,GENUSPAPER,11.90,12.14,-0.0200,0.0246,0.0246,0.4700
04-MAR-2026,GENUSPOWER,250.30,257.20,-0.0272,0.0266,0.0266,0.5082
04-MAR-2026,GEOJITFSL,60.32,61.76,-0.0236,0.0266,0.0266,0.5082
04-MAR-2026,GESHIP,1354.60,1326.40,0.0210,0.0194,0.0195,0.3725
04-MAR-2026,GFLLIMITED,43.47,44.07,-0.0137,0.0254,0.0254,0.4853
04-MAR-2026,GHCL,459.70,468.75,-0.0195,0.0197,0.0197,0.3764
04-MAR-2026,GHCLTEXTIL,72.67,73.56,-0.0122,0.0233,0.0232,0.4432
04-MAR-2026,GICHSGFIN,150.30,151.80,-0.0099,0.0178,0.0178,0.3401
04-MAR-2026,GICL,46.18,47.73,-0.0330,0.0032,0.0040,0.0764
04-MAR-2026,GICRE,363.00,372.45,-0.0257,0.0209,0.0210,0.4012
04-MAR-2026,GILLANDERS,86.42,88.69,-0.0259,0.0272,0.0272,0.5197
04-MAR-2026,GILLETTE,7983.40,8163.70,-0.0223,0.0184,0.0184,0.3515
04-MAR-2026,GILT10BETA,26.27,26.05,0.0084,0.0082,0.0082,0.1567
04-MAR-2026,GILT5BETA,64.79,64.25,0.0084,0.0083,0.0083,0.1586
04-MAR-2026,GILT5YBEES,64.34,64.39,-0.0008,0.0018,0.0018,0.0344
04-MAR-2026,GINNIFILA,36.91,38.92,-0.0530,0.0336,0.0337,0.6438
04-MAR-2026,GIPCL,133.70,136.65,-0.0218,0.0244,0.0244,0.4662
04-MAR-2026,GKENERGY,100.50,105.80,-0.0514,0.0233,0.0235,0.4490
04-MAR-2026,GKSL,108.95,110.40,-0.0132,0.0118,0.0118,0.2254
04-MAR-2026,GKWLIMITED,1609.70,1615.00,-0.0033,0.0252,0.0252,0.4814
04-MAR-2026,GLAND,1708.40,1794.80,-0.0493,0.0179,0.0182,0.3477
04-MAR-2026,GLAXO,2485.80,2532.65,-0.0187,0.0206,0.0206,0.3936
04-MAR-2026,GLENMARK,2039.70,2123.30,-0.0402,0.0180,0.0182,0.3477
04-MAR-2026,GLFL,5.04,5.30,-0.0503,0.0717,0.0716,1.3679
04-MAR-2026,GLOBAL,96.43,97.61,-0.0122,0.0303,0.0303,0.5789
04-MAR-2026,GLOBALE,10.52,11.06,-0.0501,0.0255,0.0257,0.4910
04-MAR-2026,GLOBALVECT,157.35,154.20,0.0202,0.0315,0.0315,0.6018
04-MAR-2026,GLOBE,2.50,2.46,0.0161,0.0318,0.0317,0.6056
04-MAR-2026,GLOBECIVIL,45.19,48.10,-0.0624,0.0218,0.0222,0.4241
04-MAR-2026,GLOBUSSPR,836.60,857.60,-0.0248,0.0255,0.0255,0.4872
04-MAR-2026,GLOSTERLTD,543.80,554.40,-0.0193,0.0186,0.0186,0.3554
04-MAR-2026,GLOTTIS,45.02,46.20,-0.0259,0.0153,0.0154,0.2942
04-MAR-2026,GMBREW,955.60,978.35,-0.0235,0.0293,0.0293,0.5598
04-MAR-2026,GMDCLTD,530.40,551.45,-0.0389,0.0323,0.0324,0.6190
04-MAR-2026,GMMPFAUDLR,893.20,910.60,-0.0193,0.0182,0.0182,0.3477
04-MAR-2026,GMRAIRPORT,95.20,96.50,-0.0136,0.0195,0.0195,0.3725
04-MAR-2026,GMRP&UI,108.15,113.10,-0.0448,0.0289,0.0290,0.5540
04-MAR-2026,GNA,412.75,428.85,-0.0383,0.0246,0.0246,0.4700
04-MAR-2026,GNFC,428.95,441.10,-0.0279,0.0175,0.0175,0.3343
04-MAR-2026,GOACARBON,336.40,353.60,-0.0499,0.0236,0.0238,0.4547
04-MAR-2026,GOCLCORP,246.20,251.85,-0.0227,0.0256,0.0256,0.4891
04-MAR-2026,GOCOLORS,305.15,307.65,-0.0082,0.0207,0.0207,0.3955
04-MAR-2026,GODAVARIB,285.70,278.70,0.0248,0.0301,0.0301,0.5751
04-MAR-2026,GODFRYPHLP,1996.55,2043.00,-0.0230,0.0379,0.0379,0.7241
04-MAR-2026,GODIGIT,321.85,331.95,-0.0309,0.0174,0.0175,0.3343
04-MAR-2026,GODREJAGRO,600.00,607.70,-0.0128,0.0206,0.0206,0.3936
04-MAR-2026,GODREJCP,1137.50,1176.00,-0.0333,0.0147,0.0149,0.2847
04-MAR-2026,GODREJIND,938.25,961.85,-0.0248,0.0218,0.0218,0.4165
04-MAR-2026,GODREJPROP,1693.70,1733.50,-0.0232,0.0232,0.0232,0.4432
04-MAR-2026,GOKEX,616.25,647.30,-0.0492,0.0363,0.0364,0.6954
04-MAR-2026,GOKUL,38.63,36.61,0.0537,0.0274,0.0276,0.5273
04-MAR-2026,GOKULAGRO,156.55,160.50,-0.0249,0.0286,0.0286,0.5464
04-MAR-2026,GOLD1,134.51,139.51,-0.0365,0.0176,0.0178,0.3401
04-MAR-2026,GOLD360,157.87,163.02,-0.0321,0.0194,0.0195,0.3725
04-MAR-2026,GOLDADD,157.06,162.72,-0.0354,0.0186,0.0187,0.3573
04-MAR-2026,GOLDBEES,133.96,138.32,-0.0320,0.0181,0.0181,0.3458
04-MAR-2026,GOLDBETA,136.41,140.55,-0.0299,0.0173,0.0174,0.3324
04-MAR-2026,GOLDBND,162.79,167.71,-0.0298,0.0138,0.0140,0.2675
04-MAR-2026,GOLDCASE,25.48,26.36,-0.0340,0.0177,0.0178,0.3401
04-MAR-2026,GOLDEDGE,10.50,10.50,0.0000,0.0000,0.0000,0.0000
04-MAR-2026,GOLDENTOBC,29.41,28.44,0.0335,0.0232,0.0233,0.4451
04-MAR-2026,GOLDETF,157.36,161.83,-0.0280,0.0170,0.0170,0.3248
04-MAR-2026,GOLDIAM,328.50,348.10,-0.0580,0.0358,0.0360,0.6878
04-MAR-2026,GOLDIETF,138.30,143.55,-0.0373,0.0181,0.0182,0.3477
04-MAR-2026,GOLDTECH,39.27,39.01,0.0066,0.0335,0.0334,0.6381
04-MAR-2026,GOODLUCK,1084.65,1135.50,-0.0458,0.0304,0.0305,0.5827
04-MAR-2026,GOPAL,282.95,290.75,-0.0272,0.0211,0.0211,0.4031
04-MAR-2026,GOYALALUM,6.47,6.60,-0.0199,0.0282,0.0281,0.5368
04-MAR-2026,GPIL,247.20,256.40,-0.0365,0.0248,0.0249,0.4757
04-MAR-2026,GPPL,162.45,172.20,-0.0583,0.0209,0.0213,0.4069
04-MAR-2026,GPTHEALTH,120.60,124.15,-0.0290,0.0186,0.0187,0.3573
04-MAR-2026,GPTINFRA,118.05,120.00,-0.0164,0.0286,0.0285,0.5445
04-MAR-2026,GRACIOUS,13.50,13.50,0.0000,0.0000,0.0000,0.0000
04-MAR-2026,GRANULES,554.35,574.40,-0.0355,0.0212,0.0212,0.4050
04-MAR-2026,GRAPHITE,671.45,707.45,-0.0522,0.0261,0.0263,0.5025
04-MAR-2026,GRASIM,2683.20,2777.30,-0.0345,0.0132,0.0134,0.2560
04-MAR-2026,GRAVITA,1533.00,1561.25,-0.0183,0.0272,0.0272,0.5197
04-MAR-2026,GREAVESCOT,147.30,150.90,-0.0241,0.0271,0.0271,0.5177
04-MAR-2026,GREENLAM,233.95,232.20,0.0075,0.0239,0.0239,0.4566
04-MAR-2026,GREENPANEL,199.15,203.35,-0.0209,0.0237,0.0237,0.4528
04-MAR-2026,GREENPLY,205.40,209.70,-0.0207,0.0244,0.0243,0.4643
04-MAR-2026,GREENPOWER,9.25,9.41,-0.0171,0.0252,0.0252,0.4814
04-MAR-2026,GRINDWELL,1595.20,1621.65,-0.0164,0.0197,0.0197,0.3764
04-MAR-2026,GRINFRA,932.85,924.15,0.0094,0.0182,0.0182,0.3477
04-MAR-2026,GRMOVER,158.30,158.95,-0.0041,0.0252,0.0251,0.4795
04-MAR-2026,GROBTEA,940.00,937.30,0.0029,0.0286,0.0286,0.5464
04-MAR-2026,GROWW,157.00,161.05,-0.0255,0.0227,0.0228,0.4356
04-MAR-2026,GROWWCAPM,9.41,9.53,-0.0127,0.0093,0.0093,0.1777
04-MAR-2026,GROWWCHEM,27.08,27.54,-0.0168,0.0049,0.0051,0.0974
04-MAR-2026,GROWWDEFNC,81.09,81.91,-0.0101,0.0154,0.0154,0.2942
04-MAR-2026,GROWWEV,29.51,30.29,-0.0261,0.0096,0.0098,0.1872
04-MAR-2026,GROWWGOLD,15.79,16.40,-0.0379,0.0179,0.0180,0.3439
04-MAR-2026,GROWWLIQID,108.08,108.07,0.0001,0.0002,0.0002,0.0038
04-MAR-2026,GROWWLOVOL,10.36,10.53,-0.0163,0.0057,0.0058,0.1108
04-MAR-2026,GROWWMC150,211.29,215.00,-0.0174,0.0056,0.0057,0.1089
04-MAR-2026,GROWWMETAL,11.16,11.63,-0.0413,0.0082,0.0086,0.1643
04-MAR-2026,GROWWMOM50,10.10,10.30,-0.0196,0.0072,0.0073,0.1395
04-MAR-2026,GROWWN200,11.10,11.30,-0.0179,0.0080,0.0081,0.1548
04-MAR-2026,GROWWNET,8.56,8.61,-0.0058,0.0091,0.0091,0.1739
04-MAR-2026,GROWWNIFTY,9.85,10.01,-0.0161,0.0041,0.0042,0.0802
04-MAR-2026,GROWWNXT50,66.83,68.97,-0.0315,0.0058,0.0062,0.1185
04-MAR-2026,GROWWPOWER,10.09,10.36,-0.0264,0.0090,0.0092,0.1758
04-MAR-2026,GROWWPSE,101.41,104.25,-0.0276,0.0027,0.0033,0.0630
04-MAR-2026,GROWWRAIL,30.44,31.67,-0.0396,0.0122,0.0125,0.2388
04-MAR-2026,GROWWRLTY,8.35,8.61,-0.0307,0.0088,0.0091,0.1739
04-MAR-2026,GROWWSC250,8.82,8.98,-0.0180,0.0058,0.0060,0.1146
04-MAR-2026,GROWWSLVR,26.09,28.20,-0.0778,0.0358,0.0361,0.6897
04-MAR-2026,GRPLTD,1817.95,1804.10,0.0076,0.0299,0.0298,0.5693
04-MAR-2026,GRSE,2314.30,2370.80,-0.0241,0.0331,0.0331,0.6324
04-MAR-2026,GRWRHITECH,3987.75,4074.10,-0.0214,0.0382,0.0381,0.7279
04-MAR-2026,GSEC10ABSL,111.00,110.21,0.0071,0.0037,0.0037,0.0707
04-MAR-2026,GSEC10IETF,260.25,260.62,-0.0014,0.0039,0.0039,0.0745
04-MAR-2026,GSEC10YEAR,29.71,29.95,-0.0080,0.0073,0.0073,0.1395
04-MAR-2026,GSEC5IETF,64.48,64.90,-0.0065,0.0047,0.0047,0.0898
04-MAR-2026,GSFC,158.45,164.65,-0.0384,0.0203,0.0205,0.3917
04-MAR-2026,GSLSU,76.76,79.02,-0.0290,0.0333,0.0333,0.6362
04-MAR-2026,GSPL,289.45,299.20,-0.0331,0.0171,0.0172,0.3286
04-MAR-2026,GSS,13.14,13.46,-0.0241,0.0290,0.0290,0.5540
04-MAR-2026,GTECJAINX,18.50,19.33,-0.0439,0.0376,0.0376,0.7183
04-MAR-2026,GTL,6.87,6.99,-0.0173,0.0302,0.0301,0.5751
04-MAR-2026,GTLINFRA,1.09,1.13,-0.0360,0.0313,0.0313,0.5980
04-MAR-2026,GTPL,57.68,58.03,-0.0060,0.0256,0.0255,0.4872
04-MAR-2026,GUFICBIO,273.40,278.55,-0.0187,0.0219,0.0219,0.4184
04-MAR-2026,GUJALKALI,456.60,470.15,-0.0292,0.0191,0.0191,0.3649
04-MAR-2026,GUJAPOLLO,362.55,358.35,0.0117,0.0294,0.0293,0.5598
04-MAR-2026,GUJGASLTD,417.65,398.10,0.0479,0.0163,0.0166,0.3171
04-MAR-2026,GUJRAFFIA,35.45,37.38,-0.0530,0.0361,0.0362,0.6916
04-MAR-2026,GUJTHEM,287.30,296.00,-0.0298,0.0304,0.0304,0.5808
04-MAR-2026,GULFOILLUB,1045.80,1072.70,-0.0254,0.0197,0.0197,0.3764
04-MAR-2026,GULFPETRO,32.16,31.11,0.0332,0.0234,0.0234,0.4471
04-MAR-2026,GULPOLY,151.40,154.00,-0.0170,0.0278,0.0278,0.5311
04-MAR-2026,GVKPIL,2.69,2.74,-0.0184,0.0209,0.0209,0.3993
04-MAR-2026,GVPIL,437.05,459.65,-0.0504,0.0410,0.0411,0.7852
04-MAR-2026,GVPTECH,6.64,6.80,-0.0238,0.0291,0.0291,0.5560
04-MAR-2026,GVT&D,3682.60,3772.40,-0.0241,0.0273,0.0273,0.5216
04-MAR-2026,HAL,3876.70,3951.60,-0.0191,0.0200,0.0200,0.3821
04-MAR-2026,HALDER,245.15,256.25,-0.0443,0.0096,0.0101,0.1930
04-MAR-2026,HALEOSLABS,1288.60,1254.85,0.0265,0.0323,0.0323,0.6171
04-MAR-2026,HAPPSTMNDS,341.50,347.85,-0.0184,0.0176,0.0176,0.3362
04-MAR-2026,HAPPYFORGE,1250.50,1294.30,-0.0344,0.0184,0.0185,0.3534
04-MAR-2026,HARDOLI,34.65,34.65,0.0000,0.0000,0.0000,0.0000
04-MAR-2026,HARDWYN,17.13,17.17,-0.0023,0.0288,0.0288,0.5502
04-MAR-2026,HARIOMPIPE,351.00,358.30,-0.0206,0.0293,0.0293,0.5598
04-MAR-2026,HARRMALAYA,181.25,193.35,-0.0646,0.0238,0.0242,0.4623
04-MAR-2026,HARSHA,355.55,358.65,-0.0087,0.0204,0.0204,0.3897
04-MAR-2026,HATHWAY,10.12,10.31,-0.0186,0.0203,0.0203,0.3878
04-MAR-2026,HATSUN,901.80,913.75,-0.0132,0.0210,0.0210,0.4012
04-MAR-2026,HAVELLS,1318.70,1354.00,-0.0264,0.0145,0.0146,0.2789
04-MAR-2026,HAVISHA,1.54,1.43,0.0741,0.0309,0.0313,0.5980
04-MAR-2026,HBLENGINE,645.95,664.90,-0.0289,0.0312,0.0311,0.5942
04-MAR-2026,HBSL,50.51,52.99,-0.0479,0.0337,0.0338,0.6457
04-MAR-2026,HCC,16.24,16.71,-0.0285,0.0319,0.0319,0.6094
04-MAR-2026,HCG,553.50,559.95,-0.0116,0.0198,0.0197,0.3764
04-MAR-2026,HCL-INSYS,12.24,12.45,-0.0170,0.0269,0.0268,0.5120
04-MAR-2026,HCLTECH,1364.00,1371.00,-0.0051,0.0154,0.0153,0.2923
04-MAR-2026,HDBFS,678.95,700.15,-0.0307,0.0089,0.0092,0.1758
04-MAR-2026,HDFCAMC,2547.20,2649.75,-0.0395,0.0178,0.0180,0.3439
04-MAR-2026,HDFCBANK,868.65,879.40,-0.0123,0.0103,0.0103,0.1968
04-MAR-2026,HDFCBSE500,36.18,37.56,-0.0374,0.0102,0.0105,0.2006
04-MAR-2026,HDFCGOLD,138.32,142.70,-0.0312,0.0180,0.0181,0.3458
04-MAR-2026,HDFCGROWTH,117.10,118.38,-0.0109,0.0082,0.0082,0.1567
04-MAR-2026,HDFCLIFE,684.60,707.30,-0.0326,0.0129,0.0131,0.2503
04-MAR-2026,HDFCLIQUID,1050.52,1050.40,0.0001,0.0005,0.0005,0.0096
04-MAR-2026,HDFCLOWVOL,20.43,20.78,-0.0170,0.0083,0.0084,0.1605
04-MAR-2026,HDFCMID150,21.28,21.76,-0.0223,0.0095,0.0096,0.1834
04-MAR-2026,HDFCMOMENT,30.37,31.13,-0.0247,0.0100,0.0101,0.1930
04-MAR-2026,HDFCNEXT50,67.86,70.09,-0.0323,0.0097,0.0100,0.1910
04-MAR-2026,HDFCNIF100,25.88,26.41,-0.0203,0.0084,0.0085,0.1624
04-MAR-2026,HDFCNIFBAN,60.18,61.39,-0.0199,0.0078,0.0079,0.1509
04-MAR-2026,HDFCNIFIT,32.14,32.16,-0.0006,0.0136,0.0135,0.2579
04-MAR-2026,HDFCNIFTY,274.33,278.74,-0.0159,0.0071,0.0071,0.1356
04-MAR-2026,HDFCPSUBK,94.05,97.29,-0.0339,0.0134,0.0135,0.2579
04-MAR-2026,HDFCPVTBAN,28.31,28.87,-0.0196,0.0082,0.0083,0.1586
04-MAR-2026,HDFCQUAL,56.35,57.14,-0.0139,0.0084,0.0085,0.1624
04-MAR-2026,HDFCSENSEX,89.44,90.49,-0.0117,0.0070,0.0070,0.1337
04-MAR-2026,HDFCSILVER,253.31,276.16,-0.0864,0.0353,0.0358,0.6840
04-MAR-2026,HDFCSML250,153.82,157.12,-0.0212,0.0106,0.0107,0.2044
04-MAR-2026,HDFCVALUE,134.33,135.34,-0.0075,0.0081,0.0081,0.1548
04-MAR-2026,HEADSUP,7.50,7.94,-0.0570,0.0284,0.0287,0.5483
04-MAR-2026,HEALTHADD,147.76,150.05,-0.0154,0.0093,0.0093,0.1777
04-MAR-2026,HEALTHCARE,18.48,18.76,-0.0150,0.0073,0.0074,0.1414
04-MAR-2026,HEALTHIETF,150.47,152.45,-0.0131,0.0089,0.0089,0.1700
04-MAR-2026,HEALTHY,15.01,15.25,-0.0159,0.0087,0.0088,0.1681
04-MAR-2026,HECPROJECT,118.71,117.84,0.0074,0.0327,0.0327,0.6247
04-MAR-2026,HEG,543.20,572.25,-0.0521,0.0265,0.0267,0.5101
04-MAR-2026,HEIDELBERG,155.15,159.65,-0.0286,0.0146,0.0147,0.2808
04-MAR-2026,HEMIPROP,137.80,140.00,-0.0158,0.0275,0.0275,0.5254
04-MAR-2026,HERANBA,196.20,200.35,-0.0209,0.0263,0.0262,0.5006
04-MAR-2026,HERITGFOOD,307.10,311.55,-0.0144,0.0236,0.0235,0.4490
04-MAR-2026,HEROMOTOCO,5500.00,5591.50,-0.0165,0.0158,0.0158,0.3019
04-MAR-2026,HESTERBIO,1510.00,1542.40,-0.0212,0.0235,0.0235,0.4490
04-MAR-2026,HEXATRADEX,159.40,160.00,-0.0038,0.0207,0.0207,0.3955
04-MAR-2026,HEXT,455.70,466.60,-0.0236,0.0218,0.0218,0.4165
04-MAR-2026,HFCL,66.50,67.49,-0.0148,0.0270,0.0269,0.5139
04-MAR-2026,HGINFRA,504.60,529.90,-0.0489,0.0242,0.0243,0.4643
04-MAR-2026,HGM,51.70,54.42,-0.0513,0.0337,0.0338,0.6457
04-MAR-2026,HGS,361.70,365.70,-0.0110,0.0188,0.0188,0.3592
04-MAR-2026,HIKAL,186.20,192.15,-0.0315,0.0247,0.0247,0.4719
04-MAR-2026,HILINFRA,51.69,52.66,-0.0186,0.0170,0.0171,0.3267
04-MAR-2026,HILLRIDGE,10.00,10.00,0.0000,0.0000,0.0000,0.0000
04-MAR-2026,HILTON,17.00,17.55,-0.0318,0.0343,0.0342,0.6534
04-MAR-2026,HIMATSEIDE,92.91,96.91,-0.0422,0.0290,0.0291,0.5560
04-MAR-2026,HINDALCO,921.80,940.00,-0.0196,0.0183,0.0183,0.3496
04-MAR-2026,HINDCOMPOS,406.95,415.35,-0.0204,0.0229,0.0229,0.4375
04-MAR-2026,HINDCON,18.96,19.24,-0.0147,0.0274,0.0273,0.5216
04-MAR-2026,HINDCOPPER,546.80,576.00,-0.0520,0.0353,0.0354,0.6763
04-MAR-2026,HINDOILEXP,148.85,136.65,0.0855,0.0233,0.0240,0.4585
04-MAR-2026,HINDPETRO,401.45,424.50,-0.0558,0.0203,0.0206,0.3936
04-MAR-2026,HINDUNILVR,2261.30,2320.60,-0.0259,0.0118,0.0119,0.2273
04-MAR-2026,HINDWAREAP,209.45,219.85,-0.0485,0.0277,0.0279,0.5330
04-MAR-2026,HINDZINC,591.25,617.65,-0.0437,0.0260,0.0262,0.5006
04-MAR-2026,HIRECT,1329.40,1354.00,-0.0183,0.0334,0.0333,0.6362
04-MAR-2026,HISARMETAL,155.85,161.00,-0.0325,0.0239,0.0240,0.4585
04-MAR-2026,HITECH,81.67,83.52,-0.0224,0.0263,0.0262,0.5006
04-MAR-2026,HITECHCORP,129.00,132.15,-0.0241,0.0267,0.0267,0.5101
04-MAR-2026,HITECHGEAR,611.55,621.05,-0.0154,0.0247,0.0247,0.4719
04-MAR-2026,HLEGLAS,312.65,321.55,-0.0281,0.0314,0.0314,0.5999
04-MAR-2026,HLVLTD,7.65,7.76,-0.0143,0.0258,0.0257,0.4910
04-MAR-2026,HMAAGRO,24.63,25.21,-0.0233,0.0217,0.0217,0.4146
04-MAR-2026,HMT,66.95,63.96,0.0457,0.0242,0.0243,0.4643
04-MAR-2026,HMVL,66.10,66.72,-0.0093,0.0230,0.0229,0.4375
04-MAR-2026,HNDFDS,478.45,482.60,-0.0086,0.0174,0.0174,0.3324
04-MAR-2026,HNGSNGBEES,507.26,517.93,-0.0208,0.0172,0.0172,0.3286
04-MAR-2026,HOMEFIRST,1074.40,1096.80,-0.0206,0.0257,0.0257,0.4910
04-MAR-2026,HONASA,288.10,292.75,-0.0160,0.0242,0.0241,0.4604
04-MAR-2026,HONAUT,30126.30,30319.90,-0.0064,0.0150,0.0150,0.2866
04-MAR-2026,HONDAPOWER,2026.05,2081.80,-0.0271,0.0221,0.0221,0.4222
04-MAR-2026,HOTAHOTI,9.90,9.90,0.0000,0.0000,0.0000,0.0000
04-MAR-2026,HPAL,33.90,35.07,-0.0339,0.0223,0.0224,0.4280
04-MAR-2026,HPIL,123.25,122.85,0.0033,0.0291,0.0291,0.5560
04-MAR-2026,HPL,310.50,323.85,-0.0421,0.0305,0.0305,0.5827
04-MAR-2026,HSCL,442.30,457.50,-0.0338,0.0225,0.0226,0.4318
04-MAR-2026,HTMEDIA,20.65,20.81,-0.0077,0.0244,0.0244,0.4662
04-MAR-2026,HUBTOWN,204.75,207.15,-0.0117,0.0332,0.0332,0.6343
04-MAR-2026,HUDCO,176.15,181.75,-0.0313,0.0254,0.0255,0.4872
04-MAR-2026,HUHTAMAKI,169.05,171.50,-0.0144,0.0224,0.0224,0.4280
04-MAR-2026,HYBRIDFIN,18.34,19.45,-0.0588,0.0396,0.0397,0.7585
04-MAR-2026,HYUNDAI,2078.40,2148.00,-0.0329,0.0165,0.0166,0.3171
04-MAR-2026,IBULLSLTD,9.62,10.05,-0.0437,0.0341,0.0341,0.6515
04-MAR-2026,ICDSLTD,38.73,40.60,-0.0472,0.0348,0.0349,0.6668
04-MAR-2026,ICEMAKE,824.90,828.35,-0.0042,0.0269,0.0268,0.5120
04-MAR-2026,ICICIAMC,2992.75,3090.05,-0.0320,0.0094,0.0096,0.1834
04-MAR-2026,ICICIB22,122.63,125.51,-0.0232,0.0100,0.0101,0.1930
04-MAR-2026,ICICIBANK,1365.40,1374.00,-0.0063,0.0110,0.0109,0.2082
04-MAR-2026,ICICIGI,1855.50,1895.50,-0.0213,0.0141,0.0141,0.2694
04-MAR-2026,ICICIPRULI,625.75,653.55,-0.0435,0.0138,0.0141,0.2694
04-MAR-2026,ICIL,247.85,262.60,-0.0578,0.0363,0.0364,0.6954
04-MAR-2026,ICRA,5566.35,5704.65,-0.0245,0.0149,0.0150,0.2866
04-MAR-2026,IDBI,110.20,114.80,-0.0409,0.0250,0.0251,0.4795
04-MAR-2026,IDEA,9.99,10.29,-0.0296,0.0343,0.0343,0.6553
04-MAR-2026,IDEAFORGE,453.65,441.45,0.0273,0.0306,0.0306,0.5846
04-MAR-2026,IDFCFIRSTB,70.06,71.78,-0.0243,0.0206,0.0206,0.3936
04-MAR-2026,IDFNIFTYET,269.34,272.83,-0.0129,0.0142,0.0142,0.2713
04-MAR-2026,IEX,118.60,121.50,-0.0242,0.0274,0.0274,0.5235
04-MAR-2026,IFBAGRO,788.40,821.50,-0.0411,0.0361,0.0361,0.6897
04-MAR-2026,IFBIND,1085.90,1081.20,0.0043,0.0311,0.0310,0.5923
04-MAR-2026,IFCI,53.87,56.34,-0.0448,0.0325,0.0326,0.6228
04-MAR-2026,IFGLEXPOR,154.10,163.40,-0.0586,0.0308,0.0310,0.5923
04-MAR-2026,IGARASHI,336.30,348.35,-0.0352,0.0285,0.0285,0.5445
04-MAR-2026,IGCL,63.09,63.18,-0.0014,0.0182,0.0182,0.3477
04-MAR-2026,IGIL,323.50,325.65,-0.0066,0.0230,0.0230,0.4394
04-MAR-2026,IGL,157.40,166.80,-0.0580,0.0197,0.0201,0.3840
04-MAR-2026,IGPL,329.00,347.45,-0.0546,0.0212,0.0215,0.4108
04-MAR-2026,IIEL,10.00,10.00,0.0000,0.0000,0.0000,0.0000
04-MAR-2026,IIFL,479.95,499.50,-0.0399,0.0272,0.0273,0.5216
04-MAR-2026,IIFLCAPS,318.80,315.95,0.0090,0.0336,0.0335,0.6400
04-MAR-2026,IITL,128.55,128.65,-0.0008,0.0276,0.0275,0.5254
04-MAR-2026,IKIO,134.25,138.70,-0.0326,0.0249,0.0250,0.4776
04-MAR-2026,IKS,1331.00,1346.45,-0.0115,0.0209,0.0209,0.3993
04-MAR-2026,IL&FSENGG,24.73,25.34,-0.0244,0.0297,0.0297,0.5674
04-MAR-2026,IL&FSTRANS,2.36,2.35,0.0042,0.0259,0.0258,0.4929
04-MAR-2026,IMAGICAA,40.24,41.43,-0.0291,0.0245,0.0245,0.4681
04-MAR-2026,IMFA,1170.40,1242.55,-0.0598,0.0308,0.0310,0.5923
04-MAR-2026,IMPAL,1028.95,1024.50,0.0043,0.0161,0.0161,0.3076
04-MAR-2026,IMPEXFERRO,1.70,1.71,-0.0059,0.0266,0.0265,0.5063
04-MAR-2026,INCREDIBLE,32.80,32.78,0.0006,0.0300,0.0299,0.5712
04-MAR-2026,INDBANK,33.11,34.20,-0.0324,0.0326,0.0326,0.6228
04-MAR-2026,INDGN,471.60,479.95,-0.0176,0.0188,0.0187,0.3573
04-MAR-2026,INDHOTEL,633.60,651.00,-0.0271,0.0171,0.0171,0.3267
04-MAR-2026,INDIACEM,389.65,397.75,-0.0206,0.0234,0.0234,0.4471
04-MAR-2026,INDIAGLYCO,855.70,896.85,-0.0470,0.0269,0.0270,0.5158
04-MAR-2026,INDIAMART,2081.05,2113.85,-0.0156,0.0182,0.0182,0.3477
04-MAR-2026,INDIANB,939.05,976.60,-0.0392,0.0204,0.0205,0.3917
04-MAR-2026,INDIANCARD,196.20,201.00,-0.0242,0.0260,0.0260,0.4967
04-MAR-2026,INDIANHUME,316.00,322.15,-0.0193,0.0267,0.0267,0.5101
04-MAR-2026,INDIASHLTR,695.35,727.15,-0.0447,0.0179,0.0181,0.3458
04-MAR-2026,INDIGO,4392.90,4520.45,-0.0286,0.0181,0.0182,0.3477
04-MAR-2026,INDIGOPNTS,908.20,918.25,-0.0110,0.0197,0.0197,0.3764
04-MAR-2026,INDIGRID,164.40,166.40,-0.0121,0.0061,0.0062,0.1185
04-MAR-2026,INDIQUBE,165.30,173.50,-0.0484,0.0145,0.0149,0.2847
04-MAR-2026,INDNIPPON,785.95,811.80,-0.0324,0.0236,0.0236,0.4509
04-MAR-2026,INDOAMIN,100.25,105.05,-0.0468,0.0270,0.0272,0.5197
04-MAR-2026,INDOBORAX,244.10,247.15,-0.0124,0.0267,0.0267,0.5101
04-MAR-2026,INDOCO,196.20,200.80,-0.0232,0.0249,0.0249,0.4757
04-MAR-2026,INDOFARM,130.90,132.50,-0.0121,0.0290,0.0289,0.5521
04-MAR-2026,INDORAMA,33.75,34.63,-0.0257,0.0305,0.0305,0.5827
04-MAR-2026,INDOSTAR,216.10,216.35,-0.0012,0.0284,0.0284,0.5426
04-MAR-2026,INDOTECH,1404.85,1492.70,-0.0607,0.0349,0.0351,0.6706
04-MAR-2026,INDOTHAI,260.40,258.25,0.0083,0.0303,0.0303,0.5789
04-MAR-2026,INDOUS,136.75,140.70,-0.0285,0.0374,0.0374,0.7145
04-MAR-2026,INDOWIND,8.76,8.82,-0.0068,0.0336,0.0335,0.6400
04-MAR-2026,INDRAMEDCO,385.65,392.05,-0.0165,0.0293,0.0293,0.5598
04-MAR-2026,INDSWFTLAB,126.20,137.20,-0.0836,0.0312,0.0317,0.6056
04-MAR-2026,INDTERRAIN,30.00,30.48,-0.0159,0.0275,0.0275,0.5254
04-MAR-2026,INDUENG,9.50,9.50,0.0000,0.0000,0.0000,0.0000
04-MAR-2026,INDUSINDBK,927.55,942.50,-0.0160,0.0216,0.0216,0.4127
04-MAR-2026,INDUSINVIT,126.00,126.68,-0.0054,0.0085,0.0085,0.1624
04-MAR-2026,INDUSTOWER,442.30,448.55,-0.0140,0.0194,0.0194,0.3706
04-MAR-2026,INFOBEAN,174.80,178.05,-0.0184,0.0410,0.0409,0.7814
04-MAR-2026,INFOMEDIA,5.13,5.09,0.0078,0.0342,0.0341,0.6515
04-MAR-2026,INFRA,10.92,11.23,-0.0280,0.0020,0.0028,0.0535
04-MAR-2026,INFRABEES,940.16,963.38,-0.0244,0.0100,0.0101,0.1930
04-MAR-2026,INFRAIETF,93.74,95.95,-0.0233,0.0096,0.0097,0.1853
04-MAR-2026,INFY,1307.40,1288.90,0.0143,0.0162,0.0161,0.3076
04-MAR-2026,INGERRAND,3791.85,3921.60,-0.0336,0.0182,0.0183,0.3496
04-MAR-2026,INNOVACAP,647.20,664.30,-0.0261,0.0231,0.0231,0.4413
04-MAR-2026,INNOVANA,373.80,392.55,-0.0489,0.0268,0.0270,0.5158
04-MAR-2026,INOXGREEN,152.20,162.25,-0.0639,0.0317,0.0320,0.6114
04-MAR-2026,INOXINDIA,1133.85,1129.30,0.0040,0.0173,0.0173,0.3305
04-MAR-2026,INOXWIND,85.85,89.19,-0.0382,0.0266,0.0267,0.5101
04-MAR-2026,INSECTICID,609.90,613.65,-0.0061,0.0224,0.0223,0.4260
04-MAR-2026,INSPIRISYS,82.13,84.99,-0.0342,0.0287,0.0287,0.5483
04-MAR-2026,INTELLECT,669.95,683.55,-0.0201,0.0277,0.0276,0.5273
04-MAR-2026,INTENTECH,96.50,97.75,-0.0129,0.0330,0.0329,0.6286
04-MAR-2026,INTERARCH,1801.70,1824.40,-0.0125,0.0258,0.0257,0.4910
04-MAR-2026,INTERISE,109.75,109.75,0.0000,0.0059,0.0059,0.1127
04-MAR-2026,INTERNET,11.51,11.58,-0.0061,0.0122,0.0122,0.2331
04-MAR-2026,INTERTEC,31.35,31.35,0.0000,0.0000,0.0000,0.0000
04-MAR-2026,INTLCONV,74.65,76.65,-0.0264,0.0247,0.0247,0.4719
04-MAR-2026,INVENTURE,1.03,1.00,0.0296,0.0254,0.0254,0.4853
04-MAR-2026,IOB,34.18,35.20,-0.0294,0.0226,0.0226,0.4318
04-MAR-2026,IOC,170.45,179.10,-0.0495,0.0161,0.0165,0.3152
04-MAR-2026,IOLCP,70.16,71.36,-0.0170,0.0270,0.0269,0.5139
04-MAR-2026,IONEXCHANG,346.75,354.40,-0.0218,0.0221,0.0221,0.4222
04-MAR-2026,IPCALAB,1475.40,1513.00,-0.0252,0.0199,0.0200,0.3821
04-MAR-2026,IPL,152.95,154.75,-0.0117,0.0253,0.0253,0.4834
04-MAR-2026,IRB,39.82,39.94,-0.0030,0.0209,0.0208,0.3974
04-MAR-2026,IRBINVIT,60.99,61.33,-0.0056,0.0081,0.0081,0.1548
04-MAR-2026,IRBIT,220.22,220.22,0.0000,0.0000,0.0000,0.0000
04-MAR-2026,IRCON,130.60,136.20,-0.0420,0.0276,0.0277,0.5292
04-MAR-2026,IRCTC,553.45,568.95,-0.0276,0.0155,0.0156,0.2980
04-MAR-2026,IREDA,113.50,115.95,-0.0214,0.0237,0.0237,0.4528
04-MAR-2026,IRFC,97.75,99.35,-0.0162,0.0225,0.0225,0.4299
04-MAR-2026,IRIS,250.35,249.75,0.0024,0.0281,0.0280,0.5349
04-MAR-2026,IRISDOREME,31.54,31.50,0.0013,0.0244,0.0244,0.4662
04-MAR-2026,IRMENERGY,221.40,227.00,-0.0250,0.0260,0.0260,0.4967
04-MAR-2026,ISFT,69.42,69.16,0.0038,0.0263,0.0263,0.5025
04-MAR-2026,ISGEC,861.30,869.50,-0.0095,0.0284,0.0284,0.5426
04-MAR-2026,ISHANCH,57.66,58.68,-0.0175,0.0243,0.0243,0.4643
04-MAR-2026,ISHL,807.00,807.00,0.0000,0.0006,0.0006,0.0115
04-MAR-2026,ISL,41.35,41.35,0.0000,0.0000,0.0000,0.0000
04-MAR-2026,IT,33.29,33.39,-0.0030,0.0134,0.0134,0.2560
04-MAR-2026,ITADD,31.93,31.92,0.0003,0.0138,0.0137,0.2617
04-MAR-2026,ITBEES,33.48,33.46,0.0006,0.0135,0.0135,0.2579
04-MAR-2026,ITBETA,315.76,317.03,-0.0040,0.0135,0.0135,0.2579
04-MAR-2026,ITC,311.95,314.90,-0.0094,0.0128,0.0128,0.2445
04-MAR-2026,ITCHOTELS,163.95,172.55,-0.0511,0.0158,0.0161,0.3076
04-MAR-2026,ITDC,479.60,496.20,-0.0340,0.0283,0.0284,0.5426
04-MAR-2026,ITETF,31.84,31.85,-0.0003,0.0137,0.0136,0.2598
04-MAR-2026,ITI,253.30,260.50,-0.0280,0.0297,0.0297,0.5674
04-MAR-2026,ITIETF,33.45,33.46,-0.0003,0.0135,0.0135,0.2579
04-MAR-2026,IVALUE,226.45,226.65,-0.0009,0.0178,0.0177,0.3382
04-MAR-2026,IVC,7.05,7.18,-0.0183,0.0222,0.0222,0.4241
04-MAR-2026,IVP,127.10,130.45,-0.0260,0.0286,0.0286,0.5464
04-MAR-2026,IVZINGOLD,13930.57,14501.21,-0.0401,0.0219,0.0220,0.4203
04-MAR-2026,IVZINNIFTY,2787.80,2834.67,-0.0167,0.0092,0.0093,0.1777
04-MAR-2026,IXIGO,165.85,166.40,-0.0033,0.0333,0.0333,0.6362
04-MAR-2026,IZMO,671.00,705.10,-0.0496,0.0419,0.0419,0.8005
04-MAR-2026,J&KBANK,116.25,119.95,-0.0313,0.0223,0.0223,0.4260
04-MAR-2026,JAGRAN,62.09,62.93,-0.0134,0.0148,0.0148,0.2828
04-MAR-2026,JAGSNPHARM,170.60,164.50,0.0364,0.0295,0.0295,0.5636
04-MAR-2026,JAIBALAJI,61.17,65.67,-0.0710,0.0312,0.0315,0.6018
04-MAR-2026,JAICORPLTD,100.05,105.05,-0.0488,0.0331,0.0332,0.6343
04-MAR-2026,JAINREC,403.00,396.50,0.0163,0.0173,0.0173,0.3305
04-MAR-2026,JAIPURKURT,31.66,33.58,-0.0589,0.0351,0.0352,0.6725
04-MAR-2026,JAMNAAUTO,137.20,143.40,-0.0442,0.0236,0.0237,0.4528
04-MAR-2026,JARO,423.30,439.50,-0.0376,0.0220,0.0221,0.4222
04-MAR-2026,JASH,388.05,400.05,-0.0305,0.0249,0.0249,0.4757
04-MAR-2026,JAYAGROGN,186.20,174.00,0.0678,0.0219,0.0223,0.4260
04-MAR-2026,JAYBARMARU,97.65,105.65,-0.0787,0.0307,0.0311,0.5942
04-MAR-2026,JAYKAY,142.40,145.20,-0.0195,0.0329,0.0328,0.6266
04-MAR-2026,JAYNECOIND,74.54,75.93,-0.0185,0.0377,0.0376,0.7183
04-MAR-2026,JAYSREETEA,74.03,76.95,-0.0387,0.0222,0.0223,0.4260
04-MAR-2026,JBCHEPHARM,2051.80,2077.35,-0.0124,0.0160,0.0160,0.3057
04-MAR-2026,JBMA,508.00,527.25,-0.0372,0.0274,0.0274,0.5235
04-MAR-2026,JECOEXP,10.00,10.00,0.0000,0.0000,0.0000,0.0000
04-MAR-2026,JETFREIGHT,17.97,18.40,-0.0236,0.0310,0.0309,0.5903
04-MAR-2026,JGCHEM,350.75,371.55,-0.0576,0.0289,0.0291,0.5560
04-MAR-2026,JHS,8.93,9.25,-0.0352,0.0339,0.0339,0.6477
04-MAR-2026,JINDALPHOT,1130.30,1205.20,-0.0642,0.0357,0.0359,0.6859
04-MAR-2026,JINDALPOLY,664.65,627.45,0.0576,0.0282,0.0284,0.5426
04-MAR-2026,JINDALSAW,169.15,178.40,-0.0532,0.0274,0.0276,0.5273
04-MAR-2026,JINDALSTEL,1168.40,1237.80,-0.0577,0.0180,0.0184,0.3515
04-MAR-2026,JINDRILL,598.25,522.10,0.1361,0.0297,0.0311,0.5942
04-MAR-2026,JINDWORLD,23.18,23.88,-0.0298,0.0304,0.0304,0.5808
04-MAR-2026,JIOFIN,241.30,249.00,-0.0314,0.0178,0.0179,0.3420
04-MAR-2026,JISLDVREQS,21.13,22.17,-0.0480,0.0284,0.0285,0.5445
04-MAR-2026,JISLJALEQS,34.59,35.52,-0.0265,0.0278,0.0278,0.5311
04-MAR-2026,JITFINFRA,340.85,358.75,-0.0512,0.0373,0.0374,0.7145
04-MAR-2026,JKCEMENT,5527.10,5608.10,-0.0145,0.0185,0.0185,0.3534
04-MAR-2026,JKIL,481.70,510.90,-0.0589,0.0220,0.0223,0.4260
04-MAR-2026,JKIPL,59.77,58.09,0.0285,0.0240,0.0240,0.4585
04-MAR-2026,JKLAKSHMI,654.05,686.70,-0.0487,0.0181,0.0184,0.3515
04-MAR-2026,JKPAPER,336.80,345.15,-0.0245,0.0241,0.0241,0.4604
04-MAR-2026,JKTYRE,439.70,477.70,-0.0829,0.0223,0.0230,0.4394
04-MAR-2026,JLHL,1291.20,1273.45,0.0138,0.0165,0.0165,0.3152
04-MAR-2026,JMA,85.86,89.70,-0.0438,0.0235,0.0237,0.4528
04-MAR-2026,JMFINANCIL,122.30,125.65,-0.0270,0.0282,0.0282,0.5388
04-MAR-2026,JNKINDIA,224.05,235.60,-0.0503,0.0274,0.0276,0.5273
04-MAR-2026,JOCIL,127.14,128.23,-0.0085,0.0216,0.0215,0.4108
04-MAR-2026,JOTINDRA,2.70,2.70,0.0000,0.0295,0.0295,0.5636
04-MAR-2026,JPASSOCIAT,2.60,2.73,-0.0488,0.0329,0.0330,0.6305
04-MAR-2026,JPOLYINVST,1126.40,1168.05,-0.0363,0.0309,0.0309,0.5903
04-MAR-2026,JPPOWER,13.95,14.47,-0.0366,0.0298,0.0299,0.5712
04-MAR-2026,JSFB,371.60,368.80,0.0076,0.0242,0.0241,0.4604
04-MAR-2026,JSL,754.95,783.35,-0.0369,0.0226,0.0227,0.4337
04-MAR-2026,JSLL,609.60,606.40,0.0053,0.0197,0.0197,0.3764
04-MAR-2026,JSWCEMENT,119.35,123.15,-0.0313,0.0133,0.0134,0.2560
04-MAR-2026,JSWENERGY,468.00,481.30,-0.0280,0.0220,0.0221,0.4222
04-MAR-2026,JSWHL,16123.65,16354.95,-0.0142,0.0268,0.0267,0.5101
04-MAR-2026,JSWINFRA,246.70,251.65,-0.0199,0.0189,0.0189,0.3611
04-MAR-2026,JSWSTEEL,1213.00,1267.35,-0.0438,0.0150,0.0153,0.2923
04-MAR-2026,JTEKTINDIA,129.40,138.60,-0.0687,0.0264,0.0267,0.5101
04-MAR-2026,JTLIND,53.49,55.82,-0.0426,0.0330,0.0331,0.6324
04-MAR-2026,JUBLCPL,1787.10,1792.55,-0.0030,0.0274,0.0273,0.5216
04-MAR-2026,JUBLFOOD,499.50,505.65,-0.0122,0.0171,0.0171,0.3267
04-MAR-2026,JUBLINGREA,555.90,568.95,-0.0232,0.0253,0.0253,0.4834
04-MAR-2026,JUBLPHARMA,834.30,850.25,-0.0189,0.0232,0.0232,0.4432
04-MAR-2026,JUNIORBEES,719.91,739.95,-0.0275,0.0096,0.0098,0.1872
04-MAR-2026,JUNIPER,206.50,211.90,-0.0258,0.0232,0.0233,0.4451
04-MAR-2026,JUSTDIAL,523.55,549.10,-0.0476,0.0216,0.0218,0.4165
04-MAR-2026,JWL,248.85,257.45,-0.0340,0.0303,0.0303,0.5789
04-MAR-2026,JYOTHYLAB,248.25,245.80,0.0099,0.0177,0.0176,0.3362
04-MAR-2026,JYOTICNC,795.90,803.10,-0.0090,0.0271,0.0271,0.5177
04-MAR-2026,JYOTISTRUC,11.24,11.76,-0.0452,0.0366,0.0367,0.7012
04-MAR-2026,KABIRDAS,1.00,1.00,0.0000,0.0000,0.0000,0.0000
04-MAR-2026,KABRAEXTRU,239.60,246.25,-0.0274,0.0310,0.0310,0.5923
04-MAR-2026,KAJARIACER,937.90,935.60,0.0025,0.0176,0.0175,0.3343
04-MAR-2026,KAKATCEM,107.55,108.70,-0.0106,0.0205,0.0205,0.3917
04-MAR-2026,KALAMANDIR,107.55,108.80,-0.0116,0.0280,0.0279,0.5330
04-MAR-2026,KALPATARU,298.40,314.00,-0.0510,0.0161,0.0164,0.3133
04-MAR-2026,KALYANI,138.09,138.09,0.0000,0.0039,0.0039,0.0745
04-MAR-2026,KALYANIFRG,600.50,609.10,-0.0142,0.0273,0.0272,0.5197
04-MAR-2026,KALYANKJIL,393.80,401.75,-0.0200,0.0272,0.0272,0.5197
04-MAR-2026,KAMATHOTEL,184.15,183.10,0.0057,0.0300,0.0300,0.5731
04-MAR-2026,KAMDHENU,21.86,22.67,-0.0364,0.0288,0.0288,0.5502
04-MAR-2026,KAMINI,3.25,3.25,0.0000,0.0032,0.0032,0.0611
04-MAR-2026,KAMOPAINTS,4.20,4.35,-0.0351,0.0282,0.0282,0.5388
04-MAR-2026,KANANIIND,1.41,1.46,-0.0348,0.0254,0.0254,0.4853
04-MAR-2026,KANORICHEM,65.67,66.58,-0.0138,0.0248,0.0248,0.4738
04-MAR-2026,KANPRPLA,169.10,172.00,-0.0170,0.0317,0.0317,0.6056
04-MAR-2026,KANSAINER,194.90,196.35,-0.0074,0.0151,0.0150,0.2866
04-MAR-2026,KAPSTON,393.50,400.10,-0.0166,0.0271,0.0270,0.5158
04-MAR-2026,KARMAENG,41.09,42.15,-0.0255,0.0345,0.0345,0.6591
04-MAR-2026,KARURVYSYA,310.00,315.30,-0.0170,0.0205,0.0204,0.3897
04-MAR-2026,KAUSHALYA,848.05,862.10,-0.0164,0.0299,0.0298,0.5693
04-MAR-2026,KAVDEFENCE,62.16,62.69,-0.0085,0.0368,0.0367,0.7012
04-MAR-2026,KAYA,313.60,313.50,0.0003,0.0311,0.0310,0.5923
04-MAR-2026,KAYNES,3700.25,3736.55,-0.0098,0.0317,0.0316,0.6037
04-MAR-2026,KCP,155.75,160.30,-0.0288,0.0218,0.0218,0.4165
04-MAR-2026,KCPSUGIND,23.17,22.56,0.0267,0.0244,0.0244,0.4662
04-MAR-2026,KDDL,2454.25,2443.60,0.0043,0.0273,0.0272,0.5197
04-MAR-2026,KEC,542.80,564.90,-0.0399,0.0243,0.0244,0.4662
04-MAR-2026,KECL,82.01,85.24,-0.0386,0.0286,0.0287,0.5483
04-MAR-2026,KEEPLEARN,1.86,1.92,-0.0317,0.0343,0.0342,0.6534
04-MAR-2026,KEI,4979.20,5205.95,-0.0445,0.0232,0.0233,0.4451
04-MAR-2026,KELLTONTEC,17.47,18.02,-0.0310,0.0342,0.0342,0.6534
04-MAR-2026,KERNEX,1021.95,1049.40,-0.0265,0.0351,0.0351,0.6706
04-MAR-2026,KESORAMIND,8.75,8.80,-0.0057,0.0345,0.0344,0.6572
04-MAR-2026,KEYFINSERV,266.75,272.65,-0.0219,0.0427,0.0426,0.8139
04-MAR-2026,KFINTECH,909.30,935.95,-0.0289,0.0257,0.0257,0.4910
04-MAR-2026,KHADIM,114.15,119.50,-0.0458,0.0284,0.0286,0.5464
04-MAR-2026,KHAICHEM,54.91,56.95,-0.0365,0.0296,0.0296,0.5655
04-MAR-2026,KHAITANLTD,93.68,93.99,-0.0033,0.0307,0.0307,0.5865
04-MAR-2026,KHANDSE,16.89,16.76,0.0077,0.0310,0.0309,0.5903
04-MAR-2026,KICL,4764.35,4851.05,-0.0180,0.0233,0.0233,0.4451
04-MAR-2026,KILITCH,312.55,317.45,-0.0156,0.0249,0.0249,0.4757
04-MAR-2026,KIMS,706.30,718.20,-0.0167,0.0195,0.0195,0.3725
04-MAR-2026,KINGFA,4128.40,4279.75,-0.0360,0.0273,0.0274,0.5235
04-MAR-2026,KIOCL,309.50,324.00,-0.0458,0.0374,0.0374,0.7145
04-MAR-2026,KIRIINDUS,426.15,434.80,-0.0201,0.0323,0.0322,0.6152
04-MAR-2026,KIRLOSBROS,1492.05,1534.10,-0.0278,0.0273,0.0273,0.5216
04-MAR-2026,KIRLOSENG,1416.40,1405.95,0.0074,0.0261,0.0261,0.4986
04-MAR-2026,KIRLOSIND,2782.20,2829.80,-0.0170,0.0228,0.0227,0.4337
04-MAR-2026,KIRLPNU,1140.10,1145.10,-0.0044,0.0244,0.0244,0.4662
04-MAR-2026,KITEX,161.90,169.85,-0.0479,0.0378,0.0379,0.7241
04-MAR-2026,KKCL,469.80,488.60,-0.0392,0.0204,0.0205,0.3917
04-MAR-2026,KMEW,1568.95,1647.15,-0.0486,0.0355,0.0356,0.6801
04-MAR-2026,KMSUGAR,26.83,24.78,0.0795,0.0212,0.0219,0.4184
04-MAR-2026,KNAGRI,183.01,188.75,-0.0309,0.0257,0.0257,0.4910
04-MAR-2026,KNRCON,125.65,128.30,-0.0209,0.0241,0.0241,0.4604
04-MAR-2026,KOHINOOR,23.99,24.56,-0.0235,0.0254,0.0254,0.4853
04-MAR-2026,KOKUYOCMLN,78.55,79.58,-0.0130,0.0227,0.0226,0.4318
04-MAR-2026,KOLTEPATIL,335.85,344.00,-0.0240,0.0214,0.0214,0.4088
04-MAR-2026,KOPRAN,122.85,126.65,-0.0305,0.0282,0.0282,0.5388
04-MAR-2026,KOTAKBANK,403.35,413.10,-0.0239,0.0132,0.0133,0.2541
04-MAR-2026,KOTARISUG,25.28,23.90,0.0561,0.0235,0.0238,0.4547
04-MAR-2026,KOTHARIPET,105.84,110.33,-0.0415,0.0252,0.0253,0.4834
04-MAR-2026,KOTHARIPRO,64.27,64.70,-0.0067,0.0334,0.0333,0.6362
04-MAR-2026,KPEL,259.00,269.85,-0.0410,0.0293,0.0294,0.5617
04-MAR-2026,KPIGREEN,347.50,361.85,-0.0405,0.0293,0.0293,0.5598
04-MAR-2026,KPIL,1122.50,1177.00,-0.0474,0.0210,0.0212,0.4050
04-MAR-2026,KPITTECH,736.15,754.30,-0.0244,0.0231,0.0231,0.4413
04-MAR-2026,KPRMILL,853.45,867.85,-0.0167,0.0250,0.0250,0.4776
04-MAR-2026,KRBL,320.55,330.50,-0.0306,0.0239,0.0240,0.4585
04-MAR-2026,KREBSBIO,52.32,53.89,-0.0296,0.0304,0.0304,0.5808
04-MAR-2026,KRIDHANINF,2.39,2.74,-0.1367,0.0369,0.0381,0.7279
04-MAR-2026,KRISHANA,465.05,472.15,-0.0152,0.0257,0.0256,0.4891
04-MAR-2026,KRISHIVAL,310.75,315.15,-0.0141,0.0200,0.0200,0.3821
04-MAR-2026,KRISHNADEF,1108.00,1126.10,-0.0162,0.0169,0.0169,0.3229
04-MAR-2026,KRITI,76.89,77.52,-0.0082,0.0303,0.0302,0.5770
04-MAR-2026,KRITIKA,5.45,5.70,-0.0449,0.0253,0.0254,0.4853
04-MAR-2026,KRITINUT,68.01,66.71,0.0193,0.0293,0.0293,0.5598
04-MAR-2026,KRN,919.10,918.55,0.0006,0.0293,0.0292,0.5579
04-MAR-2026,KRONOX,114.00,116.30,-0.0200,0.0220,0.0220,0.4203
04-MAR-2026,KROSS,187.25,193.60,-0.0333,0.0276,0.0276,0.5273
04-MAR-2026,KRSNAA,602.20,631.25,-0.0471,0.0212,0.0214,0.4088
04-MAR-2026,KRT,116.01,119.01,-0.0255,0.0081,0.0083,0.1586
04-MAR-2026,KRYSTAL,566.60,600.80,-0.0586,0.0264,0.0267,0.5101
04-MAR-2026,KSB,738.80,740.80,-0.0027,0.0198,0.0197,0.3764
04-MAR-2026,KSCL,714.60,748.35,-0.0461,0.0254,0.0256,0.4891
04-MAR-2026,KSHINTL,362.70,379.80,-0.0461,0.0137,0.0141,0.2694
04-MAR-2026,KSHITIJPOL,2.50,2.63,-0.0507,0.0326,0.0327,0.6247
04-MAR-2026,KSL,706.25,730.20,-0.0333,0.0239,0.0239,0.4566
04-MAR-2026,KSOLVES,290.10,289.55,0.0019,0.0274,0.0273,0.5216
04-MAR-2026,KSR,32.32,31.27,0.0330,0.0292,0.0292,0.5579
04-MAR-2026,KTKBANK,200.85,203.05,-0.0109,0.0190,0.0190,0.3630
04-MAR-2026,KUANTUM,84.93,86.71,-0.0207,0.0219,0.0219,0.4184
04-MAR-2026,KWIL,27.11,28.01,-0.0327,0.0082,0.0085,0.1624
04-MAR-2026,LAFFANSOFT,10.00,10.00,0.0000,0.0000,0.0000,0.0000
04-MAR-2026,LAGNAM,68.58,70.49,-0.0275,0.0305,0.0305,0.5827
04-MAR-2026,LAKPRE,5.09,5.20,-0.0214,0.0435,0.0434,0.8292
04-MAR-2026,LAL,6.91,7.29,-0.0535,0.0275,0.0277,0.5292
04-MAR-2026,LALPATHLAB,1359.50,1405.90,-0.0336,0.0164,0.0165,0.3152
04-MAR-2026,LAMBODHARA,98.80,101.25,-0.0245,0.0319,0.0318,0.6075
04-MAR-2026,LANCORHOL,22.05,22.88,-0.0370,0.0355,0.0355,0.6782
04-MAR-2026,LANDMARK,380.30,405.75,-0.0648,0.0268,0.0271,0.5177
04-MAR-2026,LAOPALA,193.45,198.10,-0.0238,0.0196,0.0196,0.3745
04-MAR-2026,LASA,7.60,7.79,-0.0247,0.0359,0.0358,0.6840
04-MAR-2026,LATENTVIEW,315.40,326.80,-0.0355,0.0238,0.0238,0.4547
04-MAR-2026,LATTEYS,21.12,21.18,-0.0028,0.0333,0.0332,0.6343
04-MAR-2026,LAURUSLABS,1030.60,1065.00,-0.0328,0.0201,0.0202,0.3859
04-MAR-2026,LAXMICOT,14.60,14.59,0.0007,0.0380,0.0379,0.7241
04-MAR-2026,LAXMIDENTL,184.30,185.45,-0.0062,0.0285,0.0284,0.5426
04-MAR-2026,LAXMIINDIA,88.65,90.41,-0.0197,0.0273,0.0272,0.5197
04-MAR-2026,LCCINFOTEC,4.43,4.48,-0.0112,0.0381,0.0380,0.7260
04-MAR-2026,LEGEND,1025.55,1025.55,0.0000,0.0005,0.0005,0.0096
04-MAR-2026,LEMERITE,446.05,448.65,-0.0058,0.0095,0.0095,0.1815
04-MAR-2026,LEMONTREE,111.45,113.95,-0.0222,0.0212,0.0212,0.4050
04-MAR-2026,LENSKART,523.80,525.90,-0.0040,0.0163,0.0163,0.3114
04-MAR-2026,LEXUS,37.70,37.34,0.0096,0.0328,0.0327,0.6247
04-MAR-2026,LFIC,126.87,130.53,-0.0284,0.0341,0.0340,0.6496
04-MAR-2026,LGBBROSLTD,1821.05,1892.35,-0.0384,0.0236,0.0237,0.4528
04-MAR-2026,LGEINDIA,1547.35,1592.40,-0.0287,0.0095,0.0097,0.1853
04-MAR-2026,LGHL,278.75,294.60,-0.0553,0.0311,0.0313,0.5980
04-MAR-2026,LIBAS,9.99,10.08,-0.0090,0.0257,0.0256,0.4891
04-MAR-2026,LIBERTSHOE,224.85,231.45,-0.0289,0.0280,0.0280,0.5349
04-MAR-2026,LICHSGFIN,518.00,527.95,-0.0190,0.0164,0.0164,0.3133
04-MAR-2026,LICI,828.05,841.95,-0.0166,0.0158,0.0158,0.3019
04-MAR-2026,LICMFGOLD,14546.90,15139.36,-0.0399,0.0203,0.0205,0.3917
04-MAR-2026,LICNETFGSC,28.84,28.92,-0.0028,0.0035,0.0035,0.0669
04-MAR-2026,LICNETFN50,273.45,277.48,-0.0146,0.0084,0.0085,0.1624
04-MAR-2026,LICNETFSEN,887.60,899.28,-0.0131,0.0114,0.0114,0.2178
04-MAR-2026,LICNFNHGP,274.42,279.37,-0.0179,0.0115,0.0115,0.2197
04-MAR-2026,LICNMID100,57.33,58.65,-0.0228,0.0131,0.0132,0.2522
04-MAR-2026,LIKHITHA,148.75,145.40,0.0228,0.0245,0.0245,0.4681
04-MAR-2026,LINC,102.80,103.45,-0.0063,0.0290,0.0289,0.5521
04-MAR-2026,LINCOLN,618.70,619.00,-0.0005,0.0258,0.0257,0.4910
04-MAR-2026,LINDEINDIA,6659.65,6664.60,-0.0007,0.0196,0.0195,0.3725
04-MAR-2026,LIQGRWBEES,1030.03,1029.91,0.0001,0.0002,0.0002,0.0038
04-MAR-2026,LIQUID,999.99,999.99,0.0000,0.0000,0.0000,0.0000
04-MAR-2026,LIQUID1,1093.74,1093.59,0.0001,0.0002,0.0002,0.0038
04-MAR-2026,LIQUIDADD,1115.86,1115.73,0.0001,0.0002,0.0002,0.0038
04-MAR-2026,LIQUIDBEES,999.99,999.99,0.0000,0.0001,0.0001,0.0019
04-MAR-2026,LIQUIDBETF,1071.46,1071.33,0.0001,0.0013,0.0013,0.0248
04-MAR-2026,LIQUIDCASE,112.98,112.97,0.0001,0.0003,0.0003,0.0057
04-MAR-2026,LIQUIDETF,1000.00,1000.00,0.0000,0.0000,0.0000,0.0000
04-MAR-2026,LIQUIDIETF,1000.00,999.99,0.0000,0.0001,0.0001,0.0019
04-MAR-2026,LIQUIDPLUS,1075.03,1074.90,0.0001,0.0002,0.0002,0.0038
04-MAR-2026,LIQUIDSBI,999.99,1000.00,-0.0000,0.0003,0.0003,0.0057
04-MAR-2026,LIQUIDSHRI,1094.38,1094.25,0.0001,0.0002,0.0002,0.0038
04-MAR-2026,LLOYDSENGG,43.97,45.96,-0.0443,0.0307,0.0308,0.5884
04-MAR-2026,LLOYDSENT,46.09,49.62,-0.0738,0.0342,0.0345,0.6591
04-MAR-2026,LLOYDSME,1165.80,1210.75,-0.0378,0.0245,0.0246,0.4700
04-MAR-2026,LMW,14680.25,14496.50,0.0126,0.0177,0.0177,0.3382
04-MAR-2026,LODHA,912.85,966.20,-0.0568,0.0234,0.0237,0.4528
04-MAR-2026,LOGICINFO,10.00,10.00,0.0000,0.0000,0.0000,0.0000
04-MAR-2026,LOKESHMACH,186.80,182.45,0.0236,0.0341,0.0341,0.6515
04-MAR-2026,LORDSCHLO,122.40,122.95,-0.0045,0.0319,0.0318,0.6075
04-MAR-2026,LOTUSDEV,126.60,132.60,-0.0463,0.0174,0.0177,0.3382
04-MAR-2026,LOTUSEYE,108.85,107.70,0.0106,0.0304,0.0303,0.5789
04-MAR-2026,LOVABLE,71.09,72.18,-0.0152,0.0238,0.0238,0.4547
04-MAR-2026,LOWVOL,204.23,207.45,-0.0156,0.0069,0.0070,0.1337
04-MAR-2026,LOWVOL1,20.99,21.07,-0.0038,0.0078,0.0078,0.1490
04-MAR-2026,LOWVOLIETF,21.90,22.29,-0.0177,0.0075,0.0076,0.1452
04-MAR-2026,LOYALTEX,212.10,213.65,-0.0073,0.0363,0.0362,0.6916
04-MAR-2026,LPDC,5.68,5.74,-0.0105,0.0336,0.0335,0.6400
04-MAR-2026,LT,3882.60,4066.70,-0.0463,0.0143,0.0146,0.2789
04-MAR-2026,LTF,271.05,275.80,-0.0174,0.0199,0.0199,0.3802
04-MAR-2026,LTFOODS,367.60,380.25,-0.0338,0.0260,0.0261,0.4986
04-MAR-2026,LTGILTBEES,29.30,29.38,-0.0027,0.0018,0.0019,0.0363
04-MAR-2026,LTGILTCASE,29.88,29.91,-0.0010,0.0012,0.0012,0.0229
04-MAR-2026,LTM,4349.25,4404.40,-0.0126,0.0181,0.0180,0.3439
04-MAR-2026,LTTS,3316.90,3443.40,-0.0374,0.0200,0.0202,0.3859
04-MAR-2026,LUMAXIND,5650.30,5950.25,-0.0517,0.0304,0.0306,0.5846
04-MAR-2026,LUMAXTECH,1533.60,1664.40,-0.0818,0.0330,0.0334,0.6381
04-MAR-2026,LUPIN,2304.90,2311.10,-0.0027,0.0149,0.0149,0.2847
04-MAR-2026,LUXIND,866.75,886.95,-0.0230,0.0215,0.0215,0.4108
04-MAR-2026,LXCHEM,113.80,121.60,-0.0663,0.0236,0.0240,0.4585
04-MAR-2026,LYKALABS,60.77,60.69,0.0013,0.0240,0.0239,0.4566
04-MAR-2026,LYPSAGEMS,4.93,5.20,-0.0533,0.0347,0.0348,0.6649
04-MAR-2026,M&M,3264.30,3334.30,-0.0212,0.0163,0.0164,0.3133
04-MAR-2026,M&MFIN,362.20,366.00,-0.0104,0.0206,0.0206,0.3936
04-MAR-2026,MAANALU,131.30,137.55,-0.0465,0.0313,0.0314,0.5999
04-MAR-2026,MACPOWER,949.95,994.60,-0.0459,0.0313,0.0314,0.5999
04-MAR-2026,MADHAV,33.26,34.33,-0.0317,0.0296,0.0296,0.5655
04-MAR-2026,MADHUCON,4.41,4.52,-0.0246,0.0305,0.0305,0.5827
04-MAR-2026,MADRASFERT,61.47,64.29,-0.0449,0.0237,0.0239,0.4566
04-MAR-2026,MAFANG,154.98,154.60,0.0025,0.0152,0.0152,0.2904
04-MAR-2026,MAGADSUGAR,470.75,448.95,0.0474,0.0251,0.0252,0.4814
04-MAR-2026,MAGNUM,20.52,20.89,-0.0179,0.0314,0.0314,0.5999
04-MAR-2026,MAHABANK,68.43,71.98,-0.0506,0.0216,0.0218,0.4165
04-MAR-2026,MAHAPEXLTD,85.29,86.71,-0.0165,0.0293,0.0292,0.5579
04-MAR-2026,MAHASTEEL,762.40,760.65,0.0023,0.0254,0.0254,0.4853
04-MAR-2026,MAHEPC,109.60,110.90,-0.0118,0.0265,0.0264,0.5044
04-MAR-2026,MAHESHWARI,39.69,41.50,-0.0446,0.0260,0.0261,0.4986
04-MAR-2026,MAHKTECH,23.22,23.82,-0.0255,0.0220,0.0221,0.4222
04-MAR-2026,MAHLIFE,353.75,348.05,0.0162,0.0200,0.0200,0.3821
04-MAR-2026,MAHLOG,386.50,399.75,-0.0337,0.0232,0.0232,0.4432
04-MAR-2026,MAHSCOOTER,13002.55,13218.25,-0.0165,0.0210,0.0210,0.4012
04-MAR-2026,MAHSEAMLES,550.80,553.15,-0.0043,0.0200,0.0199,0.3802
04-MAR-2026,MAITHANALL,952.75,994.05,-0.0424,0.0228,0.0229,0.4375
04-MAR-2026,MAKEINDIA,154.39,158.24,-0.0246,0.0095,0.0096,0.1834
04-MAR-2026,MALLCOM,1080.50,1129.60,-0.0444,0.0265,0.0266,0.5082
04-MAR-2026,MALUPAPER,30.99,32.02,-0.0327,0.0292,0.0292,0.5579
04-MAR-2026,MAMATA,415.60,422.80,-0.0172,0.0268,0.0267,0.5101
04-MAR-2026,MANAKALUCO,26.52,27.80,-0.0471,0.0434,0.0435,0.8311
04-MAR-2026,MANAKCOAT,124.55,117.70,0.0566,0.0304,0.0306,0.5846
04-MAR-2026,MANAKSIA,55.64,57.05,-0.0250,0.0243,0.0243,0.4643
04-MAR-2026,MANAKSTEEL,56.85,55.50,0.0240,0.0321,0.0321,0.6133
04-MAR-2026,MANALIPETC,51.82,53.64,-0.0345,0.0240,0.0240,0.4585
04-MAR-2026,MANAPPURAM,269.25,282.00,-0.0463,0.0222,0.0223,0.4260
04-MAR-2026,MANBA,115.30,117.65,-0.0202,0.0179,0.0179,0.3420
04-MAR-2026,MANCREDIT,171.35,170.45,0.0053,0.0189,0.0188,0.3592
04-MAR-2026,MANGALAM,29.31,27.88,0.0500,0.0346,0.0347,0.6629
04-MAR-2026,MANGLMCEM,849.85,869.75,-0.0231,0.0210,0.0210,0.4012
04-MAR-2026,MANINDS,404.90,443.25,-0.0905,0.0338,0.0343,0.6553
04-MAR-2026,MANINFRA,100.25,102.30,-0.0202,0.0232,0.0232,0.4432
04-MAR-2026,MANKIND,2207.15,2245.50,-0.0172,0.0175,0.0175,0.3343
04-MAR-2026,MANOMAY,215.85,217.90,-0.0095,0.0255,0.0255,0.4872
04-MAR-2026,MANORAMA,1361.05,1385.65,-0.0179,0.0292,0.0291,0.5560
04-MAR-2026,MANORG,397.75,410.85,-0.0324,0.0308,0.0308,0.5884
04-MAR-2026,MANUFGBEES,152.05,156.54,-0.0291,0.0057,0.0060,0.1146
04-MAR-2026,MANUGRAPH,14.08,14.38,-0.0211,0.0324,0.0323,0.6171
04-MAR-2026,MANYAVAR,371.50,374.25,-0.0074,0.0191,0.0191,0.3649
04-MAR-2026,MAPMYINDIA,1008.70,1009.95,-0.0012,0.0216,0.0215,0.4108
04-MAR-2026,MARALOVER,40.67,43.26,-0.0617,0.0304,0.0307,0.5865
04-MAR-2026,MARATHON,420.20,419.80,0.0010,0.0273,0.0273,0.5216
04-MAR-2026,MARBLE,123.35,123.35,0.0000,0.0000,0.0000,0.0000
04-MAR-2026,MARICO,771.85,779.15,-0.0094,0.0127,0.0127,0.2426
04-MAR-2026,MARINE,179.79,187.16,-0.0402,0.0303,0.0304,0.5808
04-MAR-2026,MARKOLINES,159.15,159.75,-0.0038,0.0307,0.0306,0.5846
04-MAR-2026,MARKSANS,171.20,171.35,-0.0009,0.0263,0.0263,0.5025
04-MAR-2026,MARUTI,14157.90,14387.90,-0.0161,0.0132,0.0132,0.2522
04-MAR-2026,MASFIN,306.05,315.35,-0.0299,0.0187,0.0188,0.3592
04-MAR-2026,MASKINVEST,132.29,137.42,-0.0380,0.0385,0.0385,0.7355
04-MAR-2026,MASPTOP50,69.47,69.85,-0.0055,0.0146,0.0146,0.2789
04-MAR-2026,MASTEK,1560.20,1559.10,0.0007,0.0229,0.0229,0.4375
04-MAR-2026,MASTERTR,84.04,84.82,-0.0092,0.0321,0.0320,0.6114
04-MAR-2026,MATRIMONY,406.90,397.10,0.0244,0.0199,0.0199,0.3802
04-MAR-2026,MAWANASUG,82.46,78.48,0.0495,0.0200,0.0202,0.3859
04-MAR-2026,MAXESTATES,396.25,401.65,-0.0135,0.0251,0.0251,0.4795
04-MAR-2026,MAXHEALTH,1053.70,1083.60,-0.0280,0.0195,0.0195,0.3725
04-MAR-2026,MAXIND,148.80,149.55,-0.0050,0.0250,0.0249,0.4757
04-MAR-2026,MAXPLUS,10.00,10.00,0.0000,0.0000,0.0000,0.0000
04-MAR-2026,MAYURUNIQ,517.15,531.20,-0.0268,0.0207,0.0207,0.3955
04-MAR-2026,MAZDA,192.80,196.55,-0.0193,0.0279,0.0279,0.5330
04-MAR-2026,MAZDOCK,2165.45,2209.80,-0.0203,0.0274,0.0274,0.5235
04-MAR-2026,MBAPL,461.40,450.25,0.0245,0.0231,0.0231,0.4413
04-MAR-2026,MBEL,288.85,292.00,-0.0108,0.0242,0.0242,0.4623
04-MAR-2026,MBLINFRA,26.12,25.63,0.0189,0.0354,0.0353,0.6744
04-MAR-2026,MCL,70.00,66.67,0.0487,0.0328,0.0329,0.6286
04-MAR-2026,MCLEODRUSS,38.66,39.41,-0.0192,0.0332,0.0331,0.6324
04-MAR-2026,MCLOUD,22.85,23.82,-0.0416,0.0433,0.0433,0.8272
04-MAR-2026,MCX,2478.50,2501.20,-0.0091,0.0262,0.0261,0.4986
04-MAR-2026,MEDANTA,1109.75,1129.85,-0.0180,0.0196,0.0196,0.3745
04-MAR-2026,MEDIA,0.50,0.50,0.0000,0.0001,0.0001,0.0019
04-MAR-2026,MEDIASSIST,340.50,356.35,-0.0455,0.0217,0.0219,0.4184
04-MAR-2026,MEDICAMEQ,299.90,295.80,0.0138,0.0285,0.0284,0.5426
04-MAR-2026,MEDICO,43.34,42.63,0.0165,0.0328,0.0327,0.6247
04-MAR-2026,MEDPLUS,815.05,839.85,-0.0300,0.0183,0.0184,0.3515
04-MAR-2026,MEESHO,150.25,155.50,-0.0343,0.0197,0.0198,0.3783
04-MAR-2026,MEGASTAR,227.45,217.05,0.0468,0.0289,0.0291,0.5560
04-MAR-2026,MEIL,238.45,238.70,-0.0010,0.0167,0.0167,0.3191
04-MAR-2026,MENONBE,114.90,112.80,0.0184,0.0225,0.0224,0.4280
04-MAR-2026,MEP,0.98,0.99,-0.0102,0.0270,0.0269,0.5139
04-MAR-2026,MEPL,10.10,10.10,0.0000,0.0000,0.0000,0.0000
04-MAR-2026,METAL,11.85,12.34,-0.0405,0.0140,0.0143,0.2732
04-MAR-2026,METALIETF,11.83,12.31,-0.0398,0.0133,0.0136,0.2598
04-MAR-2026,METROBRAND,992.85,1017.05,-0.0241,0.0194,0.0195,0.3725
04-MAR-2026,METROPOLIS,1846.30,1858.80,-0.0067,0.0185,0.0184,0.3515
04-MAR-2026,MFML,21.10,21.63,-0.0248,0.0325,0.0325,0.6209
04-MAR-2026,MFSL,1747.80,1806.75,-0.0332,0.0154,0.0155,0.2961
04-MAR-2026,MGEL,9.79,10.12,-0.0332,0.0333,0.0333,0.6362
04-MAR-2026,MGL,1101.20,1207.40,-0.0921,0.0204,0.0214,0.4088
04-MAR-2026,MGLFL,10.00,10.00,0.0000,0.0000,0.0000,0.0000
04-MAR-2026,MHLXMIRU,172.10,166.85,0.0310,0.0287,0.0287,0.5483
04-MAR-2026,MHRIL,281.65,280.05,0.0057,0.0174,0.0173,0.3305
04-MAR-2026,MICEL,33.76,35.15,-0.0403,0.0377,0.0377,0.7203
04-MAR-2026,MID150,21.36,22.37,-0.0462,0.0117,0.0121,0.2312
04-MAR-2026,MID150BEES,217.01,222.25,-0.0239,0.0095,0.0096,0.1834
04-MAR-2026,MID150CASE,10.53,10.77,-0.0225,0.0087,0.0088,0.1681
04-MAR-2026,MIDCAP,16.60,16.94,-0.0203,0.0101,0.0102,0.1949
04-MAR-2026,MIDCAPADD,21.05,21.57,-0.0244,0.0095,0.0096,0.1834
04-MAR-2026,MIDCAPBETA,214.23,219.46,-0.0241,0.0117,0.0118,0.2254
04-MAR-2026,MIDCAPETF,21.44,21.94,-0.0231,0.0099,0.0100,0.1910
04-MAR-2026,MIDCAPIETF,21.72,22.37,-0.0295,0.0095,0.0097,0.1853
04-MAR-2026,MIDHANI,336.90,344.15,-0.0213,0.0274,0.0273,0.5216
04-MAR-2026,MIDQ50ADD,232.03,237.93,-0.0251,0.0088,0.0090,0.1719
04-MAR-2026,MIDSELIETF,17.02,17.35,-0.0192,0.0112,0.0113,0.2159
04-MAR-2026,MIDSMALL,45.41,46.53,-0.0244,0.0106,0.0107,0.2044
04-MAR-2026,MIDWESTLTD,1163.05,1221.45,-0.0490,0.0228,0.0230,0.4394
04-MAR-2026,MILIND,69.95,69.95,0.0000,0.0000,0.0000,0.0000
04-MAR-2026,MINDACORP,525.15,540.80,-0.0294,0.0212,0.0212,0.4050
04-MAR-2026,MINDSPACE,450.09,457.70,-0.0168,0.0103,0.0103,0.1968
04-MAR-2026,MINDTECK,193.00,206.15,-0.0659,0.0347,0.0350,0.6687
04-MAR-2026,MIRCELECTR,27.69,28.00,-0.0111,0.0378,0.0377,0.7203
04-MAR-2026,MIRZAINT,32.18,33.00,-0.0252,0.0281,0.0281,0.5368
04-MAR-2026,MITCON,53.85,55.48,-0.0298,0.0299,0.0299,0.5712
04-MAR-2026,MITTAL,0.91,0.94,-0.0324,0.0257,0.0258,0.4929
04-MAR-2026,MKPL,4.82,4.83,-0.0021,0.0284,0.0283,0.5407
04-MAR-2026,MMFL,435.85,450.70,-0.0335,0.0256,0.0256,0.4891
04-MAR-2026,MMP,237.27,241.78,-0.0188,0.0247,0.0247,0.4719
04-MAR-2026,MMTC,55.91,58.55,-0.0461,0.0299,0.0300,0.5731
04-MAR-2026,MNC,31.34,32.26,-0.0289,0.0082,0.0084,0.1605
04-MAR-2026,MOALPHA50,48.59,49.94,-0.0274,0.0071,0.0073,0.1395
04-MAR-2026,MOBIKWIK,181.10,187.10,-0.0326,0.0313,0.0313,0.5980
04-MAR-2026,MOCAPITAL,44.76,45.50,-0.0164,0.0136,0.0136,0.2598
04-MAR-2026,MODEFENCE,88.80,89.83,-0.0115,0.0156,0.0156,0.2980
04-MAR-2026,MODINATUR,285.95,283.60,0.0083,0.0116,0.0116,0.2216
04-MAR-2026,MODIRUBBER,111.65,111.85,-0.0018,0.0359,0.0358,0.6840
04-MAR-2026,MODIS,312.65,316.40,-0.0119,0.0247,0.0247,0.4719
04-MAR-2026,MODISONLTD,129.00,132.20,-0.0245,0.0279,0.0279,0.5330
04-MAR-2026,MODTHREAD,36.16,38.15,-0.0536,0.0593,0.0592,1.1310
04-MAR-2026,MOENERGY,35.73,36.69,-0.0265,0.0078,0.0080,0.1528
04-MAR-2026,MOGOLD,160.55,164.85,-0.0264,0.0164,0.0165,0.3152
04-MAR-2026,MOGSEC,63.55,63.60,-0.0008,0.0062,0.0062,0.1185
04-MAR-2026,MOHEALTH,43.44,44.39,-0.0216,0.0089,0.0090,0.1719
04-MAR-2026,MOHITIND,23.50,24.20,-0.0294,0.0286,0.0286,0.5464
04-MAR-2026,MOIL,287.10,295.00,-0.0271,0.0251,0.0252,0.4814
04-MAR-2026,MOINFRA,57.87,60.43,-0.0433,0.0090,0.0095,0.1815
04-MAR-2026,MOIPO,40.90,41.52,-0.0150,0.0065,0.0065,0.1242
04-MAR-2026,MOKSH,11.90,12.19,-0.0241,0.0281,0.0281,0.5368
04-MAR-2026,MOL,49.00,50.37,-0.0276,0.0243,0.0243,0.4643
04-MAR-2026,MOLDTECH,123.40,129.10,-0.0452,0.0273,0.0274,0.5235
04-MAR-2026,MOLDTKPAC,553.10,562.85,-0.0175,0.0205,0.0205,0.3917
04-MAR-2026,MOLIND,3.20,3.20,0.0000,0.0000,0.0000,0.0000
04-MAR-2026,MOLOWVOL,37.41,37.88,-0.0125,0.0079,0.0079,0.1509
04-MAR-2026,MOM100,61.39,62.72,-0.0214,0.0101,0.0102,0.1949
04-MAR-2026,MOM30IETF,30.65,31.42,-0.0248,0.0104,0.0105,0.2006
04-MAR-2026,MOM50,254.81,258.57,-0.0146,0.0074,0.0074,0.1414
04-MAR-2026,MOMENTUM,30.43,31.24,-0.0263,0.0100,0.0101,0.1930
04-MAR-2026,MOMENTUM30,30.13,30.90,-0.0252,0.0071,0.0073,0.1395
04-MAR-2026,MOMENTUM50,49.82,51.02,-0.0238,0.0099,0.0101,0.1930
04-MAR-2026,MOMGF,151.85,155.21,-0.0219,0.0156,0.0156,0.2980
04-MAR-2026,MOMIDMTM,60.35,61.80,-0.0237,0.0067,0.0069,0.1318
04-MAR-2026,MOMNC,30.34,31.19,-0.0276,0.0055,0.0058,0.1108
04-MAR-2026,MOMOMENTUM,61.02,62.44,-0.0230,0.0104,0.0105,0.2006
04-MAR-2026,MON100,218.57,222.93,-0.0198,0.0131,0.0131,0.2503
04-MAR-2026,MON50EQUAL,32.34,33.05,-0.0217,0.0055,0.0057,0.1089
04-MAR-2026,MONARCH,260.60,268.95,-0.0315,0.0237,0.0237,0.4528
04-MAR-2026,MONEXT50,66.33,68.47,-0.0318,0.0066,0.0069,0.1318
04-MAR-2026,MONEYBOXX,65.93,62.17,0.0587,0.0263,0.0266,0.5082
04-MAR-2026,MONIFTY100,25.25,25.73,-0.0188,0.0050,0.0052,0.0993
04-MAR-2026,MONIFTY500,22.87,23.30,-0.0186,0.0078,0.0079,0.1509
04-MAR-2026,MONQ50,94.53,97.63,-0.0323,0.0139,0.0140,0.2675
04-MAR-2026,MONTECARLO,527.70,546.15,-0.0344,0.0218,0.0219,0.4184
04-MAR-2026,MOPSE,102.61,104.93,-0.0224,0.0084,0.0085,0.1624
04-MAR-2026,MOQUALITY,189.39,191.62,-0.0117,0.0097,0.0098,0.1872
04-MAR-2026,MORARJEE,6.62,7.16,-0.0784,0.0354,0.0358,0.6840
04-MAR-2026,MOREALTY,74.38,76.73,-0.0311,0.0150,0.0151,0.2885
04-MAR-2026,MOREPENLAB,40.62,41.71,-0.0265,0.0291,0.0291,0.5560
04-MAR-2026,MOSCHIP,172.25,181.05,-0.0498,0.0344,0.0344,0.6572
04-MAR-2026,MOSERVICE,31.68,32.03,-0.0110,0.0043,0.0043,0.0822
04-MAR-2026,MOSILVER,263.94,282.00,-0.0662,0.0317,0.0320,0.6114
04-MAR-2026,MOSMALL250,15.33,15.66,-0.0213,0.0102,0.0103,0.1968
04-MAR-2026,MOTHERSON,122.90,128.65,-0.0457,0.0202,0.0204,0.3897
04-MAR-2026,MOTILALOFS,705.60,717.45,-0.0167,0.0275,0.0275,0.5254
04-MAR-2026,MOTISONS,14.33,15.09,-0.0517,0.0298,0.0299,0.5712
04-MAR-2026,MOTOGENFIN,20.13,19.81,0.0160,0.0286,0.0285,0.5445
04-MAR-2026,MOTOUR,73.27,75.44,-0.0292,0.0077,0.0080,0.1528
04-MAR-2026,MOVALUE,120.81,125.18,-0.0355,0.0114,0.0117,0.2235
04-MAR-2026,MPHASIS,2267.20,2255.55,0.0052,0.0186,0.0186,0.3554
04-MAR-2026,MPSLTD,1433.70,1460.65,-0.0186,0.0291,0.0290,0.5540
04-MAR-2026,MRF,135045.95,138833.55,-0.0277,0.0147,0.0148,0.2828
04-MAR-2026,MRPL,191.30,188.45,0.0150,0.0292,0.0292,0.5579
04-MAR-2026,MSCIADD,29.00,29.61,-0.0208,0.0042,0.0045,0.0860
04-MAR-2026,MSCIINDIA,29.32,29.93,-0.0206,0.0071,0.0072,0.1376
04-MAR-2026,MSPL,31.58,31.31,0.0086,0.0279,0.0278,0.5311
04-MAR-2026,MSTCLTD,441.05,450.25,-0.0206,0.0255,0.0255,0.4872
04-MAR-2026,MSUMI,41.43,42.25,-0.0196,0.0178,0.0178,0.3401
04-MAR-2026,MTARTECH,3504.50,3742.25,-0.0656,0.0275,0.0278,0.5311
04-MAR-2026,MTEDUCARE,1.41,1.42,-0.0071,0.0314,0.0313,0.5980
04-MAR-2026,MTNL,27.05,28.23,-0.0427,0.0303,0.0304,0.5808
04-MAR-2026,MUFIN,106.10,110.00,-0.0361,0.0281,0.0281,0.5368
04-MAR-2026,MUFTI,82.56,83.23,-0.0081,0.0276,0.0275,0.5254
04-MAR-2026,MUKANDLTD,123.05,131.55,-0.0668,0.0266,0.0269,0.5139
04-MAR-2026,MUKKA,21.80,21.80,0.0000,0.0216,0.0216,0.4127
04-MAR-2026,MUKTAARTS,51.53,52.92,-0.0266,0.0285,0.0285,0.5445
04-MAR-2026,MULTICAP,15.51,15.84,-0.0211,0.0079,0.0080,0.1528
04-MAR-2026,MUNJALAU,75.55,78.37,-0.0366,0.0262,0.0262,0.5006
04-MAR-2026,MUNJALSHOW,129.80,131.85,-0.0157,0.0210,0.0210,0.4012
04-MAR-2026,MURUDCERA,30.85,31.44,-0.0189,0.0241,0.0241,0.4604
04-MAR-2026,MUTHOOTCAP,211.60,228.55,-0.0771,0.0236,0.0242,0.4623
04-MAR-2026,MUTHOOTFIN,3339.90,3471.90,-0.0388,0.0219,0.0221,0.4222
04-MAR-2026,MUTHOOTMF,158.35,162.65,-0.0268,0.0233,0.0234,0.4471
04-MAR-2026,MVGJL,153.85,157.95,-0.0263,0.0267,0.0267,0.5101
04-MAR-2026,MWL,259.05,269.35,-0.0390,0.0148,0.0150,0.2866
04-MAR-2026,NACLIND,121.60,128.00,-0.0513,0.0360,0.0361,0.6897
04-MAR-2026,NAGAFERT,4.20,4.17,0.0072,0.0276,0.0275,0.5254
04-MAR-2026,NAGREEKCAP,24.79,23.60,0.0492,0.0356,0.0357,0.6820
04-MAR-2026,NAGREEKEXP,24.23,25.28,-0.0424,0.0324,0.0325,0.6209
04-MAR-2026,NAHARCAP,220.70,228.55,-0.0350,0.0225,0.0226,0.4318
04-MAR-2026,NAHARINDUS,92.94,94.66,-0.0183,0.0245,0.0245,0.4681
04-MAR-2026,NAHARPOLY,225.60,230.05,-0.0195,0.0294,0.0294,0.5617
04-MAR-2026,NAHARSPING,189.70,198.00,-0.0428,0.0259,0.0260,0.4967
04-MAR-2026,NAM-INDIA,850.40,903.45,-0.0605,0.0238,0.0241,0.4604
04-MAR-2026,NANDINI,14.00,14.00,0.0000,0.0000,0.0000,0.0000
04-MAR-2026,NARMADA,31.45,32.06,-0.0192,0.0276,0.0275,0.5254
04-MAR-2026,NATCAPSUQ,149.85,155.50,-0.0370,0.0312,0.0312,0.5961
04-MAR-2026,NATCOPHARM,953.10,956.25,-0.0033,0.0238,0.0237,0.4528
04-MAR-2026,NATHBIOGEN,140.30,143.25,-0.0208,0.0217,0.0217,0.4146
04-MAR-2026,NATIONALUM,373.50,362.85,0.0289,0.0266,0.0266,0.5082
04-MAR-2026,NAUKRI,999.70,998.50,0.0012,0.0191,0.0190,0.3630
04-MAR-2026,NAVA,561.10,561.10,0.0000,0.0263,0.0263,0.5025
04-MAR-2026,NAVINFLUOR,6075.95,6269.10,-0.0313,0.0208,0.0209,0.3993
04-MAR-2026,NAVKARCORP,89.27,88.71,0.0063,0.0308,0.0307,0.5865
04-MAR-2026,NAVKARURB,1.15,1.21,-0.0509,0.0310,0.0311,0.5942
04-MAR-2026,NAVNETEDUL,138.20,141.85,-0.0261,0.0219,0.0219,0.4184
04-MAR-2026,NAZARA,244.80,257.60,-0.0510,0.0239,0.0241,0.4604
04-MAR-2026,NBCC,85.63,89.37,-0.0427,0.0256,0.0257,0.4910
04-MAR-2026,NBIFIN,1816.50,1850.00,-0.0183,0.0233,0.0232,0.4432
04-MAR-2026,NCC,143.35,149.35,-0.0410,0.0223,0.0225,0.4299
04-MAR-2026,NCCL,12.10,12.10,0.0000,0.0000,0.0000,0.0000
04-MAR-2026,NCLIND,182.35,184.00,-0.0090,0.0177,0.0177,0.3382
04-MAR-2026,NDGL,2580.20,2506.00,0.0292,0.0241,0.0242,0.4623
04-MAR-2026,NDL,2.46,2.55,-0.0359,0.0262,0.0262,0.5006
04-MAR-2026,NDLVENTURE,110.65,108.95,0.0155,0.0349,0.0348,0.6649
04-MAR-2026,NDRAUTO,705.30,732.85,-0.0383,0.0321,0.0321,0.6133
04-MAR-2026,NDRINVIT,124.00,130.00,-0.0473,0.0081,0.0088,0.1681
04-MAR-2026,NDTV,78.36,79.38,-0.0129,0.0277,0.0277,0.5292
04-MAR-2026,NECCLTD,13.00,13.65,-0.0488,0.0282,0.0284,0.5426
04-MAR-2026,NECLIFE,11.93,11.61,0.0272,0.0381,0.0381,0.7279
04-MAR-2026,NELCAST,104.50,109.70,-0.0486,0.0339,0.0339,0.6477
04-MAR-2026,NELCO,587.70,601.55,-0.0233,0.0266,0.0266,0.5082
04-MAR-2026,NEOGEN,1363.75,1381.30,-0.0128,0.0292,0.0292,0.5579
04-MAR-2026,NEPACL,9.30,9.30,0.0000,0.0000,0.0000,0.0000
04-MAR-2026,NEPHROPLUS,557.90,582.85,-0.0438,0.0122,0.0125,0.2388
04-MAR-2026,NESCO,1075.55,1095.15,-0.0181,0.0210,0.0210,0.4012
04-MAR-2026,NESTLEIND,1245.30,1279.70,-0.0272,0.0121,0.0122,0.2331
04-MAR-2026,NETF,264.44,269.64,-0.0195,0.0077,0.0078,0.1490
04-MAR-2026,NETWEB,3461.30,3705.15,-0.0681,0.0343,0.0346,0.6610
04-MAR-2026,NETWORK18,32.39,33.34,-0.0289,0.0253,0.0253,0.4834
04-MAR-2026,NEUEON,12.07,11.66,0.0346,0.0481,0.0480,0.9170
04-MAR-2026,NEULANDLAB,12776.00,13096.00,-0.0247,0.0304,0.0304,0.5808
04-MAR-2026,NEWAGE,10.00,10.00,0.0000,0.0000,0.0000,0.0000
04-MAR-2026,NEWERA,8.50,8.50,0.0000,0.0025,0.0024,0.0459
04-MAR-2026,NEWGEN,477.10,487.80,-0.0222,0.0353,0.0352,0.6725
04-MAR-2026,NEXT30ADD,40.13,41.01,-0.0217,0.0077,0.0078,0.1490
04-MAR-2026,NEXT50,686.96,706.13,-0.0275,0.0104,0.0105,0.2006
04-MAR-2026,NEXT50ADD,66.91,68.92,-0.0296,0.0119,0.0121,0.2312
04-MAR-2026,NEXT50BETA,71.98,73.95,-0.0270,0.0102,0.0103,0.1968
04-MAR-2026,NEXT50ETF,67.08,69.12,-0.0300,0.0056,0.0059,0.1127
04-MAR-2026,NEXT50IETF,70.29,72.29,-0.0281,0.0096,0.0098,0.1872
04-MAR-2026,NEXTMEDIA,5.05,5.29,-0.0464,0.0289,0.0290,0.5540
04-MAR-2026,NFL,71.43,73.19,-0.0243,0.0234,0.0234,0.4471
04-MAR-2026,NGIL,25.22,24.59,0.0253,0.0285,0.0285,0.5445
04-MAR-2026,NGLFINE,2336.20,2402.65,-0.0280,0.0322,0.0322,0.6152
04-MAR-2026,NH,1743.90,1786.95,-0.0244,0.0200,0.0200,0.3821
04-MAR-2026,NHIT,155.00,153.00,0.0130,0.0059,0.0059,0.1127
04-MAR-2026,NHPC,72.23,73.14,-0.0125,0.0184,0.0183,0.3496
04-MAR-2026,NIACL,137.50,142.50,-0.0357,0.0244,0.0245,0.4681
04-MAR-2026,NIBE,987.70,996.10,-0.0085,0.0317,0.0316,0.6037
04-MAR-2026,NIBL,30.87,31.32,-0.0145,0.0413,0.0412,0.7871
04-MAR-2026,NIF100BEES,265.51,271.00,-0.0205,0.0070,0.0072,0.1376
04-MAR-2026,NIF100IETF,28.03,28.52,-0.0173,0.0072,0.0073,0.1395
04-MAR-2026,NIFTY1,270.33,274.83,-0.0165,0.0069,0.0070,0.1337
04-MAR-2026,NIFTY100EW,32.91,33.61,-0.0210,0.0131,0.0132,0.2522
04-MAR-2026,NIFTYADD,256.40,260.27,-0.0150,0.0144,0.0144,0.2751
04-MAR-2026,NIFTYBEES,277.29,281.93,-0.0166,0.0069,0.0070,0.1337
04-MAR-2026,NIFTYBETA,270.00,274.41,-0.0162,0.0071,0.0071,0.1356
04-MAR-2026,NIFTYBETF,250.50,254.63,-0.0164,0.0075,0.0075,0.1433
04-MAR-2026,NIFTYCASE,9.76,9.90,-0.0142,0.0039,0.0040,0.0764
04-MAR-2026,NIFTYETF,264.64,268.90,-0.0160,0.0074,0.0074,0.1414
04-MAR-2026,NIFTYIETF,275.85,280.48,-0.0166,0.0071,0.0071,0.1356
04-MAR-2026,NIFTYQLITY,20.58,20.88,-0.0145,0.0088,0.0088,0.1681
04-MAR-2026,NIITLTD,65.87,68.33,-0.0367,0.0278,0.0278,0.5311
04-MAR-2026,NIITMTS,327.70,331.55,-0.0117,0.0215,0.0215,0.4108
04-MAR-2026,NILAINFRA,7.52,7.91,-0.0506,0.0272,0.0274,0.5235
04-MAR-2026,NILASPACES,13.30,13.19,0.0083,0.0303,0.0303,0.5789
04-MAR-2026,NILKAMAL,1331.30,1347.00,-0.0117,0.0142,0.0142,0.2713
04-MAR-2026,NINSYS,299.65,312.90,-0.0433,0.0239,0.0241,0.4604
04-MAR-2026,NIPPOBATRY,302.60,314.35,-0.0381,0.0215,0.0216,0.4127
04-MAR-2026,NIRAJ,28.29,28.78,-0.0172,0.0367,0.0366,0.6992
04-MAR-2026,NIRAJISPAT,265.55,279.50,-0.0512,0.0358,0.0359,0.6859
04-MAR-2026,NITCO,68.86,71.07,-0.0316,0.0307,0.0307,0.5865
04-MAR-2026,NITINSPIN,362.25,376.70,-0.0391,0.0233,0.0234,0.4471
04-MAR-2026,NITIRAJ,199.40,207.35,-0.0391,0.0303,0.0303,0.5789
04-MAR-2026,NIVABUPA,72.50,73.80,-0.0178,0.0186,0.0186,0.3554
04-MAR-2026,NKIND,64.90,63.50,0.0218,0.0383,0.0383,0.7317
04-MAR-2026,NKTEXTILE,10.00,10.00,0.0000,0.0000,0.0000,0.0000
04-MAR-2026,NLCINDIA,249.25,252.45,-0.0128,0.0235,0.0235,0.4490
04-MAR-2026,NMDC,76.71,81.26,-0.0576,0.0196,0.0200,0.3821
04-MAR-2026,NOCIL,134.85,138.35,-0.0256,0.0220,0.0220,0.4203
04-MAR-2026,NOIDATOLL,3.58,3.62,-0.0111,0.0318,0.0317,0.6056
04-MAR-2026,NORBTEAEXP,93.07,94.57,-0.0160,0.0280,0.0279,0.5330
04-MAR-2026,NORTHARC,240.00,248.30,-0.0340,0.0230,0.0231,0.4413
04-MAR-2026,NOVAAGRI,27.33,28.37,-0.0373,0.0256,0.0256,0.4891
04-MAR-2026,NPBET,289.24,292.91,-0.0126,0.0091,0.0091,0.1739
04-MAR-2026,NPST,1045.40,1076.20,-0.0290,0.0259,0.0259,0.4948
04-MAR-2026,NRAIL,435.55,444.45,-0.0202,0.0312,0.0311,0.5942
04-MAR-2026,NRBBEARING,256.20,266.65,-0.0400,0.0226,0.0227,0.4337
04-MAR-2026,NRL,51.86,52.54,-0.0130,0.0283,0.0282,0.5388
04-MAR-2026,NSIL,5635.45,5812.35,-0.0309,0.0243,0.0243,0.4643
04-MAR-2026,NSLNISP,38.30,39.86,-0.0399,0.0244,0.0245,0.4681
04-MAR-2026,NTPC,365.80,377.55,-0.0316,0.0142,0.0144,0.2751
04-MAR-2026,NTPCGREEN,85.89,87.73,-0.0212,0.0159,0.0160,0.3057
04-MAR-2026,NUCLEUS,763.60,769.00,-0.0070,0.0232,0.0232,0.4432
04-MAR-2026,NURECA,272.05,282.25,-0.0368,0.0310,0.0311,0.5942
04-MAR-2026,NUVAMA,1196.50,1206.45,-0.0083,0.0255,0.0254,0.4853
04-MAR-2026,NUVOCO,306.80,317.75,-0.0351,0.0173,0.0174,0.3324
04-MAR-2026,NV20,14.85,14.95,-0.0067,0.0107,0.0107,0.2044
04-MAR-2026,NV20BEES,149.29,150.26,-0.0065,0.0074,0.0074,0.1414
04-MAR-2026,NV20IETF,14.46,14.65,-0.0131,0.0071,0.0071,0.1356
04-MAR-2026,NXST,155.45,158.75,-0.0210,0.0107,0.0108,0.2063
04-MAR-2026,NXT-INFRA,100.05,100.05,0.0000,0.0050,0.0050,0.0955
04-MAR-2026,NYKAA,255.70,259.10,-0.0132,0.0187,0.0187,0.3573
04-MAR-2026,OAL,247.30,257.45,-0.0402,0.0286,0.0286,0.5464
04-MAR-2026,OBCL,59.99,56.17,0.0658,0.0222,0.0227,0.4337
04-MAR-2026,OBEROIRLTY,1454.45,1490.70,-0.0246,0.0190,0.0190,0.3630
04-MAR-2026,OCCLLTD,85.32,87.72,-0.0277,0.0272,0.0272,0.5197
04-MAR-2026,ODIGMA,23.93,24.23,-0.0125,0.0242,0.0242,0.4623
04-MAR-2026,OEGIL,25.70,25.70,0.0000,0.0005,0.0005,0.0096
04-MAR-2026,OFSS,6831.65,6848.05,-0.0024,0.0204,0.0204,0.3897
04-MAR-2026,OIL,492.10,488.10,0.0082,0.0221,0.0221,0.4222
04-MAR-2026,OILCOUNTUB,47.72,47.57,0.0031,0.0310,0.0309,0.5903
04-MAR-2026,OILIETF,11.79,12.18,-0.0325,0.0096,0.0099,0.1891
04-MAR-2026,OLAELEC,24.65,24.08,0.0234,0.0340,0.0340,0.6496
04-MAR-2026,OLECTRA,906.30,941.45,-0.0381,0.0262,0.0262,0.5006
04-MAR-2026,OMAXAUTO,101.80,104.95,-0.0305,0.0339,0.0339,0.6477
04-MAR-2026,OMAXE,75.23,78.61,-0.0439,0.0307,0.0307,0.5865
04-MAR-2026,OMFREIGHT,78.80,80.15,-0.0170,0.0149,0.0149,0.2847
04-MAR-2026,OMINFRAL,79.80,81.99,-0.0271,0.0303,0.0303,0.5789
04-MAR-2026,OMKARCHEM,4.36,4.52,-0.0360,0.0314,0.0314,0.5999
04-MAR-2026,ONECAP-RE,0.17,0.18,-0.0572,0.0531,0.0532,1.0164
04-MAR-2026,ONELIFECAP,15.23,14.88,0.0232,0.0365,0.0365,0.6973
04-MAR-2026,ONEPOINT,46.98,46.04,0.0202,0.0304,0.0303,0.5789
04-MAR-2026,ONESOURCE,1335.20,1309.50,0.0194,0.0267,0.0267,0.5101
04-MAR-2026,ONGC,276.95,282.20,-0.0188,0.0169,0.0169,0.3229
04-MAR-2026,ONMOBILE,48.71,48.92,-0.0043,0.0293,0.0292,0.5579
04-MAR-2026,ONWARDTEC,258.40,266.10,-0.0294,0.0297,0.0297,0.5674
04-MAR-2026,OPTIEMUS,378.55,398.65,-0.0517,0.0311,0.0312,0.5961
04-MAR-2026,ORBTEXP,156.95,161.95,-0.0314,0.0326,0.0326,0.6228
04-MAR-2026,ORCHASP,2.56,2.51,0.0197,0.0360,0.0359,0.6859
04-MAR-2026,ORCHPHARMA,565.25,600.10,-0.0598,0.0264,0.0267,0.5101
04-MAR-2026,ORICONENT,66.60,67.06,-0.0069,0.0238,0.0238,0.4547
04-MAR-2026,ORIENTALTL,6.16,6.20,-0.0065,0.0303,0.0302,0.5770
04-MAR-2026,ORIENTBELL,294.85,300.05,-0.0175,0.0265,0.0265,0.5063
04-MAR-2026,ORIENTCEM,146.80,150.55,-0.0252,0.0229,0.0229,0.4375
04-MAR-2026,ORIENTCER,35.78,37.09,-0.0360,0.0312,0.0312,0.5961
04-MAR-2026,ORIENTELEC,190.15,182.00,0.0438,0.0245,0.0247,0.4719
04-MAR-2026,ORIENTHOT,94.55,98.30,-0.0389,0.0241,0.0242,0.4623
04-MAR-2026,ORIENTLTD,62.68,64.25,-0.0247,0.0265,0.0265,0.5063
04-MAR-2026,ORIENTPPR,17.92,18.14,-0.0122,0.0238,0.0238,0.4547
04-MAR-2026,ORIENTTECH,269.55,285.80,-0.0585,0.0364,0.0365,0.6973
04-MAR-2026,ORISSAMINE,3888.35,3977.90,-0.0228,0.0259,0.0259,0.4948
04-MAR-2026,ORKLAINDIA,572.25,580.75,-0.0147,0.0117,0.0117,0.2235
04-MAR-2026,ORTEL,1.50,1.57,-0.0456,0.0470,0.0470,0.8979
04-MAR-2026,ORTINGLOBE,16.16,16.37,-0.0129,0.0356,0.0356,0.6801
04-MAR-2026,OSIAHYPER,8.02,8.20,-0.0222,0.0338,0.0337,0.6438
04-MAR-2026,OSWALAGRO,43.39,45.04,-0.0373,0.0330,0.0330,0.6305
04-MAR-2026,OSWALGREEN,25.26,25.82,-0.0219,0.0289,0.0288,0.5502
04-MAR-2026,OSWALMIN,10.00,10.00,0.0000,0.0000,0.0000,0.0000
04-MAR-2026,OSWALPUMPS,298.15,304.95,-0.0226,0.0210,0.0210,0.4012
04-MAR-2026,OSWALSEEDS,11.75,12.46,-0.0587,0.0296,0.0298,0.5693
04-MAR-2026,PACEDIGITK,160.50,165.65,-0.0316,0.0149,0.0150,0.2866
04-MAR-2026,PAGEIND,30979.35,31175.30,-0.0063,0.0144,0.0144,0.2751
04-MAR-2026,PAISALO,34.58,33.94,0.0187,0.0273,0.0272,0.5197
04-MAR-2026,PAKKA,83.92,87.21,-0.0385,0.0300,0.0300,0.5731
04-MAR-2026,PALASHSECU,90.96,91.86,-0.0098,0.0243,0.0243,0.4643
04-MAR-2026,PALREDTEC,30.40,31.68,-0.0412,0.0316,0.0317,0.6056
04-MAR-2026,PANACEABIO,320.40,326.45,-0.0187,0.0331,0.0331,0.6324
04-MAR-2026,PANACHE,320.85,323.15,-0.0071,0.0314,0.0314,0.5999
04-MAR-2026,PANAMAPET,272.15,272.40,-0.0009,0.0213,0.0212,0.4050
04-MAR-2026,PANSARI,287.05,297.90,-0.0371,0.0293,0.0293,0.5598
04-MAR-2026,PAR,90.57,92.03,-0.0160,0.0292,0.0291,0.5560
04-MAR-2026,PARACABLES,33.29,34.15,-0.0255,0.0308,0.0308,0.5884
04-MAR-2026,PARADEEP,109.40,114.55,-0.0460,0.0298,0.0299,0.5712
04-MAR-2026,PARAGMILK,198.35,204.35,-0.0298,0.0303,0.0303,0.5789
04-MAR-2026,PARAS,720.95,671.15,0.0716,0.0292,0.0296,0.5655
04-MAR-2026,PARASPETRO,2.07,2.07,0.0000,0.0423,0.0422,0.8062
04-MAR-2026,PARKHOSPS,184.00,190.55,-0.0350,0.0120,0.0122,0.2331
04-MAR-2026,PARKHOTELS,117.50,120.05,-0.0215,0.0225,0.0225,0.4299
04-MAR-2026,PARSVNATH,6.95,7.36,-0.0573,0.0373,0.0374,0.7145
04-MAR-2026,PASHUPATI,1009.20,1012.60,-0.0034,0.0090,0.0090,0.1719
04-MAR-2026,PASUPTAC,49.73,49.75,-0.0004,0.0331,0.0330,0.6305
04-MAR-2026,PATANJALI,503.45,501.60,0.0037,0.0165,0.0165,0.3152
04-MAR-2026,PATELENG,25.65,26.37,-0.0277,0.0264,0.0264,0.5044
04-MAR-2026,PATELRMART,175.45,172.35,0.0178,0.0215,0.0214,0.4088
04-MAR-2026,PATINTLOG,10.06,10.15,-0.0089,0.0261,0.0261,0.4986
04-MAR-2026,PAUSHAKLTD,418.90,435.40,-0.0386,0.0283,0.0284,0.5426
04-MAR-2026,PAVNAIND,19.94,19.17,0.0394,0.0404,0.0403,0.7699
04-MAR-2026,PAYTM,1045.50,1059.40,-0.0132,0.0268,0.0267,0.5101
04-MAR-2026,PCBL,286.00,295.10,-0.0313,0.0264,0.0265,0.5063
04-MAR-2026,PCJEWELLER,9.03,9.36,-0.0359,0.0316,0.0316,0.6037
04-MAR-2026,PDMJEPAPER,77.18,79.40,-0.0284,0.0271,0.0271,0.5177
04-MAR-2026,PDSL,299.10,297.45,0.0055,0.0251,0.0250,0.4776
04-MAR-2026,PEARLPOLY,17.78,18.61,-0.0456,0.0324,0.0325,0.6209
04-MAR-2026,PENIND,141.75,148.40,-0.0458,0.0337,0.0338,0.6457
04-MAR-2026,PENINLAND,17.37,17.69,-0.0183,0.0343,0.0343,0.6553
04-MAR-2026,PERSISTENT,4709.05,4673.45,0.0076,0.0212,0.0212,0.4050
04-MAR-2026,PETRONET,280.05,308.65,-0.0972,0.0166,0.0179,0.3420
04-MAR-2026,PFC,396.55,406.15,-0.0239,0.0209,0.0209,0.3993
04-MAR-2026,PFIZER,4866.35,4912.05,-0.0093,0.0162,0.0162,0.3095
04-MAR-2026,PFOCUS,278.80,275.30,0.0126,0.0363,0.0362,0.6916
04-MAR-2026,PFS,28.29,29.14,-0.0296,0.0259,0.0259,0.4948
04-MAR-2026,PGEL,592.95,617.30,-0.0402,0.0321,0.0321,0.6133
04-MAR-2026,PGHH,11225.95,11219.50,0.0006,0.0115,0.0114,0.2178
04-MAR-2026,PGHL,4861.05,4987.60,-0.0257,0.0141,0.0142,0.2713
04-MAR-2026,PGIL,1548.90,1494.90,0.0355,0.0353,0.0353,0.6744
04-MAR-2026,PGINVIT,90.10,91.46,-0.0150,0.0082,0.0083,0.1586
04-MAR-2026,PHARMABEES,23.22,23.60,-0.0162,0.0089,0.0090,0.1719
04-MAR-2026,PHOENIXLTD,1610.95,1648.60,-0.0231,0.0202,0.0202,0.3859
04-MAR-2026,PICCADIL,525.80,535.35,-0.0180,0.0299,0.0299,0.5712
04-MAR-2026,PIDILITIND,1439.10,1465.50,-0.0182,0.0112,0.0112,0.2140
04-MAR-2026,PIGL,104.95,104.95,0.0000,0.0308,0.0307,0.5865
04-MAR-2026,PIIND,3063.45,3099.40,-0.0117,0.0151,0.0151,0.2885
04-MAR-2026,PILANIINVS,4415.85,4467.15,-0.0116,0.0218,0.0217,0.4146
04-MAR-2026,PILITA,7.71,7.99,-0.0357,0.0289,0.0289,0.5521
04-MAR-2026,PILLAR,10.00,10.00,0.0000,0.0000,0.0000,0.0000
04-MAR-2026,PINELABS,172.85,181.45,-0.0486,0.0142,0.0146,0.2789
04-MAR-2026,PIONEEREMB,26.20,27.26,-0.0397,0.0281,0.0281,0.5368
04-MAR-2026,PIRAMALFIN,1789.75,1800.95,-0.0062,0.0121,0.0121,0.2312
04-MAR-2026,PITTIENG,864.55,893.45,-0.0329,0.0248,0.0249,0.4757
04-MAR-2026,PIXTRANS,1437.05,1451.50,-0.0100,0.0249,0.0249,0.4757
04-MAR-2026,PKLEASING,10.00,10.00,0.0000,0.0000,0.0000,0.0000
04-MAR-2026,PKTEA,760.45,765.00,-0.0060,0.0338,0.0337,0.6438
04-MAR-2026,PLASTIBLEN,136.40,139.15,-0.0200,0.0203,0.0203,0.3878
04-MAR-2026,PLATIND,208.25,207.80,0.0022,0.0282,0.0282,0.5388
04-MAR-2026,PLAZACABLE,35.92,35.96,-0.0011,0.0241,0.0240,0.4585
04-MAR-2026,PNB,121.35,126.05,-0.0380,0.0182,0.0184,0.3515
04-MAR-2026,PNBGILTS,76.94,77.56,-0.0080,0.0227,0.0227,0.4337
04-MAR-2026,PNBHOUSING,783.05,813.30,-0.0379,0.0236,0.0237,0.4528
04-MAR-2026,PNC,23.69,22.09,0.0699,0.0336,0.0339,0.6477
04-MAR-2026,PNCINFRA,197.40,203.40,-0.0299,0.0215,0.0216,0.4127
04-MAR-2026,PNGJL,509.95,528.60,-0.0359,0.0201,0.0202,0.3859
04-MAR-2026,PNGSREVA,411.85,375.00,0.0937,0.0000,0.0066,0.1261
04-MAR-2026,POCL,1071.00,1103.00,-0.0294,0.0348,0.0348,0.6649
04-MAR-2026,PODDARMENT,222.95,234.00,-0.0484,0.0201,0.0204,0.3897
04-MAR-2026,POKARNA,873.75,891.95,-0.0206,0.0380,0.0380,0.7260
04-MAR-2026,POLICYBZR,1480.00,1468.90,0.0075,0.0243,0.0243,0.4643
04-MAR-2026,POLYCAB,8284.00,8548.50,-0.0314,0.0205,0.0205,0.3917
04-MAR-2026,POLYMED,1398.40,1311.30,0.0643,0.0258,0.0261,0.4986
04-MAR-2026,POLYPLEX,808.95,839.95,-0.0376,0.0200,0.0201,0.3840
04-MAR-2026,PONNIERODE,289.55,262.70,0.0973,0.0204,0.0215,0.4108
04-MAR-2026,POONAWALLA,425.80,438.45,-0.0293,0.0242,0.0242,0.4623
04-MAR-2026,POWERGRID,291.95,296.80,-0.0165,0.0155,0.0155,0.2961
04-MAR-2026,POWERINDIA,24499.75,25499.65,-0.0400,0.0308,0.0309,0.5903
04-MAR-2026,POWERMECH,1963.40,1999.85,-0.0184,0.0249,0.0249,0.4757
04-MAR-2026,PPAP,215.90,213.90,0.0093,0.0293,0.0292,0.5579
04-MAR-2026,PPL,196.50,199.25,-0.0139,0.0262,0.0261,0.4986
04-MAR-2026,PPLPHARMA,152.90,152.80,0.0007,0.0219,0.0218,0.4165
04-MAR-2026,PRABHA,165.30,169.20,-0.0233,0.0252,0.0252,0.4814
04-MAR-2026,PRABHATSEC,10.80,10.80,0.0000,0.0000,0.0000,0.0000
04-MAR-2026,PRAENG,21.79,20.44,0.0640,0.0342,0.0344,0.6572
04-MAR-2026,PRAJIND,315.65,304.50,0.0360,0.0267,0.0267,0.5101
04-MAR-2026,PRAKASH,123.50,129.55,-0.0478,0.0272,0.0274,0.5235
04-MAR-2026,PRAKASHSTL,4.15,4.18,-0.0072,0.0284,0.0283,0.5407
04-MAR-2026,PRAXIS,7.06,7.41,-0.0484,0.0311,0.0312,0.5961
04-MAR-2026,PRECAM,126.50,131.65,-0.0399,0.0330,0.0331,0.6324
04-MAR-2026,PRECOT,416.50,435.40,-0.0444,0.0380,0.0380,0.7260
04-MAR-2026,PRECWIRE,320.75,322.85,-0.0065,0.0330,0.0329,0.6286
04-MAR-2026,PREMEXPLN,503.65,515.50,-0.0233,0.0365,0.0365,0.6973
04-MAR-2026,PREMIER,2.96,3.12,-0.0526,0.0289,0.0291,0.5560
04-MAR-2026,PREMIERENE,706.20,712.90,-0.0094,0.0251,0.0251,0.4795
04-MAR-2026,PREMIERPOL,57.36,52.39,0.0906,0.0345,0.0350,0.6687
04-MAR-2026,PRESTIGE,1350.80,1377.30,-0.0194,0.0224,0.0223,0.4260
04-MAR-2026,PRHOLDING,10.00,10.00,0.0000,0.0000,0.0000,0.0000
04-MAR-2026,PRICOLLTD,564.70,584.65,-0.0347,0.0227,0.0228,0.4356
04-MAR-2026,PRIMESECU,271.60,280.35,-0.0317,0.0244,0.0244,0.4662
04-MAR-2026,PRIMO,18.08,18.45,-0.0203,0.0266,0.0266,0.5082
04-MAR-2026,PRINCEPIPE,236.00,244.35,-0.0348,0.0228,0.0229,0.4375
04-MAR-2026,PRITI,41.54,43.74,-0.0516,0.0346,0.0347,0.6629
04-MAR-2026,PRITIKAUTO,12.02,12.56,-0.0439,0.0243,0.0244,0.4662
04-MAR-2026,PRIVISCL,2841.55,2976.55,-0.0464,0.0254,0.0256,0.4891
04-MAR-2026,PRIYAINT,8.50,8.50,0.0000,0.0000,0.0000,0.0000
04-MAR-2026,PROSTARM,133.75,140.00,-0.0457,0.0279,0.0280,0.5349
04-MAR-2026,PROTEAN,552.10,569.35,-0.0308,0.0263,0.0263,0.5025
04-MAR-2026,PROZONER,45.47,46.73,-0.0273,0.0313,0.0312,0.5961
04-MAR-2026,PRSMJOHNSN,125.60,126.55,-0.0075,0.0255,0.0254,0.4853
04-MAR-2026,PRUDENT,2234.85,2301.90,-0.0296,0.0282,0.0282,0.5388
04-MAR-2026,PRUDMOULI,16.53,17.61,-0.0633,0.0306,0.0309,0.5903
04-MAR-2026,PSB,24.95,25.77,-0.0323,0.0253,0.0253,0.4834
04-MAR-2026,PSPPROJECT,690.15,712.70,-0.0322,0.0249,0.0250,0.4776
04-MAR-2026,PSUBANK,932.54,963.90,-0.0331,0.0149,0.0150,0.2866
04-MAR-2026,PSUBANKADD,93.81,96.98,-0.0332,0.0141,0.0143,0.2732
04-MAR-2026,PSUBNKBEES,103.62,107.10,-0.0330,0.0148,0.0149,0.2847
04-MAR-2026,PSUBNKIETF,94.20,97.32,-0.0326,0.0140,0.0141,0.2694
04-MAR-2026,PTC,157.30,162.75,-0.0341,0.0212,0.0213,0.4069
04-MAR-2026,PTCIL,17966.95,18009.20,-0.0023,0.0246,0.0245,0.4681
04-MAR-2026,PTL,37.88,38.07,-0.0050,0.0148,0.0147,0.2808
04-MAR-2026,PUNJABCHEM,1055.90,1128.80,-0.0668,0.0293,0.0296,0.5655
04-MAR-2026,PURBANCHAL,8.65,8.65,0.0000,0.0000,0.0000,0.0000
04-MAR-2026,PURVA,180.40,191.30,-0.0587,0.0293,0.0295,0.5636
04-MAR-2026,PVP,27.69,27.21,0.0175,0.0342,0.0341,0.6515
04-MAR-2026,PVRINOX,1009.90,1016.30,-0.0063,0.0195,0.0194,0.3706
04-MAR-2026,PVSL,87.91,92.65,-0.0525,0.0252,0.0254,0.4853
04-MAR-2026,PVTBANIETF,28.09,28.53,-0.0155,0.0081,0.0081,0.1548
04-MAR-2026,PVTBANKADD,28.30,28.69,-0.0137,0.0087,0.0087,0.1662
04-MAR-2026,PWL,79.56,80.81,-0.0156,0.0208,0.0208,0.3974
04-MAR-2026,PYRAMID,147.10,140.00,0.0495,0.0230,0.0232,0.4432
04-MAR-2026,QGOLDHALF,134.07,138.80,-0.0347,0.0174,0.0175,0.3343
04-MAR-2026,QNIFTY,268.21,272.38,-0.0154,0.0073,0.0074,0.1414
04-MAR-2026,QPOWER,789.40,829.25,-0.0492,0.0322,0.0323,0.6171
04-MAR-2026,QUADFUTURE,278.30,283.40,-0.0182,0.0346,0.0345,0.6591
04-MAR-2026,QUAL30IETF,20.31,20.73,-0.0205,0.0078,0.0079,0.1509
04-MAR-2026,QUALITY30,19.92,20.29,-0.0184,0.0067,0.0068,0.1299
04-MAR-2026,QUESS,188.25,191.80,-0.0187,0.0207,0.0207,0.3955
04-MAR-2026,QUICKHEAL,157.50,160.10,-0.0164,0.0305,0.0305,0.5827
04-MAR-2026,RACE,113.15,111.80,0.0120,0.0292,0.0291,0.5560
04-MAR-2026,RACLGEAR,1368.30,1381.10,-0.0093,0.0343,0.0342,0.6534
04-MAR-2026,RADAAN,2.94,2.99,-0.0169,0.0307,0.0306,0.5846
04-MAR-2026,RADHIKAJWE,60.26,62.55,-0.0373,0.0289,0.0290,0.5540
04-MAR-2026,RADIANTCMS,36.57,35.74,0.0230,0.0228,0.0228,0.4356
04-MAR-2026,RADICO,2541.20,2609.05,-0.0263,0.0206,0.0207,0.3955
04-MAR-2026,RADIOCITY,5.87,5.98,-0.0186,0.0205,0.0205,0.3917
04-MAR-2026,RAILTEL,278.55,293.55,-0.0525,0.0278,0.0279,0.5330
04-MAR-2026,RAIN,135.50,143.65,-0.0584,0.0264,0.0266,0.5082
04-MAR-2026,RAINBOW,1214.30,1200.55,0.0114,0.0178,0.0178,0.3401
04-MAR-2026,RAJESHEXPO,131.70,138.65,-0.0514,0.0269,0.0271,0.5177
04-MAR-2026,RAJMET,3.59,3.65,-0.0166,0.0258,0.0258,0.4929
04-MAR-2026,RAJOOENG,58.48,60.37,-0.0318,0.0303,0.0303,0.5789
04-MAR-2026,RAJRATAN,400.70,413.30,-0.0310,0.0302,0.0302,0.5770
04-MAR-2026,RAJRILTD,22.77,22.46,0.0137,0.0260,0.0260,0.4967
04-MAR-2026,RAJSREESUG,28.33,26.41,0.0702,0.0312,0.0315,0.6018
04-MAR-2026,RAJTV,37.18,38.01,-0.0221,0.0235,0.0235,0.4490
04-MAR-2026,RALLIS,252.85,262.55,-0.0376,0.0256,0.0257,0.4910
04-MAR-2026,RAMANEWS,33.87,32.96,0.0272,0.0315,0.0314,0.5999
04-MAR-2026,RAMAPHO,120.80,124.90,-0.0334,0.0342,0.0342,0.6534
04-MAR-2026,RAMARAJU,182.80,182.80,0.0000,0.0000,0.0000,0.0000
04-MAR-2026,RAMASTEEL,6.66,6.72,-0.0090,0.0270,0.0270,0.5158
04-MAR-2026,RAMCOCEM,1085.10,1099.90,-0.0135,0.0152,0.0152,0.2904
04-MAR-2026,RAMCOIND,278.90,279.70,-0.0029,0.0216,0.0215,0.4108
04-MAR-2026,RAMCOSYS,435.35,440.85,-0.0126,0.0340,0.0339,0.6477
04-MAR-2026,RAMKY,430.50,443.55,-0.0299,0.0264,0.0264,0.5044
04-MAR-2026,RAMRAT,330.05,329.15,0.0027,0.0238,0.0237,0.4528
04-MAR-2026,RANASUG,11.83,10.82,0.0892,0.0205,0.0214,0.4088
04-MAR-2026,RANEHOLDIN,1155.40,1181.50,-0.0223,0.0240,0.0240,0.4585
04-MAR-2026,RANJANPOLY,28.25,28.25,0.0000,0.0000,0.0000,0.0000
04-MAR-2026,RATEGAIN,477.85,493.65,-0.0325,0.0256,0.0257,0.4910
04-MAR-2026,RATNAMANI,2399.35,2386.05,0.0056,0.0245,0.0244,0.4662
04-MAR-2026,RATNAVEER,140.70,146.40,-0.0397,0.0284,0.0284,0.5426
04-MAR-2026,RAYMOND,380.35,390.70,-0.0268,0.0270,0.0270,0.5158
04-MAR-2026,RAYMONDLSL,846.10,867.30,-0.0247,0.0264,0.0264,0.5044
04-MAR-2026,RAYMONDREL,410.20,421.00,-0.0260,0.0222,0.0222,0.4241
04-MAR-2026,RBA,62.96,63.28,-0.0051,0.0209,0.0209,0.3993
04-MAR-2026,RBLBANK,306.05,313.15,-0.0229,0.0225,0.0225,0.4299
04-MAR-2026,RBZJEWEL,118.80,121.90,-0.0258,0.0270,0.0270,0.5158
04-MAR-2026,RCF,115.95,121.50,-0.0468,0.0231,0.0233,0.4451
04-MAR-2026,RCOM,0.78,0.82,-0.0500,0.0287,0.0289,0.5521
04-MAR-2026,RECLTD,328.75,338.95,-0.0306,0.0211,0.0211,0.4031
04-MAR-2026,REDINGTON,249.55,262.85,-0.0519,0.0294,0.0295,0.5636
04-MAR-2026,REDTAPE,121.75,116.35,0.0454,0.0259,0.0260,0.4967
04-MAR-2026,REFEX,202.45,214.90,-0.0597,0.0345,0.0347,0.6629
04-MAR-2026,REGAAL,67.94,71.28,-0.0480,0.0178,0.0181,0.3458
04-MAR-2026,REGALENTER,10.00,10.00,0.0000,0.0000,0.0000,0.0000
04-MAR-2026,REGENCERAM,42.47,41.71,0.0181,0.0337,0.0336,0.6419
04-MAR-2026,RELAXO,326.35,330.10,-0.0114,0.0184,0.0183,0.3496
04-MAR-2026,RELCHEMQ,115.00,117.35,-0.0202,0.0241,0.0241,0.4604
04-MAR-2026,RELIABLE,128.80,124.65,0.0328,0.0328,0.0328,0.6266
04-MAR-2026,RELIANCE,1345.05,1358.00,-0.0096,0.0130,0.0130,0.2484
04-MAR-2026,RELIGARE,202.35,210.45,-0.0392,0.0241,0.0242,0.4623
04-MAR-2026,RELINFRA,86.64,85.87,0.0089,0.0355,0.0355,0.6782
04-MAR-2026,RELTD,137.10,142.45,-0.0383,0.0319,0.0320,0.6114
04-MAR-2026,REMSONSIND,106.80,110.05,-0.0300,0.0289,0.0289,0.5521
04-MAR-2026,RENUKA,25.32,23.48,0.0754,0.0222,0.0228,0.4356
04-MAR-2026,REPCOHOME,360.10,370.35,-0.0281,0.0215,0.0215,0.4108
04-MAR-2026,REPL,81.10,85.58,-0.0538,0.0303,0.0305,0.5827
04-MAR-2026,REPRO,382.10,382.60,-0.0013,0.0307,0.0306,0.5846
04-MAR-2026,RESPONIND,170.35,169.95,0.0024,0.0258,0.0258,0.4929
04-MAR-2026,RETAIL,21.60,23.04,-0.0645,0.0357,0.0359,0.6859
04-MAR-2026,RGL,107.80,113.20,-0.0489,0.0354,0.0355,0.6782
04-MAR-2026,RHETAN,25.58,25.52,0.0023,0.0250,0.0249,0.4757
04-MAR-2026,RHFL,1.99,2.04,-0.0248,0.0320,0.0320,0.6114
04-MAR-2026,RHIM,399.65,417.40,-0.0435,0.0229,0.0230,0.4394
04-MAR-2026,RHL,182.75,184.80,-0.0112,0.0296,0.0295,0.5636
04-MAR-2026,RICOAUTO,116.85,125.05,-0.0678,0.0350,0.0352,0.6725
04-MAR-2026,RIIL,668.65,682.65,-0.0207,0.0216,0.0216,0.4127
04-MAR-2026,RISHABH,389.85,407.25,-0.0437,0.0311,0.0311,0.5942
04-MAR-2026,RITCO,204.15,212.95,-0.0422,0.0242,0.0243,0.4643
04-MAR-2026,RITES,197.30,203.90,-0.0329,0.0237,0.0237,0.4528
04-MAR-2026,RITZ,15.25,15.25,0.0000,0.0000,0.0000,0.0000
04-MAR-2026,RKDL,16.87,17.65,-0.0452,0.0263,0.0265,0.5063
04-MAR-2026,RKEC,40.47,41.59,-0.0273,0.0359,0.0359,0.6859
04-MAR-2026,RKFORGE,545.55,556.00,-0.0190,0.0226,0.0226,0.4318
04-MAR-2026,RKSWAMY,99.34,99.81,-0.0047,0.0232,0.0231,0.4413
04-MAR-2026,RMDRIP,57.14,63.48,-0.1052,0.0268,0.0277,0.5292
04-MAR-2026,RML,799.05,819.15,-0.0248,0.0238,0.0239,0.4566
04-MAR-2026,RNBDENIMS,154.25,162.25,-0.0506,0.0306,0.0307,0.5865
04-MAR-2026,ROADSTAR,60.00,60.00,0.0000,0.0289,0.0288,0.5502
04-MAR-2026,ROBERT,10.70,10.70,0.0000,0.0000,0.0000,0.0000
04-MAR-2026,ROHLTD,335.95,346.95,-0.0322,0.0251,0.0252,0.4814
04-MAR-2026,ROLEXRINGS,125.25,131.50,-0.0487,0.0234,0.0236,0.4509
04-MAR-2026,ROLLT,1.30,1.34,-0.0303,0.0392,0.0391,0.7470
04-MAR-2026,ROML,42.12,41.79,0.0079,0.0306,0.0305,0.5827
04-MAR-2026,ROSSARI,475.10,485.00,-0.0206,0.0175,0.0175,0.3343
04-MAR-2026,ROSSELLIND,43.11,44.72,-0.0367,0.0273,0.0274,0.5235
04-MAR-2026,ROSSTECH,691.70,723.10,-0.0444,0.0318,0.0319,0.6094
04-MAR-2026,ROTO,54.70,55.91,-0.0219,0.0275,0.0275,0.5254
04-MAR-2026,ROUTE,474.70,489.30,-0.0303,0.0199,0.0200,0.3821
04-MAR-2026,RPEL,647.75,685.20,-0.0562,0.0290,0.0292,0.5579
04-MAR-2026,RPGLIFE,1804.05,1807.25,-0.0018,0.0229,0.0228,0.4356
04-MAR-2026,RPOWER,23.17,22.98,0.0082,0.0337,0.0336,0.6419
04-MAR-2026,RPPINFRA,69.54,72.74,-0.0450,0.0312,0.0313,0.5980
04-MAR-2026,RPPL,15.31,15.28,0.0020,0.0304,0.0303,0.5789
04-MAR-2026,RPSGVENT,654.15,654.70,-0.0008,0.0252,0.0251,0.4795
04-MAR-2026,RPTECH,350.15,357.00,-0.0194,0.0221,0.0220,0.4203
04-MAR-2026,RRKABEL,1487.70,1531.85,-0.0292,0.0213,0.0213,0.4069
04-MAR-2026,RSSOFTWARE,34.64,33.55,0.0320,0.0339,0.0339,0.6477
04-MAR-2026,RSWM,145.85,148.25,-0.0163,0.0245,0.0245,0.4681
04-MAR-2026,RSYSTEMS,257.30,277.00,-0.0738,0.0233,0.0238,0.4547
04-MAR-2026,RTNINDIA,25.69,27.41,-0.0648,0.0287,0.0289,0.5521
04-MAR-2026,RTNPOWER,7.76,7.99,-0.0292,0.0274,0.0274,0.5235
04-MAR-2026,RUBFILA,64.15,65.28,-0.0175,0.0218,0.0218,0.4165
04-MAR-2026,RUBICON,763.40,773.30,-0.0129,0.0142,0.0141,0.2694
04-MAR-2026,RUBYMILLS,203.90,169.90,0.1824,0.0257,0.0287,0.5483
04-MAR-2026,RUCHINFRA,5.48,5.61,-0.0234,0.0266,0.0266,0.5082
04-MAR-2026,RUCHIRA,104.95,105.95,-0.0095,0.0218,0.0217,0.4146
04-MAR-2026,RUDRA,17.64,18.09,-0.0252,0.0348,0.0348,0.6649
04-MAR-2026,RUPA,137.60,134.50,0.0228,0.0197,0.0197,0.3764
04-MAR-2026,RUSHIL,16.99,17.08,-0.0053,0.0269,0.0268,0.5120
04-MAR-2026,RUSTOMJEE,400.35,433.80,-0.0802,0.0199,0.0207,0.3955
04-MAR-2026,RVHL,36.27,38.71,-0.0651,0.0316,0.0318,0.6075
04-MAR-2026,RVNL,282.05,299.45,-0.0599,0.0272,0.0275,0.5254
04-MAR-2026,RVTH,583.50,607.90,-0.0410,0.0247,0.0248,0.4738
04-MAR-2026,S&SPOWER,300.30,293.55,0.0227,0.0355,0.0354,0.6763
04-MAR-2026,SAATVIKGL,343.10,354.90,-0.0338,0.0187,0.0188,0.3592
04-MAR-2026,SABEVENTS,16.24,16.57,-0.0201,0.0332,0.0331,0.6324
04-MAR-2026,SADBHAV,9.69,10.17,-0.0483,0.0360,0.0361,0.6897
04-MAR-2026,SADBHIN,3.22,3.38,-0.0485,0.0336,0.0337,0.6438
04-MAR-2026,SADHNA-RE,0.24,0.39,-0.4855,0.0350,0.0490,0.9361
04-MAR-2026,SADHNANIQ,1.78,1.88,-0.0547,0.0374,0.0375,0.7164
04-MAR-2026,SAFARI,1654.25,1735.90,-0.0482,0.0214,0.0216,0.4127
04-MAR-2026,SAGARDEEP,22.55,23.56,-0.0438,0.0236,0.0238,0.4547
04-MAR-2026,SAGCEM,186.45,189.90,-0.0183,0.0215,0.0215,0.4108
04-MAR-2026,SAGILITY,41.32,38.84,0.0619,0.0222,0.0225,0.4299
04-MAR-2026,SAHYADRI,245.80,242.05,0.0154,0.0220,0.0220,0.4203
04-MAR-2026,SAIL,155.60,165.60,-0.0623,0.0220,0.0224,0.4280
04-MAR-2026,SAILIFE,1004.30,996.35,0.0079,0.0224,0.0224,0.4280
04-MAR-2026,SAKAR,521.45,524.05,-0.0050,0.0289,0.0288,0.5502
04-MAR-2026,SAKHTISUG,16.88,15.78,0.0674,0.0245,0.0249,0.4757
04-MAR-2026,SAKSOFT,132.10,136.00,-0.0291,0.0265,0.0265,0.5063
04-MAR-2026,SAKUMA,1.71,1.75,-0.0231,0.0281,0.0281,0.5368
04-MAR-2026,SALASAR,7.40,7.61,-0.0280,0.0323,0.0323,0.6171
04-MAR-2026,SALONA,259.85,269.35,-0.0359,0.0265,0.0265,0.5063
04-MAR-2026,SALSTEEL,46.62,47.55,-0.0198,0.0339,0.0338,0.6457
04-MAR-2026,SALZERELEC,603.20,632.95,-0.0481,0.0321,0.0322,0.6152
04-MAR-2026,SAMBHAAV,6.98,7.14,-0.0227,0.0341,0.0341,0.6515
04-MAR-2026,SAMBHV,94.08,97.18,-0.0324,0.0211,0.0212,0.4050
04-MAR-2026,SAMHI,152.50,159.45,-0.0446,0.0226,0.0227,0.4337
04-MAR-2026,SAMMAANCAP,142.25,145.95,-0.0257,0.0280,0.0280,0.5349
04-MAR-2026,SAMPANN,27.91,28.61,-0.0248,0.0342,0.0342,0.6534
04-MAR-2026,SAMYAK,9.95,9.95,0.0000,0.0000,0.0000,0.0000
04-MAR-2026,SANATHAN,401.70,402.25,-0.0014,0.0189,0.0188,0.3592
04-MAR-2026,SANCO,2.28,2.23,0.0222,0.0308,0.0308,0.5884
04-MAR-2026,SANDESH,976.35,974.15,0.0023,0.0222,0.0221,0.4222
04-MAR-2026,SANDHAR,499.40,504.35,-0.0099,0.0265,0.0265,0.5063
04-MAR-2026,SANDUMA,197.40,206.70,-0.0460,0.0332,0.0333,0.6362
04-MAR-2026,SANGAMIND,438.00,448.30,-0.0232,0.0287,0.0287,0.5483
04-MAR-2026,SANGHIIND,56.91,58.72,-0.0313,0.0185,0.0186,0.3554
04-MAR-2026,SANGHVIMOV,247.50,252.25,-0.0190,0.0316,0.0316,0.6037
04-MAR-2026,SANGINITA,12.84,13.51,-0.0509,0.0330,0.0331,0.6324
04-MAR-2026,SANOFI,3824.90,3859.65,-0.0090,0.0120,0.0120,0.2293
04-MAR-2026,SANOFICONR,4238.70,4426.40,-0.0433,0.0180,0.0183,0.3496
04-MAR-2026,SANSERA,2168.20,2229.95,-0.0281,0.0215,0.0215,0.4108
04-MAR-2026,SANSTAR,82.04,84.57,-0.0304,0.0209,0.0209,0.3993
04-MAR-2026,SANWARIA,0.21,0.21,0.0000,0.0882,0.0880,1.6812
04-MAR-2026,SAPPHIRE,191.25,196.60,-0.0276,0.0229,0.0229,0.4375
04-MAR-2026,SARDAEN,521.75,544.70,-0.0430,0.0267,0.0268,0.5120
04-MAR-2026,SAREGAMA,316.65,328.90,-0.0380,0.0239,0.0240,0.4585
04-MAR-2026,SARLAPOLY,80.97,82.50,-0.0187,0.0296,0.0295,0.5636
04-MAR-2026,SARVESHWAR,3.54,3.65,-0.0306,0.0261,0.0261,0.4986
04-MAR-2026,SASKEN,1129.10,1113.45,0.0140,0.0259,0.0259,0.4948
04-MAR-2026,SASTASUNDR,272.80,279.50,-0.0243,0.0236,0.0236,0.4509
04-MAR-2026,SATIA,62.12,63.36,-0.0198,0.0201,0.0201,0.3840
04-MAR-2026,SATIN,150.10,152.50,-0.0159,0.0184,0.0184,0.3515
04-MAR-2026,SATYASHYAM,22.65,22.65,0.0000,0.0000,0.0000,0.0000
04-MAR-2026,SAURASHCEM,61.70,63.30,-0.0256,0.0270,0.0270,0.5158
04-MAR-2026,SBC,31.70,31.73,-0.0009,0.0211,0.0211,0.4031
04-MAR-2026,SBCL,421.15,435.80,-0.0342,0.0263,0.0263,0.5025
04-MAR-2026,SBFC,91.70,93.78,-0.0224,0.0216,0.0216,0.4127
04-MAR-2026,SBGLP,27.34,28.48,-0.0409,0.0296,0.0296,0.5655
04-MAR-2026,SBHL,10.00,10.00,0.0000,0.0000,0.0000,0.0000
04-MAR-2026,SBIBPB,53.82,55.73,-0.0349,0.0110,0.0112,0.2140
04-MAR-2026,SBICARD,726.60,746.50,-0.0270,0.0154,0.0155,0.2961
04-MAR-2026,SBIETFCON,115.37,116.93,-0.0134,0.0079,0.0080,0.1528
04-MAR-2026,SBIETFIT,334.33,333.86,0.0014,0.0139,0.0138,0.2636
04-MAR-2026,SBIETFPB,285.39,289.01,-0.0126,0.0080,0.0081,0.1548
04-MAR-2026,SBIETFQLTY,213.63,216.98,-0.0156,0.0089,0.0089,0.1700
04-MAR-2026,SBILIFE,1930.60,2032.20,-0.0513,0.0123,0.0128,0.2445
04-MAR-2026,SBILIQETF,1029.06,1028.93,0.0001,0.0005,0.0005,0.0096
04-MAR-2026,SBIN,1174.50,1189.90,-0.0130,0.0141,0.0141,0.2694
04-MAR-2026,SBINEQWETF,32.44,33.02,-0.0177,0.0072,0.0073,0.1395
04-MAR-2026,SBISILVER,261.27,281.37,-0.0741,0.0339,0.0342,0.6534
04-MAR-2026,SCHAEFFLER,4134.35,4305.80,-0.0406,0.0185,0.0187,0.3573
04-MAR-2026,SCHAND,152.25,151.50,0.0049,0.0225,0.0224,0.4280
04-MAR-2026,SCHNEIDER,832.65,873.05,-0.0474,0.0278,0.0280,0.5349
04-MAR-2026,SCI,246.15,256.15,-0.0398,0.0300,0.0300,0.5731
04-MAR-2026,SCILAL,43.22,44.28,-0.0242,0.0208,0.0208,0.3974
04-MAR-2026,SCODATUBES,125.15,131.00,-0.0457,0.0227,0.0229,0.4375
04-MAR-2026,SCPL,320.00,315.00,0.0157,0.0296,0.0296,0.5655
04-MAR-2026,SDBL,77.98,78.91,-0.0119,0.0267,0.0266,0.5082
04-MAR-2026,SDL26BEES,136.65,136.67,-0.0001,0.0033,0.0033,0.0630
04-MAR-2026,SEAMECLTD,1333.50,1347.15,-0.0102,0.0234,0.0234,0.4471
04-MAR-2026,SECMARK,111.75,119.40,-0.0662,0.0387,0.0389,0.7432
04-MAR-2026,SECURKLOUD,21.55,20.92,0.0297,0.0370,0.0370,0.7069
04-MAR-2026,SEITINVIT,125.00,125.00,0.0000,0.0081,0.0081,0.1548
04-MAR-2026,SEJALLTD,521.55,544.15,-0.0424,0.0312,0.0313,0.5980
04-MAR-2026,SELECTIPO,40.78,41.37,-0.0144,0.0092,0.0092,0.1758
04-MAR-2026,SELMC,27.78,28.72,-0.0333,0.0329,0.0329,0.6286
04-MAR-2026,SEMAC,223.60,220.75,0.0128,0.0306,0.0306,0.5846
04-MAR-2026,SENCO,295.75,307.00,-0.0373,0.0264,0.0264,0.5044
04-MAR-2026,SENORES,747.25,766.00,-0.0248,0.0235,0.0235,0.4490
04-MAR-2026,SENSEXADD,81.16,82.34,-0.0144,0.0082,0.0083,0.1586
04-MAR-2026,SENSEXBETA,870.72,891.91,-0.0240,0.0073,0.0075,0.1433
04-MAR-2026,SENSEXETF,81.17,82.29,-0.0137,0.0078,0.0079,0.1509
04-MAR-2026,SENSEXIETF,900.34,917.38,-0.0187,0.0080,0.0081,0.1548
04-MAR-2026,SEPC,7.09,7.17,-0.0112,0.0324,0.0323,0.6171
04-MAR-2026,SERVOTECH,67.25,70.18,-0.0426,0.0331,0.0332,0.6343
04-MAR-2026,SESHAPAPER,264.55,268.45,-0.0146,0.0198,0.0198,0.3783
04-MAR-2026,SETCO,17.96,17.76,0.0112,0.0310,0.0309,0.5903
04-MAR-2026,SETF10GILT,259.56,259.86,-0.0012,0.0026,0.0026,0.0497
04-MAR-2026,SETFGOLD,138.02,142.77,-0.0338,0.0174,0.0175,0.3343
04-MAR-2026,SETFNIF50,262.49,266.43,-0.0149,0.0069,0.0070,0.1337
04-MAR-2026,SETFNIFBK,601.82,613.19,-0.0187,0.0078,0.0079,0.1509
04-MAR-2026,SETFNN50,713.21,732.97,-0.0273,0.0096,0.0098,0.1872
04-MAR-2026,SETL,119.15,122.50,-0.0277,0.0246,0.0246,0.4700
04-MAR-2026,SETUINFRA,0.39,0.42,-0.0741,0.0519,0.0520,0.9935
04-MAR-2026,SEYAIND,10.68,11.23,-0.0502,0.0312,0.0313,0.5980
04-MAR-2026,SFL,537.10,554.25,-0.0314,0.0198,0.0199,0.3802
04-MAR-2026,SGFIN,382.35,383.30,-0.0025,0.0248,0.0247,0.4719
04-MAR-2026,SGIL,503.45,517.20,-0.0269,0.0276,0.0276,0.5273
04-MAR-2026,SGL,11.20,11.94,-0.0640,0.0340,0.0342,0.6534
04-MAR-2026,SGMART,458.55,472.60,-0.0302,0.0239,0.0240,0.4585
04-MAR-2026,SHADOWFAX,119.00,120.60,-0.0134,0.0101,0.0101,0.1930
04-MAR-2026,SHAH,4.75,4.86,-0.0229,0.0326,0.0325,0.6209
04-MAR-2026,SHAHALLOYS,60.44,62.83,-0.0388,0.0327,0.0327,0.6247
04-MAR-2026,SHAILY,1861.45,1947.75,-0.0453,0.0307,0.0308,0.5884
04-MAR-2026,SHAKTIPUMP,485.60,502.70,-0.0346,0.0315,0.0315,0.6018
04-MAR-2026,SHALBY,146.90,149.70,-0.0189,0.0236,0.0236,0.4509
04-MAR-2026,SHALPAINTS,52.90,54.02,-0.0210,0.0281,0.0281,0.5368
04-MAR-2026,SHANKARA,105.45,106.70,-0.0118,0.0340,0.0339,0.6477
04-MAR-2026,SHANTI,6.69,6.88,-0.0280,0.0302,0.0302,0.5770
04-MAR-2026,SHANTIGEAR,440.20,450.85,-0.0239,0.0226,0.0226,0.4318
04-MAR-2026,SHANTIGOLD,195.00,200.70,-0.0288,0.0197,0.0197,0.3764
04-MAR-2026,SHARDACROP,1038.40,1136.00,-0.0898,0.0335,0.0340,0.6496
04-MAR-2026,SHARDAMOTR,861.85,896.35,-0.0392,0.0264,0.0264,0.5044
04-MAR-2026,SHAREINDIA,123.50,126.05,-0.0204,0.0281,0.0281,0.5368
04-MAR-2026,SHARIABEES,468.67,472.90,-0.0090,0.0079,0.0079,0.1509
04-MAR-2026,SHEKHAWATI,12.11,12.63,-0.0420,0.0328,0.0328,0.6266
04-MAR-2026,SHEMAROO,96.05,99.05,-0.0308,0.0288,0.0288,0.5502
04-MAR-2026,SHILCTECH,3718.15,3982.60,-0.0687,0.0349,0.0352,0.6725
04-MAR-2026,SHILPAMED,315.70,323.55,-0.0246,0.0255,0.0255,0.4872
04-MAR-2026,SHIVALIK,283.15,280.25,0.0103,0.0275,0.0274,0.5235
04-MAR-2026,SHIVAMAUTO,18.14,18.91,-0.0416,0.0310,0.0311,0.5942
04-MAR-2026,SHIVAMILLS,54.11,54.97,-0.0158,0.0249,0.0249,0.4757
04-MAR-2026,SHIVATEX,148.95,152.25,-0.0219,0.0271,0.0271,0.5177
04-MAR-2026,SHIVAUM,275.00,275.00,0.0000,0.0221,0.0221,0.4222
04-MAR-2026,SHK,137.15,143.45,-0.0449,0.0278,0.0279,0.5330
04-MAR-2026,SHOPERSTOP,292.05,303.00,-0.0368,0.0227,0.0228,0.4356
04-MAR-2026,SHRADHA,35.30,36.64,-0.0373,0.0328,0.0328,0.6266
04-MAR-2026,SHREDIGCEM,66.97,68.29,-0.0195,0.0208,0.0208,0.3974
04-MAR-2026,SHREECEM,25354.80,26124.85,-0.0299,0.0125,0.0127,0.2426
04-MAR-2026,SHREEJISPG,377.15,390.30,-0.0343,0.0197,0.0198,0.3783
04-MAR-2026,SHREEPUSHK,306.75,310.20,-0.0112,0.0339,0.0338,0.6457
04-MAR-2026,SHREERAMA,50.61,51.53,-0.0180,0.0312,0.0311,0.5942
04-MAR-2026,SHREMINVIT,101.90,99.15,0.0274,0.0113,0.0114,0.2178
04-MAR-2026,SHRENIK,0.40,0.42,-0.0488,0.0318,0.0319,0.6094
04-MAR-2026,SHREYANIND,149.90,152.65,-0.0182,0.0229,0.0229,0.4375
04-MAR-2026,SHRINGARMS,211.75,219.00,-0.0337,0.0177,0.0178,0.3401
04-MAR-2026,SHRIPISTON,2969.65,3076.10,-0.0352,0.0244,0.0244,0.4662
04-MAR-2026,SHRIRAMFIN,1010.00,1052.50,-0.0412,0.0201,0.0203,0.3878
04-MAR-2026,SHRIRAMPPS,75.39,76.45,-0.0140,0.0257,0.0256,0.4891
04-MAR-2026,SHYAMCENT,4.91,4.92,-0.0020,0.0323,0.0322,0.6152
04-MAR-2026,SHYAMMETL,811.90,838.90,-0.0327,0.0195,0.0196,0.3745
04-MAR-2026,SHYAMTEL,10.13,10.05,0.0079,0.0348,0.0347,0.6629
04-MAR-2026,SICAL-RE,0.42,0.68,-0.4818,0.0349,0.0487,0.9304
04-MAR-2026,SICALLOG,64.21,66.23,-0.0310,0.0293,0.0293,0.5598
04-MAR-2026,SIEMENS,3160.95,3341.55,-0.0556,0.0199,0.0202,0.3859
04-MAR-2026,SIGACHI,19.49,19.82,-0.0168,0.0330,0.0329,0.6286
04-MAR-2026,SIGIND,45.29,46.35,-0.0231,0.0291,0.0291,0.5560
04-MAR-2026,SIGMA,40.06,40.57,-0.0127,0.0341,0.0340,0.6496
04-MAR-2026,SIGMAADV,157.60,162.50,-0.0306,0.0358,0.0357,0.6820
04-MAR-2026,SIGNATURE,920.35,960.70,-0.0429,0.0216,0.0217,0.4146
04-MAR-2026,SIGNPOST,236.75,248.40,-0.0480,0.0310,0.0311,0.5942
04-MAR-2026,SIKKO,4.41,4.52,-0.0246,0.0371,0.0371,0.7088
04-MAR-2026,SIL,13.97,14.30,-0.0233,0.0235,0.0235,0.4490
04-MAR-2026,SILGO,69.36,73.32,-0.0555,0.0312,0.0314,0.5999
04-MAR-2026,SILINV,416.80,416.85,-0.0001,0.0244,0.0243,0.4643
04-MAR-2026,SILLYMONKS,16.44,16.99,-0.0329,0.0352,0.0352,0.6725
04-MAR-2026,SILVER,265.64,285.58,-0.0724,0.0346,0.0349,0.6668
04-MAR-2026,SILVER1,25.91,27.88,-0.0733,0.0346,0.0349,0.6668
04-MAR-2026,SILVER360,262.85,281.89,-0.0699,0.0324,0.0327,0.6247
04-MAR-2026,SILVERADD,255.75,277.44,-0.0814,0.0331,0.0335,0.6400
04-MAR-2026,SILVERAG,262.31,278.66,-0.0605,0.0352,0.0353,0.6744
04-MAR-2026,SILVERBEES,255.57,274.65,-0.0720,0.0338,0.0341,0.6515
04-MAR-2026,SILVERBETA,256.35,277.79,-0.0803,0.0337,0.0341,0.6515
04-MAR-2026,SILVERBND,267.86,287.68,-0.0714,0.0310,0.0313,0.5980
04-MAR-2026,SILVERCASE,27.07,29.05,-0.0706,0.0325,0.0328,0.6266
04-MAR-2026,SILVERIETF,265.56,286.29,-0.0752,0.0326,0.0329,0.6286
04-MAR-2026,SILVERTUC,1312.65,1369.60,-0.0425,0.0271,0.0272,0.5197
04-MAR-2026,SIMBHALS,8.74,8.34,0.0468,0.0266,0.0268,0.5120
04-MAR-2026,SIMPLEXINF,194.05,202.65,-0.0434,0.0293,0.0294,0.5617
04-MAR-2026,SINCLAIR,75.15,75.98,-0.0110,0.0258,0.0258,0.4929
04-MAR-2026,SINDHUTRAD,23.40,24.03,-0.0266,0.0362,0.0361,0.6897
04-MAR-2026,SINTERCOM,86.19,89.52,-0.0379,0.0259,0.0260,0.4967
04-MAR-2026,SIRCA,437.80,439.00,-0.0027,0.0202,0.0201,0.3840
04-MAR-2026,SIS,295.25,304.75,-0.0317,0.0167,0.0168,0.3210
04-MAR-2026,SITAL,74.27,74.27,0.0000,0.0009,0.0009,0.0172
04-MAR-2026,SITINET,0.35,0.34,0.0290,0.0554,0.0553,1.0565
04-MAR-2026,SIYSIL,516.20,520.90,-0.0091,0.0277,0.0277,0.5292
04-MAR-2026,SJS,1664.55,1720.90,-0.0333,0.0248,0.0249,0.4757
04-MAR-2026,SJVN,68.24,70.25,-0.0290,0.0241,0.0241,0.4604
04-MAR-2026,SKFINDIA,1648.40,1700.15,-0.0309,0.0110,0.0112,0.2140
04-MAR-2026,SKFINDUS,2385.80,2477.00,-0.0375,0.0107,0.0110,0.2102
04-MAR-2026,SKIPPER,340.95,353.05,-0.0349,0.0292,0.0292,0.5579
04-MAR-2026,SKJPL,10.00,10.00,0.0000,0.0000,0.0000,0.0000
04-MAR-2026,SKMEGGPROD,161.80,163.80,-0.0123,0.0304,0.0304,0.5808
04-MAR-2026,SKYGOLD,333.40,345.40,-0.0354,0.0307,0.0307,0.5865
04-MAR-2026,SMALL250,15.28,15.62,-0.0220,0.0061,0.0062,0.1185
04-MAR-2026,SMALLADD,15.26,15.52,-0.0169,0.0054,0.0055,0.1051
04-MAR-2026,SMALLCAP,40.15,41.08,-0.0229,0.0112,0.0112,0.2140
04-MAR-2026,SMARTLINK,118.80,118.80,0.0000,0.0247,0.0246,0.4700
04-MAR-2026,SMARTWORKS,382.05,400.50,-0.0472,0.0152,0.0156,0.2980
04-MAR-2026,SMCGLOBAL,73.47,74.58,-0.0150,0.0276,0.0276,0.5273
04-MAR-2026,SML100CASE,9.23,9.42,-0.0204,0.0065,0.0066,0.1261
04-MAR-2026,SMLMAH,4326.95,4543.00,-0.0487,0.0347,0.0348,0.6649
04-MAR-2026,SMLT,73.25,66.48,0.0970,0.0328,0.0334,0.6381
04-MAR-2026,SMMIL,2.25,2.25,0.0000,0.0000,0.0000,0.0000
04-MAR-2026,SMSPHARMA,374.45,370.45,0.0107,0.0298,0.0297,0.5674
04-MAR-2026,SNOWMAN,37.39,38.82,-0.0375,0.0234,0.0235,0.4490
04-MAR-2026,SNXT30BEES,40.04,41.25,-0.0298,0.0060,0.0063,0.1204
04-MAR-2026,SNXT50BETA,88.69,90.26,-0.0175,0.0106,0.0107,0.2044
04-MAR-2026,SOBHA,1338.25,1359.55,-0.0158,0.0242,0.0241,0.4604
04-MAR-2026,SOFTTECH,270.00,274.80,-0.0176,0.0285,0.0285,0.5445
04-MAR-2026,SOLARA,461.65,461.35,0.0007,0.0288,0.0288,0.5502
04-MAR-2026,SOLARINDS,14523.45,13989.00,0.0375,0.0211,0.0212,0.4050
04-MAR-2026,SOLARWORLD,180.55,186.90,-0.0346,0.0178,0.0179,0.3420
04-MAR-2026,SOLEX,861.35,833.50,0.0329,0.0246,0.0247,0.4719
04-MAR-2026,SOMANYCERA,374.45,388.35,-0.0364,0.0213,0.0214,0.4088
04-MAR-2026,SOMATEX,110.40,112.60,-0.0197,0.0376,0.0375,0.7164
04-MAR-2026,SOMICONVEY,102.40,104.60,-0.0213,0.0370,0.0369,0.7050
04-MAR-2026,SONACOMS,501.40,517.20,-0.0310,0.0204,0.0204,0.3897
04-MAR-2026,SONAMLTD,48.26,48.39,-0.0027,0.0309,0.0309,0.5903
04-MAR-2026,SONATSOFTW,255.65,260.25,-0.0178,0.0264,0.0263,0.5025
04-MAR-2026,SOTL,359.10,362.95,-0.0107,0.0207,0.0207,0.3955
04-MAR-2026,SOUTHBANK,40.12,40.60,-0.0119,0.0255,0.0255,0.4872
04-MAR-2026,SOUTHWEST,179.00,182.15,-0.0174,0.0322,0.0321,0.6133
04-MAR-2026,SPAL,705.60,700.60,0.0071,0.0313,0.0313,0.5980
04-MAR-2026,SPANDANA,237.95,245.45,-0.0310,0.0277,0.0277,0.5292
04-MAR-2026,SPANGLE,10.00,10.00,0.0000,0.0000,0.0000,0.0000
04-MAR-2026,SPARC,123.45,125.90,-0.0197,0.0287,0.0286,0.5464
04-MAR-2026,SPCENET,4.45,4.84,-0.0840,0.0354,0.0358,0.6840
04-MAR-2026,SPECIALITY,101.30,99.35,0.0194,0.0245,0.0245,0.4681
04-MAR-2026,SPECTRUM,1356.85,1306.50,0.0378,0.0252,0.0253,0.4834
04-MAR-2026,SPENCERS,31.44,32.30,-0.0270,0.0299,0.0299,0.5712
04-MAR-2026,SPIC,65.65,67.48,-0.0275,0.0256,0.0256,0.4891
04-MAR-2026,SPLIL,27.91,28.26,-0.0125,0.0264,0.0264,0.5044
04-MAR-2026,SPLPETRO,658.25,677.65,-0.0290,0.0248,0.0248,0.4738
04-MAR-2026,SPMLINFRA,179.30,165.80,0.0783,0.0329,0.0333,0.6362
04-MAR-2026,SPORTKING,108.95,111.00,-0.0186,0.0289,0.0289,0.5521
04-MAR-2026,SRD,42.03,41.20,0.0199,0.0275,0.0274,0.5235
04-MAR-2026,SREEL,198.50,199.95,-0.0073,0.0178,0.0177,0.3382
04-MAR-2026,SRF,2536.60,2537.00,-0.0002,0.0172,0.0171,0.3267
04-MAR-2026,SRGHFL,258.75,256.45,0.0089,0.0228,0.0227,0.4337
04-MAR-2026,SRHHYPOLTD,442.35,455.70,-0.0297,0.0256,0.0256,0.4891
04-MAR-2026,SRM,406.00,416.95,-0.0266,0.0303,0.0303,0.5789
04-MAR-2026,SRTL,67.85,73.40,-0.0786,0.0054,0.0077,0.1471
04-MAR-2026,SSDL,61.75,59.93,0.0299,0.0200,0.0201,0.3840
04-MAR-2026,SSWL,196.05,205.80,-0.0485,0.0219,0.0221,0.4222
04-MAR-2026,STALLION,118.90,125.05,-0.0504,0.0406,0.0407,0.7776
04-MAR-2026,STANLEY,155.85,155.55,0.0019,0.0214,0.0214,0.4088
04-MAR-2026,STAR,832.85,842.45,-0.0115,0.0275,0.0274,0.5235
04-MAR-2026,STARCEMENT,205.65,205.45,0.0010,0.0195,0.0194,0.3706
04-MAR-2026,STARHEALTH,459.80,461.40,-0.0035,0.0163,0.0163,0.3114
04-MAR-2026,STARPAPER,136.65,136.65,0.0000,0.0168,0.0168,0.3210
04-MAR-2026,STARTECK,260.85,265.60,-0.0180,0.0230,0.0230,0.4394
04-MAR-2026,STCINDIA,107.30,110.50,-0.0294,0.0307,0.0307,0.5865
04-MAR-2026,STCL,9.25,9.25,0.0000,0.0000,0.0000,0.0000
04-MAR-2026,STEADFAST,14.90,14.90,0.0000,0.0000,0.0000,0.0000
04-MAR-2026,STEELCAS,223.00,228.20,-0.0231,0.0289,0.0289,0.5521
04-MAR-2026,STEELCITY,88.90,87.68,0.0138,0.0215,0.0215,0.4108
04-MAR-2026,STEELXIND,7.99,7.94,0.0063,0.0254,0.0253,0.4834
04-MAR-2026,STEL,517.10,510.20,0.0134,0.0313,0.0313,0.5980
04-MAR-2026,STERTOOLS,205.65,214.30,-0.0412,0.0281,0.0282,0.5388
04-MAR-2026,STLNETWORK,19.44,19.99,-0.0279,0.0210,0.0210,0.4012
04-MAR-2026,STLTECH,166.95,172.45,-0.0324,0.0367,0.0367,0.7012
04-MAR-2026,STOVEKRAFT,491.35,495.65,-0.0087,0.0273,0.0273,0.5216
04-MAR-2026,STUDDS,508.65,510.15,-0.0029,0.0099,0.0099,0.1891
04-MAR-2026,STYL,233.05,241.35,-0.0350,0.0154,0.0156,0.2980
04-MAR-2026,STYLAMIND,2210.60,2213.10,-0.0011,0.0234,0.0234,0.4471
04-MAR-2026,STYLEBAAZA,283.05,292.95,-0.0344,0.0317,0.0318,0.6075
04-MAR-2026,STYRENIX,1873.60,1919.90,-0.0244,0.0191,0.0192,0.3668
04-MAR-2026,SUBEXLTD,8.52,8.75,-0.0266,0.0284,0.0284,0.5426
04-MAR-2026,SUBROS,723.35,752.15,-0.0390,0.0291,0.0292,0.5579
04-MAR-2026,SUDARCOLOR,328.80,332.40,-0.0109,0.0226,0.0226,0.4318
04-MAR-2026,SUDARSCHEM,826.70,858.95,-0.0383,0.0225,0.0226,0.4318
04-MAR-2026,SUDEEPPHRM,584.00,596.55,-0.0213,0.0159,0.0159,0.3038
04-MAR-2026,SUKHJITS,182.70,197.20,-0.0764,0.0258,0.0263,0.5025
04-MAR-2026,SULA,165.30,164.40,0.0055,0.0184,0.0183,0.3496
04-MAR-2026,SUMEETINDS,26.44,27.76,-0.0487,0.0288,0.0289,0.5521
04-MAR-2026,SUMICHEM,395.35,397.80,-0.0062,0.0199,0.0198,0.3783
04-MAR-2026,SUMIT,37.31,39.91,-0.0674,0.0340,0.0343,0.6553
04-MAR-2026,SUMMITSEC,1569.25,1593.25,-0.0152,0.0259,0.0258,0.4929
04-MAR-2026,SUNAYANA,34.00,34.00,0.0000,0.0000,0.0000,0.0000
04-MAR-2026,SUNCLAY,1337.80,1385.45,-0.0350,0.0241,0.0242,0.4623
04-MAR-2026,SUNDARAM,1.33,1.36,-0.0223,0.0256,0.0256,0.4891
04-MAR-2026,SUNDARMFIN,5440.30,5301.05,0.0259,0.0216,0.0216,0.4127
04-MAR-2026,SUNDRMBRAK,568.85,584.15,-0.0265,0.0281,0.0281,0.5368
04-MAR-2026,SUNDRMFAST,835.95,846.95,-0.0131,0.0159,0.0159,0.3038
04-MAR-2026,SUNDROP,627.15,634.85,-0.0122,0.0214,0.0214,0.4088
04-MAR-2026,SUNFLAG,236.65,243.65,-0.0292,0.0249,0.0249,0.4757
04-MAR-2026,SUNPHARMA,1750.50,1752.50,-0.0011,0.0121,0.0121,0.2312
04-MAR-2026,SUNTECK,375.55,391.05,-0.0404,0.0229,0.0230,0.4394
04-MAR-2026,SUNTV,593.10,625.55,-0.0533,0.0198,0.0201,0.3840
04-MAR-2026,SUPERHOUSE,146.85,147.70,-0.0058,0.0252,0.0251,0.4795
04-MAR-2026,SUPERSPIN,6.23,6.19,0.0064,0.0280,0.0279,0.5330
04-MAR-2026,SUPRAJIT,422.85,431.10,-0.0193,0.0213,0.0213,0.4069
04-MAR-2026,SUPREME,51.15,54.51,-0.0636,0.0320,0.0322,0.6152
04-MAR-2026,SUPREMEENG,0.93,0.96,-0.0317,0.0315,0.0315,0.6018
04-MAR-2026,SUPREMEIND,3898.10,3954.20,-0.0143,0.0199,0.0199,0.3802
04-MAR-2026,SUPREMEINF,79.82,81.34,-0.0189,0.0308,0.0307,0.5865
04-MAR-2026,SUPRIYA,620.30,635.60,-0.0244,0.0253,0.0253,0.4834
04-MAR-2026,SURAJEST,207.95,213.90,-0.0282,0.0285,0.0285,0.5445
04-MAR-2026,SURAJLTD,218.40,220.95,-0.0116,0.0242,0.0242,0.4623
04-MAR-2026,SURAKSHA,269.50,266.75,0.0103,0.0169,0.0169,0.3229
04-MAR-2026,SURANASOL,21.03,21.21,-0.0085,0.0262,0.0262,0.5006
04-MAR-2026,SURANAT&P,16.97,17.17,-0.0117,0.0302,0.0302,0.5770
04-MAR-2026,SURYALAXMI,52.67,53.46,-0.0149,0.0261,0.0260,0.4967
04-MAR-2026,SURYAROSNI,212.35,221.80,-0.0435,0.0258,0.0259,0.4948
04-MAR-2026,SURYODAY,130.40,125.15,0.0411,0.0257,0.0258,0.4929
04-MAR-2026,SUTLEJTEX,29.85,30.49,-0.0212,0.0265,0.0265,0.5063
04-MAR-2026,SUVEN,133.80,142.05,-0.0598,0.0325,0.0327,0.6247
04-MAR-2026,SUVIDHAA,2.84,2.85,-0.0035,0.0308,0.0307,0.5865
04-MAR-2026,SUYOG,667.60,692.05,-0.0360,0.0285,0.0286,0.5464
04-MAR-2026,SUZLON,39.93,40.95,-0.0252,0.0238,0.0238,0.4547
04-MAR-2026,SVLL,545.00,549.00,-0.0073,0.0250,0.0250,0.4776
04-MAR-2026,SVPGLOB,2.84,2.94,-0.0346,0.0337,0.0337,0.6438
04-MAR-2026,SWANCORP,360.65,368.70,-0.0221,0.0282,0.0282,0.5388
04-MAR-2026,SWANDEF,1869.55,1782.70,0.0476,0.0245,0.0247,0.4719
04-MAR-2026,SWARAJENG,3460.05,3492.25,-0.0093,0.0204,0.0204,0.3897
04-MAR-2026,SWELECTES,503.00,526.00,-0.0447,0.0332,0.0333,0.6362
04-MAR-2026,SWIGGY,297.75,289.00,0.0298,0.0237,0.0237,0.4528
04-MAR-2026,SWSOLAR,181.65,189.95,-0.0447,0.0284,0.0286,0.5464
04-MAR-2026,SYMPHONY,765.65,795.65,-0.0384,0.0199,0.0200,0.3821
04-MAR-2026,SYNCOMF,12.13,12.31,-0.0147,0.0259,0.0259,0.4948
04-MAR-2026,SYNGENE,400.70,412.25,-0.0284,0.0186,0.0187,0.3573
04-MAR-2026,SYRMA,738.85,781.35,-0.0559,0.0284,0.0286,0.5464
04-MAR-2026,SYSTMTXC,70.05,73.16,-0.0434,0.0342,0.0342,0.6534
04-MAR-2026,TAINWALCHM,199.40,191.90,0.0383,0.0362,0.0362,0.6916
04-MAR-2026,TAJGVK,332.90,344.80,-0.0351,0.0259,0.0260,0.4967
04-MAR-2026,TAKE,38.18,40.17,-0.0508,0.0311,0.0312,0.5961
04-MAR-2026,TALBROAUTO,242.75,253.40,-0.0429,0.0274,0.0275,0.5254
04-MAR-2026,TANLA,436.65,441.55,-0.0112,0.0263,0.0263,0.5025
04-MAR-2026,TARACHAND,58.73,59.31,-0.0098,0.0315,0.0315,0.6018
04-MAR-2026,TARANGINI,1.00,1.00,0.0000,0.0000,0.0000,0.0000
04-MAR-2026,TARAPUR,24.15,24.84,-0.0282,0.0328,0.0328,0.6266
04-MAR-2026,TARC,139.10,143.45,-0.0308,0.0286,0.0286,0.5464
04-MAR-2026,TARIL,289.85,304.25,-0.0485,0.0387,0.0388,0.7413
04-MAR-2026,TARINIENT,33.50,33.50,0.0000,0.1285,0.1282,2.4493
04-MAR-2026,TARMAT,65.71,70.84,-0.0752,0.0322,0.0325,0.6209
04-MAR-2026,TARSONS,187.10,193.75,-0.0349,0.0247,0.0248,0.4738
04-MAR-2026,TASTYBITE,6996.35,7043.00,-0.0066,0.0207,0.0206,0.3936
04-MAR-2026,TATACAP,319.60,328.65,-0.0279,0.0091,0.0093,0.1777
04-MAR-2026,TATACHEM,707.60,710.50,-0.0041,0.0167,0.0167,0.3191
04-MAR-2026,TATACOMM,1482.80,1544.55,-0.0408,0.0187,0.0189,0.3611
04-MAR-2026,TATACONSUM,1110.60,1125.20,-0.0131,0.0142,0.0142,0.2713
04-MAR-2026,TATAELXSI,4357.55,4449.35,-0.0208,0.0197,0.0197,0.3764
04-MAR-2026,TATAGOLD,15.67,16.19,-0.0326,0.0185,0.0186,0.3554
04-MAR-2026,TATAINVEST,625.60,641.05,-0.0244,0.0268,0.0268,0.5120
04-MAR-2026,TATAPOWER,365.85,368.35,-0.0068,0.0158,0.0158,0.3019
04-MAR-2026,TATASTEEL,196.75,211.00,-0.0699,0.0175,0.0181,0.3458
04-MAR-2026,TATATECH,571.95,580.40,-0.0147,0.0156,0.0156,0.2980
04-MAR-2026,TATSILV,25.77,27.86,-0.0780,0.0354,0.0357,0.6820
04-MAR-2026,TATVA,1110.55,1170.40,-0.0525,0.0309,0.0310,0.5923
04-MAR-2026,TBOTEK,1142.00,1175.60,-0.0290,0.0239,0.0240,0.4585
04-MAR-2026,TBZ,138.60,141.40,-0.0200,0.0292,0.0292,0.5579
04-MAR-2026,TCC,395.15,429.50,-0.0834,0.0289,0.0295,0.5636
04-MAR-2026,TCI,955.60,976.80,-0.0219,0.0184,0.0184,0.3515
04-MAR-2026,TCIEXP,510.95,518.25,-0.0142,0.0199,0.0199,0.3802
04-MAR-2026,TCIFINANCE,14.33,14.87,-0.0370,0.0382,0.0382,0.7298
04-MAR-2026,TCPLPACK,2551.85,2666.85,-0.0441,0.0249,0.0250,0.4776
04-MAR-2026,TCS,2587.80,2613.50,-0.0099,0.0140,0.0140,0.2675
04-MAR-2026,TDPOWERSYS,876.35,890.00,-0.0155,0.0292,0.0291,0.5560
04-MAR-2026,TEAMGTY,253.65,261.80,-0.0316,0.0357,0.0357,0.6820
04-MAR-2026,TEAMLEASE,1182.80,1195.35,-0.0106,0.0180,0.0180,0.3439
04-MAR-2026,TECH,32.76,32.81,-0.0015,0.0134,0.0134,0.2560
04-MAR-2026,TECHM,1351.20,1345.40,0.0043,0.0163,0.0162,0.3095
04-MAR-2026,TECHNOE,1124.05,1149.25,-0.0222,0.0268,0.0268,0.5120
04-MAR-2026,TECILCHEM,13.04,12.69,0.0272,0.0829,0.0827,1.5800
04-MAR-2026,TEGA,1672.50,1759.05,-0.0505,0.0217,0.0220,0.4203
04-MAR-2026,TEJASNET,499.65,484.80,0.0302,0.0342,0.0341,0.6515
04-MAR-2026,TEMBO,519.55,523.25,-0.0071,0.0302,0.0302,0.5770
04-MAR-2026,TENNIND,548.50,558.85,-0.0187,0.0146,0.0147,0.2808
04-MAR-2026,TERASOFT,357.70,340.60,0.0490,0.0351,0.0352,0.6725
04-MAR-2026,TEXINFRA,89.14,91.32,-0.0242,0.0236,0.0236,0.4509
04-MAR-2026,TEXMOPIPES,42.15,41.85,0.0071,0.0246,0.0246,0.4700
04-MAR-2026,TEXRAIL,95.80,99.15,-0.0344,0.0274,0.0275,0.5254
04-MAR-2026,TFCILTD,68.88,69.84,-0.0138,0.0342,0.0341,0.6515
04-MAR-2026,TFL,12.74,13.62,-0.0668,0.0366,0.0368,0.7031
04-MAR-2026,TGBHOTELS,8.81,9.05,-0.0269,0.0267,0.0267,0.5101
04-MAR-2026,THANGAMAYL,3604.85,3846.55,-0.0649,0.0324,0.0327,0.6247
04-MAR-2026,THEINVEST,92.71,94.39,-0.0180,0.0270,0.0270,0.5158
04-MAR-2026,THEJO,1612.50,1637.90,-0.0156,0.0240,0.0239,0.4566
04-MAR-2026,THELEELA,437.70,442.45,-0.0108,0.0148,0.0148,0.2828
04-MAR-2026,THEMISMED,81.30,82.66,-0.0166,0.0335,0.0335,0.6400
04-MAR-2026,THERMAX,3015.45,3101.85,-0.0282,0.0209,0.0209,0.3993
04-MAR-2026,THOMASCOOK,95.60,100.05,-0.0455,0.0270,0.0271,0.5177
04-MAR-2026,THOMASCOTT,279.05,296.40,-0.0603,0.0324,0.0326,0.6228
04-MAR-2026,THYROCARE,376.90,384.45,-0.0198,0.0253,0.0252,0.4814
04-MAR-2026,TI,421.30,428.70,-0.0174,0.0291,0.0291,0.5560
04-MAR-2026,TICL,25.24,26.56,-0.0510,0.0342,0.0343,0.6553
04-MAR-2026,TIGERLOGS,28.77,30.03,-0.0429,0.0330,0.0331,0.6324
04-MAR-2026,TIIL,2106.50,2265.60,-0.0728,0.0280,0.0284,0.5426
04-MAR-2026,TIINDIA,2771.05,2837.60,-0.0237,0.0226,0.0226,0.4318
04-MAR-2026,TIJARIA,4.57,4.39,0.0402,0.0381,0.0381,0.7279
04-MAR-2026,TIL,206.70,213.05,-0.0303,0.0323,0.0323,0.6171
04-MAR-2026,TIMETECHNO,173.30,178.80,-0.0312,0.0262,0.0262,0.5006
04-MAR-2026,TIMKEN,3235.85,3373.00,-0.0415,0.0191,0.0193,0.3687
04-MAR-2026,TINNARUBR,644.35,680.10,-0.0540,0.0284,0.0286,0.5464
04-MAR-2026,TIPSFILMS,346.65,352.85,-0.0177,0.0326,0.0326,0.6228
04-MAR-2026,TIPSMUSIC,512.65,534.75,-0.0422,0.0224,0.0226,0.4318
04-MAR-2026,TIRUMALCHM,178.95,187.45,-0.0464,0.0254,0.0255,0.4872
04-MAR-2026,TIRUPATIFL,37.24,38.19,-0.0252,0.0326,0.0325,0.6209
04-MAR-2026,TITAGARH,641.95,671.30,-0.0447,0.0253,0.0255,0.4872
04-MAR-2026,TITAN,4204.55,4270.30,-0.0155,0.0127,0.0128,0.2445
04-MAR-2026,TMB,651.70,672.15,-0.0309,0.0161,0.0162,0.3095
04-MAR-2026,TMCV,470.75,498.00,-0.0563,0.0119,0.0125,0.2388
04-MAR-2026,TMPV,351.20,370.60,-0.0538,0.0174,0.0177,0.3382
04-MAR-2026,TNIDETF,80.65,80.83,-0.0022,0.0108,0.0108,0.2063
04-MAR-2026,TNPETRO,87.33,91.06,-0.0418,0.0230,0.0231,0.4413
04-MAR-2026,TNPL,132.05,133.50,-0.0109,0.0216,0.0216,0.4127
04-MAR-2026,TNTELE,8.76,9.26,-0.0555,0.0350,0.0351,0.6706
04-MAR-2026,TOKYOPLAST,73.89,76.28,-0.0318,0.0268,0.0268,0.5120
04-MAR-2026,TOLINS,105.40,107.65,-0.0211,0.0262,0.0262,0.5006
04-MAR-2026,TOP100CASE,10.47,10.69,-0.0208,0.0068,0.0070,0.1337
04-MAR-2026,TOP10ADD,92.21,93.14,-0.0100,0.0078,0.0078,0.1490
04-MAR-2026,TOP15IETF,10.28,10.45,-0.0164,0.0044,0.0046,0.0879
04-MAR-2026,TOP20,9.01,9.15,-0.0154,0.0040,0.0042,0.0802
04-MAR-2026,TORNTPHARM,4341.00,4369.25,-0.0065,0.0133,0.0133,0.2541
04-MAR-2026,TORNTPOWER,1475.90,1554.95,-0.0522,0.0211,0.0214,0.4088
04-MAR-2026,TOTAL,62.76,63.00,-0.0038,0.0280,0.0279,0.5330
04-MAR-2026,TOUCHWOOD,72.84,71.30,0.0214,0.0305,0.0304,0.5808
04-MAR-2026,TPHQ,0.54,0.56,-0.0364,0.0350,0.0350,0.6687
04-MAR-2026,TPLPLASTEH,62.38,64.36,-0.0312,0.0264,0.0264,0.5044
04-MAR-2026,TRACXN,32.33,32.21,0.0037,0.0276,0.0276,0.5273
04-MAR-2026,TRANSGLOB,735.00,735.00,0.0000,0.0005,0.0005,0.0096
04-MAR-2026,TRANSRAILL,510.30,537.20,-0.0514,0.0254,0.0256,0.4891
04-MAR-2026,TRANSWORLD,132.65,130.30,0.0179,0.0344,0.0343,0.6553
04-MAR-2026,TRAVELFOOD,1157.35,1176.50,-0.0164,0.0141,0.0142,0.2713
04-MAR-2026,TREEHOUSE,8.26,9.03,-0.0891,0.0326,0.0331,0.6324
04-MAR-2026,TREJHARA,180.10,183.60,-0.0192,0.0302,0.0302,0.5770
04-MAR-2026,TREL,23.89,25.12,-0.0502,0.0243,0.0245,0.4681
04-MAR-2026,TRENT,3756.80,3848.45,-0.0241,0.0219,0.0219,0.4184
04-MAR-2026,TRF,235.00,244.75,-0.0407,0.0291,0.0292,0.5579
04-MAR-2026,TRIDENT,23.58,24.44,-0.0358,0.0210,0.0211,0.4031
04-MAR-2026,TRIGYN,49.96,51.07,-0.0220,0.0275,0.0275,0.5254
04-MAR-2026,TRITURBINE,460.20,467.00,-0.0147,0.0252,0.0252,0.4814
04-MAR-2026,TRIVENI,398.90,395.40,0.0088,0.0225,0.0225,0.4299
04-MAR-2026,TRU,6.29,6.38,-0.0142,0.0329,0.0328,0.6266
04-MAR-2026,TRUALT,376.35,376.75,-0.0011,0.0195,0.0195,0.3725
04-MAR-2026,TSFINV,376.90,382.05,-0.0136,0.0292,0.0291,0.5560
04-MAR-2026,TTKHLTCARE,876.85,892.85,-0.0181,0.0162,0.0162,0.3095
04-MAR-2026,TTKPRESTIG,489.65,501.15,-0.0232,0.0163,0.0163,0.3114
04-MAR-2026,TTL,8.85,9.25,-0.0442,0.0283,0.0284,0.5426
04-MAR-2026,TTML,38.70,39.87,-0.0298,0.0278,0.0278,0.5311
04-MAR-2026,TVSELECT,350.75,362.15,-0.0320,0.0335,0.0335,0.6400
04-MAR-2026,TVSHLTD,14070.45,14641.25,-0.0398,0.0228,0.0229,0.4375
04-MAR-2026,TVSINVIT,115.00,115.00,0.0000,0.0042,0.0042,0.0802
04-MAR-2026,TVSMOTOR,3746.70,3813.10,-0.0176,0.0153,0.0154,0.2942
04-MAR-2026,TVSSCS,110.05,112.60,-0.0229,0.0238,0.0238,0.4547
04-MAR-2026,TVSSRICHAK,3723.30,3834.50,-0.0294,0.0226,0.0226,0.4318
04-MAR-2026,TVTODAY,117.35,122.40,-0.0421,0.0179,0.0181,0.3458
04-MAR-2026,TVVISION,5.71,5.69,0.0035,0.0381,0.0380,0.7260
04-MAR-2026,TWCGOLDETF,161.74,168.43,-0.0405,0.0142,0.0145,0.2770
04-MAR-2026,UBL,1629.85,1589.90,0.0248,0.0134,0.0135,0.2579
04-MAR-2026,UCAL,101.75,102.40,-0.0064,0.0257,0.0256,0.4891
04-MAR-2026,UCOBANK,27.25,28.59,-0.0480,0.0214,0.0216,0.4127
04-MAR-2026,UDDHAV,10.00,10.00,0.0000,0.0000,0.0000,0.0000
04-MAR-2026,UDS,151.10,153.00,-0.0125,0.0257,0.0257,0.4910
04-MAR-2026,UEL,161.85,170.35,-0.0512,0.0766,0.0765,1.4615
04-MAR-2026,UFBL,238.65,247.70,-0.0372,0.0287,0.0287,0.5483
04-MAR-2026,UFLEX,449.75,462.80,-0.0286,0.0195,0.0196,0.3745
04-MAR-2026,UFO,68.42,69.65,-0.0178,0.0261,0.0260,0.4967
04-MAR-2026,UGARSUGAR,38.38,35.36,0.0820,0.0222,0.0229,0.4375
04-MAR-2026,UGROCAP,103.20,108.25,-0.0478,0.0233,0.0235,0.4490
04-MAR-2026,UJJIVANSFB,54.26,57.28,-0.0542,0.0223,0.0226,0.4318
04-MAR-2026,ULL,10.00,10.00,0.0000,0.0000,0.0000,0.0000
04-MAR-2026,ULTRACEMCO,12107.00,12520.95,-0.0336,0.0125,0.0127,0.2426
04-MAR-2026,UMAEXPORTS,24.79,25.83,-0.0411,0.0290,0.0291,0.5560
04-MAR-2026,UMESLTD,3.94,4.04,-0.0251,0.0279,0.0278,0.5311
04-MAR-2026,UMIYA-MRO,80.53,83.52,-0.0365,0.0326,0.0326,0.6228
04-MAR-2026,UNICHEMLAB,316.65,329.75,-0.0405,0.0237,0.0238,0.4547
04-MAR-2026,UNIDT,165.20,167.35,-0.0129,0.0228,0.0227,0.4337
04-MAR-2026,UNIECOM,100.40,103.95,-0.0347,0.0265,0.0266,0.5082
04-MAR-2026,UNIENTER,101.65,101.80,-0.0015,0.0245,0.0245,0.4681
04-MAR-2026,UNIINFO,12.84,13.84,-0.0750,0.0314,0.0318,0.6075
04-MAR-2026,UNIMECH,848.35,860.60,-0.0143,0.0241,0.0241,0.4604
04-MAR-2026,UNIONBANK,191.15,198.15,-0.0360,0.0211,0.0212,0.4050
04-MAR-2026,UNIONGOLD,157.45,165.09,-0.0474,0.0183,0.0185,0.3534
04-MAR-2026,UNIPARTS,444.80,450.95,-0.0137,0.0237,0.0237,0.4528
04-MAR-2026,UNITDSPR,1316.80,1366.60,-0.0371,0.0139,0.0141,0.2694
04-MAR-2026,UNITECH,4.83,4.98,-0.0306,0.0322,0.0322,0.6152
04-MAR-2026,UNITEDPOLY,23.14,23.90,-0.0323,0.0334,0.0334,0.6381
04-MAR-2026,UNITEDTEA,485.30,498.80,-0.0274,0.0205,0.0206,0.3936
04-MAR-2026,UNIVASTU,64.47,61.58,0.0459,0.0293,0.0294,0.5617
04-MAR-2026,UNIVCABLES,668.35,685.10,-0.0248,0.0292,0.0291,0.5560
04-MAR-2026,UNIVPHOTO,461.10,458.05,0.0066,0.0349,0.0348,0.6649
04-MAR-2026,UNOMINDA,1124.45,1140.40,-0.0141,0.0215,0.0215,0.4108
04-MAR-2026,UPL,614.10,622.85,-0.0141,0.0211,0.0211,0.4031
04-MAR-2026,URAVIDEF,138.70,141.00,-0.0164,0.0282,0.0282,0.5388
04-MAR-2026,URBANCO,106.55,103.05,0.0334,0.0172,0.0173,0.3305
04-MAR-2026,URJA,8.69,8.93,-0.0272,0.0238,0.0238,0.4547
04-MAR-2026,USHAMART,413.90,420.95,-0.0169,0.0233,0.0233,0.4451
04-MAR-2026,USK,27.75,27.51,0.0087,0.0314,0.0313,0.5980
04-MAR-2026,UTIAMC,958.65,966.95,-0.0086,0.0202,0.0202,0.3859
04-MAR-2026,UTKARSHBNK,13.14,13.20,-0.0046,0.0275,0.0275,0.5254
04-MAR-2026,UTLSOLAR,174.80,182.15,-0.0412,0.0125,0.0128,0.2445
04-MAR-2026,UTSAV,590.10,590.10,0.0000,0.0009,0.0009,0.0172
04-MAR-2026,UTTAMSUGAR,203.45,195.15,0.0417,0.0246,0.0247,0.4719
04-MAR-2026,UYFINCORP,13.52,13.78,-0.0190,0.0311,0.0310,0.5923
04-MAR-2026,V2RETAIL,1927.70,1940.50,-0.0066,0.0279,0.0278,0.5311
04-MAR-2026,VADILALIND,5029.85,5039.35,-0.0019,0.0269,0.0268,0.5120
04-MAR-2026,VAIBHAVGBL,215.45,220.55,-0.0234,0.0272,0.0272,0.5197
04-MAR-2026,VAISHALI,6.62,6.79,-0.0254,0.0289,0.0289,0.5521
04-MAR-2026,VAKRANGEE,6.08,6.22,-0.0228,0.0287,0.0287,0.5483
04-MAR-2026,VAL30IETF,15.67,16.20,-0.0333,0.0101,0.0103,0.1968
04-MAR-2026,VALIANTLAB,52.49,56.42,-0.0722,0.0269,0.0273,0.5216
04-MAR-2026,VALIANTORG,221.75,224.90,-0.0141,0.0277,0.0276,0.5273
04-MAR-2026,VARDHACRLC,33.40,33.79,-0.0116,0.0227,0.0227,0.4337
04-MAR-2026,VARDMNPOLY,7.78,8.06,-0.0354,0.0377,0.0377,0.7203
04-MAR-2026,VARROC,514.70,525.25,-0.0203,0.0228,0.0228,0.4356
04-MAR-2026,VASCONEQ,34.80,36.93,-0.0594,0.0319,0.0321,0.6133
04-MAR-2026,VASWANI,53.33,53.77,-0.0082,0.0377,0.0376,0.7183
04-MAR-2026,VBL,429.75,445.30,-0.0355,0.0188,0.0189,0.3611
04-MAR-2026,VCL,1.95,2.03,-0.0402,0.0334,0.0334,0.6381
04-MAR-2026,VEDL,701.00,723.35,-0.0314,0.0213,0.0214,0.4088
04-MAR-2026,VEEDOL,1320.50,1345.50,-0.0188,0.0180,0.0180,0.3439
04-MAR-2026,VENKEYS,1258.95,1298.65,-0.0310,0.0202,0.0202,0.3859
04-MAR-2026,VENTIVE,704.55,711.40,-0.0097,0.0186,0.0186,0.3554
04-MAR-2026,VENUSPIPES,1024.30,1063.30,-0.0374,0.0256,0.0256,0.4891
04-MAR-2026,VENUSREM,675.15,651.40,0.0358,0.0308,0.0308,0.5884
04-MAR-2026,VERANDA,165.50,177.00,-0.0672,0.0325,0.0328,0.6266
04-MAR-2026,VERTIS,107.00,107.00,0.0000,0.0056,0.0056,0.1070
04-MAR-2026,VERTOZ,42.87,45.01,-0.0487,0.0289,0.0290,0.5540
04-MAR-2026,VESUVIUS,497.80,501.45,-0.0073,0.0236,0.0236,0.4509
04-MAR-2026,VETO,100.55,100.85,-0.0030,0.0248,0.0247,0.4719
04-MAR-2026,VGL,62.06,69.01,-0.1061,0.0288,0.0297,0.5674
04-MAR-2026,VGUARD,300.30,311.60,-0.0369,0.0161,0.0163,0.3114
04-MAR-2026,VHL,3112.10,3106.90,0.0017,0.0240,0.0240,0.4585
04-MAR-2026,VHLTD,145.00,149.30,-0.0292,0.0201,0.0202,0.3859
04-MAR-2026,VIDHIING,299.30,302.40,-0.0103,0.0214,0.0213,0.4069
04-MAR-2026,VIDYAWIRES,51.30,51.64,-0.0066,0.0119,0.0119,0.2273
04-MAR-2026,VIJAYA,941.65,979.10,-0.0390,0.0234,0.0235,0.4490
04-MAR-2026,VIJIFIN,2.07,2.06,0.0048,0.0368,0.0367,0.7012
04-MAR-2026,VIKASECO,1.31,1.34,-0.0226,0.0253,0.0252,0.4814
04-MAR-2026,VIKASLIFE,1.37,1.40,-0.0217,0.0240,0.0240,0.4585
04-MAR-2026,VIKRAMSOLR,166.35,167.10,-0.0045,0.0213,0.0212,0.4050
04-MAR-2026,VIKRAN,63.31,66.46,-0.0486,0.0205,0.0207,0.3955
04-MAR-2026,VIMTALABS,430.40,439.45,-0.0208,0.0362,0.0361,0.6897
04-MAR-2026,VINATIORGA,1374.75,1412.50,-0.0271,0.0153,0.0154,0.2942
04-MAR-2026,VINCOFE,136.90,142.70,-0.0415,0.0263,0.0264,0.5044
04-MAR-2026,VINDHYATEL,1012.40,1024.45,-0.0118,0.0230,0.0230,0.4394
04-MAR-2026,VINEETLAB,31.46,29.93,0.0499,0.0303,0.0304,0.5808
04-MAR-2026,VINNY,1.08,1.03,0.0474,0.0300,0.0302,0.5770
04-MAR-2026,VINYLINDIA,204.85,204.85,0.0000,0.0218,0.0217,0.4146
04-MAR-2026,VIPCLOTHNG,19.31,19.70,-0.0200,0.0294,0.0294,0.5617
04-MAR-2026,VIPIND,355.10,352.35,0.0078,0.0240,0.0239,0.4566
04-MAR-2026,VIPULLTD,13.29,12.75,0.0415,0.0361,0.0361,0.6897
04-MAR-2026,VIRINCHI,18.73,19.33,-0.0315,0.0268,0.0269,0.5139
04-MAR-2026,VISAKAIND,59.35,60.33,-0.0164,0.0251,0.0251,0.4795
04-MAR-2026,VISASTEEL,35.99,37.37,-0.0376,0.0323,0.0323,0.6171
04-MAR-2026,VISHNU,480.45,492.85,-0.0255,0.0234,0.0234,0.4471
04-MAR-2026,VISHWARAJ,5.82,5.56,0.0457,0.0236,0.0237,0.4528
04-MAR-2026,VISISTH,5.25,5.25,0.0000,0.0004,0.0004,0.0076
04-MAR-2026,VIVIDHA,0.49,0.52,-0.0594,0.0272,0.0275,0.5254
04-MAR-2026,VIVIMEDLAB,6.94,7.20,-0.0368,0.1079,0.1076,2.0557
04-MAR-2026,VIYASH,200.95,199.95,0.0050,0.0287,0.0286,0.5464
04-MAR-2026,VLEGOV,15.09,15.92,-0.0535,0.0409,0.0410,0.7833
04-MAR-2026,VLSFINANCE,238.05,248.85,-0.0444,0.0275,0.0276,0.5273
04-MAR-2026,VMART,537.80,553.95,-0.0296,0.0236,0.0236,0.4509
04-MAR-2026,VMM,111.60,117.20,-0.0490,0.0178,0.0181,0.3458
04-MAR-2026,VMSTMT,42.94,43.91,-0.0223,0.0180,0.0181,0.3458
04-MAR-2026,VOLTAMP,8592.40,8814.70,-0.0255,0.0266,0.0266,0.5082
04-MAR-2026,VOLTAS,1438.90,1499.10,-0.0410,0.0193,0.0195,0.3725
04-MAR-2026,VPL,360.50,360.50,0.0000,0.0272,0.0272,0.5197
04-MAR-2026,VPRPL,41.40,42.08,-0.0163,0.0310,0.0310,0.5923
04-MAR-2026,VRAJ,116.65,120.80,-0.0350,0.0212,0.0213,0.4069
04-MAR-2026,VRLLOG,272.25,274.95,-0.0099,0.0179,0.0179,0.3420
04-MAR-2026,VSSL,245.35,248.10,-0.0111,0.0233,0.0233,0.4451
04-MAR-2026,VSTIND,223.45,229.00,-0.0245,0.0179,0.0180,0.3439
04-MAR-2026,VSTL,107.90,112.30,-0.0400,0.0260,0.0261,0.4986
04-MAR-2026,VSTTILLERS,5523.50,5639.35,-0.0208,0.0217,0.0217,0.4146
04-MAR-2026,VTL,538.20,547.50,-0.0171,0.0240,0.0239,0.4566
04-MAR-2026,WAAREEENER,2633.90,2643.30,-0.0036,0.0278,0.0277,0.5292
04-MAR-2026,WAAREEINDO,324.90,329.55,-0.0142,0.3675,0.3666,7.0039
04-MAR-2026,WAAREERTL,806.10,833.40,-0.0333,0.0317,0.0317,0.6056
04-MAR-2026,WABAG,1173.00,1228.40,-0.0461,0.0245,0.0247,0.4719
04-MAR-2026,WAKEFIT,185.20,184.00,0.0065,0.0120,0.0120,0.2293
04-MAR-2026,WALCHANNAG,160.75,168.95,-0.0498,0.0356,0.0357,0.6820
04-MAR-2026,WANBURY,244.90,253.35,-0.0339,0.0344,0.0344,0.6572
04-MAR-2026,WCIL,104.55,109.20,-0.0435,0.0218,0.0220,0.4203
04-MAR-2026,WEALTH,945.40,941.50,0.0041,0.0310,0.0309,0.5903
04-MAR-2026,WEBELSOLAR,53.17,54.46,-0.0240,0.0350,0.0349,0.6668
04-MAR-2026,WEIZMANIND,83.35,85.05,-0.0202,0.0267,0.0267,0.5101
04-MAR-2026,WEL,136.05,137.75,-0.0124,0.0315,0.0314,0.5999
04-MAR-2026,WELCORP,795.35,795.35,0.0000,0.0232,0.0232,0.4432
04-MAR-2026,WELENT,453.95,469.85,-0.0344,0.0241,0.0242,0.4623
04-MAR-2026,WELINV,1238.60,1268.20,-0.0236,0.0363,0.0362,0.6916
04-MAR-2026,WELSPUNLIV,119.45,124.35,-0.0402,0.0302,0.0303,0.5789
04-MAR-2026,WENDT,6625.35,6715.70,-0.0135,0.0244,0.0244,0.4662
04-MAR-2026,WESTLIFE,475.85,494.35,-0.0381,0.0209,0.0210,0.4012
04-MAR-2026,WEWIN,41.00,43.24,-0.0532,0.0348,0.0349,0.6668
04-MAR-2026,WEWORK,464.40,479.75,-0.0325,0.0099,0.0102,0.1949
04-MAR-2026,WHEELS,871.80,876.60,-0.0055,0.0215,0.0214,0.4088
04-MAR-2026,WHIRLPOOL,899.95,914.35,-0.0159,0.0242,0.0241,0.4604
04-MAR-2026,WILLAMAGOR,25.78,26.13,-0.0135,0.0318,0.0318,0.6075
04-MAR-2026,WINDLAS,755.90,751.50,0.0058,0.0263,0.0262,0.5006
04-MAR-2026,WINDMACHIN,241.85,236.05,0.0243,0.0303,0.0302,0.5770
04-MAR-2026,WINMORE,9.40,9.40,0.0000,0.0000,0.0000,0.0000
04-MAR-2026,WINSOME,1.73,1.76,-0.0172,0.0667,0.0665,1.2705
04-MAR-2026,WIPL,149.24,150.00,-0.0051,0.0250,0.0249,0.4757
04-MAR-2026,WIPRO,195.55,198.55,-0.0152,0.0164,0.0163,0.3114
04-MAR-2026,WOCKPHARMA,1290.60,1310.00,-0.0149,0.0317,0.0316,0.6037
04-MAR-2026,WONDERLA,484.95,471.45,0.0282,0.0193,0.0193,0.3687
04-MAR-2026,WORTHPERI,130.95,136.65,-0.0426,0.0258,0.0259,0.4948
04-MAR-2026,WSI,68.91,68.70,0.0031,0.0294,0.0294,0.5617
04-MAR-2026,WSTCSTPAPR,392.95,405.70,-0.0319,0.0218,0.0218,0.4165
04-MAR-2026,XCHANGING,62.78,64.70,-0.0301,0.0206,0.0206,0.3936
04-MAR-2026,XELPMOC,122.70,124.55,-0.0150,0.0308,0.0307,0.5865
04-MAR-2026,XLTELENE,2.30,2.30,0.0000,0.0001,0.0001,0.0019
04-MAR-2026,XPROINDIA,884.85,928.65,-0.0483,0.0270,0.0271,0.5177
04-MAR-2026,XTGLOBAL,33.93,35.02,-0.0316,0.0374,0.0373,0.7126
04-MAR-2026,YASHO,1561.95,1566.55,-0.0029,0.0274,0.0274,0.5235
04-MAR-2026,YATHARTH,662.55,681.15,-0.0277,0.0237,0.0237,0.4528
04-MAR-2026,YATRA,117.95,106.45,0.1026,0.0355,0.0362,0.6916
04-MAR-2026,YESBANK,20.01,20.18,-0.0085,0.0196,0.0195,0.3725
04-MAR-2026,YUKEN,735.40,753.05,-0.0237,0.0251,0.0251,0.4795
04-MAR-2026,ZAGGLE,215.65,222.85,-0.0328,0.0301,0.0302,0.5770
04-MAR-2026,ZEEL,81.88,84.19,-0.0278,0.0257,0.0257,0.4910
04-MAR-2026,ZEELEARN,5.59,5.90,-0.0540,0.0301,0.0303,0.5789
04-MAR-2026,ZEEMEDIA,7.94,8.07,-0.0162,0.0331,0.0330,0.6305
04-MAR-2026,ZENITHEXPO,183.45,192.85,-0.0500,0.0340,0.0341,0.6515
04-MAR-2026,ZENITHSTL,5.53,5.79,-0.0459,0.0319,0.0320,0.6114
04-MAR-2026,ZENSARTECH,554.45,568.40,-0.0248,0.0224,0.0224,0.4280
04-MAR-2026,ZENTEC,1406.35,1345.40,0.0443,0.0279,0.0281,0.5368
04-MAR-2026,ZFCVINDIA,14216.25,14692.90,-0.0330,0.0207,0.0208,0.3974
04-MAR-2026,ZIMLAB,68.89,68.48,0.0060,0.0299,0.0299,0.5712
04-MAR-2026,ZODIAC,227.50,237.75,-0.0441,0.0288,0.0289,0.5521
04-MAR-2026,ZODIACLOTH,74.62,78.00,-0.0443,0.0250,0.0252,0.4814
04-MAR-2026,ZOTA,1209.10,1219.40,-0.0085,0.0281,0.0280,0.5349
04-MAR-2026,ZUARI,212.15,216.60,-0.0208,0.0331,0.0331,0.6324
04-MAR-2026,ZUARIIND,249.80,256.65,-0.0271,0.0312,0.0312,0.5961
04-MAR-2026,ZYDUSLIFE,896.90,906.90,-0.0111,0.0144,0.0144,0.2751
04-MAR-2026,ZYDUSWELL,377.15,378.95,-0.0048,0.0193,0.0193,0.3687
04-MAR-2026,503893,-,-,-,-,-,-
04-MAR-2026,504370,-,-,-,-,-,-
04-MAR-2026,505032,-,-,-,-,-,-
04-MAR-2026,505585,-,-,-,-,-,-
04-MAR-2026,506024,-,-,-,-,-,-
04-MAR-2026,506120,-,-,-,-,-,-
04-MAR-2026,506162,-,-,-,-,-,-
04-MAR-2026,506580,-,-,-,-,-,-
04-MAR-2026,507543,-,-,-,-,-,-
04-MAR-2026,511038,-,-,-,-,-,-
04-MAR-2026,511632,-,-,-,-,-,-
04-MAR-2026,512004,-,-,-,-,-,-
04-MAR-2026,512060,-,-,-,-,-,-
04-MAR-2026,512147,-,-,-,-,-,-
04-MAR-2026,512157,-,-,-,-,-,-
04-MAR-2026,512195,-,-,-,-,-,-
04-MAR-2026,512245,-,-,-,-,-,-
04-MAR-2026,512265,-,-,-,-,-,-
04-MAR-2026,512291,-,-,-,-,-,-
04-MAR-2026,512303,-,-,-,-,-,-
04-MAR-2026,512431,-,-,-,-,-,-
04-MAR-2026,512433,-,-,-,-,-,-
04-MAR-2026,512439,-,-,-,-,-,-
04-MAR-2026,512445,-,-,-,-,-,-
04-MAR-2026,512461,-,-,-,-,-,-
04-MAR-2026,512505,-,-,-,-,-,-
04-MAR-2026,512517,-,-,-,-,-,-
04-MAR-2026,513012,-,-,-,-,-,-
04-MAR-2026,524046,-,-,-,-,-,-
04-MAR-2026,526331,-,-,-,-,-,-
04-MAR-2026,526349,-,-,-,-,-,-
04-MAR-2026,531597,-,-,-,-,-,-
04-MAR-2026,531610,-,-,-,-,-,-
04-MAR-2026,531685,-,-,-,-,-,-
04-MAR-2026,531696,-,-,-,-,-,-
04-MAR-2026,531946,-,-,-,-,-,-
04-MAR-2026,532138,-,-,-,-,-,-
04-MAR-2026,539253,-,-,-,-,-,-
04-MAR-2026,539983,-,-,-,-,-,-
04-MAR-2026,542931,-,-,-,-,-,-
04-MAR-2026,543859,-,-,-,-,-,-
04-MAR-2026,ACEEXPO,-,-,-,-,-,-
04-MAR-2026,ADBML,-,-,-,-,-,-
04-MAR-2026,ADVENTZSEC,-,-,-,-,-,-
04-MAR-2026,AEL,-,-,-,-,-,-
04-MAR-2026,AGGARSAIN,-,-,-,-,-,-
04-MAR-2026,AGVENTURES,-,-,-,-,-,-
04-MAR-2026,AIRLTD,-,-,-,-,-,-
04-MAR-2026,AKASHAGRO,-,-,-,-,-,-
04-MAR-2026,ALIROX,-,-,-,-,-,-
04-MAR-2026,ANKUR,-,-,-,-,-,-
04-MAR-2026,ARIHANTCFL,-,-,-,-,-,-
04-MAR-2026,ASIANLAKTO,-,-,-,-,-,-
04-MAR-2026,ASSOFIN,-,-,-,-,-,-
04-MAR-2026,ATLANTIC,-,-,-,-,-,-
04-MAR-2026,AURUMCAP,-,-,-,-,-,-
04-MAR-2026,AYUSHMAN,-,-,-,-,-,-
04-MAR-2026,BALAJIAGRO,-,-,-,-,-,-
04-MAR-2026,BASANT,-,-,-,-,-,-
04-MAR-2026,BESWASTH,-,-,-,-,-,-
04-MAR-2026,BHAIRAV,-,-,-,-,-,-
04-MAR-2026,BHARAT,-,-,-,-,-,-
04-MAR-2026,BUYRIGHT,-,-,-,-,-,-
04-MAR-2026,CENTRAL,-,-,-,-,-,-
04-MAR-2026,CHAMPION,-,-,-,-,-,-
04-MAR-2026,CHITRAKUT,-,-,-,-,-,-
04-MAR-2026,CREMICA,-,-,-,-,-,-
04-MAR-2026,CRESCENT,-,-,-,-,-,-
04-MAR-2026,DDVENTURES,-,-,-,-,-,-
04-MAR-2026,DEEPJYOTI,-,-,-,-,-,-
04-MAR-2026,DHAVAL,-,-,-,-,-,-
04-MAR-2026,DRFRESH,-,-,-,-,-,-
04-MAR-2026,DRMIND,-,-,-,-,-,-
04-MAR-2026,ELLORA,-,-,-,-,-,-
04-MAR-2026,EMRALD,-,-,-,-,-,-
04-MAR-2026,GANODAYA,-,-,-,-,-,-
04-MAR-2026,GARG,-,-,-,-,-,-
04-MAR-2026,GIKENSEIKI,-,-,-,-,-,-
04-MAR-2026,GOALPOST,-,-,-,-,-,-
04-MAR-2026,HINDAUTO,-,-,-,-,-,-
04-MAR-2026,ISCCL,-,-,-,-,-,-
04-MAR-2026,ITLFIN,-,-,-,-,-,-
04-MAR-2026,JAGAT,-,-,-,-,-,-
04-MAR-2026,JAINFARM,-,-,-,-,-,-
04-MAR-2026,JCKINFRA,-,-,-,-,-,-
04-MAR-2026,JFL,-,-,-,-,-,-
04-MAR-2026,JFRL,-,-,-,-,-,-
04-MAR-2026,JOML,-,-,-,-,-,-
04-MAR-2026,JPWL,-,-,-,-,-,-
04-MAR-2026,KCCL,-,-,-,-,-,-
04-MAR-2026,KIRTIINV,-,-,-,-,-,-
04-MAR-2026,KRALEASING,-,-,-,-,-,-
04-MAR-2026,KUMARAUTO,-,-,-,-,-,-
04-MAR-2026,LARK,-,-,-,-,-,-
04-MAR-2026,MACORPACK,-,-,-,-,-,-
04-MAR-2026,MARYADACOM,-,-,-,-,-,-
04-MAR-2026,MAYURBHANJ,-,-,-,-,-,-
04-MAR-2026,MFL,-,-,-,-,-,-
04-MAR-2026,MILIAIND,-,-,-,-,-,-
04-MAR-2026,MORNMEDIA,-,-,-,-,-,-
04-MAR-2026,MPL,-,-,-,-,-,-
04-MAR-2026,NARBADA,-,-,-,-,-,-
04-MAR-2026,NAWRATAN,-,-,-,-,-,-
04-MAR-2026,NEELEC,-,-,-,-,-,-
04-MAR-2026,NIDHISER,-,-,-,-,-,-
04-MAR-2026,OSEINTRUST,-,-,-,-,-,-
04-MAR-2026,PACEAUTO,-,-,-,-,-,-
04-MAR-2026,PARTAPIND,-,-,-,-,-,-
04-MAR-2026,PATBACK,-,-,-,-,-,-
04-MAR-2026,PATNAELECT,-,-,-,-,-,-
04-MAR-2026,PFCSL,-,-,-,-,-,-
04-MAR-2026,PPML,-,-,-,-,-,-
04-MAR-2026,QUALITY,-,-,-,-,-,-
04-MAR-2026,RADICOFIN,-,-,-,-,-,-
04-MAR-2026,RAKAN,-,-,-,-,-,-
04-MAR-2026,RAMPURFERT,-,-,-,-,-,-
04-MAR-2026,RATHIIND,-,-,-,-,-,-
04-MAR-2026,RFHL,-,-,-,-,-,-
04-MAR-2026,RICHNRICH,-,-,-,-,-,-
04-MAR-2026,RISHABHENT,-,-,-,-,-,-
04-MAR-2026,ROADWAYS,-,-,-,-,-,-
04-MAR-2026,RWCL,-,-,-,-,-,-
04-MAR-2026,SARNIMAL,-,-,-,-,-,-
04-MAR-2026,SARVARAYA,-,-,-,-,-,-
04-MAR-2026,SCEL,-,-,-,-,-,-
04-MAR-2026,SELECTRIC,-,-,-,-,-,-
04-MAR-2026,SGEL,-,-,-,-,-,-
04-MAR-2026,SGETL,-,-,-,-,-,-
04-MAR-2026,SHAKUMBHRI,-,-,-,-,-,-
04-MAR-2026,SHREETULSI,-,-,-,-,-,-
04-MAR-2026,SHREEVIJAY,-,-,-,-,-,-
04-MAR-2026,SHREYANS,-,-,-,-,-,-
04-MAR-2026,SIGACHI1,-,-,-,-,-,-
04-MAR-2026,SKYLINE,-,-,-,-,-,-
04-MAR-2026,SKYWEB,-,-,-,-,-,-
04-MAR-2026,SLESHA,-,-,-,-,-,-
04-MAR-2026,SMCSL,-,-,-,-,-,-
04-MAR-2026,SNSDIAGNOS,-,-,-,-,-,-
04-MAR-2026,SNSPL,-,-,-,-,-,-
04-MAR-2026,SOPHIA,-,-,-,-,-,-
04-MAR-2026,SPMLINDIA,-,-,-,-,-,-
04-MAR-2026,SRINARAYAN,-,-,-,-,-,-
04-MAR-2026,SSF,-,-,-,-,-,-
04-MAR-2026,SUNPOINT,-,-,-,-,-,-
04-MAR-2026,SUPRAIND,-,-,-,-,-,-
04-MAR-2026,SUPRANEET,-,-,-,-,-,-
04-MAR-2026,SUPREMECOM,-,-,-,-,-,-
04-MAR-2026,TECHAINPOW,-,-,-,-,-,-
04-MAR-2026,TRIDENTIND,-,-,-,-,-,-
04-MAR-2026,UPAL,-,-,-,-,-,-
04-MAR-2026,USSGLOBAL,-,-,-,-,-,-
04-MAR-2026,WELGA,-,-,-,-,-,-
04-MAR-2026,ZEL,-,-,-,-,-,-
04-MAR-2026,ZRINFRA,-,-,-,-,-,-
