Date,Symbol,Underlying Close Price (A),Underlying Previous Day Close Price (B),Underlying Log Returns (C) = LN(A/B),Previous Day Underlying Volatility (D),Current Day Underlying Daily Volatility (E) = Sqrt(0.995*D*D + 0.005*C*C),Underlying Annualised Volatility (F) = E*Sqrt(365)
31-AUG-2026,20MICRONS,218.00,221.99,-0.0181,0.0287,0.0287,0.5483
31-AUG-2026,21STCENMGM,40.34,41.17,-0.0204,0.0198,0.0198,0.3783
31-AUG-2026,360ONE,1174.98,1200.00,-0.0211,0.0202,0.0202,0.3859
31-AUG-2026,3BBLACKBIO,1447.48,1440.81,0.0046,0.0322,0.0321,0.6133
31-AUG-2026,3IINFOLTD,23.02,23.82,-0.0342,0.0252,0.0252,0.4814
31-AUG-2026,3MINDIA,33319.98,34420.01,-0.0325,0.0176,0.0177,0.3382
31-AUG-2026,3PLAND,31.50,31.74,-0.0076,0.0251,0.0251,0.4795
31-AUG-2026,500012,40.81,40.93,-0.0029,0.0301,0.0301,0.5751
31-AUG-2026,500014,3.94,3.83,0.0283,0.0276,0.0276,0.5273
31-AUG-2026,500016,7.32,7.26,0.0082,0.0314,0.0313,0.5980
31-AUG-2026,500028,26.14,25.61,0.0205,0.0304,0.0304,0.5808
31-AUG-2026,500051,9.27,9.54,-0.0287,0.0233,0.0234,0.4471
31-AUG-2026,500058,12.12,12.14,-0.0016,0.0294,0.0293,0.5598
31-AUG-2026,500069,250.30,251.30,-0.0040,0.0231,0.0231,0.4413
31-AUG-2026,500142,13.09,13.29,-0.0152,0.0393,0.0392,0.7489
31-AUG-2026,500143,1123.05,1137.90,-0.0131,0.0298,0.0297,0.5674
31-AUG-2026,500166,243.25,247.60,-0.0177,0.0225,0.0225,0.4299
31-AUG-2026,500170,23.45,23.95,-0.0211,0.0303,0.0303,0.5789
31-AUG-2026,500178,26.69,26.17,0.0197,0.0174,0.0174,0.3324
31-AUG-2026,500192,1.95,2.03,-0.0402,0.0348,0.0349,0.6668
31-AUG-2026,500202,7.88,7.91,-0.0038,0.0330,0.0329,0.6286
31-AUG-2026,500206,68.90,65.23,0.0547,0.0339,0.0340,0.6496
31-AUG-2026,500213,300.90,301.60,-0.0023,0.0226,0.0225,0.4299
31-AUG-2026,500220,291.70,300.00,-0.0281,0.0338,0.0338,0.6457
31-AUG-2026,500236,90.41,87.59,0.0317,0.1008,0.1005,1.9200
31-AUG-2026,500239,14.96,14.55,0.0278,0.0297,0.0297,0.5674
31-AUG-2026,500240,232.35,235.35,-0.0128,0.0332,0.0332,0.6343
31-AUG-2026,500246,41.95,41.92,0.0007,0.0402,0.0401,0.7661
31-AUG-2026,500248,5.34,5.09,0.0479,0.0273,0.0275,0.5254
31-AUG-2026,500270,124.95,122.90,0.0165,0.0206,0.0205,0.3917
31-AUG-2026,500277,6.20,6.05,0.0245,0.0417,0.0416,0.7948
31-AUG-2026,500285,10.32,10.62,-0.0287,0.0341,0.0341,0.6515
31-AUG-2026,500298,699.55,706.70,-0.0102,0.0263,0.0263,0.5025
31-AUG-2026,500319,82.07,80.68,0.0171,0.0275,0.0275,0.5254
31-AUG-2026,500322,122.55,128.95,-0.0509,0.0347,0.0348,0.6649
31-AUG-2026,500346,57.84,57.99,-0.0026,0.0320,0.0320,0.6114
31-AUG-2026,500357,14.55,14.24,0.0215,0.0339,0.0338,0.6457
31-AUG-2026,500358,11.74,12.34,-0.0498,0.0223,0.0225,0.4299
31-AUG-2026,500360,354.80,347.85,0.0198,0.0341,0.0341,0.6515
31-AUG-2026,500370,26.32,27.24,-0.0344,0.0346,0.0346,0.6610
31-AUG-2026,500371,39.74,38.97,0.0196,0.0318,0.0318,0.6075
31-AUG-2026,500388,95.00,92.00,0.0321,0.0329,0.0329,0.6286
31-AUG-2026,500399,258.75,253.70,0.0197,0.1286,0.1283,2.4512
31-AUG-2026,500421,19.84,20.88,-0.0511,0.0385,0.0386,0.7375
31-AUG-2026,500422,352.55,346.65,0.0169,0.0342,0.0341,0.6515
31-AUG-2026,500426,1.46,1.48,-0.0136,0.0335,0.0335,0.6400
31-AUG-2026,500449,37.11,37.19,-0.0022,0.0321,0.0320,0.6114
31-AUG-2026,500450,469.85,460.70,0.0197,0.0321,0.0320,0.6114
31-AUG-2026,500458,29.20,29.20,0.0000,0.0343,0.0343,0.6553
31-AUG-2026,500500,14.42,14.61,-0.0131,0.0300,0.0300,0.5731
31-AUG-2026,501110,7.50,7.50,0.0000,0.0031,0.0031,0.0592
31-AUG-2026,501111,12.14,12.14,0.0000,0.0025,0.0025,0.0478
31-AUG-2026,501144,235.80,235.80,0.0000,0.0197,0.0197,0.3764
31-AUG-2026,501148,344.00,344.00,0.0000,0.0147,0.0147,0.2808
31-AUG-2026,501151,8400.00,8547.35,-0.0174,0.0249,0.0249,0.4757
31-AUG-2026,501261,77.63,78.59,-0.0123,0.1574,0.1570,2.9995
31-AUG-2026,501270,15.10,14.81,0.0194,0.0205,0.0205,0.3917
31-AUG-2026,501311,13.93,13.93,0.0000,0.0294,0.0294,0.5617
31-AUG-2026,501351,88.53,92.97,-0.0489,0.0275,0.0276,0.5273
31-AUG-2026,501370,145.00,145.00,0.0000,0.0346,0.0345,0.6591
31-AUG-2026,501386,24.49,24.49,0.0000,0.0130,0.0130,0.2484
31-AUG-2026,501430,1545.00,1545.00,0.0000,0.0239,0.0239,0.4566
31-AUG-2026,501477,211.00,214.00,-0.0141,0.0290,0.0290,0.5540
31-AUG-2026,501479,11.02,11.02,0.0000,0.0000,0.0000,0.0000
31-AUG-2026,501622,139.90,141.30,-0.0100,0.0280,0.0280,0.5349
31-AUG-2026,501630,39.81,37.92,0.0486,0.0095,0.0101,0.1930
31-AUG-2026,501700,6.32,6.56,-0.0373,0.0305,0.0305,0.5827
31-AUG-2026,501833,22.50,21.70,0.0362,0.0314,0.0314,0.5999
31-AUG-2026,501848,48.38,49.98,-0.0325,0.0345,0.0345,0.6591
31-AUG-2026,501945,6.05,5.90,0.0251,0.0178,0.0179,0.3420
31-AUG-2026,502015,25.10,24.98,0.0048,0.0319,0.0318,0.6075
31-AUG-2026,502250,488.30,513.95,-0.0512,0.0350,0.0351,0.6706
31-AUG-2026,502271,18.35,18.64,-0.0157,0.0181,0.0181,0.3458
31-AUG-2026,502281,7.76,7.79,-0.0039,0.0401,0.0400,0.7642
31-AUG-2026,502294,39.22,39.50,-0.0071,0.0421,0.0420,0.8024
31-AUG-2026,502445,39.00,39.41,-0.0105,0.0406,0.0405,0.7738
31-AUG-2026,502587,48.63,49.82,-0.0242,0.0282,0.0281,0.5368
31-AUG-2026,502589,126.00,131.10,-0.0397,0.0313,0.0314,0.5999
31-AUG-2026,502850,15.03,15.03,0.0000,0.0041,0.0041,0.0783
31-AUG-2026,502865,261.35,279.00,-0.0654,0.0283,0.0286,0.5464
31-AUG-2026,502873,101.85,104.90,-0.0295,0.0280,0.0280,0.5349
31-AUG-2026,502893,65.50,65.81,-0.0047,0.0385,0.0384,0.7336
31-AUG-2026,502901,76.77,75.25,0.0200,0.0238,0.0238,0.4547
31-AUG-2026,502933,104.27,102.36,0.0185,0.0283,0.0282,0.5388
31-AUG-2026,503092,34.90,34.90,0.0000,0.0430,0.0429,0.8196
31-AUG-2026,503127,4950.00,4925.00,0.0051,0.0264,0.0264,0.5044
31-AUG-2026,503349,9127.90,9303.70,-0.0191,0.0309,0.0309,0.5903
31-AUG-2026,503622,7.71,7.71,0.0000,0.0016,0.0016,0.0306
31-AUG-2026,503624,7.27,7.37,-0.0137,0.0393,0.0392,0.7489
31-AUG-2026,503626,16.23,16.23,0.0000,0.0086,0.0086,0.1643
31-AUG-2026,503635,374.95,367.10,0.0212,0.0337,0.0337,0.6438
31-AUG-2026,503639,84.65,89.10,-0.0512,0.0318,0.0319,0.6094
31-AUG-2026,503641,1.49,1.56,-0.0459,0.0343,0.0343,0.6553
31-AUG-2026,503657,13.40,13.83,-0.0316,0.0282,0.0283,0.5407
31-AUG-2026,503659,168.65,171.75,-0.0182,0.0292,0.0291,0.5560
31-AUG-2026,503663,1.30,1.32,-0.0153,0.0322,0.0321,0.6133
31-AUG-2026,503671,4.55,4.55,0.0000,0.0000,0.0000,0.0000
31-AUG-2026,503675,1.19,1.16,0.0255,0.0395,0.0394,0.7527
31-AUG-2026,503685,13.82,14.50,-0.0480,0.0313,0.0314,0.5999
31-AUG-2026,503689,3.20,3.20,0.0000,0.0000,0.0000,0.0000
31-AUG-2026,503696,55.00,55.00,0.0000,0.0000,0.0000,0.0000
31-AUG-2026,503772,70.79,71.00,-0.0030,0.0264,0.0264,0.5044
31-AUG-2026,503776,41.30,39.35,0.0484,0.0387,0.0388,0.7413
31-AUG-2026,503804,372.30,376.00,-0.0099,0.0250,0.0250,0.4776
31-AUG-2026,503816,35.94,37.83,-0.0513,0.0302,0.0304,0.5808
31-AUG-2026,503837,10.21,10.69,-0.0459,0.0343,0.0344,0.6572
31-AUG-2026,503863,10.45,10.45,0.0000,0.0261,0.0261,0.4986
31-AUG-2026,504028,131.80,131.00,0.0061,0.0305,0.0304,0.5808
31-AUG-2026,504076,64.21,63.70,0.0080,0.0352,0.0351,0.6706
31-AUG-2026,504080,849.80,849.80,0.0000,0.0350,0.0350,0.6687
31-AUG-2026,504084,810.35,825.00,-0.0179,0.0305,0.0304,0.5808
31-AUG-2026,504093,263.30,265.55,-0.0085,0.0212,0.0211,0.4031
31-AUG-2026,504176,588.10,574.05,0.0242,0.0277,0.0277,0.5292
31-AUG-2026,504180,43.95,44.76,-0.0183,0.0277,0.0277,0.5292
31-AUG-2026,504240,614.80,603.65,0.0183,0.0371,0.0371,0.7088
31-AUG-2026,504258,814.35,823.25,-0.0109,0.0233,0.0233,0.4451
31-AUG-2026,504273,15.94,16.48,-0.0333,0.0286,0.0287,0.5483
31-AUG-2026,504340,8.66,8.45,0.0245,0.0249,0.0249,0.4757
31-AUG-2026,504346,8374.25,8458.80,-0.0100,0.0000,0.0007,0.0134
31-AUG-2026,504356,8.96,9.39,-0.0469,0.0344,0.0345,0.6591
31-AUG-2026,504365,4.11,4.11,0.0000,0.0004,0.0004,0.0076
31-AUG-2026,504369,0.61,0.59,0.0333,0.0182,0.0183,0.3496
31-AUG-2026,504375,610.00,610.00,0.0000,0.0220,0.0219,0.4184
31-AUG-2026,504378,2.22,2.22,0.0000,0.0289,0.0288,0.5502
31-AUG-2026,504380,44.83,43.69,0.0258,0.0344,0.0343,0.6553
31-AUG-2026,504392,46.84,44.61,0.0488,0.0361,0.0362,0.6916
31-AUG-2026,504397,99.35,103.45,-0.0404,0.0332,0.0333,0.6362
31-AUG-2026,504398,184.45,182.65,0.0098,0.0185,0.0185,0.3534
31-AUG-2026,504605,5062.45,4848.40,0.0432,0.0282,0.0283,0.5407
31-AUG-2026,504646,650.80,654.50,-0.0057,0.0319,0.0318,0.6075
31-AUG-2026,504648,44.00,43.85,0.0034,0.0402,0.0401,0.7661
31-AUG-2026,504697,19.63,19.25,0.0195,0.0391,0.0391,0.7470
31-AUG-2026,504746,376.85,382.00,-0.0136,0.0334,0.0333,0.6362
31-AUG-2026,504810,78.00,80.12,-0.0268,0.0434,0.0433,0.8272
31-AUG-2026,504840,1590.00,1590.00,0.0000,0.0258,0.0257,0.4910
31-AUG-2026,504903,24.36,25.16,-0.0323,0.0294,0.0294,0.5617
31-AUG-2026,504908,365.50,365.00,0.0014,0.0357,0.0356,0.6801
31-AUG-2026,504959,1664.40,1700.00,-0.0212,0.0183,0.0183,0.3496
31-AUG-2026,504988,627.00,636.05,-0.0143,0.0241,0.0241,0.4604
31-AUG-2026,504998,0.60,0.60,0.0000,0.0102,0.0102,0.1949
31-AUG-2026,505212,152.95,149.00,0.0262,0.0373,0.0373,0.7126
31-AUG-2026,505250,69.40,70.10,-0.0100,0.0349,0.0348,0.6649
31-AUG-2026,505299,467.45,475.30,-0.0167,0.0393,0.0392,0.7489
31-AUG-2026,505302,2114.00,2100.00,0.0066,0.0297,0.0296,0.5655
31-AUG-2026,505320,205.70,205.70,0.0000,0.0123,0.0123,0.2350
31-AUG-2026,505336,0.27,0.27,0.0000,0.0368,0.0367,0.7012
31-AUG-2026,505343,0.31,0.32,-0.0317,0.0365,0.0365,0.6973
31-AUG-2026,505358,168.50,170.60,-0.0124,0.0293,0.0293,0.5598
31-AUG-2026,505502,1.78,1.75,0.0170,0.0164,0.0164,0.3133
31-AUG-2026,505504,290.30,289.20,0.0038,0.0261,0.0260,0.4967
31-AUG-2026,505515,11.41,12.80,-0.1150,0.0369,0.0376,0.7183
31-AUG-2026,505520,106.40,106.40,0.0000,0.0100,0.0100,0.1910
31-AUG-2026,505523,0.32,0.31,0.0317,0.0308,0.0308,0.5884
31-AUG-2026,505585,14.13,14.13,0.0000,0.0038,0.0038,0.0726
31-AUG-2026,505594,32.80,32.80,0.0000,0.0000,0.0000,0.0000
31-AUG-2026,505650,13.17,13.70,-0.0395,0.0370,0.0370,0.7069
31-AUG-2026,505685,12.74,12.74,0.0000,0.0957,0.0955,1.8245
31-AUG-2026,505690,689.00,701.00,-0.0173,0.0338,0.0338,0.6457
31-AUG-2026,505693,9.94,10.15,-0.0209,0.0371,0.0371,0.7088
31-AUG-2026,505703,283.05,280.75,0.0082,0.0238,0.0237,0.4528
31-AUG-2026,505712,270.80,266.70,0.0153,0.0288,0.0288,0.5502
31-AUG-2026,505720,122.85,121.00,0.0152,0.0281,0.0281,0.5368
31-AUG-2026,505737,509.00,508.00,0.0020,0.0279,0.0278,0.5311
31-AUG-2026,505750,224.20,225.30,-0.0049,0.0308,0.0307,0.5865
31-AUG-2026,505797,24.82,24.82,0.0000,0.0198,0.0198,0.3783
31-AUG-2026,505807,499.00,499.00,0.0000,0.0243,0.0242,0.4623
31-AUG-2026,505827,386.45,383.85,0.0068,0.0169,0.0169,0.3229
31-AUG-2026,505840,38.75,39.40,-0.0166,0.0373,0.0372,0.7107
31-AUG-2026,505893,697.95,692.50,0.0078,0.0300,0.0300,0.5731
31-AUG-2026,506003,45.88,46.47,-0.0128,0.0342,0.0341,0.6515
31-AUG-2026,506042,179.25,179.25,0.0000,0.0574,0.0572,1.0928
31-AUG-2026,506105,73.39,71.95,0.0198,0.0343,0.0342,0.6534
31-AUG-2026,506122,172.66,164.44,0.0488,0.0330,0.0331,0.6324
31-AUG-2026,506134,11.27,11.50,-0.0202,0.0346,0.0346,0.6610
31-AUG-2026,506161,5.01,5.01,0.0000,0.0023,0.0023,0.0439
31-AUG-2026,506166,52.22,53.65,-0.0270,0.1456,0.1452,2.7740
31-AUG-2026,506178,17.01,17.01,0.0000,0.0010,0.0010,0.0191
31-AUG-2026,506180,399.00,388.35,0.0271,0.0326,0.0326,0.6228
31-AUG-2026,506186,18.79,19.30,-0.0268,0.0360,0.0359,0.6859
31-AUG-2026,506190,52.50,52.50,0.0000,0.0000,0.0000,0.0000
31-AUG-2026,506196,4.25,4.25,0.0000,0.0004,0.0004,0.0076
31-AUG-2026,506313,320.65,337.50,-0.0512,0.0094,0.0101,0.1930
31-AUG-2026,506365,84.80,80.81,0.0482,0.0380,0.0381,0.7279
31-AUG-2026,506373,107.60,108.65,-0.0097,0.0245,0.0244,0.4662
31-AUG-2026,506520,5.80,5.75,0.0087,0.0265,0.0264,0.5044
31-AUG-2026,506528,13595.75,13873.20,-0.0202,0.0296,0.0296,0.5655
31-AUG-2026,506530,995.30,995.30,0.0000,0.0240,0.0240,0.4585
31-AUG-2026,506543,9.50,10.00,-0.0513,0.0397,0.0397,0.7585
31-AUG-2026,506579,131.70,126.25,0.0423,0.0341,0.0342,0.6534
31-AUG-2026,506605,1938.00,1893.35,0.0233,0.0286,0.0286,0.5464
31-AUG-2026,506640,114.85,109.78,0.0451,0.0380,0.0380,0.7260
31-AUG-2026,506854,3161.45,3103.25,0.0186,0.0298,0.0297,0.5674
31-AUG-2026,506858,52.03,51.41,0.0120,0.0282,0.0281,0.5368
31-AUG-2026,506863,76.08,75.11,0.0128,0.0244,0.0243,0.4643
31-AUG-2026,506867,31.08,31.08,0.0000,0.0010,0.0009,0.0172
31-AUG-2026,506906,29.62,31.17,-0.0510,0.0449,0.0450,0.8597
31-AUG-2026,506935,61.00,61.69,-0.0112,0.0266,0.0265,0.5063
31-AUG-2026,506945,3.12,2.98,0.0459,0.0078,0.0084,0.1605
31-AUG-2026,506947,308.30,293.65,0.0487,0.0300,0.0301,0.5751
31-AUG-2026,506975,12.07,11.50,0.0484,0.0298,0.0300,0.5731
31-AUG-2026,506979,67.33,68.00,-0.0099,0.0346,0.0345,0.6591
31-AUG-2026,506981,117.60,117.00,0.0051,0.0283,0.0282,0.5388
31-AUG-2026,507155,169.15,170.80,-0.0097,0.0280,0.0280,0.5349
31-AUG-2026,507180,10.45,8.96,0.1538,0.0427,0.0439,0.8387
31-AUG-2026,507265,309.10,317.15,-0.0257,0.0371,0.0370,0.7069
31-AUG-2026,507300,959.75,955.00,0.0050,0.0264,0.0263,0.5025
31-AUG-2026,507474,42.29,42.32,-0.0007,0.0321,0.0320,0.6114
31-AUG-2026,507486,46.27,46.13,0.0030,0.0321,0.0320,0.6114
31-AUG-2026,507498,37.26,38.58,-0.0348,0.0288,0.0289,0.5521
31-AUG-2026,507515,25.00,24.50,0.0202,0.0360,0.0360,0.6878
31-AUG-2026,507530,28.15,28.15,0.0000,0.0076,0.0076,0.1452
31-AUG-2026,507598,87.70,87.69,0.0001,0.0299,0.0298,0.5693
31-AUG-2026,507609,25.67,27.01,-0.0509,0.0282,0.0283,0.5407
31-AUG-2026,507645,11497.00,11497.00,0.0000,0.0225,0.0225,0.4299
31-AUG-2026,507663,4.99,4.99,0.0000,0.0098,0.0097,0.1853
31-AUG-2026,507690,174.50,177.95,-0.0196,0.0311,0.0310,0.5923
31-AUG-2026,507759,14.00,14.01,-0.0007,0.0412,0.0411,0.7852
31-AUG-2026,507808,32.50,32.50,0.0000,0.0220,0.0220,0.4203
31-AUG-2026,507813,58.90,57.53,0.0235,0.0344,0.0343,0.6553
31-AUG-2026,507817,151.75,159.70,-0.0511,0.0321,0.0323,0.6171
31-AUG-2026,507828,5.67,5.67,0.0000,0.0331,0.0330,0.6305
31-AUG-2026,507833,3.90,4.10,-0.0500,0.0346,0.0347,0.6629
31-AUG-2026,507872,47.00,45.50,0.0324,0.0286,0.0287,0.5483
31-AUG-2026,507917,62.89,62.89,0.0000,0.0323,0.0322,0.6152
31-AUG-2026,507938,16.81,16.01,0.0488,0.0210,0.0212,0.4050
31-AUG-2026,507946,20.12,21.60,-0.0710,0.0367,0.0369,0.7050
31-AUG-2026,507948,76.60,80.60,-0.0509,0.0336,0.0337,0.6438
31-AUG-2026,507952,3.15,3.15,0.0000,0.0000,0.0000,0.0000
31-AUG-2026,507960,182.00,182.45,-0.0025,0.0244,0.0244,0.4662
31-AUG-2026,507962,6.11,5.82,0.0486,0.0313,0.0314,0.5999
31-AUG-2026,507966,56.94,54.55,0.0429,0.0424,0.0424,0.8101
31-AUG-2026,507968,48.44,48.44,0.0000,0.0276,0.0275,0.5254
31-AUG-2026,507970,37.41,35.63,0.0488,0.0347,0.0348,0.6649
31-AUG-2026,507981,64.72,65.00,-0.0043,0.0252,0.0251,0.4795
31-AUG-2026,507984,605.05,632.00,-0.0436,0.0185,0.0187,0.3573
31-AUG-2026,507987,3.99,3.99,0.0000,0.0034,0.0034,0.0650
31-AUG-2026,507998,230.25,195.55,0.1633,0.0321,0.0340,0.6496
31-AUG-2026,508494,46.32,46.49,-0.0037,0.0273,0.0272,0.5197
31-AUG-2026,508571,136.45,145.00,-0.0608,0.0412,0.0413,0.7890
31-AUG-2026,508664,16.92,17.81,-0.0513,0.0360,0.0361,0.6897
31-AUG-2026,508860,0.86,0.82,0.0476,0.0126,0.0130,0.2484
31-AUG-2026,508867,67.05,67.05,0.0000,0.0160,0.0159,0.3038
31-AUG-2026,508875,329.00,313.35,0.0487,0.0340,0.0341,0.6515
31-AUG-2026,508905,112.25,112.45,-0.0018,0.0381,0.0380,0.7260
31-AUG-2026,508918,48.30,47.63,0.0140,0.0385,0.0384,0.7336
31-AUG-2026,508922,2.87,2.74,0.0464,0.0296,0.0297,0.5674
31-AUG-2026,508929,567.20,567.20,0.0000,0.0158,0.0158,0.3019
31-AUG-2026,508941,430.00,431.40,-0.0033,0.0147,0.0147,0.2808
31-AUG-2026,508956,10.03,10.27,-0.0236,0.0349,0.0348,0.6649
31-AUG-2026,508961,191.95,182.95,0.0480,0.0331,0.0332,0.6343
31-AUG-2026,508963,19.69,19.69,0.0000,0.0320,0.0319,0.6094
31-AUG-2026,508969,2.62,2.70,-0.0301,0.0283,0.0283,0.5407
31-AUG-2026,508980,9.29,8.90,0.0429,0.0350,0.0351,0.6706
31-AUG-2026,509003,0.13,0.13,0.0000,0.0000,0.0000,0.0000
31-AUG-2026,509015,14.77,14.07,0.0486,0.0376,0.0377,0.7203
31-AUG-2026,509024,8.10,8.28,-0.0220,0.0599,0.0598,1.1425
31-AUG-2026,509026,69.70,70.00,-0.0043,0.0478,0.0477,0.9113
31-AUG-2026,509038,16.88,17.50,-0.0361,0.0219,0.0220,0.4203
31-AUG-2026,509040,159.00,160.00,-0.0063,0.0316,0.0315,0.6018
31-AUG-2026,509046,44.00,44.18,-0.0041,0.0321,0.0320,0.6114
31-AUG-2026,509051,0.58,0.57,0.0174,0.0329,0.0328,0.6266
31-AUG-2026,509053,7.33,7.49,-0.0216,0.0233,0.0233,0.4451
31-AUG-2026,509073,11.99,11.30,0.0593,0.0501,0.0501,0.9572
31-AUG-2026,509084,348.05,344.65,0.0098,0.0243,0.0242,0.4623
31-AUG-2026,509099,78.64,78.64,0.0000,0.0088,0.0088,0.1681
31-AUG-2026,509162,118.12,117.00,0.0095,0.0279,0.0278,0.5311
31-AUG-2026,509196,56.50,58.94,-0.0423,0.0313,0.0314,0.5999
31-AUG-2026,509423,35.28,35.28,0.0000,0.0355,0.0354,0.6763
31-AUG-2026,509449,39.89,37.98,0.0491,0.0382,0.0382,0.7298
31-AUG-2026,509470,19300.00,19612.85,-0.0161,0.0234,0.0233,0.4451
31-AUG-2026,509486,114.32,116.50,-0.0189,0.0348,0.0347,0.6629
31-AUG-2026,509563,19.76,19.30,0.0236,0.0319,0.0318,0.6075
31-AUG-2026,509597,811.75,816.75,-0.0061,0.0327,0.0326,0.6228
31-AUG-2026,509650,38.74,38.74,0.0000,0.0006,0.0006,0.0115
31-AUG-2026,509760,35.96,35.43,0.0148,0.0393,0.0392,0.7489
31-AUG-2026,509762,49.84,50.35,-0.0102,0.0783,0.0781,1.4921
31-AUG-2026,509782,17.95,17.95,0.0000,0.0000,0.0000,0.0000
31-AUG-2026,509835,14.77,15.21,-0.0294,0.0428,0.0427,0.8158
31-AUG-2026,509845,490.00,490.00,0.0000,0.0178,0.0178,0.3401
31-AUG-2026,509870,60.74,60.74,0.0000,0.0040,0.0040,0.0764
31-AUG-2026,509887,704.00,704.00,0.0000,0.0299,0.0298,0.5693
31-AUG-2026,509895,147.70,146.50,0.0082,0.0257,0.0257,0.4910
31-AUG-2026,509910,25.00,25.00,0.0000,0.0161,0.0161,0.3076
31-AUG-2026,509917,99.54,99.54,0.0000,0.0072,0.0071,0.1356
31-AUG-2026,509953,555.55,566.85,-0.0201,0.0303,0.0303,0.5789
31-AUG-2026,510245,3.30,3.49,-0.0560,0.0265,0.0267,0.5101
31-AUG-2026,511000,18.25,18.05,0.0110,0.0346,0.0345,0.6591
31-AUG-2026,511012,0.63,0.64,-0.0157,0.0221,0.0220,0.4203
31-AUG-2026,511016,4.62,4.40,0.0488,0.0346,0.0347,0.6629
31-AUG-2026,511018,47.76,47.78,-0.0004,0.0400,0.0399,0.7623
31-AUG-2026,511038,3.75,3.75,0.0000,0.0000,0.0000,0.0000
31-AUG-2026,511048,5.18,5.18,0.0000,0.0000,0.0000,0.0000
31-AUG-2026,511060,17.00,17.00,0.0000,0.0000,0.0000,0.0000
31-AUG-2026,511066,27.58,27.75,-0.0061,0.0246,0.0245,0.4681
31-AUG-2026,511074,990.00,990.00,0.0000,0.0021,0.0021,0.0401
31-AUG-2026,511092,7.60,7.60,0.0000,0.0201,0.0201,0.3840
31-AUG-2026,511096,12.00,12.00,0.0000,0.0000,0.0000,0.0000
31-AUG-2026,511110,19.99,19.40,0.0300,0.0498,0.0497,0.9495
31-AUG-2026,511116,0.57,0.57,0.0000,0.0306,0.0306,0.5846
31-AUG-2026,511122,64.49,59.04,0.0883,0.0427,0.0430,0.8215
31-AUG-2026,511144,557.20,568.55,-0.0202,0.0886,0.0884,1.6889
31-AUG-2026,511147,65.28,63.22,0.0321,0.0266,0.0266,0.5082
31-AUG-2026,511153,17.62,17.48,0.0080,0.0388,0.0387,0.7394
31-AUG-2026,511169,4.72,4.72,0.0000,0.0298,0.0297,0.5674
31-AUG-2026,511176,93.00,90.95,0.0223,0.0325,0.0325,0.6209
31-AUG-2026,511185,22.28,22.28,0.0000,0.0116,0.0116,0.2216
31-AUG-2026,511187,1.70,1.70,0.0000,0.0381,0.0380,0.7260
31-AUG-2026,511200,95.00,95.00,0.0000,0.0136,0.0136,0.2598
31-AUG-2026,511246,2.96,3.10,-0.0462,0.0326,0.0327,0.6247
31-AUG-2026,511254,61.75,61.75,0.0000,0.0000,0.0000,0.0000
31-AUG-2026,511260,36.78,35.03,0.0487,0.0276,0.0278,0.5311
31-AUG-2026,511355,26.66,26.14,0.0197,0.0279,0.0279,0.5330
31-AUG-2026,511359,55.90,55.00,0.0162,0.0300,0.0300,0.5731
31-AUG-2026,511377,29.00,29.00,0.0000,0.0229,0.0228,0.4356
31-AUG-2026,511391,60.00,59.50,0.0084,0.0358,0.0358,0.6840
31-AUG-2026,511401,5.73,5.73,0.0000,0.0305,0.0304,0.5808
31-AUG-2026,511411,27.99,27.43,0.0202,0.0423,0.0422,0.8062
31-AUG-2026,511441,25.47,24.78,0.0275,0.0315,0.0315,0.6018
31-AUG-2026,511447,0.21,0.20,0.0488,0.0363,0.0363,0.6935
31-AUG-2026,511451,13.25,12.96,0.0221,0.0355,0.0355,0.6782
31-AUG-2026,511463,7.40,7.40,0.0000,0.0447,0.0446,0.8521
31-AUG-2026,511493,4.33,4.21,0.0281,0.0397,0.0397,0.7585
31-AUG-2026,511501,23.41,24.09,-0.0286,0.0276,0.0276,0.5273
31-AUG-2026,511507,31.24,31.24,0.0000,0.0365,0.0364,0.6954
31-AUG-2026,511523,49.89,50.66,-0.0153,0.0243,0.0243,0.4643
31-AUG-2026,511525,1.48,1.57,-0.0590,0.0263,0.0265,0.5063
31-AUG-2026,511533,40.00,39.90,0.0025,0.0383,0.0382,0.7298
31-AUG-2026,511535,26.97,25.55,0.0541,0.0435,0.0435,0.8311
31-AUG-2026,511539,14.50,14.50,0.0000,0.0286,0.0285,0.5445
31-AUG-2026,511543,46.76,44.60,0.0473,0.0430,0.0430,0.8215
31-AUG-2026,511549,65.03,65.02,0.0002,0.0315,0.0314,0.5999
31-AUG-2026,511557,2.58,2.55,0.0117,0.0326,0.0326,0.6228
31-AUG-2026,511563,52.90,52.90,0.0000,0.0241,0.0241,0.4604
31-AUG-2026,511571,104.45,104.65,-0.0019,0.0340,0.0339,0.6477
31-AUG-2026,511577,16.97,16.99,-0.0012,0.0411,0.0410,0.7833
31-AUG-2026,511585,3.90,3.90,0.0000,0.0233,0.0232,0.4432
31-AUG-2026,511593,17.14,15.69,0.0884,0.0410,0.0414,0.7909
31-AUG-2026,511601,9.00,9.16,-0.0176,0.0312,0.0312,0.5961
31-AUG-2026,511609,12.13,12.24,-0.0090,0.0317,0.0316,0.6037
31-AUG-2026,511626,67.00,65.02,0.0300,0.0403,0.0402,0.7680
31-AUG-2026,511632,10.60,10.60,0.0000,0.0105,0.0105,0.2006
31-AUG-2026,511634,304.60,307.65,-0.0100,0.0163,0.0163,0.3114
31-AUG-2026,511636,2.80,2.94,-0.0488,0.0246,0.0248,0.4738
31-AUG-2026,511644,27.97,29.44,-0.0512,0.0389,0.0389,0.7432
31-AUG-2026,511654,65.00,64.96,0.0006,0.0429,0.0428,0.8177
31-AUG-2026,511658,12.65,12.94,-0.0227,0.0296,0.0296,0.5655
31-AUG-2026,511660,10.02,10.02,0.0000,0.0095,0.0094,0.1796
31-AUG-2026,511664,6.36,6.09,0.0434,0.0364,0.0364,0.6954
31-AUG-2026,511688,13.88,13.88,0.0000,0.0222,0.0221,0.4222
31-AUG-2026,511692,5.95,6.67,-0.1142,0.0405,0.0412,0.7871
31-AUG-2026,511696,253.25,252.00,0.0049,0.0331,0.0330,0.6305
31-AUG-2026,511700,0.31,0.33,-0.0625,0.0321,0.0324,0.6190
31-AUG-2026,511710,5.27,5.37,-0.0188,0.0332,0.0331,0.6324
31-AUG-2026,511712,76.00,73.40,0.0348,0.0455,0.0454,0.8674
31-AUG-2026,511716,7.16,7.59,-0.0583,0.0468,0.0468,0.8941
31-AUG-2026,511728,20.57,20.57,0.0000,0.0341,0.0340,0.6496
31-AUG-2026,511730,19.80,19.80,0.0000,0.0177,0.0176,0.3362
31-AUG-2026,511734,12.09,12.09,0.0000,0.0269,0.0269,0.5139
31-AUG-2026,511738,22.10,22.10,0.0000,0.0167,0.0167,0.3191
31-AUG-2026,511740,114.00,120.00,-0.0513,0.0340,0.0341,0.6515
31-AUG-2026,511756,34.28,36.00,-0.0490,0.0329,0.0330,0.6305
31-AUG-2026,511758,60.01,60.01,0.0000,0.0386,0.0385,0.7355
31-AUG-2026,511764,32.26,31.84,0.0131,0.0366,0.0365,0.6973
31-AUG-2026,512014,1320.10,1359.00,-0.0290,0.0271,0.0272,0.5197
31-AUG-2026,512018,7.55,7.83,-0.0364,0.0293,0.0294,0.5617
31-AUG-2026,512022,244.45,244.45,0.0000,0.0000,0.0000,0.0000
31-AUG-2026,512024,75.00,75.00,0.0000,0.0138,0.0137,0.2617
31-AUG-2026,512025,32.32,32.62,-0.0092,0.0321,0.0321,0.6133
31-AUG-2026,512026,61.95,61.95,0.0000,0.0932,0.0930,1.7768
31-AUG-2026,512036,123.40,129.80,-0.0506,0.0300,0.0302,0.5770
31-AUG-2026,512047,5.84,5.65,0.0331,0.0352,0.0352,0.6725
31-AUG-2026,512048,2.42,2.36,0.0251,0.0362,0.0361,0.6897
31-AUG-2026,512062,163.30,155.55,0.0486,0.0203,0.0205,0.3917
31-AUG-2026,512063,45.34,45.34,0.0000,0.0085,0.0085,0.1624
31-AUG-2026,512064,44.97,44.97,0.0000,0.0386,0.0385,0.7355
31-AUG-2026,512065,109.83,104.60,0.0488,0.0836,0.0835,1.5953
31-AUG-2026,512091,12.19,12.19,0.0000,0.0260,0.0259,0.4948
31-AUG-2026,512093,5.21,5.00,0.0411,0.0286,0.0287,0.5483
31-AUG-2026,512097,0.20,0.21,-0.0488,0.0412,0.0412,0.7871
31-AUG-2026,512099,604.95,600.40,0.0075,0.0303,0.0302,0.5770
31-AUG-2026,512101,17.40,17.40,0.0000,0.0000,0.0000,0.0000
31-AUG-2026,512103,275.00,289.15,-0.0502,0.0306,0.0307,0.5865
31-AUG-2026,512109,60.90,60.90,0.0000,0.0112,0.0112,0.2140
31-AUG-2026,512115,57.51,58.24,-0.0126,0.0348,0.0347,0.6629
31-AUG-2026,512117,3.67,3.67,0.0000,0.0000,0.0000,0.0000
31-AUG-2026,512153,11.07,11.07,0.0000,0.0078,0.0078,0.1490
31-AUG-2026,512169,25.32,24.83,0.0195,0.0261,0.0261,0.4986
31-AUG-2026,512175,3.64,3.69,-0.0136,0.0350,0.0350,0.6687
31-AUG-2026,512197,5.94,5.94,0.0000,0.0334,0.0333,0.6362
31-AUG-2026,512213,2.71,2.71,0.0000,0.0000,0.0000,0.0000
31-AUG-2026,512217,29.30,29.69,-0.0132,0.0341,0.0341,0.6515
31-AUG-2026,512221,14.45,14.45,0.0000,0.0021,0.0021,0.0401
31-AUG-2026,512229,163.00,166.00,-0.0182,0.0160,0.0160,0.3057
31-AUG-2026,512233,21.89,22.00,-0.0050,0.0025,0.0025,0.0478
31-AUG-2026,512247,2.69,2.72,-0.0111,0.0246,0.0246,0.4700
31-AUG-2026,512257,3.28,3.36,-0.0241,0.0236,0.0236,0.4509
31-AUG-2026,512261,3.00,3.00,0.0000,0.0000,0.0000,0.0000
31-AUG-2026,512271,116.50,116.50,0.0000,0.0003,0.0003,0.0057
31-AUG-2026,512277,298.65,297.45,0.0040,0.0338,0.0338,0.6457
31-AUG-2026,512279,32.19,32.19,0.0000,0.0216,0.0215,0.4108
31-AUG-2026,512297,90.43,91.34,-0.0100,0.0320,0.0320,0.6114
31-AUG-2026,512301,34.71,33.91,0.0233,0.0311,0.0311,0.5942
31-AUG-2026,512344,3.74,3.74,0.0000,0.0385,0.0384,0.7336
31-AUG-2026,512345,157.25,165.50,-0.0511,0.0294,0.0296,0.5655
31-AUG-2026,512361,27.08,26.65,0.0160,0.0307,0.0306,0.5846
31-AUG-2026,512367,11.52,11.52,0.0000,0.0011,0.0011,0.0210
31-AUG-2026,512377,5.64,5.64,0.0000,0.0027,0.0027,0.0516
31-AUG-2026,512399,50.16,45.05,0.1074,0.0285,0.0295,0.5636
31-AUG-2026,512404,0.05,0.05,0.0000,0.0091,0.0091,0.1739
31-AUG-2026,512405,15.48,16.29,-0.0510,0.0097,0.0104,0.1987
31-AUG-2026,512408,10.05,10.05,0.0000,0.0000,0.0000,0.0000
31-AUG-2026,512415,4.38,4.16,0.0515,0.0325,0.0326,0.6228
31-AUG-2026,512425,695.30,695.30,0.0000,0.0300,0.0300,0.5731
31-AUG-2026,512437,382.45,368.15,0.0381,0.0322,0.0322,0.6152
31-AUG-2026,512441,0.30,0.31,-0.0328,0.0415,0.0415,0.7929
31-AUG-2026,512443,7.20,7.49,-0.0395,0.0338,0.0338,0.6457
31-AUG-2026,512477,492.00,494.85,-0.0058,0.0375,0.0374,0.7145
31-AUG-2026,512479,851.95,851.95,0.0000,0.0200,0.0200,0.3821
31-AUG-2026,512481,4.56,4.35,0.0471,0.0272,0.0274,0.5235
31-AUG-2026,512485,148.00,147.90,0.0007,0.0315,0.0314,0.5999
31-AUG-2026,512489,16.41,14.95,0.0932,0.0428,0.0432,0.8253
31-AUG-2026,512493,52.13,54.67,-0.0476,0.0305,0.0306,0.5846
31-AUG-2026,512499,0.28,0.28,0.0000,0.0173,0.0173,0.3305
31-AUG-2026,512511,1.08,1.08,0.0000,0.0020,0.0020,0.0382
31-AUG-2026,512527,1214.15,1218.00,-0.0032,0.0268,0.0267,0.5101
31-AUG-2026,512565,39.71,41.80,-0.0513,0.0280,0.0282,0.5388
31-AUG-2026,512587,37.71,37.59,0.0032,0.0345,0.0344,0.6572
31-AUG-2026,512589,140.00,136.30,0.0268,0.0380,0.0379,0.7241
31-AUG-2026,512591,0.44,0.46,-0.0445,0.0439,0.0439,0.8387
31-AUG-2026,512600,80.37,78.74,0.0205,0.0324,0.0323,0.6171
31-AUG-2026,512604,8.91,8.51,0.0459,0.0387,0.0388,0.7413
31-AUG-2026,512618,8.50,8.35,0.0178,0.0553,0.0552,1.0546
31-AUG-2026,512624,5.61,5.77,-0.0281,0.0321,0.0320,0.6114
31-AUG-2026,512634,165.05,163.05,0.0122,0.0226,0.0225,0.4299
31-AUG-2026,513005,43.65,41.00,0.0626,0.0359,0.0360,0.6878
31-AUG-2026,513039,3.31,3.31,0.0000,0.0000,0.0000,0.0000
31-AUG-2026,513043,238.50,238.80,-0.0013,0.0341,0.0340,0.6496
31-AUG-2026,513059,21.80,19.29,0.1223,0.0349,0.0359,0.6859
31-AUG-2026,513063,20.37,20.98,-0.0295,0.0393,0.0393,0.7508
31-AUG-2026,513117,5.94,5.93,0.0017,0.0301,0.0300,0.5731
31-AUG-2026,513149,799.00,799.00,0.0000,0.0290,0.0290,0.5540
31-AUG-2026,513252,866.45,848.00,0.0215,0.0302,0.0301,0.5751
31-AUG-2026,513295,105.55,107.35,-0.0169,0.0383,0.0382,0.7298
31-AUG-2026,513303,13.22,12.86,0.0276,0.0343,0.0343,0.6553
31-AUG-2026,513307,1059.45,1035.05,0.0233,0.0306,0.0306,0.5846
31-AUG-2026,513337,0.46,0.46,0.0000,0.0328,0.0327,0.6247
31-AUG-2026,513353,296.90,296.55,0.0012,0.0272,0.0271,0.5177
31-AUG-2026,513361,26.30,26.25,0.0019,0.0301,0.0301,0.5751
31-AUG-2026,513369,139.00,139.40,-0.0029,0.0352,0.0351,0.6706
31-AUG-2026,513397,10.43,9.99,0.0431,0.0299,0.0300,0.5731
31-AUG-2026,513403,14.82,14.82,0.0000,0.0403,0.0402,0.7680
31-AUG-2026,513418,12.01,12.25,-0.0198,0.0330,0.0329,0.6286
31-AUG-2026,513422,27.84,28.66,-0.0290,0.0363,0.0362,0.6916
31-AUG-2026,513430,41.80,44.00,-0.0513,0.0337,0.0338,0.6457
31-AUG-2026,513452,12.66,12.06,0.0486,0.0329,0.0330,0.6305
31-AUG-2026,513456,46.68,47.25,-0.0121,0.0267,0.0266,0.5082
31-AUG-2026,513460,10.00,10.49,-0.0478,0.0332,0.0333,0.6362
31-AUG-2026,513472,105.10,107.15,-0.0193,0.0289,0.0288,0.5502
31-AUG-2026,513488,26.00,26.50,-0.0190,0.0431,0.0430,0.8215
31-AUG-2026,513496,277.25,264.05,0.0488,0.0361,0.0362,0.6916
31-AUG-2026,513498,75.55,71.01,0.0620,0.0344,0.0346,0.6610
31-AUG-2026,513502,9.17,9.35,-0.0194,0.0315,0.0315,0.6018
31-AUG-2026,513507,171.70,163.55,0.0486,0.0270,0.0272,0.5197
31-AUG-2026,513513,9.30,9.40,-0.0107,0.0522,0.0521,0.9954
31-AUG-2026,513528,65.46,62.35,0.0487,0.0355,0.0356,0.6801
31-AUG-2026,513540,28.08,28.08,0.0000,0.0262,0.0261,0.4986
31-AUG-2026,513544,56.00,57.16,-0.0205,0.0371,0.0371,0.7088
31-AUG-2026,513548,152.95,143.00,0.0673,0.0428,0.0429,0.8196
31-AUG-2026,513566,11.25,11.90,-0.0562,0.0309,0.0310,0.5923
31-AUG-2026,513575,30.65,31.92,-0.0406,0.0373,0.0373,0.7126
31-AUG-2026,513579,5.43,5.18,0.0471,0.0265,0.0266,0.5082
31-AUG-2026,513629,26.75,26.75,0.0000,0.0359,0.0359,0.6859
31-AUG-2026,513642,50.31,51.50,-0.0234,0.0441,0.0440,0.8406
31-AUG-2026,513687,3.85,3.86,-0.0026,0.0312,0.0312,0.5961
31-AUG-2026,513693,33.49,33.35,0.0042,0.0316,0.0315,0.6018
31-AUG-2026,513699,26.09,25.51,0.0225,0.0359,0.0358,0.6840
31-AUG-2026,513713,3.48,3.64,-0.0450,0.0302,0.0303,0.5789
31-AUG-2026,513721,14.03,14.03,0.0000,0.0321,0.0321,0.6133
31-AUG-2026,514010,23.74,24.14,-0.0167,0.0361,0.0360,0.6878
31-AUG-2026,514028,20.52,20.96,-0.0212,0.0393,0.0392,0.7489
31-AUG-2026,514030,139.75,140.60,-0.0061,0.0256,0.0255,0.4872
31-AUG-2026,514060,4.04,4.11,-0.0172,0.0371,0.0370,0.7069
31-AUG-2026,514113,20.50,20.96,-0.0222,0.0323,0.0323,0.6171
31-AUG-2026,514128,46.38,48.82,-0.0513,0.0294,0.0296,0.5655
31-AUG-2026,514140,17.20,17.20,0.0000,0.0314,0.0313,0.5980
31-AUG-2026,514165,5.85,6.00,-0.0253,0.0278,0.0278,0.5311
31-AUG-2026,514171,40.00,40.10,-0.0025,0.0394,0.0393,0.7508
31-AUG-2026,514177,61.90,61.90,0.0000,0.0273,0.0273,0.5216
31-AUG-2026,514197,4.75,4.85,-0.0208,0.0373,0.0373,0.7126
31-AUG-2026,514221,0.19,0.19,0.0000,0.0072,0.0072,0.1376
31-AUG-2026,514223,33.31,33.98,-0.0199,0.0383,0.0383,0.7317
31-AUG-2026,514236,0.10,0.10,0.0000,0.0000,0.0000,0.0000
31-AUG-2026,514238,1010.95,1032.65,-0.0212,0.0296,0.0296,0.5655
31-AUG-2026,514240,6.30,6.41,-0.0173,0.0336,0.0336,0.6419
31-AUG-2026,514248,24.41,24.41,0.0000,0.0326,0.0325,0.6209
31-AUG-2026,514260,79.00,75.25,0.0486,0.0335,0.0336,0.6419
31-AUG-2026,514264,18.00,18.59,-0.0323,0.0429,0.0429,0.8196
31-AUG-2026,514266,55.82,55.32,0.0090,0.0235,0.0235,0.4490
31-AUG-2026,514272,131.90,132.50,-0.0045,0.0267,0.0267,0.5101
31-AUG-2026,514280,152.65,155.15,-0.0162,0.0403,0.0403,0.7699
31-AUG-2026,514302,190.40,189.75,0.0034,0.0340,0.0339,0.6477
31-AUG-2026,514312,41.29,46.06,-0.1093,0.0396,0.0402,0.7680
31-AUG-2026,514316,95.49,94.65,0.0088,0.0275,0.0274,0.5235
31-AUG-2026,514318,515.00,520.00,-0.0097,0.0240,0.0239,0.4566
31-AUG-2026,514322,104.50,106.10,-0.0152,0.0464,0.0463,0.8846
31-AUG-2026,514324,745.00,745.00,0.0000,0.0306,0.0306,0.5846
31-AUG-2026,514326,6.70,6.55,0.0226,0.0335,0.0335,0.6400
31-AUG-2026,514332,42.00,42.70,-0.0165,0.0397,0.0396,0.7566
31-AUG-2026,514336,37.80,39.75,-0.0503,0.0327,0.0328,0.6266
31-AUG-2026,514358,105.00,105.25,-0.0024,0.0477,0.0475,0.9075
31-AUG-2026,514360,22.49,22.89,-0.0176,0.0333,0.0333,0.6362
31-AUG-2026,514378,13.13,13.41,-0.0211,0.0377,0.0376,0.7183
31-AUG-2026,514386,2.92,3.07,-0.0501,0.0393,0.0393,0.7508
31-AUG-2026,514400,17.97,17.97,0.0000,0.0349,0.0348,0.6649
31-AUG-2026,514402,9.96,9.99,-0.0030,0.0339,0.0338,0.6457
31-AUG-2026,514412,118.05,118.05,0.0000,0.0318,0.0317,0.6056
31-AUG-2026,514414,15.69,14.95,0.0483,0.0298,0.0299,0.5712
31-AUG-2026,514440,8.62,8.72,-0.0115,0.0336,0.0336,0.6419
31-AUG-2026,514454,35.40,36.12,-0.0201,0.0373,0.0372,0.7107
31-AUG-2026,514460,14.96,15.74,-0.0508,0.0257,0.0259,0.4948
31-AUG-2026,514470,85.68,88.38,-0.0310,0.0268,0.0269,0.5139
31-AUG-2026,515008,438.10,425.85,0.0284,0.0364,0.0364,0.6954
31-AUG-2026,515059,35.97,35.54,0.0120,0.0413,0.0412,0.7871
31-AUG-2026,515085,7.40,7.10,0.0414,0.0371,0.0371,0.7088
31-AUG-2026,516003,99.70,99.80,-0.0010,0.0257,0.0256,0.4891
31-AUG-2026,516020,4.07,4.05,0.0049,0.0324,0.0323,0.6171
31-AUG-2026,516032,3.43,3.41,0.0058,0.0376,0.0375,0.7164
31-AUG-2026,516038,113.90,118.15,-0.0366,0.0334,0.0334,0.6381
31-AUG-2026,516062,2.60,2.65,-0.0190,0.0225,0.0225,0.4299
31-AUG-2026,516078,90.50,89.37,0.0126,0.0366,0.0365,0.6973
31-AUG-2026,516096,198.40,198.40,0.0000,0.0364,0.0363,0.6935
31-AUG-2026,516098,7.80,8.33,-0.0657,0.0332,0.0334,0.6381
31-AUG-2026,516106,7.30,7.35,-0.0068,0.0336,0.0335,0.6400
31-AUG-2026,516108,116.10,119.15,-0.0259,0.0279,0.0279,0.5330
31-AUG-2026,516110,2.06,2.09,-0.0145,0.0334,0.0334,0.6381
31-AUG-2026,517044,37.98,37.98,0.0000,0.0275,0.0274,0.5235
31-AUG-2026,517063,119.77,121.05,-0.0106,0.0373,0.0372,0.7107
31-AUG-2026,517077,40.10,42.21,-0.0513,0.0273,0.0275,0.5254
31-AUG-2026,517096,78.88,81.81,-0.0365,0.0399,0.0399,0.7623
31-AUG-2026,517119,19.76,19.95,-0.0096,0.0309,0.0308,0.5884
31-AUG-2026,517170,20.71,20.90,-0.0091,0.0363,0.0362,0.6916
31-AUG-2026,517172,8.07,7.92,0.0188,0.1341,0.1338,2.5562
31-AUG-2026,517201,122.80,118.50,0.0356,0.0352,0.0352,0.6725
31-AUG-2026,517230,14.11,13.84,0.0193,0.0313,0.0313,0.5980
31-AUG-2026,517236,71.59,71.59,0.0000,0.0304,0.0303,0.5789
31-AUG-2026,517238,245.00,251.80,-0.0274,0.0365,0.0364,0.6954
31-AUG-2026,517246,241.75,238.20,0.0148,0.0363,0.0362,0.6916
31-AUG-2026,517258,173.00,170.40,0.0151,0.0351,0.0350,0.6687
31-AUG-2026,517264,68.00,68.00,0.0000,0.0322,0.0322,0.6152
31-AUG-2026,517286,92.39,90.64,0.0191,0.0337,0.0336,0.6419
31-AUG-2026,517288,66.20,65.93,0.0041,0.0351,0.0350,0.6687
31-AUG-2026,517320,26.30,25.05,0.0487,0.0426,0.0427,0.8158
31-AUG-2026,517336,46.36,48.80,-0.0513,0.0306,0.0307,0.5865
31-AUG-2026,517356,2.64,2.55,0.0347,0.0341,0.0341,0.6515
31-AUG-2026,517360,18.60,19.89,-0.0671,0.0382,0.0384,0.7336
31-AUG-2026,517370,85.70,86.55,-0.0099,0.0435,0.0434,0.8292
31-AUG-2026,517372,437.40,424.45,0.0301,0.0207,0.0208,0.3974
31-AUG-2026,517393,5.30,5.12,0.0346,0.0344,0.0344,0.6572
31-AUG-2026,517397,24.99,25.50,-0.0202,0.0378,0.0377,0.7203
31-AUG-2026,517399,3.35,3.51,-0.0467,0.0351,0.0352,0.6725
31-AUG-2026,517417,285.25,288.70,-0.0120,0.0346,0.0346,0.6610
31-AUG-2026,517423,156.75,165.00,-0.0513,0.0269,0.0270,0.5158
31-AUG-2026,517429,55.70,54.32,0.0251,0.0312,0.0312,0.5961
31-AUG-2026,517431,23.92,24.19,-0.0112,0.0463,0.0462,0.8826
31-AUG-2026,517437,100.60,100.55,0.0005,0.0272,0.0271,0.5177
31-AUG-2026,517449,1225.80,1242.20,-0.0133,0.0293,0.0292,0.5579
31-AUG-2026,517477,323.35,319.50,0.0120,0.0196,0.0196,0.3745
31-AUG-2026,517494,11.75,11.41,0.0294,0.0295,0.0295,0.5636
31-AUG-2026,517514,166.00,166.40,-0.0024,0.0364,0.0363,0.6935
31-AUG-2026,517546,33.35,34.30,-0.0281,0.0356,0.0355,0.6782
31-AUG-2026,517554,2.36,2.25,0.0477,0.0342,0.0343,0.6553
31-AUG-2026,517564,40.57,40.60,-0.0007,0.0101,0.0101,0.1930
31-AUG-2026,518011,40.00,40.00,0.0000,0.0405,0.0404,0.7718
31-AUG-2026,518053,35.06,37.48,-0.0667,0.0343,0.0346,0.6610
31-AUG-2026,518075,262.00,267.30,-0.0200,0.0294,0.0294,0.5617
31-AUG-2026,519014,15.14,15.14,0.0000,0.0288,0.0287,0.5483
31-AUG-2026,519031,393.15,404.35,-0.0281,0.0249,0.0250,0.4776
31-AUG-2026,519064,191.95,187.50,0.0235,0.0413,0.0412,0.7871
31-AUG-2026,519097,77.70,77.15,0.0071,0.0410,0.0409,0.7814
31-AUG-2026,519174,10.99,10.78,0.0193,0.0329,0.0329,0.6286
31-AUG-2026,519191,1.20,1.18,0.0168,0.0324,0.0323,0.6171
31-AUG-2026,519214,3.74,3.93,-0.0496,0.0351,0.0352,0.6725
31-AUG-2026,519216,23.60,23.75,-0.0063,0.0313,0.0312,0.5961
31-AUG-2026,519230,13.38,13.19,0.0143,0.0414,0.0413,0.7890
31-AUG-2026,519238,21.29,21.85,-0.0260,0.0339,0.0338,0.6457
31-AUG-2026,519242,92.66,97.53,-0.0512,0.0295,0.0296,0.5655
31-AUG-2026,519262,14.42,14.45,-0.0021,0.0413,0.0412,0.7871
31-AUG-2026,519279,5.50,5.55,-0.0090,0.0290,0.0290,0.5540
31-AUG-2026,519285,4.62,4.40,0.0488,0.0315,0.0316,0.6037
31-AUG-2026,519287,36.38,37.46,-0.0293,0.0326,0.0326,0.6228
31-AUG-2026,519295,209.15,215.00,-0.0276,0.0231,0.0231,0.4413
31-AUG-2026,519299,40.94,40.84,0.0024,0.0362,0.0361,0.6897
31-AUG-2026,519307,0.93,0.93,0.0000,0.0346,0.0345,0.6591
31-AUG-2026,519331,30.00,31.20,-0.0392,0.0383,0.0383,0.7317
31-AUG-2026,519353,10.67,10.67,0.0000,0.0183,0.0183,0.3496
31-AUG-2026,519359,61.43,63.50,-0.0331,0.0307,0.0307,0.5865
31-AUG-2026,519367,410.00,400.00,0.0247,0.0321,0.0320,0.6114
31-AUG-2026,519413,58.50,58.36,0.0024,0.0147,0.0146,0.2789
31-AUG-2026,519415,50.00,50.00,0.0000,0.0090,0.0089,0.1700
31-AUG-2026,519439,25.65,27.00,-0.0513,0.0113,0.0119,0.2273
31-AUG-2026,519457,32.12,32.19,-0.0022,0.0319,0.0318,0.6075
31-AUG-2026,519463,37.10,39.05,-0.0512,0.0348,0.0349,0.6668
31-AUG-2026,519471,244.90,238.75,0.0254,0.0403,0.0402,0.7680
31-AUG-2026,519475,75.00,75.00,0.0000,0.0286,0.0285,0.5445
31-AUG-2026,519477,1381.00,1375.25,0.0042,0.0384,0.0383,0.7317
31-AUG-2026,519479,8.50,8.50,0.0000,0.0338,0.0337,0.6438
31-AUG-2026,519483,25.75,24.53,0.0485,0.0431,0.0431,0.8234
31-AUG-2026,519500,8.57,9.49,-0.1020,0.0374,0.0380,0.7260
31-AUG-2026,519506,20.50,20.00,0.0247,0.0285,0.0285,0.5445
31-AUG-2026,519566,165.15,164.05,0.0067,0.0293,0.0293,0.5598
31-AUG-2026,519574,38.49,37.02,0.0389,0.0383,0.0383,0.7317
31-AUG-2026,519604,15.90,16.51,-0.0376,0.0415,0.0415,0.7929
31-AUG-2026,519606,141.00,134.45,0.0476,0.0290,0.0292,0.5579
31-AUG-2026,519612,66.02,66.73,-0.0107,0.0351,0.0350,0.6687
31-AUG-2026,520075,115.65,116.30,-0.0056,0.0213,0.0212,0.4050
31-AUG-2026,520081,19.75,19.75,0.0000,0.0187,0.0186,0.3554
31-AUG-2026,520121,14.25,15.00,-0.0513,0.0343,0.0344,0.6572
31-AUG-2026,520123,64.00,64.00,0.0000,0.0307,0.0306,0.5846
31-AUG-2026,520127,12.28,12.33,-0.0041,0.0377,0.0376,0.7183
31-AUG-2026,520131,24.04,24.04,0.0000,0.0255,0.0254,0.4853
31-AUG-2026,520141,7.81,8.01,-0.0253,0.0334,0.0334,0.6381
31-AUG-2026,520155,37.48,37.20,0.0075,0.0300,0.0299,0.5712
31-AUG-2026,521003,49.47,49.47,0.0000,0.0153,0.0153,0.2923
31-AUG-2026,521005,0.94,0.95,-0.0106,0.0356,0.0355,0.6782
31-AUG-2026,521036,45.35,44.47,0.0196,0.0184,0.0184,0.3515
31-AUG-2026,521048,28.50,28.50,0.0000,0.0350,0.0349,0.6668
31-AUG-2026,521054,7.90,7.90,0.0000,0.0380,0.0379,0.7241
31-AUG-2026,521062,3.68,3.72,-0.0108,0.0341,0.0340,0.6496
31-AUG-2026,521068,43.32,45.60,-0.0513,0.0268,0.0270,0.5158
31-AUG-2026,521080,5.81,5.44,0.0658,0.0442,0.0443,0.8464
31-AUG-2026,521105,25.40,24.93,0.0187,0.0374,0.0373,0.7126
31-AUG-2026,521113,71.61,74.77,-0.0432,0.0303,0.0303,0.5789
31-AUG-2026,521131,21.50,21.76,-0.0120,0.0266,0.0265,0.5063
31-AUG-2026,521133,4.75,4.75,0.0000,0.0199,0.0199,0.3802
31-AUG-2026,521137,6.34,6.25,0.0143,0.0351,0.0350,0.6687
31-AUG-2026,521141,15.33,15.86,-0.0340,0.0283,0.0283,0.5407
31-AUG-2026,521149,8.65,8.72,-0.0081,0.0398,0.0397,0.7585
31-AUG-2026,521151,52.20,52.00,0.0038,0.0285,0.0285,0.5445
31-AUG-2026,521161,29.92,28.50,0.0486,0.0369,0.0369,0.7050
31-AUG-2026,521167,161.33,158.17,0.0198,0.1026,0.1024,1.9563
31-AUG-2026,521178,56.97,54.58,0.0429,0.0337,0.0338,0.6457
31-AUG-2026,521188,20.66,19.68,0.0486,0.0245,0.0247,0.4719
31-AUG-2026,521206,1.26,1.41,-0.1125,0.0392,0.0399,0.7623
31-AUG-2026,521210,14.45,14.40,0.0035,0.0284,0.0283,0.5407
31-AUG-2026,521216,73.07,76.18,-0.0417,0.0281,0.0282,0.5388
31-AUG-2026,521222,27.95,27.95,0.0000,0.0291,0.0290,0.5540
31-AUG-2026,521226,24.60,25.00,-0.0161,0.0428,0.0427,0.8158
31-AUG-2026,521228,2.35,2.36,-0.0042,0.0273,0.0272,0.5197
31-AUG-2026,521232,70.30,70.30,0.0000,0.0284,0.0284,0.5426
31-AUG-2026,521234,26.49,26.89,-0.0150,0.0480,0.0479,0.9151
31-AUG-2026,521238,121.58,101.32,0.1823,0.0378,0.0399,0.7623
31-AUG-2026,521242,42.95,41.49,0.0346,0.0238,0.0239,0.4566
31-AUG-2026,521244,148.00,144.00,0.0274,0.0281,0.0281,0.5368
31-AUG-2026,522001,79.31,80.66,-0.0169,0.0371,0.0370,0.7069
31-AUG-2026,522017,736.10,740.30,-0.0057,0.0322,0.0321,0.6133
31-AUG-2026,522027,709.00,709.95,-0.0013,0.0280,0.0279,0.5330
31-AUG-2026,522036,68.78,68.78,0.0000,0.0258,0.0257,0.4910
31-AUG-2026,522091,35.56,34.78,0.0222,0.0392,0.0391,0.7470
31-AUG-2026,522134,151.75,150.30,0.0096,0.0324,0.0323,0.6171
31-AUG-2026,522152,87.95,88.50,-0.0062,0.0363,0.0363,0.6935
31-AUG-2026,522165,40.97,40.86,0.0027,0.0283,0.0282,0.5388
31-AUG-2026,522171,8.45,8.45,0.0000,0.0216,0.0216,0.4127
31-AUG-2026,522207,60.28,61.90,-0.0265,0.0327,0.0326,0.6228
31-AUG-2026,522209,6.23,6.60,-0.0577,0.0415,0.0415,0.7929
31-AUG-2026,522231,98.69,99.09,-0.0040,0.0401,0.0400,0.7642
31-AUG-2026,522237,25.03,24.60,0.0173,0.0505,0.0504,0.9629
31-AUG-2026,522245,22.16,22.16,0.0000,0.0345,0.0344,0.6572
31-AUG-2026,522251,189.70,193.55,-0.0201,0.0378,0.0378,0.7222
31-AUG-2026,522267,38.99,38.87,0.0031,0.0443,0.0442,0.8444
31-AUG-2026,522273,173.35,173.35,0.0000,0.0405,0.0404,0.7718
31-AUG-2026,522289,39.83,40.45,-0.0154,0.0381,0.0380,0.7260
31-AUG-2026,522292,65.73,64.31,0.0218,0.0350,0.0349,0.6668
31-AUG-2026,522294,169.55,173.95,-0.0256,0.0305,0.0305,0.5827
31-AUG-2026,522650,109.00,106.10,0.0270,0.0365,0.0365,0.6973
31-AUG-2026,523019,18.09,18.42,-0.0181,0.0315,0.0315,0.6018
31-AUG-2026,523021,39.73,39.80,-0.0018,0.0379,0.0378,0.7222
31-AUG-2026,523054,1845.75,1845.75,0.0000,0.0254,0.0253,0.4834
31-AUG-2026,523062,46.00,46.00,0.0000,0.0363,0.0362,0.6916
31-AUG-2026,523100,201.50,206.00,-0.0221,0.0360,0.0359,0.6859
31-AUG-2026,523105,3.55,3.73,-0.0495,0.0389,0.0389,0.7432
31-AUG-2026,523113,25.42,25.42,0.0000,0.0223,0.0223,0.4260
31-AUG-2026,523116,671.05,665.00,0.0091,0.0247,0.0246,0.4700
31-AUG-2026,523120,85.10,86.26,-0.0135,0.0389,0.0388,0.7413
31-AUG-2026,523151,12.50,12.50,0.0000,0.0433,0.0432,0.8253
31-AUG-2026,523160,1839.25,1723.55,0.0650,0.0244,0.0248,0.4738
31-AUG-2026,523186,199.00,217.00,-0.0866,0.0366,0.0370,0.7069
31-AUG-2026,523222,24.95,23.77,0.0484,0.0314,0.0315,0.6018
31-AUG-2026,523232,79.76,78.60,0.0147,0.0321,0.0320,0.6114
31-AUG-2026,523242,3.45,3.63,-0.0509,0.0388,0.0389,0.7432
31-AUG-2026,523248,260.60,257.40,0.0124,0.0313,0.0312,0.5961
31-AUG-2026,523277,0.40,0.39,0.0253,0.0352,0.0352,0.6725
31-AUG-2026,523289,167.60,174.30,-0.0392,0.0389,0.0389,0.7432
31-AUG-2026,523309,60.94,61.65,-0.0116,0.0328,0.0327,0.6247
31-AUG-2026,523315,0.89,0.89,0.0000,0.0568,0.0566,1.0813
31-AUG-2026,523343,10.00,10.00,0.0000,0.0000,0.0000,0.0000
31-AUG-2026,523351,14.99,15.77,-0.0507,0.0182,0.0185,0.3534
31-AUG-2026,523373,4.79,5.04,-0.0509,0.0341,0.0342,0.6534
31-AUG-2026,523387,2.04,1.95,0.0451,0.0262,0.0263,0.5025
31-AUG-2026,523411,2425.00,2402.00,0.0095,0.0341,0.0341,0.6515
31-AUG-2026,523425,12.67,12.70,-0.0024,0.0250,0.0250,0.4776
31-AUG-2026,523449,124.05,122.85,0.0097,0.0395,0.0394,0.7527
31-AUG-2026,523465,50.05,50.15,-0.0020,0.0310,0.0309,0.5903
31-AUG-2026,523467,3.00,2.95,0.0168,0.0348,0.0348,0.6649
31-AUG-2026,523489,37.50,38.24,-0.0195,0.0344,0.0343,0.6553
31-AUG-2026,523519,7.49,7.15,0.0465,0.0358,0.0359,0.6859
31-AUG-2026,523537,57.01,58.53,-0.0263,0.0268,0.0268,0.5120
31-AUG-2026,523550,33.21,33.95,-0.0220,0.0338,0.0338,0.6457
31-AUG-2026,523566,46.75,46.96,-0.0045,0.0397,0.0396,0.7566
31-AUG-2026,523586,46.16,46.17,-0.0002,0.0203,0.0203,0.3878
31-AUG-2026,523594,20.80,21.22,-0.0200,0.0375,0.0374,0.7145
31-AUG-2026,523620,100.02,95.59,0.0453,0.0392,0.0392,0.7489
31-AUG-2026,523650,40.42,39.82,0.0150,0.0419,0.0418,0.7986
31-AUG-2026,523652,51.81,51.81,0.0000,0.0316,0.0316,0.6037
31-AUG-2026,523672,46.78,45.01,0.0386,0.0331,0.0331,0.6324
31-AUG-2026,523676,320.25,320.45,-0.0006,0.0308,0.0307,0.5865
31-AUG-2026,523696,45.79,46.02,-0.0050,0.0220,0.0220,0.4203
31-AUG-2026,523712,5.67,5.67,0.0000,0.0220,0.0220,0.4203
31-AUG-2026,523722,4.87,5.08,-0.0422,0.0341,0.0342,0.6534
31-AUG-2026,523732,62.50,62.95,-0.0072,0.0359,0.0358,0.6840
31-AUG-2026,523752,2.71,2.79,-0.0291,0.0331,0.0331,0.6324
31-AUG-2026,523782,13.02,13.51,-0.0369,0.0412,0.0412,0.7871
31-AUG-2026,523790,8.85,9.31,-0.0507,0.0232,0.0234,0.4471
31-AUG-2026,523826,26.50,25.50,0.0385,0.0347,0.0348,0.6649
31-AUG-2026,523832,15.01,15.78,-0.0500,0.0406,0.0406,0.7757
31-AUG-2026,523840,14.65,14.79,-0.0095,0.0305,0.0305,0.5827
31-AUG-2026,523844,49.46,48.95,0.0104,0.0381,0.0380,0.7260
31-AUG-2026,523874,95.85,94.10,0.0184,0.0347,0.0346,0.6610
31-AUG-2026,523888,160.65,153.00,0.0488,0.0297,0.0298,0.5693
31-AUG-2026,523896,52.40,52.40,0.0000,0.0409,0.0408,0.7795
31-AUG-2026,524031,4.99,5.01,-0.0040,0.0245,0.0245,0.4681
31-AUG-2026,524038,4.43,4.20,0.0533,0.0455,0.0455,0.8693
31-AUG-2026,524055,91.81,87.44,0.0488,0.0246,0.0248,0.4738
31-AUG-2026,524080,58.19,59.90,-0.0290,0.0315,0.0315,0.6018
31-AUG-2026,524136,428.05,428.50,-0.0011,0.0313,0.0313,0.5980
31-AUG-2026,524156,42.65,41.52,0.0269,0.0359,0.0358,0.6840
31-AUG-2026,524174,12.68,13.10,-0.0326,0.0365,0.0365,0.6973
31-AUG-2026,524202,106.60,105.05,0.0146,0.0323,0.0322,0.6152
31-AUG-2026,524204,116.50,113.55,0.0256,0.0301,0.0301,0.5751
31-AUG-2026,524210,31.52,32.10,-0.0182,0.0483,0.0482,0.9209
31-AUG-2026,524218,164.60,163.05,0.0095,0.0295,0.0294,0.5617
31-AUG-2026,524238,11.00,11.57,-0.0505,0.0263,0.0265,0.5063
31-AUG-2026,524288,48.11,47.78,0.0069,0.0313,0.0312,0.5961
31-AUG-2026,524314,39.28,38.37,0.0234,0.0399,0.0398,0.7604
31-AUG-2026,524322,19.82,19.97,-0.0075,0.0299,0.0299,0.5712
31-AUG-2026,524336,203.85,194.15,0.0488,0.0352,0.0353,0.6744
31-AUG-2026,524400,72.70,74.00,-0.0177,0.0340,0.0340,0.6496
31-AUG-2026,524408,186.05,193.90,-0.0413,0.0374,0.0374,0.7145
31-AUG-2026,524414,15.00,15.64,-0.0418,0.0393,0.0394,0.7527
31-AUG-2026,524434,9.75,9.61,0.0145,0.0291,0.0291,0.5560
31-AUG-2026,524440,41.65,39.44,0.0545,0.0349,0.0351,0.6706
31-AUG-2026,524444,1.46,1.47,-0.0068,0.0333,0.0332,0.6343
31-AUG-2026,524458,8.41,8.60,-0.0223,0.0486,0.0485,0.9266
31-AUG-2026,524480,760.00,759.00,0.0013,0.0305,0.0304,0.5808
31-AUG-2026,524488,2.95,2.82,0.0451,0.0334,0.0334,0.6381
31-AUG-2026,524502,97.05,92.43,0.0488,0.0280,0.0282,0.5388
31-AUG-2026,524504,12.81,12.81,0.0000,0.0143,0.0142,0.2713
31-AUG-2026,524506,622.15,643.15,-0.0332,0.0279,0.0280,0.5349
31-AUG-2026,524514,25.61,26.95,-0.0510,0.0245,0.0248,0.4738
31-AUG-2026,524516,12.60,12.00,0.0488,0.0353,0.0354,0.6763
31-AUG-2026,524522,25.75,25.56,0.0074,0.0385,0.0384,0.7336
31-AUG-2026,524534,109.70,113.75,-0.0363,0.0389,0.0389,0.7432
31-AUG-2026,524548,94.25,93.96,0.0031,0.0411,0.0410,0.7833
31-AUG-2026,524564,7.50,7.40,0.0134,0.0320,0.0319,0.6094
31-AUG-2026,524572,31.79,31.98,-0.0060,0.0332,0.0332,0.6343
31-AUG-2026,524576,19.30,19.33,-0.0016,0.0311,0.0310,0.5923
31-AUG-2026,524580,22.00,21.00,0.0465,0.0362,0.0362,0.6916
31-AUG-2026,524582,127.50,139.00,-0.0864,0.0323,0.0328,0.6266
31-AUG-2026,524590,18.91,18.91,0.0000,0.0420,0.0419,0.8005
31-AUG-2026,524592,14.49,13.53,0.0685,0.0324,0.0326,0.6228
31-AUG-2026,524594,109.55,113.30,-0.0337,0.0374,0.0374,0.7145
31-AUG-2026,524602,18.60,18.00,0.0328,0.0408,0.0407,0.7776
31-AUG-2026,524604,12.89,12.28,0.0485,0.0241,0.0243,0.4643
31-AUG-2026,524606,23.49,22.92,0.0246,0.0406,0.0406,0.7757
31-AUG-2026,524614,5.70,5.76,-0.0105,0.0323,0.0322,0.6152
31-AUG-2026,524622,55.00,54.70,0.0055,0.0338,0.0337,0.6438
31-AUG-2026,524624,19.63,19.61,0.0010,0.0424,0.0423,0.8081
31-AUG-2026,524628,21.00,20.52,0.0231,0.0378,0.0378,0.7222
31-AUG-2026,524636,56.08,57.78,-0.0299,0.0367,0.0366,0.6992
31-AUG-2026,524640,64.02,63.65,0.0058,0.0280,0.0279,0.5330
31-AUG-2026,524661,0.24,0.22,0.0870,0.0354,0.0358,0.6840
31-AUG-2026,524663,15.53,15.86,-0.0210,0.0262,0.0262,0.5006
31-AUG-2026,524675,19.86,19.48,0.0193,0.0414,0.0413,0.7890
31-AUG-2026,524687,11.53,11.51,0.0017,0.0272,0.0271,0.5177
31-AUG-2026,524703,37.74,38.20,-0.0121,0.0276,0.0275,0.5254
31-AUG-2026,524711,6.27,6.34,-0.0111,0.0402,0.0401,0.7661
31-AUG-2026,524717,376.30,382.55,-0.0165,0.0362,0.0361,0.6897
31-AUG-2026,524723,121.00,121.00,0.0000,0.0178,0.0178,0.3401
31-AUG-2026,524727,29.88,31.45,-0.0512,0.0310,0.0311,0.5942
31-AUG-2026,524748,27.08,27.95,-0.0316,0.0349,0.0349,0.6668
31-AUG-2026,524752,5.49,5.85,-0.0635,0.0400,0.0402,0.7680
31-AUG-2026,524768,23.54,24.99,-0.0598,0.0373,0.0374,0.7145
31-AUG-2026,524790,273.85,280.60,-0.0243,0.0390,0.0390,0.7451
31-AUG-2026,524808,19.70,19.60,0.0051,0.0365,0.0364,0.6954
31-AUG-2026,524818,103.95,105.60,-0.0157,0.0326,0.0325,0.6209
31-AUG-2026,524828,504.60,513.35,-0.0172,0.0300,0.0300,0.5731
31-AUG-2026,526001,25.49,23.58,0.0779,0.0376,0.0379,0.7241
31-AUG-2026,526025,13.36,13.06,0.0227,0.0329,0.0328,0.6266
31-AUG-2026,526043,47.89,47.04,0.0179,0.0310,0.0310,0.5923
31-AUG-2026,526071,1074.60,1078.15,-0.0033,0.0689,0.0687,1.3125
31-AUG-2026,526073,878.15,863.00,0.0174,0.0338,0.0337,0.6438
31-AUG-2026,526075,49.75,48.78,0.0197,0.0330,0.0330,0.6305
31-AUG-2026,526081,27.24,26.71,0.0196,0.0435,0.0435,0.8311
31-AUG-2026,526095,49.00,50.50,-0.0302,0.0442,0.0441,0.8425
31-AUG-2026,526113,18.55,18.55,0.0000,0.0385,0.0384,0.7336
31-AUG-2026,526115,8.75,8.75,0.0000,0.0409,0.0408,0.7795
31-AUG-2026,526133,6.00,6.00,0.0000,0.0440,0.0439,0.8387
31-AUG-2026,526137,106.15,105.12,0.0098,0.0393,0.0392,0.7489
31-AUG-2026,526139,2.83,2.90,-0.0244,0.0375,0.0374,0.7145
31-AUG-2026,526143,7.68,6.46,0.1730,0.0411,0.0428,0.8177
31-AUG-2026,526159,77.91,82.45,-0.0566,0.0272,0.0274,0.5235
31-AUG-2026,526161,122.85,117.00,0.0488,0.0527,0.0526,1.0049
31-AUG-2026,526169,178.65,176.80,0.0104,0.0244,0.0243,0.4643
31-AUG-2026,526179,327.00,331.50,-0.0137,0.0311,0.0310,0.5923
31-AUG-2026,526187,6.00,6.00,0.0000,0.0392,0.0391,0.7470
31-AUG-2026,526193,12.67,12.30,0.0296,0.0368,0.0368,0.7031
31-AUG-2026,526211,61.00,60.94,0.0010,0.0367,0.0366,0.6992
31-AUG-2026,526231,66.99,60.94,0.0947,0.0356,0.0362,0.6916
31-AUG-2026,526237,44.99,45.90,-0.0200,0.0351,0.0351,0.6706
31-AUG-2026,526241,32.74,33.14,-0.0121,0.0363,0.0363,0.6935
31-AUG-2026,526251,36.35,34.75,0.0450,0.0423,0.0423,0.8081
31-AUG-2026,526269,127.00,132.00,-0.0386,0.0350,0.0351,0.6706
31-AUG-2026,526315,48.54,50.57,-0.0410,0.0244,0.0245,0.4681
31-AUG-2026,526335,6.47,6.53,-0.0092,0.0440,0.0439,0.8387
31-AUG-2026,526345,20.50,21.44,-0.0448,0.0367,0.0368,0.7031
31-AUG-2026,526355,59.79,62.05,-0.0371,0.0406,0.0406,0.7757
31-AUG-2026,526373,51.90,50.95,0.0185,0.0301,0.0301,0.5751
31-AUG-2026,526409,6.83,6.86,-0.0044,0.0324,0.0323,0.6171
31-AUG-2026,526415,3.30,3.44,-0.0415,0.0356,0.0356,0.6801
31-AUG-2026,526431,23.37,23.37,0.0000,0.0251,0.0250,0.4776
31-AUG-2026,526433,4980.05,5005.70,-0.0051,0.0328,0.0327,0.6247
31-AUG-2026,526435,75.00,75.00,0.0000,0.0362,0.0361,0.6897
31-AUG-2026,526439,9.00,9.03,-0.0033,0.0420,0.0419,0.8005
31-AUG-2026,526441,1.21,1.16,0.0422,0.0418,0.0418,0.7986
31-AUG-2026,526443,84.53,87.14,-0.0304,0.0331,0.0331,0.6324
31-AUG-2026,526445,7.81,7.94,-0.0165,0.0348,0.0347,0.6629
31-AUG-2026,526468,19.50,19.50,0.0000,0.0381,0.0380,0.7260
31-AUG-2026,526471,19.66,20.00,-0.0171,0.0275,0.0274,0.5235
31-AUG-2026,526473,4.70,4.71,-0.0021,0.0311,0.0310,0.5923
31-AUG-2026,526477,41.47,41.47,0.0000,0.0284,0.0283,0.5407
31-AUG-2026,526479,95.48,95.51,-0.0003,0.0327,0.0326,0.6228
31-AUG-2026,526488,115.50,121.55,-0.0511,0.0288,0.0289,0.5521
31-AUG-2026,526490,4.54,4.40,0.0313,0.0343,0.0343,0.6553
31-AUG-2026,526492,110.00,107.01,0.0276,0.0266,0.0266,0.5082
31-AUG-2026,526494,9.30,8.86,0.0485,0.0375,0.0376,0.7183
31-AUG-2026,526500,23.29,23.29,0.0000,0.0355,0.0354,0.6763
31-AUG-2026,526504,6.64,6.98,-0.0499,0.0000,0.0035,0.0669
31-AUG-2026,526508,11.33,11.19,0.0124,0.0301,0.0300,0.5731
31-AUG-2026,526519,121.25,121.25,0.0000,0.0291,0.0291,0.5560
31-AUG-2026,526525,17.97,18.90,-0.0505,0.0357,0.0358,0.6840
31-AUG-2026,526530,130.20,130.80,-0.0046,0.0275,0.0275,0.5254
31-AUG-2026,526532,8.33,8.18,0.0182,0.0441,0.0440,0.8406
31-AUG-2026,526546,144.25,147.85,-0.0247,0.0361,0.0361,0.6897
31-AUG-2026,526554,28.00,28.80,-0.0282,0.0243,0.0243,0.4643
31-AUG-2026,526570,4080.50,4009.55,0.0175,0.0300,0.0299,0.5712
31-AUG-2026,526574,20.99,21.25,-0.0123,0.0358,0.0358,0.6840
31-AUG-2026,526588,11.60,11.05,0.0486,0.0366,0.0367,0.7012
31-AUG-2026,526604,209.00,220.00,-0.0513,0.0405,0.0406,0.7757
31-AUG-2026,526614,96.15,97.99,-0.0190,0.0371,0.0371,0.7088
31-AUG-2026,526616,40.04,41.22,-0.0290,0.0242,0.0242,0.4623
31-AUG-2026,526622,0.39,0.40,-0.0253,0.0287,0.0287,0.5483
31-AUG-2026,526628,36.60,36.60,0.0000,0.0271,0.0270,0.5158
31-AUG-2026,526638,65.50,64.60,0.0138,0.0338,0.0337,0.6438
31-AUG-2026,526640,27.10,27.38,-0.0103,0.0349,0.0348,0.6649
31-AUG-2026,526675,26.00,26.29,-0.0111,0.0504,0.0503,0.9610
31-AUG-2026,526703,435.10,450.00,-0.0337,0.0310,0.0310,0.5923
31-AUG-2026,526705,164.90,161.00,0.0239,0.0280,0.0280,0.5349
31-AUG-2026,526709,7.12,7.09,0.0042,0.0298,0.0297,0.5674
31-AUG-2026,526711,26.24,27.02,-0.0293,0.0349,0.0348,0.6649
31-AUG-2026,526717,263.80,251.25,0.0487,0.0364,0.0365,0.6973
31-AUG-2026,526727,52.96,52.97,-0.0002,0.0362,0.0361,0.6897
31-AUG-2026,526739,462.85,477.80,-0.0318,0.0228,0.0229,0.4375
31-AUG-2026,526747,213.10,215.40,-0.0107,0.0284,0.0284,0.5426
31-AUG-2026,526751,23.61,23.61,0.0000,0.0239,0.0239,0.4566
31-AUG-2026,526755,6.28,6.28,0.0000,0.0357,0.0357,0.6820
31-AUG-2026,526761,21.20,19.35,0.0913,0.0411,0.0415,0.7929
31-AUG-2026,526775,1246.95,1142.75,0.0873,0.0326,0.0331,0.6324
31-AUG-2026,526795,6.00,6.00,0.0000,0.0266,0.0265,0.5063
31-AUG-2026,526799,14.76,14.76,0.0000,0.0215,0.0214,0.4088
31-AUG-2026,526813,10.99,10.60,0.0361,0.0511,0.0510,0.9744
31-AUG-2026,526823,3.78,3.60,0.0488,0.0337,0.0338,0.6457
31-AUG-2026,526827,105.55,101.30,0.0411,0.1142,0.1140,2.1780
31-AUG-2026,526839,13.65,13.65,0.0000,0.0418,0.0417,0.7967
31-AUG-2026,526841,12.21,11.63,0.0487,0.0382,0.0383,0.7317
31-AUG-2026,526847,24.24,23.88,0.0150,0.0329,0.0328,0.6266
31-AUG-2026,526851,131.50,131.50,0.0000,0.0269,0.0268,0.5120
31-AUG-2026,526859,0.82,0.77,0.0629,0.0393,0.0395,0.7546
31-AUG-2026,526861,132.10,130.70,0.0107,0.0269,0.0269,0.5139
31-AUG-2026,526865,5.00,5.00,0.0000,0.0350,0.0349,0.6668
31-AUG-2026,526869,16.31,17.16,-0.0508,0.0334,0.0335,0.6400
31-AUG-2026,526871,14.90,14.40,0.0341,0.0399,0.0399,0.7623
31-AUG-2026,526873,56.80,56.80,0.0000,0.0291,0.0290,0.5540
31-AUG-2026,526877,18.41,18.50,-0.0049,0.0344,0.0343,0.6553
31-AUG-2026,526883,11.25,11.25,0.0000,0.0228,0.0227,0.4337
31-AUG-2026,526887,8.93,8.93,0.0000,0.0218,0.0218,0.4165
31-AUG-2026,526891,15.22,15.22,0.0000,0.0331,0.0331,0.6324
31-AUG-2026,526899,8.39,8.33,0.0072,0.0269,0.0269,0.5139
31-AUG-2026,526901,40.71,42.90,-0.0524,0.0375,0.0376,0.7183
31-AUG-2026,526905,8.31,8.49,-0.0214,0.0360,0.0359,0.6859
31-AUG-2026,526935,4.38,4.18,0.0467,0.1687,0.1683,3.2154
31-AUG-2026,526941,2.70,2.70,0.0000,0.0296,0.0296,0.5655
31-AUG-2026,526945,89.80,88.00,0.0202,0.0316,0.0315,0.6018
31-AUG-2026,526959,15.31,15.31,0.0000,0.0109,0.0109,0.2082
31-AUG-2026,526961,5.25,5.30,-0.0095,0.0372,0.0371,0.7088
31-AUG-2026,526965,95.52,96.50,-0.0102,0.0289,0.0288,0.5502
31-AUG-2026,526967,6.61,6.30,0.0480,0.0470,0.0470,0.8979
31-AUG-2026,526971,277.20,278.65,-0.0052,0.0315,0.0314,0.5999
31-AUG-2026,526977,30.47,32.07,-0.0512,0.0175,0.0178,0.3401
31-AUG-2026,526983,15.47,15.47,0.0000,0.0156,0.0155,0.2961
31-AUG-2026,527005,138.75,139.00,-0.0018,0.0431,0.0429,0.8196
31-AUG-2026,530025,17.87,17.91,-0.0022,0.0363,0.0362,0.6916
31-AUG-2026,530027,8.45,8.50,-0.0059,0.0402,0.0401,0.7661
31-AUG-2026,530035,36.20,36.20,0.0000,0.0206,0.0206,0.3936
31-AUG-2026,530037,65.00,62.69,0.0362,0.0399,0.0399,0.7623
31-AUG-2026,530043,331.35,333.00,-0.0050,0.0314,0.0313,0.5980
31-AUG-2026,530045,40.96,41.08,-0.0029,0.0300,0.0300,0.5731
31-AUG-2026,530053,4.93,4.92,0.0020,0.0305,0.0304,0.5808
31-AUG-2026,530055,102.73,102.73,0.0000,0.0227,0.0227,0.4337
31-AUG-2026,530057,1.70,1.73,-0.0175,0.0326,0.0325,0.6209
31-AUG-2026,530063,4.30,4.30,0.0000,0.0323,0.0322,0.6152
31-AUG-2026,530065,15.50,15.51,-0.0006,0.0339,0.0338,0.6457
31-AUG-2026,530077,161.55,164.75,-0.0196,0.0223,0.0223,0.4260
31-AUG-2026,530093,4.60,4.60,0.0000,0.0139,0.0138,0.2636
31-AUG-2026,530109,1.89,1.88,0.0053,0.0327,0.0327,0.6247
31-AUG-2026,530111,29.00,29.25,-0.0086,0.0388,0.0387,0.7394
31-AUG-2026,530119,41.45,40.33,0.0274,0.0387,0.0386,0.7375
31-AUG-2026,530125,240.75,240.95,-0.0008,0.0312,0.0311,0.5942
31-AUG-2026,530127,20.45,19.81,0.0318,0.0424,0.0424,0.8101
31-AUG-2026,530133,67.65,65.03,0.0395,0.0379,0.0379,0.7241
31-AUG-2026,530139,85.56,83.90,0.0196,0.0449,0.0448,0.8559
31-AUG-2026,530141,46.17,48.30,-0.0451,0.0431,0.0431,0.8234
31-AUG-2026,530145,26.36,26.89,-0.0199,0.0329,0.0328,0.6266
31-AUG-2026,530151,3.59,3.58,0.0028,0.0275,0.0274,0.5235
31-AUG-2026,530163,172.35,178.55,-0.0353,0.0346,0.0346,0.6610
31-AUG-2026,530167,20.96,21.38,-0.0198,0.0298,0.0297,0.5674
31-AUG-2026,530169,27.50,26.57,0.0344,0.0296,0.0296,0.5655
31-AUG-2026,530171,28.49,28.50,-0.0004,0.0420,0.0419,0.8005
31-AUG-2026,530173,21.60,21.60,0.0000,0.0264,0.0263,0.5025
31-AUG-2026,530175,35.82,35.59,0.0064,0.0371,0.0370,0.7069
31-AUG-2026,530177,21.95,21.95,0.0000,0.0124,0.0123,0.2350
31-AUG-2026,530179,73.86,72.42,0.0197,0.0303,0.0302,0.5770
31-AUG-2026,530185,4.70,4.68,0.0043,0.0271,0.0270,0.5158
31-AUG-2026,530187,4.25,4.20,0.0118,0.0453,0.0452,0.8635
31-AUG-2026,530197,432.40,444.00,-0.0265,0.0338,0.0338,0.6457
31-AUG-2026,530201,2.15,2.23,-0.0365,0.0302,0.0303,0.5789
31-AUG-2026,530207,22.76,23.95,-0.0510,0.0336,0.0337,0.6438
31-AUG-2026,530213,79.50,84.90,-0.0657,0.0338,0.0340,0.6496
31-AUG-2026,530215,85.95,85.00,0.0111,0.0297,0.0297,0.5674
31-AUG-2026,530217,7.82,7.60,0.0285,0.0311,0.0311,0.5942
31-AUG-2026,530219,250.00,250.00,0.0000,0.0211,0.0210,0.4012
31-AUG-2026,530231,66.50,66.50,0.0000,0.0243,0.0242,0.4623
31-AUG-2026,530233,235.45,232.20,0.0139,0.0288,0.0287,0.5483
31-AUG-2026,530249,8.38,8.51,-0.0154,0.0400,0.0400,0.7642
31-AUG-2026,530251,0.47,0.48,-0.0211,0.0458,0.0458,0.8750
31-AUG-2026,530253,10.05,10.50,-0.0438,0.0305,0.0306,0.5846
31-AUG-2026,530255,10.22,10.12,0.0098,0.0394,0.0393,0.7508
31-AUG-2026,530259,54.99,53.80,0.0219,0.0425,0.0424,0.8101
31-AUG-2026,530263,0.46,0.46,0.0000,0.0307,0.0306,0.5846
31-AUG-2026,530265,34.49,33.62,0.0255,0.0401,0.0401,0.7661
31-AUG-2026,530267,66.57,64.85,0.0262,0.0378,0.0378,0.7222
31-AUG-2026,530271,9.04,9.50,-0.0496,0.0368,0.0369,0.7050
31-AUG-2026,530281,39.07,38.31,0.0196,0.0331,0.0331,0.6324
31-AUG-2026,530289,50.39,50.39,0.0000,0.0368,0.0367,0.7012
31-AUG-2026,530291,41.00,40.11,0.0219,0.0259,0.0259,0.4948
31-AUG-2026,530295,24.20,24.20,0.0000,0.0188,0.0188,0.3592
31-AUG-2026,530309,10.62,10.51,0.0104,0.0303,0.0303,0.5789
31-AUG-2026,530313,29.35,28.00,0.0471,0.0379,0.0379,0.7241
31-AUG-2026,530315,119.50,118.40,0.0092,0.0269,0.0268,0.5120
31-AUG-2026,530317,98.00,100.00,-0.0202,0.0309,0.0309,0.5903
31-AUG-2026,530357,1.37,1.39,-0.0145,0.0329,0.0328,0.6266
31-AUG-2026,530361,38.00,38.00,0.0000,0.0415,0.0414,0.7909
31-AUG-2026,530369,39.93,38.61,0.0336,0.0411,0.0411,0.7852
31-AUG-2026,530401,51.60,50.28,0.0259,0.0320,0.0320,0.6114
31-AUG-2026,530405,35.82,35.98,-0.0045,0.0275,0.0275,0.5254
31-AUG-2026,530407,33.02,33.03,-0.0003,0.0328,0.0327,0.6247
31-AUG-2026,530421,9.99,9.99,0.0000,0.0460,0.0459,0.8769
31-AUG-2026,530427,257.20,250.00,0.0284,0.0401,0.0401,0.7661
31-AUG-2026,530429,26.92,27.01,-0.0033,0.0400,0.0399,0.7623
31-AUG-2026,530439,4.85,4.42,0.0928,0.0529,0.0532,1.0164
31-AUG-2026,530443,13.98,13.72,0.0188,0.0351,0.0351,0.6706
31-AUG-2026,530445,1.53,1.54,-0.0065,0.0394,0.0393,0.7508
31-AUG-2026,530449,51.16,48.89,0.0454,0.0322,0.0323,0.6171
31-AUG-2026,530457,42.99,43.31,-0.0074,0.0365,0.0364,0.6954
31-AUG-2026,530459,46.43,41.85,0.1039,0.0378,0.0385,0.7355
31-AUG-2026,530461,12.18,12.10,0.0066,0.0280,0.0279,0.5330
31-AUG-2026,530469,36.65,34.91,0.0486,0.0302,0.0303,0.5789
31-AUG-2026,530477,298.15,295.05,0.0105,0.0278,0.0277,0.5292
31-AUG-2026,530495,60.30,60.30,0.0000,0.0359,0.0358,0.6840
31-AUG-2026,530525,2.17,2.22,-0.0228,0.0327,0.0326,0.6228
31-AUG-2026,530537,34.00,34.00,0.0000,0.0178,0.0177,0.3382
31-AUG-2026,530545,184.25,187.65,-0.0183,0.0288,0.0287,0.5483
31-AUG-2026,530547,15.00,15.00,0.0000,0.0282,0.0281,0.5368
31-AUG-2026,530557,0.71,0.72,-0.0140,0.0330,0.0329,0.6286
31-AUG-2026,530565,9.39,9.83,-0.0458,0.0319,0.0320,0.6114
31-AUG-2026,530571,7.70,7.62,0.0104,0.0316,0.0316,0.6037
31-AUG-2026,530581,5.48,5.76,-0.0498,0.0354,0.0354,0.6763
31-AUG-2026,530585,177.45,179.75,-0.0129,0.0363,0.0362,0.6916
31-AUG-2026,530589,151.55,153.90,-0.0154,0.0328,0.0327,0.6247
31-AUG-2026,530595,23.41,22.88,0.0229,0.0450,0.0449,0.8578
31-AUG-2026,530601,51.47,51.47,0.0000,0.0320,0.0319,0.6094
31-AUG-2026,530609,98.26,98.26,0.0000,0.0423,0.0422,0.8062
31-AUG-2026,530611,0.24,0.24,0.0000,0.0222,0.0222,0.4241
31-AUG-2026,530615,169.70,175.60,-0.0342,0.0356,0.0356,0.6801
31-AUG-2026,530617,5.47,5.42,0.0092,0.0339,0.0338,0.6457
31-AUG-2026,530621,89.45,90.50,-0.0117,0.0323,0.0322,0.6152
31-AUG-2026,530627,267.85,265.70,0.0081,0.0307,0.0306,0.5846
31-AUG-2026,530663,1.10,1.10,0.0000,0.0482,0.0481,0.9189
31-AUG-2026,530665,3.14,3.09,0.0161,0.0276,0.0276,0.5273
31-AUG-2026,530669,86.45,91.00,-0.0513,0.0317,0.0318,0.6075
31-AUG-2026,530675,48.95,48.95,0.0000,0.0344,0.0343,0.6553
31-AUG-2026,530683,11.45,11.45,0.0000,0.0049,0.0049,0.0936
31-AUG-2026,530689,53.19,53.17,0.0004,0.0349,0.0348,0.6649
31-AUG-2026,530695,24.19,23.17,0.0431,0.0395,0.0395,0.7546
31-AUG-2026,530697,29.87,25.30,0.1661,0.0387,0.0404,0.7718
31-AUG-2026,530705,42.00,42.14,-0.0033,0.0306,0.0306,0.5846
31-AUG-2026,530709,88.03,91.99,-0.0440,0.0398,0.0398,0.7604
31-AUG-2026,530711,62.21,63.25,-0.0166,0.0327,0.0326,0.6228
31-AUG-2026,530723,105.00,108.00,-0.0282,0.0331,0.0331,0.6324
31-AUG-2026,530733,12.51,12.51,0.0000,0.0401,0.0400,0.7642
31-AUG-2026,530735,37.70,37.74,-0.0011,0.0315,0.0314,0.5999
31-AUG-2026,530741,271.25,259.05,0.0460,0.0400,0.0401,0.7661
31-AUG-2026,530747,18.65,18.73,-0.0043,0.0374,0.0373,0.7126
31-AUG-2026,530755,8.90,8.90,0.0000,0.0420,0.0419,0.8005
31-AUG-2026,530757,131.00,131.00,0.0000,0.0151,0.0151,0.2885
31-AUG-2026,530765,19.40,19.40,0.0000,0.0335,0.0334,0.6381
31-AUG-2026,530771,20.26,20.26,0.0000,0.0192,0.0192,0.3668
31-AUG-2026,530779,13.58,14.28,-0.0503,0.0340,0.0341,0.6515
31-AUG-2026,530787,77.00,75.92,0.0141,0.0288,0.0287,0.5483
31-AUG-2026,530789,157.05,166.50,-0.0584,0.0335,0.0337,0.6438
31-AUG-2026,530795,9.70,9.70,0.0000,0.0352,0.0351,0.6706
31-AUG-2026,530797,17.00,17.00,0.0000,0.0243,0.0242,0.4623
31-AUG-2026,530799,29.50,30.99,-0.0493,0.0404,0.0404,0.7718
31-AUG-2026,530805,6.29,5.81,0.0794,0.0377,0.0381,0.7279
31-AUG-2026,530809,39.69,39.17,0.0132,0.0405,0.0404,0.7718
31-AUG-2026,530821,15.14,14.62,0.0349,0.0440,0.0439,0.8387
31-AUG-2026,530825,47.08,46.16,0.0197,0.0334,0.0334,0.6381
31-AUG-2026,530829,38.48,38.85,-0.0096,0.0326,0.0325,0.6209
31-AUG-2026,530839,13.46,13.51,-0.0037,0.0397,0.0396,0.7566
31-AUG-2026,530853,89.75,94.45,-0.0510,0.0340,0.0341,0.6515
31-AUG-2026,530855,68.00,68.00,0.0000,0.0267,0.0266,0.5082
31-AUG-2026,530881,4.72,4.83,-0.0230,0.0343,0.0343,0.6553
31-AUG-2026,530883,14.47,14.46,0.0007,0.0333,0.0332,0.6343
31-AUG-2026,530889,14.73,14.45,0.0192,0.0715,0.0713,1.3622
31-AUG-2026,530897,113.90,114.20,-0.0026,0.0328,0.0327,0.6247
31-AUG-2026,530899,55.00,55.00,0.0000,0.0294,0.0293,0.5598
31-AUG-2026,530907,15.00,15.40,-0.0263,0.0483,0.0483,0.9228
31-AUG-2026,530909,65.30,65.30,0.0000,0.0248,0.0248,0.4738
31-AUG-2026,530917,15.75,15.75,0.0000,0.0171,0.0170,0.3248
31-AUG-2026,530921,8.39,8.47,-0.0095,0.0224,0.0224,0.4280
31-AUG-2026,530925,79.95,86.73,-0.0814,0.0365,0.0369,0.7050
31-AUG-2026,530927,64.20,67.47,-0.0497,0.0140,0.0144,0.2751
31-AUG-2026,530929,639.85,646.30,-0.0100,0.0000,0.0007,0.0134
31-AUG-2026,530931,12.53,12.53,0.0000,0.0358,0.0357,0.6820
31-AUG-2026,530951,43.23,44.40,-0.0267,0.0325,0.0325,0.6209
31-AUG-2026,530953,81.95,85.73,-0.0451,0.0285,0.0286,0.5464
31-AUG-2026,530959,29.73,32.22,-0.0804,0.0276,0.0281,0.5368
31-AUG-2026,530973,85.27,83.60,0.0198,0.0388,0.0387,0.7394
31-AUG-2026,530977,98.95,94.85,0.0423,0.0318,0.0319,0.6094
31-AUG-2026,530979,30.67,31.49,-0.0264,0.0266,0.0266,0.5082
31-AUG-2026,530985,17.54,18.46,-0.0511,0.0171,0.0174,0.3324
31-AUG-2026,530991,48.00,48.06,-0.0012,0.0388,0.0387,0.7394
31-AUG-2026,530993,34.30,36.10,-0.0511,0.0297,0.0298,0.5693
31-AUG-2026,530997,92.40,93.00,-0.0065,0.0317,0.0316,0.6037
31-AUG-2026,531003,89.20,89.20,0.0000,0.0319,0.0318,0.6075
31-AUG-2026,531015,15.71,15.98,-0.0170,0.0380,0.0380,0.7260
31-AUG-2026,531017,19.90,19.87,0.0015,0.0395,0.0394,0.7527
31-AUG-2026,531025,0.31,0.30,0.0328,0.0301,0.0301,0.5751
31-AUG-2026,531027,21.33,21.33,0.0000,0.0260,0.0259,0.4948
31-AUG-2026,531029,27.08,28.50,-0.0511,0.0025,0.0044,0.0841
31-AUG-2026,531033,16.48,15.95,0.0327,0.0465,0.0464,0.8865
31-AUG-2026,531039,6.50,6.50,0.0000,0.0265,0.0265,0.5063
31-AUG-2026,531043,26.50,26.50,0.0000,0.0328,0.0328,0.6266
31-AUG-2026,531049,60.90,59.71,0.0197,0.0326,0.0326,0.6228
31-AUG-2026,531051,14.45,14.45,0.0000,0.0321,0.0320,0.6114
31-AUG-2026,531065,117.45,118.60,-0.0097,0.0163,0.0163,0.3114
31-AUG-2026,531067,20.45,20.42,0.0015,0.0347,0.0346,0.6610
31-AUG-2026,531083,6.73,6.56,0.0256,0.0393,0.0393,0.7508
31-AUG-2026,531091,22.70,23.75,-0.0452,0.0425,0.0425,0.8120
31-AUG-2026,531099,36.33,36.79,-0.0126,0.0412,0.0411,0.7852
31-AUG-2026,531111,37.81,36.01,0.0488,0.0290,0.0291,0.5560
31-AUG-2026,531119,236.15,234.90,0.0053,0.0407,0.0406,0.7757
31-AUG-2026,531126,13.37,13.98,-0.0446,0.0336,0.0337,0.6438
31-AUG-2026,531127,15.70,15.63,0.0045,0.0392,0.0391,0.7470
31-AUG-2026,531129,9.10,9.10,0.0000,0.0341,0.0340,0.6496
31-AUG-2026,531137,1.34,1.37,-0.0221,0.0328,0.0327,0.6247
31-AUG-2026,531144,18.24,17.95,0.0160,0.0327,0.0327,0.6247
31-AUG-2026,531153,2.09,2.09,0.0000,0.0320,0.0319,0.6094
31-AUG-2026,531155,8.10,8.10,0.0000,0.0311,0.0310,0.5923
31-AUG-2026,531156,13.06,12.85,0.0162,0.0383,0.0383,0.7317
31-AUG-2026,531157,15.70,15.01,0.0449,0.0343,0.0344,0.6572
31-AUG-2026,531158,19.55,19.99,-0.0223,0.0298,0.0298,0.5693
31-AUG-2026,531163,54.56,54.00,0.0103,0.0340,0.0340,0.6496
31-AUG-2026,531164,0.69,0.69,0.0000,0.0044,0.0044,0.0841
31-AUG-2026,531168,159.00,159.00,0.0000,0.0392,0.0391,0.7470
31-AUG-2026,531169,102.00,103.02,-0.0100,0.0366,0.0366,0.6992
31-AUG-2026,531173,30.87,31.13,-0.0084,0.0295,0.0294,0.5617
31-AUG-2026,531176,12.00,11.56,0.0374,0.0324,0.0324,0.6190
31-AUG-2026,531178,10.03,9.64,0.0397,0.0430,0.0430,0.8215
31-AUG-2026,531190,99.20,94.49,0.0486,0.0348,0.0348,0.6649
31-AUG-2026,531191,76.25,75.88,0.0049,0.0203,0.0203,0.3878
31-AUG-2026,531199,159.20,160.00,-0.0050,0.0375,0.0374,0.7145
31-AUG-2026,531203,47.40,47.40,0.0000,0.0282,0.0282,0.5388
31-AUG-2026,531205,0.39,0.39,0.0000,0.0325,0.0324,0.6190
31-AUG-2026,531207,5.12,5.12,0.0000,0.0093,0.0093,0.1777
31-AUG-2026,531210,71.67,74.00,-0.0320,0.0406,0.0405,0.7738
31-AUG-2026,531212,39.20,39.00,0.0051,0.0368,0.0367,0.7012
31-AUG-2026,531219,3.62,3.62,0.0000,0.0262,0.0261,0.4986
31-AUG-2026,531221,18.18,18.18,0.0000,0.0345,0.0344,0.6572
31-AUG-2026,531223,26.90,25.70,0.0456,0.0285,0.0286,0.5464
31-AUG-2026,531227,62.45,62.45,0.0000,0.0419,0.0418,0.7986
31-AUG-2026,531228,13.72,13.14,0.0432,0.0226,0.0228,0.4356
31-AUG-2026,531233,12.08,12.12,-0.0033,0.0268,0.0267,0.5101
31-AUG-2026,531234,64.15,64.60,-0.0070,0.0311,0.0310,0.5923
31-AUG-2026,531235,48.00,49.21,-0.0249,0.0310,0.0310,0.5923
31-AUG-2026,531237,84.40,86.95,-0.0298,0.0332,0.0331,0.6324
31-AUG-2026,531240,25.96,25.96,0.0000,0.0236,0.0236,0.4509
31-AUG-2026,531246,16.09,16.60,-0.0312,0.0409,0.0408,0.7795
31-AUG-2026,531253,364.55,363.05,0.0041,0.0227,0.0226,0.4318
31-AUG-2026,531255,56.00,55.50,0.0090,0.0520,0.0519,0.9915
31-AUG-2026,531257,13.33,14.03,-0.0512,0.0423,0.0424,0.8101
31-AUG-2026,531259,44.29,45.19,-0.0201,0.0351,0.0350,0.6687
31-AUG-2026,531260,337.35,334.05,0.0098,0.0335,0.0335,0.6400
31-AUG-2026,531262,14.06,14.80,-0.0513,0.0271,0.0273,0.5216
31-AUG-2026,531265,32.30,32.30,0.0000,0.0142,0.0142,0.2713
31-AUG-2026,531268,23.74,23.96,-0.0092,0.0316,0.0315,0.6018
31-AUG-2026,531272,20.33,19.37,0.0484,0.0172,0.0175,0.3343
31-AUG-2026,531273,1.38,1.43,-0.0356,0.0308,0.0308,0.5884
31-AUG-2026,531274,60.99,60.99,0.0000,0.0315,0.0315,0.6018
31-AUG-2026,531278,99.65,102.50,-0.0282,0.0361,0.0360,0.6878
31-AUG-2026,531279,252.05,256.70,-0.0183,0.0321,0.0320,0.6114
31-AUG-2026,531280,133.74,127.38,0.0487,0.0377,0.0377,0.7203
31-AUG-2026,531281,120.00,119.95,0.0004,0.0287,0.0287,0.5483
31-AUG-2026,531283,9.98,9.98,0.0000,0.0245,0.0245,0.4681
31-AUG-2026,531286,23.10,23.10,0.0000,0.0231,0.0230,0.4394
31-AUG-2026,531287,217.00,221.00,-0.0183,0.0308,0.0308,0.5884
31-AUG-2026,531288,18.00,17.27,0.0414,0.0299,0.0300,0.5731
31-AUG-2026,531289,210.35,191.25,0.0952,0.0351,0.0356,0.6801
31-AUG-2026,531297,52.01,52.45,-0.0084,0.0263,0.0263,0.5025
31-AUG-2026,531300,3.18,3.03,0.0483,0.0320,0.0321,0.6133
31-AUG-2026,531301,120.00,120.00,0.0000,0.0338,0.0338,0.6457
31-AUG-2026,531304,25.34,25.34,0.0000,0.0342,0.0341,0.6515
31-AUG-2026,531306,507.00,511.35,-0.0085,0.0237,0.0236,0.4509
31-AUG-2026,531310,147.45,150.15,-0.0181,0.0235,0.0235,0.4490
31-AUG-2026,531314,13.71,13.71,0.0000,0.0282,0.0282,0.5388
31-AUG-2026,531319,37.69,37.64,0.0013,0.0382,0.0381,0.7279
31-AUG-2026,531323,12.64,12.64,0.0000,0.0314,0.0313,0.5980
31-AUG-2026,531324,23.45,22.75,0.0303,0.0316,0.0316,0.6037
31-AUG-2026,531328,0.46,0.47,-0.0215,0.0370,0.0370,0.7069
31-AUG-2026,531334,18.33,18.33,0.0000,0.0261,0.0260,0.4967
31-AUG-2026,531338,19.08,19.08,0.0000,0.0258,0.0257,0.4910
31-AUG-2026,531340,54.45,54.72,-0.0049,0.0351,0.0350,0.6687
31-AUG-2026,531341,14.77,15.54,-0.0508,0.0348,0.0349,0.6668
31-AUG-2026,531346,30.00,30.30,-0.0100,0.0328,0.0327,0.6247
31-AUG-2026,531352,20.45,20.47,-0.0010,0.0299,0.0298,0.5693
31-AUG-2026,531359,279.70,281.50,-0.0064,0.0310,0.0309,0.5903
31-AUG-2026,531360,27.55,27.55,0.0000,0.0320,0.0319,0.6094
31-AUG-2026,531364,214.65,218.55,-0.0180,0.0307,0.0306,0.5846
31-AUG-2026,531370,4.62,4.79,-0.0361,0.0415,0.0414,0.7909
31-AUG-2026,531380,89.70,94.42,-0.0513,0.0405,0.0405,0.7738
31-AUG-2026,531387,8.24,7.85,0.0485,0.0184,0.0187,0.3573
31-AUG-2026,531390,67.68,67.79,-0.0016,0.0333,0.0333,0.6362
31-AUG-2026,531395,1.03,1.01,0.0196,0.0322,0.0322,0.6152
31-AUG-2026,531396,8.00,8.00,0.0000,0.0332,0.0332,0.6343
31-AUG-2026,531397,25.10,25.00,0.0040,0.0342,0.0341,0.6515
31-AUG-2026,531398,111.85,106.90,0.0453,0.0318,0.0319,0.6094
31-AUG-2026,531399,163.05,163.50,-0.0028,0.0321,0.0320,0.6114
31-AUG-2026,531402,16.60,17.00,-0.0238,0.0329,0.0329,0.6286
31-AUG-2026,531406,26.04,24.80,0.0488,0.0318,0.0319,0.6094
31-AUG-2026,531409,35.21,35.21,0.0000,0.0267,0.0266,0.5082
31-AUG-2026,531411,0.99,1.00,-0.0101,0.0271,0.0270,0.5158
31-AUG-2026,531412,145.80,145.80,0.0000,0.0285,0.0284,0.5426
31-AUG-2026,531413,29.00,29.00,0.0000,0.0278,0.0277,0.5292
31-AUG-2026,531416,38.99,38.01,0.0255,0.0375,0.0374,0.7145
31-AUG-2026,531417,2.55,2.72,-0.0645,0.0355,0.0357,0.6820
31-AUG-2026,531420,7.30,7.12,0.0250,0.1306,0.1302,2.4875
31-AUG-2026,531432,13.00,13.00,0.0000,0.0351,0.0351,0.6706
31-AUG-2026,531433,2.73,2.79,-0.0217,0.0365,0.0365,0.6973
31-AUG-2026,531436,25.96,25.99,-0.0012,0.0371,0.0370,0.7069
31-AUG-2026,531437,22.37,22.94,-0.0252,0.0303,0.0303,0.5789
31-AUG-2026,531441,21.30,21.30,0.0000,0.0274,0.0273,0.5216
31-AUG-2026,531444,5.10,5.10,0.0000,0.0350,0.0349,0.6668
31-AUG-2026,531454,22.29,22.01,0.0126,0.0344,0.0343,0.6553
31-AUG-2026,531456,1.39,1.28,0.0824,0.0470,0.0472,0.9018
31-AUG-2026,531458,4.80,4.59,0.0447,0.0335,0.0336,0.6419
31-AUG-2026,531460,15.00,15.10,-0.0066,0.0384,0.0383,0.7317
31-AUG-2026,531463,83.73,82.09,0.0198,0.1268,0.1265,2.4168
31-AUG-2026,531465,0.33,0.34,-0.0299,0.0227,0.0228,0.4356
31-AUG-2026,531471,57.80,56.67,0.0197,0.0331,0.0331,0.6324
31-AUG-2026,531472,35.96,35.96,0.0000,0.0400,0.0399,0.7623
31-AUG-2026,531486,1.10,1.13,-0.0269,0.0329,0.0329,0.6286
31-AUG-2026,531496,10.68,10.68,0.0000,0.0192,0.0191,0.3649
31-AUG-2026,531499,1.16,1.20,-0.0339,0.0326,0.0326,0.6228
31-AUG-2026,531502,12.05,12.58,-0.0430,0.0215,0.0216,0.4127
31-AUG-2026,531503,40.65,41.97,-0.0320,0.0387,0.0387,0.7394
31-AUG-2026,531505,24.99,24.53,0.0186,0.0326,0.0326,0.6228
31-AUG-2026,531506,22.02,22.01,0.0005,0.0307,0.0306,0.5846
31-AUG-2026,531509,24.75,22.50,0.0953,0.0328,0.0334,0.6381
31-AUG-2026,531512,4.30,4.25,0.0117,0.0380,0.0379,0.7241
31-AUG-2026,531515,12.21,12.21,0.0000,0.0344,0.0344,0.6572
31-AUG-2026,531518,0.27,0.26,0.0377,0.0319,0.0320,0.6114
31-AUG-2026,531521,26.90,26.90,0.0000,0.0238,0.0237,0.4528
31-AUG-2026,531525,192.00,190.10,0.0099,0.0304,0.0303,0.5789
31-AUG-2026,531529,1.52,1.50,0.0132,0.0329,0.0329,0.6286
31-AUG-2026,531533,57.80,60.84,-0.0513,0.0374,0.0375,0.7164
31-AUG-2026,531537,44.91,42.78,0.0486,0.0368,0.0369,0.7050
31-AUG-2026,531539,37.43,37.49,-0.0016,0.0439,0.0438,0.8368
31-AUG-2026,531540,11.07,10.77,0.0275,0.0287,0.0287,0.5483
31-AUG-2026,531541,5.50,5.61,-0.0198,0.0352,0.0351,0.6706
31-AUG-2026,531550,173.55,172.35,0.0069,0.0324,0.0323,0.6171
31-AUG-2026,531552,13.42,12.99,0.0326,0.0316,0.0316,0.6037
31-AUG-2026,531553,35.48,34.07,0.0406,0.0416,0.0416,0.7948
31-AUG-2026,531557,39.53,41.61,-0.0513,0.0403,0.0404,0.7718
31-AUG-2026,531569,192.45,182.25,0.0545,0.0347,0.0348,0.6649
31-AUG-2026,531572,62.50,62.50,0.0000,0.0298,0.0297,0.5674
31-AUG-2026,531574,7.97,7.61,0.0462,0.0361,0.0362,0.6916
31-AUG-2026,531578,8.30,8.30,0.0000,0.0355,0.0354,0.6763
31-AUG-2026,531582,28.89,29.26,-0.0127,0.0366,0.0365,0.6973
31-AUG-2026,531583,38.50,37.50,0.0263,0.0378,0.0377,0.7203
31-AUG-2026,531585,8.55,8.55,0.0000,0.0278,0.0277,0.5292
31-AUG-2026,531591,19.09,19.10,-0.0005,0.0229,0.0229,0.4375
31-AUG-2026,531592,1.13,1.03,0.0927,0.0318,0.0324,0.6190
31-AUG-2026,531594,26.55,26.55,0.0000,0.0369,0.0369,0.7050
31-AUG-2026,531600,47.65,47.65,0.0000,0.0230,0.0229,0.4375
31-AUG-2026,531608,42.72,45.52,-0.0635,0.0438,0.0439,0.8387
31-AUG-2026,531609,165.95,165.95,0.0000,0.0326,0.0325,0.6209
31-AUG-2026,531613,2.67,2.72,-0.0186,0.0342,0.0341,0.6515
31-AUG-2026,531616,92.90,92.90,0.0000,0.0283,0.0282,0.5388
31-AUG-2026,531626,6.70,6.57,0.0196,0.0302,0.0302,0.5770
31-AUG-2026,531628,66.88,63.99,0.0442,0.0280,0.0281,0.5368
31-AUG-2026,531635,75.95,74.96,0.0131,0.0292,0.0292,0.5579
31-AUG-2026,531640,12.00,12.00,0.0000,0.0171,0.0171,0.3267
31-AUG-2026,531644,19.69,19.63,0.0031,0.0420,0.0418,0.7986
31-AUG-2026,531647,26.39,26.39,0.0000,0.0082,0.0081,0.1548
31-AUG-2026,531651,59.65,59.72,-0.0012,0.0321,0.0320,0.6114
31-AUG-2026,531652,79.94,80.05,-0.0014,0.0413,0.0412,0.7871
31-AUG-2026,531658,8.85,9.10,-0.0279,0.0263,0.0263,0.5025
31-AUG-2026,531661,14.91,14.20,0.0488,0.0471,0.0471,0.8998
31-AUG-2026,531663,8.50,8.57,-0.0082,0.0347,0.0346,0.6610
31-AUG-2026,531667,53.27,54.35,-0.0201,0.0358,0.0358,0.6840
31-AUG-2026,531668,2.90,2.77,0.0459,0.0521,0.0520,0.9935
31-AUG-2026,531671,1.28,1.26,0.0157,0.0324,0.0323,0.6171
31-AUG-2026,531672,31.35,33.00,-0.0513,0.0382,0.0383,0.7317
31-AUG-2026,531673,21.49,21.25,0.0112,0.0339,0.0339,0.6477
31-AUG-2026,531676,267.85,273.30,-0.0201,0.0233,0.0233,0.4451
31-AUG-2026,531677,397.15,418.05,-0.0513,0.0235,0.0237,0.4528
31-AUG-2026,531680,30.80,31.72,-0.0294,0.0453,0.0452,0.8635
31-AUG-2026,531681,0.80,0.84,-0.0488,0.0417,0.0418,0.7986
31-AUG-2026,531685,23.54,23.54,0.0000,0.0188,0.0188,0.3592
31-AUG-2026,531686,1.99,1.99,0.0000,0.0123,0.0123,0.2350
31-AUG-2026,531688,100.14,99.04,0.0110,0.0343,0.0342,0.6534
31-AUG-2026,531692,3.03,2.97,0.0200,0.0377,0.0377,0.7203
31-AUG-2026,531694,35.65,37.00,-0.0372,0.0316,0.0316,0.6037
31-AUG-2026,531716,1.34,1.41,-0.0509,0.0373,0.0374,0.7145
31-AUG-2026,531726,116.05,116.55,-0.0043,0.0313,0.0312,0.5961
31-AUG-2026,531735,27.00,27.00,0.0000,0.0087,0.0087,0.1662
31-AUG-2026,531737,0.52,0.50,0.0392,0.0193,0.0194,0.3706
31-AUG-2026,531739,12.62,12.91,-0.0227,0.0362,0.0361,0.6897
31-AUG-2026,531743,193.00,193.00,0.0000,0.0141,0.0140,0.2675
31-AUG-2026,531744,63.00,62.01,0.0158,0.0376,0.0376,0.7183
31-AUG-2026,531752,0.28,0.28,0.0000,0.0326,0.0325,0.6209
31-AUG-2026,531758,11.89,11.00,0.0778,0.0521,0.0523,0.9992
31-AUG-2026,531762,27.42,26.12,0.0486,0.0390,0.0391,0.7470
31-AUG-2026,531769,4.40,4.47,-0.0158,0.0330,0.0329,0.6286
31-AUG-2026,531778,31.40,30.15,0.0406,0.0399,0.0399,0.7623
31-AUG-2026,531779,16.45,17.30,-0.0504,0.0361,0.0362,0.6916
31-AUG-2026,531780,6.20,6.17,0.0049,0.0310,0.0310,0.5923
31-AUG-2026,531784,1.09,1.05,0.0374,0.0289,0.0289,0.5521
31-AUG-2026,531794,66.66,70.16,-0.0512,0.1076,0.1074,2.0519
31-AUG-2026,531797,116.05,116.05,0.0000,0.0352,0.0351,0.6706
31-AUG-2026,531802,24.45,24.05,0.0165,0.0309,0.0309,0.5903
31-AUG-2026,531810,55.00,53.72,0.0235,0.0319,0.0318,0.6075
31-AUG-2026,531812,0.66,0.57,0.1466,0.0394,0.0407,0.7776
31-AUG-2026,531813,95.00,100.00,-0.0513,0.0257,0.0259,0.4948
31-AUG-2026,531814,8.45,8.17,0.0337,0.0345,0.0345,0.6591
31-AUG-2026,531821,57.77,57.78,-0.0002,0.0293,0.0292,0.5579
31-AUG-2026,531822,144.65,148.00,-0.0229,0.0412,0.0411,0.7852
31-AUG-2026,531825,14.95,14.95,0.0000,0.0027,0.0027,0.0516
31-AUG-2026,531832,42.47,42.99,-0.0122,0.0332,0.0331,0.6324
31-AUG-2026,531834,37.59,37.59,0.0000,0.0389,0.0388,0.7413
31-AUG-2026,531840,23.37,23.47,-0.0043,0.0349,0.0348,0.6649
31-AUG-2026,531841,238.75,234.10,0.0197,0.0333,0.0333,0.6362
31-AUG-2026,531846,9.27,9.75,-0.0505,0.0398,0.0399,0.7623
31-AUG-2026,531861,49.08,49.26,-0.0037,0.0257,0.0256,0.4891
31-AUG-2026,531862,22.87,23.46,-0.0255,0.0267,0.0267,0.5101
31-AUG-2026,531867,3.57,3.43,0.0400,0.0338,0.0338,0.6457
31-AUG-2026,531869,3.71,3.76,-0.0134,0.0253,0.0253,0.4834
31-AUG-2026,531870,15.31,15.31,0.0000,0.0322,0.0321,0.6133
31-AUG-2026,531878,8.30,8.30,0.0000,0.0370,0.0369,0.7050
31-AUG-2026,531885,8.13,8.13,0.0000,0.0002,0.0002,0.0038
31-AUG-2026,531887,51.59,49.14,0.0487,0.0120,0.0125,0.2388
31-AUG-2026,531888,81.20,82.50,-0.0159,0.0304,0.0304,0.5808
31-AUG-2026,531889,22.29,22.66,-0.0165,0.0415,0.0414,0.7909
31-AUG-2026,531893,0.29,0.29,0.0000,0.0303,0.0302,0.5770
31-AUG-2026,531900,22.42,22.75,-0.0146,0.0410,0.0409,0.7814
31-AUG-2026,531902,36.75,35.47,0.0355,0.0411,0.0410,0.7833
31-AUG-2026,531909,1.15,1.18,-0.0258,0.0378,0.0378,0.7222
31-AUG-2026,531910,180.10,178.35,0.0098,0.0382,0.0381,0.7279
31-AUG-2026,531911,91.77,87.32,0.0497,0.0362,0.0363,0.6935
31-AUG-2026,531913,11.00,11.00,0.0000,0.0295,0.0295,0.5636
31-AUG-2026,531918,98.01,102.00,-0.0399,0.0357,0.0357,0.6820
31-AUG-2026,531923,145.75,146.90,-0.0079,0.0307,0.0306,0.5846
31-AUG-2026,531925,1.08,1.10,-0.0183,0.0577,0.0576,1.1004
31-AUG-2026,531928,10.55,10.55,0.0000,0.0203,0.0203,0.3878
31-AUG-2026,531929,4.88,4.65,0.0483,0.0307,0.0308,0.5884
31-AUG-2026,531930,26.48,25.75,0.0280,0.0415,0.0414,0.7909
31-AUG-2026,531944,18.50,17.82,0.0374,0.0411,0.0411,0.7852
31-AUG-2026,531950,3.21,3.33,-0.0367,0.0354,0.0354,0.6763
31-AUG-2026,531952,65.46,68.70,-0.0483,0.0286,0.0287,0.5483
31-AUG-2026,531959,1.97,1.92,0.0257,0.0317,0.0317,0.6056
31-AUG-2026,531960,6.11,6.11,0.0000,0.0275,0.0274,0.5235
31-AUG-2026,531962,38.99,38.94,0.0013,0.0370,0.0369,0.7050
31-AUG-2026,531968,51.69,51.69,0.0000,0.0504,0.0503,0.9610
31-AUG-2026,531971,172.50,172.50,0.0000,0.0190,0.0189,0.3611
31-AUG-2026,531977,9.54,9.73,-0.0197,0.0391,0.0390,0.7451
31-AUG-2026,531980,41.97,41.97,0.0000,0.0252,0.0251,0.4795
31-AUG-2026,531982,16.49,17.32,-0.0491,0.0386,0.0387,0.7394
31-AUG-2026,531989,22.10,23.20,-0.0486,0.0270,0.0272,0.5197
31-AUG-2026,531991,0.51,0.50,0.0198,0.0396,0.0395,0.7546
31-AUG-2026,531994,109.30,111.60,-0.0208,0.0308,0.0308,0.5884
31-AUG-2026,531997,61.50,61.61,-0.0018,0.0306,0.0305,0.5827
31-AUG-2026,532001,67.90,64.01,0.0590,0.0404,0.0405,0.7738
31-AUG-2026,532005,38.22,41.40,-0.0799,0.0376,0.0379,0.7241
31-AUG-2026,532007,24.05,22.91,0.0486,0.0296,0.0297,0.5674
31-AUG-2026,532011,64.40,63.00,0.0220,0.0371,0.0370,0.7069
31-AUG-2026,532015,13.59,12.98,0.0459,0.0387,0.0387,0.7394
31-AUG-2026,532016,149.40,148.80,0.0040,0.0311,0.0311,0.5942
31-AUG-2026,532024,15.08,15.08,0.0000,0.0070,0.0070,0.1337
31-AUG-2026,532039,46.25,46.94,-0.0148,0.0264,0.0264,0.5044
31-AUG-2026,532041,8.31,8.71,-0.0470,0.0352,0.0353,0.6744
31-AUG-2026,532042,33.49,33.63,-0.0042,0.0319,0.0318,0.6075
31-AUG-2026,532053,82.11,85.09,-0.0356,0.0383,0.0383,0.7317
31-AUG-2026,532056,134.55,133.75,0.0060,0.0339,0.0338,0.6457
31-AUG-2026,532057,108.40,102.85,0.0526,0.0398,0.0399,0.7623
31-AUG-2026,532070,102.40,107.65,-0.0500,0.0364,0.0365,0.6973
31-AUG-2026,532072,0.20,0.21,-0.0488,0.0000,0.0034,0.0650
31-AUG-2026,532078,20.95,22.00,-0.0489,0.0224,0.0226,0.4318
31-AUG-2026,532083,3.28,3.28,0.0000,0.0022,0.0022,0.0420
31-AUG-2026,532090,43.45,43.09,0.0083,0.0295,0.0294,0.5617
31-AUG-2026,532092,1.05,1.05,0.0000,0.0340,0.0339,0.6477
31-AUG-2026,532100,12.57,13.22,-0.0504,0.0411,0.0412,0.7871
31-AUG-2026,532102,66.30,64.90,0.0213,0.0368,0.0367,0.7012
31-AUG-2026,532105,30.36,30.36,0.0000,0.0000,0.0000,0.0000
31-AUG-2026,532113,8.40,8.55,-0.0177,0.0428,0.0427,0.8158
31-AUG-2026,532123,4.03,4.03,0.0000,0.0339,0.0338,0.6457
31-AUG-2026,532124,25.13,24.64,0.0197,0.0406,0.0405,0.7738
31-AUG-2026,532131,15.95,16.62,-0.0411,0.0429,0.0429,0.8196
31-AUG-2026,532139,7.89,7.52,0.0480,0.0050,0.0061,0.1165
31-AUG-2026,532145,11.00,11.20,-0.0180,0.0325,0.0325,0.6209
31-AUG-2026,532154,0.46,0.47,-0.0215,0.0306,0.0306,0.5846
31-AUG-2026,532159,8.15,8.40,-0.0302,0.0408,0.0407,0.7776
31-AUG-2026,532160,10.06,10.09,-0.0030,0.0231,0.0231,0.4413
31-AUG-2026,532164,1.40,1.34,0.0438,0.0328,0.0329,0.6286
31-AUG-2026,532167,10.47,11.02,-0.0512,0.0209,0.0212,0.4050
31-AUG-2026,532183,8.50,8.52,-0.0024,0.0304,0.0303,0.5789
31-AUG-2026,532217,22.79,23.74,-0.0408,0.0383,0.0383,0.7317
31-AUG-2026,532230,141.00,141.00,0.0000,0.0263,0.0262,0.5006
31-AUG-2026,532262,1186.00,1168.15,0.0152,0.0240,0.0239,0.4566
31-AUG-2026,532275,2.05,2.08,-0.0145,0.0286,0.0285,0.5445
31-AUG-2026,532284,24.76,25.82,-0.0419,0.0315,0.0315,0.6018
31-AUG-2026,532303,3.58,3.59,-0.0028,0.0479,0.0478,0.9132
31-AUG-2026,532304,64.49,66.70,-0.0337,0.0460,0.0459,0.8769
31-AUG-2026,532315,5.67,5.73,-0.0105,0.0409,0.0408,0.7795
31-AUG-2026,532320,9.42,9.65,-0.0241,0.0412,0.0411,0.7852
31-AUG-2026,532329,1641.40,1679.00,-0.0226,0.0382,0.0381,0.7279
31-AUG-2026,532336,1.90,1.90,0.0000,0.0080,0.0080,0.1528
31-AUG-2026,532340,3.70,3.40,0.0846,0.0461,0.0464,0.8865
31-AUG-2026,532344,196.65,195.55,0.0056,0.0294,0.0293,0.5598
31-AUG-2026,532350,3.95,3.89,0.0153,0.0332,0.0331,0.6324
31-AUG-2026,532354,3.17,3.12,0.0159,0.0416,0.0416,0.7948
31-AUG-2026,532355,8.40,8.00,0.0488,0.0428,0.0429,0.8196
31-AUG-2026,532359,2.39,2.28,0.0471,0.0374,0.0374,0.7145
31-AUG-2026,532362,203.25,203.40,-0.0007,0.0367,0.0366,0.6992
31-AUG-2026,532373,35.91,34.20,0.0488,0.0323,0.0324,0.6190
31-AUG-2026,532378,5.60,5.80,-0.0351,0.0551,0.0550,1.0508
31-AUG-2026,532379,6.76,6.47,0.0438,0.0376,0.0376,0.7183
31-AUG-2026,532380,13.99,14.77,-0.0543,0.0328,0.0329,0.6286
31-AUG-2026,532384,106.50,104.80,0.0161,0.0271,0.0271,0.5177
31-AUG-2026,532397,15.13,15.41,-0.0183,0.0376,0.0376,0.7183
31-AUG-2026,532402,9.10,9.24,-0.0153,0.0372,0.0371,0.7088
31-AUG-2026,532403,6.11,6.11,0.0000,0.0212,0.0211,0.4031
31-AUG-2026,532404,33.92,34.51,-0.0172,0.0276,0.0275,0.5254
31-AUG-2026,532425,40.52,39.77,0.0187,0.0387,0.0386,0.7375
31-AUG-2026,532435,48.22,49.05,-0.0171,0.1393,0.1389,2.6537
31-AUG-2026,532444,1.76,1.81,-0.0280,0.0336,0.0335,0.6400
31-AUG-2026,532455,18.22,18.22,0.0000,0.0334,0.0333,0.6362
31-AUG-2026,532470,5.49,5.49,0.0000,0.2452,0.2446,4.6731
31-AUG-2026,532645,2.62,2.80,-0.0664,0.0480,0.0481,0.9189
31-AUG-2026,532656,3.09,3.14,-0.0161,0.0338,0.0338,0.6457
31-AUG-2026,532676,10.38,10.22,0.0155,0.0431,0.0430,0.8215
31-AUG-2026,532701,34.77,33.12,0.0486,0.0351,0.0352,0.6725
31-AUG-2026,532744,8.86,9.05,-0.0212,0.0393,0.0392,0.7489
31-AUG-2026,532745,2.64,2.77,-0.0481,0.0291,0.0292,0.5579
31-AUG-2026,532806,21.06,22.15,-0.0505,0.0446,0.0447,0.8540
31-AUG-2026,532820,11.56,11.73,-0.0146,0.0348,0.0347,0.6629
31-AUG-2026,532825,6.70,6.46,0.0365,0.0472,0.0471,0.8998
31-AUG-2026,532829,196.50,201.25,-0.0239,0.0256,0.0256,0.4891
31-AUG-2026,532855,141.50,147.35,-0.0405,0.0334,0.0334,0.6381
31-AUG-2026,532911,6.17,6.29,-0.0193,0.0335,0.0335,0.6400
31-AUG-2026,532918,16.12,16.09,0.0019,0.0303,0.0302,0.5770
31-AUG-2026,532933,52.47,52.25,0.0042,0.0301,0.0300,0.5731
31-AUG-2026,532957,60.00,56.02,0.0686,0.0343,0.0346,0.6610
31-AUG-2026,532975,8.36,8.56,-0.0236,0.0368,0.0367,0.7012
31-AUG-2026,532985,84.63,84.89,-0.0031,0.0093,0.0093,0.1777
31-AUG-2026,532992,27.99,28.00,-0.0004,0.0352,0.0352,0.6725
31-AUG-2026,533006,18.72,17.83,0.0487,0.3412,0.3403,6.5014
31-AUG-2026,533007,6.79,6.85,-0.0088,0.0312,0.0311,0.5942
31-AUG-2026,533018,5415.00,5415.00,0.0000,0.0773,0.0771,1.4730
31-AUG-2026,533019,1375.00,1375.00,0.0000,0.0324,0.0324,0.6190
31-AUG-2026,533100,7.21,7.24,-0.0042,0.0315,0.0314,0.5999
31-AUG-2026,533101,115.45,115.40,0.0004,0.0385,0.0384,0.7336
31-AUG-2026,533110,14.19,13.52,0.0484,0.0389,0.0390,0.7451
31-AUG-2026,533149,6.52,6.90,-0.0566,0.0605,0.0605,1.1559
31-AUG-2026,533167,56.46,57.03,-0.0100,0.0317,0.0316,0.6037
31-AUG-2026,533202,3.73,3.79,-0.0160,0.0385,0.0384,0.7336
31-AUG-2026,533268,2.90,3.04,-0.0471,0.0378,0.0378,0.7222
31-AUG-2026,533285,15.94,16.28,-0.0211,0.0378,0.0378,0.7222
31-AUG-2026,533289,58.80,60.00,-0.0202,0.0336,0.0335,0.6400
31-AUG-2026,533315,141.25,139.90,0.0096,0.0391,0.0390,0.7451
31-AUG-2026,533407,229.90,232.25,-0.0102,0.0335,0.0334,0.6381
31-AUG-2026,533427,18.07,18.25,-0.0099,0.0313,0.0312,0.5961
31-AUG-2026,533602,0.76,0.76,0.0000,0.0243,0.0242,0.4623
31-AUG-2026,533608,166.35,169.20,-0.0170,0.0243,0.0243,0.4643
31-AUG-2026,533896,14.98,15.01,-0.0020,0.0396,0.0395,0.7546
31-AUG-2026,534060,1.71,1.71,0.0000,0.0296,0.0295,0.5636
31-AUG-2026,534063,40.47,40.47,0.0000,0.0402,0.0401,0.7661
31-AUG-2026,534064,2.36,2.32,0.0171,0.0371,0.0370,0.7069
31-AUG-2026,534190,2.96,2.96,0.0000,0.0509,0.0508,0.9705
31-AUG-2026,534338,10.76,10.50,0.0245,0.0414,0.0413,0.7890
31-AUG-2026,534422,9.60,9.27,0.0350,0.0336,0.0336,0.6419
31-AUG-2026,534535,8.08,7.70,0.0482,0.1608,0.1605,3.0663
31-AUG-2026,534612,18.16,18.22,-0.0033,0.0338,0.0337,0.6438
31-AUG-2026,534623,34.12,35.91,-0.0511,0.0357,0.0358,0.6840
31-AUG-2026,534639,21.35,21.35,0.0000,0.0375,0.0374,0.7145
31-AUG-2026,534691,14.43,14.91,-0.0327,0.0353,0.0353,0.6744
31-AUG-2026,534732,35.11,35.17,-0.0017,0.0319,0.0319,0.6094
31-AUG-2026,534733,40.42,38.50,0.0487,0.0347,0.0348,0.6649
31-AUG-2026,534755,2.36,2.48,-0.0496,0.0487,0.0487,0.9304
31-AUG-2026,534796,242.05,242.00,0.0002,0.0305,0.0304,0.5808
31-AUG-2026,534920,143.90,143.90,0.0000,0.0184,0.0184,0.3515
31-AUG-2026,535204,2.80,2.56,0.0896,0.0538,0.0540,1.0317
31-AUG-2026,535205,3.56,3.47,0.0256,0.0379,0.0378,0.7222
31-AUG-2026,535267,7.53,7.32,0.0283,0.0256,0.0256,0.4891
31-AUG-2026,535276,860.02,861.79,-0.0021,0.0010,0.0010,0.0191
31-AUG-2026,535387,58.21,59.15,-0.0160,0.0411,0.0410,0.7833
31-AUG-2026,535431,0.67,0.66,0.0150,0.0276,0.0275,0.5254
31-AUG-2026,535514,5.77,5.77,0.0000,0.0302,0.0301,0.5751
31-AUG-2026,535566,112.05,112.05,0.0000,0.0423,0.0422,0.8062
31-AUG-2026,535620,248.60,261.65,-0.0512,0.0419,0.0419,0.8005
31-AUG-2026,535657,6.79,6.75,0.0059,0.0431,0.0430,0.8215
31-AUG-2026,535667,250.50,228.00,0.0941,0.0478,0.0482,0.9209
31-AUG-2026,535719,27.50,27.06,0.0161,0.0350,0.0349,0.6668
31-AUG-2026,535730,0.47,0.48,-0.0211,0.0289,0.0288,0.5502
31-AUG-2026,535910,0.66,0.65,0.0153,0.0352,0.0352,0.6725
31-AUG-2026,535916,43.52,46.10,-0.0576,0.0386,0.0387,0.7394
31-AUG-2026,536073,1.21,1.12,0.0773,0.0291,0.0296,0.5655
31-AUG-2026,536493,296.95,293.90,0.0103,0.0278,0.0277,0.5292
31-AUG-2026,536565,82.50,81.90,0.0073,0.0329,0.0329,0.6286
31-AUG-2026,536659,2.90,3.00,-0.0339,0.0305,0.0305,0.5827
31-AUG-2026,536672,7.23,7.35,-0.0165,0.0289,0.0289,0.5521
31-AUG-2026,536709,15.11,15.12,-0.0007,0.0272,0.0271,0.5177
31-AUG-2026,536846,69.20,66.05,0.0466,0.0308,0.0309,0.5903
31-AUG-2026,536965,9.85,9.39,0.0478,0.0320,0.0321,0.6133
31-AUG-2026,537069,14.11,13.95,0.0114,0.0300,0.0299,0.5712
31-AUG-2026,537254,650.00,619.05,0.0488,0.2288,0.2282,4.3598
31-AUG-2026,537326,63.46,63.99,-0.0083,0.0326,0.0325,0.6209
31-AUG-2026,537392,331.50,316.25,0.0471,0.2082,0.2077,3.9681
31-AUG-2026,537536,70.20,71.34,-0.0161,0.0266,0.0266,0.5082
31-AUG-2026,537707,0.45,0.47,-0.0435,0.0388,0.0388,0.7413
31-AUG-2026,537709,4.25,4.05,0.0482,0.0266,0.0267,0.5101
31-AUG-2026,537766,1.80,1.82,-0.0110,0.0330,0.0329,0.6286
31-AUG-2026,537800,0.61,0.61,0.0000,0.0315,0.0314,0.5999
31-AUG-2026,537839,79.53,79.85,-0.0040,0.0339,0.0338,0.6457
31-AUG-2026,537840,43.30,43.30,0.0000,0.0342,0.0341,0.6515
31-AUG-2026,537985,19.33,20.14,-0.0410,0.0395,0.0395,0.7546
31-AUG-2026,538081,5.29,4.89,0.0786,0.0479,0.0481,0.9189
31-AUG-2026,538212,0.40,0.40,0.0000,0.0352,0.0351,0.6706
31-AUG-2026,538273,20.33,19.61,0.0361,0.0412,0.0412,0.7871
31-AUG-2026,538351,1.82,1.84,-0.0109,0.0319,0.0318,0.6075
31-AUG-2026,538382,72.45,72.34,0.0015,0.0295,0.0294,0.5617
31-AUG-2026,538395,80.00,81.70,-0.0210,0.0339,0.0339,0.6477
31-AUG-2026,538401,156.15,157.30,-0.0073,0.0343,0.0343,0.6553
31-AUG-2026,538422,0.40,0.38,0.0513,0.0312,0.0313,0.5980
31-AUG-2026,538451,3.40,3.45,-0.0146,0.0697,0.0696,1.3297
31-AUG-2026,538464,3.30,3.18,0.0370,0.0506,0.0506,0.9667
31-AUG-2026,538465,16.88,17.76,-0.0508,0.0478,0.0478,0.9132
31-AUG-2026,538476,26.91,27.33,-0.0155,0.0343,0.0343,0.6553
31-AUG-2026,538520,2.04,1.95,0.0451,0.0280,0.0281,0.5368
31-AUG-2026,538521,123.45,119.75,0.0304,0.0295,0.0295,0.5636
31-AUG-2026,538537,183.35,183.35,0.0000,0.0263,0.0262,0.5006
31-AUG-2026,538539,9.48,9.28,0.0213,0.0314,0.0314,0.5999
31-AUG-2026,538540,16.65,17.13,-0.0284,0.0302,0.0302,0.5770
31-AUG-2026,538542,30.50,29.47,0.0344,0.0596,0.0595,1.1367
31-AUG-2026,538546,155.70,156.50,-0.0051,0.0263,0.0262,0.5006
31-AUG-2026,538556,119.45,116.90,0.0216,0.0277,0.0277,0.5292
31-AUG-2026,538563,379.10,363.15,0.0430,0.0286,0.0286,0.5464
31-AUG-2026,538564,255.85,264.00,-0.0314,0.0230,0.0231,0.4413
31-AUG-2026,538565,205.20,213.65,-0.0404,0.0360,0.0360,0.6878
31-AUG-2026,538568,36.15,38.00,-0.0499,0.0328,0.0329,0.6286
31-AUG-2026,538569,0.94,0.93,0.0107,0.0447,0.0446,0.8521
31-AUG-2026,538596,4.90,5.14,-0.0478,0.0351,0.0352,0.6725
31-AUG-2026,538597,6.99,7.73,-0.1006,0.0327,0.0334,0.6381
31-AUG-2026,538609,56.50,56.49,0.0002,0.0405,0.0404,0.7718
31-AUG-2026,538610,0.85,0.81,0.0482,0.0367,0.0367,0.7012
31-AUG-2026,538611,47.25,47.25,0.0000,0.0333,0.0332,0.6343
31-AUG-2026,538634,156.00,156.00,0.0000,0.0311,0.0311,0.5942
31-AUG-2026,538646,40.17,40.01,0.0040,0.0333,0.0332,0.6343
31-AUG-2026,538647,35.00,35.54,-0.0153,0.0393,0.0393,0.7508
31-AUG-2026,538652,4.00,4.00,0.0000,0.0029,0.0029,0.0554
31-AUG-2026,538674,6.82,7.15,-0.0473,0.0313,0.0314,0.5999
31-AUG-2026,538683,884.96,889.32,-0.0049,0.0010,0.0010,0.0191
31-AUG-2026,538706,6.77,6.58,0.0285,0.0273,0.0274,0.5235
31-AUG-2026,538707,32.40,32.00,0.0124,0.0357,0.0356,0.6801
31-AUG-2026,538708,6.56,6.53,0.0046,0.0299,0.0298,0.5693
31-AUG-2026,538713,150.05,152.50,-0.0162,0.0329,0.0328,0.6266
31-AUG-2026,538714,39.05,39.49,-0.0112,0.0413,0.0412,0.7871
31-AUG-2026,538716,430.75,430.00,0.0017,0.0286,0.0285,0.5445
31-AUG-2026,538742,15.19,14.71,0.0321,0.0384,0.0384,0.7336
31-AUG-2026,538743,8.24,8.67,-0.0509,0.0309,0.0310,0.5923
31-AUG-2026,538770,12.21,12.29,-0.0065,0.0428,0.0427,0.8158
31-AUG-2026,538772,56.03,55.03,0.0180,0.0358,0.0357,0.6820
31-AUG-2026,538777,105.84,108.00,-0.0202,0.0197,0.0197,0.3764
31-AUG-2026,538778,7.05,6.88,0.0244,0.0333,0.0332,0.6343
31-AUG-2026,538786,205.00,206.00,-0.0049,0.0261,0.0260,0.4967
31-AUG-2026,538787,9.95,10.19,-0.0238,0.0394,0.0393,0.7508
31-AUG-2026,538788,12.12,12.80,-0.0546,0.0300,0.0302,0.5770
31-AUG-2026,538812,67.19,66.97,0.0033,0.0421,0.0420,0.8024
31-AUG-2026,538817,8.79,8.95,-0.0180,0.0267,0.0266,0.5082
31-AUG-2026,538833,9.15,9.62,-0.0501,0.0446,0.0447,0.8540
31-AUG-2026,538834,9.50,9.52,-0.0021,0.0336,0.0335,0.6400
31-AUG-2026,538837,71.66,73.15,-0.0206,0.0277,0.0277,0.5292
31-AUG-2026,538838,36.00,35.00,0.0282,0.0361,0.0361,0.6897
31-AUG-2026,538857,9.98,9.98,0.0000,0.0312,0.0311,0.5942
31-AUG-2026,538860,2.12,2.02,0.0483,0.0360,0.0361,0.6897
31-AUG-2026,538862,35.00,35.50,-0.0142,0.0438,0.0437,0.8349
31-AUG-2026,538863,7.05,7.05,0.0000,0.0000,0.0000,0.0000
31-AUG-2026,538868,20.12,19.96,0.0080,0.0386,0.0385,0.7355
31-AUG-2026,538874,20.80,21.68,-0.0414,0.0483,0.0483,0.9228
31-AUG-2026,538881,32.00,32.01,-0.0003,0.0336,0.0336,0.6419
31-AUG-2026,538882,52.41,51.66,0.0144,0.0339,0.0338,0.6457
31-AUG-2026,538894,19.41,19.50,-0.0046,0.0369,0.0368,0.7031
31-AUG-2026,538895,10.15,10.22,-0.0069,0.0385,0.0384,0.7336
31-AUG-2026,538897,17.14,16.33,0.0484,0.0258,0.0260,0.4967
31-AUG-2026,538918,7.79,7.58,0.0273,0.0362,0.0361,0.6897
31-AUG-2026,538919,21.00,22.00,-0.0465,0.0259,0.0261,0.4986
31-AUG-2026,538922,23.72,23.45,0.0114,0.0332,0.0331,0.6324
31-AUG-2026,538923,17.52,17.35,0.0098,0.0441,0.0440,0.8406
31-AUG-2026,538926,192.60,197.90,-0.0271,0.0327,0.0327,0.6247
31-AUG-2026,538928,1.39,1.34,0.0366,0.0350,0.0351,0.6706
31-AUG-2026,538935,66.68,66.54,0.0021,0.0282,0.0282,0.5388
31-AUG-2026,538952,1.10,1.10,0.0000,0.0557,0.0555,1.0603
31-AUG-2026,538964,768.00,773.65,-0.0073,0.0313,0.0312,0.5961
31-AUG-2026,538965,80.62,81.13,-0.0063,0.0299,0.0298,0.5693
31-AUG-2026,538975,0.20,0.19,0.0513,0.0306,0.0307,0.5865
31-AUG-2026,538987,615.50,598.45,0.0281,0.0230,0.0231,0.4413
31-AUG-2026,538992,4136.00,4149.00,-0.0031,0.0267,0.0266,0.5082
31-AUG-2026,538993,13.18,13.18,0.0000,0.0230,0.0229,0.4375
31-AUG-2026,539005,27.13,28.55,-0.0510,0.0234,0.0236,0.4509
31-AUG-2026,539011,75.73,73.24,0.0334,0.0296,0.0296,0.5655
31-AUG-2026,539012,79.00,79.00,0.0000,0.0375,0.0374,0.7145
31-AUG-2026,539013,69.41,70.00,-0.0085,0.0323,0.0322,0.6152
31-AUG-2026,539014,8.01,7.36,0.0846,0.0511,0.0514,0.9820
31-AUG-2026,539016,6.62,6.86,-0.0356,0.0393,0.0393,0.7508
31-AUG-2026,539017,4.99,5.00,-0.0020,0.0337,0.0336,0.6419
31-AUG-2026,539031,287.11,286.69,0.0015,0.0017,0.0017,0.0325
31-AUG-2026,539032,8.78,8.50,0.0324,0.0335,0.0335,0.6400
31-AUG-2026,539040,6.22,6.29,-0.0112,0.0327,0.0326,0.6228
31-AUG-2026,539090,30.50,30.35,0.0049,0.0338,0.0337,0.6438
31-AUG-2026,539091,1.17,1.15,0.0172,0.0338,0.0337,0.6438
31-AUG-2026,539096,11.36,11.36,0.0000,0.0330,0.0330,0.6305
31-AUG-2026,539097,3.67,3.77,-0.0269,0.0423,0.0422,0.8062
31-AUG-2026,539110,33.34,31.76,0.0486,0.0245,0.0247,0.4719
31-AUG-2026,539111,17.90,17.99,-0.0050,0.0402,0.0401,0.7661
31-AUG-2026,539115,305.20,312.75,-0.0244,0.0353,0.0353,0.6744
31-AUG-2026,539117,13.34,13.26,0.0060,0.0341,0.0340,0.6496
31-AUG-2026,539119,22.00,22.00,0.0000,0.0140,0.0140,0.2675
31-AUG-2026,539120,87.85,85.10,0.0318,0.0397,0.0397,0.7585
31-AUG-2026,539121,147.00,152.00,-0.0334,0.0396,0.0396,0.7566
31-AUG-2026,539122,11.24,13.04,-0.1485,0.0401,0.0413,0.7890
31-AUG-2026,539123,8.30,8.54,-0.0285,0.0364,0.0363,0.6935
31-AUG-2026,539124,18.29,18.86,-0.0307,0.0416,0.0416,0.7948
31-AUG-2026,539132,10.74,10.33,0.0389,0.0293,0.0294,0.5617
31-AUG-2026,539143,10.13,9.76,0.0372,0.0352,0.0352,0.6725
31-AUG-2026,539149,3.24,3.24,0.0000,0.0381,0.0380,0.7260
31-AUG-2026,539167,58.19,58.78,-0.0101,0.0287,0.0286,0.5464
31-AUG-2026,539174,21.65,21.73,-0.0037,0.0377,0.0376,0.7183
31-AUG-2026,539175,1.10,1.15,-0.0445,0.0314,0.0315,0.6018
31-AUG-2026,539176,76.03,76.92,-0.0116,0.0390,0.0389,0.7432
31-AUG-2026,539189,13.81,13.39,0.0309,0.0385,0.0385,0.7355
31-AUG-2026,539190,41.80,41.80,0.0000,0.0346,0.0346,0.6610
31-AUG-2026,539196,109.40,109.10,0.0027,0.0309,0.0308,0.5884
31-AUG-2026,539198,126.40,133.05,-0.0513,0.0257,0.0258,0.4929
31-AUG-2026,539200,11.49,11.27,0.0193,0.0209,0.0209,0.3993
31-AUG-2026,539206,30.00,28.87,0.0384,0.0380,0.0380,0.7260
31-AUG-2026,539216,1.13,1.13,0.0000,0.0306,0.0305,0.5827
31-AUG-2026,539217,0.26,0.27,-0.0377,0.0379,0.0379,0.7241
31-AUG-2026,539218,122.15,122.15,0.0000,0.0323,0.0323,0.6171
31-AUG-2026,539219,7.18,7.83,-0.0867,0.0301,0.0307,0.5865
31-AUG-2026,539220,42.95,43.00,-0.0012,0.0285,0.0284,0.5426
31-AUG-2026,539222,0.72,0.76,-0.0541,0.0387,0.0388,0.7413
31-AUG-2026,539224,40.30,40.30,0.0000,0.0358,0.0357,0.6820
31-AUG-2026,539227,151.05,152.00,-0.0063,0.0303,0.0302,0.5770
31-AUG-2026,539228,1.32,1.36,-0.0299,0.0285,0.0285,0.5445
31-AUG-2026,539230,89.54,89.54,0.0000,0.0139,0.0138,0.2636
31-AUG-2026,539246,178.25,178.25,0.0000,0.0257,0.0256,0.4891
31-AUG-2026,539255,452.35,464.55,-0.0266,0.0344,0.0344,0.6572
31-AUG-2026,539267,11.60,11.05,0.0486,0.0434,0.0434,0.8292
31-AUG-2026,539278,1.92,1.80,0.0645,0.0431,0.0433,0.8272
31-AUG-2026,539310,0.19,0.19,0.0000,0.0610,0.0608,1.1616
31-AUG-2026,539314,52.00,52.00,0.0000,0.0298,0.0297,0.5674
31-AUG-2026,539335,143.65,146.55,-0.0200,0.0294,0.0294,0.5617
31-AUG-2026,539353,197.50,200.95,-0.0173,0.0307,0.0307,0.5865
31-AUG-2026,539378,69.35,69.35,0.0000,0.0282,0.0281,0.5368
31-AUG-2026,539383,11.00,11.40,-0.0357,0.0347,0.0347,0.6629
31-AUG-2026,539384,41.70,41.38,0.0077,0.0293,0.0293,0.5598
31-AUG-2026,539391,28.22,29.10,-0.0307,0.0281,0.0281,0.5368
31-AUG-2026,539393,25.77,25.77,0.0000,0.0007,0.0007,0.0134
31-AUG-2026,539398,48.89,49.75,-0.0174,0.0267,0.0267,0.5101
31-AUG-2026,539402,3.71,3.60,0.0301,0.0497,0.0496,0.9476
31-AUG-2026,539405,12.24,11.86,0.0315,0.0398,0.0398,0.7604
31-AUG-2026,539406,67.50,64.35,0.0478,0.0291,0.0292,0.5579
31-AUG-2026,539408,56.22,53.55,0.0487,0.0403,0.0404,0.7718
31-AUG-2026,539409,19.00,19.01,-0.0005,0.0232,0.0231,0.4413
31-AUG-2026,539428,13.72,13.90,-0.0130,0.0285,0.0285,0.5445
31-AUG-2026,539434,10.26,10.26,0.0000,0.0070,0.0069,0.1318
31-AUG-2026,539435,19.34,19.48,-0.0072,0.0406,0.0405,0.7738
31-AUG-2026,539449,2.00,2.00,0.0000,0.0330,0.0329,0.6286
31-AUG-2026,539455,71.00,71.00,0.0000,0.0289,0.0288,0.5502
31-AUG-2026,539468,31.83,33.31,-0.0454,0.0287,0.0288,0.5502
31-AUG-2026,539470,0.50,0.50,0.0000,0.0237,0.0237,0.4528
31-AUG-2026,539479,66.72,66.87,-0.0022,0.0305,0.0304,0.5808
31-AUG-2026,539486,8.11,8.11,0.0000,0.0070,0.0070,0.1337
31-AUG-2026,539488,10.00,10.00,0.0000,0.0000,0.0000,0.0000
31-AUG-2026,539492,8.88,9.13,-0.0278,0.0300,0.0300,0.5731
31-AUG-2026,539494,8.28,8.39,-0.0132,0.0338,0.0338,0.6457
31-AUG-2026,539495,45.15,43.00,0.0488,0.0397,0.0397,0.7585
31-AUG-2026,539506,0.50,0.49,0.0202,0.0339,0.0339,0.6477
31-AUG-2026,539519,1.01,1.01,0.0000,0.0366,0.0365,0.6973
31-AUG-2026,539522,66.88,63.70,0.0487,0.0386,0.0386,0.7375
31-AUG-2026,539526,0.45,0.46,-0.0220,0.0313,0.0312,0.5961
31-AUG-2026,539527,667.35,662.70,0.0070,0.0311,0.0311,0.5942
31-AUG-2026,539528,32.00,27.40,0.1552,0.0752,0.0758,1.4482
31-AUG-2026,539543,13.12,13.12,0.0000,0.0000,0.0000,0.0000
31-AUG-2026,539544,8.46,8.46,0.0000,0.0353,0.0352,0.6725
31-AUG-2026,539546,331.80,327.10,0.0143,0.0177,0.0177,0.3382
31-AUG-2026,539552,11.78,11.94,-0.0135,0.0367,0.0366,0.6992
31-AUG-2026,539559,1.90,1.86,0.0213,0.0369,0.0368,0.7031
31-AUG-2026,539560,10.00,10.00,0.0000,0.0000,0.0000,0.0000
31-AUG-2026,539561,0.29,0.30,-0.0339,0.0359,0.0358,0.6840
31-AUG-2026,539593,15.33,15.14,0.0125,0.0462,0.0461,0.8807
31-AUG-2026,539594,3.43,3.48,-0.0145,0.0300,0.0299,0.5712
31-AUG-2026,539596,11.00,11.14,-0.0126,0.0511,0.0510,0.9744
31-AUG-2026,539598,28.99,29.29,-0.0103,0.0299,0.0298,0.5693
31-AUG-2026,539599,26.00,25.56,0.0171,0.0584,0.0582,1.1119
31-AUG-2026,539620,17.77,17.00,0.0443,0.0340,0.0340,0.6496
31-AUG-2026,539621,0.76,0.76,0.0000,0.0330,0.0329,0.6286
31-AUG-2026,539659,35.68,35.97,-0.0081,0.0324,0.0323,0.6171
31-AUG-2026,539661,119.00,120.80,-0.0150,0.0251,0.0251,0.4795
31-AUG-2026,539662,7.45,7.60,-0.0199,0.0382,0.0382,0.7298
31-AUG-2026,539669,1.55,1.51,0.0261,0.0339,0.0339,0.6477
31-AUG-2026,539673,1.86,1.90,-0.0213,0.0417,0.0416,0.7948
31-AUG-2026,539679,1.60,1.56,0.0253,0.0365,0.0365,0.6973
31-AUG-2026,539681,49.88,49.88,0.0000,0.0121,0.0121,0.2312
31-AUG-2026,539682,302.65,305.45,-0.0092,0.0240,0.0239,0.4566
31-AUG-2026,539683,10.00,10.00,0.0000,0.0000,0.0000,0.0000
31-AUG-2026,539691,10.00,10.00,0.0000,0.0000,0.0000,0.0000
31-AUG-2026,539692,13.99,13.99,0.0000,0.0368,0.0367,0.7012
31-AUG-2026,539697,65.80,63.25,0.0395,0.0371,0.0371,0.7088
31-AUG-2026,539724,201.70,203.95,-0.0111,0.0292,0.0292,0.5579
31-AUG-2026,539760,36.01,36.34,-0.0091,0.0333,0.0332,0.6343
31-AUG-2026,539761,0.86,0.88,-0.0230,0.0355,0.0354,0.6763
31-AUG-2026,539762,27.30,27.01,0.0107,0.0368,0.0367,0.7012
31-AUG-2026,539767,33.99,33.98,0.0003,0.0389,0.0388,0.7413
31-AUG-2026,539770,28.78,29.00,-0.0076,0.0375,0.0374,0.7145
31-AUG-2026,539798,23.32,23.82,-0.0212,0.0350,0.0350,0.6687
31-AUG-2026,539800,5.44,5.01,0.0823,0.0402,0.0406,0.7757
31-AUG-2026,539814,85.66,81.59,0.0487,0.0377,0.0378,0.7222
31-AUG-2026,539819,4.73,4.73,0.0000,0.0050,0.0050,0.0955
31-AUG-2026,539834,194.60,193.65,0.0049,0.0388,0.0387,0.7394
31-AUG-2026,539835,1.53,1.70,-0.1054,0.0551,0.0555,1.0603
31-AUG-2026,539884,2.16,2.17,-0.0046,0.0276,0.0276,0.5273
31-AUG-2026,539895,21.26,23.51,-0.1006,0.0378,0.0384,0.7336
31-AUG-2026,539900,9.62,9.74,-0.0124,0.0387,0.0386,0.7375
31-AUG-2026,539911,11.45,11.45,0.0000,0.0341,0.0340,0.6496
31-AUG-2026,539922,60.30,61.50,-0.0197,0.1156,0.1153,2.2028
31-AUG-2026,539927,285.45,285.45,0.0000,0.0199,0.0198,0.3783
31-AUG-2026,539938,27.17,28.00,-0.0301,0.0341,0.0341,0.6515
31-AUG-2026,539939,48.50,49.12,-0.0127,0.0318,0.0317,0.6056
31-AUG-2026,539946,23.31,26.41,-0.1249,0.0444,0.0451,0.8616
31-AUG-2026,539947,86.45,82.35,0.0486,0.0340,0.0341,0.6515
31-AUG-2026,539963,11.08,11.01,0.0063,0.0289,0.0288,0.5502
31-AUG-2026,539982,5.25,5.25,0.0000,0.0246,0.0246,0.4700
31-AUG-2026,539984,463.10,458.55,0.0099,0.0347,0.0346,0.6610
31-AUG-2026,540023,11.08,10.94,0.0127,0.0341,0.0340,0.6496
31-AUG-2026,540026,6.36,6.80,-0.0669,0.0451,0.0452,0.8635
31-AUG-2026,540062,325.00,325.00,0.0000,0.0201,0.0200,0.3821
31-AUG-2026,540063,13.20,13.20,0.0000,0.0360,0.0359,0.6859
31-AUG-2026,540066,54.57,57.44,-0.0513,0.0287,0.0289,0.5521
31-AUG-2026,540078,183.85,182.90,0.0052,0.0302,0.0301,0.5751
31-AUG-2026,540079,1.29,1.29,0.0000,0.0327,0.0326,0.6228
31-AUG-2026,540097,49.53,49.48,0.0010,0.0262,0.0261,0.4986
31-AUG-2026,540132,15.29,16.02,-0.0466,0.0527,0.0527,1.0068
31-AUG-2026,540134,10.62,10.12,0.0482,0.0373,0.0374,0.7145
31-AUG-2026,540135,0.50,0.51,-0.0198,0.0303,0.0303,0.5789
31-AUG-2026,540143,97.38,97.00,0.0039,0.0369,0.0368,0.7031
31-AUG-2026,540147,2.91,2.91,0.0000,0.0340,0.0339,0.6477
31-AUG-2026,540154,836.00,842.58,-0.0078,0.0006,0.0008,0.0153
31-AUG-2026,540159,4.90,4.90,0.0000,0.0500,0.0498,0.9514
31-AUG-2026,540168,33.74,33.46,0.0083,0.0268,0.0268,0.5120
31-AUG-2026,540174,20.75,20.71,0.0019,0.0319,0.0318,0.6075
31-AUG-2026,540175,48.01,47.32,0.0145,0.0285,0.0284,0.5426
31-AUG-2026,540181,36.00,33.73,0.0651,0.0418,0.0420,0.8024
31-AUG-2026,540189,13.93,13.93,0.0000,0.0585,0.0584,1.1157
31-AUG-2026,540190,0.32,0.33,-0.0308,0.0364,0.0364,0.6954
31-AUG-2026,540198,244.80,265.00,-0.0793,0.0342,0.0346,0.6610
31-AUG-2026,540199,45.00,43.92,0.0243,0.0325,0.0325,0.6209
31-AUG-2026,540204,47.18,47.99,-0.0170,0.0259,0.0259,0.4948
31-AUG-2026,540221,34.05,34.05,0.0000,0.0161,0.0160,0.3057
31-AUG-2026,540243,1.40,1.44,-0.0282,0.0356,0.0355,0.6782
31-AUG-2026,540252,10.02,10.21,-0.0188,0.0311,0.0311,0.5942
31-AUG-2026,540254,10.66,11.22,-0.0512,0.0694,0.0693,1.3240
31-AUG-2026,540259,0.25,0.25,0.0000,0.0373,0.0372,0.7107
31-AUG-2026,540266,17.95,17.84,0.0061,0.0344,0.0344,0.6572
31-AUG-2026,540267,6.84,7.20,-0.0513,0.0346,0.0347,0.6629
31-AUG-2026,540270,10.00,10.00,0.0000,0.0000,0.0000,0.0000
31-AUG-2026,540310,50.92,48.50,0.0487,0.0372,0.0373,0.7126
31-AUG-2026,540318,10.00,10.00,0.0000,0.0000,0.0000,0.0000
31-AUG-2026,540359,132.45,131.15,0.0099,0.0474,0.0473,0.9037
31-AUG-2026,540360,1.06,1.01,0.0483,0.0383,0.0384,0.7336
31-AUG-2026,540361,6.04,5.76,0.0475,0.0444,0.0444,0.8483
31-AUG-2026,540377,0.34,0.33,0.0299,0.0319,0.0319,0.6094
31-AUG-2026,540386,1.51,1.51,0.0000,0.0389,0.0388,0.7413
31-AUG-2026,540401,14.88,14.98,-0.0067,0.0174,0.0173,0.3305
31-AUG-2026,540404,169.20,168.20,0.0059,0.0284,0.0283,0.5407
31-AUG-2026,540405,57.00,56.40,0.0106,0.0363,0.0362,0.6916
31-AUG-2026,540455,116.00,115.00,0.0087,0.0320,0.0319,0.6094
31-AUG-2026,540467,321.10,338.00,-0.0513,0.0292,0.0294,0.5617
31-AUG-2026,540481,59.48,54.94,0.0794,0.0309,0.0313,0.5980
31-AUG-2026,540492,8.75,8.34,0.0480,0.0334,0.0334,0.6381
31-AUG-2026,540515,15.07,15.86,-0.0511,0.0399,0.0399,0.7623
31-AUG-2026,540519,34.50,34.92,-0.0121,0.0323,0.0322,0.6152
31-AUG-2026,540545,28.84,29.50,-0.0226,0.0284,0.0283,0.5407
31-AUG-2026,540570,4.45,4.24,0.0483,0.0372,0.0373,0.7126
31-AUG-2026,540590,57.96,58.45,-0.0084,0.0300,0.0300,0.5731
31-AUG-2026,540597,18.99,18.99,0.0000,0.0368,0.0367,0.7012
31-AUG-2026,540615,6.82,6.51,0.0465,0.0311,0.0312,0.5961
31-AUG-2026,540654,38.24,36.42,0.0488,0.0382,0.0383,0.7317
31-AUG-2026,540686,142.15,139.75,0.0170,0.0286,0.0286,0.5464
31-AUG-2026,540693,10.72,10.39,0.0313,0.0347,0.0347,0.6629
31-AUG-2026,540694,32.30,30.77,0.0485,0.0355,0.0356,0.6801
31-AUG-2026,540696,3.84,3.20,0.1823,0.0411,0.0429,0.8196
31-AUG-2026,540703,24.76,26.06,-0.0512,0.0352,0.0353,0.6744
31-AUG-2026,540717,9.45,9.92,-0.0485,0.0363,0.0364,0.6954
31-AUG-2026,540726,23.29,24.24,-0.0400,0.0336,0.0337,0.6438
31-AUG-2026,540727,17.42,17.37,0.0029,0.0290,0.0289,0.5521
31-AUG-2026,540730,1.24,1.24,0.0000,0.0313,0.0312,0.5961
31-AUG-2026,540738,8.16,7.97,0.0236,0.0247,0.0247,0.4719
31-AUG-2026,540786,19.55,20.57,-0.0509,0.0371,0.0372,0.7107
31-AUG-2026,540788,91.00,91.50,-0.0055,0.0374,0.0373,0.7126
31-AUG-2026,540796,174.00,174.00,0.0000,0.0272,0.0271,0.5177
31-AUG-2026,540809,29.41,29.38,0.0010,0.0298,0.0297,0.5674
31-AUG-2026,540821,2.09,2.00,0.0440,0.0307,0.0308,0.5884
31-AUG-2026,540829,14.13,13.46,0.0486,0.0442,0.0442,0.8444
31-AUG-2026,540874,93.16,86.51,0.0741,0.0286,0.0290,0.5540
31-AUG-2026,540904,112.99,108.00,0.0452,0.0317,0.0318,0.6075
31-AUG-2026,540914,1.45,1.48,-0.0205,0.0363,0.0362,0.6916
31-AUG-2026,540936,3.11,3.10,0.0032,0.0294,0.0293,0.5598
31-AUG-2026,540953,1.96,1.98,-0.0102,0.0270,0.0270,0.5158
31-AUG-2026,540955,4.92,4.77,0.0310,0.0311,0.0311,0.5942
31-AUG-2026,540956,31.64,31.42,0.0070,0.0259,0.0259,0.4948
31-AUG-2026,540980,28045.05,28645.05,-0.0212,0.0259,0.0258,0.4929
31-AUG-2026,541133,45.60,45.60,0.0000,0.0001,0.0001,0.0019
31-AUG-2026,541144,112.80,111.70,0.0098,0.0344,0.0343,0.6553
31-AUG-2026,541228,62.72,62.41,0.0050,0.0364,0.0363,0.6935
31-AUG-2026,541338,9.35,9.30,0.0054,0.0364,0.0363,0.6935
31-AUG-2026,541347,8.00,8.03,-0.0037,0.0334,0.0333,0.6362
31-AUG-2026,541358,104.25,100.00,0.0416,0.0428,0.0428,0.8177
31-AUG-2026,541444,15.17,15.02,0.0099,0.0328,0.0327,0.6247
31-AUG-2026,541503,45.60,47.99,-0.0511,0.0309,0.0311,0.5942
31-AUG-2026,541601,0.40,0.40,0.0000,0.0334,0.0333,0.6362
31-AUG-2026,541627,10.50,10.50,0.0000,0.0522,0.0521,0.9954
31-AUG-2026,541633,12.58,12.58,0.0000,0.0000,0.0000,0.0000
31-AUG-2026,541634,16.36,15.84,0.0323,0.0418,0.0417,0.7967
31-AUG-2026,541702,2.72,2.86,-0.0502,0.0348,0.0349,0.6668
31-AUG-2026,541735,1.81,1.82,-0.0055,0.0380,0.0379,0.7241
31-AUG-2026,541741,134.25,130.05,0.0318,0.0325,0.0325,0.6209
31-AUG-2026,541771,2.02,1.93,0.0456,0.0333,0.0333,0.6362
31-AUG-2026,541865,6.00,6.06,-0.0100,0.0265,0.0264,0.5044
31-AUG-2026,541890,0.18,0.18,0.0000,0.0333,0.0332,0.6343
31-AUG-2026,541972,958.97,965.65,-0.0069,0.0010,0.0011,0.0210
31-AUG-2026,542012,4.99,4.94,0.0101,0.0427,0.0426,0.8139
31-AUG-2026,542013,168.90,169.90,-0.0059,0.0169,0.0169,0.3229
31-AUG-2026,542019,38.26,36.45,0.0485,0.0312,0.0313,0.5980
31-AUG-2026,542034,11.13,11.29,-0.0143,0.0280,0.0279,0.5330
31-AUG-2026,542046,5.46,6.01,-0.0960,0.0392,0.0397,0.7585
31-AUG-2026,542123,139.95,140.00,-0.0004,0.0325,0.0324,0.6190
31-AUG-2026,542176,19.20,19.20,0.0000,0.0378,0.0377,0.7203
31-AUG-2026,542206,0.67,0.64,0.0458,0.0363,0.0364,0.6954
31-AUG-2026,542248,12.92,13.19,-0.0207,0.0345,0.0344,0.6572
31-AUG-2026,542332,91.10,90.90,0.0022,0.0210,0.0210,0.4012
31-AUG-2026,542376,200.45,200.45,0.0000,0.0238,0.0237,0.4528
31-AUG-2026,542377,14.95,14.95,0.0000,0.0083,0.0083,0.1586
31-AUG-2026,542459,50.60,48.52,0.0420,0.0347,0.0347,0.6629
31-AUG-2026,542524,35.50,33.87,0.0470,0.0258,0.0259,0.4948
31-AUG-2026,542543,73.69,73.63,0.0008,0.0113,0.0113,0.2159
31-AUG-2026,542544,10.00,10.00,0.0000,0.0000,0.0000,0.0000
31-AUG-2026,542579,3.93,4.01,-0.0202,0.0259,0.0259,0.4948
31-AUG-2026,542627,98.05,99.90,-0.0187,0.0385,0.0384,0.7336
31-AUG-2026,542628,131.20,127.40,0.0294,0.0314,0.0314,0.5999
31-AUG-2026,542654,13.52,14.10,-0.0420,0.0350,0.0350,0.6687
31-AUG-2026,542666,7.28,7.04,0.0335,0.0253,0.0254,0.4853
31-AUG-2026,542669,50.58,50.66,-0.0016,0.0312,0.0311,0.5942
31-AUG-2026,542677,18.47,18.47,0.0000,0.0882,0.0880,1.6812
31-AUG-2026,542679,138.00,129.35,0.0647,0.0437,0.0439,0.8387
31-AUG-2026,542682,61.90,63.99,-0.0332,0.0339,0.0339,0.6477
31-AUG-2026,542694,186.00,181.15,0.0264,0.0371,0.0370,0.7069
31-AUG-2026,542721,43.44,42.61,0.0193,0.0306,0.0306,0.5846
31-AUG-2026,542747,93.48,94.18,-0.0075,0.0011,0.0012,0.0229
31-AUG-2026,542770,40.00,41.15,-0.0283,0.0333,0.0332,0.6343
31-AUG-2026,542802,2.21,2.10,0.0511,0.0292,0.0294,0.5617
31-AUG-2026,542803,67.85,70.45,-0.0376,0.0308,0.0308,0.5884
31-AUG-2026,542862,24.62,23.73,0.0368,0.0384,0.0384,0.7336
31-AUG-2026,542864,31.47,31.47,0.0000,0.0017,0.0017,0.0325
31-AUG-2026,542865,10.90,10.81,0.0083,0.0396,0.0395,0.7546
31-AUG-2026,542866,133.70,135.05,-0.0100,0.0224,0.0224,0.4280
31-AUG-2026,542906,46.11,46.11,0.0000,0.0272,0.0271,0.5177
31-AUG-2026,542918,4.83,4.68,0.0315,0.0290,0.0290,0.5540
31-AUG-2026,542938,48.50,48.50,0.0000,0.0319,0.0318,0.6075
31-AUG-2026,543171,1.53,1.57,-0.0258,0.0354,0.0354,0.6763
31-AUG-2026,543207,3.63,3.54,0.0251,0.0384,0.0383,0.7317
31-AUG-2026,543208,2.10,2.10,0.0000,0.0251,0.0250,0.4776
31-AUG-2026,543225,175.00,175.00,0.0000,0.0132,0.0132,0.2522
31-AUG-2026,543229,250.00,250.00,0.0000,0.0391,0.0390,0.7451
31-AUG-2026,543241,140.00,141.55,-0.0110,0.0332,0.0331,0.6324
31-AUG-2026,543256,10.48,10.05,0.0419,0.0413,0.0413,0.7890
31-AUG-2026,543341,9.90,9.70,0.0204,0.0385,0.0384,0.7336
31-AUG-2026,543373,525.90,520.90,0.0096,0.0379,0.0378,0.7222
31-AUG-2026,543376,90.51,91.30,-0.0087,0.0318,0.0317,0.6056
31-AUG-2026,543499,6.79,6.95,-0.0233,0.0348,0.0347,0.6629
31-AUG-2026,543531,49.03,43.52,0.1192,0.0358,0.0367,0.7012
31-AUG-2026,543737,553.15,553.05,0.0002,0.0277,0.0276,0.5273
31-AUG-2026,543860,124.95,125.00,-0.0004,0.0296,0.0295,0.5636
31-AUG-2026,543914,48.62,51.17,-0.0511,0.0376,0.0377,0.7203
31-AUG-2026,543925,142.90,142.90,0.0000,0.0048,0.0048,0.0917
31-AUG-2026,543927,33.33,35.00,-0.0489,0.0309,0.0310,0.5923
31-AUG-2026,543934,339.00,340.00,-0.0029,0.0327,0.0326,0.6228
31-AUG-2026,543976,23.59,23.94,-0.0147,0.0296,0.0295,0.5636
31-AUG-2026,544005,128.00,128.00,0.0000,0.0039,0.0039,0.0745
31-AUG-2026,544080,1155.60,1216.40,-0.0513,0.0244,0.0247,0.4719
31-AUG-2026,544090,800.00,837.90,-0.0463,0.0376,0.0376,0.7183
31-AUG-2026,544112,534.65,530.05,0.0086,0.0233,0.0233,0.4451
31-AUG-2026,544185,51.49,50.73,0.0149,0.0309,0.0308,0.5884
31-AUG-2026,544186,143.70,144.20,-0.0035,0.0294,0.0294,0.5617
31-AUG-2026,544191,73.06,73.50,-0.0060,0.0317,0.0317,0.6056
31-AUG-2026,544205,635.30,647.85,-0.0196,0.0281,0.0280,0.5349
31-AUG-2026,544295,1100000.00,1085001.00,0.0137,0.0072,0.0072,0.1376
31-AUG-2026,544308,40.03,40.86,-0.0205,0.0310,0.0309,0.5903
31-AUG-2026,544361,149.85,157.70,-0.0511,0.0290,0.0292,0.5579
31-AUG-2026,544371,82.80,79.35,0.0426,0.0301,0.0302,0.5770
31-AUG-2026,544462,1100000.00,1100000.00,0.0000,0.0080,0.0079,0.1509
31-AUG-2026,544467,812.35,813.70,-0.0017,0.0157,0.0157,0.2999
31-AUG-2026,544662,143.50,151.05,-0.0513,0.0320,0.0321,0.6133
31-AUG-2026,544752,1020000.00,1020000.00,0.0000,0.0032,0.0032,0.0611
31-AUG-2026,544786,1894.25,1886.40,0.0042,0.0215,0.0215,0.4108
31-AUG-2026,544831,415.00,400.50,0.0356,0.0125,0.0127,0.2426
31-AUG-2026,544855,29.99,29.81,0.0060,0.0146,0.0146,0.2789
31-AUG-2026,5PAISA,356.58,368.24,-0.0322,0.0250,0.0250,0.4776
31-AUG-2026,63MOONS,778.86,776.39,0.0032,0.0333,0.0332,0.6343
31-AUG-2026,751131,2.41,4.01,-0.5092,0.0000,0.0360,0.6878
31-AUG-2026,751132,5.15,8.56,-0.5081,0.0000,0.0359,0.6859
31-AUG-2026,890217,57.30,59.79,-0.0425,0.0392,0.0393,0.7508
31-AUG-2026,890226,20.90,22.00,-0.0513,0.0632,0.0632,1.2074
31-AUG-2026,890231,21.02,21.02,0.0000,0.0189,0.0189,0.3611
31-AUG-2026,890234,1.61,1.54,0.0445,0.0380,0.0381,0.7279
31-AUG-2026,890238,12.70,11.22,0.1239,0.0244,0.0259,0.4948
31-AUG-2026,A2ZINFRA,16.75,16.63,0.0072,0.0319,0.0318,0.6075
31-AUG-2026,AAATECH,94.72,95.03,-0.0033,0.0282,0.0281,0.5368
31-AUG-2026,AADHARHFC,468.08,471.10,-0.0064,0.0180,0.0180,0.3439
31-AUG-2026,AAKASH,8.64,8.73,-0.0104,0.0308,0.0307,0.5865
31-AUG-2026,AAREYDRUGS,87.97,89.01,-0.0118,0.0315,0.0314,0.5999
31-AUG-2026,AARNAV,32.03,33.10,-0.0329,0.0257,0.0257,0.4910
31-AUG-2026,AARON,130.10,134.94,-0.0365,0.0300,0.0300,0.5731
31-AUG-2026,AARTECH,47.99,49.16,-0.0241,0.0372,0.0371,0.7088
31-AUG-2026,AARTIDRUGS,411.78,418.56,-0.0163,0.0211,0.0211,0.4031
31-AUG-2026,AARTIIND,524.40,540.35,-0.0300,0.0234,0.0234,0.4471
31-AUG-2026,AARTIPHARM,845.39,840.67,0.0056,0.0291,0.0290,0.5540
31-AUG-2026,AARTISURF,520.60,541.49,-0.0393,0.0319,0.0319,0.6094
31-AUG-2026,AARVI,142.19,142.26,-0.0005,0.0272,0.0271,0.5177
31-AUG-2026,AASHRIT,73.70,73.70,0.0000,0.0019,0.0019,0.0363
31-AUG-2026,AASTHA,83.61,79.61,0.0490,0.0326,0.0327,0.6247
31-AUG-2026,AAVAS,1261.22,1275.53,-0.0113,0.0195,0.0195,0.3725
31-AUG-2026,ABAN,14.82,15.11,-0.0194,0.0295,0.0294,0.5617
31-AUG-2026,ABANSENT,27.44,27.64,-0.0073,0.0409,0.0408,0.7795
31-AUG-2026,ABB,7637.89,7508.91,0.0170,0.0196,0.0196,0.3745
31-AUG-2026,ABBOTINDIA,25850.75,26185.71,-0.0129,0.0133,0.0133,0.2541
31-AUG-2026,ABCAPITAL,409.40,405.55,0.0094,0.0209,0.0209,0.3993
31-AUG-2026,ABCOTS,214.77,203.69,0.0530,0.0266,0.0268,0.5120
31-AUG-2026,ABDL,618.39,609.96,0.0137,0.0248,0.0248,0.4738
31-AUG-2026,ABFRL,52.10,52.49,-0.0075,0.0232,0.0231,0.4413
31-AUG-2026,ABGSEC,115.13,115.28,-0.0013,0.0050,0.0049,0.0936
31-AUG-2026,ABINFRA,11.43,11.82,-0.0336,0.0310,0.0310,0.5923
31-AUG-2026,ABLBL,86.72,84.60,0.0248,0.0187,0.0188,0.3592
31-AUG-2026,ABMINTLLTD,55.18,56.30,-0.0201,0.0417,0.0416,0.7948
31-AUG-2026,ABMKNO,190.17,193.39,-0.0168,0.0333,0.0332,0.6343
31-AUG-2026,ABREL,1355.53,1387.04,-0.0230,0.0250,0.0250,0.4776
31-AUG-2026,ABSL10BANK,168.80,168.96,-0.0009,0.0096,0.0096,0.1834
31-AUG-2026,ABSLAMC,1051.80,1047.88,0.0037,0.0229,0.0228,0.4356
31-AUG-2026,ABSLBANETF,58.89,59.07,-0.0031,0.0101,0.0101,0.1930
31-AUG-2026,ABSLLIQUID,1000.00,1000.00,0.0000,0.0000,0.0000,0.0000
31-AUG-2026,ABSLMSCIN,29.73,29.75,-0.0007,0.0155,0.0155,0.2961
31-AUG-2026,ABSLNN50ET,77.31,77.91,-0.0077,0.0102,0.0102,0.1949
31-AUG-2026,ABSLPSE,10.01,10.12,-0.0109,0.0105,0.0105,0.2006
31-AUG-2026,ACC,1276.54,1306.41,-0.0231,0.0151,0.0152,0.2904
31-AUG-2026,ACCELYA,1127.90,1134.18,-0.0056,0.0157,0.0157,0.2999
31-AUG-2026,ACCURACY,4.42,4.60,-0.0399,0.0290,0.0291,0.5560
31-AUG-2026,ACCUVANT,10.15,10.15,0.0000,0.0000,0.0000,0.0000
31-AUG-2026,ACE,1110.48,1140.60,-0.0268,0.0236,0.0236,0.4509
31-AUG-2026,ACEINTEG,17.05,17.44,-0.0226,0.0323,0.0323,0.6171
31-AUG-2026,ACESTONE,9.45,9.45,0.0000,0.0000,0.0000,0.0000
31-AUG-2026,ACGL,1801.98,1790.64,0.0063,0.0275,0.0274,0.5235
31-AUG-2026,ACI,485.44,484.36,0.0022,0.0219,0.0219,0.4184
31-AUG-2026,ACL,43.72,44.14,-0.0096,0.0233,0.0232,0.4432
31-AUG-2026,ACMESOLAR,401.98,393.69,0.0208,0.0241,0.0241,0.4604
31-AUG-2026,ACSTECH,51.10,51.60,-0.0097,0.0522,0.0521,0.9954
31-AUG-2026,ACUTAAS,3160.41,3281.62,-0.0376,0.0286,0.0287,0.5483
31-AUG-2026,ADANIENSOL,1417.41,1581.31,-0.1094,0.0263,0.0274,0.5235
31-AUG-2026,ADANIENT,2859.16,3168.41,-0.1027,0.0232,0.0242,0.4623
31-AUG-2026,ADANIGREEN,1214.91,1310.90,-0.0760,0.0278,0.0283,0.5407
31-AUG-2026,ADANIPORTS,1593.11,1707.49,-0.0693,0.0188,0.0194,0.3706
31-AUG-2026,ADANIPOWER,198.00,212.63,-0.0713,0.0250,0.0254,0.4853
31-AUG-2026,ADDIND,84.98,84.85,0.0015,0.0296,0.0295,0.5636
31-AUG-2026,ADFFOODS,270.12,274.45,-0.0159,0.0303,0.0302,0.5770
31-AUG-2026,ADL,75.83,72.12,0.0502,0.0328,0.0329,0.6286
31-AUG-2026,ADOR,1705.27,1635.62,0.0417,0.0235,0.0237,0.4528
31-AUG-2026,ADROITINFO,10.31,10.44,-0.0125,0.0264,0.0263,0.5025
31-AUG-2026,ADSL,105.20,106.21,-0.0096,0.0310,0.0309,0.5903
31-AUG-2026,ADVAIT,2170.64,2200.76,-0.0138,0.0330,0.0330,0.6305
31-AUG-2026,ADVANCE,116.41,116.95,-0.0046,0.0254,0.0253,0.4834
31-AUG-2026,ADVANIHOTR,49.85,49.90,-0.0010,0.0188,0.0187,0.3573
31-AUG-2026,ADVENTHTL,138.95,142.80,-0.0273,0.0286,0.0286,0.5464
31-AUG-2026,ADVENZYMES,294.10,299.80,-0.0192,0.0245,0.0245,0.4681
31-AUG-2026,ADVIKCA,1.16,1.19,-0.0255,0.0249,0.0249,0.4757
31-AUG-2026,AEGISLOG,1264.63,1289.41,-0.0194,0.0310,0.0310,0.5923
31-AUG-2026,AEGISVOPAK,268.74,269.90,-0.0043,0.0268,0.0267,0.5101
31-AUG-2026,AEPL,15.05,15.36,-0.0204,0.0207,0.0207,0.3955
31-AUG-2026,AEQUS,244.34,245.99,-0.0067,0.0277,0.0276,0.5273
31-AUG-2026,AEROENTER,138.32,146.29,-0.0560,0.0320,0.0321,0.6133
31-AUG-2026,AEROFLEX,525.44,542.12,-0.0313,0.0366,0.0366,0.6992
31-AUG-2026,AERONEU,80.13,80.68,-0.0068,0.0323,0.0322,0.6152
31-AUG-2026,AEROPLANE,174.33,174.93,-0.0034,0.0218,0.0218,0.4165
31-AUG-2026,AETHER,1691.33,1696.80,-0.0032,0.0234,0.0234,0.4471
31-AUG-2026,AFCONS,285.67,286.65,-0.0034,0.0202,0.0202,0.3859
31-AUG-2026,AFDIL,145.50,145.50,0.0000,0.0000,0.0000,0.0000
31-AUG-2026,AFFLE,1597.92,1620.18,-0.0138,0.0215,0.0214,0.4088
31-AUG-2026,AFFORDABLE,161.32,165.47,-0.0254,0.0324,0.0324,0.6190
31-AUG-2026,AFIL,9.47,9.40,0.0074,0.0293,0.0292,0.5579
31-AUG-2026,AFSL,211.92,212.00,-0.0004,0.0185,0.0184,0.3515
31-AUG-2026,AGARIND,458.20,465.41,-0.0156,0.0324,0.0324,0.6190
31-AUG-2026,AGARWALEYE,513.19,507.80,0.0106,0.0168,0.0168,0.3210
31-AUG-2026,AGI,776.26,774.77,0.0019,0.0276,0.0276,0.5273
31-AUG-2026,AGIIL,284.99,289.08,-0.0142,0.0302,0.0301,0.5751
31-AUG-2026,AGL,13.83,14.04,-0.0151,0.0172,0.0172,0.3286
31-AUG-2026,AGRITECH,101.57,102.95,-0.0135,0.0332,0.0331,0.6324
31-AUG-2026,AGROPHOS,26.35,26.34,0.0004,0.0294,0.0293,0.5598
31-AUG-2026,AGSTRA,1.99,2.01,-0.0100,0.0285,0.0284,0.5426
31-AUG-2026,AHCL,15.86,15.91,-0.0031,0.0250,0.0250,0.4776
31-AUG-2026,AHLADA,38.68,38.06,0.0162,0.0298,0.0297,0.5674
31-AUG-2026,AHLEAST,138.05,139.61,-0.0112,0.0209,0.0208,0.3974
31-AUG-2026,AHLUCONT,619.21,641.07,-0.0347,0.0248,0.0249,0.4757
31-AUG-2026,AHLWEST,549.20,524.00,0.0470,0.0691,0.0690,1.3182
31-AUG-2026,AIAENG,4257.69,4234.22,0.0055,0.0178,0.0177,0.3382
31-AUG-2026,AIIL,560.92,545.19,0.0284,0.0324,0.0324,0.6190
31-AUG-2026,AIRAN,14.88,15.09,-0.0140,0.0287,0.0286,0.5464
31-AUG-2026,AIROLAM,88.09,88.88,-0.0089,0.0260,0.0260,0.4967
31-AUG-2026,AJANTPHARM,3602.42,3557.52,0.0125,0.0178,0.0177,0.3382
31-AUG-2026,AJAXENGG,574.51,571.11,0.0059,0.0218,0.0218,0.4165
31-AUG-2026,AJMERA,116.90,117.41,-0.0044,0.0306,0.0305,0.5827
31-AUG-2026,AJOONI,3.84,3.82,0.0052,0.0279,0.0279,0.5330
31-AUG-2026,AKASH,24.80,24.36,0.0179,0.0302,0.0302,0.5770
31-AUG-2026,AKCAPIT,1750.47,1708.10,0.0245,0.0208,0.0208,0.3974
31-AUG-2026,AKG,9.02,9.16,-0.0154,0.0301,0.0300,0.5731
31-AUG-2026,AKI,4.15,4.13,0.0048,0.0315,0.0314,0.5999
31-AUG-2026,AKSHAR,0.41,0.43,-0.0476,0.0281,0.0282,0.5388
31-AUG-2026,AKSHARCHEM,366.70,350.97,0.0438,0.0303,0.0304,0.5808
31-AUG-2026,AKSHOPTFBR,7.37,7.16,0.0289,0.0345,0.0345,0.6591
31-AUG-2026,AKUMS,776.70,772.60,0.0053,0.0219,0.0218,0.4165
31-AUG-2026,ALANKIT,8.09,8.13,-0.0049,0.0232,0.0232,0.4432
31-AUG-2026,ALBERTDAVD,897.90,898.61,-0.0008,0.0230,0.0229,0.4375
31-AUG-2026,ALEMBICLTD,98.76,100.05,-0.0130,0.0212,0.0211,0.4031
31-AUG-2026,ALFREDHE,2943.65,2855.00,0.0306,0.0259,0.0259,0.4948
31-AUG-2026,ALGOQUANT,64.68,64.54,0.0022,0.0221,0.0220,0.4203
31-AUG-2026,ALICON,665.48,685.01,-0.0289,0.0246,0.0247,0.4719
31-AUG-2026,ALIVUS,1405.67,1350.23,0.0402,0.0207,0.0208,0.3974
31-AUG-2026,ALKALI,65.23,66.26,-0.0157,0.0301,0.0300,0.5731
31-AUG-2026,ALKEM,5329.50,5355.00,-0.0048,0.0141,0.0141,0.2694
31-AUG-2026,ALKYLAMINE,2003.82,2047.73,-0.0217,0.0251,0.0251,0.4795
31-AUG-2026,ALLCARGO,11.95,12.19,-0.0199,0.0324,0.0324,0.6190
31-AUG-2026,ALLDIGI,813.60,813.57,0.0000,0.0200,0.0200,0.3821
31-AUG-2026,ALLTIME,199.69,203.79,-0.0203,0.0242,0.0241,0.4604
31-AUG-2026,ALMONDZ,17.56,16.96,0.0348,0.0353,0.0353,0.6744
31-AUG-2026,ALOKINDS,8.50,9.24,-0.0835,0.0253,0.0259,0.4948
31-AUG-2026,ALPA,62.74,63.77,-0.0163,0.0271,0.0270,0.5158
31-AUG-2026,ALPHA,54.87,55.39,-0.0094,0.0124,0.0124,0.2369
31-AUG-2026,ALPHAETF,26.93,27.31,-0.0140,0.0120,0.0120,0.2293
31-AUG-2026,ALPHAGEO,291.82,306.39,-0.0487,0.0342,0.0343,0.6553
31-AUG-2026,ALPINETEX,53.62,55.16,-0.0283,0.0125,0.0127,0.2426
31-AUG-2026,ALPL30IETF,27.92,27.96,-0.0014,0.0081,0.0081,0.1548
31-AUG-2026,ALUFLUOR,481.29,478.66,0.0055,0.0290,0.0289,0.5521
31-AUG-2026,AMAGI,567.49,570.44,-0.0052,0.0233,0.0233,0.4451
31-AUG-2026,AMAL,744.49,760.52,-0.0213,0.0369,0.0368,0.7031
31-AUG-2026,AMANTA,187.20,183.55,0.0197,0.0226,0.0226,0.4318
31-AUG-2026,AMARJOTHI,161.73,156.92,0.0302,0.0245,0.0245,0.4681
31-AUG-2026,AMARVAN,10.00,10.00,0.0000,0.0000,0.0000,0.0000
31-AUG-2026,AMBALALSA,45.62,43.80,0.0407,0.0344,0.0344,0.6572
31-AUG-2026,AMBER,7620.50,7675.33,-0.0072,0.0272,0.0271,0.5177
31-AUG-2026,AMBICAAGAR,24.30,25.24,-0.0380,0.0226,0.0227,0.4337
31-AUG-2026,AMBIKCO,1639.70,1638.31,0.0008,0.0226,0.0225,0.4299
31-AUG-2026,AMBUJACEM,401.16,412.11,-0.0269,0.0180,0.0181,0.3458
31-AUG-2026,AMDIND,56.25,52.39,0.0711,0.0300,0.0304,0.5808
31-AUG-2026,AMJLAND,39.57,38.62,0.0243,0.0264,0.0264,0.5044
31-AUG-2026,AMNPLST,181.28,184.16,-0.0158,0.0300,0.0299,0.5712
31-AUG-2026,AMRITINDIA,1625.80,1625.80,0.0000,0.0012,0.0012,0.0229
31-AUG-2026,AMRUTANJAN,509.32,514.25,-0.0096,0.0186,0.0185,0.3534
31-AUG-2026,ANANDRATHI,2204.22,2213.41,-0.0042,0.0160,0.0159,0.3038
31-AUG-2026,ANANTAM,105.74,105.33,0.0039,0.0047,0.0047,0.0898
31-AUG-2026,ANANTRAJ,603.91,606.11,-0.0036,0.0296,0.0296,0.5655
31-AUG-2026,ANDHRAPAP,60.69,61.06,-0.0061,0.0172,0.0172,0.3286
31-AUG-2026,ANDHRSUGAR,99.64,98.01,0.0165,0.0246,0.0246,0.4700
31-AUG-2026,ANDREWYU,27.92,28.45,-0.0188,0.0351,0.0351,0.6706
31-AUG-2026,ANGELONE,286.90,293.89,-0.0241,0.0270,0.0270,0.5158
31-AUG-2026,ANIKINDS,46.17,46.26,-0.0019,0.0291,0.0290,0.5540
31-AUG-2026,ANKITMETAL,1.74,1.77,-0.0171,0.0272,0.0272,0.5197
31-AUG-2026,ANMOL,10.09,10.05,0.0040,0.0258,0.0258,0.4929
31-AUG-2026,ANNAPURNA,148.50,144.65,0.0263,0.0067,0.0069,0.1318
31-AUG-2026,ANSALAPI,3.27,3.28,-0.0031,0.0479,0.0477,0.9113
31-AUG-2026,ANSALBU,80.83,82.12,-0.0158,0.0333,0.0333,0.6362
31-AUG-2026,ANTELOPUS,784.49,787.25,-0.0035,0.0371,0.0370,0.7069
31-AUG-2026,ANTGRAPHIC,0.76,0.75,0.0132,0.0283,0.0282,0.5388
31-AUG-2026,ANTHEM,893.02,900.13,-0.0079,0.0162,0.0161,0.3076
31-AUG-2026,ANUHPHR,82.04,83.57,-0.0185,0.0222,0.0222,0.4241
31-AUG-2026,ANUP,1793.47,1800.40,-0.0039,0.0286,0.0285,0.5445
31-AUG-2026,ANURAS,1262.80,1260.39,0.0019,0.0156,0.0156,0.2980
31-AUG-2026,ANZEN,131.80,132.00,-0.0015,0.0133,0.0133,0.2541
31-AUG-2026,AONEGOLD,14.35,14.73,-0.0261,0.0155,0.0155,0.2961
31-AUG-2026,AONELIQUID,1074.89,1074.76,0.0001,0.0002,0.0002,0.0038
31-AUG-2026,AONENIFTY,9.96,9.96,0.0000,0.0070,0.0069,0.1318
31-AUG-2026,AONESILVER,8.92,9.20,-0.0309,0.0165,0.0166,0.3171
31-AUG-2026,AONETMMQ50,10.39,10.44,-0.0048,0.0088,0.0088,0.1681
31-AUG-2026,AONETOTAL,11.94,11.98,-0.0033,0.0079,0.0078,0.1490
31-AUG-2026,APARINDS,17702.04,17801.57,-0.0056,0.0298,0.0298,0.5693
31-AUG-2026,APCL,100.78,100.27,0.0051,0.0255,0.0254,0.4853
31-AUG-2026,APCOTEXIND,646.30,625.25,0.0331,0.0260,0.0260,0.4967
31-AUG-2026,APEX,380.03,381.24,-0.0032,0.0363,0.0363,0.6935
31-AUG-2026,APLAPOLLO,2223.40,2265.56,-0.0188,0.0179,0.0179,0.3420
31-AUG-2026,APLLTD,835.01,813.46,0.0261,0.0190,0.0190,0.3630
31-AUG-2026,APOLLO,386.10,387.45,-0.0035,0.0354,0.0354,0.6763
31-AUG-2026,APOLLOHOSP,8898.49,8838.98,0.0067,0.0122,0.0122,0.2331
31-AUG-2026,APOLLOPIPE,627.04,631.14,-0.0065,0.0288,0.0287,0.5483
31-AUG-2026,APOLLOTYRE,438.97,443.50,-0.0103,0.0175,0.0174,0.3324
31-AUG-2026,APOLSINHOT,1232.70,1215.40,0.0141,0.0248,0.0248,0.4738
31-AUG-2026,APOORVA,26.61,27.63,-0.0376,0.0399,0.0399,0.7623
31-AUG-2026,APTECHT,91.87,91.37,0.0055,0.0277,0.0276,0.5273
31-AUG-2026,APTUS,248.85,256.11,-0.0288,0.0205,0.0205,0.3917
31-AUG-2026,AQYLON,21.01,22.13,-0.0519,0.0370,0.0371,0.7088
31-AUG-2026,ARCHIDPLY,105.93,105.34,0.0056,0.0296,0.0296,0.5655
31-AUG-2026,ARCHIES,13.12,13.40,-0.0211,0.0274,0.0273,0.5216
31-AUG-2026,ARCL,237.00,227.18,0.0423,0.0291,0.0292,0.5579
31-AUG-2026,ARDEE,58.21,61.16,-0.0494,0.0101,0.0107,0.2044
31-AUG-2026,ARE&M,892.64,921.32,-0.0316,0.0208,0.0209,0.3993
31-AUG-2026,ARENTERP,36.98,37.29,-0.0083,0.0407,0.0406,0.7757
31-AUG-2026,ARFIN,87.24,85.77,0.0170,0.0270,0.0269,0.5139
31-AUG-2026,ARIES,474.46,484.33,-0.0206,0.0284,0.0284,0.5426
31-AUG-2026,ARIHANT,907.88,958.83,-0.0546,0.0299,0.0301,0.5751
31-AUG-2026,ARIHANTCAP,77.75,79.38,-0.0207,0.0304,0.0303,0.5789
31-AUG-2026,ARIHANTSUP,252.00,255.37,-0.0133,0.0259,0.0259,0.4948
31-AUG-2026,ARIS,142.26,151.31,-0.0617,0.0275,0.0278,0.5311
31-AUG-2026,ARKADE,123.34,127.38,-0.0322,0.0228,0.0228,0.4356
31-AUG-2026,ARMANFIN,1980.75,2034.18,-0.0266,0.0266,0.0266,0.5082
31-AUG-2026,AROGRANITE,24.75,25.10,-0.0140,0.0267,0.0266,0.5082
31-AUG-2026,ARROWGREEN,701.69,687.66,0.0202,0.0336,0.0336,0.6419
31-AUG-2026,ARSHIYA,0.77,0.80,-0.0382,0.0305,0.0305,0.5827
31-AUG-2026,ARSSBL,508.76,509.66,-0.0018,0.0216,0.0215,0.4108
31-AUG-2026,ARTEMISMED,317.45,319.25,-0.0057,0.0235,0.0234,0.4471
31-AUG-2026,ARTNIRMAN,40.00,39.84,0.0040,0.0335,0.0334,0.6381
31-AUG-2026,ARVEE,168.48,169.00,-0.0031,0.0368,0.0367,0.7012
31-AUG-2026,ARVIND,555.64,543.35,0.0224,0.0251,0.0251,0.4795
31-AUG-2026,ARVINDFASN,452.51,450.64,0.0041,0.0222,0.0222,0.4241
31-AUG-2026,ARVSMART,665.55,661.37,0.0063,0.0230,0.0229,0.4375
31-AUG-2026,ARYAMAN,649.48,642.63,0.0106,0.0248,0.0248,0.4738
31-AUG-2026,ASAHIINDIA,952.02,952.81,-0.0008,0.0216,0.0215,0.4108
31-AUG-2026,ASAHISONG,378.72,366.76,0.0321,0.0314,0.0314,0.5999
31-AUG-2026,ASAL,476.06,488.20,-0.0252,0.0275,0.0275,0.5254
31-AUG-2026,ASALCBR,700.88,714.56,-0.0193,0.0268,0.0268,0.5120
31-AUG-2026,ASHAPURMIN,564.52,582.11,-0.0307,0.0346,0.0346,0.6610
31-AUG-2026,ASHIANA,366.89,368.80,-0.0052,0.0219,0.0218,0.4165
31-AUG-2026,ASHIKAG,427.78,436.56,-0.0203,0.0268,0.0267,0.5101
31-AUG-2026,ASHIMASYN,18.52,18.79,-0.0145,0.0358,0.0357,0.6820
31-AUG-2026,ASHOKA,120.29,112.65,0.0656,0.0245,0.0249,0.4757
31-AUG-2026,ASHOKAMET,13.78,13.65,0.0095,0.0239,0.0239,0.4566
31-AUG-2026,ASHOKLEY,175.64,175.77,-0.0007,0.0224,0.0224,0.4280
31-AUG-2026,ASIANENE,471.52,480.80,-0.0195,0.0331,0.0330,0.6305
31-AUG-2026,ASIANHOTNR,366.40,315.95,0.1481,0.0278,0.0297,0.5674
31-AUG-2026,ASIANPAINT,2653.60,2608.52,0.0171,0.0141,0.0141,0.2694
31-AUG-2026,ASIANTILES,49.61,47.88,0.0355,0.0319,0.0320,0.6114
31-AUG-2026,ASIANTNE,10.28,10.85,-0.0540,0.0292,0.0294,0.5617
31-AUG-2026,ASKAUTOLTD,659.90,633.09,0.0415,0.0240,0.0242,0.4623
31-AUG-2026,ASMS,7.03,6.97,0.0086,0.0329,0.0328,0.6266
31-AUG-2026,ASPINWALL,263.56,262.52,0.0040,0.0261,0.0260,0.4967
31-AUG-2026,ASSAMENT,816.95,778.05,0.0488,0.0065,0.0073,0.1395
31-AUG-2026,ASTAR,599.78,599.78,0.0000,0.0270,0.0269,0.5139
31-AUG-2026,ASTEC,560.70,581.43,-0.0363,0.0321,0.0321,0.6133
31-AUG-2026,ASTERDM,755.99,746.42,0.0127,0.0190,0.0190,0.3630
31-AUG-2026,ASTRAL,1522.20,1532.32,-0.0066,0.0193,0.0192,0.3668
31-AUG-2026,ASTRAMICRO,1666.03,1706.55,-0.0240,0.0265,0.0265,0.5063
31-AUG-2026,ASTRAZEN,6951.84,7106.49,-0.0220,0.0181,0.0181,0.3458
31-AUG-2026,ASTRON,3.10,3.10,0.0000,0.0278,0.0277,0.5292
31-AUG-2026,ATALREAL,33.31,35.51,-0.0640,0.0274,0.0277,0.5292
31-AUG-2026,ATAM,55.86,55.87,-0.0002,0.0308,0.0308,0.5884
31-AUG-2026,ATGL,621.13,636.58,-0.0246,0.0281,0.0281,0.5368
31-AUG-2026,ATHERENERG,1717.66,1616.22,0.0609,0.0275,0.0277,0.5292
31-AUG-2026,ATL,25.89,27.04,-0.0435,0.0283,0.0284,0.5426
31-AUG-2026,ATLANTAA,38.71,37.03,0.0444,0.0368,0.0369,0.7050
31-AUG-2026,ATLANTAELE,1830.35,1745.38,0.0475,0.0290,0.0291,0.5560
31-AUG-2026,ATLASCYCLE,95.55,96.11,-0.0058,0.0333,0.0332,0.6343
31-AUG-2026,ATUL,6391.97,6459.38,-0.0105,0.0168,0.0168,0.3210
31-AUG-2026,ATULAUTO,486.71,483.33,0.0070,0.0280,0.0279,0.5330
31-AUG-2026,AUBANK,1086.20,1077.10,0.0084,0.0190,0.0189,0.3611
31-AUG-2026,AUGMONT,908.13,961.00,-0.0566,0.0000,0.0040,0.0764
31-AUG-2026,AURIONPRO,709.21,707.70,0.0021,0.0301,0.0300,0.5731
31-AUG-2026,AUROPHARMA,1716.96,1645.33,0.0426,0.0170,0.0172,0.3286
31-AUG-2026,AURUM,231.25,233.01,-0.0076,0.0246,0.0246,0.4700
31-AUG-2026,AURUS,4.69,4.66,0.0064,0.0303,0.0302,0.5770
31-AUG-2026,AUSOMENT,149.73,149.73,0.0000,0.0314,0.0313,0.5980
31-AUG-2026,AUSTENG,122.64,123.59,-0.0077,0.0338,0.0337,0.6438
31-AUG-2026,AUTOAXLES,1728.65,1740.12,-0.0066,0.0190,0.0190,0.3630
31-AUG-2026,AUTOBEES,298.77,298.11,0.0022,0.0125,0.0125,0.2388
31-AUG-2026,AUTOIETF,29.96,29.92,0.0013,0.0126,0.0126,0.2407
31-AUG-2026,AUTOIND,87.17,89.00,-0.0208,0.0327,0.0327,0.6247
31-AUG-2026,AVADHSUGAR,855.33,830.06,0.0300,0.0279,0.0279,0.5330
31-AUG-2026,AVALON,2372.72,2231.64,0.0613,0.0325,0.0327,0.6247
31-AUG-2026,AVANCE,0.86,0.88,-0.0230,0.0309,0.0309,0.5903
31-AUG-2026,AVANTEL,160.15,156.78,0.0213,0.0281,0.0280,0.5349
31-AUG-2026,AVANTIFEED,824.71,826.71,-0.0024,0.0314,0.0313,0.5980
31-AUG-2026,AVG,175.26,179.21,-0.0223,0.0332,0.0332,0.6343
31-AUG-2026,AVL,600.49,590.80,0.0163,0.0223,0.0223,0.4260
31-AUG-2026,AVONMORE,13.78,13.90,-0.0087,0.0328,0.0328,0.6266
31-AUG-2026,AVROIND,9.05,9.23,-0.0197,0.0334,0.0334,0.6381
31-AUG-2026,AVTNPL,92.04,85.21,0.0771,0.0218,0.0224,0.4280
31-AUG-2026,AWFIS,258.89,253.33,0.0217,0.0278,0.0277,0.5292
31-AUG-2026,AWHCL,383.30,387.28,-0.0103,0.0273,0.0273,0.5216
31-AUG-2026,AWL,192.53,196.27,-0.0192,0.0200,0.0200,0.3821
31-AUG-2026,AXISBANK,1299.81,1265.00,0.0271,0.0149,0.0150,0.2866
31-AUG-2026,AXISCADES,1671.14,1594.68,0.0468,0.0311,0.0312,0.5961
31-AUG-2026,AXITA,7.90,8.05,-0.0188,0.0193,0.0193,0.3687
31-AUG-2026,AXTEL,387.22,394.68,-0.0191,0.0299,0.0298,0.5693
31-AUG-2026,AYE,179.54,183.93,-0.0242,0.0271,0.0271,0.5177
31-AUG-2026,AYMSYNTEX,280.45,254.40,0.0975,0.0288,0.0295,0.5636
31-AUG-2026,AZAD,2861.86,2850.52,0.0040,0.0274,0.0273,0.5216
31-AUG-2026,AZADIND,90.29,93.49,-0.0348,0.0275,0.0276,0.5273
31-AUG-2026,BAFNAPH,304.25,291.04,0.0444,0.0337,0.0337,0.6438
31-AUG-2026,BAGFILMS,4.38,4.42,-0.0091,0.0285,0.0284,0.5426
31-AUG-2026,BAGMANE,106.66,106.78,-0.0011,0.0023,0.0023,0.0439
31-AUG-2026,BAIDFIN,10.15,9.74,0.0412,0.0266,0.0267,0.5101
31-AUG-2026,BAJAJ-AUTO,12129.22,11910.02,0.0182,0.0152,0.0153,0.2923
31-AUG-2026,BAJAJCON,474.05,477.46,-0.0072,0.0296,0.0295,0.5636
31-AUG-2026,BAJAJELEC,324.81,332.76,-0.0242,0.0204,0.0204,0.3897
31-AUG-2026,BAJAJFINSV,2021.00,2001.97,0.0095,0.0155,0.0154,0.2942
31-AUG-2026,BAJAJHCARE,333.68,322.00,0.0356,0.0302,0.0302,0.5770
31-AUG-2026,BAJAJHFL,84.02,85.00,-0.0116,0.0146,0.0146,0.2789
31-AUG-2026,BAJAJHIND,22.47,21.67,0.0363,0.0277,0.0278,0.5311
31-AUG-2026,BAJAJHLDNG,11643.99,11340.00,0.0265,0.0185,0.0185,0.3534
31-AUG-2026,BAJAJINDEF,220.61,228.49,-0.0351,0.0287,0.0287,0.5483
31-AUG-2026,BAJAJST,357.22,345.60,0.0331,0.0312,0.0312,0.5961
31-AUG-2026,BAJEL,193.97,192.84,0.0058,0.0279,0.0278,0.5311
31-AUG-2026,BAJFINANCE,1057.00,1079.89,-0.0214,0.0187,0.0187,0.3573
31-AUG-2026,BALAJEE,26.18,26.51,-0.0125,0.0244,0.0244,0.4662
31-AUG-2026,BALAJITELE,91.89,94.03,-0.0230,0.0327,0.0327,0.6247
31-AUG-2026,BALAMINES,2323.63,2390.27,-0.0283,0.0331,0.0331,0.6324
31-AUG-2026,BALAXI,22.34,22.54,-0.0089,0.0292,0.0292,0.5579
31-AUG-2026,BALKRISHNA,17.35,16.87,0.0281,0.0271,0.0271,0.5177
31-AUG-2026,BALKRISIND,2279.22,2340.08,-0.0264,0.0210,0.0210,0.4012
31-AUG-2026,BALMLAWRIE,174.76,177.79,-0.0172,0.0183,0.0183,0.3496
31-AUG-2026,BALPHARMA,85.00,84.78,0.0026,0.0270,0.0269,0.5139
31-AUG-2026,BALRAMCHIN,693.60,654.85,0.0575,0.0256,0.0258,0.4929
31-AUG-2026,BALUFORGE,630.62,638.83,-0.0129,0.0333,0.0333,0.6362
31-AUG-2026,BANARBEADS,114.65,115.53,-0.0076,0.0272,0.0271,0.5177
31-AUG-2026,BANARISUG,3925.70,3930.70,-0.0013,0.0178,0.0178,0.3401
31-AUG-2026,BANCOINDIA,625.41,624.36,0.0017,0.0301,0.0300,0.5731
31-AUG-2026,BANDHANBNK,163.50,168.25,-0.0286,0.0264,0.0264,0.5044
31-AUG-2026,BANG,34.86,34.75,0.0032,0.0345,0.0344,0.6572
31-AUG-2026,BANK10ADD,16.95,16.95,0.0000,0.0101,0.0101,0.1930
31-AUG-2026,BANK10BETF,20.80,20.77,0.0014,0.0167,0.0166,0.3171
31-AUG-2026,BANKA,78.57,79.20,-0.0080,0.0306,0.0306,0.5846
31-AUG-2026,BANKADD,58.97,58.84,0.0022,0.0160,0.0159,0.3038
31-AUG-2026,BANKBARODA,238.60,241.90,-0.0137,0.0181,0.0181,0.3458
31-AUG-2026,BANKBEES,595.58,595.99,-0.0007,0.0099,0.0099,0.1891
31-AUG-2026,BANKBETA,59.46,59.48,-0.0003,0.0109,0.0109,0.2082
31-AUG-2026,BANKBETF,58.54,58.49,0.0009,0.0102,0.0102,0.1949
31-AUG-2026,BANKETF,587.70,585.97,0.0029,0.0101,0.0101,0.1930
31-AUG-2026,BANKIETF,59.03,59.13,-0.0017,0.0099,0.0099,0.1891
31-AUG-2026,BANKINDIA,141.59,144.00,-0.0169,0.0208,0.0208,0.3974
31-AUG-2026,BANKNIFTY1,59.65,60.00,-0.0059,0.0102,0.0102,0.1949
31-AUG-2026,BANKPSU,86.40,86.63,-0.0027,0.0143,0.0142,0.2713
31-AUG-2026,BANSALWIRE,316.59,318.00,-0.0044,0.0235,0.0234,0.4471
31-AUG-2026,BANSWRAS,115.76,116.87,-0.0095,0.0251,0.0250,0.4776
31-AUG-2026,BASF,3787.84,3848.63,-0.0159,0.0209,0.0209,0.3993
31-AUG-2026,BASML,25.51,25.69,-0.0070,0.0295,0.0294,0.5617
31-AUG-2026,BATAINDIA,682.40,681.33,0.0016,0.0192,0.0192,0.3668
31-AUG-2026,BATLIBOI,86.37,88.41,-0.0233,0.0349,0.0348,0.6649
31-AUG-2026,BAYERCROP,3970.89,4048.73,-0.0194,0.0151,0.0151,0.2885
31-AUG-2026,BBETF0432,1335.03,1342.48,-0.0056,0.0025,0.0025,0.0478
31-AUG-2026,BBL,2363.55,2358.62,0.0021,0.0258,0.0258,0.4929
31-AUG-2026,BBNPNBETF,57.98,58.05,-0.0012,0.0144,0.0144,0.2751
31-AUG-2026,BBNPPGOLD,148.45,152.64,-0.0278,0.0181,0.0181,0.3458
31-AUG-2026,BBOX,747.64,745.84,0.0024,0.0291,0.0290,0.5540
31-AUG-2026,BBTC,1502.90,1563.14,-0.0393,0.0222,0.0223,0.4260
31-AUG-2026,BBTCL,222.02,235.59,-0.0593,0.0264,0.0267,0.5101
31-AUG-2026,BCG,9.04,9.05,-0.0011,0.0388,0.0387,0.7394
31-AUG-2026,BCLIND,36.61,36.73,-0.0033,0.0263,0.0263,0.5025
31-AUG-2026,BCONCEPTS,164.67,163.06,0.0098,0.0330,0.0330,0.6305
31-AUG-2026,BCPL,68.45,68.94,-0.0071,0.0267,0.0266,0.5082
31-AUG-2026,BDL,1275.00,1305.99,-0.0240,0.0251,0.0251,0.4795
31-AUG-2026,BEARDSELL,25.58,25.96,-0.0147,0.0303,0.0303,0.5789
31-AUG-2026,BECTORFOOD,226.91,232.61,-0.0248,0.0258,0.0258,0.4929
31-AUG-2026,BEDMUTHA,105.26,106.25,-0.0094,0.0255,0.0255,0.4872
31-AUG-2026,BEEKAY,402.57,422.10,-0.0474,0.0260,0.0261,0.4986
31-AUG-2026,BEL,414.45,411.84,0.0063,0.0172,0.0172,0.3286
31-AUG-2026,BELLACASA,237.49,247.25,-0.0403,0.0315,0.0316,0.6037
31-AUG-2026,BELRISE,232.38,229.88,0.0108,0.0213,0.0213,0.4069
31-AUG-2026,BEML,1935.93,1984.79,-0.0249,0.0265,0.0265,0.5063
31-AUG-2026,BENARAS,10200.00,10160.98,0.0038,0.0142,0.0142,0.2713
31-AUG-2026,BENGALASM,6439.48,6327.88,0.0175,0.0162,0.0162,0.3095
31-AUG-2026,BEPL,121.09,123.50,-0.0197,0.0239,0.0239,0.4566
31-AUG-2026,BERGEPAINT,497.80,494.36,0.0069,0.0178,0.0178,0.3401
31-AUG-2026,BESTAGRO,17.16,17.62,-0.0265,0.0358,0.0358,0.6840
31-AUG-2026,BETA,2259.90,2201.00,0.0264,0.0308,0.0308,0.5884
31-AUG-2026,BFINVEST,441.34,442.80,-0.0033,0.0247,0.0246,0.4700
31-AUG-2026,BFSI,27.22,27.31,-0.0033,0.0107,0.0106,0.2025
31-AUG-2026,BFUTILITIE,502.31,510.25,-0.0157,0.0294,0.0294,0.5617
31-AUG-2026,BGLOBAL,3.18,3.16,0.0063,0.0204,0.0204,0.3897
31-AUG-2026,BGRENERGY,243.55,256.14,-0.0504,0.0335,0.0336,0.6419
31-AUG-2026,BHAGCHEM,280.77,277.90,0.0103,0.0276,0.0276,0.5273
31-AUG-2026,BHAGERIA,250.68,238.75,0.0488,0.0301,0.0302,0.5770
31-AUG-2026,BHAGYANGR,384.68,391.01,-0.0163,0.0370,0.0369,0.7050
31-AUG-2026,BHANDARI,2.98,3.03,-0.0166,0.0295,0.0294,0.5617
31-AUG-2026,BHARATCOAL,33.77,34.02,-0.0074,0.0201,0.0201,0.3840
31-AUG-2026,BHARATFORG,2104.89,2037.65,0.0325,0.0195,0.0196,0.3745
31-AUG-2026,BHARATGEAR,101.45,103.57,-0.0207,0.0301,0.0301,0.5751
31-AUG-2026,BHARATRAS,1247.78,1255.21,-0.0059,0.0262,0.0261,0.4986
31-AUG-2026,BHARATSE,224.21,226.41,-0.0098,0.0360,0.0359,0.6859
31-AUG-2026,BHARATWIRE,181.72,186.99,-0.0286,0.0319,0.0318,0.6075
31-AUG-2026,BHARTIARTL,1811.92,1882.40,-0.0382,0.0129,0.0131,0.2503
31-AUG-2026,BHARTIHEXA,1545.48,1550.12,-0.0030,0.0193,0.0193,0.3687
31-AUG-2026,BHEL,442.63,430.84,0.0270,0.0238,0.0238,0.4547
31-AUG-2026,BI,90.79,91.79,-0.0110,0.0371,0.0370,0.7069
31-AUG-2026,BIGBLOC,41.37,42.26,-0.0213,0.0313,0.0313,0.5980
31-AUG-2026,BIKAJI,625.62,618.80,0.0110,0.0166,0.0166,0.3171
31-AUG-2026,BIL,852.22,857.70,-0.0064,0.0282,0.0282,0.5388
31-AUG-2026,BILVYAPAR,4.03,4.10,-0.0172,0.0302,0.0302,0.5770
31-AUG-2026,BIMETAL,637.96,647.34,-0.0146,0.0227,0.0227,0.4337
31-AUG-2026,BIOCON,411.85,411.10,0.0018,0.0177,0.0177,0.3382
31-AUG-2026,BIOFILCHEM,32.59,32.94,-0.0107,0.0300,0.0300,0.5731
31-AUG-2026,BIRET,341.71,341.93,-0.0006,0.0100,0.0099,0.1891
31-AUG-2026,BIRLACABLE,309.86,295.11,0.0488,0.0337,0.0338,0.6457
31-AUG-2026,BIRLACORPN,872.70,881.69,-0.0102,0.0217,0.0217,0.4146
31-AUG-2026,BIRLAMONEY,126.75,129.92,-0.0247,0.0269,0.0269,0.5139
31-AUG-2026,BIRLANU,1440.45,1442.31,-0.0013,0.0256,0.0256,0.4891
31-AUG-2026,BIRLAPREC,45.60,47.62,-0.0433,0.0356,0.0357,0.6820
31-AUG-2026,BIUL,52.35,52.35,0.0000,0.0300,0.0299,0.5712
31-AUG-2026,BLACKBUCK,593.80,588.15,0.0096,0.0252,0.0252,0.4814
31-AUG-2026,BLACKROSE,114.34,114.46,-0.0010,0.0292,0.0291,0.5560
31-AUG-2026,BLAL,166.00,166.14,-0.0008,0.0189,0.0189,0.3611
31-AUG-2026,BLBLIMITED,16.09,15.98,0.0069,0.0276,0.0276,0.5273
31-AUG-2026,BLEL,440.72,457.46,-0.0373,0.0066,0.0071,0.1356
31-AUG-2026,BLIL,71.84,72.14,-0.0042,0.0142,0.0141,0.2694
31-AUG-2026,BLISSGVS,616.72,588.10,0.0475,0.0357,0.0357,0.6820
31-AUG-2026,BLKASHYAP,55.68,58.57,-0.0506,0.0294,0.0295,0.5636
31-AUG-2026,BLS,240.56,239.02,0.0064,0.0285,0.0284,0.5426
31-AUG-2026,BLSE,327.91,326.25,0.0051,0.0268,0.0267,0.5101
31-AUG-2026,BLUECHIP,2.25,2.24,0.0045,0.0711,0.0709,1.3545
31-AUG-2026,BLUECLOUDS,20.20,20.19,0.0005,0.0410,0.0409,0.7814
31-AUG-2026,BLUECOAST,23.25,24.44,-0.0499,0.0491,0.0491,0.9381
31-AUG-2026,BLUEDART,4924.24,4985.59,-0.0124,0.0182,0.0181,0.3458
31-AUG-2026,BLUEJET,578.71,577.62,0.0019,0.0301,0.0300,0.5731
31-AUG-2026,BLUESTARCO,1463.81,1480.04,-0.0110,0.0209,0.0208,0.3974
31-AUG-2026,BLUESTONE,817.24,794.70,0.0280,0.0278,0.0278,0.5311
31-AUG-2026,BLUSPRING,126.40,127.43,-0.0081,0.0332,0.0331,0.6324
31-AUG-2026,BMWVENTLTD,56.57,56.65,-0.0014,0.0189,0.0189,0.3611
31-AUG-2026,BNAGROCHEM,229.00,226.80,0.0097,0.0346,0.0345,0.6591
31-AUG-2026,BNALTD,360.45,371.10,-0.0291,0.0384,0.0384,0.7336
31-AUG-2026,BNKETFAXIS,594.00,593.78,0.0004,0.0101,0.0100,0.1910
31-AUG-2026,BODALCHEM,118.89,99.08,0.1823,0.0282,0.0309,0.5903
31-AUG-2026,BOHRAIND,12.35,12.64,-0.0232,0.0317,0.0316,0.6037
31-AUG-2026,BOMDYEING,114.24,118.40,-0.0358,0.0260,0.0261,0.4986
31-AUG-2026,BONLON,41.30,40.83,0.0114,0.0350,0.0350,0.6687
31-AUG-2026,BORANA,308.49,317.75,-0.0296,0.0226,0.0226,0.4318
31-AUG-2026,BOROLTD,245.86,239.80,0.0250,0.0242,0.0242,0.4623
31-AUG-2026,BORORENEW,502.61,502.26,0.0007,0.0260,0.0260,0.4967
31-AUG-2026,BOROSCI,122.94,124.44,-0.0121,0.0263,0.0262,0.5006
31-AUG-2026,BOSCH-HCIL,1732.37,1697.41,0.0204,0.0235,0.0235,0.4490
31-AUG-2026,BOSCHLTD,49999.62,48639.93,0.0276,0.0173,0.0174,0.3324
31-AUG-2026,BPCL,324.05,319.22,0.0150,0.0186,0.0186,0.3554
31-AUG-2026,BPL,51.06,50.45,0.0120,0.0310,0.0309,0.5903
31-AUG-2026,BPLPHARMA,1530.52,1529.63,0.0006,0.0290,0.0290,0.5540
31-AUG-2026,BRAHMINFRA,159.31,160.34,-0.0064,0.0287,0.0286,0.5464
31-AUG-2026,BRIGADE,655.85,642.39,0.0207,0.0229,0.0229,0.4375
31-AUG-2026,BRIGHOTEL,58.77,59.57,-0.0135,0.0130,0.0130,0.2484
31-AUG-2026,BRIGHTBR,259.39,255.57,0.0148,0.0346,0.0345,0.6591
31-AUG-2026,BRITANNIA,5250.00,5308.50,-0.0111,0.0128,0.0128,0.2445
31-AUG-2026,BRNL,17.24,17.29,-0.0029,0.0265,0.0264,0.5044
31-AUG-2026,BROOKS,66.61,69.31,-0.0397,0.0395,0.0395,0.7546
31-AUG-2026,BSE,3282.00,3405.00,-0.0368,0.0272,0.0272,0.5197
31-AUG-2026,BSE500IETF,39.67,39.85,-0.0045,0.0087,0.0087,0.1662
31-AUG-2026,BSHSL,89.95,91.31,-0.0150,0.0292,0.0291,0.5560
31-AUG-2026,BSL,123.06,123.03,0.0002,0.0274,0.0273,0.5216
31-AUG-2026,BSLGOLDETF,135.82,139.62,-0.0276,0.0167,0.0167,0.3191
31-AUG-2026,BSLNIFTY,28.31,28.38,-0.0025,0.0079,0.0079,0.1509
31-AUG-2026,BSLSENETFG,77.61,78.01,-0.0051,0.0090,0.0090,0.1719
31-AUG-2026,BSOFT,291.24,300.90,-0.0326,0.0236,0.0236,0.4509
31-AUG-2026,BTML,8.44,8.61,-0.0199,0.0368,0.0367,0.7012
31-AUG-2026,BTTL,43.09,43.40,-0.0072,0.0375,0.0374,0.7145
31-AUG-2026,BUILDPRO,1253.89,1243.74,0.0081,0.0259,0.0258,0.4929
31-AUG-2026,BURNPUR,17.76,16.15,0.0950,0.0829,0.0830,1.5857
31-AUG-2026,BUTTERFLY,628.99,633.09,-0.0065,0.0259,0.0258,0.4929
31-AUG-2026,BVCL,44.86,43.90,0.0216,0.0319,0.0319,0.6094
31-AUG-2026,BYKE,32.47,30.82,0.0522,0.0311,0.0312,0.5961
31-AUG-2026,CALSOFT,37.26,35.50,0.0484,0.0380,0.0380,0.7260
31-AUG-2026,CAMLINFINE,102.63,103.52,-0.0086,0.0365,0.0364,0.6954
31-AUG-2026,CAMPUS,226.17,226.17,0.0000,0.0184,0.0183,0.3496
31-AUG-2026,CAMS,782.02,761.80,0.0262,0.0201,0.0201,0.3840
31-AUG-2026,CANBK,126.90,128.35,-0.0114,0.0192,0.0191,0.3649
31-AUG-2026,CANFINHOME,795.30,815.43,-0.0250,0.0175,0.0176,0.3362
31-AUG-2026,CANHLIFE,156.08,154.18,0.0122,0.0154,0.0153,0.2923
31-AUG-2026,CANTABIL,242.38,243.59,-0.0050,0.0242,0.0241,0.4604
31-AUG-2026,CAPACITE,214.02,217.34,-0.0154,0.0284,0.0283,0.5407
31-AUG-2026,CAPFIN,10.00,10.00,0.0000,0.0000,0.0000,0.0000
31-AUG-2026,CAPILLARY,493.91,501.45,-0.0152,0.0220,0.0219,0.4184
31-AUG-2026,CAPINVIT,76.95,77.00,-0.0006,0.0071,0.0070,0.1337
31-AUG-2026,CAPITALSFB,283.20,281.76,0.0051,0.0170,0.0170,0.3248
31-AUG-2026,CAPLIPOINT,2517.40,2517.07,0.0001,0.0230,0.0229,0.4375
31-AUG-2026,CAPTRUST,19.46,20.14,-0.0343,0.0337,0.0337,0.6438
31-AUG-2026,CARBORUNIV,1106.63,1116.94,-0.0093,0.0214,0.0214,0.4088
31-AUG-2026,CARERATING,1729.00,1682.10,0.0275,0.0209,0.0209,0.3993
31-AUG-2026,CARRARO,559.55,557.77,0.0032,0.0276,0.0276,0.5273
31-AUG-2026,CARTRADE,2991.53,3014.53,-0.0077,0.0336,0.0335,0.6400
31-AUG-2026,CARYSIL,1128.73,1113.11,0.0139,0.0289,0.0288,0.5502
31-AUG-2026,CASHIETF,1077.58,1077.45,0.0001,0.0002,0.0002,0.0038
31-AUG-2026,CASTLE,25.35,25.35,0.0000,0.0000,0.0000,0.0000
31-AUG-2026,CASTROLIND,184.49,185.24,-0.0041,0.0137,0.0136,0.2598
31-AUG-2026,CCAVENUE,15.03,15.27,-0.0158,0.0254,0.0254,0.4853
31-AUG-2026,CCCL,14.54,14.76,-0.0150,0.0542,0.0541,1.0336
31-AUG-2026,CCHHL,12.66,12.89,-0.0180,0.0251,0.0251,0.4795
31-AUG-2026,CCL,1079.82,1123.06,-0.0393,0.0210,0.0211,0.4031
31-AUG-2026,CDSL,1402.50,1414.70,-0.0087,0.0215,0.0215,0.4108
31-AUG-2026,CEATLTD,3420.01,3511.61,-0.0264,0.0236,0.0236,0.4509
31-AUG-2026,CEIGALL,341.34,341.05,0.0008,0.0196,0.0196,0.3745
31-AUG-2026,CEINSYS,710.47,723.11,-0.0176,0.0340,0.0339,0.6477
31-AUG-2026,CELEBRITY,6.62,6.80,-0.0268,0.0311,0.0311,0.5942
31-AUG-2026,CELLO,352.28,350.81,0.0042,0.0212,0.0211,0.4031
31-AUG-2026,CEMNTGROWW,14.73,14.87,-0.0095,0.0039,0.0039,0.0745
31-AUG-2026,CEMPRO,1225.56,1268.12,-0.0341,0.0328,0.0328,0.6266
31-AUG-2026,CENTENKA,546.79,547.39,-0.0011,0.0238,0.0237,0.4528
31-AUG-2026,CENTEXT,22.21,22.26,-0.0022,0.0344,0.0343,0.6553
31-AUG-2026,CENTRALBK,30.22,30.54,-0.0105,0.0206,0.0206,0.3936
31-AUG-2026,CENTRUM,22.97,23.05,-0.0035,0.0325,0.0324,0.6190
31-AUG-2026,CENTUM,3445.57,3442.87,0.0008,0.0314,0.0313,0.5980
31-AUG-2026,CENTURYPLY,757.43,753.74,0.0049,0.0179,0.0179,0.3420
31-AUG-2026,CERA,5730.48,5655.14,0.0132,0.0191,0.0191,0.3649
31-AUG-2026,CEREBRAINT,2.50,2.61,-0.0431,0.0297,0.0297,0.5674
31-AUG-2026,CESC,146.16,148.09,-0.0131,0.0188,0.0187,0.3573
31-AUG-2026,CEWATER,269.49,267.52,0.0073,0.0310,0.0309,0.5903
31-AUG-2026,CFEL,29.19,31.00,-0.0602,0.0389,0.0391,0.7470
31-AUG-2026,CGCL,256.46,257.97,-0.0059,0.0255,0.0254,0.4853
31-AUG-2026,CGPOWER,915.89,889.00,0.0298,0.0221,0.0222,0.4241
31-AUG-2026,CGVAK,149.46,149.21,0.0017,0.0296,0.0295,0.5636
31-AUG-2026,CHALET,903.96,900.90,0.0034,0.0189,0.0189,0.3611
31-AUG-2026,CHAMBLFERT,409.54,421.56,-0.0289,0.0193,0.0194,0.3706
31-AUG-2026,CHEMBOND,174.37,174.48,-0.0006,0.0296,0.0295,0.5636
31-AUG-2026,CHEMBONDCH,256.61,270.19,-0.0516,0.0320,0.0321,0.6133
31-AUG-2026,CHEMCON,200.76,199.52,0.0062,0.0269,0.0268,0.5120
31-AUG-2026,CHEMCRUX,82.84,84.71,-0.0223,0.0294,0.0294,0.5617
31-AUG-2026,CHEMFAB,359.97,369.75,-0.0268,0.0274,0.0274,0.5235
31-AUG-2026,CHEMICAL,30.08,30.39,-0.0103,0.0096,0.0096,0.1834
31-AUG-2026,CHEMPLASTS,176.54,182.70,-0.0343,0.0281,0.0281,0.5368
31-AUG-2026,CHENNPETRO,1367.37,1340.84,0.0196,0.0316,0.0316,0.6037
31-AUG-2026,CHEVIOT,1134.30,1141.89,-0.0067,0.0178,0.0177,0.3382
31-AUG-2026,CHOICEGOLD,153.23,156.63,-0.0219,0.0138,0.0139,0.2656
31-AUG-2026,CHOICEIN,780.69,786.40,-0.0073,0.0194,0.0194,0.3706
31-AUG-2026,CHOLAFIN,1857.41,1862.41,-0.0027,0.0211,0.0210,0.4012
31-AUG-2026,CHOLAHLDNG,1485.53,1498.59,-0.0088,0.0232,0.0231,0.4413
31-AUG-2026,CIEINDIA,391.05,389.95,0.0028,0.0194,0.0194,0.3706
31-AUG-2026,CIFL,20.39,20.72,-0.0161,0.0272,0.0271,0.5177
31-AUG-2026,CINELINE,88.10,87.98,0.0014,0.0256,0.0255,0.4872
31-AUG-2026,CINEVISTA,14.42,14.48,-0.0042,0.0312,0.0311,0.5942
31-AUG-2026,CIPLA,1409.50,1423.46,-0.0099,0.0136,0.0135,0.2579
31-AUG-2026,CITIUSINVT,114.59,114.46,0.0011,0.0035,0.0035,0.0669
31-AUG-2026,CITYGOLD,10.00,10.00,0.0000,0.0000,0.0000,0.0000
31-AUG-2026,CLCIND,47.48,46.00,0.0317,0.1508,0.1504,2.8734
31-AUG-2026,CLEAN,822.86,836.38,-0.0163,0.0207,0.0207,0.3955
31-AUG-2026,CLEANMAX,1246.97,1250.86,-0.0031,0.0234,0.0233,0.4451
31-AUG-2026,CLEDUCATE,62.09,65.28,-0.0501,0.0324,0.0325,0.6209
31-AUG-2026,CLSEL,300.65,293.06,0.0256,0.0281,0.0281,0.5368
31-AUG-2026,CMICABLES,2.54,2.54,0.0000,0.0221,0.0221,0.4222
31-AUG-2026,CMLL,504.34,509.76,-0.0107,0.0116,0.0116,0.2216
31-AUG-2026,CMPDI,230.93,230.95,-0.0001,0.0188,0.0187,0.3573
31-AUG-2026,CMRGREEN,230.79,225.11,0.0249,0.0110,0.0111,0.2121
31-AUG-2026,CMSINFO,243.60,242.55,0.0043,0.0188,0.0187,0.3573
31-AUG-2026,CNL,1279.63,1242.16,0.0297,0.0284,0.0284,0.5426
31-AUG-2026,COALINDIA,401.75,401.00,0.0019,0.0146,0.0146,0.2789
31-AUG-2026,COASTCORP,40.92,40.62,0.0074,0.0331,0.0331,0.6324
31-AUG-2026,COCHINSHIP,1509.97,1534.99,-0.0164,0.0260,0.0259,0.4948
31-AUG-2026,COCKERILL,8174.27,8123.09,0.0063,0.0367,0.0366,0.6992
31-AUG-2026,COFFEEDAY,29.48,29.50,-0.0007,0.0350,0.0350,0.6687
31-AUG-2026,COFORGE,1985.30,2014.58,-0.0146,0.0247,0.0246,0.4700
31-AUG-2026,COHANCE,455.96,449.99,0.0132,0.0297,0.0297,0.5674
31-AUG-2026,COLPAL,1897.57,1826.90,0.0380,0.0154,0.0156,0.2980
31-AUG-2026,COMFINTE,6.07,5.94,0.0216,0.0312,0.0311,0.5942
31-AUG-2026,COMMOIETF,98.87,99.83,-0.0097,0.0099,0.0099,0.1891
31-AUG-2026,COMPEAU,353.70,354.62,-0.0026,0.0225,0.0225,0.4299
31-AUG-2026,COMPINFO,1.08,1.10,-0.0183,0.0296,0.0295,0.5636
31-AUG-2026,COMPUSOFT,13.45,13.26,0.0142,0.0268,0.0268,0.5120
31-AUG-2026,COMSYN,297.05,282.01,0.0520,0.0331,0.0332,0.6343
31-AUG-2026,CONCOR,511.90,516.00,-0.0080,0.0186,0.0186,0.3554
31-AUG-2026,CONCORDBIO,1446.23,1481.18,-0.0239,0.0259,0.0259,0.4948
31-AUG-2026,CONFIPET,81.37,79.87,0.0186,0.0363,0.0362,0.6916
31-AUG-2026,CONS,12.24,12.28,-0.0033,0.0097,0.0097,0.1853
31-AUG-2026,CONSOFINVT,264.35,269.00,-0.0174,0.0249,0.0248,0.4738
31-AUG-2026,CONSUMAXIS,121.10,122.80,-0.0139,0.0098,0.0098,0.1872
31-AUG-2026,CONSUMBEES,131.80,132.58,-0.0059,0.0089,0.0088,0.1681
31-AUG-2026,CONSUMER,12.21,12.23,-0.0016,0.0106,0.0106,0.2025
31-AUG-2026,CONSUMIETF,122.56,123.20,-0.0052,0.0088,0.0088,0.1681
31-AUG-2026,CONTROLPR,601.23,598.31,0.0049,0.0242,0.0242,0.4623
31-AUG-2026,CORALFINAC,32.88,33.29,-0.0124,0.0258,0.0258,0.4929
31-AUG-2026,CORDELIA,103.64,105.04,-0.0134,0.0179,0.0178,0.3401
31-AUG-2026,CORDSCABLE,282.54,251.01,0.1183,0.0307,0.0318,0.6075
31-AUG-2026,COROMANDEL,1905.92,1913.63,-0.0040,0.0197,0.0196,0.3745
31-AUG-2026,CORONA,2050.00,2080.30,-0.0147,0.0153,0.0153,0.2923
31-AUG-2026,COSMOFIRST,929.23,929.23,0.0000,0.0278,0.0277,0.5292
31-AUG-2026,COUNCODOS,6.67,6.93,-0.0382,0.0343,0.0343,0.6553
31-AUG-2026,CPCAP,117.31,114.18,0.0270,0.0279,0.0279,0.5330
31-AUG-2026,CPEDU,182.10,186.52,-0.0240,0.0269,0.0269,0.5139
31-AUG-2026,CPL,64.49,63.95,0.0084,0.0268,0.0268,0.5120
31-AUG-2026,CPPLUS,3566.39,3576.61,-0.0029,0.0241,0.0241,0.4604
31-AUG-2026,CPSEETF,92.58,92.76,-0.0019,0.0102,0.0102,0.1949
31-AUG-2026,CRAFTSMAN,11198.46,11118.06,0.0072,0.0231,0.0230,0.4394
31-AUG-2026,CRAMC,259.29,259.88,-0.0023,0.0199,0.0198,0.3783
31-AUG-2026,CRAVATEX,322.89,328.30,-0.0166,0.0285,0.0284,0.5426
31-AUG-2026,CREATIVEYE,6.06,6.18,-0.0196,0.0361,0.0360,0.6878
31-AUG-2026,CRED,12.00,12.00,0.0000,0.0029,0.0029,0.0554
31-AUG-2026,CREDITACC,1363.54,1391.67,-0.0204,0.0254,0.0254,0.4853
31-AUG-2026,CREST,364.10,371.94,-0.0213,0.0229,0.0229,0.4375
31-AUG-2026,CRISIL,4821.97,4732.57,0.0187,0.0183,0.0183,0.3496
31-AUG-2026,CRIZAC,165.46,172.92,-0.0441,0.0233,0.0235,0.4490
31-AUG-2026,CROMPTON,235.83,233.00,0.0121,0.0190,0.0190,0.3630
31-AUG-2026,CROWN,107.90,102.70,0.0494,0.0303,0.0304,0.5808
31-AUG-2026,CRSL,2.75,2.62,0.0484,0.0359,0.0360,0.6878
31-AUG-2026,CSBBANK,343.54,336.32,0.0212,0.0257,0.0257,0.4910
31-AUG-2026,CSLFINANCE,239.70,230.42,0.0395,0.0242,0.0243,0.4643
31-AUG-2026,CSM,96.77,97.41,-0.0066,0.0114,0.0114,0.2178
31-AUG-2026,CTE,45.39,46.78,-0.0302,0.0343,0.0343,0.6553
31-AUG-2026,CUB,229.18,222.24,0.0307,0.0231,0.0232,0.4432
31-AUG-2026,CUBEINVIT,157.04,156.60,0.0028,0.0096,0.0096,0.1834
31-AUG-2026,CUBEXTUB,77.00,77.40,-0.0052,0.0329,0.0328,0.6266
31-AUG-2026,CUMMINSIND,5105.00,5192.70,-0.0170,0.0185,0.0184,0.3515
31-AUG-2026,CUPID,280.43,282.34,-0.0068,0.0347,0.0347,0.6629
31-AUG-2026,CURAA,64.08,70.05,-0.0891,0.0378,0.0383,0.7317
31-AUG-2026,CYBERMEDIA,18.25,18.78,-0.0286,0.0349,0.0348,0.6649
31-AUG-2026,CYBERTECH,133.07,134.04,-0.0073,0.0308,0.0307,0.5865
31-AUG-2026,CYIENT,1174.69,1107.51,0.0589,0.0226,0.0229,0.4375
31-AUG-2026,CYIENTDLM,843.00,819.11,0.0287,0.0273,0.0273,0.5216
31-AUG-2026,DABUR,381.00,385.98,-0.0130,0.0143,0.0143,0.2732
31-AUG-2026,DAICHI,336.87,343.99,-0.0209,0.0269,0.0269,0.5139
31-AUG-2026,DALBHARAT,1856.17,1845.31,0.0059,0.0175,0.0175,0.3343
31-AUG-2026,DALMIARF,154.00,154.00,0.0000,0.0060,0.0060,0.1146
31-AUG-2026,DALMIASUG,484.17,477.92,0.0130,0.0283,0.0283,0.5407
31-AUG-2026,DAMCAPITAL,145.25,146.29,-0.0071,0.0265,0.0264,0.5044
31-AUG-2026,DAMODARIND,27.02,27.25,-0.0085,0.0277,0.0277,0.5292
31-AUG-2026,DANGEE,2.82,2.86,-0.0141,0.0320,0.0320,0.6114
31-AUG-2026,DATAMATICS,781.93,791.90,-0.0127,0.0279,0.0279,0.5330
31-AUG-2026,DATAPATTNS,4521.56,4624.66,-0.0225,0.0323,0.0323,0.6171
31-AUG-2026,DAVANGERE,2.08,2.09,-0.0048,0.0331,0.0330,0.6305
31-AUG-2026,DBCORP,199.20,202.57,-0.0168,0.0197,0.0197,0.3764
31-AUG-2026,DBEIL,6.43,6.39,0.0062,0.0278,0.0277,0.5292
31-AUG-2026,DBL,404.93,406.93,-0.0049,0.0236,0.0236,0.4509
31-AUG-2026,DBOL,127.23,125.52,0.0135,0.0272,0.0271,0.5177
31-AUG-2026,DBREALTY,103.77,107.37,-0.0341,0.0328,0.0328,0.6266
31-AUG-2026,DBSTOCKBRO,29.02,29.41,-0.0133,0.0259,0.0258,0.4929
31-AUG-2026,DCAL,178.35,174.77,0.0203,0.0337,0.0336,0.6419
31-AUG-2026,DCBBANK,218.19,212.97,0.0242,0.0232,0.0233,0.4451
31-AUG-2026,DCI,372.64,410.08,-0.0957,0.0326,0.0332,0.6343
31-AUG-2026,DCM,79.00,78.97,0.0004,0.0270,0.0269,0.5139
31-AUG-2026,DCMFINSERV,5.34,5.39,-0.0093,0.0341,0.0340,0.6496
31-AUG-2026,DCMNVL,191.74,192.82,-0.0056,0.0297,0.0296,0.5655
31-AUG-2026,DCMSHRIRAM,1016.70,1022.27,-0.0055,0.0204,0.0203,0.3878
31-AUG-2026,DCMSIL,70.60,73.49,-0.0401,0.0298,0.0298,0.5693
31-AUG-2026,DCMSRIND,48.38,47.02,0.0285,0.0280,0.0280,0.5349
31-AUG-2026,DCW,45.56,46.40,-0.0183,0.0286,0.0285,0.5445
31-AUG-2026,DCXINDIA,173.09,177.81,-0.0269,0.0295,0.0295,0.5636
31-AUG-2026,DDEVPLSTIK,276.50,279.04,-0.0091,0.0289,0.0289,0.5521
31-AUG-2026,DECCANCE,572.99,568.75,0.0074,0.0242,0.0241,0.4604
31-AUG-2026,DECNGOLD,223.41,227.66,-0.0188,0.0407,0.0406,0.7757
31-AUG-2026,DEEDEV,590.31,606.22,-0.0266,0.0335,0.0335,0.6400
31-AUG-2026,DEEP,36.27,36.66,-0.0107,0.0344,0.0343,0.6553
31-AUG-2026,DEEPAKFERT,1407.05,1436.28,-0.0206,0.0267,0.0266,0.5082
31-AUG-2026,DEEPAKNTR,1749.34,1762.90,-0.0077,0.0190,0.0190,0.3630
31-AUG-2026,DEEPINDS,689.90,674.47,0.0226,0.0297,0.0297,0.5674
31-AUG-2026,DEFENCE,81.55,82.34,-0.0096,0.0099,0.0099,0.1891
31-AUG-2026,DELHISAFE,48.80,48.80,0.0000,0.0000,0.0000,0.0000
31-AUG-2026,DELHIVERY,456.20,470.20,-0.0302,0.0198,0.0199,0.3802
31-AUG-2026,DELPHIFX,6.44,6.42,0.0031,0.0376,0.0375,0.7164
31-AUG-2026,DELTACORP,58.47,59.43,-0.0163,0.0295,0.0294,0.5617
31-AUG-2026,DELTAMAGNT,57.21,57.55,-0.0059,0.0295,0.0294,0.5617
31-AUG-2026,DEN,28.21,28.31,-0.0035,0.0220,0.0219,0.4184
31-AUG-2026,DENIMDL,1.10,1.10,0.0000,0.0000,0.0000,0.0000
31-AUG-2026,DENORA,825.98,827.78,-0.0022,0.0277,0.0276,0.5273
31-AUG-2026,DENTA,272.90,283.75,-0.0390,0.0301,0.0301,0.5751
31-AUG-2026,DEVIT,24.59,24.91,-0.0129,0.0325,0.0324,0.6190
31-AUG-2026,DEVRUPTRAD,10.00,10.00,0.0000,0.0000,0.0000,0.0000
31-AUG-2026,DEVX,33.99,35.92,-0.0552,0.0217,0.0220,0.4203
31-AUG-2026,DEVYANI,138.77,139.91,-0.0082,0.0243,0.0243,0.4643
31-AUG-2026,DEWANHOUS,16.70,16.70,0.0000,0.0024,0.0024,0.0459
31-AUG-2026,DGCONTENT,25.20,23.84,0.0555,0.0313,0.0315,0.6018
31-AUG-2026,DHABRIYA,543.38,552.66,-0.0169,0.0339,0.0339,0.6477
31-AUG-2026,DHAMPURSUG,179.19,175.25,0.0222,0.0244,0.0244,0.4662
31-AUG-2026,DHANBANK,32.11,32.27,-0.0050,0.0262,0.0261,0.4986
31-AUG-2026,DHANUKA,976.14,976.09,0.0001,0.0206,0.0206,0.3936
31-AUG-2026,DHARAN,0.15,0.18,-0.1823,0.0566,0.0579,1.1062
31-AUG-2026,DHARMAJ,270.00,270.38,-0.0014,0.0239,0.0238,0.4547
31-AUG-2026,DHATRE,4.26,4.23,0.0071,0.0323,0.0322,0.6152
31-AUG-2026,DHOOTTRANS,1474.21,1455.23,0.0130,0.0109,0.0109,0.2082
31-AUG-2026,DHRUV,23.73,23.22,0.0217,0.0309,0.0308,0.5884
31-AUG-2026,DHUNINV,988.64,1026.45,-0.0375,0.0298,0.0298,0.5693
31-AUG-2026,DIACABS,347.22,349.44,-0.0064,0.0312,0.0311,0.5942
31-AUG-2026,DIAMINESQ,241.57,243.27,-0.0070,0.0266,0.0265,0.5063
31-AUG-2026,DIAMONDYD,1147.09,1162.89,-0.0137,0.0224,0.0224,0.4280
31-AUG-2026,DICIND,576.94,605.60,-0.0485,0.0223,0.0225,0.4299
31-AUG-2026,DIFFNKG,485.47,410.97,0.1666,0.0288,0.0310,0.5923
31-AUG-2026,DIGIDRIVE,17.71,17.71,0.0000,0.0252,0.0251,0.4795
31-AUG-2026,DIGISPICE,16.92,17.07,-0.0088,0.0270,0.0269,0.5139
31-AUG-2026,DIGITIDE,97.30,99.46,-0.0220,0.0302,0.0302,0.5770
31-AUG-2026,DIGJAMLMTD,51.20,51.29,-0.0018,0.0281,0.0281,0.5368
31-AUG-2026,DIL,0.65,0.68,-0.0451,0.0228,0.0230,0.4394
31-AUG-2026,DISAQ,12084.00,12207.47,-0.0102,0.0182,0.0182,0.3477
31-AUG-2026,DISHTV,2.74,2.82,-0.0288,0.0309,0.0309,0.5903
31-AUG-2026,DIVGIITTS,1186.64,1175.20,0.0097,0.0278,0.0278,0.5311
31-AUG-2026,DIVIDEND,35.48,35.82,-0.0095,0.0072,0.0072,0.1376
31-AUG-2026,DIVISLAB,9466.87,9240.56,0.0242,0.0157,0.0158,0.3019
31-AUG-2026,DIVOPPBEES,77.16,77.44,-0.0036,0.0084,0.0084,0.1605
31-AUG-2026,DIXON,14849.46,14650.85,0.0135,0.0246,0.0246,0.4700
31-AUG-2026,DJML,71.64,72.27,-0.0088,0.0361,0.0360,0.6878
31-AUG-2026,DLF,691.04,679.79,0.0164,0.0197,0.0196,0.3745
31-AUG-2026,DLINKINDIA,441.47,443.25,-0.0040,0.0228,0.0228,0.4356
31-AUG-2026,DMART,3899.73,3830.60,0.0179,0.0164,0.0164,0.3133
31-AUG-2026,DMCC,291.56,301.00,-0.0319,0.0311,0.0311,0.5942
31-AUG-2026,DNAMEDIA,2.66,2.56,0.0383,0.0319,0.0320,0.6114
31-AUG-2026,DODLA,1080.58,1093.35,-0.0117,0.0205,0.0204,0.3897
31-AUG-2026,DOLATALGO,72.02,72.86,-0.0116,0.0245,0.0245,0.4681
31-AUG-2026,DOLLAR,268.97,268.57,0.0015,0.0239,0.0238,0.4547
31-AUG-2026,DOLPHIN,583.42,612.81,-0.0491,0.0489,0.0489,0.9342
31-AUG-2026,DOMS,2232.54,2198.86,0.0152,0.0189,0.0189,0.3611
31-AUG-2026,DONEAR,84.69,84.75,-0.0007,0.0236,0.0235,0.4490
31-AUG-2026,DPABHUSHAN,1475.09,1483.02,-0.0054,0.0282,0.0281,0.5368
31-AUG-2026,DPSCLTD,7.19,7.19,0.0000,0.0242,0.0242,0.4623
31-AUG-2026,DPWIRES,157.70,153.16,0.0292,0.0294,0.0294,0.5617
31-AUG-2026,DRAGARWQ,5280.91,5243.29,0.0071,0.0203,0.0203,0.3878
31-AUG-2026,DRCSYSTEMS,13.68,12.70,0.0743,0.0285,0.0289,0.5521
31-AUG-2026,DREAMFOLKS,67.38,67.07,0.0046,0.0286,0.0285,0.5445
31-AUG-2026,DREDGECORP,1102.34,1120.66,-0.0165,0.0354,0.0354,0.6763
31-AUG-2026,DRREDDY,1154.41,1178.00,-0.0202,0.0145,0.0146,0.2789
31-AUG-2026,DSFCL,26.88,27.28,-0.0148,0.0230,0.0229,0.4375
31-AUG-2026,DSKULKARNI,18.31,18.31,0.0000,0.0327,0.0327,0.6247
31-AUG-2026,DSSL,1041.32,1069.85,-0.0270,0.0339,0.0339,0.6477
31-AUG-2026,DTIL,161.69,167.07,-0.0327,0.0284,0.0284,0.5426
31-AUG-2026,DUCON,1.89,2.07,-0.0910,0.0346,0.0351,0.6706
31-AUG-2026,DVL,272.98,279.43,-0.0234,0.0259,0.0259,0.4948
31-AUG-2026,DWARKESH,52.42,51.89,0.0102,0.0284,0.0284,0.5426
31-AUG-2026,DYCL,493.20,487.60,0.0114,0.0367,0.0366,0.6992
31-AUG-2026,DYNAMATECH,11967.30,11435.47,0.0455,0.0273,0.0274,0.5235
31-AUG-2026,DYNPRO,227.50,228.80,-0.0057,0.0288,0.0287,0.5483
31-AUG-2026,E2E,618.75,616.49,0.0037,0.0360,0.0359,0.6859
31-AUG-2026,EASEMYTRIP,6.10,6.12,-0.0033,0.0327,0.0326,0.6228
31-AUG-2026,EASTSILK,61.75,65.05,-0.0521,0.1033,0.1032,1.9716
31-AUG-2026,EASTWEST,2.53,2.49,0.0159,0.0328,0.0327,0.6247
31-AUG-2026,EBANK10,16.89,16.75,0.0083,0.0021,0.0021,0.0401
31-AUG-2026,EBANKNIFTY,57.92,58.13,-0.0036,0.0101,0.0100,0.1910
31-AUG-2026,EBBETF0430,1603.67,1605.93,-0.0014,0.0019,0.0019,0.0363
31-AUG-2026,EBBETF0431,1436.39,1432.21,0.0029,0.0024,0.0024,0.0459
31-AUG-2026,EBBETF0433,1307.91,1311.67,-0.0029,0.0027,0.0027,0.0516
31-AUG-2026,EBGNG,612.47,635.48,-0.0369,0.0295,0.0295,0.5636
31-AUG-2026,EBIX,21.00,21.71,-0.0333,0.0356,0.0356,0.6801
31-AUG-2026,EBSL,10.00,10.00,0.0000,0.0000,0.0000,0.0000
31-AUG-2026,ECAPINSURE,24.12,24.24,-0.0050,0.0116,0.0116,0.2216
31-AUG-2026,ECLERX,1976.93,1955.13,0.0111,0.0286,0.0286,0.5464
31-AUG-2026,ECORECO,471.03,467.76,0.0070,0.0325,0.0324,0.6190
31-AUG-2026,ECOSMOBLTY,114.13,113.39,0.0065,0.0321,0.0320,0.6114
31-AUG-2026,EDELWEISS,127.30,125.42,0.0149,0.0268,0.0267,0.5101
31-AUG-2026,EDUCOMP,0.90,0.88,0.0225,0.0165,0.0166,0.3171
31-AUG-2026,EFCIL,204.85,202.26,0.0127,0.0291,0.0291,0.5560
31-AUG-2026,EGOLD,154.10,158.10,-0.0256,0.0168,0.0168,0.3210
31-AUG-2026,EICHERMOT,7953.51,8059.00,-0.0132,0.0165,0.0164,0.3133
31-AUG-2026,EIDPARRY,799.40,805.30,-0.0074,0.0190,0.0189,0.3611
31-AUG-2026,EIEL,196.89,199.23,-0.0118,0.0301,0.0300,0.5731
31-AUG-2026,EIFFL,295.95,301.95,-0.0201,0.0309,0.0308,0.5884
31-AUG-2026,EIFL,10.00,10.00,0.0000,0.0000,0.0000,0.0000
31-AUG-2026,EIHAHOTELS,301.15,301.80,-0.0022,0.0197,0.0196,0.3745
31-AUG-2026,EIHOTEL,282.31,297.82,-0.0535,0.0201,0.0204,0.3897
31-AUG-2026,EIMCOELECO,2195.25,2196.90,-0.0008,0.0319,0.0318,0.6075
31-AUG-2026,EKC,107.51,108.89,-0.0128,0.0271,0.0270,0.5158
31-AUG-2026,EKI,73.47,74.30,-0.0112,0.0299,0.0298,0.5693
31-AUG-2026,ELANTAS,11604.35,11477.97,0.0110,0.0258,0.0257,0.4910
31-AUG-2026,ELCIDIN,107275.00,108101.50,-0.0077,0.0219,0.0219,0.4184
31-AUG-2026,ELDEHSG,778.35,799.20,-0.0264,0.0272,0.0272,0.5197
31-AUG-2026,ELECON,411.86,425.22,-0.0319,0.0285,0.0285,0.5445
31-AUG-2026,ELECTCAST,83.43,81.50,0.0234,0.0297,0.0296,0.5655
31-AUG-2026,ELECTHERM,990.72,1016.10,-0.0253,0.0370,0.0369,0.7050
31-AUG-2026,ELGIEQUIP,627.36,628.84,-0.0024,0.0225,0.0224,0.4280
31-AUG-2026,ELGIRUBCO,58.97,60.94,-0.0329,0.0400,0.0399,0.7623
31-AUG-2026,ELIN,100.14,104.89,-0.0463,0.0294,0.0295,0.5636
31-AUG-2026,ELIQUID,1045.87,1045.75,0.0001,0.0002,0.0002,0.0038
31-AUG-2026,ELITECON,10.64,11.20,-0.0513,0.0864,0.0863,1.6488
31-AUG-2026,ELLEN,322.25,319.80,0.0076,0.0276,0.0275,0.5254
31-AUG-2026,ELM250,17.05,16.88,0.0100,0.0093,0.0093,0.1777
31-AUG-2026,ELMDIV,36.75,36.65,0.0027,0.0013,0.0013,0.0248
31-AUG-2026,ELPROINTL,173.97,174.67,-0.0040,0.0234,0.0234,0.4471
31-AUG-2026,EMAMILTD,364.00,379.40,-0.0414,0.0179,0.0181,0.3458
31-AUG-2026,EMAMIPAP,111.19,114.55,-0.0298,0.0273,0.0273,0.5216
31-AUG-2026,EMAMIREAL,69.45,70.07,-0.0089,0.0325,0.0325,0.6209
31-AUG-2026,EMBASSY,438.48,437.22,0.0029,0.0109,0.0109,0.2082
31-AUG-2026,EMBDL,62.07,62.78,-0.0114,0.0329,0.0328,0.6266
31-AUG-2026,EMCURE,1855.34,1869.51,-0.0076,0.0203,0.0203,0.3878
31-AUG-2026,EMETAL,13.24,13.53,-0.0217,0.0042,0.0045,0.0860
31-AUG-2026,EMIL,180.62,177.35,0.0183,0.0297,0.0296,0.5655
31-AUG-2026,EMKAY,257.19,251.57,0.0221,0.0351,0.0351,0.6706
31-AUG-2026,EMMBI,90.30,86.00,0.0488,0.0267,0.0268,0.5120
31-AUG-2026,EMMVEE,321.75,324.08,-0.0072,0.0255,0.0254,0.4853
31-AUG-2026,EMPIND,1217.03,1214.32,0.0022,0.0198,0.0197,0.3764
31-AUG-2026,EMPOWER,2.11,2.12,-0.0047,0.0329,0.0329,0.6286
31-AUG-2026,EMSLIMITED,374.76,377.81,-0.0081,0.0336,0.0336,0.6419
31-AUG-2026,EMUDHRA,547.88,559.65,-0.0213,0.0231,0.0230,0.4394
31-AUG-2026,EMULTIMQ,42.19,42.20,-0.0002,0.0100,0.0099,0.1891
31-AUG-2026,ENDURANCE,2871.22,2929.19,-0.0200,0.0198,0.0198,0.3783
31-AUG-2026,ENERGY,38.00,38.23,-0.0060,0.0084,0.0084,0.1605
31-AUG-2026,ENERGYDEV,15.88,16.08,-0.0125,0.0293,0.0292,0.5579
31-AUG-2026,ENEXT50,73.23,74.00,-0.0105,0.0054,0.0054,0.1032
31-AUG-2026,ENGINERSIN,261.87,253.73,0.0316,0.0273,0.0274,0.5235
31-AUG-2026,ENIFTY,24.26,24.35,-0.0037,0.0074,0.0074,0.1414
31-AUG-2026,ENIL,101.91,104.89,-0.0288,0.0211,0.0211,0.4031
31-AUG-2026,ENKEIWHEL,398.99,403.90,-0.0122,0.0233,0.0232,0.4432
31-AUG-2026,ENRIN,3229.83,3242.66,-0.0040,0.0219,0.0219,0.4184
31-AUG-2026,ENTERO,1809.83,1808.64,0.0007,0.0253,0.0253,0.4834
31-AUG-2026,EPACK,187.35,191.96,-0.0243,0.0302,0.0302,0.5770
31-AUG-2026,EPACKPEB,221.70,225.64,-0.0176,0.0316,0.0316,0.6037
31-AUG-2026,EPIGRAL,1203.36,1232.76,-0.0241,0.0275,0.0275,0.5254
31-AUG-2026,EPL,262.06,251.94,0.0394,0.0214,0.0216,0.4127
31-AUG-2026,EQUAL200,13.91,13.99,-0.0057,0.0093,0.0093,0.1777
31-AUG-2026,EQUAL50,332.91,333.75,-0.0025,0.0073,0.0072,0.1376
31-AUG-2026,EQUAL50ADD,343.91,345.92,-0.0058,0.0092,0.0092,0.1758
31-AUG-2026,EQUIPPP,22.30,23.40,-0.0481,0.0283,0.0285,0.5445
31-AUG-2026,EQUITASBNK,73.97,74.07,-0.0014,0.0218,0.0217,0.4146
31-AUG-2026,ERIS,1297.20,1314.84,-0.0135,0.0192,0.0192,0.3668
31-AUG-2026,ESABINDIA,6118.59,6162.65,-0.0072,0.0189,0.0189,0.3611
31-AUG-2026,ESAFSFB,42.99,44.71,-0.0392,0.0275,0.0276,0.5273
31-AUG-2026,ESCORTS,2994.97,3015.49,-0.0068,0.0190,0.0189,0.3611
31-AUG-2026,ESENSEX,76.85,77.96,-0.0143,0.0108,0.0108,0.2063
31-AUG-2026,ESG,41.24,41.50,-0.0063,0.0088,0.0088,0.1681
31-AUG-2026,ESILVER,233.48,240.20,-0.0284,0.0304,0.0304,0.5808
31-AUG-2026,ESSARSHPNG,16.58,16.77,-0.0114,0.0343,0.0342,0.6534
31-AUG-2026,ESSENTIA,1.03,1.08,-0.0474,0.0348,0.0349,0.6668
31-AUG-2026,ESTER,91.74,93.73,-0.0215,0.0297,0.0297,0.5674
31-AUG-2026,ETERNAL,328.10,328.00,0.0003,0.0224,0.0224,0.4280
31-AUG-2026,ETHOSLTD,2898.76,2875.22,0.0082,0.0235,0.0235,0.4490
31-AUG-2026,EUREKAFORB,429.53,427.81,0.0040,0.0209,0.0209,0.3993
31-AUG-2026,EUROBOND,150.28,150.32,-0.0003,0.0200,0.0199,0.3802
31-AUG-2026,EUROPRATIK,263.72,257.46,0.0240,0.0250,0.0250,0.4776
31-AUG-2026,EUROTEXIND,13.39,13.69,-0.0222,0.0509,0.0508,0.9705
31-AUG-2026,EVEREADY,329.80,337.09,-0.0219,0.0220,0.0220,0.4203
31-AUG-2026,EVERESTIND,431.42,434.75,-0.0077,0.0298,0.0298,0.5693
31-AUG-2026,EVIETF,33.54,33.67,-0.0039,0.0102,0.0102,0.1949
31-AUG-2026,EVINDIA,33.47,33.58,-0.0033,0.0107,0.0107,0.2044
31-AUG-2026,EXCELINDUS,1047.03,1030.84,0.0156,0.0247,0.0247,0.4719
31-AUG-2026,EXCELSOFT,69.93,71.03,-0.0156,0.0257,0.0257,0.4910
31-AUG-2026,EXICOM,166.00,167.93,-0.0116,0.0377,0.0376,0.7183
31-AUG-2026,EXIDEIND,440.25,444.61,-0.0099,0.0194,0.0194,0.3706
31-AUG-2026,EXPLEOSOL,857.05,875.75,-0.0216,0.0251,0.0251,0.4795
31-AUG-2026,EXXARO,7.13,7.41,-0.0385,0.0324,0.0325,0.6209
31-AUG-2026,FABTECH,148.36,147.55,0.0055,0.0231,0.0231,0.4413
31-AUG-2026,FACT,821.25,832.52,-0.0136,0.0282,0.0282,0.5388
31-AUG-2026,FAIRCHEMOR,673.00,686.45,-0.0198,0.0269,0.0269,0.5139
31-AUG-2026,FAZE3Q,487.49,491.53,-0.0083,0.0361,0.0360,0.6878
31-AUG-2026,FCL,50.79,50.03,0.0151,0.0351,0.0350,0.6687
31-AUG-2026,FCONSUMER,0.23,0.23,0.0000,0.0184,0.0183,0.3496
31-AUG-2026,FCSSOFT,1.48,1.50,-0.0134,0.0284,0.0283,0.5407
31-AUG-2026,FDC,337.17,342.49,-0.0157,0.0187,0.0187,0.3573
31-AUG-2026,FEDDERSHOL,44.69,44.00,0.0156,0.0303,0.0303,0.5789
31-AUG-2026,FEDERALBNK,356.70,344.25,0.0355,0.0160,0.0161,0.3076
31-AUG-2026,FEDFINA,157.28,158.94,-0.0105,0.0237,0.0237,0.4528
31-AUG-2026,FEL,0.38,0.39,-0.0260,0.0558,0.0557,1.0641
31-AUG-2026,FELDVR,2.23,2.34,-0.0481,0.0359,0.0359,0.6859
31-AUG-2026,FERMENTA,500.10,509.90,-0.0194,0.0329,0.0328,0.6266
31-AUG-2026,FFL,40.00,40.00,0.0000,0.0000,0.0000,0.0000
31-AUG-2026,FIBERWEB,26.36,26.70,-0.0128,0.0266,0.0265,0.5063
31-AUG-2026,FIEMIND,2036.21,2087.75,-0.0250,0.0229,0.0229,0.4375
31-AUG-2026,FILATEX,75.17,78.88,-0.0482,0.0296,0.0298,0.5693
31-AUG-2026,FILATFASH,0.18,0.18,0.0000,0.0358,0.0357,0.6820
31-AUG-2026,FINCABLES,1247.15,1297.91,-0.0399,0.0271,0.0272,0.5197
31-AUG-2026,FINEORG,5282.21,5282.24,-0.0000,0.0193,0.0192,0.3668
31-AUG-2026,FINIETF,32.99,33.26,-0.0082,0.0127,0.0127,0.2426
31-AUG-2026,FINKURVE,72.33,75.58,-0.0440,0.0364,0.0364,0.6954
31-AUG-2026,FINOPB,139.39,141.58,-0.0156,0.0374,0.0373,0.7126
31-AUG-2026,FINPIPE,157.73,160.56,-0.0178,0.0196,0.0196,0.3745
31-AUG-2026,FIRL,10.00,10.00,0.0000,0.0000,0.0000,0.0000
31-AUG-2026,FIRSTCRY,182.39,185.49,-0.0169,0.0267,0.0267,0.5101
31-AUG-2026,FISCHER,35.23,35.51,-0.0079,0.0312,0.0312,0.5961
31-AUG-2026,FIVESTAR,535.05,537.81,-0.0051,0.0248,0.0247,0.4719
31-AUG-2026,FLAIR,248.28,249.33,-0.0042,0.0210,0.0209,0.3993
31-AUG-2026,FLEXIADD,10.18,10.24,-0.0059,0.0074,0.0074,0.1414
31-AUG-2026,FLEXITUFF,2.57,2.58,-0.0039,0.0328,0.0327,0.6247
31-AUG-2026,FLFL,1.20,1.19,0.0084,0.0294,0.0294,0.5617
31-AUG-2026,FLUOROCHEM,4693.34,4771.27,-0.0165,0.0201,0.0201,0.3840
31-AUG-2026,FMCGADD,46.83,47.33,-0.0106,0.0046,0.0047,0.0898
31-AUG-2026,FMCGIETF,50.10,50.34,-0.0048,0.0086,0.0086,0.1643
31-AUG-2026,FMGOETZE,624.86,602.01,0.0373,0.0256,0.0256,0.4891
31-AUG-2026,FMNL,10.45,11.00,-0.0513,0.0312,0.0313,0.5980
31-AUG-2026,FOCUS,65.74,67.49,-0.0263,0.0276,0.0276,0.5273
31-AUG-2026,FOODSIN,54.97,52.88,0.0388,0.0307,0.0307,0.5865
31-AUG-2026,FORCEMOT,17526.14,17369.61,0.0090,0.0309,0.0308,0.5884
31-AUG-2026,FORTIS,906.90,926.80,-0.0217,0.0170,0.0170,0.3248
31-AUG-2026,FOSECOIND,6431.95,6361.73,0.0110,0.0258,0.0257,0.4910
31-AUG-2026,FRACTAL,852.15,844.16,0.0094,0.0213,0.0213,0.4069
31-AUG-2026,FREDUN,1447.56,1476.63,-0.0199,0.0333,0.0333,0.6362
31-AUG-2026,FRICKINDIA,10.00,10.00,0.0000,0.0000,0.0000,0.0000
31-AUG-2026,FRONTSP,1292.82,1273.12,0.0154,0.0346,0.0345,0.6591
31-AUG-2026,FSL,264.80,269.30,-0.0169,0.0304,0.0303,0.5789
31-AUG-2026,FUSION,200.35,199.24,0.0056,0.0299,0.0298,0.5693
31-AUG-2026,GABRIEL,1438.01,1367.59,0.0502,0.0307,0.0308,0.5884
31-AUG-2026,GAEL,176.92,167.02,0.0576,0.0234,0.0237,0.4528
31-AUG-2026,GAIL,177.50,171.10,0.0367,0.0172,0.0173,0.3305
31-AUG-2026,GAJA,151.07,158.64,-0.0489,0.0032,0.0047,0.0898
31-AUG-2026,GALAPREC,1025.39,1034.24,-0.0086,0.0295,0.0294,0.5617
31-AUG-2026,GALAXYSURF,2255.60,2285.10,-0.0130,0.0226,0.0225,0.4299
31-AUG-2026,GALLANTT,566.80,577.79,-0.0192,0.0331,0.0330,0.6305
31-AUG-2026,GANDHAR,257.74,256.49,0.0049,0.0302,0.0301,0.5751
31-AUG-2026,GANDHITUBE,900.55,898.17,0.0026,0.0245,0.0245,0.4681
31-AUG-2026,GANECOS,1021.71,1019.24,0.0024,0.0298,0.0298,0.5693
31-AUG-2026,GANESHBE,115.22,119.94,-0.0401,0.0293,0.0293,0.5598
31-AUG-2026,GANESHCP,171.16,174.16,-0.0174,0.0226,0.0225,0.4299
31-AUG-2026,GANESHHOU,776.97,802.10,-0.0318,0.0254,0.0254,0.4853
31-AUG-2026,GANGAFORGE,1.69,1.61,0.0485,0.0351,0.0351,0.6706
31-AUG-2026,GANGESSECU,117.69,116.81,0.0075,0.0228,0.0227,0.4337
31-AUG-2026,GARFIBRES,813.78,798.99,0.0183,0.0240,0.0240,0.4585
31-AUG-2026,GARUDA,171.61,175.20,-0.0207,0.0331,0.0331,0.6324
31-AUG-2026,GATECH,1.10,1.06,0.0370,0.0420,0.0420,0.8024
31-AUG-2026,GATECHDVR,0.57,0.55,0.0357,0.0327,0.0328,0.6266
31-AUG-2026,GATEWAY,53.79,53.60,0.0035,0.0195,0.0195,0.3725
31-AUG-2026,GAUDIUMIVF,127.80,120.60,0.0580,0.0263,0.0266,0.5082
31-AUG-2026,GAYAHWS,1.95,1.88,0.0366,0.0325,0.0325,0.6209
31-AUG-2026,GAYAPROJ,21.63,22.15,-0.0238,0.0268,0.0268,0.5120
31-AUG-2026,GCSL,556.55,541.30,0.0278,0.0354,0.0354,0.6763
31-AUG-2026,GDHL,10.00,10.00,0.0000,0.0000,0.0000,0.0000
31-AUG-2026,GEECEE,369.95,370.00,-0.0001,0.0251,0.0250,0.4776
31-AUG-2026,GEEKAYWIRE,26.70,24.69,0.0783,0.0292,0.0297,0.5674
31-AUG-2026,GEMAROMA,168.24,168.75,-0.0030,0.0261,0.0261,0.4986
31-AUG-2026,GENCON,47.23,44.12,0.0681,0.0330,0.0333,0.6362
31-AUG-2026,GENESYS,227.33,227.81,-0.0021,0.0453,0.0452,0.8635
31-AUG-2026,GENSOL,17.43,17.39,0.0023,0.0299,0.0298,0.5693
31-AUG-2026,GENUSPAPER,12.12,12.16,-0.0033,0.0269,0.0268,0.5120
31-AUG-2026,GENUSPOWER,335.20,349.71,-0.0424,0.0271,0.0272,0.5197
31-AUG-2026,GEOJITFSL,83.32,83.69,-0.0044,0.0251,0.0251,0.4795
31-AUG-2026,GESHIP,1301.80,1339.57,-0.0286,0.0225,0.0225,0.4299
31-AUG-2026,GFLLIMITED,54.16,54.22,-0.0011,0.0257,0.0257,0.4910
31-AUG-2026,GFSTEELS,14.16,14.16,0.0000,0.0317,0.0316,0.6037
31-AUG-2026,GHCL,437.81,441.45,-0.0083,0.0186,0.0186,0.3554
31-AUG-2026,GHCLTEXTIL,134.74,130.79,0.0298,0.0253,0.0253,0.4834
31-AUG-2026,GICHSGFIN,139.19,141.03,-0.0131,0.0170,0.0170,0.3248
31-AUG-2026,GICL,23.84,23.73,0.0046,0.0305,0.0304,0.5808
31-AUG-2026,GICRE,354.75,353.26,0.0042,0.0185,0.0185,0.3534
31-AUG-2026,GILLANDERS,105.52,106.38,-0.0081,0.0261,0.0260,0.4967
31-AUG-2026,GILLETTE,7328.19,7318.74,0.0013,0.0159,0.0159,0.3038
31-AUG-2026,GILT10BETA,26.79,26.87,-0.0030,0.0082,0.0082,0.1567
31-AUG-2026,GILT5BETA,66.74,66.50,0.0036,0.0088,0.0087,0.1662
31-AUG-2026,GILT5YBEES,66.05,66.22,-0.0026,0.0022,0.0022,0.0420
31-AUG-2026,GINNIFILA,43.99,44.48,-0.0111,0.0332,0.0331,0.6324
31-AUG-2026,GIPCL,199.36,205.90,-0.0323,0.0241,0.0241,0.4604
31-AUG-2026,GKB,66.09,62.50,0.0559,0.0356,0.0358,0.6840
31-AUG-2026,GKENERGY,133.18,138.44,-0.0387,0.0267,0.0268,0.5120
31-AUG-2026,GKSL,158.22,160.65,-0.0152,0.0166,0.0166,0.3171
31-AUG-2026,GKWLIMITED,1524.70,1597.90,-0.0469,0.0225,0.0226,0.4318
31-AUG-2026,GLAND,2885.81,2887.85,-0.0007,0.0216,0.0215,0.4108
31-AUG-2026,GLAXO,3050.11,3106.39,-0.0183,0.0190,0.0190,0.3630
31-AUG-2026,GLENMARK,2480.01,2512.50,-0.0130,0.0184,0.0183,0.3496
31-AUG-2026,GLFL,5.92,5.72,0.0344,0.0706,0.0704,1.3450
31-AUG-2026,GLOBAL,107.02,108.99,-0.0182,0.0285,0.0285,0.5445
31-AUG-2026,GLOBALE,11.91,11.58,0.0281,0.0265,0.0265,0.5063
31-AUG-2026,GLOBALVECT,142.51,145.56,-0.0212,0.0302,0.0302,0.5770
31-AUG-2026,GLOBE,1.93,2.00,-0.0356,0.0272,0.0273,0.5216
31-AUG-2026,GLOBECIVIL,46.70,45.59,0.0241,0.0258,0.0258,0.4929
31-AUG-2026,GLOBUSSPR,917.27,916.04,0.0013,0.0245,0.0245,0.4681
31-AUG-2026,GLOSTERLTD,589.90,605.57,-0.0262,0.0196,0.0197,0.3764
31-AUG-2026,GLOTTIS,63.76,64.27,-0.0080,0.0229,0.0229,0.4375
31-AUG-2026,GMBREW,877.26,890.40,-0.0149,0.0244,0.0244,0.4662
31-AUG-2026,GMDCLTD,562.98,567.65,-0.0083,0.0300,0.0299,0.5712
31-AUG-2026,GMMPFAUDLR,1042.51,1026.70,0.0153,0.0206,0.0205,0.3917
31-AUG-2026,GMRAIRPORT,93.63,98.31,-0.0488,0.0193,0.0196,0.3745
31-AUG-2026,GMRP&UI,90.32,93.35,-0.0330,0.0263,0.0263,0.5025
31-AUG-2026,GNA,539.88,542.66,-0.0051,0.0280,0.0280,0.5349
31-AUG-2026,GNFC,574.74,580.08,-0.0092,0.0203,0.0202,0.3859
31-AUG-2026,GNRL,95.49,96.83,-0.0139,0.0306,0.0306,0.5846
31-AUG-2026,GOACARBON,369.54,361.74,0.0213,0.0244,0.0243,0.4643
31-AUG-2026,GOALPOST,10.20,10.20,0.0000,0.0010,0.0010,0.0191
31-AUG-2026,GOCLCORP,392.49,388.27,0.0108,0.0286,0.0285,0.5445
31-AUG-2026,GOCOLORS,327.85,335.64,-0.0235,0.0305,0.0305,0.5827
31-AUG-2026,GODAVARIB,234.32,239.20,-0.0206,0.0294,0.0293,0.5598
31-AUG-2026,GODFRYPHLP,2104.69,2123.73,-0.0090,0.0323,0.0322,0.6152
31-AUG-2026,GODIGIT,257.44,262.36,-0.0189,0.0183,0.0183,0.3496
31-AUG-2026,GODREJAGRO,615.30,609.25,0.0099,0.0194,0.0194,0.3706
31-AUG-2026,GODREJCP,901.30,914.98,-0.0151,0.0174,0.0174,0.3324
31-AUG-2026,GODREJIND,1134.62,1167.59,-0.0286,0.0266,0.0267,0.5101
31-AUG-2026,GODREJPROP,2014.70,2029.12,-0.0071,0.0228,0.0228,0.4356
31-AUG-2026,GOKEX,780.89,767.65,0.0171,0.0322,0.0321,0.6133
31-AUG-2026,GOKUL,41.65,42.44,-0.0188,0.0263,0.0263,0.5025
31-AUG-2026,GOKULAGRO,244.11,244.34,-0.0009,0.0273,0.0273,0.5216
31-AUG-2026,GOLD1,128.68,132.21,-0.0271,0.0171,0.0172,0.3286
31-AUG-2026,GOLD360,149.77,154.71,-0.0325,0.0178,0.0179,0.3420
31-AUG-2026,GOLDADD,14.97,15.36,-0.0257,0.0176,0.0176,0.3362
31-AUG-2026,GOLDAXIS,127.78,131.78,-0.0308,0.0194,0.0195,0.3725
31-AUG-2026,GOLDBEES,127.32,130.85,-0.0273,0.0171,0.0172,0.3286
31-AUG-2026,GOLDBETA,129.95,133.30,-0.0255,0.0163,0.0163,0.3114
31-AUG-2026,GOLDBND,153.43,157.88,-0.0286,0.0149,0.0150,0.2866
31-AUG-2026,GOLDCASE,24.22,24.90,-0.0277,0.0168,0.0169,0.3229
31-AUG-2026,GOLDEDGE,10.50,10.50,0.0000,0.0000,0.0000,0.0000
31-AUG-2026,GOLDENTOBC,24.05,24.15,-0.0041,0.0235,0.0234,0.4471
31-AUG-2026,GOLDETF,150.19,153.76,-0.0235,0.0161,0.0161,0.3076
31-AUG-2026,GOLDIAM,348.67,348.48,0.0005,0.0360,0.0359,0.6859
31-AUG-2026,GOLDIETF,131.72,135.62,-0.0292,0.0176,0.0177,0.3382
31-AUG-2026,GOLDTECH,48.29,50.86,-0.0519,0.0372,0.0373,0.7126
31-AUG-2026,GOODLUCK,464.59,449.91,0.0321,0.0300,0.0300,0.5731
31-AUG-2026,GOODYEAR,743.11,749.91,-0.0091,0.0140,0.0139,0.2656
31-AUG-2026,GOPAL,274.73,276.25,-0.0055,0.0206,0.0206,0.3936
31-AUG-2026,GOYALALUM,6.28,6.27,0.0016,0.0239,0.0238,0.4547
31-AUG-2026,GPIL,243.66,239.85,0.0158,0.0235,0.0235,0.4490
31-AUG-2026,GPPL,167.57,168.75,-0.0070,0.0192,0.0191,0.3649
31-AUG-2026,GPTHEALTH,153.01,151.72,0.0085,0.0187,0.0186,0.3554
31-AUG-2026,GPTINFRA,110.66,111.92,-0.0113,0.0263,0.0263,0.5025
31-AUG-2026,GRACIOUS,13.50,13.50,0.0000,0.0000,0.0000,0.0000
31-AUG-2026,GRADIENTE,2.59,2.72,-0.0490,0.0244,0.0245,0.4681
31-AUG-2026,GRANDOAK,36.33,36.69,-0.0099,0.0432,0.0431,0.8234
31-AUG-2026,GRANULES,828.50,836.67,-0.0098,0.0198,0.0197,0.3764
31-AUG-2026,GRAPHITE,702.56,696.03,0.0093,0.0254,0.0254,0.4853
31-AUG-2026,GRASIM,3370.99,3289.99,0.0243,0.0143,0.0144,0.2751
31-AUG-2026,GRAUWEIL,71.64,71.31,0.0046,0.0268,0.0267,0.5101
31-AUG-2026,GRAVISSHO,29.82,30.00,-0.0060,0.0357,0.0356,0.6801
31-AUG-2026,GRAVITA,1800.15,1825.89,-0.0142,0.0258,0.0258,0.4929
31-AUG-2026,GREAVESCOT,197.80,194.41,0.0173,0.0299,0.0299,0.5712
31-AUG-2026,GREENLAM,247.93,246.44,0.0060,0.0253,0.0252,0.4814
31-AUG-2026,GREENPANEL,156.60,161.06,-0.0281,0.0246,0.0247,0.4719
31-AUG-2026,GREENPLY,290.20,286.25,0.0137,0.0250,0.0250,0.4776
31-AUG-2026,GREENPOWER,9.19,9.39,-0.0215,0.0259,0.0259,0.4948
31-AUG-2026,GRINDWELL,2023.01,2057.67,-0.0170,0.0238,0.0238,0.4547
31-AUG-2026,GRINFRA,876.14,890.67,-0.0164,0.0181,0.0181,0.3458
31-AUG-2026,GRMOVER,86.47,86.38,0.0010,0.0302,0.0301,0.5751
31-AUG-2026,GROBTEA,996.65,991.60,0.0051,0.0260,0.0259,0.4948
31-AUG-2026,GROWW,192.06,191.46,0.0031,0.0242,0.0241,0.4604
31-AUG-2026,GROWWCAPM,11.50,11.58,-0.0069,0.0122,0.0122,0.2331
31-AUG-2026,GROWWCHEM,30.59,30.35,0.0079,0.0090,0.0090,0.1719
31-AUG-2026,GROWWDEFNC,97.29,97.44,-0.0015,0.0154,0.0154,0.2942
31-AUG-2026,GROWWEV,33.39,33.38,0.0003,0.0114,0.0114,0.2178
31-AUG-2026,GROWWGOLD,15.00,15.43,-0.0283,0.0171,0.0171,0.3267
31-AUG-2026,GROWWHOSPI,52.40,52.64,-0.0046,0.0069,0.0069,0.1318
31-AUG-2026,GROWWLIQID,110.56,110.55,0.0001,0.0002,0.0002,0.0038
31-AUG-2026,GROWWLOVOL,10.42,10.47,-0.0048,0.0073,0.0073,0.1395
31-AUG-2026,GROWWMC150,235.70,237.13,-0.0060,0.0094,0.0094,0.1796
31-AUG-2026,GROWWMETAL,12.62,12.87,-0.0196,0.0109,0.0110,0.2102
31-AUG-2026,GROWWMOM50,11.12,11.35,-0.0205,0.0104,0.0105,0.2006
31-AUG-2026,GROWWN200,11.40,11.39,0.0009,0.0093,0.0093,0.1777
31-AUG-2026,GROWWNET,10.84,10.88,-0.0037,0.0121,0.0121,0.2312
31-AUG-2026,GROWWNIFTY,9.74,9.74,0.0000,0.0067,0.0067,0.1280
31-AUG-2026,GROWWNXT50,73.70,74.51,-0.0109,0.0094,0.0094,0.1796
31-AUG-2026,GROWWPOWER,11.19,11.33,-0.0124,0.0107,0.0107,0.2044
31-AUG-2026,GROWWPSE,97.17,97.13,0.0004,0.0069,0.0069,0.1318
31-AUG-2026,GROWWPSUBK,85.82,85.83,-0.0001,0.0096,0.0096,0.1834
31-AUG-2026,GROWWRAIL,28.21,28.55,-0.0120,0.0129,0.0129,0.2465
31-AUG-2026,GROWWRLTY,10.05,10.14,-0.0089,0.0135,0.0134,0.2560
31-AUG-2026,GROWWSC250,10.63,10.67,-0.0038,0.0093,0.0093,0.1777
31-AUG-2026,GROWWSLVR,22.86,23.59,-0.0314,0.0323,0.0323,0.6171
31-AUG-2026,GRPLTD,1966.30,2011.27,-0.0226,0.0280,0.0280,0.5349
31-AUG-2026,GRSE,2565.43,2612.91,-0.0183,0.0308,0.0308,0.5884
31-AUG-2026,GRWRHITECH,7137.92,7224.70,-0.0121,0.0346,0.0345,0.6591
31-AUG-2026,GSEC10ABSL,112.06,112.05,0.0001,0.0056,0.0056,0.1070
31-AUG-2026,GSEC10ADD,26.51,26.89,-0.0142,0.0008,0.0013,0.0248
31-AUG-2026,GSEC10IETF,265.71,263.52,0.0083,0.0044,0.0045,0.0860
31-AUG-2026,GSEC10YEAR,30.55,30.63,-0.0026,0.0069,0.0069,0.1318
31-AUG-2026,GSEC5IETF,66.01,66.20,-0.0029,0.0044,0.0044,0.0841
31-AUG-2026,GSFC,158.14,157.97,0.0011,0.0190,0.0189,0.3611
31-AUG-2026,GSLSU,25.73,27.08,-0.0511,0.0361,0.0362,0.6916
31-AUG-2026,GSPCROP,639.53,626.61,0.0204,0.0187,0.0187,0.3573
31-AUG-2026,GSS,12.11,12.38,-0.0221,0.0315,0.0315,0.6018
31-AUG-2026,GTECJAINX,27.99,28.80,-0.0285,0.0421,0.0421,0.8043
31-AUG-2026,GTL,7.21,7.37,-0.0219,0.0303,0.0303,0.5789
31-AUG-2026,GTLINFRA,1.17,1.20,-0.0253,0.0309,0.0309,0.5903
31-AUG-2026,GTPL,57.73,53.54,0.0753,0.0250,0.0255,0.4872
31-AUG-2026,GUFICBIO,416.28,406.35,0.0241,0.0234,0.0234,0.4471
31-AUG-2026,GUJALKALI,699.55,706.89,-0.0104,0.0248,0.0247,0.4719
31-AUG-2026,GUJAPOLLO,340.88,345.25,-0.0127,0.0265,0.0265,0.5063
31-AUG-2026,GUJENERGY,247.70,254.80,-0.0283,0.0267,0.0267,0.5101
31-AUG-2026,GUJRAFFIA,40.04,41.40,-0.0334,0.0324,0.0324,0.6190
31-AUG-2026,GUJTHEM,422.21,411.04,0.0268,0.0324,0.0324,0.6190
31-AUG-2026,GULFOILLUB,1121.80,1143.89,-0.0195,0.0205,0.0205,0.3917
31-AUG-2026,GULFPETRO,67.67,67.75,-0.0012,0.0278,0.0277,0.5292
31-AUG-2026,GULPOLY,190.51,192.72,-0.0115,0.0279,0.0278,0.5311
31-AUG-2026,GVKPIL,2.08,2.12,-0.0190,0.0185,0.0185,0.3534
31-AUG-2026,GVPIL,627.38,652.69,-0.0395,0.0381,0.0381,0.7279
31-AUG-2026,GVPTECH,8.59,9.03,-0.0500,0.0322,0.0323,0.6171
31-AUG-2026,GVT&D,4444.96,4339.21,0.0241,0.0280,0.0280,0.5349
31-AUG-2026,GYFTR,174.81,166.74,0.0473,0.0277,0.0278,0.5311
31-AUG-2026,HAL,4801.59,4860.81,-0.0123,0.0186,0.0186,0.3554
31-AUG-2026,HALDER,286.63,295.73,-0.0313,0.0191,0.0192,0.3668
31-AUG-2026,HALDYNGL,140.75,139.16,0.0114,0.0316,0.0315,0.6018
31-AUG-2026,HALEOSLABS,1464.80,1495.10,-0.0205,0.0311,0.0310,0.5923
31-AUG-2026,HAMPTON,8.21,8.03,0.0222,0.0317,0.0317,0.6056
31-AUG-2026,HAPPSTMNDS,406.95,408.00,-0.0026,0.0234,0.0234,0.4471
31-AUG-2026,HAPPYFORGE,2412.00,2306.99,0.0445,0.0214,0.0216,0.4127
31-AUG-2026,HARDOLI,34.65,34.65,0.0000,0.0000,0.0000,0.0000
31-AUG-2026,HARDWYN,9.04,9.07,-0.0033,0.0348,0.0347,0.6629
31-AUG-2026,HARIOMPIPE,345.31,352.22,-0.0198,0.0317,0.0316,0.6037
31-AUG-2026,HARRMALAYA,196.91,197.20,-0.0015,0.0259,0.0258,0.4929
31-AUG-2026,HARSHA,455.89,438.85,0.0381,0.0212,0.0213,0.4069
31-AUG-2026,HATHWAY,10.64,10.57,0.0066,0.0205,0.0204,0.3897
31-AUG-2026,HATSUN,1190.44,1175.99,0.0122,0.0209,0.0209,0.3993
31-AUG-2026,HAVELLS,1244.10,1222.89,0.0172,0.0150,0.0150,0.2866
31-AUG-2026,HAVISHA,1.31,1.37,-0.0448,0.0344,0.0345,0.6591
31-AUG-2026,HAWKINCOOK,8156.16,8229.68,-0.0090,0.0136,0.0136,0.2598
31-AUG-2026,HAZOOR,19.73,19.95,-0.0111,0.0300,0.0299,0.5712
31-AUG-2026,HBESD,75.00,74.57,0.0057,0.0337,0.0336,0.6419
31-AUG-2026,HBLENGINE,657.31,674.07,-0.0252,0.0281,0.0281,0.5368
31-AUG-2026,HBPOR,60.46,61.79,-0.0218,0.0289,0.0289,0.5521
31-AUG-2026,HBSL,55.61,52.55,0.0566,0.0304,0.0306,0.5846
31-AUG-2026,HCC,23.83,24.64,-0.0334,0.0322,0.0322,0.6152
31-AUG-2026,HCG,733.55,696.28,0.0521,0.0198,0.0201,0.3840
31-AUG-2026,HCL-INSYS,10.74,10.78,-0.0037,0.0263,0.0262,0.5006
31-AUG-2026,HCLTECH,1312.20,1316.10,-0.0030,0.0181,0.0180,0.3439
31-AUG-2026,HDBFS,682.33,679.34,0.0044,0.0143,0.0143,0.2732
31-AUG-2026,HDFCAMC,2622.09,2568.85,0.0205,0.0201,0.0201,0.3840
31-AUG-2026,HDFCBANK,709.00,720.29,-0.0158,0.0133,0.0133,0.2541
31-AUG-2026,HDFCBSE500,37.82,37.87,-0.0013,0.0114,0.0114,0.2178
31-AUG-2026,HDFCGOLD,131.82,135.29,-0.0260,0.0171,0.0171,0.3267
31-AUG-2026,HDFCGROWTH,121.23,121.35,-0.0010,0.0090,0.0090,0.1719
31-AUG-2026,HDFCLIFE,543.35,547.99,-0.0085,0.0143,0.0143,0.2732
31-AUG-2026,HDFCLIQUID,1076.00,1075.85,0.0001,0.0004,0.0004,0.0076
31-AUG-2026,HDFCLOWVOL,20.73,20.74,-0.0005,0.0090,0.0090,0.1719
31-AUG-2026,HDFCMID150,23.64,23.80,-0.0067,0.0101,0.0101,0.1930
31-AUG-2026,HDFCMOMENT,31.33,31.70,-0.0117,0.0112,0.0112,0.2140
31-AUG-2026,HDFCNEXT50,75.02,75.73,-0.0094,0.0107,0.0107,0.2044
31-AUG-2026,HDFCNIF100,26.11,26.31,-0.0076,0.0093,0.0093,0.1777
31-AUG-2026,HDFCNIFBAN,59.15,59.28,-0.0022,0.0100,0.0100,0.1910
31-AUG-2026,HDFCNIFIT,32.97,33.25,-0.0085,0.0151,0.0151,0.2885
31-AUG-2026,HDFCNIFTY,271.86,272.45,-0.0022,0.0082,0.0081,0.1548
31-AUG-2026,HDFCNIMEG,132.29,134.30,-0.0151,0.0084,0.0085,0.1624
31-AUG-2026,HDFCPSUBK,86.24,86.70,-0.0053,0.0148,0.0148,0.2828
31-AUG-2026,HDFCPVTBAN,28.26,28.32,-0.0021,0.0103,0.0103,0.1968
31-AUG-2026,HDFCQUAL,59.05,59.26,-0.0035,0.0085,0.0085,0.1624
31-AUG-2026,HDFCSENSEX,87.33,87.54,-0.0024,0.0080,0.0080,0.1528
31-AUG-2026,HDFCSILVER,223.01,230.35,-0.0324,0.0325,0.0325,0.6209
31-AUG-2026,HDFCSML250,185.36,186.48,-0.0060,0.0111,0.0110,0.2102
31-AUG-2026,HDFCVALUE,125.64,125.51,0.0010,0.0080,0.0079,0.1509
31-AUG-2026,HDIL,1.49,1.51,-0.0133,0.0232,0.0232,0.4432
31-AUG-2026,HEADSUP,6.87,6.99,-0.0173,0.0297,0.0296,0.5655
31-AUG-2026,HEALTHADD,16.90,16.91,-0.0006,0.0096,0.0096,0.1834
31-AUG-2026,HEALTHAXIS,169.36,170.79,-0.0084,0.0097,0.0097,0.1853
31-AUG-2026,HEALTHCARE,21.73,21.89,-0.0073,0.0079,0.0079,0.1509
31-AUG-2026,HEALTHIETF,171.07,172.20,-0.0066,0.0089,0.0089,0.1700
31-AUG-2026,HEALTHX,300.41,300.05,0.0012,0.0240,0.0240,0.4585
31-AUG-2026,HEALTHY,17.21,17.24,-0.0017,0.0087,0.0086,0.1643
31-AUG-2026,HECPROJECT,119.57,118.06,0.0127,0.0367,0.0366,0.6992
31-AUG-2026,HEG,728.79,737.35,-0.0117,0.0266,0.0266,0.5082
31-AUG-2026,HEIDELBERG,157.43,161.00,-0.0224,0.0146,0.0146,0.2789
31-AUG-2026,HEMIPROP,128.72,129.96,-0.0096,0.0254,0.0253,0.4834
31-AUG-2026,HERANBA,172.55,171.44,0.0065,0.0264,0.0263,0.5025
31-AUG-2026,HERITGFOOD,361.30,370.57,-0.0253,0.0221,0.0221,0.4222
31-AUG-2026,HEROMOTOCO,5450.04,5600.01,-0.0271,0.0164,0.0164,0.3133
31-AUG-2026,HESTERBIO,2258.91,2302.09,-0.0189,0.0281,0.0280,0.5349
31-AUG-2026,HEXAGON,67.45,68.39,-0.0138,0.0200,0.0200,0.3821
31-AUG-2026,HEXATRADEX,160.49,160.09,0.0025,0.0178,0.0178,0.3401
31-AUG-2026,HEXT,554.75,555.66,-0.0016,0.0231,0.0230,0.4394
31-AUG-2026,HFCL,249.08,251.47,-0.0095,0.0318,0.0317,0.6056
31-AUG-2026,HGINFRA,490.05,496.48,-0.0130,0.0238,0.0237,0.4528
31-AUG-2026,HGM,45.10,46.84,-0.0379,0.0340,0.0341,0.6515
31-AUG-2026,HGS,400.50,402.53,-0.0051,0.0201,0.0200,0.3821
31-AUG-2026,HIKAL,201.41,204.22,-0.0139,0.0269,0.0269,0.5139
31-AUG-2026,HILINFRA,44.53,45.33,-0.0178,0.0196,0.0195,0.3725
31-AUG-2026,HILLRIDGE,10.00,10.00,0.0000,0.0000,0.0000,0.0000
31-AUG-2026,HILTON,19.33,19.34,-0.0005,0.0367,0.0366,0.6992
31-AUG-2026,HIMATSEIDE,69.51,71.31,-0.0256,0.0276,0.0276,0.5273
31-AUG-2026,HINDADH,347.81,349.22,-0.0040,0.0309,0.0308,0.5884
31-AUG-2026,HINDALCO,1015.45,1037.40,-0.0214,0.0184,0.0184,0.3515
31-AUG-2026,HINDALUMI,97.25,99.72,-0.0251,0.0287,0.0287,0.5483
31-AUG-2026,HINDCOMPOS,407.54,408.37,-0.0020,0.0248,0.0247,0.4719
31-AUG-2026,HINDCON,23.57,22.89,0.0293,0.0288,0.0288,0.5502
31-AUG-2026,HINDCOPPER,525.35,533.55,-0.0155,0.0321,0.0320,0.6114
31-AUG-2026,HINDOILEXP,162.06,162.65,-0.0036,0.0278,0.0278,0.5311
31-AUG-2026,HINDPETRO,365.73,364.01,0.0047,0.0221,0.0221,0.4222
31-AUG-2026,HINDUNILVR,1967.43,2010.40,-0.0216,0.0136,0.0137,0.2617
31-AUG-2026,HINDWAREAP,187.04,191.61,-0.0241,0.0310,0.0310,0.5923
31-AUG-2026,HINDZINC,595.51,622.00,-0.0435,0.0247,0.0248,0.4738
31-AUG-2026,HIRECT,1221.93,1237.78,-0.0129,0.0357,0.0356,0.6801
31-AUG-2026,HISARMETAL,157.82,155.96,0.0119,0.0236,0.0236,0.4509
31-AUG-2026,HITECH,78.94,82.05,-0.0386,0.0270,0.0271,0.5177
31-AUG-2026,HITECHCORP,334.60,333.00,0.0048,0.0319,0.0319,0.6094
31-AUG-2026,HITECHGEAR,563.69,578.35,-0.0257,0.0225,0.0225,0.4299
31-AUG-2026,HLEGLAS,314.59,313.30,0.0041,0.0360,0.0360,0.6878
31-AUG-2026,HLVLTD,6.51,6.53,-0.0031,0.0271,0.0270,0.5158
31-AUG-2026,HMAAGRO,20.98,20.97,0.0005,0.0236,0.0235,0.4490
31-AUG-2026,HMT,61.21,61.83,-0.0101,0.0241,0.0241,0.4604
31-AUG-2026,HMVL,88.03,88.69,-0.0075,0.0252,0.0251,0.4795
31-AUG-2026,HNDFDS,658.19,634.46,0.0367,0.0176,0.0178,0.3401
31-AUG-2026,HNGSNGBEES,470.44,473.22,-0.0059,0.0168,0.0168,0.3210
31-AUG-2026,HOMEFIRST,1164.71,1198.27,-0.0284,0.0236,0.0236,0.4509
31-AUG-2026,HONASA,480.90,470.65,0.0215,0.0227,0.0227,0.4337
31-AUG-2026,HONAUT,35527.59,36633.16,-0.0306,0.0187,0.0188,0.3592
31-AUG-2026,HONDAPOWER,2017.08,2058.66,-0.0204,0.0198,0.0198,0.3783
31-AUG-2026,HORIZONIND,56.89,58.07,-0.0205,0.0038,0.0041,0.0783
31-AUG-2026,HOTAHOTI,9.90,9.90,0.0000,0.0000,0.0000,0.0000
31-AUG-2026,HPAL,35.00,34.86,0.0040,0.0283,0.0282,0.5388
31-AUG-2026,HPIL,122.35,124.78,-0.0197,0.0267,0.0267,0.5101
31-AUG-2026,HPL,303.10,308.81,-0.0187,0.0303,0.0303,0.5789
31-AUG-2026,HRYNSHP,100.78,100.80,-0.0002,0.0278,0.0277,0.5292
31-AUG-2026,HSBCGOLD,133.84,137.10,-0.0241,0.0085,0.0086,0.1643
31-AUG-2026,HSCL,659.15,672.95,-0.0207,0.0247,0.0247,0.4719
31-AUG-2026,HTMEDIA,26.35,26.78,-0.0162,0.0274,0.0274,0.5235
31-AUG-2026,HUBTOWN,182.24,186.05,-0.0207,0.0313,0.0312,0.5961
31-AUG-2026,HUDCO,181.91,183.26,-0.0074,0.0229,0.0228,0.4356
31-AUG-2026,HUHTAMAKI,262.90,262.92,-0.0001,0.0257,0.0256,0.4891
31-AUG-2026,HYBRIDETF,10.11,10.19,-0.0079,0.0012,0.0013,0.0248
31-AUG-2026,HYBRIDFIN,17.20,17.35,-0.0087,0.0391,0.0390,0.7451
31-AUG-2026,HYUNDAI,2205.07,2266.99,-0.0277,0.0173,0.0174,0.3324
31-AUG-2026,IBULLSLTD,26.25,26.31,-0.0023,0.0376,0.0375,0.7164
31-AUG-2026,ICDSLTD,41.02,41.48,-0.0112,0.0356,0.0355,0.6782
31-AUG-2026,ICEMAKE,749.30,742.55,0.0090,0.0254,0.0253,0.4834
31-AUG-2026,ICICIAMC,3065.11,3139.67,-0.0240,0.0159,0.0159,0.3038
31-AUG-2026,ICICIB22,113.73,114.41,-0.0060,0.0094,0.0094,0.1796
31-AUG-2026,ICICIBANK,1453.99,1422.87,0.0216,0.0120,0.0121,0.2312
31-AUG-2026,ICICIGI,1566.90,1562.03,0.0031,0.0159,0.0158,0.3019
31-AUG-2026,ICICIPRULI,517.05,506.00,0.0216,0.0161,0.0161,0.3076
31-AUG-2026,ICIL,469.44,434.92,0.0764,0.0352,0.0356,0.6801
31-AUG-2026,ICRA,4916.45,4912.84,0.0007,0.0151,0.0151,0.2885
31-AUG-2026,IDBI,90.88,92.66,-0.0194,0.0291,0.0290,0.5540
31-AUG-2026,IDEA,14.33,14.68,-0.0241,0.0300,0.0300,0.5731
31-AUG-2026,IDEAFORGE,795.23,807.74,-0.0156,0.0344,0.0343,0.6553
31-AUG-2026,IDFCFIRSTB,85.96,83.12,0.0336,0.0194,0.0195,0.3725
31-AUG-2026,IDFNIFTYET,266.34,264.35,0.0075,0.0123,0.0123,0.2350
31-AUG-2026,IEX,120.50,121.79,-0.0106,0.0238,0.0238,0.4547
31-AUG-2026,IFBAGRO,899.24,919.83,-0.0226,0.0342,0.0342,0.6534
31-AUG-2026,IFBIND,1331.03,1336.80,-0.0043,0.0292,0.0291,0.5560
31-AUG-2026,IFCI,89.70,89.96,-0.0029,0.0340,0.0339,0.6477
31-AUG-2026,IFGLEXPOR,210.39,215.47,-0.0239,0.0324,0.0323,0.6171
31-AUG-2026,IGARASHI,419.94,427.10,-0.0169,0.0296,0.0296,0.5655
31-AUG-2026,IGCL,71.70,71.84,-0.0020,0.0235,0.0234,0.4471
31-AUG-2026,IGIL,340.96,338.96,0.0059,0.0227,0.0226,0.4318
31-AUG-2026,IGL,150.50,147.61,0.0194,0.0185,0.0186,0.3554
31-AUG-2026,IGPL,534.85,532.38,0.0046,0.0248,0.0247,0.4719
31-AUG-2026,IIEL,10.00,10.00,0.0000,0.0000,0.0000,0.0000
31-AUG-2026,IIFL,646.75,659.28,-0.0192,0.0268,0.0268,0.5120
31-AUG-2026,IIFLCAPS,336.95,333.20,0.0112,0.0274,0.0274,0.5235
31-AUG-2026,IITL,157.70,156.49,0.0077,0.0322,0.0321,0.6133
31-AUG-2026,IKIO,215.58,213.75,0.0085,0.0324,0.0323,0.6171
31-AUG-2026,IKS,1734.33,1761.65,-0.0156,0.0216,0.0216,0.4127
31-AUG-2026,IL&FSENGG,35.60,35.41,0.0054,0.0295,0.0294,0.5617
31-AUG-2026,IL&FSTRANS,2.22,2.20,0.0090,0.0270,0.0269,0.5139
31-AUG-2026,IMAGICAA,56.29,58.07,-0.0311,0.0283,0.0283,0.5407
31-AUG-2026,IMFA,1317.66,1370.80,-0.0395,0.0290,0.0291,0.5560
31-AUG-2026,IMPAL,1070.93,1097.43,-0.0244,0.0177,0.0178,0.3401
31-AUG-2026,IMPEXFERRO,4.38,4.30,0.0184,0.0278,0.0278,0.5311
31-AUG-2026,INA,91.57,92.55,-0.0106,0.0250,0.0249,0.4757
31-AUG-2026,INCREDIBLE,32.04,32.19,-0.0047,0.0279,0.0278,0.5311
31-AUG-2026,INDBANK,31.64,31.45,0.0060,0.0268,0.0267,0.5101
31-AUG-2026,INDGN,611.66,578.95,0.0550,0.0187,0.0191,0.3649
31-AUG-2026,INDHOTEL,737.90,706.28,0.0438,0.0167,0.0170,0.3248
31-AUG-2026,INDIACEM,370.64,369.75,0.0024,0.0214,0.0214,0.4088
31-AUG-2026,INDIAGLYCO,1147.31,1178.26,-0.0266,0.0255,0.0255,0.4872
31-AUG-2026,INDIAMART,1755.39,1756.89,-0.0009,0.0164,0.0163,0.3114
31-AUG-2026,INDIANB,898.75,882.39,0.0184,0.0205,0.0205,0.3917
31-AUG-2026,INDIANCARD,208.62,213.38,-0.0226,0.0250,0.0250,0.4776
31-AUG-2026,INDIANHUME,380.75,386.55,-0.0151,0.0283,0.0283,0.5407
31-AUG-2026,INDIASHLTR,650.01,649.85,0.0002,0.0205,0.0204,0.3897
31-AUG-2026,INDIGO,5232.65,5166.04,0.0128,0.0207,0.0206,0.3936
31-AUG-2026,INDIGOPNTS,1152.90,1151.80,0.0010,0.0209,0.0209,0.3993
31-AUG-2026,INDIGRID,175.56,174.19,0.0078,0.0058,0.0058,0.1108
31-AUG-2026,INDIQUBE,191.80,192.57,-0.0040,0.0201,0.0201,0.3840
31-AUG-2026,INDNIPPON,1051.20,1061.64,-0.0099,0.0248,0.0248,0.4738
31-AUG-2026,INDOAMIN,120.50,120.61,-0.0009,0.0277,0.0277,0.5292
31-AUG-2026,INDOBORAX,508.46,495.10,0.0266,0.0320,0.0320,0.6114
31-AUG-2026,INDOCO,243.34,248.78,-0.0221,0.0290,0.0290,0.5540
31-AUG-2026,INDOFARM,136.68,138.91,-0.0162,0.0303,0.0303,0.5789
31-AUG-2026,INDOKEM,607.71,617.71,-0.0163,0.0315,0.0315,0.6018
31-AUG-2026,INDOMIM,875.42,868.07,0.0084,0.0118,0.0118,0.2254
31-AUG-2026,INDORAMA,65.92,63.60,0.0358,0.0338,0.0338,0.6457
31-AUG-2026,INDOSTAR,249.29,258.83,-0.0376,0.0292,0.0293,0.5598
31-AUG-2026,INDOTECH,3703.79,3757.07,-0.0143,0.0370,0.0369,0.7050
31-AUG-2026,INDOTHAI,43.88,46.18,-0.0511,0.0393,0.0394,0.7527
31-AUG-2026,INDOUS,79.47,80.91,-0.0180,0.0326,0.0325,0.6209
31-AUG-2026,INDOWIND,9.23,9.16,0.0076,0.0297,0.0297,0.5674
31-AUG-2026,INDPRUD,6392.00,6302.20,0.0141,0.0202,0.0202,0.3859
31-AUG-2026,INDRAMEDCO,363.06,367.91,-0.0133,0.0264,0.0264,0.5044
31-AUG-2026,INDSWFTLAB,364.90,362.92,0.0054,0.0366,0.0365,0.6973
31-AUG-2026,INDTERRAIN,30.11,30.08,0.0010,0.0293,0.0292,0.5579
31-AUG-2026,INDUENG,9.50,9.50,0.0000,0.0000,0.0000,0.0000
31-AUG-2026,INDUSINDBK,1016.60,994.00,0.0225,0.0210,0.0210,0.4012
31-AUG-2026,INDUSINVIT,133.48,133.91,-0.0032,0.0082,0.0082,0.1567
31-AUG-2026,INDUSTOWER,388.80,379.97,0.0230,0.0179,0.0179,0.3420
31-AUG-2026,INFOBEAN,161.47,165.67,-0.0257,0.0399,0.0399,0.7623
31-AUG-2026,INFOMEDIA,5.21,5.32,-0.0209,0.0323,0.0323,0.6171
31-AUG-2026,INFRA,12.03,12.13,-0.0083,0.0081,0.0081,0.1548
31-AUG-2026,INFRABEES,953.22,955.88,-0.0028,0.0098,0.0098,0.1872
31-AUG-2026,INFRAIETF,94.60,94.79,-0.0020,0.0098,0.0098,0.1872
31-AUG-2026,INFY,1133.80,1144.00,-0.0090,0.0186,0.0186,0.3554
31-AUG-2026,INGERRAND,4848.02,4860.26,-0.0025,0.0209,0.0208,0.3974
31-AUG-2026,INNOVACAP,1078.10,1055.10,0.0216,0.0227,0.0227,0.4337
31-AUG-2026,INNOVANA,304.35,306.75,-0.0079,0.0276,0.0275,0.5254
31-AUG-2026,INNOVISION,274.12,247.15,0.1036,0.0176,0.0190,0.3630
31-AUG-2026,INOXGREEN,166.87,174.28,-0.0434,0.0296,0.0297,0.5674
31-AUG-2026,INOXINDIA,2134.35,2126.09,0.0039,0.0251,0.0251,0.4795
31-AUG-2026,INOXWIND,70.37,71.78,-0.0198,0.0270,0.0270,0.5158
31-AUG-2026,INSECTICID,610.86,598.47,0.0205,0.0216,0.0216,0.4127
31-AUG-2026,INSPIRISYS,89.15,93.96,-0.0525,0.0278,0.0280,0.5349
31-AUG-2026,INSUREIETF,15.30,15.35,-0.0033,0.0016,0.0016,0.0306
31-AUG-2026,INTELLECT,680.92,679.71,0.0018,0.0253,0.0252,0.4814
31-AUG-2026,INTENTECH,81.88,83.62,-0.0210,0.0325,0.0325,0.6209
31-AUG-2026,INTERARCH,1704.43,1701.34,0.0018,0.0257,0.0256,0.4891
31-AUG-2026,INTERISE,109.75,109.75,0.0000,0.0044,0.0044,0.0841
31-AUG-2026,INTERNET,14.63,14.66,-0.0020,0.0131,0.0131,0.2503
31-AUG-2026,INTERTEC,31.35,31.35,0.0000,0.0000,0.0000,0.0000
31-AUG-2026,INTLCONV,79.48,80.36,-0.0110,0.0232,0.0232,0.4432
31-AUG-2026,INVENTURE,0.95,0.96,-0.0105,0.0257,0.0256,0.4891
31-AUG-2026,INVPRECQ,1298.00,1288.00,0.0077,0.0292,0.0291,0.5560
31-AUG-2026,IOB,32.47,32.81,-0.0104,0.0195,0.0194,0.3706
31-AUG-2026,IOC,139.12,137.09,0.0147,0.0169,0.0169,0.3229
31-AUG-2026,IOLCP,193.69,194.94,-0.0064,0.0319,0.0318,0.6075
31-AUG-2026,IONEXCHANG,363.87,370.20,-0.0172,0.0255,0.0255,0.4872
31-AUG-2026,IPCALAB,1974.91,1950.31,0.0125,0.0194,0.0193,0.3687
31-AUG-2026,IPL,136.88,139.05,-0.0157,0.0242,0.0242,0.4623
31-AUG-2026,IPRINGLTD,156.60,142.05,0.0975,0.0312,0.0319,0.6094
31-AUG-2026,IRB,19.36,19.07,0.0151,0.0193,0.0193,0.3687
31-AUG-2026,IRBINVIT,64.85,64.19,0.0102,0.0076,0.0077,0.1471
31-AUG-2026,IRBIT,220.22,220.22,0.0000,0.0000,0.0000,0.0000
31-AUG-2026,IRCON,119.38,122.41,-0.0251,0.0258,0.0258,0.4929
31-AUG-2026,IRCTC,481.25,485.65,-0.0091,0.0151,0.0151,0.2885
31-AUG-2026,IREDA,116.34,117.06,-0.0062,0.0220,0.0219,0.4184
31-AUG-2026,IRFC,83.34,83.88,-0.0065,0.0202,0.0202,0.3859
31-AUG-2026,IRIS,248.98,250.70,-0.0069,0.0285,0.0284,0.5426
31-AUG-2026,IRISDOREME,58.48,58.70,-0.0038,0.0238,0.0238,0.4547
31-AUG-2026,IRMENERGY,284.80,283.47,0.0047,0.0292,0.0292,0.5579
31-AUG-2026,ISFT,94.35,94.11,0.0025,0.0270,0.0269,0.5139
31-AUG-2026,ISGEC,790.66,789.00,0.0021,0.0256,0.0256,0.4891
31-AUG-2026,ISHANCH,43.62,44.87,-0.0283,0.0259,0.0260,0.4967
31-AUG-2026,ISHL,807.00,807.00,0.0000,0.0005,0.0005,0.0096
31-AUG-2026,ISL,41.35,41.35,0.0000,0.0000,0.0000,0.0000
31-AUG-2026,ISTLTD,647.21,676.40,-0.0441,0.0225,0.0227,0.4337
31-AUG-2026,IT,34.32,34.63,-0.0090,0.0154,0.0154,0.2942
31-AUG-2026,ITADD,32.46,33.01,-0.0168,0.0156,0.0156,0.2980
31-AUG-2026,ITAXIS,342.87,343.85,-0.0029,0.0158,0.0157,0.2999
31-AUG-2026,ITBEES,34.32,34.70,-0.0110,0.0153,0.0153,0.2923
31-AUG-2026,ITBETA,325.87,328.00,-0.0065,0.0155,0.0155,0.2961
31-AUG-2026,ITC,255.51,266.00,-0.0402,0.0120,0.0123,0.2350
31-AUG-2026,ITCHOTELS,160.09,162.74,-0.0164,0.0187,0.0187,0.3573
31-AUG-2026,ITDC,640.34,662.22,-0.0336,0.0349,0.0349,0.6668
31-AUG-2026,ITETF,32.74,33.08,-0.0103,0.0155,0.0155,0.2961
31-AUG-2026,ITI,270.96,275.50,-0.0166,0.0266,0.0265,0.5063
31-AUG-2026,ITIETF,34.31,34.65,-0.0099,0.0152,0.0152,0.2904
31-AUG-2026,ITL,372.60,367.78,0.0130,0.0294,0.0293,0.5598
31-AUG-2026,IVALUE,247.73,264.66,-0.0661,0.0214,0.0219,0.4184
31-AUG-2026,IVC,9.05,8.49,0.0639,0.0211,0.0215,0.4108
31-AUG-2026,IVP,201.05,191.39,0.0492,0.0297,0.0299,0.5712
31-AUG-2026,IVZBANKNF,57.28,57.35,-0.0012,0.0005,0.0005,0.0096
31-AUG-2026,IVZINGOLD,133.90,138.08,-0.0307,0.0200,0.0201,0.3840
31-AUG-2026,IVZINNIFTY,275.50,276.86,-0.0049,0.0094,0.0093,0.1777
31-AUG-2026,IVZSENSEX,76.02,79.20,-0.0410,0.0018,0.0034,0.0650
31-AUG-2026,IWP,34.89,34.03,0.0250,0.0242,0.0242,0.4623
31-AUG-2026,IXIGO,163.02,163.36,-0.0021,0.0327,0.0326,0.6228
31-AUG-2026,IZMO,833.04,848.46,-0.0183,0.0371,0.0371,0.7088
31-AUG-2026,J&KBANK,147.68,150.00,-0.0156,0.0270,0.0270,0.5158
31-AUG-2026,JAGRAN,61.08,61.31,-0.0038,0.0140,0.0140,0.2675
31-AUG-2026,JAGSNPHARM,240.84,239.07,0.0074,0.0255,0.0254,0.4853
31-AUG-2026,JAIBALAJI,72.16,69.23,0.0415,0.0314,0.0315,0.6018
31-AUG-2026,JAICORPLTD,98.62,100.32,-0.0171,0.0290,0.0290,0.5540
31-AUG-2026,JAINREC,276.81,287.95,-0.0395,0.0287,0.0288,0.5502
31-AUG-2026,JAIPURKURT,26.10,26.78,-0.0257,0.0318,0.0318,0.6075
31-AUG-2026,JAMNAAUTO,121.40,120.80,0.0050,0.0259,0.0258,0.4929
31-AUG-2026,JARO,459.58,470.09,-0.0226,0.0271,0.0271,0.5177
31-AUG-2026,JASH,465.55,478.35,-0.0271,0.0259,0.0259,0.4948
31-AUG-2026,JAYAGROGN,232.52,223.14,0.0412,0.0255,0.0256,0.4891
31-AUG-2026,JAYBARMARU,124.86,128.37,-0.0277,0.0361,0.0361,0.6897
31-AUG-2026,JAYKAY,149.55,154.12,-0.0301,0.0362,0.0362,0.6916
31-AUG-2026,JAYNECOIND,98.41,99.10,-0.0070,0.0345,0.0344,0.6572
31-AUG-2026,JAYSREETEA,96.31,98.85,-0.0260,0.0236,0.0236,0.4509
31-AUG-2026,JBMA,624.10,641.54,-0.0276,0.0275,0.0275,0.5254
31-AUG-2026,JECOEXP,10.00,10.00,0.0000,0.0000,0.0000,0.0000
31-AUG-2026,JENBURPH,1050.75,1048.08,0.0025,0.0223,0.0223,0.4260
31-AUG-2026,JETFREIGHT,21.95,22.39,-0.0198,0.0310,0.0309,0.5903
31-AUG-2026,JGCHEM,633.30,651.39,-0.0282,0.0307,0.0307,0.5865
31-AUG-2026,JHS,8.06,8.29,-0.0281,0.0342,0.0342,0.6534
31-AUG-2026,JINDALPHOT,1016.40,1026.65,-0.0100,0.0310,0.0309,0.5903
31-AUG-2026,JINDALPOLY,631.38,635.85,-0.0071,0.0285,0.0284,0.5426
31-AUG-2026,JINDALSAW,309.65,308.59,0.0034,0.0293,0.0292,0.5579
31-AUG-2026,JINDALSTEL,1192.90,1179.17,0.0116,0.0181,0.0181,0.3458
31-AUG-2026,JINDRILL,620.42,628.23,-0.0125,0.0324,0.0323,0.6171
31-AUG-2026,JINDWORLD,38.31,37.86,0.0118,0.0358,0.0357,0.6820
31-AUG-2026,JIOFIN,241.35,238.37,0.0124,0.0186,0.0186,0.3554
31-AUG-2026,JISLDVREQS,20.54,21.22,-0.0326,0.0290,0.0291,0.5560
31-AUG-2026,JISLJALEQS,28.28,28.70,-0.0147,0.0298,0.0297,0.5674
31-AUG-2026,JITFINFRA,311.34,318.10,-0.0215,0.0349,0.0349,0.6668
31-AUG-2026,JKCEMENT,5133.01,5168.23,-0.0068,0.0194,0.0194,0.3706
31-AUG-2026,JKIL,490.15,500.25,-0.0204,0.0206,0.0206,0.3936
31-AUG-2026,JKIPL,106.17,104.92,0.0118,0.0316,0.0316,0.6037
31-AUG-2026,JKLAKSHMI,530.91,540.84,-0.0185,0.0177,0.0178,0.3401
31-AUG-2026,JKPAPER,396.25,391.57,0.0119,0.0234,0.0233,0.4451
31-AUG-2026,JKTYRE,378.85,380.24,-0.0037,0.0236,0.0235,0.4490
31-AUG-2026,JLHL,295.60,301.40,-0.0194,0.0156,0.0156,0.2980
31-AUG-2026,JMA,92.67,95.09,-0.0258,0.0221,0.0221,0.4222
31-AUG-2026,JMFINANCIL,127.99,129.29,-0.0101,0.0268,0.0268,0.5120
31-AUG-2026,JNKINDIA,433.77,447.65,-0.0315,0.0346,0.0346,0.6610
31-AUG-2026,JNPR,264.78,258.22,0.0251,0.0106,0.0108,0.2063
31-AUG-2026,JOCIL,148.02,152.50,-0.0298,0.0232,0.0232,0.4432
31-AUG-2026,JOTINDRA,2.70,2.70,0.0000,0.0218,0.0218,0.4165
31-AUG-2026,JPOLYINVST,990.40,1024.99,-0.0343,0.0300,0.0301,0.5751
31-AUG-2026,JPPOWER,16.45,16.82,-0.0222,0.0319,0.0319,0.6094
31-AUG-2026,JSFB,537.49,540.99,-0.0065,0.0267,0.0266,0.5082
31-AUG-2026,JSL,702.16,705.14,-0.0042,0.0203,0.0202,0.3859
31-AUG-2026,JSLL,511.04,512.48,-0.0028,0.0318,0.0318,0.6075
31-AUG-2026,JSWCEMENT,126.02,125.24,0.0062,0.0157,0.0157,0.2999
31-AUG-2026,JSWDULUX,3164.18,3110.85,0.0170,0.0192,0.0192,0.3668
31-AUG-2026,JSWENERGY,520.40,535.30,-0.0282,0.0207,0.0207,0.3955
31-AUG-2026,JSWHL,12025.89,11581.49,0.0377,0.0251,0.0252,0.4814
31-AUG-2026,JSWINFRA,340.00,342.95,-0.0086,0.0211,0.0211,0.4031
31-AUG-2026,JSWSTEEL,1307.70,1334.82,-0.0205,0.0150,0.0150,0.2866
31-AUG-2026,JTEKTINDIA,124.66,126.38,-0.0137,0.0251,0.0251,0.4795
31-AUG-2026,JTLIND,89.94,89.87,0.0008,0.0355,0.0354,0.6763
31-AUG-2026,JUBLCPL,2315.34,2139.68,0.0789,0.0315,0.0319,0.6094
31-AUG-2026,JUBLFOOD,495.99,490.45,0.0112,0.0206,0.0206,0.3936
31-AUG-2026,JUBLINGREA,674.89,683.55,-0.0128,0.0239,0.0238,0.4547
31-AUG-2026,JUBLPHARMA,881.91,882.63,-0.0008,0.0206,0.0206,0.3936
31-AUG-2026,JUNIORBEES,793.87,801.30,-0.0093,0.0104,0.0104,0.1987
31-AUG-2026,JUNIPER,214.36,214.60,-0.0011,0.0215,0.0214,0.4088
31-AUG-2026,JUSTDIAL,710.21,704.56,0.0080,0.0262,0.0262,0.5006
31-AUG-2026,JWL,240.51,245.11,-0.0189,0.0279,0.0279,0.5330
31-AUG-2026,JYOTHYLAB,203.47,207.40,-0.0191,0.0196,0.0196,0.3745
31-AUG-2026,JYOTICNC,994.95,1039.39,-0.0437,0.0290,0.0291,0.5560
31-AUG-2026,JYOTIRES,878.51,879.21,-0.0008,0.0205,0.0205,0.3917
31-AUG-2026,JYOTISTRUC,10.01,10.14,-0.0129,0.0346,0.0345,0.6591
31-AUG-2026,KABIRDAS,1.00,1.00,0.0000,0.0000,0.0000,0.0000
31-AUG-2026,KABRAEXTRU,600.29,603.44,-0.0052,0.0349,0.0348,0.6649
31-AUG-2026,KAJARIACER,1244.85,1215.50,0.0239,0.0184,0.0184,0.3515
31-AUG-2026,KAKATCEM,116.75,113.79,0.0257,0.0249,0.0249,0.4757
31-AUG-2026,KALAMANDIR,85.84,87.09,-0.0145,0.0269,0.0268,0.5120
31-AUG-2026,KALPATARU,277.45,276.48,0.0035,0.0211,0.0210,0.4012
31-AUG-2026,KALYANI,144.99,144.99,0.0000,0.0045,0.0045,0.0860
31-AUG-2026,KALYANIFRG,915.53,762.08,0.1835,0.0263,0.0293,0.5598
31-AUG-2026,KALYANKJIL,601.05,615.80,-0.0242,0.0304,0.0304,0.5808
31-AUG-2026,KAMAHOLD,2363.09,2375.81,-0.0054,0.0174,0.0173,0.3305
31-AUG-2026,KAMANWALA,16.66,16.91,-0.0149,0.0375,0.0374,0.7145
31-AUG-2026,KAMATHOTEL,225.07,228.29,-0.0142,0.0299,0.0299,0.5712
31-AUG-2026,KAMDHENU,36.55,36.17,0.0105,0.0287,0.0286,0.5464
31-AUG-2026,KAMINI,3.25,3.25,0.0000,0.0032,0.0032,0.0611
31-AUG-2026,KAMOPAINTS,4.49,4.54,-0.0111,0.0272,0.0271,0.5177
31-AUG-2026,KANANIIND,1.51,1.52,-0.0066,0.0283,0.0282,0.5388
31-AUG-2026,KANCHI,421.46,422.75,-0.0031,0.0255,0.0254,0.4853
31-AUG-2026,KANCOTEA,55.70,53.56,0.0392,0.0319,0.0319,0.6094
31-AUG-2026,KANORICHEM,159.02,159.25,-0.0014,0.0283,0.0282,0.5388
31-AUG-2026,KANPRPLA,267.71,272.32,-0.0171,0.0337,0.0337,0.6438
31-AUG-2026,KANSAINER,192.81,195.77,-0.0152,0.0175,0.0175,0.3343
31-AUG-2026,KAPSTON,586.80,559.20,0.0482,0.0283,0.0284,0.5426
31-AUG-2026,KARMAENG,37.99,38.84,-0.0221,0.0318,0.0317,0.6056
31-AUG-2026,KARURVYSYA,347.60,346.00,0.0046,0.0225,0.0224,0.4280
31-AUG-2026,KAUSHALYA,857.75,867.50,-0.0113,0.0303,0.0302,0.5770
31-AUG-2026,KAVDEFENCE,56.22,57.22,-0.0176,0.0325,0.0324,0.6190
31-AUG-2026,KAYA,337.30,327.13,0.0306,0.0325,0.0324,0.6190
31-AUG-2026,KAYNES,3684.88,3941.81,-0.0674,0.0333,0.0335,0.6400
31-AUG-2026,KCP,166.91,168.62,-0.0102,0.0240,0.0240,0.4585
31-AUG-2026,KCPSUGIND,32.58,32.12,0.0142,0.0295,0.0295,0.5636
31-AUG-2026,KDDL,3929.39,3936.90,-0.0019,0.0292,0.0291,0.5560
31-AUG-2026,KEC,416.51,425.78,-0.0220,0.0241,0.0241,0.4604
31-AUG-2026,KECL,130.24,134.81,-0.0345,0.0307,0.0308,0.5884
31-AUG-2026,KEEPLEARN,1.94,1.94,0.0000,0.0354,0.0353,0.6744
31-AUG-2026,KEI,5739.96,5569.97,0.0301,0.0229,0.0230,0.4394
31-AUG-2026,KELLTONTEC,14.07,15.07,-0.0687,0.0304,0.0307,0.5865
31-AUG-2026,KENNAMET,4396.27,4580.30,-0.0410,0.0272,0.0273,0.5216
31-AUG-2026,KERNEX,1735.97,1800.28,-0.0364,0.0392,0.0392,0.7489
31-AUG-2026,KESORAMIND,11.06,11.28,-0.0197,0.0339,0.0338,0.6457
31-AUG-2026,KEYFINSERV,258.50,254.20,0.0168,0.0352,0.0351,0.6706
31-AUG-2026,KFINTECH,969.98,949.89,0.0209,0.0246,0.0246,0.4700
31-AUG-2026,KHADIM,116.49,117.74,-0.0107,0.0302,0.0302,0.5770
31-AUG-2026,KHAICHEM,55.55,55.58,-0.0005,0.0310,0.0309,0.5903
31-AUG-2026,KHAITANLTD,139.12,142.17,-0.0217,0.0347,0.0347,0.6629
31-AUG-2026,KHANDSE,17.20,17.07,0.0076,0.0324,0.0323,0.6171
31-AUG-2026,KICL,5178.50,5180.00,-0.0003,0.0216,0.0216,0.4127
31-AUG-2026,KILITCH,174.65,171.45,0.0185,0.0284,0.0283,0.5407
31-AUG-2026,KIMS,755.49,770.98,-0.0203,0.0194,0.0194,0.3706
31-AUG-2026,KINGFA,6049.88,5946.99,0.0172,0.0245,0.0245,0.4681
31-AUG-2026,KIOCL,381.20,386.58,-0.0140,0.0333,0.0332,0.6343
31-AUG-2026,KIRANVYPAR,201.69,199.34,0.0117,0.0246,0.0246,0.4700
31-AUG-2026,KIRIINDUS,530.92,492.91,0.0743,0.0293,0.0297,0.5674
31-AUG-2026,KIRLFER,452.19,449.77,0.0054,0.0221,0.0221,0.4222
31-AUG-2026,KIRLOSBROS,1900.20,1914.72,-0.0076,0.0268,0.0267,0.5101
31-AUG-2026,KIRLOSENG,2099.41,2123.11,-0.0112,0.0288,0.0288,0.5502
31-AUG-2026,KIRLOSIND,3737.87,3715.03,0.0061,0.0268,0.0267,0.5101
31-AUG-2026,KIRLPNU,714.60,723.29,-0.0121,0.0260,0.0260,0.4967
31-AUG-2026,KISSHT,307.14,306.30,0.0027,0.0198,0.0198,0.3783
31-AUG-2026,KITEX,127.21,128.40,-0.0093,0.0332,0.0331,0.6324
31-AUG-2026,KJMCFIN,67.63,66.60,0.0153,0.0440,0.0439,0.8387
31-AUG-2026,KKCL,503.81,507.05,-0.0064,0.0206,0.0206,0.3936
31-AUG-2026,KLBRENG-B,428.57,420.96,0.0179,0.0229,0.0229,0.4375
31-AUG-2026,KMCSHIL,135.56,138.06,-0.0183,0.0253,0.0253,0.4834
31-AUG-2026,KMEW,2925.11,3051.64,-0.0423,0.0363,0.0363,0.6935
31-AUG-2026,KMSUGAR,32.49,32.61,-0.0037,0.0236,0.0235,0.4490
31-AUG-2026,KNACK,190.36,192.60,-0.0117,0.0116,0.0116,0.2216
31-AUG-2026,KNAGRI,217.42,219.99,-0.0118,0.0261,0.0260,0.4967
31-AUG-2026,KNRCON,121.19,124.54,-0.0273,0.0242,0.0242,0.4623
31-AUG-2026,KOHINOOR,33.96,34.44,-0.0140,0.0297,0.0296,0.5655
31-AUG-2026,KOKUYOCMLN,79.34,80.18,-0.0105,0.0226,0.0226,0.4318
31-AUG-2026,KOLTEPATIL,446.80,448.23,-0.0032,0.0235,0.0234,0.4471
31-AUG-2026,KOPRAN,217.87,201.69,0.0772,0.0305,0.0310,0.5923
31-AUG-2026,KOTAKBANK,419.40,423.70,-0.0102,0.0141,0.0141,0.2694
31-AUG-2026,KOTARISUG,32.98,31.43,0.0481,0.0269,0.0270,0.5158
31-AUG-2026,KOTHARIPET,131.09,131.15,-0.0005,0.0265,0.0264,0.5044
31-AUG-2026,KOTHARIPRO,67.10,68.24,-0.0168,0.0277,0.0277,0.5292
31-AUG-2026,KOTIC,143.54,150.23,-0.0456,0.0287,0.0288,0.5502
31-AUG-2026,KOTYARK,33.34,34.74,-0.0411,0.0217,0.0218,0.4165
31-AUG-2026,KOVAI,6074.54,6032.36,0.0070,0.0182,0.0182,0.3477
31-AUG-2026,KPEL,244.59,249.46,-0.0197,0.0292,0.0291,0.5560
31-AUG-2026,KPIGREEN,304.61,314.26,-0.0312,0.0271,0.0271,0.5177
31-AUG-2026,KPIL,1404.43,1386.20,0.0131,0.0203,0.0203,0.3878
31-AUG-2026,KPITTECH,585.01,609.33,-0.0407,0.0259,0.0260,0.4967
31-AUG-2026,KPL,3277.36,3314.14,-0.0112,0.0362,0.0361,0.6897
31-AUG-2026,KPRMILL,1177.63,1130.20,0.0411,0.0255,0.0256,0.4891
31-AUG-2026,KRBL,422.25,437.65,-0.0358,0.0254,0.0254,0.4853
31-AUG-2026,KREBSBIO,56.37,59.11,-0.0475,0.0330,0.0331,0.6324
31-AUG-2026,KRIDHANINF,2.07,2.03,0.0195,0.0355,0.0354,0.6763
31-AUG-2026,KRISHANA,191.03,192.91,-0.0098,0.0291,0.0290,0.5540
31-AUG-2026,KRISHIVAL,410.95,410.24,0.0017,0.0198,0.0198,0.3783
31-AUG-2026,KRISHNADEF,1004.80,1019.80,-0.0148,0.0262,0.0261,0.4986
31-AUG-2026,KRITI,60.40,62.64,-0.0364,0.0342,0.0342,0.6534
31-AUG-2026,KRITIKA,5.38,5.46,-0.0148,0.0277,0.0277,0.5292
31-AUG-2026,KRITINUT,87.16,88.83,-0.0190,0.0325,0.0325,0.6209
31-AUG-2026,KRN,1553.15,1610.32,-0.0361,0.0307,0.0308,0.5884
31-AUG-2026,KRONOX,178.19,179.57,-0.0077,0.0326,0.0325,0.6209
31-AUG-2026,KROSS,212.72,213.99,-0.0060,0.0288,0.0287,0.5483
31-AUG-2026,KRSNAA,553.65,564.00,-0.0185,0.0201,0.0201,0.3840
31-AUG-2026,KRT,110.47,113.40,-0.0262,0.0094,0.0095,0.1815
31-AUG-2026,KRYSTAL,626.74,646.01,-0.0303,0.0247,0.0247,0.4719
31-AUG-2026,KSB,807.17,793.81,0.0167,0.0196,0.0196,0.3745
31-AUG-2026,KSCL,765.49,786.82,-0.0275,0.0235,0.0235,0.4490
31-AUG-2026,KSE,180.14,178.03,0.0118,0.0212,0.0211,0.4031
31-AUG-2026,KSHINTL,947.16,963.76,-0.0174,0.0264,0.0263,0.5025
31-AUG-2026,KSHITIJ-RE,0.04,0.03,0.2877,0.0287,0.0351,0.6706
31-AUG-2026,KSHITIJPOL,2.99,3.05,-0.0199,0.0360,0.0359,0.6859
31-AUG-2026,KSL,909.79,888.34,0.0239,0.0244,0.0244,0.4662
31-AUG-2026,KSOLVES,268.06,269.39,-0.0049,0.0265,0.0264,0.5044
31-AUG-2026,KSR,28.61,31.42,-0.0937,0.0295,0.0301,0.5751
31-AUG-2026,KTKBANK,335.16,330.35,0.0145,0.0208,0.0208,0.3974
31-AUG-2026,KUANTUM,72.12,72.54,-0.0058,0.0223,0.0223,0.4260
31-AUG-2026,KUSUMGAR,581.40,563.11,0.0320,0.0103,0.0105,0.2006
31-AUG-2026,KWIL,45.38,45.55,-0.0037,0.0250,0.0249,0.4757
31-AUG-2026,LADDERUP,49.60,50.90,-0.0259,0.0449,0.0449,0.8578
31-AUG-2026,LAFFANSOFT,10.00,10.00,0.0000,0.0000,0.0000,0.0000
31-AUG-2026,LAGNAM,76.38,76.56,-0.0024,0.0282,0.0281,0.5368
31-AUG-2026,LAHOTIOV,40.29,40.83,-0.0133,0.0297,0.0296,0.5655
31-AUG-2026,LAKPRE,4.69,4.91,-0.0458,0.0432,0.0432,0.8253
31-AUG-2026,LAKSHMIMIL,8199.90,8285.00,-0.0103,0.0196,0.0195,0.3725
31-AUG-2026,LAL,9.13,9.06,0.0077,0.0293,0.0292,0.5579
31-AUG-2026,LALITHAA,257.95,265.27,-0.0280,0.0056,0.0059,0.1127
31-AUG-2026,LALPATHLAB,1934.67,1931.09,0.0019,0.0184,0.0183,0.3496
31-AUG-2026,LAMBODHARA,141.34,138.58,0.0197,0.0338,0.0338,0.6457
31-AUG-2026,LANCER,13.13,11.51,0.1317,0.0333,0.0345,0.6591
31-AUG-2026,LANCORHOL,33.33,33.92,-0.0175,0.0345,0.0345,0.6591
31-AUG-2026,LANDMARK,517.46,503.34,0.0277,0.0289,0.0289,0.5521
31-AUG-2026,LANDSMILL,0.68,0.69,-0.0146,0.0336,0.0336,0.6419
31-AUG-2026,LAOPALA,173.61,175.95,-0.0134,0.0190,0.0189,0.3611
31-AUG-2026,LARGEMID50,36.75,36.79,-0.0011,0.0004,0.0004,0.0076
31-AUG-2026,LASA,6.92,6.99,-0.0101,0.0314,0.0314,0.5999
31-AUG-2026,LASERPOWER,314.29,325.67,-0.0356,0.0147,0.0149,0.2847
31-AUG-2026,LATENTVIEW,269.80,279.63,-0.0358,0.0266,0.0266,0.5082
31-AUG-2026,LATTEYS,21.71,22.19,-0.0219,0.0332,0.0331,0.6324
31-AUG-2026,LAURUSLABS,1915.00,1938.48,-0.0122,0.0199,0.0199,0.3802
31-AUG-2026,LAXMICOT,12.89,13.42,-0.0403,0.0341,0.0342,0.6534
31-AUG-2026,LAXMIDENTL,195.50,199.78,-0.0217,0.0290,0.0289,0.5521
31-AUG-2026,LAXMIINDIA,130.04,126.33,0.0289,0.0322,0.0322,0.6152
31-AUG-2026,LCCINFOTEC,3.55,3.67,-0.0332,0.0395,0.0395,0.7546
31-AUG-2026,LCL,551.42,565.09,-0.0245,0.0110,0.0111,0.2121
31-AUG-2026,LEAPIND,167.81,168.41,-0.0036,0.0072,0.0072,0.1376
31-AUG-2026,LEENEE,10.12,10.27,-0.0147,0.0333,0.0333,0.6362
31-AUG-2026,LEGEND,1025.55,1025.55,0.0000,0.0004,0.0004,0.0076
31-AUG-2026,LEMERITE,21.24,20.97,0.0128,0.0293,0.0292,0.5579
31-AUG-2026,LEMONTREE,106.24,108.53,-0.0213,0.0205,0.0205,0.3917
31-AUG-2026,LENSKART,662.40,636.15,0.0404,0.0165,0.0167,0.3191
31-AUG-2026,LEXUS,13.85,13.03,0.0610,0.0355,0.0356,0.6801
31-AUG-2026,LFIC,134.09,137.60,-0.0258,0.0303,0.0303,0.5789
31-AUG-2026,LGBBROSLTD,1692.48,1717.85,-0.0149,0.0215,0.0215,0.4108
31-AUG-2026,LGEINDIA,1697.81,1691.31,0.0038,0.0155,0.0155,0.2961
31-AUG-2026,LGHL,179.45,173.45,0.0340,0.0277,0.0277,0.5292
31-AUG-2026,LIBAS,10.54,10.46,0.0076,0.0234,0.0234,0.4471
31-AUG-2026,LIBERTSHOE,242.05,244.35,-0.0095,0.0268,0.0268,0.5120
31-AUG-2026,LICHSGFIN,538.40,535.00,0.0063,0.0171,0.0170,0.3248
31-AUG-2026,LICI,418.00,422.00,-0.0095,0.0171,0.0170,0.3248
31-AUG-2026,LICMFGOLD,138.90,141.79,-0.0206,0.0180,0.0180,0.3439
31-AUG-2026,LICNETFGSC,29.35,29.59,-0.0081,0.0035,0.0036,0.0688
31-AUG-2026,LICNETFN50,269.20,271.93,-0.0101,0.0088,0.0088,0.1681
31-AUG-2026,LICNETFSEN,873.00,873.40,-0.0005,0.0109,0.0109,0.2082
31-AUG-2026,LICNFNHGP,277.88,277.75,0.0005,0.0107,0.0107,0.2044
31-AUG-2026,LICNMID100,63.82,64.21,-0.0061,0.0121,0.0121,0.2312
31-AUG-2026,LIKHITHA,207.51,208.88,-0.0066,0.0310,0.0309,0.5903
31-AUG-2026,LINC,94.61,95.54,-0.0098,0.0277,0.0276,0.5273
31-AUG-2026,LINCOLN,606.81,614.97,-0.0134,0.0265,0.0264,0.5044
31-AUG-2026,LINDEINDIA,6385.38,6504.06,-0.0184,0.0192,0.0192,0.3668
31-AUG-2026,LIQGRWBEES,1053.77,1053.65,0.0001,0.0002,0.0002,0.0038
31-AUG-2026,LIQUID,999.99,999.99,0.0000,0.0000,0.0000,0.0000
31-AUG-2026,LIQUID1,1120.60,1120.45,0.0001,0.0002,0.0002,0.0038
31-AUG-2026,LIQUIDADD,1142.71,1142.56,0.0001,0.0002,0.0002,0.0038
31-AUG-2026,LIQUIDBEES,999.99,1000.00,-0.0000,0.0000,0.0000,0.0000
31-AUG-2026,LIQUIDBETA,1006.32,1005.78,0.0005,0.0001,0.0001,0.0019
31-AUG-2026,LIQUIDBETF,1096.88,1096.75,0.0001,0.0010,0.0010,0.0191
31-AUG-2026,LIQUIDCASE,115.71,115.70,0.0001,0.0003,0.0003,0.0057
31-AUG-2026,LIQUIDETF,1000.00,999.99,0.0000,0.0000,0.0000,0.0000
31-AUG-2026,LIQUIDIETF,999.99,999.99,0.0000,0.0002,0.0002,0.0038
31-AUG-2026,LIQUIDPLUS,1101.23,1101.10,0.0001,0.0002,0.0002,0.0038
31-AUG-2026,LIQUIDSBI,999.99,1000.00,-0.0000,0.0003,0.0003,0.0057
31-AUG-2026,LIQUIDSHRI,1119.57,1119.42,0.0001,0.0002,0.0002,0.0038
31-AUG-2026,LKPSEC,15.47,15.43,0.0026,0.0281,0.0280,0.5349
31-AUG-2026,LLOYDSENGG,86.43,86.73,-0.0035,0.0331,0.0331,0.6324
31-AUG-2026,LLOYDSENT,72.35,73.50,-0.0158,0.0332,0.0332,0.6343
31-AUG-2026,LLOYDSME,1794.45,1810.26,-0.0088,0.0236,0.0236,0.4509
31-AUG-2026,LMW,18976.04,18894.61,0.0043,0.0198,0.0198,0.3783
31-AUG-2026,LODHA,1198.70,1273.97,-0.0609,0.0250,0.0253,0.4834
31-AUG-2026,LOGICINFO,10.00,10.00,0.0000,0.0000,0.0000,0.0000
31-AUG-2026,LOKESHMACH,345.40,312.45,0.1003,0.0320,0.0327,0.6247
31-AUG-2026,LORDSCHLO,135.98,140.24,-0.0308,0.0294,0.0294,0.5617
31-AUG-2026,LOTUSCHO,633.43,614.83,0.0298,0.0355,0.0354,0.6763
31-AUG-2026,LOTUSDEV,182.87,186.61,-0.0202,0.0243,0.0243,0.4643
31-AUG-2026,LOTUSEYE,109.09,110.52,-0.0130,0.0293,0.0292,0.5579
31-AUG-2026,LOVABLE,73.19,74.66,-0.0199,0.0255,0.0255,0.4872
31-AUG-2026,LOWVOL,207.57,208.13,-0.0027,0.0078,0.0078,0.1490
31-AUG-2026,LOWVOL1,21.13,21.29,-0.0075,0.0097,0.0097,0.1853
31-AUG-2026,LOWVOLIETF,22.17,22.26,-0.0041,0.0079,0.0078,0.1490
31-AUG-2026,LOYALTEX,218.00,225.78,-0.0351,0.0328,0.0328,0.6266
31-AUG-2026,LPDC,6.94,6.94,0.0000,0.0349,0.0348,0.6649
31-AUG-2026,LT,4044.89,4045.58,-0.0002,0.0159,0.0158,0.3019
31-AUG-2026,LTF,320.98,314.32,0.0210,0.0214,0.0214,0.4088
31-AUG-2026,LTFOODS,446.55,439.33,0.0163,0.0251,0.0251,0.4795
31-AUG-2026,LTGILTBEES,29.86,29.95,-0.0030,0.0021,0.0021,0.0401
31-AUG-2026,LTGILTCASE,30.40,30.55,-0.0049,0.0018,0.0018,0.0344
31-AUG-2026,LTM,4540.00,4675.41,-0.0294,0.0207,0.0207,0.3955
31-AUG-2026,LTTS,3608.70,3568.81,0.0111,0.0218,0.0217,0.4146
31-AUG-2026,LUMAXIND,6232.78,6070.80,0.0263,0.0286,0.0286,0.5464
31-AUG-2026,LUMAXTECH,2078.57,1985.40,0.0459,0.0324,0.0325,0.6209
31-AUG-2026,LUPIN,2188.39,2171.53,0.0077,0.0142,0.0142,0.2713
31-AUG-2026,LUXIND,1210.20,1199.30,0.0090,0.0276,0.0276,0.5273
31-AUG-2026,LXCHEM,166.56,171.35,-0.0284,0.0272,0.0272,0.5197
31-AUG-2026,LYKALABS,74.99,74.45,0.0072,0.0283,0.0282,0.5388
31-AUG-2026,M&M,3282.00,3333.97,-0.0157,0.0177,0.0177,0.3382
31-AUG-2026,M&MFIN,373.01,376.60,-0.0096,0.0238,0.0238,0.4547
31-AUG-2026,MAANALU,122.57,120.53,0.0168,0.0292,0.0292,0.5579
31-AUG-2026,MACPOWER,1989.30,2007.10,-0.0089,0.0348,0.0347,0.6629
31-AUG-2026,MADHAV,34.35,34.31,0.0012,0.0282,0.0282,0.5388
31-AUG-2026,MADHAVIPL,8.12,8.21,-0.0110,0.0292,0.0291,0.5560
31-AUG-2026,MADHUCON,4.97,5.13,-0.0317,0.0314,0.0314,0.5999
31-AUG-2026,MADRASFERT,65.29,67.44,-0.0324,0.0243,0.0244,0.4662
31-AUG-2026,MAFANG,209.95,207.13,0.0135,0.0157,0.0157,0.2999
31-AUG-2026,MAFATIND,122.54,123.32,-0.0063,0.0275,0.0275,0.5254
31-AUG-2026,MAGADSUGAR,595.00,584.08,0.0185,0.0251,0.0251,0.4795
31-AUG-2026,MAGNUM,18.97,19.06,-0.0047,0.0283,0.0282,0.5388
31-AUG-2026,MAHABANK,82.07,83.81,-0.0210,0.0225,0.0225,0.4299
31-AUG-2026,MAHAPEXLTD,56.67,54.20,0.0446,0.0349,0.0349,0.6668
31-AUG-2026,MAHASTEEL,1373.44,1329.62,0.0324,0.0282,0.0283,0.5407
31-AUG-2026,MAHEPC,102.14,105.48,-0.0322,0.0257,0.0258,0.4929
31-AUG-2026,MAHESHWARI,71.63,72.17,-0.0075,0.0230,0.0229,0.4375
31-AUG-2026,MAHKTECH,22.72,22.75,-0.0013,0.0197,0.0197,0.3764
31-AUG-2026,MAHLIFE,365.65,367.56,-0.0052,0.0197,0.0197,0.3764
31-AUG-2026,MAHLOG,391.45,392.74,-0.0033,0.0232,0.0231,0.4413
31-AUG-2026,MAHSCOOTER,13674.48,13691.64,-0.0013,0.0208,0.0207,0.3955
31-AUG-2026,MAHSEAMLES,663.20,661.64,0.0024,0.0183,0.0182,0.3477
31-AUG-2026,MAITHANALL,976.47,982.15,-0.0058,0.0231,0.0230,0.4394
31-AUG-2026,MAJESAUT,355.42,363.05,-0.0212,0.0265,0.0265,0.5063
31-AUG-2026,MAKEINDIA,167.63,168.39,-0.0045,0.0099,0.0099,0.1891
31-AUG-2026,MAKERSL,185.52,197.64,-0.0633,0.0366,0.0368,0.7031
31-AUG-2026,MALLCOM,973.99,1000.16,-0.0265,0.0255,0.0255,0.4872
31-AUG-2026,MALUPAPER,31.68,32.04,-0.0113,0.0292,0.0292,0.5579
31-AUG-2026,MAMATA,401.35,400.04,0.0033,0.0256,0.0255,0.4872
31-AUG-2026,MANAKALUCO,38.44,39.44,-0.0257,0.0416,0.0415,0.7929
31-AUG-2026,MANAKCOAT,122.44,122.85,-0.0033,0.0291,0.0290,0.5540
31-AUG-2026,MANAKSIA,58.72,58.14,0.0099,0.0240,0.0239,0.4566
31-AUG-2026,MANAKSTEEL,99.52,94.79,0.0487,0.0348,0.0349,0.6668
31-AUG-2026,MANALIPETC,81.74,73.36,0.1082,0.0275,0.0285,0.5445
31-AUG-2026,MANAPPURAM,340.10,348.93,-0.0256,0.0221,0.0221,0.4222
31-AUG-2026,MANBA,129.62,130.67,-0.0081,0.0191,0.0191,0.3649
31-AUG-2026,MANBRO,53.72,59.76,-0.1066,0.0324,0.0332,0.6343
31-AUG-2026,MANCREDIT,242.87,247.60,-0.0193,0.0236,0.0236,0.4509
31-AUG-2026,MANGALAM,31.74,31.92,-0.0057,0.0300,0.0299,0.5712
31-AUG-2026,MANGLMCEM,1071.71,1062.97,0.0082,0.0209,0.0209,0.3993
31-AUG-2026,MANINDS,752.95,768.19,-0.0200,0.0344,0.0343,0.6553
31-AUG-2026,MANINFRA,122.62,122.81,-0.0015,0.0259,0.0258,0.4929
31-AUG-2026,MANIPALHOS,762.79,771.68,-0.0116,0.0071,0.0071,0.1356
31-AUG-2026,MANKIND,2419.18,2382.90,0.0151,0.0170,0.0170,0.3248
31-AUG-2026,MANOMAY,223.08,225.92,-0.0127,0.0299,0.0298,0.5693
31-AUG-2026,MANORAMA,1891.02,1889.00,0.0011,0.0295,0.0294,0.5617
31-AUG-2026,MANORG,519.59,510.55,0.0176,0.0316,0.0315,0.6018
31-AUG-2026,MANUFGBEES,166.15,166.40,-0.0015,0.0083,0.0083,0.1586
31-AUG-2026,MANUGRAPH,14.90,15.47,-0.0375,0.0352,0.0352,0.6725
31-AUG-2026,MANYAVAR,545.24,547.80,-0.0047,0.0220,0.0220,0.4203
31-AUG-2026,MAPMYINDIA,1013.40,965.90,0.0480,0.0281,0.0283,0.5407
31-AUG-2026,MARALOVER,54.46,56.65,-0.0394,0.0312,0.0313,0.5980
31-AUG-2026,MARATHON,413.02,421.47,-0.0203,0.0292,0.0291,0.5560
31-AUG-2026,MARBLE,123.35,123.35,0.0000,0.0000,0.0000,0.0000
31-AUG-2026,MARICO,820.00,829.64,-0.0117,0.0122,0.0122,0.2331
31-AUG-2026,MARINE,400.85,406.80,-0.0147,0.0325,0.0324,0.6190
31-AUG-2026,MARKOLINES,173.73,171.90,0.0106,0.0260,0.0260,0.4967
31-AUG-2026,MARKSANS,321.65,329.68,-0.0247,0.0291,0.0290,0.5540
31-AUG-2026,MARSONS,130.25,133.19,-0.0223,0.0310,0.0310,0.5923
31-AUG-2026,MARUTI,13546.95,13376.25,0.0127,0.0146,0.0146,0.2789
31-AUG-2026,MASFIN,304.56,294.40,0.0339,0.0185,0.0186,0.3554
31-AUG-2026,MASKINVEST,152.24,145.00,0.0487,0.0371,0.0371,0.7088
31-AUG-2026,MASPTOP50,80.52,79.78,0.0092,0.0133,0.0133,0.2541
31-AUG-2026,MASTEK,1748.45,1885.40,-0.0754,0.0266,0.0270,0.5158
31-AUG-2026,MASTERTR,82.27,82.68,-0.0050,0.0371,0.0370,0.7069
31-AUG-2026,MATRIMONY,518.70,515.00,0.0072,0.0216,0.0216,0.4127
31-AUG-2026,MAWANASUG,149.10,147.94,0.0078,0.0260,0.0260,0.4967
31-AUG-2026,MAXESTATES,512.51,539.05,-0.0505,0.0270,0.0272,0.5197
31-AUG-2026,MAXHEALTH,1042.07,1014.09,0.0272,0.0182,0.0183,0.3496
31-AUG-2026,MAXIND,150.66,150.37,0.0019,0.0279,0.0279,0.5330
31-AUG-2026,MAXPLUS,10.00,10.00,0.0000,0.0000,0.0000,0.0000
31-AUG-2026,MAYURUNIQ,750.26,766.87,-0.0219,0.0241,0.0241,0.4604
31-AUG-2026,MAZDA,251.64,247.49,0.0166,0.0298,0.0297,0.5674
31-AUG-2026,MAZDOCK,2480.02,2554.84,-0.0297,0.0252,0.0252,0.4814
31-AUG-2026,MBAPL,161.45,162.94,-0.0092,0.0258,0.0258,0.4929
31-AUG-2026,MBEL,267.30,271.37,-0.0151,0.0280,0.0280,0.5349
31-AUG-2026,MBLINFRA,22.82,23.20,-0.0165,0.0341,0.0341,0.6515
31-AUG-2026,MCCHRLS-B,690.58,686.38,0.0061,0.0249,0.0249,0.4757
31-AUG-2026,MCL,57.66,59.17,-0.0259,0.0287,0.0287,0.5483
31-AUG-2026,MCLEODRUSS,49.55,49.82,-0.0054,0.0347,0.0346,0.6610
31-AUG-2026,MCLOUD,26.65,27.46,-0.0299,0.0402,0.0401,0.7661
31-AUG-2026,MCX,3399.69,3331.97,0.0201,0.0250,0.0250,0.4776
31-AUG-2026,MEDANTA,1479.74,1472.14,0.0051,0.0188,0.0188,0.3592
31-AUG-2026,MEDIA,0.50,0.50,0.0000,0.0001,0.0001,0.0019
31-AUG-2026,MEDIASSIST,329.19,333.79,-0.0139,0.0233,0.0232,0.4432
31-AUG-2026,MEDICAMEQ,261.44,248.87,0.0493,0.0300,0.0301,0.5751
31-AUG-2026,MEDICAPQ,26.17,25.91,0.0100,0.0317,0.0316,0.6037
31-AUG-2026,MEDICO,42.35,42.41,-0.0014,0.0306,0.0306,0.5846
31-AUG-2026,MEDPLUS,672.25,676.35,-0.0061,0.0202,0.0201,0.3840
31-AUG-2026,MEESHO,205.40,208.63,-0.0156,0.0250,0.0250,0.4776
31-AUG-2026,MEGASTAR,307.00,311.57,-0.0148,0.0280,0.0280,0.5349
31-AUG-2026,MEIL,287.14,299.38,-0.0417,0.0230,0.0231,0.4413
31-AUG-2026,MENNPIS,71.58,73.98,-0.0330,0.0291,0.0292,0.5579
31-AUG-2026,MENONBE,286.90,284.64,0.0079,0.0285,0.0284,0.5426
31-AUG-2026,MEP,0.74,0.72,0.0274,0.0227,0.0227,0.4337
31-AUG-2026,MERCANTILE,24.50,24.99,-0.0198,0.0356,0.0355,0.6782
31-AUG-2026,MERCURYEV,38.95,38.67,0.0072,0.0332,0.0331,0.6324
31-AUG-2026,METAL,13.36,13.60,-0.0178,0.0138,0.0138,0.2636
31-AUG-2026,METALIETF,13.33,13.56,-0.0171,0.0136,0.0137,0.2617
31-AUG-2026,METROBRAND,919.51,936.74,-0.0186,0.0186,0.0186,0.3554
31-AUG-2026,METROGLOBL,138.70,136.98,0.0125,0.0283,0.0282,0.5388
31-AUG-2026,METROPOLIS,582.35,588.45,-0.0104,0.0193,0.0193,0.3687
31-AUG-2026,MFML,18.36,18.59,-0.0124,0.0317,0.0317,0.6056
31-AUG-2026,MFSL,1573.10,1564.39,0.0056,0.0166,0.0166,0.3171
31-AUG-2026,MGEL,14.12,14.45,-0.0231,0.0310,0.0310,0.5923
31-AUG-2026,MGL,1069.29,1092.57,-0.0215,0.0201,0.0201,0.3840
31-AUG-2026,MGLFL,10.00,10.00,0.0000,0.0000,0.0000,0.0000
31-AUG-2026,MHLXMIRU,178.29,178.30,-0.0001,0.0341,0.0340,0.6496
31-AUG-2026,MHRIL,209.65,211.40,-0.0083,0.0192,0.0192,0.3668
31-AUG-2026,MICEL,39.77,41.61,-0.0452,0.0340,0.0341,0.6515
31-AUG-2026,MID150,23.81,23.97,-0.0067,0.0120,0.0120,0.2293
31-AUG-2026,MID150BEES,242.15,243.64,-0.0061,0.0102,0.0102,0.1949
31-AUG-2026,MID150CASE,11.78,11.87,-0.0076,0.0096,0.0096,0.1834
31-AUG-2026,MIDBANKADD,17.73,17.22,0.0292,0.0016,0.0026,0.0497
31-AUG-2026,MIDCAP,18.69,18.83,-0.0075,0.0110,0.0110,0.2102
31-AUG-2026,MIDCAPADD,23.65,23.60,0.0021,0.0132,0.0132,0.2522
31-AUG-2026,MIDCAPBETA,236.84,238.13,-0.0054,0.0114,0.0114,0.2178
31-AUG-2026,MIDCAPETF,23.92,24.07,-0.0063,0.0104,0.0104,0.1987
31-AUG-2026,MIDCAPIETF,24.25,24.34,-0.0037,0.0102,0.0101,0.1930
31-AUG-2026,MIDHANI,414.15,417.76,-0.0087,0.0279,0.0278,0.5311
31-AUG-2026,MIDQ50ADD,25.64,25.60,0.0016,0.0102,0.0102,0.1949
31-AUG-2026,MIDSELIETF,20.05,20.13,-0.0040,0.0115,0.0115,0.2197
31-AUG-2026,MIDSMALL,52.41,52.75,-0.0065,0.0109,0.0109,0.2082
31-AUG-2026,MIDWESTLTD,1097.51,1106.62,-0.0083,0.0240,0.0239,0.4566
31-AUG-2026,MIIL,709.81,709.95,-0.0002,0.0249,0.0248,0.4738
31-AUG-2026,MILIND,69.95,69.95,0.0000,0.0000,0.0000,0.0000
31-AUG-2026,MILKYMIST,210.94,214.33,-0.0159,0.0116,0.0116,0.2216
31-AUG-2026,MINALIND,4.41,4.20,0.0488,0.0390,0.0390,0.7451
31-AUG-2026,MINDACORP,712.57,702.70,0.0139,0.0211,0.0211,0.4031
31-AUG-2026,MINDSPACE,495.84,492.60,0.0066,0.0093,0.0093,0.1777
31-AUG-2026,MINDTECK,173.43,176.28,-0.0163,0.0315,0.0314,0.5999
31-AUG-2026,MIRZAINT,31.64,31.83,-0.0060,0.0276,0.0275,0.5254
31-AUG-2026,MITCON,78.74,76.10,0.0341,0.0288,0.0288,0.5502
31-AUG-2026,MITTAL,0.82,0.83,-0.0121,0.0299,0.0299,0.5712
31-AUG-2026,MKEXIM,62.14,62.52,-0.0061,0.0295,0.0294,0.5617
31-AUG-2026,MKPL,4.11,4.13,-0.0049,0.0276,0.0275,0.5254
31-AUG-2026,MLKFOOD,86.70,86.18,0.0060,0.0244,0.0243,0.4643
31-AUG-2026,MMFL,650.09,641.73,0.0129,0.0261,0.0261,0.4986
31-AUG-2026,MMP,393.45,404.40,-0.0275,0.0276,0.0276,0.5273
31-AUG-2026,MMTC,62.35,63.07,-0.0115,0.0291,0.0291,0.5560
31-AUG-2026,MMWL,14.37,14.81,-0.0302,0.0352,0.0351,0.6706
31-AUG-2026,MNC,33.89,33.97,-0.0024,0.0107,0.0107,0.2044
31-AUG-2026,MOALPHA50,56.95,57.48,-0.0093,0.0106,0.0106,0.2025
31-AUG-2026,MOBANK10,16.91,16.85,0.0036,0.0055,0.0055,0.1051
31-AUG-2026,MOBIKWIK,189.71,192.30,-0.0136,0.0300,0.0300,0.5731
31-AUG-2026,MOCAPITAL,54.73,55.39,-0.0120,0.0143,0.0143,0.2732
31-AUG-2026,MODEFENCE,106.55,106.85,-0.0028,0.0156,0.0155,0.2961
31-AUG-2026,MODINATUR,344.22,348.11,-0.0112,0.0264,0.0263,0.5025
31-AUG-2026,MODIRUBBER,129.56,132.86,-0.0252,0.0319,0.0319,0.6094
31-AUG-2026,MODIS,379.69,377.46,0.0059,0.0245,0.0245,0.4681
31-AUG-2026,MODISONLTD,453.88,412.66,0.0952,0.0349,0.0355,0.6782
31-AUG-2026,MODTHREAD,53.57,53.52,0.0009,0.0530,0.0529,1.0107
31-AUG-2026,MOENERGY,37.96,38.16,-0.0053,0.0091,0.0091,0.1739
31-AUG-2026,MOGOLD,152.54,157.00,-0.0288,0.0156,0.0157,0.2999
31-AUG-2026,MOGSEC,65.02,65.11,-0.0014,0.0056,0.0056,0.1070
31-AUG-2026,MOHEALTH,52.13,52.45,-0.0061,0.0092,0.0092,0.1758
31-AUG-2026,MOHITE,3.24,2.95,0.0938,0.0410,0.0415,0.7929
31-AUG-2026,MOHITIND,24.08,24.65,-0.0234,0.0338,0.0337,0.6438
31-AUG-2026,MOIL,247.80,258.23,-0.0412,0.0248,0.0249,0.4757
31-AUG-2026,MOINFRA,59.57,59.36,0.0035,0.0102,0.0102,0.1949
31-AUG-2026,MOIPO,48.81,49.26,-0.0092,0.0114,0.0114,0.2178
31-AUG-2026,MOKSH,10.48,10.69,-0.0198,0.0285,0.0284,0.5426
31-AUG-2026,MOL,63.94,60.94,0.0481,0.0299,0.0300,0.5731
31-AUG-2026,MOLBIO,1086.31,1094.89,-0.0079,0.0119,0.0119,0.2273
31-AUG-2026,MOLDTECH,196.15,193.97,0.0112,0.0323,0.0323,0.6171
31-AUG-2026,MOLDTKPAC,709.26,691.22,0.0258,0.0234,0.0234,0.4471
31-AUG-2026,MOLIND,3.20,3.20,0.0000,0.0000,0.0000,0.0000
31-AUG-2026,MOLOWVOL,36.47,36.68,-0.0057,0.0093,0.0093,0.1777
31-AUG-2026,MOM100,68.83,69.12,-0.0042,0.0106,0.0105,0.2006
31-AUG-2026,MOM30IETF,31.54,31.96,-0.0132,0.0115,0.0115,0.2197
31-AUG-2026,MOM50,251.65,253.50,-0.0073,0.0084,0.0084,0.1605
31-AUG-2026,MOMENTUM,31.49,31.76,-0.0085,0.0120,0.0119,0.2273
31-AUG-2026,MOMENTUM30,31.06,31.48,-0.0134,0.0114,0.0114,0.2178
31-AUG-2026,MOMENTUM50,55.04,55.46,-0.0076,0.0114,0.0114,0.2178
31-AUG-2026,MOMETAL,13.26,13.62,-0.0268,0.0024,0.0030,0.0573
31-AUG-2026,MOMGF,165.70,165.12,0.0035,0.0133,0.0133,0.2541
31-AUG-2026,MOMIDMTM,64.73,65.49,-0.0117,0.0107,0.0107,0.2044
31-AUG-2026,MOMMIDCAP,13.17,13.27,-0.0076,0.0025,0.0026,0.0497
31-AUG-2026,MOMNC,32.94,33.05,-0.0033,0.0096,0.0096,0.1834
31-AUG-2026,MOMOMENTUM,62.80,63.50,-0.0111,0.0115,0.0115,0.2197
31-AUG-2026,MON100,332.20,327.10,0.0155,0.0143,0.0143,0.2732
31-AUG-2026,MON50EQUAL,33.35,33.71,-0.0107,0.0080,0.0080,0.1528
31-AUG-2026,MONARCH,380.60,376.59,0.0106,0.0233,0.0233,0.4451
31-AUG-2026,MONEXT50,73.52,74.02,-0.0068,0.0094,0.0094,0.1796
31-AUG-2026,MONEYBOXX,57.80,56.84,0.0167,0.0265,0.0265,0.5063
31-AUG-2026,MONIFTY100,25.41,25.50,-0.0035,0.0084,0.0084,0.1605
31-AUG-2026,MONIFTY500,23.96,24.13,-0.0071,0.0085,0.0085,0.1624
31-AUG-2026,MONQ50,148.04,146.37,0.0113,0.0150,0.0150,0.2866
31-AUG-2026,MONTECARLO,530.31,539.54,-0.0173,0.0211,0.0211,0.4031
31-AUG-2026,MOOILGAS,11.12,11.11,0.0009,0.0019,0.0019,0.0363
31-AUG-2026,MOPSE,99.95,98.57,0.0139,0.0094,0.0095,0.1815
31-AUG-2026,MOQUALITY,200.85,201.57,-0.0036,0.0101,0.0101,0.1930
31-AUG-2026,MORARJEE,9.70,10.01,-0.0315,0.0467,0.0466,0.8903
31-AUG-2026,MOREALTY,90.05,90.82,-0.0085,0.0164,0.0164,0.3133
31-AUG-2026,MOREPENLAB,107.16,106.19,0.0091,0.0353,0.0353,0.6744
31-AUG-2026,MOSCHIP,214.18,219.78,-0.0258,0.0330,0.0330,0.6305
31-AUG-2026,MOSERVICE,31.01,31.22,-0.0067,0.0083,0.0083,0.1586
31-AUG-2026,MOSILVER,230.78,237.70,-0.0295,0.0295,0.0295,0.5636
31-AUG-2026,MOSMALL250,18.49,18.55,-0.0032,0.0110,0.0109,0.2082
31-AUG-2026,MOTHERSON,170.66,165.60,0.0301,0.0218,0.0219,0.4184
31-AUG-2026,MOTILALOFS,1042.87,1038.34,0.0044,0.0265,0.0264,0.5044
31-AUG-2026,MOTISONS,16.24,16.64,-0.0243,0.0320,0.0320,0.6114
31-AUG-2026,MOTOGENFIN,28.04,27.00,0.0378,0.0279,0.0279,0.5330
31-AUG-2026,MOTOUR,78.07,78.70,-0.0080,0.0122,0.0121,0.2312
31-AUG-2026,MOVALUE,112.32,113.08,-0.0067,0.0117,0.0117,0.2235
31-AUG-2026,MPDL,33.49,32.45,0.0315,0.0472,0.0471,0.8998
31-AUG-2026,MPHASIS,2427.40,2455.00,-0.0113,0.0193,0.0193,0.3687
31-AUG-2026,MPSLTD,2683.92,2677.85,0.0023,0.0305,0.0304,0.5808
31-AUG-2026,MRF,133750.35,132083.36,0.0125,0.0146,0.0146,0.2789
31-AUG-2026,MRPL,170.36,168.53,0.0108,0.0311,0.0310,0.5923
31-AUG-2026,MSCI360,10.10,10.22,-0.0118,0.0208,0.0208,0.3974
31-AUG-2026,MSCIADD,29.69,29.78,-0.0030,0.0079,0.0079,0.1509
31-AUG-2026,MSCIINDIA,30.08,30.14,-0.0020,0.0100,0.0100,0.1910
31-AUG-2026,MSL,141.00,148.40,-0.0512,0.0295,0.0297,0.5674
31-AUG-2026,MSPL,35.48,36.39,-0.0253,0.0274,0.0274,0.5235
31-AUG-2026,MSTCLTD,751.08,729.38,0.0293,0.0308,0.0307,0.5865
31-AUG-2026,MSUMI,36.79,37.74,-0.0255,0.0187,0.0187,0.3573
31-AUG-2026,MTARTECH,7043.44,6996.99,0.0066,0.0362,0.0361,0.6897
31-AUG-2026,MTEDUCARE,1.79,1.72,0.0399,0.0327,0.0328,0.6266
31-AUG-2026,MTNL,27.22,27.26,-0.0015,0.0289,0.0288,0.5502
31-AUG-2026,MUFIN,136.53,138.26,-0.0126,0.0244,0.0244,0.4662
31-AUG-2026,MUFTI,74.41,75.92,-0.0201,0.0267,0.0267,0.5101
31-AUG-2026,MUKANDLTD,137.37,137.27,0.0007,0.0237,0.0237,0.4528
31-AUG-2026,MUKESHB,139.28,145.62,-0.0445,0.0367,0.0368,0.7031
31-AUG-2026,MUKKA,24.81,25.06,-0.0100,0.0228,0.0227,0.4337
31-AUG-2026,MUKTAARTS,56.05,56.27,-0.0039,0.0323,0.0322,0.6152
31-AUG-2026,MULTICAP,16.80,16.89,-0.0053,0.0093,0.0093,0.1777
31-AUG-2026,MUNJALAU,115.79,112.40,0.0297,0.0306,0.0306,0.5846
31-AUG-2026,MUNJALSHOW,130.39,130.97,-0.0044,0.0202,0.0201,0.3840
31-AUG-2026,MURUDCERA,30.24,30.69,-0.0148,0.0226,0.0226,0.4318
31-AUG-2026,MUTHOOTCAP,244.64,240.38,0.0176,0.0245,0.0244,0.4662
31-AUG-2026,MUTHOOTFIN,2978.16,3092.84,-0.0378,0.0228,0.0229,0.4375
31-AUG-2026,MUTHOOTMF,203.85,208.43,-0.0222,0.0268,0.0268,0.5120
31-AUG-2026,MVELECTRO,760.64,719.64,0.0554,0.0145,0.0150,0.2866
31-AUG-2026,MVGJL,151.04,154.99,-0.0258,0.0264,0.0264,0.5044
31-AUG-2026,MWL,37.85,39.53,-0.0434,0.0179,0.0181,0.3458
31-AUG-2026,MYSORPETRO,118.82,125.07,-0.0513,0.0322,0.0324,0.6190
31-AUG-2026,NACLIND,170.23,171.63,-0.0082,0.0366,0.0365,0.6973
31-AUG-2026,NAGAFERT,2.05,2.15,-0.0476,0.0255,0.0257,0.4910
31-AUG-2026,NAGREEKCAP,22.35,22.77,-0.0186,0.0356,0.0355,0.6782
31-AUG-2026,NAGREEKEXP,22.02,22.20,-0.0081,0.0305,0.0304,0.5808
31-AUG-2026,NAHARCAP,253.89,258.44,-0.0178,0.0216,0.0216,0.4127
31-AUG-2026,NAHARINDUS,136.46,136.00,0.0034,0.0267,0.0266,0.5082
31-AUG-2026,NAHARPOLY,243.75,247.36,-0.0147,0.0294,0.0293,0.5598
31-AUG-2026,NAHARSPING,289.40,288.40,0.0035,0.0255,0.0255,0.4872
31-AUG-2026,NAM-INDIA,1172.30,1194.35,-0.0186,0.0245,0.0245,0.4681
31-AUG-2026,NANDINI,14.00,14.00,0.0000,0.0000,0.0000,0.0000
31-AUG-2026,NARMADA,13.83,13.96,-0.0094,0.0337,0.0337,0.6438
31-AUG-2026,NATCAPSUQ,212.35,205.01,0.0352,0.0339,0.0339,0.6477
31-AUG-2026,NATCOPHARM,841.53,853.76,-0.0144,0.0238,0.0238,0.4547
31-AUG-2026,NATHBIOGEN,158.18,157.30,0.0056,0.0234,0.0234,0.4471
31-AUG-2026,NATIONALUM,381.50,394.93,-0.0346,0.0268,0.0268,0.5120
31-AUG-2026,NATIONSTD,108.45,103.14,0.0502,0.0426,0.0427,0.8158
31-AUG-2026,NAUKRI,1313.00,1354.00,-0.0307,0.0202,0.0203,0.3878
31-AUG-2026,NAVA,568.09,568.09,0.0000,0.0254,0.0254,0.4853
31-AUG-2026,NAVINFLUOR,8675.51,8517.23,0.0184,0.0218,0.0218,0.4165
31-AUG-2026,NAVKARCORP,96.03,96.88,-0.0088,0.0291,0.0291,0.5560
31-AUG-2026,NAVKARURB,0.91,0.95,-0.0430,0.0308,0.0309,0.5903
31-AUG-2026,NAVNETEDUL,134.61,134.51,0.0007,0.0213,0.0213,0.4069
31-AUG-2026,NAZARA,372.69,374.59,-0.0051,0.0242,0.0242,0.4623
31-AUG-2026,NBCC,86.19,87.50,-0.0151,0.0239,0.0239,0.4566
31-AUG-2026,NBIFIN,1961.00,1988.70,-0.0140,0.0257,0.0257,0.4910
31-AUG-2026,NCC,148.37,148.40,-0.0002,0.0213,0.0213,0.4069
31-AUG-2026,NCCL,12.10,12.10,0.0000,0.0000,0.0000,0.0000
31-AUG-2026,NCLIND,173.73,176.26,-0.0145,0.0189,0.0189,0.3611
31-AUG-2026,NDGL,2760.60,2783.00,-0.0081,0.0272,0.0272,0.5197
31-AUG-2026,NDL,2.83,3.02,-0.0650,0.0314,0.0316,0.6037
31-AUG-2026,NDLVENTURE,122.14,119.46,0.0222,0.0294,0.0293,0.5598
31-AUG-2026,NDRAUTO,735.61,715.01,0.0284,0.0289,0.0289,0.5521
31-AUG-2026,NDRINVIT,143.00,142.50,0.0035,0.0113,0.0113,0.2159
31-AUG-2026,NDTV,72.23,73.77,-0.0211,0.0271,0.0271,0.5177
31-AUG-2026,NEAGI,3490.72,3400.03,0.0263,0.0197,0.0197,0.3764
31-AUG-2026,NECCLTD,16.31,16.89,-0.0349,0.0311,0.0311,0.5942
31-AUG-2026,NECLIFE,12.53,12.47,0.0048,0.0342,0.0341,0.6515
31-AUG-2026,NELCAST,118.16,119.86,-0.0143,0.0330,0.0330,0.6305
31-AUG-2026,NELCO,951.50,960.90,-0.0098,0.0308,0.0307,0.5865
31-AUG-2026,NEOGEN,2201.19,2209.80,-0.0039,0.0303,0.0302,0.5770
31-AUG-2026,NEPACL,9.30,9.30,0.0000,0.0000,0.0000,0.0000
31-AUG-2026,NEPHROPLUS,682.92,692.32,-0.0137,0.0203,0.0202,0.3859
31-AUG-2026,NESCO,1040.99,1048.40,-0.0071,0.0200,0.0200,0.3821
31-AUG-2026,NESTLEIND,1495.92,1454.60,0.0280,0.0128,0.0129,0.2465
31-AUG-2026,NETF,262.25,261.47,0.0030,0.0086,0.0086,0.1643
31-AUG-2026,NETWEB,5188.86,5323.00,-0.0255,0.0348,0.0348,0.6649
31-AUG-2026,NETWORK18,27.23,28.79,-0.0557,0.0261,0.0264,0.5044
31-AUG-2026,NEUEON,12.68,13.34,-0.0507,0.0425,0.0425,0.8120
31-AUG-2026,NEULANDLAB,23008.12,23205.81,-0.0086,0.0276,0.0275,0.5254
31-AUG-2026,NEWAGE,10.00,10.00,0.0000,0.0000,0.0000,0.0000
31-AUG-2026,NEWERA,8.50,8.50,0.0000,0.0018,0.0018,0.0344
31-AUG-2026,NEWGEN,528.85,567.12,-0.0699,0.0340,0.0343,0.6553
31-AUG-2026,NEXT30ADD,42.90,43.25,-0.0081,0.0092,0.0092,0.1758
31-AUG-2026,NEXT50,757.85,763.65,-0.0076,0.0109,0.0109,0.2082
31-AUG-2026,NEXT50ADD,73.76,74.47,-0.0096,0.0161,0.0161,0.3076
31-AUG-2026,NEXT50BETA,79.46,79.80,-0.0043,0.0109,0.0109,0.2082
31-AUG-2026,NEXT50ETF,74.02,74.74,-0.0097,0.0092,0.0092,0.1758
31-AUG-2026,NEXT50IETF,77.40,78.25,-0.0109,0.0104,0.0104,0.1987
31-AUG-2026,NEXTMEDIA,4.99,4.62,0.0770,0.0353,0.0357,0.6820
31-AUG-2026,NFL,70.37,71.08,-0.0100,0.0216,0.0215,0.4108
31-AUG-2026,NGIL,40.96,41.53,-0.0138,0.0307,0.0306,0.5846
31-AUG-2026,NGLFINE,2649.44,2813.36,-0.0600,0.0358,0.0359,0.6859
31-AUG-2026,NH,1907.20,1932.05,-0.0129,0.0189,0.0188,0.3592
31-AUG-2026,NHIT,171.00,171.00,0.0000,0.0085,0.0085,0.1624
31-AUG-2026,NHPC,76.72,74.83,0.0249,0.0170,0.0171,0.3267
31-AUG-2026,NIACL,191.24,186.34,0.0260,0.0279,0.0279,0.5330
31-AUG-2026,NIBE,1371.64,1408.07,-0.0262,0.0334,0.0334,0.6381
31-AUG-2026,NIBL,30.87,30.67,0.0065,0.0351,0.0350,0.6687
31-AUG-2026,NICCOPAR,85.70,87.00,-0.0151,0.0242,0.0241,0.4604
31-AUG-2026,NIF100BEES,268.35,267.90,0.0017,0.0082,0.0082,0.1567
31-AUG-2026,NIF100IETF,28.13,28.22,-0.0032,0.0085,0.0085,0.1624
31-AUG-2026,NIF500BETA,37.71,37.93,-0.0058,0.0000,0.0004,0.0076
31-AUG-2026,NIFTY1,267.33,268.21,-0.0033,0.0079,0.0079,0.1509
31-AUG-2026,NIFTY100EW,35.38,35.54,-0.0045,0.0118,0.0118,0.2254
31-AUG-2026,NIFTYADD,254.19,254.81,-0.0024,0.0122,0.0122,0.2331
31-AUG-2026,NIFTYAXIS,267.01,267.88,-0.0033,0.0080,0.0080,0.1528
31-AUG-2026,NIFTYBEES,274.86,275.62,-0.0028,0.0078,0.0078,0.1490
31-AUG-2026,NIFTYBETA,267.56,268.24,-0.0025,0.0078,0.0078,0.1490
31-AUG-2026,NIFTYBETF,248.55,248.66,-0.0004,0.0086,0.0086,0.1643
31-AUG-2026,NIFTYCASE,9.75,9.69,0.0062,0.0066,0.0066,0.1261
31-AUG-2026,NIFTYETF,261.93,262.95,-0.0039,0.0082,0.0082,0.1567
31-AUG-2026,NIFTYIETF,273.42,274.23,-0.0030,0.0080,0.0080,0.1528
31-AUG-2026,NIFTYJBLK,12.25,12.39,-0.0114,0.0007,0.0010,0.0191
31-AUG-2026,NIFTYQLITY,21.45,21.55,-0.0047,0.0094,0.0094,0.1796
31-AUG-2026,NIITLTD,101.44,105.52,-0.0394,0.0340,0.0340,0.6496
31-AUG-2026,NIITMTS,227.12,233.07,-0.0259,0.0244,0.0244,0.4662
31-AUG-2026,NILAINFRA,6.74,6.79,-0.0074,0.0263,0.0262,0.5006
31-AUG-2026,NILASPACES,12.55,12.55,0.0000,0.0280,0.0279,0.5330
31-AUG-2026,NILE,1498.35,1487.54,0.0072,0.0311,0.0311,0.5942
31-AUG-2026,NILKAMAL,2006.14,2072.04,-0.0323,0.0228,0.0228,0.4356
31-AUG-2026,NIMBSPROJ,172.12,170.14,0.0116,0.0290,0.0289,0.5521
31-AUG-2026,NINSYS,714.93,722.88,-0.0111,0.0274,0.0274,0.5235
31-AUG-2026,NIPPOBATRY,326.85,326.23,0.0019,0.0261,0.0261,0.4986
31-AUG-2026,NIRAJ,29.31,29.36,-0.0017,0.0336,0.0335,0.6400
31-AUG-2026,NIRAJISPAT,355.08,295.90,0.1823,0.0382,0.0402,0.7680
31-AUG-2026,NIRLON,647.36,642.67,0.0073,0.0118,0.0117,0.2235
31-AUG-2026,NITCO,93.99,95.59,-0.0169,0.0314,0.0313,0.5980
31-AUG-2026,NITINSPIN,627.43,626.29,0.0018,0.0249,0.0248,0.4738
31-AUG-2026,NITIRAJ,204.23,200.05,0.0207,0.0287,0.0287,0.5483
31-AUG-2026,NITTAGELA,1620.72,1655.20,-0.0211,0.0291,0.0291,0.5560
31-AUG-2026,NIVABUPA,81.26,81.80,-0.0066,0.0168,0.0168,0.3210
31-AUG-2026,NKIND,57.89,59.89,-0.0340,0.0413,0.0413,0.7890
31-AUG-2026,NKTEXTILE,10.00,10.00,0.0000,0.0000,0.0000,0.0000
31-AUG-2026,NLCINDIA,267.42,270.61,-0.0119,0.0244,0.0244,0.4662
31-AUG-2026,NMDC,88.20,86.76,0.0165,0.0186,0.0186,0.3554
31-AUG-2026,NOCIL,171.48,164.96,0.0388,0.0254,0.0255,0.4872
31-AUG-2026,NOIDATOLL,4.25,4.20,0.0118,0.0362,0.0361,0.6897
31-AUG-2026,NORBTEAEXP,68.50,69.00,-0.0073,0.0283,0.0283,0.5407
31-AUG-2026,NORTHARC,311.65,285.75,0.0868,0.0240,0.0247,0.4719
31-AUG-2026,NOVAAGRI,25.36,24.46,0.0361,0.0293,0.0293,0.5598
31-AUG-2026,NOVARTIND,1554.53,1486.31,0.0449,0.0257,0.0258,0.4929
31-AUG-2026,NPBET,286.73,287.90,-0.0041,0.0113,0.0113,0.2159
31-AUG-2026,NPST,1670.63,1701.07,-0.0181,0.0324,0.0324,0.6190
31-AUG-2026,NRAIL,509.74,497.52,0.0243,0.0293,0.0293,0.5598
31-AUG-2026,NRBBEARING,473.85,469.59,0.0090,0.0252,0.0251,0.4795
31-AUG-2026,NRL,122.50,125.00,-0.0202,0.0267,0.0266,0.5082
31-AUG-2026,NSIL,5701.84,5715.50,-0.0024,0.0211,0.0211,0.4031
31-AUG-2026,NSLNISP,46.19,49.02,-0.0595,0.0259,0.0261,0.4986
31-AUG-2026,NTCIND,134.89,133.48,0.0105,0.0268,0.0268,0.5120
31-AUG-2026,NTPC,327.40,330.05,-0.0081,0.0134,0.0134,0.2560
31-AUG-2026,NTPCGREEN,89.51,90.82,-0.0145,0.0180,0.0180,0.3439
31-AUG-2026,NUCLEUS,744.40,745.19,-0.0011,0.0249,0.0248,0.4738
31-AUG-2026,NURECA,331.80,331.08,0.0022,0.0324,0.0324,0.6190
31-AUG-2026,NUVAMA,1753.61,1805.13,-0.0290,0.0248,0.0249,0.4757
31-AUG-2026,NUVOCO,318.90,324.83,-0.0184,0.0215,0.0215,0.4108
31-AUG-2026,NV20,13.93,13.96,-0.0022,0.0095,0.0095,0.1815
31-AUG-2026,NV20BEES,139.36,139.53,-0.0012,0.0082,0.0081,0.1548
31-AUG-2026,NV20IETF,13.56,13.62,-0.0044,0.0074,0.0074,0.1414
31-AUG-2026,NXST,167.79,167.02,0.0046,0.0097,0.0096,0.1834
31-AUG-2026,NXT-INFRA,96.50,97.06,-0.0058,0.0052,0.0052,0.0993
31-AUG-2026,NYKAA,349.55,335.61,0.0407,0.0178,0.0180,0.3439
31-AUG-2026,OAL,463.95,487.81,-0.0501,0.0316,0.0317,0.6056
31-AUG-2026,OBCL,54.82,55.40,-0.0105,0.0207,0.0207,0.3955
31-AUG-2026,OBEROIRLTY,1868.00,1870.00,-0.0011,0.0185,0.0184,0.3515
31-AUG-2026,OCCLLTD,158.73,158.31,0.0026,0.0323,0.0322,0.6152
31-AUG-2026,ODIGMA,22.44,23.01,-0.0251,0.0259,0.0259,0.4948
31-AUG-2026,ODYCORP,7.39,7.90,-0.0667,0.0388,0.0390,0.7451
31-AUG-2026,OEGIL,25.70,25.70,0.0000,0.0004,0.0004,0.0076
31-AUG-2026,OFSS,12539.91,12189.86,0.0283,0.0213,0.0213,0.4069
31-AUG-2026,OIL,483.15,482.85,0.0006,0.0215,0.0214,0.4088
31-AUG-2026,OILCOUNTUB,64.18,61.04,0.0502,0.0341,0.0342,0.6534
31-AUG-2026,OILIETF,11.22,11.23,-0.0009,0.0099,0.0098,0.1872
31-AUG-2026,OITL,10.00,10.00,0.0000,0.0000,0.0000,0.0000
31-AUG-2026,OLAELEC,41.12,38.98,0.0534,0.0359,0.0360,0.6878
31-AUG-2026,OLECTRA,1276.70,1312.43,-0.0276,0.0278,0.0278,0.5311
31-AUG-2026,OMAXAUTO,185.55,188.72,-0.0169,0.0381,0.0380,0.7260
31-AUG-2026,OMAXE,125.53,131.76,-0.0484,0.0345,0.0346,0.6610
31-AUG-2026,OMFREIGHT,89.50,89.13,0.0041,0.0244,0.0244,0.4662
31-AUG-2026,OMINFRAL,82.17,83.01,-0.0102,0.0266,0.0265,0.5063
31-AUG-2026,OMNI,540.52,565.49,-0.0452,0.0320,0.0321,0.6133
31-AUG-2026,OMPOWER,174.15,175.29,-0.0065,0.0132,0.0132,0.2522
31-AUG-2026,ONEGLOBAL,533.01,547.20,-0.0263,0.0396,0.0395,0.7546
31-AUG-2026,ONELIFECAP,32.39,31.45,0.0295,0.0343,0.0342,0.6534
31-AUG-2026,ONEPOINT,54.78,55.03,-0.0046,0.0269,0.0268,0.5120
31-AUG-2026,ONESOURCE,1518.98,1532.23,-0.0087,0.0251,0.0250,0.4776
31-AUG-2026,ONGC,231.80,232.25,-0.0019,0.0158,0.0158,0.3019
31-AUG-2026,ONIDA,36.19,36.18,0.0003,0.0397,0.0396,0.7566
31-AUG-2026,ONIXSOLAR,331.51,316.04,0.0478,0.0318,0.0319,0.6094
31-AUG-2026,ONMOBILE,50.59,51.62,-0.0202,0.0318,0.0317,0.6056
31-AUG-2026,ONWARDTEC,289.86,287.12,0.0095,0.0289,0.0288,0.5502
31-AUG-2026,OPTIEMUS,574.16,579.61,-0.0094,0.0320,0.0319,0.6094
31-AUG-2026,OPTIFIN,13.28,13.04,0.0182,0.0403,0.0402,0.7680
31-AUG-2026,ORBTEXP,237.18,243.12,-0.0247,0.0362,0.0362,0.6916
31-AUG-2026,ORCHASP,1.37,1.43,-0.0429,0.0357,0.0358,0.6840
31-AUG-2026,ORCHPHARMA,970.76,975.47,-0.0048,0.0292,0.0291,0.5560
31-AUG-2026,ORICONENT,54.93,55.76,-0.0150,0.0223,0.0223,0.4260
31-AUG-2026,ORIENTALTL,5.04,5.01,0.0060,0.0291,0.0290,0.5540
31-AUG-2026,ORIENTBELL,390.40,379.25,0.0290,0.0297,0.0297,0.5674
31-AUG-2026,ORIENTCEM,129.55,131.37,-0.0140,0.0214,0.0213,0.4069
31-AUG-2026,ORIENTCER,44.87,46.61,-0.0380,0.0288,0.0288,0.5502
31-AUG-2026,ORIENTELEC,179.85,180.15,-0.0017,0.0232,0.0231,0.4413
31-AUG-2026,ORIENTHOT,139.02,137.55,0.0106,0.0307,0.0306,0.5846
31-AUG-2026,ORIENTLTD,82.22,80.10,0.0261,0.0313,0.0313,0.5980
31-AUG-2026,ORIENTPPR,16.87,17.21,-0.0200,0.0246,0.0246,0.4700
31-AUG-2026,ORIENTTECH,239.01,244.80,-0.0239,0.0334,0.0334,0.6381
31-AUG-2026,ORIRAIL,127.84,131.68,-0.0296,0.0316,0.0316,0.6037
31-AUG-2026,ORISSAMINE,4314.49,4462.23,-0.0337,0.0269,0.0269,0.5139
31-AUG-2026,ORKLAINDIA,594.58,595.43,-0.0014,0.0134,0.0134,0.2560
31-AUG-2026,ORTEL,1.90,2.00,-0.0513,0.0426,0.0426,0.8139
31-AUG-2026,ORTINGLOBE,15.30,14.91,0.0258,0.0336,0.0336,0.6419
31-AUG-2026,OSIAHYPER,2.46,2.50,-0.0161,0.0359,0.0358,0.6840
31-AUG-2026,OSWALAGRO,37.54,37.65,-0.0029,0.0334,0.0333,0.6362
31-AUG-2026,OSWALGREEN,20.11,20.74,-0.0308,0.0288,0.0288,0.5502
31-AUG-2026,OSWALMIN,10.00,10.00,0.0000,0.0000,0.0000,0.0000
31-AUG-2026,OSWALPUMPS,292.33,295.54,-0.0109,0.0255,0.0255,0.4872
31-AUG-2026,OSWALSEEDS,11.75,12.07,-0.0269,0.0307,0.0307,0.5865
31-AUG-2026,PACEDIGITK,171.64,176.19,-0.0262,0.0222,0.0222,0.4241
31-AUG-2026,PACIFICI,141.94,140.35,0.0113,0.0321,0.0320,0.6114
31-AUG-2026,PAGEIND,35800.00,35981.68,-0.0051,0.0156,0.0155,0.2961
31-AUG-2026,PAISALO,67.31,67.56,-0.0037,0.0279,0.0278,0.5311
31-AUG-2026,PAKKA,76.19,78.39,-0.0285,0.0304,0.0304,0.5808
31-AUG-2026,PALASHSECU,88.26,91.39,-0.0348,0.0235,0.0236,0.4509
31-AUG-2026,PALREDTEC,53.19,55.90,-0.0497,0.0314,0.0315,0.6018
31-AUG-2026,PANACEABIO,387.10,395.48,-0.0214,0.0352,0.0351,0.6706
31-AUG-2026,PANACHE,530.00,530.20,-0.0004,0.0304,0.0303,0.5789
31-AUG-2026,PANAMAPET,471.33,465.22,0.0130,0.0318,0.0317,0.6056
31-AUG-2026,PANCHMAHQ,296.84,304.83,-0.0266,0.0333,0.0333,0.6362
31-AUG-2026,PANORAMA,42.69,46.39,-0.0831,0.0337,0.0341,0.6515
31-AUG-2026,PANSARI,302.85,306.55,-0.0121,0.0302,0.0301,0.5751
31-AUG-2026,PAR,117.35,100.21,0.1579,0.0286,0.0306,0.5846
31-AUG-2026,PARACABLES,65.34,62.37,0.0465,0.0362,0.0363,0.6935
31-AUG-2026,PARADEEP,160.03,165.87,-0.0358,0.0279,0.0279,0.5330
31-AUG-2026,PARAGMILK,254.46,237.60,0.0686,0.0285,0.0289,0.5521
31-AUG-2026,PARAS,1432.91,1439.73,-0.0047,0.0339,0.0338,0.6457
31-AUG-2026,PARASPETRO,2.19,2.22,-0.0136,0.0358,0.0358,0.6840
31-AUG-2026,PARKHOSPS,286.53,290.52,-0.0138,0.0207,0.0206,0.3936
31-AUG-2026,PARKHOTELS,112.48,112.32,0.0014,0.0219,0.0219,0.4184
31-AUG-2026,PARNAXLAB,130.20,128.40,0.0139,0.0334,0.0333,0.6362
31-AUG-2026,PARSVNATH,1.47,1.45,0.0137,0.0355,0.0354,0.6763
31-AUG-2026,PASHUPATI,83.34,84.18,-0.0100,0.0175,0.0175,0.3343
31-AUG-2026,PASUPTAC,61.95,61.79,0.0026,0.0319,0.0318,0.6075
31-AUG-2026,PATANJALI,345.00,348.47,-0.0100,0.0181,0.0181,0.3458
31-AUG-2026,PATELENG,28.03,28.34,-0.0110,0.0263,0.0263,0.5025
31-AUG-2026,PATELRMART,226.69,232.71,-0.0262,0.0247,0.0247,0.4719
31-AUG-2026,PATINTLOG,13.00,13.06,-0.0046,0.0266,0.0265,0.5063
31-AUG-2026,PAUSHAKLTD,758.07,776.79,-0.0244,0.0307,0.0307,0.5865
31-AUG-2026,PAVNAIND,18.04,18.47,-0.0236,0.0375,0.0374,0.7145
31-AUG-2026,PAYTM,1717.06,1650.89,0.0393,0.0268,0.0269,0.5139
31-AUG-2026,PBMPOLY,61.80,64.51,-0.0429,0.0362,0.0363,0.6935
31-AUG-2026,PCBL,317.05,322.10,-0.0158,0.0290,0.0290,0.5540
31-AUG-2026,PCJEWELLER,10.99,10.94,0.0046,0.0311,0.0311,0.5942
31-AUG-2026,PDMJEPAPER,95.21,94.95,0.0027,0.0264,0.0263,0.5025
31-AUG-2026,PDSL,368.09,369.73,-0.0044,0.0247,0.0247,0.4719
31-AUG-2026,PEARLPOLY,15.49,15.11,0.0248,0.0314,0.0314,0.5999
31-AUG-2026,PENIND,166.13,162.29,0.0234,0.0303,0.0303,0.5789
31-AUG-2026,PENINLAND,15.96,16.97,-0.0614,0.0341,0.0342,0.6534
31-AUG-2026,PERMAGN,882.27,893.64,-0.0128,0.0285,0.0284,0.5426
31-AUG-2026,PERSISTENT,5594.70,5874.84,-0.0489,0.0225,0.0227,0.4337
31-AUG-2026,PETRONET,300.60,292.00,0.0290,0.0184,0.0185,0.3534
31-AUG-2026,PFC,336.32,352.00,-0.0456,0.0201,0.0203,0.3878
31-AUG-2026,PFIZER,4684.47,4703.51,-0.0041,0.0154,0.0154,0.2942
31-AUG-2026,PFOCUS,287.37,294.39,-0.0241,0.0350,0.0350,0.6687
31-AUG-2026,PFS,27.02,26.95,0.0026,0.0232,0.0231,0.4413
31-AUG-2026,PGEL,580.90,585.83,-0.0085,0.0307,0.0306,0.5846
31-AUG-2026,PGHH,7979.99,8092.17,-0.0140,0.0130,0.0130,0.2484
31-AUG-2026,PGHL,5767.04,5670.49,0.0169,0.0156,0.0156,0.2980
31-AUG-2026,PGIL,2464.12,2314.30,0.0627,0.0319,0.0321,0.6133
31-AUG-2026,PGINVIT,99.94,100.01,-0.0007,0.0071,0.0071,0.1356
31-AUG-2026,PHARMABEES,27.59,27.76,-0.0061,0.0090,0.0089,0.1700
31-AUG-2026,PHOENIXLTD,1900.00,1916.41,-0.0086,0.0194,0.0194,0.3706
31-AUG-2026,PHOENXINTL,31.16,30.13,0.0336,0.0337,0.0337,0.6438
31-AUG-2026,PICCADIL,635.08,651.30,-0.0252,0.0290,0.0289,0.5521
31-AUG-2026,PIDILITIND,1687.69,1629.49,0.0351,0.0132,0.0134,0.2560
31-AUG-2026,PIGL,100.16,102.14,-0.0196,0.0325,0.0325,0.6209
31-AUG-2026,PIIND,2370.04,2420.23,-0.0210,0.0182,0.0182,0.3477
31-AUG-2026,PILANIINVS,4353.40,4387.90,-0.0079,0.0202,0.0201,0.3840
31-AUG-2026,PILITA,7.94,7.93,0.0013,0.0293,0.0292,0.5579
31-AUG-2026,PILLAR,10.00,10.00,0.0000,0.0000,0.0000,0.0000
31-AUG-2026,PINELABS,164.04,165.07,-0.0063,0.0238,0.0237,0.4528
31-AUG-2026,PIONEEREMB,21.76,21.95,-0.0087,0.0291,0.0291,0.5560
31-AUG-2026,PIONRINV,82.85,82.45,0.0048,0.0405,0.0404,0.7718
31-AUG-2026,PIRAMALFIN,2300.34,2278.39,0.0096,0.0163,0.0163,0.3114
31-AUG-2026,PITTIENG,1106.36,1121.21,-0.0133,0.0244,0.0244,0.4662
31-AUG-2026,PIXTRANS,1818.55,1843.31,-0.0135,0.0253,0.0252,0.4814
31-AUG-2026,PKLEASING,10.00,10.00,0.0000,0.0000,0.0000,0.0000
31-AUG-2026,PKTEA,746.00,744.75,0.0017,0.0310,0.0309,0.5903
31-AUG-2026,PLASTIBLEN,185.48,189.57,-0.0218,0.0229,0.0229,0.4375
31-AUG-2026,PLATIND,235.22,230.59,0.0199,0.0277,0.0277,0.5292
31-AUG-2026,PLAZACABLE,56.90,53.92,0.0538,0.0298,0.0300,0.5731
31-AUG-2026,PML,493.00,492.65,0.0007,0.0237,0.0237,0.4528
31-AUG-2026,PNB,114.23,115.40,-0.0102,0.0181,0.0181,0.3458
31-AUG-2026,PNBGILTS,76.96,78.71,-0.0225,0.0255,0.0255,0.4872
31-AUG-2026,PNBHOUSING,1148.24,1169.82,-0.0186,0.0223,0.0223,0.4260
31-AUG-2026,PNC,17.38,17.01,0.0215,0.0326,0.0325,0.6209
31-AUG-2026,PNCINFRA,188.15,195.23,-0.0369,0.0231,0.0232,0.4432
31-AUG-2026,PNGJL,583.84,598.00,-0.0240,0.0219,0.0219,0.4184
31-AUG-2026,PNGSREVA,536.48,542.24,-0.0107,0.0235,0.0234,0.4471
31-AUG-2026,POCL,495.58,509.19,-0.0271,0.0319,0.0319,0.6094
31-AUG-2026,PODDARMENT,254.73,251.00,0.0148,0.0238,0.0237,0.4528
31-AUG-2026,POEL,150.34,149.54,0.0053,0.0302,0.0301,0.5751
31-AUG-2026,POKARNA,854.80,875.05,-0.0234,0.0325,0.0325,0.6209
31-AUG-2026,POLICYBZR,1874.85,1811.50,0.0344,0.0223,0.0224,0.4280
31-AUG-2026,POLYCAB,9442.45,9088.04,0.0383,0.0199,0.0200,0.3821
31-AUG-2026,POLYMED,1759.65,1732.99,0.0153,0.0267,0.0267,0.5101
31-AUG-2026,POLYPLEX,1182.55,1184.38,-0.0015,0.0225,0.0224,0.4280
31-AUG-2026,POLYSPIN,30.47,29.51,0.0320,0.0387,0.0387,0.7394
31-AUG-2026,PONNIERODE,403.30,397.00,0.0157,0.0232,0.0232,0.4432
31-AUG-2026,POONAWALLA,463.79,479.04,-0.0324,0.0227,0.0228,0.4356
31-AUG-2026,POWERGRID,263.55,266.16,-0.0099,0.0140,0.0140,0.2675
31-AUG-2026,POWERICA,518.88,517.77,0.0021,0.0190,0.0189,0.3611
31-AUG-2026,POWERINDIA,33758.81,33330.85,0.0128,0.0291,0.0291,0.5560
31-AUG-2026,POWERMECH,2521.20,2580.58,-0.0233,0.0249,0.0249,0.4757
31-AUG-2026,PPAP,261.75,259.28,0.0095,0.0350,0.0349,0.6668
31-AUG-2026,PPL,261.40,263.65,-0.0086,0.0286,0.0286,0.5464
31-AUG-2026,PPLPHARMA,214.40,218.68,-0.0198,0.0229,0.0229,0.4375
31-AUG-2026,PRABHA,204.61,207.76,-0.0153,0.0264,0.0263,0.5025
31-AUG-2026,PRABHATSEC,10.80,10.80,0.0000,0.0000,0.0000,0.0000
31-AUG-2026,PRADPME,493.66,497.22,-0.0072,0.0312,0.0312,0.5961
31-AUG-2026,PRAENG,21.49,20.63,0.0408,0.0350,0.0350,0.6687
31-AUG-2026,PRAJIND,343.91,347.90,-0.0115,0.0249,0.0248,0.4738
31-AUG-2026,PRAKASH,127.40,129.97,-0.0200,0.0270,0.0270,0.5158
31-AUG-2026,PRAKASHSTL,3.86,3.92,-0.0154,0.0239,0.0239,0.4566
31-AUG-2026,PRAVEG,265.20,276.60,-0.0421,0.0333,0.0334,0.6381
31-AUG-2026,PRAXIS,4.75,4.95,-0.0412,0.0337,0.0337,0.6438
31-AUG-2026,PRECAM,125.45,126.30,-0.0068,0.0310,0.0309,0.5903
31-AUG-2026,PRECOT,704.55,701.50,0.0043,0.0363,0.0362,0.6916
31-AUG-2026,PRECWIRE,505.60,507.47,-0.0037,0.0364,0.0363,0.6935
31-AUG-2026,PREMCO,380.40,381.20,-0.0021,0.0240,0.0239,0.4566
31-AUG-2026,PREMEXPLN,662.80,662.75,0.0001,0.0361,0.0360,0.6878
31-AUG-2026,PREMIER,2.92,2.88,0.0138,0.0277,0.0277,0.5292
31-AUG-2026,PREMIERENE,1036.22,1013.90,0.0218,0.0226,0.0226,0.4318
31-AUG-2026,PREMIERPOL,90.57,93.90,-0.0361,0.0359,0.0359,0.6859
31-AUG-2026,PRESTIGE,1632.99,1588.00,0.0279,0.0226,0.0226,0.4318
31-AUG-2026,PRHOLDING,10.00,10.00,0.0000,0.0000,0.0000,0.0000
31-AUG-2026,PRICOLLTD,801.71,770.63,0.0395,0.0235,0.0237,0.4528
31-AUG-2026,PRIMESECU,286.95,287.91,-0.0033,0.0219,0.0218,0.4165
31-AUG-2026,PRIMO,21.14,21.33,-0.0089,0.0299,0.0298,0.5693
31-AUG-2026,PRINCEPIPE,294.10,293.45,0.0022,0.0236,0.0235,0.4490
31-AUG-2026,PRISMX,0.54,0.55,-0.0183,0.0352,0.0351,0.6706
31-AUG-2026,PRITI,33.25,34.35,-0.0325,0.0330,0.0330,0.6305
31-AUG-2026,PRITIKAUTO,17.04,17.09,-0.0029,0.0279,0.0278,0.5311
31-AUG-2026,PRIVISCL,3474.01,3458.04,0.0046,0.0224,0.0223,0.4260
31-AUG-2026,PRIYAINT,8.50,8.50,0.0000,0.0000,0.0000,0.0000
31-AUG-2026,PROSTARM,136.16,135.32,0.0062,0.0277,0.0276,0.5273
31-AUG-2026,PROTEAN,520.86,539.74,-0.0356,0.0284,0.0284,0.5426
31-AUG-2026,PROZONER,44.92,44.91,0.0002,0.0308,0.0307,0.5865
31-AUG-2026,PRSMJOHNSN,111.22,111.17,0.0004,0.0218,0.0218,0.4165
31-AUG-2026,PRUDENT,3673.69,3421.18,0.0712,0.0255,0.0260,0.4967
31-AUG-2026,PRUDMOULI,16.40,16.22,0.0110,0.0314,0.0313,0.5980
31-AUG-2026,PSB,22.89,23.14,-0.0109,0.0226,0.0226,0.4318
31-AUG-2026,PSPPROJECT,876.73,888.99,-0.0139,0.0269,0.0269,0.5139
31-AUG-2026,PSUBANK,85.24,86.12,-0.0103,0.0156,0.0156,0.2980
31-AUG-2026,PSUBANKADD,86.23,86.88,-0.0075,0.0151,0.0151,0.2885
31-AUG-2026,PSUBNKBEES,95.15,96.04,-0.0093,0.0154,0.0153,0.2923
31-AUG-2026,PSUBNKIETF,86.54,87.17,-0.0073,0.0148,0.0148,0.2828
31-AUG-2026,PTC,150.90,157.69,-0.0440,0.0222,0.0224,0.4280
31-AUG-2026,PTCIL,22114.89,22110.21,0.0002,0.0254,0.0254,0.4853
31-AUG-2026,PTL,38.65,38.53,0.0031,0.0132,0.0132,0.2522
31-AUG-2026,PUNJABCHEM,1118.50,1126.90,-0.0075,0.0271,0.0270,0.5158
31-AUG-2026,PURBANCHAL,8.65,8.65,0.0000,0.0000,0.0000,0.0000
31-AUG-2026,PURVA,212.90,215.80,-0.0135,0.0292,0.0292,0.5579
31-AUG-2026,PVP,68.47,65.22,0.0486,0.0389,0.0390,0.7451
31-AUG-2026,PVRINOX,1207.55,1220.92,-0.0110,0.0184,0.0183,0.3496
31-AUG-2026,PVSL,104.98,102.11,0.0277,0.0263,0.0263,0.5025
31-AUG-2026,PVTBANIETF,28.05,28.02,0.0011,0.0101,0.0101,0.1930
31-AUG-2026,PVTBANK,27.96,27.77,0.0068,0.0022,0.0023,0.0439
31-AUG-2026,PVTBANKADD,28.16,28.15,0.0004,0.0110,0.0110,0.2102
31-AUG-2026,PVTBKGROWW,27.92,27.86,0.0022,0.0046,0.0046,0.0879
31-AUG-2026,PWL,116.30,119.46,-0.0268,0.0254,0.0254,0.4853
31-AUG-2026,PYRAMID,158.45,159.89,-0.0090,0.0259,0.0259,0.4948
31-AUG-2026,QGOLDHALF,127.78,131.17,-0.0262,0.0168,0.0169,0.3229
31-AUG-2026,QMSMEDI,157.21,151.89,0.0344,0.0312,0.0312,0.5961
31-AUG-2026,QNIFTY,265.30,266.31,-0.0038,0.0081,0.0081,0.1548
31-AUG-2026,QPOWER,1435.83,1431.20,0.0032,0.0334,0.0333,0.6362
31-AUG-2026,QUADFUTURE,421.55,429.21,-0.0180,0.0370,0.0369,0.7050
31-AUG-2026,QUAL30IETF,21.22,21.34,-0.0056,0.0085,0.0085,0.1624
31-AUG-2026,QUALITY30,20.91,20.96,-0.0024,0.0086,0.0085,0.1624
31-AUG-2026,QUESS,381.72,372.25,0.0251,0.0236,0.0236,0.4509
31-AUG-2026,QUICKHEAL,136.98,138.73,-0.0127,0.0316,0.0315,0.6018
31-AUG-2026,QUINT,40.53,40.80,-0.0066,0.0321,0.0320,0.6114
31-AUG-2026,QUINTEGRA,1.21,1.27,-0.0484,0.0539,0.0539,1.0298
31-AUG-2026,RACE,99.75,100.71,-0.0096,0.0299,0.0298,0.5693
31-AUG-2026,RACLGEAR,1535.80,1538.50,-0.0018,0.0323,0.0323,0.6171
31-AUG-2026,RADAAN,3.01,3.12,-0.0359,0.0303,0.0304,0.5808
31-AUG-2026,RADHIKAJWE,67.45,68.76,-0.0192,0.0300,0.0300,0.5731
31-AUG-2026,RADIANTCMS,39.70,39.27,0.0109,0.0242,0.0242,0.4623
31-AUG-2026,RADICO,4484.89,4605.00,-0.0264,0.0202,0.0202,0.3859
31-AUG-2026,RADIOCITY,6.50,6.56,-0.0092,0.0215,0.0214,0.4088
31-AUG-2026,RAILTEL,275.90,278.90,-0.0108,0.0268,0.0267,0.5101
31-AUG-2026,RAIN,195.34,199.31,-0.0201,0.0316,0.0315,0.6018
31-AUG-2026,RAINBOW,1414.70,1442.66,-0.0196,0.0163,0.0164,0.3133
31-AUG-2026,RAJESHEXPO,75.93,76.79,-0.0113,0.0304,0.0303,0.5789
31-AUG-2026,RAJMET,3.10,3.13,-0.0096,0.0250,0.0249,0.4757
31-AUG-2026,RAJOOENG,48.14,49.27,-0.0232,0.0301,0.0301,0.5751
31-AUG-2026,RAJPALAYAM,806.45,813.85,-0.0091,0.0186,0.0186,0.3554
31-AUG-2026,RAJRATAN,497.19,496.67,0.0010,0.0282,0.0281,0.5368
31-AUG-2026,RAJRILTD,23.25,23.03,0.0095,0.0216,0.0216,0.4127
31-AUG-2026,RAJSREESUG,37.80,36.50,0.0350,0.0309,0.0309,0.5903
31-AUG-2026,RAJTV,9.88,10.42,-0.0532,0.0322,0.0324,0.6190
31-AUG-2026,RAJVIR,7.74,6.39,0.1917,0.0376,0.0399,0.7623
31-AUG-2026,RALLIS,207.20,209.65,-0.0118,0.0222,0.0222,0.4241
31-AUG-2026,RAMANEWS,31.47,31.77,-0.0095,0.0294,0.0293,0.5598
31-AUG-2026,RAMAPHO,123.52,125.80,-0.0183,0.0314,0.0313,0.5980
31-AUG-2026,RAMARAJU,182.80,182.80,0.0000,0.0000,0.0000,0.0000
31-AUG-2026,RAMASTEEL,4.32,4.40,-0.0183,0.0309,0.0309,0.5903
31-AUG-2026,RAMBHAJO,240.32,250.49,-0.0414,0.0219,0.0221,0.4222
31-AUG-2026,RAMCOCEM,879.61,895.65,-0.0181,0.0169,0.0169,0.3229
31-AUG-2026,RAMCOIND,328.05,335.71,-0.0231,0.0257,0.0257,0.4910
31-AUG-2026,RAMCOSYS,575.22,578.36,-0.0054,0.0399,0.0398,0.7604
31-AUG-2026,RAMKY,351.40,358.49,-0.0200,0.0244,0.0244,0.4662
31-AUG-2026,RAMRAT,563.72,591.91,-0.0488,0.0276,0.0278,0.5311
31-AUG-2026,RANASUG,15.64,15.30,0.0220,0.0240,0.0240,0.4585
31-AUG-2026,RANEHOLDIN,1567.08,1598.82,-0.0201,0.0259,0.0258,0.4929
31-AUG-2026,RANJANPOLY,28.25,28.25,0.0000,0.0000,0.0000,0.0000
31-AUG-2026,RATEGAIN,937.65,933.96,0.0039,0.0272,0.0272,0.5197
31-AUG-2026,RATNAMANI,2650.16,2611.17,0.0148,0.0261,0.0260,0.4967
31-AUG-2026,RATNAVEER,306.01,294.96,0.0368,0.0317,0.0317,0.6056
31-AUG-2026,RAYMOND,631.84,626.87,0.0079,0.0286,0.0286,0.5464
31-AUG-2026,RAYMONDLSL,662.80,691.33,-0.0421,0.0255,0.0256,0.4891
31-AUG-2026,RAYMONDREL,532.22,557.05,-0.0456,0.0312,0.0313,0.5980
31-AUG-2026,RBA,98.09,100.97,-0.0289,0.0246,0.0246,0.4700
31-AUG-2026,RBLBANK,380.32,381.99,-0.0044,0.0211,0.0210,0.4012
31-AUG-2026,RBZJEWEL,150.79,146.19,0.0310,0.0285,0.0285,0.5445
31-AUG-2026,RCF,113.52,119.81,-0.0539,0.0229,0.0232,0.4432
31-AUG-2026,RCOM,0.81,0.81,0.0000,0.0257,0.0256,0.4891
31-AUG-2026,RECLTD,323.30,316.80,0.0203,0.0200,0.0200,0.3821
31-AUG-2026,REDINGTON,357.75,366.00,-0.0228,0.0291,0.0291,0.5560
31-AUG-2026,REDTAPE,124.15,126.01,-0.0149,0.0237,0.0236,0.4509
31-AUG-2026,REFEX,282.49,287.55,-0.0178,0.0318,0.0318,0.6075
31-AUG-2026,REGAAL,88.94,92.52,-0.0395,0.0284,0.0285,0.5445
31-AUG-2026,REGALENTER,10.00,10.00,0.0000,0.0000,0.0000,0.0000
31-AUG-2026,REGENCERAM,33.98,33.00,0.0293,0.0355,0.0355,0.6782
31-AUG-2026,RELAXO,357.85,356.76,0.0031,0.0270,0.0269,0.5139
31-AUG-2026,RELCHEMQ,114.15,114.03,0.0011,0.0242,0.0241,0.4604
31-AUG-2026,RELIABLE,137.92,139.75,-0.0132,0.0297,0.0297,0.5674
31-AUG-2026,RELIANCE,1277.00,1286.96,-0.0078,0.0133,0.0133,0.2541
31-AUG-2026,RELIGARE,242.83,233.11,0.0409,0.0244,0.0245,0.4681
31-AUG-2026,RELINFRA,59.39,60.62,-0.0205,0.0328,0.0327,0.6247
31-AUG-2026,RELTD,159.18,156.75,0.0154,0.0324,0.0323,0.6171
31-AUG-2026,REMSONSIND,98.48,86.50,0.1297,0.0298,0.0311,0.5942
31-AUG-2026,RENUKA,24.90,24.14,0.0310,0.0229,0.0229,0.4375
31-AUG-2026,REPCOHOME,363.00,365.50,-0.0069,0.0208,0.0208,0.3974
31-AUG-2026,REPL,64.85,62.87,0.0310,0.0315,0.0315,0.6018
31-AUG-2026,REPRO,306.10,307.96,-0.0061,0.0286,0.0285,0.5445
31-AUG-2026,RESPONIND,149.05,153.52,-0.0295,0.0305,0.0305,0.5827
31-AUG-2026,RETAIL,17.69,17.64,0.0028,0.0380,0.0379,0.7241
31-AUG-2026,RGL,135.22,139.38,-0.0303,0.0354,0.0353,0.6744
31-AUG-2026,RHETAN,19.11,20.31,-0.0609,0.0363,0.0365,0.6973
31-AUG-2026,RHFL,1.81,1.87,-0.0326,0.0280,0.0280,0.5349
31-AUG-2026,RHIM,371.59,369.35,0.0060,0.0250,0.0249,0.4757
31-AUG-2026,RHL,165.47,168.00,-0.0152,0.0257,0.0256,0.4891
31-AUG-2026,RICOAUTO,129.62,129.41,0.0016,0.0347,0.0347,0.6629
31-AUG-2026,RIIL,752.33,761.43,-0.0120,0.0230,0.0230,0.4394
31-AUG-2026,RIIT,121.49,121.49,0.0000,0.0037,0.0037,0.0707
31-AUG-2026,RIR,159.30,159.79,-0.0031,0.0332,0.0332,0.6343
31-AUG-2026,RISHABH,705.50,691.62,0.0199,0.0315,0.0315,0.6018
31-AUG-2026,RITCO,307.45,311.59,-0.0134,0.0272,0.0272,0.5197
31-AUG-2026,RITES,218.43,217.00,0.0066,0.0241,0.0240,0.4585
31-AUG-2026,RKDL,18.39,18.55,-0.0087,0.0274,0.0274,0.5235
31-AUG-2026,RKEC,22.28,22.38,-0.0045,0.0394,0.0393,0.7508
31-AUG-2026,RKFORGE,743.58,751.25,-0.0103,0.0234,0.0233,0.4451
31-AUG-2026,RKSWAMY,91.79,93.83,-0.0220,0.0254,0.0254,0.4853
31-AUG-2026,RMC,240.38,246.49,-0.0251,0.0404,0.0403,0.7699
31-AUG-2026,RMDRIP,21.33,20.43,0.0431,0.0299,0.0300,0.5731
31-AUG-2026,RML,1129.73,1126.52,0.0028,0.0271,0.0270,0.5158
31-AUG-2026,RNBDENIMS,10.32,9.83,0.0486,0.0324,0.0325,0.6209
31-AUG-2026,ROADSTAR,62.00,62.00,0.0000,0.0370,0.0369,0.7050
31-AUG-2026,ROBERT,10.70,10.70,0.0000,0.0000,0.0000,0.0000
31-AUG-2026,ROHLTD,296.35,302.35,-0.0200,0.0246,0.0246,0.4700
31-AUG-2026,ROLEXRINGS,180.60,180.55,0.0003,0.0265,0.0264,0.5044
31-AUG-2026,ROLLT,3.97,4.16,-0.0467,0.0404,0.0405,0.7738
31-AUG-2026,ROML,42.61,42.56,0.0012,0.0265,0.0265,0.5063
31-AUG-2026,ROSSARI,485.16,498.08,-0.0263,0.0214,0.0214,0.4088
31-AUG-2026,ROSSELLIND,58.44,59.67,-0.0208,0.0265,0.0264,0.5044
31-AUG-2026,ROSSTECH,1109.91,1104.64,0.0048,0.0354,0.0353,0.6744
31-AUG-2026,ROTO,62.82,64.53,-0.0269,0.0280,0.0279,0.5330
31-AUG-2026,ROUTE,499.99,509.35,-0.0185,0.0225,0.0225,0.4299
31-AUG-2026,RPEL,1771.08,1748.47,0.0128,0.0309,0.0309,0.5903
31-AUG-2026,RPGLIFE,2628.85,2537.50,0.0354,0.0254,0.0255,0.4872
31-AUG-2026,RPOWER,22.09,22.45,-0.0162,0.0311,0.0310,0.5923
31-AUG-2026,RPPINFRA,55.62,53.83,0.0327,0.0319,0.0319,0.6094
31-AUG-2026,RPPL,23.36,23.07,0.0125,0.0304,0.0303,0.5789
31-AUG-2026,RPSGVENT,848.39,857.17,-0.0103,0.0297,0.0296,0.5655
31-AUG-2026,RPTECH,816.38,828.62,-0.0149,0.0279,0.0278,0.5311
31-AUG-2026,RRECL,142.91,133.30,0.0696,0.0289,0.0292,0.5579
31-AUG-2026,RRIL,16.81,16.80,0.0006,0.0257,0.0256,0.4891
31-AUG-2026,RRKABEL,2928.44,2905.19,0.0080,0.0243,0.0243,0.4643
31-AUG-2026,RSDFIN,97.14,100.39,-0.0329,0.0482,0.0481,0.9189
31-AUG-2026,RSL,177.66,177.50,0.0009,0.0139,0.0139,0.2656
31-AUG-2026,RSSOFTWARE,29.79,31.30,-0.0494,0.0330,0.0331,0.6324
31-AUG-2026,RSWM,198.41,196.00,0.0122,0.0258,0.0257,0.4910
31-AUG-2026,RSYSTEMS,245.31,246.76,-0.0059,0.0275,0.0274,0.5235
31-AUG-2026,RTNINDIA,30.04,30.24,-0.0066,0.0287,0.0287,0.5483
31-AUG-2026,RTNPOWER,7.50,7.95,-0.0583,0.0251,0.0254,0.4853
31-AUG-2026,RTSPOWR,87.97,88.83,-0.0097,0.0309,0.0309,0.5903
31-AUG-2026,RUBFILA,68.69,68.59,0.0015,0.0225,0.0224,0.4280
31-AUG-2026,RUBICON,1819.54,1804.46,0.0083,0.0243,0.0242,0.4623
31-AUG-2026,RUBYMILLS,384.40,390.71,-0.0163,0.0324,0.0324,0.6190
31-AUG-2026,RUCHINFRA,5.75,5.82,-0.0121,0.0299,0.0298,0.5693
31-AUG-2026,RUCHIRA,102.72,102.64,0.0008,0.0209,0.0208,0.3974
31-AUG-2026,RUDRA,20.59,20.76,-0.0082,0.0333,0.0333,0.6362
31-AUG-2026,RUPA,147.65,149.47,-0.0123,0.0228,0.0227,0.4337
31-AUG-2026,RUSHIL,16.40,16.78,-0.0229,0.0312,0.0311,0.5942
31-AUG-2026,RUSTOMJEE,378.95,380.32,-0.0036,0.0203,0.0203,0.3878
31-AUG-2026,RVHL,38.52,39.39,-0.0223,0.0331,0.0331,0.6324
31-AUG-2026,RVNL,209.99,214.23,-0.0200,0.0244,0.0244,0.4662
31-AUG-2026,RVTH,726.20,736.45,-0.0140,0.0281,0.0281,0.5368
31-AUG-2026,S&SPOWER,340.82,338.75,0.0061,0.0335,0.0334,0.6381
31-AUG-2026,SAATVIKGL,417.76,422.47,-0.0112,0.0217,0.0216,0.4127
31-AUG-2026,SAB,178.00,170.00,0.0460,0.0293,0.0294,0.5617
31-AUG-2026,SADBHAV,8.45,8.89,-0.0508,0.0341,0.0342,0.6534
31-AUG-2026,SADBHIN,2.65,2.72,-0.0261,0.0319,0.0319,0.6094
31-AUG-2026,SADHNANIQ,2.78,2.83,-0.0178,0.0348,0.0347,0.6629
31-AUG-2026,SAFARI,1510.93,1509.70,0.0008,0.0219,0.0218,0.4165
31-AUG-2026,SAGARDEEP,23.64,23.62,0.0008,0.0232,0.0231,0.4413
31-AUG-2026,SAGCEM,159.64,162.96,-0.0206,0.0218,0.0218,0.4165
31-AUG-2026,SAGILITY,47.05,46.35,0.0150,0.0224,0.0224,0.4280
31-AUG-2026,SAHLIBHFI,77.84,76.94,0.0116,0.0156,0.0156,0.2980
31-AUG-2026,SAHYADRI,356.10,343.63,0.0356,0.0259,0.0260,0.4967
31-AUG-2026,SAICAPI,156.75,146.98,0.0644,0.0335,0.0337,0.6438
31-AUG-2026,SAIL,195.01,199.99,-0.0252,0.0232,0.0233,0.4451
31-AUG-2026,SAILIFE,1459.69,1484.70,-0.0170,0.0213,0.0213,0.4069
31-AUG-2026,SAIPARENT,520.19,521.26,-0.0021,0.0141,0.0141,0.2694
31-AUG-2026,SAKAR,863.35,875.70,-0.0142,0.0314,0.0314,0.5999
31-AUG-2026,SAKHTISUG,21.20,20.71,0.0234,0.0267,0.0267,0.5101
31-AUG-2026,SAKSOFT,155.35,160.64,-0.0335,0.0319,0.0319,0.6094
31-AUG-2026,SAKUMA,1.66,1.71,-0.0297,0.0331,0.0331,0.6324
31-AUG-2026,SALASAR,5.91,5.92,-0.0017,0.0293,0.0293,0.5598
31-AUG-2026,SALONA,266.62,272.99,-0.0236,0.0242,0.0242,0.4623
31-AUG-2026,SALSTEEL,78.80,75.16,0.0473,0.0344,0.0345,0.6591
31-AUG-2026,SALZERELEC,546.44,552.58,-0.0112,0.0299,0.0299,0.5712
31-AUG-2026,SAMBANDAM,116.02,120.08,-0.0344,0.0395,0.0394,0.7527
31-AUG-2026,SAMBHAAV,6.07,6.10,-0.0049,0.0315,0.0314,0.5999
31-AUG-2026,SAMBHV,127.91,127.41,0.0039,0.0245,0.0245,0.4681
31-AUG-2026,SAMHI,156.36,156.02,0.0022,0.0237,0.0237,0.4528
31-AUG-2026,SAMMAANCAP,146.33,145.80,0.0036,0.0261,0.0260,0.4967
31-AUG-2026,SAMPANN,26.06,26.13,-0.0027,0.0307,0.0306,0.5846
31-AUG-2026,SAMYAK,9.95,9.95,0.0000,0.0000,0.0000,0.0000
31-AUG-2026,SANATHAN,452.22,448.65,0.0079,0.0207,0.0207,0.3955
31-AUG-2026,SANDESH,1050.67,1009.56,0.0399,0.0245,0.0246,0.4700
31-AUG-2026,SANDHAR,653.54,649.24,0.0066,0.0273,0.0272,0.5197
31-AUG-2026,SANDUMA,202.39,205.44,-0.0150,0.0295,0.0295,0.5636
31-AUG-2026,SANGAMIND,600.28,603.27,-0.0050,0.0257,0.0257,0.4910
31-AUG-2026,SANGHVIMOV,457.26,444.15,0.0291,0.0330,0.0330,0.6305
31-AUG-2026,SANGINITA,55.97,53.31,0.0487,0.0307,0.0308,0.5884
31-AUG-2026,SANOFI,3124.03,3181.59,-0.0183,0.0125,0.0126,0.2407
31-AUG-2026,SANOFICONR,4140.19,4213.70,-0.0176,0.0180,0.0180,0.3439
31-AUG-2026,SANSERA,4018.39,3859.03,0.0405,0.0245,0.0246,0.4700
31-AUG-2026,SANSTAR,110.36,108.21,0.0197,0.0246,0.0246,0.4700
31-AUG-2026,SANWARIA,0.19,0.20,-0.0513,0.1035,0.1033,1.9735
31-AUG-2026,SAPPHIRE,234.42,231.52,0.0124,0.0274,0.0273,0.5216
31-AUG-2026,SAPPL,276.31,286.42,-0.0359,0.0301,0.0302,0.5770
31-AUG-2026,SARDAEN,498.88,508.25,-0.0186,0.0236,0.0236,0.4509
31-AUG-2026,SAREGAMA,479.92,492.80,-0.0265,0.0265,0.0265,0.5063
31-AUG-2026,SARLAPOLY,100.01,98.82,0.0120,0.0271,0.0271,0.5177
31-AUG-2026,SARVESHWAR,3.36,3.40,-0.0118,0.0282,0.0282,0.5388
31-AUG-2026,SASKEN,1899.28,1901.07,-0.0009,0.0334,0.0333,0.6362
31-AUG-2026,SATIA,56.89,57.76,-0.0152,0.0233,0.0232,0.4432
31-AUG-2026,SATIN,223.99,222.37,0.0073,0.0223,0.0222,0.4241
31-AUG-2026,SATYASHYAM,22.65,22.65,0.0000,0.0000,0.0000,0.0000
31-AUG-2026,SAURASHCEM,55.83,56.33,-0.0089,0.0293,0.0292,0.5579
31-AUG-2026,SAYAJIHOTL,323.38,315.70,0.0240,0.0160,0.0160,0.3057
31-AUG-2026,SAYAJIIND,117.88,115.45,0.0208,0.0334,0.0334,0.6381
31-AUG-2026,SBC,42.15,41.92,0.0055,0.0201,0.0201,0.3840
31-AUG-2026,SBCL,1070.00,1049.21,0.0196,0.0333,0.0333,0.6362
31-AUG-2026,SBFC,98.82,98.70,0.0012,0.0202,0.0201,0.3840
31-AUG-2026,SBGLP,24.16,24.63,-0.0193,0.0298,0.0297,0.5674
31-AUG-2026,SBHL,10.10,10.10,0.0000,0.0020,0.0020,0.0382
31-AUG-2026,SBIBPB,49.29,49.80,-0.0103,0.0135,0.0135,0.2579
31-AUG-2026,SBICARD,644.75,641.05,0.0058,0.0170,0.0169,0.3229
31-AUG-2026,SBIETFCON,122.16,123.36,-0.0098,0.0089,0.0089,0.1700
31-AUG-2026,SBIETFIT,344.14,345.45,-0.0038,0.0155,0.0154,0.2942
31-AUG-2026,SBIETFPB,283.45,283.64,-0.0007,0.0102,0.0101,0.1930
31-AUG-2026,SBIETFQLTY,224.22,224.20,0.0001,0.0094,0.0094,0.1796
31-AUG-2026,SBIFUNDS,577.48,563.80,0.0240,0.0053,0.0055,0.1051
31-AUG-2026,SBILIFE,1740.50,1761.11,-0.0118,0.0132,0.0132,0.2522
31-AUG-2026,SBILIQETF,1054.05,1053.90,0.0001,0.0004,0.0004,0.0076
31-AUG-2026,SBIMIDMOM,64.54,65.00,-0.0071,0.0079,0.0079,0.1509
31-AUG-2026,SBIN,1060.00,1047.47,0.0119,0.0148,0.0148,0.2828
31-AUG-2026,SBINEQWETF,33.45,33.62,-0.0051,0.0098,0.0098,0.1872
31-AUG-2026,SBINMID150,23.50,23.58,-0.0034,0.0057,0.0057,0.1089
31-AUG-2026,SBISILVER,228.47,236.11,-0.0329,0.0313,0.0313,0.5980
31-AUG-2026,SBISMLETF,18.45,18.52,-0.0038,0.0043,0.0043,0.0822
31-AUG-2026,SBIVALETF,15.07,14.80,0.0181,0.0089,0.0090,0.1719
31-AUG-2026,SCANSTL,58.79,60.36,-0.0264,0.0323,0.0322,0.6152
31-AUG-2026,SCHAEFFLER,4014.87,4033.08,-0.0045,0.0183,0.0183,0.3496
31-AUG-2026,SCHAND,137.76,137.96,-0.0015,0.0211,0.0210,0.4012
31-AUG-2026,SCHNEIDER,1219.16,1201.71,0.0144,0.0315,0.0314,0.5999
31-AUG-2026,SCI,289.60,299.04,-0.0321,0.0286,0.0286,0.5464
31-AUG-2026,SCILAL,39.69,40.38,-0.0172,0.0217,0.0217,0.4146
31-AUG-2026,SCODATUBES,128.38,132.58,-0.0322,0.0260,0.0261,0.4986
31-AUG-2026,SCPL,634.15,646.05,-0.0186,0.0337,0.0336,0.6419
31-AUG-2026,SDBL,72.70,73.38,-0.0093,0.0325,0.0324,0.6190
31-AUG-2026,SEAMECLTD,1674.99,1676.58,-0.0009,0.0241,0.0240,0.4585
31-AUG-2026,SECMARK,163.23,151.22,0.0764,0.0382,0.0385,0.7355
31-AUG-2026,SECURKLOUD,17.56,17.40,0.0092,0.0335,0.0334,0.6381
31-AUG-2026,SEDEMAC,3089.46,3010.72,0.0258,0.0193,0.0194,0.3706
31-AUG-2026,SEIL,203.19,206.73,-0.0173,0.0346,0.0345,0.6591
31-AUG-2026,SEITINVIT,124.00,124.00,0.0000,0.0108,0.0108,0.2063
31-AUG-2026,SEJALLTD,710.01,673.35,0.0530,0.0316,0.0318,0.6075
31-AUG-2026,SEKURITIND,114.83,115.48,-0.0056,0.0186,0.0185,0.3534
31-AUG-2026,SELECTIPO,48.90,49.14,-0.0049,0.0105,0.0105,0.2006
31-AUG-2026,SELMC,27.40,27.73,-0.0120,0.0272,0.0272,0.5197
31-AUG-2026,SEMAC,281.95,288.00,-0.0212,0.0334,0.0334,0.6381
31-AUG-2026,SENCO,348.61,354.84,-0.0177,0.0290,0.0289,0.5521
31-AUG-2026,SENORES,1432.81,1482.10,-0.0338,0.0260,0.0260,0.4967
31-AUG-2026,SENSEXADD,79.43,79.74,-0.0039,0.0091,0.0091,0.1739
31-AUG-2026,SENSEXAXIS,80.12,79.96,0.0020,0.0091,0.0091,0.1739
31-AUG-2026,SENSEXBETA,854.31,863.31,-0.0105,0.0087,0.0087,0.1662
31-AUG-2026,SENSEXETF,79.43,79.82,-0.0049,0.0086,0.0085,0.1624
31-AUG-2026,SENSEXIETF,887.04,886.26,0.0009,0.0087,0.0087,0.1662
31-AUG-2026,SEPC,5.44,5.56,-0.0218,0.0361,0.0360,0.6878
31-AUG-2026,SERVOTECH,79.79,80.97,-0.0147,0.0331,0.0331,0.6324
31-AUG-2026,SESHAPAPER,229.32,229.46,-0.0006,0.0200,0.0199,0.3802
31-AUG-2026,SETCO,17.70,17.93,-0.0129,0.0286,0.0286,0.5464
31-AUG-2026,SETF10GILT,264.69,264.28,0.0016,0.0030,0.0030,0.0573
31-AUG-2026,SETFGOLD,131.45,135.02,-0.0268,0.0169,0.0170,0.3248
31-AUG-2026,SETFNIF50,259.76,260.49,-0.0028,0.0078,0.0078,0.1490
31-AUG-2026,SETFNIFBK,590.75,591.60,-0.0014,0.0099,0.0099,0.1891
31-AUG-2026,SETFNN50,787.71,794.87,-0.0090,0.0105,0.0105,0.2006
31-AUG-2026,SETL,369.55,364.21,0.0146,0.0307,0.0307,0.5865
31-AUG-2026,SETUINFRA,0.49,0.48,0.0206,0.0449,0.0448,0.8559
31-AUG-2026,SEYAIND,12.05,12.43,-0.0310,0.0283,0.0283,0.5407
31-AUG-2026,SFL,641.75,637.01,0.0074,0.0233,0.0232,0.4432
31-AUG-2026,SGFIN,688.66,684.57,0.0060,0.0266,0.0266,0.5082
31-AUG-2026,SGIL,603.11,607.69,-0.0076,0.0265,0.0264,0.5044
31-AUG-2026,SGL,10.39,10.08,0.0303,0.0322,0.0322,0.6152
31-AUG-2026,SGLRES,2.37,2.42,-0.0209,0.0064,0.0065,0.1242
31-AUG-2026,SGMART,803.31,789.28,0.0176,0.0254,0.0254,0.4853
31-AUG-2026,SGRL,606.58,543.45,0.1099,0.0338,0.0346,0.6610
31-AUG-2026,SHADOWFAX,258.46,245.38,0.0519,0.0222,0.0225,0.4299
31-AUG-2026,SHAH,3.61,3.74,-0.0354,0.0437,0.0436,0.8330
31-AUG-2026,SHAHALLOYS,107.68,103.14,0.0431,0.0338,0.0338,0.6457
31-AUG-2026,SHAILY,3272.34,3270.37,0.0006,0.0317,0.0316,0.6037
31-AUG-2026,SHAKTIPUMP,486.39,493.53,-0.0146,0.0284,0.0284,0.5426
31-AUG-2026,SHALBY,155.26,154.65,0.0039,0.0223,0.0222,0.4241
31-AUG-2026,SHALPAINTS,80.83,78.63,0.0276,0.0367,0.0367,0.7012
31-AUG-2026,SHANKARA,146.14,146.09,0.0003,0.0283,0.0282,0.5388
31-AUG-2026,SHANKESH,93.21,91.72,0.0161,0.0036,0.0038,0.0726
31-AUG-2026,SHANTI,6.59,6.31,0.0434,0.0292,0.0293,0.5598
31-AUG-2026,SHANTIGEAR,525.49,517.76,0.0148,0.0257,0.0257,0.4910
31-AUG-2026,SHANTIGOLD,246.68,242.28,0.0180,0.0245,0.0244,0.4662
31-AUG-2026,SHARDACROP,766.89,783.75,-0.0217,0.0327,0.0326,0.6228
31-AUG-2026,SHARDAMOTR,883.33,877.18,0.0070,0.0252,0.0252,0.4814
31-AUG-2026,SHARDUL,51.97,52.14,-0.0033,0.0386,0.0385,0.7355
31-AUG-2026,SHAREINDIA,172.70,167.93,0.0280,0.0291,0.0291,0.5560
31-AUG-2026,SHARIABEES,458.69,459.24,-0.0012,0.0082,0.0082,0.1567
31-AUG-2026,SHBAJRG,167.21,171.94,-0.0279,0.0280,0.0280,0.5349
31-AUG-2026,SHEKHAWATI,16.36,15.78,0.0361,0.0389,0.0389,0.7432
31-AUG-2026,SHEMAROO,125.00,126.06,-0.0084,0.0305,0.0305,0.5827
31-AUG-2026,SHERVANI,313.75,327.85,-0.0440,0.0400,0.0400,0.7642
31-AUG-2026,SHILCTECH,4042.72,4083.72,-0.0101,0.0346,0.0345,0.6591
31-AUG-2026,SHILGRAVQ,155.50,170.43,-0.0917,0.0315,0.0321,0.6133
31-AUG-2026,SHILPAMED,949.32,903.81,0.0491,0.0275,0.0276,0.5273
31-AUG-2026,SHINDL,162.78,164.22,-0.0088,0.0215,0.0214,0.4088
31-AUG-2026,SHIPROCKET,138.90,125.40,0.1022,0.0050,0.0088,0.1681
31-AUG-2026,SHIVAAGRO,41.50,41.82,-0.0077,0.0321,0.0321,0.6133
31-AUG-2026,SHIVACEM,16.06,16.54,-0.0294,0.0265,0.0265,0.5063
31-AUG-2026,SHIVALIK,327.51,310.75,0.0525,0.0310,0.0312,0.5961
31-AUG-2026,SHIVAMAUTO,17.67,16.94,0.0422,0.0308,0.0309,0.5903
31-AUG-2026,SHIVAMILLS,62.39,62.02,0.0059,0.0262,0.0261,0.4986
31-AUG-2026,SHIVATEX,181.17,176.40,0.0267,0.0266,0.0266,0.5082
31-AUG-2026,SHIVAUM,446.00,445.00,0.0022,0.0258,0.0258,0.4929
31-AUG-2026,SHK,151.44,152.44,-0.0066,0.0299,0.0299,0.5712
31-AUG-2026,SHOPERSTOP,383.85,382.87,0.0026,0.0238,0.0238,0.4547
31-AUG-2026,SHRADDHA,165.83,162.76,0.0187,0.0245,0.0245,0.4681
31-AUG-2026,SHRADHA,31.84,31.99,-0.0047,0.0363,0.0363,0.6935
31-AUG-2026,SHREDIGCEM,75.03,78.13,-0.0405,0.0214,0.0215,0.4108
31-AUG-2026,SHREECEM,23200.77,24000.00,-0.0339,0.0143,0.0145,0.2770
31-AUG-2026,SHREEJISPG,644.60,652.53,-0.0122,0.0228,0.0227,0.4337
31-AUG-2026,SHREEPUSHK,470.53,451.39,0.0415,0.0324,0.0325,0.6209
31-AUG-2026,SHREERAMA,41.60,42.89,-0.0305,0.0322,0.0322,0.6152
31-AUG-2026,SHREMINVIT,101.00,101.00,0.0000,0.0144,0.0143,0.2732
31-AUG-2026,SHRENIK,0.30,0.30,0.0000,0.0265,0.0265,0.5063
31-AUG-2026,SHREYANIND,125.47,124.97,0.0040,0.0245,0.0245,0.4681
31-AUG-2026,SHRIKRISH,36.61,39.91,-0.0863,0.0427,0.0431,0.8234
31-AUG-2026,SHRINGARMS,219.51,220.17,-0.0030,0.0206,0.0206,0.3936
31-AUG-2026,SHRIPISTON,4609.13,4572.40,0.0080,0.0246,0.0245,0.4681
31-AUG-2026,SHRIRAMFIN,1109.65,1086.88,0.0207,0.0224,0.0223,0.4260
31-AUG-2026,SHRIRAMPPS,77.03,75.97,0.0139,0.0256,0.0256,0.4891
31-AUG-2026,SHRJAGP,632.31,676.73,-0.0679,0.0289,0.0292,0.5579
31-AUG-2026,SHUKRAPHAR,44.39,44.28,0.0025,0.0347,0.0346,0.6610
31-AUG-2026,SHYAMCENT,4.91,4.93,-0.0041,0.0295,0.0294,0.5617
31-AUG-2026,SHYAMMETL,1093.49,1099.79,-0.0057,0.0191,0.0191,0.3649
31-AUG-2026,SHYAMTEL,13.37,13.87,-0.0367,0.0397,0.0397,0.7585
31-AUG-2026,SICAGEN,53.97,54.17,-0.0037,0.0342,0.0342,0.6534
31-AUG-2026,SICALLOG,101.05,104.66,-0.0351,0.0295,0.0296,0.5655
31-AUG-2026,SIEL,33.80,32.80,0.0300,0.0421,0.0420,0.8024
31-AUG-2026,SIEMENS,4030.00,4088.37,-0.0144,0.0202,0.0202,0.3859
31-AUG-2026,SIGACHI,32.62,33.16,-0.0164,0.0327,0.0326,0.6228
31-AUG-2026,SIGIND,70.63,71.74,-0.0156,0.0311,0.0310,0.5923
31-AUG-2026,SIGMA,48.35,47.25,0.0230,0.0337,0.0337,0.6438
31-AUG-2026,SIGMAADV,780.58,777.12,0.0044,0.0374,0.0373,0.7126
31-AUG-2026,SIGNATURE,769.92,779.30,-0.0121,0.0220,0.0220,0.4203
31-AUG-2026,SIGNPOST,254.75,260.13,-0.0209,0.0313,0.0313,0.5980
31-AUG-2026,SIKA,995.81,1018.59,-0.0226,0.0349,0.0348,0.6649
31-AUG-2026,SIKKO,5.02,5.12,-0.0197,0.0350,0.0349,0.6668
31-AUG-2026,SIL,19.15,19.18,-0.0016,0.0259,0.0258,0.4929
31-AUG-2026,SILGO,72.83,75.63,-0.0377,0.0266,0.0267,0.5101
31-AUG-2026,SILINV,489.01,489.93,-0.0019,0.0216,0.0216,0.4127
31-AUG-2026,SILLYMONKS,16.00,16.01,-0.0006,0.0326,0.0325,0.6209
31-AUG-2026,SILVER,233.17,240.61,-0.0314,0.0312,0.0312,0.5961
31-AUG-2026,SILVER001,23.58,24.40,-0.0342,0.0023,0.0033,0.0630
31-AUG-2026,SILVER1,22.64,23.42,-0.0339,0.0319,0.0319,0.6094
31-AUG-2026,SILVER360,229.15,236.33,-0.0309,0.0293,0.0293,0.5598
31-AUG-2026,SILVERADD,22.50,23.19,-0.0302,0.0312,0.0312,0.5961
31-AUG-2026,SILVERAG,227.11,234.83,-0.0334,0.0315,0.0315,0.6018
31-AUG-2026,SILVERAXIS,232.03,238.97,-0.0295,0.0310,0.0310,0.5923
31-AUG-2026,SILVERBEES,223.21,230.42,-0.0318,0.0311,0.0311,0.5942
31-AUG-2026,SILVERBETA,225.15,232.73,-0.0331,0.0313,0.0313,0.5980
31-AUG-2026,SILVERBND,234.30,241.36,-0.0297,0.0294,0.0294,0.5617
31-AUG-2026,SILVERCASE,23.72,24.49,-0.0319,0.0301,0.0302,0.5770
31-AUG-2026,SILVERIETF,233.18,240.53,-0.0310,0.0303,0.0303,0.5789
31-AUG-2026,SILVERTUC,172.28,178.20,-0.0338,0.0291,0.0291,0.5560
31-AUG-2026,SIMBHALS,8.43,8.60,-0.0200,0.0273,0.0273,0.5216
31-AUG-2026,SIMPLEXINF,268.80,277.62,-0.0323,0.0334,0.0334,0.6381
31-AUG-2026,SIMPLXREA,136.68,136.00,0.0050,0.0336,0.0336,0.6419
31-AUG-2026,SINCLAIR,82.27,81.49,0.0095,0.0222,0.0222,0.4241
31-AUG-2026,SINDHUTRAD,24.98,24.99,-0.0004,0.0330,0.0329,0.6286
31-AUG-2026,SINGERIND,76.48,77.26,-0.0101,0.0317,0.0317,0.6056
31-AUG-2026,SINTERCOM,78.81,79.35,-0.0068,0.0280,0.0279,0.5330
31-AUG-2026,SIRCA,434.95,436.30,-0.0031,0.0189,0.0189,0.3611
31-AUG-2026,SIS,428.69,431.00,-0.0054,0.0185,0.0185,0.3534
31-AUG-2026,SITAL,74.13,74.13,0.0000,0.0007,0.0007,0.0134
31-AUG-2026,SITINET,0.29,0.31,-0.0667,0.0733,0.0733,1.4004
31-AUG-2026,SIYSIL,563.55,567.54,-0.0071,0.0264,0.0263,0.5025
31-AUG-2026,SJS,2488.24,2509.47,-0.0085,0.0239,0.0239,0.4566
31-AUG-2026,SJVN,64.71,64.88,-0.0026,0.0215,0.0214,0.4088
31-AUG-2026,SKFINDIA,1553.92,1571.37,-0.0112,0.0145,0.0145,0.2770
31-AUG-2026,SKFINDUS,2983.58,2952.24,0.0106,0.0170,0.0170,0.3248
31-AUG-2026,SKIL,0.83,0.82,0.0121,0.0208,0.0208,0.3974
31-AUG-2026,SKIPPER,541.20,546.21,-0.0092,0.0278,0.0278,0.5311
31-AUG-2026,SKJPL,10.00,10.00,0.0000,0.0000,0.0000,0.0000
31-AUG-2026,SKMEGGPROD,267.83,257.55,0.0391,0.0358,0.0358,0.6840
31-AUG-2026,SKYGOLD,807.08,811.43,-0.0054,0.0325,0.0325,0.6209
31-AUG-2026,SLESHA,10.00,10.00,0.0000,0.0000,0.0000,0.0000
31-AUG-2026,SMALL250,18.44,18.56,-0.0065,0.0091,0.0091,0.1739
31-AUG-2026,SMALLADD,18.53,18.63,-0.0054,0.0101,0.0100,0.1910
31-AUG-2026,SMALLCAP,48.98,49.15,-0.0035,0.0115,0.0114,0.2178
31-AUG-2026,SMALLGROWW,48.98,49.43,-0.0091,0.0047,0.0048,0.0917
31-AUG-2026,SMALLIETF,18.45,18.58,-0.0070,0.0039,0.0040,0.0764
31-AUG-2026,SMARTLINK,216.49,227.01,-0.0474,0.0297,0.0298,0.5693
31-AUG-2026,SMARTWORKS,537.77,538.76,-0.0018,0.0190,0.0189,0.3611
31-AUG-2026,SMCGLOBAL,79.28,79.20,0.0010,0.0265,0.0264,0.5044
31-AUG-2026,SML100CASE,11.34,11.42,-0.0070,0.0094,0.0094,0.1796
31-AUG-2026,SMLMAH,5107.75,5186.16,-0.0152,0.0366,0.0366,0.6992
31-AUG-2026,SMLT,64.60,67.09,-0.0378,0.0289,0.0289,0.5521
31-AUG-2026,SMMIL,2.25,2.25,0.0000,0.0000,0.0000,0.0000
31-AUG-2026,SMSPHARMA,371.85,355.55,0.0448,0.0288,0.0289,0.5521
31-AUG-2026,SNOWMAN,37.30,37.66,-0.0096,0.0242,0.0242,0.4623
31-AUG-2026,SNXT30BEES,42.96,43.13,-0.0039,0.0077,0.0077,0.1471
31-AUG-2026,SNXT50BETA,94.56,96.30,-0.0182,0.0112,0.0112,0.2140
31-AUG-2026,SOBHA,1255.88,1270.20,-0.0113,0.0215,0.0215,0.4108
31-AUG-2026,SOFTTECH,415.58,417.40,-0.0044,0.0288,0.0287,0.5483
31-AUG-2026,SOLARA,632.65,623.37,0.0148,0.0297,0.0297,0.5674
31-AUG-2026,SOLARINDS,20108.00,20399.92,-0.0144,0.0212,0.0212,0.4050
31-AUG-2026,SOLARWORLD,146.67,148.72,-0.0139,0.0256,0.0256,0.4891
31-AUG-2026,SOLEX,739.36,759.64,-0.0271,0.0285,0.0285,0.5445
31-AUG-2026,SOMANYCERA,557.31,564.51,-0.0128,0.0236,0.0236,0.4509
31-AUG-2026,SOMATEX,80.14,77.15,0.0380,0.0350,0.0351,0.6706
31-AUG-2026,SOMICONVEY,91.26,91.55,-0.0032,0.0353,0.0352,0.6725
31-AUG-2026,SONACOMS,813.05,815.00,-0.0024,0.0204,0.0203,0.3878
31-AUG-2026,SONAL,84.51,85.45,-0.0111,0.0384,0.0384,0.7336
31-AUG-2026,SONAMLTD,77.82,73.17,0.0616,0.0305,0.0308,0.5884
31-AUG-2026,SONATSOFTW,292.07,304.61,-0.0420,0.0302,0.0303,0.5789
31-AUG-2026,SOTL,688.47,693.25,-0.0069,0.0303,0.0302,0.5770
31-AUG-2026,SOUTHBANK,45.66,45.37,0.0064,0.0239,0.0239,0.4566
31-AUG-2026,SOUTHWEST,204.91,209.18,-0.0206,0.0327,0.0326,0.6228
31-AUG-2026,SPAL,1050.36,1022.18,0.0272,0.0328,0.0328,0.6266
31-AUG-2026,SPANDANA,240.94,244.33,-0.0140,0.0294,0.0293,0.5598
31-AUG-2026,SPANGLE,10.00,10.00,0.0000,0.0000,0.0000,0.0000
31-AUG-2026,SPARC,199.35,207.70,-0.0410,0.0343,0.0344,0.6572
31-AUG-2026,SPCENET,3.10,3.32,-0.0686,0.0357,0.0359,0.6859
31-AUG-2026,SPECIALITY,140.24,143.88,-0.0256,0.0283,0.0283,0.5407
31-AUG-2026,SPECTRUM,2120.65,2116.90,0.0018,0.0315,0.0314,0.5999
31-AUG-2026,SPELS,147.21,150.81,-0.0242,0.0315,0.0314,0.5999
31-AUG-2026,SPENCERS,29.77,29.87,-0.0034,0.0298,0.0297,0.5674
31-AUG-2026,SPIC,67.74,69.08,-0.0196,0.0246,0.0246,0.4700
31-AUG-2026,SPLIL,32.52,32.99,-0.0143,0.0305,0.0305,0.5827
31-AUG-2026,SPLPETRO,729.05,700.85,0.0394,0.0239,0.0240,0.4585
31-AUG-2026,SPMLINFRA,181.50,179.87,0.0090,0.0319,0.0319,0.6094
31-AUG-2026,SPORTKING,226.98,222.94,0.0180,0.0314,0.0314,0.5999
31-AUG-2026,SRD,39.93,40.24,-0.0077,0.0273,0.0272,0.5197
31-AUG-2026,SREEL,247.80,249.50,-0.0068,0.0204,0.0203,0.3878
31-AUG-2026,SRF,2560.40,2589.98,-0.0115,0.0187,0.0187,0.3573
31-AUG-2026,SRGHFL,259.35,254.90,0.0173,0.0241,0.0241,0.4604
31-AUG-2026,SRHHYPOLTD,501.54,473.93,0.0566,0.0237,0.0239,0.4566
31-AUG-2026,SRIKPRIND,21.13,20.99,0.0066,0.0383,0.0382,0.7298
31-AUG-2026,SRM,451.88,459.29,-0.0163,0.0278,0.0278,0.5311
31-AUG-2026,SRTL,38.54,37.94,0.0157,0.0169,0.0168,0.3210
31-AUG-2026,SSDL,56.44,57.16,-0.0127,0.0249,0.0249,0.4757
31-AUG-2026,SSWL,305.65,295.49,0.0338,0.0231,0.0232,0.4432
31-AUG-2026,STALLION,210.98,213.50,-0.0119,0.0408,0.0407,0.7776
31-AUG-2026,STANLEY,136.58,137.42,-0.0061,0.0259,0.0258,0.4929
31-AUG-2026,STAR,1025.00,1019.91,0.0050,0.0246,0.0245,0.4681
31-AUG-2026,STARCEMENT,184.77,187.79,-0.0162,0.0169,0.0169,0.3229
31-AUG-2026,STARHEALTH,567.75,573.48,-0.0100,0.0153,0.0153,0.2923
31-AUG-2026,STARPAPER,152.42,153.00,-0.0038,0.0174,0.0173,0.3305
31-AUG-2026,STARTECK,253.80,253.63,0.0007,0.0220,0.0220,0.4203
31-AUG-2026,STCINDIA,116.29,116.88,-0.0051,0.0292,0.0291,0.5560
31-AUG-2026,STCL,9.25,9.25,0.0000,0.0000,0.0000,0.0000
31-AUG-2026,STEADFAST,14.90,14.90,0.0000,0.0000,0.0000,0.0000
31-AUG-2026,STEELCAS,349.82,342.28,0.0218,0.0272,0.0272,0.5197
31-AUG-2026,STEELCITY,83.88,84.16,-0.0033,0.0217,0.0217,0.4146
31-AUG-2026,STEELXIND,10.58,10.65,-0.0066,0.0273,0.0272,0.5197
31-AUG-2026,STEL,661.20,636.44,0.0382,0.0292,0.0292,0.5579
31-AUG-2026,STERTOOLS,217.71,219.95,-0.0102,0.0312,0.0312,0.5961
31-AUG-2026,STLNETWORK,28.15,27.28,0.0314,0.0285,0.0285,0.5445
31-AUG-2026,STLSTRINF,19.81,19.76,0.0025,0.0377,0.0376,0.7183
31-AUG-2026,STLTECH,728.45,723.72,0.0065,0.0380,0.0379,0.7241
31-AUG-2026,STOVEKRAFT,849.25,797.49,0.0629,0.0275,0.0278,0.5311
31-AUG-2026,STUDDS,445.00,450.00,-0.0112,0.0166,0.0166,0.3171
31-AUG-2026,STYL,385.80,402.10,-0.0414,0.0238,0.0239,0.4566
31-AUG-2026,STYLAMIND,3464.52,3507.51,-0.0123,0.0230,0.0230,0.4394
31-AUG-2026,STYLEBAAZA,400.88,410.79,-0.0244,0.0345,0.0345,0.6591
31-AUG-2026,STYRENIX,2008.86,2020.79,-0.0059,0.0204,0.0204,0.3897
31-AUG-2026,SUBEXLTD,18.48,18.13,0.0191,0.0331,0.0330,0.6305
31-AUG-2026,SUBROS,717.56,726.16,-0.0119,0.0272,0.0271,0.5177
31-AUG-2026,SUDARCOLOR,385.24,390.35,-0.0132,0.0240,0.0239,0.4566
31-AUG-2026,SUDARSCHEM,1266.81,1256.89,0.0079,0.0260,0.0260,0.4967
31-AUG-2026,SUDEEPPHRM,1209.96,1152.12,0.0490,0.0230,0.0232,0.4432
31-AUG-2026,SUKHJITS,158.74,159.12,-0.0024,0.0266,0.0266,0.5082
31-AUG-2026,SULA,147.23,147.53,-0.0020,0.0205,0.0204,0.3897
31-AUG-2026,SUMEDHA,39.53,39.35,0.0046,0.0273,0.0273,0.5216
31-AUG-2026,SUMEETINDS,12.28,12.68,-0.0321,0.0304,0.0304,0.5808
31-AUG-2026,SUMICHEM,517.41,517.85,-0.0009,0.0234,0.0234,0.4471
31-AUG-2026,SUMIT,50.14,51.72,-0.0310,0.0354,0.0354,0.6763
31-AUG-2026,SUMMITSEC,1426.49,1421.69,0.0034,0.0239,0.0238,0.4547
31-AUG-2026,SUNAYANA,34.00,34.00,0.0000,0.0000,0.0000,0.0000
31-AUG-2026,SUNCLAY,1305.00,1280.50,0.0190,0.0239,0.0239,0.4566
31-AUG-2026,SUNDARAM,1.26,1.27,-0.0079,0.0263,0.0262,0.5006
31-AUG-2026,SUNDARMFIN,4539.99,4574.23,-0.0075,0.0206,0.0206,0.3936
31-AUG-2026,SUNDRMBRAK,769.76,780.45,-0.0138,0.0304,0.0303,0.5789
31-AUG-2026,SUNDRMFAST,1203.96,1199.97,0.0033,0.0168,0.0167,0.3191
31-AUG-2026,SUNDROP,660.10,652.68,0.0113,0.0198,0.0198,0.3783
31-AUG-2026,SUNFLAG,340.29,348.24,-0.0231,0.0287,0.0287,0.5483
31-AUG-2026,SUNLOC,80.71,77.96,0.0347,0.0343,0.0343,0.6553
31-AUG-2026,SUNPHARMA,1984.48,1920.00,0.0330,0.0122,0.0124,0.2369
31-AUG-2026,SUNRAKSHAK,367.60,373.00,-0.0146,0.0229,0.0229,0.4375
31-AUG-2026,SUNSHIEL,1148.02,1181.30,-0.0286,0.0317,0.0317,0.6056
31-AUG-2026,SUNSHINE,455.77,429.74,0.0588,0.0110,0.0117,0.2235
31-AUG-2026,SUNTECK,302.76,305.99,-0.0106,0.0253,0.0252,0.4814
31-AUG-2026,SUNTV,466.14,474.50,-0.0178,0.0193,0.0193,0.3687
31-AUG-2026,SUPERHOUSE,170.60,175.57,-0.0287,0.0255,0.0255,0.4872
31-AUG-2026,SUPERSPIN,6.42,5.96,0.0743,0.0321,0.0324,0.6190
31-AUG-2026,SUPRAJIT,503.50,505.21,-0.0034,0.0198,0.0197,0.3764
31-AUG-2026,SUPREME,37.84,38.78,-0.0245,0.0330,0.0329,0.6286
31-AUG-2026,SUPREMEENG,2.83,2.78,0.0178,0.0294,0.0293,0.5598
31-AUG-2026,SUPREMEIND,3559.00,3636.97,-0.0217,0.0186,0.0186,0.3554
31-AUG-2026,SUPREMEINF,83.78,83.25,0.0063,0.0325,0.0324,0.6190
31-AUG-2026,SUPRIYA,798.33,804.14,-0.0073,0.0309,0.0309,0.5903
31-AUG-2026,SUPTANERY,14.93,14.16,0.0530,0.0387,0.0388,0.7413
31-AUG-2026,SURAJEST,191.01,198.68,-0.0394,0.0267,0.0267,0.5101
31-AUG-2026,SURAJLTD,202.07,210.17,-0.0393,0.0258,0.0259,0.4948
31-AUG-2026,SURAKSHA,338.54,340.03,-0.0044,0.0216,0.0216,0.4127
31-AUG-2026,SURANASOL,26.83,25.75,0.0411,0.0269,0.0270,0.5158
31-AUG-2026,SURANAT&P,16.36,16.47,-0.0067,0.0264,0.0263,0.5025
31-AUG-2026,SURYALA,378.00,378.60,-0.0016,0.0293,0.0292,0.5579
31-AUG-2026,SURYALAXMI,60.05,58.05,0.0339,0.0283,0.0284,0.5426
31-AUG-2026,SURYAROSNI,219.71,220.45,-0.0034,0.0266,0.0265,0.5063
31-AUG-2026,SURYODAY,154.69,154.26,0.0028,0.0268,0.0267,0.5101
31-AUG-2026,SUTLEJTEX,40.07,39.30,0.0194,0.0270,0.0269,0.5139
31-AUG-2026,SUVEN,392.07,364.95,0.0717,0.0374,0.0376,0.7183
31-AUG-2026,SUVIDHAA,2.19,2.29,-0.0447,0.0297,0.0298,0.5693
31-AUG-2026,SUYOG,740.72,745.30,-0.0062,0.0285,0.0284,0.5426
31-AUG-2026,SUZLON,47.52,46.79,0.0155,0.0233,0.0233,0.4451
31-AUG-2026,SVGLOBAL,137.65,129.16,0.0637,0.0402,0.0403,0.7699
31-AUG-2026,SVLL,815.55,785.00,0.0382,0.0289,0.0289,0.5521
31-AUG-2026,SVPGLOB,3.62,3.74,-0.0326,0.0326,0.0326,0.6228
31-AUG-2026,SWANCORP,293.30,298.15,-0.0164,0.0253,0.0253,0.4834
31-AUG-2026,SWANDEF,2446.26,2452.90,-0.0027,0.0247,0.0246,0.4700
31-AUG-2026,SWARAJ,365.09,366.40,-0.0036,0.0031,0.0031,0.0592
31-AUG-2026,SWARAJENG,3569.80,3544.69,0.0071,0.0177,0.0176,0.3362
31-AUG-2026,SWARNSAR,35.29,34.40,0.0255,0.0311,0.0310,0.5923
31-AUG-2026,SWELECTES,588.56,589.92,-0.0023,0.0299,0.0298,0.5693
31-AUG-2026,SWIGGY,281.90,280.50,0.0050,0.0243,0.0242,0.4623
31-AUG-2026,SWISSMLTRY,16.29,16.97,-0.0409,0.0298,0.0299,0.5712
31-AUG-2026,SWSOLAR,189.34,195.38,-0.0314,0.0280,0.0280,0.5349
31-AUG-2026,SYMPHONY,586.45,591.15,-0.0080,0.0203,0.0202,0.3859
31-AUG-2026,SYNCOMF,19.49,19.46,0.0015,0.0278,0.0277,0.5292
31-AUG-2026,SYNGENE,400.76,403.40,-0.0066,0.0200,0.0199,0.3802
31-AUG-2026,SYRMA,1437.01,1474.29,-0.0256,0.0277,0.0277,0.5292
31-AUG-2026,SYSTMTXC,57.90,57.20,0.0122,0.0310,0.0310,0.5923
31-AUG-2026,TAALTECH,4518.30,4567.26,-0.0108,0.0283,0.0282,0.5388
31-AUG-2026,TAINWALCHM,209.94,213.00,-0.0145,0.0335,0.0334,0.6381
31-AUG-2026,TAJGVK,335.64,339.99,-0.0129,0.0242,0.0241,0.4604
31-AUG-2026,TAKE,15.34,16.14,-0.0508,0.0314,0.0315,0.6018
31-AUG-2026,TALBROAUTO,411.39,401.36,0.0247,0.0266,0.0265,0.5063
31-AUG-2026,TAMBOLIIN,255.93,259.43,-0.0136,0.0294,0.0293,0.5598
31-AUG-2026,TANAA,289.97,292.55,-0.0089,0.0311,0.0310,0.5923
31-AUG-2026,TANLA,530.14,544.16,-0.0261,0.0289,0.0288,0.5502
31-AUG-2026,TARACHAND,47.88,48.22,-0.0071,0.0299,0.0298,0.5693
31-AUG-2026,TARANGINI,1.00,1.00,0.0000,0.0000,0.0000,0.0000
31-AUG-2026,TARAPUR,13.43,14.45,-0.0732,0.0329,0.0332,0.6343
31-AUG-2026,TARC,118.43,117.90,0.0045,0.0265,0.0265,0.5063
31-AUG-2026,TARIL,313.79,303.46,0.0335,0.0350,0.0349,0.6668
31-AUG-2026,TARINIENT,33.50,33.50,0.0000,0.0949,0.0947,1.8092
31-AUG-2026,TARMAT,61.35,58.37,0.0498,0.0330,0.0331,0.6324
31-AUG-2026,TARSONS,331.62,332.24,-0.0019,0.0318,0.0317,0.6056
31-AUG-2026,TASTYBITE,10139.11,10073.03,0.0065,0.0234,0.0233,0.4451
31-AUG-2026,TATACAP,367.90,375.70,-0.0210,0.0140,0.0140,0.2675
31-AUG-2026,TATACHEM,642.99,655.79,-0.0197,0.0183,0.0183,0.3496
31-AUG-2026,TATACOMM,1723.39,1694.70,0.0168,0.0199,0.0199,0.3802
31-AUG-2026,TATACONSUM,1037.50,1040.70,-0.0031,0.0149,0.0149,0.2847
31-AUG-2026,TATAELXSI,3578.73,3684.83,-0.0292,0.0198,0.0198,0.3783
31-AUG-2026,TATAGOLD,14.96,15.36,-0.0264,0.0170,0.0171,0.3267
31-AUG-2026,TATAINVEST,642.24,638.76,0.0054,0.0236,0.0235,0.4490
31-AUG-2026,TATAPOWER,347.00,351.84,-0.0139,0.0148,0.0148,0.2828
31-AUG-2026,TATASTEEL,184.34,186.49,-0.0116,0.0167,0.0167,0.3191
31-AUG-2026,TATATECH,831.04,834.35,-0.0040,0.0208,0.0207,0.3955
31-AUG-2026,TATSILV,22.62,23.37,-0.0326,0.0320,0.0320,0.6114
31-AUG-2026,TATVA,1626.70,1630.19,-0.0021,0.0313,0.0312,0.5961
31-AUG-2026,TBOTEK,1745.10,1682.63,0.0365,0.0240,0.0241,0.4604
31-AUG-2026,TBZ,305.68,301.71,0.0131,0.0375,0.0374,0.7145
31-AUG-2026,TCC,225.53,223.27,0.0101,0.0294,0.0294,0.5617
31-AUG-2026,TCI,867.99,888.08,-0.0229,0.0188,0.0188,0.3592
31-AUG-2026,TCIEXP,547.54,555.79,-0.0150,0.0252,0.0252,0.4814
31-AUG-2026,TCIFINANCE,15.22,15.24,-0.0013,0.0388,0.0387,0.7394
31-AUG-2026,TCPLPACK,3907.99,3821.65,0.0223,0.0291,0.0291,0.5560
31-AUG-2026,TCS,2398.94,2342.07,0.0240,0.0175,0.0176,0.3362
31-AUG-2026,TDPOWERSYS,776.99,752.70,0.0318,0.0334,0.0334,0.6381
31-AUG-2026,TEAMGTY,242.08,240.33,0.0073,0.0326,0.0325,0.6209
31-AUG-2026,TEAMLEASE,1283.51,1272.70,0.0085,0.0174,0.0174,0.3324
31-AUG-2026,TECH,33.85,34.05,-0.0059,0.0156,0.0156,0.2980
31-AUG-2026,TECHM,1628.00,1640.86,-0.0079,0.0175,0.0175,0.3343
31-AUG-2026,TECHNOCRAF,369.02,373.83,-0.0130,0.0068,0.0068,0.1299
31-AUG-2026,TECHNOE,982.08,1025.50,-0.0433,0.0274,0.0275,0.5254
31-AUG-2026,TECHNVISN,5248.65,5373.70,-0.0235,0.0361,0.0360,0.6878
31-AUG-2026,TECILCHEM,9.43,9.57,-0.0147,0.0669,0.0668,1.2762
31-AUG-2026,TEGA,1586.32,1658.61,-0.0446,0.0223,0.0225,0.4299
31-AUG-2026,TEJASNET,559.75,550.20,0.0172,0.0342,0.0342,0.6534
31-AUG-2026,TEMBO,58.05,58.20,-0.0026,0.0284,0.0283,0.5407
31-AUG-2026,TEMPSENS,563.59,586.66,-0.0401,0.0000,0.0028,0.0535
31-AUG-2026,TENNIND,529.40,537.53,-0.0152,0.0182,0.0182,0.3477
31-AUG-2026,TERAI,122.50,129.95,-0.0590,0.0390,0.0391,0.7470
31-AUG-2026,TERASOFT,287.01,297.75,-0.0367,0.0333,0.0333,0.6362
31-AUG-2026,TEXINFRA,111.23,111.39,-0.0014,0.0210,0.0210,0.4012
31-AUG-2026,TEXMOPIPES,45.61,46.24,-0.0137,0.0268,0.0268,0.5120
31-AUG-2026,TEXRAIL,108.95,109.44,-0.0045,0.0288,0.0287,0.5483
31-AUG-2026,TFCILTD,139.92,140.54,-0.0044,0.0310,0.0309,0.5903
31-AUG-2026,TFL,11.93,12.46,-0.0435,0.0343,0.0344,0.6572
31-AUG-2026,TGBHOTELS,9.84,9.45,0.0404,0.0268,0.0269,0.5139
31-AUG-2026,TGVSL,104.40,105.18,-0.0074,0.0232,0.0232,0.4432
31-AUG-2026,THACKER,990.00,999.60,-0.0097,0.0406,0.0405,0.7738
31-AUG-2026,THAKDEV,149.97,140.58,0.0647,0.0410,0.0411,0.7852
31-AUG-2026,THANGAMAYL,5411.99,5440.48,-0.0053,0.0356,0.0355,0.6782
31-AUG-2026,THEINVEST,95.36,95.01,0.0037,0.0290,0.0289,0.5521
31-AUG-2026,THEJO,2076.60,2060.60,0.0077,0.0232,0.0231,0.4413
31-AUG-2026,THELEELA,570.44,555.20,0.0271,0.0171,0.0172,0.3286
31-AUG-2026,THEMISMED,124.75,125.48,-0.0058,0.0351,0.0350,0.6687
31-AUG-2026,THERMAX,3901.59,3944.18,-0.0109,0.0236,0.0235,0.4490
31-AUG-2026,THOMASCOOK,107.91,108.43,-0.0048,0.0292,0.0291,0.5560
31-AUG-2026,THOMASCOTT,271.40,277.41,-0.0219,0.0376,0.0376,0.7183
31-AUG-2026,THYROCARE,604.35,584.37,0.0336,0.0256,0.0256,0.4891
31-AUG-2026,TI,561.06,567.22,-0.0109,0.0256,0.0256,0.4891
31-AUG-2026,TICL,8.65,9.09,-0.0496,0.0354,0.0355,0.6782
31-AUG-2026,TIGERLOGS,28.26,29.46,-0.0416,0.0345,0.0345,0.6591
31-AUG-2026,TIIL,3281.88,3292.71,-0.0033,0.0266,0.0265,0.5063
31-AUG-2026,TIINDIA,2780.00,2840.02,-0.0214,0.0222,0.0222,0.4241
31-AUG-2026,TIJARIA,6.21,6.02,0.0311,0.0392,0.0391,0.7470
31-AUG-2026,TIL,235.59,239.12,-0.0149,0.0360,0.0359,0.6859
31-AUG-2026,TIMETECHNO,187.19,186.28,0.0049,0.0255,0.0254,0.4853
31-AUG-2026,TIMEX,679.52,653.69,0.0388,0.0322,0.0323,0.6171
31-AUG-2026,TIMKEN,3149.57,3149.87,-0.0001,0.0189,0.0188,0.3592
31-AUG-2026,TINNARUBR,997.14,996.11,0.0010,0.0316,0.0315,0.6018
31-AUG-2026,TIPSFILMS,335.84,333.83,0.0060,0.0338,0.0337,0.6438
31-AUG-2026,TIPSMUSIC,643.81,648.05,-0.0066,0.0252,0.0252,0.4814
31-AUG-2026,TIRUMALCHM,160.06,160.31,-0.0016,0.0289,0.0289,0.5521
31-AUG-2026,TIRUPATIFL,68.99,69.78,-0.0114,0.0352,0.0351,0.6706
31-AUG-2026,TITAGARH,818.12,835.32,-0.0208,0.0252,0.0252,0.4814
31-AUG-2026,TITAN,5102.40,5169.01,-0.0130,0.0147,0.0147,0.2808
31-AUG-2026,TMB,932.60,886.04,0.0512,0.0217,0.0219,0.4184
31-AUG-2026,TMCV,471.09,466.30,0.0102,0.0192,0.0192,0.3668
31-AUG-2026,TMPV,308.85,319.36,-0.0335,0.0196,0.0197,0.3764
31-AUG-2026,TNIDETF,91.30,91.78,-0.0052,0.0115,0.0115,0.2197
31-AUG-2026,TNPETRO,120.76,111.36,0.0810,0.0215,0.0222,0.4241
31-AUG-2026,TNPL,140.86,141.22,-0.0026,0.0203,0.0202,0.3859
31-AUG-2026,TNTELE,8.92,8.95,-0.0034,0.0321,0.0321,0.6133
31-AUG-2026,TOKYOPLAST,77.09,77.24,-0.0019,0.0303,0.0302,0.5770
31-AUG-2026,TOLINS,94.58,95.00,-0.0044,0.0267,0.0266,0.5082
31-AUG-2026,TOP100CASE,10.60,10.67,-0.0066,0.0080,0.0080,0.1528
31-AUG-2026,TOP10ADD,87.60,88.08,-0.0055,0.0087,0.0087,0.1662
31-AUG-2026,TOP15IETF,9.82,9.94,-0.0121,0.0074,0.0074,0.1414
31-AUG-2026,TOP20,8.95,8.98,-0.0033,0.0072,0.0072,0.1376
31-AUG-2026,TORNTPHARM,5065.89,5049.63,0.0032,0.0142,0.0142,0.2713
31-AUG-2026,TORNTPOWER,1215.07,1217.71,-0.0022,0.0208,0.0207,0.3955
31-AUG-2026,TOTAL,68.64,69.52,-0.0127,0.0321,0.0320,0.6114
31-AUG-2026,TOUCHWOOD,59.13,60.69,-0.0260,0.0271,0.0271,0.5177
31-AUG-2026,TOYAMSL,0.63,0.63,0.0000,0.0296,0.0296,0.5655
31-AUG-2026,TPHQ,0.55,0.53,0.0370,0.0371,0.0371,0.7088
31-AUG-2026,TPLPLASTEH,71.53,73.41,-0.0259,0.0296,0.0296,0.5655
31-AUG-2026,TRACXN,30.14,29.77,0.0124,0.0253,0.0253,0.4834
31-AUG-2026,TRANSCOR,25.89,24.92,0.0382,0.0306,0.0307,0.5865
31-AUG-2026,TRANSGLOB,735.00,735.00,0.0000,0.0004,0.0004,0.0076
31-AUG-2026,TRANSPEK,1438.12,1370.15,0.0484,0.0287,0.0288,0.5502
31-AUG-2026,TRANSRAILL,437.90,452.75,-0.0333,0.0238,0.0238,0.4547
31-AUG-2026,TRANSWORLD,173.38,176.89,-0.0200,0.0853,0.0851,1.6258
31-AUG-2026,TRAVELFOOD,1299.54,1297.69,0.0014,0.0175,0.0175,0.3343
31-AUG-2026,TREEHOUSE,6.28,6.27,0.0016,0.0292,0.0292,0.5579
31-AUG-2026,TREJHARA,147.10,144.20,0.0199,0.0301,0.0301,0.5751
31-AUG-2026,TREL,26.85,27.18,-0.0122,0.0243,0.0242,0.4623
31-AUG-2026,TRENT,2879.90,2898.01,-0.0063,0.0226,0.0225,0.4299
31-AUG-2026,TRF,227.55,229.48,-0.0084,0.0269,0.0268,0.5120
31-AUG-2026,TRIDENT,24.18,24.32,-0.0058,0.0197,0.0196,0.3745
31-AUG-2026,TRIGYN,60.75,62.84,-0.0338,0.0307,0.0307,0.5865
31-AUG-2026,TRITONV,1138.57,1148.94,-0.0091,0.0282,0.0281,0.5368
31-AUG-2026,TRITURBINE,578.16,580.30,-0.0037,0.0262,0.0261,0.4986
31-AUG-2026,TRIVENI,295.64,282.57,0.0452,0.0247,0.0248,0.4738
31-AUG-2026,TRU,4.06,4.12,-0.0147,0.0311,0.0311,0.5942
31-AUG-2026,TRUALT,429.58,434.12,-0.0105,0.0209,0.0209,0.3993
31-AUG-2026,TSFINV,401.20,407.20,-0.0148,0.0271,0.0270,0.5158
31-AUG-2026,TTKHLTCARE,1159.74,1134.28,0.0222,0.0190,0.0190,0.3630
31-AUG-2026,TTKPRESTIG,583.81,593.73,-0.0168,0.0213,0.0213,0.4069
31-AUG-2026,TTL,6.64,6.66,-0.0030,0.0261,0.0261,0.4986
31-AUG-2026,TTML,38.58,38.85,-0.0070,0.0266,0.0266,0.5082
31-AUG-2026,TURTLEMINT,144.12,152.72,-0.0580,0.0161,0.0166,0.3171
31-AUG-2026,TUTIALKA,58.67,59.81,-0.0192,0.0301,0.0300,0.5731
31-AUG-2026,TVSELECT,428.43,437.41,-0.0207,0.0326,0.0325,0.6209
31-AUG-2026,TVSHLTD,13233.84,13450.04,-0.0162,0.0195,0.0195,0.3725
31-AUG-2026,TVSINVIT,119.00,119.00,0.0000,0.0036,0.0036,0.0688
31-AUG-2026,TVSMOTOR,4341.29,4304.19,0.0086,0.0177,0.0177,0.3382
31-AUG-2026,TVSSCS,127.09,131.58,-0.0347,0.0253,0.0254,0.4853
31-AUG-2026,TVSSRICHAK,5519.54,5292.21,0.0421,0.0252,0.0253,0.4834
31-AUG-2026,TVTODAY,114.16,112.04,0.0187,0.0197,0.0197,0.3764
31-AUG-2026,TVVISION,3.66,3.67,-0.0027,0.0345,0.0345,0.6591
31-AUG-2026,TWCGOLDETF,153.55,157.60,-0.0260,0.0145,0.0146,0.2789
31-AUG-2026,UBL,1308.59,1334.25,-0.0194,0.0139,0.0140,0.2675
31-AUG-2026,UCAL,150.21,156.28,-0.0396,0.0283,0.0284,0.5426
31-AUG-2026,UCOBANK,24.89,25.48,-0.0234,0.0202,0.0203,0.3878
31-AUG-2026,UDAYJEW,138.58,139.70,-0.0080,0.0250,0.0250,0.4776
31-AUG-2026,UDDHAV,10.00,10.00,0.0000,0.0000,0.0000,0.0000
31-AUG-2026,UDS,224.73,222.48,0.0101,0.0259,0.0258,0.4929
31-AUG-2026,UEL,202.11,194.02,0.0409,0.0458,0.0458,0.8750
31-AUG-2026,UFBL,727.59,763.66,-0.0484,0.0375,0.0376,0.7183
31-AUG-2026,UFLEX,649.08,634.35,0.0230,0.0261,0.0261,0.4986
31-AUG-2026,UFO,66.35,66.49,-0.0021,0.0239,0.0239,0.4566
31-AUG-2026,UGARSUGAR,55.58,54.15,0.0261,0.0262,0.0262,0.5006
31-AUG-2026,UGROCAP,87.06,86.96,0.0011,0.0255,0.0254,0.4853
31-AUG-2026,UJJIVANSFB,69.11,67.85,0.0184,0.0238,0.0238,0.4547
31-AUG-2026,ULL,10.00,10.00,0.0000,0.0000,0.0000,0.0000
31-AUG-2026,ULTRACEMCO,11450.05,11588.95,-0.0121,0.0145,0.0145,0.2770
31-AUG-2026,ULTRAMAR,442.76,411.22,0.0739,0.0226,0.0232,0.4432
31-AUG-2026,UMAEXPORTS,26.21,26.74,-0.0200,0.0332,0.0332,0.6343
31-AUG-2026,UMESLTD,5.45,5.31,0.0260,0.0340,0.0340,0.6496
31-AUG-2026,UMIYA-MRO,96.12,94.64,0.0155,0.0286,0.0285,0.5445
31-AUG-2026,UNICHEMLAB,556.54,564.24,-0.0137,0.0316,0.0315,0.6018
31-AUG-2026,UNIDT,215.51,215.29,0.0010,0.0249,0.0248,0.4738
31-AUG-2026,UNIECOM,89.36,87.12,0.0254,0.0267,0.0267,0.5101
31-AUG-2026,UNIENTER,93.51,94.10,-0.0063,0.0213,0.0213,0.4069
31-AUG-2026,UNIINFO,11.18,10.97,0.0190,0.0317,0.0316,0.6037
31-AUG-2026,UNIMECH,1490.22,1503.08,-0.0086,0.0286,0.0286,0.5464
31-AUG-2026,UNIONBANK,188.62,185.99,0.0140,0.0216,0.0215,0.4108
31-AUG-2026,UNIONGOLD,150.60,155.30,-0.0307,0.0177,0.0178,0.3401
31-AUG-2026,UNIPARTS,893.43,873.29,0.0228,0.0245,0.0245,0.4681
31-AUG-2026,UNITDSPR,1490.00,1509.59,-0.0131,0.0151,0.0151,0.2885
31-AUG-2026,UNITECH,3.81,3.90,-0.0233,0.0328,0.0328,0.6266
31-AUG-2026,UNITEDPOLY,37.58,38.80,-0.0319,0.0314,0.0315,0.6018
31-AUG-2026,UNITEDTEA,452.25,454.00,-0.0039,0.0183,0.0183,0.3496
31-AUG-2026,UNIVAFOODS,9.03,8.85,0.0201,0.0816,0.0814,1.5551
31-AUG-2026,UNIVASTU,157.25,160.48,-0.0203,0.0294,0.0294,0.5617
31-AUG-2026,UNIVCABLES,1648.41,1693.19,-0.0268,0.0363,0.0363,0.6935
31-AUG-2026,UNIVPHOTO,449.55,456.05,-0.0144,0.0311,0.0310,0.5923
31-AUG-2026,UNOMINDA,1276.00,1275.99,0.0000,0.0208,0.0208,0.3974
31-AUG-2026,UPHOT,1461.80,1433.37,0.0196,0.0059,0.0060,0.1146
31-AUG-2026,UPL,562.25,571.00,-0.0154,0.0203,0.0203,0.3878
31-AUG-2026,URAVIDEF,113.35,107.92,0.0491,0.0269,0.0270,0.5158
31-AUG-2026,URBANCO,167.11,168.41,-0.0077,0.0236,0.0235,0.4490
31-AUG-2026,URJA,9.16,9.19,-0.0033,0.0260,0.0260,0.4967
31-AUG-2026,USHAMART,498.95,492.46,0.0131,0.0218,0.0218,0.4165
31-AUG-2026,USK,21.10,21.54,-0.0206,0.0277,0.0277,0.5292
31-AUG-2026,UTIAMC,870.59,887.71,-0.0195,0.0194,0.0194,0.3706
31-AUG-2026,UTKARSHBNK,15.06,14.68,0.0256,0.0264,0.0264,0.5044
31-AUG-2026,UTLSOLAR,461.04,449.55,0.0252,0.0237,0.0237,0.4528
31-AUG-2026,UTSAV,590.10,590.10,0.0000,0.0007,0.0007,0.0134
31-AUG-2026,UTTAMSUGAR,312.08,299.54,0.0410,0.0269,0.0270,0.5158
31-AUG-2026,UYFINCORP,19.52,19.84,-0.0163,0.0290,0.0289,0.5521
31-AUG-2026,V2RETAIL,222.69,221.31,0.0062,0.0256,0.0255,0.4872
31-AUG-2026,VADILALIND,7672.00,7900.07,-0.0293,0.0265,0.0265,0.5063
31-AUG-2026,VADILENT,10553.86,11186.23,-0.0582,0.0226,0.0229,0.4375
31-AUG-2026,VAIBHAVGBL,219.10,221.52,-0.0110,0.0263,0.0262,0.5006
31-AUG-2026,VAISHALI,8.06,8.31,-0.0305,0.0310,0.0310,0.5923
31-AUG-2026,VAKRANGEE,5.82,5.89,-0.0120,0.0273,0.0273,0.5216
31-AUG-2026,VAL30IETF,15.08,15.16,-0.0053,0.0102,0.0102,0.1949
31-AUG-2026,VALIANTLAB,96.34,100.14,-0.0387,0.0296,0.0297,0.5674
31-AUG-2026,VALIANTORG,290.64,297.37,-0.0229,0.0325,0.0324,0.6190
31-AUG-2026,VALUE,16.08,16.15,-0.0043,0.0059,0.0059,0.1127
31-AUG-2026,VALUEAXIS,32.68,32.82,-0.0043,0.0095,0.0095,0.1815
31-AUG-2026,VAML,435.15,456.15,-0.0471,0.0103,0.0108,0.2063
31-AUG-2026,VARDHACRLC,43.41,44.50,-0.0248,0.0244,0.0244,0.4662
31-AUG-2026,VARDMNPOLY,5.97,5.96,0.0017,0.0323,0.0322,0.6152
31-AUG-2026,VARROC,862.00,821.77,0.0478,0.0232,0.0234,0.4471
31-AUG-2026,VASCONEQ,30.37,30.98,-0.0199,0.0318,0.0317,0.6056
31-AUG-2026,VASUPRADA,97.00,94.50,0.0261,0.0286,0.0286,0.5464
31-AUG-2026,VASWANI,48.91,48.98,-0.0014,0.0319,0.0319,0.6094
31-AUG-2026,VBL,400.50,414.00,-0.0332,0.0196,0.0197,0.3764
31-AUG-2026,VCL,1.92,2.02,-0.0508,0.0355,0.0356,0.6801
31-AUG-2026,VEDAVAAG,18.40,18.35,0.0027,0.0278,0.0277,0.5292
31-AUG-2026,VEDL,278.20,287.92,-0.0343,0.0228,0.0228,0.4356
31-AUG-2026,VEDPOWER,35.18,36.64,-0.0407,0.0151,0.0153,0.2923
31-AUG-2026,VEEDOL,1472.70,1495.55,-0.0154,0.0165,0.0165,0.3152
31-AUG-2026,VELJAN,1802.00,1806.63,-0.0026,0.0320,0.0319,0.6094
31-AUG-2026,VENKEYS,1702.03,1571.96,0.0795,0.0221,0.0228,0.4356
31-AUG-2026,VENTIVE,591.20,587.10,0.0070,0.0182,0.0182,0.3477
31-AUG-2026,VENUSPIPES,1643.05,1634.41,0.0053,0.0272,0.0271,0.5177
31-AUG-2026,VENUSREM,1663.55,1626.67,0.0224,0.0330,0.0330,0.6305
31-AUG-2026,VERANDA,249.38,240.64,0.0357,0.0339,0.0339,0.6477
31-AUG-2026,VERTIS,115.50,115.75,-0.0022,0.0089,0.0089,0.1700
31-AUG-2026,VERTOZ,38.21,39.30,-0.0281,0.0318,0.0318,0.6075
31-AUG-2026,VESUVIUS,407.79,421.56,-0.0332,0.0212,0.0213,0.4069
31-AUG-2026,VETO,125.40,126.12,-0.0057,0.0252,0.0251,0.4795
31-AUG-2026,VGCL,57.88,57.65,0.0040,0.0090,0.0090,0.1719
31-AUG-2026,VGL,59.19,58.22,0.0165,0.0315,0.0314,0.5999
31-AUG-2026,VGUARD,346.33,333.25,0.0385,0.0162,0.0164,0.3133
31-AUG-2026,VHL,3549.20,3506.90,0.0120,0.0217,0.0217,0.4146
31-AUG-2026,VHLTD,116.30,117.94,-0.0140,0.0190,0.0190,0.3630
31-AUG-2026,VIDHIING,354.54,355.70,-0.0033,0.0234,0.0233,0.4451
31-AUG-2026,VIDYAWIRES,90.27,90.07,0.0022,0.0242,0.0242,0.4623
31-AUG-2026,VIJAYA,1518.45,1452.47,0.0444,0.0233,0.0234,0.4471
31-AUG-2026,VIJIFIN,15.45,15.15,0.0196,0.0343,0.0342,0.6534
31-AUG-2026,VIJSOLX,680.00,690.00,-0.0146,0.0305,0.0304,0.5808
31-AUG-2026,VIKASECO,1.12,1.14,-0.0177,0.0260,0.0260,0.4967
31-AUG-2026,VIKASLIFE,1.30,1.35,-0.0377,0.0250,0.0251,0.4795
31-AUG-2026,VIKRAMSOLR,168.70,172.71,-0.0235,0.0255,0.0255,0.4872
31-AUG-2026,VIKRAN,58.76,59.39,-0.0107,0.0268,0.0267,0.5101
31-AUG-2026,VIMTALABS,643.49,617.69,0.0409,0.0330,0.0330,0.6305
31-AUG-2026,VINATIORGA,1329.87,1325.19,0.0035,0.0155,0.0155,0.2961
31-AUG-2026,VINCOFE,185.77,177.96,0.0430,0.0263,0.0264,0.5044
31-AUG-2026,VINDHYATEL,2535.96,2585.70,-0.0194,0.0353,0.0352,0.6725
31-AUG-2026,VINEETLAB,38.86,38.67,0.0049,0.0292,0.0291,0.5560
31-AUG-2026,VINNY,1.05,1.05,0.0000,0.0272,0.0272,0.5197
31-AUG-2026,VINYLINDIA,232.61,234.28,-0.0072,0.0255,0.0254,0.4853
31-AUG-2026,VIPCLOTHNG,20.10,20.37,-0.0133,0.0302,0.0301,0.5751
31-AUG-2026,VIPIND,306.50,305.80,0.0023,0.0241,0.0240,0.4585
31-AUG-2026,VIPULLTD,15.15,15.45,-0.0196,0.0357,0.0357,0.6820
31-AUG-2026,VIRAT,450.52,464.68,-0.0309,0.0382,0.0382,0.7298
31-AUG-2026,VIRINCHI,14.66,14.98,-0.0216,0.0265,0.0265,0.5063
31-AUG-2026,VIRTUALG,0.49,0.53,-0.0785,0.0340,0.0343,0.6553
31-AUG-2026,VISACHROME,41.67,39.07,0.0644,0.0314,0.0317,0.6056
31-AUG-2026,VISAKAIND,88.53,89.65,-0.0126,0.0262,0.0262,0.5006
31-AUG-2026,VISHAL,19.26,18.70,0.0295,0.0322,0.0322,0.6152
31-AUG-2026,VISHNU,652.16,652.16,0.0000,0.0222,0.0222,0.4241
31-AUG-2026,VISHWARAJ,6.09,6.04,0.0082,0.0281,0.0281,0.5368
31-AUG-2026,VISISTH,5.25,5.25,0.0000,0.0003,0.0003,0.0057
31-AUG-2026,VISL,36.83,38.59,-0.0467,0.0201,0.0203,0.3878
31-AUG-2026,VITAL,53.06,55.48,-0.0446,0.0192,0.0194,0.3706
31-AUG-2026,VIVIANA,727.55,728.40,-0.0012,0.0125,0.0125,0.2388
31-AUG-2026,VIVIDHA,0.50,0.52,-0.0392,0.0309,0.0309,0.5903
31-AUG-2026,VIVIMEDLAB,6.93,7.07,-0.0200,0.0819,0.0817,1.5609
31-AUG-2026,VIVOBIOT,18.55,18.14,0.0224,0.0289,0.0288,0.5502
31-AUG-2026,VIYASH,263.60,267.39,-0.0143,0.0284,0.0283,0.5407
31-AUG-2026,VLEGOV,10.40,10.80,-0.0377,0.0371,0.0371,0.7088
31-AUG-2026,VLSFINANCE,243.16,243.75,-0.0024,0.0237,0.0236,0.4509
31-AUG-2026,VMART,847.49,819.68,0.0334,0.0240,0.0241,0.4604
31-AUG-2026,VMM,110.62,107.00,0.0333,0.0194,0.0195,0.3725
31-AUG-2026,VMSTMT,45.54,46.05,-0.0111,0.0210,0.0210,0.4012
31-AUG-2026,VOEPL,556.10,570.65,-0.0258,0.0367,0.0367,0.7012
31-AUG-2026,VOGL,38.71,40.32,-0.0407,0.0243,0.0244,0.4662
31-AUG-2026,VOITHPAPR,1437.69,1451.70,-0.0097,0.0195,0.0195,0.3725
31-AUG-2026,VOLTAMP,10908.54,11038.42,-0.0118,0.0277,0.0276,0.5273
31-AUG-2026,VOLTAS,1194.40,1200.00,-0.0047,0.0199,0.0199,0.3802
31-AUG-2026,VPL,362.00,362.00,0.0000,0.0201,0.0201,0.3840
31-AUG-2026,VPRPL,33.45,32.17,0.0390,0.0377,0.0377,0.7203
31-AUG-2026,VRAJ,126.66,125.47,0.0094,0.0233,0.0232,0.4432
31-AUG-2026,VRLLOG,303.15,295.94,0.0241,0.0191,0.0191,0.3649
31-AUG-2026,VSSL,356.16,348.63,0.0214,0.0240,0.0240,0.4585
31-AUG-2026,VSTIND,209.74,210.48,-0.0035,0.0174,0.0174,0.3324
31-AUG-2026,VSTL,111.85,110.76,0.0098,0.0233,0.0233,0.4451
31-AUG-2026,VSTTILLERS,4358.18,4381.61,-0.0054,0.0197,0.0197,0.3764
31-AUG-2026,VTL,572.02,592.62,-0.0354,0.0213,0.0214,0.4088
31-AUG-2026,VTMLTD,57.04,58.21,-0.0203,0.0402,0.0401,0.7661
31-AUG-2026,WAAREEENER,2605.00,2639.99,-0.0133,0.0243,0.0242,0.4623
31-AUG-2026,WAAREEINDO,268.72,276.22,-0.0275,0.0275,0.0275,0.5254
31-AUG-2026,WAAREERTL,872.18,878.71,-0.0075,0.0275,0.0275,0.5254
31-AUG-2026,WABAG,1979.16,2085.68,-0.0524,0.0271,0.0273,0.5216
31-AUG-2026,WAKEFIT,146.79,144.71,0.0143,0.0243,0.0242,0.4623
31-AUG-2026,WALCHANNAG,214.84,221.08,-0.0286,0.0358,0.0357,0.6820
31-AUG-2026,WANBURY,254.14,257.49,-0.0131,0.0336,0.0335,0.6400
31-AUG-2026,WARDINMOBI,5.89,5.87,0.0034,0.0343,0.0342,0.6534
31-AUG-2026,WATERBASE,49.02,49.91,-0.0180,0.0275,0.0275,0.5254
31-AUG-2026,WCIL,84.01,85.74,-0.0204,0.0223,0.0223,0.4260
31-AUG-2026,WEALTH,851.25,848.51,0.0032,0.0276,0.0275,0.5254
31-AUG-2026,WEBELSOLAR,76.49,77.84,-0.0175,0.0360,0.0359,0.6859
31-AUG-2026,WEIZMANIND,73.69,74.09,-0.0054,0.0245,0.0245,0.4681
31-AUG-2026,WEL,89.82,99.80,-0.1054,0.0409,0.0415,0.7929
31-AUG-2026,WELCORP,2390.92,2390.92,0.0000,0.0261,0.0260,0.4967
31-AUG-2026,WELENT,685.48,670.32,0.0224,0.0234,0.0234,0.4471
31-AUG-2026,WELINV,2138.25,2022.00,0.0559,0.0356,0.0357,0.6820
31-AUG-2026,WELSPLSOL,52.89,53.30,-0.0077,0.0296,0.0295,0.5636
31-AUG-2026,WELSPUNLIV,196.21,190.43,0.0299,0.0283,0.0283,0.5407
31-AUG-2026,WENDT,8170.18,8243.81,-0.0090,0.0246,0.0245,0.4681
31-AUG-2026,WESTLIFE,571.14,555.75,0.0273,0.0244,0.0244,0.4662
31-AUG-2026,WEWIN,44.28,46.81,-0.0556,0.0381,0.0382,0.7298
31-AUG-2026,WEWORK,684.65,691.60,-0.0101,0.0208,0.0207,0.3955
31-AUG-2026,WHBRADY,491.05,506.00,-0.0300,0.0290,0.0290,0.5540
31-AUG-2026,WHEELS,1546.39,1547.59,-0.0008,0.0275,0.0275,0.5254
31-AUG-2026,WHIRLPOOL,803.15,813.24,-0.0125,0.0228,0.0228,0.4356
31-AUG-2026,WILLAMAGOR,23.75,24.00,-0.0105,0.0298,0.0298,0.5693
31-AUG-2026,WINDLAS,994.16,998.61,-0.0045,0.0251,0.0250,0.4776
31-AUG-2026,WINDMACHIN,307.38,301.90,0.0180,0.0290,0.0290,0.5540
31-AUG-2026,WINMORE,9.40,9.40,0.0000,0.0000,0.0000,0.0000
31-AUG-2026,WIPL,164.00,167.89,-0.0234,0.0222,0.0223,0.4260
31-AUG-2026,WIPRO,184.50,180.92,0.0196,0.0163,0.0163,0.3114
31-AUG-2026,WOCKPHARMA,1883.70,1977.05,-0.0484,0.0312,0.0313,0.5980
31-AUG-2026,WONDERLA,537.30,537.12,0.0003,0.0190,0.0190,0.3630
31-AUG-2026,WORTHPERI,156.40,159.58,-0.0201,0.0248,0.0248,0.4738
31-AUG-2026,WPIL,443.57,447.73,-0.0093,0.0290,0.0290,0.5540
31-AUG-2026,WSI,61.47,61.86,-0.0063,0.0273,0.0272,0.5197
31-AUG-2026,WSTCSTPAPR,610.25,612.31,-0.0034,0.0228,0.0227,0.4337
31-AUG-2026,XCHANGING,60.95,61.40,-0.0074,0.0216,0.0215,0.4108
31-AUG-2026,XELPMOC,80.45,81.63,-0.0146,0.0317,0.0317,0.6056
31-AUG-2026,XLTELENE,2.30,2.30,0.0000,0.0001,0.0001,0.0019
31-AUG-2026,XPROINDIA,1148.19,1138.97,0.0081,0.0310,0.0309,0.5903
31-AUG-2026,XTGLOBAL,30.90,32.15,-0.0397,0.0355,0.0355,0.6782
31-AUG-2026,XTRANET,194.80,197.47,-0.0136,0.0199,0.0199,0.3802
31-AUG-2026,YASHO,4209.52,4338.56,-0.0302,0.0357,0.0357,0.6820
31-AUG-2026,YATHARTH,1001.92,967.34,0.0351,0.0231,0.0232,0.4432
31-AUG-2026,YATRA,106.42,109.82,-0.0314,0.0348,0.0348,0.6649
31-AUG-2026,YESBANK,22.83,22.10,0.0325,0.0188,0.0189,0.3611
31-AUG-2026,YOGI,155.01,164.50,-0.0594,0.0253,0.0256,0.4891
31-AUG-2026,YUKEN,989.12,993.44,-0.0044,0.0254,0.0253,0.4834
31-AUG-2026,ZAGGLE,184.50,190.25,-0.0307,0.0373,0.0373,0.7126
31-AUG-2026,ZEEL,93.58,101.51,-0.0813,0.0308,0.0313,0.5980
31-AUG-2026,ZEELEARN,7.62,7.92,-0.0386,0.0327,0.0327,0.6247
31-AUG-2026,ZEEMEDIA,8.65,8.93,-0.0319,0.0328,0.0328,0.6266
31-AUG-2026,ZENITHEXPO,214.33,214.78,-0.0021,0.0341,0.0340,0.6496
31-AUG-2026,ZENITHSTL,5.35,5.38,-0.0056,0.0300,0.0299,0.5712
31-AUG-2026,ZENSARTECH,460.33,470.60,-0.0221,0.0253,0.0253,0.4834
31-AUG-2026,ZENTEC,1779.13,1820.05,-0.0227,0.0274,0.0274,0.5235
31-AUG-2026,ZFCVINDIA,2534.62,2567.68,-0.0130,0.0193,0.0193,0.3687
31-AUG-2026,ZFSTEERING,666.20,670.95,-0.0071,0.0280,0.0279,0.5330
31-AUG-2026,ZIMLAB,122.84,125.46,-0.0211,0.0298,0.0297,0.5674
31-AUG-2026,ZODIAC,243.63,247.15,-0.0143,0.0302,0.0301,0.5751
31-AUG-2026,ZODIACLOTH,73.91,73.19,0.0098,0.0272,0.0271,0.5177
31-AUG-2026,ZOTA,1053.80,1082.70,-0.0271,0.0273,0.0273,0.5216
31-AUG-2026,ZSARACOM,10990.00,10931.50,0.0053,0.0323,0.0322,0.6152
31-AUG-2026,ZUARI,231.48,240.76,-0.0393,0.0290,0.0291,0.5560
31-AUG-2026,ZUARIIND,271.69,272.94,-0.0046,0.0277,0.0276,0.5273
31-AUG-2026,ZYDUSLIFE,1161.30,1190.99,-0.0252,0.0154,0.0155,0.2961
31-AUG-2026,ZYDUSWELL,530.40,526.54,0.0073,0.0232,0.0231,0.4413
31-AUG-2026,503893,-,-,-,-,-,-
31-AUG-2026,504370,-,-,-,-,-,-
31-AUG-2026,506024,-,-,-,-,-,-
31-AUG-2026,506120,-,-,-,-,-,-
31-AUG-2026,506162,-,-,-,-,-,-
31-AUG-2026,506580,-,-,-,-,-,-
31-AUG-2026,507543,-,-,-,-,-,-
31-AUG-2026,512004,-,-,-,-,-,-
31-AUG-2026,512060,-,-,-,-,-,-
31-AUG-2026,512147,-,-,-,-,-,-
31-AUG-2026,512157,-,-,-,-,-,-
31-AUG-2026,512195,-,-,-,-,-,-
31-AUG-2026,512245,-,-,-,-,-,-
31-AUG-2026,512265,-,-,-,-,-,-
31-AUG-2026,512291,-,-,-,-,-,-
31-AUG-2026,512303,-,-,-,-,-,-
31-AUG-2026,512307,-,-,-,-,-,-
31-AUG-2026,512431,-,-,-,-,-,-
31-AUG-2026,512433,-,-,-,-,-,-
31-AUG-2026,512439,-,-,-,-,-,-
31-AUG-2026,512445,-,-,-,-,-,-
31-AUG-2026,512461,-,-,-,-,-,-
31-AUG-2026,512505,-,-,-,-,-,-
31-AUG-2026,512517,-,-,-,-,-,-
31-AUG-2026,513012,-,-,-,-,-,-
31-AUG-2026,524046,-,-,-,-,-,-
31-AUG-2026,526331,-,-,-,-,-,-
31-AUG-2026,526349,-,-,-,-,-,-
31-AUG-2026,531597,-,-,-,-,-,-
31-AUG-2026,531610,-,-,-,-,-,-
31-AUG-2026,531696,-,-,-,-,-,-
31-AUG-2026,531946,-,-,-,-,-,-
31-AUG-2026,532138,-,-,-,-,-,-
31-AUG-2026,539253,-,-,-,-,-,-
31-AUG-2026,539983,-,-,-,-,-,-
31-AUG-2026,542931,-,-,-,-,-,-
31-AUG-2026,543859,-,-,-,-,-,-
31-AUG-2026,ACEEXPO,-,-,-,-,-,-
31-AUG-2026,ADBML,-,-,-,-,-,-
31-AUG-2026,ADVENTZSEC,-,-,-,-,-,-
31-AUG-2026,AEL,-,-,-,-,-,-
31-AUG-2026,AGGARSAIN,-,-,-,-,-,-
31-AUG-2026,AGVENTURES,-,-,-,-,-,-
31-AUG-2026,AKASHAGRO,-,-,-,-,-,-
31-AUG-2026,ALIROX,-,-,-,-,-,-
31-AUG-2026,AMIL,-,-,-,-,-,-
31-AUG-2026,ANKUR,-,-,-,-,-,-
31-AUG-2026,ARIHANTCFL,-,-,-,-,-,-
31-AUG-2026,ASIANLAKTO,-,-,-,-,-,-
31-AUG-2026,ASSOFIN,-,-,-,-,-,-
31-AUG-2026,ATLANTIC,-,-,-,-,-,-
31-AUG-2026,AURUMCAP,-,-,-,-,-,-
31-AUG-2026,AYUSHMAN,-,-,-,-,-,-
31-AUG-2026,BALAJIAGRO,-,-,-,-,-,-
31-AUG-2026,BASANT,-,-,-,-,-,-
31-AUG-2026,BESWASTH,-,-,-,-,-,-
31-AUG-2026,BHAIRAV,-,-,-,-,-,-
31-AUG-2026,BHARAT,-,-,-,-,-,-
31-AUG-2026,BUYRIGHT,-,-,-,-,-,-
31-AUG-2026,CENTRAL,-,-,-,-,-,-
31-AUG-2026,CHAMPION,-,-,-,-,-,-
31-AUG-2026,CHITRAKUT,-,-,-,-,-,-
31-AUG-2026,CREMICA,-,-,-,-,-,-
31-AUG-2026,CRESCENT,-,-,-,-,-,-
31-AUG-2026,DDVENTURES,-,-,-,-,-,-
31-AUG-2026,DEEPJYOTI,-,-,-,-,-,-
31-AUG-2026,DHAVAL,-,-,-,-,-,-
31-AUG-2026,DRFRESH,-,-,-,-,-,-
31-AUG-2026,DRMIND,-,-,-,-,-,-
31-AUG-2026,ELLORA,-,-,-,-,-,-
31-AUG-2026,EMRALD,-,-,-,-,-,-
31-AUG-2026,GANODAYA,-,-,-,-,-,-
31-AUG-2026,GARG,-,-,-,-,-,-
31-AUG-2026,GIKENSEIKI,-,-,-,-,-,-
31-AUG-2026,HINDAUTO,-,-,-,-,-,-
31-AUG-2026,ISCCL,-,-,-,-,-,-
31-AUG-2026,ITLFIN,-,-,-,-,-,-
31-AUG-2026,JAGAT,-,-,-,-,-,-
31-AUG-2026,JAINFARM,-,-,-,-,-,-
31-AUG-2026,JCKINFRA,-,-,-,-,-,-
31-AUG-2026,JFL,-,-,-,-,-,-
31-AUG-2026,JFRL,-,-,-,-,-,-
31-AUG-2026,JOML,-,-,-,-,-,-
31-AUG-2026,JPWL,-,-,-,-,-,-
31-AUG-2026,KCCL,-,-,-,-,-,-
31-AUG-2026,KIRTIINV,-,-,-,-,-,-
31-AUG-2026,KRALEASING,-,-,-,-,-,-
31-AUG-2026,KUMARAUTO,-,-,-,-,-,-
31-AUG-2026,LARK,-,-,-,-,-,-
31-AUG-2026,MACORPACK,-,-,-,-,-,-
31-AUG-2026,MARYADACOM,-,-,-,-,-,-
31-AUG-2026,MAYURBHANJ,-,-,-,-,-,-
31-AUG-2026,MFL,-,-,-,-,-,-
31-AUG-2026,MILIAIND,-,-,-,-,-,-
31-AUG-2026,MORNMEDIA,-,-,-,-,-,-
31-AUG-2026,MPL,-,-,-,-,-,-
31-AUG-2026,NEELEC,-,-,-,-,-,-
31-AUG-2026,NIDHISER,-,-,-,-,-,-
31-AUG-2026,OSEINTRUST,-,-,-,-,-,-
31-AUG-2026,PACEAUTO,-,-,-,-,-,-
31-AUG-2026,PARTAPIND,-,-,-,-,-,-
31-AUG-2026,PATBACK,-,-,-,-,-,-
31-AUG-2026,PATNAELECT,-,-,-,-,-,-
31-AUG-2026,PFCSL,-,-,-,-,-,-
31-AUG-2026,PPML,-,-,-,-,-,-
31-AUG-2026,QUALITY,-,-,-,-,-,-
31-AUG-2026,RADICOFIN,-,-,-,-,-,-
31-AUG-2026,RAKAN,-,-,-,-,-,-
31-AUG-2026,RAMPURFERT,-,-,-,-,-,-
31-AUG-2026,RATHIIND,-,-,-,-,-,-
31-AUG-2026,RFHL,-,-,-,-,-,-
31-AUG-2026,RICHNRICH,-,-,-,-,-,-
31-AUG-2026,RISHABHENT,-,-,-,-,-,-
31-AUG-2026,ROADWAYS,-,-,-,-,-,-
31-AUG-2026,RWCL,-,-,-,-,-,-
31-AUG-2026,SARNIMAL,-,-,-,-,-,-
31-AUG-2026,SARVARAYA,-,-,-,-,-,-
31-AUG-2026,SCEL,-,-,-,-,-,-
31-AUG-2026,SGEL,-,-,-,-,-,-
31-AUG-2026,SGETL,-,-,-,-,-,-
31-AUG-2026,SHAKUMBHRI,-,-,-,-,-,-
31-AUG-2026,SHREETULSI,-,-,-,-,-,-
31-AUG-2026,SHREEVIJAY,-,-,-,-,-,-
31-AUG-2026,SHREYANS,-,-,-,-,-,-
31-AUG-2026,SIGACHI1,-,-,-,-,-,-
31-AUG-2026,SKYLINE,-,-,-,-,-,-
31-AUG-2026,SKYWEB,-,-,-,-,-,-
31-AUG-2026,SMCSL,-,-,-,-,-,-
31-AUG-2026,SNSDIAGNOS,-,-,-,-,-,-
31-AUG-2026,SNSPL,-,-,-,-,-,-
31-AUG-2026,SOPHIA,-,-,-,-,-,-
31-AUG-2026,SPMLINDIA,-,-,-,-,-,-
31-AUG-2026,SRINARAYAN,-,-,-,-,-,-
31-AUG-2026,SSF,-,-,-,-,-,-
31-AUG-2026,SUNPOINT,-,-,-,-,-,-
31-AUG-2026,SUPRAIND,-,-,-,-,-,-
31-AUG-2026,SUPRANEET,-,-,-,-,-,-
31-AUG-2026,SUPREMECOM,-,-,-,-,-,-
31-AUG-2026,TECHAINPOW,-,-,-,-,-,-
31-AUG-2026,TRIDENTIND,-,-,-,-,-,-
31-AUG-2026,UPAL,-,-,-,-,-,-
31-AUG-2026,USSGLOBAL,-,-,-,-,-,-
31-AUG-2026,WELGA,-,-,-,-,-,-
31-AUG-2026,ZEL,-,-,-,-,-,-
31-AUG-2026,ZRINFRA,-,-,-,-,-,-
