Date,Symbol,Underlying Close Price (A),Underlying Previous Day Close Price (B),Underlying Log Returns (C) = LN(A/B),Previous Day Underlying Volatility (D),Current Day Underlying Daily Volatility (E) = Sqrt(0.995*D*D + 0.005*C*C),Underlying Annualised Volatility (F) = E*Sqrt(365)
05-JAN-2026,20MICRONS,209.15,214.35,-0.0246,0.0289,0.0289,0.5521
05-JAN-2026,21STCENMGM,49.37,49.42,-0.0010,0.0174,0.0174,0.3324
05-JAN-2026,360ONE,1199.00,1200.15,-0.0010,0.0223,0.0223,0.4260
05-JAN-2026,3IINFOLTD,16.66,16.90,-0.0143,0.0267,0.0266,0.5082
05-JAN-2026,3MINDIA,36384.05,36170.70,0.0059,0.0175,0.0174,0.3324
05-JAN-2026,3PLAND,36.98,37.69,-0.0190,0.0293,0.0293,0.5598
05-JAN-2026,500009,28.63,28.92,-0.0101,0.0300,0.0300,0.5731
05-JAN-2026,500012,51.18,51.99,-0.0157,0.0247,0.0247,0.4719
05-JAN-2026,500014,4.67,4.84,-0.0358,0.0263,0.0263,0.5025
05-JAN-2026,500016,8.46,8.84,-0.0439,0.0312,0.0313,0.5980
05-JAN-2026,500028,42.70,43.49,-0.0183,0.0305,0.0304,0.5808
05-JAN-2026,500058,11.68,11.84,-0.0136,0.0274,0.0274,0.5235
05-JAN-2026,500068,12089.80,12099.15,-0.0008,0.0151,0.0150,0.2866
05-JAN-2026,500069,289.80,295.05,-0.0180,0.0247,0.0247,0.4719
05-JAN-2026,500123,9380.70,9551.70,-0.0181,0.0226,0.0225,0.4299
05-JAN-2026,500142,9.97,9.78,0.0192,0.0369,0.0368,0.7031
05-JAN-2026,500143,449.35,452.90,-0.0079,0.0396,0.0395,0.7546
05-JAN-2026,500147,5574.20,5794.85,-0.0388,0.0352,0.0352,0.6725
05-JAN-2026,500159,124.30,125.75,-0.0116,0.0226,0.0226,0.4318
05-JAN-2026,500166,168.15,170.95,-0.0165,0.0231,0.0231,0.4413
05-JAN-2026,500168,842.35,856.10,-0.0162,0.0116,0.0117,0.2235
05-JAN-2026,500170,20.56,21.30,-0.0354,0.0307,0.0308,0.5884
05-JAN-2026,500178,6.19,6.19,0.0000,0.0113,0.0113,0.2159
05-JAN-2026,500192,1.99,1.99,0.0000,0.0295,0.0295,0.5636
05-JAN-2026,500202,9.72,9.77,-0.0051,0.0371,0.0370,0.7069
05-JAN-2026,500206,72.34,74.60,-0.0308,0.0303,0.0303,0.5789
05-JAN-2026,500213,376.80,375.25,0.0041,0.0233,0.0233,0.4451
05-JAN-2026,500220,158.60,160.40,-0.0113,0.0286,0.0286,0.5464
05-JAN-2026,500239,16.56,17.06,-0.0297,0.0318,0.0318,0.6075
05-JAN-2026,500240,346.40,353.00,-0.0189,0.0317,0.0316,0.6037
05-JAN-2026,500245,499.15,503.05,-0.0078,0.0210,0.0210,0.4012
05-JAN-2026,500246,66.85,70.31,-0.0505,0.0418,0.0418,0.7986
05-JAN-2026,500248,6.50,6.27,0.0360,0.0288,0.0288,0.5502
05-JAN-2026,500264,151.25,153.40,-0.0141,0.0309,0.0308,0.5884
05-JAN-2026,500267,337.80,340.15,-0.0069,0.0237,0.0237,0.4528
05-JAN-2026,500270,116.60,118.10,-0.0128,0.0229,0.0229,0.4375
05-JAN-2026,500277,7.27,7.70,-0.0575,0.0385,0.0386,0.7375
05-JAN-2026,500285,29.82,30.17,-0.0117,0.0325,0.0324,0.6190
05-JAN-2026,500298,701.65,708.00,-0.0090,0.0287,0.0287,0.5483
05-JAN-2026,500307,499.80,503.10,-0.0066,0.0133,0.0132,0.2522
05-JAN-2026,500319,73.92,74.55,-0.0085,0.0279,0.0278,0.5311
05-JAN-2026,500322,136.65,141.25,-0.0331,0.0327,0.0327,0.6247
05-JAN-2026,500346,62.18,60.42,0.0287,0.0312,0.0312,0.5961
05-JAN-2026,500357,10.11,10.11,0.0000,0.0322,0.0322,0.6152
05-JAN-2026,500358,13.94,13.94,0.0000,0.0243,0.0242,0.4623
05-JAN-2026,500360,134.45,136.75,-0.0170,0.0375,0.0375,0.7164
05-JAN-2026,500365,38.23,38.34,-0.0029,0.0275,0.0274,0.5235
05-JAN-2026,500370,37.62,36.45,0.0316,0.0348,0.0347,0.6629
05-JAN-2026,500371,4.13,3.94,0.0471,0.0335,0.0336,0.6419
05-JAN-2026,500388,126.45,129.00,-0.0200,0.0338,0.0337,0.6438
05-JAN-2026,500389,8.65,8.66,-0.0012,0.0260,0.0259,0.4948
05-JAN-2026,500399,48.18,45.89,0.0487,0.1489,0.1486,2.8390
05-JAN-2026,500414,347.35,356.00,-0.0246,0.0330,0.0330,0.6305
05-JAN-2026,500421,16.50,16.18,0.0196,0.0322,0.0322,0.6152
05-JAN-2026,500422,194.25,190.45,0.0198,0.0377,0.0376,0.7183
05-JAN-2026,500426,1.90,1.81,0.0485,0.0390,0.0391,0.7470
05-JAN-2026,500449,33.07,33.75,-0.0204,0.0296,0.0295,0.5636
05-JAN-2026,500450,376.20,396.00,-0.0513,0.0301,0.0302,0.5770
05-JAN-2026,500458,30.39,27.95,0.0837,0.0335,0.0340,0.6496
05-JAN-2026,500500,20.50,20.10,0.0197,0.0336,0.0335,0.6400
05-JAN-2026,500672,784.55,779.40,0.0066,0.0167,0.0167,0.3191
05-JAN-2026,501110,7.15,7.15,0.0000,0.0006,0.0006,0.0115
05-JAN-2026,501111,12.14,12.14,0.0000,0.0037,0.0037,0.0707
05-JAN-2026,501144,181.00,181.00,0.0000,0.0211,0.0210,0.4012
05-JAN-2026,501148,401.80,410.00,-0.0202,0.0150,0.0150,0.2866
05-JAN-2026,501151,1196.25,1196.25,0.0000,0.0108,0.0108,0.2063
05-JAN-2026,501270,1.34,1.34,0.0000,0.0008,0.0008,0.0153
05-JAN-2026,501298,5460.00,5454.90,0.0009,0.0224,0.0224,0.4280
05-JAN-2026,501311,22.00,21.93,0.0032,0.0317,0.0316,0.6037
05-JAN-2026,501314,0.66,0.68,-0.0299,0.0324,0.0324,0.6190
05-JAN-2026,501351,100.00,100.00,0.0000,0.0297,0.0297,0.5674
05-JAN-2026,501370,126.25,131.40,-0.0400,0.0341,0.0342,0.6534
05-JAN-2026,501386,14.35,14.35,0.0000,0.0138,0.0138,0.2636
05-JAN-2026,501391,615.30,624.70,-0.0152,0.0331,0.0331,0.6324
05-JAN-2026,501421,6911.10,7199.00,-0.0408,0.0329,0.0330,0.6305
05-JAN-2026,501430,1799.90,1780.00,0.0111,0.0279,0.0279,0.5330
05-JAN-2026,501477,229.35,240.00,-0.0454,0.0313,0.0314,0.5999
05-JAN-2026,501479,11.02,11.02,0.0000,0.0000,0.0000,0.0000
05-JAN-2026,501622,73.00,73.00,0.0000,0.0263,0.0262,0.5006
05-JAN-2026,501630,24.48,24.48,0.0000,0.0021,0.0021,0.0401
05-JAN-2026,501700,8.54,8.41,0.0153,0.0302,0.0301,0.5751
05-JAN-2026,501833,20.56,19.53,0.0514,0.0308,0.0310,0.5923
05-JAN-2026,501848,55.07,55.74,-0.0121,0.0313,0.0313,0.5980
05-JAN-2026,501945,6.10,6.22,-0.0195,0.0122,0.0123,0.2350
05-JAN-2026,502015,28.50,28.49,0.0004,0.0317,0.0316,0.6037
05-JAN-2026,502250,491.85,517.70,-0.0512,0.0306,0.0307,0.5865
05-JAN-2026,502271,20.50,20.20,0.0147,0.0197,0.0197,0.3764
05-JAN-2026,502281,9.40,9.40,0.0000,0.0283,0.0282,0.5388
05-JAN-2026,502294,35.80,36.84,-0.0286,0.0410,0.0410,0.7833
05-JAN-2026,502445,39.51,41.37,-0.0460,0.0369,0.0369,0.7050
05-JAN-2026,502587,62.75,63.21,-0.0073,0.0253,0.0252,0.4814
05-JAN-2026,502589,121.00,121.00,0.0000,0.0286,0.0285,0.5445
05-JAN-2026,502850,14.32,14.32,0.0000,0.0047,0.0047,0.0898
05-JAN-2026,502865,329.20,337.90,-0.0261,0.0261,0.0261,0.4986
05-JAN-2026,502873,110.10,110.00,0.0009,0.0289,0.0288,0.5502
05-JAN-2026,502893,73.79,73.79,0.0000,0.0442,0.0441,0.8425
05-JAN-2026,502901,98.48,97.73,0.0076,0.0247,0.0247,0.4719
05-JAN-2026,502933,97.80,107.00,-0.0899,0.0304,0.0310,0.5923
05-JAN-2026,502958,7979.75,7922.20,0.0072,0.0209,0.0208,0.3974
05-JAN-2026,503092,36.13,34.48,0.0467,0.0491,0.0491,0.9381
05-JAN-2026,503127,4650.00,4650.00,0.0000,0.0272,0.0271,0.5177
05-JAN-2026,503229,160.60,169.00,-0.0510,0.0320,0.0321,0.6133
05-JAN-2026,503349,6060.00,5992.00,0.0113,0.0280,0.0279,0.5330
05-JAN-2026,503622,7.71,7.71,0.0000,0.0024,0.0024,0.0459
05-JAN-2026,503624,7.55,7.73,-0.0236,0.0330,0.0330,0.6305
05-JAN-2026,503626,10.50,10.50,0.0000,0.0000,0.0000,0.0000
05-JAN-2026,503635,72.55,72.55,0.0000,0.0185,0.0185,0.3534
05-JAN-2026,503639,7.98,7.98,0.0000,0.0358,0.0357,0.6820
05-JAN-2026,503641,2.42,2.52,-0.0405,0.0404,0.0404,0.7718
05-JAN-2026,503657,13.32,13.59,-0.0201,0.0286,0.0286,0.5464
05-JAN-2026,503659,101.30,101.30,0.0000,0.0285,0.0284,0.5426
05-JAN-2026,503663,1.80,1.88,-0.0435,0.0291,0.0292,0.5579
05-JAN-2026,503671,4.55,4.55,0.0000,0.0000,0.0000,0.0000
05-JAN-2026,503675,1.10,1.15,-0.0445,0.0426,0.0426,0.8139
05-JAN-2026,503681,125909.50,125900.55,0.0001,0.3833,0.3824,7.3057
05-JAN-2026,503685,21.00,20.21,0.0383,0.0350,0.0350,0.6687
05-JAN-2026,503689,3.20,3.20,0.0000,0.0000,0.0000,0.0000
05-JAN-2026,503696,55.00,55.00,0.0000,0.0000,0.0000,0.0000
05-JAN-2026,503772,68.00,68.00,0.0000,0.0297,0.0296,0.5655
05-JAN-2026,503776,34.10,35.10,-0.0289,0.0394,0.0393,0.7508
05-JAN-2026,503804,249.25,250.05,-0.0032,0.0171,0.0171,0.3267
05-JAN-2026,503816,49.33,49.41,-0.0016,0.0283,0.0282,0.5388
05-JAN-2026,503837,13.50,14.21,-0.0513,0.0357,0.0358,0.6840
05-JAN-2026,503863,19.54,19.54,0.0000,0.0294,0.0293,0.5598
05-JAN-2026,504000,83.83,84.29,-0.0055,0.0261,0.0260,0.4967
05-JAN-2026,504028,74.88,75.81,-0.0123,0.0259,0.0258,0.4929
05-JAN-2026,504076,84.69,84.01,0.0081,0.0327,0.0326,0.6228
05-JAN-2026,504080,1063.00,1066.00,-0.0028,0.0342,0.0341,0.6515
05-JAN-2026,504084,882.40,899.25,-0.0189,0.0264,0.0264,0.5044
05-JAN-2026,504092,725.10,690.60,0.0487,0.0319,0.0320,0.6114
05-JAN-2026,504093,311.85,308.00,0.0124,0.0206,0.0206,0.3936
05-JAN-2026,504132,871.00,870.00,0.0011,0.0295,0.0295,0.5636
05-JAN-2026,504176,606.60,598.40,0.0136,0.0314,0.0313,0.5980
05-JAN-2026,504180,45.64,46.00,-0.0079,0.0250,0.0250,0.4776
05-JAN-2026,504240,631.60,636.80,-0.0082,0.0303,0.0302,0.5770
05-JAN-2026,504258,750.10,753.05,-0.0039,0.0268,0.0267,0.5101
05-JAN-2026,504273,23.74,23.21,0.0226,0.0280,0.0280,0.5349
05-JAN-2026,504340,7.05,7.18,-0.0183,0.0172,0.0172,0.3286
05-JAN-2026,504346,10765.55,10874.25,-0.0100,0.0000,0.0007,0.0134
05-JAN-2026,504351,1.67,1.70,-0.0178,0.0309,0.0308,0.5884
05-JAN-2026,504356,10.18,10.18,0.0000,0.0383,0.0382,0.7298
05-JAN-2026,504365,4.11,4.11,0.0000,0.0006,0.0006,0.0115
05-JAN-2026,504369,0.49,0.49,0.0000,0.0096,0.0096,0.1834
05-JAN-2026,504375,236.35,236.35,0.0000,0.0125,0.0125,0.2388
05-JAN-2026,504378,2.94,3.09,-0.0498,0.0332,0.0333,0.6362
05-JAN-2026,504380,55.00,53.10,0.0352,0.0302,0.0303,0.5789
05-JAN-2026,504392,21.48,20.47,0.0482,0.0345,0.0346,0.6610
05-JAN-2026,504397,102.85,108.25,-0.0512,0.0304,0.0305,0.5827
05-JAN-2026,504398,65.00,65.00,0.0000,0.0131,0.0130,0.2484
05-JAN-2026,504605,3201.35,3150.00,0.0162,0.0277,0.0277,0.5292
05-JAN-2026,504646,575.00,577.70,-0.0047,0.0328,0.0327,0.6247
05-JAN-2026,504648,51.00,50.25,0.0148,0.0357,0.0356,0.6801
05-JAN-2026,504697,3.32,3.26,0.0182,0.0522,0.0521,0.9954
05-JAN-2026,504731,131.10,134.45,-0.0252,0.0258,0.0258,0.4929
05-JAN-2026,504746,1495.55,1568.55,-0.0477,0.0265,0.0266,0.5082
05-JAN-2026,504786,512.15,500.25,0.0235,0.0279,0.0278,0.5311
05-JAN-2026,504810,79.97,75.25,0.0608,0.0436,0.0437,0.8349
05-JAN-2026,504840,1558.00,1547.60,0.0067,0.0252,0.0251,0.4795
05-JAN-2026,504882,1284.15,1311.50,-0.0211,0.0241,0.0240,0.4585
05-JAN-2026,504903,27.59,27.44,0.0055,0.0276,0.0275,0.5254
05-JAN-2026,504908,446.20,469.70,-0.0513,0.0347,0.0348,0.6649
05-JAN-2026,504959,2054.95,2050.60,0.0021,0.0186,0.0186,0.3554
05-JAN-2026,504988,845.55,845.55,0.0000,0.0266,0.0266,0.5082
05-JAN-2026,504998,0.54,0.54,0.0000,0.0141,0.0141,0.2694
05-JAN-2026,505036,1849.25,1846.65,0.0014,0.0274,0.0273,0.5216
05-JAN-2026,505100,13.07,13.07,0.0000,0.0107,0.0106,0.2025
05-JAN-2026,505163,773.25,797.10,-0.0304,0.0299,0.0299,0.5712
05-JAN-2026,505212,128.75,128.15,0.0047,0.0356,0.0355,0.6782
05-JAN-2026,505216,2787.55,2828.00,-0.0144,0.0267,0.0266,0.5082
05-JAN-2026,505232,1197.15,1203.30,-0.0051,0.0243,0.0242,0.4623
05-JAN-2026,505250,76.30,78.12,-0.0236,0.0305,0.0304,0.5808
05-JAN-2026,505285,722.00,722.00,0.0000,0.0133,0.0133,0.2541
05-JAN-2026,505299,666.95,690.10,-0.0341,0.0342,0.0342,0.6534
05-JAN-2026,505302,2164.70,2200.00,-0.0162,0.0313,0.0312,0.5961
05-JAN-2026,505320,170.50,170.50,0.0000,0.0134,0.0134,0.2560
05-JAN-2026,505336,0.52,0.53,-0.0190,0.0387,0.0387,0.7394
05-JAN-2026,505343,0.43,0.43,0.0000,0.0413,0.0412,0.7871
05-JAN-2026,505358,188.40,191.55,-0.0166,0.0248,0.0247,0.4719
05-JAN-2026,505502,1.48,1.48,0.0000,0.0181,0.0180,0.3439
05-JAN-2026,505504,288.65,281.80,0.0240,0.0195,0.0195,0.3725
05-JAN-2026,505515,11.38,11.99,-0.0522,0.0397,0.0398,0.7604
05-JAN-2026,505520,101.34,101.34,0.0000,0.0144,0.0143,0.2732
05-JAN-2026,505523,0.43,0.43,0.0000,0.0276,0.0275,0.5254
05-JAN-2026,505594,32.80,32.80,0.0000,0.0000,0.0000,0.0000
05-JAN-2026,505650,23.45,22.45,0.0436,0.0383,0.0383,0.7317
05-JAN-2026,505681,598.50,606.75,-0.0137,0.0209,0.0209,0.3993
05-JAN-2026,505685,14.03,14.03,0.0000,0.0658,0.0656,1.2533
05-JAN-2026,505690,900.00,878.75,0.0239,0.0343,0.0343,0.6553
05-JAN-2026,505693,9.11,9.05,0.0066,0.0351,0.0350,0.6687
05-JAN-2026,505703,270.55,257.70,0.0487,0.0261,0.0263,0.5025
05-JAN-2026,505710,79.17,81.61,-0.0304,0.0233,0.0234,0.4471
05-JAN-2026,505712,215.00,216.00,-0.0046,0.0306,0.0305,0.5827
05-JAN-2026,505720,155.05,158.70,-0.0233,0.0308,0.0308,0.5884
05-JAN-2026,505725,66.23,59.89,0.1006,0.0223,0.0233,0.4451
05-JAN-2026,505729,65.50,70.22,-0.0696,0.0284,0.0288,0.5502
05-JAN-2026,505737,607.30,603.70,0.0059,0.0277,0.0276,0.5273
05-JAN-2026,505750,282.70,289.10,-0.0224,0.0331,0.0331,0.6324
05-JAN-2026,505797,27.01,27.24,-0.0085,0.0218,0.0218,0.4165
05-JAN-2026,505807,639.45,639.45,0.0000,0.0264,0.0263,0.5025
05-JAN-2026,505827,371.00,377.60,-0.0176,0.0188,0.0188,0.3592
05-JAN-2026,505840,29.83,29.50,0.0111,0.0317,0.0317,0.6056
05-JAN-2026,505872,407.70,412.95,-0.0128,0.0304,0.0304,0.5808
05-JAN-2026,505890,2108.85,2120.65,-0.0056,0.0238,0.0238,0.4547
05-JAN-2026,505893,905.60,920.60,-0.0164,0.0338,0.0337,0.6438
05-JAN-2026,505978,3063.95,3128.20,-0.0208,0.0275,0.0275,0.5254
05-JAN-2026,506003,65.23,66.66,-0.0217,0.0326,0.0325,0.6209
05-JAN-2026,506042,179.25,179.25,0.0000,0.0574,0.0572,1.0928
05-JAN-2026,506105,72.87,72.87,0.0000,0.0329,0.0329,0.6286
05-JAN-2026,506122,45.67,45.10,0.0126,0.0347,0.0347,0.6629
05-JAN-2026,506128,126.20,129.05,-0.0223,0.0307,0.0307,0.5865
05-JAN-2026,506134,13.74,13.30,0.0325,0.0320,0.0320,0.6114
05-JAN-2026,506161,4.78,4.78,0.0000,0.0000,0.0000,0.0000
05-JAN-2026,506166,86.60,82.48,0.0487,0.2158,0.2153,4.1133
05-JAN-2026,506178,17.01,17.01,0.0000,0.0015,0.0015,0.0287
05-JAN-2026,506180,513.00,540.00,-0.0513,0.0298,0.0300,0.5731
05-JAN-2026,506186,18.24,17.38,0.0483,0.0360,0.0361,0.6897
05-JAN-2026,506190,52.50,52.50,0.0000,0.0000,0.0000,0.0000
05-JAN-2026,506313,278.75,278.75,0.0000,0.0097,0.0097,0.1853
05-JAN-2026,506365,135.25,137.30,-0.0150,0.0431,0.0430,0.8215
05-JAN-2026,506414,346.05,349.60,-0.0102,0.0316,0.0315,0.6018
05-JAN-2026,506520,7.20,7.18,0.0028,0.0280,0.0279,0.5330
05-JAN-2026,506528,3857.70,3849.15,0.0022,0.0279,0.0278,0.5311
05-JAN-2026,506530,1119.10,1178.00,-0.0513,0.0258,0.0260,0.4967
05-JAN-2026,506532,808.85,817.95,-0.0112,0.0194,0.0193,0.3687
05-JAN-2026,506543,8.93,9.40,-0.0513,0.0333,0.0334,0.6381
05-JAN-2026,506579,146.55,147.40,-0.0058,0.0328,0.0328,0.6266
05-JAN-2026,506597,670.55,673.60,-0.0045,0.0342,0.0341,0.6515
05-JAN-2026,506605,2088.50,2127.00,-0.0183,0.0315,0.0314,0.5999
05-JAN-2026,506640,231.95,255.85,-0.0981,0.0351,0.0357,0.6820
05-JAN-2026,506685,430.20,416.85,0.0315,0.0220,0.0221,0.4222
05-JAN-2026,506687,1270.10,1281.20,-0.0087,0.0221,0.0220,0.4203
05-JAN-2026,506734,108.70,110.00,-0.0119,0.0239,0.0238,0.4547
05-JAN-2026,506808,50.48,53.03,-0.0493,0.0263,0.0264,0.5044
05-JAN-2026,506854,4633.15,4348.50,0.0634,0.0297,0.0299,0.5712
05-JAN-2026,506858,58.20,61.13,-0.0491,0.0287,0.0289,0.5521
05-JAN-2026,506863,159.75,156.65,0.0196,0.0209,0.0209,0.3993
05-JAN-2026,506867,31.08,31.08,0.0000,0.0010,0.0010,0.0191
05-JAN-2026,506906,32.94,32.30,0.0196,0.0559,0.0558,1.0661
05-JAN-2026,506919,116.30,114.10,0.0191,0.0323,0.0323,0.6171
05-JAN-2026,506935,67.00,67.00,0.0000,0.0256,0.0255,0.4872
05-JAN-2026,506945,2.25,2.25,0.0000,0.0056,0.0056,0.1070
05-JAN-2026,506947,190.00,190.00,0.0000,0.0239,0.0238,0.4547
05-JAN-2026,506975,13.68,13.03,0.0487,0.0281,0.0283,0.5407
05-JAN-2026,506979,102.75,102.75,0.0000,0.0316,0.0315,0.6018
05-JAN-2026,506981,130.10,130.00,0.0008,0.0300,0.0299,0.5712
05-JAN-2026,507155,141.90,145.35,-0.0240,0.0283,0.0283,0.5407
05-JAN-2026,507180,6.21,6.38,-0.0270,0.0407,0.0407,0.7776
05-JAN-2026,507265,213.65,213.60,0.0002,0.0306,0.0305,0.5827
05-JAN-2026,507300,954.00,953.05,0.0010,0.0254,0.0253,0.4834
05-JAN-2026,507474,42.73,43.71,-0.0227,0.0312,0.0312,0.5961
05-JAN-2026,507486,52.00,51.81,0.0037,0.0325,0.0325,0.6209
05-JAN-2026,507498,41.00,41.18,-0.0044,0.0235,0.0234,0.4471
05-JAN-2026,507515,17.14,16.33,0.0484,0.0331,0.0332,0.6343
05-JAN-2026,507530,21.03,21.03,0.0000,0.0041,0.0041,0.0783
05-JAN-2026,507598,101.78,102.78,-0.0098,0.0321,0.0320,0.6114
05-JAN-2026,507609,30.91,30.91,0.0000,0.0308,0.0308,0.5884
05-JAN-2026,507621,62.01,62.10,-0.0015,0.0213,0.0213,0.4069
05-JAN-2026,507645,11225.05,11500.00,-0.0242,0.0208,0.0208,0.3974
05-JAN-2026,507663,3.42,3.42,0.0000,0.0083,0.0083,0.1586
05-JAN-2026,507690,183.65,190.00,-0.0340,0.0291,0.0291,0.5560
05-JAN-2026,507753,107.85,110.20,-0.0216,0.0244,0.0244,0.4662
05-JAN-2026,507759,13.53,13.92,-0.0284,0.0411,0.0410,0.7833
05-JAN-2026,507808,40.18,40.18,0.0000,0.0226,0.0225,0.4299
05-JAN-2026,507813,83.00,84.41,-0.0168,0.0298,0.0298,0.5693
05-JAN-2026,507817,170.70,170.00,0.0041,0.0323,0.0322,0.6152
05-JAN-2026,507828,9.87,9.91,-0.0040,0.0309,0.0308,0.5884
05-JAN-2026,507833,4.59,4.59,0.0000,0.0256,0.0255,0.4872
05-JAN-2026,507836,652.85,650.50,0.0036,0.0251,0.0250,0.4776
05-JAN-2026,507852,104.70,102.15,0.0247,0.0318,0.0318,0.6075
05-JAN-2026,507864,113.10,117.50,-0.0382,0.0407,0.0407,0.7776
05-JAN-2026,507872,46.46,47.90,-0.0305,0.0270,0.0270,0.5158
05-JAN-2026,507912,983.80,989.45,-0.0057,0.0303,0.0302,0.5770
05-JAN-2026,507917,62.32,59.36,0.0487,0.0300,0.0301,0.5751
05-JAN-2026,507938,10.48,10.48,0.0000,0.0184,0.0183,0.3496
05-JAN-2026,507944,487.65,495.35,-0.0157,0.0305,0.0304,0.5808
05-JAN-2026,507946,23.67,24.65,-0.0406,0.0356,0.0356,0.6801
05-JAN-2026,507948,94.52,94.01,0.0054,0.0324,0.0323,0.6171
05-JAN-2026,507952,3.15,3.15,0.0000,0.0000,0.0000,0.0000
05-JAN-2026,507960,220.00,221.70,-0.0077,0.0274,0.0273,0.5216
05-JAN-2026,507962,69.62,71.04,-0.0202,0.0406,0.0405,0.7738
05-JAN-2026,507966,40.00,41.82,-0.0445,0.0392,0.0392,0.7489
05-JAN-2026,507968,39.53,41.61,-0.0513,0.0189,0.0192,0.3668
05-JAN-2026,507970,38.33,35.66,0.0722,0.0374,0.0377,0.7203
05-JAN-2026,507981,77.02,77.78,-0.0098,0.0246,0.0245,0.4681
05-JAN-2026,507984,777.30,785.15,-0.0100,0.0203,0.0202,0.3859
05-JAN-2026,507987,3.99,3.99,0.0000,0.0051,0.0051,0.0974
05-JAN-2026,507998,119.00,121.25,-0.0187,0.0336,0.0335,0.6400
05-JAN-2026,508136,404.50,404.50,0.0000,0.0322,0.0321,0.6133
05-JAN-2026,508486,7869.40,8099.60,-0.0288,0.0144,0.0145,0.2770
05-JAN-2026,508494,46.45,45.84,0.0132,0.0239,0.0239,0.4566
05-JAN-2026,508571,146.00,146.25,-0.0017,0.0349,0.0348,0.6649
05-JAN-2026,508664,10.57,11.21,-0.0588,0.0305,0.0307,0.5865
05-JAN-2026,508670,3525.50,3512.00,0.0038,0.0186,0.0185,0.3534
05-JAN-2026,508807,751.50,759.85,-0.0110,0.0180,0.0180,0.3439
05-JAN-2026,508860,0.91,0.95,-0.0430,0.0137,0.0140,0.2675
05-JAN-2026,508867,9.10,9.10,0.0000,0.0000,0.0000,0.0000
05-JAN-2026,508875,485.70,487.10,-0.0029,0.0310,0.0309,0.5903
05-JAN-2026,508905,105.00,105.45,-0.0043,0.0363,0.0362,0.6916
05-JAN-2026,508918,52.86,48.11,0.0942,0.0384,0.0389,0.7432
05-JAN-2026,508922,3.92,3.85,0.0180,0.0332,0.0331,0.6324
05-JAN-2026,508929,665.70,665.70,0.0000,0.0172,0.0172,0.3286
05-JAN-2026,508941,491.55,490.90,0.0013,0.0156,0.0155,0.2961
05-JAN-2026,508956,13.25,13.20,0.0038,0.0331,0.0330,0.6305
05-JAN-2026,508961,192.70,192.70,0.0000,0.0245,0.0245,0.4681
05-JAN-2026,508963,15.44,15.44,0.0000,0.0314,0.0313,0.5980
05-JAN-2026,508969,2.42,2.47,-0.0205,0.0271,0.0271,0.5177
05-JAN-2026,508980,6.87,6.84,0.0044,0.0369,0.0368,0.7031
05-JAN-2026,508993,2.45,2.45,0.0000,0.0000,0.0000,0.0000
05-JAN-2026,509003,0.13,0.13,0.0000,0.0000,0.0000,0.0000
05-JAN-2026,509015,13.64,13.00,0.0481,0.0345,0.0345,0.6591
05-JAN-2026,509024,11.41,11.94,-0.0454,0.0778,0.0776,1.4825
05-JAN-2026,509026,95.94,95.94,0.0000,0.0390,0.0389,0.7432
05-JAN-2026,509038,10.81,11.01,-0.0183,0.0153,0.0153,0.2923
05-JAN-2026,509040,148.35,144.55,0.0259,0.0291,0.0291,0.5560
05-JAN-2026,509046,66.36,66.36,0.0000,0.0268,0.0268,0.5120
05-JAN-2026,509051,0.72,0.73,-0.0138,0.0368,0.0368,0.7031
05-JAN-2026,509053,8.19,8.31,-0.0145,0.0270,0.0270,0.5158
05-JAN-2026,509073,13.99,14.10,-0.0078,0.0278,0.0278,0.5311
05-JAN-2026,509084,96.31,96.31,0.0000,0.0224,0.0223,0.4260
05-JAN-2026,509099,61.64,61.64,0.0000,0.0086,0.0086,0.1643
05-JAN-2026,509162,123.75,123.35,0.0032,0.0265,0.0264,0.5044
05-JAN-2026,509196,78.28,79.00,-0.0092,0.0279,0.0279,0.5330
05-JAN-2026,509423,37.14,39.05,-0.0501,0.0378,0.0378,0.7222
05-JAN-2026,509438,9508.45,9492.00,0.0017,0.0191,0.0190,0.3630
05-JAN-2026,509449,41.50,42.05,-0.0132,0.0330,0.0330,0.6305
05-JAN-2026,509470,22352.00,22369.20,-0.0008,0.0273,0.0273,0.5216
05-JAN-2026,509472,370.25,379.00,-0.0234,0.0279,0.0279,0.5330
05-JAN-2026,509486,86.85,89.77,-0.0331,0.0273,0.0274,0.5235
05-JAN-2026,509525,963.15,967.95,-0.0050,0.0219,0.0219,0.4184
05-JAN-2026,509546,32.53,33.70,-0.0353,0.0381,0.0381,0.7279
05-JAN-2026,509563,27.33,27.97,-0.0231,0.0314,0.0314,0.5999
05-JAN-2026,509597,738.00,726.00,0.0164,0.0308,0.0308,0.5884
05-JAN-2026,509650,38.74,38.74,0.0000,0.0009,0.0009,0.0172
05-JAN-2026,509732,203.50,203.05,0.0022,0.0285,0.0284,0.5426
05-JAN-2026,509760,40.30,40.30,0.0000,0.0344,0.0343,0.6553
05-JAN-2026,509762,87.45,92.05,-0.0513,0.0131,0.0135,0.2579
05-JAN-2026,509782,17.95,17.95,0.0000,0.0000,0.0000,0.0000
05-JAN-2026,509835,19.30,20.00,-0.0356,0.0444,0.0444,0.8483
05-JAN-2026,509845,528.05,528.05,0.0000,0.0202,0.0202,0.3859
05-JAN-2026,509870,60.74,60.74,0.0000,0.0040,0.0040,0.0764
05-JAN-2026,509887,694.00,700.00,-0.0086,0.0279,0.0279,0.5330
05-JAN-2026,509895,180.50,180.65,-0.0008,0.0250,0.0249,0.4757
05-JAN-2026,509910,25.00,25.00,0.0000,0.0241,0.0241,0.4604
05-JAN-2026,509917,99.54,99.54,0.0000,0.0107,0.0107,0.2044
05-JAN-2026,509945,1413.15,1490.00,-0.0530,0.0348,0.0349,0.6668
05-JAN-2026,509953,489.35,466.05,0.0488,0.0299,0.0300,0.5731
05-JAN-2026,509960,1596.30,1570.35,0.0164,0.0263,0.0263,0.5025
05-JAN-2026,510245,4.44,4.44,0.0000,0.0242,0.0242,0.4623
05-JAN-2026,511000,24.55,24.83,-0.0113,0.0337,0.0336,0.6419
05-JAN-2026,511012,0.67,0.68,-0.0148,0.0252,0.0251,0.4795
05-JAN-2026,511016,8.74,8.74,0.0000,0.0352,0.0351,0.6706
05-JAN-2026,511018,61.98,60.85,0.0184,0.0312,0.0311,0.5942
05-JAN-2026,511048,5.18,5.18,0.0000,0.0000,0.0000,0.0000
05-JAN-2026,511060,17.00,17.00,0.0000,0.0000,0.0000,0.0000
05-JAN-2026,511066,39.49,41.00,-0.0375,0.0257,0.0258,0.4929
05-JAN-2026,511074,990.00,990.00,0.0000,0.0032,0.0032,0.0611
05-JAN-2026,511092,6.10,5.99,0.0182,0.0155,0.0155,0.2961
05-JAN-2026,511096,12.00,12.00,0.0000,0.0000,0.0000,0.0000
05-JAN-2026,511110,25.75,25.93,-0.0070,0.0467,0.0466,0.8903
05-JAN-2026,511116,0.45,0.43,0.0455,0.0316,0.0317,0.6056
05-JAN-2026,511122,81.22,88.00,-0.0802,0.0396,0.0399,0.7623
05-JAN-2026,511131,17.15,17.34,-0.0110,0.0324,0.0323,0.6171
05-JAN-2026,511144,95.28,90.75,0.0487,0.1015,0.1013,1.9353
05-JAN-2026,511147,58.22,60.96,-0.0460,0.0305,0.0306,0.5846
05-JAN-2026,511153,22.76,23.50,-0.0320,0.0300,0.0300,0.5731
05-JAN-2026,511169,4.56,4.56,0.0000,0.0300,0.0299,0.5712
05-JAN-2026,511176,99.75,105.00,-0.0513,0.0301,0.0303,0.5789
05-JAN-2026,511185,12.44,12.44,0.0000,0.0082,0.0081,0.1548
05-JAN-2026,511187,2.07,2.17,-0.0472,0.0429,0.0429,0.8196
05-JAN-2026,511200,146.50,146.50,0.0000,0.0150,0.0149,0.2847
05-JAN-2026,511246,4.90,4.90,0.0000,0.0287,0.0286,0.5464
05-JAN-2026,511254,61.75,61.75,0.0000,0.0000,0.0000,0.0000
05-JAN-2026,511260,57.87,58.81,-0.0161,0.0187,0.0187,0.3573
05-JAN-2026,511355,14.14,14.65,-0.0354,0.0268,0.0269,0.5139
05-JAN-2026,511359,58.06,60.00,-0.0329,0.0300,0.0301,0.5751
05-JAN-2026,511377,33.11,33.11,0.0000,0.0291,0.0290,0.5540
05-JAN-2026,511391,80.00,81.60,-0.0198,0.0332,0.0332,0.6343
05-JAN-2026,511401,7.60,7.60,0.0000,0.0336,0.0335,0.6400
05-JAN-2026,511411,33.10,33.10,0.0000,0.0413,0.0412,0.7871
05-JAN-2026,511441,25.80,24.59,0.0480,0.0353,0.0353,0.6744
05-JAN-2026,511447,0.62,0.65,-0.0473,0.0355,0.0356,0.6801
05-JAN-2026,511451,11.10,11.13,-0.0027,0.0383,0.0382,0.7298
05-JAN-2026,511463,10.08,10.05,0.0030,0.0280,0.0279,0.5330
05-JAN-2026,511493,4.12,4.17,-0.0121,0.0406,0.0405,0.7738
05-JAN-2026,511501,28.30,28.75,-0.0158,0.0297,0.0296,0.5655
05-JAN-2026,511507,45.96,44.10,0.0413,0.0376,0.0376,0.7183
05-JAN-2026,511509,31.32,31.62,-0.0095,0.0304,0.0304,0.5808
05-JAN-2026,511523,19.00,18.86,0.0074,0.0288,0.0288,0.5502
05-JAN-2026,511525,2.17,2.16,0.0046,0.0262,0.0262,0.5006
05-JAN-2026,511533,41.55,41.94,-0.0093,0.0344,0.0343,0.6553
05-JAN-2026,511535,34.95,34.07,0.0255,0.0480,0.0479,0.9151
05-JAN-2026,511539,15.00,15.00,0.0000,0.0273,0.0272,0.5197
05-JAN-2026,511543,37.00,35.80,0.0330,0.0353,0.0353,0.6744
05-JAN-2026,511549,74.22,72.60,0.0221,0.0276,0.0275,0.5254
05-JAN-2026,511557,4.60,4.54,0.0131,0.0564,0.0563,1.0756
05-JAN-2026,511563,24.70,26.00,-0.0513,0.0249,0.0251,0.4795
05-JAN-2026,511571,124.70,130.45,-0.0451,0.0408,0.0408,0.7795
05-JAN-2026,511577,13.72,14.83,-0.0778,0.0338,0.0341,0.6515
05-JAN-2026,511585,4.71,4.80,-0.0189,0.0166,0.0167,0.3191
05-JAN-2026,511593,19.26,18.84,0.0220,0.0442,0.0441,0.8425
05-JAN-2026,511601,8.81,9.24,-0.0477,0.0300,0.0301,0.5751
05-JAN-2026,511609,29.60,29.59,0.0003,0.0201,0.0200,0.3821
05-JAN-2026,511626,141.85,136.60,0.0377,0.0407,0.0407,0.7776
05-JAN-2026,511628,55.91,54.28,0.0296,0.0288,0.0288,0.5502
05-JAN-2026,511632,5.67,5.67,0.0000,0.0034,0.0034,0.0650
05-JAN-2026,511634,368.15,371.85,-0.0100,0.0186,0.0185,0.3534
05-JAN-2026,511636,2.64,2.60,0.0153,0.0256,0.0255,0.4872
05-JAN-2026,511644,475.30,452.70,0.0487,0.0339,0.0340,0.6496
05-JAN-2026,511654,72.00,73.16,-0.0160,0.0408,0.0407,0.7776
05-JAN-2026,511658,18.45,19.18,-0.0388,0.0349,0.0349,0.6668
05-JAN-2026,511660,7.50,7.50,0.0000,0.0103,0.0103,0.1968
05-JAN-2026,511664,10.70,11.26,-0.0510,0.0368,0.0369,0.7050
05-JAN-2026,511672,33.96,35.89,-0.0553,0.0300,0.0302,0.5770
05-JAN-2026,511688,12.26,12.26,0.0000,0.0241,0.0240,0.4585
05-JAN-2026,511692,6.55,6.33,0.0342,0.0434,0.0433,0.8272
05-JAN-2026,511696,270.00,270.00,0.0000,0.0388,0.0387,0.7394
05-JAN-2026,511700,0.59,0.57,0.0345,0.0337,0.0337,0.6438
05-JAN-2026,511702,158.70,160.00,-0.0082,0.0279,0.0279,0.5330
05-JAN-2026,511710,2.70,2.68,0.0074,0.0373,0.0372,0.7107
05-JAN-2026,511712,75.00,77.84,-0.0372,0.0334,0.0334,0.6381
05-JAN-2026,511714,267.05,277.00,-0.0366,0.0288,0.0289,0.5521
05-JAN-2026,511716,6.34,6.30,0.0063,0.0362,0.0361,0.6897
05-JAN-2026,511728,26.08,27.25,-0.0439,0.0344,0.0344,0.6572
05-JAN-2026,511730,15.64,29.40,-0.6312,0.0190,0.0485,0.9266
05-JAN-2026,511734,16.68,17.11,-0.0255,0.0285,0.0285,0.5445
05-JAN-2026,511738,41.70,41.70,0.0000,0.0146,0.0146,0.2789
05-JAN-2026,511740,141.00,135.00,0.0435,0.0280,0.0281,0.5368
05-JAN-2026,511754,102.25,103.45,-0.0117,0.0259,0.0259,0.4948
05-JAN-2026,511756,37.80,37.80,0.0000,0.0316,0.0315,0.6018
05-JAN-2026,511758,80.11,83.50,-0.0414,0.0457,0.0457,0.8731
05-JAN-2026,511764,44.84,44.53,0.0069,0.0336,0.0335,0.6400
05-JAN-2026,512014,903.90,873.20,0.0346,0.0248,0.0248,0.4738
05-JAN-2026,512018,9.34,9.41,-0.0075,0.0259,0.0258,0.4929
05-JAN-2026,512020,13090.00,12923.35,0.0128,0.0289,0.0288,0.5502
05-JAN-2026,512022,244.45,244.45,0.0000,0.0000,0.0000,0.0000
05-JAN-2026,512024,90.30,90.30,0.0000,0.0150,0.0150,0.2866
05-JAN-2026,512025,54.22,54.21,0.0002,0.0261,0.0260,0.4967
05-JAN-2026,512026,213.05,202.95,0.0486,0.0153,0.0157,0.2999
05-JAN-2026,512036,166.35,166.35,0.0000,0.0311,0.0310,0.5923
05-JAN-2026,512038,490.40,500.95,-0.0213,0.0270,0.0270,0.5158
05-JAN-2026,512047,6.74,6.64,0.0149,0.0330,0.0329,0.6286
05-JAN-2026,512048,3.45,3.37,0.0235,0.0309,0.0308,0.5884
05-JAN-2026,512062,14.01,14.01,0.0000,0.0074,0.0074,0.1414
05-JAN-2026,512063,45.34,45.34,0.0000,0.0116,0.0116,0.2216
05-JAN-2026,512064,62.48,59.51,0.0487,0.0357,0.0357,0.6820
05-JAN-2026,512065,5.95,5.84,0.0187,0.1229,0.1226,2.3423
05-JAN-2026,512068,94.14,94.53,-0.0041,0.0344,0.0343,0.6553
05-JAN-2026,512091,7.52,7.52,0.0000,0.0370,0.0369,0.7050
05-JAN-2026,512093,4.49,4.36,0.0294,0.0279,0.0279,0.5330
05-JAN-2026,512097,0.29,0.31,-0.0667,0.0387,0.0389,0.7432
05-JAN-2026,512099,969.00,969.00,0.0000,0.0278,0.0278,0.5311
05-JAN-2026,512101,17.40,17.40,0.0000,0.0000,0.0000,0.0000
05-JAN-2026,512103,377.20,397.00,-0.0512,0.0261,0.0263,0.5025
05-JAN-2026,512109,51.81,51.81,0.0000,0.0106,0.0105,0.2006
05-JAN-2026,512115,83.58,85.43,-0.0219,0.0350,0.0350,0.6687
05-JAN-2026,512117,3.67,3.67,0.0000,0.0000,0.0000,0.0000
05-JAN-2026,512149,2.17,2.07,0.0472,0.0336,0.0337,0.6438
05-JAN-2026,512153,10.55,10.55,0.0000,0.0109,0.0109,0.2082
05-JAN-2026,512165,31.18,30.62,0.0181,0.0329,0.0328,0.6266
05-JAN-2026,512169,21.72,21.72,0.0000,0.0260,0.0259,0.4948
05-JAN-2026,512175,4.40,4.63,-0.0510,0.0326,0.0328,0.6266
05-JAN-2026,512197,4.91,4.68,0.0480,0.0340,0.0341,0.6515
05-JAN-2026,512213,2.71,2.71,0.0000,0.0000,0.0000,0.0000
05-JAN-2026,512217,19.14,18.26,0.0471,0.0354,0.0355,0.6782
05-JAN-2026,512221,14.45,14.45,0.0000,0.0032,0.0032,0.0611
05-JAN-2026,512229,175.00,172.30,0.0155,0.0162,0.0162,0.3095
05-JAN-2026,512233,26.16,26.17,-0.0004,0.0027,0.0027,0.0516
05-JAN-2026,512247,3.03,2.96,0.0234,0.0238,0.0238,0.4547
05-JAN-2026,512257,3.66,3.64,0.0055,0.0233,0.0233,0.4451
05-JAN-2026,512261,3.00,3.00,0.0000,0.0000,0.0000,0.0000
05-JAN-2026,512267,10.02,10.14,-0.0119,0.0329,0.0328,0.6266
05-JAN-2026,512271,116.50,116.50,0.0000,0.0005,0.0005,0.0096
05-JAN-2026,512277,909.75,866.45,0.0488,0.1204,0.1201,2.2945
05-JAN-2026,512279,38.04,40.04,-0.0512,0.0235,0.0237,0.4528
05-JAN-2026,512297,19.01,18.11,0.0485,0.0368,0.0369,0.7050
05-JAN-2026,512301,19.70,20.10,-0.0201,0.0319,0.0318,0.6075
05-JAN-2026,512344,3.54,3.72,-0.0496,0.0337,0.0338,0.6457
05-JAN-2026,512345,163.00,163.00,0.0000,0.0229,0.0228,0.4356
05-JAN-2026,512361,43.65,45.94,-0.0511,0.0281,0.0283,0.5407
05-JAN-2026,512367,11.52,11.52,0.0000,0.0011,0.0011,0.0210
05-JAN-2026,512377,5.64,5.64,0.0000,0.0041,0.0041,0.0783
05-JAN-2026,512379,3.11,3.15,-0.0128,0.0307,0.0306,0.5846
05-JAN-2026,512393,35.64,35.50,0.0039,0.0275,0.0274,0.5235
05-JAN-2026,512399,38.39,39.41,-0.0262,0.0283,0.0283,0.5407
05-JAN-2026,512404,0.05,0.05,0.0000,0.0136,0.0136,0.2598
05-JAN-2026,512405,22.31,22.31,0.0000,0.0059,0.0059,0.1127
05-JAN-2026,512408,10.05,10.05,0.0000,0.0000,0.0000,0.0000
05-JAN-2026,512415,7.49,7.64,-0.0198,0.0335,0.0334,0.6381
05-JAN-2026,512425,674.00,646.50,0.0417,0.0309,0.0309,0.5903
05-JAN-2026,512437,401.05,396.00,0.0127,0.0324,0.0323,0.6171
05-JAN-2026,512441,0.43,0.43,0.0000,0.0400,0.0399,0.7623
05-JAN-2026,512443,15.25,15.37,-0.0078,0.0339,0.0338,0.6457
05-JAN-2026,512453,658.50,669.00,-0.0158,0.0258,0.0257,0.4910
05-JAN-2026,512477,234.50,239.45,-0.0209,0.0422,0.0421,0.8043
05-JAN-2026,512479,630.00,630.00,0.0000,0.0105,0.0105,0.2006
05-JAN-2026,512481,5.70,6.00,-0.0513,0.0297,0.0298,0.5693
05-JAN-2026,512485,141.55,141.55,0.0000,0.0343,0.0343,0.6553
05-JAN-2026,512489,19.05,19.00,0.0026,0.0404,0.0403,0.7699
05-JAN-2026,512493,49.03,52.13,-0.0613,0.0307,0.0309,0.5903
05-JAN-2026,512499,0.49,0.49,0.0000,0.0085,0.0084,0.1605
05-JAN-2026,512511,1.08,1.08,0.0000,0.0030,0.0030,0.0573
05-JAN-2026,512527,710.00,717.65,-0.0107,0.0245,0.0245,0.4681
05-JAN-2026,512565,50.88,50.88,0.0000,0.0272,0.0272,0.5197
05-JAN-2026,512587,38.34,39.32,-0.0252,0.0362,0.0362,0.6916
05-JAN-2026,512589,179.95,182.80,-0.0157,0.0343,0.0342,0.6534
05-JAN-2026,512591,1.94,1.85,0.0475,0.0416,0.0416,0.7948
05-JAN-2026,512595,479.05,495.00,-0.0328,0.0310,0.0310,0.5923
05-JAN-2026,512600,84.51,86.03,-0.0178,0.0277,0.0277,0.5292
05-JAN-2026,512604,5.99,5.81,0.0305,0.0296,0.0296,0.5655
05-JAN-2026,512618,10.11,9.89,0.0220,0.0416,0.0416,0.7948
05-JAN-2026,512624,5.68,5.80,-0.0209,0.0332,0.0332,0.6343
05-JAN-2026,512634,148.25,144.80,0.0235,0.0237,0.0237,0.4528
05-JAN-2026,513005,45.60,47.00,-0.0302,0.0358,0.0358,0.6840
05-JAN-2026,513039,3.31,3.31,0.0000,0.0000,0.0000,0.0000
05-JAN-2026,513043,138.30,138.85,-0.0040,0.0369,0.0368,0.7031
05-JAN-2026,513059,32.41,32.27,0.0043,0.0269,0.0268,0.5120
05-JAN-2026,513063,23.19,22.23,0.0423,0.0356,0.0357,0.6820
05-JAN-2026,513117,7.19,7.30,-0.0152,0.0302,0.0301,0.5751
05-JAN-2026,513119,599.00,570.50,0.0487,0.0344,0.0345,0.6591
05-JAN-2026,513149,656.40,656.40,0.0000,0.0308,0.0307,0.5865
05-JAN-2026,513173,24.83,24.63,0.0081,0.0290,0.0289,0.5521
05-JAN-2026,513252,929.80,930.60,-0.0009,0.0361,0.0360,0.6878
05-JAN-2026,513295,361.55,380.55,-0.0512,0.0398,0.0399,0.7623
05-JAN-2026,513303,15.04,15.89,-0.0550,0.0301,0.0303,0.5789
05-JAN-2026,513307,1755.05,1800.00,-0.0253,0.0594,0.0593,1.1329
05-JAN-2026,513309,7.64,7.71,-0.0091,0.0345,0.0344,0.6572
05-JAN-2026,513337,0.73,0.74,-0.0136,0.0328,0.0327,0.6247
05-JAN-2026,513353,274.75,292.45,-0.0624,0.0251,0.0254,0.4853
05-JAN-2026,513361,11.87,12.02,-0.0126,0.0350,0.0350,0.6687
05-JAN-2026,513369,142.95,142.95,0.0000,0.0330,0.0329,0.6286
05-JAN-2026,513397,11.50,11.39,0.0096,0.0269,0.0268,0.5120
05-JAN-2026,513401,26.68,27.32,-0.0237,0.0378,0.0377,0.7203
05-JAN-2026,513403,11.07,11.07,0.0000,0.0439,0.0438,0.8368
05-JAN-2026,513418,5.05,5.17,-0.0235,0.0294,0.0294,0.5617
05-JAN-2026,513422,37.00,37.00,0.0000,0.0429,0.0428,0.8177
05-JAN-2026,513430,26.49,26.49,0.0000,0.0311,0.0310,0.5923
05-JAN-2026,513452,13.39,13.98,-0.0431,0.0351,0.0351,0.6706
05-JAN-2026,513456,58.00,57.24,0.0132,0.0298,0.0298,0.5693
05-JAN-2026,513460,8.75,9.17,-0.0469,0.0347,0.0347,0.6629
05-JAN-2026,513472,481.30,476.55,0.0099,0.0306,0.0305,0.5827
05-JAN-2026,513488,24.94,23.10,0.0766,0.0324,0.0327,0.6247
05-JAN-2026,513496,165.35,162.15,0.0195,0.0412,0.0412,0.7871
05-JAN-2026,513498,88.36,90.99,-0.0293,0.0333,0.0333,0.6362
05-JAN-2026,513502,11.42,10.79,0.0567,0.0372,0.0373,0.7126
05-JAN-2026,513507,163.40,161.65,0.0108,0.0253,0.0253,0.4834
05-JAN-2026,513511,320.00,320.85,-0.0027,0.0336,0.0335,0.6400
05-JAN-2026,513513,9.62,10.05,-0.0437,0.0421,0.0421,0.8043
05-JAN-2026,513528,12.65,12.05,0.0486,0.0354,0.0354,0.6763
05-JAN-2026,513532,299.50,299.60,-0.0003,0.0317,0.0317,0.6056
05-JAN-2026,513536,98.20,90.23,0.0846,0.0276,0.0282,0.5388
05-JAN-2026,513540,41.36,41.36,0.0000,0.0255,0.0255,0.4872
05-JAN-2026,513544,112.95,114.05,-0.0097,0.0375,0.0374,0.7145
05-JAN-2026,513548,188.30,173.65,0.0810,0.0373,0.0376,0.7183
05-JAN-2026,513566,13.96,13.88,0.0057,0.0297,0.0296,0.5655
05-JAN-2026,513575,28.12,28.27,-0.0053,0.0287,0.0286,0.5464
05-JAN-2026,513579,6.64,6.64,0.0000,0.0254,0.0253,0.4834
05-JAN-2026,513629,33.70,35.31,-0.0467,0.0342,0.0343,0.6553
05-JAN-2026,513642,49.96,54.87,-0.0937,0.0462,0.0465,0.8884
05-JAN-2026,513687,4.52,4.40,0.0269,0.0315,0.0315,0.6018
05-JAN-2026,513693,27.97,27.58,0.0140,0.0264,0.0264,0.5044
05-JAN-2026,513699,28.07,28.71,-0.0225,0.0370,0.0369,0.7050
05-JAN-2026,513709,200.90,207.80,-0.0338,0.0324,0.0324,0.6190
05-JAN-2026,513713,4.02,4.00,0.0050,0.0278,0.0277,0.5292
05-JAN-2026,513721,15.73,15.14,0.0382,0.0332,0.0332,0.6343
05-JAN-2026,514010,24.98,22.05,0.1248,0.0306,0.0318,0.6075
05-JAN-2026,514028,45.50,47.79,-0.0491,0.0327,0.0328,0.6266
05-JAN-2026,514030,123.50,123.10,0.0032,0.0215,0.0215,0.4108
05-JAN-2026,514060,5.99,5.99,0.0000,0.0288,0.0288,0.5502
05-JAN-2026,514087,49.92,48.73,0.0241,0.0308,0.0307,0.5865
05-JAN-2026,514113,23.31,22.20,0.0488,0.0291,0.0292,0.5579
05-JAN-2026,514128,37.44,39.41,-0.0513,0.0293,0.0294,0.5617
05-JAN-2026,514138,332.20,330.10,0.0063,0.0262,0.0261,0.4986
05-JAN-2026,514140,23.45,23.45,0.0000,0.0342,0.0341,0.6515
05-JAN-2026,514165,6.38,6.33,0.0079,0.0239,0.0239,0.4566
05-JAN-2026,514171,36.70,35.85,0.0234,0.0404,0.0403,0.7699
05-JAN-2026,514177,53.09,53.09,0.0000,0.0246,0.0246,0.4700
05-JAN-2026,514183,95.73,96.06,-0.0034,0.0205,0.0204,0.3897
05-JAN-2026,514197,5.08,5.37,-0.0555,0.0373,0.0374,0.7145
05-JAN-2026,514221,0.23,0.23,0.0000,0.0079,0.0079,0.1509
05-JAN-2026,514223,20.07,19.68,0.0196,0.0453,0.0452,0.8635
05-JAN-2026,514236,0.10,0.10,0.0000,0.0000,0.0000,0.0000
05-JAN-2026,514238,1114.20,1101.60,0.0114,0.0287,0.0286,0.5464
05-JAN-2026,514240,8.00,7.89,0.0138,0.0296,0.0296,0.5655
05-JAN-2026,514248,44.26,42.16,0.0486,0.0343,0.0344,0.6572
05-JAN-2026,514260,25.16,25.16,0.0000,0.0149,0.0148,0.2828
05-JAN-2026,514264,16.95,17.00,-0.0029,0.0379,0.0378,0.7222
05-JAN-2026,514266,58.82,57.52,0.0223,0.0220,0.0220,0.4203
05-JAN-2026,514272,102.00,101.80,0.0020,0.0267,0.0267,0.5101
05-JAN-2026,514280,143.30,143.70,-0.0028,0.0426,0.0425,0.8120
05-JAN-2026,514302,162.40,169.00,-0.0398,0.0282,0.0283,0.5407
05-JAN-2026,514312,41.05,41.30,-0.0061,0.0347,0.0347,0.6629
05-JAN-2026,514316,107.00,104.40,0.0246,0.0266,0.0266,0.5082
05-JAN-2026,514318,395.00,394.00,0.0025,0.0242,0.0241,0.4604
05-JAN-2026,514322,81.78,83.97,-0.0264,0.0383,0.0382,0.7298
05-JAN-2026,514324,535.00,514.00,0.0400,0.0346,0.0346,0.6610
05-JAN-2026,514326,7.95,8.36,-0.0503,0.0309,0.0310,0.5923
05-JAN-2026,514330,601.70,632.15,-0.0494,0.0381,0.0381,0.7279
05-JAN-2026,514332,35.43,36.31,-0.0245,0.0364,0.0364,0.6954
05-JAN-2026,514336,79.17,80.64,-0.0184,0.0244,0.0244,0.4662
05-JAN-2026,514358,118.70,117.60,0.0093,0.0441,0.0440,0.8406
05-JAN-2026,514360,39.79,39.94,-0.0038,0.0383,0.0382,0.7298
05-JAN-2026,514378,13.52,13.44,0.0059,0.0312,0.0311,0.5942
05-JAN-2026,514386,8.24,8.26,-0.0024,0.0293,0.0292,0.5579
05-JAN-2026,514400,11.81,12.30,-0.0407,0.0316,0.0317,0.6056
05-JAN-2026,514402,13.14,13.81,-0.0497,0.0301,0.0302,0.5770
05-JAN-2026,514412,162.30,165.60,-0.0201,0.0323,0.0323,0.6171
05-JAN-2026,514414,4.81,4.72,0.0189,0.0205,0.0205,0.3917
05-JAN-2026,514428,323.00,327.70,-0.0144,0.0253,0.0253,0.4834
05-JAN-2026,514440,83.86,85.04,-0.0140,0.0264,0.0264,0.5044
05-JAN-2026,514442,22.06,22.78,-0.0321,0.0352,0.0352,0.6725
05-JAN-2026,514448,1145.10,1120.35,0.0219,0.0164,0.0164,0.3133
05-JAN-2026,514454,36.15,38.05,-0.0512,0.0292,0.0293,0.5598
05-JAN-2026,514460,23.00,23.00,0.0000,0.0266,0.0265,0.5063
05-JAN-2026,514470,76.86,77.48,-0.0080,0.0255,0.0255,0.4872
05-JAN-2026,515008,209.70,214.90,-0.0245,0.0327,0.0326,0.6228
05-JAN-2026,515043,106.80,107.20,-0.0037,0.0177,0.0176,0.3362
05-JAN-2026,515059,34.00,34.75,-0.0218,0.0364,0.0363,0.6935
05-JAN-2026,515085,7.00,6.73,0.0393,0.0365,0.0365,0.6973
05-JAN-2026,515127,1.29,1.35,-0.0455,0.0355,0.0356,0.6801
05-JAN-2026,515147,94.34,94.63,-0.0031,0.0322,0.0322,0.6152
05-JAN-2026,516003,179.25,181.65,-0.0133,0.0282,0.0282,0.5388
05-JAN-2026,516020,5.05,5.29,-0.0464,0.0294,0.0295,0.5636
05-JAN-2026,516032,9.80,10.17,-0.0371,0.0306,0.0306,0.5846
05-JAN-2026,516038,200.15,190.65,0.0486,0.0267,0.0269,0.5139
05-JAN-2026,516062,2.86,2.81,0.0176,0.0292,0.0292,0.5579
05-JAN-2026,516078,69.31,71.15,-0.0262,0.0359,0.0359,0.6859
05-JAN-2026,516096,194.35,189.65,0.0245,0.0415,0.0414,0.7909
05-JAN-2026,516098,9.68,9.65,0.0031,0.0329,0.0328,0.6266
05-JAN-2026,516106,7.25,7.41,-0.0218,0.0314,0.0314,0.5999
05-JAN-2026,516108,90.40,90.51,-0.0012,0.0263,0.0263,0.5025
05-JAN-2026,516110,3.72,3.72,0.0000,0.0278,0.0277,0.5292
05-JAN-2026,517035,204.35,209.60,-0.0254,0.0359,0.0359,0.6859
05-JAN-2026,517044,29.45,31.00,-0.0513,0.0303,0.0305,0.5827
05-JAN-2026,517063,154.70,147.85,0.0453,0.0337,0.0338,0.6457
05-JAN-2026,517077,72.96,72.96,0.0000,0.0305,0.0305,0.5827
05-JAN-2026,517096,78.46,77.82,0.0082,0.0426,0.0425,0.8120
05-JAN-2026,517119,22.23,22.99,-0.0336,0.0297,0.0297,0.5674
05-JAN-2026,517166,142.25,139.50,0.0195,0.0353,0.0352,0.6725
05-JAN-2026,517170,31.86,32.10,-0.0075,0.0323,0.0322,0.6152
05-JAN-2026,517172,12.00,12.00,0.0000,0.0090,0.0090,0.1719
05-JAN-2026,517201,64.00,62.05,0.0309,0.0394,0.0394,0.7527
05-JAN-2026,517236,120.00,121.50,-0.0124,0.0328,0.0327,0.6247
05-JAN-2026,517238,203.50,215.75,-0.0585,0.0367,0.0368,0.7031
05-JAN-2026,517246,175.20,175.95,-0.0043,0.0331,0.0330,0.6305
05-JAN-2026,517258,222.05,212.45,0.0442,0.0350,0.0350,0.6687
05-JAN-2026,517264,96.47,96.49,-0.0002,0.0309,0.0308,0.5884
05-JAN-2026,517286,52.50,52.87,-0.0070,0.0195,0.0195,0.3725
05-JAN-2026,517288,57.52,58.85,-0.0229,0.0309,0.0309,0.5903
05-JAN-2026,517320,37.80,37.06,0.0198,0.0400,0.0400,0.7642
05-JAN-2026,517336,6.20,6.20,0.0000,0.0158,0.0158,0.3019
05-JAN-2026,517356,1.28,1.26,0.0157,0.0291,0.0291,0.5560
05-JAN-2026,517360,19.69,19.17,0.0268,0.0372,0.0372,0.7107
05-JAN-2026,517370,78.25,77.61,0.0082,0.0386,0.0385,0.7355
05-JAN-2026,517372,438.95,430.55,0.0193,0.0264,0.0264,0.5044
05-JAN-2026,517393,13.20,13.56,-0.0269,0.0361,0.0360,0.6878
05-JAN-2026,517397,45.00,43.58,0.0321,0.0339,0.0339,0.6477
05-JAN-2026,517399,2.87,3.02,-0.0509,0.0345,0.0346,0.6610
05-JAN-2026,517415,8.58,8.68,-0.0116,0.0306,0.0305,0.5827
05-JAN-2026,517417,243.40,249.30,-0.0240,0.0312,0.0311,0.5942
05-JAN-2026,517423,119.35,125.60,-0.0510,0.0290,0.0291,0.5560
05-JAN-2026,517429,85.05,86.01,-0.0112,0.0301,0.0300,0.5731
05-JAN-2026,517431,27.45,28.56,-0.0396,0.0566,0.0565,1.0794
05-JAN-2026,517437,108.85,108.85,0.0000,0.0313,0.0312,0.5961
05-JAN-2026,517449,882.55,866.65,0.0182,0.0283,0.0282,0.5388
05-JAN-2026,517467,150.85,150.70,0.0010,0.0280,0.0279,0.5330
05-JAN-2026,517477,349.00,348.40,0.0017,0.0218,0.0218,0.4165
05-JAN-2026,517494,14.87,15.60,-0.0479,0.0263,0.0265,0.5063
05-JAN-2026,517514,161.20,164.65,-0.0212,0.0340,0.0340,0.6496
05-JAN-2026,517546,38.25,39.70,-0.0372,0.0324,0.0324,0.6190
05-JAN-2026,517554,0.87,0.87,0.0000,0.0294,0.0293,0.5598
05-JAN-2026,517564,57.12,57.12,0.0000,0.0098,0.0097,0.1853
05-JAN-2026,518011,66.70,69.97,-0.0479,0.0408,0.0409,0.7814
05-JAN-2026,518053,67.90,66.57,0.0198,0.0256,0.0256,0.4891
05-JAN-2026,518075,212.45,217.85,-0.0251,0.0290,0.0290,0.5540
05-JAN-2026,519014,19.57,20.59,-0.0508,0.0313,0.0314,0.5999
05-JAN-2026,519031,147.40,147.40,0.0000,0.0235,0.0234,0.4471
05-JAN-2026,519064,127.20,129.70,-0.0195,0.0500,0.0499,0.9533
05-JAN-2026,519097,72.89,70.06,0.0396,0.0346,0.0346,0.6610
05-JAN-2026,519152,9950.00,9994.00,-0.0044,0.0254,0.0253,0.4834
05-JAN-2026,519174,10.34,10.34,0.0000,0.0347,0.0347,0.6629
05-JAN-2026,519191,1.70,1.70,0.0000,0.0397,0.0396,0.7566
05-JAN-2026,519214,10.33,10.87,-0.0510,0.0310,0.0311,0.5942
05-JAN-2026,519216,28.77,28.64,0.0045,0.0287,0.0286,0.5464
05-JAN-2026,519230,23.11,22.96,0.0065,0.0311,0.0310,0.5923
05-JAN-2026,519234,42.80,42.06,0.0174,0.0410,0.0409,0.7814
05-JAN-2026,519238,36.88,38.32,-0.0383,0.0278,0.0278,0.5311
05-JAN-2026,519242,74.11,74.11,0.0000,0.0319,0.0318,0.6075
05-JAN-2026,519262,18.52,19.15,-0.0335,0.0394,0.0394,0.7527
05-JAN-2026,519279,5.87,6.17,-0.0498,0.0299,0.0300,0.5731
05-JAN-2026,519285,8.21,8.05,0.0197,0.0329,0.0328,0.6266
05-JAN-2026,519287,36.95,36.93,0.0005,0.0322,0.0321,0.6133
05-JAN-2026,519295,236.25,239.45,-0.0135,0.0254,0.0254,0.4853
05-JAN-2026,519299,50.23,51.03,-0.0158,0.0359,0.0359,0.6859
05-JAN-2026,519307,1.17,1.21,-0.0336,0.0459,0.0459,0.8769
05-JAN-2026,519331,45.97,45.97,0.0000,0.0338,0.0337,0.6438
05-JAN-2026,519353,15.86,15.86,0.0000,0.0174,0.0174,0.3324
05-JAN-2026,519359,67.88,67.45,0.0064,0.0316,0.0315,0.6018
05-JAN-2026,519367,417.35,417.95,-0.0014,0.0324,0.0323,0.6171
05-JAN-2026,519397,145.05,143.65,0.0097,0.0247,0.0247,0.4719
05-JAN-2026,519413,21.58,21.58,0.0000,0.0093,0.0093,0.1777
05-JAN-2026,519415,48.00,48.00,0.0000,0.0119,0.0119,0.2273
05-JAN-2026,519421,238.15,230.10,0.0344,0.0223,0.0224,0.4280
05-JAN-2026,519439,22.76,22.76,0.0000,0.0114,0.0114,0.2178
05-JAN-2026,519455,64.00,63.33,0.0105,0.0326,0.0326,0.6228
05-JAN-2026,519457,38.90,37.91,0.0258,0.0317,0.0317,0.6056
05-JAN-2026,519463,298.00,299.00,-0.0034,0.0398,0.0397,0.7585
05-JAN-2026,519471,230.00,239.75,-0.0415,0.0358,0.0358,0.6840
05-JAN-2026,519475,80.00,76.95,0.0389,0.0295,0.0295,0.5636
05-JAN-2026,519477,1299.05,1362.25,-0.0475,0.0384,0.0385,0.7355
05-JAN-2026,519479,9.90,9.57,0.0339,0.0339,0.0339,0.6477
05-JAN-2026,519483,27.99,27.75,0.0086,0.0348,0.0347,0.6629
05-JAN-2026,519500,9.74,9.75,-0.0010,0.0322,0.0321,0.6133
05-JAN-2026,519506,27.75,29.19,-0.0506,0.0302,0.0304,0.5808
05-JAN-2026,519532,9.89,10.00,-0.0111,0.0250,0.0250,0.4776
05-JAN-2026,519566,181.10,180.00,0.0061,0.0271,0.0271,0.5177
05-JAN-2026,519574,54.17,54.29,-0.0022,0.0353,0.0352,0.6725
05-JAN-2026,519604,28.54,30.03,-0.0509,0.0461,0.0461,0.8807
05-JAN-2026,519606,34.32,36.12,-0.0511,0.0285,0.0287,0.5483
05-JAN-2026,519612,88.00,89.90,-0.0214,0.0369,0.0369,0.7050
05-JAN-2026,520075,135.90,136.95,-0.0077,0.0214,0.0214,0.4088
05-JAN-2026,520081,22.00,22.00,0.0000,0.0223,0.0223,0.4260
05-JAN-2026,520121,8.67,8.26,0.0484,0.0373,0.0373,0.7126
05-JAN-2026,520123,75.49,74.71,0.0104,0.0288,0.0287,0.5483
05-JAN-2026,520127,14.55,14.88,-0.0224,0.0350,0.0350,0.6687
05-JAN-2026,520131,32.23,30.70,0.0486,0.0240,0.0242,0.4623
05-JAN-2026,520141,8.77,8.35,0.0491,0.0337,0.0338,0.6457
05-JAN-2026,520155,36.50,38.19,-0.0453,0.0364,0.0364,0.6954
05-JAN-2026,521003,20.83,20.83,0.0000,0.0128,0.0127,0.2426
05-JAN-2026,521005,1.26,1.32,-0.0465,0.0513,0.0513,0.9801
05-JAN-2026,521036,4.81,4.81,0.0000,0.0124,0.0124,0.2369
05-JAN-2026,521048,25.60,24.15,0.0583,0.0370,0.0372,0.7107
05-JAN-2026,521054,14.07,15.26,-0.0812,0.0366,0.0370,0.7069
05-JAN-2026,521062,4.70,4.89,-0.0396,0.0356,0.0357,0.6820
05-JAN-2026,521068,42.80,42.80,0.0000,0.0249,0.0249,0.4757
05-JAN-2026,521080,7.34,7.79,-0.0595,0.0355,0.0356,0.6801
05-JAN-2026,521097,142.75,143.05,-0.0021,0.0226,0.0226,0.4318
05-JAN-2026,521105,34.29,34.55,-0.0076,0.0318,0.0317,0.6056
05-JAN-2026,521113,73.86,79.69,-0.0760,0.0337,0.0340,0.6496
05-JAN-2026,521131,25.41,25.18,0.0091,0.0302,0.0301,0.5751
05-JAN-2026,521133,4.65,4.65,0.0000,0.0223,0.0223,0.4260
05-JAN-2026,521137,8.61,8.88,-0.0309,0.0335,0.0335,0.6400
05-JAN-2026,521141,18.52,19.00,-0.0256,0.0264,0.0264,0.5044
05-JAN-2026,521149,9.41,9.49,-0.0085,0.0389,0.0389,0.7432
05-JAN-2026,521151,57.70,57.75,-0.0009,0.0311,0.0311,0.5942
05-JAN-2026,521161,32.25,32.97,-0.0221,0.0429,0.0429,0.8196
05-JAN-2026,521167,47.34,45.09,0.0487,0.1231,0.1228,2.3461
05-JAN-2026,521178,42.00,42.78,-0.0184,0.0324,0.0323,0.6171
05-JAN-2026,521188,17.95,17.95,0.0000,0.0267,0.0266,0.5082
05-JAN-2026,521206,1.90,1.90,0.0000,0.0316,0.0315,0.6018
05-JAN-2026,521210,11.10,11.68,-0.0509,0.0310,0.0311,0.5942
05-JAN-2026,521216,90.37,89.80,0.0063,0.0313,0.0313,0.5980
05-JAN-2026,521222,43.57,43.57,0.0000,0.0314,0.0313,0.5980
05-JAN-2026,521226,19.00,18.50,0.0267,0.0373,0.0372,0.7107
05-JAN-2026,521228,2.85,2.75,0.0357,0.0232,0.0233,0.4451
05-JAN-2026,521232,83.15,83.15,0.0000,0.0296,0.0295,0.5636
05-JAN-2026,521234,28.78,31.34,-0.0852,0.0412,0.0415,0.7929
05-JAN-2026,521238,140.85,142.35,-0.0106,0.0410,0.0409,0.7814
05-JAN-2026,521240,97.90,105.50,-0.0748,0.0321,0.0325,0.6209
05-JAN-2026,521242,44.00,46.27,-0.0503,0.0275,0.0277,0.5292
05-JAN-2026,521244,125.00,125.00,0.0000,0.0292,0.0291,0.5560
05-JAN-2026,522001,64.28,67.08,-0.0426,0.0340,0.0341,0.6515
05-JAN-2026,522004,100.05,102.90,-0.0281,0.0360,0.0359,0.6859
05-JAN-2026,522005,133.55,137.95,-0.0324,0.0269,0.0270,0.5158
05-JAN-2026,522017,707.30,686.85,0.0293,0.0293,0.0293,0.5598
05-JAN-2026,522027,442.25,437.90,0.0099,0.0267,0.0266,0.5082
05-JAN-2026,522036,83.00,79.80,0.0393,0.0240,0.0241,0.4604
05-JAN-2026,522091,219.35,182.80,0.1823,0.0350,0.0372,0.7107
05-JAN-2026,522101,585.70,582.60,0.0053,0.0205,0.0205,0.3917
05-JAN-2026,522105,43.47,44.57,-0.0250,0.0278,0.0278,0.5311
05-JAN-2026,522122,1697.55,1690.80,0.0040,0.0216,0.0216,0.4127
05-JAN-2026,522134,147.05,140.05,0.0488,0.0297,0.0298,0.5693
05-JAN-2026,522152,112.45,112.20,0.0022,0.0341,0.0341,0.6515
05-JAN-2026,522165,44.48,45.95,-0.0325,0.0298,0.0298,0.5693
05-JAN-2026,522171,6.64,6.64,0.0000,0.0236,0.0235,0.4490
05-JAN-2026,522183,303.65,297.25,0.0213,0.0240,0.0239,0.4566
05-JAN-2026,522195,4275.80,4364.90,-0.0206,0.0346,0.0346,0.6610
05-JAN-2026,522207,68.70,65.09,0.0540,0.0337,0.0339,0.6477
05-JAN-2026,522209,7.95,7.78,0.0216,0.0436,0.0435,0.8311
05-JAN-2026,522229,294.75,300.30,-0.0187,0.0292,0.0291,0.5560
05-JAN-2026,522231,96.30,98.80,-0.0256,0.0378,0.0378,0.7222
05-JAN-2026,522235,3.08,3.07,0.0033,0.0307,0.0306,0.5846
05-JAN-2026,522237,27.80,27.80,0.0000,0.0433,0.0432,0.8253
05-JAN-2026,522245,11.89,12.51,-0.0508,0.0351,0.0352,0.6725
05-JAN-2026,522251,237.20,230.45,0.0289,0.0326,0.0326,0.6228
05-JAN-2026,522267,46.88,49.92,-0.0628,0.0382,0.0384,0.7336
05-JAN-2026,522273,192.95,188.75,0.0220,0.0312,0.0312,0.5961
05-JAN-2026,522289,54.18,51.60,0.0488,0.0333,0.0334,0.6381
05-JAN-2026,522292,148.75,147.90,0.0057,0.0285,0.0285,0.5445
05-JAN-2026,522294,183.60,189.60,-0.0322,0.0286,0.0287,0.5483
05-JAN-2026,522650,96.41,97.78,-0.0141,0.0380,0.0379,0.7241
05-JAN-2026,523007,128.90,118.00,0.0884,0.0320,0.0325,0.6209
05-JAN-2026,523019,17.18,17.12,0.0035,0.0311,0.0311,0.5942
05-JAN-2026,523021,45.80,47.47,-0.0358,0.0375,0.0375,0.7164
05-JAN-2026,523054,2555.50,2555.50,0.0000,0.0231,0.0231,0.4413
05-JAN-2026,523062,41.37,41.49,-0.0029,0.0376,0.0375,0.7164
05-JAN-2026,523100,160.55,158.15,0.0151,0.0342,0.0341,0.6515
05-JAN-2026,523105,19.52,19.33,0.0098,0.0371,0.0370,0.7069
05-JAN-2026,523113,36.10,36.10,0.0000,0.0234,0.0233,0.4451
05-JAN-2026,523116,730.00,740.00,-0.0136,0.0283,0.0283,0.5407
05-JAN-2026,523120,121.80,120.30,0.0124,0.0372,0.0371,0.7088
05-JAN-2026,523144,32.86,32.62,0.0073,0.0258,0.0257,0.4910
05-JAN-2026,523151,7.20,7.21,-0.0014,0.0439,0.0437,0.8349
05-JAN-2026,523160,1544.10,1545.05,-0.0006,0.0212,0.0212,0.4050
05-JAN-2026,523186,221.00,217.50,0.0160,0.0312,0.0312,0.5961
05-JAN-2026,523222,16.05,16.37,-0.0197,0.0302,0.0302,0.5770
05-JAN-2026,523232,111.00,108.60,0.0219,0.0260,0.0260,0.4967
05-JAN-2026,523242,8.79,9.25,-0.0510,0.0348,0.0349,0.6668
05-JAN-2026,523248,305.70,306.55,-0.0028,0.0344,0.0344,0.6572
05-JAN-2026,523277,0.51,0.51,0.0000,0.0381,0.0380,0.7260
05-JAN-2026,523289,142.10,133.35,0.0636,0.0337,0.0339,0.6477
05-JAN-2026,523309,68.99,68.00,0.0145,0.0315,0.0315,0.6018
05-JAN-2026,523315,2.24,2.24,0.0000,0.0025,0.0025,0.0478
05-JAN-2026,523323,5708.10,5731.20,-0.0040,0.0199,0.0199,0.3802
05-JAN-2026,523343,10.00,10.00,0.0000,0.0000,0.0000,0.0000
05-JAN-2026,523351,21.45,21.45,0.0000,0.0155,0.0155,0.2961
05-JAN-2026,523373,26.55,24.10,0.0968,0.0313,0.0320,0.6114
05-JAN-2026,523387,1.93,1.90,0.0157,0.0189,0.0189,0.3611
05-JAN-2026,523411,1515.65,1520.30,-0.0031,0.0368,0.0367,0.7012
05-JAN-2026,523425,18.72,18.72,0.0000,0.0293,0.0292,0.5579
05-JAN-2026,523449,38.30,40.01,-0.0437,0.0367,0.0368,0.7031
05-JAN-2026,523465,41.00,40.41,0.0145,0.0282,0.0282,0.5388
05-JAN-2026,523467,1.67,1.72,-0.0295,0.0305,0.0305,0.5827
05-JAN-2026,523475,781.75,793.25,-0.0146,0.0311,0.0310,0.5923
05-JAN-2026,523483,153.80,152.00,0.0118,0.0291,0.0290,0.5540
05-JAN-2026,523489,48.54,47.77,0.0160,0.0344,0.0344,0.6572
05-JAN-2026,523519,7.03,7.03,0.0000,0.0335,0.0334,0.6381
05-JAN-2026,523537,40.32,41.30,-0.0240,0.0239,0.0239,0.4566
05-JAN-2026,523550,43.26,42.69,0.0133,0.0301,0.0301,0.5751
05-JAN-2026,523558,19.10,19.91,-0.0415,0.0286,0.0287,0.5483
05-JAN-2026,523566,46.70,49.69,-0.0621,0.0372,0.0373,0.7126
05-JAN-2026,523586,249.00,251.55,-0.0102,0.0184,0.0183,0.3496
05-JAN-2026,523594,23.05,24.13,-0.0458,0.0409,0.0409,0.7814
05-JAN-2026,523606,956.30,926.35,0.0318,0.0358,0.0358,0.6840
05-JAN-2026,523620,119.50,117.20,0.0194,0.0367,0.0367,0.7012
05-JAN-2026,523638,107.25,112.80,-0.0505,0.0309,0.0310,0.5923
05-JAN-2026,523650,37.85,38.60,-0.0196,0.0426,0.0425,0.8120
05-JAN-2026,523652,25.42,25.42,0.0000,0.0306,0.0305,0.5827
05-JAN-2026,523660,46.61,46.72,-0.0024,0.0241,0.0241,0.4604
05-JAN-2026,523672,46.71,45.95,0.0164,0.0299,0.0298,0.5693
05-JAN-2026,523676,202.65,200.25,0.0119,0.0283,0.0283,0.5407
05-JAN-2026,523696,59.12,60.08,-0.0161,0.0251,0.0251,0.4795
05-JAN-2026,523710,287.00,282.35,0.0163,0.0296,0.0295,0.5636
05-JAN-2026,523712,6.06,6.06,0.0000,0.0238,0.0237,0.4528
05-JAN-2026,523722,6.25,6.18,0.0113,0.0303,0.0302,0.5770
05-JAN-2026,523732,46.49,45.60,0.0193,0.0389,0.0389,0.7432
05-JAN-2026,523752,6.69,6.97,-0.0410,0.0348,0.0349,0.6668
05-JAN-2026,523782,13.62,14.08,-0.0332,0.0359,0.0359,0.6859
05-JAN-2026,523790,8.06,8.06,0.0000,0.0259,0.0258,0.4929
05-JAN-2026,523826,32.70,29.73,0.0952,0.0353,0.0358,0.6840
05-JAN-2026,523832,13.27,13.48,-0.0157,0.0473,0.0472,0.9018
05-JAN-2026,523840,19.39,18.90,0.0256,0.0313,0.0312,0.5961
05-JAN-2026,523842,6.75,6.95,-0.0292,0.0275,0.0275,0.5254
05-JAN-2026,523844,60.99,60.99,0.0000,0.0299,0.0298,0.5693
05-JAN-2026,523850,427.05,449.80,-0.0519,0.0243,0.0245,0.4681
05-JAN-2026,523862,37.05,38.93,-0.0495,0.0393,0.0393,0.7508
05-JAN-2026,523874,106.60,101.53,0.0487,0.0383,0.0384,0.7336
05-JAN-2026,523888,59.20,59.12,0.0014,0.0272,0.0271,0.5177
05-JAN-2026,523896,23.64,24.88,-0.0511,0.0446,0.0446,0.8521
05-JAN-2026,524013,16.92,17.10,-0.0106,0.0286,0.0286,0.5464
05-JAN-2026,524031,8.02,8.02,0.0000,0.0278,0.0278,0.5311
05-JAN-2026,524038,5.60,5.84,-0.0420,0.0411,0.0411,0.7852
05-JAN-2026,524055,61.54,60.94,0.0098,0.0226,0.0226,0.4318
05-JAN-2026,524080,60.49,63.52,-0.0489,0.0318,0.0319,0.6094
05-JAN-2026,524136,370.20,366.65,0.0096,0.0307,0.0306,0.5846
05-JAN-2026,524156,60.74,62.97,-0.0361,0.0368,0.0368,0.7031
05-JAN-2026,524174,25.04,24.70,0.0137,0.0308,0.0308,0.5884
05-JAN-2026,524202,102.00,105.55,-0.0342,0.0293,0.0293,0.5598
05-JAN-2026,524204,113.30,119.95,-0.0570,0.0336,0.0338,0.6457
05-JAN-2026,524210,42.30,40.44,0.0450,0.0409,0.0409,0.7814
05-JAN-2026,524218,102.60,102.70,-0.0010,0.0263,0.0263,0.5025
05-JAN-2026,524238,37.00,36.57,0.0117,0.0295,0.0294,0.5617
05-JAN-2026,524288,56.45,55.64,0.0145,0.0263,0.0263,0.5025
05-JAN-2026,524314,45.83,47.61,-0.0381,0.0402,0.0402,0.7680
05-JAN-2026,524322,29.67,30.82,-0.0380,0.0272,0.0273,0.5216
05-JAN-2026,524336,129.90,125.70,0.0329,0.0345,0.0345,0.6591
05-JAN-2026,524400,80.00,78.22,0.0225,0.0311,0.0311,0.5942
05-JAN-2026,524408,142.75,142.75,0.0000,0.0332,0.0332,0.6343
05-JAN-2026,524414,16.73,16.23,0.0303,0.0345,0.0345,0.6591
05-JAN-2026,524434,9.30,9.98,-0.0706,0.0291,0.0295,0.5636
05-JAN-2026,524440,35.60,35.50,0.0028,0.0306,0.0306,0.5846
05-JAN-2026,524444,1.67,1.66,0.0060,0.0257,0.0256,0.4891
05-JAN-2026,524458,11.97,12.05,-0.0067,0.0384,0.0383,0.7317
05-JAN-2026,524480,435.70,450.15,-0.0326,0.0247,0.0247,0.4719
05-JAN-2026,524488,3.11,3.17,-0.0191,0.0293,0.0292,0.5579
05-JAN-2026,524502,80.92,77.18,0.0473,0.0295,0.0297,0.5674
05-JAN-2026,524504,10.05,10.05,0.0000,0.0158,0.0158,0.3019
05-JAN-2026,524506,454.45,456.35,-0.0042,0.0277,0.0276,0.5273
05-JAN-2026,524514,40.24,41.06,-0.0202,0.0188,0.0188,0.3592
05-JAN-2026,524516,40.25,38.35,0.0484,0.0296,0.0297,0.5674
05-JAN-2026,524520,86.76,85.48,0.0149,0.0210,0.0210,0.4012
05-JAN-2026,524522,31.44,30.24,0.0389,0.0363,0.0364,0.6954
05-JAN-2026,524534,124.40,122.20,0.0178,0.0377,0.0376,0.7183
05-JAN-2026,524546,24.55,25.82,-0.0504,0.0090,0.0096,0.1834
05-JAN-2026,524548,131.40,127.20,0.0325,0.0429,0.0428,0.8177
05-JAN-2026,524564,15.14,15.93,-0.0509,0.0282,0.0284,0.5426
05-JAN-2026,524572,47.59,46.08,0.0322,0.0306,0.0307,0.5865
05-JAN-2026,524576,16.94,17.33,-0.0228,0.0288,0.0288,0.5502
05-JAN-2026,524580,18.44,18.43,0.0005,0.0387,0.0386,0.7375
05-JAN-2026,524582,167.05,168.90,-0.0110,0.0271,0.0270,0.5158
05-JAN-2026,524590,17.51,17.17,0.0196,0.0472,0.0471,0.8998
05-JAN-2026,524592,15.05,14.91,0.0093,0.0319,0.0318,0.6075
05-JAN-2026,524594,161.30,161.30,0.0000,0.0339,0.0338,0.6457
05-JAN-2026,524602,31.39,30.78,0.0196,0.0440,0.0439,0.8387
05-JAN-2026,524604,9.21,9.21,0.0000,0.0254,0.0254,0.4853
05-JAN-2026,524606,22.20,23.25,-0.0462,0.0371,0.0372,0.7107
05-JAN-2026,524614,7.13,7.13,0.0000,0.0300,0.0299,0.5712
05-JAN-2026,524622,58.64,56.74,0.0329,0.0364,0.0364,0.6954
05-JAN-2026,524624,21.77,22.31,-0.0245,0.0403,0.0402,0.7680
05-JAN-2026,524628,21.09,21.29,-0.0094,0.0426,0.0425,0.8120
05-JAN-2026,524632,54.15,56.99,-0.0511,0.0315,0.0316,0.6037
05-JAN-2026,524634,431.40,435.30,-0.0090,0.0262,0.0261,0.4986
05-JAN-2026,524636,56.00,53.55,0.0447,0.0308,0.0309,0.5903
05-JAN-2026,524640,44.36,44.71,-0.0079,0.0286,0.0286,0.5464
05-JAN-2026,524642,1.11,1.06,0.0461,0.0363,0.0364,0.6954
05-JAN-2026,524661,0.44,0.44,0.0000,0.0378,0.0377,0.7203
05-JAN-2026,524663,20.04,20.31,-0.0134,0.0295,0.0295,0.5636
05-JAN-2026,524675,15.75,15.15,0.0388,0.0358,0.0358,0.6840
05-JAN-2026,524687,11.72,11.45,0.0233,0.0246,0.0246,0.4700
05-JAN-2026,524703,37.70,38.66,-0.0251,0.0215,0.0215,0.4108
05-JAN-2026,524711,8.43,8.13,0.0362,0.0335,0.0335,0.6400
05-JAN-2026,524717,1092.90,1081.45,0.0105,0.0366,0.0365,0.6973
05-JAN-2026,524723,50.10,50.10,0.0000,0.0121,0.0121,0.2312
05-JAN-2026,524727,33.35,33.43,-0.0024,0.0300,0.0299,0.5712
05-JAN-2026,524731,1115.80,1134.55,-0.0167,0.0251,0.0251,0.4795
05-JAN-2026,524748,32.25,32.26,-0.0003,0.0321,0.0320,0.6114
05-JAN-2026,524752,9.64,9.70,-0.0062,0.0282,0.0281,0.5368
05-JAN-2026,524768,30.26,29.98,0.0093,0.0410,0.0409,0.7814
05-JAN-2026,524790,504.50,522.50,-0.0351,0.0323,0.0323,0.6171
05-JAN-2026,524808,27.21,27.78,-0.0207,0.0381,0.0380,0.7260
05-JAN-2026,524818,121.20,121.30,-0.0008,0.0318,0.0317,0.6056
05-JAN-2026,524828,416.00,414.10,0.0046,0.0313,0.0312,0.5961
05-JAN-2026,526001,9.80,9.35,0.0470,0.0364,0.0364,0.6954
05-JAN-2026,526009,1.01,1.01,0.0000,0.0068,0.0068,0.1299
05-JAN-2026,526025,14.11,13.81,0.0215,0.0354,0.0353,0.6744
05-JAN-2026,526043,51.46,52.06,-0.0116,0.0306,0.0305,0.5827
05-JAN-2026,526071,426.15,405.90,0.0487,0.0958,0.0956,1.8264
05-JAN-2026,526073,488.00,483.00,0.0103,0.0280,0.0279,0.5330
05-JAN-2026,526081,42.95,40.91,0.0487,0.0419,0.0419,0.8005
05-JAN-2026,526095,40.05,40.24,-0.0047,0.0411,0.0410,0.7833
05-JAN-2026,526113,16.03,16.87,-0.0511,0.0372,0.0372,0.7107
05-JAN-2026,526115,11.62,12.13,-0.0430,0.0350,0.0351,0.6706
05-JAN-2026,526117,420.00,420.00,0.0000,0.0346,0.0345,0.6591
05-JAN-2026,526125,386.90,379.05,0.0205,0.0331,0.0330,0.6305
05-JAN-2026,526133,6.89,6.83,0.0087,0.0331,0.0331,0.6324
05-JAN-2026,526137,125.05,124.50,0.0044,0.0344,0.0343,0.6553
05-JAN-2026,526139,2.95,2.84,0.0380,0.0329,0.0329,0.6286
05-JAN-2026,526143,7.97,8.26,-0.0357,0.0271,0.0272,0.5197
05-JAN-2026,526159,78.99,78.83,0.0020,0.0282,0.0282,0.5388
05-JAN-2026,526161,89.98,85.90,0.0464,0.0471,0.0471,0.8998
05-JAN-2026,526169,230.40,229.15,0.0054,0.0268,0.0267,0.5101
05-JAN-2026,526173,23.22,23.45,-0.0099,0.0249,0.0248,0.4738
05-JAN-2026,526179,254.95,254.00,0.0037,0.0298,0.0297,0.5674
05-JAN-2026,526187,5.06,5.06,0.0000,0.0450,0.0449,0.8578
05-JAN-2026,526193,24.37,22.25,0.0910,0.0306,0.0312,0.5961
05-JAN-2026,526211,44.84,44.19,0.0146,0.0322,0.0321,0.6133
05-JAN-2026,526225,11.25,10.75,0.0455,0.0297,0.0298,0.5693
05-JAN-2026,526231,48.20,49.99,-0.0365,0.0339,0.0339,0.6477
05-JAN-2026,526237,78.13,77.99,0.0018,0.0364,0.0364,0.6954
05-JAN-2026,526241,14.30,14.45,-0.0104,0.0275,0.0274,0.5235
05-JAN-2026,526251,17.50,17.26,0.0138,0.0379,0.0378,0.7222
05-JAN-2026,526269,114.00,114.00,0.0000,0.0313,0.0312,0.5961
05-JAN-2026,526315,55.50,55.13,0.0067,0.0202,0.0201,0.3840
05-JAN-2026,526335,9.26,9.19,0.0076,0.0434,0.0433,0.8272
05-JAN-2026,526345,17.70,17.45,0.0142,0.0262,0.0262,0.5006
05-JAN-2026,526355,66.10,66.70,-0.0090,0.0310,0.0309,0.5903
05-JAN-2026,526365,30.61,31.51,-0.0290,0.0340,0.0340,0.6496
05-JAN-2026,526373,57.51,60.40,-0.0490,0.0330,0.0331,0.6324
05-JAN-2026,526407,14.29,14.54,-0.0173,0.0294,0.0294,0.5617
05-JAN-2026,526409,8.81,9.00,-0.0213,0.0302,0.0302,0.5770
05-JAN-2026,526415,7.85,7.86,-0.0013,0.0358,0.0357,0.6820
05-JAN-2026,526431,23.96,23.49,0.0198,0.0266,0.0266,0.5082
05-JAN-2026,526433,3184.60,3185.45,-0.0003,0.0353,0.0353,0.6744
05-JAN-2026,526435,90.05,88.90,0.0129,0.0358,0.0357,0.6820
05-JAN-2026,526439,9.84,9.84,0.0000,0.0326,0.0325,0.6209
05-JAN-2026,526441,1.64,1.80,-0.0931,0.0474,0.0477,0.9113
05-JAN-2026,526443,133.75,132.80,0.0071,0.0318,0.0318,0.6075
05-JAN-2026,526445,11.19,11.36,-0.0151,0.0310,0.0310,0.5923
05-JAN-2026,526468,19.73,19.75,-0.0010,0.0385,0.0384,0.7336
05-JAN-2026,526471,26.07,26.77,-0.0265,0.0246,0.0247,0.4719
05-JAN-2026,526473,4.70,4.75,-0.0106,0.0308,0.0308,0.5884
05-JAN-2026,526477,49.40,52.00,-0.0513,0.0300,0.0301,0.5751
05-JAN-2026,526479,89.97,90.25,-0.0031,0.0297,0.0296,0.5655
05-JAN-2026,526481,37.83,39.70,-0.0482,0.0323,0.0324,0.6190
05-JAN-2026,526488,275.00,275.00,0.0000,0.0226,0.0226,0.4318
05-JAN-2026,526490,7.41,7.18,0.0315,0.0292,0.0292,0.5579
05-JAN-2026,526492,101.10,103.25,-0.0210,0.0248,0.0247,0.4719
05-JAN-2026,526494,9.70,9.70,0.0000,0.0450,0.0449,0.8578
05-JAN-2026,526500,29.71,29.71,0.0000,0.0410,0.0409,0.7814
05-JAN-2026,526504,3.01,2.87,0.0476,0.0189,0.0191,0.3649
05-JAN-2026,526508,17.05,17.49,-0.0255,0.0349,0.0349,0.6668
05-JAN-2026,526519,107.40,105.45,0.0183,0.0283,0.0282,0.5388
05-JAN-2026,526525,24.15,23.00,0.0488,0.0386,0.0386,0.7375
05-JAN-2026,526530,89.99,89.62,0.0041,0.0275,0.0275,0.5254
05-JAN-2026,526532,8.72,8.94,-0.0249,0.0412,0.0412,0.7871
05-JAN-2026,526544,3.12,3.08,0.0129,0.0353,0.0352,0.6725
05-JAN-2026,526546,126.50,128.95,-0.0192,0.0359,0.0359,0.6859
05-JAN-2026,526554,26.00,26.00,0.0000,0.0246,0.0246,0.4700
05-JAN-2026,526570,4586.80,4548.80,0.0083,0.0266,0.0266,0.5082
05-JAN-2026,526574,23.11,24.28,-0.0494,0.0380,0.0380,0.7260
05-JAN-2026,526586,430.05,430.75,-0.0016,0.0187,0.0187,0.3573
05-JAN-2026,526588,12.00,12.54,-0.0440,0.0399,0.0399,0.7623
05-JAN-2026,526604,28.52,27.17,0.0485,0.0418,0.0419,0.8005
05-JAN-2026,526614,68.28,70.07,-0.0259,0.0340,0.0339,0.6477
05-JAN-2026,526616,54.82,54.03,0.0145,0.0226,0.0225,0.4299
05-JAN-2026,526622,0.49,0.50,-0.0202,0.0278,0.0277,0.5292
05-JAN-2026,526628,55.83,55.00,0.0150,0.0274,0.0273,0.5216
05-JAN-2026,526638,84.00,83.76,0.0029,0.0318,0.0318,0.6075
05-JAN-2026,526640,37.25,37.95,-0.0186,0.0336,0.0335,0.6400
05-JAN-2026,526654,140.55,139.85,0.0050,0.0353,0.0352,0.6725
05-JAN-2026,526675,17.47,16.64,0.0487,0.0259,0.0261,0.4986
05-JAN-2026,526687,9.75,9.61,0.0145,0.0321,0.0321,0.6133
05-JAN-2026,526703,498.00,492.00,0.0121,0.0309,0.0308,0.5884
05-JAN-2026,526705,204.50,205.00,-0.0024,0.0241,0.0240,0.4585
05-JAN-2026,526709,9.93,9.80,0.0132,0.0341,0.0340,0.6496
05-JAN-2026,526711,35.80,34.36,0.0411,0.0383,0.0383,0.7317
05-JAN-2026,526717,171.30,170.35,0.0056,0.0362,0.0361,0.6897
05-JAN-2026,526721,81.70,82.46,-0.0093,0.0183,0.0183,0.3496
05-JAN-2026,526723,159.95,163.65,-0.0229,0.0252,0.0252,0.4814
05-JAN-2026,526727,67.32,66.58,0.0111,0.0360,0.0359,0.6859
05-JAN-2026,526731,260.55,266.00,-0.0207,0.0328,0.0327,0.6247
05-JAN-2026,526739,365.00,364.80,0.0005,0.0207,0.0206,0.3936
05-JAN-2026,526747,178.40,177.35,0.0059,0.0264,0.0263,0.5025
05-JAN-2026,526751,17.29,17.29,0.0000,0.0288,0.0288,0.5502
05-JAN-2026,526755,5.76,5.85,-0.0155,0.0370,0.0369,0.7050
05-JAN-2026,526761,24.88,26.11,-0.0483,0.0399,0.0399,0.7623
05-JAN-2026,526773,1.54,1.50,0.0263,0.0303,0.0303,0.5789
05-JAN-2026,526775,841.80,860.25,-0.0217,0.0305,0.0304,0.5808
05-JAN-2026,526783,5254.10,5455.95,-0.0377,0.0258,0.0259,0.4948
05-JAN-2026,526795,7.47,7.47,0.0000,0.0280,0.0279,0.5330
05-JAN-2026,526799,16.54,17.41,-0.0513,0.0234,0.0236,0.4509
05-JAN-2026,526813,11.72,11.89,-0.0144,0.0423,0.0422,0.8062
05-JAN-2026,526821,311.35,307.75,0.0116,0.0275,0.0274,0.5235
05-JAN-2026,526823,4.07,4.07,0.0000,0.0302,0.0301,0.5751
05-JAN-2026,526827,179.25,170.75,0.0486,0.0326,0.0327,0.6247
05-JAN-2026,526839,14.93,14.80,0.0087,0.0447,0.0446,0.8521
05-JAN-2026,526841,30.08,28.65,0.0487,0.0363,0.0364,0.6954
05-JAN-2026,526847,27.76,29.55,-0.0625,0.0268,0.0271,0.5177
05-JAN-2026,526851,139.65,133.00,0.0488,0.0278,0.0279,0.5330
05-JAN-2026,526853,76.74,78.76,-0.0260,0.0333,0.0332,0.6343
05-JAN-2026,526859,0.83,1.03,-0.2159,0.0315,0.0349,0.6668
05-JAN-2026,526861,132.20,135.90,-0.0276,0.0271,0.0271,0.5177
05-JAN-2026,526865,7.30,7.20,0.0138,0.0379,0.0378,0.7222
05-JAN-2026,526869,22.00,22.16,-0.0072,0.0364,0.0363,0.6935
05-JAN-2026,526871,14.02,14.03,-0.0007,0.0377,0.0376,0.7183
05-JAN-2026,526873,39.09,40.01,-0.0233,0.0361,0.0361,0.6897
05-JAN-2026,526877,18.65,18.13,0.0283,0.0313,0.0313,0.5980
05-JAN-2026,526883,13.85,13.58,0.0197,0.0200,0.0200,0.3821
05-JAN-2026,526887,3.59,3.59,0.0000,0.0111,0.0111,0.2121
05-JAN-2026,526891,14.12,13.74,0.0273,0.0376,0.0375,0.7164
05-JAN-2026,526899,9.62,9.72,-0.0103,0.0281,0.0280,0.5349
05-JAN-2026,526901,43.35,45.14,-0.0405,0.0314,0.0314,0.5999
05-JAN-2026,526905,8.59,8.59,0.0000,0.0314,0.0314,0.5999
05-JAN-2026,526931,108.00,109.50,-0.0138,0.0297,0.0296,0.5655
05-JAN-2026,526935,154.50,158.15,-0.0233,0.1471,0.1467,2.8027
05-JAN-2026,526941,5.90,5.90,0.0000,0.0301,0.0300,0.5731
05-JAN-2026,526945,101.49,99.11,0.0237,0.0322,0.0321,0.6133
05-JAN-2026,526959,14.70,14.70,0.0000,0.0110,0.0110,0.2102
05-JAN-2026,526961,8.96,9.23,-0.0297,0.0335,0.0335,0.6400
05-JAN-2026,526965,118.65,118.70,-0.0004,0.0311,0.0310,0.5923
05-JAN-2026,526967,8.70,8.45,0.0292,0.0378,0.0377,0.7203
05-JAN-2026,526971,230.05,234.00,-0.0170,0.0282,0.0281,0.5368
05-JAN-2026,526977,44.47,43.60,0.0198,0.0166,0.0166,0.3171
05-JAN-2026,526981,191.55,194.60,-0.0158,0.0283,0.0283,0.5407
05-JAN-2026,526983,12.15,12.15,0.0000,0.0169,0.0169,0.3229
05-JAN-2026,527005,155.80,172.50,-0.1018,0.0375,0.0381,0.7279
05-JAN-2026,530025,21.35,21.88,-0.0245,0.0338,0.0337,0.6438
05-JAN-2026,530027,13.17,12.92,0.0192,0.0447,0.0446,0.8521
05-JAN-2026,530035,24.07,23.17,0.0381,0.0233,0.0234,0.4471
05-JAN-2026,530037,80.19,80.20,-0.0001,0.0247,0.0247,0.4719
05-JAN-2026,530043,263.45,265.00,-0.0059,0.0299,0.0298,0.5693
05-JAN-2026,530045,38.76,38.69,0.0018,0.0300,0.0300,0.5731
05-JAN-2026,530053,4.95,4.97,-0.0040,0.0271,0.0271,0.5177
05-JAN-2026,530055,76.69,76.69,0.0000,0.0247,0.0247,0.4719
05-JAN-2026,530057,2.19,2.20,-0.0046,0.0304,0.0303,0.5789
05-JAN-2026,530063,5.53,5.82,-0.0511,0.0337,0.0338,0.6457
05-JAN-2026,530065,14.71,14.01,0.0488,0.0338,0.0339,0.6477
05-JAN-2026,530077,156.50,150.85,0.0368,0.0258,0.0258,0.4929
05-JAN-2026,530093,4.45,4.45,0.0000,0.0105,0.0105,0.2006
05-JAN-2026,530095,0.23,0.24,-0.0426,0.0392,0.0392,0.7489
05-JAN-2026,530109,2.72,2.67,0.0186,0.0379,0.0378,0.7222
05-JAN-2026,530111,39.20,39.20,0.0000,0.0334,0.0333,0.6362
05-JAN-2026,530119,32.24,31.10,0.0360,0.0345,0.0345,0.6591
05-JAN-2026,530125,233.00,235.50,-0.0107,0.0275,0.0275,0.5254
05-JAN-2026,530127,28.44,30.00,-0.0534,0.0484,0.0484,0.9247
05-JAN-2026,530129,1579.45,1600.95,-0.0135,0.0302,0.0302,0.5770
05-JAN-2026,530133,75.05,75.50,-0.0060,0.0351,0.0350,0.6687
05-JAN-2026,530139,32.10,32.44,-0.0105,0.0455,0.0454,0.8674
05-JAN-2026,530141,42.97,44.67,-0.0388,0.0333,0.0333,0.6362
05-JAN-2026,530145,28.72,29.65,-0.0319,0.0281,0.0281,0.5368
05-JAN-2026,530151,6.51,6.20,0.0488,0.0297,0.0299,0.5712
05-JAN-2026,530163,317.90,316.80,0.0035,0.0323,0.0322,0.6152
05-JAN-2026,530167,16.50,16.99,-0.0293,0.0314,0.0314,0.5999
05-JAN-2026,530169,29.98,29.25,0.0247,0.0327,0.0326,0.6228
05-JAN-2026,530171,31.49,30.06,0.0465,0.0364,0.0365,0.6973
05-JAN-2026,530173,16.15,16.15,0.0000,0.0287,0.0287,0.5483
05-JAN-2026,530175,64.59,68.00,-0.0514,0.0318,0.0319,0.6094
05-JAN-2026,530177,31.36,31.36,0.0000,0.0117,0.0117,0.2235
05-JAN-2026,530179,60.50,58.41,0.0352,0.0285,0.0286,0.5464
05-JAN-2026,530185,5.06,5.09,-0.0059,0.0230,0.0230,0.4394
05-JAN-2026,530187,3.40,3.40,0.0000,0.0455,0.0453,0.8655
05-JAN-2026,530197,187.05,202.00,-0.0769,0.0401,0.0403,0.7699
05-JAN-2026,530201,3.33,3.27,0.0182,0.0314,0.0314,0.5999
05-JAN-2026,530207,20.60,20.60,0.0000,0.0352,0.0351,0.6706
05-JAN-2026,530213,63.00,63.02,-0.0003,0.0368,0.0367,0.7012
05-JAN-2026,530215,125.30,123.10,0.0177,0.0283,0.0282,0.5388
05-JAN-2026,530217,10.09,9.74,0.0353,0.0277,0.0278,0.5311
05-JAN-2026,530219,411.40,407.35,0.0099,0.0236,0.0235,0.4490
05-JAN-2026,530231,64.00,64.00,0.0000,0.0229,0.0228,0.4356
05-JAN-2026,530233,236.65,243.15,-0.0271,0.0334,0.0334,0.6381
05-JAN-2026,530235,58.00,59.00,-0.0171,0.0360,0.0359,0.6859
05-JAN-2026,530245,667.40,670.45,-0.0046,0.0311,0.0311,0.5942
05-JAN-2026,530249,12.47,12.60,-0.0104,0.0256,0.0256,0.4891
05-JAN-2026,530251,0.68,0.69,-0.0146,0.0337,0.0337,0.6438
05-JAN-2026,530253,39.16,37.52,0.0428,0.0280,0.0281,0.5368
05-JAN-2026,530255,11.32,11.74,-0.0364,0.0356,0.0356,0.6801
05-JAN-2026,530259,33.90,33.09,0.0242,0.0375,0.0374,0.7145
05-JAN-2026,530263,0.58,0.59,-0.0171,0.0333,0.0332,0.6343
05-JAN-2026,530265,39.75,40.73,-0.0244,0.0409,0.0408,0.7795
05-JAN-2026,530267,49.99,49.75,0.0048,0.0367,0.0366,0.6992
05-JAN-2026,530271,8.07,8.07,0.0000,0.0321,0.0320,0.6114
05-JAN-2026,530281,22.50,22.66,-0.0071,0.0394,0.0393,0.7508
05-JAN-2026,530289,59.85,58.05,0.0305,0.0426,0.0426,0.8139
05-JAN-2026,530291,46.00,48.06,-0.0438,0.0271,0.0273,0.5216
05-JAN-2026,530295,36.33,36.33,0.0000,0.0201,0.0200,0.3821
05-JAN-2026,530309,9.97,9.65,0.0326,0.0284,0.0285,0.5445
05-JAN-2026,530313,35.42,35.38,0.0011,0.0389,0.0388,0.7413
05-JAN-2026,530315,117.45,119.90,-0.0206,0.0268,0.0268,0.5120
05-JAN-2026,530317,81.57,76.02,0.0705,0.0270,0.0274,0.5235
05-JAN-2026,530331,437.80,439.70,-0.0043,0.0290,0.0289,0.5521
05-JAN-2026,530341,135.00,135.00,0.0000,0.0325,0.0324,0.6190
05-JAN-2026,530357,1.79,1.81,-0.0111,0.0347,0.0347,0.6629
05-JAN-2026,530361,37.54,37.28,0.0070,0.0310,0.0309,0.5903
05-JAN-2026,530369,46.10,47.81,-0.0364,0.0372,0.0372,0.7107
05-JAN-2026,530401,53.20,54.32,-0.0208,0.0290,0.0290,0.5540
05-JAN-2026,530405,34.83,35.00,-0.0049,0.0282,0.0281,0.5368
05-JAN-2026,530407,41.46,41.89,-0.0103,0.0315,0.0315,0.6018
05-JAN-2026,530419,44.30,45.09,-0.0177,0.0263,0.0263,0.5025
05-JAN-2026,530421,11.49,11.50,-0.0009,0.0375,0.0374,0.7145
05-JAN-2026,530427,108.60,110.00,-0.0128,0.0364,0.0363,0.6935
05-JAN-2026,530429,32.00,32.44,-0.0137,0.0378,0.0377,0.7203
05-JAN-2026,530433,38.00,37.90,0.0026,0.0286,0.0285,0.5445
05-JAN-2026,530439,5.41,5.50,-0.0165,0.0425,0.0424,0.8101
05-JAN-2026,530443,16.67,16.40,0.0163,0.0368,0.0367,0.7012
05-JAN-2026,530445,1.89,1.80,0.0488,0.0333,0.0334,0.6381
05-JAN-2026,530449,61.87,60.00,0.0307,0.0293,0.0293,0.5598
05-JAN-2026,530457,77.79,81.08,-0.0414,0.0296,0.0297,0.5674
05-JAN-2026,530459,31.32,30.17,0.0374,0.0315,0.0315,0.6018
05-JAN-2026,530461,14.38,14.83,-0.0308,0.0300,0.0300,0.5731
05-JAN-2026,530469,53.55,51.00,0.0488,0.0314,0.0315,0.6018
05-JAN-2026,530477,166.00,163.00,0.0182,0.0245,0.0245,0.4681
05-JAN-2026,530495,60.90,61.40,-0.0082,0.0313,0.0313,0.5980
05-JAN-2026,530499,1513.70,1489.00,0.0165,0.0261,0.0261,0.4986
05-JAN-2026,530521,475.80,470.35,0.0115,0.0299,0.0299,0.5712
05-JAN-2026,530525,5.01,5.10,-0.0178,0.0348,0.0347,0.6629
05-JAN-2026,530533,100.75,97.40,0.0338,0.0351,0.0351,0.6706
05-JAN-2026,530537,47.90,47.90,0.0000,0.0182,0.0181,0.3458
05-JAN-2026,530545,220.80,221.35,-0.0025,0.0274,0.0274,0.5235
05-JAN-2026,530547,16.76,16.76,0.0000,0.0303,0.0303,0.5789
05-JAN-2026,530557,0.49,0.50,-0.0202,0.0249,0.0249,0.4757
05-JAN-2026,530565,12.31,12.51,-0.0161,0.0347,0.0346,0.6610
05-JAN-2026,530571,13.00,13.30,-0.0228,0.0337,0.0337,0.6438
05-JAN-2026,530577,60.00,60.60,-0.0100,0.0390,0.0389,0.7432
05-JAN-2026,530581,5.80,6.00,-0.0339,0.0334,0.0334,0.6381
05-JAN-2026,530585,77.57,78.26,-0.0089,0.0275,0.0275,0.5254
05-JAN-2026,530589,119.25,121.90,-0.0220,0.0266,0.0266,0.5082
05-JAN-2026,530595,40.29,42.41,-0.0513,0.0466,0.0467,0.8922
05-JAN-2026,530601,59.47,62.60,-0.0513,0.0305,0.0307,0.5865
05-JAN-2026,530609,64.52,61.45,0.0488,0.0460,0.0461,0.8807
05-JAN-2026,530611,0.24,0.24,0.0000,0.0242,0.0242,0.4623
05-JAN-2026,530615,132.10,133.30,-0.0090,0.0327,0.0326,0.6228
05-JAN-2026,530617,25.33,26.06,-0.0284,0.0923,0.0921,1.7596
05-JAN-2026,530621,121.00,122.30,-0.0107,0.0308,0.0308,0.5884
05-JAN-2026,530627,224.90,226.95,-0.0091,0.0313,0.0313,0.5980
05-JAN-2026,530643,491.40,469.45,0.0457,0.0287,0.0289,0.5521
05-JAN-2026,530663,1.03,1.00,0.0296,0.0318,0.0318,0.6075
05-JAN-2026,530665,3.58,3.69,-0.0303,0.0250,0.0250,0.4776
05-JAN-2026,530669,134.45,134.45,0.0000,0.0343,0.0342,0.6534
05-JAN-2026,530675,69.95,69.98,-0.0004,0.0324,0.0323,0.6171
05-JAN-2026,530683,11.45,11.45,0.0000,0.0054,0.0054,0.1032
05-JAN-2026,530689,43.56,42.33,0.0286,0.0365,0.0364,0.6954
05-JAN-2026,530695,26.64,26.34,0.0113,0.0358,0.0357,0.6820
05-JAN-2026,530697,20.27,20.27,0.0000,0.0321,0.0320,0.6114
05-JAN-2026,530705,43.95,44.84,-0.0200,0.0476,0.0475,0.9075
05-JAN-2026,530709,107.50,105.00,0.0235,0.0373,0.0372,0.7107
05-JAN-2026,530711,68.80,67.84,0.0141,0.0301,0.0301,0.5751
05-JAN-2026,530723,133.00,139.00,-0.0441,0.0367,0.0368,0.7031
05-JAN-2026,530733,12.06,12.06,0.0000,0.0437,0.0436,0.8330
05-JAN-2026,530735,36.21,38.11,-0.0511,0.0345,0.0346,0.6610
05-JAN-2026,530741,181.95,200.20,-0.0956,0.0373,0.0378,0.7222
05-JAN-2026,530745,43.17,42.33,0.0196,0.0734,0.0732,1.3985
05-JAN-2026,530747,21.70,21.61,0.0042,0.0361,0.0360,0.6878
05-JAN-2026,530755,14.07,13.40,0.0488,0.0560,0.0560,1.0699
05-JAN-2026,530757,41.93,39.94,0.0486,0.0130,0.0135,0.2579
05-JAN-2026,530765,17.48,18.40,-0.0513,0.0424,0.0424,0.8101
05-JAN-2026,530771,20.90,20.90,0.0000,0.0209,0.0209,0.3993
05-JAN-2026,530779,24.59,25.54,-0.0379,0.0328,0.0328,0.6266
05-JAN-2026,530787,47.85,50.36,-0.0511,0.0319,0.0321,0.6133
05-JAN-2026,530789,181.90,181.90,0.0000,0.0337,0.0336,0.6419
05-JAN-2026,530795,13.65,14.36,-0.0507,0.0326,0.0327,0.6247
05-JAN-2026,530797,17.00,17.00,0.0000,0.0280,0.0279,0.5330
05-JAN-2026,530799,25.54,26.88,-0.0511,0.0348,0.0349,0.6668
05-JAN-2026,530805,6.60,6.83,-0.0343,0.0339,0.0339,0.6477
05-JAN-2026,530809,43.96,42.58,0.0319,0.0363,0.0363,0.6935
05-JAN-2026,530821,12.44,12.61,-0.0136,0.0416,0.0415,0.7929
05-JAN-2026,530825,73.41,76.25,-0.0380,0.0320,0.0321,0.6133
05-JAN-2026,530829,42.60,44.85,-0.0515,0.0324,0.0325,0.6209
05-JAN-2026,530839,6.14,6.46,-0.0508,0.0393,0.0394,0.7527
05-JAN-2026,530845,908.05,915.75,-0.0084,0.0316,0.0316,0.6037
05-JAN-2026,530853,58.02,59.75,-0.0294,0.0334,0.0334,0.6381
05-JAN-2026,530855,147.95,145.05,0.0198,0.0206,0.0206,0.3936
05-JAN-2026,530881,7.97,8.13,-0.0199,0.0340,0.0339,0.6477
05-JAN-2026,530883,9.20,9.29,-0.0097,0.0342,0.0342,0.6534
05-JAN-2026,530897,145.20,153.50,-0.0556,0.0286,0.0288,0.5502
05-JAN-2026,530899,47.70,47.70,0.0000,0.0320,0.0319,0.6094
05-JAN-2026,530907,28.50,29.00,-0.0174,0.0247,0.0247,0.4719
05-JAN-2026,530909,72.56,76.24,-0.0495,0.0252,0.0254,0.4853
05-JAN-2026,530917,44.92,44.92,0.0000,0.0126,0.0126,0.2407
05-JAN-2026,530921,8.75,8.75,0.0000,0.0264,0.0264,0.5044
05-JAN-2026,530925,107.55,113.20,-0.0512,0.0366,0.0367,0.7012
05-JAN-2026,530927,93.74,93.74,0.0000,0.0137,0.0137,0.2617
05-JAN-2026,530929,899.50,908.55,-0.0100,0.0000,0.0007,0.0134
05-JAN-2026,530931,11.05,10.53,0.0482,0.0371,0.0371,0.7088
05-JAN-2026,530951,72.55,72.50,0.0007,0.0323,0.0322,0.6152
05-JAN-2026,530953,87.10,87.10,0.0000,0.0319,0.0318,0.6075
05-JAN-2026,530959,28.82,28.96,-0.0048,0.0278,0.0277,0.5292
05-JAN-2026,530973,82.57,88.99,-0.0749,0.0447,0.0449,0.8578
05-JAN-2026,530977,208.20,212.40,-0.0200,0.0326,0.0326,0.6228
05-JAN-2026,530979,36.41,36.48,-0.0019,0.0279,0.0278,0.5311
05-JAN-2026,530985,21.28,21.28,0.0000,0.0186,0.0185,0.3534
05-JAN-2026,530991,46.84,47.26,-0.0089,0.0381,0.0381,0.7279
05-JAN-2026,530993,35.77,37.65,-0.0512,0.0238,0.0240,0.4585
05-JAN-2026,530997,100.00,102.30,-0.0227,0.0285,0.0285,0.5445
05-JAN-2026,531003,73.49,71.33,0.0298,0.0349,0.0349,0.6668
05-JAN-2026,531015,25.71,25.74,-0.0012,0.0292,0.0291,0.5560
05-JAN-2026,531017,22.94,22.04,0.0400,0.0351,0.0351,0.6706
05-JAN-2026,531025,0.41,0.41,0.0000,0.0234,0.0233,0.4451
05-JAN-2026,531027,17.84,17.00,0.0482,0.0341,0.0342,0.6534
05-JAN-2026,531029,31.59,31.59,0.0000,0.0027,0.0027,0.0516
05-JAN-2026,531033,63.81,60.78,0.0486,0.0399,0.0400,0.7642
05-JAN-2026,531035,41.00,40.62,0.0093,0.0366,0.0365,0.6973
05-JAN-2026,531039,11.93,11.37,0.0481,0.0212,0.0214,0.4088
05-JAN-2026,531041,380.30,379.65,0.0017,0.0225,0.0224,0.4280
05-JAN-2026,531043,24.54,25.04,-0.0202,0.0362,0.0361,0.6897
05-JAN-2026,531049,18.27,17.40,0.0488,0.0335,0.0336,0.6419
05-JAN-2026,531051,18.85,19.80,-0.0492,0.0338,0.0339,0.6477
05-JAN-2026,531065,133.45,134.75,-0.0097,0.0177,0.0177,0.3382
05-JAN-2026,531067,25.80,24.95,0.0335,0.0391,0.0390,0.7451
05-JAN-2026,531069,702.20,720.00,-0.0250,0.0212,0.0212,0.4050
05-JAN-2026,531080,37.10,36.10,0.0273,0.0396,0.0396,0.7566
05-JAN-2026,531083,6.13,6.13,0.0000,0.0380,0.0379,0.7241
05-JAN-2026,531091,28.97,28.98,-0.0003,0.0408,0.0407,0.7776
05-JAN-2026,531099,132.15,125.90,0.0484,0.0297,0.0298,0.5693
05-JAN-2026,531111,41.60,41.50,0.0024,0.0317,0.0317,0.6056
05-JAN-2026,531119,332.60,329.30,0.0100,0.0311,0.0310,0.5923
05-JAN-2026,531126,18.60,19.19,-0.0312,0.0358,0.0358,0.6840
05-JAN-2026,531129,18.25,18.17,0.0044,0.0291,0.0290,0.5540
05-JAN-2026,531137,1.77,1.82,-0.0279,0.0284,0.0284,0.5426
05-JAN-2026,531144,17.98,16.64,0.0775,0.0362,0.0365,0.6973
05-JAN-2026,531153,2.89,2.93,-0.0137,0.0371,0.0370,0.7069
05-JAN-2026,531155,7.62,7.61,0.0013,0.0340,0.0339,0.6477
05-JAN-2026,531156,5.09,5.08,0.0020,0.0301,0.0300,0.5731
05-JAN-2026,531157,26.65,26.16,0.0186,0.0327,0.0326,0.6228
05-JAN-2026,531158,20.01,20.10,-0.0045,0.0360,0.0359,0.6859
05-JAN-2026,531161,287.85,274.15,0.0488,0.0368,0.0368,0.7031
05-JAN-2026,531163,67.60,69.28,-0.0245,0.0360,0.0360,0.6878
05-JAN-2026,531164,0.63,0.63,0.0000,0.0048,0.0047,0.0898
05-JAN-2026,531168,219.00,219.00,0.0000,0.0388,0.0387,0.7394
05-JAN-2026,531169,115.70,113.10,0.0227,0.0328,0.0327,0.6247
05-JAN-2026,531173,51.22,47.00,0.0860,0.0263,0.0269,0.5139
05-JAN-2026,531176,13.26,13.14,0.0091,0.0317,0.0317,0.6056
05-JAN-2026,531178,16.85,16.35,0.0301,0.0359,0.0359,0.6859
05-JAN-2026,531190,71.91,72.50,-0.0082,0.0296,0.0295,0.5636
05-JAN-2026,531191,97.36,95.46,0.0197,0.0221,0.0221,0.4222
05-JAN-2026,531199,185.40,194.00,-0.0453,0.0413,0.0413,0.7890
05-JAN-2026,531203,69.73,73.40,-0.0513,0.0243,0.0245,0.4681
05-JAN-2026,531205,0.76,0.79,-0.0387,0.0392,0.0392,0.7489
05-JAN-2026,531207,3.83,3.83,0.0000,0.0090,0.0090,0.1719
05-JAN-2026,531210,53.50,51.83,0.0317,0.0382,0.0382,0.7298
05-JAN-2026,531212,48.57,50.00,-0.0290,0.0360,0.0360,0.6878
05-JAN-2026,531215,151.55,151.55,0.0000,0.0326,0.0325,0.6209
05-JAN-2026,531216,6.50,6.53,-0.0046,0.0258,0.0258,0.4929
05-JAN-2026,531219,4.90,4.90,0.0000,0.0209,0.0209,0.3993
05-JAN-2026,531221,19.08,19.08,0.0000,0.0370,0.0369,0.7050
05-JAN-2026,531223,25.10,25.89,-0.0310,0.0326,0.0325,0.6209
05-JAN-2026,531227,64.50,63.74,0.0119,0.0428,0.0427,0.8158
05-JAN-2026,531228,10.60,10.80,-0.0187,0.0154,0.0154,0.2942
05-JAN-2026,531233,14.70,14.78,-0.0054,0.0307,0.0306,0.5846
05-JAN-2026,531234,75.97,74.79,0.0157,0.0286,0.0286,0.5464
05-JAN-2026,531235,26.66,26.66,0.0000,0.0318,0.0317,0.6056
05-JAN-2026,531237,146.55,143.70,0.0196,0.0331,0.0330,0.6305
05-JAN-2026,531240,19.40,19.40,0.0000,0.0257,0.0257,0.4910
05-JAN-2026,531246,21.13,21.56,-0.0201,0.0359,0.0359,0.6859
05-JAN-2026,531253,336.85,335.10,0.0052,0.0195,0.0195,0.3725
05-JAN-2026,531254,16.90,16.96,-0.0035,0.0397,0.0396,0.7566
05-JAN-2026,531255,51.00,51.00,0.0000,0.0407,0.0406,0.7757
05-JAN-2026,531257,19.30,19.00,0.0157,0.0320,0.0319,0.6094
05-JAN-2026,531259,39.80,40.39,-0.0147,0.0361,0.0360,0.6878
05-JAN-2026,531260,298.40,308.10,-0.0320,0.0353,0.0353,0.6744
05-JAN-2026,531262,25.65,26.99,-0.0509,0.0244,0.0246,0.4700
05-JAN-2026,531265,25.57,25.57,0.0000,0.0155,0.0154,0.2942
05-JAN-2026,531268,28.70,28.87,-0.0059,0.0297,0.0297,0.5674
05-JAN-2026,531272,16.99,16.66,0.0196,0.0146,0.0146,0.2789
05-JAN-2026,531273,1.96,1.95,0.0051,0.0326,0.0325,0.6209
05-JAN-2026,531274,50.34,47.95,0.0486,0.0199,0.0202,0.3859
05-JAN-2026,531278,112.08,104.83,0.0669,0.0326,0.0328,0.6266
05-JAN-2026,531279,144.20,146.60,-0.0165,0.0298,0.0297,0.5674
05-JAN-2026,531280,46.97,44.74,0.0486,0.0401,0.0402,0.7680
05-JAN-2026,531281,170.00,166.20,0.0226,0.0268,0.0267,0.5101
05-JAN-2026,531283,10.83,11.40,-0.0513,0.0262,0.0264,0.5044
05-JAN-2026,531286,35.39,35.39,0.0000,0.0244,0.0243,0.4643
05-JAN-2026,531287,291.00,291.00,0.0000,0.0315,0.0314,0.5999
05-JAN-2026,531288,18.53,17.65,0.0487,0.0329,0.0330,0.6305
05-JAN-2026,531289,165.00,168.10,-0.0186,0.0343,0.0342,0.6534
05-JAN-2026,531297,59.78,60.30,-0.0087,0.0286,0.0286,0.5464
05-JAN-2026,531300,3.45,3.57,-0.0342,0.0348,0.0348,0.6649
05-JAN-2026,531301,164.40,158.95,0.0337,0.0290,0.0290,0.5540
05-JAN-2026,531304,24.00,24.00,0.0000,0.0326,0.0325,0.6209
05-JAN-2026,531306,548.10,558.20,-0.0183,0.0235,0.0235,0.4490
05-JAN-2026,531307,18.60,18.95,-0.0186,0.0260,0.0259,0.4948
05-JAN-2026,531310,161.45,162.20,-0.0046,0.0268,0.0267,0.5101
05-JAN-2026,531314,14.80,14.80,0.0000,0.0351,0.0350,0.6687
05-JAN-2026,531319,50.92,50.01,0.0180,0.0333,0.0333,0.6362
05-JAN-2026,531323,12.38,12.37,0.0008,0.0293,0.0292,0.5579
05-JAN-2026,531324,21.00,21.00,0.0000,0.0286,0.0285,0.5445
05-JAN-2026,531327,5.25,5.51,-0.0483,0.0263,0.0265,0.5063
05-JAN-2026,531328,0.83,0.85,-0.0238,0.0394,0.0393,0.7508
05-JAN-2026,531334,33.71,35.48,-0.0512,0.0278,0.0279,0.5330
05-JAN-2026,531338,24.25,23.43,0.0344,0.0295,0.0295,0.5636
05-JAN-2026,531340,58.54,58.54,0.0000,0.0322,0.0321,0.6133
05-JAN-2026,531341,19.01,19.11,-0.0052,0.0330,0.0329,0.6286
05-JAN-2026,531346,32.31,34.11,-0.0542,0.0322,0.0324,0.6190
05-JAN-2026,531352,23.50,23.50,0.0000,0.0333,0.0332,0.6343
05-JAN-2026,531357,36.83,37.02,-0.0051,0.0319,0.0319,0.6094
05-JAN-2026,531359,425.95,415.00,0.0260,0.0304,0.0304,0.5808
05-JAN-2026,531360,20.51,21.01,-0.0241,0.0384,0.0383,0.7317
05-JAN-2026,531364,212.00,212.70,-0.0033,0.0295,0.0294,0.5617
05-JAN-2026,531370,5.18,5.11,0.0136,0.0294,0.0294,0.5617
05-JAN-2026,531380,96.05,96.05,0.0000,0.0447,0.0446,0.8521
05-JAN-2026,531381,1167.15,1196.90,-0.0252,0.0268,0.0268,0.5120
05-JAN-2026,531387,9.00,9.00,0.0000,0.0137,0.0137,0.2617
05-JAN-2026,531390,70.88,69.03,0.0264,0.0291,0.0291,0.5560
05-JAN-2026,531395,3.33,3.39,-0.0179,0.0580,0.0578,1.1043
05-JAN-2026,531396,8.60,9.04,-0.0499,0.0292,0.0293,0.5598
05-JAN-2026,531397,29.00,28.58,0.0146,0.0321,0.0320,0.6114
05-JAN-2026,531398,132.50,134.95,-0.0183,0.0351,0.0351,0.6706
05-JAN-2026,531399,263.30,265.70,-0.0091,0.0307,0.0306,0.5846
05-JAN-2026,531402,15.40,15.40,0.0000,0.0304,0.0304,0.5808
05-JAN-2026,531406,18.18,17.32,0.0485,0.0343,0.0344,0.6572
05-JAN-2026,531409,26.30,26.30,0.0000,0.0291,0.0290,0.5540
05-JAN-2026,531411,1.81,1.78,0.0167,0.0299,0.0298,0.5693
05-JAN-2026,531412,168.50,168.15,0.0021,0.0271,0.0270,0.5158
05-JAN-2026,531413,22.00,21.50,0.0230,0.0310,0.0310,0.5923
05-JAN-2026,531416,35.08,36.13,-0.0295,0.0386,0.0385,0.7355
05-JAN-2026,531417,2.37,2.35,0.0085,0.0298,0.0297,0.5674
05-JAN-2026,531432,14.45,14.38,0.0049,0.0432,0.0431,0.8234
05-JAN-2026,531433,3.14,3.10,0.0128,0.0337,0.0336,0.6419
05-JAN-2026,531436,27.91,28.79,-0.0310,0.0338,0.0338,0.6457
05-JAN-2026,531437,25.25,25.83,-0.0227,0.0282,0.0282,0.5388
05-JAN-2026,531441,25.00,24.81,0.0076,0.0326,0.0326,0.6228
05-JAN-2026,531444,7.71,7.71,0.0000,0.0389,0.0388,0.7413
05-JAN-2026,531454,20.75,21.37,-0.0294,0.0284,0.0284,0.5426
05-JAN-2026,531456,1.70,1.64,0.0359,0.0400,0.0400,0.7642
05-JAN-2026,531458,7.98,8.01,-0.0038,0.0267,0.0266,0.5082
05-JAN-2026,531460,10.49,10.70,-0.0198,0.0437,0.0436,0.8330
05-JAN-2026,531465,0.49,0.49,0.0000,0.0083,0.0082,0.1567
05-JAN-2026,531471,16.25,16.14,0.0068,0.0370,0.0369,0.7050
05-JAN-2026,531472,37.12,39.01,-0.0497,0.0402,0.0403,0.7699
05-JAN-2026,531486,2.05,1.96,0.0449,0.0287,0.0288,0.5502
05-JAN-2026,531489,229.15,232.25,-0.0134,0.0275,0.0274,0.5235
05-JAN-2026,531496,8.42,8.42,0.0000,0.0209,0.0208,0.3974
05-JAN-2026,531499,1.67,1.64,0.0181,0.0356,0.0355,0.6782
05-JAN-2026,531502,10.96,11.18,-0.0199,0.0174,0.0174,0.3324
05-JAN-2026,531503,31.98,32.39,-0.0127,0.0311,0.0310,0.5923
05-JAN-2026,531505,28.63,28.63,0.0000,0.0321,0.0320,0.6114
05-JAN-2026,531506,46.35,44.28,0.0457,0.0339,0.0340,0.6496
05-JAN-2026,531509,32.00,32.15,-0.0047,0.0348,0.0347,0.6629
05-JAN-2026,531512,19.22,19.69,-0.0242,0.0337,0.0336,0.6419
05-JAN-2026,531515,9.14,9.14,0.0000,0.0375,0.0374,0.7145
05-JAN-2026,531518,0.31,0.32,-0.0317,0.0384,0.0384,0.7336
05-JAN-2026,531521,32.00,32.00,0.0000,0.0261,0.0260,0.4967
05-JAN-2026,531525,214.20,209.95,0.0200,0.0268,0.0268,0.5120
05-JAN-2026,531529,1.90,1.94,-0.0208,0.0324,0.0323,0.6171
05-JAN-2026,531533,82.49,78.74,0.0465,0.0303,0.0304,0.5808
05-JAN-2026,531537,129.30,129.40,-0.0008,0.0297,0.0297,0.5674
05-JAN-2026,531539,37.01,36.38,0.0172,0.0416,0.0415,0.7929
05-JAN-2026,531540,12.61,12.85,-0.0189,0.0257,0.0257,0.4910
05-JAN-2026,531541,2.50,2.39,0.0450,0.0344,0.0345,0.6591
05-JAN-2026,531550,208.95,208.70,0.0012,0.0338,0.0337,0.6438
05-JAN-2026,531552,15.80,16.27,-0.0293,0.0283,0.0283,0.5407
05-JAN-2026,531553,18.49,17.52,0.0539,0.0407,0.0407,0.7776
05-JAN-2026,531557,36.62,34.98,0.0458,0.0364,0.0364,0.6954
05-JAN-2026,531568,8.03,8.00,0.0037,0.0364,0.0363,0.6935
05-JAN-2026,531569,235.85,233.85,0.0085,0.0293,0.0293,0.5598
05-JAN-2026,531572,17.61,16.78,0.0483,0.0216,0.0218,0.4165
05-JAN-2026,531574,13.72,13.07,0.0485,0.0363,0.0364,0.6954
05-JAN-2026,531578,7.80,7.27,0.0704,0.0409,0.0411,0.7852
05-JAN-2026,531582,29.34,27.96,0.0482,0.0387,0.0387,0.7394
05-JAN-2026,531583,42.99,41.36,0.0387,0.0331,0.0331,0.6324
05-JAN-2026,531585,8.11,8.11,0.0000,0.0321,0.0320,0.6114
05-JAN-2026,531591,21.60,21.35,0.0116,0.0272,0.0271,0.5177
05-JAN-2026,531592,1.35,1.34,0.0074,0.0286,0.0285,0.5445
05-JAN-2026,531594,14.75,14.80,-0.0034,0.0357,0.0356,0.6801
05-JAN-2026,531600,73.50,73.50,0.0000,0.0280,0.0279,0.5330
05-JAN-2026,531608,61.00,61.01,-0.0002,0.0389,0.0388,0.7413
05-JAN-2026,531609,232.45,221.55,0.0480,0.0420,0.0420,0.8024
05-JAN-2026,531613,1.93,1.90,0.0157,0.0327,0.0326,0.6228
05-JAN-2026,531616,78.72,78.72,0.0000,0.0293,0.0292,0.5579
05-JAN-2026,531626,4.54,4.47,0.0155,0.0311,0.0310,0.5923
05-JAN-2026,531628,24.37,23.90,0.0195,0.0332,0.0331,0.6324
05-JAN-2026,531635,97.21,97.00,0.0022,0.0309,0.0309,0.5903
05-JAN-2026,531637,313.65,319.85,-0.0196,0.0287,0.0286,0.5464
05-JAN-2026,531640,7.77,7.77,0.0000,0.0185,0.0185,0.3534
05-JAN-2026,531644,26.85,26.74,0.0041,0.0396,0.0395,0.7546
05-JAN-2026,531647,20.70,20.70,0.0000,0.0089,0.0089,0.1700
05-JAN-2026,531651,38.45,40.40,-0.0495,0.0297,0.0299,0.5712
05-JAN-2026,531652,119.60,120.40,-0.0067,0.0305,0.0304,0.5808
05-JAN-2026,531658,17.45,17.98,-0.0299,0.0238,0.0239,0.4566
05-JAN-2026,531661,13.95,14.05,-0.0071,0.0395,0.0394,0.7527
05-JAN-2026,531663,10.75,10.89,-0.0129,0.0321,0.0321,0.6133
05-JAN-2026,531667,30.27,30.65,-0.0125,0.0372,0.0371,0.7088
05-JAN-2026,531668,3.21,3.67,-0.1339,0.0410,0.0420,0.8024
05-JAN-2026,531671,1.96,2.03,-0.0351,0.0298,0.0298,0.5693
05-JAN-2026,531672,26.70,25.40,0.0499,0.0349,0.0350,0.6687
05-JAN-2026,531673,45.14,44.10,0.0233,0.0335,0.0334,0.6381
05-JAN-2026,531676,198.60,194.75,0.0196,0.0257,0.0257,0.4910
05-JAN-2026,531677,347.30,331.60,0.0463,0.0253,0.0254,0.4853
05-JAN-2026,531680,25.60,24.39,0.0484,0.0428,0.0428,0.8177
05-JAN-2026,531681,0.64,0.61,0.0480,0.0345,0.0346,0.6610
05-JAN-2026,531686,1.76,1.85,-0.0499,0.0134,0.0138,0.2636
05-JAN-2026,531688,111.00,114.00,-0.0267,0.0328,0.0328,0.6266
05-JAN-2026,531692,3.11,3.11,0.0000,0.0401,0.0400,0.7642
05-JAN-2026,531694,46.16,46.91,-0.0161,0.0323,0.0322,0.6152
05-JAN-2026,531716,2.30,2.39,-0.0384,0.0385,0.0385,0.7355
05-JAN-2026,531726,125.55,129.50,-0.0310,0.0273,0.0273,0.5216
05-JAN-2026,531727,58.64,57.59,0.0181,0.0242,0.0242,0.4623
05-JAN-2026,531735,26.96,26.96,0.0000,0.0131,0.0130,0.2484
05-JAN-2026,531737,0.60,0.59,0.0168,0.0121,0.0121,0.2312
05-JAN-2026,531738,0.03,0.03,0.0000,0.3433,0.3424,6.5415
05-JAN-2026,531739,14.19,14.34,-0.0105,0.0324,0.0323,0.6171
05-JAN-2026,531743,204.95,204.95,0.0000,0.0196,0.0196,0.3745
05-JAN-2026,531744,61.30,63.25,-0.0313,0.0378,0.0378,0.7222
05-JAN-2026,531752,0.76,0.74,0.0267,0.0241,0.0241,0.4604
05-JAN-2026,531758,11.97,13.29,-0.1046,0.0339,0.0346,0.6610
05-JAN-2026,531762,25.10,24.99,0.0044,0.0349,0.0349,0.6668
05-JAN-2026,531769,7.70,7.70,0.0000,0.0271,0.0271,0.5177
05-JAN-2026,531771,202.65,199.95,0.0134,0.0265,0.0264,0.5044
05-JAN-2026,531775,1.02,1.02,0.0000,0.0081,0.0081,0.1548
05-JAN-2026,531778,33.76,35.53,-0.0511,0.0411,0.0411,0.7852
05-JAN-2026,531779,16.22,15.70,0.0326,0.0358,0.0358,0.6840
05-JAN-2026,531780,4.45,4.55,-0.0222,0.0287,0.0287,0.5483
05-JAN-2026,531784,1.32,1.33,-0.0075,0.0261,0.0261,0.4986
05-JAN-2026,531794,53.72,53.72,0.0000,0.1271,0.1268,2.4225
05-JAN-2026,531797,77.02,77.02,0.0000,0.0351,0.0350,0.6687
05-JAN-2026,531802,30.88,31.54,-0.0211,0.0299,0.0299,0.5712
05-JAN-2026,531810,67.92,65.25,0.0401,0.0283,0.0284,0.5426
05-JAN-2026,531812,0.77,0.77,0.0000,0.0323,0.0322,0.6152
05-JAN-2026,531813,83.55,83.55,0.0000,0.0259,0.0258,0.4929
05-JAN-2026,531814,10.42,9.78,0.0634,0.0317,0.0319,0.6094
05-JAN-2026,531821,40.50,42.35,-0.0447,0.0320,0.0320,0.6114
05-JAN-2026,531822,158.00,172.50,-0.0878,0.0416,0.0420,0.8024
05-JAN-2026,531825,13.57,13.57,0.0000,0.0029,0.0029,0.0554
05-JAN-2026,531832,50.00,47.80,0.0450,0.0304,0.0305,0.5827
05-JAN-2026,531834,13.26,13.00,0.0198,0.0479,0.0478,0.9132
05-JAN-2026,531840,25.20,24.00,0.0488,0.0347,0.0347,0.6629
05-JAN-2026,531841,51.86,50.35,0.0295,0.0341,0.0341,0.6515
05-JAN-2026,531842,50.89,51.98,-0.0212,0.0292,0.0292,0.5579
05-JAN-2026,531846,12.60,12.99,-0.0305,0.0448,0.0447,0.8540
05-JAN-2026,531847,681.00,687.10,-0.0089,0.0244,0.0243,0.4643
05-JAN-2026,531859,164.10,167.65,-0.0214,0.0305,0.0304,0.5808
05-JAN-2026,531861,47.92,48.98,-0.0219,0.0293,0.0292,0.5579
05-JAN-2026,531862,29.68,29.91,-0.0077,0.0263,0.0263,0.5025
05-JAN-2026,531867,3.90,4.10,-0.0500,0.0359,0.0359,0.6859
05-JAN-2026,531869,4.42,4.48,-0.0135,0.0346,0.0346,0.6610
05-JAN-2026,531870,18.44,18.44,0.0000,0.0341,0.0340,0.6496
05-JAN-2026,531878,12.83,11.57,0.1034,0.0341,0.0348,0.6649
05-JAN-2026,531885,8.13,8.13,0.0000,0.0004,0.0004,0.0076
05-JAN-2026,531887,40.44,40.44,0.0000,0.0123,0.0122,0.2331
05-JAN-2026,531888,76.69,80.00,-0.0423,0.0257,0.0258,0.4929
05-JAN-2026,531889,36.36,36.59,-0.0063,0.0375,0.0374,0.7145
05-JAN-2026,531893,0.36,0.36,0.0000,0.0276,0.0275,0.5254
05-JAN-2026,531900,28.00,29.49,-0.0518,0.0379,0.0380,0.7260
05-JAN-2026,531902,22.07,22.07,0.0000,0.0448,0.0447,0.8540
05-JAN-2026,531909,3.71,3.90,-0.0499,0.0353,0.0354,0.6763
05-JAN-2026,531910,267.20,281.25,-0.0512,0.0429,0.0430,0.8215
05-JAN-2026,531911,59.00,60.87,-0.0312,0.0315,0.0315,0.6018
05-JAN-2026,531913,9.04,9.51,-0.0507,0.0312,0.0314,0.5999
05-JAN-2026,531918,119.95,116.65,0.0279,0.0358,0.0358,0.6840
05-JAN-2026,531923,95.47,96.91,-0.0150,0.0304,0.0303,0.5789
05-JAN-2026,531925,1.35,1.17,0.1431,0.0477,0.0487,0.9304
05-JAN-2026,531928,9.46,9.46,0.0000,0.0169,0.0168,0.3210
05-JAN-2026,531929,5.01,5.26,-0.0487,0.0334,0.0335,0.6400
05-JAN-2026,531930,33.69,32.80,0.0268,0.0411,0.0410,0.7833
05-JAN-2026,531931,190.15,189.70,0.0024,0.0318,0.0318,0.6075
05-JAN-2026,531944,13.90,13.90,0.0000,0.0386,0.0385,0.7355
05-JAN-2026,531950,3.65,3.75,-0.0270,0.0297,0.0297,0.5674
05-JAN-2026,531952,79.64,79.87,-0.0029,0.0271,0.0270,0.5158
05-JAN-2026,531959,2.11,2.31,-0.0906,0.0359,0.0364,0.6954
05-JAN-2026,531960,7.58,7.97,-0.0502,0.0294,0.0295,0.5636
05-JAN-2026,531962,55.71,53.06,0.0487,0.0429,0.0430,0.8215
05-JAN-2026,531968,67.31,66.00,0.0197,0.0410,0.0409,0.7814
05-JAN-2026,531971,179.90,179.90,0.0000,0.0131,0.0131,0.2503
05-JAN-2026,531977,8.87,8.33,0.0628,0.0330,0.0332,0.6343
05-JAN-2026,531979,140.50,133.85,0.0485,0.0321,0.0322,0.6152
05-JAN-2026,531980,49.64,52.25,-0.0512,0.0259,0.0260,0.4967
05-JAN-2026,531982,16.65,16.95,-0.0179,0.0329,0.0328,0.6266
05-JAN-2026,531989,35.80,35.80,0.0000,0.0274,0.0273,0.5216
05-JAN-2026,531991,0.61,0.61,0.0000,0.0289,0.0288,0.5502
05-JAN-2026,531994,116.25,114.50,0.0152,0.0282,0.0282,0.5388
05-JAN-2026,531996,7.71,7.67,0.0052,0.0310,0.0309,0.5903
05-JAN-2026,531997,36.92,35.17,0.0486,0.0304,0.0306,0.5846
05-JAN-2026,532001,50.77,50.77,0.0000,0.0363,0.0362,0.6916
05-JAN-2026,532005,51.74,49.92,0.0358,0.0364,0.0364,0.6954
05-JAN-2026,532007,26.15,26.15,0.0000,0.0307,0.0306,0.5846
05-JAN-2026,532011,58.21,55.44,0.0488,0.0332,0.0333,0.6362
05-JAN-2026,532015,10.98,11.05,-0.0064,0.0365,0.0364,0.6954
05-JAN-2026,532016,305.95,304.60,0.0044,0.0278,0.0277,0.5292
05-JAN-2026,532024,11.83,11.83,0.0000,0.0057,0.0057,0.1089
05-JAN-2026,532039,49.09,47.32,0.0367,0.0234,0.0235,0.4490
05-JAN-2026,532041,5.80,5.78,0.0035,0.0368,0.0367,0.7012
05-JAN-2026,532042,38.72,38.04,0.0177,0.0363,0.0362,0.6916
05-JAN-2026,532053,85.20,86.99,-0.0208,0.0320,0.0319,0.6094
05-JAN-2026,532056,116.15,119.65,-0.0297,0.0360,0.0359,0.6859
05-JAN-2026,532057,121.70,121.75,-0.0004,0.0314,0.0313,0.5980
05-JAN-2026,532067,1432.60,1409.90,0.0160,0.0323,0.0323,0.6171
05-JAN-2026,532070,213.65,221.45,-0.0359,0.0274,0.0275,0.5254
05-JAN-2026,532072,0.28,0.29,-0.0351,0.0000,0.0025,0.0478
05-JAN-2026,532078,31.04,31.04,0.0000,0.0228,0.0227,0.4337
05-JAN-2026,532083,3.13,3.13,0.0000,0.0001,0.0001,0.0019
05-JAN-2026,532090,13.06,13.06,0.0000,0.0267,0.0266,0.5082
05-JAN-2026,532092,2.55,2.67,-0.0460,0.0357,0.0358,0.6840
05-JAN-2026,532100,12.50,12.50,0.0000,0.0416,0.0415,0.7929
05-JAN-2026,532102,31.68,32.36,-0.0212,0.0302,0.0302,0.5770
05-JAN-2026,532105,37.25,37.25,0.0000,0.0000,0.0000,0.0000
05-JAN-2026,532113,14.23,13.58,0.0468,0.0422,0.0422,0.8062
05-JAN-2026,532123,5.93,6.06,-0.0217,0.0291,0.0291,0.5560
05-JAN-2026,532124,21.92,21.65,0.0124,0.0361,0.0360,0.6878
05-JAN-2026,532131,19.11,19.90,-0.0405,0.0346,0.0346,0.6610
05-JAN-2026,532139,12.43,12.43,0.0000,0.0055,0.0055,0.1051
05-JAN-2026,532140,2.86,2.83,0.0105,0.0366,0.0365,0.6973
05-JAN-2026,532145,12.51,12.70,-0.0151,0.0312,0.0312,0.5961
05-JAN-2026,532154,0.60,0.60,0.0000,0.0374,0.0373,0.7126
05-JAN-2026,532159,8.20,8.33,-0.0157,0.0428,0.0427,0.8158
05-JAN-2026,532160,12.14,12.08,0.0050,0.0273,0.0272,0.5197
05-JAN-2026,532164,1.39,1.33,0.0441,0.0342,0.0343,0.6553
05-JAN-2026,532167,29.74,29.74,0.0000,0.0107,0.0107,0.2044
05-JAN-2026,532183,9.95,10.18,-0.0229,0.0343,0.0343,0.6553
05-JAN-2026,532217,65.84,62.71,0.0487,0.0306,0.0307,0.5865
05-JAN-2026,532230,146.00,144.00,0.0138,0.0245,0.0245,0.4681
05-JAN-2026,532262,1457.00,1420.00,0.0257,0.0241,0.0241,0.4604
05-JAN-2026,532275,2.94,3.09,-0.0498,0.0299,0.0300,0.5731
05-JAN-2026,532284,32.46,32.37,0.0028,0.0283,0.0282,0.5388
05-JAN-2026,532303,2.87,3.29,-0.1366,0.0446,0.0455,0.8693
05-JAN-2026,532304,54.00,52.30,0.0320,0.0388,0.0387,0.7394
05-JAN-2026,532315,7.57,7.75,-0.0235,0.0408,0.0407,0.7776
05-JAN-2026,532320,11.90,11.71,0.0161,0.0408,0.0408,0.7795
05-JAN-2026,532323,22.04,22.20,-0.0072,0.0259,0.0259,0.4948
05-JAN-2026,532329,784.75,793.95,-0.0117,0.0348,0.0347,0.6629
05-JAN-2026,532333,61.51,62.98,-0.0236,0.0290,0.0290,0.5540
05-JAN-2026,532334,66.77,70.00,-0.0472,0.0306,0.0307,0.5865
05-JAN-2026,532336,1.51,1.51,0.0000,0.0087,0.0087,0.1662
05-JAN-2026,532340,3.88,3.70,0.0475,0.0516,0.0516,0.9858
05-JAN-2026,532344,226.65,234.25,-0.0330,0.0313,0.0313,0.5980
05-JAN-2026,532350,4.28,4.14,0.0333,0.0337,0.0337,0.6438
05-JAN-2026,532354,4.85,4.50,0.0749,0.0413,0.0416,0.7948
05-JAN-2026,532355,7.29,6.99,0.0420,0.0384,0.0384,0.7336
05-JAN-2026,532359,1.06,1.06,0.0000,0.0337,0.0336,0.6419
05-JAN-2026,532362,154.70,162.80,-0.0510,0.0392,0.0393,0.7508
05-JAN-2026,532373,22.92,22.94,-0.0009,0.0277,0.0276,0.5273
05-JAN-2026,532378,5.01,4.98,0.0060,0.0453,0.0452,0.8635
05-JAN-2026,532379,7.40,7.60,-0.0267,0.0376,0.0376,0.7183
05-JAN-2026,532380,9.55,9.10,0.0483,0.0332,0.0332,0.6343
05-JAN-2026,532384,120.00,121.05,-0.0087,0.0216,0.0215,0.4108
05-JAN-2026,532397,15.27,15.97,-0.0448,0.0373,0.0373,0.7126
05-JAN-2026,532402,8.94,8.90,0.0045,0.0355,0.0354,0.6763
05-JAN-2026,532403,9.62,9.62,0.0000,0.0192,0.0192,0.3668
05-JAN-2026,532404,43.87,44.55,-0.0154,0.0208,0.0208,0.3974
05-JAN-2026,532410,23.01,23.29,-0.0121,0.0270,0.0269,0.5139
05-JAN-2026,532425,21.89,21.70,0.0087,0.0390,0.0389,0.7432
05-JAN-2026,532435,7.74,7.69,0.0065,0.0244,0.0243,0.4643
05-JAN-2026,532444,1.85,1.87,-0.0108,0.0310,0.0309,0.5903
05-JAN-2026,532455,22.51,22.05,0.0206,0.0325,0.0324,0.6190
05-JAN-2026,532467,37.12,37.31,-0.0051,0.0335,0.0335,0.6400
05-JAN-2026,532468,2831.85,2841.05,-0.0032,0.0165,0.0164,0.3133
05-JAN-2026,532485,73.11,73.36,-0.0034,0.0174,0.0174,0.3324
05-JAN-2026,532503,837.15,808.85,0.0344,0.0197,0.0198,0.3783
05-JAN-2026,532645,2.88,2.80,0.0282,0.0520,0.0519,0.9915
05-JAN-2026,532656,2.79,2.82,-0.0107,0.0282,0.0281,0.5368
05-JAN-2026,532676,13.72,13.08,0.0478,0.0390,0.0390,0.7451
05-JAN-2026,532701,13.55,13.55,0.0000,0.0321,0.0320,0.6114
05-JAN-2026,532723,39.89,42.59,-0.0655,0.0364,0.0366,0.6992
05-JAN-2026,532744,8.36,8.36,0.0000,0.0402,0.0401,0.7661
05-JAN-2026,532745,4.99,4.98,0.0020,0.0322,0.0321,0.6133
05-JAN-2026,532806,31.33,36.06,-0.1406,0.0455,0.0464,0.8865
05-JAN-2026,532820,12.56,13.51,-0.0729,0.0341,0.0344,0.6572
05-JAN-2026,532825,5.05,5.14,-0.0177,0.0364,0.0364,0.6954
05-JAN-2026,532829,228.80,225.00,0.0167,0.0286,0.0285,0.5445
05-JAN-2026,532855,165.70,165.00,0.0042,0.0328,0.0327,0.6247
05-JAN-2026,532879,261.00,260.15,0.0033,0.0302,0.0302,0.5770
05-JAN-2026,532893,66.83,70.24,-0.0498,0.0368,0.0369,0.7050
05-JAN-2026,532911,8.99,8.99,0.0000,0.0244,0.0243,0.4643
05-JAN-2026,532918,24.24,25.75,-0.0604,0.0277,0.0279,0.5330
05-JAN-2026,532933,57.01,56.04,0.0172,0.0299,0.0298,0.5693
05-JAN-2026,532957,68.00,68.21,-0.0031,0.0307,0.0307,0.5865
05-JAN-2026,532975,9.86,9.81,0.0051,0.0320,0.0320,0.6114
05-JAN-2026,532985,93.34,93.60,-0.0028,0.0091,0.0091,0.1739
05-JAN-2026,532992,33.98,34.00,-0.0006,0.0363,0.0362,0.6916
05-JAN-2026,533007,7.80,7.77,0.0039,0.0296,0.0295,0.5636
05-JAN-2026,533014,58.63,59.84,-0.0204,0.0293,0.0293,0.5598
05-JAN-2026,533018,4957.50,4957.50,0.0000,0.0929,0.0926,1.7691
05-JAN-2026,533019,1500.00,1500.00,0.0000,0.0321,0.0320,0.6114
05-JAN-2026,533056,27.69,27.66,0.0011,0.0283,0.0282,0.5388
05-JAN-2026,533095,6700.00,6709.40,-0.0014,0.0176,0.0176,0.3362
05-JAN-2026,533100,11.01,10.54,0.0436,0.0292,0.0292,0.5579
05-JAN-2026,533101,120.55,120.05,0.0042,0.0337,0.0336,0.6419
05-JAN-2026,533108,36.50,36.37,0.0036,0.0332,0.0331,0.6324
05-JAN-2026,533110,12.71,12.70,0.0008,0.0402,0.0401,0.7661
05-JAN-2026,533149,6.87,7.04,-0.0244,0.0411,0.0410,0.7833
05-JAN-2026,533167,98.90,94.20,0.0487,0.0308,0.0309,0.5903
05-JAN-2026,533170,164.70,162.80,0.0116,0.0267,0.0266,0.5082
05-JAN-2026,533202,3.68,3.72,-0.0108,0.0353,0.0353,0.6744
05-JAN-2026,533212,50.84,50.24,0.0119,0.0326,0.0325,0.6209
05-JAN-2026,533268,4.54,4.40,0.0313,0.0393,0.0392,0.7489
05-JAN-2026,533285,67.81,67.37,0.0065,0.0287,0.0287,0.5483
05-JAN-2026,533289,78.30,81.28,-0.0374,0.0345,0.0346,0.6610
05-JAN-2026,533315,77.63,83.64,-0.0746,0.0355,0.0358,0.6840
05-JAN-2026,533407,61.53,62.88,-0.0217,0.0346,0.0345,0.6591
05-JAN-2026,533427,29.93,30.89,-0.0316,0.0321,0.0321,0.6133
05-JAN-2026,533477,491.90,496.65,-0.0096,0.0204,0.0203,0.3878
05-JAN-2026,533602,0.94,0.95,-0.0106,0.0249,0.0249,0.4757
05-JAN-2026,533608,181.75,182.65,-0.0049,0.0291,0.0290,0.5540
05-JAN-2026,533896,19.64,18.90,0.0384,0.0418,0.0418,0.7986
05-JAN-2026,534060,2.00,2.02,-0.0100,0.0322,0.0321,0.6133
05-JAN-2026,534063,44.05,45.00,-0.0213,0.0430,0.0429,0.8196
05-JAN-2026,534064,1.73,1.67,0.0353,0.0320,0.0320,0.6114
05-JAN-2026,534190,3.00,2.94,0.0202,0.0466,0.0465,0.8884
05-JAN-2026,534338,15.93,14.96,0.0628,0.0350,0.0352,0.6725
05-JAN-2026,534422,5.46,5.45,0.0018,0.0370,0.0369,0.7050
05-JAN-2026,534535,204.50,215.25,-0.0512,0.1128,0.1126,2.1512
05-JAN-2026,534612,22.75,24.59,-0.0778,0.0275,0.0280,0.5349
05-JAN-2026,534623,41.45,41.97,-0.0125,0.0375,0.0374,0.7145
05-JAN-2026,534639,25.62,26.74,-0.0428,0.0373,0.0373,0.7126
05-JAN-2026,534691,18.97,19.11,-0.0074,0.0324,0.0323,0.6171
05-JAN-2026,534733,31.69,30.82,0.0278,0.0329,0.0328,0.6266
05-JAN-2026,534741,0.50,0.50,0.0000,0.0315,0.0314,0.5999
05-JAN-2026,534755,0.73,0.74,-0.0136,0.0442,0.0441,0.8425
05-JAN-2026,534796,153.65,146.35,0.0487,0.0311,0.0312,0.5961
05-JAN-2026,534920,18.00,17.65,0.0196,0.0208,0.0208,0.3974
05-JAN-2026,535204,2.60,2.76,-0.0597,0.0411,0.0412,0.7871
05-JAN-2026,535205,3.27,3.49,-0.0651,0.0347,0.0349,0.6668
05-JAN-2026,535267,7.39,7.45,-0.0081,0.0244,0.0243,0.4643
05-JAN-2026,535276,947.69,949.92,-0.0024,0.0065,0.0064,0.1223
05-JAN-2026,535387,76.13,79.56,-0.0441,0.0404,0.0404,0.7718
05-JAN-2026,535431,0.78,0.79,-0.0127,0.0285,0.0284,0.5426
05-JAN-2026,535514,7.95,8.36,-0.0503,0.0306,0.0308,0.5884
05-JAN-2026,535566,134.70,130.05,0.0351,0.0421,0.0421,0.8043
05-JAN-2026,535620,276.75,274.50,0.0082,0.0463,0.0462,0.8826
05-JAN-2026,535621,140.00,140.00,0.0000,0.0373,0.0372,0.7107
05-JAN-2026,535657,8.50,8.36,0.0166,0.0461,0.0460,0.8788
05-JAN-2026,535667,182.65,162.30,0.1181,0.0472,0.0478,0.9132
05-JAN-2026,535693,125.90,129.65,-0.0294,0.0305,0.0305,0.5827
05-JAN-2026,535719,22.88,23.07,-0.0083,0.0378,0.0377,0.7203
05-JAN-2026,535730,0.55,0.55,0.0000,0.0288,0.0288,0.5502
05-JAN-2026,535910,0.72,0.73,-0.0138,0.0311,0.0310,0.5923
05-JAN-2026,535916,52.63,52.12,0.0097,0.0364,0.0363,0.6935
05-JAN-2026,536073,2.15,2.19,-0.0184,0.0372,0.0371,0.7088
05-JAN-2026,536493,375.50,378.80,-0.0087,0.0283,0.0282,0.5388
05-JAN-2026,536565,59.09,60.99,-0.0316,0.0318,0.0318,0.6075
05-JAN-2026,536659,4.99,5.03,-0.0080,0.0302,0.0301,0.5751
05-JAN-2026,536672,5.78,5.45,0.0588,0.0334,0.0336,0.6419
05-JAN-2026,536709,12.00,12.02,-0.0017,0.0305,0.0304,0.5808
05-JAN-2026,536846,135.40,138.15,-0.0201,0.0299,0.0299,0.5712
05-JAN-2026,536965,8.91,8.73,0.0204,0.0349,0.0348,0.6649
05-JAN-2026,536974,79.42,79.81,-0.0049,0.0293,0.0292,0.5579
05-JAN-2026,537069,14.17,14.12,0.0035,0.0307,0.0306,0.5846
05-JAN-2026,537253,75.52,75.52,0.0000,0.0320,0.0319,0.6094
05-JAN-2026,537326,81.38,82.41,-0.0126,0.0299,0.0298,0.5693
05-JAN-2026,537536,82.02,81.88,0.0017,0.0268,0.0267,0.5101
05-JAN-2026,537707,1.01,1.04,-0.0293,0.0441,0.0440,0.8406
05-JAN-2026,537709,4.87,5.00,-0.0263,0.0286,0.0286,0.5464
05-JAN-2026,537750,204.60,204.60,0.0000,0.0265,0.0265,0.5063
05-JAN-2026,537766,2.11,2.12,-0.0047,0.0401,0.0400,0.7642
05-JAN-2026,537800,1.26,1.20,0.0488,0.0325,0.0326,0.6228
05-JAN-2026,537839,127.15,124.95,0.0175,0.0317,0.0316,0.6037
05-JAN-2026,537840,53.91,56.74,-0.0512,0.0314,0.0316,0.6037
05-JAN-2026,537985,25.49,25.64,-0.0059,0.0324,0.0324,0.6190
05-JAN-2026,538081,5.49,5.72,-0.0410,0.0390,0.0390,0.7451
05-JAN-2026,538092,106.50,108.15,-0.0154,0.0318,0.0317,0.6056
05-JAN-2026,538212,0.37,0.36,0.0274,0.0332,0.0332,0.6343
05-JAN-2026,538273,28.65,30.15,-0.0510,0.0414,0.0414,0.7909
05-JAN-2026,538351,2.35,2.24,0.0479,0.0355,0.0356,0.6801
05-JAN-2026,538382,129.53,129.53,0.0000,0.0280,0.0279,0.5330
05-JAN-2026,538395,83.80,85.00,-0.0142,0.0287,0.0287,0.5483
05-JAN-2026,538401,122.85,133.60,-0.0839,0.0346,0.0350,0.6687
05-JAN-2026,538422,0.57,0.61,-0.0678,0.0340,0.0342,0.6534
05-JAN-2026,538451,5.56,5.82,-0.0457,0.0978,0.0976,1.8646
05-JAN-2026,538464,4.56,4.78,-0.0471,0.0467,0.0467,0.8922
05-JAN-2026,538465,12.46,12.91,-0.0355,0.0389,0.0389,0.7432
05-JAN-2026,538476,23.82,23.54,0.0118,0.0377,0.0376,0.7183
05-JAN-2026,538520,2.26,2.24,0.0089,0.0220,0.0220,0.4203
05-JAN-2026,538521,101.00,101.50,-0.0049,0.0325,0.0325,0.6209
05-JAN-2026,538537,167.55,167.55,0.0000,0.0286,0.0286,0.5464
05-JAN-2026,538539,10.20,10.35,-0.0146,0.0318,0.0317,0.6056
05-JAN-2026,538540,10.37,9.88,0.0484,0.0335,0.0336,0.6419
05-JAN-2026,538546,105.10,103.60,0.0144,0.0291,0.0290,0.5540
05-JAN-2026,538556,106.00,100.00,0.0583,0.0276,0.0278,0.5311
05-JAN-2026,538563,207.65,203.60,0.0197,0.0165,0.0166,0.3171
05-JAN-2026,538564,341.80,342.40,-0.0018,0.0265,0.0264,0.5044
05-JAN-2026,538565,105.50,105.50,0.0000,0.0272,0.0271,0.5177
05-JAN-2026,538568,38.10,38.46,-0.0094,0.0325,0.0325,0.6209
05-JAN-2026,538569,1.36,1.34,0.0148,0.0391,0.0391,0.7470
05-JAN-2026,538596,4.22,4.22,0.0000,0.0342,0.0341,0.6515
05-JAN-2026,538597,7.40,6.94,0.0642,0.0275,0.0278,0.5311
05-JAN-2026,538598,25.24,25.81,-0.0223,0.0306,0.0306,0.5846
05-JAN-2026,538607,1.02,1.05,-0.0290,0.0310,0.0310,0.5923
05-JAN-2026,538609,55.77,54.78,0.0179,0.0367,0.0366,0.6992
05-JAN-2026,538610,1.29,1.39,-0.0747,0.0305,0.0309,0.5903
05-JAN-2026,538611,49.00,49.00,0.0000,0.0279,0.0279,0.5330
05-JAN-2026,538634,169.00,174.80,-0.0337,0.0304,0.0304,0.5808
05-JAN-2026,538646,43.14,44.44,-0.0297,0.0306,0.0306,0.5846
05-JAN-2026,538647,38.99,38.49,0.0129,0.0316,0.0315,0.6018
05-JAN-2026,538652,3.81,3.81,0.0000,0.0005,0.0005,0.0096
05-JAN-2026,538668,611.25,623.25,-0.0194,0.0253,0.0253,0.4834
05-JAN-2026,538674,5.34,5.34,0.0000,0.0350,0.0349,0.6668
05-JAN-2026,538683,977.33,977.63,-0.0003,0.0064,0.0064,0.1223
05-JAN-2026,538706,8.67,8.61,0.0069,0.0258,0.0257,0.4910
05-JAN-2026,538707,35.60,36.30,-0.0195,0.0367,0.0366,0.6992
05-JAN-2026,538708,6.94,6.92,0.0029,0.0333,0.0332,0.6343
05-JAN-2026,538713,210.25,215.90,-0.0265,0.0353,0.0352,0.6725
05-JAN-2026,538714,32.00,30.20,0.0579,0.0325,0.0327,0.6247
05-JAN-2026,538715,364.95,368.00,-0.0083,0.0298,0.0297,0.5674
05-JAN-2026,538716,478.80,478.80,0.0000,0.0258,0.0258,0.4929
05-JAN-2026,538732,36.00,37.03,-0.0282,0.0264,0.0264,0.5044
05-JAN-2026,538734,1117.35,1132.75,-0.0137,0.0353,0.0352,0.6725
05-JAN-2026,538742,33.41,33.99,-0.0172,0.0364,0.0364,0.6954
05-JAN-2026,538743,19.09,18.72,0.0196,0.0291,0.0290,0.5540
05-JAN-2026,538770,15.86,16.65,-0.0486,0.0353,0.0354,0.6763
05-JAN-2026,538772,49.74,51.07,-0.0264,0.0333,0.0333,0.6362
05-JAN-2026,538777,17.37,17.37,0.0000,0.0021,0.0021,0.0401
05-JAN-2026,538778,7.63,7.67,-0.0052,0.0277,0.0276,0.5273
05-JAN-2026,538786,283.45,286.30,-0.0100,0.0261,0.0260,0.4967
05-JAN-2026,538787,7.46,7.91,-0.0586,0.0385,0.0386,0.7375
05-JAN-2026,538788,13.75,13.60,0.0110,0.0328,0.0327,0.6247
05-JAN-2026,538795,264.95,254.40,0.0406,0.0308,0.0308,0.5884
05-JAN-2026,538812,11.24,10.71,0.0483,0.0444,0.0444,0.8483
05-JAN-2026,538817,11.49,11.23,0.0229,0.0215,0.0215,0.4108
05-JAN-2026,538833,13.57,13.05,0.0391,0.0350,0.0351,0.6706
05-JAN-2026,538834,15.15,15.63,-0.0312,0.0373,0.0373,0.7126
05-JAN-2026,538837,68.05,65.00,0.0459,0.0287,0.0288,0.5502
05-JAN-2026,538838,26.55,26.80,-0.0094,0.0361,0.0360,0.6878
05-JAN-2026,538857,11.45,11.45,0.0000,0.0289,0.0289,0.5521
05-JAN-2026,538860,0.86,0.85,0.0117,0.0310,0.0309,0.5903
05-JAN-2026,538862,38.04,40.04,-0.0512,0.0334,0.0335,0.6400
05-JAN-2026,538863,7.05,7.05,0.0000,0.0000,0.0000,0.0000
05-JAN-2026,538868,14.75,14.78,-0.0020,0.0319,0.0318,0.6075
05-JAN-2026,538874,15.41,17.02,-0.0994,0.0417,0.0421,0.8043
05-JAN-2026,538875,8.89,9.09,-0.0222,0.0339,0.0339,0.6477
05-JAN-2026,538881,30.78,32.40,-0.0513,0.0319,0.0320,0.6114
05-JAN-2026,538882,79.52,79.92,-0.0050,0.0299,0.0298,0.5693
05-JAN-2026,538890,55.79,57.73,-0.0342,0.0281,0.0281,0.5368
05-JAN-2026,538894,22.39,22.50,-0.0049,0.0413,0.0412,0.7871
05-JAN-2026,538895,14.99,14.53,0.0312,0.0335,0.0335,0.6400
05-JAN-2026,538896,355.65,357.05,-0.0039,0.0235,0.0235,0.4490
05-JAN-2026,538897,9.41,9.90,-0.0508,0.0078,0.0086,0.1643
05-JAN-2026,538918,9.66,9.65,0.0010,0.0329,0.0328,0.6266
05-JAN-2026,538919,25.75,25.75,0.0000,0.0305,0.0305,0.5827
05-JAN-2026,538922,25.29,25.47,-0.0071,0.0346,0.0345,0.6591
05-JAN-2026,538923,45.92,46.50,-0.0126,0.0445,0.0444,0.8483
05-JAN-2026,538926,253.90,254.55,-0.0026,0.0289,0.0288,0.5502
05-JAN-2026,538928,1.66,1.60,0.0368,0.0359,0.0359,0.6859
05-JAN-2026,538935,42.35,42.35,0.0000,0.0240,0.0240,0.4585
05-JAN-2026,538942,25.26,25.71,-0.0177,0.0312,0.0311,0.5942
05-JAN-2026,538943,119.00,119.20,-0.0017,0.0431,0.0429,0.8196
05-JAN-2026,538952,1.16,1.16,0.0000,0.0414,0.0413,0.7890
05-JAN-2026,538964,825.00,825.00,0.0000,0.0273,0.0272,0.5197
05-JAN-2026,538965,84.55,85.00,-0.0053,0.0340,0.0340,0.6496
05-JAN-2026,538970,6.93,7.15,-0.0313,0.0335,0.0335,0.6400
05-JAN-2026,538975,0.24,0.24,0.0000,0.0272,0.0271,0.5177
05-JAN-2026,538987,635.15,634.40,0.0012,0.0246,0.0245,0.4681
05-JAN-2026,538992,1950.00,1950.00,0.0000,0.0217,0.0216,0.4127
05-JAN-2026,538993,12.31,12.31,0.0000,0.0186,0.0185,0.3534
05-JAN-2026,539005,14.68,13.99,0.0481,0.0136,0.0140,0.2675
05-JAN-2026,539011,105.15,107.45,-0.0216,0.0245,0.0245,0.4681
05-JAN-2026,539012,102.11,102.11,0.0000,0.0343,0.0342,0.6534
05-JAN-2026,539013,88.33,88.38,-0.0006,0.0250,0.0250,0.4776
05-JAN-2026,539014,8.65,8.24,0.0486,0.0325,0.0326,0.6228
05-JAN-2026,539016,7.52,7.42,0.0134,0.0384,0.0384,0.7336
05-JAN-2026,539017,13.45,13.58,-0.0096,0.0349,0.0349,0.6668
05-JAN-2026,539018,450.55,455.35,-0.0106,0.0218,0.0217,0.4146
05-JAN-2026,539031,302.77,303.41,-0.0021,0.0077,0.0077,0.1471
05-JAN-2026,539032,10.27,10.81,-0.0512,0.0378,0.0379,0.7241
05-JAN-2026,539040,8.05,8.16,-0.0136,0.0230,0.0229,0.4375
05-JAN-2026,539090,37.98,39.49,-0.0390,0.0384,0.0384,0.7336
05-JAN-2026,539091,1.07,1.07,0.0000,0.0234,0.0233,0.4451
05-JAN-2026,539096,13.50,12.89,0.0462,0.0360,0.0360,0.6878
05-JAN-2026,539097,3.09,3.34,-0.0778,0.0356,0.0359,0.6859
05-JAN-2026,539110,15.06,15.06,0.0000,0.0305,0.0304,0.5808
05-JAN-2026,539111,23.75,22.21,0.0670,0.0417,0.0419,0.8005
05-JAN-2026,539112,117.00,117.00,0.0000,0.0327,0.0326,0.6228
05-JAN-2026,539113,621.30,609.25,0.0196,0.0216,0.0216,0.4127
05-JAN-2026,539115,378.85,360.85,0.0487,0.0323,0.0324,0.6190
05-JAN-2026,539117,70.00,68.99,0.0145,0.0345,0.0344,0.6572
05-JAN-2026,539119,18.24,18.24,0.0000,0.0186,0.0186,0.3554
05-JAN-2026,539120,58.02,52.75,0.0952,0.0363,0.0368,0.7031
05-JAN-2026,539121,146.90,158.10,-0.0735,0.0417,0.0419,0.8005
05-JAN-2026,539122,28.90,29.04,-0.0048,0.0436,0.0435,0.8311
05-JAN-2026,539123,7.30,7.28,0.0027,0.0367,0.0366,0.6992
05-JAN-2026,539124,21.78,21.83,-0.0023,0.0355,0.0354,0.6763
05-JAN-2026,539132,8.88,9.06,-0.0201,0.0302,0.0302,0.5770
05-JAN-2026,539143,8.87,8.81,0.0068,0.0302,0.0301,0.5751
05-JAN-2026,539149,4.00,4.03,-0.0075,0.0348,0.0347,0.6629
05-JAN-2026,539167,45.26,44.52,0.0165,0.0279,0.0279,0.5330
05-JAN-2026,539174,23.75,24.07,-0.0134,0.0443,0.0442,0.8444
05-JAN-2026,539175,5.00,4.96,0.0080,0.1337,0.1334,2.5486
05-JAN-2026,539176,97.00,95.47,0.0159,0.0357,0.0356,0.6801
05-JAN-2026,539189,16.47,16.33,0.0085,0.0367,0.0366,0.6992
05-JAN-2026,539190,51.00,48.70,0.0461,0.0391,0.0392,0.7489
05-JAN-2026,539195,209.50,202.75,0.0328,0.0327,0.0327,0.6247
05-JAN-2026,539196,162.20,162.75,-0.0034,0.0269,0.0269,0.5139
05-JAN-2026,539198,151.20,151.20,0.0000,0.0270,0.0269,0.5139
05-JAN-2026,539206,25.10,25.08,0.0008,0.0366,0.0365,0.6973
05-JAN-2026,539216,1.29,1.34,-0.0380,0.0312,0.0312,0.5961
05-JAN-2026,539217,0.32,0.32,0.0000,0.0337,0.0336,0.6419
05-JAN-2026,539218,150.90,151.00,-0.0007,0.0314,0.0313,0.5980
05-JAN-2026,539219,11.59,12.07,-0.0406,0.0321,0.0321,0.6133
05-JAN-2026,539220,42.25,41.75,0.0119,0.0298,0.0298,0.5693
05-JAN-2026,539222,0.76,0.78,-0.0260,0.0391,0.0391,0.7470
05-JAN-2026,539224,30.88,29.35,0.0508,0.0360,0.0361,0.6897
05-JAN-2026,539227,201.05,193.45,0.0385,0.0290,0.0291,0.5560
05-JAN-2026,539228,2.02,2.09,-0.0341,0.0266,0.0267,0.5101
05-JAN-2026,539230,37.63,37.63,0.0000,0.0087,0.0087,0.1662
05-JAN-2026,539246,141.30,141.30,0.0000,0.0280,0.0279,0.5330
05-JAN-2026,539255,588.75,588.05,0.0012,0.0316,0.0315,0.6018
05-JAN-2026,539267,19.95,19.07,0.0451,0.0398,0.0398,0.7604
05-JAN-2026,539275,153.50,154.30,-0.0052,0.0252,0.0252,0.4814
05-JAN-2026,539277,0.20,0.21,-0.0488,0.0420,0.0421,0.8043
05-JAN-2026,539278,1.64,1.64,0.0000,0.0423,0.0421,0.8043
05-JAN-2026,539288,19.94,20.98,-0.0508,0.0384,0.0385,0.7355
05-JAN-2026,539291,2.77,2.91,-0.0493,0.0316,0.0317,0.6056
05-JAN-2026,539300,205.30,205.45,-0.0007,0.0231,0.0230,0.4394
05-JAN-2026,539310,0.23,0.23,0.0000,0.0799,0.0797,1.5227
05-JAN-2026,539314,59.70,61.11,-0.0233,0.0278,0.0277,0.5292
05-JAN-2026,539335,121.00,120.00,0.0083,0.0333,0.0332,0.6343
05-JAN-2026,539353,219.35,226.40,-0.0316,0.0283,0.0283,0.5407
05-JAN-2026,539354,34.51,35.00,-0.0141,0.0310,0.0309,0.5903
05-JAN-2026,539378,100.70,100.70,0.0000,0.0326,0.0325,0.6209
05-JAN-2026,539383,10.15,10.35,-0.0195,0.0340,0.0339,0.6477
05-JAN-2026,539384,25.06,25.06,0.0000,0.0300,0.0299,0.5712
05-JAN-2026,539391,38.53,36.96,0.0416,0.0297,0.0297,0.5674
05-JAN-2026,539393,25.77,25.77,0.0000,0.0011,0.0011,0.0210
05-JAN-2026,539398,67.04,68.38,-0.0198,0.0231,0.0231,0.4413
05-JAN-2026,539402,6.69,5.58,0.1814,0.0341,0.0363,0.6935
05-JAN-2026,539405,14.73,15.50,-0.0510,0.0427,0.0427,0.8158
05-JAN-2026,539406,59.50,59.50,0.0000,0.0315,0.0314,0.5999
05-JAN-2026,539408,14.60,14.50,0.0069,0.0311,0.0311,0.5942
05-JAN-2026,539409,17.77,17.77,0.0000,0.0279,0.0278,0.5311
05-JAN-2026,539428,15.21,15.88,-0.0431,0.0242,0.0244,0.4662
05-JAN-2026,539434,8.06,8.06,0.0000,0.0046,0.0046,0.0879
05-JAN-2026,539435,34.50,34.44,0.0017,0.0388,0.0387,0.7394
05-JAN-2026,539449,2.29,2.32,-0.0130,0.0297,0.0296,0.5655
05-JAN-2026,539455,45.02,43.78,0.0279,0.0321,0.0321,0.6133
05-JAN-2026,539468,39.86,39.86,0.0000,0.0155,0.0155,0.2961
05-JAN-2026,539469,37.09,38.69,-0.0422,0.0289,0.0290,0.5540
05-JAN-2026,539470,0.62,0.63,-0.0160,0.0241,0.0241,0.4604
05-JAN-2026,539479,59.28,55.23,0.0708,0.0269,0.0273,0.5216
05-JAN-2026,539486,5.20,4.96,0.0473,0.0077,0.0084,0.1605
05-JAN-2026,539488,10.00,10.00,0.0000,0.0000,0.0000,0.0000
05-JAN-2026,539492,14.01,13.93,0.0057,0.0307,0.0307,0.5865
05-JAN-2026,539494,8.88,9.22,-0.0376,0.0372,0.0372,0.7107
05-JAN-2026,539495,40.64,44.60,-0.0930,0.0372,0.0377,0.7203
05-JAN-2026,539506,0.64,0.64,0.0000,0.0329,0.0328,0.6266
05-JAN-2026,539515,36.42,37.09,-0.0182,0.0308,0.0307,0.5865
05-JAN-2026,539518,138.45,141.95,-0.0250,0.0244,0.0244,0.4662
05-JAN-2026,539519,0.69,0.71,-0.0286,0.0406,0.0406,0.7757
05-JAN-2026,539522,46.78,45.74,0.0225,0.0292,0.0292,0.5579
05-JAN-2026,539526,0.70,0.71,-0.0142,0.0265,0.0264,0.5044
05-JAN-2026,539527,555.15,554.60,0.0010,0.0309,0.0308,0.5884
05-JAN-2026,539528,57.38,60.39,-0.0511,0.1051,0.1049,2.0041
05-JAN-2026,539533,95.14,99.77,-0.0475,0.1204,0.1202,2.2964
05-JAN-2026,539543,13.12,13.12,0.0000,0.0000,0.0000,0.0000
05-JAN-2026,539544,7.05,7.40,-0.0485,0.0390,0.0390,0.7451
05-JAN-2026,539545,35.54,35.90,-0.0101,0.0409,0.0408,0.7795
05-JAN-2026,539546,214.90,218.45,-0.0164,0.0224,0.0223,0.4260
05-JAN-2026,539552,116.10,120.70,-0.0389,0.0341,0.0341,0.6515
05-JAN-2026,539559,6.79,6.47,0.0483,0.0386,0.0387,0.7394
05-JAN-2026,539560,10.00,10.00,0.0000,0.0000,0.0000,0.0000
05-JAN-2026,539561,0.84,0.70,0.1823,0.0307,0.0333,0.6362
05-JAN-2026,539562,29.05,29.92,-0.0295,0.0319,0.0319,0.6094
05-JAN-2026,539574,0.24,0.25,-0.0408,0.0373,0.0374,0.7145
05-JAN-2026,539584,0.33,0.33,0.0000,0.0323,0.0322,0.6152
05-JAN-2026,539593,7.42,7.07,0.0483,0.0455,0.0456,0.8712
05-JAN-2026,539594,4.92,4.99,-0.0141,0.0275,0.0274,0.5235
05-JAN-2026,539596,12.99,13.00,-0.0008,0.0595,0.0593,1.1329
05-JAN-2026,539598,30.30,30.90,-0.0196,0.0315,0.0315,0.6018
05-JAN-2026,539599,28.42,28.42,0.0000,0.0824,0.0822,1.5704
05-JAN-2026,539607,21.40,21.63,-0.0107,0.0373,0.0372,0.7107
05-JAN-2026,539620,16.89,16.20,0.0417,0.0344,0.0345,0.6591
05-JAN-2026,539621,0.66,0.63,0.0465,0.0346,0.0347,0.6629
05-JAN-2026,539659,57.89,57.38,0.0088,0.0281,0.0280,0.5349
05-JAN-2026,539661,93.11,91.07,0.0222,0.0276,0.0276,0.5273
05-JAN-2026,539662,9.99,10.26,-0.0267,0.0332,0.0332,0.6343
05-JAN-2026,539669,1.02,0.98,0.0400,0.0352,0.0353,0.6744
05-JAN-2026,539673,1.72,1.72,0.0000,0.0482,0.0481,0.9189
05-JAN-2026,539679,3.04,3.01,0.0099,0.0405,0.0404,0.7718
05-JAN-2026,539681,49.88,49.88,0.0000,0.0121,0.0121,0.2312
05-JAN-2026,539682,1194.20,1202.55,-0.0070,0.0215,0.0215,0.4108
05-JAN-2026,539683,10.00,10.00,0.0000,0.0000,0.0000,0.0000
05-JAN-2026,539691,10.00,10.00,0.0000,0.0000,0.0000,0.0000
05-JAN-2026,539692,16.77,17.78,-0.0585,0.0354,0.0355,0.6782
05-JAN-2026,539697,50.82,51.85,-0.0201,0.0396,0.0395,0.7546
05-JAN-2026,539724,68.00,64.77,0.0487,0.0278,0.0280,0.5349
05-JAN-2026,539730,1567.90,1584.90,-0.0108,0.0287,0.0287,0.5483
05-JAN-2026,539760,46.02,48.40,-0.0504,0.0364,0.0365,0.6973
05-JAN-2026,539761,1.14,1.09,0.0449,0.0430,0.0430,0.8215
05-JAN-2026,539762,35.14,34.52,0.0178,0.0318,0.0318,0.6075
05-JAN-2026,539767,47.88,50.39,-0.0511,0.0416,0.0417,0.7967
05-JAN-2026,539770,33.35,35.10,-0.0511,0.0291,0.0293,0.5598
05-JAN-2026,539773,1.33,1.35,-0.0149,0.0255,0.0254,0.4853
05-JAN-2026,539798,26.10,26.99,-0.0335,0.0303,0.0303,0.5789
05-JAN-2026,539800,5.65,5.70,-0.0088,0.0389,0.0388,0.7413
05-JAN-2026,539814,153.35,146.05,0.0488,0.0337,0.0338,0.6457
05-JAN-2026,539819,4.10,4.10,0.0000,0.0009,0.0009,0.0172
05-JAN-2026,539834,178.65,184.75,-0.0336,0.0313,0.0313,0.5980
05-JAN-2026,539835,1.27,1.30,-0.0233,0.0583,0.0582,1.1119
05-JAN-2026,539841,12.91,12.97,-0.0046,0.0371,0.0370,0.7069
05-JAN-2026,539854,256.55,256.35,0.0008,0.0305,0.0304,0.5808
05-JAN-2026,539875,85.58,86.06,-0.0056,0.0356,0.0355,0.6782
05-JAN-2026,539884,2.94,2.96,-0.0068,0.0343,0.0342,0.6534
05-JAN-2026,539894,11.18,11.75,-0.0497,0.0315,0.0316,0.6037
05-JAN-2026,539895,41.85,39.86,0.0487,0.1013,0.1011,1.9315
05-JAN-2026,539900,9.00,9.07,-0.0077,0.0346,0.0346,0.6610
05-JAN-2026,539911,16.68,17.55,-0.0508,0.0970,0.0969,1.8513
05-JAN-2026,539921,181.50,189.60,-0.0437,0.0366,0.0366,0.6992
05-JAN-2026,539922,135.15,135.15,0.0000,0.0187,0.0187,0.3573
05-JAN-2026,539927,312.05,312.05,0.0000,0.0230,0.0229,0.4375
05-JAN-2026,539938,41.25,41.23,0.0005,0.0312,0.0311,0.5942
05-JAN-2026,539939,76.00,75.98,0.0003,0.0278,0.0277,0.5292
05-JAN-2026,539946,68.98,71.43,-0.0349,0.0471,0.0470,0.8979
05-JAN-2026,539947,43.90,46.10,-0.0489,0.0330,0.0331,0.6324
05-JAN-2026,539956,2982.10,2982.65,-0.0002,0.0280,0.0279,0.5330
05-JAN-2026,539963,10.92,10.95,-0.0027,0.0266,0.0265,0.5063
05-JAN-2026,539982,4.50,4.54,-0.0088,0.0267,0.0266,0.5082
05-JAN-2026,539984,2302.00,2301.10,0.0004,0.0258,0.0257,0.4910
05-JAN-2026,539991,36.36,38.79,-0.0647,0.0314,0.0317,0.6056
05-JAN-2026,539997,1099.90,1104.75,-0.0044,0.0314,0.0313,0.5980
05-JAN-2026,540006,3.65,3.64,0.0027,0.0313,0.0313,0.5980
05-JAN-2026,540023,16.98,17.22,-0.0140,0.0333,0.0332,0.6343
05-JAN-2026,540026,7.15,7.28,-0.0180,0.0406,0.0405,0.7738
05-JAN-2026,540062,302.20,302.20,0.0000,0.0222,0.0222,0.4241
05-JAN-2026,540063,11.59,11.59,0.0000,0.0361,0.0361,0.6897
05-JAN-2026,540066,25.77,25.77,0.0000,0.0011,0.0011,0.0210
05-JAN-2026,540078,110.35,108.35,0.0183,0.0253,0.0253,0.4834
05-JAN-2026,540079,1.84,1.85,-0.0054,0.0295,0.0294,0.5617
05-JAN-2026,540080,5.68,5.74,-0.0105,0.0259,0.0258,0.4929
05-JAN-2026,540097,41.07,40.22,0.0209,0.0298,0.0298,0.5693
05-JAN-2026,540108,7.75,8.15,-0.0503,0.0343,0.0344,0.6572
05-JAN-2026,540132,14.29,15.04,-0.0512,0.0366,0.0367,0.7012
05-JAN-2026,540134,11.01,11.05,-0.0036,0.0423,0.0422,0.8062
05-JAN-2026,540135,0.67,0.68,-0.0148,0.0296,0.0295,0.5636
05-JAN-2026,540143,99.59,101.65,-0.0205,0.0301,0.0300,0.5731
05-JAN-2026,540147,3.79,3.85,-0.0157,0.0283,0.0282,0.5388
05-JAN-2026,540154,924.72,924.72,0.0000,0.0108,0.0108,0.2063
05-JAN-2026,540159,4.85,4.84,0.0021,0.0588,0.0587,1.1215
05-JAN-2026,540168,30.75,30.23,0.0171,0.0278,0.0278,0.5311
05-JAN-2026,540174,23.64,24.17,-0.0222,0.0362,0.0361,0.6897
05-JAN-2026,540175,33.32,34.37,-0.0310,0.0309,0.0309,0.5903
05-JAN-2026,540181,38.93,38.21,0.0187,0.0387,0.0386,0.7375
05-JAN-2026,540189,10.14,9.95,0.0189,0.0209,0.0208,0.3974
05-JAN-2026,540190,0.61,0.60,0.0165,0.0418,0.0417,0.7967
05-JAN-2026,540192,15.64,16.53,-0.0553,0.0252,0.0255,0.4872
05-JAN-2026,540198,396.05,397.80,-0.0044,0.0241,0.0240,0.4585
05-JAN-2026,540199,205.15,214.70,-0.0455,0.0195,0.0197,0.3764
05-JAN-2026,540204,53.01,53.99,-0.0183,0.0307,0.0306,0.5846
05-JAN-2026,540221,29.42,29.42,0.0000,0.0213,0.0212,0.4050
05-JAN-2026,540243,1.35,1.40,-0.0364,0.0346,0.0346,0.6610
05-JAN-2026,540252,7.99,8.16,-0.0211,0.0289,0.0289,0.5521
05-JAN-2026,540254,41.12,41.46,-0.0082,0.0402,0.0401,0.7661
05-JAN-2026,540259,0.28,0.29,-0.0351,0.0360,0.0360,0.6878
05-JAN-2026,540266,21.23,20.70,0.0253,0.0358,0.0358,0.6840
05-JAN-2026,540267,8.83,8.41,0.0487,0.0371,0.0372,0.7107
05-JAN-2026,540270,10.00,10.00,0.0000,0.0000,0.0000,0.0000
05-JAN-2026,540310,53.70,53.70,0.0000,0.0422,0.0421,0.8043
05-JAN-2026,540318,10.00,10.00,0.0000,0.0000,0.0000,0.0000
05-JAN-2026,540359,34.48,33.66,0.0241,0.0492,0.0491,0.9381
05-JAN-2026,540360,3.27,3.89,-0.1736,0.0363,0.0382,0.7298
05-JAN-2026,540361,5.19,5.36,-0.0322,0.0381,0.0381,0.7279
05-JAN-2026,540377,0.61,0.57,0.0678,0.0339,0.0342,0.6534
05-JAN-2026,540386,1.77,1.69,0.0463,0.0426,0.0426,0.8139
05-JAN-2026,540395,105.70,108.45,-0.0257,0.0276,0.0276,0.5273
05-JAN-2026,540401,10.97,10.96,0.0009,0.0223,0.0222,0.4241
05-JAN-2026,540404,256.25,244.40,0.0473,0.0191,0.0194,0.3706
05-JAN-2026,540405,71.90,74.24,-0.0320,0.0372,0.0372,0.7107
05-JAN-2026,540455,118.60,118.25,0.0030,0.0316,0.0315,0.6018
05-JAN-2026,540467,78.02,78.02,0.0000,0.0216,0.0215,0.4108
05-JAN-2026,540481,42.40,42.40,0.0000,0.0280,0.0279,0.5330
05-JAN-2026,540492,3.86,3.68,0.0478,0.0370,0.0371,0.7088
05-JAN-2026,540515,12.30,11.75,0.0457,0.0411,0.0411,0.7852
05-JAN-2026,540519,60.93,62.75,-0.0294,0.0285,0.0285,0.5445
05-JAN-2026,540545,38.60,37.11,0.0394,0.0284,0.0284,0.5426
05-JAN-2026,540570,6.56,6.60,-0.0061,0.0354,0.0353,0.6744
05-JAN-2026,540590,74.84,76.17,-0.0176,0.0287,0.0286,0.5464
05-JAN-2026,540597,21.26,20.93,0.0156,0.0321,0.0321,0.6133
05-JAN-2026,540614,0.55,0.55,0.0000,0.0301,0.0301,0.5751
05-JAN-2026,540615,4.07,4.05,0.0049,0.0292,0.0291,0.5560
05-JAN-2026,540654,18.70,18.61,0.0048,0.0311,0.0310,0.5923
05-JAN-2026,540686,117.75,118.65,-0.0076,0.0298,0.0297,0.5674
05-JAN-2026,540693,17.33,17.68,-0.0200,0.0346,0.0345,0.6591
05-JAN-2026,540694,28.71,30.22,-0.0513,0.0300,0.0301,0.5751
05-JAN-2026,540696,7.63,8.00,-0.0474,0.0455,0.0455,0.8693
05-JAN-2026,540703,29.69,28.28,0.0487,0.0353,0.0354,0.6763
05-JAN-2026,540717,31.35,31.51,-0.0051,0.0337,0.0336,0.6419
05-JAN-2026,540726,251.35,252.40,-0.0042,0.0265,0.0265,0.5063
05-JAN-2026,540727,28.90,29.00,-0.0035,0.0271,0.0270,0.5158
05-JAN-2026,540728,65.52,68.31,-0.0417,0.0331,0.0331,0.6324
05-JAN-2026,540730,1.66,1.68,-0.0120,0.0336,0.0335,0.6400
05-JAN-2026,540737,461.95,454.30,0.0167,0.0261,0.0260,0.4967
05-JAN-2026,540738,9.02,9.46,-0.0476,0.0250,0.0252,0.4814
05-JAN-2026,540786,13.97,13.94,0.0021,0.0372,0.0371,0.7088
05-JAN-2026,540788,66.93,63.56,0.0517,0.0343,0.0344,0.6572
05-JAN-2026,540796,233.00,233.00,0.0000,0.0330,0.0329,0.6286
05-JAN-2026,540809,48.29,48.99,-0.0144,0.0274,0.0273,0.5216
05-JAN-2026,540821,1.98,2.01,-0.0150,0.0192,0.0192,0.3668
05-JAN-2026,540829,6.73,7.08,-0.0507,0.0372,0.0373,0.7126
05-JAN-2026,540874,77.40,79.13,-0.0221,0.0279,0.0278,0.5311
05-JAN-2026,540904,76.00,80.00,-0.0513,0.0311,0.0312,0.5961
05-JAN-2026,540914,3.93,3.99,-0.0152,0.0373,0.0372,0.7107
05-JAN-2026,540936,3.77,3.83,-0.0158,0.0256,0.0256,0.4891
05-JAN-2026,540953,2.42,2.41,0.0041,0.0267,0.0266,0.5082
05-JAN-2026,540954,36.81,37.20,-0.0105,0.0294,0.0293,0.5598
05-JAN-2026,540955,7.30,7.22,0.0110,0.0296,0.0296,0.5655
05-JAN-2026,540956,23.53,24.33,-0.0334,0.0282,0.0282,0.5388
05-JAN-2026,540980,28000.00,28000.00,0.0000,0.0275,0.0274,0.5235
05-JAN-2026,541005,71.50,72.46,-0.0133,0.0280,0.0280,0.5349
05-JAN-2026,541096,1187.55,1234.20,-0.0385,0.0265,0.0266,0.5082
05-JAN-2026,541133,45.60,45.60,0.0000,0.0002,0.0002,0.0038
05-JAN-2026,541144,105.55,104.20,0.0129,0.0351,0.0350,0.6687
05-JAN-2026,541228,108.20,110.85,-0.0242,0.0400,0.0400,0.7642
05-JAN-2026,541338,15.87,16.61,-0.0456,0.0363,0.0363,0.6935
05-JAN-2026,541347,7.15,7.08,0.0098,0.0239,0.0239,0.4566
05-JAN-2026,541358,107.45,97.35,0.0987,0.0399,0.0404,0.7718
05-JAN-2026,541444,17.42,18.98,-0.0858,0.0331,0.0336,0.6419
05-JAN-2026,541503,57.00,56.33,0.0118,0.0326,0.0325,0.6209
05-JAN-2026,541601,0.60,0.58,0.0339,0.0366,0.0366,0.6992
05-JAN-2026,541627,7.11,7.12,-0.0014,0.0421,0.0420,0.8024
05-JAN-2026,541633,12.58,12.58,0.0000,0.0000,0.0000,0.0000
05-JAN-2026,541634,22.63,20.85,0.0819,0.0372,0.0375,0.7164
05-JAN-2026,541702,3.15,3.24,-0.0282,0.0301,0.0301,0.5751
05-JAN-2026,541735,2.00,2.04,-0.0198,0.0482,0.0481,0.9189
05-JAN-2026,541741,104.95,107.75,-0.0263,0.0300,0.0300,0.5731
05-JAN-2026,541771,1.77,1.76,0.0057,0.0274,0.0273,0.5216
05-JAN-2026,541778,38.22,38.95,-0.0189,0.0255,0.0255,0.4872
05-JAN-2026,541865,8.81,8.95,-0.0158,0.0289,0.0288,0.5502
05-JAN-2026,541890,0.33,0.34,-0.0299,0.1610,0.1606,3.0683
05-JAN-2026,541972,947.13,949.16,-0.0021,0.0092,0.0092,0.1758
05-JAN-2026,542012,435.10,457.95,-0.0512,0.1000,0.0999,1.9086
05-JAN-2026,542013,181.90,179.20,0.0150,0.0157,0.0157,0.2999
05-JAN-2026,542019,60.45,61.59,-0.0187,0.0319,0.0318,0.6075
05-JAN-2026,542034,12.69,12.48,0.0167,0.0248,0.0247,0.4719
05-JAN-2026,542046,6.60,6.44,0.0245,0.0367,0.0367,0.7012
05-JAN-2026,542057,76.86,75.35,0.0198,0.0264,0.0264,0.5044
05-JAN-2026,542123,145.00,145.00,0.0000,0.0354,0.0353,0.6744
05-JAN-2026,542176,23.05,21.99,0.0471,0.0452,0.0452,0.8635
05-JAN-2026,542206,3.00,3.10,-0.0328,0.0350,0.0350,0.6687
05-JAN-2026,542248,15.40,15.16,0.0157,0.0327,0.0326,0.6228
05-JAN-2026,542332,23.50,23.50,0.0000,0.0155,0.0154,0.2942
05-JAN-2026,542376,226.10,226.10,0.0000,0.0288,0.0287,0.5483
05-JAN-2026,542377,12.90,12.90,0.0000,0.0078,0.0078,0.1490
05-JAN-2026,542459,73.89,78.50,-0.0605,0.0267,0.0270,0.5158
05-JAN-2026,542524,34.39,34.39,0.0000,0.0225,0.0224,0.4280
05-JAN-2026,542543,92.91,87.95,0.0549,0.0122,0.0128,0.2445
05-JAN-2026,542544,10.00,10.00,0.0000,0.0000,0.0000,0.0000
05-JAN-2026,542579,5.77,5.74,0.0052,0.0239,0.0239,0.4566
05-JAN-2026,542627,70.09,71.89,-0.0254,0.0428,0.0427,0.8158
05-JAN-2026,542628,152.25,151.35,0.0059,0.0332,0.0331,0.6324
05-JAN-2026,542654,14.65,15.00,-0.0236,0.0333,0.0332,0.6343
05-JAN-2026,542666,6.84,6.97,-0.0188,0.0297,0.0296,0.5655
05-JAN-2026,542669,43.22,43.61,-0.0090,0.0260,0.0260,0.4967
05-JAN-2026,542670,21.16,20.95,0.0100,0.0280,0.0280,0.5349
05-JAN-2026,542679,212.20,223.30,-0.0510,0.0404,0.0405,0.7738
05-JAN-2026,542682,62.91,61.09,0.0294,0.0352,0.0351,0.6706
05-JAN-2026,542694,165.00,171.50,-0.0386,0.0485,0.0485,0.9266
05-JAN-2026,542721,372.35,391.90,-0.0512,0.0257,0.0259,0.4948
05-JAN-2026,542724,0.26,0.27,-0.0377,0.0394,0.0394,0.7527
05-JAN-2026,542747,92.17,92.54,-0.0040,0.0096,0.0096,0.1834
05-JAN-2026,542770,59.38,59.75,-0.0062,0.0282,0.0282,0.5388
05-JAN-2026,542802,2.05,2.17,-0.0569,0.0246,0.0248,0.4738
05-JAN-2026,542803,41.44,39.47,0.0487,0.0314,0.0315,0.6018
05-JAN-2026,542862,18.25,18.18,0.0038,0.0372,0.0371,0.7088
05-JAN-2026,542864,31.47,31.47,0.0000,0.0025,0.0025,0.0478
05-JAN-2026,542865,12.37,12.49,-0.0097,0.0342,0.0341,0.6515
05-JAN-2026,542866,187.15,189.00,-0.0098,0.0244,0.0244,0.4662
05-JAN-2026,542906,54.78,54.78,0.0000,0.0270,0.0270,0.5158
05-JAN-2026,542911,767.10,767.10,0.0000,0.0305,0.0305,0.5827
05-JAN-2026,542918,8.95,8.74,0.0237,0.0313,0.0313,0.5980
05-JAN-2026,542938,41.55,43.60,-0.0482,0.0383,0.0383,0.7317
05-JAN-2026,543171,1.98,1.97,0.0051,0.0216,0.0216,0.4127
05-JAN-2026,543207,4.47,4.57,-0.0221,0.0368,0.0368,0.7031
05-JAN-2026,543208,2.85,2.95,-0.0345,0.0292,0.0292,0.5579
05-JAN-2026,543211,60.37,55.39,0.0861,0.0405,0.0408,0.7795
05-JAN-2026,543225,150.00,157.00,-0.0456,0.0157,0.0160,0.3057
05-JAN-2026,543229,225.95,226.00,-0.0002,0.0409,0.0408,0.7795
05-JAN-2026,543230,1477.90,1542.40,-0.0427,0.0334,0.0335,0.6400
05-JAN-2026,543241,119.20,120.00,-0.0067,0.0335,0.0334,0.6381
05-JAN-2026,543256,19.11,18.29,0.0439,0.0385,0.0386,0.7375
05-JAN-2026,543284,98.19,99.92,-0.0175,0.0289,0.0289,0.5521
05-JAN-2026,543341,12.42,10.50,0.1679,0.0386,0.0403,0.7699
05-JAN-2026,543376,80.36,81.25,-0.0110,0.0384,0.0383,0.7317
05-JAN-2026,543499,5.88,5.79,0.0154,0.0366,0.0366,0.6992
05-JAN-2026,543531,50.00,51.35,-0.0266,0.0373,0.0373,0.7126
05-JAN-2026,543737,607.00,622.00,-0.0244,0.0292,0.0292,0.5579
05-JAN-2026,543766,374.15,373.35,0.0021,0.0275,0.0274,0.5235
05-JAN-2026,543860,52.43,54.91,-0.0462,0.0326,0.0327,0.6247
05-JAN-2026,543914,36.41,37.55,-0.0308,0.0288,0.0288,0.5502
05-JAN-2026,543925,145.60,145.60,0.0000,0.0068,0.0068,0.1299
05-JAN-2026,543927,36.92,36.20,0.0197,0.0312,0.0311,0.5942
05-JAN-2026,543934,228.85,221.60,0.0322,0.0318,0.0318,0.6075
05-JAN-2026,543976,30.92,32.44,-0.0480,0.0305,0.0306,0.5846
05-JAN-2026,543993,350.20,368.60,-0.0512,0.0271,0.0273,0.5216
05-JAN-2026,544005,125.00,125.00,0.0000,0.0054,0.0053,0.1013
05-JAN-2026,544080,835.00,820.95,0.0170,0.0249,0.0249,0.4757
05-JAN-2026,544090,809.60,799.50,0.0126,0.0308,0.0308,0.5884
05-JAN-2026,544112,565.80,576.05,-0.0180,0.0251,0.0251,0.4795
05-JAN-2026,544185,68.00,69.30,-0.0189,0.0304,0.0303,0.5789
05-JAN-2026,544186,140.80,137.00,0.0274,0.0237,0.0238,0.4547
05-JAN-2026,544191,54.84,52.23,0.0488,0.0385,0.0386,0.7375
05-JAN-2026,544205,446.70,469.90,-0.0506,0.0217,0.0220,0.4203
05-JAN-2026,544295,1030505.00,1030505.00,0.0000,0.0059,0.0059,0.1127
05-JAN-2026,544308,85.00,89.00,-0.0460,0.0342,0.0343,0.6553
05-JAN-2026,544346,171.00,172.60,-0.0093,0.0242,0.0242,0.4623
05-JAN-2026,544361,106.30,101.24,0.0488,0.0234,0.0236,0.4509
05-JAN-2026,544371,72.90,75.21,-0.0312,0.0255,0.0255,0.4872
05-JAN-2026,544462,1061000.00,1061000.00,0.0000,0.0024,0.0024,0.0459
05-JAN-2026,544467,1065.60,1075.25,-0.0090,0.0167,0.0166,0.3171
05-JAN-2026,544662,33.12,31.55,0.0486,0.0089,0.0095,0.1815
05-JAN-2026,5PAISA,375.60,367.85,0.0208,0.0244,0.0244,0.4662
05-JAN-2026,63MOONS,720.10,725.75,-0.0078,0.0313,0.0313,0.5980
05-JAN-2026,751071,0.10,0.12,-0.1823,0.0505,0.0520,0.9935
05-JAN-2026,751073,4.28,7.02,-0.4948,0.0000,0.0350,0.6687
05-JAN-2026,890197,2.95,2.97,-0.0068,0.0378,0.0377,0.7203
05-JAN-2026,890213,9.40,8.98,0.0457,0.0357,0.0357,0.6820
05-JAN-2026,890217,63.98,63.43,0.0086,0.0229,0.0229,0.4375
05-JAN-2026,890220,8.50,8.43,0.0083,0.0305,0.0305,0.5827
05-JAN-2026,890225,3.60,3.99,-0.1029,0.0239,0.0249,0.4757
05-JAN-2026,890226,9.45,9.00,0.0488,0.0264,0.0266,0.5082
05-JAN-2026,890229,1.90,1.92,-0.0105,0.0275,0.0275,0.5254
05-JAN-2026,890230,140.00,135.45,0.0330,0.0076,0.0080,0.1528
05-JAN-2026,A2ZINFRA,14.90,15.53,-0.0414,0.0319,0.0320,0.6114
05-JAN-2026,AAATECH,93.70,96.90,-0.0336,0.0333,0.0333,0.6362
05-JAN-2026,AADHARHFC,503.25,500.55,0.0054,0.0172,0.0172,0.3286
05-JAN-2026,AAKASH,8.65,8.76,-0.0126,0.0270,0.0269,0.5139
05-JAN-2026,AAREYDRUGS,67.62,66.34,0.0191,0.0278,0.0277,0.5292
05-JAN-2026,AARON,175.32,176.50,-0.0067,0.0294,0.0293,0.5598
05-JAN-2026,AARTECH,53.89,48.97,0.0957,0.0281,0.0288,0.5502
05-JAN-2026,AARTIDRUGS,404.95,410.95,-0.0147,0.0244,0.0243,0.4643
05-JAN-2026,AARTIIND,372.70,376.95,-0.0113,0.0199,0.0199,0.3802
05-JAN-2026,AARTIPHARM,730.60,742.10,-0.0156,0.0272,0.0272,0.5197
05-JAN-2026,AARTISURF,388.25,387.55,0.0018,0.0231,0.0230,0.4394
05-JAN-2026,AARVI,127.94,128.69,-0.0058,0.0281,0.0281,0.5368
05-JAN-2026,AASHRIT,74.00,74.00,0.0000,0.0028,0.0027,0.0516
05-JAN-2026,AAVAS,1439.85,1443.40,-0.0025,0.0188,0.0187,0.3573
05-JAN-2026,ABAN,18.92,19.86,-0.0485,0.0287,0.0288,0.5502
05-JAN-2026,ABB,5168.45,5205.25,-0.0071,0.0176,0.0176,0.3362
05-JAN-2026,ABBOTINDIA,28156.25,28123.30,0.0012,0.0138,0.0138,0.2636
05-JAN-2026,ABCAPITAL,363.30,361.25,0.0057,0.0199,0.0199,0.3802
05-JAN-2026,ABCOTS,410.00,412.20,-0.0054,0.0131,0.0130,0.2484
05-JAN-2026,ABDL,574.60,580.00,-0.0094,0.0223,0.0222,0.4241
05-JAN-2026,ABFRL,77.04,78.16,-0.0144,0.0223,0.0222,0.4241
05-JAN-2026,ABGSEC,111.20,111.19,0.0001,0.0038,0.0038,0.0726
05-JAN-2026,ABINFRA,18.72,18.66,0.0032,0.0241,0.0240,0.4585
05-JAN-2026,ABLBL,123.55,125.20,-0.0133,0.0144,0.0144,0.2751
05-JAN-2026,ABMINTLLTD,40.18,42.00,-0.0443,0.0352,0.0352,0.6725
05-JAN-2026,ABREL,1702.75,1664.20,0.0229,0.0247,0.0247,0.4719
05-JAN-2026,ABSLAMC,853.65,833.55,0.0238,0.0201,0.0201,0.3840
05-JAN-2026,ABSLBANETF,61.29,61.29,0.0000,0.0079,0.0078,0.1490
05-JAN-2026,ABSLLIQUID,1000.00,1000.00,0.0000,0.0000,0.0000,0.0000
05-JAN-2026,ABSLNN50ET,73.55,73.52,0.0004,0.0097,0.0097,0.1853
05-JAN-2026,ABSLPSE,10.48,10.41,0.0067,0.0105,0.0105,0.2006
05-JAN-2026,ACC,1771.55,1748.80,0.0129,0.0142,0.0142,0.2713
05-JAN-2026,ACCELYA,1312.25,1309.20,0.0023,0.0158,0.0158,0.3019
05-JAN-2026,ACCURACY,5.71,5.80,-0.0156,0.0252,0.0251,0.4795
05-JAN-2026,ACCUVANT,10.15,10.15,0.0000,0.0000,0.0000,0.0000
05-JAN-2026,ACE,952.50,976.80,-0.0252,0.0247,0.0247,0.4719
05-JAN-2026,ACEINTEG,22.16,22.74,-0.0258,0.0295,0.0295,0.5636
05-JAN-2026,ACESTONE,9.45,9.45,0.0000,0.0000,0.0000,0.0000
05-JAN-2026,ACI,574.10,562.70,0.0201,0.0218,0.0217,0.4146
05-JAN-2026,ACL,66.11,67.02,-0.0137,0.0252,0.0251,0.4795
05-JAN-2026,ACMESOLAR,238.65,240.45,-0.0075,0.0232,0.0231,0.4413
05-JAN-2026,ACUTAAS,1769.60,1749.20,0.0116,0.0268,0.0268,0.5120
05-JAN-2026,ADANIENSOL,1044.85,1057.90,-0.0124,0.0266,0.0266,0.5082
05-JAN-2026,ADANIENT,2279.50,2279.80,-0.0001,0.0235,0.0235,0.4490
05-JAN-2026,ADANIGREEN,1030.50,1038.80,-0.0080,0.0282,0.0281,0.5368
05-JAN-2026,ADANIPORTS,1493.00,1489.50,0.0023,0.0185,0.0185,0.3534
05-JAN-2026,ADANIPOWER,146.20,148.15,-0.0132,0.0283,0.0283,0.5407
05-JAN-2026,ADFFOODS,204.05,204.10,-0.0002,0.0268,0.0267,0.5101
05-JAN-2026,ADL,76.26,79.23,-0.0382,0.0312,0.0312,0.5961
05-JAN-2026,ADOR,1028.10,1037.70,-0.0093,0.0215,0.0215,0.4108
05-JAN-2026,ADROITINFO,10.09,10.13,-0.0040,0.0273,0.0272,0.5197
05-JAN-2026,ADSL,152.15,155.45,-0.0215,0.0303,0.0302,0.5770
05-JAN-2026,ADVANCE,131.20,121.25,0.0789,0.0192,0.0199,0.3802
05-JAN-2026,ADVANIHOTR,57.05,58.08,-0.0179,0.0200,0.0200,0.3821
05-JAN-2026,ADVENTHTL,242.95,235.50,0.0311,0.0204,0.0204,0.3897
05-JAN-2026,ADVENZYMES,303.30,302.15,0.0038,0.0224,0.0223,0.4260
05-JAN-2026,AEGISLOG,732.05,726.15,0.0081,0.0279,0.0278,0.5311
05-JAN-2026,AEGISVOPAK,243.55,248.80,-0.0213,0.0171,0.0171,0.3267
05-JAN-2026,AEQUS,141.00,137.35,0.0262,0.0121,0.0122,0.2331
05-JAN-2026,AEROENTER,86.75,87.89,-0.0131,0.0272,0.0271,0.5177
05-JAN-2026,AEROFLEX,200.20,197.55,0.0133,0.0283,0.0283,0.5407
05-JAN-2026,AERONEU,74.91,74.95,-0.0005,0.0353,0.0352,0.6725
05-JAN-2026,AETHER,946.70,944.10,0.0028,0.0194,0.0193,0.3687
05-JAN-2026,AFCONS,382.50,390.85,-0.0216,0.0171,0.0171,0.3267
05-JAN-2026,AFDIL,145.50,145.50,0.0000,0.0000,0.0000,0.0000
05-JAN-2026,AFFLE,1821.85,1782.70,0.0217,0.0198,0.0198,0.3783
05-JAN-2026,AFFORDABLE,207.75,208.80,-0.0050,0.0329,0.0328,0.6266
05-JAN-2026,AFIL,6.38,6.43,-0.0078,0.0285,0.0284,0.5426
05-JAN-2026,AFSL,202.00,202.45,-0.0022,0.0249,0.0249,0.4757
05-JAN-2026,AGARIND,716.05,720.05,-0.0056,0.0246,0.0246,0.4700
05-JAN-2026,AGARWALEYE,500.10,501.95,-0.0037,0.0160,0.0160,0.3057
05-JAN-2026,AGI,747.80,759.55,-0.0156,0.0268,0.0267,0.5101
05-JAN-2026,AGIIL,259.10,273.40,-0.0537,0.0302,0.0303,0.5789
05-JAN-2026,AGRITECH,148.75,153.15,-0.0292,0.0344,0.0343,0.6553
05-JAN-2026,AGROPHOS,40.68,40.48,0.0049,0.0314,0.0314,0.5999
05-JAN-2026,AGSTRA,4.12,4.15,-0.0073,0.0321,0.0320,0.6114
05-JAN-2026,AHCL,150.50,154.75,-0.0278,0.0175,0.0175,0.3343
05-JAN-2026,AHLADA,47.84,47.43,0.0086,0.0263,0.0263,0.5025
05-JAN-2026,AHLEAST,150.30,147.55,0.0185,0.0219,0.0219,0.4184
05-JAN-2026,AHLUCONT,948.15,960.45,-0.0129,0.0230,0.0230,0.4394
05-JAN-2026,AIAENG,4077.70,4089.80,-0.0030,0.0162,0.0161,0.3076
05-JAN-2026,AIIL,3097.95,3045.80,0.0170,0.0302,0.0302,0.5770
05-JAN-2026,AIRAN,18.22,18.32,-0.0055,0.0262,0.0262,0.5006
05-JAN-2026,AIROLAM,100.36,101.01,-0.0065,0.0271,0.0270,0.5158
05-JAN-2026,AJANTPHARM,2913.05,2948.50,-0.0121,0.0189,0.0189,0.3611
05-JAN-2026,AJAXENGG,601.60,595.10,0.0109,0.0181,0.0180,0.3439
05-JAN-2026,AJMERA,989.55,1001.85,-0.0124,0.0274,0.0273,0.5216
05-JAN-2026,AJOONI,4.27,4.33,-0.0140,0.0263,0.0262,0.5006
05-JAN-2026,AKASH,24.80,25.76,-0.0380,0.0289,0.0290,0.5540
05-JAN-2026,AKG,12.34,12.56,-0.0177,0.0262,0.0261,0.4986
05-JAN-2026,AKI,6.62,6.79,-0.0254,0.0307,0.0307,0.5865
05-JAN-2026,AKSHAR,0.50,0.50,0.0000,0.0284,0.0283,0.5407
05-JAN-2026,AKSHARCHEM,240.50,239.10,0.0058,0.0258,0.0257,0.4910
05-JAN-2026,AKSHOPTFBR,6.44,6.50,-0.0093,0.0320,0.0319,0.6094
05-JAN-2026,AKUMS,447.35,451.85,-0.0100,0.0206,0.0205,0.3917
05-JAN-2026,AKZOINDIA,3182.40,3211.95,-0.0092,0.0205,0.0205,0.3917
05-JAN-2026,ALANKIT,10.82,10.87,-0.0046,0.0239,0.0238,0.4547
05-JAN-2026,ALBERTDAVD,755.65,752.65,0.0040,0.0228,0.0227,0.4337
05-JAN-2026,ALEMBICLTD,101.60,103.35,-0.0171,0.0216,0.0216,0.4127
05-JAN-2026,ALICON,843.85,847.20,-0.0040,0.0251,0.0250,0.4776
05-JAN-2026,ALIVUS,898.60,913.00,-0.0159,0.0221,0.0221,0.4222
05-JAN-2026,ALKALI,80.61,81.10,-0.0061,0.0270,0.0270,0.5158
05-JAN-2026,ALKEM,5552.50,5592.40,-0.0072,0.0135,0.0135,0.2579
05-JAN-2026,ALKYLAMINE,1576.60,1607.10,-0.0192,0.0188,0.0188,0.3592
05-JAN-2026,ALLCARGO,11.41,11.44,-0.0026,0.0267,0.0266,0.5082
05-JAN-2026,ALLDIGI,822.90,837.00,-0.0170,0.0206,0.0205,0.3917
05-JAN-2026,ALLTIME,258.20,263.35,-0.0197,0.0143,0.0143,0.2732
05-JAN-2026,ALMONDZ,18.83,18.67,0.0085,0.0308,0.0307,0.5865
05-JAN-2026,ALOKINDS,16.09,16.26,-0.0105,0.0251,0.0251,0.4795
05-JAN-2026,ALPA,78.36,78.04,0.0041,0.0261,0.0260,0.4967
05-JAN-2026,ALPHA,48.60,48.45,0.0031,0.0118,0.0118,0.2254
05-JAN-2026,ALPHAETF,25.44,25.31,0.0051,0.0110,0.0110,0.2102
05-JAN-2026,ALPHAGEO,227.25,229.70,-0.0107,0.0263,0.0263,0.5025
05-JAN-2026,ALPL30IETF,28.15,28.03,0.0043,0.0073,0.0072,0.1376
05-JAN-2026,AMANTA,110.45,109.75,0.0064,0.0135,0.0135,0.2579
05-JAN-2026,AMARKANTAK,11.95,11.95,0.0000,0.0000,0.0000,0.0000
05-JAN-2026,AMARVAN,10.00,10.00,0.0000,0.0000,0.0000,0.0000
05-JAN-2026,AMBER,6712.05,6482.45,0.0348,0.0269,0.0270,0.5158
05-JAN-2026,AMBICAAGAR,25.35,25.54,-0.0075,0.0251,0.0251,0.4795
05-JAN-2026,AMBIKCO,1246.65,1247.20,-0.0004,0.0177,0.0176,0.3362
05-JAN-2026,AMBUJACEM,571.25,565.40,0.0103,0.0162,0.0161,0.3076
05-JAN-2026,AMDIND,47.29,47.32,-0.0006,0.0304,0.0304,0.5808
05-JAN-2026,AMJLAND,51.52,51.37,0.0029,0.0271,0.0270,0.5158
05-JAN-2026,AMNPLST,199.15,192.55,0.0337,0.0307,0.0308,0.5884
05-JAN-2026,AMRITINDIA,1614.35,1614.35,0.0000,0.0011,0.0011,0.0210
05-JAN-2026,AMRUTANJAN,661.05,672.70,-0.0175,0.0175,0.0175,0.3343
05-JAN-2026,ANANDRATHI,3123.70,3079.35,0.0143,0.0192,0.0192,0.3668
05-JAN-2026,ANANTAM,104.07,103.98,0.0009,0.0035,0.0035,0.0669
05-JAN-2026,ANANTRAJ,588.05,584.10,0.0067,0.0317,0.0316,0.6037
05-JAN-2026,ANDHRAPAP,66.96,67.45,-0.0073,0.0191,0.0191,0.3649
05-JAN-2026,ANDHRSUGAR,74.75,75.98,-0.0163,0.0199,0.0198,0.3783
05-JAN-2026,ANGELONE,2402.00,2387.90,0.0059,0.0270,0.0270,0.5158
05-JAN-2026,ANIKINDS,52.07,51.80,0.0052,0.0312,0.0312,0.5961
05-JAN-2026,ANKITMETAL,1.73,1.77,-0.0229,0.0284,0.0284,0.5426
05-JAN-2026,ANMOL,14.30,14.26,0.0028,0.0252,0.0251,0.4795
05-JAN-2026,ANSALAPI,3.29,3.33,-0.0121,0.0232,0.0231,0.4413
05-JAN-2026,ANTELOPUS,395.55,406.65,-0.0277,0.0314,0.0314,0.5999
05-JAN-2026,ANTGRAPHIC,1.02,1.04,-0.0194,0.0325,0.0324,0.6190
05-JAN-2026,ANTHEM,648.80,654.40,-0.0086,0.0136,0.0136,0.2598
05-JAN-2026,ANUHPHR,79.45,80.26,-0.0101,0.0236,0.0235,0.4490
05-JAN-2026,ANUP,2249.45,2256.40,-0.0031,0.0269,0.0268,0.5120
05-JAN-2026,ANURAS,1328.35,1325.30,0.0023,0.0174,0.0174,0.3324
05-JAN-2026,ANZEN,116.00,116.00,0.0000,0.0121,0.0121,0.2312
05-JAN-2026,AONEGOLD,12.72,12.61,0.0087,0.0078,0.0078,0.1490
05-JAN-2026,AONELIQUID,1041.56,1041.43,0.0001,0.0002,0.0002,0.0038
05-JAN-2026,AONENIFTY,10.74,10.77,-0.0028,0.0034,0.0034,0.0650
05-JAN-2026,AONETMMQ50,9.75,9.70,0.0051,0.0027,0.0027,0.0516
05-JAN-2026,AONETOTAL,12.15,12.14,0.0008,0.0055,0.0055,0.1051
05-JAN-2026,APARINDS,8172.50,8264.55,-0.0112,0.0273,0.0273,0.5216
05-JAN-2026,APCL,135.05,124.75,0.0793,0.0263,0.0268,0.5120
05-JAN-2026,APCOTEXIND,373.05,370.80,0.0060,0.0196,0.0195,0.3725
05-JAN-2026,APEX,310.45,295.95,0.0478,0.0327,0.0328,0.6266
05-JAN-2026,APLAPOLLO,1966.20,1931.90,0.0176,0.0168,0.0168,0.3210
05-JAN-2026,APLLTD,837.55,835.05,0.0030,0.0202,0.0202,0.3859
05-JAN-2026,APOLLO,267.75,271.90,-0.0154,0.0352,0.0351,0.6706
05-JAN-2026,APOLLOHOSP,7083.00,7129.50,-0.0065,0.0129,0.0129,0.2465
05-JAN-2026,APOLLOPIPE,283.10,289.70,-0.0230,0.0240,0.0240,0.4585
05-JAN-2026,APOLLOTYRE,505.80,497.25,0.0170,0.0166,0.0166,0.3171
05-JAN-2026,APOLSINHOT,1295.00,1188.00,0.0862,0.0252,0.0259,0.4948
05-JAN-2026,APTECHT,91.88,94.02,-0.0230,0.0265,0.0265,0.5063
05-JAN-2026,APTUS,287.65,283.80,0.0135,0.0189,0.0188,0.3592
05-JAN-2026,ARCHIDPLY,88.89,89.43,-0.0061,0.0279,0.0279,0.5330
05-JAN-2026,ARCHIES,18.25,18.45,-0.0109,0.0280,0.0280,0.5349
05-JAN-2026,ARE&M,925.85,928.30,-0.0026,0.0179,0.0178,0.3401
05-JAN-2026,ARENTERP,43.61,44.93,-0.0298,0.0361,0.0361,0.6897
05-JAN-2026,ARFIN,75.88,74.79,0.0145,0.0285,0.0284,0.5426
05-JAN-2026,ARIES,340.55,345.45,-0.0143,0.0297,0.0297,0.5674
05-JAN-2026,ARIHANTCAP,88.58,90.57,-0.0222,0.0326,0.0325,0.6209
05-JAN-2026,ARIHANTSUP,339.00,343.00,-0.0117,0.0244,0.0244,0.4662
05-JAN-2026,ARISINFRA,128.20,131.45,-0.0250,0.0187,0.0187,0.3573
05-JAN-2026,ARKADE,135.50,137.20,-0.0125,0.0217,0.0216,0.4127
05-JAN-2026,ARMANFIN,1548.55,1521.00,0.0180,0.0258,0.0257,0.4910
05-JAN-2026,AROGRANITE,33.18,32.88,0.0091,0.0285,0.0285,0.5445
05-JAN-2026,ARROWGREEN,513.95,516.00,-0.0040,0.0336,0.0336,0.6419
05-JAN-2026,ARSHIYA,1.22,1.25,-0.0243,0.0332,0.0332,0.6343
05-JAN-2026,ARSSBL,650.55,656.50,-0.0091,0.0176,0.0176,0.3362
05-JAN-2026,ARTEMISMED,272.40,276.15,-0.0137,0.0231,0.0230,0.4394
05-JAN-2026,ARTNIRMAN,48.33,46.67,0.0350,0.0346,0.0346,0.6610
05-JAN-2026,ARVEE,200.24,199.93,0.0015,0.0430,0.0429,0.8196
05-JAN-2026,ARVIND,317.75,318.35,-0.0019,0.0238,0.0237,0.4528
05-JAN-2026,ARVINDFASN,508.10,510.55,-0.0048,0.0232,0.0231,0.4413
05-JAN-2026,ARVSMART,590.05,594.30,-0.0072,0.0235,0.0235,0.4490
05-JAN-2026,ASAHIINDIA,972.10,992.10,-0.0204,0.0225,0.0225,0.4299
05-JAN-2026,ASAHISONG,260.10,260.95,-0.0033,0.0315,0.0314,0.5999
05-JAN-2026,ASAL,480.25,484.95,-0.0097,0.0297,0.0297,0.5674
05-JAN-2026,ASALCBR,940.90,952.35,-0.0121,0.0308,0.0307,0.5865
05-JAN-2026,ASHAPURMIN,900.50,901.05,-0.0006,0.0339,0.0338,0.6457
05-JAN-2026,ASHIANA,282.65,286.00,-0.0118,0.0219,0.0219,0.4184
05-JAN-2026,ASHIMASYN,18.93,19.46,-0.0276,0.0356,0.0356,0.6801
05-JAN-2026,ASHOKA,167.75,169.35,-0.0095,0.0246,0.0246,0.4700
05-JAN-2026,ASHOKAMET,15.43,15.68,-0.0161,0.0273,0.0272,0.5197
05-JAN-2026,ASHOKLEY,187.75,188.80,-0.0056,0.0184,0.0183,0.3496
05-JAN-2026,ASIANENE,285.25,288.10,-0.0099,0.0317,0.0316,0.6037
05-JAN-2026,ASIANHOTNR,326.45,323.85,0.0080,0.0265,0.0264,0.5044
05-JAN-2026,ASIANPAINT,2815.60,2772.60,0.0154,0.0130,0.0130,0.2484
05-JAN-2026,ASIANTILES,76.93,76.64,0.0038,0.0252,0.0252,0.4814
05-JAN-2026,ASKAUTOLTD,475.90,482.05,-0.0128,0.0214,0.0213,0.4069
05-JAN-2026,ASMS,11.84,12.00,-0.0134,0.0345,0.0344,0.6572
05-JAN-2026,ASPINWALL,238.05,241.05,-0.0125,0.0290,0.0289,0.5521
05-JAN-2026,ASTEC,710.25,715.10,-0.0068,0.0306,0.0305,0.5827
05-JAN-2026,ASTERDM,615.25,613.90,0.0022,0.0198,0.0197,0.3764
05-JAN-2026,ASTRAL,1492.80,1453.40,0.0267,0.0172,0.0173,0.3305
05-JAN-2026,ASTRAMICRO,1000.00,963.30,0.0374,0.0258,0.0258,0.4929
05-JAN-2026,ASTRAZEN,8437.75,8601.60,-0.0192,0.0217,0.0217,0.4146
05-JAN-2026,ASTRON,6.19,6.03,0.0262,0.0309,0.0309,0.5903
05-JAN-2026,ATALREAL,26.00,25.97,0.0012,0.0245,0.0244,0.4662
05-JAN-2026,ATAM,83.23,82.58,0.0078,0.0280,0.0279,0.5330
05-JAN-2026,ATGL,577.05,587.65,-0.0182,0.0273,0.0272,0.5197
05-JAN-2026,ATHERENERG,684.95,741.55,-0.0794,0.0227,0.0233,0.4451
05-JAN-2026,ATL,27.72,28.20,-0.0172,0.0274,0.0274,0.5235
05-JAN-2026,ATLANTAA,45.98,44.45,0.0338,0.0413,0.0413,0.7890
05-JAN-2026,ATLANTAELE,886.80,907.35,-0.0229,0.0173,0.0173,0.3305
05-JAN-2026,ATLASCYCLE,102.60,104.40,-0.0174,0.0397,0.0396,0.7566
05-JAN-2026,ATUL,6177.60,6109.35,0.0111,0.0169,0.0169,0.3229
05-JAN-2026,ATULAUTO,458.25,464.10,-0.0127,0.0273,0.0272,0.5197
05-JAN-2026,AUBANK,1014.95,999.40,0.0154,0.0182,0.0182,0.3477
05-JAN-2026,AURIGROW,0.72,0.70,0.0282,0.0506,0.0505,0.9648
05-JAN-2026,AURIONPRO,1103.80,1086.20,0.0161,0.0292,0.0291,0.5560
05-JAN-2026,AUROPHARMA,1207.40,1215.40,-0.0066,0.0168,0.0168,0.3210
05-JAN-2026,AURUM,191.40,187.10,0.0227,0.0257,0.0257,0.4910
05-JAN-2026,AUSOMENT,109.25,109.25,0.0000,0.0297,0.0296,0.5655
05-JAN-2026,AUTOAXLES,1998.55,1969.20,0.0148,0.0170,0.0170,0.3248
05-JAN-2026,AUTOBEES,296.93,296.09,0.0028,0.0103,0.0103,0.1968
05-JAN-2026,AUTOIETF,29.74,29.65,0.0030,0.0102,0.0102,0.1949
05-JAN-2026,AUTOIND,78.86,79.35,-0.0062,0.0286,0.0286,0.5464
05-JAN-2026,AVADHSUGAR,372.50,373.60,-0.0029,0.0233,0.0232,0.4432
05-JAN-2026,AVALON,908.70,893.70,0.0166,0.0290,0.0289,0.5521
05-JAN-2026,AVANTEL,157.45,157.65,-0.0013,0.0293,0.0292,0.5579
05-JAN-2026,AVANTIFEED,857.45,880.25,-0.0262,0.0273,0.0273,0.5216
05-JAN-2026,AVG,183.15,175.20,0.0444,0.0302,0.0303,0.5789
05-JAN-2026,AVL,490.65,483.60,0.0145,0.0273,0.0272,0.5197
05-JAN-2026,AVONMORE,18.19,18.65,-0.0250,0.0309,0.0308,0.5884
05-JAN-2026,AVROIND,118.45,117.85,0.0051,0.0295,0.0294,0.5617
05-JAN-2026,AVTNPL,67.21,67.51,-0.0045,0.0198,0.0197,0.3764
05-JAN-2026,AWFIS,485.75,493.90,-0.0166,0.0224,0.0224,0.4280
05-JAN-2026,AWHCL,490.30,492.65,-0.0048,0.0269,0.0269,0.5139
05-JAN-2026,AWL,233.80,236.80,-0.0127,0.0210,0.0210,0.4012
05-JAN-2026,AXISBANK,1285.80,1266.90,0.0148,0.0135,0.0135,0.2579
05-JAN-2026,AXISBNKETF,617.22,617.08,0.0002,0.0077,0.0076,0.1452
05-JAN-2026,AXISBPSETF,13.15,13.12,0.0023,0.0023,0.0023,0.0439
05-JAN-2026,AXISCADES,1439.30,1373.80,0.0466,0.0326,0.0327,0.6247
05-JAN-2026,AXISCETF,126.27,125.76,0.0040,0.0087,0.0087,0.1662
05-JAN-2026,AXISGOLD,114.16,112.90,0.0111,0.0117,0.0117,0.2235
05-JAN-2026,AXISHCETF,149.36,149.29,0.0005,0.0094,0.0093,0.1777
05-JAN-2026,AXISILVER,234.40,230.91,0.0150,0.0195,0.0195,0.3725
05-JAN-2026,AXISNIFTY,287.72,288.97,-0.0043,0.0069,0.0068,0.1299
05-JAN-2026,AXISTECETF,411.82,418.03,-0.0150,0.0120,0.0120,0.2293
05-JAN-2026,AXISVALUE,32.34,32.28,0.0019,0.0073,0.0073,0.1395
05-JAN-2026,AXITA,11.16,11.74,-0.0507,0.0199,0.0202,0.3859
05-JAN-2026,AXSENSEX,87.83,88.09,-0.0030,0.0078,0.0078,0.1490
05-JAN-2026,AYMSYNTEX,166.65,170.20,-0.0211,0.0282,0.0281,0.5368
05-JAN-2026,AZAD,1689.40,1652.70,0.0220,0.0247,0.0246,0.4700
05-JAN-2026,BAFNAPH,148.40,151.30,-0.0194,0.0316,0.0315,0.6018
05-JAN-2026,BAGFILMS,6.24,6.27,-0.0048,0.0292,0.0292,0.5579
05-JAN-2026,BAIDFIN,10.99,11.06,-0.0063,0.0291,0.0291,0.5560
05-JAN-2026,BAJAJ-AUTO,9497.60,9502.45,-0.0005,0.0147,0.0147,0.2808
05-JAN-2026,BAJAJCON,280.10,267.35,0.0466,0.0225,0.0227,0.4337
05-JAN-2026,BAJAJELEC,477.20,479.35,-0.0045,0.0177,0.0177,0.3382
05-JAN-2026,BAJAJFINSV,2039.20,2038.40,0.0004,0.0145,0.0145,0.2770
05-JAN-2026,BAJAJHCARE,410.90,418.60,-0.0186,0.0297,0.0297,0.5674
05-JAN-2026,BAJAJHFL,97.45,96.62,0.0086,0.0150,0.0150,0.2866
05-JAN-2026,BAJAJHIND,18.46,18.68,-0.0118,0.0263,0.0262,0.5006
05-JAN-2026,BAJAJHLDNG,11271.85,11181.80,0.0080,0.0206,0.0206,0.3936
05-JAN-2026,BAJAJINDEF,347.35,357.60,-0.0291,0.0294,0.0294,0.5617
05-JAN-2026,BAJEL,173.70,174.45,-0.0043,0.0263,0.0262,0.5006
05-JAN-2026,BAJFINANCE,978.75,990.45,-0.0119,0.0162,0.0162,0.3095
05-JAN-2026,BALAJEE,39.88,40.38,-0.0125,0.0233,0.0233,0.4451
05-JAN-2026,BALAJITELE,105.15,107.30,-0.0202,0.0310,0.0310,0.5923
05-JAN-2026,BALAMINES,1089.75,1109.90,-0.0183,0.0220,0.0220,0.4203
05-JAN-2026,BALAXI,27.54,27.06,0.0176,0.0289,0.0288,0.5502
05-JAN-2026,BALKRISHNA,18.39,18.47,-0.0043,0.0263,0.0262,0.5006
05-JAN-2026,BALKRISIND,2398.85,2368.65,0.0127,0.0166,0.0166,0.3171
05-JAN-2026,BALMLAWRIE,185.20,184.40,0.0043,0.0204,0.0204,0.3897
05-JAN-2026,BALPHARMA,73.94,73.15,0.0107,0.0255,0.0255,0.4872
05-JAN-2026,BALRAMCHIN,440.45,438.55,0.0043,0.0212,0.0211,0.4031
05-JAN-2026,BALUFORGE,593.35,596.40,-0.0051,0.0306,0.0305,0.5827
05-JAN-2026,BANARBEADS,127.40,127.40,0.0000,0.0264,0.0263,0.5025
05-JAN-2026,BANARISUG,3662.15,3602.40,0.0165,0.0169,0.0169,0.3229
05-JAN-2026,BANCOINDIA,708.35,708.75,-0.0006,0.0352,0.0351,0.6706
05-JAN-2026,BANDHANBNK,147.20,144.45,0.0189,0.0216,0.0216,0.4127
05-JAN-2026,BANG,48.42,48.19,0.0048,0.0297,0.0296,0.5655
05-JAN-2026,BANKA,66.53,67.63,-0.0164,0.0318,0.0318,0.6075
05-JAN-2026,BANKADD,61.20,61.26,-0.0010,0.0201,0.0201,0.3840
05-JAN-2026,BANKBARODA,306.85,305.05,0.0059,0.0174,0.0174,0.3324
05-JAN-2026,BANKBEES,619.22,619.91,-0.0011,0.0076,0.0076,0.1452
05-JAN-2026,BANKBETA,61.79,61.82,-0.0005,0.0079,0.0079,0.1509
05-JAN-2026,BANKBETF,60.73,60.81,-0.0013,0.0090,0.0090,0.1719
05-JAN-2026,BANKETF,609.66,609.61,0.0001,0.0074,0.0074,0.1414
05-JAN-2026,BANKIETF,61.32,61.44,-0.0020,0.0078,0.0078,0.1490
05-JAN-2026,BANKINDIA,149.90,149.20,0.0047,0.0197,0.0197,0.3764
05-JAN-2026,BANKNIFTY1,620.52,621.69,-0.0019,0.0081,0.0081,0.1548
05-JAN-2026,BANKPSU,87.78,87.50,0.0032,0.0117,0.0117,0.2235
05-JAN-2026,BANSALWIRE,308.60,311.25,-0.0086,0.0186,0.0186,0.3554
05-JAN-2026,BANSWRAS,115.55,114.40,0.0100,0.0224,0.0223,0.4260
05-JAN-2026,BASF,3959.80,3934.90,0.0063,0.0206,0.0205,0.3917
05-JAN-2026,BASML,25.91,26.19,-0.0107,0.0284,0.0283,0.5407
05-JAN-2026,BATAINDIA,957.15,950.05,0.0074,0.0151,0.0151,0.2885
05-JAN-2026,BAYERCROP,4562.65,4536.25,0.0058,0.0169,0.0169,0.3229
05-JAN-2026,BBETF0432,1314.45,1314.86,-0.0003,0.0018,0.0018,0.0344
05-JAN-2026,BBL,2867.60,2759.70,0.0384,0.0270,0.0271,0.5177
05-JAN-2026,BBNPNBETF,60.42,60.33,0.0015,0.0072,0.0072,0.1376
05-JAN-2026,BBNPPGOLD,132.25,130.85,0.0106,0.0125,0.0125,0.2388
05-JAN-2026,BBOX,553.55,557.40,-0.0069,0.0287,0.0286,0.5464
05-JAN-2026,BBTC,1868.70,1880.85,-0.0065,0.0235,0.0234,0.4471
05-JAN-2026,BBTCL,189.30,194.40,-0.0266,0.0244,0.0245,0.4681
05-JAN-2026,BCG,10.62,10.55,0.0066,0.0459,0.0458,0.8750
05-JAN-2026,BCLIND,32.05,32.74,-0.0213,0.0242,0.0241,0.4604
05-JAN-2026,BCONCEPTS,329.70,338.55,-0.0265,0.0332,0.0331,0.6324
05-JAN-2026,BDL,1541.80,1495.00,0.0308,0.0263,0.0263,0.5025
05-JAN-2026,BEARDSELL,30.12,30.33,-0.0069,0.0331,0.0330,0.6305
05-JAN-2026,BECTORFOOD,243.55,244.50,-0.0039,0.0232,0.0232,0.4432
05-JAN-2026,BEDMUTHA,110.05,111.40,-0.0122,0.0263,0.0263,0.5025
05-JAN-2026,BEL,413.80,403.15,0.0261,0.0186,0.0187,0.3573
05-JAN-2026,BELLACASA,376.50,379.50,-0.0079,0.0326,0.0325,0.6209
05-JAN-2026,BELRISE,184.65,185.05,-0.0022,0.0178,0.0178,0.3401
05-JAN-2026,BEML,1886.80,1857.85,0.0155,0.0283,0.0282,0.5388
05-JAN-2026,BEPL,90.02,91.24,-0.0135,0.0213,0.0213,0.4069
05-JAN-2026,BERGEPAINT,528.60,524.10,0.0085,0.0152,0.0152,0.2904
05-JAN-2026,BESTAGRO,397.05,390.30,0.0171,0.0327,0.0326,0.6228
05-JAN-2026,BETA,1644.50,1629.40,0.0092,0.0087,0.0087,0.1662
05-JAN-2026,BFINVEST,418.00,418.45,-0.0011,0.0221,0.0221,0.4222
05-JAN-2026,BFSI,28.72,28.80,-0.0028,0.0083,0.0083,0.1586
05-JAN-2026,BFUTILITIE,686.10,689.05,-0.0043,0.0298,0.0297,0.5674
05-JAN-2026,BGLOBAL,3.53,3.71,-0.0497,0.0200,0.0203,0.3878
05-JAN-2026,BGRENERGY,348.30,359.20,-0.0308,0.0361,0.0361,0.6897
05-JAN-2026,BHAGCHEM,217.05,200.60,0.0788,0.0243,0.0249,0.4757
05-JAN-2026,BHAGERIA,179.75,183.55,-0.0209,0.0290,0.0290,0.5540
05-JAN-2026,BHAGYANGR,169.35,161.30,0.0487,0.0333,0.0334,0.6381
05-JAN-2026,BHANDARI,4.15,4.24,-0.0215,0.0256,0.0256,0.4891
05-JAN-2026,BHARATFORG,1482.30,1477.25,0.0034,0.0186,0.0185,0.3534
05-JAN-2026,BHARATGEAR,113.90,117.30,-0.0294,0.0305,0.0305,0.5827
05-JAN-2026,BHARATRAS,2172.30,2201.95,-0.0136,0.0258,0.0257,0.4910
05-JAN-2026,BHARATSE,173.95,177.50,-0.0202,0.0345,0.0344,0.6572
05-JAN-2026,BHARATWIRE,187.90,186.65,0.0067,0.0331,0.0331,0.6324
05-JAN-2026,BHARTIARTL,2105.00,2106.30,-0.0006,0.0127,0.0127,0.2426
05-JAN-2026,BHARTIHEXA,1807.70,1802.10,0.0031,0.0210,0.0209,0.3993
05-JAN-2026,BHEL,300.05,299.50,0.0018,0.0228,0.0227,0.4337
05-JAN-2026,BIGBLOC,70.46,73.06,-0.0362,0.0322,0.0322,0.6152
05-JAN-2026,BIKAJI,718.05,735.60,-0.0241,0.0191,0.0192,0.3668
05-JAN-2026,BIL,721.00,735.35,-0.0197,0.0290,0.0289,0.5521
05-JAN-2026,BILVYAPAR,7.42,7.54,-0.0160,0.0347,0.0346,0.6610
05-JAN-2026,BIOCON,391.35,392.95,-0.0041,0.0198,0.0197,0.3764
05-JAN-2026,BIOFILCHEM,34.49,33.50,0.0291,0.0256,0.0256,0.4891
05-JAN-2026,BIRET,339.18,334.49,0.0139,0.0108,0.0108,0.2063
05-JAN-2026,BIRLACABLE,137.15,136.55,0.0044,0.0267,0.0266,0.5082
05-JAN-2026,BIRLACORPN,1082.20,1109.30,-0.0247,0.0204,0.0204,0.3897
05-JAN-2026,BIRLAMONEY,143.95,144.65,-0.0049,0.0267,0.0266,0.5082
05-JAN-2026,BIRLANU,1753.35,1741.05,0.0070,0.0193,0.0192,0.3668
05-JAN-2026,BIUL,52.35,52.35,0.0000,0.0449,0.0447,0.8540
05-JAN-2026,BLACKBUCK,698.25,699.10,-0.0012,0.0268,0.0267,0.5101
05-JAN-2026,BLAL,206.60,207.20,-0.0029,0.0204,0.0203,0.3878
05-JAN-2026,BLBLIMITED,13.87,13.81,0.0043,0.0281,0.0280,0.5349
05-JAN-2026,BLISSGVS,160.40,162.80,-0.0149,0.0345,0.0344,0.6572
05-JAN-2026,BLKASHYAP,52.70,53.49,-0.0149,0.0287,0.0287,0.5483
05-JAN-2026,BLS,316.45,316.80,-0.0011,0.0275,0.0274,0.5235
05-JAN-2026,BLSE,193.95,199.35,-0.0275,0.0275,0.0275,0.5254
05-JAN-2026,BLUECHIP,3.03,3.09,-0.0196,0.0694,0.0692,1.3221
05-JAN-2026,BLUECOAST,33.73,34.72,-0.0289,0.0620,0.0619,1.1826
05-JAN-2026,BLUEDART,5682.90,5593.95,0.0158,0.0202,0.0202,0.3859
05-JAN-2026,BLUEJET,524.75,531.10,-0.0120,0.0283,0.0282,0.5388
05-JAN-2026,BLUESTARCO,1849.10,1816.05,0.0180,0.0208,0.0207,0.3955
05-JAN-2026,BLUESTONE,490.10,500.75,-0.0215,0.0196,0.0196,0.3745
05-JAN-2026,BLUSPRING,67.39,65.97,0.0213,0.0191,0.0191,0.3649
05-JAN-2026,BMWVENTLTD,56.53,57.52,-0.0174,0.0136,0.0136,0.2598
05-JAN-2026,BODALCHEM,52.35,54.00,-0.0310,0.0220,0.0220,0.4203
05-JAN-2026,BOHRAIND,16.99,17.06,-0.0041,0.0280,0.0280,0.5349
05-JAN-2026,BOMDYEING,128.75,130.00,-0.0097,0.0261,0.0260,0.4967
05-JAN-2026,BORANA,313.45,303.20,0.0332,0.0163,0.0164,0.3133
05-JAN-2026,BOROLTD,280.85,283.50,-0.0094,0.0217,0.0216,0.4127
05-JAN-2026,BORORENEW,540.15,547.95,-0.0143,0.0262,0.0261,0.4986
05-JAN-2026,BOROSCI,118.70,119.60,-0.0076,0.0250,0.0249,0.4757
05-JAN-2026,BOSCH-HCIL,1437.00,1442.55,-0.0039,0.0201,0.0200,0.3821
05-JAN-2026,BOSCHLTD,39170.90,39423.35,-0.0064,0.0153,0.0152,0.2904
05-JAN-2026,BPCL,377.90,381.45,-0.0094,0.0169,0.0169,0.3229
05-JAN-2026,BPL,68.45,66.71,0.0257,0.0324,0.0324,0.6190
05-JAN-2026,BRIGADE,902.55,890.50,0.0134,0.0209,0.0208,0.3974
05-JAN-2026,BRIGHOTEL,68.70,68.69,0.0001,0.0088,0.0087,0.1662
05-JAN-2026,BRITANNIA,6026.55,5984.40,0.0070,0.0124,0.0123,0.2350
05-JAN-2026,BRNL,22.12,22.14,-0.0009,0.0304,0.0303,0.5789
05-JAN-2026,BROOKS,76.90,77.22,-0.0042,0.0336,0.0335,0.6400
05-JAN-2026,BSE,2673.90,2666.50,0.0028,0.0311,0.0311,0.5942
05-JAN-2026,BSE500IETF,40.63,40.62,0.0002,0.0076,0.0076,0.1452
05-JAN-2026,BSHSL,104.35,107.07,-0.0257,0.0255,0.0255,0.4872
05-JAN-2026,BSL,148.25,147.20,0.0071,0.0315,0.0315,0.6018
05-JAN-2026,BSLGOLDETF,119.84,118.84,0.0084,0.0119,0.0119,0.2273
05-JAN-2026,BSLNIFTY,30.51,30.60,-0.0029,0.0068,0.0068,0.1299
05-JAN-2026,BSLSENETFG,85.67,85.62,0.0006,0.0073,0.0073,0.1395
05-JAN-2026,BSOFT,427.20,432.05,-0.0113,0.0207,0.0207,0.3955
05-JAN-2026,BTML,8.31,8.49,-0.0214,0.0320,0.0319,0.6094
05-JAN-2026,BUTTERFLY,641.35,643.15,-0.0028,0.0228,0.0228,0.4356
05-JAN-2026,BVCL,44.49,43.23,0.0287,0.0333,0.0333,0.6362
05-JAN-2026,BYKE,59.00,53.75,0.0932,0.0282,0.0289,0.5521
05-JAN-2026,CALSOFT,15.10,15.76,-0.0428,0.0330,0.0330,0.6305
05-JAN-2026,CAMLINFINE,144.40,149.85,-0.0370,0.0339,0.0339,0.6477
05-JAN-2026,CAMPUS,260.60,261.85,-0.0048,0.0189,0.0188,0.3592
05-JAN-2026,CAMS,752.05,756.55,-0.0060,0.0208,0.0208,0.3974
05-JAN-2026,CANBK,154.25,154.85,-0.0039,0.0185,0.0184,0.3515
05-JAN-2026,CANFINHOME,942.60,940.35,0.0024,0.0171,0.0171,0.3267
05-JAN-2026,CANHLIFE,148.05,149.70,-0.0111,0.0103,0.0103,0.1968
05-JAN-2026,CANTABIL,286.30,289.15,-0.0099,0.0243,0.0243,0.4643
05-JAN-2026,CAPACITE,255.05,257.85,-0.0109,0.0239,0.0238,0.4547
05-JAN-2026,CAPFIN,10.00,10.00,0.0000,0.0000,0.0000,0.0000
05-JAN-2026,CAPILLARY,654.85,673.15,-0.0276,0.0163,0.0163,0.3114
05-JAN-2026,CAPINVIT,73.99,74.49,-0.0067,0.0078,0.0078,0.1490
05-JAN-2026,CAPITALSFB,270.90,270.85,0.0002,0.0160,0.0159,0.3038
05-JAN-2026,CAPLIPOINT,1845.35,1848.85,-0.0019,0.0245,0.0244,0.4662
05-JAN-2026,CAPTRUST,13.42,12.88,0.0411,0.0376,0.0376,0.7183
05-JAN-2026,CARBORUNIV,858.60,859.50,-0.0010,0.0195,0.0194,0.3706
05-JAN-2026,CARERATING,1736.55,1688.50,0.0281,0.0225,0.0225,0.4299
05-JAN-2026,CARRARO,539.95,556.55,-0.0303,0.0275,0.0275,0.5254
05-JAN-2026,CARTRADE,2897.80,2900.80,-0.0010,0.0326,0.0325,0.6209
05-JAN-2026,CARYSIL,885.55,918.00,-0.0360,0.0280,0.0280,0.5349
05-JAN-2026,CASHIETF,1044.11,1043.99,0.0001,0.0002,0.0002,0.0038
05-JAN-2026,CASTLE,25.35,25.35,0.0000,0.0000,0.0000,0.0000
05-JAN-2026,CASTROLIND,191.65,191.50,0.0008,0.0190,0.0189,0.3611
05-JAN-2026,CCCL,18.43,18.10,0.0181,0.0717,0.0716,1.3679
05-JAN-2026,CCHHL,15.13,15.27,-0.0092,0.0286,0.0285,0.5445
05-JAN-2026,CCL,933.65,915.65,0.0195,0.0234,0.0234,0.4471
05-JAN-2026,CDSL,1468.60,1466.60,0.0014,0.0224,0.0223,0.4260
05-JAN-2026,CEATLTD,3806.25,3887.35,-0.0211,0.0223,0.0223,0.4260
05-JAN-2026,CEIGALL,274.15,274.75,-0.0022,0.0181,0.0180,0.3439
05-JAN-2026,CELEBRITY,8.63,9.08,-0.0508,0.0310,0.0312,0.5961
05-JAN-2026,CELLO,544.35,547.25,-0.0053,0.0173,0.0173,0.3305
05-JAN-2026,CEMPRO,756.50,774.65,-0.0237,0.0278,0.0278,0.5311
05-JAN-2026,CENTENKA,451.50,457.45,-0.0131,0.0234,0.0233,0.4451
05-JAN-2026,CENTEXT,22.15,22.63,-0.0214,0.0351,0.0351,0.6706
05-JAN-2026,CENTRALBK,38.55,38.77,-0.0057,0.0227,0.0227,0.4337
05-JAN-2026,CENTRUM,28.97,29.09,-0.0041,0.0289,0.0288,0.5502
05-JAN-2026,CENTUM,2236.40,2266.65,-0.0134,0.0335,0.0334,0.6381
05-JAN-2026,CENTURYPLY,818.15,824.10,-0.0072,0.0184,0.0184,0.3515
05-JAN-2026,CERA,5182.10,5258.00,-0.0145,0.0181,0.0181,0.3458
05-JAN-2026,CEREBRAINT,6.10,6.21,-0.0179,0.0297,0.0297,0.5674
05-JAN-2026,CESC,173.45,175.35,-0.0109,0.0204,0.0204,0.3897
05-JAN-2026,CEWATER,475.65,471.65,0.0084,0.0263,0.0263,0.5025
05-JAN-2026,CGCL,190.05,185.20,0.0259,0.0257,0.0257,0.4910
05-JAN-2026,CGPOWER,645.25,649.10,-0.0059,0.0201,0.0201,0.3840
05-JAN-2026,CHALET,874.60,902.25,-0.0311,0.0193,0.0194,0.3706
05-JAN-2026,CHAMBLFERT,483.55,479.90,0.0076,0.0212,0.0212,0.4050
05-JAN-2026,CHEMBOND,161.25,161.25,0.0000,0.0246,0.0245,0.4681
05-JAN-2026,CHEMBONDCH,152.70,152.90,-0.0013,0.0194,0.0194,0.3706
05-JAN-2026,CHEMCON,203.65,208.05,-0.0214,0.0263,0.0262,0.5006
05-JAN-2026,CHEMFAB,426.15,426.80,-0.0015,0.0282,0.0282,0.5388
05-JAN-2026,CHEMICAL,29.23,29.13,0.0034,0.0027,0.0027,0.0516
05-JAN-2026,CHEMPLASTS,257.90,265.80,-0.0302,0.0220,0.0220,0.4203
05-JAN-2026,CHENNPETRO,813.60,827.20,-0.0166,0.0306,0.0305,0.5827
05-JAN-2026,CHEVIOT,1081.00,1073.00,0.0074,0.0160,0.0160,0.3057
05-JAN-2026,CHOICEGOLD,135.44,134.05,0.0103,0.0044,0.0045,0.0860
05-JAN-2026,CHOICEIN,842.70,850.30,-0.0090,0.0173,0.0173,0.3305
05-JAN-2026,CHOLAFIN,1772.40,1781.10,-0.0049,0.0197,0.0196,0.3745
05-JAN-2026,CHOLAHLDNG,1916.70,1872.50,0.0233,0.0230,0.0230,0.4394
05-JAN-2026,CIEINDIA,435.75,427.75,0.0185,0.0171,0.0171,0.3267
05-JAN-2026,CIFL,34.60,34.92,-0.0092,0.0287,0.0286,0.5464
05-JAN-2026,CIGNITITEC,1615.80,1624.00,-0.0051,0.0219,0.0218,0.4165
05-JAN-2026,CINELINE,88.14,85.91,0.0256,0.0275,0.0274,0.5235
05-JAN-2026,CINEVISTA,16.16,16.09,0.0043,0.0341,0.0340,0.6496
05-JAN-2026,CIPLA,1519.80,1511.60,0.0054,0.0131,0.0131,0.2503
05-JAN-2026,CITYGOLD,10.00,10.00,0.0000,0.0000,0.0000,0.0000
05-JAN-2026,CLEAN,864.55,869.80,-0.0061,0.0190,0.0190,0.3630
05-JAN-2026,CLEDUCATE,86.37,86.17,0.0023,0.0305,0.0304,0.5808
05-JAN-2026,CLSEL,267.45,268.90,-0.0054,0.0247,0.0246,0.4700
05-JAN-2026,CMICABLES,5.74,5.87,-0.0224,0.0208,0.0209,0.3993
05-JAN-2026,CMSINFO,342.20,355.30,-0.0376,0.0185,0.0187,0.3573
05-JAN-2026,CNL,717.75,729.50,-0.0162,0.0254,0.0254,0.4853
05-JAN-2026,COALINDIA,427.45,427.90,-0.0011,0.0146,0.0146,0.2789
05-JAN-2026,COASTCORP,44.52,45.65,-0.0251,0.0336,0.0335,0.6400
05-JAN-2026,COCHINSHIP,1630.00,1628.95,0.0006,0.0284,0.0283,0.5407
05-JAN-2026,COFFEEDAY,35.29,36.36,-0.0299,0.0357,0.0356,0.6801
05-JAN-2026,COFORGE,1642.00,1650.30,-0.0050,0.0215,0.0214,0.4088
05-JAN-2026,COHANCE,513.20,518.25,-0.0098,0.0228,0.0228,0.4356
05-JAN-2026,COLPAL,2091.20,2090.05,0.0006,0.0138,0.0138,0.2636
05-JAN-2026,COMMOIETF,98.96,98.98,-0.0002,0.0094,0.0093,0.1777
05-JAN-2026,COMPINFO,1.64,1.67,-0.0181,0.0324,0.0324,0.6190
05-JAN-2026,COMPUSOFT,16.25,16.23,0.0012,0.0287,0.0286,0.5464
05-JAN-2026,COMSYN,153.85,155.30,-0.0094,0.0253,0.0252,0.4814
05-JAN-2026,CONCOR,528.35,531.80,-0.0065,0.0174,0.0173,0.3305
05-JAN-2026,CONCORDBIO,1337.70,1311.45,0.0198,0.0244,0.0244,0.4662
05-JAN-2026,CONFIPET,36.76,37.25,-0.0132,0.0248,0.0248,0.4738
05-JAN-2026,CONS,126.51,126.03,0.0038,0.0095,0.0095,0.1815
05-JAN-2026,CONSOFINVT,163.36,164.73,-0.0084,0.0225,0.0225,0.4299
05-JAN-2026,CONSUMBEES,136.36,136.25,0.0008,0.0074,0.0074,0.1414
05-JAN-2026,CONSUMER,12.03,12.03,0.0000,0.0081,0.0081,0.1548
05-JAN-2026,CONSUMIETF,126.99,126.75,0.0019,0.0075,0.0075,0.1433
05-JAN-2026,CONTROLPR,696.40,693.40,0.0043,0.0219,0.0219,0.4184
05-JAN-2026,CORALFINAC,39.24,40.64,-0.0351,0.0291,0.0291,0.5560
05-JAN-2026,CORDSCABLE,184.35,187.55,-0.0172,0.0297,0.0296,0.5655
05-JAN-2026,COROMANDEL,2299.15,2280.10,0.0083,0.0202,0.0202,0.3859
05-JAN-2026,CORONA,1467.05,1443.65,0.0161,0.0042,0.0043,0.0822
05-JAN-2026,COSMOFIRST,686.10,686.10,0.0000,0.0302,0.0301,0.5751
05-JAN-2026,COUNCODOS,5.82,6.04,-0.0371,0.0350,0.0350,0.6687
05-JAN-2026,CPCAP,111.30,113.55,-0.0200,0.0260,0.0260,0.4967
05-JAN-2026,CPEDU,253.00,253.45,-0.0018,0.0186,0.0186,0.3554
05-JAN-2026,CPPLUS,1464.65,1501.45,-0.0248,0.0175,0.0176,0.3362
05-JAN-2026,CPSEETF,94.90,94.73,0.0018,0.0117,0.0117,0.2235
05-JAN-2026,CRAFTSMAN,8002.00,8013.30,-0.0014,0.0227,0.0227,0.4337
05-JAN-2026,CRAMC,310.65,311.05,-0.0013,0.0132,0.0132,0.2522
05-JAN-2026,CREATIVEYE,7.09,7.15,-0.0084,0.0390,0.0389,0.7432
05-JAN-2026,CRED,12.00,12.00,0.0000,0.0043,0.0043,0.0822
05-JAN-2026,CREDITACC,1331.30,1287.70,0.0333,0.0260,0.0260,0.4967
05-JAN-2026,CREST,403.60,397.85,0.0143,0.0255,0.0255,0.4872
05-JAN-2026,CRISIL,4441.15,4458.65,-0.0039,0.0191,0.0190,0.3630
05-JAN-2026,CRIZAC,278.70,283.15,-0.0158,0.0193,0.0193,0.3687
05-JAN-2026,CROMPTON,259.75,252.10,0.0299,0.0158,0.0159,0.3038
05-JAN-2026,CROWN,136.61,137.55,-0.0069,0.0281,0.0281,0.5368
05-JAN-2026,CSBBANK,557.75,483.15,0.1436,0.0199,0.0223,0.4260
05-JAN-2026,CSLFINANCE,305.90,297.45,0.0280,0.0271,0.0271,0.5177
05-JAN-2026,CTE,40.15,39.91,0.0060,0.0330,0.0329,0.6286
05-JAN-2026,CUB,290.60,288.50,0.0073,0.0204,0.0204,0.3897
05-JAN-2026,CUBEINVIT,139.00,139.12,-0.0009,0.0120,0.0120,0.2293
05-JAN-2026,CUBEXTUB,120.55,121.50,-0.0078,0.0337,0.0336,0.6419
05-JAN-2026,CUMMINSIND,4309.65,4482.10,-0.0392,0.0174,0.0176,0.3362
05-JAN-2026,CUPID,390.05,419.95,-0.0739,0.0330,0.0334,0.6381
05-JAN-2026,CURAA,112.10,118.30,-0.0538,0.0443,0.0444,0.8483
05-JAN-2026,CYBERMEDIA,17.28,17.14,0.0081,0.0334,0.0333,0.6362
05-JAN-2026,CYBERTECH,145.80,147.90,-0.0143,0.0336,0.0335,0.6400
05-JAN-2026,CYIENT,1154.20,1105.95,0.0427,0.0213,0.0215,0.4108
05-JAN-2026,CYIENTDLM,416.00,415.85,0.0004,0.0222,0.0222,0.4241
05-JAN-2026,DABUR,521.20,522.60,-0.0027,0.0130,0.0130,0.2484
05-JAN-2026,DALBHARAT,2133.85,2147.05,-0.0062,0.0150,0.0150,0.2866
05-JAN-2026,DALMIARF,172.75,172.75,0.0000,0.0023,0.0023,0.0439
05-JAN-2026,DALMIASUG,291.95,297.50,-0.0188,0.0237,0.0236,0.4509
05-JAN-2026,DAMCAPITAL,214.90,219.15,-0.0196,0.0244,0.0244,0.4662
05-JAN-2026,DAMODARIND,29.99,30.09,-0.0033,0.0247,0.0246,0.4700
05-JAN-2026,DANGEE,3.59,3.75,-0.0436,0.0321,0.0322,0.6152
05-JAN-2026,DATAMATICS,801.70,805.80,-0.0051,0.0293,0.0292,0.5579
05-JAN-2026,DATAPATTNS,2731.45,2621.65,0.0410,0.0299,0.0299,0.5712
05-JAN-2026,DAVANGERE,4.02,3.76,0.0669,0.0319,0.0321,0.6133
05-JAN-2026,DBCORP,256.80,260.35,-0.0137,0.0231,0.0230,0.4394
05-JAN-2026,DBEIL,117.40,118.30,-0.0076,0.0227,0.0227,0.4337
05-JAN-2026,DBL,469.55,467.85,0.0036,0.0255,0.0254,0.4853
05-JAN-2026,DBOL,79.81,80.27,-0.0057,0.0235,0.0235,0.4490
05-JAN-2026,DBREALTY,123.00,120.55,0.0201,0.0302,0.0301,0.5751
05-JAN-2026,DBSTOCKBRO,24.97,24.87,0.0040,0.0229,0.0228,0.4356
05-JAN-2026,DCAL,254.90,254.80,0.0004,0.0334,0.0334,0.6381
05-JAN-2026,DCBBANK,179.40,177.45,0.0109,0.0209,0.0209,0.3993
05-JAN-2026,DCI,254.00,245.75,0.0330,0.0310,0.0310,0.5923
05-JAN-2026,DCM,91.83,92.89,-0.0115,0.0260,0.0259,0.4948
05-JAN-2026,DCMFINSERV,5.23,5.40,-0.0320,0.0295,0.0295,0.5636
05-JAN-2026,DCMNVL,134.65,139.25,-0.0336,0.0281,0.0282,0.5388
05-JAN-2026,DCMSHRIRAM,1251.60,1257.15,-0.0044,0.0237,0.0236,0.4509
05-JAN-2026,DCMSRIND,53.93,54.55,-0.0114,0.0232,0.0232,0.4432
05-JAN-2026,DCW,56.53,57.73,-0.0210,0.0284,0.0283,0.5407
05-JAN-2026,DCXINDIA,194.30,193.55,0.0039,0.0309,0.0308,0.5884
05-JAN-2026,DDEVPLSTIK,303.10,301.45,0.0055,0.0303,0.0303,0.5789
05-JAN-2026,DECCANCE,718.75,730.90,-0.0168,0.0270,0.0270,0.5158
05-JAN-2026,DEEDEV,211.25,214.90,-0.0171,0.0273,0.0272,0.5197
05-JAN-2026,DEEPAKFERT,1252.20,1261.80,-0.0076,0.0262,0.0261,0.4986
05-JAN-2026,DEEPAKNTR,1669.95,1711.15,-0.0244,0.0179,0.0179,0.3420
05-JAN-2026,DEEPINDS,434.10,454.75,-0.0465,0.0274,0.0275,0.5254
05-JAN-2026,DELHISAFE,48.80,48.80,0.0000,0.0000,0.0000,0.0000
05-JAN-2026,DELHIVERY,411.95,404.50,0.0183,0.0208,0.0208,0.3974
05-JAN-2026,DELPHIFX,241.45,234.60,0.0288,0.0319,0.0319,0.6094
05-JAN-2026,DELTACORP,69.75,70.47,-0.0103,0.0227,0.0227,0.4337
05-JAN-2026,DELTAMAGNT,68.02,67.81,0.0031,0.0339,0.0338,0.6457
05-JAN-2026,DEN,31.50,31.38,0.0038,0.0213,0.0213,0.4069
05-JAN-2026,DENIMDL,1.10,1.10,0.0000,0.0000,0.0000,0.0000
05-JAN-2026,DENORA,690.90,693.85,-0.0043,0.0268,0.0267,0.5101
05-JAN-2026,DENTA,336.70,339.35,-0.0078,0.0272,0.0272,0.5197
05-JAN-2026,DEVIT,34.80,35.62,-0.0233,0.0308,0.0308,0.5884
05-JAN-2026,DEVRUPTRAD,10.00,10.00,0.0000,0.0000,0.0000,0.0000
05-JAN-2026,DEVX,42.22,42.02,0.0047,0.0162,0.0161,0.3076
05-JAN-2026,DEVYANI,140.05,148.05,-0.0556,0.0210,0.0214,0.4088
05-JAN-2026,DEWANHOUS,16.70,16.70,0.0000,0.0036,0.0036,0.0688
05-JAN-2026,DGCONTENT,33.69,32.60,0.0329,0.0308,0.0308,0.5884
05-JAN-2026,DHAMPURSUG,123.35,123.90,-0.0044,0.0217,0.0217,0.4146
05-JAN-2026,DHANBANK,26.50,24.98,0.0591,0.0229,0.0233,0.4451
05-JAN-2026,DHANUKA,1146.80,1178.70,-0.0274,0.0228,0.0228,0.4356
05-JAN-2026,DHARAN,0.22,0.22,0.0000,0.0391,0.0390,0.7451
05-JAN-2026,DHARMAJ,240.10,245.05,-0.0204,0.0277,0.0277,0.5292
05-JAN-2026,DHRUV,46.90,47.25,-0.0074,0.0279,0.0278,0.5311
05-JAN-2026,DHUNINV,1227.15,1234.80,-0.0062,0.0280,0.0279,0.5330
05-JAN-2026,DIACABS,143.15,137.00,0.0439,0.0279,0.0280,0.5349
05-JAN-2026,DIAMINESQ,268.70,263.60,0.0192,0.0270,0.0269,0.5139
05-JAN-2026,DIAMONDYD,1186.25,1203.60,-0.0145,0.0222,0.0221,0.4222
05-JAN-2026,DICIND,487.45,503.20,-0.0318,0.0195,0.0196,0.3745
05-JAN-2026,DIFFNKG,329.65,336.25,-0.0198,0.0279,0.0279,0.5330
05-JAN-2026,DIGIDRIVE,26.11,26.36,-0.0095,0.0248,0.0248,0.4738
05-JAN-2026,DIGISPICE,23.42,23.54,-0.0051,0.0337,0.0336,0.6419
05-JAN-2026,DIGITIDE,129.60,133.50,-0.0296,0.0199,0.0199,0.3802
05-JAN-2026,DIGJAMLMTD,54.83,55.34,-0.0093,0.0266,0.0265,0.5063
05-JAN-2026,DIL,1.71,1.71,0.0000,0.0278,0.0277,0.5292
05-JAN-2026,DISHTV,4.03,4.03,0.0000,0.0266,0.0266,0.5082
05-JAN-2026,DIVGIITTS,617.70,613.50,0.0068,0.0204,0.0204,0.3897
05-JAN-2026,DIVIDEND,36.80,37.01,-0.0057,0.0017,0.0017,0.0325
05-JAN-2026,DIVISLAB,6363.50,6392.45,-0.0045,0.0156,0.0156,0.2980
05-JAN-2026,DIVOPPBEES,83.54,83.79,-0.0030,0.0078,0.0078,0.1490
05-JAN-2026,DIXON,12050.75,12165.40,-0.0095,0.0233,0.0233,0.4451
05-JAN-2026,DJML,73.13,70.47,0.0371,0.0303,0.0303,0.5789
05-JAN-2026,DLF,711.35,698.20,0.0187,0.0179,0.0179,0.3420
05-JAN-2026,DLINKINDIA,423.50,430.65,-0.0167,0.0253,0.0253,0.4834
05-JAN-2026,DMART,3646.30,3719.85,-0.0200,0.0158,0.0158,0.3019
05-JAN-2026,DMCC,252.45,255.60,-0.0124,0.0262,0.0261,0.4986
05-JAN-2026,DNAMEDIA,3.77,3.76,0.0027,0.0317,0.0317,0.6056
05-JAN-2026,DODLA,1215.90,1220.40,-0.0037,0.0205,0.0204,0.3897
05-JAN-2026,DOLATALGO,91.45,91.54,-0.0010,0.0298,0.0297,0.5674
05-JAN-2026,DOLLAR,346.95,353.90,-0.0198,0.0197,0.0197,0.3764
05-JAN-2026,DOLPHIN,486.15,479.40,0.0140,0.0635,0.0634,1.2113
05-JAN-2026,DOMS,2661.65,2673.90,-0.0046,0.0213,0.0212,0.4050
05-JAN-2026,DONEAR,92.83,93.52,-0.0074,0.0265,0.0264,0.5044
05-JAN-2026,DPABHUSHAN,1463.45,1417.20,0.0321,0.0210,0.0211,0.4031
05-JAN-2026,DPSCLTD,10.01,10.03,-0.0020,0.0234,0.0234,0.4471
05-JAN-2026,DPWIRES,205.35,208.10,-0.0133,0.0283,0.0282,0.5388
05-JAN-2026,DRCSYSTEMS,17.63,17.27,0.0206,0.0329,0.0328,0.6266
05-JAN-2026,DREAMFOLKS,107.35,109.00,-0.0153,0.0295,0.0294,0.5617
05-JAN-2026,DREDGECORP,971.85,963.95,0.0082,0.0344,0.0343,0.6553
05-JAN-2026,DRREDDY,1250.00,1256.10,-0.0049,0.0123,0.0123,0.2350
05-JAN-2026,DSSL,974.45,1005.00,-0.0309,0.0313,0.0313,0.5980
05-JAN-2026,DTIL,159.55,158.95,0.0038,0.0269,0.0268,0.5120
05-JAN-2026,DUCON,3.57,3.59,-0.0056,0.0296,0.0295,0.5636
05-JAN-2026,DVL,280.15,283.40,-0.0115,0.0283,0.0283,0.5407
05-JAN-2026,DWARKESH,37.45,37.88,-0.0114,0.0235,0.0235,0.4490
05-JAN-2026,DYCL,336.40,343.10,-0.0197,0.0331,0.0331,0.6324
05-JAN-2026,DYNAMATECH,9342.20,9503.00,-0.0171,0.0253,0.0253,0.4834
05-JAN-2026,DYNPRO,252.95,255.75,-0.0110,0.0279,0.0278,0.5311
05-JAN-2026,E2E,2088.50,2027.50,0.0296,0.0327,0.0327,0.6247
05-JAN-2026,EASEMYTRIP,7.37,7.44,-0.0095,0.0263,0.0263,0.5025
05-JAN-2026,EASTSILK,74.55,78.47,-0.0512,0.1490,0.1487,2.8409
05-JAN-2026,EBANKNIFTY,60.42,60.60,-0.0030,0.0071,0.0071,0.1356
05-JAN-2026,EBBETF0430,1561.64,1563.19,-0.0010,0.0018,0.0018,0.0344
05-JAN-2026,EBBETF0431,1397.30,1398.54,-0.0009,0.0020,0.0020,0.0382
05-JAN-2026,EBBETF0433,1276.82,1276.46,0.0003,0.0021,0.0021,0.0401
05-JAN-2026,EBGNG,309.25,310.75,-0.0048,0.0164,0.0164,0.3133
05-JAN-2026,EBSL,10.00,10.00,0.0000,0.0000,0.0000,0.0000
05-JAN-2026,ECAPINSURE,24.41,24.25,0.0066,0.0107,0.0107,0.2044
05-JAN-2026,ECLERX,4774.95,4721.45,0.0113,0.0251,0.0251,0.4795
05-JAN-2026,ECOSMOBLTY,199.10,199.95,-0.0043,0.0296,0.0295,0.5636
05-JAN-2026,EDELWEISS,114.35,113.90,0.0039,0.0288,0.0287,0.5483
05-JAN-2026,EDUCOMP,1.13,1.14,-0.0088,0.0203,0.0202,0.3859
05-JAN-2026,EFCIL,299.50,302.60,-0.0103,0.0314,0.0313,0.5980
05-JAN-2026,EGOLD,136.40,134.90,0.0111,0.0121,0.0121,0.2312
05-JAN-2026,EICHERMOT,7482.50,7334.50,0.0200,0.0140,0.0140,0.2675
05-JAN-2026,EIDPARRY,1007.70,1011.15,-0.0034,0.0197,0.0197,0.3764
05-JAN-2026,EIEL,202.70,206.75,-0.0198,0.0257,0.0256,0.4891
05-JAN-2026,EIFFL,262.90,268.05,-0.0194,0.0244,0.0243,0.4643
05-JAN-2026,EIFL,10.00,10.00,0.0000,0.0000,0.0000,0.0000
05-JAN-2026,EIHAHOTELS,353.25,359.10,-0.0164,0.0208,0.0208,0.3974
05-JAN-2026,EIHOTEL,363.90,367.30,-0.0093,0.0210,0.0210,0.4012
05-JAN-2026,EIMCOELECO,1611.80,1625.30,-0.0083,0.0354,0.0353,0.6744
05-JAN-2026,EKC,115.50,117.20,-0.0146,0.0278,0.0277,0.5292
05-JAN-2026,ELDEHSG,943.45,926.25,0.0184,0.0293,0.0293,0.5598
05-JAN-2026,ELECON,497.55,501.00,-0.0069,0.0267,0.0267,0.5101
05-JAN-2026,ELECTCAST,75.68,76.75,-0.0140,0.0272,0.0272,0.5197
05-JAN-2026,ELECTHERM,930.80,868.85,0.0689,0.0304,0.0307,0.5865
05-JAN-2026,ELGIEQUIP,476.70,483.75,-0.0147,0.0235,0.0234,0.4471
05-JAN-2026,ELGIRUBCO,43.51,45.57,-0.0463,0.0347,0.0348,0.6649
05-JAN-2026,ELIN,162.55,166.60,-0.0246,0.0279,0.0279,0.5330
05-JAN-2026,ELIQUID,1013.23,1013.08,0.0001,0.0002,0.0002,0.0038
05-JAN-2026,ELLEN,329.40,341.55,-0.0362,0.0148,0.0150,0.2866
05-JAN-2026,ELM250,17.02,17.05,-0.0018,0.0037,0.0037,0.0707
05-JAN-2026,EMAMILTD,526.85,522.55,0.0082,0.0192,0.0191,0.3649
05-JAN-2026,EMAMIPAP,87.10,88.29,-0.0136,0.0239,0.0239,0.4566
05-JAN-2026,EMAMIREAL,80.91,82.19,-0.0157,0.0297,0.0296,0.5655
05-JAN-2026,EMBASSY,433.74,438.51,-0.0109,0.0113,0.0113,0.2159
05-JAN-2026,EMBDL,59.48,56.59,0.0498,0.0302,0.0303,0.5789
05-JAN-2026,EMCURE,1489.60,1430.85,0.0402,0.0204,0.0206,0.3936
05-JAN-2026,EMIL,103.10,105.15,-0.0197,0.0264,0.0264,0.5044
05-JAN-2026,EMKAY,287.45,286.15,0.0045,0.0337,0.0336,0.6419
05-JAN-2026,EMMBI,97.87,100.21,-0.0236,0.0279,0.0279,0.5330
05-JAN-2026,EMMVEE,184.90,187.75,-0.0153,0.0145,0.0145,0.2770
05-JAN-2026,EMSLIMITED,428.10,433.90,-0.0135,0.0252,0.0251,0.4795
05-JAN-2026,EMUDHRA,572.10,576.35,-0.0074,0.0214,0.0214,0.4088
05-JAN-2026,EMULTIMQ,41.87,41.67,0.0048,0.0083,0.0083,0.1586
05-JAN-2026,ENDURANCE,2548.35,2540.20,0.0032,0.0203,0.0202,0.3859
05-JAN-2026,ENERGY,36.08,36.33,-0.0069,0.0035,0.0035,0.0669
05-JAN-2026,ENERGYDEV,19.91,20.43,-0.0258,0.0362,0.0362,0.6916
05-JAN-2026,ENGINERSIN,205.90,206.40,-0.0024,0.0250,0.0249,0.4757
05-JAN-2026,ENIFTY,26.21,26.24,-0.0011,0.0029,0.0029,0.0554
05-JAN-2026,ENIL,121.25,114.05,0.0612,0.0242,0.0246,0.4700
05-JAN-2026,ENRIN,2564.50,2546.65,0.0070,0.0130,0.0130,0.2484
05-JAN-2026,ENTERO,1112.45,1123.45,-0.0098,0.0233,0.0233,0.4451
05-JAN-2026,EPACK,286.90,281.10,0.0204,0.0291,0.0290,0.5540
05-JAN-2026,EPACKPEB,274.65,260.90,0.0514,0.0216,0.0218,0.4165
05-JAN-2026,EPIGRAL,1189.70,1245.75,-0.0460,0.0257,0.0259,0.4948
05-JAN-2026,EPL,213.65,214.40,-0.0035,0.0208,0.0207,0.3955
05-JAN-2026,EQUAL200,13.68,13.65,0.0022,0.0080,0.0080,0.1528
05-JAN-2026,EQUAL50,339.50,338.65,0.0025,0.0042,0.0042,0.0802
05-JAN-2026,EQUAL50ADD,348.77,349.40,-0.0018,0.0077,0.0076,0.1452
05-JAN-2026,EQUIPPP,23.00,23.25,-0.0108,0.0278,0.0277,0.5292
05-JAN-2026,EQUITASBNK,66.68,64.16,0.0385,0.0205,0.0207,0.3955
05-JAN-2026,ERIS,1542.00,1533.40,0.0056,0.0196,0.0196,0.3745
05-JAN-2026,ESABINDIA,6091.55,6167.40,-0.0124,0.0175,0.0175,0.3343
05-JAN-2026,ESAFSFB,27.02,26.77,0.0093,0.0190,0.0189,0.3611
05-JAN-2026,ESCORTS,3961.95,3847.20,0.0294,0.0179,0.0180,0.3439
05-JAN-2026,ESENSEX,85.54,85.73,-0.0022,0.0021,0.0021,0.0401
05-JAN-2026,ESG,44.87,44.95,-0.0018,0.0076,0.0075,0.1433
05-JAN-2026,ESILVER,236.54,231.88,0.0199,0.0185,0.0185,0.3534
05-JAN-2026,ESSARSHPNG,26.89,27.37,-0.0177,0.0364,0.0364,0.6954
05-JAN-2026,ESSENTIA,1.50,1.54,-0.0263,0.0265,0.0265,0.5063
05-JAN-2026,ESTER,100.25,102.35,-0.0207,0.0294,0.0293,0.5598
05-JAN-2026,ETERNAL,281.80,284.15,-0.0083,0.0225,0.0224,0.4280
05-JAN-2026,ETHOSLTD,2951.40,2953.65,-0.0008,0.0226,0.0225,0.4299
05-JAN-2026,EUREKAFORB,642.45,628.55,0.0219,0.0200,0.0200,0.3821
05-JAN-2026,EUROBOND,174.60,175.60,-0.0057,0.0149,0.0149,0.2847
05-JAN-2026,EUROPRATIK,309.95,311.85,-0.0061,0.0149,0.0149,0.2847
05-JAN-2026,EUROTEXIND,13.49,14.19,-0.0506,0.0556,0.0556,1.0622
05-JAN-2026,EVEREADY,332.15,337.15,-0.0149,0.0228,0.0228,0.4356
05-JAN-2026,EVERESTIND,513.80,527.95,-0.0272,0.0246,0.0247,0.4719
05-JAN-2026,EVIETF,32.12,32.17,-0.0016,0.0070,0.0070,0.1337
05-JAN-2026,EVINDIA,32.10,32.10,0.0000,0.0089,0.0089,0.1700
05-JAN-2026,EXCEL,1.38,1.42,-0.0286,0.0383,0.0383,0.7317
05-JAN-2026,EXCELINDUS,948.65,951.90,-0.0034,0.0247,0.0247,0.4719
05-JAN-2026,EXCELSOFT,87.13,89.12,-0.0226,0.0155,0.0156,0.2980
05-JAN-2026,EXICOM,115.40,119.25,-0.0328,0.0303,0.0303,0.5789
05-JAN-2026,EXIDEIND,367.30,367.70,-0.0011,0.0169,0.0169,0.3229
05-JAN-2026,EXPLEOSOL,985.15,971.60,0.0138,0.0227,0.0227,0.4337
05-JAN-2026,EXXARO,7.98,8.09,-0.0137,0.0324,0.0323,0.6171
05-JAN-2026,FABTECH,195.10,198.20,-0.0158,0.0176,0.0176,0.3362
05-JAN-2026,FACT,892.75,908.05,-0.0170,0.0285,0.0285,0.5445
05-JAN-2026,FAIRCHEMOR,743.00,767.10,-0.0319,0.0272,0.0272,0.5197
05-JAN-2026,FAZE3Q,403.65,409.25,-0.0138,0.0342,0.0341,0.6515
05-JAN-2026,FCL,24.36,24.48,-0.0049,0.0292,0.0292,0.5579
05-JAN-2026,FCONSUMER,0.41,0.43,-0.0476,0.0225,0.0226,0.4318
05-JAN-2026,FCSSOFT,1.87,1.90,-0.0159,0.0288,0.0288,0.5502
05-JAN-2026,FDC,412.90,419.55,-0.0160,0.0176,0.0175,0.3343
05-JAN-2026,FEDERALBNK,263.75,266.95,-0.0121,0.0146,0.0146,0.2789
05-JAN-2026,FEDFINA,165.20,160.60,0.0282,0.0201,0.0201,0.3840
05-JAN-2026,FEL,0.47,0.48,-0.0211,0.0293,0.0292,0.5579
05-JAN-2026,FELDVR,3.21,3.10,0.0349,0.0352,0.0352,0.6725
05-JAN-2026,FFL,40.00,40.00,0.0000,0.0000,0.0000,0.0000
05-JAN-2026,FIBERWEB,36.25,36.57,-0.0088,0.0293,0.0293,0.5598
05-JAN-2026,FIEMIND,2349.20,2334.15,0.0064,0.0218,0.0218,0.4165
05-JAN-2026,FILATEX,49.14,49.54,-0.0081,0.0265,0.0265,0.5063
05-JAN-2026,FILATFASH,0.31,0.32,-0.0317,0.0358,0.0358,0.6840
05-JAN-2026,FINCABLES,781.95,784.40,-0.0031,0.0213,0.0213,0.4069
05-JAN-2026,FINEORG,4297.50,4184.80,0.0266,0.0176,0.0176,0.3362
05-JAN-2026,FINIETF,32.97,33.02,-0.0015,0.0108,0.0108,0.2063
05-JAN-2026,FINKURVE,95.73,98.58,-0.0293,0.0295,0.0295,0.5636
05-JAN-2026,FINOPB,255.65,258.95,-0.0128,0.0299,0.0299,0.5712
05-JAN-2026,FINPIPE,183.55,178.50,0.0279,0.0203,0.0203,0.3878
05-JAN-2026,FIRL,10.00,10.00,0.0000,0.0000,0.0000,0.0000
05-JAN-2026,FIRSTCRY,299.25,289.80,0.0321,0.0261,0.0262,0.5006
05-JAN-2026,FISCHER,41.56,41.83,-0.0065,0.0340,0.0339,0.6477
05-JAN-2026,FIVESTAR,530.05,532.25,-0.0041,0.0237,0.0236,0.4509
05-JAN-2026,FLAIR,312.65,314.25,-0.0051,0.0232,0.0232,0.4432
05-JAN-2026,FLEXIADD,10.68,10.63,0.0047,0.0030,0.0030,0.0573
05-JAN-2026,FLEXITUFF,12.45,12.69,-0.0191,0.0352,0.0351,0.6706
05-JAN-2026,FLFL,1.47,1.49,-0.0135,0.0327,0.0326,0.6228
05-JAN-2026,FLUOROCHEM,3584.35,3648.20,-0.0177,0.0195,0.0195,0.3725
05-JAN-2026,FMCGIETF,57.22,56.85,0.0065,0.0077,0.0077,0.1471
05-JAN-2026,FMGOETZE,479.65,488.95,-0.0192,0.0232,0.0231,0.4413
05-JAN-2026,FMNL,8.87,8.86,0.0011,0.0304,0.0303,0.5789
05-JAN-2026,FOCUS,73.57,74.73,-0.0156,0.0305,0.0304,0.5808
05-JAN-2026,FOODSIN,68.39,68.76,-0.0054,0.0280,0.0279,0.5330
05-JAN-2026,FORCEMOT,21030.15,21229.80,-0.0094,0.0318,0.0318,0.6075
05-JAN-2026,FORTIS,915.45,914.75,0.0008,0.0183,0.0183,0.3496
05-JAN-2026,FOSECOIND,4889.70,4926.60,-0.0075,0.0248,0.0248,0.4738
05-JAN-2026,FRICKINDIA,10.00,10.00,0.0000,0.0000,0.0000,0.0000
05-JAN-2026,FSL,336.70,340.55,-0.0114,0.0243,0.0243,0.4643
05-JAN-2026,FUSION,169.60,161.95,0.0462,0.0274,0.0275,0.5254
05-JAN-2026,GABRIEL,1058.65,1051.65,0.0066,0.0334,0.0333,0.6362
05-JAN-2026,GAEL,137.40,137.70,-0.0022,0.0228,0.0228,0.4356
05-JAN-2026,GAIL,173.05,175.40,-0.0135,0.0177,0.0176,0.3362
05-JAN-2026,GALAPREC,768.20,785.85,-0.0227,0.0254,0.0254,0.4853
05-JAN-2026,GALAXYSURF,2013.40,2050.60,-0.0183,0.0168,0.0168,0.3210
05-JAN-2026,GALLANTT,560.25,552.55,0.0138,0.0331,0.0330,0.6305
05-JAN-2026,GANDHAR,166.85,151.75,0.0949,0.0191,0.0202,0.3859
05-JAN-2026,GANDHITUBE,773.65,790.95,-0.0221,0.0239,0.0239,0.4566
05-JAN-2026,GANECOS,835.15,851.30,-0.0192,0.0254,0.0254,0.4853
05-JAN-2026,GANESHBE,81.52,81.69,-0.0021,0.0244,0.0243,0.4643
05-JAN-2026,GANESHCP,222.55,224.75,-0.0098,0.0137,0.0137,0.2617
05-JAN-2026,GANESHHOU,797.90,809.00,-0.0138,0.0254,0.0254,0.4853
05-JAN-2026,GANGAFORGE,3.59,3.69,-0.0275,0.0323,0.0323,0.6171
05-JAN-2026,GANGESSECU,136.65,135.75,0.0066,0.0252,0.0252,0.4814
05-JAN-2026,GARFIBRES,690.20,689.75,0.0007,0.0216,0.0215,0.4108
05-JAN-2026,GARUDA,188.60,195.30,-0.0349,0.0331,0.0331,0.6324
05-JAN-2026,GATECH,0.54,0.55,-0.0183,0.0426,0.0425,0.8120
05-JAN-2026,GATECHDVR,0.48,0.49,-0.0206,0.0311,0.0310,0.5923
05-JAN-2026,GATEWAY,60.07,60.58,-0.0085,0.0190,0.0189,0.3611
05-JAN-2026,GAYAHWS,2.81,2.77,0.0143,0.0371,0.0371,0.7088
05-JAN-2026,GAYAPROJ,12.18,11.58,0.0505,0.0265,0.0266,0.5082
05-JAN-2026,GCSL,335.25,340.05,-0.0142,0.0429,0.0428,0.8177
05-JAN-2026,GDHL,10.00,10.00,0.0000,0.0000,0.0000,0.0000
05-JAN-2026,GEECEE,319.70,323.20,-0.0109,0.0235,0.0235,0.4490
05-JAN-2026,GEEKAYWIRE,33.69,33.71,-0.0006,0.0267,0.0267,0.5101
05-JAN-2026,GEMAROMA,163.90,166.10,-0.0133,0.0200,0.0200,0.3821
05-JAN-2026,GENCON,43.67,43.88,-0.0048,0.0363,0.0362,0.6916
05-JAN-2026,GENESYS,425.60,429.10,-0.0082,0.0330,0.0330,0.6305
05-JAN-2026,GENSOL,26.25,26.64,-0.0147,0.0327,0.0327,0.6247
05-JAN-2026,GENUSPAPER,12.96,12.98,-0.0015,0.0248,0.0247,0.4719
05-JAN-2026,GENUSPOWER,295.25,300.40,-0.0173,0.0268,0.0267,0.5101
05-JAN-2026,GEOJITFSL,73.33,75.77,-0.0327,0.0280,0.0280,0.5349
05-JAN-2026,GESHIP,1125.90,1114.00,0.0106,0.0200,0.0200,0.3821
05-JAN-2026,GFLLIMITED,58.34,58.80,-0.0079,0.0263,0.0263,0.5025
05-JAN-2026,GFSTEELS,11.25,11.25,0.0000,0.0299,0.0298,0.5693
05-JAN-2026,GHCL,573.55,566.50,0.0124,0.0206,0.0206,0.3936
05-JAN-2026,GHCLTEXTIL,76.80,76.76,0.0005,0.0222,0.0221,0.4222
05-JAN-2026,GICHSGFIN,178.75,179.95,-0.0067,0.0188,0.0188,0.3592
05-JAN-2026,GICRE,378.25,379.55,-0.0034,0.0223,0.0222,0.4241
05-JAN-2026,GILLANDERS,105.15,105.00,0.0014,0.0264,0.0263,0.5025
05-JAN-2026,GILLETTE,8197.00,8207.90,-0.0013,0.0185,0.0184,0.3515
05-JAN-2026,GILT10BETA,25.97,26.11,-0.0054,0.0084,0.0084,0.1605
05-JAN-2026,GILT5BETA,63.44,63.23,0.0033,0.0085,0.0084,0.1605
05-JAN-2026,GILT5YBEES,63.48,63.59,-0.0017,0.0018,0.0018,0.0344
05-JAN-2026,GINNIFILA,43.05,41.53,0.0359,0.0315,0.0315,0.6018
05-JAN-2026,GIPCL,160.80,162.30,-0.0093,0.0250,0.0250,0.4776
05-JAN-2026,GKENERGY,155.65,162.20,-0.0412,0.0202,0.0204,0.3897
05-JAN-2026,GKSL,102.40,102.75,-0.0034,0.0098,0.0097,0.1853
05-JAN-2026,GKWLIMITED,1734.50,1723.00,0.0067,0.0267,0.0267,0.5101
05-JAN-2026,GLAND,1698.20,1715.75,-0.0103,0.0178,0.0178,0.3401
05-JAN-2026,GLAXO,2456.25,2483.80,-0.0112,0.0211,0.0210,0.4012
05-JAN-2026,GLENMARK,2039.20,2064.55,-0.0124,0.0185,0.0185,0.3534
05-JAN-2026,GLFL,5.42,5.68,-0.0469,0.0545,0.0545,1.0412
05-JAN-2026,GLOBAL,87.83,89.57,-0.0196,0.0305,0.0304,0.5808
05-JAN-2026,GLOBALE,12.43,12.33,0.0081,0.0238,0.0238,0.4547
05-JAN-2026,GLOBALVECT,197.55,200.25,-0.0136,0.0311,0.0310,0.5923
05-JAN-2026,GLOBE,3.15,2.96,0.0622,0.0319,0.0321,0.6133
05-JAN-2026,GLOBECIVIL,59.14,60.44,-0.0217,0.0176,0.0176,0.3362
05-JAN-2026,GLOBUSSPR,1150.00,1088.30,0.0551,0.0261,0.0263,0.5025
05-JAN-2026,GLOSTERLTD,659.20,666.25,-0.0106,0.0182,0.0182,0.3477
05-JAN-2026,GLOTTIS,60.21,61.54,-0.0218,0.0129,0.0130,0.2484
05-JAN-2026,GMBREW,1247.80,1207.20,0.0331,0.0297,0.0297,0.5674
05-JAN-2026,GMDCLTD,609.30,619.45,-0.0165,0.0323,0.0322,0.6152
05-JAN-2026,GMMPFAUDLR,1083.60,1093.40,-0.0090,0.0184,0.0183,0.3496
05-JAN-2026,GMRAIRPORT,105.75,105.75,0.0000,0.0189,0.0189,0.3611
05-JAN-2026,GMRP&UI,108.90,110.25,-0.0123,0.0288,0.0288,0.5502
05-JAN-2026,GNA,344.80,317.75,0.0817,0.0208,0.0215,0.4108
05-JAN-2026,GNFC,491.40,493.55,-0.0044,0.0178,0.0178,0.3401
05-JAN-2026,GOACARBON,416.25,424.30,-0.0192,0.0233,0.0233,0.4451
05-JAN-2026,GOCLCORP,288.20,292.65,-0.0153,0.0259,0.0259,0.4948
05-JAN-2026,GOCOLORS,460.55,460.35,0.0004,0.0190,0.0189,0.3611
05-JAN-2026,GODAVARIB,292.90,299.20,-0.0213,0.0303,0.0303,0.5789
05-JAN-2026,GODFRYPHLP,2263.30,2249.35,0.0062,0.0363,0.0362,0.6916
05-JAN-2026,GODIGIT,349.85,346.35,0.0101,0.0181,0.0181,0.3458
05-JAN-2026,GODREJAGRO,570.40,573.95,-0.0062,0.0195,0.0194,0.3706
05-JAN-2026,GODREJCP,1244.30,1235.25,0.0073,0.0148,0.0148,0.2828
05-JAN-2026,GODREJIND,1005.80,1021.10,-0.0151,0.0223,0.0222,0.4241
05-JAN-2026,GODREJPROP,2124.20,2068.50,0.0266,0.0217,0.0217,0.4146
05-JAN-2026,GOKEX,702.85,718.20,-0.0216,0.0281,0.0281,0.5368
05-JAN-2026,GOKUL,38.95,39.36,-0.0105,0.0241,0.0240,0.4585
05-JAN-2026,GOKULAGRO,173.40,179.10,-0.0323,0.0290,0.0290,0.5540
05-JAN-2026,GOLD1,113.61,112.33,0.0113,0.0109,0.0109,0.2082
05-JAN-2026,GOLD360,133.16,131.50,0.0125,0.0133,0.0133,0.2541
05-JAN-2026,GOLDADD,132.45,131.18,0.0096,0.0107,0.0107,0.2044
05-JAN-2026,GOLDBEES,112.92,111.82,0.0098,0.0107,0.0107,0.2044
05-JAN-2026,GOLDBETA,114.75,113.55,0.0105,0.0107,0.0107,0.2044
05-JAN-2026,GOLDBND,135.99,134.42,0.0116,0.0041,0.0041,0.0783
05-JAN-2026,GOLDCASE,21.46,21.24,0.0103,0.0103,0.0103,0.1968
05-JAN-2026,GOLDEDGE,10.50,10.50,0.0000,0.0000,0.0000,0.0000
05-JAN-2026,GOLDENTOBC,32.40,32.45,-0.0015,0.0229,0.0228,0.4356
05-JAN-2026,GOLDETF,132.47,131.22,0.0095,0.0103,0.0103,0.1968
05-JAN-2026,GOLDIAM,356.40,364.55,-0.0226,0.0331,0.0331,0.6324
05-JAN-2026,GOLDIETF,116.92,115.74,0.0101,0.0122,0.0122,0.2331
05-JAN-2026,GOLDTECH,50.43,50.61,-0.0036,0.0343,0.0342,0.6534
05-JAN-2026,GOODLUCK,1100.30,1074.50,0.0237,0.0303,0.0302,0.5770
05-JAN-2026,GOPAL,319.90,319.45,0.0014,0.0205,0.0204,0.3897
05-JAN-2026,GOYALALUM,8.65,7.19,0.1849,0.0200,0.0238,0.4547
05-JAN-2026,GPIL,274.00,273.05,0.0035,0.0250,0.0249,0.4757
05-JAN-2026,GPPL,183.15,182.30,0.0047,0.0203,0.0203,0.3878
05-JAN-2026,GPTHEALTH,138.45,141.85,-0.0243,0.0196,0.0197,0.3764
05-JAN-2026,GPTINFRA,111.35,108.55,0.0255,0.0286,0.0286,0.5464
05-JAN-2026,GRACIOUS,13.50,13.50,0.0000,0.0000,0.0000,0.0000
05-JAN-2026,GRANULES,605.25,615.35,-0.0165,0.0214,0.0214,0.4088
05-JAN-2026,GRAPHITE,656.85,659.70,-0.0043,0.0254,0.0254,0.4853
05-JAN-2026,GRASIM,2848.90,2856.45,-0.0026,0.0131,0.0130,0.2484
05-JAN-2026,GRAVITA,1817.90,1860.45,-0.0231,0.0281,0.0280,0.5349
05-JAN-2026,GREAVESCOT,192.45,193.35,-0.0047,0.0280,0.0279,0.5330
05-JAN-2026,GREENLAM,265.75,247.85,0.0697,0.0242,0.0246,0.4700
05-JAN-2026,GREENPANEL,230.50,230.80,-0.0013,0.0249,0.0248,0.4738
05-JAN-2026,GREENPLY,265.55,272.85,-0.0271,0.0235,0.0235,0.4490
05-JAN-2026,GREENPOWER,11.80,11.90,-0.0084,0.0245,0.0245,0.4681
05-JAN-2026,GRINDWELL,1581.35,1558.20,0.0147,0.0202,0.0202,0.3859
05-JAN-2026,GRINFRA,980.40,1009.75,-0.0295,0.0187,0.0188,0.3592
05-JAN-2026,GRMOVER,171.15,163.90,0.0433,0.0264,0.0265,0.5063
05-JAN-2026,GROBTEA,991.95,999.05,-0.0071,0.0306,0.0305,0.5827
05-JAN-2026,GROWW,155.55,155.20,0.0023,0.0220,0.0219,0.4184
05-JAN-2026,GROWWCAPM,9.90,9.89,0.0010,0.0048,0.0048,0.0917
05-JAN-2026,GROWWDEFNC,79.32,77.98,0.0170,0.0145,0.0145,0.2770
05-JAN-2026,GROWWEV,32.07,32.03,0.0012,0.0091,0.0091,0.1739
05-JAN-2026,GROWWGOLD,133.48,132.28,0.0090,0.0102,0.0102,0.1949
05-JAN-2026,GROWWLIQID,107.33,107.31,0.0002,0.0002,0.0002,0.0038
05-JAN-2026,GROWWLOVOL,10.83,10.85,-0.0018,0.0045,0.0045,0.0860
05-JAN-2026,GROWWMC150,224.30,224.92,-0.0028,0.0028,0.0028,0.0535
05-JAN-2026,GROWWMETAL,10.89,10.86,0.0028,0.0024,0.0024,0.0459
05-JAN-2026,GROWWMOM50,10.70,10.69,0.0009,0.0061,0.0061,0.1165
05-JAN-2026,GROWWN200,11.86,11.85,0.0008,0.0079,0.0078,0.1490
05-JAN-2026,GROWWNET,10.45,10.53,-0.0076,0.0070,0.0070,0.1337
05-JAN-2026,GROWWNIFTY,10.52,10.55,-0.0028,0.0031,0.0031,0.0592
05-JAN-2026,GROWWNXT50,70.28,70.19,0.0013,0.0041,0.0040,0.0764
05-JAN-2026,GROWWPOWER,10.09,10.11,-0.0020,0.0057,0.0057,0.1089
05-JAN-2026,GROWWRAIL,35.80,36.03,-0.0064,0.0115,0.0114,0.2178
05-JAN-2026,GROWWRLTY,10.24,10.03,0.0207,0.0056,0.0057,0.1089
05-JAN-2026,GROWWSC250,9.71,9.64,0.0072,0.0031,0.0032,0.0611
05-JAN-2026,GROWWSLVR,231.19,228.66,0.0110,0.0194,0.0193,0.3687
05-JAN-2026,GRPLTD,1750.30,1739.80,0.0060,0.0302,0.0301,0.5751
05-JAN-2026,GRSE,2502.10,2436.95,0.0264,0.0340,0.0340,0.6496
05-JAN-2026,GRWRHITECH,3131.00,3170.40,-0.0125,0.0357,0.0356,0.6801
05-JAN-2026,GSEC10ABSL,110.17,109.77,0.0036,0.0032,0.0033,0.0630
05-JAN-2026,GSEC10IETF,258.15,258.79,-0.0025,0.0040,0.0040,0.0764
05-JAN-2026,GSEC10YEAR,29.69,29.65,0.0013,0.0079,0.0079,0.1509
05-JAN-2026,GSEC5IETF,63.71,63.75,-0.0006,0.0046,0.0046,0.0879
05-JAN-2026,GSFC,183.15,183.90,-0.0041,0.0212,0.0212,0.4050
05-JAN-2026,GSLSU,98.04,100.24,-0.0222,0.0344,0.0344,0.6572
05-JAN-2026,GSPL,321.90,319.95,0.0061,0.0180,0.0180,0.3439
05-JAN-2026,GSS,16.05,17.06,-0.0610,0.0307,0.0310,0.5923
05-JAN-2026,GTECJAINX,24.35,24.35,0.0000,0.0371,0.0370,0.7069
05-JAN-2026,GTL,7.97,8.09,-0.0149,0.0299,0.0299,0.5712
05-JAN-2026,GTLINFRA,1.22,1.24,-0.0163,0.0290,0.0289,0.5521
05-JAN-2026,GTPL,99.40,99.30,0.0010,0.0207,0.0206,0.3936
05-JAN-2026,GUFICBIO,332.65,337.05,-0.0131,0.0225,0.0224,0.4280
05-JAN-2026,GUJALKALI,502.95,504.70,-0.0035,0.0191,0.0191,0.3649
05-JAN-2026,GUJAPOLLO,414.50,430.95,-0.0389,0.0302,0.0303,0.5789
05-JAN-2026,GUJGASLTD,441.00,436.35,0.0106,0.0167,0.0167,0.3191
05-JAN-2026,GUJRAFFIA,51.95,50.86,0.0212,0.0381,0.0380,0.7260
05-JAN-2026,GUJTHEM,425.60,435.20,-0.0223,0.0295,0.0295,0.5636
05-JAN-2026,GULFOILLUB,1194.90,1211.70,-0.0140,0.0203,0.0202,0.3859
05-JAN-2026,GULFPETRO,35.08,35.79,-0.0200,0.0235,0.0235,0.4490
05-JAN-2026,GULPOLY,149.45,143.35,0.0417,0.0267,0.0268,0.5120
05-JAN-2026,GVKPIL,3.06,3.09,-0.0098,0.0223,0.0222,0.4241
05-JAN-2026,GVPIL,341.10,340.00,0.0032,0.0338,0.0338,0.6457
05-JAN-2026,GVPTECH,8.83,8.81,0.0023,0.0278,0.0278,0.5311
05-JAN-2026,GVT&D,3077.20,3093.65,-0.0053,0.0264,0.0264,0.5044
05-JAN-2026,HAL,4526.10,4417.80,0.0242,0.0193,0.0193,0.3687
05-JAN-2026,HALEOSLABS,1352.90,1354.00,-0.0008,0.0343,0.0342,0.6534
05-JAN-2026,HAPPSTMNDS,462.95,466.10,-0.0068,0.0170,0.0169,0.3229
05-JAN-2026,HAPPYFORGE,1170.50,1185.75,-0.0129,0.0157,0.0157,0.2999
05-JAN-2026,HARDOLI,34.65,34.65,0.0000,0.0000,0.0000,0.0000
05-JAN-2026,HARDWYN,17.33,17.76,-0.0245,0.0295,0.0295,0.5636
05-JAN-2026,HARIOMPIPE,409.70,395.50,0.0353,0.0306,0.0306,0.5846
05-JAN-2026,HARRMALAYA,169.95,171.75,-0.0105,0.0239,0.0239,0.4566
05-JAN-2026,HARSHA,386.50,387.45,-0.0025,0.0200,0.0199,0.3802
05-JAN-2026,HATHWAY,12.47,12.68,-0.0167,0.0190,0.0190,0.3630
05-JAN-2026,HATSUN,963.45,975.85,-0.0128,0.0220,0.0220,0.4203
05-JAN-2026,HAVELLS,1451.45,1439.90,0.0080,0.0138,0.0138,0.2636
05-JAN-2026,HAVISHA,1.80,1.90,-0.0541,0.0309,0.0310,0.5923
05-JAN-2026,HBLENGINE,969.30,937.55,0.0333,0.0314,0.0314,0.5999
05-JAN-2026,HBSL,72.48,73.71,-0.0168,0.0357,0.0356,0.6801
05-JAN-2026,HCC,19.80,19.39,0.0209,0.0326,0.0326,0.6228
05-JAN-2026,HCG,657.25,655.35,0.0029,0.0196,0.0195,0.3725
05-JAN-2026,HCL-INSYS,14.20,14.45,-0.0175,0.0266,0.0266,0.5082
05-JAN-2026,HCLTECH,1607.60,1640.20,-0.0201,0.0145,0.0145,0.2770
05-JAN-2026,HDBFS,762.90,770.15,-0.0095,0.0077,0.0078,0.1490
05-JAN-2026,HDFCAMC,2660.70,2657.20,0.0013,0.0177,0.0177,0.3382
05-JAN-2026,HDFCBANK,977.50,1001.60,-0.0244,0.0103,0.0104,0.1987
05-JAN-2026,HDFCBSE500,38.60,38.54,0.0016,0.0100,0.0100,0.1910
05-JAN-2026,HDFCGOLD,116.66,115.45,0.0104,0.0104,0.0104,0.1987
05-JAN-2026,HDFCGROWTH,130.88,131.30,-0.0032,0.0079,0.0079,0.1509
05-JAN-2026,HDFCLIFE,759.30,754.85,0.0059,0.0130,0.0130,0.2484
05-JAN-2026,HDFCLIQUID,1043.09,1042.89,0.0002,0.0006,0.0006,0.0115
05-JAN-2026,HDFCLOWVOL,21.54,21.64,-0.0046,0.0080,0.0080,0.1528
05-JAN-2026,HDFCMID150,22.81,22.76,0.0022,0.0094,0.0093,0.1777
05-JAN-2026,HDFCMOMENT,31.87,31.89,-0.0006,0.0100,0.0100,0.1910
05-JAN-2026,HDFCNEXT50,71.63,71.49,0.0020,0.0098,0.0097,0.1853
05-JAN-2026,HDFCNIF100,27.65,27.66,-0.0004,0.0084,0.0084,0.1605
05-JAN-2026,HDFCNIFBAN,61.53,61.61,-0.0013,0.0077,0.0077,0.1471
05-JAN-2026,HDFCNIFIT,39.89,40.41,-0.0130,0.0121,0.0121,0.2312
05-JAN-2026,HDFCNIFTY,293.47,294.23,-0.0026,0.0068,0.0068,0.1299
05-JAN-2026,HDFCPSUBK,87.95,87.65,0.0034,0.0126,0.0126,0.2407
05-JAN-2026,HDFCPVTBAN,29.33,29.37,-0.0014,0.0082,0.0082,0.1567
05-JAN-2026,HDFCQUAL,60.68,60.55,0.0021,0.0083,0.0083,0.1586
05-JAN-2026,HDFCSENSEX,96.25,96.73,-0.0050,0.0069,0.0068,0.1299
05-JAN-2026,HDFCSILVER,226.39,222.97,0.0152,0.0206,0.0205,0.3917
05-JAN-2026,HDFCSML250,169.33,168.84,0.0029,0.0104,0.0103,0.1968
05-JAN-2026,HDFCVALUE,140.17,140.28,-0.0008,0.0081,0.0081,0.1548
05-JAN-2026,HDIL,2.40,2.42,-0.0083,0.0258,0.0257,0.4910
05-JAN-2026,HEADSUP,8.99,8.86,0.0146,0.0299,0.0299,0.5712
05-JAN-2026,HEALTHADD,148.13,148.53,-0.0027,0.0091,0.0090,0.1719
05-JAN-2026,HEALTHIETF,150.13,150.96,-0.0055,0.0086,0.0086,0.1643
05-JAN-2026,HEALTHY,15.07,15.09,-0.0013,0.0083,0.0083,0.1586
05-JAN-2026,HECPROJECT,121.78,124.57,-0.0227,0.0306,0.0305,0.5827
05-JAN-2026,HEG,620.30,619.70,0.0010,0.0266,0.0265,0.5063
05-JAN-2026,HEIDELBERG,175.95,175.65,0.0017,0.0146,0.0146,0.2789
05-JAN-2026,HEMIPROP,141.05,137.95,0.0222,0.0289,0.0289,0.5521
05-JAN-2026,HERANBA,240.40,243.20,-0.0116,0.0266,0.0265,0.5063
05-JAN-2026,HERITGFOOD,463.30,465.10,-0.0039,0.0225,0.0224,0.4280
05-JAN-2026,HEROMOTOCO,5985.55,5932.95,0.0088,0.0158,0.0158,0.3019
05-JAN-2026,HESTERBIO,1592.40,1604.40,-0.0075,0.0247,0.0246,0.4700
05-JAN-2026,HEUBACHIND,468.20,476.80,-0.0182,0.0187,0.0187,0.3573
05-JAN-2026,HEXATRADEX,163.10,162.25,0.0052,0.0216,0.0216,0.4127
05-JAN-2026,HEXT,737.50,754.15,-0.0223,0.0195,0.0195,0.3725
05-JAN-2026,HFCL,67.20,67.73,-0.0079,0.0273,0.0272,0.5197
05-JAN-2026,HGINFRA,750.00,744.10,0.0079,0.0225,0.0225,0.4299
05-JAN-2026,HGM,66.77,68.28,-0.0224,0.0347,0.0346,0.6610
05-JAN-2026,HGS,449.00,453.25,-0.0094,0.0194,0.0193,0.3687
05-JAN-2026,HIKAL,225.20,227.00,-0.0080,0.0239,0.0239,0.4566
05-JAN-2026,HILINFRA,58.68,59.89,-0.0204,0.0148,0.0148,0.2828
05-JAN-2026,HILLRIDGE,10.00,10.00,0.0000,0.0000,0.0000,0.0000
05-JAN-2026,HILTON,34.74,35.79,-0.0298,0.0328,0.0328,0.6266
05-JAN-2026,HILTON-RE1,4.49,4.49,0.0000,0.0000,0.0000,0.0000
05-JAN-2026,HIMATSEIDE,112.70,114.70,-0.0176,0.0275,0.0275,0.5254
05-JAN-2026,HINDALCO,931.70,925.70,0.0065,0.0169,0.0169,0.3229
05-JAN-2026,HINDCOMPOS,447.80,451.20,-0.0076,0.0231,0.0230,0.4394
05-JAN-2026,HINDCON,27.34,27.21,0.0048,0.0252,0.0251,0.4795
05-JAN-2026,HINDCOPPER,552.60,541.90,0.0196,0.0303,0.0302,0.5770
05-JAN-2026,HINDOILEXP,154.15,156.40,-0.0145,0.0223,0.0223,0.4260
05-JAN-2026,HINDPETRO,492.40,495.85,-0.0070,0.0200,0.0200,0.3821
05-JAN-2026,HINDUNILVR,2384.10,2348.00,0.0153,0.0114,0.0114,0.2178
05-JAN-2026,HINDWAREAP,271.85,272.05,-0.0007,0.0276,0.0276,0.5273
05-JAN-2026,HINDZINC,628.60,628.80,-0.0003,0.0225,0.0224,0.4280
05-JAN-2026,HIRECT,1486.15,1496.85,-0.0072,0.0336,0.0336,0.6419
05-JAN-2026,HISARMETAL,169.85,163.25,0.0396,0.0242,0.0243,0.4643
05-JAN-2026,HITECH,93.50,94.90,-0.0149,0.0251,0.0251,0.4795
05-JAN-2026,HITECHCORP,168.75,169.40,-0.0038,0.0281,0.0280,0.5349
05-JAN-2026,HITECHGEAR,765.85,754.45,0.0150,0.0249,0.0249,0.4757
05-JAN-2026,HLEGLAS,443.05,449.20,-0.0138,0.0322,0.0322,0.6152
05-JAN-2026,HLVLTD,9.91,9.60,0.0318,0.0264,0.0264,0.5044
05-JAN-2026,HMAAGRO,29.74,29.39,0.0118,0.0205,0.0205,0.3917
05-JAN-2026,HMT,47.14,47.27,-0.0028,0.0236,0.0236,0.4509
05-JAN-2026,HMVL,69.83,70.08,-0.0036,0.0242,0.0242,0.4623
05-JAN-2026,HNDFDS,509.10,516.20,-0.0138,0.0167,0.0167,0.3191
05-JAN-2026,HNGSNGBEES,509.74,507.36,0.0047,0.0177,0.0176,0.3362
05-JAN-2026,HOMEFIRST,1092.85,1105.10,-0.0111,0.0236,0.0236,0.4509
05-JAN-2026,HONASA,292.50,292.75,-0.0009,0.0258,0.0257,0.4910
05-JAN-2026,HONAUT,34326.30,33623.95,0.0207,0.0149,0.0150,0.2866
05-JAN-2026,HONDAPOWER,2348.45,2347.40,0.0004,0.0229,0.0229,0.4375
05-JAN-2026,HOTAHOTI,9.90,9.90,0.0000,0.0000,0.0000,0.0000
05-JAN-2026,HPAL,42.45,42.69,-0.0056,0.0224,0.0224,0.4280
05-JAN-2026,HPIL,140.30,142.95,-0.0187,0.0310,0.0309,0.5903
05-JAN-2026,HPL,397.80,407.55,-0.0242,0.0307,0.0307,0.5865
05-JAN-2026,HSCL,489.65,494.00,-0.0088,0.0233,0.0232,0.4432
05-JAN-2026,HTMEDIA,23.96,23.97,-0.0004,0.0254,0.0254,0.4853
05-JAN-2026,HUBTOWN,253.70,258.55,-0.0189,0.0329,0.0329,0.6286
05-JAN-2026,HUDCO,226.30,231.40,-0.0223,0.0261,0.0261,0.4986
05-JAN-2026,HUHTAMAKI,209.80,212.60,-0.0133,0.0223,0.0223,0.4260
05-JAN-2026,HYBRIDFIN,20.41,20.03,0.0188,0.0397,0.0396,0.7566
05-JAN-2026,HYUNDAI,2281.55,2267.95,0.0060,0.0160,0.0160,0.3057
05-JAN-2026,IBULLSLTD,15.64,16.47,-0.0517,0.0330,0.0331,0.6324
05-JAN-2026,ICDSLTD,43.55,45.22,-0.0376,0.0333,0.0334,0.6381
05-JAN-2026,ICEMAKE,794.00,807.50,-0.0169,0.0278,0.0277,0.5292
05-JAN-2026,ICICIAMC,2677.75,2662.30,0.0058,0.0020,0.0020,0.0382
05-JAN-2026,ICICIB22,119.21,119.12,0.0008,0.0094,0.0094,0.1796
05-JAN-2026,ICICIBANK,1371.50,1355.40,0.0118,0.0105,0.0105,0.2006
05-JAN-2026,ICICIGI,1979.90,1973.90,0.0030,0.0144,0.0144,0.2751
05-JAN-2026,ICICIPRULI,683.85,678.30,0.0081,0.0141,0.0140,0.2675
05-JAN-2026,ICIL,278.30,280.05,-0.0063,0.0339,0.0338,0.6457
05-JAN-2026,ICRA,6277.20,6186.45,0.0146,0.0152,0.0152,0.2904
05-JAN-2026,IDBI,110.95,114.75,-0.0337,0.0249,0.0250,0.4776
05-JAN-2026,IDEA,11.43,11.78,-0.0302,0.0356,0.0356,0.6801
05-JAN-2026,IDEAFORGE,485.05,469.10,0.0334,0.0310,0.0310,0.5923
05-JAN-2026,IDFCFIRSTB,84.93,85.92,-0.0116,0.0168,0.0168,0.3210
05-JAN-2026,IDFNIFTYET,288.24,288.37,-0.0005,0.0152,0.0152,0.2904
05-JAN-2026,IEX,134.40,134.35,0.0004,0.0274,0.0273,0.5216
05-JAN-2026,IFBAGRO,1517.10,1593.95,-0.0494,0.0353,0.0354,0.6763
05-JAN-2026,IFBIND,1589.10,1599.95,-0.0068,0.0292,0.0291,0.5560
05-JAN-2026,IFCI,53.11,53.62,-0.0096,0.0313,0.0312,0.5961
05-JAN-2026,IFGLEXPOR,211.90,213.65,-0.0082,0.0310,0.0309,0.5903
05-JAN-2026,IGARASHI,473.90,464.50,0.0200,0.0282,0.0282,0.5388
05-JAN-2026,IGCL,82.47,84.02,-0.0186,0.0155,0.0156,0.2980
05-JAN-2026,IGIL,332.75,334.55,-0.0054,0.0224,0.0223,0.4260
05-JAN-2026,IGL,190.60,194.35,-0.0195,0.0206,0.0206,0.3936
05-JAN-2026,IGPL,393.75,395.50,-0.0044,0.0210,0.0209,0.3993
05-JAN-2026,IIEL,10.00,10.00,0.0000,0.0000,0.0000,0.0000
05-JAN-2026,IIFL,645.45,641.35,0.0064,0.0256,0.0255,0.4872
05-JAN-2026,IIFLCAPS,389.00,377.85,0.0291,0.0336,0.0336,0.6419
05-JAN-2026,IITL,155.85,167.10,-0.0697,0.0277,0.0281,0.5368
05-JAN-2026,IKIO,181.75,185.45,-0.0202,0.0254,0.0253,0.4834
05-JAN-2026,IKS,1701.30,1684.35,0.0100,0.0203,0.0203,0.3878
05-JAN-2026,IL&FSENGG,26.53,26.11,0.0160,0.0282,0.0281,0.5368
05-JAN-2026,IL&FSTRANS,2.99,2.98,0.0034,0.0270,0.0269,0.5139
05-JAN-2026,IMAGICAA,47.81,48.35,-0.0112,0.0249,0.0248,0.4738
05-JAN-2026,IMFA,1458.45,1496.10,-0.0255,0.0287,0.0287,0.5483
05-JAN-2026,IMPAL,1025.35,1043.05,-0.0171,0.0168,0.0168,0.3210
05-JAN-2026,IMPEXFERRO,1.82,1.87,-0.0271,0.0274,0.0274,0.5235
05-JAN-2026,INCREDIBLE,39.61,40.82,-0.0301,0.0298,0.0298,0.5693
05-JAN-2026,INDBANK,34.62,35.24,-0.0178,0.0310,0.0309,0.5903
05-JAN-2026,INDGN,520.75,522.55,-0.0035,0.0189,0.0189,0.3611
05-JAN-2026,INDHOTEL,744.20,748.65,-0.0060,0.0175,0.0175,0.3343
05-JAN-2026,INDIACEM,457.50,445.40,0.0268,0.0234,0.0234,0.4471
05-JAN-2026,INDIAGLYCO,1007.00,1006.15,0.0008,0.0267,0.0267,0.5101
05-JAN-2026,INDIAMART,2199.15,2177.80,0.0098,0.0178,0.0177,0.3382
05-JAN-2026,INDIANB,858.20,861.40,-0.0037,0.0197,0.0196,0.3745
05-JAN-2026,INDIANCARD,239.50,241.65,-0.0089,0.0270,0.0270,0.5158
05-JAN-2026,INDIANHUME,423.30,423.80,-0.0012,0.0279,0.0278,0.5311
05-JAN-2026,INDIASHLTR,817.30,820.30,-0.0037,0.0177,0.0177,0.3382
05-JAN-2026,INDIGO,5102.50,5106.00,-0.0007,0.0174,0.0174,0.3324
05-JAN-2026,INDIGOPNTS,1184.75,1171.15,0.0115,0.0199,0.0199,0.3802
05-JAN-2026,INDIGRID,167.91,168.81,-0.0053,0.0064,0.0064,0.1223
05-JAN-2026,INDIQUBE,209.20,210.05,-0.0041,0.0129,0.0128,0.2445
05-JAN-2026,INDNIPPON,858.15,841.95,0.0191,0.0233,0.0233,0.4451
05-JAN-2026,INDOAMIN,129.05,129.60,-0.0043,0.0283,0.0282,0.5388
05-JAN-2026,INDOBORAX,268.10,268.20,-0.0004,0.0289,0.0288,0.5502
05-JAN-2026,INDOCO,227.60,226.75,0.0037,0.0247,0.0246,0.4700
05-JAN-2026,INDOFARM,210.50,219.20,-0.0405,0.0271,0.0271,0.5177
05-JAN-2026,INDORAMA,47.56,48.15,-0.0123,0.0301,0.0301,0.5751
05-JAN-2026,INDOSTAR,239.85,247.25,-0.0304,0.0275,0.0276,0.5273
05-JAN-2026,INDOTECH,1592.55,1601.50,-0.0056,0.0317,0.0316,0.6037
05-JAN-2026,INDOTHAI,254.25,267.55,-0.0510,0.0314,0.0315,0.6018
05-JAN-2026,INDOUS,119.25,121.75,-0.0207,0.0384,0.0384,0.7336
05-JAN-2026,INDOWIND,15.71,15.92,-0.0133,0.0313,0.0312,0.5961
05-JAN-2026,INDRAMEDCO,441.15,455.50,-0.0320,0.0303,0.0303,0.5789
05-JAN-2026,INDSWFTLAB,90.29,91.55,-0.0139,0.0291,0.0291,0.5560
05-JAN-2026,INDTERRAIN,34.65,34.89,-0.0069,0.0288,0.0287,0.5483
05-JAN-2026,INDUENG,9.50,9.50,0.0000,0.0000,0.0000,0.0000
05-JAN-2026,INDUSINDBK,899.95,902.45,-0.0028,0.0228,0.0228,0.4356
05-JAN-2026,INDUSINVIT,116.72,116.42,0.0026,0.0087,0.0086,0.1643
05-JAN-2026,INDUSTOWER,434.20,442.05,-0.0179,0.0200,0.0200,0.3821
05-JAN-2026,INFIBEAM,16.53,16.65,-0.0072,0.0258,0.0257,0.4910
05-JAN-2026,INFOBEAN,864.60,905.70,-0.0464,0.0354,0.0354,0.6763
05-JAN-2026,INFOMEDIA,6.34,6.51,-0.0265,0.0350,0.0350,0.6687
05-JAN-2026,INFRABEES,1001.29,1008.86,-0.0075,0.0097,0.0097,0.1853
05-JAN-2026,INFRAIETF,99.72,100.40,-0.0068,0.0091,0.0091,0.1739
05-JAN-2026,INFY,1606.40,1640.40,-0.0209,0.0148,0.0148,0.2828
05-JAN-2026,INGERRAND,3459.40,3507.30,-0.0138,0.0182,0.0182,0.3477
05-JAN-2026,INNOVACAP,733.20,725.10,0.0111,0.0240,0.0239,0.4566
05-JAN-2026,INNOVANA,417.65,420.55,-0.0069,0.0257,0.0257,0.4910
05-JAN-2026,INOXGREEN,205.75,213.65,-0.0377,0.0310,0.0311,0.5942
05-JAN-2026,INOXINDIA,1123.35,1130.80,-0.0066,0.0178,0.0178,0.3401
05-JAN-2026,INOXWIND,125.80,128.05,-0.0177,0.0272,0.0272,0.5197
05-JAN-2026,INSECTICID,698.60,710.35,-0.0167,0.0223,0.0222,0.4241
05-JAN-2026,INSPIRISYS,87.03,90.39,-0.0379,0.0287,0.0288,0.5502
05-JAN-2026,INTELLECT,967.80,961.15,0.0069,0.0283,0.0282,0.5388
05-JAN-2026,INTENTECH,115.70,118.45,-0.0235,0.0336,0.0335,0.6400
05-JAN-2026,INTERARCH,2226.35,2293.35,-0.0297,0.0248,0.0248,0.4738
05-JAN-2026,INTERISE,109.75,109.75,0.0000,0.0066,0.0066,0.1261
05-JAN-2026,INTERNET,14.07,14.17,-0.0071,0.0116,0.0116,0.2216
05-JAN-2026,INTERTEC,31.35,31.35,0.0000,0.0000,0.0000,0.0000
05-JAN-2026,INTLCONV,87.65,89.78,-0.0240,0.0255,0.0255,0.4872
05-JAN-2026,INVENTURE,1.21,1.20,0.0083,0.0259,0.0258,0.4929
05-JAN-2026,IOB,36.80,37.23,-0.0116,0.0240,0.0239,0.4566
05-JAN-2026,IOC,165.00,166.80,-0.0109,0.0158,0.0158,0.3019
05-JAN-2026,IOLCP,83.00,84.03,-0.0123,0.0275,0.0274,0.5235
05-JAN-2026,IONEXCHANG,378.65,386.55,-0.0206,0.0230,0.0230,0.4394
05-JAN-2026,IPCALAB,1413.05,1404.00,0.0064,0.0204,0.0203,0.3878
05-JAN-2026,IPL,174.80,176.95,-0.0122,0.0263,0.0263,0.5025
05-JAN-2026,IRB,42.24,42.81,-0.0134,0.0214,0.0214,0.4088
05-JAN-2026,IRBINVIT,62.71,62.53,0.0029,0.0088,0.0087,0.1662
05-JAN-2026,IRBIT,220.22,220.22,0.0000,0.0000,0.0000,0.0000
05-JAN-2026,IRCON,177.00,179.15,-0.0121,0.0286,0.0285,0.5445
05-JAN-2026,IRCTC,675.55,694.85,-0.0282,0.0149,0.0150,0.2866
05-JAN-2026,IREDA,144.55,146.65,-0.0144,0.0245,0.0245,0.4681
05-JAN-2026,IRFC,127.60,128.50,-0.0070,0.0230,0.0230,0.4394
05-JAN-2026,IRIS,307.10,313.95,-0.0221,0.0269,0.0269,0.5139
05-JAN-2026,IRISDOREME,36.76,37.18,-0.0114,0.0247,0.0246,0.4700
05-JAN-2026,IRMENERGY,285.75,288.05,-0.0080,0.0265,0.0264,0.5044
05-JAN-2026,ISFT,90.99,91.56,-0.0062,0.0273,0.0272,0.5197
05-JAN-2026,ISGEC,887.00,898.50,-0.0129,0.0261,0.0261,0.4986
05-JAN-2026,ISHANCH,63.43,65.03,-0.0249,0.0234,0.0234,0.4471
05-JAN-2026,ISHL,807.00,807.00,0.0000,0.0007,0.0007,0.0134
05-JAN-2026,ISL,41.35,41.35,0.0000,0.0000,0.0000,0.0000
05-JAN-2026,IT,41.30,41.94,-0.0154,0.0118,0.0119,0.2273
05-JAN-2026,ITADD,39.57,40.19,-0.0155,0.0123,0.0124,0.2369
05-JAN-2026,ITBEES,41.51,42.14,-0.0151,0.0119,0.0119,0.2273
05-JAN-2026,ITBETA,393.30,398.00,-0.0119,0.0120,0.0120,0.2293
05-JAN-2026,ITC,349.70,350.05,-0.0010,0.0122,0.0122,0.2331
05-JAN-2026,ITCHOTELS,198.25,198.65,-0.0020,0.0153,0.0153,0.2923
05-JAN-2026,ITDC,595.75,607.65,-0.0198,0.0296,0.0296,0.5655
05-JAN-2026,ITETF,39.54,40.10,-0.0141,0.0122,0.0122,0.2331
05-JAN-2026,ITI,312.25,312.05,0.0006,0.0318,0.0317,0.6056
05-JAN-2026,ITIETF,41.42,42.09,-0.0160,0.0120,0.0120,0.2293
05-JAN-2026,IVALUE,269.25,270.70,-0.0054,0.0147,0.0146,0.2789
05-JAN-2026,IVC,8.08,8.12,-0.0049,0.0239,0.0238,0.4547
05-JAN-2026,IVP,151.10,153.95,-0.0187,0.0294,0.0294,0.5617
05-JAN-2026,IVZINGOLD,11849.73,11787.90,0.0052,0.0161,0.0160,0.3057
05-JAN-2026,IVZINNIFTY,2974.65,2981.46,-0.0023,0.0094,0.0093,0.1777
05-JAN-2026,IXIGO,233.35,241.60,-0.0347,0.0310,0.0310,0.5923
05-JAN-2026,IZMO,801.85,819.90,-0.0223,0.0401,0.0401,0.7661
05-JAN-2026,J&KBANK,103.50,102.35,0.0112,0.0223,0.0223,0.4260
05-JAN-2026,JAGRAN,71.87,72.27,-0.0056,0.0156,0.0155,0.2961
05-JAN-2026,JAGSNPHARM,190.15,194.00,-0.0200,0.0309,0.0308,0.5884
05-JAN-2026,JAIBALAJI,75.28,72.61,0.0361,0.0295,0.0296,0.5655
05-JAN-2026,JAICORPLTD,129.30,132.25,-0.0226,0.0344,0.0344,0.6572
05-JAN-2026,JAINREC,413.40,422.25,-0.0212,0.0164,0.0164,0.3133
05-JAN-2026,JAIPURKURT,34.98,32.08,0.0865,0.0344,0.0349,0.6668
05-JAN-2026,JAMNAAUTO,133.80,132.55,0.0094,0.0216,0.0216,0.4127
05-JAN-2026,JARO,452.50,465.90,-0.0292,0.0171,0.0172,0.3286
05-JAN-2026,JASH,416.75,433.35,-0.0391,0.0246,0.0247,0.4719
05-JAN-2026,JAYAGROGN,200.65,201.55,-0.0045,0.0218,0.0218,0.4165
05-JAN-2026,JAYBARMARU,104.30,100.41,0.0380,0.0283,0.0284,0.5426
05-JAN-2026,JAYKAY,197.50,191.15,0.0327,0.0331,0.0331,0.6324
05-JAN-2026,JAYNECOIND,92.61,91.56,0.0114,0.0391,0.0390,0.7451
05-JAN-2026,JAYSREETEA,87.45,88.13,-0.0077,0.0226,0.0225,0.4299
05-JAN-2026,JBCHEPHARM,1840.20,1850.35,-0.0055,0.0163,0.0162,0.3095
05-JAN-2026,JBMA,651.25,666.60,-0.0233,0.0282,0.0282,0.5388
05-JAN-2026,JECOEXP,10.00,10.00,0.0000,0.0000,0.0000,0.0000
05-JAN-2026,JETFREIGHT,16.90,16.87,0.0018,0.0329,0.0328,0.6266
05-JAN-2026,JGCHEM,349.15,357.35,-0.0232,0.0278,0.0278,0.5311
05-JAN-2026,JHS,9.31,9.48,-0.0181,0.0302,0.0302,0.5770
05-JAN-2026,JINDALPHOT,1391.20,1501.30,-0.0762,0.0339,0.0343,0.6553
05-JAN-2026,JINDALPOLY,476.85,479.95,-0.0065,0.0241,0.0240,0.4585
05-JAN-2026,JINDALSAW,172.70,170.60,0.0122,0.0253,0.0252,0.4814
05-JAN-2026,JINDALSTEL,1081.60,1080.30,0.0012,0.0179,0.0179,0.3420
05-JAN-2026,JINDRILL,530.25,570.90,-0.0739,0.0276,0.0280,0.5349
05-JAN-2026,JINDWORLD,29.29,29.59,-0.0102,0.0301,0.0300,0.5731
05-JAN-2026,JIOFIN,300.40,301.70,-0.0043,0.0172,0.0172,0.3286
05-JAN-2026,JISLDVREQS,27.34,27.71,-0.0134,0.0280,0.0279,0.5330
05-JAN-2026,JISLJALEQS,41.07,41.82,-0.0181,0.0284,0.0283,0.5407
05-JAN-2026,JITFINFRA,267.25,279.60,-0.0452,0.0346,0.0347,0.6629
05-JAN-2026,JKCEMENT,5761.10,5560.60,0.0354,0.0177,0.0178,0.3401
05-JAN-2026,JKIL,596.45,602.20,-0.0096,0.0222,0.0221,0.4222
05-JAN-2026,JKIPL,88.06,93.27,-0.0575,0.0151,0.0156,0.2980
05-JAN-2026,JKLAKSHMI,797.95,798.30,-0.0004,0.0178,0.0178,0.3401
05-JAN-2026,JKPAPER,358.40,358.85,-0.0013,0.0236,0.0235,0.4490
05-JAN-2026,JKTYRE,508.25,511.55,-0.0065,0.0219,0.0218,0.4165
05-JAN-2026,JLHL,1396.15,1400.40,-0.0030,0.0159,0.0158,0.3019
05-JAN-2026,JMA,80.08,79.68,0.0050,0.0239,0.0239,0.4566
05-JAN-2026,JMFINANCIL,147.95,149.05,-0.0074,0.0279,0.0278,0.5311
05-JAN-2026,JNKINDIA,235.05,235.90,-0.0036,0.0273,0.0273,0.5216
05-JAN-2026,JOCIL,142.05,144.49,-0.0170,0.0207,0.0207,0.3955
05-JAN-2026,JOTINDRA,2.70,2.70,0.0000,0.0327,0.0326,0.6228
05-JAN-2026,JPASSOCIAT,3.43,3.63,-0.0567,0.0325,0.0326,0.6228
05-JAN-2026,JPOLYINVST,981.20,1022.20,-0.0409,0.0297,0.0298,0.5693
05-JAN-2026,JPPOWER,17.81,17.69,0.0068,0.0304,0.0304,0.5808
05-JAN-2026,JSFB,433.70,423.45,0.0239,0.0227,0.0227,0.4337
05-JAN-2026,JSL,865.65,855.40,0.0119,0.0216,0.0215,0.4108
05-JAN-2026,JSLL,661.75,682.20,-0.0304,0.0181,0.0182,0.3477
05-JAN-2026,JSWCEMENT,121.25,123.00,-0.0143,0.0113,0.0113,0.2159
05-JAN-2026,JSWENERGY,516.90,510.65,0.0122,0.0222,0.0221,0.4222
05-JAN-2026,JSWHL,19585.00,19930.45,-0.0175,0.0281,0.0280,0.5349
05-JAN-2026,JSWINFRA,281.70,285.35,-0.0129,0.0193,0.0193,0.3687
05-JAN-2026,JSWSTEEL,1185.90,1180.65,0.0044,0.0153,0.0153,0.2923
05-JAN-2026,JTEKTINDIA,159.70,148.15,0.0751,0.0260,0.0265,0.5063
05-JAN-2026,JTLIND,58.87,59.82,-0.0160,0.0285,0.0285,0.5445
05-JAN-2026,JUBLCPL,2310.25,2302.70,0.0033,0.0267,0.0266,0.5082
05-JAN-2026,JUBLFOOD,539.05,552.95,-0.0255,0.0173,0.0173,0.3305
05-JAN-2026,JUBLINGREA,750.75,726.25,0.0332,0.0249,0.0249,0.4757
05-JAN-2026,JUBLPHARMA,1070.55,1055.40,0.0143,0.0235,0.0235,0.4490
05-JAN-2026,JUNIORBEES,756.12,755.86,0.0003,0.0094,0.0094,0.1796
05-JAN-2026,JUNIPER,250.25,252.55,-0.0091,0.0228,0.0227,0.4337
05-JAN-2026,JUSTDIAL,733.40,734.70,-0.0018,0.0213,0.0213,0.4069
05-JAN-2026,JWL,329.75,338.25,-0.0255,0.0303,0.0302,0.5770
05-JAN-2026,JYOTHYLAB,285.55,284.25,0.0046,0.0180,0.0180,0.3439
05-JAN-2026,JYOTICNC,983.65,993.95,-0.0104,0.0268,0.0268,0.5120
05-JAN-2026,JYOTISTRUC,9.76,10.18,-0.0421,0.0344,0.0344,0.6572
05-JAN-2026,KABIRDAS,1.00,1.00,0.0000,0.0000,0.0000,0.0000
05-JAN-2026,KABRAEXTRU,223.55,228.65,-0.0226,0.0267,0.0267,0.5101
05-JAN-2026,KAJARIACER,982.55,980.85,0.0017,0.0171,0.0170,0.3248
05-JAN-2026,KAKATCEM,125.00,128.70,-0.0292,0.0204,0.0205,0.3917
05-JAN-2026,KALAMANDIR,134.50,152.40,-0.1249,0.0268,0.0282,0.5388
05-JAN-2026,KALPATARU,378.30,380.90,-0.0068,0.0141,0.0141,0.2694
05-JAN-2026,KALYANI,138.09,138.09,0.0000,0.0044,0.0044,0.0841
05-JAN-2026,KALYANIFRG,633.35,634.00,-0.0010,0.0281,0.0280,0.5349
05-JAN-2026,KALYANKJIL,504.20,495.70,0.0170,0.0247,0.0247,0.4719
05-JAN-2026,KAMATHOTEL,238.20,238.40,-0.0008,0.0309,0.0308,0.5884
05-JAN-2026,KAMDHENU,24.99,25.29,-0.0119,0.0281,0.0281,0.5368
05-JAN-2026,KAMINI,3.25,3.25,0.0000,0.0032,0.0032,0.0611
05-JAN-2026,KAMOPAINTS,6.16,6.12,0.0065,0.0267,0.0267,0.5101
05-JAN-2026,KANANIIND,1.71,1.74,-0.0174,0.0265,0.0264,0.5044
05-JAN-2026,KANORICHEM,77.78,77.33,0.0058,0.0246,0.0246,0.4700
05-JAN-2026,KANPRPLA,179.35,177.00,0.0132,0.0292,0.0292,0.5579
05-JAN-2026,KANSAINER,239.30,241.05,-0.0073,0.0148,0.0148,0.2828
05-JAN-2026,KAPSTON,298.70,307.10,-0.0277,0.0265,0.0265,0.5063
05-JAN-2026,KARMAENG,49.00,49.59,-0.0120,0.0352,0.0351,0.6706
05-JAN-2026,KARURVYSYA,277.40,272.50,0.0178,0.0190,0.0190,0.3630
05-JAN-2026,KAUSHALYA,883.00,876.25,0.0077,0.0314,0.0313,0.5980
05-JAN-2026,KAVDEFENCE,70.46,73.93,-0.0481,0.0345,0.0346,0.6610
05-JAN-2026,KAYA,400.65,402.90,-0.0056,0.0310,0.0310,0.5923
05-JAN-2026,KAYNES,3997.65,3977.25,0.0051,0.0324,0.0323,0.6171
05-JAN-2026,KCP,178.95,180.25,-0.0072,0.0224,0.0223,0.4260
05-JAN-2026,KCPSUGIND,26.18,26.14,0.0015,0.0251,0.0250,0.4776
05-JAN-2026,KDDL,2349.20,2409.90,-0.0255,0.0262,0.0262,0.5006
05-JAN-2026,KEC,752.75,746.85,0.0079,0.0244,0.0244,0.4662
05-JAN-2026,KECL,102.00,105.15,-0.0304,0.0281,0.0281,0.5368
05-JAN-2026,KEEPLEARN,2.49,2.46,0.0121,0.0339,0.0338,0.6457
05-JAN-2026,KEI,4528.85,4529.45,-0.0001,0.0234,0.0233,0.4451
05-JAN-2026,KELLTONTEC,18.39,18.95,-0.0300,0.0324,0.0324,0.6190
05-JAN-2026,KERNEX,1331.80,1250.80,0.0627,0.0341,0.0343,0.6553
05-JAN-2026,KESORAMIND,11.35,11.94,-0.0507,0.0337,0.0338,0.6457
05-JAN-2026,KEYFINSERV,316.45,315.80,0.0021,0.0455,0.0454,0.8674
05-JAN-2026,KFINTECH,1090.00,1082.00,0.0074,0.0270,0.0269,0.5139
05-JAN-2026,KHADIM,180.70,184.80,-0.0224,0.0285,0.0285,0.5445
05-JAN-2026,KHAICHEM,76.54,78.32,-0.0230,0.0298,0.0298,0.5693
05-JAN-2026,KHAITANLTD,103.10,104.00,-0.0087,0.0319,0.0318,0.6075
05-JAN-2026,KHANDSE,20.65,21.42,-0.0366,0.0316,0.0317,0.6056
05-JAN-2026,KICL,5012.80,5008.45,0.0009,0.0245,0.0244,0.4662
05-JAN-2026,KILITCH,352.65,360.40,-0.0217,0.0244,0.0244,0.4662
05-JAN-2026,KIMS,653.55,632.25,0.0331,0.0177,0.0178,0.3401
05-JAN-2026,KINGFA,4439.15,4436.00,0.0007,0.0274,0.0273,0.5216
05-JAN-2026,KIOCL,386.45,402.75,-0.0413,0.0391,0.0391,0.7470
05-JAN-2026,KIRIINDUS,586.30,616.05,-0.0495,0.0316,0.0317,0.6056
05-JAN-2026,KIRLOSBROS,1647.35,1645.20,0.0013,0.0283,0.0282,0.5388
05-JAN-2026,KIRLOSENG,1254.30,1261.10,-0.0054,0.0269,0.0268,0.5120
05-JAN-2026,KIRLOSIND,3203.35,3242.90,-0.0123,0.0222,0.0222,0.4241
05-JAN-2026,KIRLPNU,1046.85,1058.55,-0.0111,0.0259,0.0259,0.4948
05-JAN-2026,KITEX,175.35,182.70,-0.0411,0.0342,0.0343,0.6553
05-JAN-2026,KKCL,476.00,483.95,-0.0166,0.0196,0.0196,0.3745
05-JAN-2026,KMEW,1840.45,1888.30,-0.0257,0.0352,0.0352,0.6725
05-JAN-2026,KMSUGAR,27.42,27.23,0.0070,0.0220,0.0219,0.4184
05-JAN-2026,KNAGRI,198.30,199.72,-0.0071,0.0069,0.0069,0.1318
05-JAN-2026,KNRCON,157.25,161.05,-0.0239,0.0228,0.0228,0.4356
05-JAN-2026,KOHINOOR,26.74,26.82,-0.0030,0.0267,0.0266,0.5082
05-JAN-2026,KOKUYOCMLN,91.88,92.11,-0.0025,0.0221,0.0220,0.4203
05-JAN-2026,KOLTEPATIL,396.30,393.00,0.0084,0.0223,0.0222,0.4241
05-JAN-2026,KOPRAN,147.85,152.10,-0.0283,0.0289,0.0289,0.5521
05-JAN-2026,KOTAKBANK,2190.90,2195.10,-0.0019,0.0133,0.0132,0.2522
05-JAN-2026,KOTARISUG,27.10,27.50,-0.0147,0.0242,0.0242,0.4623
05-JAN-2026,KOTHARIPET,128.29,132.24,-0.0303,0.0265,0.0266,0.5082
05-JAN-2026,KOTHARIPRO,74.07,75.18,-0.0149,0.0308,0.0308,0.5884
05-JAN-2026,KPEL,346.75,357.50,-0.0305,0.0302,0.0302,0.5770
05-JAN-2026,KPIGREEN,491.10,485.15,0.0122,0.0304,0.0303,0.5789
05-JAN-2026,KPIL,1199.50,1196.95,0.0021,0.0210,0.0209,0.3993
05-JAN-2026,KPITTECH,1151.00,1167.55,-0.0143,0.0222,0.0222,0.4241
05-JAN-2026,KPRMILL,903.05,909.75,-0.0074,0.0224,0.0224,0.4280
05-JAN-2026,KRBL,384.95,396.40,-0.0293,0.0244,0.0244,0.4662
05-JAN-2026,KREBSBIO,69.56,70.98,-0.0202,0.0303,0.0303,0.5789
05-JAN-2026,KRIDHANINF,4.28,4.35,-0.0162,0.0346,0.0345,0.6591
05-JAN-2026,KRISHANA,523.55,527.90,-0.0083,0.0267,0.0267,0.5101
05-JAN-2026,KRISHIVAL,359.80,351.20,0.0242,0.0169,0.0169,0.3229
05-JAN-2026,KRISHNADEF,862.60,812.65,0.0597,0.0021,0.0047,0.0898
05-JAN-2026,KRITI,81.22,80.04,0.0146,0.0308,0.0308,0.5884
05-JAN-2026,KRITIKA,7.35,7.33,0.0027,0.0261,0.0260,0.4967
05-JAN-2026,KRITINUT,79.97,77.20,0.0353,0.0301,0.0301,0.5751
05-JAN-2026,KRN,758.35,770.20,-0.0155,0.0267,0.0267,0.5101
05-JAN-2026,KRONOX,139.60,141.80,-0.0156,0.0222,0.0222,0.4241
05-JAN-2026,KROSS,201.55,204.90,-0.0165,0.0278,0.0278,0.5311
05-JAN-2026,KRSNAA,747.05,733.45,0.0184,0.0223,0.0223,0.4260
05-JAN-2026,KRT,125.13,124.37,0.0061,0.0065,0.0065,0.1242
05-JAN-2026,KRYSTAL,513.10,524.80,-0.0225,0.0244,0.0244,0.4662
05-JAN-2026,KSB,756.90,753.05,0.0051,0.0187,0.0187,0.3573
05-JAN-2026,KSCL,965.75,973.50,-0.0080,0.0251,0.0251,0.4795
05-JAN-2026,KSHINTL,365.35,373.50,-0.0221,0.0069,0.0070,0.1337
05-JAN-2026,KSHITIJPOL,2.56,2.61,-0.0193,0.0279,0.0279,0.5330
05-JAN-2026,KSL,745.60,759.90,-0.0190,0.0240,0.0239,0.4566
05-JAN-2026,KSOLVES,286.50,290.00,-0.0121,0.0252,0.0251,0.4795
05-JAN-2026,KSR,26.64,23.91,0.1081,0.0255,0.0266,0.5082
05-JAN-2026,KTKBANK,201.25,200.00,0.0062,0.0189,0.0188,0.3592
05-JAN-2026,KUANTUM,94.17,93.34,0.0089,0.0218,0.0218,0.4165
05-JAN-2026,LAFFANSOFT,10.00,10.00,0.0000,0.0000,0.0000,0.0000
05-JAN-2026,LAGNAM,73.99,73.47,0.0071,0.0307,0.0306,0.5846
05-JAN-2026,LAKPRE,5.21,5.00,0.0411,0.0433,0.0433,0.8272
05-JAN-2026,LAL,9.10,8.98,0.0133,0.0266,0.0265,0.5063
05-JAN-2026,LALPATHLAB,1502.10,1474.15,0.0188,0.0168,0.0169,0.3229
05-JAN-2026,LAMBODHARA,120.25,120.90,-0.0054,0.0317,0.0316,0.6037
05-JAN-2026,LANCORHOL,26.72,26.33,0.0147,0.0369,0.0368,0.7031
05-JAN-2026,LANDMARK,471.50,476.20,-0.0099,0.0243,0.0242,0.4623
05-JAN-2026,LAOPALA,203.45,204.70,-0.0061,0.0203,0.0203,0.3878
05-JAN-2026,LASA,10.86,11.41,-0.0494,0.0372,0.0373,0.7126
05-JAN-2026,LATENTVIEW,457.25,459.10,-0.0040,0.0224,0.0223,0.4260
05-JAN-2026,LATTEYS,22.00,21.57,0.0197,0.0330,0.0330,0.6305
05-JAN-2026,LAURUSLABS,1103.20,1106.50,-0.0030,0.0197,0.0197,0.3764
05-JAN-2026,LAXMICOT,18.78,19.13,-0.0185,0.0286,0.0285,0.5445
05-JAN-2026,LAXMIDENTL,268.00,270.85,-0.0106,0.0254,0.0254,0.4853
05-JAN-2026,LAXMIINDIA,127.05,127.35,-0.0024,0.0240,0.0239,0.4566
05-JAN-2026,LCCINFOTEC,4.86,4.63,0.0485,0.0371,0.0372,0.7107
05-JAN-2026,LEGEND,1025.55,1025.55,0.0000,0.0006,0.0006,0.0115
05-JAN-2026,LEMERITE,471.00,477.95,-0.0146,0.0093,0.0093,0.1777
05-JAN-2026,LEMONTREE,150.60,154.00,-0.0223,0.0209,0.0209,0.3993
05-JAN-2026,LENSKART,445.25,452.15,-0.0154,0.0128,0.0128,0.2445
05-JAN-2026,LEXUS,25.93,26.13,-0.0077,0.0308,0.0307,0.5865
05-JAN-2026,LFIC,168.81,169.99,-0.0070,0.0299,0.0298,0.5693
05-JAN-2026,LGBBROSLTD,1795.90,1773.10,0.0128,0.0219,0.0219,0.4184
05-JAN-2026,LGEINDIA,1469.50,1483.40,-0.0094,0.0066,0.0066,0.1261
05-JAN-2026,LGHL,332.55,324.60,0.0242,0.0313,0.0313,0.5980
05-JAN-2026,LIBAS,10.90,11.07,-0.0155,0.0264,0.0264,0.5044
05-JAN-2026,LIBERTSHOE,278.15,282.10,-0.0141,0.0269,0.0269,0.5139
05-JAN-2026,LICHSGFIN,539.90,545.55,-0.0104,0.0166,0.0165,0.3152
05-JAN-2026,LICI,846.20,860.90,-0.0172,0.0153,0.0154,0.2942
05-JAN-2026,LICMFGOLD,12317.31,12166.06,0.0124,0.0147,0.0147,0.2808
05-JAN-2026,LICNETFGSC,28.66,28.71,-0.0017,0.0036,0.0036,0.0688
05-JAN-2026,LICNETFN50,291.78,292.28,-0.0017,0.0085,0.0085,0.1624
05-JAN-2026,LICNETFSEN,956.98,958.85,-0.0020,0.0119,0.0119,0.2273
05-JAN-2026,LICNFNHGP,291.87,292.33,-0.0016,0.0120,0.0119,0.2273
05-JAN-2026,LICNMID100,61.46,61.50,-0.0007,0.0134,0.0134,0.2560
05-JAN-2026,LIKHITHA,187.55,193.45,-0.0310,0.0240,0.0240,0.4585
05-JAN-2026,LINC,122.10,117.35,0.0397,0.0300,0.0300,0.5731
05-JAN-2026,LINCOLN,490.55,497.15,-0.0134,0.0230,0.0229,0.4375
05-JAN-2026,LINDEINDIA,5927.55,5955.50,-0.0047,0.0196,0.0196,0.3745
05-JAN-2026,LIQGRWBEES,1022.78,1022.65,0.0001,0.0001,0.0001,0.0019
05-JAN-2026,LIQUID,999.99,999.99,0.0000,0.0000,0.0000,0.0000
05-JAN-2026,LIQUID1,1085.51,1085.36,0.0001,0.0002,0.0002,0.0038
05-JAN-2026,LIQUIDADD,1107.65,1107.52,0.0001,0.0002,0.0002,0.0038
05-JAN-2026,LIQUIDBEES,999.99,1000.00,-0.0000,0.0001,0.0001,0.0019
05-JAN-2026,LIQUIDBETF,1063.80,1063.68,0.0001,0.0015,0.0014,0.0267
05-JAN-2026,LIQUIDCASE,112.14,112.14,0.0000,0.0003,0.0003,0.0057
05-JAN-2026,LIQUIDETF,1000.00,1000.00,0.0000,0.0000,0.0000,0.0000
05-JAN-2026,LIQUIDIETF,1000.00,999.99,0.0000,0.0002,0.0002,0.0038
05-JAN-2026,LIQUIDPLUS,1066.99,1066.86,0.0001,0.0002,0.0002,0.0038
05-JAN-2026,LIQUIDSBI,999.99,1000.01,-0.0000,0.0001,0.0001,0.0019
05-JAN-2026,LIQUIDSHRI,1086.61,1086.46,0.0001,0.0002,0.0002,0.0038
05-JAN-2026,LLOYDSENGG,56.74,56.14,0.0106,0.0303,0.0303,0.5789
05-JAN-2026,LLOYDSENT,67.89,62.60,0.0811,0.0343,0.0347,0.6629
05-JAN-2026,LLOYDSME,1336.15,1348.90,-0.0095,0.0230,0.0229,0.4375
05-JAN-2026,LMW,15163.90,14951.20,0.0141,0.0167,0.0166,0.3171
05-JAN-2026,LODHA,1120.00,1085.70,0.0311,0.0225,0.0226,0.4318
05-JAN-2026,LOGICINFO,10.00,10.00,0.0000,0.0000,0.0000,0.0000
05-JAN-2026,LOKESHMACH,190.50,169.30,0.1180,0.0342,0.0351,0.6706
05-JAN-2026,LORDSCHLO,163.00,163.10,-0.0006,0.0315,0.0315,0.6018
05-JAN-2026,LOTUSDEV,161.70,166.35,-0.0284,0.0118,0.0119,0.2273
05-JAN-2026,LOTUSEYE,118.60,121.70,-0.0258,0.0291,0.0291,0.5560
05-JAN-2026,LOVABLE,79.16,81.00,-0.0230,0.0234,0.0234,0.4471
05-JAN-2026,LOWVOL,217.19,216.93,0.0012,0.0068,0.0068,0.1299
05-JAN-2026,LOWVOL1,22.07,22.10,-0.0014,0.0080,0.0079,0.1509
05-JAN-2026,LOWVOLIETF,23.31,23.27,0.0017,0.0076,0.0076,0.1452
05-JAN-2026,LOYALTEX,213.50,221.20,-0.0354,0.0301,0.0302,0.5770
05-JAN-2026,LPDC,7.09,7.18,-0.0126,0.0355,0.0354,0.6763
05-JAN-2026,LT,4150.40,4163.40,-0.0031,0.0134,0.0133,0.2541
05-JAN-2026,LTF,320.30,319.75,0.0017,0.0198,0.0198,0.3783
05-JAN-2026,LTFOODS,380.60,390.45,-0.0256,0.0246,0.0246,0.4700
05-JAN-2026,LTGILTBEES,29.14,29.24,-0.0034,0.0019,0.0019,0.0363
05-JAN-2026,LTGILTCASE,29.65,29.71,-0.0020,0.0011,0.0011,0.0210
05-JAN-2026,LTIM,6058.95,6067.00,-0.0013,0.0161,0.0160,0.3057
05-JAN-2026,LTTS,4415.90,4406.60,0.0021,0.0179,0.0178,0.3401
05-JAN-2026,LUMAXIND,5740.05,5340.00,0.0722,0.0255,0.0260,0.4967
05-JAN-2026,LUMAXTECH,1681.95,1655.35,0.0159,0.0320,0.0319,0.6094
05-JAN-2026,LUPIN,2083.65,2105.35,-0.0104,0.0155,0.0155,0.2961
05-JAN-2026,LUXIND,1077.00,1110.90,-0.0310,0.0212,0.0212,0.4050
05-JAN-2026,LXCHEM,165.05,168.10,-0.0183,0.0230,0.0229,0.4375
05-JAN-2026,LYKALABS,83.93,82.38,0.0186,0.0247,0.0246,0.4700
05-JAN-2026,LYPSAGEMS,5.33,5.44,-0.0204,0.0354,0.0353,0.6744
05-JAN-2026,M&M,3790.30,3802.40,-0.0032,0.0165,0.0165,0.3152
05-JAN-2026,M&MFIN,384.20,402.95,-0.0476,0.0198,0.0200,0.3821
05-JAN-2026,MAANALU,157.85,159.85,-0.0126,0.0326,0.0325,0.6209
05-JAN-2026,MACPOWER,1003.40,1019.40,-0.0158,0.0325,0.0325,0.6209
05-JAN-2026,MADHAV,42.50,42.94,-0.0103,0.0262,0.0261,0.4986
05-JAN-2026,MADHUCON,6.00,6.14,-0.0231,0.0305,0.0305,0.5827
05-JAN-2026,MADRASFERT,79.17,80.65,-0.0185,0.0242,0.0242,0.4623
05-JAN-2026,MAFANG,167.72,167.72,0.0000,0.0156,0.0156,0.2980
05-JAN-2026,MAGADSUGAR,495.40,504.60,-0.0184,0.0253,0.0253,0.4834
05-JAN-2026,MAGNUM,22.31,23.02,-0.0313,0.0326,0.0326,0.6228
05-JAN-2026,MAHABANK,64.03,63.93,0.0016,0.0216,0.0215,0.4108
05-JAN-2026,MAHAPEXLTD,102.75,104.40,-0.0159,0.0306,0.0305,0.5827
05-JAN-2026,MAHASTEEL,961.10,1013.25,-0.0528,0.0268,0.0270,0.5158
05-JAN-2026,MAHEPC,134.30,133.05,0.0094,0.0266,0.0265,0.5063
05-JAN-2026,MAHESHWARI,47.36,47.55,-0.0040,0.0209,0.0208,0.3974
05-JAN-2026,MAHKTECH,25.59,25.59,0.0000,0.0235,0.0234,0.4471
05-JAN-2026,MAHLIFE,391.95,395.10,-0.0080,0.0194,0.0193,0.3687
05-JAN-2026,MAHLOG,315.95,317.15,-0.0038,0.0200,0.0199,0.3802
05-JAN-2026,MAHSCOOTER,14222.65,14236.75,-0.0010,0.0212,0.0211,0.4031
05-JAN-2026,MAHSEAMLES,557.80,559.10,-0.0023,0.0209,0.0208,0.3974
05-JAN-2026,MAITHANALL,1009.35,1013.45,-0.0041,0.0210,0.0210,0.4012
05-JAN-2026,MAKEINDIA,159.04,158.21,0.0052,0.0090,0.0090,0.1719
05-JAN-2026,MALLCOM,1189.90,1169.55,0.0173,0.0269,0.0269,0.5139
05-JAN-2026,MALUPAPER,35.26,35.73,-0.0132,0.0311,0.0310,0.5923
05-JAN-2026,MAMATA,420.10,431.95,-0.0278,0.0269,0.0269,0.5139
05-JAN-2026,MANAKALUCO,33.55,30.13,0.1075,0.0350,0.0357,0.6820
05-JAN-2026,MANAKCOAT,132.15,131.50,0.0049,0.0316,0.0315,0.6018
05-JAN-2026,MANAKSIA,63.42,64.82,-0.0218,0.0233,0.0233,0.4451
05-JAN-2026,MANAKSTEEL,70.25,68.74,0.0217,0.0330,0.0330,0.6305
05-JAN-2026,MANALIPETC,62.05,62.87,-0.0131,0.0245,0.0245,0.4681
05-JAN-2026,MANAPPURAM,307.10,311.15,-0.0131,0.0213,0.0213,0.4069
05-JAN-2026,MANBA,139.85,141.95,-0.0149,0.0181,0.0180,0.3439
05-JAN-2026,MANCREDIT,164.70,164.75,-0.0003,0.0183,0.0182,0.3477
05-JAN-2026,MANGALAM,31.84,30.32,0.0489,0.0327,0.0328,0.6266
05-JAN-2026,MANGLMCEM,759.50,762.85,-0.0044,0.0207,0.0207,0.3955
05-JAN-2026,MANINDS,394.45,396.45,-0.0051,0.0320,0.0319,0.6094
05-JAN-2026,MANINFRA,128.55,129.55,-0.0077,0.0229,0.0229,0.4375
05-JAN-2026,MANKIND,2195.00,2202.70,-0.0035,0.0167,0.0167,0.3191
05-JAN-2026,MANOMAY,198.50,205.70,-0.0356,0.0266,0.0266,0.5082
05-JAN-2026,MANORAMA,1340.20,1390.75,-0.0370,0.0286,0.0287,0.5483
05-JAN-2026,MANORG,482.20,480.50,0.0035,0.0285,0.0285,0.5445
05-JAN-2026,MANUFGBEES,156.72,156.30,0.0027,0.0042,0.0042,0.0802
05-JAN-2026,MANUGRAPH,15.97,16.29,-0.0198,0.0324,0.0323,0.6171
05-JAN-2026,MANYAVAR,571.80,579.65,-0.0136,0.0186,0.0186,0.3554
05-JAN-2026,MAPMYINDIA,1718.85,1701.80,0.0100,0.0206,0.0206,0.3936
05-JAN-2026,MARALOVER,42.57,43.94,-0.0317,0.0304,0.0304,0.5808
05-JAN-2026,MARATHON,519.75,529.15,-0.0179,0.0281,0.0281,0.5368
05-JAN-2026,MARBLE,123.35,123.35,0.0000,0.0000,0.0000,0.0000
05-JAN-2026,MARICO,772.80,757.75,0.0197,0.0128,0.0129,0.2465
05-JAN-2026,MARINE,217.66,213.63,0.0187,0.0308,0.0307,0.5865
05-JAN-2026,MARKOLINES,158.50,157.75,0.0047,0.0311,0.0311,0.5942
05-JAN-2026,MARKSANS,182.00,182.15,-0.0008,0.0271,0.0270,0.5158
05-JAN-2026,MARUTI,17155.00,16960.00,0.0114,0.0126,0.0126,0.2407
05-JAN-2026,MASFIN,320.50,325.30,-0.0149,0.0180,0.0179,0.3420
05-JAN-2026,MASKINVEST,151.00,151.00,0.0000,0.0395,0.0394,0.7527
05-JAN-2026,MASPTOP50,71.71,71.71,0.0000,0.0154,0.0154,0.2942
05-JAN-2026,MASTEK,2099.60,2116.20,-0.0079,0.0226,0.0225,0.4299
05-JAN-2026,MASTERTR,115.40,118.25,-0.0244,0.0318,0.0318,0.6075
05-JAN-2026,MATRIMONY,546.65,550.35,-0.0067,0.0194,0.0194,0.3706
05-JAN-2026,MAWANASUG,86.79,87.43,-0.0073,0.0204,0.0203,0.3878
05-JAN-2026,MAXESTATES,448.20,451.90,-0.0082,0.0238,0.0238,0.4547
05-JAN-2026,MAXHEALTH,1050.50,1062.60,-0.0115,0.0202,0.0202,0.3859
05-JAN-2026,MAXIND,186.30,187.80,-0.0080,0.0242,0.0241,0.4604
05-JAN-2026,MAXPLUS,10.00,10.00,0.0000,0.0000,0.0000,0.0000
05-JAN-2026,MAYURUNIQ,491.80,514.20,-0.0445,0.0195,0.0197,0.3764
05-JAN-2026,MAZDA,220.40,223.15,-0.0124,0.0285,0.0284,0.5426
05-JAN-2026,MAZDOCK,2514.75,2494.50,0.0081,0.0285,0.0285,0.5445
05-JAN-2026,MBAPL,433.65,429.80,0.0089,0.0235,0.0234,0.4471
05-JAN-2026,MBEL,374.20,384.25,-0.0265,0.0211,0.0211,0.4031
05-JAN-2026,MBLINFRA,32.04,32.22,-0.0056,0.0333,0.0332,0.6343
05-JAN-2026,MCL,82.85,78.91,0.0487,0.0331,0.0332,0.6343
05-JAN-2026,MCLEODRUSS,47.75,47.96,-0.0044,0.0342,0.0341,0.6515
05-JAN-2026,MCLOUD,25.64,25.90,-0.0101,0.0463,0.0462,0.8826
05-JAN-2026,MCX,2198.95,2215.90,-0.0077,0.0234,0.0234,0.4471
05-JAN-2026,MEDANTA,1237.50,1217.05,0.0167,0.0192,0.0192,0.3668
05-JAN-2026,MEDIA,0.50,0.50,0.0000,0.0001,0.0001,0.0019
05-JAN-2026,MEDIASSIST,458.40,467.70,-0.0201,0.0217,0.0217,0.4146
05-JAN-2026,MEDICAMEQ,368.00,379.25,-0.0301,0.0284,0.0284,0.5426
05-JAN-2026,MEDICO,50.05,50.37,-0.0064,0.0330,0.0329,0.6286
05-JAN-2026,MEDPLUS,832.40,808.25,0.0294,0.0182,0.0183,0.3496
05-JAN-2026,MEESHO,182.50,179.25,0.0180,0.0184,0.0184,0.3515
05-JAN-2026,MEGASOFT,204.15,207.25,-0.0151,0.0347,0.0346,0.6610
05-JAN-2026,MEGASTAR,232.00,233.25,-0.0054,0.0293,0.0292,0.5579
05-JAN-2026,MEIL,371.20,375.80,-0.0123,0.0128,0.0128,0.2445
05-JAN-2026,MENONBE,114.40,111.95,0.0216,0.0216,0.0216,0.4127
05-JAN-2026,MEP,1.82,1.84,-0.0109,0.0288,0.0287,0.5483
05-JAN-2026,MEPL,10.10,10.10,0.0000,0.0000,0.0000,0.0000
05-JAN-2026,METAL,11.56,11.48,0.0069,0.0127,0.0126,0.2407
05-JAN-2026,METALIETF,11.55,11.48,0.0061,0.0117,0.0117,0.2235
05-JAN-2026,METROBRAND,1194.30,1179.85,0.0122,0.0195,0.0195,0.3725
05-JAN-2026,METROPOLIS,2050.50,1932.90,0.0591,0.0181,0.0185,0.3534
05-JAN-2026,MFML,24.47,24.70,-0.0094,0.0319,0.0319,0.6094
05-JAN-2026,MFSL,1703.70,1671.00,0.0194,0.0154,0.0154,0.2942
05-JAN-2026,MGEL,14.13,14.14,-0.0007,0.0331,0.0331,0.6324
05-JAN-2026,MGL,1121.00,1141.95,-0.0185,0.0202,0.0202,0.3859
05-JAN-2026,MGLFL,10.00,10.00,0.0000,0.0000,0.0000,0.0000
05-JAN-2026,MHLXMIRU,205.45,206.30,-0.0041,0.0292,0.0291,0.5560
05-JAN-2026,MHRIL,306.55,308.05,-0.0049,0.0175,0.0174,0.3324
05-JAN-2026,MICEL,43.45,44.82,-0.0310,0.0380,0.0379,0.7241
05-JAN-2026,MID150,22.85,22.92,-0.0031,0.0119,0.0119,0.2273
05-JAN-2026,MID150BEES,232.94,232.35,0.0025,0.0094,0.0094,0.1796
05-JAN-2026,MID150CASE,11.27,11.27,0.0000,0.0083,0.0083,0.1586
05-JAN-2026,MIDCAP,178.61,178.13,0.0027,0.0100,0.0100,0.1910
05-JAN-2026,MIDCAPADD,22.53,22.52,0.0004,0.0063,0.0063,0.1204
05-JAN-2026,MIDCAPBETA,227.33,228.37,-0.0046,0.0119,0.0119,0.2273
05-JAN-2026,MIDCAPETF,22.94,23.00,-0.0026,0.0097,0.0097,0.1853
05-JAN-2026,MIDCAPIETF,23.28,23.26,0.0009,0.0093,0.0093,0.1777
05-JAN-2026,MIDHANI,350.90,355.30,-0.0125,0.0273,0.0273,0.5216
05-JAN-2026,MIDQ50ADD,248.01,248.71,-0.0028,0.0087,0.0087,0.1662
05-JAN-2026,MIDSELIETF,18.75,18.77,-0.0011,0.0113,0.0113,0.2159
05-JAN-2026,MIDSMALL,48.15,48.11,0.0008,0.0102,0.0102,0.1949
05-JAN-2026,MIDWESTLTD,1712.90,1711.50,0.0008,0.0191,0.0191,0.3649
05-JAN-2026,MILIND,69.95,69.95,0.0000,0.0000,0.0000,0.0000
05-JAN-2026,MINDACORP,603.00,602.55,0.0007,0.0214,0.0213,0.4069
05-JAN-2026,MINDSPACE,489.94,474.41,0.0322,0.0099,0.0101,0.1930
05-JAN-2026,MINDTECK,214.55,220.35,-0.0267,0.0354,0.0354,0.6763
05-JAN-2026,MIRCELECTR,31.74,28.85,0.0955,0.0370,0.0376,0.7183
05-JAN-2026,MIRZAINT,36.90,37.10,-0.0054,0.0274,0.0273,0.5216
05-JAN-2026,MITCON,66.64,66.88,-0.0036,0.0307,0.0306,0.5846
05-JAN-2026,MITTAL,1.11,1.13,-0.0179,0.0267,0.0267,0.5101
05-JAN-2026,MKPL,6.01,5.96,0.0084,0.0272,0.0272,0.5197
05-JAN-2026,MMFL,432.55,394.45,0.0922,0.0225,0.0233,0.4451
05-JAN-2026,MMP,270.70,271.95,-0.0046,0.0253,0.0252,0.4814
05-JAN-2026,MMTC,67.48,67.30,0.0027,0.0299,0.0299,0.5712
05-JAN-2026,MNC,31.69,31.53,0.0051,0.0080,0.0080,0.1528
05-JAN-2026,MOALPHA50,50.58,50.60,-0.0004,0.0053,0.0053,0.1013
05-JAN-2026,MOBIKWIK,228.60,228.60,0.0000,0.0297,0.0296,0.5655
05-JAN-2026,MOCAPITAL,47.17,46.90,0.0057,0.0120,0.0119,0.2273
05-JAN-2026,MODEFENCE,87.23,85.49,0.0201,0.0148,0.0149,0.2847
05-JAN-2026,MODINATUR,351.00,356.65,-0.0160,0.0041,0.0042,0.0802
05-JAN-2026,MODIRUBBER,134.10,141.15,-0.0512,0.0372,0.0373,0.7126
05-JAN-2026,MODIS,337.15,339.05,-0.0056,0.0263,0.0263,0.5025
05-JAN-2026,MODISONLTD,159.10,160.45,-0.0084,0.0289,0.0288,0.5502
05-JAN-2026,MODTHREAD,44.61,44.01,0.0135,0.0634,0.0632,1.2074
05-JAN-2026,MOENERGY,36.13,36.26,-0.0036,0.0039,0.0039,0.0745
05-JAN-2026,MOGOLD,133.95,134.75,-0.0060,0.0099,0.0099,0.1891
05-JAN-2026,MOGSEC,62.88,62.64,0.0038,0.0050,0.0050,0.0955
05-JAN-2026,MOHEALTH,44.61,44.50,0.0025,0.0090,0.0090,0.1719
05-JAN-2026,MOHITIND,28.91,29.04,-0.0045,0.0286,0.0285,0.5445
05-JAN-2026,MOIL,367.50,375.20,-0.0207,0.0248,0.0247,0.4719
05-JAN-2026,MOINFRA,61.09,61.38,-0.0047,0.0062,0.0062,0.1185
05-JAN-2026,MOIPO,46.30,46.54,-0.0052,0.0033,0.0033,0.0630
05-JAN-2026,MOKSH,15.30,14.51,0.0530,0.0299,0.0301,0.5751
05-JAN-2026,MOL,63.63,64.74,-0.0173,0.0232,0.0232,0.4432
05-JAN-2026,MOLDTECH,146.75,151.20,-0.0299,0.0282,0.0282,0.5388
05-JAN-2026,MOLDTKPAC,604.50,615.40,-0.0179,0.0201,0.0201,0.3840
05-JAN-2026,MOLIND,3.20,3.20,0.0000,0.0000,0.0000,0.0000
05-JAN-2026,MOLOWVOL,39.31,39.11,0.0051,0.0075,0.0075,0.1433
05-JAN-2026,MOM100,65.84,66.01,-0.0026,0.0099,0.0099,0.1891
05-JAN-2026,MOM30IETF,32.18,32.14,0.0012,0.0103,0.0103,0.1968
05-JAN-2026,MOM50,272.13,273.60,-0.0054,0.0071,0.0071,0.1356
05-JAN-2026,MOMENTUM,31.95,32.00,-0.0016,0.0098,0.0098,0.1872
05-JAN-2026,MOMENTUM30,31.65,31.62,0.0009,0.0051,0.0051,0.0974
05-JAN-2026,MOMENTUM50,52.73,52.85,-0.0023,0.0098,0.0097,0.1853
05-JAN-2026,MOMGF,155.89,155.12,0.0050,0.0162,0.0161,0.3076
05-JAN-2026,MOMIDMTM,63.69,63.72,-0.0005,0.0052,0.0052,0.0993
05-JAN-2026,MOMNC,30.86,30.65,0.0068,0.0020,0.0020,0.0382
05-JAN-2026,MOMOMENTUM,63.94,63.95,-0.0002,0.0104,0.0103,0.1968
05-JAN-2026,MON100,235.00,234.86,0.0006,0.0131,0.0131,0.2503
05-JAN-2026,MON50EQUAL,34.03,33.86,0.0050,0.0045,0.0045,0.0860
05-JAN-2026,MONARCH,308.75,313.05,-0.0138,0.0229,0.0229,0.4375
05-JAN-2026,MONEXT50,70.09,69.77,0.0046,0.0051,0.0051,0.0974
05-JAN-2026,MONEYBOXX,60.81,61.81,-0.0163,0.0246,0.0246,0.4700
05-JAN-2026,MONIFTY100,27.00,26.97,0.0011,0.0031,0.0031,0.0592
05-JAN-2026,MONIFTY500,24.49,24.50,-0.0004,0.0076,0.0076,0.1452
05-JAN-2026,MONQ50,98.32,99.37,-0.0106,0.0148,0.0148,0.2828
05-JAN-2026,MONTECARLO,651.25,643.15,0.0125,0.0222,0.0222,0.4241
05-JAN-2026,MOPSE,102.50,102.58,-0.0008,0.0057,0.0057,0.1089
05-JAN-2026,MOQUALITY,200.37,200.02,0.0017,0.0098,0.0098,0.1872
05-JAN-2026,MORARJEE,7.43,7.62,-0.0253,0.0351,0.0350,0.6687
05-JAN-2026,MOREALTY,91.53,89.69,0.0203,0.0143,0.0144,0.2751
05-JAN-2026,MOREPENLAB,41.26,42.03,-0.0185,0.0270,0.0270,0.5158
05-JAN-2026,MOSCHIP,210.10,211.05,-0.0045,0.0341,0.0340,0.6496
05-JAN-2026,MOSERVICE,33.87,34.05,-0.0053,0.0018,0.0018,0.0344
05-JAN-2026,MOSILVER,232.62,228.98,0.0158,0.0165,0.0165,0.3152
05-JAN-2026,MOSMALL250,16.87,16.84,0.0018,0.0099,0.0099,0.1891
05-JAN-2026,MOTHERSON,121.80,122.05,-0.0021,0.0199,0.0199,0.3802
05-JAN-2026,MOTILALOFS,855.95,866.65,-0.0124,0.0277,0.0276,0.5273
05-JAN-2026,MOTISONS,13.95,14.59,-0.0449,0.0272,0.0273,0.5216
05-JAN-2026,MOTOGENFIN,22.90,23.18,-0.0122,0.0294,0.0293,0.5598
05-JAN-2026,MOTOUR,85.20,86.39,-0.0139,0.0061,0.0061,0.1165
05-JAN-2026,MOVALUE,118.99,118.82,0.0014,0.0113,0.0112,0.2140
05-JAN-2026,MPHASIS,2801.85,2807.20,-0.0019,0.0185,0.0185,0.3534
05-JAN-2026,MPSLTD,1965.30,1985.80,-0.0104,0.0282,0.0281,0.5368
05-JAN-2026,MRF,150407.35,150691.55,-0.0019,0.0133,0.0133,0.2541
05-JAN-2026,MRPL,149.35,151.30,-0.0130,0.0273,0.0272,0.5197
05-JAN-2026,MSCIADD,31.04,31.14,-0.0032,0.0022,0.0022,0.0420
05-JAN-2026,MSCIINDIA,31.38,31.35,0.0010,0.0065,0.0065,0.1242
05-JAN-2026,MSPL,36.51,37.02,-0.0139,0.0282,0.0281,0.5368
05-JAN-2026,MSTCLTD,529.65,528.30,0.0026,0.0267,0.0266,0.5082
05-JAN-2026,MSUMI,52.05,49.85,0.0432,0.0173,0.0175,0.3343
05-JAN-2026,MTARTECH,2474.20,2372.25,0.0421,0.0261,0.0262,0.5006
05-JAN-2026,MTEDUCARE,1.73,1.72,0.0058,0.0311,0.0310,0.5923
05-JAN-2026,MTNL,36.62,36.77,-0.0041,0.0302,0.0301,0.5751
05-JAN-2026,MUFIN,118.25,118.80,-0.0046,0.0294,0.0293,0.5598
05-JAN-2026,MUFTI,98.40,100.20,-0.0181,0.0273,0.0273,0.5216
05-JAN-2026,MUKANDLTD,137.25,138.80,-0.0112,0.0273,0.0272,0.5197
05-JAN-2026,MUKKA,23.81,24.04,-0.0096,0.0205,0.0205,0.3917
05-JAN-2026,MUKTAARTS,68.39,62.98,0.0824,0.0265,0.0271,0.5177
05-JAN-2026,MULTICAP,16.72,16.73,-0.0006,0.0074,0.0074,0.1414
05-JAN-2026,MUNJALAU,82.11,83.45,-0.0162,0.0258,0.0258,0.4929
05-JAN-2026,MUNJALSHOW,123.10,125.40,-0.0185,0.0220,0.0220,0.4203
05-JAN-2026,MURUDCERA,35.05,35.13,-0.0023,0.0254,0.0253,0.4834
05-JAN-2026,MUTHOOTCAP,279.65,278.80,0.0030,0.0234,0.0234,0.4471
05-JAN-2026,MUTHOOTFIN,3921.05,3821.00,0.0258,0.0186,0.0186,0.3554
05-JAN-2026,MUTHOOTMF,188.00,176.45,0.0634,0.0218,0.0223,0.4260
05-JAN-2026,MVGJL,182.00,183.45,-0.0079,0.0274,0.0273,0.5216
05-JAN-2026,MWL,271.40,272.55,-0.0042,0.0147,0.0147,0.2808
05-JAN-2026,NACLIND,171.50,167.95,0.0209,0.0364,0.0363,0.6935
05-JAN-2026,NAGAFERT,5.16,5.37,-0.0399,0.0287,0.0288,0.5502
05-JAN-2026,NAGREEKCAP,28.69,27.48,0.0431,0.0350,0.0351,0.6706
05-JAN-2026,NAGREEKEXP,25.90,25.65,0.0097,0.0347,0.0346,0.6610
05-JAN-2026,NAHARCAP,256.80,259.10,-0.0089,0.0226,0.0225,0.4299
05-JAN-2026,NAHARINDUS,110.70,110.65,0.0005,0.0243,0.0242,0.4623
05-JAN-2026,NAHARPOLY,240.00,238.40,0.0067,0.0298,0.0297,0.5674
05-JAN-2026,NAHARSPING,195.85,194.55,0.0067,0.0241,0.0240,0.4585
05-JAN-2026,NAM-INDIA,899.65,892.30,0.0082,0.0231,0.0230,0.4394
05-JAN-2026,NANDINI,14.00,14.00,0.0000,0.0000,0.0000,0.0000
05-JAN-2026,NARMADA,23.62,22.50,0.0486,0.0284,0.0285,0.5445
05-JAN-2026,NATCAPSUQ,190.65,197.65,-0.0361,0.0326,0.0326,0.6228
05-JAN-2026,NATCOPHARM,906.10,893.10,0.0145,0.0236,0.0236,0.4509
05-JAN-2026,NATHBIOGEN,157.25,161.10,-0.0242,0.0218,0.0218,0.4165
05-JAN-2026,NATIONALUM,330.80,330.30,0.0015,0.0244,0.0244,0.4662
05-JAN-2026,NAUKRI,1343.20,1367.70,-0.0181,0.0187,0.0187,0.3573
05-JAN-2026,NAVA,583.25,583.25,0.0000,0.0269,0.0268,0.5120
05-JAN-2026,NAVINFLUOR,5937.40,5903.00,0.0058,0.0202,0.0202,0.3859
05-JAN-2026,NAVKARCORP,98.54,101.33,-0.0279,0.0315,0.0314,0.5999
05-JAN-2026,NAVKARURB,1.83,1.76,0.0390,0.0288,0.0289,0.5521
05-JAN-2026,NAVNETEDUL,154.05,147.65,0.0424,0.0190,0.0192,0.3668
05-JAN-2026,NAZARA,287.85,285.15,0.0094,0.0245,0.0245,0.4681
05-JAN-2026,NBCC,119.65,122.65,-0.0248,0.0262,0.0262,0.5006
05-JAN-2026,NBIFIN,2251.10,2232.90,0.0081,0.0242,0.0242,0.4623
05-JAN-2026,NCC,158.65,161.50,-0.0178,0.0231,0.0231,0.4413
05-JAN-2026,NCCL,12.10,12.10,0.0000,0.0000,0.0000,0.0000
05-JAN-2026,NCLIND,208.75,207.50,0.0060,0.0182,0.0182,0.3477
05-JAN-2026,NDGL,2827.10,2804.00,0.0082,0.0245,0.0244,0.4662
05-JAN-2026,NDL,2.92,2.96,-0.0136,0.0264,0.0263,0.5025
05-JAN-2026,NDLVENTURE,91.71,89.89,0.0200,0.0324,0.0323,0.6171
05-JAN-2026,NDRAUTO,813.15,821.65,-0.0104,0.0327,0.0326,0.6228
05-JAN-2026,NDRINVIT,128.00,128.00,0.0000,0.0069,0.0069,0.1318
05-JAN-2026,NDTV,99.52,100.26,-0.0074,0.0281,0.0280,0.5349
05-JAN-2026,NECCLTD,18.48,18.63,-0.0081,0.0280,0.0280,0.5349
05-JAN-2026,NECLIFE,19.11,20.06,-0.0485,0.0402,0.0403,0.7699
05-JAN-2026,NELCAST,104.90,105.65,-0.0071,0.0312,0.0311,0.5942
05-JAN-2026,NELCO,719.10,729.60,-0.0145,0.0267,0.0266,0.5082
05-JAN-2026,NEOGEN,1144.80,1154.50,-0.0084,0.0282,0.0282,0.5388
05-JAN-2026,NEPACL,9.30,9.30,0.0000,0.0000,0.0000,0.0000
05-JAN-2026,NEPHROPLUS,479.90,474.40,0.0115,0.0062,0.0062,0.1185
05-JAN-2026,NESCO,1253.30,1245.95,0.0059,0.0209,0.0208,0.3974
05-JAN-2026,NESTLEIND,1314.60,1279.70,0.0269,0.0118,0.0120,0.2293
05-JAN-2026,NETF,284.05,283.86,0.0007,0.0077,0.0077,0.1471
05-JAN-2026,NETWEB,3274.75,3024.15,0.0796,0.0349,0.0353,0.6744
05-JAN-2026,NETWORK18,43.95,43.78,0.0039,0.0258,0.0257,0.4910
05-JAN-2026,NEUEON,8.06,7.68,0.0483,0.0520,0.0520,0.9935
05-JAN-2026,NEULANDLAB,15040.00,15275.55,-0.0155,0.0307,0.0307,0.5865
05-JAN-2026,NEWAGE,10.00,10.00,0.0000,0.0000,0.0000,0.0000
05-JAN-2026,NEWERA,8.50,8.50,0.0000,0.0027,0.0027,0.0516
05-JAN-2026,NEWGEN,833.20,840.10,-0.0082,0.0300,0.0299,0.5712
05-JAN-2026,NEXT30ADD,41.49,41.42,0.0017,0.0074,0.0073,0.1395
05-JAN-2026,NEXT50,721.97,723.09,-0.0016,0.0101,0.0101,0.1930
05-JAN-2026,NEXT50BETA,75.49,75.41,0.0011,0.0100,0.0099,0.1891
05-JAN-2026,NEXT50IETF,73.86,73.77,0.0012,0.0093,0.0093,0.1777
05-JAN-2026,NEXTMEDIA,6.01,6.10,-0.0149,0.0276,0.0275,0.5254
05-JAN-2026,NFL,89.79,91.66,-0.0206,0.0240,0.0240,0.4585
05-JAN-2026,NGIL,29.64,29.95,-0.0104,0.0298,0.0297,0.5674
05-JAN-2026,NGLFINE,1424.85,1408.10,0.0118,0.0291,0.0290,0.5540
05-JAN-2026,NH,1901.25,1921.05,-0.0104,0.0205,0.0205,0.3917
05-JAN-2026,NHIT,148.00,148.00,0.0000,0.0058,0.0058,0.1108
05-JAN-2026,NHPC,83.66,83.62,0.0005,0.0190,0.0189,0.3611
05-JAN-2026,NIACL,154.50,157.05,-0.0164,0.0260,0.0260,0.4967
05-JAN-2026,NIBE,1296.75,1237.00,0.0472,0.0322,0.0323,0.6171
05-JAN-2026,NIBL,33.85,36.38,-0.0721,0.0387,0.0389,0.7432
05-JAN-2026,NIF100BEES,283.96,284.41,-0.0016,0.0069,0.0069,0.1318
05-JAN-2026,NIF100IETF,29.83,29.85,-0.0007,0.0070,0.0070,0.1337
05-JAN-2026,NIFTY1,289.49,289.23,0.0009,0.0066,0.0066,0.1261
05-JAN-2026,NIFTY100EW,34.67,34.50,0.0049,0.0066,0.0066,0.1261
05-JAN-2026,NIFTYADD,274.48,275.07,-0.0021,0.0155,0.0155,0.2961
05-JAN-2026,NIFTYBEES,296.41,297.55,-0.0038,0.0067,0.0067,0.1280
05-JAN-2026,NIFTYBETA,288.56,289.61,-0.0036,0.0070,0.0069,0.1318
05-JAN-2026,NIFTYBETF,268.34,269.00,-0.0025,0.0073,0.0073,0.1395
05-JAN-2026,NIFTYCASE,10.43,10.47,-0.0038,0.0021,0.0021,0.0401
05-JAN-2026,NIFTYETF,283.42,284.31,-0.0031,0.0072,0.0072,0.1376
05-JAN-2026,NIFTYIETF,295.28,296.01,-0.0025,0.0069,0.0069,0.1318
05-JAN-2026,NIFTYQLITY,22.30,22.26,0.0018,0.0080,0.0080,0.1528
05-JAN-2026,NIITLTD,91.26,92.65,-0.0151,0.0286,0.0285,0.5445
05-JAN-2026,NIITMTS,409.60,414.10,-0.0109,0.0214,0.0214,0.4088
05-JAN-2026,NILAINFRA,9.48,9.62,-0.0147,0.0290,0.0289,0.5521
05-JAN-2026,NILASPACES,15.85,16.10,-0.0156,0.0313,0.0313,0.5980
05-JAN-2026,NILKAMAL,1415.00,1406.45,0.0061,0.0142,0.0142,0.2713
05-JAN-2026,NINSYS,390.35,398.50,-0.0207,0.0228,0.0228,0.4356
05-JAN-2026,NIPPOBATRY,395.00,413.65,-0.0461,0.0217,0.0218,0.4165
05-JAN-2026,NIRAJ,38.89,39.24,-0.0090,0.0377,0.0376,0.7183
05-JAN-2026,NIRAJISPAT,201.46,201.46,0.0000,0.0270,0.0270,0.5158
05-JAN-2026,NITCO,99.27,99.14,0.0013,0.0292,0.0291,0.5560
05-JAN-2026,NITINSPIN,317.00,320.15,-0.0099,0.0226,0.0226,0.4318
05-JAN-2026,NITIRAJ,180.27,186.60,-0.0345,0.0313,0.0313,0.5980
05-JAN-2026,NIVABUPA,74.97,75.16,-0.0025,0.0198,0.0197,0.3764
05-JAN-2026,NKIND,66.78,69.22,-0.0359,0.0353,0.0353,0.6744
05-JAN-2026,NKTEXTILE,10.00,10.00,0.0000,0.0000,0.0000,0.0000
05-JAN-2026,NLCINDIA,270.00,272.00,-0.0074,0.0240,0.0240,0.4585
05-JAN-2026,NMDC,83.91,84.53,-0.0074,0.0193,0.0192,0.3668
05-JAN-2026,NOCIL,148.80,152.00,-0.0213,0.0212,0.0212,0.4050
05-JAN-2026,NOIDATOLL,4.01,4.11,-0.0246,0.0322,0.0321,0.6133
05-JAN-2026,NORBTEAEXP,97.52,99.51,-0.0202,0.0291,0.0290,0.5540
05-JAN-2026,NORTHARC,257.50,259.45,-0.0075,0.0227,0.0227,0.4337
05-JAN-2026,NOVAAGRI,39.19,39.81,-0.0157,0.0233,0.0233,0.4451
05-JAN-2026,NPBET,297.30,297.72,-0.0014,0.0090,0.0089,0.1700
05-JAN-2026,NPST,1392.70,1409.90,-0.0123,0.0202,0.0202,0.3859
05-JAN-2026,NRAIL,458.50,476.00,-0.0375,0.0322,0.0322,0.6152
05-JAN-2026,NRBBEARING,268.50,269.05,-0.0020,0.0229,0.0228,0.4356
05-JAN-2026,NRL,56.82,56.80,0.0004,0.0303,0.0303,0.5789
05-JAN-2026,NSIL,6495.60,6545.05,-0.0076,0.0255,0.0255,0.4872
05-JAN-2026,NSLNISP,45.02,45.69,-0.0148,0.0250,0.0249,0.4757
05-JAN-2026,NTPC,350.60,352.10,-0.0043,0.0141,0.0141,0.2694
05-JAN-2026,NTPCGREEN,96.01,97.11,-0.0114,0.0158,0.0158,0.3019
05-JAN-2026,NUCLEUS,918.65,920.25,-0.0017,0.0245,0.0244,0.4662
05-JAN-2026,NURECA,298.25,302.70,-0.0148,0.0321,0.0321,0.6133
05-JAN-2026,NUVAMA,1492.90,1468.20,0.0167,0.0253,0.0253,0.4834
05-JAN-2026,NUVOCO,355.40,356.55,-0.0032,0.0174,0.0174,0.3324
05-JAN-2026,NV20,155.64,155.28,0.0023,0.0106,0.0106,0.2025
05-JAN-2026,NV20BEES,155.71,155.50,0.0013,0.0072,0.0072,0.1376
05-JAN-2026,NV20IETF,15.14,15.18,-0.0026,0.0070,0.0070,0.1337
05-JAN-2026,NXST,162.07,159.70,0.0147,0.0105,0.0105,0.2006
05-JAN-2026,NXT-INFRA,100.05,100.05,0.0000,0.0055,0.0055,0.1051
05-JAN-2026,NYKAA,269.55,264.90,0.0174,0.0185,0.0185,0.3534
05-JAN-2026,OAL,286.05,289.90,-0.0134,0.0283,0.0282,0.5388
05-JAN-2026,OBCL,55.00,55.10,-0.0018,0.0231,0.0231,0.4413
05-JAN-2026,OBEROIRLTY,1739.95,1730.00,0.0057,0.0190,0.0190,0.3630
05-JAN-2026,OCCLLTD,101.40,102.00,-0.0059,0.0282,0.0282,0.5388
05-JAN-2026,ODIGMA,31.72,32.04,-0.0100,0.0239,0.0238,0.4547
05-JAN-2026,OEGIL,25.70,25.70,0.0000,0.0006,0.0006,0.0115
05-JAN-2026,OFSS,7677.00,7731.55,-0.0071,0.0200,0.0199,0.3802
05-JAN-2026,OIL,419.90,428.85,-0.0211,0.0211,0.0211,0.4031
05-JAN-2026,OILCOUNTUB,60.58,61.89,-0.0214,0.0283,0.0283,0.5407
05-JAN-2026,OILIETF,12.40,12.55,-0.0120,0.0089,0.0089,0.1700
05-JAN-2026,OLAELEC,43.93,40.89,0.0717,0.0347,0.0350,0.6687
05-JAN-2026,OLECTRA,1240.55,1248.05,-0.0060,0.0264,0.0263,0.5025
05-JAN-2026,OMAXAUTO,103.05,107.75,-0.0446,0.0329,0.0330,0.6305
05-JAN-2026,OMAXE,80.91,79.98,0.0116,0.0309,0.0309,0.5903
05-JAN-2026,OMFREIGHT,92.32,94.63,-0.0247,0.0136,0.0136,0.2598
05-JAN-2026,OMINFRAL,94.85,98.14,-0.0341,0.0287,0.0287,0.5483
05-JAN-2026,OMKARCHEM,6.14,6.07,0.0115,0.0316,0.0316,0.6037
05-JAN-2026,ONELIFECAP,16.01,15.99,0.0013,0.0379,0.0378,0.7222
05-JAN-2026,ONEPOINT,53.23,54.09,-0.0160,0.0314,0.0314,0.5999
05-JAN-2026,ONESOURCE,1796.70,1799.50,-0.0016,0.0198,0.0198,0.3783
05-JAN-2026,ONGC,238.10,241.45,-0.0140,0.0154,0.0154,0.2942
05-JAN-2026,ONMOBILE,58.68,59.36,-0.0115,0.0302,0.0302,0.5770
05-JAN-2026,ONWARDTEC,305.90,303.70,0.0072,0.0291,0.0290,0.5540
05-JAN-2026,OPTIEMUS,510.95,507.05,0.0077,0.0310,0.0309,0.5903
05-JAN-2026,ORBTEXP,195.05,195.20,-0.0008,0.0336,0.0335,0.6400
05-JAN-2026,ORCHASP,3.05,3.09,-0.0130,0.0343,0.0342,0.6534
05-JAN-2026,ORCHPHARMA,785.15,794.65,-0.0120,0.0280,0.0279,0.5330
05-JAN-2026,ORICONENT,59.97,60.02,-0.0008,0.0251,0.0251,0.4795
05-JAN-2026,ORIENTALTL,8.18,8.28,-0.0122,0.0318,0.0317,0.6056
05-JAN-2026,ORIENTBELL,291.55,303.35,-0.0397,0.0276,0.0277,0.5292
05-JAN-2026,ORIENTCEM,175.05,173.75,0.0075,0.0237,0.0236,0.4509
05-JAN-2026,ORIENTCER,51.77,55.06,-0.0616,0.0325,0.0328,0.6266
05-JAN-2026,ORIENTELEC,175.85,176.90,-0.0060,0.0236,0.0235,0.4490
05-JAN-2026,ORIENTHOT,108.55,107.95,0.0055,0.0250,0.0249,0.4757
05-JAN-2026,ORIENTLTD,76.35,77.00,-0.0085,0.0266,0.0265,0.5063
05-JAN-2026,ORIENTPPR,22.63,23.14,-0.0223,0.0244,0.0244,0.4662
05-JAN-2026,ORIENTTECH,440.90,406.90,0.0803,0.0352,0.0356,0.6801
05-JAN-2026,ORISSAMINE,5044.05,5161.60,-0.0230,0.0266,0.0266,0.5082
05-JAN-2026,ORKLAINDIA,617.45,635.40,-0.0287,0.0088,0.0090,0.1719
05-JAN-2026,ORTEL,1.56,1.59,-0.0190,0.0452,0.0451,0.8616
05-JAN-2026,ORTINGLOBE,14.38,14.15,0.0161,0.0348,0.0347,0.6629
05-JAN-2026,OSIAHYPER,15.12,15.58,-0.0300,0.0332,0.0332,0.6343
05-JAN-2026,OSWALAGRO,58.71,58.87,-0.0027,0.0324,0.0323,0.6171
05-JAN-2026,OSWALGREEN,33.68,33.69,-0.0003,0.0289,0.0288,0.5502
05-JAN-2026,OSWALMIN,10.00,10.00,0.0000,0.0000,0.0000,0.0000
05-JAN-2026,OSWALPUMPS,503.35,528.45,-0.0487,0.0181,0.0184,0.3515
05-JAN-2026,OSWALSEEDS,16.98,17.72,-0.0427,0.0308,0.0309,0.5903
05-JAN-2026,PACEDIGITK,189.80,188.95,0.0045,0.0103,0.0103,0.1968
05-JAN-2026,PAGEIND,35550.25,35774.75,-0.0063,0.0145,0.0144,0.2751
05-JAN-2026,PAISALO,35.49,36.30,-0.0226,0.0288,0.0288,0.5502
05-JAN-2026,PAKKA,107.60,108.95,-0.0125,0.0303,0.0303,0.5789
05-JAN-2026,PALASHSECU,107.20,107.25,-0.0005,0.0258,0.0257,0.4910
05-JAN-2026,PALREDTEC,48.57,47.15,0.0297,0.0307,0.0307,0.5865
05-JAN-2026,PANACEABIO,369.90,379.90,-0.0267,0.0330,0.0330,0.6305
05-JAN-2026,PANACHE,334.65,325.45,0.0279,0.0310,0.0310,0.5923
05-JAN-2026,PANAMAPET,299.35,311.55,-0.0399,0.0218,0.0219,0.4184
05-JAN-2026,PANSARI,305.60,300.10,0.0182,0.0301,0.0300,0.5731
05-JAN-2026,PAR,101.13,101.30,-0.0017,0.0304,0.0303,0.5789
05-JAN-2026,PARACABLES,38.32,39.41,-0.0280,0.0279,0.0279,0.5330
05-JAN-2026,PARADEEP,159.70,164.55,-0.0299,0.0300,0.0300,0.5731
05-JAN-2026,PARAGMILK,299.95,304.55,-0.0152,0.0295,0.0295,0.5636
05-JAN-2026,PARAS,702.70,683.75,0.0273,0.0300,0.0300,0.5731
05-JAN-2026,PARASPETRO,2.02,1.96,0.0302,0.0359,0.0359,0.6859
05-JAN-2026,PARKHOSPS,150.00,149.70,0.0020,0.0071,0.0070,0.1337
05-JAN-2026,PARKHOTELS,135.65,135.05,0.0044,0.0223,0.0222,0.4241
05-JAN-2026,PARSVNATH,10.20,10.58,-0.0366,0.0360,0.0360,0.6878
05-JAN-2026,PASHUPATI,813.60,808.80,0.0059,0.0061,0.0061,0.1165
05-JAN-2026,PASUPTAC,49.55,51.30,-0.0347,0.0323,0.0324,0.6190
05-JAN-2026,PATANJALI,572.95,557.05,0.0281,0.0170,0.0170,0.3248
05-JAN-2026,PATELENG,28.70,28.82,-0.0042,0.0259,0.0259,0.4948
05-JAN-2026,PATELRMART,201.15,202.95,-0.0089,0.0149,0.0149,0.2847
05-JAN-2026,PATINTLOG,13.70,13.94,-0.0174,0.0268,0.0268,0.5120
05-JAN-2026,PAUSHAKLTD,586.60,589.95,-0.0057,0.0284,0.0283,0.5407
05-JAN-2026,PAVNAIND,22.81,22.75,0.0026,0.0363,0.0362,0.6916
05-JAN-2026,PAYTM,1340.10,1340.60,-0.0004,0.0269,0.0269,0.5139
05-JAN-2026,PCBL,298.00,300.40,-0.0080,0.0232,0.0231,0.4413
05-JAN-2026,PCJEWELLER,10.25,9.55,0.0707,0.0333,0.0336,0.6419
05-JAN-2026,PDMJEPAPER,95.60,97.67,-0.0214,0.0283,0.0282,0.5388
05-JAN-2026,PDSL,362.10,368.80,-0.0183,0.0251,0.0251,0.4795
05-JAN-2026,PEARLPOLY,23.06,23.02,0.0017,0.0346,0.0345,0.6591
05-JAN-2026,PENIND,198.75,202.75,-0.0199,0.0333,0.0333,0.6362
05-JAN-2026,PENINLAND,25.07,25.23,-0.0064,0.0346,0.0345,0.6591
05-JAN-2026,PERSISTENT,6203.95,6289.45,-0.0137,0.0207,0.0207,0.3955
05-JAN-2026,PETRONET,288.45,291.05,-0.0090,0.0160,0.0160,0.3057
05-JAN-2026,PFC,375.05,375.95,-0.0024,0.0212,0.0211,0.4031
05-JAN-2026,PFIZER,4870.45,4887.20,-0.0034,0.0154,0.0154,0.2942
05-JAN-2026,PFOCUS,239.00,232.95,0.0256,0.0356,0.0356,0.6801
05-JAN-2026,PFS,34.32,34.28,0.0012,0.0257,0.0257,0.4910
05-JAN-2026,PGEL,630.60,602.70,0.0453,0.0339,0.0340,0.6496
05-JAN-2026,PGHH,12955.20,12854.50,0.0078,0.0119,0.0118,0.2254
05-JAN-2026,PGHL,5843.90,5701.25,0.0247,0.0137,0.0137,0.2617
05-JAN-2026,PGIL,1623.20,1653.70,-0.0186,0.0344,0.0343,0.6553
05-JAN-2026,PGINVIT,91.00,89.62,0.0153,0.0082,0.0082,0.1567
05-JAN-2026,PHARMABEES,23.25,23.34,-0.0039,0.0087,0.0087,0.1662
05-JAN-2026,PHOENIXLTD,1924.50,1903.40,0.0110,0.0211,0.0211,0.4031
05-JAN-2026,PICCADIL,628.15,613.75,0.0232,0.0305,0.0305,0.5827
05-JAN-2026,PIDILITIND,1505.00,1478.20,0.0180,0.0111,0.0111,0.2121
05-JAN-2026,PIGL,124.90,125.30,-0.0032,0.0282,0.0282,0.5388
05-JAN-2026,PIIND,3263.50,3256.60,0.0021,0.0151,0.0151,0.2885
05-JAN-2026,PILANIINVS,5136.85,5170.05,-0.0064,0.0232,0.0231,0.4413
05-JAN-2026,PILITA,9.51,9.60,-0.0094,0.0298,0.0298,0.5693
05-JAN-2026,PILLAR,10.00,10.00,0.0000,0.0000,0.0000,0.0000
05-JAN-2026,PINELABS,237.05,235.40,0.0070,0.0098,0.0098,0.1872
05-JAN-2026,PIONEEREMB,28.26,28.31,-0.0018,0.0271,0.0270,0.5158
05-JAN-2026,PIRAMALFIN,1770.45,1712.50,0.0333,0.0113,0.0115,0.2197
05-JAN-2026,PITTIENG,826.45,827.35,-0.0011,0.0222,0.0222,0.4241
05-JAN-2026,PIXTRANS,1372.50,1404.40,-0.0230,0.0256,0.0256,0.4891
05-JAN-2026,PKLEASING,10.00,10.00,0.0000,0.0000,0.0000,0.0000
05-JAN-2026,PKTEA,836.45,850.35,-0.0165,0.0349,0.0349,0.6668
05-JAN-2026,PLASTIBLEN,168.05,165.95,0.0126,0.0208,0.0207,0.3955
05-JAN-2026,PLATIND,241.10,245.65,-0.0187,0.0285,0.0285,0.5445
05-JAN-2026,PLAZACABLE,41.27,42.05,-0.0187,0.0214,0.0213,0.4069
05-JAN-2026,PNB,125.10,125.35,-0.0020,0.0183,0.0183,0.3496
05-JAN-2026,PNBGILTS,82.88,83.38,-0.0060,0.0237,0.0237,0.4528
05-JAN-2026,PNBHOUSING,1003.90,998.00,0.0059,0.0241,0.0240,0.4585
05-JAN-2026,PNC,26.29,26.85,-0.0211,0.0335,0.0335,0.6400
05-JAN-2026,PNCINFRA,252.85,255.15,-0.0091,0.0217,0.0217,0.4146
05-JAN-2026,PNGJL,609.45,612.70,-0.0053,0.0195,0.0195,0.3725
05-JAN-2026,POCL,1473.95,1539.10,-0.0433,0.0355,0.0355,0.6782
05-JAN-2026,PODDARMENT,261.60,264.70,-0.0118,0.0211,0.0210,0.4012
05-JAN-2026,POKARNA,829.20,845.90,-0.0199,0.0343,0.0343,0.6553
05-JAN-2026,POLICYBZR,1771.95,1781.80,-0.0055,0.0243,0.0242,0.4623
05-JAN-2026,POLYCAB,7762.00,7798.05,-0.0046,0.0202,0.0201,0.3840
05-JAN-2026,POLYMED,1724.25,1769.70,-0.0260,0.0241,0.0241,0.4604
05-JAN-2026,POLYPLEX,845.95,844.60,0.0016,0.0207,0.0207,0.3955
05-JAN-2026,PONNIERODE,263.75,263.95,-0.0008,0.0207,0.0206,0.3936
05-JAN-2026,POONAWALLA,485.10,480.55,0.0094,0.0229,0.0228,0.4356
05-JAN-2026,POWERGRID,271.65,270.95,0.0026,0.0144,0.0144,0.2751
05-JAN-2026,POWERINDIA,19003.10,18803.45,0.0106,0.0300,0.0299,0.5712
05-JAN-2026,POWERMECH,2285.75,2329.00,-0.0187,0.0247,0.0247,0.4719
05-JAN-2026,PPAP,213.20,217.05,-0.0179,0.0286,0.0285,0.5445
05-JAN-2026,PPL,234.10,240.60,-0.0274,0.0253,0.0253,0.4834
05-JAN-2026,PPLPHARMA,178.85,178.50,0.0020,0.0226,0.0225,0.4299
05-JAN-2026,PRABHA,182.45,183.60,-0.0063,0.0207,0.0207,0.3955
05-JAN-2026,PRABHATSEC,10.80,10.80,0.0000,0.0000,0.0000,0.0000
05-JAN-2026,PRAENG,26.37,26.60,-0.0087,0.0351,0.0350,0.6687
05-JAN-2026,PRAJIND,321.85,325.45,-0.0111,0.0234,0.0234,0.4471
05-JAN-2026,PRAKASH,143.05,147.50,-0.0306,0.0272,0.0272,0.5197
05-JAN-2026,PRAKASHSTL,5.72,5.67,0.0088,0.0298,0.0298,0.5693
05-JAN-2026,PRAXIS,9.31,9.28,0.0032,0.0311,0.0310,0.5923
05-JAN-2026,PRECAM,166.85,170.00,-0.0187,0.0341,0.0341,0.6515
05-JAN-2026,PRECOT,376.60,385.35,-0.0230,0.0339,0.0339,0.6477
05-JAN-2026,PRECWIRE,253.95,247.45,0.0259,0.0301,0.0301,0.5751
05-JAN-2026,PREMEXPLN,543.75,542.20,0.0029,0.0375,0.0375,0.7164
05-JAN-2026,PREMIER,2.90,3.00,-0.0339,0.0299,0.0299,0.5712
05-JAN-2026,PREMIERENE,787.75,845.95,-0.0713,0.0234,0.0239,0.4566
05-JAN-2026,PREMIERPOL,42.36,41.91,0.0107,0.0321,0.0321,0.6133
05-JAN-2026,PRESTIGE,1667.10,1618.80,0.0294,0.0227,0.0228,0.4356
05-JAN-2026,PRHOLDING,10.00,10.00,0.0000,0.0000,0.0000,0.0000
05-JAN-2026,PRICOLLTD,677.25,683.05,-0.0085,0.0218,0.0217,0.4146
05-JAN-2026,PRIMESECU,285.75,275.35,0.0371,0.0250,0.0251,0.4795
05-JAN-2026,PRIMO,23.76,23.93,-0.0071,0.0270,0.0270,0.5158
05-JAN-2026,PRINCEPIPE,257.20,262.70,-0.0212,0.0231,0.0231,0.4413
05-JAN-2026,PRITI,57.98,60.26,-0.0386,0.0365,0.0365,0.6973
05-JAN-2026,PRITIKAUTO,14.50,14.15,0.0244,0.0240,0.0240,0.4585
05-JAN-2026,PRIVISCL,2735.50,2780.80,-0.0164,0.0272,0.0271,0.5177
05-JAN-2026,PRIYAINT,8.50,8.50,0.0000,0.0000,0.0000,0.0000
05-JAN-2026,PROSTARM,181.40,179.85,0.0086,0.0283,0.0282,0.5388
05-JAN-2026,PROTEAN,765.00,768.85,-0.0050,0.0269,0.0268,0.5120
05-JAN-2026,PROZONER,59.27,58.10,0.0199,0.0313,0.0312,0.5961
05-JAN-2026,PRSMJOHNSN,138.45,139.15,-0.0050,0.0270,0.0269,0.5139
05-JAN-2026,PRUDENT,2652.60,2594.00,0.0223,0.0291,0.0291,0.5560
05-JAN-2026,PRUDMOULI,19.24,20.07,-0.0422,0.0314,0.0315,0.6018
05-JAN-2026,PSB,28.86,29.39,-0.0182,0.0264,0.0264,0.5044
05-JAN-2026,PSPPROJECT,881.15,893.40,-0.0138,0.0248,0.0248,0.4738
05-JAN-2026,PSUBANK,873.07,868.96,0.0047,0.0145,0.0144,0.2751
05-JAN-2026,PSUBANKADD,88.20,87.43,0.0088,0.0137,0.0136,0.2598
05-JAN-2026,PSUBNKBEES,97.28,97.20,0.0008,0.0142,0.0142,0.2713
05-JAN-2026,PSUBNKIETF,88.37,87.78,0.0067,0.0133,0.0133,0.2541
05-JAN-2026,PTC,166.85,167.40,-0.0033,0.0208,0.0208,0.3974
05-JAN-2026,PTCIL,18014.65,18102.00,-0.0048,0.0262,0.0262,0.5006
05-JAN-2026,PTL,39.10,39.31,-0.0054,0.0150,0.0150,0.2866
05-JAN-2026,PUNJABCHEM,1167.55,1177.85,-0.0088,0.0292,0.0291,0.5560
05-JAN-2026,PURBANCHAL,8.65,8.65,0.0000,0.0000,0.0000,0.0000
05-JAN-2026,PURVA,241.50,240.20,0.0054,0.0296,0.0295,0.5636
05-JAN-2026,PVP,35.70,36.92,-0.0336,0.0348,0.0348,0.6649
05-JAN-2026,PVRINOX,1039.45,1030.20,0.0089,0.0188,0.0188,0.3592
05-JAN-2026,PVSL,120.85,118.25,0.0217,0.0231,0.0230,0.4394
05-JAN-2026,PVTBANIETF,29.13,29.16,-0.0010,0.0081,0.0081,0.1548
05-JAN-2026,PVTBANKADD,29.23,29.27,-0.0014,0.0086,0.0086,0.1643
05-JAN-2026,PWL,129.40,131.10,-0.0131,0.0129,0.0129,0.2465
05-JAN-2026,PYRAMID,169.35,164.85,0.0269,0.0235,0.0236,0.4509
05-JAN-2026,QGOLDHALF,112.95,111.65,0.0116,0.0107,0.0107,0.2044
05-JAN-2026,QNIFTY,2869.09,2872.65,-0.0012,0.0070,0.0069,0.1318
05-JAN-2026,QPOWER,834.65,831.15,0.0042,0.0307,0.0307,0.5865
05-JAN-2026,QUADFUTURE,343.00,337.00,0.0176,0.0355,0.0354,0.6763
05-JAN-2026,QUAL30IETF,22.10,22.15,-0.0023,0.0077,0.0076,0.1452
05-JAN-2026,QUALITY30,21.62,21.57,0.0023,0.0044,0.0043,0.0822
05-JAN-2026,QUESS,213.00,215.05,-0.0096,0.0214,0.0214,0.4088
05-JAN-2026,QUICKHEAL,267.10,269.40,-0.0086,0.0308,0.0307,0.5865
05-JAN-2026,QUINTEGRA,1.53,1.45,0.0537,0.0222,0.0225,0.4299
05-JAN-2026,RACE,138.85,140.35,-0.0107,0.0240,0.0239,0.4566
05-JAN-2026,RACLGEAR,1133.40,1152.05,-0.0163,0.0307,0.0307,0.5865
05-JAN-2026,RADAAN,3.45,3.44,0.0029,0.0308,0.0307,0.5865
05-JAN-2026,RADHIKAJWE,74.03,74.89,-0.0115,0.0293,0.0292,0.5579
05-JAN-2026,RADIANTCMS,51.28,51.42,-0.0027,0.0214,0.0213,0.4069
05-JAN-2026,RADICO,3104.90,3094.25,0.0034,0.0198,0.0198,0.3783
05-JAN-2026,RADIOCITY,6.88,6.79,0.0132,0.0218,0.0218,0.4165
05-JAN-2026,RAILTEL,370.15,376.15,-0.0161,0.0283,0.0282,0.5388
05-JAN-2026,RAIN,146.80,146.55,0.0017,0.0236,0.0236,0.4509
05-JAN-2026,RAINBOW,1315.40,1318.90,-0.0027,0.0181,0.0180,0.3439
05-JAN-2026,RAJESHEXPO,173.95,180.95,-0.0395,0.0265,0.0266,0.5082
05-JAN-2026,RAJMET,4.66,4.78,-0.0254,0.0272,0.0272,0.5197
05-JAN-2026,RAJOOENG,69.59,64.38,0.0778,0.0295,0.0299,0.5712
05-JAN-2026,RAJRATAN,490.00,463.90,0.0547,0.0283,0.0285,0.5445
05-JAN-2026,RAJRILTD,22.40,22.01,0.0176,0.0277,0.0276,0.5273
05-JAN-2026,RAJSREESUG,34.44,34.71,-0.0078,0.0324,0.0323,0.6171
05-JAN-2026,RAJTV,42.02,42.25,-0.0055,0.0246,0.0245,0.4681
05-JAN-2026,RAJVIR,8.45,8.85,-0.0463,0.0397,0.0398,0.7604
05-JAN-2026,RALLIS,269.95,273.90,-0.0145,0.0236,0.0236,0.4509
05-JAN-2026,RAMANEWS,31.62,31.81,-0.0060,0.0300,0.0299,0.5712
05-JAN-2026,RAMAPHO,171.10,170.80,0.0018,0.0349,0.0349,0.6668
05-JAN-2026,RAMARAJU,182.80,182.80,0.0000,0.0000,0.0000,0.0000
05-JAN-2026,RAMASTEEL,9.37,9.47,-0.0106,0.0268,0.0267,0.5101
05-JAN-2026,RAMCOCEM,1078.25,1056.75,0.0201,0.0149,0.0150,0.2866
05-JAN-2026,RAMCOIND,322.95,314.45,0.0267,0.0218,0.0218,0.4165
05-JAN-2026,RAMCOSYS,540.45,573.50,-0.0594,0.0318,0.0320,0.6114
05-JAN-2026,RAMKY,544.00,554.60,-0.0193,0.0272,0.0271,0.5177
05-JAN-2026,RAMRAT,305.90,311.35,-0.0177,0.0239,0.0239,0.4566
05-JAN-2026,RANASUG,12.28,12.49,-0.0170,0.0212,0.0212,0.4050
05-JAN-2026,RANEHOLDIN,1447.30,1399.40,0.0337,0.0230,0.0231,0.4413
05-JAN-2026,RANJANPOLY,28.25,28.25,0.0000,0.0000,0.0000,0.0000
05-JAN-2026,RATEGAIN,697.90,693.75,0.0060,0.0245,0.0244,0.4662
05-JAN-2026,RATNAMANI,2308.20,2354.00,-0.0196,0.0168,0.0168,0.3210
05-JAN-2026,RATNAVEER,153.50,155.95,-0.0158,0.0276,0.0275,0.5254
05-JAN-2026,RAYMOND,430.20,436.50,-0.0145,0.0280,0.0279,0.5330
05-JAN-2026,RAYMONDLSL,1009.50,1036.45,-0.0263,0.0255,0.0255,0.4872
05-JAN-2026,RAYMONDREL,518.60,530.00,-0.0217,0.0182,0.0183,0.3496
05-JAN-2026,RBA,64.99,65.04,-0.0008,0.0223,0.0223,0.4260
05-JAN-2026,RBLBANK,316.05,320.75,-0.0148,0.0229,0.0229,0.4375
05-JAN-2026,RBZJEWEL,148.25,142.50,0.0396,0.0262,0.0263,0.5025
05-JAN-2026,RCF,147.40,149.20,-0.0121,0.0240,0.0240,0.4585
05-JAN-2026,RCOM,1.10,1.11,-0.0090,0.0289,0.0288,0.5502
05-JAN-2026,RECLTD,381.00,380.65,0.0009,0.0217,0.0217,0.4146
05-JAN-2026,REDINGTON,278.45,276.30,0.0078,0.0287,0.0286,0.5464
05-JAN-2026,REDTAPE,122.95,124.10,-0.0093,0.0232,0.0232,0.4432
05-JAN-2026,REFEX,259.70,262.30,-0.0100,0.0356,0.0356,0.6801
05-JAN-2026,REGAAL,73.02,70.41,0.0364,0.0149,0.0151,0.2885
05-JAN-2026,REGALENTER,10.00,10.00,0.0000,0.0000,0.0000,0.0000
05-JAN-2026,REGENCERAM,46.90,47.00,-0.0021,0.0352,0.0351,0.6706
05-JAN-2026,RELAXO,406.25,403.30,0.0073,0.0179,0.0179,0.3420
05-JAN-2026,RELCHEMQ,136.15,137.75,-0.0117,0.0225,0.0224,0.4280
05-JAN-2026,RELIABLE,158.70,157.85,0.0054,0.0332,0.0331,0.6324
05-JAN-2026,RELIANCE,1578.10,1592.30,-0.0090,0.0121,0.0121,0.2312
05-JAN-2026,RELIGARE,261.35,249.05,0.0482,0.0228,0.0230,0.4394
05-JAN-2026,RELINFRA,156.30,164.55,-0.0514,0.0353,0.0354,0.6763
05-JAN-2026,RELTD,154.15,156.50,-0.0151,0.0331,0.0330,0.6305
05-JAN-2026,REMSONSIND,123.70,126.30,-0.0208,0.0287,0.0287,0.5483
05-JAN-2026,RENUKA,26.06,26.34,-0.0107,0.0223,0.0223,0.4260
05-JAN-2026,REPCOHOME,429.70,433.45,-0.0087,0.0221,0.0221,0.4222
05-JAN-2026,REPL,119.76,118.88,0.0074,0.0276,0.0275,0.5254
05-JAN-2026,REPRO,455.60,463.65,-0.0175,0.0302,0.0302,0.5770
05-JAN-2026,RESPONIND,196.40,197.70,-0.0066,0.0242,0.0241,0.4604
05-JAN-2026,RETAIL,23.46,24.23,-0.0323,0.0364,0.0364,0.6954
05-JAN-2026,RGL,122.75,124.45,-0.0138,0.0285,0.0285,0.5445
05-JAN-2026,RHETAN,25.11,25.56,-0.0178,0.0266,0.0266,0.5082
05-JAN-2026,RHFL,2.86,2.89,-0.0104,0.0330,0.0329,0.6286
05-JAN-2026,RHIM,474.25,455.30,0.0408,0.0211,0.0212,0.4050
05-JAN-2026,RHL,236.10,222.10,0.0611,0.0296,0.0298,0.5693
05-JAN-2026,RICOAUTO,131.50,135.35,-0.0289,0.0349,0.0349,0.6668
05-JAN-2026,RIIL,813.60,817.30,-0.0045,0.0213,0.0213,0.4069
05-JAN-2026,RISHABH,407.00,434.05,-0.0643,0.0309,0.0311,0.5942
05-JAN-2026,RITCO,273.00,270.50,0.0092,0.0248,0.0247,0.4719
05-JAN-2026,RITES,244.55,245.90,-0.0055,0.0248,0.0248,0.4738
05-JAN-2026,RITZ,15.25,15.25,0.0000,0.0000,0.0000,0.0000
05-JAN-2026,RKDL,23.39,24.24,-0.0357,0.0260,0.0261,0.4986
05-JAN-2026,RKEC,54.17,54.72,-0.0101,0.0376,0.0375,0.7164
05-JAN-2026,RKFORGE,528.40,531.40,-0.0057,0.0226,0.0226,0.4318
05-JAN-2026,RKSWAMY,110.80,111.05,-0.0023,0.0235,0.0235,0.4490
05-JAN-2026,RMDRIP,86.39,85.41,0.0114,0.0108,0.0108,0.2063
05-JAN-2026,RML,831.40,844.30,-0.0154,0.0242,0.0241,0.4604
05-JAN-2026,RNBDENIMS,126.25,131.60,-0.0415,0.0296,0.0297,0.5674
05-JAN-2026,ROADSTAR,61.20,61.20,0.0000,0.0290,0.0289,0.5521
05-JAN-2026,ROBERT,10.70,10.70,0.0000,0.0000,0.0000,0.0000
05-JAN-2026,ROHLTD,409.40,414.10,-0.0114,0.0259,0.0258,0.4929
05-JAN-2026,ROLEXRINGS,129.25,134.25,-0.0380,0.0230,0.0231,0.4413
05-JAN-2026,ROLLT,1.23,1.27,-0.0320,0.0330,0.0330,0.6305
05-JAN-2026,ROML,50.30,50.90,-0.0119,0.0326,0.0326,0.6228
05-JAN-2026,ROSSARI,575.55,583.65,-0.0140,0.0171,0.0171,0.3267
05-JAN-2026,ROSSELLIND,49.75,50.34,-0.0118,0.0272,0.0272,0.5197
05-JAN-2026,ROSSTECH,629.35,629.85,-0.0008,0.0285,0.0284,0.5426
05-JAN-2026,ROTO,68.60,69.45,-0.0123,0.0278,0.0277,0.5292
05-JAN-2026,ROUTE,703.90,710.35,-0.0091,0.0198,0.0198,0.3783
05-JAN-2026,RPEL,940.20,953.05,-0.0136,0.0296,0.0295,0.5636
05-JAN-2026,RPGLIFE,2310.60,2312.65,-0.0009,0.0239,0.0238,0.4547
05-JAN-2026,RPOWER,35.85,35.93,-0.0022,0.0348,0.0347,0.6629
05-JAN-2026,RPPINFRA,99.15,101.95,-0.0278,0.0310,0.0310,0.5923
05-JAN-2026,RPPL,19.06,19.10,-0.0021,0.0303,0.0302,0.5770
05-JAN-2026,RPSGVENT,754.90,754.50,0.0005,0.0246,0.0245,0.4681
05-JAN-2026,RPTECH,379.95,360.80,0.0517,0.0202,0.0204,0.3897
05-JAN-2026,RRKABEL,1536.70,1510.50,0.0172,0.0216,0.0216,0.4127
05-JAN-2026,RSSOFTWARE,48.73,51.00,-0.0455,0.0329,0.0330,0.6305
05-JAN-2026,RSWM,148.00,149.85,-0.0124,0.0238,0.0237,0.4528
05-JAN-2026,RSYSTEMS,404.25,406.70,-0.0060,0.0228,0.0227,0.4337
05-JAN-2026,RTNINDIA,41.65,42.28,-0.0150,0.0278,0.0278,0.5311
05-JAN-2026,RTNPOWER,9.61,9.76,-0.0155,0.0287,0.0286,0.5464
05-JAN-2026,RUBFILA,73.10,73.71,-0.0083,0.0227,0.0226,0.4318
05-JAN-2026,RUBICON,665.85,661.45,0.0066,0.0124,0.0124,0.2369
05-JAN-2026,RUBYMILLS,220.05,223.05,-0.0135,0.0264,0.0263,0.5025
05-JAN-2026,RUCHINFRA,6.24,6.37,-0.0206,0.0284,0.0284,0.5426
05-JAN-2026,RUCHIRA,121.80,122.70,-0.0074,0.0205,0.0205,0.3917
05-JAN-2026,RUDRA,25.81,25.98,-0.0066,0.0326,0.0325,0.6209
05-JAN-2026,RUPA,160.30,161.65,-0.0084,0.0202,0.0202,0.3859
05-JAN-2026,RUSHIL,22.58,23.23,-0.0284,0.0281,0.0281,0.5368
05-JAN-2026,RUSTOMJEE,546.20,541.75,0.0082,0.0178,0.0177,0.3382
05-JAN-2026,RVHL,51.87,50.96,0.0177,0.0317,0.0316,0.6037
05-JAN-2026,RVNL,361.00,365.85,-0.0133,0.0284,0.0284,0.5426
05-JAN-2026,RVTH,720.35,734.20,-0.0190,0.0254,0.0254,0.4853
05-JAN-2026,S&SPOWER,298.60,302.05,-0.0115,0.0355,0.0354,0.6763
05-JAN-2026,SAATVIKGL,386.45,388.30,-0.0048,0.0156,0.0156,0.2980
05-JAN-2026,SABEVENTS,9.62,9.58,0.0042,0.0351,0.0350,0.6687
05-JAN-2026,SABTNL,1678.45,1731.45,-0.0311,0.0317,0.0317,0.6056
05-JAN-2026,SADBHAV,10.47,10.93,-0.0430,0.0345,0.0346,0.6610
05-JAN-2026,SADBHIN,3.82,3.91,-0.0233,0.0327,0.0327,0.6247
05-JAN-2026,SADHNANIQ,7.21,7.29,-0.0110,0.0353,0.0352,0.6725
05-JAN-2026,SAFARI,2194.65,2168.45,0.0120,0.0196,0.0196,0.3745
05-JAN-2026,SAGARDEEP,27.63,27.50,0.0047,0.0249,0.0248,0.4738
05-JAN-2026,SAGCEM,217.85,218.15,-0.0014,0.0216,0.0216,0.4127
05-JAN-2026,SAGILITY,52.02,52.97,-0.0181,0.0221,0.0221,0.4222
05-JAN-2026,SAHYADRI,259.10,256.90,0.0085,0.0227,0.0227,0.4337
05-JAN-2026,SAIL,150.85,147.45,0.0228,0.0224,0.0224,0.4280
05-JAN-2026,SAILIFE,955.25,921.70,0.0358,0.0206,0.0207,0.3955
05-JAN-2026,SAKAR,410.75,406.55,0.0103,0.0250,0.0249,0.4757
05-JAN-2026,SAKHTISUG,19.04,19.32,-0.0146,0.0248,0.0247,0.4719
05-JAN-2026,SAKSOFT,193.95,198.35,-0.0224,0.0268,0.0268,0.5120
05-JAN-2026,SAKUMA,2.18,2.16,0.0092,0.0278,0.0277,0.5292
05-JAN-2026,SALASAR,8.83,8.91,-0.0090,0.0328,0.0327,0.6247
05-JAN-2026,SALONA,256.95,258.35,-0.0054,0.0263,0.0263,0.5025
05-JAN-2026,SALSTEEL,43.47,44.70,-0.0279,0.0353,0.0353,0.6744
05-JAN-2026,SALZERELEC,683.15,692.90,-0.0142,0.0327,0.0326,0.6228
05-JAN-2026,SAMBHAAV,8.91,9.09,-0.0200,0.0360,0.0359,0.6859
05-JAN-2026,SAMBHV,93.68,97.52,-0.0402,0.0187,0.0189,0.3611
05-JAN-2026,SAMHI,189.65,185.40,0.0227,0.0230,0.0230,0.4394
05-JAN-2026,SAMMAANCAP,151.50,148.60,0.0193,0.0296,0.0295,0.5636
05-JAN-2026,SAMPANN,34.90,33.06,0.0542,0.0354,0.0355,0.6782
05-JAN-2026,SAMYAK,9.95,9.95,0.0000,0.0000,0.0000,0.0000
05-JAN-2026,SANATHAN,443.45,442.00,0.0033,0.0186,0.0186,0.3554
05-JAN-2026,SANCO,2.66,2.54,0.0462,0.0319,0.0320,0.6114
05-JAN-2026,SANDESH,1081.05,1090.00,-0.0082,0.0237,0.0236,0.4509
05-JAN-2026,SANDHAR,580.10,582.65,-0.0044,0.0264,0.0263,0.5025
05-JAN-2026,SANDUMA,259.70,264.70,-0.0191,0.0327,0.0327,0.6247
05-JAN-2026,SANGAMIND,482.00,480.25,0.0036,0.0299,0.0298,0.5693
05-JAN-2026,SANGHIIND,67.18,66.58,0.0090,0.0183,0.0182,0.3477
05-JAN-2026,SANGHVIMOV,350.00,349.95,0.0001,0.0329,0.0328,0.6266
05-JAN-2026,SANGINITA,10.18,10.21,-0.0029,0.0281,0.0280,0.5349
05-JAN-2026,SANOFI,4191.15,4141.90,0.0118,0.0119,0.0119,0.2273
05-JAN-2026,SANOFICONR,4454.90,4595.75,-0.0311,0.0154,0.0155,0.2961
05-JAN-2026,SANSERA,1933.00,1871.15,0.0325,0.0195,0.0196,0.3745
05-JAN-2026,SANSTAR,94.22,96.45,-0.0234,0.0225,0.0225,0.4299
05-JAN-2026,SANWARIA,0.26,0.26,0.0000,0.0638,0.0636,1.2151
05-JAN-2026,SAPPHIRE,234.10,252.00,-0.0737,0.0207,0.0213,0.4069
05-JAN-2026,SARDAEN,516.70,522.95,-0.0120,0.0275,0.0274,0.5235
05-JAN-2026,SAREGAMA,370.40,357.95,0.0342,0.0233,0.0234,0.4471
05-JAN-2026,SARLAPOLY,89.60,90.34,-0.0082,0.0285,0.0284,0.5426
05-JAN-2026,SARVESHWAR,4.65,4.73,-0.0171,0.0275,0.0275,0.5254
05-JAN-2026,SASKEN,1503.10,1545.40,-0.0278,0.0263,0.0263,0.5025
05-JAN-2026,SASTASUNDR,319.55,315.70,0.0121,0.0250,0.0249,0.4757
05-JAN-2026,SATIA,67.88,67.09,0.0117,0.0193,0.0193,0.3687
05-JAN-2026,SATIN,146.00,144.65,0.0093,0.0192,0.0192,0.3668
05-JAN-2026,SATYASHYAM,22.65,22.65,0.0000,0.0000,0.0000,0.0000
05-JAN-2026,SAURASHCEM,80.92,83.53,-0.0317,0.0280,0.0280,0.5349
05-JAN-2026,SBC,28.76,28.47,0.0101,0.0227,0.0227,0.4337
05-JAN-2026,SBCL,422.25,433.45,-0.0262,0.0236,0.0236,0.4509
05-JAN-2026,SBFC,101.90,103.00,-0.0107,0.0197,0.0197,0.3764
05-JAN-2026,SBGLP,34.53,34.32,0.0061,0.0314,0.0313,0.5980
05-JAN-2026,SBHL,10.00,10.00,0.0000,0.0000,0.0000,0.0000
05-JAN-2026,SBIBPB,50.92,50.64,0.0055,0.0096,0.0095,0.1815
05-JAN-2026,SBICARD,873.50,875.95,-0.0028,0.0153,0.0152,0.2904
05-JAN-2026,SBIETFCON,126.33,126.03,0.0024,0.0077,0.0077,0.1471
05-JAN-2026,SBIETFIT,414.21,420.97,-0.0162,0.0124,0.0124,0.2369
05-JAN-2026,SBIETFPB,294.03,294.40,-0.0013,0.0081,0.0081,0.1548
05-JAN-2026,SBIETFQLTY,233.16,232.50,0.0028,0.0078,0.0078,0.1490
05-JAN-2026,SBILIFE,2075.60,2067.40,0.0040,0.0126,0.0125,0.2388
05-JAN-2026,SBILIQETF,1021.40,1021.28,0.0001,0.0002,0.0002,0.0038
05-JAN-2026,SBIN,1005.55,998.95,0.0066,0.0127,0.0127,0.2426
05-JAN-2026,SBINEQWETF,33.97,33.95,0.0006,0.0069,0.0069,0.1318
05-JAN-2026,SBISILVER,231.46,227.62,0.0167,0.0183,0.0183,0.3496
05-JAN-2026,SCHAEFFLER,3821.70,3874.25,-0.0137,0.0181,0.0181,0.3458
05-JAN-2026,SCHAND,165.45,159.05,0.0395,0.0235,0.0237,0.4528
05-JAN-2026,SCHNEIDER,702.45,717.30,-0.0209,0.0261,0.0261,0.4986
05-JAN-2026,SCI,229.00,235.10,-0.0263,0.0283,0.0282,0.5388
05-JAN-2026,SCILAL,47.15,48.22,-0.0224,0.0213,0.0213,0.4069
05-JAN-2026,SCODATUBES,161.00,163.75,-0.0169,0.0181,0.0181,0.3458
05-JAN-2026,SCPL,319.45,319.75,-0.0009,0.0305,0.0304,0.5808
05-JAN-2026,SDBL,107.15,109.35,-0.0203,0.0254,0.0254,0.4853
05-JAN-2026,SDL26BEES,135.23,135.38,-0.0011,0.0035,0.0035,0.0669
05-JAN-2026,SEAMECLTD,1103.65,1088.20,0.0141,0.0231,0.0231,0.4413
05-JAN-2026,SECMARK,121.80,123.45,-0.0135,0.0344,0.0344,0.6572
05-JAN-2026,SECURKLOUD,25.51,26.04,-0.0206,0.0392,0.0391,0.7470
05-JAN-2026,SEITINVIT,118.00,118.00,0.0000,0.0082,0.0082,0.1567
05-JAN-2026,SEJALLTD,851.85,854.55,-0.0032,0.0302,0.0301,0.5751
05-JAN-2026,SELECTIPO,46.42,46.41,0.0002,0.0078,0.0078,0.1490
05-JAN-2026,SELMC,30.30,29.51,0.0264,0.0338,0.0338,0.6457
05-JAN-2026,SEMAC,300.60,298.40,0.0073,0.0282,0.0282,0.5388
05-JAN-2026,SENCO,330.05,324.25,0.0177,0.0254,0.0254,0.4853
05-JAN-2026,SENORES,847.80,865.30,-0.0204,0.0240,0.0240,0.4585
05-JAN-2026,SENSEXADD,87.75,87.88,-0.0015,0.0084,0.0084,0.1605
05-JAN-2026,SENSEXBETA,939.28,941.29,-0.0021,0.0070,0.0070,0.1337
05-JAN-2026,SENSEXETF,87.44,87.75,-0.0035,0.0077,0.0077,0.1471
05-JAN-2026,SENSEXIETF,976.90,978.74,-0.0019,0.0080,0.0079,0.1509
05-JAN-2026,SEPC,9.92,10.06,-0.0140,0.0319,0.0318,0.6075
05-JAN-2026,SEQUENT,206.95,210.50,-0.0170,0.0286,0.0285,0.5445
05-JAN-2026,SERVOTECH,78.50,79.98,-0.0187,0.0293,0.0292,0.5579
05-JAN-2026,SESHAPAPER,236.05,240.05,-0.0168,0.0192,0.0192,0.3668
05-JAN-2026,SETCO,15.13,15.71,-0.0376,0.0288,0.0289,0.5521
05-JAN-2026,SETF10GILT,259.15,259.82,-0.0026,0.0026,0.0026,0.0497
05-JAN-2026,SETFGOLD,116.41,115.53,0.0076,0.0106,0.0106,0.2025
05-JAN-2026,SETFNIF50,280.33,281.21,-0.0031,0.0067,0.0067,0.1280
05-JAN-2026,SETFNIFBK,614.15,614.84,-0.0011,0.0077,0.0077,0.1471
05-JAN-2026,SETFNN50,749.38,748.62,0.0010,0.0093,0.0092,0.1758
05-JAN-2026,SETUINFRA,0.45,0.45,0.0000,0.0546,0.0544,1.0393
05-JAN-2026,SEYAIND,19.22,19.83,-0.0312,0.0304,0.0304,0.5808
05-JAN-2026,SFL,588.35,593.35,-0.0085,0.0169,0.0169,0.3229
05-JAN-2026,SGFIN,411.05,416.45,-0.0131,0.0235,0.0235,0.4490
05-JAN-2026,SGIL,510.40,517.80,-0.0144,0.0253,0.0253,0.4834
05-JAN-2026,SGL,12.80,12.90,-0.0078,0.0342,0.0341,0.6515
05-JAN-2026,SGLTL,144.65,149.85,-0.0353,0.0224,0.0225,0.4299
05-JAN-2026,SGMART,378.00,386.30,-0.0217,0.0229,0.0228,0.4356
05-JAN-2026,SHAH,5.15,5.01,0.0276,0.0348,0.0348,0.6649
05-JAN-2026,SHAHALLOYS,75.38,71.68,0.0503,0.0335,0.0336,0.6419
05-JAN-2026,SHAILY,2309.20,2239.85,0.0305,0.0304,0.0304,0.5808
05-JAN-2026,SHAKTIPUMP,737.05,742.50,-0.0074,0.0314,0.0313,0.5980
05-JAN-2026,SHALBY,199.15,202.90,-0.0187,0.0232,0.0232,0.4432
05-JAN-2026,SHALPAINTS,73.51,75.37,-0.0250,0.0283,0.0282,0.5388
05-JAN-2026,SHANKARA,106.60,106.35,0.0023,0.0305,0.0304,0.5808
05-JAN-2026,SHANTI,8.83,8.86,-0.0034,0.0309,0.0308,0.5884
05-JAN-2026,SHANTIGEAR,467.85,468.90,-0.0022,0.0216,0.0215,0.4108
05-JAN-2026,SHANTIGOLD,191.60,190.35,0.0065,0.0142,0.0142,0.2713
05-JAN-2026,SHARDACROP,847.85,855.20,-0.0086,0.0315,0.0314,0.5999
05-JAN-2026,SHARDAMOTR,975.05,964.10,0.0113,0.0271,0.0271,0.5177
05-JAN-2026,SHAREINDIA,161.55,164.65,-0.0190,0.0286,0.0286,0.5464
05-JAN-2026,SHARIABEES,519.76,521.09,-0.0026,0.0077,0.0077,0.1471
05-JAN-2026,SHEKHAWATI,18.70,18.67,0.0016,0.0298,0.0297,0.5674
05-JAN-2026,SHEMAROO,108.80,109.20,-0.0037,0.0289,0.0289,0.5521
05-JAN-2026,SHILCTECH,3801.80,3838.10,-0.0095,0.0310,0.0309,0.5903
05-JAN-2026,SHILPAMED,317.00,319.80,-0.0088,0.0258,0.0258,0.4929
05-JAN-2026,SHIVALIK,357.30,361.75,-0.0124,0.0274,0.0274,0.5235
05-JAN-2026,SHIVAMAUTO,24.24,24.65,-0.0168,0.0310,0.0309,0.5903
05-JAN-2026,SHIVAMILLS,59.91,61.37,-0.0241,0.0249,0.0249,0.4757
05-JAN-2026,SHIVATEX,184.35,185.40,-0.0057,0.0281,0.0280,0.5349
05-JAN-2026,SHIVAUM,327.80,298.00,0.0953,0.0108,0.0127,0.2426
05-JAN-2026,SHK,182.25,181.35,0.0050,0.0278,0.0277,0.5292
05-JAN-2026,SHOPERSTOP,388.25,389.30,-0.0027,0.0207,0.0206,0.3936
05-JAN-2026,SHRADHA,37.88,37.34,0.0144,0.0326,0.0325,0.6209
05-JAN-2026,SHREDIGCEM,91.11,91.02,0.0010,0.0188,0.0188,0.3592
05-JAN-2026,SHREECEM,27645.25,27044.20,0.0220,0.0126,0.0127,0.2426
05-JAN-2026,SHREEJISPG,375.25,370.00,0.0141,0.0159,0.0159,0.3038
05-JAN-2026,SHREEPUSHK,367.25,378.50,-0.0302,0.0343,0.0342,0.6534
05-JAN-2026,SHREERAMA,65.48,67.99,-0.0376,0.0321,0.0321,0.6133
05-JAN-2026,SHREMINVIT,102.00,102.00,0.0000,0.0119,0.0118,0.2254
05-JAN-2026,SHRENIK,0.45,0.44,0.0225,0.0326,0.0326,0.6228
05-JAN-2026,SHREYANIND,174.15,173.90,0.0014,0.0237,0.0236,0.4509
05-JAN-2026,SHRINGARMS,236.85,240.45,-0.0151,0.0131,0.0131,0.2503
05-JAN-2026,SHRIPISTON,3360.25,3297.35,0.0189,0.0234,0.0234,0.4471
05-JAN-2026,SHRIRAMFIN,1003.35,1010.25,-0.0069,0.0206,0.0205,0.3917
05-JAN-2026,SHRIRAMPPS,83.69,84.19,-0.0060,0.0258,0.0257,0.4910
05-JAN-2026,SHYAMCENT,6.23,6.23,0.0000,0.0337,0.0336,0.6419
05-JAN-2026,SHYAMMETL,845.80,850.30,-0.0053,0.0194,0.0194,0.3706
05-JAN-2026,SHYAMTEL,12.32,12.25,0.0057,0.0345,0.0344,0.6572
05-JAN-2026,SICALLOG,85.47,90.28,-0.0548,0.0292,0.0293,0.5598
05-JAN-2026,SIEMENS,3086.60,3097.70,-0.0036,0.0194,0.0194,0.3706
05-JAN-2026,SIGACHI,30.89,31.34,-0.0145,0.0305,0.0304,0.5808
05-JAN-2026,SIGIND,53.50,55.97,-0.0451,0.0305,0.0305,0.5827
05-JAN-2026,SIGMA,61.91,58.89,0.0500,0.0306,0.0308,0.5884
05-JAN-2026,SIGNATURE,1129.25,1126.95,0.0020,0.0179,0.0179,0.3420
05-JAN-2026,SIGNPOST,218.35,223.70,-0.0242,0.0309,0.0308,0.5884
05-JAN-2026,SIKKO,4.99,5.11,-0.0238,0.0373,0.0373,0.7126
05-JAN-2026,SIL,15.92,16.18,-0.0162,0.0212,0.0211,0.4031
05-JAN-2026,SILGO,78.88,76.11,0.0357,0.0323,0.0323,0.6171
05-JAN-2026,SILINV,516.85,518.10,-0.0024,0.0250,0.0250,0.4776
05-JAN-2026,SILLYMONKS,19.97,19.70,0.0136,0.0366,0.0365,0.6973
05-JAN-2026,SILVER,235.40,230.98,0.0190,0.0198,0.0198,0.3783
05-JAN-2026,SILVER1,228.28,225.49,0.0123,0.0184,0.0184,0.3515
05-JAN-2026,SILVER360,230.27,227.05,0.0141,0.0168,0.0168,0.3210
05-JAN-2026,SILVERADD,227.44,224.19,0.0144,0.0187,0.0186,0.3554
05-JAN-2026,SILVERAG,228.73,223.71,0.0222,0.0189,0.0189,0.3611
05-JAN-2026,SILVERBEES,225.55,221.87,0.0165,0.0194,0.0194,0.3706
05-JAN-2026,SILVERBETA,228.43,224.66,0.0166,0.0191,0.0191,0.3649
05-JAN-2026,SILVERBND,236.20,239.93,-0.0157,0.0136,0.0137,0.2617
05-JAN-2026,SILVERCASE,23.96,23.52,0.0185,0.0176,0.0177,0.3382
05-JAN-2026,SILVERIETF,235.64,231.68,0.0169,0.0180,0.0180,0.3439
05-JAN-2026,SILVERTUC,1351.55,1248.70,0.0791,0.0241,0.0247,0.4719
05-JAN-2026,SIMBHALS,11.95,11.63,0.0271,0.0276,0.0276,0.5273
05-JAN-2026,SIMPLEXINF,251.00,251.50,-0.0020,0.0285,0.0284,0.5426
05-JAN-2026,SINCLAIR,83.88,82.95,0.0111,0.0274,0.0274,0.5235
05-JAN-2026,SINDHUTRAD,20.02,20.11,-0.0045,0.0362,0.0361,0.6897
05-JAN-2026,SINTERCOM,100.01,99.87,0.0014,0.0252,0.0251,0.4795
05-JAN-2026,SIRCA,500.65,503.65,-0.0060,0.0206,0.0206,0.3936
05-JAN-2026,SIS,338.30,339.30,-0.0030,0.0163,0.0163,0.3114
05-JAN-2026,SITAL,74.45,74.45,0.0000,0.0008,0.0008,0.0153
05-JAN-2026,SITINET,0.49,0.36,0.3083,0.0358,0.0418,0.7986
05-JAN-2026,SIYSIL,625.55,637.95,-0.0196,0.0274,0.0274,0.5235
05-JAN-2026,SJS,1829.35,1840.20,-0.0059,0.0247,0.0247,0.4719
05-JAN-2026,SJVN,87.65,83.04,0.0540,0.0240,0.0242,0.4623
05-JAN-2026,SKFINDIA,1833.20,1857.35,-0.0131,0.0071,0.0072,0.1376
05-JAN-2026,SKFINDUS,2588.00,2591.55,-0.0014,0.0053,0.0053,0.1013
05-JAN-2026,SKIL,1.18,1.20,-0.0168,0.0217,0.0217,0.4146
05-JAN-2026,SKIPPER,435.00,452.85,-0.0402,0.0291,0.0292,0.5579
05-JAN-2026,SKJPL,10.00,10.00,0.0000,0.0000,0.0000,0.0000
05-JAN-2026,SKMEGGPROD,369.95,408.55,-0.0992,0.0283,0.0291,0.5560
05-JAN-2026,SKYGOLD,335.75,332.65,0.0093,0.0302,0.0301,0.5751
05-JAN-2026,SMALL250,16.85,16.79,0.0036,0.0034,0.0034,0.0650
05-JAN-2026,SMALLADD,16.83,16.81,0.0012,0.0016,0.0016,0.0306
05-JAN-2026,SMALLCAP,44.38,44.17,0.0047,0.0108,0.0108,0.2063
05-JAN-2026,SMARTLINK,130.75,131.45,-0.0053,0.0257,0.0257,0.4910
05-JAN-2026,SMARTWORKS,505.95,507.80,-0.0036,0.0136,0.0136,0.2598
05-JAN-2026,SMCGLOBAL,90.03,92.05,-0.0222,0.0268,0.0267,0.5101
05-JAN-2026,SML100CASE,10.12,10.08,0.0040,0.0043,0.0043,0.0822
05-JAN-2026,SMLMAH,4115.85,4085.95,0.0073,0.0333,0.0332,0.6343
05-JAN-2026,SMLT,86.54,86.47,0.0008,0.0295,0.0294,0.5617
05-JAN-2026,SMMIL,2.25,2.25,0.0000,0.0000,0.0000,0.0000
05-JAN-2026,SMSPHARMA,335.70,326.20,0.0287,0.0301,0.0301,0.5751
05-JAN-2026,SNOWMAN,40.36,40.98,-0.0152,0.0240,0.0240,0.4585
05-JAN-2026,SNXT30BEES,41.48,41.24,0.0058,0.0048,0.0048,0.0917
05-JAN-2026,SNXT50BETA,94.26,94.06,0.0021,0.0107,0.0106,0.2025
05-JAN-2026,SOBHA,1576.95,1490.65,0.0563,0.0237,0.0240,0.4585
05-JAN-2026,SOFTTECH,325.65,312.55,0.0411,0.0281,0.0282,0.5388
05-JAN-2026,SOLARA,576.45,582.05,-0.0097,0.0297,0.0296,0.5655
05-JAN-2026,SOLARINDS,12731.00,12335.95,0.0315,0.0204,0.0205,0.3917
05-JAN-2026,SOLARWORLD,275.75,280.00,-0.0153,0.0151,0.0151,0.2885
05-JAN-2026,SOLEX,1249.40,1323.60,-0.0577,0.0169,0.0174,0.3324
05-JAN-2026,SOMANYCERA,405.65,403.85,0.0044,0.0212,0.0211,0.4031
05-JAN-2026,SOMATEX,137.40,140.20,-0.0202,0.0396,0.0395,0.7546
05-JAN-2026,SOMICONVEY,121.85,126.60,-0.0382,0.0350,0.0350,0.6687
05-JAN-2026,SONACOMS,481.35,486.35,-0.0103,0.0201,0.0200,0.3821
05-JAN-2026,SONAMLTD,41.95,41.99,-0.0010,0.0313,0.0313,0.5980
05-JAN-2026,SONATSOFTW,360.50,365.10,-0.0127,0.0261,0.0260,0.4967
05-JAN-2026,SOTL,380.10,382.05,-0.0051,0.0209,0.0209,0.3993
05-JAN-2026,SOUTHBANK,39.71,38.60,0.0284,0.0233,0.0233,0.4451
05-JAN-2026,SOUTHWEST,188.85,194.80,-0.0310,0.0324,0.0324,0.6190
05-JAN-2026,SPAL,700.40,709.60,-0.0130,0.0293,0.0293,0.5598
05-JAN-2026,SPANDANA,259.90,266.20,-0.0240,0.0290,0.0290,0.5540
05-JAN-2026,SPANGLE,10.00,10.00,0.0000,0.0000,0.0000,0.0000
05-JAN-2026,SPARC,135.35,135.70,-0.0026,0.0305,0.0304,0.5808
05-JAN-2026,SPCENET,6.80,6.79,0.0015,0.0360,0.0359,0.6859
05-JAN-2026,SPECIALITY,112.15,109.05,0.0280,0.0245,0.0245,0.4681
05-JAN-2026,SPECTRUM,1189.60,1218.80,-0.0242,0.0218,0.0218,0.4165
05-JAN-2026,SPENCERS,41.14,41.67,-0.0128,0.0254,0.0254,0.4853
05-JAN-2026,SPIC,82.14,84.01,-0.0225,0.0264,0.0264,0.5044
05-JAN-2026,SPLIL,34.03,34.19,-0.0047,0.0253,0.0252,0.4814
05-JAN-2026,SPLPETRO,642.65,646.90,-0.0066,0.0218,0.0217,0.4146
05-JAN-2026,SPMLINFRA,186.20,187.40,-0.0064,0.0316,0.0315,0.6018
05-JAN-2026,SPORTKING,86.65,87.06,-0.0047,0.0283,0.0282,0.5388
05-JAN-2026,SRD,67.19,67.18,0.0001,0.0247,0.0246,0.4700
05-JAN-2026,SREEL,218.05,220.40,-0.0107,0.0186,0.0186,0.3554
05-JAN-2026,SRF,3089.30,3059.30,0.0098,0.0159,0.0159,0.3038
05-JAN-2026,SRGHFL,283.20,286.60,-0.0119,0.0237,0.0236,0.4509
05-JAN-2026,SRHHYPOLTD,515.35,517.60,-0.0044,0.0269,0.0269,0.5139
05-JAN-2026,SRM,528.75,533.40,-0.0088,0.0297,0.0296,0.5655
05-JAN-2026,SRPL,0.66,0.66,0.0000,0.0293,0.0292,0.5579
05-JAN-2026,SSDL,78.19,78.17,0.0003,0.0177,0.0176,0.3362
05-JAN-2026,SSWL,213.90,210.90,0.0141,0.0210,0.0210,0.4012
05-JAN-2026,STALLION,244.90,257.85,-0.0515,0.0404,0.0405,0.7738
05-JAN-2026,STANLEY,194.60,191.95,0.0137,0.0196,0.0195,0.3725
05-JAN-2026,STAR,950.65,900.75,0.0539,0.0274,0.0276,0.5273
05-JAN-2026,STARCEMENT,223.40,222.50,0.0040,0.0203,0.0202,0.3859
05-JAN-2026,STARHEALTH,458.80,459.75,-0.0021,0.0164,0.0163,0.3114
05-JAN-2026,STARPAPER,163.35,165.30,-0.0119,0.0173,0.0173,0.3305
05-JAN-2026,STARTECK,279.75,291.10,-0.0398,0.0248,0.0249,0.4757
05-JAN-2026,STCINDIA,127.15,128.15,-0.0078,0.0317,0.0316,0.6037
05-JAN-2026,STCL,9.25,9.25,0.0000,0.0000,0.0000,0.0000
05-JAN-2026,STEADFAST,14.90,14.90,0.0000,0.0000,0.0000,0.0000
05-JAN-2026,STEELCAS,209.60,210.30,-0.0033,0.0265,0.0265,0.5063
05-JAN-2026,STEELCITY,91.29,92.15,-0.0094,0.0224,0.0224,0.4280
05-JAN-2026,STEELXIND,9.12,9.37,-0.0270,0.0267,0.0267,0.5101
05-JAN-2026,STEL,485.05,493.35,-0.0170,0.0277,0.0276,0.5273
05-JAN-2026,STERTOOLS,271.40,280.15,-0.0317,0.0274,0.0274,0.5235
05-JAN-2026,STLNETWORK,22.36,22.74,-0.0169,0.0187,0.0187,0.3573
05-JAN-2026,STLTECH,102.10,103.65,-0.0151,0.0319,0.0319,0.6094
05-JAN-2026,STOVEKRAFT,589.35,592.90,-0.0060,0.0269,0.0268,0.5120
05-JAN-2026,STUDDS,541.30,542.20,-0.0017,0.0065,0.0065,0.1242
05-JAN-2026,STYL,279.00,282.45,-0.0123,0.0114,0.0114,0.2178
05-JAN-2026,STYLAMIND,2188.70,2207.65,-0.0086,0.0257,0.0256,0.4891
05-JAN-2026,STYLEBAAZA,262.00,285.70,-0.0866,0.0283,0.0289,0.5521
05-JAN-2026,STYRENIX,1975.80,2035.40,-0.0297,0.0202,0.0203,0.3878
05-JAN-2026,SUBEXLTD,11.46,11.72,-0.0224,0.0282,0.0282,0.5388
05-JAN-2026,SUBROS,909.60,902.65,0.0077,0.0300,0.0300,0.5731
05-JAN-2026,SUDARSCHEM,966.95,960.05,0.0072,0.0233,0.0233,0.4451
05-JAN-2026,SUDEEPPHRM,597.50,596.80,0.0012,0.0095,0.0095,0.1815
05-JAN-2026,SUKHJITS,192.50,185.15,0.0389,0.0214,0.0216,0.4127
05-JAN-2026,SULA,214.30,218.20,-0.0180,0.0184,0.0184,0.3515
05-JAN-2026,SUMEETINDS,29.29,29.80,-0.0173,0.0271,0.0270,0.5158
05-JAN-2026,SUMICHEM,479.35,468.70,0.0225,0.0200,0.0200,0.3821
05-JAN-2026,SUMIT,64.91,65.32,-0.0063,0.0308,0.0307,0.5865
05-JAN-2026,SUMMITSEC,1938.00,1929.05,0.0046,0.0269,0.0268,0.5120
05-JAN-2026,SUNAYANA,34.00,34.00,0.0000,0.0000,0.0000,0.0000
05-JAN-2026,SUNCLAY,1230.55,1255.80,-0.0203,0.0242,0.0242,0.4623
05-JAN-2026,SUNDARAM,1.81,1.80,0.0055,0.0247,0.0247,0.4719
05-JAN-2026,SUNDARMFIN,5363.65,5293.05,0.0133,0.0213,0.0213,0.4069
05-JAN-2026,SUNDRMBRAK,694.35,693.80,0.0008,0.0281,0.0280,0.5349
05-JAN-2026,SUNDRMFAST,939.00,941.85,-0.0030,0.0152,0.0151,0.2885
05-JAN-2026,SUNDROP,705.35,725.20,-0.0278,0.0219,0.0219,0.4184
05-JAN-2026,SUNFLAG,268.40,273.45,-0.0186,0.0258,0.0257,0.4910
05-JAN-2026,SUNPHARMA,1728.95,1728.10,0.0005,0.0117,0.0117,0.2235
05-JAN-2026,SUNTECK,422.20,431.40,-0.0216,0.0235,0.0234,0.4471
05-JAN-2026,SUNTV,585.20,582.85,0.0040,0.0181,0.0181,0.3458
05-JAN-2026,SUPERHOUSE,155.10,146.60,0.0564,0.0239,0.0242,0.4623
05-JAN-2026,SUPERSPIN,8.01,8.08,-0.0087,0.0278,0.0278,0.5311
05-JAN-2026,SUPRAJIT,475.70,473.60,0.0044,0.0202,0.0202,0.3859
05-JAN-2026,SUPREME,72.25,71.81,0.0061,0.0299,0.0298,0.5693
05-JAN-2026,SUPREMEENG,1.40,1.34,0.0438,0.0313,0.0313,0.5980
05-JAN-2026,SUPREMEIND,3594.05,3534.15,0.0168,0.0206,0.0206,0.3936
05-JAN-2026,SUPREMEINF,87.78,86.94,0.0096,0.0334,0.0333,0.6362
05-JAN-2026,SUPRIYA,744.75,750.55,-0.0078,0.0263,0.0262,0.5006
05-JAN-2026,SURAJEST,257.60,261.45,-0.0148,0.0288,0.0287,0.5483
05-JAN-2026,SURAJLTD,245.70,243.75,0.0080,0.0236,0.0236,0.4509
05-JAN-2026,SURAKSHA,275.25,276.60,-0.0049,0.0168,0.0167,0.3191
05-JAN-2026,SURANASOL,27.04,27.89,-0.0310,0.0260,0.0261,0.4986
05-JAN-2026,SURANAT&P,20.02,19.76,0.0131,0.0315,0.0314,0.5999
05-JAN-2026,SURYALAXMI,59.28,58.44,0.0143,0.0258,0.0257,0.4910
05-JAN-2026,SURYAROSNI,280.15,278.30,0.0066,0.0267,0.0267,0.5101
05-JAN-2026,SURYODAY,142.70,143.95,-0.0087,0.0259,0.0259,0.4948
05-JAN-2026,SUTLEJTEX,31.35,31.70,-0.0111,0.0262,0.0262,0.5006
05-JAN-2026,SUVEN,161.90,164.80,-0.0178,0.0316,0.0316,0.6037
05-JAN-2026,SUVIDHAA,3.63,3.67,-0.0110,0.0307,0.0306,0.5846
05-JAN-2026,SUYOG,617.25,616.85,0.0006,0.0280,0.0279,0.5330
05-JAN-2026,SUZLON,53.67,54.28,-0.0113,0.0244,0.0243,0.4643
05-JAN-2026,SVLL,699.50,699.70,-0.0003,0.0255,0.0255,0.4872
05-JAN-2026,SVPGLOB,4.08,3.95,0.0324,0.0350,0.0350,0.6687
05-JAN-2026,SWANCORP,472.40,462.85,0.0204,0.0289,0.0289,0.5521
05-JAN-2026,SWANDEF,1614.45,1558.90,0.0350,0.0245,0.0246,0.4700
05-JAN-2026,SWARAJENG,3688.15,3690.80,-0.0007,0.0217,0.0216,0.4127
05-JAN-2026,SWELECTES,610.05,617.45,-0.0121,0.0342,0.0341,0.6515
05-JAN-2026,SWIGGY,378.40,387.20,-0.0230,0.0231,0.0231,0.4413
05-JAN-2026,SWSOLAR,215.50,218.25,-0.0127,0.0279,0.0278,0.5311
05-JAN-2026,SYMPHONY,920.20,916.00,0.0046,0.0190,0.0189,0.3611
05-JAN-2026,SYNCOMF,14.18,14.46,-0.0196,0.0256,0.0255,0.4872
05-JAN-2026,SYNGENE,655.40,658.40,-0.0046,0.0166,0.0165,0.3152
05-JAN-2026,SYRMA,750.25,741.90,0.0112,0.0285,0.0285,0.5445
05-JAN-2026,SYSTMTXC,135.60,141.85,-0.0451,0.0319,0.0320,0.6114
05-JAN-2026,TAINWALCHM,189.25,193.35,-0.0214,0.0349,0.0348,0.6649
05-JAN-2026,TAJGVK,418.15,420.65,-0.0060,0.0266,0.0265,0.5063
05-JAN-2026,TAKE,40.60,40.51,0.0022,0.0315,0.0314,0.5999
05-JAN-2026,TALBROAUTO,273.90,276.30,-0.0087,0.0267,0.0266,0.5082
05-JAN-2026,TANLA,524.15,530.50,-0.0120,0.0261,0.0260,0.4967
05-JAN-2026,TARACHAND,77.33,79.61,-0.0291,0.0294,0.0294,0.5617
05-JAN-2026,TARANGINI,1.00,1.00,0.0000,0.0000,0.0000,0.0000
05-JAN-2026,TARAPUR,29.09,29.74,-0.0221,0.0333,0.0333,0.6362
05-JAN-2026,TARC,180.20,176.30,0.0219,0.0287,0.0286,0.5464
05-JAN-2026,TARIL,324.55,336.40,-0.0359,0.0381,0.0381,0.7279
05-JAN-2026,TARINIENT,33.50,33.50,0.0000,0.1421,0.1417,2.7072
05-JAN-2026,TARMAT,50.88,51.12,-0.0047,0.0274,0.0274,0.5235
05-JAN-2026,TARSONS,230.45,235.25,-0.0206,0.0247,0.0247,0.4719
05-JAN-2026,TASTYBITE,7771.35,7893.35,-0.0156,0.0196,0.0196,0.3745
05-JAN-2026,TATACAP,359.60,359.10,0.0014,0.0069,0.0069,0.1318
05-JAN-2026,TATACHEM,746.45,755.25,-0.0117,0.0163,0.0163,0.3114
05-JAN-2026,TATACOMM,1803.00,1790.25,0.0071,0.0178,0.0177,0.3382
05-JAN-2026,TATACONSUM,1182.10,1170.70,0.0097,0.0134,0.0134,0.2560
05-JAN-2026,TATAELXSI,5363.45,5337.50,0.0049,0.0182,0.0182,0.3477
05-JAN-2026,TATAGOLD,13.25,13.11,0.0106,0.0113,0.0113,0.2159
05-JAN-2026,TATAINVEST,697.75,703.60,-0.0083,0.0274,0.0274,0.5235
05-JAN-2026,TATAPOWER,388.85,393.10,-0.0109,0.0158,0.0158,0.3019
05-JAN-2026,TATASTEEL,185.70,182.90,0.0152,0.0168,0.0168,0.3210
05-JAN-2026,TATATECH,651.05,655.95,-0.0075,0.0150,0.0149,0.2847
05-JAN-2026,TATSILV,22.88,22.57,0.0136,0.0196,0.0196,0.3745
05-JAN-2026,TATVA,1339.75,1388.80,-0.0360,0.0291,0.0291,0.5560
05-JAN-2026,TBOTEK,1647.60,1638.15,0.0058,0.0238,0.0238,0.4547
05-JAN-2026,TBZ,164.20,167.30,-0.0187,0.0278,0.0277,0.5292
05-JAN-2026,TCI,1079.50,1082.05,-0.0024,0.0174,0.0173,0.3305
05-JAN-2026,TCIEXP,582.55,590.85,-0.0141,0.0187,0.0187,0.3573
05-JAN-2026,TCIFINANCE,31.65,30.15,0.0486,0.0361,0.0361,0.6897
05-JAN-2026,TCPLPACK,2995.95,3006.00,-0.0033,0.0233,0.0233,0.4451
05-JAN-2026,TCS,3216.10,3250.70,-0.0107,0.0121,0.0121,0.2312
05-JAN-2026,TDPOWERSYS,694.30,684.75,0.0139,0.0293,0.0293,0.5598
05-JAN-2026,TEAMGTY,293.90,293.65,0.0009,0.0380,0.0379,0.7241
05-JAN-2026,TEAMLEASE,1586.35,1575.20,0.0071,0.0174,0.0174,0.3324
05-JAN-2026,TECH,40.69,41.26,-0.0139,0.0119,0.0119,0.2273
05-JAN-2026,TECHM,1596.90,1612.00,-0.0094,0.0147,0.0147,0.2808
05-JAN-2026,TECHNOE,1095.55,1111.25,-0.0142,0.0273,0.0273,0.5216
05-JAN-2026,TECILCHEM,18.47,18.73,-0.0140,0.0899,0.0897,1.7137
05-JAN-2026,TEGA,1906.30,1950.05,-0.0227,0.0216,0.0216,0.4127
05-JAN-2026,TEJASNET,449.55,453.25,-0.0082,0.0274,0.0273,0.5216
05-JAN-2026,TEMBO,624.80,607.75,0.0277,0.0317,0.0317,0.6056
05-JAN-2026,TENNIND,544.05,543.95,0.0002,0.0102,0.0102,0.1949
05-JAN-2026,TERASOFT,440.10,418.85,0.0495,0.0345,0.0346,0.6610
05-JAN-2026,TEXINFRA,99.25,99.80,-0.0055,0.0253,0.0253,0.4834
05-JAN-2026,TEXMOPIPES,49.05,49.15,-0.0020,0.0241,0.0241,0.4604
05-JAN-2026,TEXRAIL,136.35,138.20,-0.0135,0.0277,0.0277,0.5292
05-JAN-2026,TFCILTD,66.28,55.16,0.1837,0.0320,0.0344,0.6572
05-JAN-2026,TFL,16.05,16.10,-0.0031,0.0369,0.0368,0.7031
05-JAN-2026,TGBHOTELS,9.60,9.59,0.0010,0.0277,0.0276,0.5273
05-JAN-2026,THANGAMAYL,3337.40,3229.50,0.0329,0.0310,0.0311,0.5942
05-JAN-2026,THEINVEST,112.15,116.95,-0.0419,0.0257,0.0259,0.4948
05-JAN-2026,THEJO,1695.60,1703.00,-0.0044,0.0246,0.0246,0.4700
05-JAN-2026,THELEELA,433.15,445.15,-0.0273,0.0136,0.0137,0.2617
05-JAN-2026,THEMISMED,100.25,102.50,-0.0222,0.0337,0.0337,0.6438
05-JAN-2026,THERMAX,3070.60,3025.90,0.0147,0.0212,0.0212,0.4050
05-JAN-2026,THOMASCOOK,144.15,145.00,-0.0059,0.0278,0.0277,0.5292
05-JAN-2026,THOMASCOTT,342.30,358.60,-0.0465,0.0330,0.0331,0.6324
05-JAN-2026,THYROCARE,461.90,459.20,0.0059,0.0257,0.0256,0.4891
05-JAN-2026,TI,459.50,459.00,0.0011,0.0300,0.0299,0.5712
05-JAN-2026,TICL,25.41,24.41,0.0401,0.0352,0.0353,0.6744
05-JAN-2026,TIGERLOGS,36.14,36.55,-0.0113,0.0321,0.0320,0.6114
05-JAN-2026,TIIL,2269.85,2282.45,-0.0055,0.0262,0.0261,0.4986
05-JAN-2026,TIINDIA,2530.00,2597.70,-0.0264,0.0207,0.0208,0.3974
05-JAN-2026,TIJARIA,4.40,4.31,0.0207,0.0320,0.0319,0.6094
05-JAN-2026,TIL,271.00,272.40,-0.0052,0.0284,0.0283,0.5407
05-JAN-2026,TIMETECHNO,188.05,196.50,-0.0440,0.0274,0.0275,0.5254
05-JAN-2026,TIMKEN,3086.65,3052.15,0.0112,0.0189,0.0189,0.3611
05-JAN-2026,TINNARUBR,767.45,784.05,-0.0214,0.0276,0.0276,0.5273
05-JAN-2026,TIPSFILMS,422.55,431.35,-0.0206,0.0337,0.0336,0.6419
05-JAN-2026,TIPSMUSIC,545.45,551.65,-0.0113,0.0229,0.0229,0.4375
05-JAN-2026,TIRUMALCHM,229.40,235.35,-0.0256,0.0247,0.0247,0.4719
05-JAN-2026,TIRUPATIFL,38.11,36.27,0.0495,0.0331,0.0332,0.6343
05-JAN-2026,TITAGARH,883.30,890.40,-0.0080,0.0264,0.0264,0.5044
05-JAN-2026,TITAN,4079.70,4051.70,0.0069,0.0128,0.0128,0.2445
05-JAN-2026,TMB,535.10,527.80,0.0137,0.0132,0.0132,0.2522
05-JAN-2026,TMCV,426.45,442.25,-0.0364,0.0091,0.0094,0.1796
05-JAN-2026,TMPV,373.55,370.35,0.0086,0.0174,0.0174,0.3324
05-JAN-2026,TNIDETF,98.25,99.13,-0.0089,0.0104,0.0104,0.1987
05-JAN-2026,TNPETRO,105.35,105.70,-0.0033,0.0238,0.0237,0.4528
05-JAN-2026,TNPL,144.75,146.05,-0.0089,0.0219,0.0218,0.4165
05-JAN-2026,TNTELE,10.02,10.08,-0.0060,0.0370,0.0369,0.7050
05-JAN-2026,TOKYOPLAST,109.60,111.90,-0.0208,0.0242,0.0242,0.4623
05-JAN-2026,TOLINS,135.75,139.10,-0.0244,0.0270,0.0270,0.5158
05-JAN-2026,TOP100CASE,11.19,11.23,-0.0036,0.0066,0.0066,0.1261
05-JAN-2026,TOP10ADD,100.98,101.46,-0.0047,0.0077,0.0077,0.1471
05-JAN-2026,TOP15IETF,11.11,11.10,0.0009,0.0034,0.0034,0.0650
05-JAN-2026,TOP20,9.71,9.71,0.0000,0.0012,0.0012,0.0229
05-JAN-2026,TORNTPHARM,3869.80,3885.30,-0.0040,0.0130,0.0129,0.2465
05-JAN-2026,TORNTPOWER,1403.80,1399.30,0.0032,0.0209,0.0208,0.3974
05-JAN-2026,TOTAL,76.10,76.74,-0.0084,0.0288,0.0288,0.5502
05-JAN-2026,TOUCHWOOD,103.58,105.74,-0.0206,0.0313,0.0312,0.5961
05-JAN-2026,TPHQ,0.67,0.64,0.0458,0.0366,0.0366,0.6992
05-JAN-2026,TPLPLASTEH,66.17,66.01,0.0024,0.0260,0.0259,0.4948
05-JAN-2026,TRACXN,40.42,40.53,-0.0027,0.0231,0.0231,0.4413
05-JAN-2026,TRANSGLOB,735.00,735.00,0.0000,0.0006,0.0006,0.0115
05-JAN-2026,TRANSRAILL,557.65,572.20,-0.0258,0.0248,0.0248,0.4738
05-JAN-2026,TRANSWORLD,192.55,199.15,-0.0337,0.0296,0.0296,0.5655
05-JAN-2026,TRAVELFOOD,1207.75,1179.60,0.0236,0.0127,0.0128,0.2445
05-JAN-2026,TREEHOUSE,7.87,8.15,-0.0350,0.0274,0.0275,0.5254
05-JAN-2026,TREJHARA,228.55,233.60,-0.0219,0.0315,0.0315,0.6018
05-JAN-2026,TREL,27.60,28.39,-0.0282,0.0225,0.0225,0.4299
05-JAN-2026,TRENT,4429.80,4409.55,0.0046,0.0219,0.0219,0.4184
05-JAN-2026,TRF,302.15,305.50,-0.0110,0.0293,0.0292,0.5579
05-JAN-2026,TRIDENT,26.95,27.03,-0.0030,0.0193,0.0192,0.3668
05-JAN-2026,TRIGYN,66.54,67.34,-0.0120,0.0271,0.0270,0.5158
05-JAN-2026,TRITURBINE,538.95,540.75,-0.0033,0.0254,0.0253,0.4834
05-JAN-2026,TRIVENI,380.05,381.20,-0.0030,0.0226,0.0225,0.4299
05-JAN-2026,TRU,8.42,8.38,0.0048,0.0334,0.0333,0.6362
05-JAN-2026,TRUALT,399.55,411.15,-0.0286,0.0150,0.0151,0.2885
05-JAN-2026,TSFINV,457.70,458.90,-0.0026,0.0294,0.0293,0.5598
05-JAN-2026,TTKHLTCARE,1018.80,1028.60,-0.0096,0.0175,0.0175,0.3343
05-JAN-2026,TTKPRESTIG,626.00,614.35,0.0188,0.0160,0.0160,0.3057
05-JAN-2026,TTL,8.50,8.42,0.0095,0.0263,0.0263,0.5025
05-JAN-2026,TTML,49.48,49.79,-0.0062,0.0290,0.0290,0.5540
05-JAN-2026,TVSELECT,440.05,449.00,-0.0201,0.0358,0.0358,0.6840
05-JAN-2026,TVSHLTD,14829.40,14625.05,0.0139,0.0224,0.0224,0.4280
05-JAN-2026,TVSINVIT,110.50,110.50,0.0000,0.0041,0.0041,0.0783
05-JAN-2026,TVSMOTOR,3864.15,3848.35,0.0041,0.0155,0.0155,0.2961
05-JAN-2026,TVSSCS,112.50,114.25,-0.0154,0.0214,0.0214,0.4088
05-JAN-2026,TVSSRICHAK,4400.15,4342.80,0.0131,0.0228,0.0228,0.4356
05-JAN-2026,TVTODAY,139.30,140.55,-0.0089,0.0179,0.0179,0.3420
05-JAN-2026,TVVISION,7.47,7.87,-0.0522,0.0389,0.0389,0.7432
05-JAN-2026,TWCGOLDETF,137.16,131.56,0.0417,0.0003,0.0030,0.0573
05-JAN-2026,UBL,1587.70,1596.40,-0.0055,0.0129,0.0129,0.2465
05-JAN-2026,UCAL,113.85,110.90,0.0263,0.0228,0.0228,0.4356
05-JAN-2026,UCOBANK,29.92,30.51,-0.0195,0.0226,0.0226,0.4318
05-JAN-2026,UDDHAV,10.00,10.00,0.0000,0.0000,0.0000,0.0000
05-JAN-2026,UDS,187.55,191.30,-0.0198,0.0246,0.0245,0.4681
05-JAN-2026,UEL,129.05,135.20,-0.0466,0.0817,0.0816,1.5590
05-JAN-2026,UFBL,222.00,216.10,0.0269,0.0237,0.0237,0.4528
05-JAN-2026,UFLEX,490.05,498.65,-0.0174,0.0190,0.0190,0.3630
05-JAN-2026,UFO,80.59,81.77,-0.0145,0.0271,0.0270,0.5158
05-JAN-2026,UGARSUGAR,41.72,41.72,0.0000,0.0236,0.0235,0.4490
05-JAN-2026,UGROCAP,171.20,176.55,-0.0308,0.0217,0.0217,0.4146
05-JAN-2026,UJJIVANSFB,58.44,55.71,0.0478,0.0216,0.0218,0.4165
05-JAN-2026,ULL,10.00,10.00,0.0000,0.0000,0.0000,0.0000
05-JAN-2026,ULTRACEMCO,12086.90,11898.95,0.0157,0.0124,0.0124,0.2369
05-JAN-2026,UMAEXPORTS,38.09,39.62,-0.0394,0.0300,0.0300,0.5731
05-JAN-2026,UMESLTD,5.09,4.98,0.0218,0.0273,0.0273,0.5216
05-JAN-2026,UMIYA-MRO,87.11,87.62,-0.0058,0.0328,0.0327,0.6247
05-JAN-2026,UNICHEMLAB,433.85,441.90,-0.0184,0.0227,0.0227,0.4337
05-JAN-2026,UNIDT,200.70,201.50,-0.0040,0.0240,0.0240,0.4585
05-JAN-2026,UNIECOM,117.15,121.05,-0.0327,0.0240,0.0240,0.4585
05-JAN-2026,UNIENTER,148.35,145.55,0.0191,0.0210,0.0210,0.4012
05-JAN-2026,UNIINFO,16.48,16.24,0.0147,0.0328,0.0327,0.6247
05-JAN-2026,UNIMECH,906.45,910.95,-0.0050,0.0217,0.0216,0.4127
05-JAN-2026,UNIONBANK,162.35,156.70,0.0354,0.0207,0.0208,0.3974
05-JAN-2026,UNIONGOLD,133.55,132.37,0.0089,0.0124,0.0124,0.2369
05-JAN-2026,UNIPARTS,497.10,497.05,0.0001,0.0218,0.0217,0.4146
05-JAN-2026,UNITDSPR,1375.50,1381.60,-0.0044,0.0142,0.0142,0.2713
05-JAN-2026,UNITECH,5.86,5.95,-0.0152,0.0297,0.0296,0.5655
05-JAN-2026,UNITEDPOLY,29.27,27.88,0.0487,0.0332,0.0333,0.6362
05-JAN-2026,UNITEDTEA,475.65,458.10,0.0376,0.0217,0.0218,0.4165
05-JAN-2026,UNIVAFOODS,10.37,13.53,-0.2660,0.1180,0.1192,2.2773
05-JAN-2026,UNIVASTU,68.61,69.10,-0.0071,0.0287,0.0286,0.5464
05-JAN-2026,UNIVCABLES,940.15,956.90,-0.0177,0.0293,0.0292,0.5579
05-JAN-2026,UNIVPHOTO,223.50,224.20,-0.0031,0.0299,0.0298,0.5693
05-JAN-2026,UNOMINDA,1336.60,1321.20,0.0116,0.0209,0.0209,0.3993
05-JAN-2026,UPL,805.10,804.65,0.0006,0.0164,0.0163,0.3114
05-JAN-2026,URAVIDEF,198.45,189.00,0.0488,0.0289,0.0291,0.5560
05-JAN-2026,URBANCO,138.25,132.70,0.0410,0.0158,0.0160,0.3057
05-JAN-2026,URJA,11.15,11.37,-0.0195,0.0238,0.0238,0.4547
05-JAN-2026,USHAMART,456.20,451.30,0.0108,0.0241,0.0241,0.4604
05-JAN-2026,USK,23.34,23.82,-0.0204,0.0296,0.0296,0.5655
05-JAN-2026,UTIAMC,1137.80,1127.75,0.0089,0.0201,0.0200,0.3821
05-JAN-2026,UTKARSHBNK,15.12,15.34,-0.0144,0.0267,0.0267,0.5101
05-JAN-2026,UTLSOLAR,225.05,224.70,0.0016,0.0091,0.0091,0.1739
05-JAN-2026,UTSAV,590.10,590.10,0.0000,0.0010,0.0010,0.0191
05-JAN-2026,UTTAMSUGAR,252.35,253.20,-0.0034,0.0248,0.0247,0.4719
05-JAN-2026,UYFINCORP,14.38,14.03,0.0246,0.0325,0.0325,0.6209
05-JAN-2026,V2RETAIL,2390.90,2438.40,-0.0197,0.0281,0.0280,0.5349
05-JAN-2026,VADILALIND,4897.65,4861.85,0.0073,0.0269,0.0268,0.5120
05-JAN-2026,VAIBHAVGBL,234.25,237.85,-0.0153,0.0248,0.0248,0.4738
05-JAN-2026,VAISHALI,9.43,8.74,0.0760,0.0294,0.0298,0.5693
05-JAN-2026,VAKRANGEE,7.91,7.99,-0.0101,0.0295,0.0295,0.5636
05-JAN-2026,VAL30IETF,15.30,15.30,0.0000,0.0094,0.0094,0.1796
05-JAN-2026,VALIANTLAB,70.60,69.40,0.0171,0.0257,0.0257,0.4910
05-JAN-2026,VALIANTORG,271.75,278.05,-0.0229,0.0275,0.0274,0.5235
05-JAN-2026,VARDHACRLC,38.32,38.98,-0.0171,0.0230,0.0230,0.4394
05-JAN-2026,VARDMNPOLY,6.14,6.23,-0.0146,0.0319,0.0319,0.6094
05-JAN-2026,VARROC,627.05,610.80,0.0263,0.0227,0.0227,0.4337
05-JAN-2026,VASCONEQ,45.59,46.65,-0.0230,0.0326,0.0326,0.6228
05-JAN-2026,VASWANI,59.18,60.06,-0.0148,0.0380,0.0380,0.7260
05-JAN-2026,VBL,488.70,493.80,-0.0104,0.0195,0.0194,0.3706
05-JAN-2026,VCL,2.35,2.24,0.0479,0.0342,0.0343,0.6553
05-JAN-2026,VEDL,615.65,616.95,-0.0021,0.0189,0.0189,0.3611
05-JAN-2026,VEEDOL,1634.20,1642.25,-0.0049,0.0188,0.0188,0.3592
05-JAN-2026,VENKEYS,1587.60,1605.95,-0.0115,0.0201,0.0201,0.3840
05-JAN-2026,VENTIVE,763.25,748.05,0.0201,0.0192,0.0192,0.3668
05-JAN-2026,VENUSPIPES,1179.25,1206.85,-0.0231,0.0242,0.0242,0.4623
05-JAN-2026,VENUSREM,762.80,779.65,-0.0218,0.0310,0.0310,0.5923
05-JAN-2026,VERANDA,211.40,217.45,-0.0282,0.0333,0.0333,0.6362
05-JAN-2026,VERTIS,108.00,108.11,-0.0010,0.0049,0.0049,0.0936
05-JAN-2026,VERTOZ,69.58,69.80,-0.0032,0.0282,0.0281,0.5368
05-JAN-2026,VESUVIUS,485.30,481.40,0.0081,0.0211,0.0211,0.4031
05-JAN-2026,VETO,114.60,114.35,0.0022,0.0263,0.0262,0.5006
05-JAN-2026,VGL,148.30,152.35,-0.0269,0.0280,0.0280,0.5349
05-JAN-2026,VGUARD,330.85,330.75,0.0003,0.0153,0.0153,0.2923
05-JAN-2026,VHL,3672.85,3601.75,0.0195,0.0237,0.0237,0.4528
05-JAN-2026,VHLTD,135.30,137.15,-0.0136,0.0199,0.0199,0.3802
05-JAN-2026,VIDHIING,332.40,337.75,-0.0160,0.0221,0.0221,0.4222
05-JAN-2026,VIDYAWIRES,49.67,50.13,-0.0092,0.0054,0.0055,0.1051
05-JAN-2026,VIJAYA,1055.90,1059.20,-0.0031,0.0248,0.0248,0.4738
05-JAN-2026,VIJIFIN,2.82,2.74,0.0288,0.0357,0.0356,0.6801
05-JAN-2026,VIKASECO,1.72,1.77,-0.0287,0.0255,0.0255,0.4872
05-JAN-2026,VIKASLIFE,1.89,1.93,-0.0209,0.0249,0.0249,0.4757
05-JAN-2026,VIKRAMSOLR,239.70,239.80,-0.0004,0.0134,0.0133,0.2541
05-JAN-2026,VIKRAN,97.50,99.15,-0.0168,0.0177,0.0177,0.3382
05-JAN-2026,VIMTALABS,619.55,610.15,0.0153,0.0362,0.0361,0.6897
05-JAN-2026,VINATIORGA,1615.20,1601.15,0.0087,0.0154,0.0154,0.2942
05-JAN-2026,VINCOFE,162.20,160.65,0.0096,0.0267,0.0266,0.5082
05-JAN-2026,VINDHYATEL,1392.75,1418.05,-0.0180,0.0233,0.0232,0.4432
05-JAN-2026,VINEET-RE,1.47,2.45,-0.5108,0.0357,0.0507,0.9686
05-JAN-2026,VINEETLAB,35.31,34.41,0.0258,0.0306,0.0306,0.5846
05-JAN-2026,VINNY,1.25,1.26,-0.0080,0.0286,0.0285,0.5445
05-JAN-2026,VINYLINDIA,238.45,240.65,-0.0092,0.0227,0.0226,0.4318
05-JAN-2026,VIPCLOTHNG,31.06,31.39,-0.0106,0.0277,0.0277,0.5292
05-JAN-2026,VIPIND,385.40,388.45,-0.0079,0.0242,0.0242,0.4623
05-JAN-2026,VIPULLTD,11.52,11.77,-0.0215,0.0374,0.0373,0.7126
05-JAN-2026,VIRINCHI,23.47,23.90,-0.0182,0.0277,0.0276,0.5273
05-JAN-2026,VISAKAIND,70.55,72.03,-0.0208,0.0264,0.0264,0.5044
05-JAN-2026,VISASTEEL,50.17,52.71,-0.0494,0.0324,0.0325,0.6209
05-JAN-2026,VISHNU,564.80,559.90,0.0087,0.0246,0.0246,0.4700
05-JAN-2026,VISHWARAJ,6.95,6.92,0.0043,0.0228,0.0227,0.4337
05-JAN-2026,VISISTH,5.25,5.25,0.0000,0.0004,0.0004,0.0076
05-JAN-2026,VIVIDHA,0.60,0.63,-0.0488,0.0274,0.0275,0.5254
05-JAN-2026,VIVIMEDLAB,13.61,15.12,-0.1052,0.1168,0.1168,2.2315
05-JAN-2026,VLEGOV,19.76,19.83,-0.0035,0.0336,0.0335,0.6400
05-JAN-2026,VLSFINANCE,299.75,303.30,-0.0118,0.0296,0.0296,0.5655
05-JAN-2026,VMART,735.80,701.35,0.0480,0.0225,0.0227,0.4337
05-JAN-2026,VMM,134.55,135.95,-0.0104,0.0168,0.0167,0.3191
05-JAN-2026,VMSTMT,53.79,54.91,-0.0206,0.0134,0.0134,0.2560
05-JAN-2026,VOLTAMP,7790.00,7876.90,-0.0111,0.0277,0.0276,0.5273
05-JAN-2026,VOLTAS,1476.80,1430.20,0.0321,0.0189,0.0189,0.3611
05-JAN-2026,VPL,360.50,360.50,0.0000,0.0301,0.0300,0.5731
05-JAN-2026,VPRPL,50.56,50.86,-0.0059,0.0301,0.0301,0.5751
05-JAN-2026,VRAJ,136.60,131.70,0.0365,0.0208,0.0209,0.3993
05-JAN-2026,VRLLOG,266.25,268.55,-0.0086,0.0178,0.0178,0.3401
05-JAN-2026,VSSL,282.70,286.75,-0.0142,0.0243,0.0243,0.4643
05-JAN-2026,VSTIND,249.90,251.05,-0.0046,0.0188,0.0187,0.3573
05-JAN-2026,VSTL,135.05,136.80,-0.0129,0.0270,0.0269,0.5139
05-JAN-2026,VSTTILLERS,6183.45,6129.70,0.0087,0.0215,0.0214,0.4088
05-JAN-2026,VTL,435.15,436.10,-0.0022,0.0227,0.0227,0.4337
05-JAN-2026,WAAREEENER,2714.30,2866.30,-0.0545,0.0256,0.0258,0.4929
05-JAN-2026,WAAREEINDO,487.10,512.65,-0.0511,0.4059,0.4049,7.7356
05-JAN-2026,WAAREERTL,953.80,976.65,-0.0237,0.0331,0.0331,0.6324
05-JAN-2026,WABAG,1284.30,1291.60,-0.0057,0.0243,0.0243,0.4643
05-JAN-2026,WAKEFIT,175.80,179.35,-0.0200,0.0049,0.0051,0.0974
05-JAN-2026,WALCHANNAG,187.25,187.95,-0.0037,0.0351,0.0351,0.6706
05-JAN-2026,WANBURY,226.60,236.00,-0.0406,0.0296,0.0297,0.5674
05-JAN-2026,WCIL,120.10,120.15,-0.0004,0.0207,0.0207,0.3955
05-JAN-2026,WEALTH,921.60,925.15,-0.0038,0.0321,0.0320,0.6114
05-JAN-2026,WEBELSOLAR,87.04,88.48,-0.0164,0.0341,0.0340,0.6496
05-JAN-2026,WEIZMANIND,97.20,96.49,0.0073,0.0261,0.0261,0.4986
05-JAN-2026,WEL,156.80,153.75,0.0196,0.0335,0.0334,0.6381
05-JAN-2026,WELCORP,802.70,802.70,0.0000,0.0232,0.0231,0.4413
05-JAN-2026,WELENT,503.70,509.95,-0.0123,0.0234,0.0233,0.4451
05-JAN-2026,WELINV,1276.35,1309.70,-0.0258,0.0388,0.0387,0.7394
05-JAN-2026,WELSPUNLIV,131.70,132.40,-0.0053,0.0278,0.0277,0.5292
05-JAN-2026,WENDT,7792.15,7860.90,-0.0088,0.0252,0.0251,0.4795
05-JAN-2026,WESTLIFE,547.60,538.65,0.0165,0.0194,0.0194,0.3706
05-JAN-2026,WEWIN,46.75,45.96,0.0170,0.0363,0.0362,0.6916
05-JAN-2026,WEWORK,610.85,618.55,-0.0125,0.0072,0.0072,0.1376
05-JAN-2026,WHEELS,869.25,884.70,-0.0176,0.0210,0.0210,0.4012
05-JAN-2026,WHIRLPOOL,915.55,904.55,0.0121,0.0248,0.0247,0.4719
05-JAN-2026,WILLAMAGOR,31.25,31.00,0.0080,0.0323,0.0322,0.6152
05-JAN-2026,WINDLAS,796.40,788.90,0.0095,0.0266,0.0266,0.5082
05-JAN-2026,WINDMACHIN,268.65,273.15,-0.0166,0.0303,0.0302,0.5770
05-JAN-2026,WINMORE,9.40,9.40,0.0000,0.0000,0.0000,0.0000
05-JAN-2026,WINSOME,1.84,1.90,-0.0321,0.0730,0.0728,1.3908
05-JAN-2026,WIPL,148.00,146.51,0.0101,0.0255,0.0254,0.4853
05-JAN-2026,WIPRO,263.30,269.00,-0.0214,0.0151,0.0151,0.2885
05-JAN-2026,WOCKPHARMA,1452.40,1406.20,0.0323,0.0338,0.0338,0.6457
05-JAN-2026,WONDERLA,524.85,527.35,-0.0048,0.0202,0.0201,0.3840
05-JAN-2026,WORTHPERI,139.00,138.35,0.0047,0.0271,0.0271,0.5177
05-JAN-2026,WSI,90.23,92.51,-0.0250,0.0310,0.0310,0.5923
05-JAN-2026,WSTCSTPAPR,413.10,419.90,-0.0163,0.0213,0.0213,0.4069
05-JAN-2026,XCHANGING,81.35,82.08,-0.0089,0.0210,0.0209,0.3993
05-JAN-2026,XELPMOC,128.10,128.30,-0.0016,0.0320,0.0319,0.6094
05-JAN-2026,XLTELENE,2.30,2.30,0.0000,0.0001,0.0001,0.0019
05-JAN-2026,XPROINDIA,938.30,980.05,-0.0435,0.0249,0.0250,0.4776
05-JAN-2026,XTGLOBAL,33.76,35.69,-0.0556,0.0335,0.0336,0.6419
05-JAN-2026,YASHO,1387.15,1438.60,-0.0364,0.0226,0.0227,0.4337
05-JAN-2026,YATHARTH,697.25,699.50,-0.0032,0.0238,0.0238,0.4547
05-JAN-2026,YATRA,174.55,174.90,-0.0020,0.0318,0.0317,0.6056
05-JAN-2026,YESBANK,22.83,22.29,0.0239,0.0203,0.0203,0.3878
05-JAN-2026,YUKEN,872.05,885.10,-0.0149,0.0248,0.0247,0.4719
05-JAN-2026,ZAGGLE,345.10,349.95,-0.0140,0.0285,0.0285,0.5445
05-JAN-2026,ZEEL,91.18,91.12,0.0007,0.0261,0.0260,0.4967
05-JAN-2026,ZEELEARN,7.14,7.38,-0.0331,0.0311,0.0311,0.5942
05-JAN-2026,ZEEMEDIA,8.97,9.02,-0.0056,0.0320,0.0319,0.6094
05-JAN-2026,ZENITHEXPO,210.05,210.20,-0.0007,0.0354,0.0353,0.6744
05-JAN-2026,ZENITHSTL,7.23,7.23,0.0000,0.0308,0.0307,0.5865
05-JAN-2026,ZENSARTECH,709.50,699.35,0.0144,0.0224,0.0224,0.4280
05-JAN-2026,ZENTEC,1369.70,1362.40,0.0053,0.0292,0.0291,0.5560
05-JAN-2026,ZFCVINDIA,15118.50,15040.00,0.0052,0.0210,0.0209,0.3993
05-JAN-2026,ZIMLAB,70.33,70.47,-0.0020,0.0301,0.0300,0.5731
05-JAN-2026,ZODIAC,300.80,304.90,-0.0135,0.0279,0.0279,0.5330
05-JAN-2026,ZODIACLOTH,85.23,85.19,0.0005,0.0255,0.0255,0.4872
05-JAN-2026,ZOTA,1533.20,1543.40,-0.0066,0.0272,0.0272,0.5197
05-JAN-2026,ZUARI,324.05,337.35,-0.0402,0.0338,0.0338,0.6457
05-JAN-2026,ZUARIIND,314.25,324.45,-0.0319,0.0326,0.0326,0.6228
05-JAN-2026,ZYDUSLIFE,921.95,916.90,0.0055,0.0142,0.0142,0.2713
05-JAN-2026,ZYDUSWELL,482.65,471.60,0.0232,0.0190,0.0190,0.3630
05-JAN-2026,503893,-,-,-,-,-,-
05-JAN-2026,504370,-,-,-,-,-,-
05-JAN-2026,505032,-,-,-,-,-,-
05-JAN-2026,505585,-,-,-,-,-,-
05-JAN-2026,506024,-,-,-,-,-,-
05-JAN-2026,506120,-,-,-,-,-,-
05-JAN-2026,506162,-,-,-,-,-,-
05-JAN-2026,506580,-,-,-,-,-,-
05-JAN-2026,507543,-,-,-,-,-,-
05-JAN-2026,512004,-,-,-,-,-,-
05-JAN-2026,512060,-,-,-,-,-,-
05-JAN-2026,512147,-,-,-,-,-,-
05-JAN-2026,512157,-,-,-,-,-,-
05-JAN-2026,512195,-,-,-,-,-,-
05-JAN-2026,512245,-,-,-,-,-,-
05-JAN-2026,512265,-,-,-,-,-,-
05-JAN-2026,512291,-,-,-,-,-,-
05-JAN-2026,512303,-,-,-,-,-,-
05-JAN-2026,512431,-,-,-,-,-,-
05-JAN-2026,512433,-,-,-,-,-,-
05-JAN-2026,512439,-,-,-,-,-,-
05-JAN-2026,512445,-,-,-,-,-,-
05-JAN-2026,512461,-,-,-,-,-,-
05-JAN-2026,512505,-,-,-,-,-,-
05-JAN-2026,512517,-,-,-,-,-,-
05-JAN-2026,513012,-,-,-,-,-,-
05-JAN-2026,524046,-,-,-,-,-,-
05-JAN-2026,526331,-,-,-,-,-,-
05-JAN-2026,526349,-,-,-,-,-,-
05-JAN-2026,531597,-,-,-,-,-,-
05-JAN-2026,531610,-,-,-,-,-,-
05-JAN-2026,531685,-,-,-,-,-,-
05-JAN-2026,531696,-,-,-,-,-,-
05-JAN-2026,531946,-,-,-,-,-,-
05-JAN-2026,532138,-,-,-,-,-,-
05-JAN-2026,539253,-,-,-,-,-,-
05-JAN-2026,539983,-,-,-,-,-,-
05-JAN-2026,542931,-,-,-,-,-,-
05-JAN-2026,543859,-,-,-,-,-,-
05-JAN-2026,ACEEXPO,-,-,-,-,-,-
05-JAN-2026,ADBML,-,-,-,-,-,-
05-JAN-2026,ADVENTZSEC,-,-,-,-,-,-
05-JAN-2026,AEL,-,-,-,-,-,-
05-JAN-2026,AGGARSAIN,-,-,-,-,-,-
05-JAN-2026,AGVENTURES,-,-,-,-,-,-
05-JAN-2026,AKASHAGRO,-,-,-,-,-,-
05-JAN-2026,ALIROX,-,-,-,-,-,-
05-JAN-2026,ANKUR,-,-,-,-,-,-
05-JAN-2026,ARIHANTCFL,-,-,-,-,-,-
05-JAN-2026,ASIANLAKTO,-,-,-,-,-,-
05-JAN-2026,ASSOFIN,-,-,-,-,-,-
05-JAN-2026,ATLANTIC,-,-,-,-,-,-
05-JAN-2026,AURUMCAP,-,-,-,-,-,-
05-JAN-2026,AYUSHMAN,-,-,-,-,-,-
05-JAN-2026,BALAJIAGRO,-,-,-,-,-,-
05-JAN-2026,BASANT,-,-,-,-,-,-
05-JAN-2026,BESWASTH,-,-,-,-,-,-
05-JAN-2026,BHAIRAV,-,-,-,-,-,-
05-JAN-2026,BHARAT,-,-,-,-,-,-
05-JAN-2026,BUYRIGHT,-,-,-,-,-,-
05-JAN-2026,CENTRAL,-,-,-,-,-,-
05-JAN-2026,CHAMPION,-,-,-,-,-,-
05-JAN-2026,CHITRAKUT,-,-,-,-,-,-
05-JAN-2026,CREMICA,-,-,-,-,-,-
05-JAN-2026,CRESCENT,-,-,-,-,-,-
05-JAN-2026,DDVENTURES,-,-,-,-,-,-
05-JAN-2026,DEEPJYOTI,-,-,-,-,-,-
05-JAN-2026,DHAVAL,-,-,-,-,-,-
05-JAN-2026,DRFRESH,-,-,-,-,-,-
05-JAN-2026,DRMIND,-,-,-,-,-,-
05-JAN-2026,ELLORA,-,-,-,-,-,-
05-JAN-2026,EMRALD,-,-,-,-,-,-
05-JAN-2026,GANODAYA,-,-,-,-,-,-
05-JAN-2026,GARG,-,-,-,-,-,-
05-JAN-2026,GIKENSEIKI,-,-,-,-,-,-
05-JAN-2026,GOALPOST,-,-,-,-,-,-
05-JAN-2026,HINDAUTO,-,-,-,-,-,-
05-JAN-2026,INDSWFTLTD,-,-,-,-,-,-
05-JAN-2026,ISCCL,-,-,-,-,-,-
05-JAN-2026,ITLFIN,-,-,-,-,-,-
05-JAN-2026,JAGAT,-,-,-,-,-,-
05-JAN-2026,JAINFARM,-,-,-,-,-,-
05-JAN-2026,JCKINFRA,-,-,-,-,-,-
05-JAN-2026,JFL,-,-,-,-,-,-
05-JAN-2026,JFRL,-,-,-,-,-,-
05-JAN-2026,JOML,-,-,-,-,-,-
05-JAN-2026,JPWL,-,-,-,-,-,-
05-JAN-2026,KCCL,-,-,-,-,-,-
05-JAN-2026,KIRTIINV,-,-,-,-,-,-
05-JAN-2026,KRALEASING,-,-,-,-,-,-
05-JAN-2026,KUMARAUTO,-,-,-,-,-,-
05-JAN-2026,LARK,-,-,-,-,-,-
05-JAN-2026,MACORPACK,-,-,-,-,-,-
05-JAN-2026,MARYADACOM,-,-,-,-,-,-
05-JAN-2026,MAYURBHANJ,-,-,-,-,-,-
05-JAN-2026,MEDINOV,-,-,-,-,-,-
05-JAN-2026,MFL,-,-,-,-,-,-
05-JAN-2026,MILIAIND,-,-,-,-,-,-
05-JAN-2026,MORNMEDIA,-,-,-,-,-,-
05-JAN-2026,MPL,-,-,-,-,-,-
05-JAN-2026,NAWRATAN,-,-,-,-,-,-
05-JAN-2026,NEELEC,-,-,-,-,-,-
05-JAN-2026,NIDHISER,-,-,-,-,-,-
05-JAN-2026,OSEINTRUST,-,-,-,-,-,-
05-JAN-2026,PACEAUTO,-,-,-,-,-,-
05-JAN-2026,PARTAPIND,-,-,-,-,-,-
05-JAN-2026,PATBACK,-,-,-,-,-,-
05-JAN-2026,PATNAELECT,-,-,-,-,-,-
05-JAN-2026,PFCSL,-,-,-,-,-,-
05-JAN-2026,PPML,-,-,-,-,-,-
05-JAN-2026,QUALITY,-,-,-,-,-,-
05-JAN-2026,RADICOFIN,-,-,-,-,-,-
05-JAN-2026,RAKAN,-,-,-,-,-,-
05-JAN-2026,RAMPURFERT,-,-,-,-,-,-
05-JAN-2026,RATHIIND,-,-,-,-,-,-
05-JAN-2026,RFHL,-,-,-,-,-,-
05-JAN-2026,RICHNRICH,-,-,-,-,-,-
05-JAN-2026,RISHABHENT,-,-,-,-,-,-
05-JAN-2026,ROADWAYS,-,-,-,-,-,-
05-JAN-2026,RWCL,-,-,-,-,-,-
05-JAN-2026,SARNIMAL,-,-,-,-,-,-
05-JAN-2026,SARVARAYA,-,-,-,-,-,-
05-JAN-2026,SCEL,-,-,-,-,-,-
05-JAN-2026,SELECTRIC,-,-,-,-,-,-
05-JAN-2026,SGEL,-,-,-,-,-,-
05-JAN-2026,SGETL,-,-,-,-,-,-
05-JAN-2026,SHAKUMBHRI,-,-,-,-,-,-
05-JAN-2026,SHREETULSI,-,-,-,-,-,-
05-JAN-2026,SHREEVIJAY,-,-,-,-,-,-
05-JAN-2026,SHREYANS,-,-,-,-,-,-
05-JAN-2026,SIGACHI1,-,-,-,-,-,-
05-JAN-2026,SKYLINE,-,-,-,-,-,-
05-JAN-2026,SKYWEB,-,-,-,-,-,-
05-JAN-2026,SLESHA,-,-,-,-,-,-
05-JAN-2026,SMCSL,-,-,-,-,-,-
05-JAN-2026,SNSDIAGNOS,-,-,-,-,-,-
05-JAN-2026,SNSPL,-,-,-,-,-,-
05-JAN-2026,SOPHIA,-,-,-,-,-,-
05-JAN-2026,SPMLINDIA,-,-,-,-,-,-
05-JAN-2026,SRINARAYAN,-,-,-,-,-,-
05-JAN-2026,SSF,-,-,-,-,-,-
05-JAN-2026,SUNPOINT,-,-,-,-,-,-
05-JAN-2026,SUPRAIND,-,-,-,-,-,-
05-JAN-2026,SUPRANEET,-,-,-,-,-,-
05-JAN-2026,SUPREMECOM,-,-,-,-,-,-
05-JAN-2026,TECHAINPOW,-,-,-,-,-,-
05-JAN-2026,TRIDENTIND,-,-,-,-,-,-
05-JAN-2026,UPAL,-,-,-,-,-,-
05-JAN-2026,USSGLOBAL,-,-,-,-,-,-
05-JAN-2026,WELGA,-,-,-,-,-,-
05-JAN-2026,ZEL,-,-,-,-,-,-
05-JAN-2026,ZRINFRA,-,-,-,-,-,-
