Date,Symbol,Underlying Close Price (A),Underlying Previous Day Close Price (B),Underlying Log Returns (C) = LN(A/B),Previous Day Underlying Volatility (D),Current Day Underlying Daily Volatility (E) = Sqrt(0.995*D*D + 0.005*C*C),Underlying Annualised Volatility (F) = E*Sqrt(365)
07-SEP-2026,20MICRONS,224.80,222.50,0.0103,0.0286,0.0285,0.5445
07-SEP-2026,21STCENMGM,38.28,38.13,0.0039,0.0198,0.0197,0.3764
07-SEP-2026,360ONE,1136.88,1137.00,-0.0001,0.0201,0.0201,0.3840
07-SEP-2026,3BBLACKBIO,1521.40,1460.39,0.0409,0.0321,0.0321,0.6133
07-SEP-2026,3IINFOLTD,22.09,22.37,-0.0126,0.0252,0.0251,0.4795
07-SEP-2026,3MINDIA,32846.16,32846.76,-0.0000,0.0175,0.0175,0.3343
07-SEP-2026,3PLAND,32.15,32.16,-0.0003,0.0250,0.0249,0.4757
07-SEP-2026,500012,46.08,44.52,0.0344,0.0300,0.0300,0.5731
07-SEP-2026,500014,3.91,3.93,-0.0051,0.0276,0.0275,0.5254
07-SEP-2026,500016,7.15,7.19,-0.0056,0.0312,0.0311,0.5942
07-SEP-2026,500028,25.57,26.22,-0.0251,0.0303,0.0303,0.5789
07-SEP-2026,500051,8.26,8.55,-0.0345,0.0234,0.0234,0.4471
07-SEP-2026,500058,11.73,12.15,-0.0352,0.0290,0.0291,0.5560
07-SEP-2026,500069,254.95,253.50,0.0057,0.0230,0.0229,0.4375
07-SEP-2026,500142,13.91,14.57,-0.0464,0.0393,0.0393,0.7508
07-SEP-2026,500143,1086.55,1113.25,-0.0243,0.0295,0.0294,0.5617
07-SEP-2026,500166,222.05,222.85,-0.0036,0.0229,0.0229,0.4375
07-SEP-2026,500170,24.46,23.66,0.0333,0.0301,0.0301,0.5751
07-SEP-2026,500178,29.44,28.87,0.0196,0.0174,0.0174,0.3324
07-SEP-2026,500192,2.02,2.09,-0.0341,0.0350,0.0350,0.6687
07-SEP-2026,500202,7.60,7.66,-0.0079,0.0329,0.0329,0.6286
07-SEP-2026,500206,65.50,65.81,-0.0047,0.0339,0.0338,0.6457
07-SEP-2026,500213,282.20,284.65,-0.0086,0.0224,0.0223,0.4260
07-SEP-2026,500220,296.95,290.50,0.0220,0.0335,0.0335,0.6400
07-SEP-2026,500236,88.49,87.63,0.0098,0.0997,0.0995,1.9009
07-SEP-2026,500239,14.43,14.45,-0.0014,0.0296,0.0295,0.5636
07-SEP-2026,500240,223.80,226.85,-0.0135,0.0329,0.0329,0.6286
07-SEP-2026,500246,44.64,43.77,0.0197,0.0397,0.0396,0.7566
07-SEP-2026,500248,5.84,5.57,0.0473,0.0278,0.0279,0.5330
07-SEP-2026,500270,123.60,122.30,0.0106,0.0205,0.0204,0.3897
07-SEP-2026,500277,6.10,6.06,0.0066,0.0419,0.0418,0.7986
07-SEP-2026,500285,9.59,9.73,-0.0145,0.0340,0.0339,0.6477
07-SEP-2026,500298,696.65,694.30,0.0034,0.0262,0.0261,0.4986
07-SEP-2026,500319,79.34,80.52,-0.0148,0.0272,0.0272,0.5197
07-SEP-2026,500322,121.45,115.70,0.0485,0.0350,0.0351,0.6706
07-SEP-2026,500346,64.64,62.08,0.0404,0.0322,0.0322,0.6152
07-SEP-2026,500357,15.51,15.60,-0.0058,0.0336,0.0336,0.6419
07-SEP-2026,500358,11.35,11.74,-0.0338,0.0222,0.0223,0.4260
07-SEP-2026,500360,342.35,347.60,-0.0152,0.0338,0.0337,0.6438
07-SEP-2026,500370,25.39,25.75,-0.0141,0.0345,0.0345,0.6591
07-SEP-2026,500371,38.19,37.45,0.0196,0.0316,0.0315,0.6018
07-SEP-2026,500388,94.96,93.10,0.0198,0.0326,0.0325,0.6209
07-SEP-2026,500399,253.25,258.40,-0.0201,0.1270,0.1267,2.4206
07-SEP-2026,500421,19.00,19.08,-0.0042,0.0383,0.0382,0.7298
07-SEP-2026,500422,367.40,359.00,0.0231,0.0338,0.0338,0.6457
07-SEP-2026,500426,1.41,1.44,-0.0211,0.0332,0.0331,0.6324
07-SEP-2026,500449,37.58,36.69,0.0240,0.0317,0.0317,0.6056
07-SEP-2026,500450,488.60,479.10,0.0196,0.0317,0.0317,0.6056
07-SEP-2026,500458,28.36,28.36,0.0000,0.0341,0.0340,0.6496
07-SEP-2026,500500,14.07,14.17,-0.0071,0.0297,0.0296,0.5655
07-SEP-2026,501110,7.50,7.50,0.0000,0.0030,0.0030,0.0573
07-SEP-2026,501111,12.14,12.14,0.0000,0.0025,0.0025,0.0478
07-SEP-2026,501144,235.80,235.80,0.0000,0.0197,0.0196,0.3745
07-SEP-2026,501148,371.50,364.95,0.0178,0.0147,0.0147,0.2808
07-SEP-2026,501151,8230.00,8075.00,0.0190,0.0254,0.0253,0.4834
07-SEP-2026,501261,84.13,86.39,-0.0265,0.1555,0.1551,2.9632
07-SEP-2026,501270,16.65,16.33,0.0194,0.0204,0.0204,0.3897
07-SEP-2026,501311,13.50,13.50,0.0000,0.0292,0.0291,0.5560
07-SEP-2026,501351,95.52,92.00,0.0375,0.0275,0.0276,0.5273
07-SEP-2026,501370,141.00,142.00,-0.0071,0.0347,0.0346,0.6610
07-SEP-2026,501386,24.49,24.49,0.0000,0.0128,0.0128,0.2445
07-SEP-2026,501430,1569.00,1603.00,-0.0214,0.0239,0.0238,0.4547
07-SEP-2026,501477,208.90,209.95,-0.0050,0.0289,0.0289,0.5521
07-SEP-2026,501479,11.02,11.02,0.0000,0.0000,0.0000,0.0000
07-SEP-2026,501622,138.55,139.90,-0.0097,0.0280,0.0279,0.5330
07-SEP-2026,501630,39.81,39.81,0.0000,0.0095,0.0095,0.1815
07-SEP-2026,501700,6.61,6.83,-0.0327,0.0306,0.0306,0.5846
07-SEP-2026,501833,23.05,22.71,0.0149,0.0313,0.0312,0.5961
07-SEP-2026,501848,47.03,46.81,0.0047,0.0344,0.0343,0.6553
07-SEP-2026,501945,6.82,6.50,0.0481,0.0186,0.0189,0.3611
07-SEP-2026,502015,23.97,24.87,-0.0369,0.0315,0.0316,0.6037
07-SEP-2026,502250,499.25,525.50,-0.0512,0.0353,0.0354,0.6763
07-SEP-2026,502271,19.26,18.35,0.0484,0.0181,0.0183,0.3496
07-SEP-2026,502281,6.80,6.75,0.0074,0.0400,0.0399,0.7623
07-SEP-2026,502294,40.69,38.49,0.0556,0.0426,0.0427,0.8158
07-SEP-2026,502445,39.37,38.90,0.0120,0.0402,0.0401,0.7661
07-SEP-2026,502587,50.00,49.51,0.0098,0.0280,0.0279,0.5330
07-SEP-2026,502589,124.95,124.95,0.0000,0.0313,0.0313,0.5980
07-SEP-2026,502850,15.03,15.03,0.0000,0.0040,0.0040,0.0764
07-SEP-2026,502865,302.15,272.85,0.1020,0.0287,0.0296,0.5655
07-SEP-2026,502873,98.40,96.75,0.0169,0.0279,0.0278,0.5311
07-SEP-2026,502893,64.60,68.00,-0.0513,0.0381,0.0381,0.7279
07-SEP-2026,502901,75.50,76.55,-0.0138,0.0236,0.0235,0.4490
07-SEP-2026,502933,98.00,100.00,-0.0202,0.0282,0.0281,0.5368
07-SEP-2026,503092,34.89,33.30,0.0466,0.0426,0.0426,0.8139
07-SEP-2026,503127,5030.00,5090.00,-0.0119,0.0262,0.0262,0.5006
07-SEP-2026,503349,8908.15,8833.85,0.0084,0.0307,0.0307,0.5865
07-SEP-2026,503622,7.71,7.71,0.0000,0.0016,0.0016,0.0306
07-SEP-2026,503624,7.71,7.24,0.0629,0.0390,0.0392,0.7489
07-SEP-2026,503626,16.23,16.23,0.0000,0.0085,0.0085,0.1624
07-SEP-2026,503635,375.95,389.50,-0.0354,0.0334,0.0334,0.6381
07-SEP-2026,503639,72.40,68.96,0.0487,0.0324,0.0325,0.6209
07-SEP-2026,503641,1.49,1.50,-0.0067,0.0340,0.0340,0.6496
07-SEP-2026,503657,13.81,13.71,0.0073,0.0282,0.0281,0.5368
07-SEP-2026,503659,162.95,166.95,-0.0243,0.0288,0.0288,0.5502
07-SEP-2026,503663,1.29,1.30,-0.0077,0.0318,0.0318,0.6075
07-SEP-2026,503671,4.55,4.55,0.0000,0.0000,0.0000,0.0000
07-SEP-2026,503675,1.19,1.21,-0.0167,0.0391,0.0391,0.7470
07-SEP-2026,503685,14.45,14.20,0.0175,0.0314,0.0314,0.5999
07-SEP-2026,503689,3.20,3.20,0.0000,0.0000,0.0000,0.0000
07-SEP-2026,503696,55.00,55.00,0.0000,0.0000,0.0000,0.0000
07-SEP-2026,503772,68.40,72.00,-0.0513,0.0263,0.0265,0.5063
07-SEP-2026,503776,42.94,45.20,-0.0513,0.0387,0.0388,0.7413
07-SEP-2026,503804,364.90,370.55,-0.0154,0.0248,0.0247,0.4719
07-SEP-2026,503816,36.94,38.33,-0.0369,0.0306,0.0307,0.5865
07-SEP-2026,503837,9.69,9.50,0.0198,0.0346,0.0346,0.6610
07-SEP-2026,503863,9.93,9.93,0.0000,0.0261,0.0260,0.4967
07-SEP-2026,504028,132.10,136.50,-0.0328,0.0303,0.0303,0.5789
07-SEP-2026,504076,64.05,65.80,-0.0270,0.0347,0.0347,0.6629
07-SEP-2026,504080,790.45,849.00,-0.0715,0.0347,0.0349,0.6668
07-SEP-2026,504084,814.95,819.10,-0.0051,0.0302,0.0301,0.5751
07-SEP-2026,504093,259.10,260.75,-0.0063,0.0209,0.0209,0.3993
07-SEP-2026,504176,586.70,602.75,-0.0270,0.0275,0.0275,0.5254
07-SEP-2026,504180,40.26,41.19,-0.0228,0.0276,0.0276,0.5273
07-SEP-2026,504240,535.50,568.60,-0.0600,0.0370,0.0371,0.7088
07-SEP-2026,504258,809.75,810.90,-0.0014,0.0232,0.0231,0.4413
07-SEP-2026,504273,15.70,15.64,0.0038,0.0284,0.0283,0.5407
07-SEP-2026,504340,8.31,8.29,0.0024,0.0250,0.0250,0.4776
07-SEP-2026,504346,8374.25,8374.25,0.0000,0.0000,0.0000,0.0000
07-SEP-2026,504356,8.13,7.75,0.0479,0.0346,0.0347,0.6629
07-SEP-2026,504365,4.11,4.11,0.0000,0.0004,0.0004,0.0076
07-SEP-2026,504369,0.66,0.67,-0.0150,0.0188,0.0188,0.3592
07-SEP-2026,504375,610.00,610.00,0.0000,0.0217,0.0216,0.4127
07-SEP-2026,504378,2.20,2.19,0.0046,0.0286,0.0285,0.5445
07-SEP-2026,504380,43.45,44.81,-0.0308,0.0340,0.0340,0.6496
07-SEP-2026,504392,49.00,50.00,-0.0202,0.0361,0.0360,0.6878
07-SEP-2026,504397,101.43,102.37,-0.0092,0.0335,0.0334,0.6381
07-SEP-2026,504398,186.25,184.45,0.0097,0.0185,0.0185,0.3534
07-SEP-2026,504605,4722.35,4960.00,-0.0491,0.0282,0.0283,0.5407
07-SEP-2026,504646,660.00,664.45,-0.0067,0.0316,0.0315,0.6018
07-SEP-2026,504648,41.49,41.41,0.0019,0.0398,0.0397,0.7585
07-SEP-2026,504697,21.65,21.23,0.0196,0.0388,0.0387,0.7394
07-SEP-2026,504746,322.35,307.00,0.0488,0.0338,0.0338,0.6457
07-SEP-2026,504810,80.55,80.28,0.0034,0.0434,0.0433,0.8272
07-SEP-2026,504840,1500.00,1547.65,-0.0313,0.0260,0.0261,0.4986
07-SEP-2026,504903,22.25,22.18,0.0032,0.0294,0.0293,0.5598
07-SEP-2026,504908,359.95,360.00,-0.0001,0.0352,0.0351,0.6706
07-SEP-2026,504959,1669.70,1655.00,0.0088,0.0181,0.0181,0.3458
07-SEP-2026,504988,635.60,621.05,0.0232,0.0239,0.0239,0.4566
07-SEP-2026,504998,0.60,0.60,0.0000,0.0101,0.0100,0.1910
07-SEP-2026,505032,7.86,7.86,0.0000,0.0096,0.0095,0.1815
07-SEP-2026,505212,165.50,161.30,0.0257,0.0371,0.0371,0.7088
07-SEP-2026,505250,70.70,74.65,-0.0544,0.0347,0.0348,0.6649
07-SEP-2026,505299,465.30,474.45,-0.0195,0.0388,0.0388,0.7413
07-SEP-2026,505302,2362.00,2213.20,0.0651,0.0295,0.0298,0.5693
07-SEP-2026,505320,205.70,205.70,0.0000,0.0123,0.0122,0.2331
07-SEP-2026,505336,0.27,0.28,-0.0364,0.0364,0.0364,0.6954
07-SEP-2026,505343,0.30,0.30,0.0000,0.0362,0.0361,0.6897
07-SEP-2026,505358,171.95,164.15,0.0464,0.0291,0.0292,0.5579
07-SEP-2026,505502,1.84,1.87,-0.0162,0.0163,0.0163,0.3114
07-SEP-2026,505504,287.90,288.95,-0.0036,0.0257,0.0257,0.4910
07-SEP-2026,505515,12.45,12.61,-0.0128,0.0377,0.0376,0.7183
07-SEP-2026,505520,106.40,106.40,0.0000,0.0099,0.0099,0.1891
07-SEP-2026,505523,0.30,0.30,0.0000,0.0310,0.0309,0.5903
07-SEP-2026,505585,14.13,14.13,0.0000,0.0038,0.0038,0.0726
07-SEP-2026,505594,32.80,32.80,0.0000,0.0000,0.0000,0.0000
07-SEP-2026,505650,13.03,13.25,-0.0167,0.0370,0.0369,0.7050
07-SEP-2026,505685,12.74,12.74,0.0000,0.0945,0.0943,1.8016
07-SEP-2026,505690,671.50,677.80,-0.0093,0.0336,0.0335,0.6400
07-SEP-2026,505693,10.29,10.20,0.0088,0.0368,0.0367,0.7012
07-SEP-2026,505703,285.85,283.05,0.0098,0.0237,0.0237,0.4528
07-SEP-2026,505712,285.85,274.20,0.0416,0.0285,0.0286,0.5464
07-SEP-2026,505720,123.10,122.25,0.0069,0.0278,0.0277,0.5292
07-SEP-2026,505737,506.40,504.70,0.0034,0.0276,0.0275,0.5254
07-SEP-2026,505750,248.85,238.65,0.0419,0.0308,0.0309,0.5903
07-SEP-2026,505797,24.82,24.82,0.0000,0.0198,0.0197,0.3764
07-SEP-2026,505807,524.75,499.80,0.0487,0.0244,0.0246,0.4700
07-SEP-2026,505827,414.65,417.10,-0.0059,0.0175,0.0175,0.3343
07-SEP-2026,505840,41.40,40.57,0.0203,0.0370,0.0369,0.7050
07-SEP-2026,505893,694.05,697.80,-0.0054,0.0297,0.0297,0.5674
07-SEP-2026,506003,45.22,45.54,-0.0071,0.0340,0.0339,0.6477
07-SEP-2026,506042,179.25,179.25,0.0000,0.0574,0.0572,1.0928
07-SEP-2026,506105,69.00,70.00,-0.0144,0.0341,0.0340,0.6496
07-SEP-2026,506122,158.75,167.10,-0.0513,0.0332,0.0334,0.6381
07-SEP-2026,506134,12.17,12.17,0.0000,0.0343,0.0342,0.6534
07-SEP-2026,506161,5.01,5.01,0.0000,0.0023,0.0023,0.0439
07-SEP-2026,506166,53.27,52.72,0.0104,0.1438,0.1435,2.7416
07-SEP-2026,506178,17.01,17.01,0.0000,0.0010,0.0010,0.0191
07-SEP-2026,506180,399.25,414.00,-0.0363,0.0326,0.0326,0.6228
07-SEP-2026,506186,18.38,17.63,0.0417,0.0360,0.0360,0.6878
07-SEP-2026,506190,52.50,52.50,0.0000,0.0000,0.0000,0.0000
07-SEP-2026,506196,4.25,4.25,0.0000,0.0004,0.0004,0.0076
07-SEP-2026,506313,320.65,320.65,0.0000,0.0094,0.0094,0.1796
07-SEP-2026,506365,79.08,79.66,-0.0073,0.0378,0.0377,0.7203
07-SEP-2026,506373,106.55,107.60,-0.0098,0.0244,0.0244,0.4662
07-SEP-2026,506520,5.86,5.85,0.0017,0.0263,0.0262,0.5006
07-SEP-2026,506528,12289.60,12540.40,-0.0202,0.0294,0.0294,0.5617
07-SEP-2026,506530,1050.00,1000.00,0.0488,0.0237,0.0239,0.4566
07-SEP-2026,506543,9.20,9.27,-0.0076,0.0394,0.0393,0.7508
07-SEP-2026,506579,128.55,131.25,-0.0208,0.0338,0.0338,0.6457
07-SEP-2026,506605,1873.00,1944.70,-0.0376,0.0284,0.0285,0.5445
07-SEP-2026,506640,118.00,114.55,0.0297,0.0379,0.0379,0.7241
07-SEP-2026,506854,3435.80,3231.60,0.0613,0.0297,0.0300,0.5731
07-SEP-2026,506858,54.82,54.79,0.0005,0.0285,0.0284,0.5426
07-SEP-2026,506863,71.38,75.31,-0.0536,0.0244,0.0246,0.4700
07-SEP-2026,506906,28.14,29.62,-0.0513,0.0448,0.0449,0.8578
07-SEP-2026,506935,59.50,59.90,-0.0067,0.0271,0.0270,0.5158
07-SEP-2026,506945,3.12,3.12,0.0000,0.0084,0.0083,0.1586
07-SEP-2026,506947,393.30,374.60,0.0487,0.0306,0.0307,0.5865
07-SEP-2026,506975,10.33,10.80,-0.0445,0.0300,0.0301,0.5751
07-SEP-2026,506979,68.84,69.29,-0.0065,0.0343,0.0342,0.6534
07-SEP-2026,506981,116.20,121.50,-0.0446,0.0292,0.0293,0.5598
07-SEP-2026,507155,155.95,160.05,-0.0260,0.0279,0.0279,0.5330
07-SEP-2026,507180,9.91,9.71,0.0204,0.0441,0.0440,0.8406
07-SEP-2026,507265,289.75,290.30,-0.0019,0.0369,0.0368,0.7031
07-SEP-2026,507300,944.40,950.00,-0.0059,0.0261,0.0261,0.4986
07-SEP-2026,507474,42.01,42.19,-0.0043,0.0319,0.0318,0.6075
07-SEP-2026,507486,48.40,47.90,0.0104,0.0321,0.0321,0.6133
07-SEP-2026,507498,36.27,36.30,-0.0008,0.0289,0.0288,0.5502
07-SEP-2026,507515,27.83,27.09,0.0269,0.0357,0.0357,0.6820
07-SEP-2026,507530,29.55,29.55,0.0000,0.0083,0.0082,0.1567
07-SEP-2026,507598,85.13,87.15,-0.0235,0.0297,0.0296,0.5655
07-SEP-2026,507609,25.43,25.43,0.0000,0.0285,0.0284,0.5426
07-SEP-2026,507645,10925.00,11500.00,-0.0513,0.0223,0.0225,0.4299
07-SEP-2026,507663,4.99,4.99,0.0000,0.0096,0.0096,0.1834
07-SEP-2026,507690,170.40,172.10,-0.0099,0.0308,0.0307,0.5865
07-SEP-2026,507759,15.69,14.95,0.0483,0.0409,0.0409,0.7814
07-SEP-2026,507808,32.50,32.50,0.0000,0.0217,0.0217,0.4146
07-SEP-2026,507813,59.15,59.10,0.0008,0.0341,0.0340,0.6496
07-SEP-2026,507817,162.00,162.00,0.0000,0.0322,0.0322,0.6152
07-SEP-2026,507828,5.29,5.21,0.0152,0.0336,0.0336,0.6419
07-SEP-2026,507833,3.45,3.49,-0.0115,0.0347,0.0346,0.6610
07-SEP-2026,507872,48.99,48.40,0.0121,0.0285,0.0284,0.5426
07-SEP-2026,507917,61.25,61.25,0.0000,0.0319,0.0318,0.6075
07-SEP-2026,507938,17.65,16.81,0.0488,0.0210,0.0212,0.4050
07-SEP-2026,507946,19.00,19.02,-0.0011,0.0371,0.0370,0.7069
07-SEP-2026,507948,70.60,74.00,-0.0470,0.0338,0.0339,0.6477
07-SEP-2026,507952,3.15,3.15,0.0000,0.0000,0.0000,0.0000
07-SEP-2026,507960,182.05,185.00,-0.0161,0.0242,0.0242,0.4623
07-SEP-2026,507962,5.75,6.05,-0.0509,0.0313,0.0315,0.6018
07-SEP-2026,507966,58.80,54.75,0.0714,0.0422,0.0424,0.8101
07-SEP-2026,507968,41.14,43.30,-0.0512,0.0281,0.0282,0.5388
07-SEP-2026,507970,39.90,40.50,-0.0149,0.0346,0.0345,0.6591
07-SEP-2026,507981,66.50,66.84,-0.0051,0.0249,0.0249,0.4757
07-SEP-2026,507984,605.05,605.05,0.0000,0.0184,0.0184,0.3515
07-SEP-2026,507987,3.99,3.99,0.0000,0.0034,0.0034,0.0650
07-SEP-2026,507998,238.40,260.00,-0.0867,0.0342,0.0347,0.6629
07-SEP-2026,508494,46.01,45.90,0.0024,0.0270,0.0269,0.5139
07-SEP-2026,508571,141.00,142.40,-0.0099,0.0425,0.0424,0.8101
07-SEP-2026,508664,15.18,15.92,-0.0476,0.0360,0.0361,0.6897
07-SEP-2026,508860,0.82,0.86,-0.0476,0.0125,0.0130,0.2484
07-SEP-2026,508867,67.05,67.05,0.0000,0.0158,0.0157,0.2999
07-SEP-2026,508875,413.55,393.90,0.0487,0.0344,0.0344,0.6572
07-SEP-2026,508905,100.70,105.95,-0.0508,0.0377,0.0378,0.7222
07-SEP-2026,508918,48.30,49.10,-0.0164,0.0381,0.0380,0.7260
07-SEP-2026,508922,2.76,2.87,-0.0391,0.0295,0.0296,0.5655
07-SEP-2026,508929,567.20,567.20,0.0000,0.0158,0.0157,0.2999
07-SEP-2026,508941,429.25,429.35,-0.0002,0.0145,0.0145,0.2770
07-SEP-2026,508956,10.44,10.44,0.0000,0.0346,0.0345,0.6591
07-SEP-2026,508961,194.75,205.00,-0.0513,0.0330,0.0331,0.6324
07-SEP-2026,508963,139.76,139.76,0.0000,0.1221,0.1218,2.3270
07-SEP-2026,508969,2.44,2.48,-0.0163,0.0286,0.0286,0.5464
07-SEP-2026,508980,9.87,10.28,-0.0407,0.0353,0.0353,0.6744
07-SEP-2026,509003,0.13,0.13,0.0000,0.0000,0.0000,0.0000
07-SEP-2026,509015,15.62,15.62,0.0000,0.0374,0.0373,0.7126
07-SEP-2026,509024,7.55,8.11,-0.0716,0.0596,0.0596,1.1387
07-SEP-2026,509026,71.49,75.90,-0.0599,0.0480,0.0481,0.9189
07-SEP-2026,509038,18.58,17.70,0.0485,0.0226,0.0228,0.4356
07-SEP-2026,509040,160.50,161.20,-0.0044,0.0320,0.0319,0.6094
07-SEP-2026,509046,45.18,45.18,0.0000,0.0319,0.0318,0.6075
07-SEP-2026,509051,0.54,0.55,-0.0183,0.0327,0.0326,0.6228
07-SEP-2026,509053,7.34,7.14,0.0276,0.0233,0.0233,0.4451
07-SEP-2026,509073,11.97,11.02,0.0827,0.0498,0.0500,0.9552
07-SEP-2026,509084,351.50,348.05,0.0099,0.0242,0.0241,0.4604
07-SEP-2026,509099,78.64,78.64,0.0000,0.0088,0.0087,0.1662
07-SEP-2026,509162,139.90,133.25,0.0487,0.0280,0.0281,0.5368
07-SEP-2026,509196,56.99,57.17,-0.0032,0.0311,0.0311,0.5942
07-SEP-2026,509423,33.25,33.35,-0.0030,0.0352,0.0351,0.6706
07-SEP-2026,509449,39.29,37.67,0.0421,0.0387,0.0387,0.7394
07-SEP-2026,509470,18989.00,18800.00,0.0100,0.0235,0.0234,0.4471
07-SEP-2026,509486,118.25,112.65,0.0485,0.0347,0.0348,0.6649
07-SEP-2026,509563,19.00,19.27,-0.0141,0.0315,0.0315,0.6018
07-SEP-2026,509597,824.10,839.00,-0.0179,0.0324,0.0323,0.6171
07-SEP-2026,509650,38.74,38.74,0.0000,0.0006,0.0006,0.0115
07-SEP-2026,509760,34.52,36.97,-0.0686,0.0401,0.0403,0.7699
07-SEP-2026,509762,52.00,51.84,0.0031,0.0774,0.0772,1.4749
07-SEP-2026,509782,17.95,17.95,0.0000,0.0000,0.0000,0.0000
07-SEP-2026,509835,15.30,14.48,0.0551,0.0428,0.0429,0.8196
07-SEP-2026,509845,490.00,490.00,0.0000,0.0176,0.0175,0.3343
07-SEP-2026,509870,60.74,60.74,0.0000,0.0040,0.0040,0.0764
07-SEP-2026,509887,669.00,668.80,0.0003,0.0297,0.0297,0.5674
07-SEP-2026,509895,146.60,139.60,0.0489,0.0259,0.0260,0.4967
07-SEP-2026,509910,25.00,25.00,0.0000,0.0159,0.0159,0.3038
07-SEP-2026,509917,99.54,99.54,0.0000,0.0071,0.0071,0.1356
07-SEP-2026,509953,504.75,512.50,-0.0152,0.0301,0.0301,0.5751
07-SEP-2026,510245,4.01,3.89,0.0304,0.0285,0.0285,0.5445
07-SEP-2026,511000,17.85,18.04,-0.0106,0.0345,0.0344,0.6572
07-SEP-2026,511012,0.61,0.62,-0.0163,0.0218,0.0218,0.4165
07-SEP-2026,511016,5.00,4.82,0.0367,0.0348,0.0348,0.6649
07-SEP-2026,511018,44.90,46.21,-0.0288,0.0400,0.0399,0.7623
07-SEP-2026,511038,3.75,3.75,0.0000,0.0000,0.0000,0.0000
07-SEP-2026,511048,5.18,5.18,0.0000,0.0000,0.0000,0.0000
07-SEP-2026,511060,17.00,17.00,0.0000,0.0000,0.0000,0.0000
07-SEP-2026,511066,27.87,27.31,0.0203,0.0243,0.0243,0.4643
07-SEP-2026,511074,990.00,990.00,0.0000,0.0021,0.0021,0.0401
07-SEP-2026,511092,6.95,6.95,0.0000,0.0203,0.0202,0.3859
07-SEP-2026,511096,12.00,12.00,0.0000,0.0000,0.0000,0.0000
07-SEP-2026,511110,19.40,18.80,0.0314,0.0496,0.0495,0.9457
07-SEP-2026,511116,0.57,0.57,0.0000,0.0306,0.0305,0.5827
07-SEP-2026,511122,60.22,61.92,-0.0278,0.0428,0.0428,0.8177
07-SEP-2026,511144,567.90,556.80,0.0197,0.0876,0.0874,1.6698
07-SEP-2026,511147,62.93,65.01,-0.0325,0.0264,0.0264,0.5044
07-SEP-2026,511153,17.18,17.11,0.0041,0.0385,0.0384,0.7336
07-SEP-2026,511169,5.14,5.04,0.0196,0.0296,0.0296,0.5655
07-SEP-2026,511176,98.07,93.40,0.0488,0.0328,0.0329,0.6286
07-SEP-2026,511185,25.77,24.55,0.0485,0.0124,0.0129,0.2465
07-SEP-2026,511187,1.68,1.76,-0.0465,0.0377,0.0378,0.7222
07-SEP-2026,511200,99.75,99.75,0.0000,0.0139,0.0138,0.2636
07-SEP-2026,511246,3.10,3.10,0.0000,0.0325,0.0324,0.6190
07-SEP-2026,511254,61.75,61.75,0.0000,0.0000,0.0000,0.0000
07-SEP-2026,511260,37.03,38.14,-0.0295,0.0278,0.0278,0.5311
07-SEP-2026,511355,29.41,28.84,0.0196,0.0277,0.0277,0.5292
07-SEP-2026,511359,55.47,55.99,-0.0093,0.0301,0.0300,0.5731
07-SEP-2026,511377,29.00,29.00,0.0000,0.0226,0.0225,0.4299
07-SEP-2026,511391,62.99,64.00,-0.0159,0.0358,0.0358,0.6840
07-SEP-2026,511401,6.62,6.62,0.0000,0.0307,0.0306,0.5846
07-SEP-2026,511411,27.59,30.09,-0.0867,0.0422,0.0425,0.8120
07-SEP-2026,511441,24.52,23.55,0.0404,0.0315,0.0315,0.6018
07-SEP-2026,511447,0.21,0.21,0.0000,0.0366,0.0365,0.6973
07-SEP-2026,511451,12.98,13.00,-0.0015,0.0353,0.0352,0.6725
07-SEP-2026,511463,7.96,7.99,-0.0038,0.0453,0.0452,0.8635
07-SEP-2026,511493,3.96,4.13,-0.0420,0.0394,0.0395,0.7546
07-SEP-2026,511501,22.01,22.99,-0.0436,0.0275,0.0276,0.5273
07-SEP-2026,511507,31.16,31.16,0.0000,0.0363,0.0362,0.6916
07-SEP-2026,511523,49.77,49.76,0.0002,0.0240,0.0240,0.4585
07-SEP-2026,511525,1.39,1.42,-0.0214,0.0265,0.0265,0.5063
07-SEP-2026,511533,38.82,39.07,-0.0064,0.0379,0.0378,0.7222
07-SEP-2026,511535,25.02,27.00,-0.0762,0.0432,0.0434,0.8292
07-SEP-2026,511539,13.78,13.78,0.0000,0.0284,0.0284,0.5426
07-SEP-2026,511543,55.88,53.23,0.0486,0.0430,0.0430,0.8215
07-SEP-2026,511549,66.10,66.50,-0.0060,0.0313,0.0312,0.5961
07-SEP-2026,511557,2.51,2.54,-0.0119,0.0324,0.0323,0.6171
07-SEP-2026,511563,51.84,51.84,0.0000,0.0239,0.0238,0.4547
07-SEP-2026,511571,100.45,103.75,-0.0323,0.0338,0.0338,0.6457
07-SEP-2026,511577,17.98,17.80,0.0101,0.0411,0.0410,0.7833
07-SEP-2026,511585,3.71,3.71,0.0000,0.0233,0.0232,0.4432
07-SEP-2026,511593,16.10,16.66,-0.0342,0.0417,0.0416,0.7948
07-SEP-2026,511601,9.60,9.34,0.0275,0.0309,0.0309,0.5903
07-SEP-2026,511609,11.81,12.38,-0.0471,0.0314,0.0315,0.6018
07-SEP-2026,511626,68.50,65.50,0.0448,0.0401,0.0401,0.7661
07-SEP-2026,511632,10.60,10.60,0.0000,0.0105,0.0105,0.2006
07-SEP-2026,511634,301.60,304.60,-0.0099,0.0163,0.0163,0.3114
07-SEP-2026,511636,2.80,2.80,0.0000,0.0245,0.0245,0.4681
07-SEP-2026,511644,28.41,29.90,-0.0511,0.0391,0.0391,0.7470
07-SEP-2026,511654,64.99,60.38,0.0736,0.0432,0.0434,0.8292
07-SEP-2026,511658,11.10,11.52,-0.0371,0.0300,0.0300,0.5731
07-SEP-2026,511660,10.02,10.02,0.0000,0.0094,0.0094,0.1796
07-SEP-2026,511664,6.73,6.90,-0.0249,0.0362,0.0361,0.6897
07-SEP-2026,511688,13.19,13.88,-0.0510,0.0221,0.0223,0.4260
07-SEP-2026,511692,6.03,6.45,-0.0673,0.0416,0.0418,0.7986
07-SEP-2026,511696,259.00,247.50,0.0454,0.0330,0.0331,0.6324
07-SEP-2026,511700,0.30,0.31,-0.0328,0.0322,0.0322,0.6152
07-SEP-2026,511710,5.89,5.61,0.0487,0.0329,0.0330,0.6305
07-SEP-2026,511712,65.28,68.00,-0.0408,0.0458,0.0458,0.8750
07-SEP-2026,511716,7.62,7.47,0.0199,0.0468,0.0467,0.8922
07-SEP-2026,511728,18.00,18.58,-0.0317,0.0341,0.0340,0.6496
07-SEP-2026,511730,19.80,19.80,0.0000,0.0176,0.0176,0.3362
07-SEP-2026,511734,12.09,12.09,0.0000,0.0269,0.0268,0.5120
07-SEP-2026,511738,21.05,21.05,0.0000,0.0169,0.0168,0.3210
07-SEP-2026,511740,90.60,95.30,-0.0506,0.0344,0.0345,0.6591
07-SEP-2026,511756,35.14,34.77,0.0106,0.0327,0.0326,0.6228
07-SEP-2026,511758,60.15,63.01,-0.0465,0.0383,0.0383,0.7317
07-SEP-2026,511764,32.20,31.90,0.0094,0.0363,0.0362,0.6916
07-SEP-2026,512014,1530.00,1485.45,0.0295,0.0273,0.0273,0.5216
07-SEP-2026,512018,7.42,7.33,0.0122,0.0291,0.0291,0.5560
07-SEP-2026,512022,244.45,244.45,0.0000,0.0000,0.0000,0.0000
07-SEP-2026,512024,75.00,75.00,0.0000,0.0137,0.0137,0.2617
07-SEP-2026,512025,33.00,33.00,0.0000,0.0319,0.0318,0.6075
07-SEP-2026,512026,61.95,61.95,0.0000,0.0921,0.0919,1.7557
07-SEP-2026,512036,121.55,124.00,-0.0200,0.0299,0.0298,0.5693
07-SEP-2026,512047,5.82,5.87,-0.0086,0.0354,0.0353,0.6744
07-SEP-2026,512048,2.32,2.35,-0.0128,0.0358,0.0358,0.6840
07-SEP-2026,512062,150.50,158.40,-0.0512,0.0209,0.0211,0.4031
07-SEP-2026,512063,45.34,45.34,0.0000,0.0084,0.0084,0.1605
07-SEP-2026,512064,40.00,43.85,-0.0919,0.0408,0.0412,0.7871
07-SEP-2026,512065,106.40,108.55,-0.0200,0.0828,0.0826,1.5781
07-SEP-2026,512091,12.19,12.19,0.0000,0.0257,0.0256,0.4891
07-SEP-2026,512093,5.29,5.33,-0.0075,0.0285,0.0285,0.5445
07-SEP-2026,512097,0.22,0.21,0.0465,0.0410,0.0410,0.7833
07-SEP-2026,512099,532.05,546.25,-0.0263,0.0303,0.0303,0.5789
07-SEP-2026,512101,17.40,17.40,0.0000,0.0000,0.0000,0.0000
07-SEP-2026,512103,270.65,284.80,-0.0510,0.0308,0.0309,0.5903
07-SEP-2026,512109,60.90,60.90,0.0000,0.0111,0.0110,0.2102
07-SEP-2026,512115,60.98,61.98,-0.0163,0.0347,0.0347,0.6629
07-SEP-2026,512117,3.67,3.67,0.0000,0.0000,0.0000,0.0000
07-SEP-2026,512153,11.07,11.07,0.0000,0.0077,0.0077,0.1471
07-SEP-2026,512169,27.92,27.38,0.0195,0.0259,0.0259,0.4948
07-SEP-2026,512175,3.52,3.58,-0.0169,0.0347,0.0347,0.6629
07-SEP-2026,512197,5.74,5.47,0.0482,0.0333,0.0334,0.6381
07-SEP-2026,512213,2.71,2.71,0.0000,0.0000,0.0000,0.0000
07-SEP-2026,512217,29.02,30.00,-0.0332,0.0338,0.0338,0.6457
07-SEP-2026,512221,14.45,14.45,0.0000,0.0021,0.0021,0.0401
07-SEP-2026,512229,158.75,161.70,-0.0184,0.0160,0.0160,0.3057
07-SEP-2026,512233,21.50,21.89,-0.0180,0.0025,0.0028,0.0535
07-SEP-2026,512247,2.67,2.70,-0.0112,0.0243,0.0243,0.4643
07-SEP-2026,512257,3.39,3.46,-0.0204,0.0235,0.0235,0.4490
07-SEP-2026,512261,3.00,3.00,0.0000,0.0000,0.0000,0.0000
07-SEP-2026,512271,116.50,116.50,0.0000,0.0003,0.0003,0.0057
07-SEP-2026,512277,290.00,295.60,-0.0191,0.0337,0.0336,0.6419
07-SEP-2026,512279,32.19,32.19,0.0000,0.0215,0.0215,0.4108
07-SEP-2026,512297,91.16,90.43,0.0080,0.0320,0.0319,0.6094
07-SEP-2026,512301,36.79,35.21,0.0439,0.0312,0.0313,0.5980
07-SEP-2026,512344,4.00,4.00,0.0000,0.0382,0.0381,0.7279
07-SEP-2026,512345,141.00,141.55,-0.0039,0.0301,0.0300,0.5731
07-SEP-2026,512359,0.53,0.55,-0.0370,0.1337,0.1334,2.5486
07-SEP-2026,512361,25.60,26.04,-0.0170,0.0304,0.0304,0.5808
07-SEP-2026,512367,11.52,11.52,0.0000,0.0011,0.0011,0.0210
07-SEP-2026,512377,5.64,5.64,0.0000,0.0027,0.0027,0.0516
07-SEP-2026,512399,59.77,56.19,0.0618,0.0301,0.0304,0.5808
07-SEP-2026,512404,0.05,0.05,0.0000,0.0090,0.0090,0.1719
07-SEP-2026,512405,14.71,15.48,-0.0510,0.0097,0.0103,0.1968
07-SEP-2026,512408,10.05,10.05,0.0000,0.0000,0.0000,0.0000
07-SEP-2026,512415,4.42,4.11,0.0727,0.0325,0.0328,0.6266
07-SEP-2026,512425,725.00,725.00,0.0000,0.0298,0.0297,0.5674
07-SEP-2026,512437,405.60,414.85,-0.0225,0.0320,0.0320,0.6114
07-SEP-2026,512441,0.28,0.28,0.0000,0.0413,0.0412,0.7871
07-SEP-2026,512443,7.30,7.64,-0.0455,0.0337,0.0338,0.6457
07-SEP-2026,512477,498.95,510.50,-0.0229,0.0375,0.0374,0.7145
07-SEP-2026,512479,805.55,847.90,-0.0512,0.0204,0.0206,0.3936
07-SEP-2026,512481,4.78,4.56,0.0471,0.0272,0.0273,0.5216
07-SEP-2026,512485,145.05,145.05,0.0000,0.0311,0.0311,0.5942
07-SEP-2026,512489,16.40,15.65,0.0468,0.0431,0.0431,0.8234
07-SEP-2026,512493,56.00,52.38,0.0668,0.0313,0.0315,0.6018
07-SEP-2026,512499,0.27,0.27,0.0000,0.0177,0.0176,0.3362
07-SEP-2026,512511,1.08,1.08,0.0000,0.0020,0.0020,0.0382
07-SEP-2026,512527,1254.45,1255.00,-0.0004,0.0265,0.0265,0.5063
07-SEP-2026,512565,34.90,34.90,0.0000,0.0286,0.0285,0.5445
07-SEP-2026,512587,38.51,39.28,-0.0198,0.0343,0.0342,0.6534
07-SEP-2026,512589,133.20,136.00,-0.0208,0.0380,0.0379,0.7241
07-SEP-2026,512591,0.43,0.44,-0.0230,0.0436,0.0435,0.8311
07-SEP-2026,512600,73.99,76.90,-0.0386,0.0322,0.0322,0.6152
07-SEP-2026,512604,9.78,9.78,0.0000,0.0387,0.0386,0.7375
07-SEP-2026,512618,8.63,8.67,-0.0046,0.0562,0.0560,1.0699
07-SEP-2026,512624,5.36,5.56,-0.0366,0.0319,0.0319,0.6094
07-SEP-2026,512634,166.40,169.00,-0.0155,0.0228,0.0228,0.4356
07-SEP-2026,513005,40.55,41.98,-0.0347,0.0359,0.0359,0.6859
07-SEP-2026,513039,3.31,3.31,0.0000,0.0000,0.0000,0.0000
07-SEP-2026,513043,238.65,249.35,-0.0439,0.0339,0.0340,0.6496
07-SEP-2026,513059,20.34,22.42,-0.0974,0.0365,0.0371,0.7088
07-SEP-2026,513063,20.44,19.75,0.0343,0.0389,0.0389,0.7432
07-SEP-2026,513117,5.57,5.62,-0.0089,0.0301,0.0301,0.5751
07-SEP-2026,513149,746.05,785.00,-0.0509,0.0287,0.0288,0.5502
07-SEP-2026,513252,821.00,838.20,-0.0207,0.0299,0.0299,0.5712
07-SEP-2026,513295,104.50,106.15,-0.0157,0.0380,0.0379,0.7241
07-SEP-2026,513303,14.11,14.81,-0.0484,0.0345,0.0346,0.6610
07-SEP-2026,513307,997.20,1018.55,-0.0212,0.0304,0.0303,0.5789
07-SEP-2026,513337,0.44,0.44,0.0000,0.0325,0.0324,0.6190
07-SEP-2026,513353,314.95,316.90,-0.0062,0.0271,0.0270,0.5158
07-SEP-2026,513361,29.49,28.72,0.0265,0.0301,0.0301,0.5751
07-SEP-2026,513369,138.95,133.00,0.0438,0.0350,0.0350,0.6687
07-SEP-2026,513397,9.60,9.60,0.0000,0.0300,0.0299,0.5712
07-SEP-2026,513403,14.82,14.82,0.0000,0.0402,0.0401,0.7661
07-SEP-2026,513418,11.39,11.62,-0.0200,0.0327,0.0327,0.6247
07-SEP-2026,513422,29.50,30.50,-0.0333,0.0362,0.0362,0.6916
07-SEP-2026,513430,37.73,37.73,0.0000,0.0338,0.0338,0.6457
07-SEP-2026,513452,13.02,13.28,-0.0198,0.0329,0.0329,0.6286
07-SEP-2026,513456,42.52,44.04,-0.0351,0.0269,0.0269,0.5139
07-SEP-2026,513460,10.00,10.00,0.0000,0.0330,0.0329,0.6286
07-SEP-2026,513472,103.60,102.55,0.0102,0.0290,0.0289,0.5521
07-SEP-2026,513488,24.85,24.90,-0.0020,0.0430,0.0429,0.8196
07-SEP-2026,513496,327.95,312.60,0.0479,0.0361,0.0362,0.6916
07-SEP-2026,513498,74.26,75.58,-0.0176,0.0345,0.0345,0.6591
07-SEP-2026,513502,9.99,9.97,0.0020,0.0314,0.0313,0.5980
07-SEP-2026,513507,163.45,163.45,0.0000,0.0271,0.0271,0.5177
07-SEP-2026,513513,8.78,8.40,0.0442,0.0524,0.0524,1.0011
07-SEP-2026,513528,82.35,79.39,0.0366,0.0359,0.0359,0.6859
07-SEP-2026,513540,29.48,28.08,0.0487,0.0261,0.0263,0.5025
07-SEP-2026,513544,55.42,52.79,0.0486,0.0371,0.0371,0.7088
07-SEP-2026,513548,148.95,154.05,-0.0337,0.0427,0.0427,0.8158
07-SEP-2026,513566,12.07,11.50,0.0484,0.0309,0.0310,0.5923
07-SEP-2026,513575,28.10,29.30,-0.0418,0.0374,0.0374,0.7145
07-SEP-2026,513579,5.42,5.17,0.0472,0.0266,0.0267,0.5101
07-SEP-2026,513629,28.94,27.57,0.0485,0.0357,0.0358,0.6840
07-SEP-2026,513642,49.05,49.07,-0.0004,0.0441,0.0440,0.8406
07-SEP-2026,513687,4.10,3.94,0.0398,0.0314,0.0315,0.6018
07-SEP-2026,513693,33.91,32.95,0.0287,0.0315,0.0314,0.5999
07-SEP-2026,513699,26.58,27.00,-0.0157,0.0355,0.0354,0.6763
07-SEP-2026,513713,3.50,3.34,0.0468,0.0301,0.0302,0.5770
07-SEP-2026,513721,13.54,12.95,0.0446,0.0324,0.0324,0.6190
07-SEP-2026,514010,22.82,23.93,-0.0475,0.0358,0.0359,0.6859
07-SEP-2026,514028,20.96,21.38,-0.0198,0.0391,0.0390,0.7451
07-SEP-2026,514030,141.85,143.50,-0.0116,0.0253,0.0252,0.4814
07-SEP-2026,514060,4.04,3.98,0.0150,0.0368,0.0367,0.7012
07-SEP-2026,514113,22.99,22.96,0.0013,0.0323,0.0322,0.6152
07-SEP-2026,514128,44.07,46.38,-0.0511,0.0293,0.0295,0.5636
07-SEP-2026,514140,17.19,17.20,-0.0006,0.0313,0.0312,0.5961
07-SEP-2026,514165,5.90,5.98,-0.0135,0.0276,0.0275,0.5254
07-SEP-2026,514171,37.80,39.00,-0.0313,0.0392,0.0392,0.7489
07-SEP-2026,514177,70.00,70.99,-0.0140,0.0276,0.0275,0.5254
07-SEP-2026,514197,4.41,4.48,-0.0157,0.0371,0.0370,0.7069
07-SEP-2026,514221,0.19,0.19,0.0000,0.0072,0.0072,0.1376
07-SEP-2026,514223,31.35,30.74,0.0196,0.0380,0.0379,0.7241
07-SEP-2026,514236,0.10,0.10,0.0000,0.0000,0.0000,0.0000
07-SEP-2026,514238,997.00,1027.40,-0.0300,0.0297,0.0297,0.5674
07-SEP-2026,514240,6.44,6.37,0.0109,0.0334,0.0333,0.6362
07-SEP-2026,514248,25.20,24.00,0.0488,0.0322,0.0323,0.6171
07-SEP-2026,514260,100.81,96.01,0.0488,0.0340,0.0341,0.6515
07-SEP-2026,514264,18.76,18.49,0.0145,0.0426,0.0425,0.8120
07-SEP-2026,514266,55.00,53.14,0.0344,0.0234,0.0235,0.4490
07-SEP-2026,514272,132.45,133.40,-0.0071,0.0265,0.0264,0.5044
07-SEP-2026,514280,161.70,161.00,0.0043,0.0401,0.0400,0.7642
07-SEP-2026,514302,177.70,183.45,-0.0318,0.0339,0.0339,0.6477
07-SEP-2026,514312,41.70,39.58,0.0522,0.0410,0.0411,0.7852
07-SEP-2026,514316,90.70,91.90,-0.0131,0.0274,0.0273,0.5216
07-SEP-2026,514318,555.00,553.00,0.0036,0.0240,0.0239,0.4566
07-SEP-2026,514322,117.45,116.85,0.0051,0.0471,0.0469,0.8960
07-SEP-2026,514324,731.85,740.00,-0.0111,0.0303,0.0302,0.5770
07-SEP-2026,514326,6.50,6.35,0.0233,0.0334,0.0334,0.6381
07-SEP-2026,514332,41.88,41.49,0.0094,0.0395,0.0394,0.7527
07-SEP-2026,514336,29.26,30.80,-0.0513,0.0333,0.0334,0.6381
07-SEP-2026,514358,109.90,105.95,0.0366,0.0473,0.0472,0.9018
07-SEP-2026,514360,22.86,23.13,-0.0117,0.0330,0.0329,0.6286
07-SEP-2026,514378,13.10,13.45,-0.0264,0.0373,0.0372,0.7107
07-SEP-2026,514386,2.86,2.77,0.0320,0.0393,0.0392,0.7489
07-SEP-2026,514400,18.95,18.95,0.0000,0.0347,0.0346,0.6610
07-SEP-2026,514402,9.71,9.25,0.0485,0.0339,0.0340,0.6496
07-SEP-2026,514412,118.00,118.00,0.0000,0.0315,0.0314,0.5999
07-SEP-2026,514414,17.44,17.79,-0.0199,0.0302,0.0302,0.5770
07-SEP-2026,514440,8.62,8.57,0.0058,0.0333,0.0332,0.6343
07-SEP-2026,514454,34.62,33.95,0.0195,0.0369,0.0369,0.7050
07-SEP-2026,514460,14.25,14.96,-0.0486,0.0257,0.0258,0.4929
07-SEP-2026,514470,82.13,83.12,-0.0120,0.0266,0.0266,0.5082
07-SEP-2026,515008,423.30,437.70,-0.0335,0.0364,0.0364,0.6954
07-SEP-2026,515059,36.95,36.10,0.0233,0.0408,0.0407,0.7776
07-SEP-2026,515085,8.15,8.12,0.0037,0.0375,0.0374,0.7145
07-SEP-2026,516003,106.43,107.06,-0.0059,0.0256,0.0255,0.4872
07-SEP-2026,516020,3.71,3.90,-0.0499,0.0325,0.0326,0.6228
07-SEP-2026,516032,3.36,3.20,0.0488,0.0373,0.0374,0.7145
07-SEP-2026,516038,106.35,109.45,-0.0287,0.0332,0.0332,0.6343
07-SEP-2026,516062,2.60,2.55,0.0194,0.0223,0.0223,0.4260
07-SEP-2026,516078,90.00,88.93,0.0120,0.0363,0.0362,0.6916
07-SEP-2026,516096,182.15,182.15,0.0000,0.0362,0.0361,0.6897
07-SEP-2026,516098,8.17,7.96,0.0260,0.0336,0.0335,0.6400
07-SEP-2026,516106,7.35,7.32,0.0041,0.0334,0.0333,0.6362
07-SEP-2026,516108,117.55,118.85,-0.0110,0.0276,0.0276,0.5273
07-SEP-2026,516110,2.02,2.06,-0.0196,0.0332,0.0331,0.6324
07-SEP-2026,517044,37.98,37.98,0.0000,0.0274,0.0273,0.5216
07-SEP-2026,517063,120.80,134.15,-0.1048,0.0376,0.0382,0.7298
07-SEP-2026,517077,35.09,36.92,-0.0508,0.0277,0.0279,0.5330
07-SEP-2026,517096,74.50,73.28,0.0165,0.0398,0.0397,0.7585
07-SEP-2026,517119,19.10,19.00,0.0052,0.0306,0.0305,0.5827
07-SEP-2026,517170,20.88,20.70,0.0087,0.0359,0.0358,0.6840
07-SEP-2026,517172,8.89,8.72,0.0193,0.1325,0.1321,2.5238
07-SEP-2026,517201,122.75,118.90,0.0319,0.0353,0.0353,0.6744
07-SEP-2026,517230,17.13,16.32,0.0484,0.0316,0.0317,0.6056
07-SEP-2026,517236,70.75,71.01,-0.0037,0.0301,0.0300,0.5731
07-SEP-2026,517238,245.00,245.65,-0.0026,0.0361,0.0360,0.6878
07-SEP-2026,517246,223.90,224.95,-0.0047,0.0362,0.0361,0.6897
07-SEP-2026,517258,170.00,174.05,-0.0235,0.0347,0.0346,0.6610
07-SEP-2026,517264,67.48,66.65,0.0124,0.0319,0.0319,0.6094
07-SEP-2026,517286,101.62,99.84,0.0177,0.0336,0.0336,0.6419
07-SEP-2026,517288,66.03,65.08,0.0145,0.0347,0.0347,0.6629
07-SEP-2026,517320,20.76,21.85,-0.0512,0.0428,0.0428,0.8177
07-SEP-2026,517336,44.01,44.99,-0.0220,0.0307,0.0307,0.5865
07-SEP-2026,517356,2.50,2.55,-0.0198,0.0342,0.0341,0.6515
07-SEP-2026,517360,20.00,19.31,0.0351,0.0384,0.0384,0.7336
07-SEP-2026,517370,89.70,86.00,0.0421,0.0430,0.0430,0.8215
07-SEP-2026,517372,449.00,450.35,-0.0030,0.0206,0.0206,0.3936
07-SEP-2026,517393,4.56,4.76,-0.0429,0.0343,0.0343,0.6553
07-SEP-2026,517397,28.57,26.49,0.0756,0.0387,0.0390,0.7451
07-SEP-2026,517399,2.92,3.04,-0.0403,0.0351,0.0351,0.6706
07-SEP-2026,517417,273.45,279.75,-0.0228,0.0344,0.0343,0.6553
07-SEP-2026,517423,156.00,156.75,-0.0048,0.0268,0.0267,0.5101
07-SEP-2026,517429,51.85,52.64,-0.0151,0.0312,0.0311,0.5942
07-SEP-2026,517431,23.63,23.98,-0.0147,0.0458,0.0457,0.8731
07-SEP-2026,517437,100.55,100.55,0.0000,0.0269,0.0268,0.5120
07-SEP-2026,517449,1427.60,1423.50,0.0029,0.0298,0.0297,0.5674
07-SEP-2026,517477,311.50,312.35,-0.0027,0.0195,0.0194,0.3706
07-SEP-2026,517494,12.10,12.46,-0.0293,0.0294,0.0294,0.5617
07-SEP-2026,517514,165.30,167.35,-0.0123,0.0361,0.0360,0.6878
07-SEP-2026,517546,33.73,34.22,-0.0144,0.0352,0.0352,0.6725
07-SEP-2026,517554,2.46,2.58,-0.0476,0.0346,0.0347,0.6629
07-SEP-2026,517564,39.76,40.57,-0.0202,0.0101,0.0102,0.1949
07-SEP-2026,518011,44.00,42.91,0.0251,0.0406,0.0406,0.7757
07-SEP-2026,518053,36.94,37.03,-0.0024,0.0345,0.0345,0.6591
07-SEP-2026,518075,253.55,266.00,-0.0479,0.0293,0.0294,0.5617
07-SEP-2026,519014,15.14,15.14,0.0000,0.0284,0.0284,0.5426
07-SEP-2026,519031,381.80,401.85,-0.0512,0.0252,0.0254,0.4853
07-SEP-2026,519064,204.00,200.00,0.0198,0.0411,0.0410,0.7833
07-SEP-2026,519097,80.17,79.92,0.0031,0.0408,0.0407,0.7776
07-SEP-2026,519174,11.85,11.30,0.0475,0.0326,0.0327,0.6247
07-SEP-2026,519191,1.21,1.19,0.0167,0.0320,0.0320,0.6114
07-SEP-2026,519214,4.41,4.20,0.0488,0.0354,0.0354,0.6763
07-SEP-2026,519216,23.60,23.83,-0.0097,0.0310,0.0309,0.5903
07-SEP-2026,519230,12.82,13.50,-0.0517,0.0409,0.0410,0.7833
07-SEP-2026,519238,24.18,23.19,0.0418,0.0341,0.0342,0.6534
07-SEP-2026,519242,92.66,92.66,0.0000,0.0294,0.0293,0.5598
07-SEP-2026,519262,15.00,15.50,-0.0328,0.0410,0.0410,0.7833
07-SEP-2026,519279,5.01,5.01,0.0000,0.0290,0.0290,0.5540
07-SEP-2026,519285,4.50,4.55,-0.0110,0.0317,0.0316,0.6037
07-SEP-2026,519287,36.43,36.19,0.0066,0.0324,0.0323,0.6171
07-SEP-2026,519295,238.95,236.10,0.0120,0.0235,0.0235,0.4490
07-SEP-2026,519299,40.55,40.70,-0.0037,0.0360,0.0359,0.6859
07-SEP-2026,519307,0.91,0.90,0.0110,0.0343,0.0342,0.6534
07-SEP-2026,519331,30.17,31.03,-0.0281,0.0381,0.0381,0.7279
07-SEP-2026,519353,10.67,10.67,0.0000,0.0181,0.0181,0.3458
07-SEP-2026,519359,63.00,63.55,-0.0087,0.0305,0.0304,0.5808
07-SEP-2026,519367,406.90,390.05,0.0423,0.0319,0.0320,0.6114
07-SEP-2026,519413,61.00,60.86,0.0023,0.0146,0.0146,0.2789
07-SEP-2026,519415,50.00,50.00,0.0000,0.0088,0.0088,0.1681
07-SEP-2026,519439,24.37,25.65,-0.0512,0.0113,0.0119,0.2273
07-SEP-2026,519457,32.16,32.20,-0.0012,0.0316,0.0315,0.6018
07-SEP-2026,519463,34.15,34.97,-0.0237,0.0351,0.0350,0.6687
07-SEP-2026,519471,235.10,233.30,0.0077,0.0401,0.0400,0.7642
07-SEP-2026,519475,96.37,89.00,0.0796,0.0293,0.0297,0.5674
07-SEP-2026,519477,1349.00,1375.95,-0.0198,0.0381,0.0381,0.7279
07-SEP-2026,519479,8.60,8.65,-0.0058,0.0337,0.0336,0.6419
07-SEP-2026,519483,24.75,23.97,0.0320,0.0430,0.0429,0.8196
07-SEP-2026,519500,9.38,9.50,-0.0127,0.0378,0.0377,0.7203
07-SEP-2026,519506,22.50,22.57,-0.0031,0.0287,0.0286,0.5464
07-SEP-2026,519566,179.50,186.35,-0.0375,0.0297,0.0298,0.5693
07-SEP-2026,519574,37.07,38.40,-0.0352,0.0379,0.0379,0.7241
07-SEP-2026,519604,18.94,18.36,0.0311,0.0415,0.0414,0.7909
07-SEP-2026,519606,15.70,16.00,-0.0189,0.1668,0.1664,3.1791
07-SEP-2026,519612,68.47,65.21,0.0488,0.0348,0.0348,0.6649
07-SEP-2026,520075,113.65,116.80,-0.0273,0.0211,0.0211,0.4031
07-SEP-2026,520081,19.00,19.00,0.0000,0.0186,0.0186,0.3554
07-SEP-2026,520121,12.01,12.64,-0.0511,0.0344,0.0345,0.6591
07-SEP-2026,520123,64.10,65.00,-0.0139,0.0304,0.0303,0.5789
07-SEP-2026,520127,12.48,12.87,-0.0308,0.0373,0.0373,0.7126
07-SEP-2026,520131,24.04,24.04,0.0000,0.0252,0.0251,0.4795
07-SEP-2026,520141,7.66,7.79,-0.0168,0.0331,0.0330,0.6305
07-SEP-2026,520155,38.33,38.02,0.0081,0.0296,0.0296,0.5655
07-SEP-2026,521003,49.47,49.47,0.0000,0.0151,0.0151,0.2885
07-SEP-2026,521005,0.96,1.00,-0.0408,0.0353,0.0353,0.6744
07-SEP-2026,521036,50.05,49.07,0.0198,0.0184,0.0184,0.3515
07-SEP-2026,521048,27.10,28.40,-0.0469,0.0349,0.0350,0.6687
07-SEP-2026,521054,8.70,8.29,0.0483,0.0379,0.0379,0.7241
07-SEP-2026,521062,3.49,3.59,-0.0283,0.0344,0.0344,0.6572
07-SEP-2026,521068,45.25,45.25,0.0000,0.0269,0.0268,0.5120
07-SEP-2026,521080,6.60,6.35,0.0386,0.0443,0.0443,0.8464
07-SEP-2026,521105,25.95,25.13,0.0321,0.0370,0.0370,0.7069
07-SEP-2026,521113,64.23,64.66,-0.0067,0.0303,0.0302,0.5770
07-SEP-2026,521131,22.75,22.60,0.0066,0.0264,0.0263,0.5025
07-SEP-2026,521133,4.75,4.75,0.0000,0.0197,0.0196,0.3745
07-SEP-2026,521137,6.71,6.58,0.0196,0.0348,0.0347,0.6629
07-SEP-2026,521141,14.41,14.90,-0.0334,0.0283,0.0284,0.5426
07-SEP-2026,521149,8.69,8.58,0.0127,0.0395,0.0394,0.7527
07-SEP-2026,521151,52.20,52.20,0.0000,0.0282,0.0281,0.5368
07-SEP-2026,521161,31.20,31.20,0.0000,0.0367,0.0366,0.6992
07-SEP-2026,521167,178.00,174.55,0.0196,0.1014,0.1011,1.9315
07-SEP-2026,521178,58.54,58.50,0.0007,0.0337,0.0336,0.6419
07-SEP-2026,521188,21.69,20.66,0.0487,0.0245,0.0246,0.4700
07-SEP-2026,521206,1.28,1.34,-0.0458,0.0397,0.0397,0.7585
07-SEP-2026,521210,13.30,13.30,0.0000,0.0284,0.0284,0.5426
07-SEP-2026,521216,74.71,74.75,-0.0005,0.0281,0.0280,0.5349
07-SEP-2026,521222,28.60,28.27,0.0116,0.0287,0.0287,0.5483
07-SEP-2026,521226,27.00,25.30,0.0650,0.0425,0.0426,0.8139
07-SEP-2026,521228,2.22,2.17,0.0228,0.0271,0.0271,0.5177
07-SEP-2026,521232,70.30,70.30,0.0000,0.0281,0.0280,0.5349
07-SEP-2026,521234,25.55,25.55,0.0000,0.0476,0.0475,0.9075
07-SEP-2026,521238,142.95,158.80,-0.1052,0.0432,0.0437,0.8349
07-SEP-2026,521242,42.95,42.95,0.0000,0.0238,0.0237,0.4528
07-SEP-2026,521244,147.00,147.25,-0.0017,0.0282,0.0281,0.5368
07-SEP-2026,522001,84.99,82.28,0.0324,0.0368,0.0368,0.7031
07-SEP-2026,522017,746.95,745.60,0.0018,0.0318,0.0317,0.6056
07-SEP-2026,522027,672.30,686.00,-0.0202,0.0204,0.0204,0.3897
07-SEP-2026,522036,58.85,56.05,0.0487,0.0265,0.0266,0.5082
07-SEP-2026,522091,35.34,35.48,-0.0040,0.0388,0.0387,0.7394
07-SEP-2026,522134,177.05,169.20,0.0454,0.0326,0.0327,0.6247
07-SEP-2026,522152,92.47,85.57,0.0775,0.0361,0.0365,0.6973
07-SEP-2026,522165,40.78,41.12,-0.0083,0.0280,0.0279,0.5330
07-SEP-2026,522171,8.45,8.45,0.0000,0.0216,0.0215,0.4108
07-SEP-2026,522207,56.81,57.70,-0.0155,0.0327,0.0327,0.6247
07-SEP-2026,522209,6.73,6.70,0.0045,0.0415,0.0414,0.7909
07-SEP-2026,522231,97.08,99.39,-0.0235,0.0397,0.0397,0.7585
07-SEP-2026,522237,23.32,23.32,0.0000,0.0509,0.0507,0.9686
07-SEP-2026,522245,22.16,22.16,0.0000,0.0344,0.0344,0.6572
07-SEP-2026,522251,184.30,178.85,0.0300,0.0375,0.0375,0.7164
07-SEP-2026,522267,40.74,42.00,-0.0305,0.0439,0.0438,0.8368
07-SEP-2026,522273,161.15,164.40,-0.0200,0.0402,0.0402,0.7680
07-SEP-2026,522289,38.78,38.76,0.0005,0.0379,0.0378,0.7222
07-SEP-2026,522292,64.99,64.41,0.0090,0.0346,0.0345,0.6591
07-SEP-2026,522294,169.50,168.85,0.0038,0.0303,0.0302,0.5770
07-SEP-2026,522650,105.65,107.25,-0.0150,0.0362,0.0361,0.6897
07-SEP-2026,523019,17.98,17.80,0.0101,0.0312,0.0312,0.5961
07-SEP-2026,523021,39.97,40.40,-0.0107,0.0375,0.0374,0.7145
07-SEP-2026,523054,1839.20,1936.00,-0.0513,0.0253,0.0255,0.4872
07-SEP-2026,523062,46.00,46.00,0.0000,0.0358,0.0357,0.6820
07-SEP-2026,523100,199.75,200.00,-0.0013,0.0358,0.0358,0.6840
07-SEP-2026,523105,3.04,2.91,0.0437,0.0392,0.0392,0.7489
07-SEP-2026,523113,29.40,28.00,0.0488,0.0226,0.0228,0.4356
07-SEP-2026,523116,700.00,694.95,0.0072,0.0245,0.0245,0.4681
07-SEP-2026,523120,91.50,92.00,-0.0054,0.0386,0.0385,0.7355
07-SEP-2026,523151,12.50,12.50,0.0000,0.0432,0.0431,0.8234
07-SEP-2026,523160,1792.30,1808.45,-0.0090,0.0246,0.0245,0.4681
07-SEP-2026,523186,200.00,200.40,-0.0020,0.0368,0.0367,0.7012
07-SEP-2026,523222,27.63,26.66,0.0357,0.0316,0.0316,0.6037
07-SEP-2026,523232,74.85,79.31,-0.0579,0.0319,0.0321,0.6133
07-SEP-2026,523242,3.26,3.11,0.0471,0.0391,0.0392,0.7489
07-SEP-2026,523248,262.25,260.95,0.0050,0.0309,0.0309,0.5903
07-SEP-2026,523277,0.38,0.39,-0.0260,0.0352,0.0352,0.6725
07-SEP-2026,523289,168.15,179.05,-0.0628,0.0390,0.0391,0.7470
07-SEP-2026,523309,57.86,60.88,-0.0509,0.0326,0.0327,0.6247
07-SEP-2026,523315,0.89,0.89,0.0000,0.0560,0.0559,1.0680
07-SEP-2026,523343,10.00,10.00,0.0000,0.0000,0.0000,0.0000
07-SEP-2026,523351,14.26,14.99,-0.0499,0.0181,0.0184,0.3515
07-SEP-2026,523373,4.40,4.51,-0.0247,0.0340,0.0340,0.6496
07-SEP-2026,523387,2.01,1.93,0.0406,0.0266,0.0267,0.5101
07-SEP-2026,523411,2420.00,2409.00,0.0046,0.0338,0.0337,0.6438
07-SEP-2026,523425,12.67,12.67,0.0000,0.0247,0.0246,0.4700
07-SEP-2026,523449,125.25,124.05,0.0096,0.0394,0.0393,0.7508
07-SEP-2026,523465,48.10,48.75,-0.0134,0.0307,0.0306,0.5846
07-SEP-2026,523467,2.88,2.89,-0.0035,0.0345,0.0344,0.6572
07-SEP-2026,523489,38.99,37.50,0.0390,0.0341,0.0342,0.6534
07-SEP-2026,523519,7.20,7.20,0.0000,0.0359,0.0358,0.6840
07-SEP-2026,523537,58.05,58.04,0.0002,0.0269,0.0268,0.5120
07-SEP-2026,523550,34.50,33.91,0.0172,0.0336,0.0336,0.6419
07-SEP-2026,523566,47.50,48.30,-0.0167,0.0393,0.0392,0.7489
07-SEP-2026,523586,47.37,45.97,0.0300,0.0202,0.0202,0.3859
07-SEP-2026,523594,19.64,20.85,-0.0598,0.0374,0.0375,0.7164
07-SEP-2026,523620,86.70,82.60,0.0484,0.0394,0.0395,0.7546
07-SEP-2026,523650,40.15,41.45,-0.0319,0.0415,0.0415,0.7929
07-SEP-2026,523652,51.81,51.81,0.0000,0.0316,0.0315,0.6018
07-SEP-2026,523672,46.85,46.62,0.0049,0.0328,0.0327,0.6247
07-SEP-2026,523676,343.95,313.00,0.0943,0.0305,0.0312,0.5961
07-SEP-2026,523696,45.84,45.29,0.0121,0.0218,0.0218,0.4165
07-SEP-2026,523712,5.67,5.67,0.0000,0.0220,0.0219,0.4184
07-SEP-2026,523722,5.10,4.90,0.0400,0.0341,0.0341,0.6515
07-SEP-2026,523732,63.82,63.32,0.0079,0.0357,0.0356,0.6801
07-SEP-2026,523752,2.90,2.77,0.0459,0.0331,0.0332,0.6343
07-SEP-2026,523782,14.91,14.61,0.0203,0.0410,0.0409,0.7814
07-SEP-2026,523790,8.85,8.85,0.0000,0.0232,0.0231,0.4413
07-SEP-2026,523826,29.97,26.90,0.1081,0.0349,0.0357,0.6820
07-SEP-2026,523832,15.87,15.99,-0.0075,0.0404,0.0403,0.7699
07-SEP-2026,523840,14.69,14.97,-0.0189,0.0302,0.0302,0.5770
07-SEP-2026,523844,47.21,47.48,-0.0057,0.0386,0.0385,0.7355
07-SEP-2026,523874,94.79,94.38,0.0043,0.0343,0.0342,0.6534
07-SEP-2026,523888,175.10,179.00,-0.0220,0.0299,0.0299,0.5712
07-SEP-2026,523896,52.40,52.40,0.0000,0.0408,0.0407,0.7776
07-SEP-2026,524031,5.22,5.22,0.0000,0.0249,0.0248,0.4738
07-SEP-2026,524038,4.58,4.28,0.0677,0.0458,0.0460,0.8788
07-SEP-2026,524055,96.00,96.00,0.0000,0.0247,0.0247,0.4719
07-SEP-2026,524080,58.40,59.09,-0.0117,0.0314,0.0314,0.5999
07-SEP-2026,524136,489.70,487.40,0.0047,0.0318,0.0317,0.6056
07-SEP-2026,524156,45.08,44.50,0.0129,0.0368,0.0368,0.7031
07-SEP-2026,524174,12.99,13.54,-0.0415,0.0373,0.0373,0.7126
07-SEP-2026,524202,106.00,106.40,-0.0038,0.0324,0.0323,0.6171
07-SEP-2026,524204,117.70,117.50,0.0017,0.0299,0.0298,0.5693
07-SEP-2026,524210,33.99,32.50,0.0448,0.0478,0.0478,0.9132
07-SEP-2026,524218,169.45,161.40,0.0487,0.0295,0.0296,0.5655
07-SEP-2026,524238,11.00,11.10,-0.0090,0.0267,0.0267,0.5101
07-SEP-2026,524288,47.50,45.48,0.0435,0.0312,0.0313,0.5980
07-SEP-2026,524314,40.78,40.69,0.0022,0.0398,0.0397,0.7585
07-SEP-2026,524322,20.18,19.98,0.0100,0.0297,0.0296,0.5655
07-SEP-2026,524336,260.00,247.65,0.0487,0.0356,0.0357,0.6820
07-SEP-2026,524400,74.00,72.90,0.0150,0.0337,0.0337,0.6438
07-SEP-2026,524408,186.15,192.50,-0.0335,0.0371,0.0371,0.7088
07-SEP-2026,524414,13.72,13.65,0.0051,0.0393,0.0392,0.7489
07-SEP-2026,524434,11.72,12.08,-0.0303,0.0312,0.0312,0.5961
07-SEP-2026,524440,45.60,40.75,0.1125,0.0349,0.0357,0.6820
07-SEP-2026,524444,1.38,1.32,0.0445,0.0334,0.0334,0.6381
07-SEP-2026,524458,9.00,9.05,-0.0055,0.0485,0.0484,0.9247
07-SEP-2026,524480,748.70,766.00,-0.0228,0.0302,0.0301,0.5751
07-SEP-2026,524488,2.71,2.80,-0.0327,0.0336,0.0336,0.6419
07-SEP-2026,524502,97.81,96.43,0.0142,0.0283,0.0282,0.5388
07-SEP-2026,524504,12.81,12.81,0.0000,0.0142,0.0142,0.2713
07-SEP-2026,524506,570.65,574.00,-0.0059,0.0279,0.0278,0.5311
07-SEP-2026,524514,28.58,27.22,0.0488,0.0251,0.0253,0.4834
07-SEP-2026,524516,16.06,15.30,0.0485,0.0357,0.0358,0.6840
07-SEP-2026,524522,31.18,25.99,0.1821,0.0382,0.0402,0.7680
07-SEP-2026,524534,108.55,111.80,-0.0295,0.0386,0.0385,0.7355
07-SEP-2026,524548,94.05,96.00,-0.0205,0.0406,0.0405,0.7738
07-SEP-2026,524564,7.58,7.41,0.0227,0.0317,0.0316,0.6037
07-SEP-2026,524572,30.31,31.09,-0.0254,0.0331,0.0331,0.6324
07-SEP-2026,524576,26.13,24.88,0.0490,0.0334,0.0335,0.6400
07-SEP-2026,524580,20.75,21.84,-0.0512,0.0361,0.0362,0.6916
07-SEP-2026,524582,137.50,130.35,0.0534,0.0331,0.0332,0.6343
07-SEP-2026,524590,18.91,18.91,0.0000,0.0419,0.0418,0.7986
07-SEP-2026,524592,20.72,20.65,0.0034,0.0365,0.0364,0.6954
07-SEP-2026,524594,108.25,105.25,0.0281,0.0373,0.0372,0.7107
07-SEP-2026,524602,22.36,21.70,0.0300,0.0415,0.0415,0.7929
07-SEP-2026,524604,12.12,12.12,0.0000,0.0243,0.0243,0.4643
07-SEP-2026,524606,24.95,24.59,0.0145,0.0403,0.0402,0.7680
07-SEP-2026,524614,5.54,5.66,-0.0214,0.0319,0.0319,0.6094
07-SEP-2026,524622,50.76,51.65,-0.0174,0.0336,0.0335,0.6400
07-SEP-2026,524624,20.49,20.00,0.0242,0.0420,0.0420,0.8024
07-SEP-2026,524628,19.36,19.35,0.0005,0.0378,0.0377,0.7203
07-SEP-2026,524636,53.83,54.18,-0.0065,0.0364,0.0363,0.6935
07-SEP-2026,524640,63.43,62.14,0.0205,0.0279,0.0278,0.5311
07-SEP-2026,524661,0.23,0.23,0.0000,0.0358,0.0357,0.6820
07-SEP-2026,524663,15.27,15.34,-0.0046,0.0260,0.0259,0.4948
07-SEP-2026,524675,20.90,20.98,-0.0038,0.0410,0.0409,0.7814
07-SEP-2026,524687,11.42,11.50,-0.0070,0.0268,0.0268,0.5120
07-SEP-2026,524703,37.84,38.22,-0.0100,0.0274,0.0273,0.5216
07-SEP-2026,524711,5.95,6.28,-0.0540,0.0399,0.0400,0.7642
07-SEP-2026,524717,415.55,434.05,-0.0436,0.0363,0.0363,0.6935
07-SEP-2026,524723,122.10,118.75,0.0278,0.0181,0.0182,0.3477
07-SEP-2026,524727,29.39,30.93,-0.0511,0.0313,0.0315,0.6018
07-SEP-2026,524748,27.46,26.31,0.0428,0.0349,0.0349,0.6668
07-SEP-2026,524752,5.60,6.20,-0.1018,0.0405,0.0411,0.7852
07-SEP-2026,524768,24.72,23.77,0.0392,0.0375,0.0375,0.7164
07-SEP-2026,524790,270.10,272.55,-0.0090,0.0387,0.0386,0.7375
07-SEP-2026,524808,19.75,19.08,0.0345,0.0362,0.0362,0.6916
07-SEP-2026,524818,133.70,122.30,0.0891,0.0344,0.0349,0.6668
07-SEP-2026,524828,520.65,517.10,0.0068,0.0299,0.0299,0.5712
07-SEP-2026,526001,21.60,21.91,-0.0142,0.0384,0.0383,0.7317
07-SEP-2026,526025,13.24,12.35,0.0696,0.0328,0.0331,0.6324
07-SEP-2026,526043,47.77,47.80,-0.0006,0.0309,0.0309,0.5903
07-SEP-2026,526071,1024.95,1035.85,-0.0106,0.0680,0.0679,1.2972
07-SEP-2026,526073,896.10,853.45,0.0488,0.0335,0.0336,0.6419
07-SEP-2026,526075,54.90,53.83,0.0197,0.0327,0.0327,0.6247
07-SEP-2026,526081,25.80,26.32,-0.0200,0.0431,0.0430,0.8215
07-SEP-2026,526095,54.00,54.06,-0.0011,0.0439,0.0438,0.8368
07-SEP-2026,526113,15.44,16.25,-0.0511,0.0384,0.0385,0.7355
07-SEP-2026,526115,8.76,8.76,0.0000,0.0406,0.0405,0.7738
07-SEP-2026,526133,5.90,5.90,0.0000,0.0451,0.0450,0.8597
07-SEP-2026,526137,106.50,104.70,0.0170,0.0388,0.0387,0.7394
07-SEP-2026,526139,2.79,2.72,0.0254,0.0373,0.0372,0.7107
07-SEP-2026,526143,6.98,7.49,-0.0705,0.0427,0.0429,0.8196
07-SEP-2026,526159,81.44,81.72,-0.0034,0.0273,0.0272,0.5197
07-SEP-2026,526161,144.55,137.70,0.0485,0.0525,0.0525,1.0030
07-SEP-2026,526169,178.95,180.00,-0.0059,0.0242,0.0241,0.4604
07-SEP-2026,526179,356.45,339.50,0.0487,0.0312,0.0313,0.5980
07-SEP-2026,526187,5.63,5.90,-0.0468,0.0389,0.0390,0.7451
07-SEP-2026,526193,11.69,11.78,-0.0077,0.0368,0.0367,0.7012
07-SEP-2026,526211,60.98,61.02,-0.0007,0.0363,0.0362,0.6916
07-SEP-2026,526231,107.21,102.11,0.0487,0.0394,0.0394,0.7527
07-SEP-2026,526237,44.57,47.25,-0.0584,0.0352,0.0354,0.6763
07-SEP-2026,526241,35.00,34.14,0.0249,0.0363,0.0363,0.6935
07-SEP-2026,526251,35.50,36.00,-0.0140,0.0421,0.0420,0.8024
07-SEP-2026,526269,138.30,131.75,0.0485,0.0348,0.0349,0.6668
07-SEP-2026,526315,78.88,71.71,0.0953,0.0303,0.0310,0.5923
07-SEP-2026,526335,6.49,6.31,0.0281,0.0439,0.0439,0.8387
07-SEP-2026,526345,24.54,22.40,0.0912,0.0373,0.0377,0.7203
07-SEP-2026,526355,73.11,72.01,0.0152,0.0411,0.0410,0.7833
07-SEP-2026,526373,51.80,51.80,0.0000,0.0298,0.0297,0.5674
07-SEP-2026,526409,6.80,6.73,0.0103,0.0320,0.0320,0.6114
07-SEP-2026,526415,3.20,3.16,0.0126,0.0356,0.0355,0.6782
07-SEP-2026,526431,23.37,23.37,0.0000,0.0250,0.0250,0.4776
07-SEP-2026,526433,6205.05,5370.45,0.1445,0.0329,0.0343,0.6553
07-SEP-2026,526435,74.88,78.05,-0.0415,0.0360,0.0361,0.6897
07-SEP-2026,526439,8.51,8.68,-0.0198,0.0416,0.0415,0.7929
07-SEP-2026,526441,1.22,1.20,0.0165,0.0414,0.0413,0.7890
07-SEP-2026,526443,83.53,84.26,-0.0087,0.0328,0.0327,0.6247
07-SEP-2026,526445,8.23,8.30,-0.0085,0.0355,0.0354,0.6763
07-SEP-2026,526468,19.91,20.95,-0.0509,0.0378,0.0379,0.7241
07-SEP-2026,526471,19.98,19.61,0.0187,0.0275,0.0275,0.5254
07-SEP-2026,526473,4.70,4.84,-0.0294,0.0308,0.0308,0.5884
07-SEP-2026,526477,51.28,53.97,-0.0511,0.0295,0.0296,0.5655
07-SEP-2026,526479,93.28,91.81,0.0159,0.0323,0.0323,0.6171
07-SEP-2026,526488,89.45,94.15,-0.0512,0.0296,0.0297,0.5674
07-SEP-2026,526490,4.26,4.54,-0.0637,0.0340,0.0342,0.6534
07-SEP-2026,526492,119.40,108.50,0.0957,0.0264,0.0272,0.5197
07-SEP-2026,526494,11.27,10.75,0.0472,0.0377,0.0377,0.7203
07-SEP-2026,526500,21.71,21.50,0.0097,0.0352,0.0352,0.6725
07-SEP-2026,526504,6.31,6.64,-0.0510,0.0175,0.0178,0.3401
07-SEP-2026,526508,12.10,12.37,-0.0221,0.0308,0.0308,0.5884
07-SEP-2026,526519,121.25,118.90,0.0196,0.0288,0.0288,0.5502
07-SEP-2026,526525,18.00,18.01,-0.0006,0.0354,0.0353,0.6744
07-SEP-2026,526530,140.25,138.50,0.0126,0.0275,0.0274,0.5235
07-SEP-2026,526532,8.73,8.28,0.0529,0.0438,0.0438,0.8368
07-SEP-2026,526546,157.25,165.25,-0.0496,0.0362,0.0363,0.6935
07-SEP-2026,526554,29.10,27.90,0.0421,0.0246,0.0247,0.4719
07-SEP-2026,526570,3787.40,3793.20,-0.0015,0.0298,0.0297,0.5674
07-SEP-2026,526574,22.75,21.87,0.0394,0.0355,0.0355,0.6782
07-SEP-2026,526588,13.97,13.31,0.0484,0.0367,0.0368,0.7031
07-SEP-2026,526604,220.70,210.20,0.0487,0.0407,0.0408,0.7795
07-SEP-2026,526614,89.25,91.03,-0.0197,0.0369,0.0369,0.7050
07-SEP-2026,526616,39.59,40.02,-0.0108,0.0241,0.0240,0.4585
07-SEP-2026,526622,0.38,0.37,0.0267,0.0287,0.0287,0.5483
07-SEP-2026,526628,36.60,36.60,0.0000,0.0267,0.0267,0.5101
07-SEP-2026,526638,61.09,60.93,0.0026,0.0335,0.0334,0.6381
07-SEP-2026,526640,28.97,29.59,-0.0212,0.0348,0.0348,0.6649
07-SEP-2026,526675,25.30,26.00,-0.0273,0.0500,0.0499,0.9533
07-SEP-2026,526703,501.85,441.00,0.1293,0.0309,0.0321,0.6133
07-SEP-2026,526705,191.00,191.00,0.0000,0.0290,0.0289,0.5521
07-SEP-2026,526709,6.93,7.02,-0.0129,0.0295,0.0294,0.5617
07-SEP-2026,526711,26.91,27.37,-0.0169,0.0348,0.0348,0.6649
07-SEP-2026,526717,305.25,320.45,-0.0486,0.0367,0.0368,0.7031
07-SEP-2026,526727,54.27,56.03,-0.0319,0.0363,0.0362,0.6916
07-SEP-2026,526739,471.25,462.40,0.0190,0.0227,0.0227,0.4337
07-SEP-2026,526747,239.35,222.10,0.0748,0.0282,0.0286,0.5464
07-SEP-2026,526751,21.31,22.43,-0.0512,0.0239,0.0241,0.4604
07-SEP-2026,526755,5.33,5.61,-0.0512,0.0356,0.0357,0.6820
07-SEP-2026,526761,19.50,20.40,-0.0451,0.0416,0.0417,0.7967
07-SEP-2026,526775,1309.70,1246.20,0.0497,0.0330,0.0331,0.6324
07-SEP-2026,526795,6.29,6.29,0.0000,0.0265,0.0264,0.5044
07-SEP-2026,526799,14.76,14.76,0.0000,0.0214,0.0214,0.4088
07-SEP-2026,526813,10.02,9.91,0.0110,0.0510,0.0509,0.9724
07-SEP-2026,526823,4.26,4.35,-0.0209,0.0340,0.0339,0.6477
07-SEP-2026,526827,97.30,96.60,0.0072,0.1129,0.1127,2.1531
07-SEP-2026,526839,12.85,12.50,0.0276,0.0415,0.0415,0.7929
07-SEP-2026,526841,11.88,11.58,0.0256,0.0381,0.0380,0.7260
07-SEP-2026,526847,24.29,23.94,0.0145,0.0327,0.0326,0.6228
07-SEP-2026,526851,123.10,125.70,-0.0209,0.0270,0.0270,0.5158
07-SEP-2026,526859,0.75,0.78,-0.0392,0.0395,0.0395,0.7546
07-SEP-2026,526861,128.10,132.35,-0.0326,0.0266,0.0267,0.5101
07-SEP-2026,526865,4.72,4.50,0.0477,0.0349,0.0350,0.6687
07-SEP-2026,526869,18.86,18.86,0.0000,0.0337,0.0336,0.6419
07-SEP-2026,526871,14.84,14.21,0.0434,0.0397,0.0397,0.7585
07-SEP-2026,526873,57.40,57.20,0.0035,0.0287,0.0287,0.5483
07-SEP-2026,526877,18.65,18.65,0.0000,0.0340,0.0339,0.6477
07-SEP-2026,526883,10.69,11.25,-0.0511,0.0227,0.0229,0.4375
07-SEP-2026,526887,7.63,8.03,-0.0511,0.0227,0.0229,0.4375
07-SEP-2026,526891,15.22,15.22,0.0000,0.0327,0.0326,0.6228
07-SEP-2026,526899,8.25,8.25,0.0000,0.0267,0.0266,0.5082
07-SEP-2026,526901,42.49,44.50,-0.0462,0.0380,0.0381,0.7279
07-SEP-2026,526905,7.93,8.34,-0.0504,0.0359,0.0360,0.6878
07-SEP-2026,526935,5.22,4.98,0.0471,0.1667,0.1663,3.1772
07-SEP-2026,526941,2.70,2.70,0.0000,0.0293,0.0292,0.5579
07-SEP-2026,526945,87.21,87.21,0.0000,0.0318,0.0317,0.6056
07-SEP-2026,526959,15.31,15.31,0.0000,0.0109,0.0108,0.2063
07-SEP-2026,526961,5.09,5.01,0.0158,0.0368,0.0367,0.7012
07-SEP-2026,526965,97.45,96.00,0.0150,0.0287,0.0286,0.5464
07-SEP-2026,526967,7.30,6.99,0.0434,0.0466,0.0466,0.8903
07-SEP-2026,526971,275.80,280.50,-0.0169,0.0312,0.0311,0.5942
07-SEP-2026,526977,24.84,24.84,0.0000,0.0190,0.0190,0.3630
07-SEP-2026,526983,15.47,15.47,0.0000,0.0155,0.0155,0.2961
07-SEP-2026,527005,142.10,139.00,0.0221,0.0426,0.0425,0.8120
07-SEP-2026,530025,17.54,17.98,-0.0248,0.0361,0.0361,0.6897
07-SEP-2026,530027,8.20,8.03,0.0209,0.0399,0.0398,0.7604
07-SEP-2026,530035,36.20,36.20,0.0000,0.0206,0.0205,0.3917
07-SEP-2026,530037,65.45,65.86,-0.0062,0.0398,0.0397,0.7585
07-SEP-2026,530043,333.95,325.55,0.0255,0.0310,0.0309,0.5903
07-SEP-2026,530045,41.82,42.05,-0.0055,0.0298,0.0298,0.5693
07-SEP-2026,530053,4.70,4.58,0.0259,0.0303,0.0303,0.5789
07-SEP-2026,530055,102.70,102.73,-0.0003,0.0227,0.0226,0.4318
07-SEP-2026,530057,1.73,1.75,-0.0115,0.0324,0.0323,0.6171
07-SEP-2026,530063,4.40,4.30,0.0230,0.0322,0.0321,0.6133
07-SEP-2026,530065,16.14,16.14,0.0000,0.0337,0.0336,0.6419
07-SEP-2026,530077,184.30,173.50,0.0604,0.0223,0.0226,0.4318
07-SEP-2026,530093,4.37,4.60,-0.0513,0.0138,0.0143,0.2732
07-SEP-2026,530109,1.86,1.85,0.0054,0.0324,0.0323,0.6171
07-SEP-2026,530111,29.75,29.01,0.0252,0.0384,0.0384,0.7336
07-SEP-2026,530119,40.25,40.84,-0.0146,0.0385,0.0384,0.7336
07-SEP-2026,530125,229.90,231.50,-0.0069,0.0311,0.0310,0.5923
07-SEP-2026,530127,21.42,20.40,0.0488,0.0421,0.0422,0.8062
07-SEP-2026,530133,63.02,64.04,-0.0161,0.0377,0.0376,0.7183
07-SEP-2026,530139,87.99,87.91,0.0009,0.0444,0.0443,0.8464
07-SEP-2026,530141,53.90,52.50,0.0263,0.0430,0.0429,0.8196
07-SEP-2026,530145,24.01,24.50,-0.0202,0.0326,0.0325,0.6209
07-SEP-2026,530151,3.43,3.59,-0.0456,0.0274,0.0276,0.5273
07-SEP-2026,530163,173.75,181.50,-0.0436,0.0348,0.0349,0.6668
07-SEP-2026,530167,19.50,19.00,0.0260,0.0298,0.0298,0.5693
07-SEP-2026,530169,27.02,26.74,0.0104,0.0295,0.0294,0.5617
07-SEP-2026,530171,29.40,29.06,0.0116,0.0416,0.0415,0.7929
07-SEP-2026,530173,21.60,21.60,0.0000,0.0263,0.0263,0.5025
07-SEP-2026,530175,39.45,38.87,0.0148,0.0368,0.0367,0.7012
07-SEP-2026,530177,21.95,21.95,0.0000,0.0123,0.0123,0.2350
07-SEP-2026,530179,81.51,79.92,0.0197,0.0301,0.0300,0.5731
07-SEP-2026,530185,4.73,4.63,0.0214,0.0268,0.0268,0.5120
07-SEP-2026,530187,4.41,4.20,0.0488,0.0449,0.0450,0.8597
07-SEP-2026,530197,401.00,402.90,-0.0047,0.0336,0.0335,0.6400
07-SEP-2026,530201,2.25,2.25,0.0000,0.0302,0.0301,0.5751
07-SEP-2026,530207,23.40,22.70,0.0304,0.0334,0.0334,0.6381
07-SEP-2026,530213,79.00,78.50,0.0063,0.0337,0.0336,0.6419
07-SEP-2026,530215,83.72,85.49,-0.0209,0.0294,0.0294,0.5617
07-SEP-2026,530217,7.59,7.38,0.0281,0.0311,0.0311,0.5942
07-SEP-2026,530219,270.00,270.00,0.0000,0.0210,0.0210,0.4012
07-SEP-2026,530231,60.03,60.03,0.0000,0.0245,0.0245,0.4681
07-SEP-2026,530233,257.65,256.90,0.0029,0.0290,0.0290,0.5540
07-SEP-2026,530249,10.79,11.35,-0.0506,0.0411,0.0412,0.7871
07-SEP-2026,530251,0.42,0.43,-0.0235,0.0456,0.0455,0.8693
07-SEP-2026,530253,10.19,10.07,0.0118,0.0303,0.0303,0.5789
07-SEP-2026,530255,9.82,10.05,-0.0232,0.0391,0.0390,0.7451
07-SEP-2026,530259,58.79,65.32,-0.1053,0.0425,0.0430,0.8215
07-SEP-2026,530263,0.46,0.47,-0.0215,0.0304,0.0303,0.5789
07-SEP-2026,530265,36.59,37.25,-0.0179,0.0398,0.0397,0.7585
07-SEP-2026,530267,53.39,56.19,-0.0511,0.0379,0.0380,0.7260
07-SEP-2026,530271,9.10,8.67,0.0484,0.0369,0.0370,0.7069
07-SEP-2026,530281,39.98,38.30,0.0429,0.0328,0.0329,0.6286
07-SEP-2026,530289,54.99,51.98,0.0563,0.0364,0.0365,0.6973
07-SEP-2026,530291,43.00,43.00,0.0000,0.0259,0.0258,0.4929
07-SEP-2026,530295,24.20,24.20,0.0000,0.0186,0.0185,0.3534
07-SEP-2026,530309,10.52,10.78,-0.0244,0.0301,0.0300,0.5731
07-SEP-2026,530313,29.02,29.27,-0.0086,0.0376,0.0376,0.7183
07-SEP-2026,530315,118.20,118.80,-0.0051,0.0266,0.0265,0.5063
07-SEP-2026,530317,113.39,106.01,0.0673,0.0310,0.0313,0.5980
07-SEP-2026,530357,1.35,1.38,-0.0220,0.0327,0.0327,0.6247
07-SEP-2026,530361,39.78,37.90,0.0484,0.0413,0.0413,0.7890
07-SEP-2026,530369,38.71,38.68,0.0008,0.0407,0.0406,0.7757
07-SEP-2026,530401,51.07,53.49,-0.0463,0.0318,0.0319,0.6094
07-SEP-2026,530405,34.66,33.77,0.0260,0.0275,0.0275,0.5254
07-SEP-2026,530407,32.93,32.88,0.0015,0.0325,0.0324,0.6190
07-SEP-2026,530421,10.44,10.35,0.0087,0.0456,0.0455,0.8693
07-SEP-2026,530427,229.15,252.90,-0.0986,0.0398,0.0403,0.7699
07-SEP-2026,530429,29.09,27.82,0.0446,0.0400,0.0401,0.7661
07-SEP-2026,530439,4.12,4.40,-0.0658,0.0536,0.0537,1.0259
07-SEP-2026,530443,14.64,14.50,0.0096,0.0348,0.0347,0.6629
07-SEP-2026,530445,1.50,1.50,0.0000,0.0391,0.0390,0.7451
07-SEP-2026,530449,47.93,48.09,-0.0033,0.0322,0.0322,0.6152
07-SEP-2026,530457,39.17,40.47,-0.0326,0.0364,0.0364,0.6954
07-SEP-2026,530459,43.85,42.50,0.0313,0.0384,0.0384,0.7336
07-SEP-2026,530461,12.69,12.58,0.0087,0.0278,0.0277,0.5292
07-SEP-2026,530469,37.00,35.57,0.0394,0.0303,0.0303,0.5789
07-SEP-2026,530477,297.95,298.00,-0.0002,0.0276,0.0275,0.5254
07-SEP-2026,530495,58.68,55.89,0.0487,0.0360,0.0361,0.6897
07-SEP-2026,530525,2.10,2.15,-0.0235,0.0323,0.0323,0.6171
07-SEP-2026,530537,34.00,34.00,0.0000,0.0176,0.0175,0.3343
07-SEP-2026,530545,191.15,183.00,0.0436,0.0286,0.0287,0.5483
07-SEP-2026,530547,14.00,14.00,0.0000,0.0281,0.0280,0.5349
07-SEP-2026,530557,0.70,0.70,0.0000,0.0326,0.0325,0.6209
07-SEP-2026,530565,8.93,9.39,-0.0502,0.0318,0.0320,0.6114
07-SEP-2026,530571,7.35,7.35,0.0000,0.0314,0.0314,0.5999
07-SEP-2026,530581,5.12,5.31,-0.0364,0.0355,0.0355,0.6782
07-SEP-2026,530585,170.10,169.60,0.0029,0.0363,0.0362,0.6916
07-SEP-2026,530589,137.00,137.80,-0.0058,0.0328,0.0327,0.6247
07-SEP-2026,530595,19.36,19.85,-0.0250,0.0448,0.0448,0.8559
07-SEP-2026,530601,53.10,53.10,0.0000,0.0317,0.0317,0.6056
07-SEP-2026,530609,98.26,98.26,0.0000,0.0422,0.0421,0.8043
07-SEP-2026,530611,0.24,0.24,0.0000,0.0222,0.0221,0.4222
07-SEP-2026,530615,147.70,160.20,-0.0812,0.0362,0.0365,0.6973
07-SEP-2026,530617,6.38,6.63,-0.0384,0.0342,0.0342,0.6534
07-SEP-2026,530621,88.41,91.67,-0.0362,0.0320,0.0320,0.6114
07-SEP-2026,530627,270.85,269.20,0.0061,0.0304,0.0303,0.5789
07-SEP-2026,530663,1.08,1.08,0.0000,0.0478,0.0477,0.9113
07-SEP-2026,530665,3.17,3.18,-0.0031,0.0275,0.0275,0.5254
07-SEP-2026,530669,95.30,95.30,0.0000,0.0319,0.0318,0.6075
07-SEP-2026,530675,52.15,51.08,0.0207,0.0345,0.0344,0.6572
07-SEP-2026,530683,11.45,11.45,0.0000,0.0049,0.0049,0.0936
07-SEP-2026,530689,50.58,51.50,-0.0180,0.0344,0.0344,0.6572
07-SEP-2026,530695,24.00,25.99,-0.0797,0.0396,0.0399,0.7623
07-SEP-2026,530697,29.34,31.89,-0.0833,0.0411,0.0414,0.7909
07-SEP-2026,530705,42.00,42.00,0.0000,0.0303,0.0302,0.5770
07-SEP-2026,530709,88.90,89.20,-0.0034,0.0395,0.0394,0.7527
07-SEP-2026,530711,61.94,61.15,0.0128,0.0323,0.0322,0.6152
07-SEP-2026,530723,107.00,108.00,-0.0093,0.0329,0.0329,0.6286
07-SEP-2026,530733,13.00,12.47,0.0416,0.0399,0.0399,0.7623
07-SEP-2026,530735,38.00,38.00,0.0000,0.0311,0.0310,0.5923
07-SEP-2026,530741,255.85,269.30,-0.0512,0.0398,0.0398,0.7604
07-SEP-2026,530747,18.20,17.80,0.0222,0.0370,0.0369,0.7050
07-SEP-2026,530755,8.94,8.94,0.0000,0.0415,0.0414,0.7909
07-SEP-2026,530757,131.50,132.00,-0.0038,0.0150,0.0149,0.2847
07-SEP-2026,530765,18.01,18.45,-0.0241,0.0333,0.0332,0.6343
07-SEP-2026,530771,20.26,20.26,0.0000,0.0192,0.0191,0.3649
07-SEP-2026,530779,14.25,14.25,0.0000,0.0339,0.0338,0.6457
07-SEP-2026,530787,81.46,77.91,0.0446,0.0285,0.0286,0.5464
07-SEP-2026,530789,162.15,159.85,0.0143,0.0335,0.0334,0.6381
07-SEP-2026,530795,11.04,10.52,0.0482,0.0352,0.0353,0.6744
07-SEP-2026,530797,17.00,17.00,0.0000,0.0240,0.0239,0.4566
07-SEP-2026,530799,27.62,28.99,-0.0484,0.0407,0.0408,0.7795
07-SEP-2026,530805,4.94,5.12,-0.0358,0.0405,0.0405,0.7738
07-SEP-2026,530809,37.23,38.97,-0.0457,0.0407,0.0407,0.7776
07-SEP-2026,530821,14.60,14.00,0.0420,0.0437,0.0437,0.8349
07-SEP-2026,530825,48.25,47.60,0.0136,0.0331,0.0330,0.6305
07-SEP-2026,530829,39.29,37.81,0.0384,0.0322,0.0322,0.6152
07-SEP-2026,530839,15.41,14.68,0.0485,0.0394,0.0394,0.7527
07-SEP-2026,530853,80.52,76.69,0.0487,0.0343,0.0344,0.6572
07-SEP-2026,530855,61.97,65.23,-0.0513,0.0269,0.0270,0.5158
07-SEP-2026,530881,4.68,4.76,-0.0169,0.0340,0.0339,0.6477
07-SEP-2026,530883,13.71,13.72,-0.0007,0.0330,0.0330,0.6305
07-SEP-2026,530889,16.24,15.93,0.0193,0.0707,0.0705,1.3469
07-SEP-2026,530897,115.00,115.80,-0.0069,0.0324,0.0323,0.6171
07-SEP-2026,530899,55.00,55.00,0.0000,0.0290,0.0290,0.5540
07-SEP-2026,530907,14.88,14.97,-0.0060,0.0480,0.0479,0.9151
07-SEP-2026,530909,69.30,66.00,0.0488,0.0245,0.0247,0.4719
07-SEP-2026,530917,15.75,15.75,0.0000,0.0168,0.0168,0.3210
07-SEP-2026,530921,8.39,8.39,0.0000,0.0222,0.0221,0.4222
07-SEP-2026,530925,79.00,84.00,-0.0614,0.0369,0.0370,0.7069
07-SEP-2026,530927,57.95,57.95,0.0000,0.0151,0.0151,0.2885
07-SEP-2026,530929,633.50,639.85,-0.0100,0.0000,0.0007,0.0134
07-SEP-2026,530931,13.40,12.80,0.0458,0.0355,0.0356,0.6801
07-SEP-2026,530951,44.07,42.69,0.0318,0.0323,0.0323,0.6171
07-SEP-2026,530953,80.52,83.50,-0.0363,0.0286,0.0286,0.5464
07-SEP-2026,530959,29.74,30.82,-0.0357,0.0282,0.0282,0.5388
07-SEP-2026,530973,89.00,89.00,0.0000,0.0384,0.0383,0.7317
07-SEP-2026,530977,93.15,97.13,-0.0418,0.0317,0.0318,0.6075
07-SEP-2026,530979,31.67,30.41,0.0406,0.0268,0.0269,0.5139
07-SEP-2026,530985,16.86,17.54,-0.0395,0.0170,0.0172,0.3286
07-SEP-2026,530991,48.62,49.45,-0.0169,0.0384,0.0383,0.7317
07-SEP-2026,530993,34.30,36.10,-0.0511,0.0300,0.0301,0.5751
07-SEP-2026,530997,92.00,89.07,0.0324,0.0313,0.0313,0.5980
07-SEP-2026,531003,89.99,89.99,0.0000,0.0318,0.0317,0.6056
07-SEP-2026,531015,15.60,14.75,0.0560,0.0384,0.0385,0.7355
07-SEP-2026,531017,19.85,19.53,0.0163,0.0390,0.0389,0.7432
07-SEP-2026,531025,0.30,0.30,0.0000,0.0299,0.0298,0.5693
07-SEP-2026,531027,20.30,20.30,0.0000,0.0259,0.0258,0.4929
07-SEP-2026,531029,25.73,27.08,-0.0511,0.0025,0.0044,0.0841
07-SEP-2026,531033,17.60,17.67,-0.0040,0.0461,0.0460,0.8788
07-SEP-2026,531039,6.82,6.82,0.0000,0.0264,0.0263,0.5025
07-SEP-2026,531043,27.69,27.69,0.0000,0.0325,0.0325,0.6209
07-SEP-2026,531049,59.16,58.00,0.0198,0.0324,0.0323,0.6171
07-SEP-2026,531051,13.69,14.39,-0.0499,0.0325,0.0326,0.6228
07-SEP-2026,531065,117.45,117.45,0.0000,0.0163,0.0162,0.3095
07-SEP-2026,531067,19.67,19.91,-0.0121,0.0344,0.0343,0.6553
07-SEP-2026,531083,6.29,6.62,-0.0511,0.0394,0.0395,0.7546
07-SEP-2026,531091,22.60,22.60,0.0000,0.0424,0.0423,0.8081
07-SEP-2026,531099,34.30,35.72,-0.0406,0.0412,0.0412,0.7871
07-SEP-2026,531111,38.50,39.40,-0.0231,0.0290,0.0290,0.5540
07-SEP-2026,531119,236.45,225.20,0.0487,0.0404,0.0405,0.7738
07-SEP-2026,531126,13.61,13.28,0.0245,0.0334,0.0334,0.6381
07-SEP-2026,531127,14.79,15.09,-0.0201,0.0388,0.0387,0.7394
07-SEP-2026,531129,10.47,9.30,0.1185,0.0341,0.0350,0.6687
07-SEP-2026,531137,1.37,1.35,0.0147,0.0325,0.0324,0.6190
07-SEP-2026,531144,18.32,18.26,0.0033,0.0324,0.0323,0.6171
07-SEP-2026,531153,2.08,2.07,0.0048,0.0316,0.0315,0.6018
07-SEP-2026,531155,8.36,8.36,0.0000,0.0308,0.0307,0.5865
07-SEP-2026,531156,13.00,12.99,0.0008,0.0379,0.0378,0.7222
07-SEP-2026,531157,15.99,15.23,0.0487,0.0346,0.0346,0.6610
07-SEP-2026,531158,19.62,19.45,0.0087,0.0296,0.0295,0.5636
07-SEP-2026,531163,52.53,54.53,-0.0374,0.0341,0.0341,0.6515
07-SEP-2026,531164,0.72,0.69,0.0426,0.0044,0.0053,0.1013
07-SEP-2026,531168,168.00,168.00,0.0000,0.0390,0.0389,0.7432
07-SEP-2026,531169,99.65,102.45,-0.0277,0.0362,0.0362,0.6916
07-SEP-2026,531173,31.99,31.94,0.0016,0.0293,0.0292,0.5579
07-SEP-2026,531176,11.95,12.15,-0.0166,0.0322,0.0321,0.6133
07-SEP-2026,531178,8.86,9.07,-0.0234,0.0429,0.0428,0.8177
07-SEP-2026,531190,99.20,99.20,0.0000,0.0345,0.0344,0.6572
07-SEP-2026,531191,75.00,76.50,-0.0198,0.0202,0.0202,0.3859
07-SEP-2026,531199,174.00,170.00,0.0233,0.0371,0.0371,0.7088
07-SEP-2026,531203,47.28,47.28,0.0000,0.0283,0.0283,0.5407
07-SEP-2026,531205,0.38,0.39,-0.0260,0.0322,0.0322,0.6152
07-SEP-2026,531207,5.12,5.12,0.0000,0.0093,0.0093,0.1777
07-SEP-2026,531210,76.18,72.56,0.0487,0.0403,0.0404,0.7718
07-SEP-2026,531212,40.45,40.54,-0.0022,0.0367,0.0366,0.6992
07-SEP-2026,531219,3.23,3.40,-0.0513,0.0261,0.0263,0.5025
07-SEP-2026,531221,17.28,18.18,-0.0508,0.0341,0.0342,0.6534
07-SEP-2026,531223,27.85,27.35,0.0181,0.0283,0.0282,0.5388
07-SEP-2026,531227,56.81,56.81,0.0000,0.0416,0.0415,0.7929
07-SEP-2026,531228,13.40,13.40,0.0000,0.0226,0.0225,0.4299
07-SEP-2026,531233,12.35,12.37,-0.0016,0.0265,0.0264,0.5044
07-SEP-2026,531234,67.91,65.89,0.0302,0.0310,0.0310,0.5923
07-SEP-2026,531235,47.76,48.00,-0.0050,0.0307,0.0306,0.5846
07-SEP-2026,531237,86.50,86.20,0.0035,0.0329,0.0328,0.6266
07-SEP-2026,531240,25.96,25.96,0.0000,0.0236,0.0235,0.4490
07-SEP-2026,531246,17.40,17.42,-0.0011,0.0409,0.0408,0.7795
07-SEP-2026,531253,369.75,367.00,0.0075,0.0224,0.0224,0.4280
07-SEP-2026,531255,52.61,53.69,-0.0203,0.0520,0.0519,0.9915
07-SEP-2026,531257,12.24,12.43,-0.0154,0.0423,0.0423,0.8081
07-SEP-2026,531259,40.87,40.87,0.0000,0.0348,0.0347,0.6629
07-SEP-2026,531260,340.70,337.35,0.0099,0.0335,0.0334,0.6381
07-SEP-2026,531262,11.00,11.47,-0.0418,0.0279,0.0280,0.5349
07-SEP-2026,531265,30.69,32.30,-0.0511,0.0142,0.0146,0.2789
07-SEP-2026,531268,22.84,22.46,0.0168,0.0313,0.0313,0.5980
07-SEP-2026,531272,20.50,20.37,0.0064,0.0180,0.0179,0.3420
07-SEP-2026,531273,1.44,1.45,-0.0069,0.0307,0.0306,0.5846
07-SEP-2026,531274,55.78,55.78,0.0000,0.0316,0.0315,0.6018
07-SEP-2026,531278,101.18,102.00,-0.0081,0.0357,0.0357,0.6820
07-SEP-2026,531279,228.65,237.45,-0.0378,0.0319,0.0319,0.6094
07-SEP-2026,531280,170.55,162.45,0.0487,0.0380,0.0381,0.7279
07-SEP-2026,531281,118.15,102.50,0.1421,0.0289,0.0306,0.5846
07-SEP-2026,531283,10.50,10.00,0.0488,0.0242,0.0244,0.4662
07-SEP-2026,531286,23.10,23.10,0.0000,0.0228,0.0227,0.4337
07-SEP-2026,531287,228.95,217.15,0.0529,0.0307,0.0308,0.5884
07-SEP-2026,531288,16.22,16.20,0.0012,0.0304,0.0303,0.5789
07-SEP-2026,531289,246.35,234.65,0.0487,0.0359,0.0359,0.6859
07-SEP-2026,531297,53.03,54.50,-0.0273,0.0262,0.0262,0.5006
07-SEP-2026,531300,3.33,3.18,0.0461,0.0319,0.0320,0.6114
07-SEP-2026,531301,115.45,115.00,0.0039,0.0336,0.0335,0.6400
07-SEP-2026,531304,25.22,25.22,0.0000,0.0338,0.0337,0.6438
07-SEP-2026,531306,506.20,512.05,-0.0115,0.0235,0.0234,0.4471
07-SEP-2026,531310,141.35,144.10,-0.0193,0.0234,0.0233,0.4451
07-SEP-2026,531314,14.00,13.71,0.0209,0.0279,0.0278,0.5311
07-SEP-2026,531319,36.20,36.10,0.0028,0.0379,0.0378,0.7222
07-SEP-2026,531323,13.27,13.27,0.0000,0.0312,0.0311,0.5942
07-SEP-2026,531324,22.84,21.85,0.0443,0.0315,0.0316,0.6037
07-SEP-2026,531328,0.44,0.44,0.0000,0.0367,0.0366,0.6992
07-SEP-2026,531334,19.24,19.24,0.0000,0.0260,0.0259,0.4948
07-SEP-2026,531338,17.31,17.31,0.0000,0.0259,0.0258,0.4929
07-SEP-2026,531340,55.22,55.23,-0.0002,0.0350,0.0349,0.6668
07-SEP-2026,531341,13.25,13.65,-0.0297,0.0349,0.0348,0.6649
07-SEP-2026,531346,31.35,30.68,0.0216,0.0325,0.0324,0.6190
07-SEP-2026,531352,20.90,20.00,0.0440,0.0296,0.0297,0.5674
07-SEP-2026,531359,271.45,270.15,0.0048,0.0307,0.0306,0.5846
07-SEP-2026,531360,26.46,26.46,0.0000,0.0316,0.0315,0.6018
07-SEP-2026,531364,204.10,209.00,-0.0237,0.0304,0.0303,0.5789
07-SEP-2026,531370,4.42,4.46,-0.0090,0.0416,0.0415,0.7929
07-SEP-2026,531380,92.50,92.50,0.0000,0.0402,0.0401,0.7661
07-SEP-2026,531387,8.39,8.00,0.0476,0.0186,0.0189,0.3611
07-SEP-2026,531390,68.31,66.81,0.0222,0.0330,0.0330,0.6305
07-SEP-2026,531395,1.01,1.03,-0.0196,0.0319,0.0318,0.6075
07-SEP-2026,531396,8.40,8.40,0.0000,0.0330,0.0329,0.6286
07-SEP-2026,531397,24.50,24.50,0.0000,0.0339,0.0339,0.6477
07-SEP-2026,531398,106.00,106.55,-0.0052,0.0317,0.0316,0.6037
07-SEP-2026,531399,163.10,163.50,-0.0024,0.0317,0.0316,0.6037
07-SEP-2026,531402,15.95,17.83,-0.1114,0.0332,0.0340,0.6496
07-SEP-2026,531406,33.21,31.63,0.0487,0.0324,0.0325,0.6209
07-SEP-2026,531409,35.21,35.21,0.0000,0.0266,0.0265,0.5063
07-SEP-2026,531411,1.18,0.99,0.1756,0.0268,0.0295,0.5636
07-SEP-2026,531412,150.60,152.30,-0.0112,0.0283,0.0283,0.5407
07-SEP-2026,531413,29.00,29.00,0.0000,0.0277,0.0277,0.5292
07-SEP-2026,531416,38.30,38.55,-0.0065,0.0371,0.0370,0.7069
07-SEP-2026,531417,2.63,2.67,-0.0151,0.0357,0.0357,0.6820
07-SEP-2026,531420,7.09,7.30,-0.0292,0.1290,0.1287,2.4588
07-SEP-2026,531432,13.00,13.00,0.0000,0.0347,0.0346,0.6610
07-SEP-2026,531433,2.95,2.84,0.0380,0.0370,0.0370,0.7069
07-SEP-2026,531436,25.49,26.04,-0.0213,0.0368,0.0367,0.7012
07-SEP-2026,531437,21.90,22.08,-0.0082,0.0300,0.0300,0.5731
07-SEP-2026,531441,21.10,21.20,-0.0047,0.0273,0.0272,0.5197
07-SEP-2026,531454,21.95,23.00,-0.0467,0.0341,0.0342,0.6534
07-SEP-2026,531456,1.39,1.38,0.0072,0.0470,0.0468,0.8941
07-SEP-2026,531458,4.68,5.20,-0.1054,0.0337,0.0344,0.6572
07-SEP-2026,531460,15.50,15.70,-0.0128,0.0381,0.0380,0.7260
07-SEP-2026,531463,92.42,90.61,0.0198,0.1253,0.1250,2.3881
07-SEP-2026,531465,0.34,0.35,-0.0290,0.0229,0.0230,0.4394
07-SEP-2026,531471,63.79,62.54,0.0198,0.0329,0.0328,0.6266
07-SEP-2026,531472,40.65,40.89,-0.0059,0.0398,0.0397,0.7585
07-SEP-2026,531486,1.18,1.14,0.0345,0.0331,0.0331,0.6324
07-SEP-2026,531496,10.68,10.68,0.0000,0.0191,0.0191,0.3649
07-SEP-2026,531499,1.21,1.16,0.0422,0.0325,0.0325,0.6209
07-SEP-2026,531502,12.86,13.53,-0.0508,0.0223,0.0225,0.4299
07-SEP-2026,531503,40.51,42.26,-0.0423,0.0386,0.0386,0.7375
07-SEP-2026,531505,23.02,23.02,0.0000,0.0327,0.0326,0.6228
07-SEP-2026,531506,23.28,23.28,0.0000,0.0308,0.0308,0.5884
07-SEP-2026,531509,29.30,30.80,-0.0499,0.0344,0.0345,0.6591
07-SEP-2026,531512,4.13,4.16,-0.0072,0.0377,0.0377,0.7203
07-SEP-2026,531515,12.21,12.21,0.0000,0.0344,0.0343,0.6553
07-SEP-2026,531518,0.27,0.26,0.0377,0.0320,0.0320,0.6114
07-SEP-2026,531521,26.90,26.90,0.0000,0.0235,0.0234,0.4471
07-SEP-2026,531525,198.30,202.65,-0.0217,0.0301,0.0300,0.5731
07-SEP-2026,531529,1.52,1.48,0.0267,0.0327,0.0326,0.6228
07-SEP-2026,531530,37.53,35.75,0.0486,0.0049,0.0059,0.1127
07-SEP-2026,531533,49.45,47.10,0.0487,0.0378,0.0379,0.7241
07-SEP-2026,531537,36.22,38.00,-0.0480,0.0370,0.0370,0.7069
07-SEP-2026,531539,35.51,34.20,0.0376,0.0435,0.0435,0.8311
07-SEP-2026,531540,10.87,10.76,0.0102,0.0284,0.0284,0.5426
07-SEP-2026,531541,5.00,5.10,-0.0198,0.0349,0.0348,0.6649
07-SEP-2026,531550,167.10,170.85,-0.0222,0.0320,0.0320,0.6114
07-SEP-2026,531552,13.70,13.03,0.0501,0.0313,0.0315,0.6018
07-SEP-2026,531553,37.77,37.76,0.0003,0.0413,0.0412,0.7871
07-SEP-2026,531557,39.71,41.80,-0.0513,0.0403,0.0404,0.7718
07-SEP-2026,531569,186.20,189.60,-0.0181,0.0345,0.0344,0.6572
07-SEP-2026,531572,58.00,59.78,-0.0302,0.0297,0.0297,0.5674
07-SEP-2026,531574,7.22,7.59,-0.0500,0.0363,0.0364,0.6954
07-SEP-2026,531578,6.87,7.21,-0.0483,0.0356,0.0356,0.6801
07-SEP-2026,531582,29.50,28.26,0.0429,0.0368,0.0368,0.7031
07-SEP-2026,531583,33.15,33.61,-0.0138,0.0387,0.0386,0.7375
07-SEP-2026,531585,8.57,8.57,0.0000,0.0275,0.0274,0.5235
07-SEP-2026,531591,19.00,18.19,0.0436,0.0228,0.0229,0.4375
07-SEP-2026,531592,1.13,1.25,-0.1009,0.0324,0.0331,0.6324
07-SEP-2026,531594,27.86,27.31,0.0199,0.0367,0.0366,0.6992
07-SEP-2026,531600,50.00,50.00,0.0000,0.0229,0.0229,0.4375
07-SEP-2026,531608,42.58,48.20,-0.1240,0.0440,0.0448,0.8559
07-SEP-2026,531609,156.00,156.00,0.0000,0.0324,0.0323,0.6171
07-SEP-2026,531613,2.45,2.49,-0.0162,0.0339,0.0338,0.6457
07-SEP-2026,531616,92.90,92.90,0.0000,0.0282,0.0281,0.5368
07-SEP-2026,531626,6.36,6.35,0.0016,0.0299,0.0299,0.5712
07-SEP-2026,531628,66.99,65.00,0.0302,0.0280,0.0280,0.5349
07-SEP-2026,531635,76.99,75.99,0.0131,0.0299,0.0298,0.5693
07-SEP-2026,531640,11.90,11.90,0.0000,0.0175,0.0174,0.3324
07-SEP-2026,531644,18.09,17.51,0.0326,0.0420,0.0419,0.8005
07-SEP-2026,531647,26.39,26.39,0.0000,0.0081,0.0081,0.1548
07-SEP-2026,531651,58.50,58.50,0.0000,0.0318,0.0317,0.6056
07-SEP-2026,531652,79.21,79.85,-0.0080,0.0408,0.0407,0.7776
07-SEP-2026,531658,8.64,8.94,-0.0341,0.0261,0.0261,0.4986
07-SEP-2026,531661,17.21,18.11,-0.0510,0.0472,0.0472,0.9018
07-SEP-2026,531663,10.51,9.87,0.0628,0.0350,0.0352,0.6725
07-SEP-2026,531667,48.17,49.15,-0.0201,0.0355,0.0355,0.6782
07-SEP-2026,531668,3.05,3.20,-0.0480,0.0518,0.0518,0.9896
07-SEP-2026,531671,1.27,1.21,0.0484,0.0322,0.0323,0.6171
07-SEP-2026,531672,29.79,31.35,-0.0510,0.0381,0.0382,0.7298
07-SEP-2026,531673,19.41,19.55,-0.0072,0.0337,0.0337,0.6438
07-SEP-2026,531676,255.00,255.00,0.0000,0.0231,0.0231,0.4413
07-SEP-2026,531677,397.15,397.15,0.0000,0.0234,0.0234,0.4471
07-SEP-2026,531680,36.00,35.02,0.0276,0.0452,0.0451,0.8616
07-SEP-2026,531681,0.86,0.86,0.0000,0.0416,0.0415,0.7929
07-SEP-2026,531685,25.94,25.94,0.0000,0.0192,0.0192,0.3668
07-SEP-2026,531686,1.99,1.99,0.0000,0.0123,0.0122,0.2331
07-SEP-2026,531688,102.20,102.50,-0.0029,0.0340,0.0339,0.6477
07-SEP-2026,531692,2.91,2.78,0.0457,0.0378,0.0378,0.7222
07-SEP-2026,531694,33.78,34.78,-0.0292,0.0316,0.0316,0.6037
07-SEP-2026,531716,1.27,1.21,0.0484,0.0374,0.0374,0.7145
07-SEP-2026,531726,104.15,106.00,-0.0176,0.0312,0.0311,0.5942
07-SEP-2026,531735,27.00,27.00,0.0000,0.0086,0.0086,0.1643
07-SEP-2026,531737,0.58,0.56,0.0351,0.0197,0.0198,0.3783
07-SEP-2026,531738,0.03,0.03,0.0000,0.3365,0.3356,6.4116
07-SEP-2026,531739,11.82,12.12,-0.0251,0.0360,0.0359,0.6859
07-SEP-2026,531743,193.00,193.00,0.0000,0.0139,0.0139,0.2656
07-SEP-2026,531744,64.96,60.27,0.0749,0.0379,0.0381,0.7279
07-SEP-2026,531752,0.28,0.28,0.0000,0.0322,0.0321,0.6133
07-SEP-2026,531758,11.85,11.85,0.0000,0.0523,0.0522,0.9973
07-SEP-2026,531762,32.17,30.64,0.0487,0.0390,0.0391,0.7470
07-SEP-2026,531769,3.70,3.81,-0.0293,0.0334,0.0334,0.6381
07-SEP-2026,531778,28.70,29.09,-0.0135,0.0399,0.0398,0.7604
07-SEP-2026,531779,19.34,18.45,0.0471,0.0361,0.0362,0.6916
07-SEP-2026,531780,5.92,5.98,-0.0101,0.0307,0.0306,0.5846
07-SEP-2026,531784,1.05,1.09,-0.0374,0.0288,0.0289,0.5521
07-SEP-2026,531794,63.33,66.66,-0.0512,0.1073,0.1071,2.0461
07-SEP-2026,531797,118.65,124.80,-0.0505,0.0353,0.0354,0.6763
07-SEP-2026,531802,23.84,24.15,-0.0129,0.0307,0.0307,0.5865
07-SEP-2026,531810,52.00,52.94,-0.0179,0.0318,0.0318,0.6075
07-SEP-2026,531812,0.57,0.57,0.0000,0.0407,0.0406,0.7757
07-SEP-2026,531813,95.00,95.00,0.0000,0.0256,0.0256,0.4891
07-SEP-2026,531814,8.40,8.30,0.0120,0.0342,0.0342,0.6534
07-SEP-2026,531821,58.85,57.70,0.0197,0.0290,0.0290,0.5540
07-SEP-2026,531822,140.15,148.00,-0.0545,0.0412,0.0413,0.7890
07-SEP-2026,531825,14.95,14.95,0.0000,0.0027,0.0027,0.0516
07-SEP-2026,531832,40.03,40.50,-0.0117,0.0330,0.0330,0.6305
07-SEP-2026,531834,39.25,38.74,0.0131,0.0384,0.0383,0.7317
07-SEP-2026,531840,29.85,30.51,-0.0219,0.0363,0.0362,0.6916
07-SEP-2026,531841,263.50,258.35,0.0197,0.0331,0.0330,0.6305
07-SEP-2026,531846,9.30,8.92,0.0417,0.0400,0.0400,0.7642
07-SEP-2026,531861,49.30,49.87,-0.0115,0.0254,0.0254,0.4853
07-SEP-2026,531862,22.18,22.19,-0.0005,0.0266,0.0265,0.5063
07-SEP-2026,531867,3.15,3.27,-0.0374,0.0341,0.0341,0.6515
07-SEP-2026,531869,3.71,3.77,-0.0160,0.0252,0.0252,0.4814
07-SEP-2026,531870,14.01,14.01,0.0000,0.0321,0.0320,0.6114
07-SEP-2026,531878,8.28,8.72,-0.0518,0.0380,0.0381,0.7279
07-SEP-2026,531885,8.13,8.13,0.0000,0.0002,0.0002,0.0038
07-SEP-2026,531887,51.59,51.59,0.0000,0.0120,0.0120,0.2293
07-SEP-2026,531888,79.60,80.38,-0.0098,0.0303,0.0303,0.5789
07-SEP-2026,531889,21.26,20.99,0.0128,0.0412,0.0411,0.7852
07-SEP-2026,531893,0.28,0.29,-0.0351,0.0301,0.0301,0.5751
07-SEP-2026,531900,22.75,21.72,0.0463,0.0406,0.0407,0.7776
07-SEP-2026,531902,37.09,39.00,-0.0502,0.0411,0.0411,0.7852
07-SEP-2026,531909,1.15,1.19,-0.0342,0.0375,0.0375,0.7164
07-SEP-2026,531910,211.30,201.25,0.0487,0.0380,0.0381,0.7279
07-SEP-2026,531911,93.45,97.00,-0.0373,0.0362,0.0362,0.6916
07-SEP-2026,531913,12.60,12.00,0.0488,0.0296,0.0297,0.5674
07-SEP-2026,531918,99.77,99.00,0.0077,0.0356,0.0355,0.6782
07-SEP-2026,531923,139.50,137.55,0.0141,0.0305,0.0304,0.5808
07-SEP-2026,531925,1.18,1.16,0.0171,0.0574,0.0573,1.0947
07-SEP-2026,531928,10.55,10.55,0.0000,0.0201,0.0200,0.3821
07-SEP-2026,531929,4.64,4.88,-0.0504,0.0306,0.0308,0.5884
07-SEP-2026,531930,25.49,26.00,-0.0198,0.0411,0.0410,0.7833
07-SEP-2026,531944,17.85,17.93,-0.0045,0.0407,0.0406,0.7757
07-SEP-2026,531950,3.12,3.18,-0.0190,0.0351,0.0350,0.6687
07-SEP-2026,531952,64.74,66.00,-0.0193,0.0286,0.0286,0.5464
07-SEP-2026,531959,1.90,1.93,-0.0157,0.0314,0.0313,0.5980
07-SEP-2026,531960,6.11,6.11,0.0000,0.0274,0.0273,0.5216
07-SEP-2026,531962,38.47,39.31,-0.0216,0.0372,0.0371,0.7088
07-SEP-2026,531968,50.00,49.70,0.0060,0.0498,0.0497,0.9495
07-SEP-2026,531971,172.50,172.50,0.0000,0.0189,0.0189,0.3611
07-SEP-2026,531977,10.14,9.95,0.0189,0.0387,0.0387,0.7394
07-SEP-2026,531980,41.97,41.97,0.0000,0.0251,0.0250,0.4776
07-SEP-2026,531982,16.63,17.11,-0.0285,0.0384,0.0384,0.7336
07-SEP-2026,531989,23.05,22.00,0.0466,0.0269,0.0271,0.5177
07-SEP-2026,531991,0.53,0.52,0.0190,0.0392,0.0391,0.7470
07-SEP-2026,531994,122.05,116.25,0.0487,0.0307,0.0308,0.5884
07-SEP-2026,531997,65.77,63.95,0.0281,0.0305,0.0305,0.5827
07-SEP-2026,532001,62.00,66.44,-0.0692,0.0410,0.0412,0.7871
07-SEP-2026,532005,38.00,39.24,-0.0321,0.0383,0.0383,0.7317
07-SEP-2026,532007,24.05,24.05,0.0000,0.0294,0.0293,0.5598
07-SEP-2026,532011,72.01,72.57,-0.0077,0.0379,0.0378,0.7222
07-SEP-2026,532015,15.67,16.49,-0.0510,0.0389,0.0390,0.7451
07-SEP-2026,532016,156.80,158.55,-0.0111,0.0310,0.0309,0.5903
07-SEP-2026,532024,15.08,15.08,0.0000,0.0069,0.0069,0.1318
07-SEP-2026,532039,46.09,45.60,0.0107,0.0261,0.0261,0.4986
07-SEP-2026,532041,7.55,7.45,0.0133,0.0353,0.0353,0.6744
07-SEP-2026,532042,32.21,33.90,-0.0511,0.0315,0.0316,0.6037
07-SEP-2026,532053,82.99,80.38,0.0320,0.0381,0.0381,0.7279
07-SEP-2026,532056,135.20,140.00,-0.0349,0.0337,0.0337,0.6438
07-SEP-2026,532057,106.95,107.00,-0.0005,0.0401,0.0400,0.7642
07-SEP-2026,532070,99.30,99.30,0.0000,0.0362,0.0361,0.6897
07-SEP-2026,532072,0.20,0.20,0.0000,0.0000,0.0000,0.0000
07-SEP-2026,532078,19.95,19.95,0.0000,0.0226,0.0226,0.4318
07-SEP-2026,532083,3.28,3.28,0.0000,0.0022,0.0022,0.0420
07-SEP-2026,532090,41.48,39.51,0.0487,0.0299,0.0300,0.5731
07-SEP-2026,532092,0.99,1.00,-0.0101,0.0339,0.0338,0.6457
07-SEP-2026,532100,13.09,12.70,0.0302,0.0410,0.0409,0.7814
07-SEP-2026,532102,64.54,61.99,0.0403,0.0365,0.0366,0.6992
07-SEP-2026,532105,30.36,30.36,0.0000,0.0000,0.0000,0.0000
07-SEP-2026,532113,8.50,8.10,0.0482,0.0426,0.0427,0.8158
07-SEP-2026,532123,4.05,4.03,0.0050,0.0335,0.0334,0.6381
07-SEP-2026,532124,26.00,26.00,0.0000,0.0402,0.0401,0.7661
07-SEP-2026,532131,17.84,17.22,0.0354,0.0427,0.0427,0.8158
07-SEP-2026,532139,7.89,7.89,0.0000,0.0050,0.0050,0.0955
07-SEP-2026,532145,10.36,10.94,-0.0545,0.0329,0.0330,0.6305
07-SEP-2026,532154,0.46,0.47,-0.0215,0.0304,0.0304,0.5808
07-SEP-2026,532159,7.51,7.52,-0.0013,0.0412,0.0411,0.7852
07-SEP-2026,532160,9.94,9.82,0.0121,0.0228,0.0228,0.4356
07-SEP-2026,532164,1.38,1.45,-0.0495,0.0329,0.0330,0.6305
07-SEP-2026,532167,8.80,9.26,-0.0510,0.0219,0.0222,0.4241
07-SEP-2026,532183,8.24,8.29,-0.0060,0.0301,0.0300,0.5731
07-SEP-2026,532217,20.80,21.85,-0.0492,0.0381,0.0382,0.7298
07-SEP-2026,532230,140.00,139.25,0.0054,0.0260,0.0259,0.4948
07-SEP-2026,532262,1185.00,1200.00,-0.0126,0.0239,0.0239,0.4566
07-SEP-2026,532275,2.03,2.05,-0.0098,0.0282,0.0282,0.5388
07-SEP-2026,532284,25.25,25.04,0.0084,0.0316,0.0315,0.6018
07-SEP-2026,532303,3.50,3.50,0.0000,0.0473,0.0472,0.9018
07-SEP-2026,532304,63.00,63.30,-0.0048,0.0455,0.0454,0.8674
07-SEP-2026,532315,7.47,6.23,0.1815,0.0410,0.0429,0.8196
07-SEP-2026,532320,8.82,9.42,-0.0658,0.0408,0.0410,0.7833
07-SEP-2026,532329,1743.60,1805.10,-0.0347,0.0384,0.0383,0.7317
07-SEP-2026,532336,1.90,1.90,0.0000,0.0080,0.0079,0.1509
07-SEP-2026,532340,3.10,3.10,0.0000,0.0488,0.0486,0.9285
07-SEP-2026,532344,182.95,177.25,0.0317,0.0297,0.0297,0.5674
07-SEP-2026,532350,4.01,4.22,-0.0510,0.0329,0.0330,0.6305
07-SEP-2026,532354,3.58,3.41,0.0487,0.0415,0.0416,0.7948
07-SEP-2026,532355,8.07,8.01,0.0075,0.0425,0.0424,0.8101
07-SEP-2026,532359,2.41,2.44,-0.0124,0.0371,0.0370,0.7069
07-SEP-2026,532362,196.05,203.00,-0.0348,0.0364,0.0364,0.6954
07-SEP-2026,532373,34.92,36.06,-0.0321,0.0323,0.0323,0.6171
07-SEP-2026,532378,5.12,5.66,-0.1003,0.0556,0.0560,1.0699
07-SEP-2026,532379,7.72,7.36,0.0478,0.0376,0.0377,0.7203
07-SEP-2026,532380,13.81,13.83,-0.0014,0.0328,0.0327,0.6247
07-SEP-2026,532384,111.20,109.45,0.0159,0.0269,0.0268,0.5120
07-SEP-2026,532397,14.87,14.50,0.0252,0.0374,0.0373,0.7126
07-SEP-2026,532402,8.71,8.41,0.0351,0.0369,0.0369,0.7050
07-SEP-2026,532403,6.11,6.11,0.0000,0.0211,0.0211,0.4031
07-SEP-2026,532404,34.20,34.20,0.0000,0.0274,0.0274,0.5235
07-SEP-2026,532425,51.69,49.23,0.0488,0.0388,0.0389,0.7432
07-SEP-2026,532435,49.93,49.35,0.0117,0.1376,0.1372,2.6212
07-SEP-2026,532444,1.90,1.94,-0.0208,0.0334,0.0333,0.6362
07-SEP-2026,532455,19.25,19.20,0.0026,0.0331,0.0331,0.6324
07-SEP-2026,532470,6.34,6.04,0.0485,0.2422,0.2416,4.6158
07-SEP-2026,532645,2.52,2.84,-0.1195,0.0488,0.0494,0.9438
07-SEP-2026,532656,2.91,2.93,-0.0068,0.0335,0.0335,0.6400
07-SEP-2026,532676,9.74,10.13,-0.0393,0.0429,0.0429,0.8196
07-SEP-2026,532701,40.17,38.26,0.0487,0.0356,0.0356,0.6801
07-SEP-2026,532744,8.61,8.16,0.0537,0.0393,0.0394,0.7527
07-SEP-2026,532745,2.51,2.64,-0.0505,0.0290,0.0292,0.5579
07-SEP-2026,532806,18.75,19.06,-0.0164,0.0448,0.0447,0.8540
07-SEP-2026,532820,12.20,11.79,0.0342,0.0347,0.0347,0.6629
07-SEP-2026,532825,5.88,5.95,-0.0118,0.0470,0.0469,0.8960
07-SEP-2026,532829,206.65,213.95,-0.0347,0.0261,0.0262,0.5006
07-SEP-2026,532855,146.00,144.90,0.0076,0.0334,0.0334,0.6381
07-SEP-2026,532911,5.60,5.71,-0.0195,0.0332,0.0332,0.6343
07-SEP-2026,532918,16.29,16.27,0.0012,0.0303,0.0302,0.5770
07-SEP-2026,532933,51.76,53.50,-0.0331,0.0299,0.0300,0.5731
07-SEP-2026,532957,57.00,57.80,-0.0139,0.0355,0.0354,0.6763
07-SEP-2026,532975,8.05,8.20,-0.0185,0.0365,0.0365,0.6973
07-SEP-2026,532985,83.71,84.18,-0.0056,0.0092,0.0092,0.1758
07-SEP-2026,532992,26.37,28.19,-0.0667,0.0348,0.0350,0.6687
07-SEP-2026,533006,17.77,17.52,0.0142,0.3370,0.3361,6.4212
07-SEP-2026,533007,6.28,6.27,0.0016,0.0311,0.0310,0.5923
07-SEP-2026,533018,5319.60,5599.55,-0.0513,0.0730,0.0729,1.3928
07-SEP-2026,533019,1399.90,1399.90,0.0000,0.0322,0.0321,0.6133
07-SEP-2026,533100,7.30,7.28,0.0027,0.0317,0.0316,0.6037
07-SEP-2026,533101,115.25,124.05,-0.0736,0.0381,0.0384,0.7336
07-SEP-2026,533110,14.81,15.58,-0.0507,0.0392,0.0393,0.7508
07-SEP-2026,533149,5.90,6.33,-0.0703,0.0605,0.0605,1.1559
07-SEP-2026,533167,56.16,55.00,0.0209,0.0317,0.0316,0.6037
07-SEP-2026,533202,3.79,3.81,-0.0053,0.0381,0.0380,0.7260
07-SEP-2026,533268,3.04,3.19,-0.0482,0.0377,0.0377,0.7203
07-SEP-2026,533285,14.56,14.45,0.0076,0.0377,0.0376,0.7183
07-SEP-2026,533289,61.00,61.44,-0.0072,0.0334,0.0333,0.6362
07-SEP-2026,533315,142.65,141.25,0.0099,0.0390,0.0389,0.7432
07-SEP-2026,533407,217.40,223.35,-0.0270,0.0332,0.0332,0.6343
07-SEP-2026,533427,19.69,20.22,-0.0266,0.0314,0.0314,0.5999
07-SEP-2026,533602,0.74,0.75,-0.0134,0.0240,0.0240,0.4585
07-SEP-2026,533608,165.50,164.15,0.0082,0.0242,0.0241,0.4604
07-SEP-2026,533896,15.49,15.02,0.0308,0.0391,0.0391,0.7470
07-SEP-2026,534060,1.67,1.70,-0.0178,0.0293,0.0293,0.5598
07-SEP-2026,534063,42.49,40.47,0.0487,0.0397,0.0397,0.7585
07-SEP-2026,534064,2.57,2.52,0.0196,0.0367,0.0366,0.6992
07-SEP-2026,534190,3.00,3.00,0.0000,0.0503,0.0502,0.9591
07-SEP-2026,534338,11.00,10.90,0.0091,0.0411,0.0411,0.7852
07-SEP-2026,534422,10.04,10.05,-0.0010,0.0338,0.0337,0.6438
07-SEP-2026,534535,9.27,8.96,0.0340,0.1590,0.1586,3.0300
07-SEP-2026,534612,18.10,17.57,0.0297,0.0334,0.0334,0.6381
07-SEP-2026,534623,39.39,37.52,0.0486,0.0362,0.0362,0.6916
07-SEP-2026,534639,21.30,21.30,0.0000,0.0374,0.0373,0.7126
07-SEP-2026,534691,14.88,14.65,0.0156,0.0351,0.0350,0.6687
07-SEP-2026,534732,34.00,35.18,-0.0341,0.0316,0.0316,0.6037
07-SEP-2026,534733,39.17,39.96,-0.0200,0.0347,0.0346,0.6610
07-SEP-2026,534755,2.26,2.20,0.0269,0.0484,0.0483,0.9228
07-SEP-2026,534796,238.90,229.00,0.0423,0.0305,0.0306,0.5846
07-SEP-2026,534920,143.90,143.90,0.0000,0.0182,0.0181,0.3458
07-SEP-2026,535204,4.66,4.24,0.0945,0.0566,0.0568,1.0852
07-SEP-2026,535205,3.71,3.54,0.0469,0.0375,0.0376,0.7183
07-SEP-2026,535267,7.55,7.58,-0.0040,0.0255,0.0255,0.4872
07-SEP-2026,535276,842.42,857.43,-0.0177,0.0011,0.0017,0.0325
07-SEP-2026,535387,57.00,57.93,-0.0162,0.0410,0.0409,0.7814
07-SEP-2026,535431,0.67,0.65,0.0303,0.0273,0.0273,0.5216
07-SEP-2026,535514,5.77,5.77,0.0000,0.0298,0.0297,0.5674
07-SEP-2026,535566,113.60,109.65,0.0354,0.0418,0.0418,0.7986
07-SEP-2026,535620,226.10,226.10,0.0000,0.0418,0.0417,0.7967
07-SEP-2026,535657,7.60,7.99,-0.0500,0.0438,0.0438,0.8368
07-SEP-2026,535667,244.45,237.00,0.0310,0.0481,0.0480,0.9170
07-SEP-2026,535719,26.02,27.39,-0.0513,0.0346,0.0347,0.6629
07-SEP-2026,535730,0.48,0.49,-0.0206,0.0289,0.0289,0.5521
07-SEP-2026,535910,0.59,0.62,-0.0496,0.0350,0.0351,0.6706
07-SEP-2026,535916,42.49,41.83,0.0157,0.0384,0.0383,0.7317
07-SEP-2026,536073,1.19,1.19,0.0000,0.0294,0.0293,0.5598
07-SEP-2026,536493,283.50,287.90,-0.0154,0.0278,0.0277,0.5292
07-SEP-2026,536565,77.49,76.55,0.0122,0.0327,0.0327,0.6247
07-SEP-2026,536659,2.73,2.75,-0.0073,0.0304,0.0303,0.5789
07-SEP-2026,536672,7.19,7.32,-0.0179,0.0286,0.0286,0.5464
07-SEP-2026,536709,15.00,14.56,0.0298,0.0270,0.0270,0.5158
07-SEP-2026,536846,62.72,59.74,0.0487,0.0312,0.0313,0.5980
07-SEP-2026,536965,10.34,9.85,0.0485,0.0319,0.0320,0.6114
07-SEP-2026,537069,15.22,14.79,0.0287,0.0303,0.0303,0.5789
07-SEP-2026,537254,829.50,790.00,0.0488,0.2261,0.2255,4.3082
07-SEP-2026,537326,57.90,57.33,0.0099,0.0325,0.0325,0.6209
07-SEP-2026,537392,304.85,310.85,-0.0195,0.2057,0.2051,3.9184
07-SEP-2026,537536,71.52,70.70,0.0115,0.0264,0.0263,0.5025
07-SEP-2026,537707,0.45,0.43,0.0455,0.0389,0.0389,0.7432
07-SEP-2026,537709,4.10,4.20,-0.0241,0.0266,0.0266,0.5082
07-SEP-2026,537766,1.68,1.74,-0.0351,0.0326,0.0326,0.6228
07-SEP-2026,537800,0.58,0.60,-0.0339,0.0311,0.0311,0.5942
07-SEP-2026,537839,74.00,75.34,-0.0179,0.0343,0.0342,0.6534
07-SEP-2026,537840,43.00,43.30,-0.0070,0.0341,0.0340,0.6496
07-SEP-2026,537985,19.66,19.24,0.0216,0.0393,0.0393,0.7508
07-SEP-2026,538081,5.20,5.19,0.0019,0.0478,0.0476,0.9094
07-SEP-2026,538212,0.44,0.45,-0.0225,0.0355,0.0355,0.6782
07-SEP-2026,538273,22.50,22.48,0.0009,0.0412,0.0411,0.7852
07-SEP-2026,538351,1.75,1.76,-0.0057,0.0319,0.0318,0.6075
07-SEP-2026,538382,72.00,72.00,0.0000,0.0292,0.0291,0.5560
07-SEP-2026,538395,83.00,83.72,-0.0086,0.0341,0.0340,0.6496
07-SEP-2026,538401,159.55,157.45,0.0132,0.0340,0.0339,0.6477
07-SEP-2026,538422,0.40,0.39,0.0253,0.0313,0.0313,0.5980
07-SEP-2026,538451,3.76,3.65,0.0297,0.0690,0.0688,1.3144
07-SEP-2026,538464,3.20,3.80,-0.1719,0.0505,0.0518,0.9896
07-SEP-2026,538465,16.04,16.88,-0.0510,0.0477,0.0477,0.9113
07-SEP-2026,538476,29.29,28.61,0.0235,0.0340,0.0340,0.6496
07-SEP-2026,538520,1.90,1.81,0.0485,0.0285,0.0287,0.5483
07-SEP-2026,538521,118.35,122.30,-0.0328,0.0296,0.0296,0.5655
07-SEP-2026,538537,183.35,183.35,0.0000,0.0262,0.0262,0.5006
07-SEP-2026,538539,9.00,8.49,0.0583,0.0314,0.0316,0.6037
07-SEP-2026,538540,17.99,17.14,0.0484,0.0304,0.0306,0.5846
07-SEP-2026,538542,29.50,30.89,-0.0460,0.0592,0.0592,1.1310
07-SEP-2026,538546,154.40,157.05,-0.0170,0.0263,0.0262,0.5006
07-SEP-2026,538556,117.65,119.55,-0.0160,0.0275,0.0274,0.5235
07-SEP-2026,538563,341.00,358.90,-0.0512,0.0287,0.0288,0.5502
07-SEP-2026,538564,251.00,253.70,-0.0107,0.0228,0.0228,0.4356
07-SEP-2026,538565,208.40,208.15,0.0012,0.0359,0.0358,0.6840
07-SEP-2026,538568,34.38,32.75,0.0486,0.0329,0.0330,0.6305
07-SEP-2026,538569,0.90,1.00,-0.1054,0.0444,0.0449,0.8578
07-SEP-2026,538596,4.70,4.78,-0.0169,0.0351,0.0350,0.6687
07-SEP-2026,538597,7.23,7.20,0.0042,0.0340,0.0339,0.6477
07-SEP-2026,538609,53.99,54.58,-0.0109,0.0404,0.0403,0.7699
07-SEP-2026,538610,0.89,0.85,0.0460,0.0367,0.0368,0.7031
07-SEP-2026,538611,43.11,42.87,0.0056,0.0333,0.0332,0.6343
07-SEP-2026,538634,152.95,150.55,0.0158,0.0310,0.0309,0.5903
07-SEP-2026,538646,39.79,41.62,-0.0450,0.0332,0.0333,0.6362
07-SEP-2026,538647,34.25,32.64,0.0481,0.0392,0.0393,0.7508
07-SEP-2026,538652,4.00,4.00,0.0000,0.0029,0.0029,0.0554
07-SEP-2026,538674,7.15,7.15,0.0000,0.0313,0.0313,0.5980
07-SEP-2026,538683,875.85,882.89,-0.0080,0.0011,0.0012,0.0229
07-SEP-2026,538706,9.84,8.20,0.1823,0.0301,0.0327,0.6247
07-SEP-2026,538707,29.55,29.99,-0.0148,0.0356,0.0356,0.6801
07-SEP-2026,538708,6.56,6.45,0.0169,0.0296,0.0295,0.5636
07-SEP-2026,538713,151.00,147.10,0.0262,0.0325,0.0325,0.6209
07-SEP-2026,538714,35.64,38.06,-0.0657,0.0413,0.0414,0.7909
07-SEP-2026,538716,422.85,429.00,-0.0144,0.0283,0.0282,0.5388
07-SEP-2026,538742,16.79,17.16,-0.0218,0.0384,0.0383,0.7317
07-SEP-2026,538743,8.61,8.24,0.0439,0.0308,0.0309,0.5903
07-SEP-2026,538770,11.45,11.49,-0.0035,0.0425,0.0424,0.8101
07-SEP-2026,538772,55.71,57.52,-0.0320,0.0371,0.0370,0.7069
07-SEP-2026,538777,115.95,113.95,0.0174,0.0197,0.0197,0.3764
07-SEP-2026,538778,6.75,6.75,0.0000,0.0330,0.0330,0.6305
07-SEP-2026,538786,215.00,210.00,0.0235,0.0261,0.0261,0.4986
07-SEP-2026,538787,9.64,9.73,-0.0093,0.0391,0.0390,0.7451
07-SEP-2026,538788,12.34,12.67,-0.0264,0.0300,0.0300,0.5731
07-SEP-2026,538812,67.40,66.51,0.0133,0.0416,0.0415,0.7929
07-SEP-2026,538817,8.29,8.50,-0.0250,0.0265,0.0265,0.5063
07-SEP-2026,538833,11.02,10.50,0.0483,0.0446,0.0446,0.8521
07-SEP-2026,538834,9.43,9.28,0.0160,0.0332,0.0332,0.6343
07-SEP-2026,538837,76.38,74.30,0.0276,0.0275,0.0275,0.5254
07-SEP-2026,538838,33.00,33.00,0.0000,0.0360,0.0359,0.6859
07-SEP-2026,538857,10.18,10.35,-0.0166,0.0310,0.0309,0.5903
07-SEP-2026,538860,2.68,2.56,0.0458,0.0364,0.0364,0.6954
07-SEP-2026,538862,35.56,37.84,-0.0621,0.0440,0.0441,0.8425
07-SEP-2026,538863,7.05,7.05,0.0000,0.0000,0.0000,0.0000
07-SEP-2026,538868,21.42,21.21,0.0099,0.0383,0.0382,0.7298
07-SEP-2026,538874,28.12,25.50,0.0978,0.0500,0.0504,0.9629
07-SEP-2026,538881,30.35,30.50,-0.0049,0.0334,0.0333,0.6362
07-SEP-2026,538882,57.48,54.49,0.0534,0.0335,0.0337,0.6438
07-SEP-2026,538894,18.85,18.85,0.0000,0.0367,0.0366,0.6992
07-SEP-2026,538895,11.35,10.78,0.0515,0.0381,0.0382,0.7298
07-SEP-2026,538897,16.50,17.14,-0.0381,0.0266,0.0267,0.5101
07-SEP-2026,538918,8.21,8.48,-0.0324,0.0370,0.0370,0.7069
07-SEP-2026,538919,21.00,21.00,0.0000,0.0258,0.0258,0.4929
07-SEP-2026,538922,23.90,23.50,0.0169,0.0330,0.0329,0.6286
07-SEP-2026,538923,18.34,18.45,-0.0060,0.0437,0.0436,0.8330
07-SEP-2026,538926,196.00,197.65,-0.0084,0.0325,0.0324,0.6190
07-SEP-2026,538928,1.29,1.35,-0.0455,0.0349,0.0350,0.6687
07-SEP-2026,538935,63.87,63.87,0.0000,0.0284,0.0283,0.5407
07-SEP-2026,538952,1.00,1.09,-0.0862,0.0558,0.0560,1.0699
07-SEP-2026,538964,751.00,751.00,0.0000,0.0309,0.0308,0.5884
07-SEP-2026,538965,78.09,80.82,-0.0344,0.0297,0.0297,0.5674
07-SEP-2026,538975,0.20,0.20,0.0000,0.0309,0.0308,0.5884
07-SEP-2026,538987,639.40,632.55,0.0108,0.0229,0.0229,0.4375
07-SEP-2026,538992,4480.20,4266.90,0.0488,0.0265,0.0266,0.5082
07-SEP-2026,538993,12.53,12.53,0.0000,0.0230,0.0229,0.4375
07-SEP-2026,539005,27.13,27.13,0.0000,0.0234,0.0233,0.4451
07-SEP-2026,539011,71.58,71.46,0.0017,0.0296,0.0295,0.5636
07-SEP-2026,539012,74.56,78.00,-0.0451,0.0374,0.0374,0.7145
07-SEP-2026,539013,69.67,71.89,-0.0314,0.0324,0.0324,0.6190
07-SEP-2026,539014,8.46,7.93,0.0647,0.0518,0.0519,0.9915
07-SEP-2026,539016,6.73,6.85,-0.0177,0.0391,0.0390,0.7451
07-SEP-2026,539017,5.05,5.15,-0.0196,0.0335,0.0334,0.6381
07-SEP-2026,539031,283.61,286.26,-0.0093,0.0020,0.0021,0.0401
07-SEP-2026,539032,8.99,8.73,0.0293,0.0337,0.0337,0.6438
07-SEP-2026,539040,6.18,6.17,0.0016,0.0323,0.0323,0.6171
07-SEP-2026,539090,29.50,30.00,-0.0168,0.0335,0.0334,0.6381
07-SEP-2026,539091,1.20,1.15,0.0426,0.0335,0.0335,0.6400
07-SEP-2026,539096,10.80,11.36,-0.0506,0.0330,0.0331,0.6324
07-SEP-2026,539097,3.31,3.28,0.0091,0.0420,0.0419,0.8005
07-SEP-2026,539110,42.52,40.50,0.0487,0.0254,0.0256,0.4891
07-SEP-2026,539111,19.34,19.45,-0.0057,0.0399,0.0398,0.7604
07-SEP-2026,539115,261.80,274.80,-0.0485,0.0356,0.0357,0.6820
07-SEP-2026,539117,13.29,13.28,0.0008,0.0337,0.0336,0.6419
07-SEP-2026,539119,22.00,22.00,0.0000,0.0138,0.0138,0.2636
07-SEP-2026,539120,93.80,89.95,0.0419,0.0393,0.0393,0.7508
07-SEP-2026,539121,163.95,163.70,0.0015,0.0395,0.0394,0.7527
07-SEP-2026,539122,15.45,14.25,0.0809,0.0429,0.0432,0.8253
07-SEP-2026,539123,8.25,8.22,0.0036,0.0362,0.0361,0.6897
07-SEP-2026,539124,17.49,17.97,-0.0271,0.0417,0.0416,0.7948
07-SEP-2026,539132,9.36,9.54,-0.0190,0.0295,0.0294,0.5617
07-SEP-2026,539143,9.91,9.84,0.0071,0.0349,0.0348,0.6649
07-SEP-2026,539149,3.41,3.64,-0.0653,0.0391,0.0393,0.7508
07-SEP-2026,539167,61.00,61.00,0.0000,0.0285,0.0284,0.5426
07-SEP-2026,539174,21.00,21.30,-0.0142,0.0386,0.0385,0.7355
07-SEP-2026,539175,1.05,1.10,-0.0465,0.0314,0.0315,0.6018
07-SEP-2026,539176,77.00,77.00,0.0000,0.0393,0.0392,0.7489
07-SEP-2026,539189,13.50,13.95,-0.0328,0.0381,0.0381,0.7279
07-SEP-2026,539190,36.81,38.30,-0.0397,0.0346,0.0346,0.6610
07-SEP-2026,539196,113.20,116.90,-0.0322,0.0311,0.0311,0.5942
07-SEP-2026,539198,126.40,126.40,0.0000,0.0256,0.0255,0.4872
07-SEP-2026,539200,12.65,12.41,0.0192,0.0208,0.0208,0.3974
07-SEP-2026,539206,29.88,29.88,0.0000,0.0379,0.0378,0.7222
07-SEP-2026,539216,1.13,1.13,0.0000,0.0303,0.0302,0.5770
07-SEP-2026,539217,0.25,0.26,-0.0392,0.0377,0.0377,0.7203
07-SEP-2026,539218,121.00,121.00,0.0000,0.0319,0.0319,0.6094
07-SEP-2026,539219,7.70,7.67,0.0039,0.0305,0.0304,0.5808
07-SEP-2026,539220,43.00,42.80,0.0047,0.0281,0.0281,0.5368
07-SEP-2026,539222,0.70,0.71,-0.0142,0.0390,0.0389,0.7432
07-SEP-2026,539224,34.20,36.00,-0.0513,0.0360,0.0361,0.6897
07-SEP-2026,539227,147.20,146.10,0.0075,0.0299,0.0299,0.5712
07-SEP-2026,539228,1.33,1.30,0.0228,0.0283,0.0283,0.5407
07-SEP-2026,539230,94.01,89.54,0.0487,0.0137,0.0141,0.2694
07-SEP-2026,539246,178.25,178.25,0.0000,0.0256,0.0256,0.4891
07-SEP-2026,539255,459.95,459.75,0.0004,0.0341,0.0340,0.6496
07-SEP-2026,539267,12.21,12.65,-0.0354,0.0432,0.0432,0.8253
07-SEP-2026,539278,1.91,1.90,0.0052,0.0431,0.0430,0.8215
07-SEP-2026,539310,0.19,0.19,0.0000,0.0602,0.0601,1.1482
07-SEP-2026,539314,52.00,51.28,0.0139,0.0295,0.0294,0.5617
07-SEP-2026,539335,146.50,144.30,0.0151,0.0292,0.0291,0.5560
07-SEP-2026,539353,198.95,199.90,-0.0048,0.0305,0.0304,0.5808
07-SEP-2026,539378,69.35,69.35,0.0000,0.0281,0.0281,0.5368
07-SEP-2026,539383,10.10,10.05,0.0050,0.0346,0.0345,0.6591
07-SEP-2026,539384,51.45,49.00,0.0488,0.0296,0.0297,0.5674
07-SEP-2026,539391,27.10,28.17,-0.0387,0.0285,0.0285,0.5445
07-SEP-2026,539393,25.77,25.77,0.0000,0.0007,0.0007,0.0134
07-SEP-2026,539398,53.01,52.45,0.0106,0.0267,0.0266,0.5082
07-SEP-2026,539402,3.94,4.03,-0.0226,0.0493,0.0492,0.9400
07-SEP-2026,539405,11.43,11.51,-0.0070,0.0398,0.0397,0.7585
07-SEP-2026,539406,68.95,68.95,0.0000,0.0291,0.0290,0.5540
07-SEP-2026,539408,53.07,50.62,0.0473,0.0406,0.0406,0.7757
07-SEP-2026,539409,19.00,19.00,0.0000,0.0229,0.0228,0.4356
07-SEP-2026,539428,13.77,13.94,-0.0123,0.0282,0.0282,0.5388
07-SEP-2026,539434,10.26,10.26,0.0000,0.0069,0.0068,0.1299
07-SEP-2026,539435,19.08,19.41,-0.0171,0.0403,0.0402,0.7680
07-SEP-2026,539449,2.01,2.04,-0.0148,0.0326,0.0326,0.6228
07-SEP-2026,539455,70.23,69.89,0.0049,0.0285,0.0285,0.5445
07-SEP-2026,539468,24.70,26.00,-0.0513,0.0294,0.0295,0.5636
07-SEP-2026,539470,0.51,0.49,0.0400,0.0236,0.0237,0.4528
07-SEP-2026,539479,66.70,66.77,-0.0010,0.0303,0.0302,0.5770
07-SEP-2026,539486,8.11,8.11,0.0000,0.0070,0.0070,0.1337
07-SEP-2026,539488,10.00,10.00,0.0000,0.0000,0.0000,0.0000
07-SEP-2026,539492,8.67,8.79,-0.0137,0.0298,0.0297,0.5674
07-SEP-2026,539494,8.02,8.39,-0.0451,0.0335,0.0336,0.6419
07-SEP-2026,539495,43.50,43.50,0.0000,0.0395,0.0394,0.7527
07-SEP-2026,539506,0.48,0.48,0.0000,0.0336,0.0336,0.6419
07-SEP-2026,539519,1.06,1.02,0.0385,0.0363,0.0363,0.6935
07-SEP-2026,539522,64.25,64.90,-0.0101,0.0386,0.0385,0.7355
07-SEP-2026,539526,0.44,0.44,0.0000,0.0310,0.0309,0.5903
07-SEP-2026,539527,665.40,650.05,0.0233,0.0308,0.0308,0.5884
07-SEP-2026,539528,26.42,27.09,-0.0250,0.0760,0.0759,1.4501
07-SEP-2026,539543,13.12,13.12,0.0000,0.0000,0.0000,0.0000
07-SEP-2026,539544,8.04,8.04,0.0000,0.0350,0.0349,0.6668
07-SEP-2026,539546,325.45,330.40,-0.0151,0.0175,0.0175,0.3343
07-SEP-2026,539552,10.95,11.36,-0.0368,0.0363,0.0363,0.6935
07-SEP-2026,539559,1.87,1.84,0.0162,0.0366,0.0365,0.6973
07-SEP-2026,539560,10.00,10.00,0.0000,0.0000,0.0000,0.0000
07-SEP-2026,539561,0.28,0.27,0.0364,0.0357,0.0357,0.6820
07-SEP-2026,539593,14.70,15.45,-0.0498,0.0458,0.0458,0.8750
07-SEP-2026,539594,3.29,3.34,-0.0151,0.0297,0.0296,0.5655
07-SEP-2026,539596,10.01,10.50,-0.0478,0.0506,0.0505,0.9648
07-SEP-2026,539598,29.29,29.17,0.0041,0.0295,0.0295,0.5636
07-SEP-2026,539599,25.32,24.33,0.0399,0.0579,0.0578,1.1043
07-SEP-2026,539620,17.58,18.37,-0.0440,0.0342,0.0343,0.6553
07-SEP-2026,539621,0.76,0.76,0.0000,0.0329,0.0328,0.6266
07-SEP-2026,539659,36.00,36.35,-0.0097,0.0324,0.0324,0.6190
07-SEP-2026,539661,117.00,117.00,0.0000,0.0249,0.0248,0.4738
07-SEP-2026,539662,6.90,6.88,0.0029,0.0383,0.0382,0.7298
07-SEP-2026,539669,1.57,1.50,0.0456,0.0338,0.0339,0.6477
07-SEP-2026,539673,1.96,1.96,0.0000,0.0413,0.0412,0.7871
07-SEP-2026,539679,1.85,1.77,0.0442,0.0365,0.0365,0.6973
07-SEP-2026,539681,49.88,49.88,0.0000,0.0121,0.0121,0.2312
07-SEP-2026,539682,302.00,300.95,0.0035,0.0237,0.0236,0.4509
07-SEP-2026,539683,10.00,10.00,0.0000,0.0000,0.0000,0.0000
07-SEP-2026,539691,10.00,10.00,0.0000,0.0000,0.0000,0.0000
07-SEP-2026,539692,13.27,13.06,0.0160,0.0366,0.0365,0.6973
07-SEP-2026,539697,65.95,66.07,-0.0018,0.0369,0.0368,0.7031
07-SEP-2026,539724,195.50,203.90,-0.0421,0.0289,0.0290,0.5540
07-SEP-2026,539760,36.52,37.71,-0.0321,0.0332,0.0332,0.6343
07-SEP-2026,539761,0.80,0.80,0.0000,0.0352,0.0351,0.6706
07-SEP-2026,539762,25.66,26.01,-0.0135,0.0364,0.0363,0.6935
07-SEP-2026,539767,30.27,30.86,-0.0193,0.0392,0.0391,0.7470
07-SEP-2026,539770,28.03,26.70,0.0486,0.0374,0.0375,0.7164
07-SEP-2026,539798,25.20,24.81,0.0156,0.0353,0.0353,0.6744
07-SEP-2026,539800,5.35,5.46,-0.0204,0.0409,0.0408,0.7795
07-SEP-2026,539814,88.77,92.29,-0.0389,0.0379,0.0379,0.7241
07-SEP-2026,539819,4.73,4.73,0.0000,0.0049,0.0049,0.0936
07-SEP-2026,539834,192.40,196.00,-0.0185,0.0384,0.0383,0.7317
07-SEP-2026,539835,1.50,1.50,0.0000,0.0552,0.0551,1.0527
07-SEP-2026,539884,2.26,2.17,0.0406,0.0273,0.0274,0.5235
07-SEP-2026,539895,27.12,25.83,0.0487,0.0386,0.0387,0.7394
07-SEP-2026,539900,9.11,9.07,0.0044,0.0389,0.0388,0.7413
07-SEP-2026,539911,11.45,11.45,0.0000,0.0337,0.0336,0.6419
07-SEP-2026,539922,54.53,55.64,-0.0202,0.1142,0.1139,2.1761
07-SEP-2026,539927,298.90,298.90,0.0000,0.0199,0.0198,0.3783
07-SEP-2026,539938,24.81,26.27,-0.0572,0.0340,0.0341,0.6515
07-SEP-2026,539939,49.74,50.30,-0.0112,0.0316,0.0315,0.6018
07-SEP-2026,539946,22.77,23.96,-0.0509,0.0450,0.0450,0.8597
07-SEP-2026,539947,81.72,77.83,0.0488,0.0345,0.0346,0.6610
07-SEP-2026,539963,10.94,10.97,-0.0027,0.0285,0.0285,0.5445
07-SEP-2026,539982,5.25,5.25,0.0000,0.0246,0.0245,0.4681
07-SEP-2026,539984,467.70,463.10,0.0099,0.0346,0.0345,0.6591
07-SEP-2026,540023,10.83,11.12,-0.0264,0.0342,0.0342,0.6534
07-SEP-2026,540026,6.48,6.40,0.0124,0.0454,0.0453,0.8655
07-SEP-2026,540062,324.80,324.80,0.0000,0.0198,0.0198,0.3783
07-SEP-2026,540063,13.20,13.20,0.0000,0.0359,0.0358,0.6840
07-SEP-2026,540066,49.35,51.29,-0.0386,0.0292,0.0292,0.5579
07-SEP-2026,540078,181.75,177.00,0.0265,0.0299,0.0299,0.5712
07-SEP-2026,540079,1.27,1.28,-0.0078,0.0323,0.0322,0.6152
07-SEP-2026,540097,49.11,48.25,0.0177,0.0259,0.0259,0.4948
07-SEP-2026,540132,15.30,15.11,0.0125,0.0523,0.0522,0.9973
07-SEP-2026,540134,13.53,12.89,0.0485,0.0376,0.0377,0.7203
07-SEP-2026,540135,0.48,0.49,-0.0206,0.0300,0.0300,0.5731
07-SEP-2026,540143,95.00,96.88,-0.0196,0.0366,0.0366,0.6992
07-SEP-2026,540147,2.56,2.73,-0.0643,0.0338,0.0341,0.6515
07-SEP-2026,540154,826.89,835.61,-0.0105,0.0008,0.0011,0.0210
07-SEP-2026,540159,4.91,4.80,0.0227,0.0494,0.0493,0.9419
07-SEP-2026,540168,34.37,34.38,-0.0003,0.0265,0.0264,0.5044
07-SEP-2026,540174,21.88,22.50,-0.0279,0.0324,0.0324,0.6190
07-SEP-2026,540175,46.70,46.69,0.0002,0.0282,0.0281,0.5368
07-SEP-2026,540181,26.40,25.88,0.0199,0.0422,0.0421,0.8043
07-SEP-2026,540189,13.93,13.93,0.0000,0.0584,0.0582,1.1119
07-SEP-2026,540190,0.32,0.32,0.0000,0.0363,0.0362,0.6916
07-SEP-2026,540198,282.75,270.50,0.0443,0.0349,0.0350,0.6687
07-SEP-2026,540199,46.00,46.49,-0.0106,0.0322,0.0321,0.6133
07-SEP-2026,540204,45.51,45.38,0.0029,0.0257,0.0256,0.4891
07-SEP-2026,540221,34.05,34.05,0.0000,0.0159,0.0158,0.3019
07-SEP-2026,540243,1.43,1.44,-0.0070,0.0354,0.0353,0.6744
07-SEP-2026,540252,10.37,10.37,0.0000,0.0308,0.0307,0.5865
07-SEP-2026,540254,9.80,9.34,0.0481,0.0688,0.0688,1.3144
07-SEP-2026,540259,0.25,0.25,0.0000,0.0371,0.0370,0.7069
07-SEP-2026,540266,18.20,18.09,0.0061,0.0341,0.0340,0.6496
07-SEP-2026,540267,7.14,6.82,0.0459,0.0347,0.0348,0.6649
07-SEP-2026,540270,10.00,10.00,0.0000,0.0000,0.0000,0.0000
07-SEP-2026,540310,50.92,50.92,0.0000,0.0371,0.0370,0.7069
07-SEP-2026,540318,10.00,10.00,0.0000,0.0000,0.0000,0.0000
07-SEP-2026,540359,133.75,132.45,0.0098,0.0473,0.0472,0.9018
07-SEP-2026,540360,1.25,1.23,0.0161,0.0384,0.0383,0.7317
07-SEP-2026,540361,5.30,5.52,-0.0407,0.0442,0.0442,0.8444
07-SEP-2026,540377,0.33,0.34,-0.0299,0.0317,0.0317,0.6056
07-SEP-2026,540386,1.78,1.81,-0.0167,0.0389,0.0389,0.7432
07-SEP-2026,540401,14.62,14.74,-0.0082,0.0172,0.0172,0.3286
07-SEP-2026,540404,171.10,173.80,-0.0157,0.0282,0.0281,0.5368
07-SEP-2026,540405,53.38,55.12,-0.0321,0.0365,0.0365,0.6973
07-SEP-2026,540455,115.00,115.85,-0.0074,0.0316,0.0315,0.6018
07-SEP-2026,540467,300.00,314.80,-0.0482,0.0294,0.0295,0.5636
07-SEP-2026,540481,58.50,59.00,-0.0085,0.0310,0.0310,0.5923
07-SEP-2026,540492,8.32,8.72,-0.0470,0.0335,0.0335,0.6400
07-SEP-2026,540515,12.87,13.54,-0.0507,0.0402,0.0402,0.7680
07-SEP-2026,540519,32.58,32.73,-0.0046,0.0321,0.0320,0.6114
07-SEP-2026,540545,35.84,34.15,0.0483,0.0287,0.0288,0.5502
07-SEP-2026,540570,5.13,5.39,-0.0494,0.0375,0.0376,0.7183
07-SEP-2026,540590,57.90,55.83,0.0364,0.0299,0.0299,0.5712
07-SEP-2026,540597,18.07,17.97,0.0055,0.0367,0.0366,0.6992
07-SEP-2026,540615,7.15,6.99,0.0226,0.0311,0.0310,0.5923
07-SEP-2026,540654,35.77,34.07,0.0487,0.0382,0.0382,0.7298
07-SEP-2026,540686,156.15,161.45,-0.0334,0.0292,0.0292,0.5579
07-SEP-2026,540693,13.84,12.90,0.0703,0.0355,0.0358,0.6840
07-SEP-2026,540694,34.77,34.09,0.0198,0.0353,0.0353,0.6744
07-SEP-2026,540696,4.27,4.16,0.0261,0.0432,0.0432,0.8253
07-SEP-2026,540703,31.57,30.07,0.0487,0.0356,0.0356,0.6801
07-SEP-2026,540717,9.09,8.66,0.0485,0.0365,0.0365,0.6973
07-SEP-2026,540726,23.44,23.26,0.0077,0.0335,0.0334,0.6381
07-SEP-2026,540727,17.85,17.74,0.0062,0.0288,0.0288,0.5502
07-SEP-2026,540730,1.20,1.21,-0.0083,0.0311,0.0310,0.5923
07-SEP-2026,540738,8.01,8.09,-0.0099,0.0248,0.0248,0.4738
07-SEP-2026,540786,19.55,18.62,0.0487,0.0373,0.0374,0.7145
07-SEP-2026,540788,97.00,97.00,0.0000,0.0374,0.0373,0.7126
07-SEP-2026,540796,174.00,174.00,0.0000,0.0268,0.0268,0.5120
07-SEP-2026,540809,26.72,27.00,-0.0104,0.0298,0.0298,0.5693
07-SEP-2026,540821,2.04,2.05,-0.0049,0.0306,0.0305,0.5827
07-SEP-2026,540829,16.16,17.01,-0.0513,0.0443,0.0443,0.8464
07-SEP-2026,540874,98.34,95.52,0.0291,0.0288,0.0288,0.5502
07-SEP-2026,540904,117.85,117.85,0.0000,0.0319,0.0318,0.6075
07-SEP-2026,540914,1.50,1.47,0.0202,0.0359,0.0359,0.6859
07-SEP-2026,540936,3.04,3.10,-0.0195,0.0291,0.0291,0.5560
07-SEP-2026,540953,1.95,1.91,0.0207,0.0270,0.0270,0.5158
07-SEP-2026,540955,4.75,5.00,-0.0513,0.0308,0.0310,0.5923
07-SEP-2026,540956,31.88,32.02,-0.0044,0.0257,0.0256,0.4891
07-SEP-2026,540980,27580.00,27711.05,-0.0047,0.0256,0.0256,0.4891
07-SEP-2026,541133,45.60,45.60,0.0000,0.0001,0.0001,0.0019
07-SEP-2026,541144,110.35,110.25,0.0009,0.0342,0.0341,0.6515
07-SEP-2026,541228,61.31,62.30,-0.0160,0.0360,0.0359,0.6859
07-SEP-2026,541338,9.15,8.94,0.0232,0.0360,0.0359,0.6859
07-SEP-2026,541347,7.41,7.29,0.0163,0.0333,0.0333,0.6362
07-SEP-2026,541358,103.00,103.00,0.0000,0.0427,0.0426,0.8139
07-SEP-2026,541444,15.95,15.44,0.0325,0.0326,0.0326,0.6228
07-SEP-2026,541503,45.49,43.34,0.0484,0.0310,0.0311,0.5942
07-SEP-2026,541601,0.40,0.40,0.0000,0.0331,0.0330,0.6305
07-SEP-2026,541627,9.40,8.96,0.0479,0.0519,0.0519,0.9915
07-SEP-2026,541633,12.58,12.58,0.0000,0.0000,0.0000,0.0000
07-SEP-2026,541634,15.94,15.47,0.0299,0.0415,0.0414,0.7909
07-SEP-2026,541702,2.71,2.85,-0.0504,0.0348,0.0349,0.6668
07-SEP-2026,541735,1.89,1.85,0.0214,0.0375,0.0375,0.7164
07-SEP-2026,541741,135.45,129.00,0.0488,0.0326,0.0327,0.6247
07-SEP-2026,541771,2.56,2.44,0.0480,0.0337,0.0338,0.6457
07-SEP-2026,541865,5.99,6.15,-0.0264,0.0265,0.0265,0.5063
07-SEP-2026,541890,0.18,0.18,0.0000,0.0329,0.0328,0.6266
07-SEP-2026,541972,949.22,954.26,-0.0053,0.0012,0.0013,0.0248
07-SEP-2026,542012,5.22,5.08,0.0272,0.0422,0.0421,0.8043
07-SEP-2026,542013,171.70,172.75,-0.0061,0.0168,0.0167,0.3191
07-SEP-2026,542019,40.34,41.45,-0.0271,0.0312,0.0312,0.5961
07-SEP-2026,542034,11.30,11.29,0.0009,0.0277,0.0276,0.5273
07-SEP-2026,542046,5.28,5.50,-0.0408,0.0400,0.0400,0.7642
07-SEP-2026,542123,139.00,139.00,0.0000,0.0323,0.0322,0.6152
07-SEP-2026,542176,18.87,18.41,0.0247,0.0375,0.0375,0.7164
07-SEP-2026,542206,0.82,0.79,0.0373,0.0365,0.0365,0.6973
07-SEP-2026,542248,12.45,12.69,-0.0191,0.0342,0.0341,0.6515
07-SEP-2026,542332,91.10,91.10,0.0000,0.0207,0.0207,0.3955
07-SEP-2026,542376,200.45,200.45,0.0000,0.0235,0.0234,0.4471
07-SEP-2026,542377,14.95,14.95,0.0000,0.0083,0.0083,0.1586
07-SEP-2026,542459,49.98,49.50,0.0097,0.0346,0.0345,0.6591
07-SEP-2026,542524,34.74,36.56,-0.0511,0.0262,0.0264,0.5044
07-SEP-2026,542543,73.43,73.56,-0.0018,0.0112,0.0112,0.2140
07-SEP-2026,542544,10.00,10.00,0.0000,0.0000,0.0000,0.0000
07-SEP-2026,542579,4.00,3.99,0.0025,0.0257,0.0256,0.4891
07-SEP-2026,542627,95.72,97.00,-0.0133,0.0382,0.0381,0.7279
07-SEP-2026,542628,130.20,134.90,-0.0355,0.0312,0.0312,0.5961
07-SEP-2026,542654,12.40,12.50,-0.0080,0.0358,0.0357,0.6820
07-SEP-2026,542666,7.17,7.02,0.0211,0.0255,0.0254,0.4853
07-SEP-2026,542669,50.62,50.98,-0.0071,0.0309,0.0308,0.5884
07-SEP-2026,542677,17.03,17.03,0.0000,0.0872,0.0870,1.6621
07-SEP-2026,542679,125.00,133.00,-0.0620,0.0435,0.0436,0.8330
07-SEP-2026,542682,67.81,67.74,0.0010,0.0341,0.0340,0.6496
07-SEP-2026,542694,183.60,183.60,0.0000,0.0367,0.0366,0.6992
07-SEP-2026,542721,42.49,42.04,0.0106,0.0304,0.0303,0.5789
07-SEP-2026,542747,91.45,93.00,-0.0168,0.0013,0.0018,0.0344
07-SEP-2026,542770,39.10,39.98,-0.0223,0.0329,0.0329,0.6286
07-SEP-2026,542802,2.29,2.19,0.0447,0.0297,0.0298,0.5693
07-SEP-2026,542803,65.58,65.13,0.0069,0.0306,0.0305,0.5827
07-SEP-2026,542862,23.99,24.00,-0.0004,0.0380,0.0379,0.7241
07-SEP-2026,542864,31.47,31.47,0.0000,0.0017,0.0017,0.0325
07-SEP-2026,542865,10.93,10.82,0.0101,0.0392,0.0391,0.7470
07-SEP-2026,542866,132.40,133.70,-0.0098,0.0224,0.0223,0.4260
07-SEP-2026,542906,48.25,48.25,0.0000,0.0271,0.0270,0.5158
07-SEP-2026,542918,4.81,4.82,-0.0021,0.0288,0.0287,0.5483
07-SEP-2026,542931,23.00,23.00,0.0000,0.0000,0.0000,0.0000
07-SEP-2026,542938,48.50,48.50,0.0000,0.0315,0.0314,0.5999
07-SEP-2026,543171,1.49,1.50,-0.0067,0.0353,0.0353,0.6744
07-SEP-2026,543207,3.59,3.58,0.0028,0.0380,0.0379,0.7241
07-SEP-2026,543208,2.05,2.07,-0.0097,0.0249,0.0248,0.4738
07-SEP-2026,543225,179.75,178.00,0.0098,0.0138,0.0138,0.2636
07-SEP-2026,543229,242.00,242.00,0.0000,0.0387,0.0386,0.7375
07-SEP-2026,543241,140.90,139.70,0.0086,0.0329,0.0328,0.6266
07-SEP-2026,543256,11.00,10.48,0.0484,0.0415,0.0415,0.7929
07-SEP-2026,543341,9.30,9.43,-0.0139,0.0385,0.0384,0.7336
07-SEP-2026,543373,475.05,499.00,-0.0492,0.0375,0.0376,0.7183
07-SEP-2026,543376,94.13,90.10,0.0438,0.0317,0.0317,0.6056
07-SEP-2026,543499,6.96,6.98,-0.0029,0.0344,0.0343,0.6553
07-SEP-2026,543531,63.64,61.74,0.0303,0.0374,0.0374,0.7145
07-SEP-2026,543737,549.20,549.95,-0.0014,0.0273,0.0272,0.5197
07-SEP-2026,543860,127.55,125.60,0.0154,0.0293,0.0292,0.5579
07-SEP-2026,543914,37.64,39.62,-0.0513,0.0380,0.0381,0.7279
07-SEP-2026,543925,142.90,142.90,0.0000,0.0048,0.0048,0.0917
07-SEP-2026,543927,34.39,32.75,0.0489,0.0309,0.0310,0.5923
07-SEP-2026,543934,398.90,392.35,0.0166,0.0329,0.0328,0.6266
07-SEP-2026,543976,23.60,23.60,0.0000,0.0292,0.0292,0.5579
07-SEP-2026,544005,128.00,128.00,0.0000,0.0039,0.0039,0.0745
07-SEP-2026,544080,1250.00,1250.90,-0.0007,0.0248,0.0247,0.4719
07-SEP-2026,544090,843.75,838.60,0.0061,0.0373,0.0372,0.7107
07-SEP-2026,544112,530.00,530.10,-0.0002,0.0231,0.0230,0.4394
07-SEP-2026,544185,50.01,50.21,-0.0040,0.0307,0.0306,0.5846
07-SEP-2026,544186,142.55,137.65,0.0350,0.0292,0.0293,0.5598
07-SEP-2026,544191,70.08,71.31,-0.0174,0.0314,0.0313,0.5980
07-SEP-2026,544205,633.10,638.00,-0.0077,0.0278,0.0278,0.5311
07-SEP-2026,544295,1102000.00,1102000.00,0.0000,0.0072,0.0072,0.1376
07-SEP-2026,544308,38.72,40.17,-0.0368,0.0308,0.0308,0.5884
07-SEP-2026,544361,163.35,155.60,0.0486,0.0295,0.0296,0.5655
07-SEP-2026,544371,97.61,88.16,0.1018,0.0306,0.0314,0.5999
07-SEP-2026,544462,1100000.00,1100000.00,0.0000,0.0079,0.0078,0.1490
07-SEP-2026,544467,814.22,812.85,0.0017,0.0155,0.0155,0.2961
07-SEP-2026,544662,156.00,154.00,0.0129,0.0320,0.0319,0.6094
07-SEP-2026,544752,1005100.00,1005000.00,0.0001,0.0037,0.0037,0.0707
07-SEP-2026,544786,1983.35,1942.90,0.0206,0.0217,0.0217,0.4146
07-SEP-2026,544831,399.90,406.95,-0.0175,0.0129,0.0129,0.2465
07-SEP-2026,544855,29.05,28.31,0.0258,0.0157,0.0157,0.2999
07-SEP-2026,5PAISA,339.88,342.04,-0.0063,0.0250,0.0249,0.4757
07-SEP-2026,63MOONS,872.66,876.47,-0.0044,0.0333,0.0332,0.6343
07-SEP-2026,751131,0.51,0.56,-0.0935,0.0552,0.0555,1.0603
07-SEP-2026,751132,4.56,3.99,0.1335,0.0371,0.0382,0.7298
07-SEP-2026,751133,168.95,152.55,0.1021,0.0044,0.0084,0.1605
07-SEP-2026,751134,0.43,0.50,-0.1508,0.0364,0.0379,0.7241
07-SEP-2026,751136,0.31,0.38,-0.2036,0.0493,0.0512,0.9782
07-SEP-2026,751139,0.22,0.36,-0.4925,0.0361,0.0501,0.9572
07-SEP-2026,890217,56.58,58.00,-0.0248,0.0397,0.0397,0.7585
07-SEP-2026,890226,20.85,20.23,0.0302,0.0626,0.0625,1.1941
07-SEP-2026,890231,23.00,23.00,0.0000,0.0192,0.0192,0.3668
07-SEP-2026,890234,1.41,1.48,-0.0485,0.0379,0.0380,0.7260
07-SEP-2026,890238,11.92,12.92,-0.0806,0.0265,0.0271,0.5177
07-SEP-2026,A2ZINFRA,15.76,15.61,0.0096,0.0316,0.0316,0.6037
07-SEP-2026,AAATECH,92.02,91.72,0.0033,0.0279,0.0278,0.5311
07-SEP-2026,AADHARHFC,478.83,483.54,-0.0098,0.0179,0.0179,0.3420
07-SEP-2026,AAKASH,8.59,8.75,-0.0185,0.0304,0.0304,0.5808
07-SEP-2026,AAREYDRUGS,97.32,95.77,0.0161,0.0314,0.0313,0.5980
07-SEP-2026,AARNAV,31.46,32.23,-0.0242,0.0259,0.0259,0.4948
07-SEP-2026,AARON,125.54,128.45,-0.0229,0.0298,0.0298,0.5693
07-SEP-2026,AARTECH,49.48,48.65,0.0169,0.0368,0.0367,0.7012
07-SEP-2026,AARTIDRUGS,423.10,431.65,-0.0200,0.0212,0.0212,0.4050
07-SEP-2026,AARTIIND,490.71,492.04,-0.0027,0.0234,0.0234,0.4471
07-SEP-2026,AARTIPHARM,862.52,858.81,0.0043,0.0288,0.0287,0.5483
07-SEP-2026,AARTISURF,546.82,548.27,-0.0026,0.0317,0.0317,0.6056
07-SEP-2026,AARVI,143.40,141.95,0.0102,0.0272,0.0272,0.5197
07-SEP-2026,AASHRIT,74.00,74.00,0.0000,0.0019,0.0019,0.0363
07-SEP-2026,AASTHA,77.35,78.13,-0.0100,0.0326,0.0325,0.6209
07-SEP-2026,AAVAS,1306.18,1304.11,0.0016,0.0195,0.0194,0.3706
07-SEP-2026,ABAN,14.85,14.99,-0.0094,0.0292,0.0292,0.5579
07-SEP-2026,ABANSENT,27.42,27.86,-0.0159,0.0404,0.0404,0.7718
07-SEP-2026,ABB,7433.86,7410.04,0.0032,0.0195,0.0195,0.3725
07-SEP-2026,ABBOTINDIA,25938.12,26065.18,-0.0049,0.0132,0.0132,0.2522
07-SEP-2026,ABCAPITAL,403.27,404.90,-0.0040,0.0208,0.0208,0.3974
07-SEP-2026,ABCOTS,211.57,208.15,0.0163,0.0266,0.0265,0.5063
07-SEP-2026,ABDL,600.00,609.95,-0.0164,0.0246,0.0245,0.4681
07-SEP-2026,ABFRL,53.21,52.97,0.0045,0.0232,0.0232,0.4432
07-SEP-2026,ABGSEC,114.52,113.58,0.0082,0.0050,0.0050,0.0955
07-SEP-2026,ABINFRA,11.40,11.35,0.0044,0.0308,0.0307,0.5865
07-SEP-2026,ABLBL,85.55,86.05,-0.0058,0.0189,0.0188,0.3592
07-SEP-2026,ABMINTLLTD,55.86,55.86,0.0000,0.0412,0.0411,0.7852
07-SEP-2026,ABMKNO,189.64,189.90,-0.0014,0.0330,0.0329,0.6286
07-SEP-2026,ABREL,1377.79,1373.52,0.0031,0.0249,0.0248,0.4738
07-SEP-2026,ABSL10BANK,165.63,168.63,-0.0180,0.0095,0.0096,0.1834
07-SEP-2026,ABSLAMC,1041.86,1062.30,-0.0194,0.0227,0.0227,0.4337
07-SEP-2026,ABSLBANETF,58.66,59.06,-0.0068,0.0100,0.0100,0.1910
07-SEP-2026,ABSLLIQUID,1000.00,1000.00,0.0000,0.0000,0.0000,0.0000
07-SEP-2026,ABSLMSCIN,29.23,29.44,-0.0072,0.0154,0.0153,0.2923
07-SEP-2026,ABSLNN50ET,77.15,77.08,0.0009,0.0101,0.0101,0.1930
07-SEP-2026,ABSLPSE,10.11,10.18,-0.0069,0.0104,0.0104,0.1987
07-SEP-2026,ACC,1268.65,1283.79,-0.0119,0.0150,0.0150,0.2866
07-SEP-2026,ACCELYA,1127.12,1130.78,-0.0032,0.0155,0.0155,0.2961
07-SEP-2026,ACCURACY,4.33,4.16,0.0401,0.0291,0.0291,0.5560
07-SEP-2026,ACCUVANT,10.15,10.15,0.0000,0.0000,0.0000,0.0000
07-SEP-2026,ACE,1113.16,1125.47,-0.0110,0.0237,0.0237,0.4528
07-SEP-2026,ACEINTEG,17.54,17.83,-0.0164,0.0323,0.0322,0.6152
07-SEP-2026,ACESTONE,9.45,9.45,0.0000,0.0000,0.0000,0.0000
07-SEP-2026,ACGL,1799.95,1798.35,0.0009,0.0272,0.0271,0.5177
07-SEP-2026,ACI,509.37,504.23,0.0101,0.0217,0.0217,0.4146
07-SEP-2026,ACL,43.49,43.36,0.0030,0.0230,0.0229,0.4375
07-SEP-2026,ACMESOLAR,413.15,418.00,-0.0117,0.0241,0.0240,0.4585
07-SEP-2026,ACSTECH,54.46,51.84,0.0493,0.0516,0.0516,0.9858
07-SEP-2026,ACUTAAS,3181.60,3168.42,0.0042,0.0284,0.0284,0.5426
07-SEP-2026,ADANIENSOL,1390.37,1409.60,-0.0137,0.0272,0.0271,0.5177
07-SEP-2026,ADANIENT,2949.93,2937.99,0.0041,0.0240,0.0239,0.4566
07-SEP-2026,ADANIGREEN,1288.00,1301.25,-0.0102,0.0282,0.0282,0.5388
07-SEP-2026,ADANIPORTS,1694.20,1707.33,-0.0077,0.0194,0.0194,0.3706
07-SEP-2026,ADANIPOWER,204.49,207.19,-0.0131,0.0253,0.0253,0.4834
07-SEP-2026,ADDIND,80.97,79.38,0.0198,0.0304,0.0304,0.5808
07-SEP-2026,ADFFOODS,266.15,264.80,0.0051,0.0299,0.0299,0.5712
07-SEP-2026,ADL,74.94,72.00,0.0400,0.0329,0.0329,0.6286
07-SEP-2026,ADOR,1644.11,1674.40,-0.0183,0.0235,0.0235,0.4490
07-SEP-2026,ADROITINFO,10.31,10.31,0.0000,0.0261,0.0260,0.4967
07-SEP-2026,ADSL,101.46,104.13,-0.0260,0.0306,0.0306,0.5846
07-SEP-2026,ADVAIT,2096.24,2151.63,-0.0261,0.0328,0.0328,0.6266
07-SEP-2026,ADVANCE,116.43,117.43,-0.0086,0.0251,0.0251,0.4795
07-SEP-2026,ADVANIHOTR,49.12,49.41,-0.0059,0.0186,0.0185,0.3534
07-SEP-2026,ADVENTHTL,133.19,134.57,-0.0103,0.0284,0.0283,0.5407
07-SEP-2026,ADVENZYMES,297.82,293.20,0.0156,0.0243,0.0242,0.4623
07-SEP-2026,ADVIKCA,1.10,1.13,-0.0269,0.0247,0.0247,0.4719
07-SEP-2026,AEGISLOG,1253.69,1270.21,-0.0131,0.0309,0.0308,0.5884
07-SEP-2026,AEGISVOPAK,285.31,284.50,0.0028,0.0268,0.0267,0.5101
07-SEP-2026,AEPL,18.00,17.50,0.0282,0.0224,0.0224,0.4280
07-SEP-2026,AEQUS,233.86,242.19,-0.0350,0.0274,0.0275,0.5254
07-SEP-2026,AEROENTER,154.72,141.76,0.0875,0.0320,0.0325,0.6209
07-SEP-2026,AEROFLEX,558.17,537.46,0.0378,0.0365,0.0365,0.6973
07-SEP-2026,AERONEU,77.28,80.57,-0.0417,0.0321,0.0322,0.6152
07-SEP-2026,AEROPLANE,198.03,194.17,0.0197,0.0221,0.0220,0.4203
07-SEP-2026,AETHER,1619.47,1625.69,-0.0038,0.0232,0.0232,0.4432
07-SEP-2026,AFCONS,293.20,292.79,0.0014,0.0201,0.0201,0.3840
07-SEP-2026,AFDIL,145.50,145.50,0.0000,0.0000,0.0000,0.0000
07-SEP-2026,AFFLE,1623.20,1616.58,0.0041,0.0218,0.0218,0.4165
07-SEP-2026,AFFORDABLE,160.04,157.44,0.0164,0.0321,0.0321,0.6133
07-SEP-2026,AFIL,9.14,9.22,-0.0087,0.0289,0.0289,0.5521
07-SEP-2026,AFSL,202.82,202.07,0.0037,0.0185,0.0184,0.3515
07-SEP-2026,AGARIND,440.18,451.21,-0.0247,0.0323,0.0322,0.6152
07-SEP-2026,AGARWALEYE,518.22,514.10,0.0080,0.0166,0.0166,0.3171
07-SEP-2026,AGI,732.56,735.28,-0.0037,0.0275,0.0274,0.5235
07-SEP-2026,AGIIL,277.15,283.69,-0.0233,0.0299,0.0298,0.5693
07-SEP-2026,AGL,13.58,13.65,-0.0051,0.0171,0.0170,0.3248
07-SEP-2026,AGRITECH,100.07,101.22,-0.0114,0.0328,0.0327,0.6247
07-SEP-2026,AGROPHOS,24.82,25.77,-0.0376,0.0293,0.0294,0.5617
07-SEP-2026,AGSTRA,1.95,2.00,-0.0253,0.0281,0.0281,0.5368
07-SEP-2026,AHCL,15.48,15.68,-0.0128,0.0248,0.0247,0.4719
07-SEP-2026,AHLADA,36.80,37.29,-0.0132,0.0295,0.0295,0.5636
07-SEP-2026,AHLEAST,135.82,136.51,-0.0051,0.0210,0.0209,0.3993
07-SEP-2026,AHLUCONT,597.06,599.07,-0.0034,0.0247,0.0246,0.4700
07-SEP-2026,AHLWEST,543.83,530.85,0.0242,0.0685,0.0683,1.3049
07-SEP-2026,AIAENG,4223.95,4231.29,-0.0017,0.0177,0.0177,0.3382
07-SEP-2026,AIIL,514.94,519.80,-0.0094,0.0325,0.0324,0.6190
07-SEP-2026,AIRAN,16.43,15.47,0.0602,0.0285,0.0288,0.5502
07-SEP-2026,AIROLAM,86.22,86.46,-0.0028,0.0258,0.0257,0.4910
07-SEP-2026,AJANTPHARM,3513.58,3464.79,0.0140,0.0177,0.0177,0.3382
07-SEP-2026,AJAXENGG,596.14,582.41,0.0233,0.0216,0.0216,0.4127
07-SEP-2026,AJMERA,117.52,117.77,-0.0021,0.0303,0.0302,0.5770
07-SEP-2026,AJOONI,3.49,3.71,-0.0611,0.0276,0.0279,0.5330
07-SEP-2026,AKASH,25.69,25.60,0.0035,0.0301,0.0300,0.5731
07-SEP-2026,AKCAPIT,1734.48,1736.90,-0.0014,0.0208,0.0207,0.3955
07-SEP-2026,AKG,9.38,9.59,-0.0221,0.0298,0.0298,0.5693
07-SEP-2026,AKI,8.00,7.27,0.0957,0.0373,0.0378,0.7222
07-SEP-2026,AKSHAR,0.42,0.42,0.0000,0.0280,0.0279,0.5330
07-SEP-2026,AKSHARCHEM,464.25,445.69,0.0408,0.0308,0.0309,0.5903
07-SEP-2026,AKSHOPTFBR,7.82,7.44,0.0498,0.0344,0.0345,0.6591
07-SEP-2026,AKUMS,754.68,765.75,-0.0146,0.0217,0.0216,0.4127
07-SEP-2026,ALANKIT,8.16,8.14,0.0025,0.0230,0.0229,0.4375
07-SEP-2026,ALBERTDAVD,862.77,860.21,0.0030,0.0228,0.0228,0.4356
07-SEP-2026,ALEMBICLTD,108.05,111.41,-0.0306,0.0219,0.0220,0.4203
07-SEP-2026,ALFREDHE,2891.50,2854.98,0.0127,0.0257,0.0256,0.4891
07-SEP-2026,ALGOQUANT,63.90,64.51,-0.0095,0.0219,0.0219,0.4184
07-SEP-2026,ALICON,681.45,683.99,-0.0037,0.0245,0.0244,0.4662
07-SEP-2026,ALIVUS,1388.79,1366.34,0.0163,0.0209,0.0209,0.3993
07-SEP-2026,ALKALI,78.66,64.85,0.1931,0.0300,0.0329,0.6286
07-SEP-2026,ALKEM,5240.77,5190.00,0.0097,0.0140,0.0140,0.2675
07-SEP-2026,ALKYLAMINE,1986.13,2020.89,-0.0173,0.0249,0.0248,0.4738
07-SEP-2026,ALLCARGO,12.67,12.44,0.0183,0.0322,0.0321,0.6133
07-SEP-2026,ALLDIGI,810.29,805.95,0.0054,0.0198,0.0198,0.3783
07-SEP-2026,ALLTIME,214.65,206.08,0.0407,0.0240,0.0241,0.4604
07-SEP-2026,ALMONDZ,19.19,17.88,0.0707,0.0350,0.0353,0.6744
07-SEP-2026,ALOKINDS,7.60,7.83,-0.0298,0.0268,0.0268,0.5120
07-SEP-2026,ALPA,61.94,62.73,-0.0127,0.0269,0.0268,0.5120
07-SEP-2026,ALPHA,53.97,54.16,-0.0035,0.0123,0.0122,0.2331
07-SEP-2026,ALPHAETF,26.55,26.58,-0.0011,0.0119,0.0119,0.2273
07-SEP-2026,ALPHAGEO,324.40,322.82,0.0049,0.0344,0.0343,0.6553
07-SEP-2026,ALPINETEX,63.15,57.76,0.0892,0.0150,0.0163,0.3114
07-SEP-2026,ALPL30IETF,27.49,27.59,-0.0036,0.0081,0.0081,0.1548
07-SEP-2026,ALUFLUOR,499.00,498.96,0.0001,0.0287,0.0286,0.5464
07-SEP-2026,AMAGI,575.13,563.09,0.0212,0.0232,0.0232,0.4432
07-SEP-2026,AMAL,757.54,743.70,0.0184,0.0365,0.0364,0.6954
07-SEP-2026,AMANTA,198.65,194.80,0.0196,0.0225,0.0225,0.4299
07-SEP-2026,AMARJOTHI,162.28,160.94,0.0083,0.0244,0.0243,0.4643
07-SEP-2026,AMARVAN,10.00,10.00,0.0000,0.0000,0.0000,0.0000
07-SEP-2026,AMBALALSA,42.98,43.73,-0.0173,0.0342,0.0341,0.6515
07-SEP-2026,AMBER,7438.85,7474.06,-0.0047,0.0269,0.0268,0.5120
07-SEP-2026,AMBICAAGAR,26.83,27.20,-0.0137,0.0230,0.0230,0.4394
07-SEP-2026,AMBIKCO,1642.90,1636.92,0.0036,0.0223,0.0222,0.4241
07-SEP-2026,AMBUJACEM,398.62,405.00,-0.0159,0.0179,0.0179,0.3420
07-SEP-2026,AMDIND,60.30,60.32,-0.0003,0.0302,0.0301,0.5751
07-SEP-2026,AMJLAND,39.13,39.76,-0.0160,0.0263,0.0263,0.5025
07-SEP-2026,AMNPLST,168.43,172.91,-0.0263,0.0297,0.0297,0.5674
07-SEP-2026,AMRITINDIA,1625.80,1625.80,0.0000,0.0011,0.0011,0.0210
07-SEP-2026,AMRUTANJAN,500.27,505.47,-0.0103,0.0184,0.0184,0.3515
07-SEP-2026,ANANDRATHI,2224.07,2215.88,0.0037,0.0158,0.0157,0.2999
07-SEP-2026,ANANTAM,106.78,106.00,0.0073,0.0047,0.0047,0.0898
07-SEP-2026,ANANTRAJ,638.37,625.40,0.0205,0.0297,0.0297,0.5674
07-SEP-2026,ANDHRAPAP,72.21,64.45,0.1137,0.0173,0.0190,0.3630
07-SEP-2026,ANDHRSUGAR,99.38,99.51,-0.0013,0.0246,0.0245,0.4681
07-SEP-2026,ANDREWYU,27.36,27.95,-0.0213,0.0347,0.0347,0.6629
07-SEP-2026,ANGELONE,303.80,299.77,0.0134,0.0270,0.0269,0.5139
07-SEP-2026,ANIKINDS,44.77,45.00,-0.0051,0.0288,0.0287,0.5483
07-SEP-2026,ANKITMETAL,1.67,1.70,-0.0178,0.0270,0.0270,0.5158
07-SEP-2026,ANMOL,10.10,10.07,0.0030,0.0255,0.0255,0.4872
07-SEP-2026,ANNAPURNA,143.80,140.20,0.0254,0.0299,0.0299,0.5712
07-SEP-2026,ANNU,65.00,68.32,-0.0498,0.0060,0.0070,0.1337
07-SEP-2026,ANSALAPI,3.36,3.39,-0.0089,0.0473,0.0472,0.9018
07-SEP-2026,ANSALBU,79.61,80.76,-0.0143,0.0335,0.0334,0.6381
07-SEP-2026,ANTELOPUS,985.35,957.62,0.0285,0.0393,0.0393,0.7508
07-SEP-2026,ANTGRAPHIC,0.73,0.73,0.0000,0.0281,0.0281,0.5368
07-SEP-2026,ANTHEM,933.51,934.04,-0.0006,0.0163,0.0162,0.3095
07-SEP-2026,ANUHPHR,90.34,81.11,0.1078,0.0221,0.0233,0.4451
07-SEP-2026,ANUP,1770.73,1785.82,-0.0085,0.0283,0.0282,0.5388
07-SEP-2026,ANURAS,1233.58,1238.70,-0.0041,0.0155,0.0154,0.2942
07-SEP-2026,ANZEN,129.00,128.50,0.0039,0.0133,0.0132,0.2522
07-SEP-2026,AONEGOLD,14.19,14.37,-0.0126,0.0155,0.0155,0.2961
07-SEP-2026,AONELIQUID,1075.79,1075.67,0.0001,0.0002,0.0002,0.0038
07-SEP-2026,AONENIFTY,9.83,9.89,-0.0061,0.0069,0.0069,0.1318
07-SEP-2026,AONESILVER,8.79,8.89,-0.0113,0.0166,0.0166,0.3171
07-SEP-2026,AONETMMQ50,10.31,10.30,0.0010,0.0087,0.0087,0.1662
07-SEP-2026,AONETOTAL,11.84,11.93,-0.0076,0.0078,0.0078,0.1490
07-SEP-2026,APARINDS,17728.18,17420.85,0.0175,0.0298,0.0298,0.5693
07-SEP-2026,APCL,99.93,101.42,-0.0148,0.0252,0.0252,0.4814
07-SEP-2026,APCOTEXIND,631.56,635.51,-0.0062,0.0260,0.0259,0.4948
07-SEP-2026,APEX,368.23,375.22,-0.0188,0.0360,0.0359,0.6859
07-SEP-2026,APLAPOLLO,2214.95,2250.00,-0.0157,0.0181,0.0181,0.3458
07-SEP-2026,APLLTD,799.55,808.17,-0.0107,0.0190,0.0190,0.3630
07-SEP-2026,APOLLO,403.95,388.88,0.0380,0.0351,0.0351,0.6706
07-SEP-2026,APOLLOHOSP,8760.00,8650.02,0.0126,0.0121,0.0121,0.2312
07-SEP-2026,APOLLOPIPE,600.99,605.10,-0.0068,0.0286,0.0285,0.5445
07-SEP-2026,APOLLOTYRE,420.79,429.55,-0.0206,0.0174,0.0174,0.3324
07-SEP-2026,APOLSINHOT,1204.90,1218.10,-0.0109,0.0246,0.0245,0.4681
07-SEP-2026,APOORVA,25.25,25.50,-0.0099,0.0397,0.0396,0.7566
07-SEP-2026,APTECHT,89.21,89.14,0.0008,0.0274,0.0273,0.5216
07-SEP-2026,APTUS,256.82,258.84,-0.0078,0.0204,0.0203,0.3878
07-SEP-2026,AQYLON,23.54,22.45,0.0474,0.0372,0.0373,0.7126
07-SEP-2026,ARCHIDPLY,103.62,104.86,-0.0119,0.0296,0.0295,0.5636
07-SEP-2026,ARCHIES,13.11,12.90,0.0161,0.0272,0.0272,0.5197
07-SEP-2026,ARCL,233.87,225.00,0.0387,0.0290,0.0291,0.5560
07-SEP-2026,ARDEE,56.08,55.66,0.0075,0.0111,0.0111,0.2121
07-SEP-2026,ARE&M,842.97,864.19,-0.0249,0.0207,0.0207,0.3955
07-SEP-2026,ARENTERP,34.76,34.65,0.0032,0.0406,0.0405,0.7738
07-SEP-2026,ARFIN,95.27,87.19,0.0886,0.0268,0.0275,0.5254
07-SEP-2026,ARIES,486.00,500.09,-0.0286,0.0287,0.0287,0.5483
07-SEP-2026,ARIHANT,958.12,954.42,0.0039,0.0299,0.0299,0.5712
07-SEP-2026,ARIHANTCAP,78.36,79.70,-0.0170,0.0302,0.0301,0.5751
07-SEP-2026,ARIHANTSUP,233.79,229.69,0.0177,0.0259,0.0259,0.4948
07-SEP-2026,ARIS,126.31,128.64,-0.0183,0.0281,0.0281,0.5368
07-SEP-2026,ARKADE,124.83,125.17,-0.0027,0.0230,0.0229,0.4375
07-SEP-2026,ARMANFIN,2033.77,2069.31,-0.0173,0.0265,0.0265,0.5063
07-SEP-2026,AROGRANITE,24.29,25.20,-0.0368,0.0264,0.0265,0.5063
07-SEP-2026,ARROWGREEN,805.56,814.10,-0.0105,0.0337,0.0337,0.6438
07-SEP-2026,ARSHIYA,0.71,0.73,-0.0278,0.0307,0.0307,0.5865
07-SEP-2026,ARSSBL,516.31,514.94,0.0027,0.0213,0.0213,0.4069
07-SEP-2026,ARTEMISMED,343.51,332.79,0.0317,0.0235,0.0235,0.4490
07-SEP-2026,ARTNIRMAN,40.21,40.63,-0.0104,0.0331,0.0330,0.6305
07-SEP-2026,ARVEE,163.93,165.10,-0.0071,0.0364,0.0363,0.6935
07-SEP-2026,ARVIND,564.49,552.96,0.0206,0.0250,0.0250,0.4776
07-SEP-2026,ARVINDFASN,438.96,446.50,-0.0170,0.0220,0.0220,0.4203
07-SEP-2026,ARVSMART,646.67,642.56,0.0064,0.0228,0.0227,0.4337
07-SEP-2026,ARYAMAN,635.00,620.18,0.0236,0.0248,0.0248,0.4738
07-SEP-2026,ASAHIINDIA,954.67,955.88,-0.0013,0.0213,0.0213,0.4069
07-SEP-2026,ASAHISONG,391.14,372.62,0.0485,0.0312,0.0313,0.5980
07-SEP-2026,ASAL,470.11,473.76,-0.0077,0.0273,0.0273,0.5216
07-SEP-2026,ASALCBR,707.83,706.23,0.0023,0.0266,0.0265,0.5063
07-SEP-2026,ASHAPURMIN,538.16,551.04,-0.0237,0.0342,0.0342,0.6534
07-SEP-2026,ASHIANA,349.76,359.58,-0.0277,0.0217,0.0217,0.4146
07-SEP-2026,ASHIKAG,420.04,426.84,-0.0161,0.0265,0.0265,0.5063
07-SEP-2026,ASHIMASYN,17.75,17.89,-0.0079,0.0355,0.0354,0.6763
07-SEP-2026,ASHOKA,115.49,115.55,-0.0005,0.0248,0.0248,0.4738
07-SEP-2026,ASHOKAMET,14.31,13.51,0.0575,0.0237,0.0240,0.4585
07-SEP-2026,ASHOKLEY,170.00,169.01,0.0058,0.0223,0.0222,0.4241
07-SEP-2026,ASIANENE,511.80,517.47,-0.0110,0.0330,0.0329,0.6286
07-SEP-2026,ASIANHOTNR,382.64,384.78,-0.0056,0.0295,0.0294,0.5617
07-SEP-2026,ASIANPAINT,2500.86,2527.30,-0.0105,0.0142,0.0142,0.2713
07-SEP-2026,ASIANTILES,49.84,50.26,-0.0084,0.0317,0.0316,0.6037
07-SEP-2026,ASIANTNE,9.47,9.74,-0.0281,0.0292,0.0292,0.5579
07-SEP-2026,ASKAUTOLTD,611.39,618.86,-0.0121,0.0242,0.0241,0.4604
07-SEP-2026,ASMS,7.01,7.07,-0.0085,0.0327,0.0326,0.6228
07-SEP-2026,ASPINWALL,260.65,259.25,0.0054,0.0258,0.0257,0.4910
07-SEP-2026,ASSAMENT,790.00,798.00,-0.0101,0.0082,0.0082,0.1567
07-SEP-2026,ASTAR,597.90,585.00,0.0218,0.0269,0.0269,0.5139
07-SEP-2026,ASTEC,552.35,554.56,-0.0040,0.0319,0.0319,0.6094
07-SEP-2026,ASTERDM,795.63,785.75,0.0125,0.0190,0.0190,0.3630
07-SEP-2026,ASTRAL,1498.17,1495.47,0.0018,0.0191,0.0190,0.3630
07-SEP-2026,ASTRAMICRO,1711.51,1728.95,-0.0101,0.0265,0.0264,0.5044
07-SEP-2026,ASTRAZEN,6851.14,6942.47,-0.0132,0.0179,0.0179,0.3420
07-SEP-2026,ASTRON,3.00,3.06,-0.0198,0.0275,0.0275,0.5254
07-SEP-2026,ATALREAL,26.50,26.23,0.0102,0.0318,0.0317,0.6056
07-SEP-2026,ATAM,54.18,53.07,0.0207,0.0306,0.0305,0.5827
07-SEP-2026,ATGL,603.71,612.36,-0.0142,0.0278,0.0278,0.5311
07-SEP-2026,ATHERENERG,1599.23,1584.00,0.0096,0.0277,0.0276,0.5273
07-SEP-2026,ATL,25.03,25.32,-0.0115,0.0287,0.0286,0.5464
07-SEP-2026,ATLANTAA,37.67,39.15,-0.0385,0.0368,0.0368,0.7031
07-SEP-2026,ATLANTAELE,1938.11,1881.53,0.0296,0.0289,0.0289,0.5521
07-SEP-2026,ATLASCYCLE,94.67,96.10,-0.0150,0.0329,0.0328,0.6266
07-SEP-2026,ATUL,6312.46,6385.93,-0.0116,0.0166,0.0166,0.3171
07-SEP-2026,ATULAUTO,459.01,465.16,-0.0133,0.0277,0.0277,0.5292
07-SEP-2026,AUBANK,1053.00,1065.00,-0.0113,0.0188,0.0187,0.3573
07-SEP-2026,AUGMONT,891.71,901.71,-0.0112,0.0080,0.0080,0.1528
07-SEP-2026,AURIONPRO,668.66,689.69,-0.0310,0.0297,0.0297,0.5674
07-SEP-2026,AUROPHARMA,1659.97,1653.10,0.0041,0.0172,0.0171,0.3267
07-SEP-2026,AURUM,225.13,224.66,0.0021,0.0244,0.0244,0.4662
07-SEP-2026,AURUS,4.94,4.84,0.0205,0.0301,0.0300,0.5731
07-SEP-2026,AUSOMENT,156.40,156.40,0.0000,0.0312,0.0311,0.5942
07-SEP-2026,AUSTENG,126.95,124.89,0.0164,0.0334,0.0334,0.6381
07-SEP-2026,AUTOAXLES,1666.73,1688.81,-0.0132,0.0190,0.0190,0.3630
07-SEP-2026,AUTOBEES,286.85,287.47,-0.0022,0.0125,0.0125,0.2388
07-SEP-2026,AUTOIETF,28.81,28.81,0.0000,0.0126,0.0126,0.2407
07-SEP-2026,AUTOIND,84.73,86.46,-0.0202,0.0334,0.0334,0.6381
07-SEP-2026,AVADHSUGAR,839.74,809.50,0.0367,0.0279,0.0279,0.5330
07-SEP-2026,AVALON,2352.60,2196.60,0.0686,0.0328,0.0330,0.6305
07-SEP-2026,AVANCE,0.84,0.82,0.0241,0.0308,0.0307,0.5865
07-SEP-2026,AVANTEL,156.74,154.95,0.0115,0.0278,0.0277,0.5292
07-SEP-2026,AVANTIFEED,786.58,798.63,-0.0152,0.0312,0.0311,0.5942
07-SEP-2026,AVG,165.04,166.03,-0.0060,0.0329,0.0329,0.6286
07-SEP-2026,AVL,599.25,600.04,-0.0013,0.0221,0.0220,0.4203
07-SEP-2026,AVONMORE,14.10,13.02,0.0797,0.0325,0.0330,0.6305
07-SEP-2026,AVROIND,8.50,8.71,-0.0244,0.0336,0.0336,0.6419
07-SEP-2026,AVTNPL,90.12,91.01,-0.0098,0.0227,0.0226,0.4318
07-SEP-2026,AWFIS,255.20,260.82,-0.0218,0.0276,0.0275,0.5254
07-SEP-2026,AWHCL,370.52,370.79,-0.0007,0.0271,0.0270,0.5158
07-SEP-2026,AWL,188.27,187.30,0.0052,0.0199,0.0198,0.3783
07-SEP-2026,AXISBANK,1266.01,1273.00,-0.0055,0.0150,0.0150,0.2866
07-SEP-2026,AXISCADES,1778.05,1711.60,0.0381,0.0311,0.0311,0.5942
07-SEP-2026,AXITA,8.00,8.01,-0.0012,0.0191,0.0191,0.3649
07-SEP-2026,AXTEL,391.25,393.54,-0.0058,0.0296,0.0295,0.5636
07-SEP-2026,AYE,184.06,184.80,-0.0040,0.0273,0.0272,0.5197
07-SEP-2026,AYMSYNTEX,315.18,310.77,0.0141,0.0298,0.0297,0.5674
07-SEP-2026,AZAD,2868.07,2777.25,0.0322,0.0271,0.0271,0.5177
07-SEP-2026,AZADIND,89.86,89.60,0.0029,0.0273,0.0273,0.5216
07-SEP-2026,BAFNAPH,302.50,296.23,0.0209,0.0335,0.0335,0.6400
07-SEP-2026,BAGFILMS,4.81,4.51,0.0644,0.0283,0.0286,0.5464
07-SEP-2026,BAGMANE,107.48,106.28,0.0112,0.0023,0.0025,0.0478
07-SEP-2026,BAIDFIN,10.86,10.12,0.0706,0.0265,0.0269,0.5139
07-SEP-2026,BAJAJ-AUTO,11799.97,11919.03,-0.0100,0.0153,0.0153,0.2923
07-SEP-2026,BAJAJCON,525.97,517.54,0.0162,0.0295,0.0295,0.5636
07-SEP-2026,BAJAJELEC,342.11,331.15,0.0326,0.0203,0.0204,0.3897
07-SEP-2026,BAJAJFINSV,1938.61,1970.01,-0.0161,0.0154,0.0154,0.2942
07-SEP-2026,BAJAJHCARE,328.80,321.46,0.0226,0.0300,0.0299,0.5712
07-SEP-2026,BAJAJHFL,84.04,83.07,0.0116,0.0145,0.0145,0.2770
07-SEP-2026,BAJAJHIND,22.77,21.86,0.0408,0.0276,0.0276,0.5273
07-SEP-2026,BAJAJHLDNG,10956.00,11162.00,-0.0186,0.0185,0.0185,0.3534
07-SEP-2026,BAJAJINDEF,222.19,222.69,-0.0022,0.0285,0.0284,0.5426
07-SEP-2026,BAJAJST,366.41,362.66,0.0103,0.0310,0.0309,0.5903
07-SEP-2026,BAJEL,187.45,183.81,0.0196,0.0277,0.0277,0.5292
07-SEP-2026,BAJFINANCE,1060.00,1060.50,-0.0005,0.0186,0.0185,0.3534
07-SEP-2026,BALAJEE,25.77,26.17,-0.0154,0.0241,0.0241,0.4604
07-SEP-2026,BALAJITELE,91.82,93.18,-0.0147,0.0324,0.0323,0.6171
07-SEP-2026,BALAMINES,2566.76,2525.27,0.0163,0.0330,0.0329,0.6286
07-SEP-2026,BALAXI,24.24,25.37,-0.0456,0.0298,0.0299,0.5712
07-SEP-2026,BALKRISHNA,16.96,17.09,-0.0076,0.0271,0.0270,0.5158
07-SEP-2026,BALKRISIND,2287.11,2284.55,0.0011,0.0209,0.0209,0.3993
07-SEP-2026,BALMLAWRIE,177.98,177.99,-0.0001,0.0181,0.0180,0.3439
07-SEP-2026,BALPHARMA,92.70,87.73,0.0551,0.0267,0.0269,0.5139
07-SEP-2026,BALRAMCHIN,711.53,690.54,0.0299,0.0260,0.0260,0.4967
07-SEP-2026,BALUFORGE,557.61,574.11,-0.0292,0.0333,0.0333,0.6362
07-SEP-2026,BANARBEADS,111.06,113.98,-0.0260,0.0269,0.0269,0.5139
07-SEP-2026,BANARISUG,3831.78,3803.24,0.0075,0.0180,0.0179,0.3420
07-SEP-2026,BANCOINDIA,626.47,623.49,0.0048,0.0297,0.0297,0.5674
07-SEP-2026,BANDHANBNK,164.67,164.95,-0.0017,0.0261,0.0261,0.4986
07-SEP-2026,BANG,34.62,34.79,-0.0049,0.0341,0.0341,0.6515
07-SEP-2026,BANK10ADD,16.91,16.93,-0.0012,0.0100,0.0100,0.1910
07-SEP-2026,BANK10BETF,20.75,20.83,-0.0038,0.0165,0.0164,0.3133
07-SEP-2026,BANKA,82.00,79.00,0.0373,0.0305,0.0306,0.5846
07-SEP-2026,BANKADD,58.71,58.99,-0.0048,0.0158,0.0157,0.2999
07-SEP-2026,BANKBARODA,237.00,239.00,-0.0084,0.0180,0.0179,0.3420
07-SEP-2026,BANKBEES,591.58,596.20,-0.0078,0.0098,0.0098,0.1872
07-SEP-2026,BANKBETA,59.04,59.57,-0.0089,0.0108,0.0108,0.2063
07-SEP-2026,BANKBETF,58.19,58.56,-0.0063,0.0101,0.0101,0.1930
07-SEP-2026,BANKETF,581.69,586.33,-0.0079,0.0100,0.0100,0.1910
07-SEP-2026,BANKIETF,58.68,59.14,-0.0078,0.0098,0.0098,0.1872
07-SEP-2026,BANKINDIA,142.02,145.00,-0.0208,0.0206,0.0206,0.3936
07-SEP-2026,BANKNIFTY1,59.33,59.71,-0.0064,0.0101,0.0101,0.1930
07-SEP-2026,BANKPSU,84.91,86.14,-0.0144,0.0141,0.0141,0.2694
07-SEP-2026,BANSALWIRE,317.38,315.02,0.0075,0.0232,0.0232,0.4432
07-SEP-2026,BANSWRAS,115.29,117.05,-0.0152,0.0249,0.0248,0.4738
07-SEP-2026,BASF,3787.99,3864.69,-0.0200,0.0207,0.0207,0.3955
07-SEP-2026,BASML,24.83,25.36,-0.0211,0.0292,0.0291,0.5560
07-SEP-2026,BATAINDIA,669.44,672.75,-0.0049,0.0190,0.0190,0.3630
07-SEP-2026,BATLIBOI,88.83,90.81,-0.0220,0.0354,0.0354,0.6763
07-SEP-2026,BAYERCROP,3987.43,3989.85,-0.0006,0.0150,0.0150,0.2866
07-SEP-2026,BBETF0432,1346.06,1342.30,0.0028,0.0025,0.0025,0.0478
07-SEP-2026,BBL,2239.07,2289.32,-0.0222,0.0256,0.0256,0.4891
07-SEP-2026,BBNPNBETF,57.53,58.30,-0.0133,0.0143,0.0143,0.2732
07-SEP-2026,BBNPPGOLD,146.60,148.70,-0.0142,0.0180,0.0180,0.3439
07-SEP-2026,BBOX,774.25,712.24,0.0835,0.0289,0.0294,0.5617
07-SEP-2026,BBTC,1471.98,1496.80,-0.0167,0.0223,0.0222,0.4241
07-SEP-2026,BBTCL,231.60,230.22,0.0060,0.0267,0.0266,0.5082
07-SEP-2026,BCG,9.62,8.98,0.0688,0.0384,0.0386,0.7375
07-SEP-2026,BCLIND,36.48,36.62,-0.0038,0.0260,0.0260,0.4967
07-SEP-2026,BCONCEPTS,173.98,167.33,0.0390,0.0327,0.0327,0.6247
07-SEP-2026,BCPL,68.30,68.45,-0.0022,0.0264,0.0263,0.5025
07-SEP-2026,BDL,1241.76,1255.07,-0.0107,0.0249,0.0249,0.4757
07-SEP-2026,BEARDSELL,24.99,25.31,-0.0127,0.0301,0.0300,0.5731
07-SEP-2026,BECTORFOOD,230.64,225.96,0.0205,0.0256,0.0256,0.4891
07-SEP-2026,BEDMUTHA,107.76,112.37,-0.0419,0.0254,0.0255,0.4872
07-SEP-2026,BEEKAY,428.44,418.97,0.0224,0.0261,0.0260,0.4967
07-SEP-2026,BEL,404.01,405.35,-0.0033,0.0171,0.0170,0.3248
07-SEP-2026,BELLACASA,240.94,242.85,-0.0079,0.0315,0.0314,0.5999
07-SEP-2026,BELRISE,230.21,236.87,-0.0285,0.0211,0.0212,0.4050
07-SEP-2026,BEML,2097.22,2057.67,0.0190,0.0264,0.0264,0.5044
07-SEP-2026,BENARAS,10172.29,10200.00,-0.0027,0.0141,0.0141,0.2694
07-SEP-2026,BENGALASM,6348.14,6319.30,0.0046,0.0165,0.0165,0.3152
07-SEP-2026,BEPL,126.84,127.50,-0.0052,0.0240,0.0239,0.4566
07-SEP-2026,BERGEPAINT,484.54,485.31,-0.0016,0.0177,0.0176,0.3362
07-SEP-2026,BESTAGRO,20.07,19.28,0.0402,0.0367,0.0367,0.7012
07-SEP-2026,BETA,2123.90,2218.50,-0.0436,0.0309,0.0309,0.5903
07-SEP-2026,BFINVEST,458.97,469.29,-0.0222,0.0245,0.0245,0.4681
07-SEP-2026,BFSI,26.97,27.17,-0.0074,0.0106,0.0106,0.2025
07-SEP-2026,BFUTILITIE,529.38,542.49,-0.0245,0.0297,0.0297,0.5674
07-SEP-2026,BGLOBAL,3.25,3.18,0.0218,0.0202,0.0202,0.3859
07-SEP-2026,BGRENERGY,258.46,246.22,0.0485,0.0338,0.0338,0.6457
07-SEP-2026,BHAGCHEM,260.73,264.61,-0.0148,0.0275,0.0274,0.5235
07-SEP-2026,BHAGERIA,319.85,304.65,0.0487,0.0307,0.0308,0.5884
07-SEP-2026,BHAGYANGR,373.34,370.45,0.0078,0.0366,0.0365,0.6973
07-SEP-2026,BHANDARI,2.98,3.03,-0.0166,0.0292,0.0291,0.5560
07-SEP-2026,BHARATCOAL,33.75,33.81,-0.0018,0.0199,0.0199,0.3802
07-SEP-2026,BHARATFORG,1954.99,1956.61,-0.0008,0.0196,0.0195,0.3725
07-SEP-2026,BHARATGEAR,102.78,102.95,-0.0017,0.0299,0.0298,0.5693
07-SEP-2026,BHARATRAS,1161.03,1171.84,-0.0093,0.0259,0.0259,0.4948
07-SEP-2026,BHARATSE,227.65,211.72,0.0725,0.0356,0.0359,0.6859
07-SEP-2026,BHARATWIRE,180.00,181.33,-0.0074,0.0318,0.0317,0.6056
07-SEP-2026,BHARTIARTL,1854.00,1840.00,0.0076,0.0133,0.0133,0.2541
07-SEP-2026,BHARTIHEXA,1528.68,1495.40,0.0220,0.0192,0.0192,0.3668
07-SEP-2026,BHEL,421.45,431.39,-0.0233,0.0237,0.0237,0.4528
07-SEP-2026,BI,100.64,95.85,0.0488,0.0370,0.0371,0.7088
07-SEP-2026,BIGBLOC,41.43,41.92,-0.0118,0.0310,0.0310,0.5923
07-SEP-2026,BIKAJI,580.25,584.18,-0.0068,0.0168,0.0167,0.3191
07-SEP-2026,BIL,931.17,907.93,0.0253,0.0281,0.0281,0.5368
07-SEP-2026,BILVYAPAR,4.07,4.04,0.0074,0.0301,0.0300,0.5731
07-SEP-2026,BIMETAL,620.04,635.00,-0.0238,0.0225,0.0225,0.4299
07-SEP-2026,BIOCON,391.42,397.39,-0.0151,0.0176,0.0176,0.3362
07-SEP-2026,BIOFILCHEM,32.04,32.00,0.0012,0.0297,0.0296,0.5655
07-SEP-2026,BIRET,341.27,341.79,-0.0015,0.0098,0.0098,0.1872
07-SEP-2026,BIRLACABLE,357.47,376.54,-0.0520,0.0342,0.0343,0.6553
07-SEP-2026,BIRLACORPN,868.19,887.40,-0.0219,0.0215,0.0215,0.4108
07-SEP-2026,BIRLAMONEY,125.96,126.36,-0.0032,0.0266,0.0265,0.5063
07-SEP-2026,BIRLANU,1448.96,1448.00,0.0007,0.0253,0.0253,0.4834
07-SEP-2026,BIRLAPREC,58.11,57.92,0.0033,0.0386,0.0385,0.7355
07-SEP-2026,BIUL,52.35,52.35,0.0000,0.0296,0.0295,0.5636
07-SEP-2026,BLACKBUCK,583.56,586.10,-0.0043,0.0250,0.0249,0.4757
07-SEP-2026,BLACKROSE,111.21,112.60,-0.0124,0.0288,0.0288,0.5502
07-SEP-2026,BLAL,158.98,160.88,-0.0119,0.0187,0.0187,0.3573
07-SEP-2026,BLBLIMITED,16.87,16.69,0.0107,0.0276,0.0276,0.5273
07-SEP-2026,BLEL,478.30,453.11,0.0541,0.0073,0.0083,0.1586
07-SEP-2026,BLIL,72.80,72.53,0.0037,0.0140,0.0140,0.2675
07-SEP-2026,BLISSGVS,691.39,670.99,0.0299,0.0356,0.0356,0.6801
07-SEP-2026,BLKASHYAP,56.84,59.34,-0.0430,0.0294,0.0295,0.5636
07-SEP-2026,BLS,239.17,238.77,0.0017,0.0282,0.0281,0.5368
07-SEP-2026,BLSE,319.43,320.07,-0.0020,0.0265,0.0264,0.5044
07-SEP-2026,BLUECHIP,2.10,2.14,-0.0189,0.0703,0.0701,1.3393
07-SEP-2026,BLUECLOUDS,19.70,19.88,-0.0091,0.0405,0.0404,0.7718
07-SEP-2026,BLUECOAST,22.44,22.08,0.0162,0.0487,0.0486,0.9285
07-SEP-2026,BLUEDART,4988.68,4991.54,-0.0006,0.0182,0.0181,0.3458
07-SEP-2026,BLUEJET,569.07,569.77,-0.0012,0.0298,0.0297,0.5674
07-SEP-2026,BLUESTARCO,1496.55,1483.94,0.0085,0.0209,0.0208,0.3974
07-SEP-2026,BLUESTONE,869.99,842.74,0.0318,0.0278,0.0278,0.5311
07-SEP-2026,BLUSPRING,137.19,138.98,-0.0130,0.0335,0.0335,0.6400
07-SEP-2026,BMWVENTLTD,55.21,55.33,-0.0022,0.0188,0.0187,0.3573
07-SEP-2026,BNAGROCHEM,212.69,216.16,-0.0162,0.0344,0.0343,0.6553
07-SEP-2026,BNALTD,373.45,360.00,0.0367,0.0381,0.0381,0.7279
07-SEP-2026,BNKETFAXIS,588.11,592.50,-0.0074,0.0099,0.0099,0.1891
07-SEP-2026,BODALCHEM,171.18,155.61,0.0954,0.0326,0.0332,0.6343
07-SEP-2026,BOHRAIND,12.51,12.70,-0.0151,0.0315,0.0314,0.5999
07-SEP-2026,BOMDYEING,112.21,113.47,-0.0112,0.0258,0.0258,0.4929
07-SEP-2026,BONLON,40.19,40.14,0.0012,0.0347,0.0347,0.6629
07-SEP-2026,BORANA,325.23,307.53,0.0560,0.0225,0.0228,0.4356
07-SEP-2026,BOROLTD,254.24,258.89,-0.0181,0.0243,0.0242,0.4623
07-SEP-2026,BORORENEW,513.70,499.15,0.0287,0.0257,0.0257,0.4910
07-SEP-2026,BOROSCI,130.65,132.16,-0.0115,0.0263,0.0262,0.5006
07-SEP-2026,BOSCH-HCIL,1849.20,1819.05,0.0164,0.0234,0.0233,0.4451
07-SEP-2026,BOSCHLTD,48025.00,46819.67,0.0254,0.0175,0.0175,0.3343
07-SEP-2026,BPCL,312.89,315.70,-0.0089,0.0185,0.0185,0.3534
07-SEP-2026,BPL,48.77,49.38,-0.0124,0.0307,0.0306,0.5846
07-SEP-2026,BPLPHARMA,1548.70,1532.79,0.0103,0.0287,0.0287,0.5483
07-SEP-2026,BRAHMINFRA,158.66,164.08,-0.0336,0.0285,0.0286,0.5464
07-SEP-2026,BRIGADE,679.10,696.10,-0.0247,0.0240,0.0240,0.4585
07-SEP-2026,BRIGHOTEL,57.34,59.23,-0.0324,0.0129,0.0131,0.2503
07-SEP-2026,BRIGHTBR,259.35,254.49,0.0189,0.0342,0.0342,0.6534
07-SEP-2026,BRITANNIA,5042.49,5101.51,-0.0116,0.0127,0.0127,0.2426
07-SEP-2026,BRNL,17.09,17.12,-0.0018,0.0262,0.0261,0.4986
07-SEP-2026,BROOKS,67.71,65.99,0.0257,0.0392,0.0391,0.7470
07-SEP-2026,BSE,3446.20,3409.80,0.0106,0.0273,0.0272,0.5197
07-SEP-2026,BSE500IETF,39.26,39.33,-0.0018,0.0086,0.0086,0.1643
07-SEP-2026,BSHSL,92.51,91.48,0.0112,0.0289,0.0288,0.5502
07-SEP-2026,BSL,122.65,123.58,-0.0076,0.0271,0.0270,0.5158
07-SEP-2026,BSLGOLDETF,133.82,135.36,-0.0114,0.0167,0.0167,0.3191
07-SEP-2026,BSLNIFTY,27.93,28.14,-0.0075,0.0079,0.0079,0.1509
07-SEP-2026,BSLSENETFG,78.72,77.52,0.0154,0.0089,0.0089,0.1700
07-SEP-2026,BSOFT,282.49,289.35,-0.0240,0.0234,0.0234,0.4471
07-SEP-2026,BTML,8.50,8.51,-0.0012,0.0366,0.0365,0.6973
07-SEP-2026,BTTL,41.48,41.53,-0.0012,0.0371,0.0370,0.7069
07-SEP-2026,BUILDPRO,1271.36,1298.13,-0.0208,0.0256,0.0256,0.4891
07-SEP-2026,BURNPUR,20.49,21.56,-0.0509,0.0824,0.0823,1.5723
07-SEP-2026,BUTTERFLY,614.88,624.85,-0.0161,0.0256,0.0256,0.4891
07-SEP-2026,BVCL,42.30,43.51,-0.0282,0.0317,0.0317,0.6056
07-SEP-2026,BYKE,32.00,32.11,-0.0034,0.0309,0.0309,0.5903
07-SEP-2026,CALSOFT,38.88,40.85,-0.0494,0.0383,0.0384,0.7336
07-SEP-2026,CAMLINFINE,101.69,103.13,-0.0141,0.0361,0.0360,0.6878
07-SEP-2026,CAMPUS,218.77,223.23,-0.0202,0.0182,0.0182,0.3477
07-SEP-2026,CAMS,736.72,748.60,-0.0160,0.0201,0.0201,0.3840
07-SEP-2026,CANBK,124.00,125.50,-0.0120,0.0190,0.0189,0.3611
07-SEP-2026,CANFINHOME,805.45,807.37,-0.0024,0.0174,0.0174,0.3324
07-SEP-2026,CANHLIFE,153.97,157.21,-0.0208,0.0153,0.0153,0.2923
07-SEP-2026,CANTABIL,238.83,243.00,-0.0173,0.0240,0.0240,0.4585
07-SEP-2026,CAPACITE,205.80,216.24,-0.0495,0.0283,0.0284,0.5426
07-SEP-2026,CAPFIN,10.00,10.00,0.0000,0.0000,0.0000,0.0000
07-SEP-2026,CAPILLARY,473.81,489.95,-0.0335,0.0218,0.0219,0.4184
07-SEP-2026,CAPINVIT,76.85,76.65,0.0026,0.0070,0.0070,0.1337
07-SEP-2026,CAPITALSFB,277.91,280.76,-0.0102,0.0168,0.0168,0.3210
07-SEP-2026,CAPLIPOINT,2813.98,2810.75,0.0011,0.0235,0.0234,0.4471
07-SEP-2026,CAPTRUST,19.89,20.75,-0.0423,0.0338,0.0338,0.6457
07-SEP-2026,CARBORUNIV,1104.02,1130.62,-0.0238,0.0215,0.0215,0.4108
07-SEP-2026,CARERATING,1729.39,1738.22,-0.0051,0.0208,0.0207,0.3955
07-SEP-2026,CARRARO,540.47,533.69,0.0126,0.0274,0.0273,0.5216
07-SEP-2026,CARTRADE,3179.94,3000.25,0.0582,0.0332,0.0334,0.6381
07-SEP-2026,CARYSIL,1152.57,1140.78,0.0103,0.0286,0.0285,0.5445
07-SEP-2026,CASHIETF,1078.48,1078.38,0.0001,0.0002,0.0002,0.0038
07-SEP-2026,CASTLE,25.35,25.35,0.0000,0.0000,0.0000,0.0000
07-SEP-2026,CASTROLIND,189.01,190.27,-0.0066,0.0136,0.0136,0.2598
07-SEP-2026,CCAVENUE,15.94,15.70,0.0152,0.0252,0.0252,0.4814
07-SEP-2026,CCCL,14.14,14.28,-0.0099,0.0536,0.0535,1.0221
07-SEP-2026,CCHHL,12.65,12.61,0.0032,0.0249,0.0249,0.4757
07-SEP-2026,CCL,1097.30,1106.22,-0.0081,0.0210,0.0209,0.3993
07-SEP-2026,CDSL,1414.90,1394.60,0.0145,0.0214,0.0213,0.4069
07-SEP-2026,CEATLTD,3336.16,3333.07,0.0009,0.0234,0.0234,0.4471
07-SEP-2026,CEIGALL,370.27,355.81,0.0398,0.0196,0.0197,0.3764
07-SEP-2026,CEINSYS,708.76,677.87,0.0446,0.0337,0.0337,0.6438
07-SEP-2026,CELEBRITY,6.72,6.80,-0.0118,0.0308,0.0308,0.5884
07-SEP-2026,CELLO,338.95,342.03,-0.0090,0.0210,0.0209,0.3993
07-SEP-2026,CEMNTGROWW,14.54,14.66,-0.0082,0.0040,0.0040,0.0764
07-SEP-2026,CEMPRO,1316.85,1297.38,0.0149,0.0327,0.0326,0.6228
07-SEP-2026,CENTENKA,607.08,608.87,-0.0029,0.0246,0.0246,0.4700
07-SEP-2026,CENTEXT,20.93,20.18,0.0365,0.0344,0.0345,0.6591
07-SEP-2026,CENTRALBK,30.96,31.08,-0.0039,0.0204,0.0203,0.3878
07-SEP-2026,CENTRUM,22.47,22.54,-0.0031,0.0322,0.0322,0.6152
07-SEP-2026,CENTUM,4377.01,3767.35,0.1500,0.0314,0.0331,0.6324
07-SEP-2026,CENTURYPLY,738.62,748.43,-0.0132,0.0177,0.0177,0.3382
07-SEP-2026,CERA,5743.38,5786.01,-0.0074,0.0189,0.0189,0.3611
07-SEP-2026,CEREBRAINT,2.81,2.69,0.0436,0.0296,0.0297,0.5674
07-SEP-2026,CESC,145.44,146.50,-0.0073,0.0186,0.0186,0.3554
07-SEP-2026,CEWATER,265.22,262.55,0.0101,0.0307,0.0306,0.5846
07-SEP-2026,CFEL,32.48,32.48,0.0000,0.0390,0.0389,0.7432
07-SEP-2026,CGCL,275.69,279.93,-0.0153,0.0257,0.0256,0.4891
07-SEP-2026,CGPOWER,895.07,891.03,0.0045,0.0221,0.0221,0.4222
07-SEP-2026,CGVAK,147.16,148.18,-0.0069,0.0294,0.0293,0.5598
07-SEP-2026,CHALET,908.76,896.75,0.0133,0.0187,0.0187,0.3573
07-SEP-2026,CHAMBLFERT,418.06,419.05,-0.0024,0.0192,0.0192,0.3668
07-SEP-2026,CHEMBOND,184.40,170.79,0.0767,0.0294,0.0299,0.5712
07-SEP-2026,CHEMBONDCH,268.85,254.47,0.0550,0.0320,0.0322,0.6152
07-SEP-2026,CHEMCON,199.49,198.39,0.0055,0.0266,0.0265,0.5063
07-SEP-2026,CHEMCRUX,82.25,82.16,0.0011,0.0291,0.0290,0.5540
07-SEP-2026,CHEMFAB,356.05,360.10,-0.0113,0.0271,0.0271,0.5177
07-SEP-2026,CHEMICAL,30.05,30.20,-0.0050,0.0095,0.0095,0.1815
07-SEP-2026,CHEMPLASTS,185.53,170.29,0.0857,0.0280,0.0286,0.5464
07-SEP-2026,CHENNPETRO,1430.19,1452.16,-0.0152,0.0313,0.0313,0.5980
07-SEP-2026,CHEVIOT,1216.75,1159.39,0.0483,0.0177,0.0179,0.3420
07-SEP-2026,CHOICEGOLD,150.14,152.66,-0.0166,0.0139,0.0139,0.2656
07-SEP-2026,CHOICEIN,755.65,760.95,-0.0070,0.0192,0.0192,0.3668
07-SEP-2026,CHOLAFIN,1848.12,1839.00,0.0049,0.0209,0.0209,0.3993
07-SEP-2026,CHOLAHLDNG,1520.70,1525.69,-0.0033,0.0229,0.0229,0.4375
07-SEP-2026,CIEINDIA,383.55,385.35,-0.0047,0.0192,0.0192,0.3668
07-SEP-2026,CIFL,19.89,19.98,-0.0045,0.0269,0.0268,0.5120
07-SEP-2026,CINELINE,98.70,95.23,0.0358,0.0257,0.0257,0.4910
07-SEP-2026,CINEVISTA,14.25,14.42,-0.0119,0.0309,0.0308,0.5884
07-SEP-2026,CIPLA,1395.00,1385.00,0.0072,0.0135,0.0135,0.2579
07-SEP-2026,CITIUSINVT,116.22,116.37,-0.0013,0.0036,0.0036,0.0688
07-SEP-2026,CITYGOLD,10.00,10.00,0.0000,0.0000,0.0000,0.0000
07-SEP-2026,CLCIND,48.90,47.48,0.0295,0.1489,0.1485,2.8371
07-SEP-2026,CLEAN,844.36,836.17,0.0097,0.0207,0.0207,0.3955
07-SEP-2026,CLEANMAX,1380.42,1347.88,0.0239,0.0234,0.0234,0.4471
07-SEP-2026,CLEDUCATE,60.97,58.08,0.0486,0.0324,0.0325,0.6209
07-SEP-2026,CLSEL,299.65,301.90,-0.0075,0.0278,0.0277,0.5292
07-SEP-2026,CMICABLES,2.51,2.54,-0.0119,0.0218,0.0218,0.4165
07-SEP-2026,CMLL,490.25,503.06,-0.0258,0.0115,0.0117,0.2235
07-SEP-2026,CMPDI,240.12,243.93,-0.0157,0.0194,0.0194,0.3706
07-SEP-2026,CMRGREEN,221.05,228.31,-0.0323,0.0114,0.0116,0.2216
07-SEP-2026,CMSINFO,239.02,243.47,-0.0184,0.0186,0.0186,0.3554
07-SEP-2026,CNL,1209.16,1215.46,-0.0052,0.0282,0.0282,0.5388
07-SEP-2026,COALINDIA,418.83,415.35,0.0083,0.0147,0.0147,0.2808
07-SEP-2026,COASTCORP,40.44,41.86,-0.0345,0.0331,0.0331,0.6324
07-SEP-2026,COCHINSHIP,1506.43,1499.19,0.0048,0.0258,0.0257,0.4910
07-SEP-2026,COCKERILL,8066.86,8193.75,-0.0156,0.0363,0.0362,0.6916
07-SEP-2026,COFFEEDAY,31.13,32.84,-0.0535,0.0350,0.0351,0.6706
07-SEP-2026,COFORGE,1935.00,1972.76,-0.0193,0.0244,0.0244,0.4662
07-SEP-2026,COHANCE,449.54,456.60,-0.0156,0.0294,0.0293,0.5598
07-SEP-2026,COLPAL,1813.50,1829.22,-0.0086,0.0155,0.0155,0.2961
07-SEP-2026,COMFINTE,6.12,6.20,-0.0130,0.0309,0.0308,0.5884
07-SEP-2026,COMMOIETF,99.07,100.32,-0.0125,0.0099,0.0099,0.1891
07-SEP-2026,COMPEAU,354.84,372.11,-0.0475,0.0224,0.0226,0.4318
07-SEP-2026,COMPINFO,1.06,1.08,-0.0187,0.0293,0.0293,0.5598
07-SEP-2026,COMPUSOFT,13.16,13.02,0.0107,0.0267,0.0266,0.5082
07-SEP-2026,COMSYN,294.18,301.32,-0.0240,0.0329,0.0329,0.6286
07-SEP-2026,CONCOR,503.90,507.93,-0.0080,0.0184,0.0184,0.3515
07-SEP-2026,CONCORDBIO,1443.18,1416.76,0.0185,0.0258,0.0258,0.4929
07-SEP-2026,CONFIPET,82.18,82.48,-0.0036,0.0360,0.0359,0.6859
07-SEP-2026,CONS,11.93,11.98,-0.0042,0.0096,0.0096,0.1834
07-SEP-2026,CONSOFINVT,302.70,288.30,0.0487,0.0249,0.0251,0.4795
07-SEP-2026,CONSUMAXIS,119.07,119.02,0.0004,0.0097,0.0097,0.1853
07-SEP-2026,CONSUMBEES,129.07,129.78,-0.0055,0.0088,0.0088,0.1681
07-SEP-2026,CONSUMER,11.95,12.03,-0.0067,0.0105,0.0105,0.2006
07-SEP-2026,CONSUMIETF,119.81,120.67,-0.0072,0.0087,0.0087,0.1662
07-SEP-2026,CONTROLPR,600.16,593.12,0.0118,0.0240,0.0239,0.4566
07-SEP-2026,CORALFINAC,32.68,33.47,-0.0239,0.0256,0.0256,0.4891
07-SEP-2026,CORDELIA,109.08,103.90,0.0487,0.0178,0.0181,0.3458
07-SEP-2026,CORDSCABLE,313.32,317.09,-0.0120,0.0326,0.0325,0.6209
07-SEP-2026,COROMANDEL,1974.56,1938.79,0.0183,0.0195,0.0194,0.3706
07-SEP-2026,CORONA,2071.58,2100.09,-0.0137,0.0154,0.0154,0.2942
07-SEP-2026,COSMOFIRST,926.33,926.33,0.0000,0.0276,0.0275,0.5254
07-SEP-2026,COUNCODOS,6.51,6.51,0.0000,0.0340,0.0339,0.6477
07-SEP-2026,CPCAP,135.89,128.33,0.0572,0.0283,0.0285,0.5445
07-SEP-2026,CPEDU,195.36,191.97,0.0175,0.0267,0.0266,0.5082
07-SEP-2026,CPL,62.22,62.15,0.0011,0.0267,0.0266,0.5082
07-SEP-2026,CPPLUS,3752.98,3704.67,0.0130,0.0241,0.0240,0.4585
07-SEP-2026,CPSEETF,93.46,93.72,-0.0028,0.0102,0.0101,0.1930
07-SEP-2026,CRAFTSMAN,11296.92,11398.48,-0.0089,0.0229,0.0229,0.4375
07-SEP-2026,CRAMC,249.24,251.50,-0.0090,0.0197,0.0196,0.3745
07-SEP-2026,CRAVATEX,323.44,332.33,-0.0271,0.0284,0.0284,0.5426
07-SEP-2026,CREATIVEYE,6.18,6.19,-0.0016,0.0357,0.0356,0.6801
07-SEP-2026,CRED,12.00,12.00,0.0000,0.0029,0.0029,0.0554
07-SEP-2026,CREDITACC,1427.17,1443.02,-0.0110,0.0252,0.0252,0.4814
07-SEP-2026,CREST,370.65,359.00,0.0319,0.0227,0.0228,0.4356
07-SEP-2026,CRISIL,4786.52,4802.08,-0.0032,0.0182,0.0182,0.3477
07-SEP-2026,CRIZAC,162.15,160.29,0.0115,0.0233,0.0232,0.4432
07-SEP-2026,CROMPTON,230.89,232.56,-0.0072,0.0190,0.0189,0.3611
07-SEP-2026,CROWN,115.39,112.84,0.0223,0.0302,0.0302,0.5770
07-SEP-2026,CRSL,2.63,2.73,-0.0373,0.0363,0.0363,0.6935
07-SEP-2026,CSBBANK,321.14,328.54,-0.0228,0.0256,0.0256,0.4891
07-SEP-2026,CSLFINANCE,243.58,251.72,-0.0329,0.0242,0.0243,0.4643
07-SEP-2026,CSM,93.54,94.31,-0.0082,0.0115,0.0115,0.2197
07-SEP-2026,CTE,42.03,41.85,0.0043,0.0343,0.0342,0.6534
07-SEP-2026,CUB,238.49,236.02,0.0104,0.0231,0.0230,0.4394
07-SEP-2026,CUBEINVIT,157.38,157.49,-0.0007,0.0095,0.0095,0.1815
07-SEP-2026,CUBEXTUB,76.24,76.84,-0.0078,0.0325,0.0324,0.6190
07-SEP-2026,CUMMINSIND,5029.84,5035.00,-0.0010,0.0183,0.0182,0.3477
07-SEP-2026,CUPID,280.94,283.15,-0.0078,0.0344,0.0343,0.6553
07-SEP-2026,CURAA,78.18,72.46,0.0760,0.0386,0.0388,0.7413
07-SEP-2026,CYBERMEDIA,26.56,26.41,0.0057,0.0378,0.0377,0.7203
07-SEP-2026,CYBERTECH,134.02,133.33,0.0052,0.0304,0.0304,0.5808
07-SEP-2026,CYIENT,1105.42,1101.79,0.0033,0.0229,0.0228,0.4356
07-SEP-2026,CYIENTDLM,865.31,856.93,0.0097,0.0272,0.0271,0.5177
07-SEP-2026,DABUR,375.50,380.88,-0.0142,0.0142,0.0142,0.2713
07-SEP-2026,DAICHI,369.22,364.80,0.0120,0.0270,0.0270,0.5158
07-SEP-2026,DALBHARAT,1713.90,1749.29,-0.0204,0.0175,0.0175,0.3343
07-SEP-2026,DALMIARF,154.00,154.00,0.0000,0.0060,0.0059,0.1127
07-SEP-2026,DALMIASUG,447.87,438.54,0.0211,0.0284,0.0283,0.5407
07-SEP-2026,DAMCAPITAL,143.36,144.89,-0.0106,0.0262,0.0262,0.5006
07-SEP-2026,DAMODARIND,29.30,28.45,0.0294,0.0276,0.0276,0.5273
07-SEP-2026,DANGEE,2.89,2.94,-0.0172,0.0321,0.0320,0.6114
07-SEP-2026,DATAMATICS,756.30,764.91,-0.0113,0.0277,0.0276,0.5273
07-SEP-2026,DATAPATTNS,4590.79,4584.63,0.0013,0.0320,0.0319,0.6094
07-SEP-2026,DAVANGERE,1.96,1.96,0.0000,0.0329,0.0328,0.6266
07-SEP-2026,DBCORP,195.24,195.65,-0.0021,0.0196,0.0195,0.3725
07-SEP-2026,DBEIL,7.50,6.42,0.1555,0.0277,0.0297,0.5674
07-SEP-2026,DBL,391.86,401.00,-0.0231,0.0234,0.0234,0.4471
07-SEP-2026,DBOL,127.52,124.98,0.0201,0.0270,0.0270,0.5158
07-SEP-2026,DBREALTY,100.85,102.57,-0.0169,0.0325,0.0324,0.6190
07-SEP-2026,DBSTOCKBRO,28.61,28.63,-0.0007,0.0260,0.0259,0.4948
07-SEP-2026,DCAL,171.52,174.38,-0.0165,0.0334,0.0333,0.6362
07-SEP-2026,DCBBANK,221.31,220.73,0.0026,0.0231,0.0231,0.4413
07-SEP-2026,DCI,351.25,350.59,0.0019,0.0331,0.0330,0.6305
07-SEP-2026,DCM,76.15,77.01,-0.0112,0.0267,0.0266,0.5082
07-SEP-2026,DCMFINSERV,5.33,5.20,0.0247,0.0338,0.0337,0.6438
07-SEP-2026,DCMNVL,183.01,184.99,-0.0108,0.0295,0.0294,0.5617
07-SEP-2026,DCMSHRIRAM,1011.24,1020.90,-0.0095,0.0202,0.0201,0.3840
07-SEP-2026,DCMSIL,67.49,68.77,-0.0188,0.0296,0.0296,0.5655
07-SEP-2026,DCMSRIND,44.53,44.91,-0.0085,0.0280,0.0279,0.5330
07-SEP-2026,DCW,47.99,45.98,0.0428,0.0288,0.0288,0.5502
07-SEP-2026,DCXINDIA,173.66,168.83,0.0282,0.0292,0.0292,0.5579
07-SEP-2026,DDEVPLSTIK,274.75,273.00,0.0064,0.0286,0.0285,0.5445
07-SEP-2026,DECCANCE,573.15,569.74,0.0060,0.0239,0.0239,0.4566
07-SEP-2026,DECNGOLD,215.77,213.80,0.0092,0.0403,0.0402,0.7680
07-SEP-2026,DEEDEV,677.04,658.28,0.0281,0.0335,0.0335,0.6400
07-SEP-2026,DEEP,35.34,34.99,0.0100,0.0341,0.0340,0.6496
07-SEP-2026,DEEPAKFERT,1344.19,1362.09,-0.0132,0.0266,0.0265,0.5063
07-SEP-2026,DEEPAKNTR,1642.05,1712.39,-0.0419,0.0189,0.0191,0.3649
07-SEP-2026,DEEPINDS,785.21,786.47,-0.0016,0.0303,0.0303,0.5789
07-SEP-2026,DEFENCE,82.04,81.99,0.0006,0.0099,0.0099,0.1891
07-SEP-2026,DELHISAFE,48.80,48.80,0.0000,0.0000,0.0000,0.0000
07-SEP-2026,DELHIVERY,453.77,457.90,-0.0091,0.0198,0.0198,0.3783
07-SEP-2026,DELPHIFX,6.01,6.05,-0.0066,0.0374,0.0373,0.7126
07-SEP-2026,DELTACORP,56.20,56.12,0.0014,0.0292,0.0291,0.5560
07-SEP-2026,DELTAMAGNT,58.38,58.40,-0.0003,0.0292,0.0292,0.5579
07-SEP-2026,DEN,27.90,27.97,-0.0025,0.0217,0.0217,0.4146
07-SEP-2026,DENIMDL,1.10,1.10,0.0000,0.0000,0.0000,0.0000
07-SEP-2026,DENORA,814.35,812.29,0.0025,0.0274,0.0273,0.5216
07-SEP-2026,DENTA,280.64,275.39,0.0189,0.0299,0.0298,0.5693
07-SEP-2026,DEVIT,24.26,24.19,0.0029,0.0322,0.0321,0.6133
07-SEP-2026,DEVRUPTRAD,10.00,10.00,0.0000,0.0000,0.0000,0.0000
07-SEP-2026,DEVX,33.01,33.29,-0.0084,0.0221,0.0220,0.4203
07-SEP-2026,DEVYANI,138.79,139.28,-0.0035,0.0240,0.0240,0.4585
07-SEP-2026,DEWANHOUS,16.70,16.70,0.0000,0.0024,0.0024,0.0459
07-SEP-2026,DGCONTENT,24.55,24.83,-0.0113,0.0314,0.0314,0.5999
07-SEP-2026,DHABRIYA,497.70,503.80,-0.0122,0.0337,0.0336,0.6419
07-SEP-2026,DHAMPURSUG,171.24,167.59,0.0215,0.0247,0.0247,0.4719
07-SEP-2026,DHANBANK,31.36,31.86,-0.0158,0.0259,0.0259,0.4948
07-SEP-2026,DHANUKA,1023.70,1010.65,0.0128,0.0204,0.0204,0.3897
07-SEP-2026,DHARAN,0.13,0.13,0.0000,0.0578,0.0576,1.1004
07-SEP-2026,DHARMAJ,270.05,270.05,0.0000,0.0236,0.0235,0.4490
07-SEP-2026,DHATRE,4.59,4.38,0.0468,0.0319,0.0320,0.6114
07-SEP-2026,DHOOTTRANS,1551.54,1615.29,-0.0403,0.0118,0.0121,0.2312
07-SEP-2026,DHRUV,22.98,22.32,0.0291,0.0306,0.0306,0.5846
07-SEP-2026,DHUNINV,1036.50,1019.15,0.0169,0.0297,0.0297,0.5674
07-SEP-2026,DIACABS,332.68,331.89,0.0024,0.0310,0.0309,0.5903
07-SEP-2026,DIAMINESQ,242.09,244.54,-0.0101,0.0263,0.0262,0.5006
07-SEP-2026,DIAMONDYD,1142.18,1158.30,-0.0140,0.0222,0.0221,0.4222
07-SEP-2026,DICIND,625.37,618.40,0.0112,0.0230,0.0230,0.4394
07-SEP-2026,DIFFNKG,454.42,474.94,-0.0442,0.0307,0.0308,0.5884
07-SEP-2026,DIGIDRIVE,17.75,17.65,0.0056,0.0249,0.0248,0.4738
07-SEP-2026,DIGISPICE,16.97,16.98,-0.0006,0.0267,0.0266,0.5082
07-SEP-2026,DIGITIDE,95.77,97.01,-0.0129,0.0299,0.0299,0.5712
07-SEP-2026,DIGJAMLMTD,49.94,49.96,-0.0004,0.0279,0.0279,0.5330
07-SEP-2026,DISAQ,11758.00,11990.39,-0.0196,0.0183,0.0183,0.3496
07-SEP-2026,DISHTV,2.52,2.57,-0.0196,0.0307,0.0306,0.5846
07-SEP-2026,DIVGIITTS,1175.92,1235.67,-0.0496,0.0279,0.0281,0.5368
07-SEP-2026,DIVIDEND,35.32,35.62,-0.0085,0.0072,0.0072,0.1376
07-SEP-2026,DIVISLAB,9314.73,9100.00,0.0233,0.0159,0.0159,0.3038
07-SEP-2026,DIVOPPBEES,76.06,76.77,-0.0093,0.0083,0.0083,0.1586
07-SEP-2026,DIXON,14179.07,14240.34,-0.0043,0.0244,0.0244,0.4662
07-SEP-2026,DJML,75.11,75.64,-0.0070,0.0359,0.0359,0.6859
07-SEP-2026,DLF,672.70,681.89,-0.0136,0.0195,0.0195,0.3725
07-SEP-2026,DLINKINDIA,445.69,451.15,-0.0122,0.0227,0.0226,0.4318
07-SEP-2026,DMART,3709.56,3770.00,-0.0162,0.0163,0.0163,0.3114
07-SEP-2026,DMCC,293.28,293.40,-0.0004,0.0308,0.0308,0.5884
07-SEP-2026,DNAMEDIA,2.64,2.63,0.0038,0.0319,0.0318,0.6075
07-SEP-2026,DODLA,1073.18,1066.86,0.0059,0.0203,0.0202,0.3859
07-SEP-2026,DOLATALGO,70.00,70.89,-0.0126,0.0243,0.0243,0.4643
07-SEP-2026,DOLLAR,262.07,264.25,-0.0083,0.0236,0.0236,0.4509
07-SEP-2026,DOLPHIN,720.35,674.01,0.0665,0.0489,0.0490,0.9361
07-SEP-2026,DOMS,2201.44,2208.68,-0.0033,0.0187,0.0187,0.3573
07-SEP-2026,DONEAR,89.10,92.30,-0.0353,0.0239,0.0239,0.4566
07-SEP-2026,DPABHUSHAN,1424.61,1414.08,0.0074,0.0282,0.0281,0.5368
07-SEP-2026,DPSCLTD,7.18,7.09,0.0126,0.0241,0.0240,0.4585
07-SEP-2026,DPWIRES,155.98,152.63,0.0217,0.0292,0.0291,0.5560
07-SEP-2026,DRAGARWQ,5322.93,5421.76,-0.0184,0.0202,0.0202,0.3859
07-SEP-2026,DRCSYSTEMS,13.25,13.67,-0.0312,0.0287,0.0287,0.5483
07-SEP-2026,DREAMFOLKS,65.93,66.88,-0.0143,0.0282,0.0282,0.5388
07-SEP-2026,DREDGECORP,1054.28,1087.73,-0.0312,0.0351,0.0351,0.6706
07-SEP-2026,DRREDDY,1144.21,1151.02,-0.0059,0.0145,0.0144,0.2751
07-SEP-2026,DSFCL,26.01,25.81,0.0077,0.0228,0.0228,0.4356
07-SEP-2026,DSKULKARNI,19.80,19.42,0.0194,0.0324,0.0324,0.6190
07-SEP-2026,DSSL,1040.47,1053.47,-0.0124,0.0338,0.0337,0.6438
07-SEP-2026,DTIL,146.08,150.61,-0.0305,0.0284,0.0285,0.5445
07-SEP-2026,DUCON,1.79,1.92,-0.0701,0.0357,0.0360,0.6878
07-SEP-2026,DUCON-RE1,0.43,0.39,0.0976,0.0361,0.0367,0.7012
07-SEP-2026,DVL,297.96,290.02,0.0270,0.0258,0.0258,0.4929
07-SEP-2026,DWARKESH,47.38,47.31,0.0015,0.0286,0.0285,0.5445
07-SEP-2026,DYCL,461.05,487.90,-0.0566,0.0377,0.0378,0.7222
07-SEP-2026,DYNAMATECH,11569.27,11654.11,-0.0073,0.0272,0.0272,0.5197
07-SEP-2026,DYNPRO,233.77,236.05,-0.0097,0.0286,0.0285,0.5445
07-SEP-2026,E2E,630.13,601.62,0.0463,0.0357,0.0357,0.6820
07-SEP-2026,EASEMYTRIP,6.01,6.00,0.0017,0.0323,0.0322,0.6152
07-SEP-2026,EASTSILK,58.47,61.00,-0.0424,0.1022,0.1020,1.9487
07-SEP-2026,EASTWEST,2.35,2.36,-0.0042,0.0328,0.0327,0.6247
07-SEP-2026,EBANK10,16.65,16.84,-0.0113,0.0023,0.0024,0.0459
07-SEP-2026,EBANKNIFTY,57.78,58.26,-0.0083,0.0100,0.0100,0.1910
07-SEP-2026,EBBETF0430,1612.35,1608.46,0.0024,0.0019,0.0019,0.0363
07-SEP-2026,EBBETF0431,1435.08,1440.42,-0.0037,0.0024,0.0024,0.0459
07-SEP-2026,EBBETF0433,1310.14,1311.12,-0.0007,0.0027,0.0027,0.0516
07-SEP-2026,EBGNG,619.18,601.27,0.0294,0.0297,0.0297,0.5674
07-SEP-2026,EBIX,20.41,20.35,0.0029,0.0354,0.0353,0.6744
07-SEP-2026,EBSL,10.00,10.00,0.0000,0.0000,0.0000,0.0000
07-SEP-2026,ECAPINSURE,23.90,23.98,-0.0033,0.0115,0.0115,0.2197
07-SEP-2026,ECLERX,1888.62,1905.92,-0.0091,0.0284,0.0284,0.5426
07-SEP-2026,ECORECO,456.62,459.39,-0.0060,0.0322,0.0321,0.6133
07-SEP-2026,ECOSMOBLTY,111.75,113.54,-0.0159,0.0317,0.0316,0.6037
07-SEP-2026,EDELWEISS,132.73,136.08,-0.0249,0.0269,0.0269,0.5139
07-SEP-2026,EDUCOMP,0.91,0.90,0.0110,0.0164,0.0164,0.3133
07-SEP-2026,EFCIL,191.74,193.22,-0.0077,0.0290,0.0289,0.5521
07-SEP-2026,EGOLD,151.95,153.80,-0.0121,0.0168,0.0168,0.3210
07-SEP-2026,EICHERMOT,7672.27,7630.39,0.0055,0.0164,0.0164,0.3133
07-SEP-2026,EIDPARRY,777.71,781.26,-0.0046,0.0188,0.0188,0.3592
07-SEP-2026,EIEL,198.32,199.16,-0.0042,0.0299,0.0298,0.5693
07-SEP-2026,EIFFL,268.90,273.05,-0.0153,0.0306,0.0306,0.5846
07-SEP-2026,EIFL,10.00,10.00,0.0000,0.0000,0.0000,0.0000
07-SEP-2026,EIHAHOTELS,296.45,296.98,-0.0018,0.0199,0.0199,0.3802
07-SEP-2026,EIHOTEL,294.01,291.90,0.0072,0.0206,0.0205,0.3917
07-SEP-2026,EIMCOELECO,2268.01,2254.38,0.0060,0.0317,0.0316,0.6037
07-SEP-2026,EKC,104.70,106.41,-0.0162,0.0268,0.0267,0.5101
07-SEP-2026,EKI,71.51,74.13,-0.0360,0.0296,0.0297,0.5674
07-SEP-2026,ELANTAS,13051.33,12221.56,0.0657,0.0259,0.0262,0.5006
07-SEP-2026,ELCIDIN,107487.31,107590.00,-0.0010,0.0217,0.0216,0.4127
07-SEP-2026,ELDEHSG,788.89,789.10,-0.0003,0.0269,0.0269,0.5139
07-SEP-2026,ELECON,426.73,433.72,-0.0162,0.0284,0.0283,0.5407
07-SEP-2026,ELECTCAST,80.51,83.71,-0.0390,0.0294,0.0294,0.5617
07-SEP-2026,ELECTHERM,966.41,980.94,-0.0149,0.0366,0.0365,0.6973
07-SEP-2026,ELGIEQUIP,642.40,642.08,0.0005,0.0223,0.0223,0.4260
07-SEP-2026,ELGIRUBCO,57.68,58.69,-0.0174,0.0396,0.0396,0.7566
07-SEP-2026,ELIN,96.10,95.39,0.0074,0.0293,0.0293,0.5598
07-SEP-2026,ELIQUID,1046.71,1046.60,0.0001,0.0002,0.0002,0.0038
07-SEP-2026,ELITECON,8.25,8.68,-0.0508,0.0857,0.0856,1.6354
07-SEP-2026,ELLEN,321.71,331.86,-0.0311,0.0276,0.0276,0.5273
07-SEP-2026,ELM250,16.41,16.61,-0.0121,0.0094,0.0094,0.1796
07-SEP-2026,ELMDIV,36.26,36.50,-0.0066,0.0017,0.0018,0.0344
07-SEP-2026,ELPROINTL,174.89,174.00,0.0051,0.0231,0.0231,0.4413
07-SEP-2026,EMAMILTD,367.27,366.06,0.0033,0.0182,0.0181,0.3458
07-SEP-2026,EMAMIPAP,121.23,117.68,0.0297,0.0275,0.0275,0.5254
07-SEP-2026,EMAMIREAL,67.70,66.14,0.0233,0.0323,0.0322,0.6152
07-SEP-2026,EMBASSY,438.86,438.65,0.0005,0.0108,0.0108,0.2063
07-SEP-2026,EMBDL,59.10,57.52,0.0271,0.0326,0.0326,0.6228
07-SEP-2026,EMCURE,1926.81,1927.65,-0.0004,0.0203,0.0202,0.3859
07-SEP-2026,EMETAL,13.17,13.36,-0.0143,0.0046,0.0047,0.0898
07-SEP-2026,EMIL,178.23,173.75,0.0255,0.0294,0.0294,0.5617
07-SEP-2026,EMKAY,265.15,267.23,-0.0078,0.0349,0.0349,0.6668
07-SEP-2026,EMMBI,92.59,91.00,0.0173,0.0267,0.0266,0.5082
07-SEP-2026,EMMVEE,325.20,325.20,0.0000,0.0252,0.0251,0.4795
07-SEP-2026,EMPIND,1191.85,1195.60,-0.0031,0.0196,0.0195,0.3725
07-SEP-2026,EMPOWER,1.93,1.84,0.0478,0.0331,0.0332,0.6343
07-SEP-2026,EMSLIMITED,385.59,383.05,0.0066,0.0334,0.0333,0.6362
07-SEP-2026,EMUDHRA,502.48,524.79,-0.0434,0.0230,0.0231,0.4413
07-SEP-2026,EMULTIMQ,42.00,42.00,0.0000,0.0099,0.0099,0.1891
07-SEP-2026,ENDURANCE,2763.16,2782.78,-0.0071,0.0197,0.0197,0.3764
07-SEP-2026,ENERGY,38.15,38.40,-0.0065,0.0083,0.0083,0.1586
07-SEP-2026,ENERGYAXIS,19.03,19.15,-0.0063,0.0005,0.0006,0.0115
07-SEP-2026,ENERGYDEV,15.41,15.52,-0.0071,0.0289,0.0289,0.5521
07-SEP-2026,ENEXT50,72.64,73.13,-0.0067,0.0054,0.0054,0.1032
07-SEP-2026,ENGINERSIN,277.05,279.45,-0.0086,0.0275,0.0275,0.5254
07-SEP-2026,ENIFTY,24.01,24.19,-0.0075,0.0074,0.0074,0.1414
07-SEP-2026,ENIL,101.34,102.65,-0.0128,0.0210,0.0210,0.4012
07-SEP-2026,ENKEIWHEL,395.44,389.80,0.0144,0.0232,0.0231,0.4413
07-SEP-2026,ENRIN,3121.92,3115.70,0.0020,0.0217,0.0217,0.4146
07-SEP-2026,ENTERO,1896.74,1827.59,0.0371,0.0251,0.0252,0.4814
07-SEP-2026,EPACK,186.33,189.27,-0.0157,0.0299,0.0299,0.5712
07-SEP-2026,EPACKPEB,230.41,231.11,-0.0030,0.0313,0.0312,0.5961
07-SEP-2026,EPIGRAL,1179.71,1219.69,-0.0333,0.0273,0.0274,0.5235
07-SEP-2026,EPL,248.94,247.12,0.0073,0.0224,0.0224,0.4280
07-SEP-2026,EQUAL200,13.73,13.82,-0.0065,0.0092,0.0092,0.1758
07-SEP-2026,EQUAL50,327.67,330.22,-0.0078,0.0072,0.0072,0.1376
07-SEP-2026,EQUAL50ADD,338.64,340.41,-0.0052,0.0091,0.0091,0.1739
07-SEP-2026,EQUIPPP,22.86,22.77,0.0039,0.0283,0.0282,0.5388
07-SEP-2026,EQUITASBNK,73.35,72.95,0.0055,0.0215,0.0215,0.4108
07-SEP-2026,ERIS,1324.27,1322.14,0.0016,0.0191,0.0190,0.3630
07-SEP-2026,ESABINDIA,6091.91,6068.18,0.0039,0.0187,0.0187,0.3573
07-SEP-2026,ESAFSFB,41.69,41.45,0.0058,0.0275,0.0274,0.5235
07-SEP-2026,ESCORTS,2957.50,2968.80,-0.0038,0.0188,0.0187,0.3573
07-SEP-2026,ESDS,1089.87,907.65,0.1830,0.0000,0.0129,0.2465
07-SEP-2026,ESENSEX,76.77,77.46,-0.0089,0.0108,0.0108,0.2063
07-SEP-2026,ESG,40.84,41.15,-0.0076,0.0087,0.0087,0.1662
07-SEP-2026,ESILVER,230.04,232.78,-0.0118,0.0302,0.0301,0.5751
07-SEP-2026,ESSARSHPNG,16.42,17.08,-0.0394,0.0339,0.0340,0.6496
07-SEP-2026,ESSENTIA,1.10,1.05,0.0465,0.0345,0.0346,0.6610
07-SEP-2026,ESTER,91.54,93.59,-0.0221,0.0294,0.0294,0.5617
07-SEP-2026,ETERNAL,320.79,322.75,-0.0061,0.0222,0.0221,0.4222
07-SEP-2026,ETHOSLTD,2746.59,2792.80,-0.0167,0.0233,0.0233,0.4451
07-SEP-2026,EUREKAFORB,406.25,423.76,-0.0422,0.0207,0.0209,0.3993
07-SEP-2026,EUROBOND,150.78,151.00,-0.0015,0.0198,0.0197,0.3764
07-SEP-2026,EUROPRATIK,257.00,263.72,-0.0258,0.0249,0.0249,0.4757
07-SEP-2026,EUROTEXIND,13.18,13.13,0.0038,0.0507,0.0505,0.9648
07-SEP-2026,EVEREADY,327.17,317.89,0.0288,0.0219,0.0219,0.4184
07-SEP-2026,EVERESTIND,422.30,423.91,-0.0038,0.0295,0.0295,0.5636
07-SEP-2026,EVIETF,32.27,32.47,-0.0062,0.0102,0.0102,0.1949
07-SEP-2026,EVINDIA,32.37,32.44,-0.0022,0.0107,0.0107,0.2044
07-SEP-2026,EXCELINDUS,1002.57,1031.40,-0.0284,0.0245,0.0246,0.4700
07-SEP-2026,EXCELSOFT,68.26,70.21,-0.0282,0.0254,0.0255,0.4872
07-SEP-2026,EXICOM,184.32,177.87,0.0356,0.0376,0.0376,0.7183
07-SEP-2026,EXIDEIND,425.75,424.24,0.0036,0.0193,0.0192,0.3668
07-SEP-2026,EXPLEOSOL,899.66,899.13,0.0006,0.0250,0.0249,0.4757
07-SEP-2026,EXXARO,6.59,6.59,0.0000,0.0329,0.0328,0.6266
07-SEP-2026,FABTECH,148.49,150.21,-0.0115,0.0229,0.0228,0.4356
07-SEP-2026,FACT,793.28,801.42,-0.0102,0.0279,0.0278,0.5311
07-SEP-2026,FAIRCHEMOR,646.85,658.00,-0.0171,0.0267,0.0266,0.5082
07-SEP-2026,FAZE3Q,500.26,493.75,0.0131,0.0357,0.0356,0.6801
07-SEP-2026,FCL,56.66,51.51,0.0953,0.0351,0.0357,0.6820
07-SEP-2026,FCSSOFT,1.43,1.45,-0.0139,0.0281,0.0280,0.5349
07-SEP-2026,FDC,342.15,342.80,-0.0019,0.0185,0.0185,0.3534
07-SEP-2026,FEDDERSHOL,48.03,47.28,0.0157,0.0301,0.0300,0.5731
07-SEP-2026,FEDERALBNK,341.99,343.00,-0.0029,0.0162,0.0161,0.3076
07-SEP-2026,FEDFINA,165.45,161.56,0.0238,0.0235,0.0235,0.4490
07-SEP-2026,FEL,0.38,0.38,0.0000,0.0573,0.0572,1.0928
07-SEP-2026,FELDVR,2.16,2.17,-0.0046,0.0356,0.0355,0.6782
07-SEP-2026,FERMENTA,496.49,498.49,-0.0040,0.0330,0.0330,0.6305
07-SEP-2026,FFL,40.00,40.00,0.0000,0.0000,0.0000,0.0000
07-SEP-2026,FIBERWEB,26.42,25.75,0.0257,0.0263,0.0263,0.5025
07-SEP-2026,FIEMIND,2068.90,2085.79,-0.0081,0.0228,0.0228,0.4356
07-SEP-2026,FILATEX,76.59,77.72,-0.0146,0.0297,0.0296,0.5655
07-SEP-2026,FILATFASH,0.18,0.18,0.0000,0.0354,0.0353,0.6744
07-SEP-2026,FINCABLES,1227.00,1220.17,0.0056,0.0276,0.0276,0.5273
07-SEP-2026,FINEORG,5124.91,5151.90,-0.0053,0.0191,0.0190,0.3630
07-SEP-2026,FINIETF,32.71,32.95,-0.0073,0.0127,0.0126,0.2407
07-SEP-2026,FINKURVE,71.45,72.37,-0.0128,0.0364,0.0364,0.6954
07-SEP-2026,FINOPB,138.93,139.32,-0.0028,0.0371,0.0370,0.7069
07-SEP-2026,FINPIPE,157.16,158.63,-0.0093,0.0194,0.0194,0.3706
07-SEP-2026,FIRL,10.00,10.00,0.0000,0.0000,0.0000,0.0000
07-SEP-2026,FIRSTCRY,177.03,180.15,-0.0175,0.0268,0.0268,0.5120
07-SEP-2026,FISCHER,35.71,36.04,-0.0092,0.0311,0.0311,0.5942
07-SEP-2026,FIVESTAR,526.17,523.05,0.0059,0.0247,0.0246,0.4700
07-SEP-2026,FLAIR,240.22,243.70,-0.0144,0.0208,0.0207,0.3955
07-SEP-2026,FLEXIADD,10.01,10.06,-0.0050,0.0074,0.0073,0.1395
07-SEP-2026,FLEXITUFF,2.18,2.30,-0.0536,0.0328,0.0329,0.6286
07-SEP-2026,FLFL,1.25,1.25,0.0000,0.0292,0.0292,0.5579
07-SEP-2026,FLUOROCHEM,4530.48,4553.98,-0.0052,0.0201,0.0200,0.3821
07-SEP-2026,FMCGADD,45.93,46.25,-0.0069,0.0047,0.0047,0.0898
07-SEP-2026,FMCGIETF,49.17,49.47,-0.0061,0.0085,0.0085,0.1624
07-SEP-2026,FMGOETZE,482.05,501.45,-0.0395,0.0255,0.0256,0.4891
07-SEP-2026,FMNL,9.77,10.13,-0.0362,0.0314,0.0315,0.6018
07-SEP-2026,FOCUS,63.64,63.37,0.0043,0.0274,0.0273,0.5216
07-SEP-2026,FOODSIN,57.40,57.37,0.0005,0.0306,0.0305,0.5827
07-SEP-2026,FORCEMOT,17827.42,17501.81,0.0184,0.0305,0.0305,0.5827
07-SEP-2026,FORTIS,910.00,905.00,0.0055,0.0169,0.0168,0.3210
07-SEP-2026,FOSECOIND,6127.85,6262.86,-0.0218,0.0257,0.0257,0.4910
07-SEP-2026,FRACTAL,801.16,825.45,-0.0299,0.0212,0.0212,0.4050
07-SEP-2026,FREDUN,1405.78,1471.46,-0.0457,0.0331,0.0331,0.6324
07-SEP-2026,FRICKINDIA,10.00,10.00,0.0000,0.0000,0.0000,0.0000
07-SEP-2026,FRONTSP,1268.20,1291.10,-0.0179,0.0343,0.0342,0.6534
07-SEP-2026,FSL,259.60,264.40,-0.0183,0.0301,0.0300,0.5731
07-SEP-2026,FUSION,200.52,203.19,-0.0132,0.0297,0.0297,0.5674
07-SEP-2026,GABRIEL,1363.58,1353.16,0.0077,0.0306,0.0306,0.5846
07-SEP-2026,GAEL,165.48,167.82,-0.0140,0.0236,0.0235,0.4490
07-SEP-2026,GAIL,175.99,173.40,0.0148,0.0173,0.0173,0.3305
07-SEP-2026,GAJA,155.44,161.09,-0.0357,0.0075,0.0079,0.1509
07-SEP-2026,GALAPREC,1037.28,1024.02,0.0129,0.0292,0.0292,0.5579
07-SEP-2026,GALAXYSURF,2136.41,2164.95,-0.0133,0.0225,0.0225,0.4299
07-SEP-2026,GALLANTT,572.48,573.99,-0.0026,0.0328,0.0327,0.6247
07-SEP-2026,GANDHAR,264.85,267.60,-0.0103,0.0299,0.0298,0.5693
07-SEP-2026,GANDHITUBE,898.02,900.15,-0.0024,0.0242,0.0242,0.4623
07-SEP-2026,GANECOS,990.00,999.86,-0.0099,0.0295,0.0295,0.5636
07-SEP-2026,GANESHBE,129.95,123.27,0.0528,0.0293,0.0295,0.5636
07-SEP-2026,GANESHCP,169.63,174.46,-0.0281,0.0225,0.0225,0.4299
07-SEP-2026,GANESHHOU,758.73,758.84,-0.0001,0.0252,0.0252,0.4814
07-SEP-2026,GANGAFORGE,1.63,1.68,-0.0302,0.0354,0.0354,0.6763
07-SEP-2026,GANGESSECU,121.89,118.71,0.0264,0.0226,0.0226,0.4318
07-SEP-2026,GARFIBRES,819.24,800.55,0.0231,0.0240,0.0240,0.4585
07-SEP-2026,GARUDA,178.64,178.73,-0.0005,0.0330,0.0329,0.6286
07-SEP-2026,GATECH,0.87,0.91,-0.0450,0.0421,0.0421,0.8043
07-SEP-2026,GATECHDVR,0.49,0.49,0.0000,0.0329,0.0328,0.6266
07-SEP-2026,GATEWAY,53.96,54.69,-0.0134,0.0194,0.0194,0.3706
07-SEP-2026,GAUDIUMIVF,112.81,116.41,-0.0314,0.0267,0.0267,0.5101
07-SEP-2026,GAYAHWS,1.92,1.93,-0.0052,0.0323,0.0322,0.6152
07-SEP-2026,GAYAPROJ,22.18,21.82,0.0164,0.0270,0.0269,0.5139
07-SEP-2026,GCSL,601.85,595.15,0.0112,0.0351,0.0350,0.6687
07-SEP-2026,GDHL,10.00,10.00,0.0000,0.0000,0.0000,0.0000
07-SEP-2026,GEECEE,371.03,364.20,0.0186,0.0248,0.0247,0.4719
07-SEP-2026,GEEKAYWIRE,30.14,29.61,0.0177,0.0303,0.0303,0.5789
07-SEP-2026,GEMAROMA,158.19,161.44,-0.0203,0.0259,0.0258,0.4929
07-SEP-2026,GENCON,41.98,44.63,-0.0612,0.0335,0.0337,0.6438
07-SEP-2026,GENESYS,240.16,230.85,0.0395,0.0449,0.0448,0.8559
07-SEP-2026,GENSOL,17.20,17.28,-0.0046,0.0296,0.0295,0.5636
07-SEP-2026,GENUSPAPER,13.22,12.76,0.0354,0.0269,0.0269,0.5139
07-SEP-2026,GENUSPOWER,336.36,337.73,-0.0041,0.0270,0.0270,0.5158
07-SEP-2026,GEOJITFSL,82.78,82.72,0.0007,0.0248,0.0248,0.4738
07-SEP-2026,GESHIP,1376.65,1369.75,0.0050,0.0225,0.0224,0.4280
07-SEP-2026,GFLLIMITED,62.17,62.80,-0.0101,0.0262,0.0261,0.4986
07-SEP-2026,GFSTEELS,14.16,14.16,0.0000,0.0313,0.0312,0.5961
07-SEP-2026,GHCL,433.34,436.60,-0.0075,0.0184,0.0184,0.3515
07-SEP-2026,GHCLTEXTIL,133.37,136.72,-0.0248,0.0253,0.0253,0.4834
07-SEP-2026,GICHSGFIN,140.42,140.45,-0.0002,0.0171,0.0171,0.3267
07-SEP-2026,GICL,24.42,24.60,-0.0073,0.0302,0.0301,0.5751
07-SEP-2026,GICRE,349.82,358.46,-0.0244,0.0186,0.0186,0.3554
07-SEP-2026,GILLANDERS,104.58,103.19,0.0134,0.0258,0.0257,0.4910
07-SEP-2026,GILLETTE,7380.41,7312.32,0.0093,0.0157,0.0157,0.2999
07-SEP-2026,GILT10BETA,26.40,26.58,-0.0068,0.0082,0.0081,0.1548
07-SEP-2026,GILT5BETA,66.94,66.92,0.0003,0.0088,0.0087,0.1662
07-SEP-2026,GILT5YBEES,66.31,66.33,-0.0003,0.0022,0.0022,0.0420
07-SEP-2026,GINNIFILA,42.18,42.60,-0.0099,0.0329,0.0328,0.6266
07-SEP-2026,GIPCL,200.69,205.17,-0.0221,0.0240,0.0240,0.4585
07-SEP-2026,GKB,67.00,63.98,0.0461,0.0356,0.0356,0.6801
07-SEP-2026,GKENERGY,129.50,128.95,0.0043,0.0266,0.0265,0.5063
07-SEP-2026,GKSL,176.34,172.80,0.0203,0.0167,0.0168,0.3210
07-SEP-2026,GKWLIMITED,1550.60,1610.90,-0.0382,0.0225,0.0226,0.4318
07-SEP-2026,GLAND,2974.26,2932.40,0.0142,0.0214,0.0213,0.4069
07-SEP-2026,GLAXO,2957.77,2958.11,-0.0001,0.0189,0.0189,0.3611
07-SEP-2026,GLENMARK,2451.92,2437.19,0.0060,0.0181,0.0181,0.3458
07-SEP-2026,GLFL,5.63,5.80,-0.0297,0.0698,0.0696,1.3297
07-SEP-2026,GLOBAL,120.15,120.45,-0.0025,0.0287,0.0286,0.5464
07-SEP-2026,GLOBALE,11.40,11.39,0.0009,0.0266,0.0265,0.5063
07-SEP-2026,GLOBALVECT,139.78,141.36,-0.0112,0.0299,0.0298,0.5693
07-SEP-2026,GLOBE,1.86,1.89,-0.0160,0.0270,0.0270,0.5158
07-SEP-2026,GLOBECIVIL,46.15,48.15,-0.0424,0.0258,0.0259,0.4948
07-SEP-2026,GLOBUSSPR,895.11,914.37,-0.0213,0.0242,0.0242,0.4623
07-SEP-2026,GLOSTERLTD,603.40,596.50,0.0115,0.0195,0.0195,0.3725
07-SEP-2026,GLOTTIS,59.61,62.10,-0.0409,0.0227,0.0228,0.4356
07-SEP-2026,GMBREW,941.14,919.84,0.0229,0.0242,0.0242,0.4623
07-SEP-2026,GMDCLTD,557.59,562.95,-0.0096,0.0296,0.0296,0.5655
07-SEP-2026,GMMPFAUDLR,1235.69,1147.89,0.0737,0.0211,0.0217,0.4146
07-SEP-2026,GMRAIRPORT,95.94,97.45,-0.0156,0.0195,0.0195,0.3725
07-SEP-2026,GMRP&UI,93.57,95.30,-0.0183,0.0262,0.0262,0.5006
07-SEP-2026,GNA,543.26,551.13,-0.0144,0.0278,0.0278,0.5311
07-SEP-2026,GNFC,597.89,596.72,0.0020,0.0201,0.0200,0.3821
07-SEP-2026,GNRL,113.97,99.31,0.1377,0.0304,0.0318,0.6075
07-SEP-2026,GOACARBON,382.55,378.50,0.0106,0.0242,0.0241,0.4604
07-SEP-2026,GOALPOST,10.20,10.20,0.0000,0.0010,0.0010,0.0191
07-SEP-2026,GOCLCORP,436.91,427.46,0.0219,0.0288,0.0288,0.5502
07-SEP-2026,GOCOLORS,329.70,326.64,0.0093,0.0302,0.0301,0.5751
07-SEP-2026,GODAVARIB,245.01,241.73,0.0135,0.0291,0.0291,0.5560
07-SEP-2026,GODFRYPHLP,2028.82,2049.95,-0.0104,0.0320,0.0319,0.6094
07-SEP-2026,GODIGIT,256.62,258.55,-0.0075,0.0182,0.0181,0.3458
07-SEP-2026,GODREJAGRO,665.51,644.88,0.0315,0.0198,0.0199,0.3802
07-SEP-2026,GODREJCP,861.81,878.12,-0.0187,0.0174,0.0174,0.3324
07-SEP-2026,GODREJIND,1159.78,1163.31,-0.0030,0.0264,0.0264,0.5044
07-SEP-2026,GODREJPROP,1922.10,1982.01,-0.0307,0.0226,0.0227,0.4337
07-SEP-2026,GOKEX,776.90,789.21,-0.0157,0.0319,0.0318,0.6075
07-SEP-2026,GOKUL,42.85,42.95,-0.0023,0.0261,0.0260,0.4967
07-SEP-2026,GOKULAGRO,231.68,231.17,0.0022,0.0271,0.0270,0.5158
07-SEP-2026,GOLD1,126.71,128.47,-0.0138,0.0172,0.0171,0.3267
07-SEP-2026,GOLD360,147.97,149.70,-0.0116,0.0179,0.0179,0.3420
07-SEP-2026,GOLDADD,14.74,14.95,-0.0141,0.0176,0.0176,0.3362
07-SEP-2026,GOLDAXIS,126.22,128.11,-0.0149,0.0194,0.0194,0.3706
07-SEP-2026,GOLDBEES,125.58,127.17,-0.0126,0.0171,0.0171,0.3267
07-SEP-2026,GOLDBETA,128.00,129.50,-0.0117,0.0163,0.0163,0.3114
07-SEP-2026,GOLDBND,151.85,153.95,-0.0137,0.0150,0.0150,0.2866
07-SEP-2026,GOLDCASE,23.90,24.21,-0.0129,0.0169,0.0169,0.3229
07-SEP-2026,GOLDEDGE,10.50,10.50,0.0000,0.0000,0.0000,0.0000
07-SEP-2026,GOLDENTOBC,24.46,24.96,-0.0202,0.0232,0.0232,0.4432
07-SEP-2026,GOLDETF,147.84,149.46,-0.0109,0.0161,0.0161,0.3076
07-SEP-2026,GOLDIAM,340.51,345.29,-0.0139,0.0356,0.0356,0.6801
07-SEP-2026,GOLDIETF,130.01,131.80,-0.0137,0.0176,0.0176,0.3362
07-SEP-2026,GOLDTECH,47.93,47.09,0.0177,0.0370,0.0369,0.7050
07-SEP-2026,GOODLUCK,479.72,472.94,0.0142,0.0300,0.0299,0.5712
07-SEP-2026,GOODYEAR,730.84,741.59,-0.0146,0.0138,0.0138,0.2636
07-SEP-2026,GOPAL,266.30,265.12,0.0044,0.0204,0.0204,0.3897
07-SEP-2026,GOYALALUM,6.16,6.22,-0.0097,0.0236,0.0236,0.4509
07-SEP-2026,GPIL,244.05,240.68,0.0139,0.0233,0.0233,0.4451
07-SEP-2026,GPPL,160.97,161.62,-0.0040,0.0190,0.0190,0.3630
07-SEP-2026,GPTHEALTH,161.37,158.18,0.0200,0.0186,0.0186,0.3554
07-SEP-2026,GPTINFRA,111.70,112.10,-0.0036,0.0262,0.0261,0.4986
07-SEP-2026,GRACIOUS,13.50,13.50,0.0000,0.0000,0.0000,0.0000
07-SEP-2026,GRADIENTE,2.64,2.71,-0.0262,0.0244,0.0244,0.4662
07-SEP-2026,GRANDOAK,35.86,35.71,0.0042,0.0428,0.0427,0.8158
07-SEP-2026,GRANULES,867.27,848.29,0.0221,0.0196,0.0197,0.3764
07-SEP-2026,GRAPHITE,717.06,733.61,-0.0228,0.0253,0.0253,0.4834
07-SEP-2026,GRASIM,3302.40,3322.00,-0.0059,0.0143,0.0143,0.2732
07-SEP-2026,GRAUWEIL,71.43,70.59,0.0118,0.0266,0.0266,0.5082
07-SEP-2026,GRAVISSHO,28.72,29.48,-0.0261,0.0359,0.0358,0.6840
07-SEP-2026,GRAVITA,1676.88,1661.72,0.0091,0.0257,0.0257,0.4910
07-SEP-2026,GREAVESCOT,194.44,195.55,-0.0057,0.0296,0.0295,0.5636
07-SEP-2026,GREENLAM,236.87,242.58,-0.0238,0.0250,0.0250,0.4776
07-SEP-2026,GREENPANEL,162.54,158.32,0.0263,0.0245,0.0245,0.4681
07-SEP-2026,GREENPLY,302.20,304.72,-0.0083,0.0250,0.0249,0.4757
07-SEP-2026,GREENPOWER,9.23,9.28,-0.0054,0.0256,0.0256,0.4891
07-SEP-2026,GRINDWELL,1932.89,1962.47,-0.0152,0.0236,0.0236,0.4509
07-SEP-2026,GRINFRA,862.63,869.11,-0.0075,0.0180,0.0179,0.3420
07-SEP-2026,GRMOVER,85.79,87.52,-0.0200,0.0299,0.0299,0.5712
07-SEP-2026,GROBTEA,959.15,977.65,-0.0191,0.0257,0.0257,0.4910
07-SEP-2026,GROWW,194.73,194.00,0.0038,0.0239,0.0239,0.4566
07-SEP-2026,GROWWCAPM,11.56,11.44,0.0104,0.0122,0.0122,0.2331
07-SEP-2026,GROWWCHEM,30.08,30.24,-0.0053,0.0090,0.0090,0.1719
07-SEP-2026,GROWWDEFNC,97.76,97.42,0.0035,0.0153,0.0152,0.2904
07-SEP-2026,GROWWEV,32.37,32.37,0.0000,0.0113,0.0113,0.2159
07-SEP-2026,GROWWGOLD,14.81,15.03,-0.0147,0.0171,0.0171,0.3267
07-SEP-2026,GROWWHOSPI,52.06,51.83,0.0044,0.0069,0.0069,0.1318
07-SEP-2026,GROWWLIQID,110.65,110.64,0.0001,0.0002,0.0002,0.0038
07-SEP-2026,GROWWLOVOL,10.28,10.30,-0.0019,0.0073,0.0073,0.1395
07-SEP-2026,GROWWMC150,230.10,233.51,-0.0147,0.0093,0.0094,0.1796
07-SEP-2026,GROWWMETAL,12.52,12.72,-0.0158,0.0110,0.0110,0.2102
07-SEP-2026,GROWWMOM50,11.00,10.99,0.0009,0.0104,0.0104,0.1987
07-SEP-2026,GROWWN200,11.27,11.34,-0.0062,0.0092,0.0092,0.1758
07-SEP-2026,GROWWNET,10.79,10.86,-0.0065,0.0120,0.0119,0.2273
07-SEP-2026,GROWWNIFTY,9.60,9.68,-0.0083,0.0066,0.0067,0.1280
07-SEP-2026,GROWWNXT50,72.79,73.45,-0.0090,0.0093,0.0093,0.1777
07-SEP-2026,GROWWPOWER,11.20,11.33,-0.0115,0.0106,0.0106,0.2025
07-SEP-2026,GROWWPSE,97.95,98.30,-0.0036,0.0069,0.0069,0.1318
07-SEP-2026,GROWWPSUBK,84.67,85.88,-0.0142,0.0095,0.0096,0.1834
07-SEP-2026,GROWWRAIL,28.00,28.08,-0.0029,0.0127,0.0127,0.2426
07-SEP-2026,GROWWRLTY,10.05,10.21,-0.0158,0.0135,0.0135,0.2579
07-SEP-2026,GROWWSC250,10.67,10.69,-0.0019,0.0092,0.0092,0.1758
07-SEP-2026,GROWWSLVR,22.53,22.83,-0.0132,0.0320,0.0320,0.6114
07-SEP-2026,GRPLTD,2004.10,2013.00,-0.0044,0.0278,0.0278,0.5311
07-SEP-2026,GRSE,2506.59,2533.14,-0.0105,0.0305,0.0305,0.5827
07-SEP-2026,GRWRHITECH,6951.31,7086.58,-0.0193,0.0342,0.0341,0.6515
07-SEP-2026,GSEC10ABSL,111.61,111.61,0.0000,0.0056,0.0056,0.1070
07-SEP-2026,GSEC10ADD,26.81,26.79,0.0007,0.0015,0.0015,0.0287
07-SEP-2026,GSEC10IETF,261.92,262.50,-0.0022,0.0045,0.0044,0.0841
07-SEP-2026,GSEC10YEAR,30.35,30.37,-0.0007,0.0069,0.0068,0.1299
07-SEP-2026,GSEC5IETF,66.50,66.51,-0.0002,0.0044,0.0044,0.0841
07-SEP-2026,GSFC,162.02,162.88,-0.0053,0.0188,0.0187,0.3573
07-SEP-2026,GSLSU,29.46,28.79,0.0230,0.0366,0.0366,0.6992
07-SEP-2026,GSPCROP,600.91,619.22,-0.0300,0.0186,0.0187,0.3573
07-SEP-2026,GSS,11.01,11.03,-0.0018,0.0315,0.0314,0.5999
07-SEP-2026,GTECJAINX,29.30,29.27,0.0010,0.0417,0.0416,0.7948
07-SEP-2026,GTL,7.25,7.10,0.0209,0.0300,0.0300,0.5731
07-SEP-2026,GTLINFRA,1.20,1.16,0.0339,0.0306,0.0306,0.5846
07-SEP-2026,GTPL,58.91,58.67,0.0041,0.0254,0.0254,0.4853
07-SEP-2026,GUFICBIO,447.97,444.93,0.0068,0.0234,0.0233,0.4451
07-SEP-2026,GUJALKALI,707.87,721.62,-0.0192,0.0245,0.0245,0.4681
07-SEP-2026,GUJAPOLLO,344.61,355.05,-0.0298,0.0264,0.0264,0.5044
07-SEP-2026,GUJENERGY,261.93,263.57,-0.0062,0.0266,0.0265,0.5063
07-SEP-2026,GUJRAFFIA,41.07,41.00,0.0017,0.0321,0.0320,0.6114
07-SEP-2026,GUJTHEM,429.31,411.37,0.0427,0.0322,0.0323,0.6171
07-SEP-2026,GULFOILLUB,1052.78,1067.79,-0.0142,0.0204,0.0203,0.3878
07-SEP-2026,GULFPETRO,65.28,65.91,-0.0096,0.0275,0.0274,0.5235
07-SEP-2026,GULPOLY,183.08,186.01,-0.0159,0.0276,0.0275,0.5254
07-SEP-2026,GVKPIL,2.10,2.10,0.0000,0.0185,0.0184,0.3515
07-SEP-2026,GVPIL,655.15,649.63,0.0085,0.0379,0.0378,0.7222
07-SEP-2026,GVPTECH,8.00,8.05,-0.0062,0.0322,0.0321,0.6133
07-SEP-2026,GVT&D,4367.14,4306.32,0.0140,0.0279,0.0278,0.5311
07-SEP-2026,GYFTR,186.53,182.58,0.0214,0.0277,0.0277,0.5292
07-SEP-2026,HAL,4855.21,4855.85,-0.0001,0.0185,0.0184,0.3515
07-SEP-2026,HALDER,286.60,292.93,-0.0218,0.0193,0.0193,0.3687
07-SEP-2026,HALDYNGL,144.31,147.26,-0.0202,0.0313,0.0313,0.5980
07-SEP-2026,HALEOSLABS,1462.00,1451.35,0.0073,0.0308,0.0307,0.5865
07-SEP-2026,HAMPTON,8.10,7.87,0.0288,0.0315,0.0315,0.6018
07-SEP-2026,HAPPSTMNDS,343.48,354.02,-0.0302,0.0246,0.0246,0.4700
07-SEP-2026,HAPPYFORGE,2231.06,2238.58,-0.0034,0.0216,0.0216,0.4127
07-SEP-2026,HARDOLI,34.65,34.65,0.0000,0.0000,0.0000,0.0000
07-SEP-2026,HARDWYN,9.17,9.13,0.0044,0.0344,0.0343,0.6553
07-SEP-2026,HARIOMPIPE,365.20,359.18,0.0166,0.0314,0.0313,0.5980
07-SEP-2026,HARRMALAYA,189.85,192.72,-0.0150,0.0256,0.0256,0.4891
07-SEP-2026,HARSHA,455.43,454.36,0.0024,0.0211,0.0210,0.4012
07-SEP-2026,HATHWAY,10.38,10.52,-0.0134,0.0204,0.0203,0.3878
07-SEP-2026,HATSUN,1132.78,1168.83,-0.0313,0.0208,0.0209,0.3993
07-SEP-2026,HAVELLS,1150.00,1154.06,-0.0035,0.0153,0.0152,0.2904
07-SEP-2026,HAVISHA,1.32,1.41,-0.0660,0.0349,0.0351,0.6706
07-SEP-2026,HAWKINCOOK,8252.27,8407.14,-0.0186,0.0135,0.0135,0.2579
07-SEP-2026,HAZOOR,19.84,19.14,0.0359,0.0297,0.0297,0.5674
07-SEP-2026,HBESD,72.35,75.10,-0.0373,0.0333,0.0333,0.6362
07-SEP-2026,HBLENGINE,703.88,695.76,0.0116,0.0280,0.0280,0.5349
07-SEP-2026,HBPOR,60.36,58.38,0.0334,0.0286,0.0286,0.5464
07-SEP-2026,HBSL,52.43,55.36,-0.0544,0.0304,0.0306,0.5846
07-SEP-2026,HCC,23.54,22.98,0.0241,0.0319,0.0319,0.6094
07-SEP-2026,HCG,687.91,700.24,-0.0178,0.0201,0.0201,0.3840
07-SEP-2026,HCL-INSYS,10.00,10.10,-0.0100,0.0260,0.0260,0.4967
07-SEP-2026,HCLTECH,1282.79,1293.40,-0.0082,0.0181,0.0180,0.3439
07-SEP-2026,HDBFS,685.06,682.69,0.0035,0.0143,0.0143,0.2732
07-SEP-2026,HDFCAMC,2432.21,2458.31,-0.0107,0.0200,0.0200,0.3821
07-SEP-2026,HDFCBANK,710.51,712.10,-0.0022,0.0133,0.0133,0.2541
07-SEP-2026,HDFCBSE500,37.19,37.56,-0.0099,0.0113,0.0113,0.2159
07-SEP-2026,HDFCGOLD,129.88,131.45,-0.0120,0.0171,0.0171,0.3267
07-SEP-2026,HDFCGROWTH,117.39,118.29,-0.0076,0.0090,0.0090,0.1719
07-SEP-2026,HDFCLIFE,533.21,546.39,-0.0244,0.0143,0.0143,0.2732
07-SEP-2026,HDFCLIQUID,1076.85,1076.75,0.0001,0.0004,0.0004,0.0076
07-SEP-2026,HDFCLOWVOL,20.35,20.48,-0.0064,0.0089,0.0089,0.1700
07-SEP-2026,HDFCMID150,23.38,23.51,-0.0055,0.0101,0.0100,0.1910
07-SEP-2026,HDFCMOMENT,31.00,30.98,0.0006,0.0111,0.0111,0.2121
07-SEP-2026,HDFCNEXT50,74.37,74.76,-0.0052,0.0106,0.0106,0.2025
07-SEP-2026,HDFCNIF100,25.76,25.93,-0.0066,0.0092,0.0092,0.1758
07-SEP-2026,HDFCNIFBAN,58.84,59.22,-0.0064,0.0099,0.0099,0.1891
07-SEP-2026,HDFCNIFIT,32.06,32.86,-0.0246,0.0150,0.0151,0.2885
07-SEP-2026,HDFCNIFTY,268.30,270.30,-0.0074,0.0081,0.0081,0.1548
07-SEP-2026,HDFCNIMEG,131.57,133.55,-0.0149,0.0085,0.0085,0.1624
07-SEP-2026,HDFCPSUBK,85.07,86.16,-0.0127,0.0146,0.0146,0.2789
07-SEP-2026,HDFCPVTBAN,28.25,28.39,-0.0049,0.0102,0.0101,0.1930
07-SEP-2026,HDFCQUAL,58.12,58.65,-0.0091,0.0084,0.0084,0.1605
07-SEP-2026,HDFCSENSEX,86.46,87.15,-0.0079,0.0080,0.0080,0.1528
07-SEP-2026,HDFCSILVER,219.90,222.71,-0.0127,0.0323,0.0322,0.6152
07-SEP-2026,HDFCSML250,186.73,186.65,0.0004,0.0110,0.0110,0.2102
07-SEP-2026,HDFCVALUE,124.54,125.88,-0.0107,0.0079,0.0079,0.1509
07-SEP-2026,HDIL,1.49,1.48,0.0067,0.0230,0.0230,0.4394
07-SEP-2026,HEADSUP,7.02,7.21,-0.0267,0.0298,0.0298,0.5693
07-SEP-2026,HEALTHADD,16.68,16.58,0.0060,0.0095,0.0095,0.1815
07-SEP-2026,HEALTHAXIS,165.90,167.06,-0.0070,0.0096,0.0096,0.1834
07-SEP-2026,HEALTHCARE,21.64,21.51,0.0060,0.0079,0.0079,0.1509
07-SEP-2026,HEALTHIETF,169.46,168.65,0.0048,0.0089,0.0088,0.1681
07-SEP-2026,HEALTHX,296.90,300.30,-0.0114,0.0238,0.0238,0.4547
07-SEP-2026,HEALTHY,17.06,16.84,0.0130,0.0086,0.0086,0.1643
07-SEP-2026,HECPROJECT,118.17,117.78,0.0033,0.0365,0.0364,0.6954
07-SEP-2026,HEG,272.29,260.00,0.0462,0.0265,0.0266,0.5082
07-SEP-2026,HEIDELBERG,160.56,160.16,0.0025,0.0145,0.0145,0.2770
07-SEP-2026,HEMIPROP,125.08,126.56,-0.0118,0.0251,0.0251,0.4795
07-SEP-2026,HERANBA,169.62,173.83,-0.0245,0.0261,0.0261,0.4986
07-SEP-2026,HERITGFOOD,384.17,382.33,0.0048,0.0226,0.0225,0.4299
07-SEP-2026,HEROMOTOCO,5270.12,5300.00,-0.0057,0.0167,0.0166,0.3171
07-SEP-2026,HESTERBIO,2362.72,2405.44,-0.0179,0.0285,0.0285,0.5445
07-SEP-2026,HEXAGON,65.47,67.24,-0.0267,0.0199,0.0199,0.3802
07-SEP-2026,HEXATRADEX,159.57,157.65,0.0121,0.0176,0.0176,0.3362
07-SEP-2026,HEXT,522.80,528.53,-0.0109,0.0229,0.0228,0.4356
07-SEP-2026,HFCL,243.01,231.44,0.0488,0.0320,0.0321,0.6133
07-SEP-2026,HGINFRA,488.74,482.02,0.0138,0.0236,0.0235,0.4490
07-SEP-2026,HGM,50.81,52.62,-0.0350,0.0345,0.0345,0.6591
07-SEP-2026,HGS,395.58,399.04,-0.0087,0.0199,0.0199,0.3802
07-SEP-2026,HIKAL,243.00,222.30,0.0890,0.0301,0.0306,0.5846
07-SEP-2026,HILINFRA,43.72,44.44,-0.0163,0.0195,0.0195,0.3725
07-SEP-2026,HILLRIDGE,10.00,10.00,0.0000,0.0000,0.0000,0.0000
07-SEP-2026,HILTON,18.64,18.63,0.0005,0.0363,0.0362,0.6916
07-SEP-2026,HIMATSEIDE,70.15,71.50,-0.0191,0.0274,0.0273,0.5216
07-SEP-2026,HINDADH,361.07,368.75,-0.0210,0.0307,0.0306,0.5846
07-SEP-2026,HINDALCO,1006.00,1011.00,-0.0050,0.0182,0.0182,0.3477
07-SEP-2026,HINDALUMI,96.98,97.79,-0.0083,0.0284,0.0283,0.5407
07-SEP-2026,HINDCOMPOS,398.75,394.85,0.0098,0.0245,0.0245,0.4681
07-SEP-2026,HINDCON,24.25,23.90,0.0145,0.0287,0.0287,0.5483
07-SEP-2026,HINDCOPPER,509.09,521.64,-0.0244,0.0317,0.0317,0.6056
07-SEP-2026,HINDOILEXP,188.85,185.01,0.0205,0.0286,0.0286,0.5464
07-SEP-2026,HINDPETRO,356.89,356.54,0.0010,0.0219,0.0218,0.4165
07-SEP-2026,HINDUNILVR,1960.07,1973.41,-0.0068,0.0136,0.0136,0.2598
07-SEP-2026,HINDWAREAP,182.54,182.61,-0.0004,0.0308,0.0307,0.5865
07-SEP-2026,HINDZINC,589.16,600.96,-0.0198,0.0246,0.0246,0.4700
07-SEP-2026,HIRECT,1211.47,1222.42,-0.0090,0.0354,0.0353,0.6744
07-SEP-2026,HISARMETAL,162.02,161.76,0.0016,0.0234,0.0233,0.4451
07-SEP-2026,HITECH,75.96,75.77,0.0025,0.0270,0.0269,0.5139
07-SEP-2026,HITECHCORP,334.67,337.00,-0.0069,0.0315,0.0315,0.6018
07-SEP-2026,HITECHGEAR,567.30,567.15,0.0003,0.0223,0.0222,0.4241
07-SEP-2026,HLEGLAS,336.25,333.63,0.0078,0.0358,0.0357,0.6820
07-SEP-2026,HLVLTD,6.41,6.48,-0.0109,0.0269,0.0268,0.5120
07-SEP-2026,HMAAGRO,20.66,20.84,-0.0087,0.0233,0.0232,0.4432
07-SEP-2026,HMT,68.18,66.88,0.0193,0.0245,0.0245,0.4681
07-SEP-2026,HMVL,83.45,84.33,-0.0105,0.0250,0.0249,0.4757
07-SEP-2026,HNDFDS,628.87,615.07,0.0222,0.0179,0.0179,0.3420
07-SEP-2026,HNGSNGBEES,469.32,471.10,-0.0038,0.0166,0.0166,0.3171
07-SEP-2026,HOMEFIRST,1233.72,1210.10,0.0193,0.0235,0.0234,0.4471
07-SEP-2026,HONASA,468.89,471.04,-0.0046,0.0225,0.0225,0.4299
07-SEP-2026,HONAUT,35564.99,35653.83,-0.0025,0.0187,0.0186,0.3554
07-SEP-2026,HONDAPOWER,1999.80,2024.41,-0.0122,0.0197,0.0197,0.3764
07-SEP-2026,HORIZONIND,54.86,55.15,-0.0053,0.0049,0.0049,0.0936
07-SEP-2026,HOTAHOTI,9.90,9.90,0.0000,0.0000,0.0000,0.0000
07-SEP-2026,HPAL,35.70,35.58,0.0034,0.0279,0.0278,0.5311
07-SEP-2026,HPIL,121.87,122.51,-0.0052,0.0264,0.0264,0.5044
07-SEP-2026,HPL,301.55,304.15,-0.0086,0.0300,0.0300,0.5731
07-SEP-2026,HRYNSHP,101.24,99.41,0.0182,0.0275,0.0275,0.5254
07-SEP-2026,HSBCGOLD,132.11,133.81,-0.0128,0.0087,0.0088,0.1681
07-SEP-2026,HSCL,672.65,671.06,0.0024,0.0246,0.0246,0.4700
07-SEP-2026,HTEL,73.26,73.63,-0.0050,0.0037,0.0037,0.0707
07-SEP-2026,HTMEDIA,25.69,26.12,-0.0166,0.0272,0.0272,0.5197
07-SEP-2026,HUBTOWN,189.91,189.27,0.0034,0.0313,0.0312,0.5961
07-SEP-2026,HUDCO,179.24,180.52,-0.0071,0.0227,0.0226,0.4318
07-SEP-2026,HUHTAMAKI,250.05,255.00,-0.0196,0.0254,0.0254,0.4853
07-SEP-2026,HYBRIDETF,10.05,10.03,0.0020,0.0014,0.0014,0.0267
07-SEP-2026,HYBRIDFIN,17.25,16.85,0.0235,0.0387,0.0386,0.7375
07-SEP-2026,HYUNDAI,2209.89,2205.00,0.0022,0.0173,0.0173,0.3305
07-SEP-2026,IBULLSLTD,25.70,25.67,0.0012,0.0372,0.0371,0.7088
07-SEP-2026,ICDSLTD,67.27,71.45,-0.0603,0.0407,0.0408,0.7795
07-SEP-2026,ICEMAKE,724.75,738.60,-0.0189,0.0251,0.0251,0.4795
07-SEP-2026,ICICIAMC,3013.90,2970.93,0.0144,0.0158,0.0158,0.3019
07-SEP-2026,ICICIB22,113.84,114.35,-0.0045,0.0093,0.0093,0.1777
07-SEP-2026,ICICIBANK,1427.50,1423.20,0.0030,0.0120,0.0120,0.2293
07-SEP-2026,ICICIGI,1493.43,1510.00,-0.0110,0.0158,0.0157,0.2999
07-SEP-2026,ICICIPRULI,470.66,494.55,-0.0495,0.0163,0.0166,0.3171
07-SEP-2026,ICIL,453.71,449.70,0.0089,0.0358,0.0357,0.6820
07-SEP-2026,ICRA,4929.37,4884.61,0.0091,0.0151,0.0151,0.2885
07-SEP-2026,IDBI,90.75,90.63,0.0013,0.0288,0.0287,0.5483
07-SEP-2026,IDEA,15.60,15.02,0.0379,0.0299,0.0300,0.5731
07-SEP-2026,IDEAFORGE,765.43,777.07,-0.0151,0.0340,0.0340,0.6496
07-SEP-2026,IDFCFIRSTB,86.44,86.71,-0.0031,0.0194,0.0193,0.3687
07-SEP-2026,IDFNIFTYET,262.43,264.49,-0.0078,0.0122,0.0122,0.2331
07-SEP-2026,IEX,117.50,118.92,-0.0120,0.0236,0.0235,0.4490
07-SEP-2026,IFBAGRO,896.34,903.39,-0.0078,0.0339,0.0338,0.6457
07-SEP-2026,IFBIND,1313.44,1305.70,0.0059,0.0289,0.0288,0.5502
07-SEP-2026,IFCI,102.52,101.38,0.0112,0.0349,0.0348,0.6649
07-SEP-2026,IFGLEXPOR,203.81,204.73,-0.0045,0.0320,0.0320,0.6114
07-SEP-2026,IGARASHI,415.19,422.76,-0.0181,0.0293,0.0293,0.5598
07-SEP-2026,IGCL,72.47,72.89,-0.0058,0.0232,0.0232,0.4432
07-SEP-2026,IGIL,317.99,323.50,-0.0172,0.0226,0.0225,0.4299
07-SEP-2026,IGL,154.80,158.04,-0.0207,0.0188,0.0188,0.3592
07-SEP-2026,IGPL,558.77,567.36,-0.0153,0.0247,0.0246,0.4700
07-SEP-2026,IIEL,10.00,10.00,0.0000,0.0000,0.0000,0.0000
07-SEP-2026,IIFL,654.03,651.17,0.0044,0.0266,0.0265,0.5063
07-SEP-2026,IIFLCAPS,340.43,341.19,-0.0022,0.0271,0.0270,0.5158
07-SEP-2026,IITL,140.12,146.41,-0.0439,0.0320,0.0321,0.6133
07-SEP-2026,IKIO,202.98,212.35,-0.0451,0.0322,0.0322,0.6152
07-SEP-2026,IKS,1788.18,1759.96,0.0159,0.0214,0.0214,0.4088
07-SEP-2026,IL&FSENGG,36.88,36.76,0.0033,0.0294,0.0293,0.5598
07-SEP-2026,IL&FSTRANS,2.12,2.06,0.0287,0.0269,0.0269,0.5139
07-SEP-2026,IMAGICAA,54.87,55.38,-0.0093,0.0281,0.0281,0.5368
07-SEP-2026,IMFA,1286.87,1288.39,-0.0012,0.0288,0.0287,0.5483
07-SEP-2026,IMPAL,1114.59,1114.74,-0.0001,0.0182,0.0182,0.3477
07-SEP-2026,IMPEXFERRO,4.86,4.86,0.0000,0.0278,0.0278,0.5311
07-SEP-2026,INA,92.77,90.24,0.0277,0.0247,0.0247,0.4719
07-SEP-2026,INCREDIBLE,32.34,32.54,-0.0062,0.0276,0.0276,0.5273
07-SEP-2026,INDBANK,28.16,28.58,-0.0148,0.0271,0.0270,0.5158
07-SEP-2026,INDGN,599.39,601.46,-0.0034,0.0189,0.0189,0.3611
07-SEP-2026,INDHOTEL,716.18,720.00,-0.0053,0.0170,0.0169,0.3229
07-SEP-2026,INDIACEM,356.00,362.51,-0.0181,0.0213,0.0213,0.4069
07-SEP-2026,INDIAGLYCO,273.42,260.44,0.0486,0.0261,0.0263,0.5025
07-SEP-2026,INDIAMART,1706.42,1726.41,-0.0116,0.0162,0.0162,0.3095
07-SEP-2026,INDIANB,869.40,879.70,-0.0118,0.0204,0.0204,0.3897
07-SEP-2026,INDIANCARD,217.85,219.94,-0.0095,0.0249,0.0248,0.4738
07-SEP-2026,INDIANHUME,394.89,387.79,0.0181,0.0282,0.0282,0.5388
07-SEP-2026,INDIASHLTR,672.17,677.11,-0.0073,0.0206,0.0206,0.3936
07-SEP-2026,INDIGO,5000.82,4977.05,0.0048,0.0206,0.0205,0.3917
07-SEP-2026,INDIGOPNTS,1178.04,1185.79,-0.0066,0.0207,0.0206,0.3936
07-SEP-2026,INDIGRID,175.39,175.49,-0.0006,0.0058,0.0057,0.1089
07-SEP-2026,INDIQUBE,202.30,194.54,0.0391,0.0199,0.0201,0.3840
07-SEP-2026,INDNIPPON,1128.40,1158.21,-0.0261,0.0249,0.0249,0.4757
07-SEP-2026,INDOAMIN,127.26,125.28,0.0157,0.0275,0.0274,0.5235
07-SEP-2026,INDOBORAX,503.93,514.82,-0.0214,0.0317,0.0317,0.6056
07-SEP-2026,INDOCO,250.70,262.50,-0.0460,0.0299,0.0300,0.5731
07-SEP-2026,INDOFARM,131.69,134.03,-0.0176,0.0300,0.0300,0.5731
07-SEP-2026,INDOKEM,636.70,627.62,0.0144,0.0314,0.0313,0.5980
07-SEP-2026,INDOMIM,946.75,971.46,-0.0258,0.0128,0.0129,0.2465
07-SEP-2026,INDORAMA,73.56,72.99,0.0078,0.0339,0.0338,0.6457
07-SEP-2026,INDOSTAR,253.10,258.66,-0.0217,0.0292,0.0291,0.5560
07-SEP-2026,INDOTECH,3666.01,3662.89,0.0009,0.0366,0.0365,0.6973
07-SEP-2026,INDOTHAI,37.55,35.75,0.0491,0.0396,0.0397,0.7585
07-SEP-2026,INDOUS,78.63,77.48,0.0147,0.0322,0.0322,0.6152
07-SEP-2026,INDOWIND,8.92,9.02,-0.0111,0.0294,0.0294,0.5617
07-SEP-2026,INDPRUD,6374.00,6305.00,0.0109,0.0200,0.0200,0.3821
07-SEP-2026,INDRAMEDCO,351.41,349.71,0.0048,0.0262,0.0261,0.4986
07-SEP-2026,INDSWFTLAB,368.21,355.90,0.0340,0.0363,0.0363,0.6935
07-SEP-2026,INDTERRAIN,30.73,30.42,0.0101,0.0290,0.0289,0.5521
07-SEP-2026,INDUENG,9.50,9.50,0.0000,0.0000,0.0000,0.0000
07-SEP-2026,INDUSINDBK,998.00,1008.49,-0.0105,0.0209,0.0209,0.3993
07-SEP-2026,INDUSINVIT,132.98,133.95,-0.0073,0.0081,0.0081,0.1548
07-SEP-2026,INDUSTOWER,376.45,376.73,-0.0007,0.0179,0.0179,0.3420
07-SEP-2026,INFOBEAN,159.73,162.08,-0.0146,0.0396,0.0395,0.7546
07-SEP-2026,INFOMEDIA,5.43,5.35,0.0148,0.0322,0.0321,0.6133
07-SEP-2026,INFRA,11.98,12.05,-0.0058,0.0081,0.0081,0.1548
07-SEP-2026,INFRABEES,949.60,956.37,-0.0071,0.0097,0.0097,0.1853
07-SEP-2026,INFRAIETF,94.40,94.80,-0.0042,0.0097,0.0096,0.1834
07-SEP-2026,INFY,1087.49,1130.00,-0.0383,0.0185,0.0186,0.3554
07-SEP-2026,INGERRAND,4730.78,4844.98,-0.0239,0.0207,0.0207,0.3955
07-SEP-2026,INNOVACAP,1164.41,1175.37,-0.0094,0.0229,0.0229,0.4375
07-SEP-2026,INNOVANA,301.47,305.18,-0.0122,0.0274,0.0274,0.5235
07-SEP-2026,INNOVISION,256.19,254.93,0.0049,0.0191,0.0190,0.3630
07-SEP-2026,INOXGREEN,172.29,175.09,-0.0161,0.0298,0.0297,0.5674
07-SEP-2026,INOXINDIA,2231.38,2247.83,-0.0073,0.0252,0.0251,0.4795
07-SEP-2026,INOXWIND,75.59,74.42,0.0156,0.0270,0.0269,0.5139
07-SEP-2026,INSECTICID,606.49,618.44,-0.0195,0.0215,0.0215,0.4108
07-SEP-2026,INSPIRISYS,88.99,89.62,-0.0071,0.0282,0.0281,0.5368
07-SEP-2026,INSUREIETF,15.06,15.22,-0.0106,0.0025,0.0026,0.0497
07-SEP-2026,INTELLECT,682.14,686.72,-0.0067,0.0251,0.0250,0.4776
07-SEP-2026,INTENTECH,80.71,82.25,-0.0189,0.0323,0.0322,0.6152
07-SEP-2026,INTERARCH,1703.28,1707.11,-0.0022,0.0255,0.0254,0.4853
07-SEP-2026,INTERISE,109.75,109.75,0.0000,0.0043,0.0043,0.0822
07-SEP-2026,INTERNET,14.53,14.61,-0.0055,0.0130,0.0130,0.2484
07-SEP-2026,INTERTEC,31.35,31.35,0.0000,0.0000,0.0000,0.0000
07-SEP-2026,INTLCONV,79.92,81.17,-0.0155,0.0230,0.0230,0.4394
07-SEP-2026,INVENTURE,0.92,0.93,-0.0108,0.0255,0.0254,0.4853
07-SEP-2026,INVPRECQ,1300.50,1275.00,0.0198,0.0289,0.0289,0.5521
07-SEP-2026,IOB,33.10,33.55,-0.0135,0.0193,0.0193,0.3687
07-SEP-2026,IOC,135.16,137.60,-0.0179,0.0168,0.0168,0.3210
07-SEP-2026,IOLCP,213.04,199.95,0.0634,0.0317,0.0319,0.6094
07-SEP-2026,IONEXCHANG,439.09,409.23,0.0704,0.0258,0.0262,0.5006
07-SEP-2026,IPCALAB,1959.10,1965.29,-0.0032,0.0192,0.0191,0.3649
07-SEP-2026,IPL,136.63,138.32,-0.0123,0.0239,0.0239,0.4566
07-SEP-2026,IPRINGLTD,155.80,160.00,-0.0266,0.0330,0.0330,0.6305
07-SEP-2026,IRB,19.25,19.65,-0.0206,0.0192,0.0192,0.3668
07-SEP-2026,IRBINVIT,64.71,64.55,0.0025,0.0076,0.0076,0.1452
07-SEP-2026,IRBIT,220.22,220.22,0.0000,0.0000,0.0000,0.0000
07-SEP-2026,IRCON,117.71,119.25,-0.0130,0.0256,0.0255,0.4872
07-SEP-2026,IRCTC,474.49,476.07,-0.0033,0.0150,0.0149,0.2847
07-SEP-2026,IREDA,112.95,113.63,-0.0060,0.0218,0.0217,0.4146
07-SEP-2026,IRFC,83.00,83.40,-0.0048,0.0200,0.0199,0.3802
07-SEP-2026,IRIS,260.33,265.91,-0.0212,0.0284,0.0284,0.5426
07-SEP-2026,IRISDOREME,62.15,63.58,-0.0227,0.0240,0.0240,0.4585
07-SEP-2026,IRMENERGY,284.50,281.41,0.0109,0.0289,0.0288,0.5502
07-SEP-2026,ISFT,83.13,81.51,0.0197,0.0272,0.0272,0.5197
07-SEP-2026,ISGEC,781.13,787.33,-0.0079,0.0254,0.0253,0.4834
07-SEP-2026,ISHANCH,44.37,44.28,0.0020,0.0259,0.0258,0.4929
07-SEP-2026,ISHL,807.00,807.00,0.0000,0.0005,0.0005,0.0096
07-SEP-2026,ISL,41.35,41.35,0.0000,0.0000,0.0000,0.0000
07-SEP-2026,ISTLTD,650.66,654.55,-0.0060,0.0226,0.0225,0.4299
07-SEP-2026,IT,33.32,34.09,-0.0228,0.0153,0.0153,0.2923
07-SEP-2026,ITADD,31.79,32.56,-0.0239,0.0155,0.0156,0.2980
07-SEP-2026,ITAXIS,330.44,339.02,-0.0256,0.0156,0.0156,0.2980
07-SEP-2026,ITBEES,33.33,34.09,-0.0225,0.0152,0.0152,0.2904
07-SEP-2026,ITBETA,316.10,322.95,-0.0214,0.0154,0.0154,0.2942
07-SEP-2026,ITC,263.50,264.10,-0.0023,0.0126,0.0125,0.2388
07-SEP-2026,ITCHOTELS,157.77,161.21,-0.0216,0.0185,0.0186,0.3554
07-SEP-2026,ITDC,643.37,644.35,-0.0015,0.0346,0.0345,0.6591
07-SEP-2026,ITETF,31.78,32.54,-0.0236,0.0154,0.0154,0.2942
07-SEP-2026,ITI,270.60,272.49,-0.0070,0.0263,0.0262,0.5006
07-SEP-2026,ITIETF,33.35,34.01,-0.0196,0.0151,0.0152,0.2904
07-SEP-2026,ITL,363.85,364.55,-0.0019,0.0291,0.0290,0.5540
07-SEP-2026,IVALUE,227.03,230.30,-0.0143,0.0220,0.0220,0.4203
07-SEP-2026,IVC,10.28,10.24,0.0039,0.0218,0.0217,0.4146
07-SEP-2026,IVP,212.46,203.34,0.0439,0.0297,0.0298,0.5693
07-SEP-2026,IVZBANKNF,57.05,57.56,-0.0089,0.0008,0.0010,0.0191
07-SEP-2026,IVZINGOLD,131.85,133.98,-0.0160,0.0201,0.0201,0.3840
07-SEP-2026,IVZINNIFTY,273.00,274.53,-0.0056,0.0093,0.0092,0.1758
07-SEP-2026,IVZSENSEX,76.07,76.56,-0.0064,0.0034,0.0035,0.0669
07-SEP-2026,IWP,34.41,34.37,0.0012,0.0241,0.0240,0.4585
07-SEP-2026,IXIGO,167.40,166.75,0.0039,0.0325,0.0325,0.6209
07-SEP-2026,IZMO,924.68,902.48,0.0243,0.0374,0.0373,0.7126
07-SEP-2026,J&KBANK,147.88,150.02,-0.0144,0.0269,0.0268,0.5120
07-SEP-2026,JAGRAN,61.81,60.98,0.0135,0.0139,0.0139,0.2656
07-SEP-2026,JAGSNPHARM,238.86,241.97,-0.0129,0.0253,0.0252,0.4814
07-SEP-2026,JAIBALAJI,69.71,69.73,-0.0003,0.0312,0.0311,0.5942
07-SEP-2026,JAICORPLTD,98.55,99.52,-0.0098,0.0287,0.0286,0.5464
07-SEP-2026,JAINREC,281.35,277.94,0.0122,0.0285,0.0285,0.5445
07-SEP-2026,JAIPURKURT,25.49,25.33,0.0063,0.0316,0.0315,0.6018
07-SEP-2026,JAMNAAUTO,126.61,120.69,0.0479,0.0256,0.0257,0.4910
07-SEP-2026,JARO,443.41,445.84,-0.0055,0.0269,0.0268,0.5120
07-SEP-2026,JASH,511.20,478.51,0.0661,0.0258,0.0262,0.5006
07-SEP-2026,JAYAGROGN,228.33,230.59,-0.0098,0.0254,0.0253,0.4834
07-SEP-2026,JAYBARMARU,120.22,122.28,-0.0170,0.0358,0.0357,0.6820
07-SEP-2026,JAYKAY,158.73,153.70,0.0322,0.0369,0.0368,0.7031
07-SEP-2026,JAYKAY-RE1,75.80,71.62,0.0567,0.0000,0.0040,0.0764
07-SEP-2026,JAYNECOIND,89.68,89.05,0.0070,0.0349,0.0348,0.6649
07-SEP-2026,JAYSREETEA,98.55,98.95,-0.0041,0.0235,0.0234,0.4471
07-SEP-2026,JBMA,613.61,625.60,-0.0194,0.0272,0.0272,0.5197
07-SEP-2026,JECOEXP,10.00,10.00,0.0000,0.0000,0.0000,0.0000
07-SEP-2026,JENBURPH,1042.89,1036.81,0.0058,0.0221,0.0220,0.4203
07-SEP-2026,JETFREIGHT,20.31,21.18,-0.0419,0.0307,0.0308,0.5884
07-SEP-2026,JGCHEM,581.35,598.13,-0.0285,0.0306,0.0306,0.5846
07-SEP-2026,JHS,7.99,7.89,0.0126,0.0339,0.0338,0.6457
07-SEP-2026,JINDALPHOT,1010.80,1021.20,-0.0102,0.0306,0.0305,0.5827
07-SEP-2026,JINDALPOLY,699.00,672.35,0.0389,0.0289,0.0290,0.5540
07-SEP-2026,JINDALSAW,309.53,305.30,0.0138,0.0289,0.0289,0.5521
07-SEP-2026,JINDALSTEL,1147.88,1164.99,-0.0148,0.0181,0.0181,0.3458
07-SEP-2026,JINDRILL,664.15,663.06,0.0016,0.0322,0.0321,0.6133
07-SEP-2026,JINDWORLD,58.52,57.51,0.0174,0.0403,0.0402,0.7680
07-SEP-2026,JIOFIN,234.41,239.53,-0.0216,0.0185,0.0185,0.3534
07-SEP-2026,JISLDVREQS,22.04,21.92,0.0055,0.0290,0.0289,0.5521
07-SEP-2026,JISLJALEQS,32.51,30.87,0.0518,0.0302,0.0303,0.5789
07-SEP-2026,JITFINFRA,301.01,304.39,-0.0112,0.0346,0.0345,0.6591
07-SEP-2026,JKCEMENT,5046.83,5082.28,-0.0070,0.0193,0.0192,0.3668
07-SEP-2026,JKIL,491.31,487.33,0.0081,0.0205,0.0204,0.3897
07-SEP-2026,JKIPL,98.56,100.70,-0.0215,0.0315,0.0315,0.6018
07-SEP-2026,JKLAKSHMI,507.17,515.73,-0.0167,0.0176,0.0176,0.3362
07-SEP-2026,JKPAPER,420.05,405.80,0.0345,0.0233,0.0234,0.4471
07-SEP-2026,JKTYRE,368.45,367.36,0.0030,0.0233,0.0233,0.4451
07-SEP-2026,JLHL,285.40,286.44,-0.0036,0.0156,0.0155,0.2961
07-SEP-2026,JMA,90.04,90.58,-0.0060,0.0220,0.0220,0.4203
07-SEP-2026,JMFINANCIL,130.28,132.06,-0.0136,0.0267,0.0266,0.5082
07-SEP-2026,JNKINDIA,435.37,445.05,-0.0220,0.0344,0.0343,0.6553
07-SEP-2026,JNPR,260.65,265.09,-0.0169,0.0108,0.0108,0.2063
07-SEP-2026,JOCIL,159.32,154.30,0.0320,0.0231,0.0232,0.4432
07-SEP-2026,JOTINDRA,2.70,2.70,0.0000,0.0215,0.0215,0.4108
07-SEP-2026,JPOLYINVST,1006.84,997.45,0.0094,0.0298,0.0297,0.5674
07-SEP-2026,JPPOWER,16.79,16.29,0.0302,0.0316,0.0316,0.6037
07-SEP-2026,JSFB,538.47,535.15,0.0062,0.0264,0.0264,0.5044
07-SEP-2026,JSL,736.80,737.85,-0.0014,0.0203,0.0202,0.3859
07-SEP-2026,JSLL,516.75,516.31,0.0009,0.0316,0.0315,0.6018
07-SEP-2026,JSWCEMENT,121.81,124.07,-0.0184,0.0155,0.0155,0.2961
07-SEP-2026,JSWDULUX,3186.79,3174.49,0.0039,0.0190,0.0189,0.3611
07-SEP-2026,JSWENERGY,530.00,539.85,-0.0184,0.0207,0.0207,0.3955
07-SEP-2026,JSWHL,11370.00,11476.40,-0.0093,0.0251,0.0250,0.4776
07-SEP-2026,JSWINFRA,330.85,333.00,-0.0065,0.0209,0.0209,0.3993
07-SEP-2026,JSWSTEEL,1302.06,1325.00,-0.0175,0.0149,0.0149,0.2847
07-SEP-2026,JTEKTINDIA,121.21,121.27,-0.0005,0.0249,0.0249,0.4757
07-SEP-2026,JTLIND,89.50,91.66,-0.0238,0.0354,0.0353,0.6744
07-SEP-2026,JUBLCPL,2206.84,2223.87,-0.0077,0.0319,0.0319,0.6094
07-SEP-2026,JUBLFOOD,475.40,482.70,-0.0152,0.0204,0.0204,0.3897
07-SEP-2026,JUBLINGREA,675.35,680.31,-0.0073,0.0237,0.0237,0.4528
07-SEP-2026,JUBLPHARMA,950.43,924.46,0.0277,0.0205,0.0206,0.3936
07-SEP-2026,JUNIORBEES,786.27,791.07,-0.0061,0.0103,0.0103,0.1968
07-SEP-2026,JUNIPER,215.32,216.89,-0.0073,0.0212,0.0212,0.4050
07-SEP-2026,JUSTDIAL,698.72,692.85,0.0084,0.0259,0.0259,0.4948
07-SEP-2026,JWL,244.97,243.25,0.0070,0.0276,0.0276,0.5273
07-SEP-2026,JYOTHYLAB,195.12,201.52,-0.0323,0.0195,0.0195,0.3725
07-SEP-2026,JYOTICNC,1019.98,1003.86,0.0159,0.0294,0.0294,0.5617
07-SEP-2026,JYOTIRES,870.08,868.77,0.0015,0.0203,0.0203,0.3878
07-SEP-2026,JYOTISTRUC,10.16,10.02,0.0139,0.0342,0.0342,0.6534
07-SEP-2026,KABIRDAS,1.00,1.00,0.0000,0.0000,0.0000,0.0000
07-SEP-2026,KABRAEXTRU,634.48,579.19,0.0912,0.0347,0.0352,0.6725
07-SEP-2026,KAJARIACER,1220.48,1239.60,-0.0155,0.0184,0.0183,0.3496
07-SEP-2026,KAKATCEM,109.16,109.60,-0.0040,0.0248,0.0247,0.4719
07-SEP-2026,KALAMANDIR,85.93,86.49,-0.0065,0.0265,0.0265,0.5063
07-SEP-2026,KALPATARU,275.80,277.65,-0.0067,0.0209,0.0208,0.3974
07-SEP-2026,KALYANI,144.99,144.99,0.0000,0.0045,0.0044,0.0841
07-SEP-2026,KALYANIFRG,1026.99,1080.38,-0.0507,0.0315,0.0316,0.6037
07-SEP-2026,KALYANKJIL,590.99,598.77,-0.0131,0.0304,0.0304,0.5808
07-SEP-2026,KAMAHOLD,2331.07,2348.26,-0.0073,0.0172,0.0171,0.3267
07-SEP-2026,KAMANWALA,16.52,16.60,-0.0048,0.0372,0.0371,0.7088
07-SEP-2026,KAMATHOTEL,228.18,225.66,0.0111,0.0302,0.0301,0.5751
07-SEP-2026,KAMDHENU,39.88,39.23,0.0164,0.0286,0.0285,0.5445
07-SEP-2026,KAMINI,3.25,3.25,0.0000,0.0032,0.0032,0.0611
07-SEP-2026,KAMOPAINTS,4.40,4.53,-0.0291,0.0269,0.0269,0.5139
07-SEP-2026,KANANIIND,1.51,1.52,-0.0066,0.0281,0.0280,0.5349
07-SEP-2026,KANCHI,403.05,409.62,-0.0162,0.0254,0.0253,0.4834
07-SEP-2026,KANCOTEA,55.72,56.39,-0.0120,0.0321,0.0320,0.6114
07-SEP-2026,KANORICHEM,156.20,155.56,0.0041,0.0279,0.0279,0.5330
07-SEP-2026,KANPRPLA,239.89,250.20,-0.0421,0.0335,0.0336,0.6419
07-SEP-2026,KANSAINER,194.29,194.20,0.0005,0.0174,0.0173,0.3305
07-SEP-2026,KAPSTON,566.50,584.05,-0.0305,0.0282,0.0282,0.5388
07-SEP-2026,KARMAENG,36.99,37.45,-0.0124,0.0315,0.0314,0.5999
07-SEP-2026,KARURVYSYA,341.70,348.85,-0.0207,0.0222,0.0222,0.4241
07-SEP-2026,KAUSHALYA,881.45,850.00,0.0363,0.0300,0.0300,0.5731
07-SEP-2026,KAVDEFENCE,66.51,67.18,-0.0100,0.0346,0.0345,0.6591
07-SEP-2026,KAYA,362.30,344.13,0.0515,0.0324,0.0325,0.6209
07-SEP-2026,KAYNES,3603.88,3596.90,0.0019,0.0334,0.0333,0.6362
07-SEP-2026,KCP,163.30,162.38,0.0056,0.0239,0.0239,0.4566
07-SEP-2026,KCPSUGIND,31.88,31.92,-0.0013,0.0292,0.0291,0.5560
07-SEP-2026,KDDL,3992.27,3910.96,0.0206,0.0289,0.0288,0.5502
07-SEP-2026,KDGREEN,48.58,50.47,-0.0382,0.0332,0.0332,0.6343
07-SEP-2026,KEC,401.65,408.53,-0.0170,0.0239,0.0239,0.4566
07-SEP-2026,KECL,122.93,126.38,-0.0277,0.0306,0.0305,0.5827
07-SEP-2026,KEEPLEARN,1.91,1.87,0.0212,0.0350,0.0350,0.6687
07-SEP-2026,KEI,4701.55,4850.00,-0.0311,0.0244,0.0244,0.4662
07-SEP-2026,KELLTONTEC,13.62,13.87,-0.0182,0.0304,0.0304,0.5808
07-SEP-2026,KENNAMET,4693.20,4688.26,0.0011,0.0273,0.0272,0.5197
07-SEP-2026,KERNEX,1769.33,1816.72,-0.0264,0.0395,0.0394,0.7527
07-SEP-2026,KESORAMIND,11.04,10.83,0.0192,0.0336,0.0335,0.6400
07-SEP-2026,KEYFINSERV,248.60,244.95,0.0148,0.0349,0.0349,0.6668
07-SEP-2026,KFINTECH,922.68,928.94,-0.0068,0.0244,0.0244,0.4662
07-SEP-2026,KHADIM,116.45,116.45,0.0000,0.0300,0.0299,0.5712
07-SEP-2026,KHAICHEM,53.60,54.87,-0.0234,0.0307,0.0307,0.5865
07-SEP-2026,KHAITANLTD,162.34,162.05,0.0018,0.0351,0.0350,0.6687
07-SEP-2026,KHANDSE,17.59,18.69,-0.0607,0.0323,0.0325,0.6209
07-SEP-2026,KICL,5196.00,5203.22,-0.0014,0.0214,0.0213,0.4069
07-SEP-2026,KILITCH,187.89,180.95,0.0376,0.0283,0.0283,0.5407
07-SEP-2026,KIMS,764.56,764.10,0.0006,0.0193,0.0192,0.3668
07-SEP-2026,KINGFA,6056.40,5933.52,0.0205,0.0243,0.0243,0.4643
07-SEP-2026,KIOCL,376.50,382.10,-0.0148,0.0329,0.0328,0.6266
07-SEP-2026,KIRANVYPAR,204.67,205.89,-0.0059,0.0245,0.0245,0.4681
07-SEP-2026,KIRIINDUS,583.19,559.10,0.0422,0.0304,0.0305,0.5827
07-SEP-2026,KIRLFER,460.08,459.60,0.0010,0.0220,0.0219,0.4184
07-SEP-2026,KIRLOSBROS,1832.41,1861.95,-0.0160,0.0266,0.0265,0.5063
07-SEP-2026,KIRLOSENG,2174.72,2201.95,-0.0124,0.0288,0.0287,0.5483
07-SEP-2026,KIRLOSIND,3714.01,3731.46,-0.0047,0.0264,0.0264,0.5044
07-SEP-2026,KIRLPNU,760.11,760.46,-0.0005,0.0259,0.0258,0.4929
07-SEP-2026,KISSHT,320.96,309.30,0.0370,0.0198,0.0200,0.3821
07-SEP-2026,KITEX,127.69,128.85,-0.0090,0.0330,0.0329,0.6286
07-SEP-2026,KJMCFIN,61.95,63.14,-0.0190,0.0438,0.0437,0.8349
07-SEP-2026,KKCL,504.53,514.30,-0.0192,0.0205,0.0205,0.3917
07-SEP-2026,KLBRENG-B,461.13,467.90,-0.0146,0.0230,0.0230,0.4394
07-SEP-2026,KMCSHIL,135.72,138.24,-0.0184,0.0252,0.0252,0.4814
07-SEP-2026,KMEW,2961.60,3032.36,-0.0236,0.0363,0.0363,0.6935
07-SEP-2026,KMSUGAR,30.71,30.68,0.0010,0.0236,0.0236,0.4509
07-SEP-2026,KNACK,185.93,187.31,-0.0074,0.0116,0.0116,0.2216
07-SEP-2026,KNAGRI,201.18,199.40,0.0089,0.0260,0.0259,0.4948
07-SEP-2026,KNRCON,122.74,124.66,-0.0155,0.0243,0.0243,0.4643
07-SEP-2026,KOHINOOR,30.83,32.77,-0.0610,0.0294,0.0297,0.5674
07-SEP-2026,KOKUYOCMLN,79.42,80.60,-0.0147,0.0225,0.0224,0.4280
07-SEP-2026,KOLTEPATIL,443.81,441.91,0.0043,0.0233,0.0233,0.4451
07-SEP-2026,KOPRAN,245.84,232.55,0.0556,0.0309,0.0311,0.5942
07-SEP-2026,KOTAKBANK,422.10,424.50,-0.0057,0.0140,0.0140,0.2675
07-SEP-2026,KOTARISUG,30.13,29.92,0.0070,0.0272,0.0272,0.5197
07-SEP-2026,KOTHARIPET,133.27,130.56,0.0205,0.0262,0.0262,0.5006
07-SEP-2026,KOTHARIPRO,66.18,67.39,-0.0181,0.0274,0.0274,0.5235
07-SEP-2026,KOTIC,131.94,132.48,-0.0041,0.0287,0.0286,0.5464
07-SEP-2026,KOTYARK,32.89,33.76,-0.0261,0.0225,0.0226,0.4318
07-SEP-2026,KOVAI,6070.56,6062.26,0.0014,0.0180,0.0180,0.3439
07-SEP-2026,KPEL,241.83,247.30,-0.0224,0.0289,0.0289,0.5521
07-SEP-2026,KPIGREEN,302.59,307.00,-0.0145,0.0269,0.0269,0.5139
07-SEP-2026,KPIL,1424.36,1406.60,0.0125,0.0201,0.0200,0.3821
07-SEP-2026,KPITTECH,562.28,575.46,-0.0232,0.0258,0.0257,0.4910
07-SEP-2026,KPL,3411.34,3286.06,0.0374,0.0359,0.0359,0.6859
07-SEP-2026,KPRMILL,1154.71,1186.25,-0.0269,0.0254,0.0254,0.4853
07-SEP-2026,KRBL,427.29,421.94,0.0126,0.0252,0.0251,0.4795
07-SEP-2026,KREBSBIO,55.99,55.95,0.0007,0.0329,0.0328,0.6266
07-SEP-2026,KRIDHANINF,1.99,2.03,-0.0199,0.0351,0.0351,0.6706
07-SEP-2026,KRISHANA,182.84,184.13,-0.0070,0.0288,0.0287,0.5483
07-SEP-2026,KRISHIVAL,415.28,416.29,-0.0024,0.0196,0.0195,0.3725
07-SEP-2026,KRISHNADEF,1066.40,1013.20,0.0512,0.0259,0.0260,0.4967
07-SEP-2026,KRITI,62.45,61.60,0.0137,0.0339,0.0338,0.6457
07-SEP-2026,KRITIKA,5.35,5.37,-0.0037,0.0274,0.0274,0.5235
07-SEP-2026,KRITINUT,83.20,86.42,-0.0380,0.0324,0.0324,0.6190
07-SEP-2026,KRN,1625.53,1578.78,0.0292,0.0307,0.0307,0.5865
07-SEP-2026,KRONOX,180.12,184.61,-0.0246,0.0325,0.0324,0.6190
07-SEP-2026,KROSS,209.13,211.51,-0.0113,0.0285,0.0284,0.5426
07-SEP-2026,KRSNAA,564.05,560.00,0.0072,0.0200,0.0200,0.3821
07-SEP-2026,KRT,113.21,112.49,0.0064,0.0097,0.0097,0.1853
07-SEP-2026,KRYSTAL,661.44,654.50,0.0105,0.0247,0.0247,0.4719
07-SEP-2026,KSB,801.44,813.51,-0.0149,0.0196,0.0196,0.3745
07-SEP-2026,KSCL,732.34,744.10,-0.0159,0.0234,0.0234,0.4471
07-SEP-2026,KSE,177.17,179.73,-0.0143,0.0210,0.0210,0.4012
07-SEP-2026,KSHINTL,1105.63,1087.81,0.0162,0.0270,0.0270,0.5158
07-SEP-2026,KSHITIJPOL,3.46,3.30,0.0473,0.0361,0.0362,0.6916
07-SEP-2026,KSL,941.39,940.49,0.0010,0.0244,0.0243,0.4643
07-SEP-2026,KSOLVES,269.08,272.06,-0.0110,0.0265,0.0264,0.5044
07-SEP-2026,KSR,34.13,34.61,-0.0140,0.0310,0.0309,0.5903
07-SEP-2026,KTKBANK,333.60,340.10,-0.0193,0.0207,0.0207,0.3955
07-SEP-2026,KUANTUM,76.70,74.18,0.0334,0.0224,0.0224,0.4280
07-SEP-2026,KUSUMGAR,571.91,571.22,0.0012,0.0108,0.0108,0.2063
07-SEP-2026,KWIL,41.12,42.12,-0.0240,0.0248,0.0248,0.4738
07-SEP-2026,LADDERUP,48.10,47.50,0.0126,0.0449,0.0448,0.8559
07-SEP-2026,LAFFANSOFT,10.00,10.00,0.0000,0.0000,0.0000,0.0000
07-SEP-2026,LAGNAM,74.55,74.80,-0.0033,0.0279,0.0278,0.5311
07-SEP-2026,LAHOTIOV,44.00,43.12,0.0202,0.0300,0.0300,0.5731
07-SEP-2026,LAKPRE,5.38,5.20,0.0340,0.0434,0.0433,0.8272
07-SEP-2026,LAKSHMIMIL,7793.68,7810.50,-0.0022,0.0195,0.0194,0.3706
07-SEP-2026,LAL,8.86,8.91,-0.0056,0.0290,0.0289,0.5521
07-SEP-2026,LALITHAA,317.74,306.93,0.0346,0.0100,0.0103,0.1968
07-SEP-2026,LALPATHLAB,1901.90,1877.47,0.0129,0.0183,0.0182,0.3477
07-SEP-2026,LAMBODHARA,134.60,134.67,-0.0005,0.0338,0.0337,0.6438
07-SEP-2026,LANCER,12.96,13.04,-0.0062,0.0343,0.0343,0.6553
07-SEP-2026,LANCORHOL,40.13,40.35,-0.0055,0.0359,0.0358,0.6840
07-SEP-2026,LANDMARK,494.10,510.15,-0.0320,0.0287,0.0287,0.5483
07-SEP-2026,LANDSMILL,0.58,0.63,-0.0827,0.0335,0.0340,0.6496
07-SEP-2026,LAOPALA,171.92,173.90,-0.0115,0.0188,0.0188,0.3592
07-SEP-2026,LARGEMID50,36.15,36.38,-0.0063,0.0008,0.0009,0.0172
07-SEP-2026,LASA,6.68,6.74,-0.0089,0.0312,0.0311,0.5942
07-SEP-2026,LASERPOWER,310.71,295.65,0.0497,0.0149,0.0153,0.2923
07-SEP-2026,LATENTVIEW,261.70,267.23,-0.0209,0.0264,0.0264,0.5044
07-SEP-2026,LATTEYS,20.63,20.50,0.0063,0.0330,0.0330,0.6305
07-SEP-2026,LAURUSLABS,1876.63,1840.00,0.0197,0.0198,0.0198,0.3783
07-SEP-2026,LAXMICOT,13.38,13.73,-0.0258,0.0343,0.0342,0.6534
07-SEP-2026,LAXMIDENTL,197.74,199.15,-0.0071,0.0287,0.0287,0.5483
07-SEP-2026,LAXMIINDIA,130.88,132.60,-0.0131,0.0320,0.0319,0.6094
07-SEP-2026,LCCINFOTEC,3.79,3.86,-0.0183,0.0393,0.0392,0.7489
07-SEP-2026,LCL,565.45,581.50,-0.0280,0.0117,0.0118,0.2254
07-SEP-2026,LEAPIND,146.28,150.28,-0.0270,0.0084,0.0086,0.1643
07-SEP-2026,LEENEE,8.18,8.45,-0.0325,0.0337,0.0337,0.6438
07-SEP-2026,LEGEND,1025.55,1025.55,0.0000,0.0004,0.0004,0.0076
07-SEP-2026,LEMERITE,20.72,20.93,-0.0101,0.0291,0.0291,0.5560
07-SEP-2026,LEMONTREE,107.28,104.95,0.0220,0.0203,0.0204,0.3897
07-SEP-2026,LENSKART,688.00,684.54,0.0050,0.0166,0.0166,0.3171
07-SEP-2026,LEXUS,13.38,13.53,-0.0111,0.0356,0.0355,0.6782
07-SEP-2026,LFIC,134.59,134.64,-0.0004,0.0300,0.0300,0.5731
07-SEP-2026,LGBBROSLTD,1731.71,1702.62,0.0169,0.0213,0.0213,0.4069
07-SEP-2026,LGEINDIA,1647.83,1640.70,0.0043,0.0154,0.0154,0.2942
07-SEP-2026,LGHL,176.23,175.42,0.0046,0.0275,0.0275,0.5254
07-SEP-2026,LIBAS,9.99,10.46,-0.0460,0.0232,0.0233,0.4451
07-SEP-2026,LIBERTSHOE,231.39,233.29,-0.0082,0.0265,0.0265,0.5063
07-SEP-2026,LICHSGFIN,551.98,562.08,-0.0181,0.0170,0.0170,0.3248
07-SEP-2026,LICI,411.51,415.35,-0.0093,0.0170,0.0170,0.3248
07-SEP-2026,LICMFGOLD,137.13,138.75,-0.0117,0.0180,0.0179,0.3420
07-SEP-2026,LICNETFGSC,29.40,29.34,0.0020,0.0036,0.0036,0.0688
07-SEP-2026,LICNETFN50,266.17,268.61,-0.0091,0.0088,0.0088,0.1681
07-SEP-2026,LICNETFSEN,861.13,862.89,-0.0020,0.0108,0.0107,0.2044
07-SEP-2026,LICNFNHGP,271.38,270.61,0.0028,0.0107,0.0107,0.2044
07-SEP-2026,LICNMID100,63.32,63.84,-0.0082,0.0120,0.0120,0.2293
07-SEP-2026,LIKHITHA,205.10,204.84,0.0013,0.0306,0.0305,0.5827
07-SEP-2026,LINC,96.80,95.08,0.0179,0.0274,0.0274,0.5235
07-SEP-2026,LINCOLN,632.36,620.53,0.0189,0.0262,0.0261,0.4986
07-SEP-2026,LINDEINDIA,6371.83,6346.12,0.0040,0.0190,0.0189,0.3611
07-SEP-2026,LIQGRWBEES,1054.56,1054.46,0.0001,0.0002,0.0002,0.0038
07-SEP-2026,LIQUID,999.99,999.99,0.0000,0.0000,0.0000,0.0000
07-SEP-2026,LIQUID1,1121.56,1121.43,0.0001,0.0002,0.0002,0.0038
07-SEP-2026,LIQUIDADD,1143.64,1143.51,0.0001,0.0002,0.0002,0.0038
07-SEP-2026,LIQUIDBEES,999.99,1000.00,-0.0000,0.0000,0.0000,0.0000
07-SEP-2026,LIQUIDBETA,1007.14,1007.04,0.0001,0.0001,0.0001,0.0019
07-SEP-2026,LIQUIDBETF,1097.78,1097.63,0.0001,0.0010,0.0010,0.0191
07-SEP-2026,LIQUIDCASE,115.81,115.80,0.0001,0.0002,0.0002,0.0038
07-SEP-2026,LIQUIDETF,999.99,999.99,0.0000,0.0000,0.0000,0.0000
07-SEP-2026,LIQUIDIETF,999.99,999.99,0.0000,0.0001,0.0001,0.0019
07-SEP-2026,LIQUIDPLUS,1102.13,1102.01,0.0001,0.0002,0.0002,0.0038
07-SEP-2026,LIQUIDSBI,999.99,1000.00,-0.0000,0.0003,0.0003,0.0057
07-SEP-2026,LIQUIDSHRI,1120.40,1120.33,0.0001,0.0002,0.0002,0.0038
07-SEP-2026,LKPSEC,15.37,15.35,0.0013,0.0278,0.0277,0.5292
07-SEP-2026,LLOYDSENGG,83.18,84.21,-0.0123,0.0329,0.0328,0.6266
07-SEP-2026,LLOYDSENT,72.28,74.23,-0.0266,0.0329,0.0329,0.6286
07-SEP-2026,LLOYDSME,1803.04,1822.64,-0.0108,0.0234,0.0234,0.4471
07-SEP-2026,LMW,18555.11,18773.49,-0.0117,0.0196,0.0196,0.3745
07-SEP-2026,LODHA,1200.00,1222.00,-0.0182,0.0251,0.0251,0.4795
07-SEP-2026,LOGICINFO,10.00,10.00,0.0000,0.0000,0.0000,0.0000
07-SEP-2026,LOKESHMACH,357.73,364.52,-0.0188,0.0327,0.0326,0.6228
07-SEP-2026,LORDSCHLO,138.93,146.58,-0.0536,0.0293,0.0295,0.5636
07-SEP-2026,LOTUSCHO,596.93,630.94,-0.0554,0.0353,0.0354,0.6763
07-SEP-2026,LOTUSDEV,199.69,193.22,0.0329,0.0246,0.0246,0.4700
07-SEP-2026,LOTUSEYE,109.06,108.66,0.0037,0.0289,0.0289,0.5521
07-SEP-2026,LOVABLE,70.96,71.37,-0.0058,0.0253,0.0253,0.4834
07-SEP-2026,LOWVOL,203.84,204.13,-0.0014,0.0078,0.0077,0.1471
07-SEP-2026,LOWVOL1,20.82,20.93,-0.0053,0.0096,0.0096,0.1834
07-SEP-2026,LOWVOLIETF,21.84,21.98,-0.0064,0.0078,0.0078,0.1490
07-SEP-2026,LOYALTEX,217.04,218.14,-0.0051,0.0326,0.0326,0.6228
07-SEP-2026,LPDC,6.32,6.73,-0.0629,0.0346,0.0348,0.6649
07-SEP-2026,LT,3998.91,3964.13,0.0087,0.0157,0.0157,0.2999
07-SEP-2026,LTF,312.43,314.00,-0.0050,0.0214,0.0214,0.4088
07-SEP-2026,LTFOODS,448.95,444.72,0.0095,0.0249,0.0248,0.4738
07-SEP-2026,LTGILTBEES,29.87,29.84,0.0010,0.0021,0.0021,0.0401
07-SEP-2026,LTGILTCASE,30.45,30.42,0.0010,0.0018,0.0018,0.0344
07-SEP-2026,LTM,4447.98,4553.95,-0.0235,0.0206,0.0206,0.3936
07-SEP-2026,LTTS,3413.87,3493.26,-0.0230,0.0216,0.0216,0.4127
07-SEP-2026,LUMAXIND,6140.24,6181.62,-0.0067,0.0285,0.0285,0.5445
07-SEP-2026,LUMAXTECH,1935.46,1951.99,-0.0085,0.0323,0.0322,0.6152
07-SEP-2026,LUMINO,114.82,114.50,0.0028,0.0026,0.0026,0.0497
07-SEP-2026,LUPIN,2105.00,2110.01,-0.0024,0.0141,0.0141,0.2694
07-SEP-2026,LUXIND,1159.27,1175.08,-0.0135,0.0274,0.0273,0.5216
07-SEP-2026,LXCHEM,171.99,172.04,-0.0003,0.0272,0.0271,0.5177
07-SEP-2026,LYKALABS,80.47,78.90,0.0197,0.0281,0.0280,0.5349
07-SEP-2026,M&M,3160.01,3170.00,-0.0032,0.0176,0.0176,0.3362
07-SEP-2026,M&MFIN,372.35,373.65,-0.0035,0.0237,0.0236,0.4509
07-SEP-2026,MAANALU,115.18,117.90,-0.0233,0.0291,0.0290,0.5540
07-SEP-2026,MACPOWER,1813.70,1904.90,-0.0491,0.0346,0.0347,0.6629
07-SEP-2026,MADHAV,35.70,35.36,0.0096,0.0280,0.0280,0.5349
07-SEP-2026,MADHAVIPL,7.91,7.99,-0.0101,0.0289,0.0288,0.5502
07-SEP-2026,MADHUCON,4.67,4.63,0.0086,0.0315,0.0314,0.5999
07-SEP-2026,MADRASFERT,64.56,65.12,-0.0086,0.0242,0.0241,0.4604
07-SEP-2026,MAFANG,219.40,207.56,0.0555,0.0156,0.0160,0.3057
07-SEP-2026,MAFATIND,121.82,121.66,0.0013,0.0272,0.0271,0.5177
07-SEP-2026,MAGADSUGAR,574.01,552.06,0.0390,0.0251,0.0252,0.4814
07-SEP-2026,MAGNUM,19.10,18.96,0.0074,0.0280,0.0279,0.5330
07-SEP-2026,MAHABANK,85.00,85.92,-0.0108,0.0225,0.0224,0.4280
07-SEP-2026,MAHAPEXLTD,55.94,53.51,0.0444,0.0346,0.0347,0.6629
07-SEP-2026,MAHASTEEL,1293.67,1282.35,0.0088,0.0285,0.0284,0.5426
07-SEP-2026,MAHEPC,103.17,103.60,-0.0042,0.0255,0.0255,0.4872
07-SEP-2026,MAHESHWARI,71.05,72.21,-0.0162,0.0228,0.0228,0.4356
07-SEP-2026,MAHKTECH,23.04,22.10,0.0417,0.0195,0.0197,0.3764
07-SEP-2026,MAHLIFE,360.19,362.45,-0.0063,0.0196,0.0195,0.3725
07-SEP-2026,MAHLOG,403.20,405.35,-0.0053,0.0230,0.0230,0.4394
07-SEP-2026,MAHSCOOTER,13492.81,13601.10,-0.0080,0.0205,0.0205,0.3917
07-SEP-2026,MAHSEAMLES,688.92,688.10,0.0012,0.0185,0.0185,0.3534
07-SEP-2026,MAITHANALL,1103.86,1090.63,0.0121,0.0233,0.0233,0.4451
07-SEP-2026,MAJESAUT,352.15,349.25,0.0083,0.0262,0.0262,0.5006
07-SEP-2026,MAKEINDIA,164.92,165.23,-0.0019,0.0098,0.0098,0.1872
07-SEP-2026,MAKERSL,186.76,190.03,-0.0174,0.0373,0.0372,0.7107
07-SEP-2026,MALLCOM,977.35,1020.94,-0.0436,0.0254,0.0256,0.4891
07-SEP-2026,MALUPAPER,33.09,31.65,0.0445,0.0292,0.0293,0.5598
07-SEP-2026,MAMATA,413.50,412.65,0.0021,0.0253,0.0252,0.4814
07-SEP-2026,MANAKALUCO,39.44,37.92,0.0393,0.0412,0.0412,0.7871
07-SEP-2026,MANAKCOAT,121.15,121.80,-0.0054,0.0287,0.0287,0.5483
07-SEP-2026,MANAKSIA,66.34,63.06,0.0507,0.0242,0.0244,0.4662
07-SEP-2026,MANAKSTEEL,105.60,107.31,-0.0161,0.0351,0.0350,0.6687
07-SEP-2026,MANALIPETC,86.16,86.76,-0.0069,0.0289,0.0289,0.5521
07-SEP-2026,MANAPPURAM,325.58,339.70,-0.0425,0.0219,0.0221,0.4222
07-SEP-2026,MANBA,130.81,128.96,0.0142,0.0189,0.0189,0.3611
07-SEP-2026,MANCREDIT,226.87,228.30,-0.0063,0.0237,0.0237,0.4528
07-SEP-2026,MANGALAM,29.56,30.03,-0.0158,0.0299,0.0299,0.5712
07-SEP-2026,MANGLMCEM,1090.20,1095.20,-0.0046,0.0207,0.0206,0.3936
07-SEP-2026,MANINDS,819.48,788.60,0.0384,0.0343,0.0343,0.6553
07-SEP-2026,MANINFRA,124.42,124.79,-0.0030,0.0256,0.0255,0.4872
07-SEP-2026,MANIPALHOS,727.24,726.90,0.0005,0.0082,0.0082,0.1567
07-SEP-2026,MANKIND,2318.04,2327.94,-0.0043,0.0170,0.0169,0.3229
07-SEP-2026,MANOMAY,234.49,234.98,-0.0021,0.0297,0.0296,0.5655
07-SEP-2026,MANORAMA,2003.57,1993.30,0.0051,0.0298,0.0297,0.5674
07-SEP-2026,MANORG,494.88,489.36,0.0112,0.0315,0.0315,0.6018
07-SEP-2026,MANUFGBEES,162.88,163.73,-0.0052,0.0083,0.0083,0.1586
07-SEP-2026,MANUGRAPH,14.87,14.75,0.0081,0.0349,0.0349,0.6668
07-SEP-2026,MANYAVAR,586.30,594.20,-0.0134,0.0222,0.0222,0.4241
07-SEP-2026,MAPMYINDIA,975.99,972.21,0.0039,0.0280,0.0280,0.5349
07-SEP-2026,MARALOVER,64.27,61.82,0.0389,0.0320,0.0320,0.6114
07-SEP-2026,MARATHON,459.51,437.98,0.0480,0.0291,0.0292,0.5579
07-SEP-2026,MARBLE,123.35,123.35,0.0000,0.0000,0.0000,0.0000
07-SEP-2026,MARICO,806.00,815.15,-0.0113,0.0122,0.0122,0.2331
07-SEP-2026,MARINE,419.95,432.15,-0.0286,0.0326,0.0325,0.6209
07-SEP-2026,MARKOLINES,175.36,171.90,0.0199,0.0257,0.0257,0.4910
07-SEP-2026,MARKSANS,335.05,326.74,0.0251,0.0289,0.0288,0.5502
07-SEP-2026,MARSONS,128.83,137.56,-0.0656,0.0316,0.0318,0.6075
07-SEP-2026,MARUTI,12760.00,12694.24,0.0052,0.0149,0.0148,0.2828
07-SEP-2026,MASFIN,295.25,295.01,0.0008,0.0186,0.0185,0.3534
07-SEP-2026,MASKINVEST,148.00,148.64,-0.0043,0.0370,0.0369,0.7050
07-SEP-2026,MASPTOP50,85.91,79.86,0.0730,0.0132,0.0141,0.2694
07-SEP-2026,MASTEK,1691.72,1772.79,-0.0468,0.0269,0.0271,0.5177
07-SEP-2026,MASTERTR,88.84,89.15,-0.0035,0.0373,0.0372,0.7107
07-SEP-2026,MATRIMONY,521.45,529.05,-0.0145,0.0215,0.0214,0.4088
07-SEP-2026,MAWANASUG,145.11,145.40,-0.0020,0.0261,0.0260,0.4967
07-SEP-2026,MAXESTATES,543.02,542.24,0.0014,0.0271,0.0271,0.5177
07-SEP-2026,MAXHEALTH,991.99,984.80,0.0073,0.0183,0.0183,0.3496
07-SEP-2026,MAXIND,147.69,150.66,-0.0199,0.0277,0.0277,0.5292
07-SEP-2026,MAXPLUS,10.00,10.00,0.0000,0.0000,0.0000,0.0000
07-SEP-2026,MAYURUNIQ,712.40,734.85,-0.0310,0.0239,0.0239,0.4566
07-SEP-2026,MAZDA,274.15,270.07,0.0150,0.0298,0.0297,0.5674
07-SEP-2026,MAZDOCK,2453.87,2475.05,-0.0086,0.0249,0.0249,0.4757
07-SEP-2026,MBAPL,163.01,166.12,-0.0189,0.0256,0.0256,0.4891
07-SEP-2026,MBECL,271.83,258.89,0.0488,0.2973,0.2965,5.6646
07-SEP-2026,MBEL,267.91,270.16,-0.0084,0.0278,0.0278,0.5311
07-SEP-2026,MBLINFRA,23.35,24.30,-0.0399,0.0339,0.0340,0.6496
07-SEP-2026,MCCHRLS-B,672.88,673.94,-0.0016,0.0247,0.0247,0.4719
07-SEP-2026,MCL,57.02,58.30,-0.0222,0.0286,0.0285,0.5445
07-SEP-2026,MCLEODRUSS,45.17,46.31,-0.0249,0.0344,0.0343,0.6553
07-SEP-2026,MCLOUD,25.97,26.29,-0.0122,0.0398,0.0397,0.7585
07-SEP-2026,MCX,3330.20,3275.39,0.0166,0.0251,0.0250,0.4776
07-SEP-2026,MEDANTA,1422.58,1469.71,-0.0326,0.0189,0.0190,0.3630
07-SEP-2026,MEDIA,0.50,0.50,0.0000,0.0001,0.0001,0.0019
07-SEP-2026,MEDIASSIST,336.52,340.35,-0.0113,0.0231,0.0231,0.4413
07-SEP-2026,MEDICAMEQ,279.18,270.27,0.0324,0.0301,0.0301,0.5751
07-SEP-2026,MEDICAPQ,26.92,26.28,0.0241,0.0319,0.0319,0.6094
07-SEP-2026,MEDICO,40.77,39.87,0.0223,0.0308,0.0308,0.5884
07-SEP-2026,MEDPLUS,659.69,676.47,-0.0251,0.0201,0.0201,0.3840
07-SEP-2026,MEESHO,210.29,208.98,0.0062,0.0248,0.0248,0.4738
07-SEP-2026,MEGASTAR,300.28,307.60,-0.0241,0.0277,0.0277,0.5292
07-SEP-2026,MEIL,279.27,285.11,-0.0207,0.0230,0.0230,0.4394
07-SEP-2026,MENNPIS,81.70,77.63,0.0511,0.0291,0.0293,0.5598
07-SEP-2026,MENONBE,306.57,321.41,-0.0473,0.0288,0.0289,0.5521
07-SEP-2026,MEP,0.70,0.71,-0.0142,0.0226,0.0226,0.4318
07-SEP-2026,MERCANTILE,24.44,25.66,-0.0487,0.0353,0.0354,0.6763
07-SEP-2026,MERCURYEV,37.41,36.72,0.0186,0.0329,0.0329,0.6286
07-SEP-2026,METAL,13.28,13.46,-0.0135,0.0137,0.0137,0.2617
07-SEP-2026,METALIETF,13.24,13.40,-0.0120,0.0136,0.0136,0.2598
07-SEP-2026,METROBRAND,934.55,929.09,0.0059,0.0185,0.0185,0.3534
07-SEP-2026,METROGLOBL,140.00,136.14,0.0280,0.0282,0.0282,0.5388
07-SEP-2026,METROPOLIS,577.76,589.49,-0.0201,0.0191,0.0191,0.3649
07-SEP-2026,MFML,18.62,18.59,0.0016,0.0316,0.0315,0.6018
07-SEP-2026,MFSL,1520.00,1548.40,-0.0185,0.0166,0.0167,0.3191
07-SEP-2026,MGEL,15.72,14.24,0.0989,0.0307,0.0314,0.5999
07-SEP-2026,MGL,1092.09,1096.60,-0.0041,0.0201,0.0200,0.3821
07-SEP-2026,MGLFL,10.00,10.00,0.0000,0.0000,0.0000,0.0000
07-SEP-2026,MHLXMIRU,175.00,174.89,0.0006,0.0339,0.0338,0.6457
07-SEP-2026,MHRIL,205.53,207.40,-0.0091,0.0190,0.0189,0.3611
07-SEP-2026,MICEL,37.30,36.58,0.0195,0.0339,0.0338,0.6457
07-SEP-2026,MID150,23.49,23.61,-0.0051,0.0119,0.0119,0.2273
07-SEP-2026,MID150BEES,239.11,240.15,-0.0043,0.0101,0.0101,0.1930
07-SEP-2026,MID150CASE,11.63,11.68,-0.0043,0.0095,0.0095,0.1815
07-SEP-2026,MIDBANKADD,17.38,17.50,-0.0069,0.0031,0.0031,0.0592
07-SEP-2026,MIDCAP,18.43,18.51,-0.0043,0.0109,0.0109,0.2082
07-SEP-2026,MIDCAPADD,23.07,23.28,-0.0091,0.0131,0.0131,0.2503
07-SEP-2026,MIDCAPBETA,233.48,233.21,0.0012,0.0113,0.0113,0.2159
07-SEP-2026,MIDCAPETF,23.61,23.73,-0.0051,0.0103,0.0103,0.1968
07-SEP-2026,MIDCAPIETF,23.90,24.06,-0.0067,0.0101,0.0101,0.1930
07-SEP-2026,MIDHANI,419.93,418.80,0.0027,0.0276,0.0275,0.5254
07-SEP-2026,MIDQ50ADD,24.92,24.98,-0.0024,0.0102,0.0101,0.1930
07-SEP-2026,MIDSELIETF,19.78,19.93,-0.0076,0.0114,0.0113,0.2159
07-SEP-2026,MIDSMALL,51.74,51.82,-0.0015,0.0109,0.0108,0.2063
07-SEP-2026,MIDWESTLTD,1062.52,1062.14,0.0004,0.0239,0.0238,0.4547
07-SEP-2026,MIIL,709.67,717.13,-0.0105,0.0246,0.0246,0.4700
07-SEP-2026,MILIND,69.95,69.95,0.0000,0.0000,0.0000,0.0000
07-SEP-2026,MILKYMIST,276.03,252.44,0.0893,0.0145,0.0158,0.3019
07-SEP-2026,MINALIND,5.61,5.35,0.0475,0.0392,0.0393,0.7508
07-SEP-2026,MINDACORP,695.56,702.26,-0.0096,0.0209,0.0209,0.3993
07-SEP-2026,MINDSPACE,497.82,501.11,-0.0066,0.0092,0.0092,0.1758
07-SEP-2026,MINDTECK,168.68,168.81,-0.0008,0.0311,0.0310,0.5923
07-SEP-2026,MIRZAINT,31.02,30.96,0.0019,0.0273,0.0272,0.5197
07-SEP-2026,MITCON,80.58,77.80,0.0351,0.0285,0.0286,0.5464
07-SEP-2026,MITTAL,0.92,0.80,0.1398,0.0298,0.0313,0.5980
07-SEP-2026,MKEXIM,61.04,62.64,-0.0259,0.0293,0.0293,0.5598
07-SEP-2026,MKPL,4.03,4.02,0.0025,0.0273,0.0272,0.5197
07-SEP-2026,MLKFOOD,85.69,83.63,0.0243,0.0242,0.0242,0.4623
07-SEP-2026,MMFL,618.10,630.03,-0.0191,0.0259,0.0259,0.4948
07-SEP-2026,MMP,444.95,404.15,0.0962,0.0275,0.0283,0.5407
07-SEP-2026,MMTC,63.82,64.18,-0.0056,0.0288,0.0288,0.5502
07-SEP-2026,MMWL,14.34,14.46,-0.0083,0.0348,0.0348,0.6649
07-SEP-2026,MNC,33.04,33.21,-0.0051,0.0107,0.0106,0.2025
07-SEP-2026,MOALPHA50,56.19,56.36,-0.0030,0.0105,0.0105,0.2006
07-SEP-2026,MOBANK10,16.78,16.95,-0.0101,0.0054,0.0055,0.1051
07-SEP-2026,MOBIKWIK,194.23,192.12,0.0109,0.0298,0.0297,0.5674
07-SEP-2026,MOCAPITAL,54.79,54.50,0.0053,0.0142,0.0142,0.2713
07-SEP-2026,MODEFENCE,107.24,107.13,0.0010,0.0154,0.0154,0.2942
07-SEP-2026,MODINATUR,344.75,340.95,0.0111,0.0262,0.0261,0.4986
07-SEP-2026,MODIRUBBER,128.98,131.30,-0.0178,0.0320,0.0319,0.6094
07-SEP-2026,MODIS,383.05,380.86,0.0057,0.0242,0.0242,0.4623
07-SEP-2026,MODISONLTD,475.79,469.93,0.0124,0.0362,0.0362,0.6916
07-SEP-2026,MODTHREAD,54.70,54.39,0.0057,0.0525,0.0523,0.9992
07-SEP-2026,MOENERGY,37.89,38.42,-0.0139,0.0090,0.0091,0.1739
07-SEP-2026,MOGOLD,150.28,151.76,-0.0098,0.0157,0.0157,0.2999
07-SEP-2026,MOGSEC,65.24,65.70,-0.0070,0.0055,0.0056,0.1070
07-SEP-2026,MOHEALTH,51.89,51.84,0.0010,0.0092,0.0091,0.1739
07-SEP-2026,MOHITE,2.80,2.79,0.0036,0.0415,0.0414,0.7909
07-SEP-2026,MOHITIND,23.83,23.78,0.0021,0.0334,0.0334,0.6381
07-SEP-2026,MOIL,247.22,252.29,-0.0203,0.0247,0.0247,0.4719
07-SEP-2026,MOINFRA,58.51,58.68,-0.0029,0.0102,0.0102,0.1949
07-SEP-2026,MOIPO,48.66,49.15,-0.0100,0.0113,0.0113,0.2159
07-SEP-2026,MOKSH,10.13,10.07,0.0059,0.0283,0.0282,0.5388
07-SEP-2026,MOL,65.73,66.66,-0.0140,0.0298,0.0297,0.5674
07-SEP-2026,MOLBIO,1127.28,1160.57,-0.0291,0.0127,0.0129,0.2465
07-SEP-2026,MOLDTECH,219.18,208.71,0.0489,0.0321,0.0322,0.6152
07-SEP-2026,MOLDTKPAC,697.63,706.64,-0.0128,0.0232,0.0232,0.4432
07-SEP-2026,MOLIND,3.20,3.20,0.0000,0.0000,0.0000,0.0000
07-SEP-2026,MOLOWVOL,35.91,36.12,-0.0058,0.0092,0.0092,0.1758
07-SEP-2026,MOM100,67.82,68.18,-0.0053,0.0105,0.0104,0.1987
07-SEP-2026,MOM30IETF,31.23,31.38,-0.0048,0.0114,0.0114,0.2178
07-SEP-2026,MOM50,248.82,251.47,-0.0106,0.0083,0.0083,0.1586
07-SEP-2026,MOMENTUM,31.20,31.06,0.0045,0.0119,0.0119,0.2273
07-SEP-2026,MOMENTUM30,30.76,30.81,-0.0016,0.0114,0.0113,0.2159
07-SEP-2026,MOMENTUM50,54.33,54.38,-0.0009,0.0114,0.0113,0.2159
07-SEP-2026,MOMETAL,13.20,13.32,-0.0090,0.0032,0.0032,0.0611
07-SEP-2026,MOMGF,161.86,165.66,-0.0232,0.0133,0.0134,0.2560
07-SEP-2026,MOMIDMTM,64.44,64.55,-0.0017,0.0106,0.0106,0.2025
07-SEP-2026,MOMMIDCAP,12.96,12.99,-0.0023,0.0027,0.0027,0.0516
07-SEP-2026,MOMNC,32.02,32.19,-0.0053,0.0099,0.0099,0.1891
07-SEP-2026,MOMOMENTUM,62.07,62.31,-0.0039,0.0114,0.0114,0.2178
07-SEP-2026,MON100,336.33,324.67,0.0353,0.0142,0.0144,0.2751
07-SEP-2026,MON50EQUAL,33.08,33.17,-0.0027,0.0079,0.0079,0.1509
07-SEP-2026,MONARCH,383.25,377.90,0.0141,0.0231,0.0231,0.4413
07-SEP-2026,MONEXT50,72.41,73.14,-0.0100,0.0093,0.0093,0.1777
07-SEP-2026,MONEYBOXX,56.82,58.81,-0.0344,0.0264,0.0264,0.5044
07-SEP-2026,MONIFTY100,25.15,25.32,-0.0067,0.0084,0.0084,0.1605
07-SEP-2026,MONIFTY500,23.78,23.91,-0.0055,0.0085,0.0085,0.1624
07-SEP-2026,MONQ50,163.94,141.93,0.1442,0.0149,0.0180,0.3439
07-SEP-2026,MONTECARLO,575.54,574.92,0.0011,0.0211,0.0211,0.4031
07-SEP-2026,MOOILGAS,11.12,11.29,-0.0152,0.0020,0.0023,0.0439
07-SEP-2026,MOPSE,99.05,101.57,-0.0251,0.0096,0.0097,0.1853
07-SEP-2026,MOQUALITY,197.14,198.73,-0.0080,0.0100,0.0100,0.1910
07-SEP-2026,MORARJEE,9.36,9.70,-0.0357,0.0462,0.0461,0.8807
07-SEP-2026,MOREALTY,89.89,90.84,-0.0105,0.0164,0.0164,0.3133
07-SEP-2026,MOREPENLAB,118.87,113.74,0.0441,0.0356,0.0357,0.6820
07-SEP-2026,MOSCHIP,212.60,212.23,0.0017,0.0327,0.0326,0.6228
07-SEP-2026,MOSERVICE,30.65,30.91,-0.0084,0.0083,0.0083,0.1586
07-SEP-2026,MOSILVER,227.80,230.02,-0.0097,0.0293,0.0293,0.5598
07-SEP-2026,MOSMALL250,18.54,18.52,0.0011,0.0109,0.0109,0.2082
07-SEP-2026,MOTHERSON,162.00,160.69,0.0081,0.0218,0.0217,0.4146
07-SEP-2026,MOTILALOFS,1055.01,1036.67,0.0175,0.0262,0.0262,0.5006
07-SEP-2026,MOTISONS,16.77,16.48,0.0174,0.0322,0.0321,0.6133
07-SEP-2026,MOTOGENFIN,31.37,28.71,0.0886,0.0278,0.0284,0.5426
07-SEP-2026,MOTOUR,77.37,77.74,-0.0048,0.0121,0.0121,0.2312
07-SEP-2026,MOVALUE,112.05,113.21,-0.0103,0.0116,0.0116,0.2216
07-SEP-2026,MPDL,34.34,33.97,0.0108,0.0481,0.0480,0.9170
07-SEP-2026,MPHASIS,2368.96,2422.00,-0.0221,0.0193,0.0193,0.3687
07-SEP-2026,MPSLTD,2636.08,2658.70,-0.0085,0.0302,0.0301,0.5751
07-SEP-2026,MRF,128889.51,129946.55,-0.0082,0.0145,0.0145,0.2770
07-SEP-2026,MRPL,173.19,174.83,-0.0094,0.0308,0.0307,0.5865
07-SEP-2026,MSCI360,10.07,10.27,-0.0197,0.0206,0.0206,0.3936
07-SEP-2026,MSCIADD,29.30,29.53,-0.0078,0.0078,0.0078,0.1490
07-SEP-2026,MSCIINDIA,29.60,29.82,-0.0074,0.0100,0.0100,0.1910
07-SEP-2026,MSL,142.39,141.17,0.0086,0.0295,0.0294,0.5617
07-SEP-2026,MSPL,34.78,35.39,-0.0174,0.0276,0.0276,0.5273
07-SEP-2026,MSTCLTD,785.64,734.19,0.0677,0.0307,0.0310,0.5923
07-SEP-2026,MSUMI,36.90,36.52,0.0104,0.0186,0.0186,0.3554
07-SEP-2026,MTARTECH,7518.78,7160.98,0.0488,0.0360,0.0360,0.6878
07-SEP-2026,MTEDUCARE,1.88,1.77,0.0603,0.0327,0.0329,0.6286
07-SEP-2026,MTNL,26.05,26.55,-0.0190,0.0286,0.0285,0.5445
07-SEP-2026,MUFIN,136.19,137.56,-0.0100,0.0242,0.0241,0.4604
07-SEP-2026,MUFTI,74.02,75.23,-0.0162,0.0266,0.0265,0.5063
07-SEP-2026,MUKANDLTD,136.90,134.44,0.0181,0.0235,0.0235,0.4490
07-SEP-2026,MUKESHB,134.72,133.96,0.0057,0.0365,0.0364,0.6954
07-SEP-2026,MUKKA,32.15,31.34,0.0255,0.0244,0.0244,0.4662
07-SEP-2026,MUKTAARTS,59.81,59.14,0.0113,0.0322,0.0321,0.6133
07-SEP-2026,MULTICAP,16.69,16.79,-0.0060,0.0093,0.0092,0.1758
07-SEP-2026,MUNJALAU,116.04,112.28,0.0329,0.0303,0.0303,0.5789
07-SEP-2026,MUNJALSHOW,129.27,129.24,0.0002,0.0200,0.0199,0.3802
07-SEP-2026,MURUDCERA,29.33,29.64,-0.0105,0.0224,0.0224,0.4280
07-SEP-2026,MUTHOOTCAP,239.05,241.84,-0.0116,0.0242,0.0242,0.4623
07-SEP-2026,MUTHOOTFIN,2880.05,2913.87,-0.0117,0.0228,0.0227,0.4337
07-SEP-2026,MUTHOOTMF,197.95,205.30,-0.0365,0.0268,0.0269,0.5139
07-SEP-2026,MVELECTRO,806.34,729.67,0.0999,0.0163,0.0178,0.3401
07-SEP-2026,MVGJL,215.88,179.89,0.1824,0.0271,0.0300,0.5731
07-SEP-2026,MWL,38.50,38.56,-0.0016,0.0182,0.0181,0.3458
07-SEP-2026,MYSORPETRO,133.42,127.12,0.0484,0.0325,0.0326,0.6228
07-SEP-2026,NACLIND,164.57,166.89,-0.0140,0.0361,0.0360,0.6878
07-SEP-2026,NAGAFERT,1.96,2.05,-0.0449,0.0254,0.0255,0.4872
07-SEP-2026,NAGREEKCAP,23.75,23.25,0.0213,0.0353,0.0353,0.6744
07-SEP-2026,NAGREEKEXP,22.29,24.08,-0.0772,0.0313,0.0317,0.6056
07-SEP-2026,NAHARCAP,257.85,261.61,-0.0145,0.0214,0.0214,0.4088
07-SEP-2026,NAHARINDUS,139.13,137.63,0.0108,0.0264,0.0264,0.5044
07-SEP-2026,NAHARPOLY,238.38,244.54,-0.0255,0.0291,0.0291,0.5560
07-SEP-2026,NAHARSPING,286.84,289.80,-0.0103,0.0254,0.0253,0.4834
07-SEP-2026,NAM-INDIA,1195.00,1159.89,0.0298,0.0243,0.0243,0.4643
07-SEP-2026,NANDINI,14.00,14.00,0.0000,0.0000,0.0000,0.0000
07-SEP-2026,NARMADA,14.38,13.51,0.0624,0.0333,0.0336,0.6419
07-SEP-2026,NATCAPSUQ,206.09,216.48,-0.0492,0.0345,0.0346,0.6610
07-SEP-2026,NATCOPHARM,838.32,828.66,0.0116,0.0236,0.0236,0.4509
07-SEP-2026,NATHBIOGEN,152.65,153.12,-0.0031,0.0233,0.0232,0.4432
07-SEP-2026,NATIONALUM,365.97,374.11,-0.0220,0.0267,0.0266,0.5082
07-SEP-2026,NATIONSTD,104.68,107.76,-0.0290,0.0424,0.0423,0.8081
07-SEP-2026,NAUKRI,1302.46,1320.04,-0.0134,0.0202,0.0202,0.3859
07-SEP-2026,NAVA,556.25,556.25,0.0000,0.0251,0.0251,0.4795
07-SEP-2026,NAVINFLUOR,8603.61,8557.65,0.0054,0.0217,0.0216,0.4127
07-SEP-2026,NAVKARCORP,96.03,96.25,-0.0023,0.0288,0.0288,0.5502
07-SEP-2026,NAVKARURB,0.92,0.90,0.0220,0.0308,0.0307,0.5865
07-SEP-2026,NAVNETEDUL,131.82,131.21,0.0046,0.0211,0.0210,0.4012
07-SEP-2026,NAZARA,370.31,368.66,0.0045,0.0240,0.0239,0.4566
07-SEP-2026,NBCC,85.96,86.60,-0.0074,0.0237,0.0237,0.4528
07-SEP-2026,NBIFIN,1967.70,1981.90,-0.0072,0.0254,0.0254,0.4853
07-SEP-2026,NCC,150.67,149.65,0.0068,0.0213,0.0213,0.4069
07-SEP-2026,NCCL,12.10,12.10,0.0000,0.0000,0.0000,0.0000
07-SEP-2026,NCLIND,177.71,177.81,-0.0006,0.0188,0.0187,0.3573
07-SEP-2026,NDGL,2790.00,2787.70,0.0008,0.0269,0.0268,0.5120
07-SEP-2026,NDL,2.98,2.83,0.0516,0.0313,0.0314,0.5999
07-SEP-2026,NDLVENTURE,120.57,124.52,-0.0322,0.0291,0.0291,0.5560
07-SEP-2026,NDRAUTO,721.08,723.45,-0.0033,0.0286,0.0286,0.5464
07-SEP-2026,NDRINVIT,145.00,145.00,0.0000,0.0112,0.0112,0.2140
07-SEP-2026,NDTV,72.90,74.28,-0.0188,0.0271,0.0270,0.5158
07-SEP-2026,NEAGI,3449.00,3300.10,0.0441,0.0199,0.0201,0.3840
07-SEP-2026,NECCLTD,19.43,18.52,0.0480,0.0314,0.0315,0.6018
07-SEP-2026,NECLIFE,12.08,12.19,-0.0091,0.0339,0.0338,0.6457
07-SEP-2026,NELCAST,114.77,116.99,-0.0192,0.0327,0.0326,0.6228
07-SEP-2026,NELCO,933.21,911.26,0.0238,0.0305,0.0305,0.5827
07-SEP-2026,NEOGEN,2207.14,2138.12,0.0318,0.0299,0.0299,0.5712
07-SEP-2026,NEPACL,9.30,9.30,0.0000,0.0000,0.0000,0.0000
07-SEP-2026,NEPHROPLUS,710.92,697.07,0.0197,0.0201,0.0201,0.3840
07-SEP-2026,NESCO,1075.99,1047.66,0.0267,0.0198,0.0198,0.3783
07-SEP-2026,NESTLEIND,1397.98,1410.81,-0.0091,0.0131,0.0131,0.2503
07-SEP-2026,NETF,258.46,261.41,-0.0113,0.0085,0.0085,0.1624
07-SEP-2026,NETWEB,5157.02,5193.04,-0.0070,0.0346,0.0345,0.6591
07-SEP-2026,NETWORK18,27.64,28.38,-0.0264,0.0263,0.0263,0.5025
07-SEP-2026,NEUEON,11.78,11.12,0.0577,0.0425,0.0426,0.8139
07-SEP-2026,NEULANDLAB,22870.07,22658.42,0.0093,0.0273,0.0272,0.5197
07-SEP-2026,NEWAGE,10.00,10.00,0.0000,0.0000,0.0000,0.0000
07-SEP-2026,NEWERA,8.50,8.50,0.0000,0.0018,0.0018,0.0344
07-SEP-2026,NEWGEN,520.69,524.81,-0.0079,0.0340,0.0339,0.6477
07-SEP-2026,NEXT30ADD,42.49,42.69,-0.0047,0.0091,0.0091,0.1739
07-SEP-2026,NEXT50,748.99,755.09,-0.0081,0.0108,0.0108,0.2063
07-SEP-2026,NEXT50ADD,73.04,73.52,-0.0066,0.0159,0.0159,0.3038
07-SEP-2026,NEXT50BETA,78.66,79.05,-0.0049,0.0108,0.0108,0.2063
07-SEP-2026,NEXT50ETF,73.23,73.83,-0.0082,0.0092,0.0092,0.1758
07-SEP-2026,NEXT50IETF,76.76,77.25,-0.0064,0.0103,0.0103,0.1968
07-SEP-2026,NEXTMEDIA,3.77,3.89,-0.0313,0.0372,0.0372,0.7107
07-SEP-2026,NFL,70.32,70.51,-0.0027,0.0213,0.0213,0.4069
07-SEP-2026,NGIL,40.11,40.58,-0.0116,0.0305,0.0304,0.5808
07-SEP-2026,NGLFINE,2871.16,2907.37,-0.0125,0.0361,0.0361,0.6897
07-SEP-2026,NH,1911.74,1858.53,0.0282,0.0188,0.0188,0.3592
07-SEP-2026,NHIT,171.00,171.00,0.0000,0.0084,0.0084,0.1605
07-SEP-2026,NHPC,76.00,76.25,-0.0033,0.0170,0.0169,0.3229
07-SEP-2026,NIACL,231.20,229.91,0.0056,0.0304,0.0303,0.5789
07-SEP-2026,NIBE,1318.00,1336.60,-0.0140,0.0331,0.0330,0.6305
07-SEP-2026,NIBL,30.73,30.80,-0.0023,0.0346,0.0346,0.6610
07-SEP-2026,NICCOPAR,79.29,80.00,-0.0089,0.0243,0.0243,0.4643
07-SEP-2026,NIF100BEES,264.62,266.55,-0.0073,0.0082,0.0082,0.1567
07-SEP-2026,NIF100IETF,27.83,28.05,-0.0079,0.0084,0.0084,0.1605
07-SEP-2026,NIF500BETA,37.24,37.54,-0.0080,0.0009,0.0010,0.0191
07-SEP-2026,NIFTY1,264.20,265.83,-0.0062,0.0078,0.0078,0.1490
07-SEP-2026,NIFTY100EW,34.85,35.06,-0.0060,0.0117,0.0117,0.2235
07-SEP-2026,NIFTYADD,250.91,252.53,-0.0064,0.0121,0.0120,0.2293
07-SEP-2026,NIFTYAXIS,263.61,265.62,-0.0076,0.0080,0.0080,0.1528
07-SEP-2026,NIFTYBEES,271.19,273.27,-0.0076,0.0078,0.0078,0.1490
07-SEP-2026,NIFTYBETA,263.86,265.73,-0.0071,0.0077,0.0077,0.1471
07-SEP-2026,NIFTYBETF,245.32,246.65,-0.0054,0.0085,0.0085,0.1624
07-SEP-2026,NIFTYCASE,9.56,9.64,-0.0083,0.0066,0.0066,0.1261
07-SEP-2026,NIFTYETF,258.42,260.69,-0.0087,0.0081,0.0081,0.1548
07-SEP-2026,NIFTYIETF,269.60,271.88,-0.0084,0.0079,0.0079,0.1509
07-SEP-2026,NIFTYJBLK,12.30,12.28,0.0016,0.0011,0.0012,0.0229
07-SEP-2026,NIFTYQLITY,21.09,21.32,-0.0108,0.0093,0.0093,0.1777
07-SEP-2026,NIITLTD,97.22,98.96,-0.0177,0.0338,0.0338,0.6457
07-SEP-2026,NIITMTS,220.73,225.96,-0.0234,0.0243,0.0243,0.4643
07-SEP-2026,NILAINFRA,6.71,6.67,0.0060,0.0260,0.0259,0.4948
07-SEP-2026,NILASPACES,12.22,12.23,-0.0008,0.0277,0.0276,0.5273
07-SEP-2026,NILE,1459.12,1465.80,-0.0046,0.0308,0.0307,0.5865
07-SEP-2026,NILKAMAL,2063.22,2116.88,-0.0257,0.0227,0.0227,0.4337
07-SEP-2026,NIMBSPROJ,143.51,147.91,-0.0302,0.0292,0.0292,0.5579
07-SEP-2026,NINSYS,706.19,712.86,-0.0094,0.0271,0.0270,0.5158
07-SEP-2026,NIPPOBATRY,325.27,331.73,-0.0197,0.0259,0.0259,0.4948
07-SEP-2026,NIRAJ,28.84,28.72,0.0042,0.0332,0.0331,0.6324
07-SEP-2026,NIRAJISPAT,368.45,387.80,-0.0512,0.0413,0.0413,0.7890
07-SEP-2026,NIRLON,615.24,619.98,-0.0077,0.0117,0.0117,0.2235
07-SEP-2026,NITCO,93.84,96.10,-0.0238,0.0310,0.0310,0.5923
07-SEP-2026,NITINSPIN,627.44,639.06,-0.0184,0.0247,0.0246,0.4700
07-SEP-2026,NITIRAJ,231.04,219.19,0.0527,0.0288,0.0290,0.5540
07-SEP-2026,NITTAGELA,1678.18,1633.84,0.0268,0.0288,0.0288,0.5502
07-SEP-2026,NIVABUPA,80.67,80.11,0.0070,0.0167,0.0167,0.3191
07-SEP-2026,NKIND,57.30,57.14,0.0028,0.0411,0.0409,0.7814
07-SEP-2026,NKTEXTILE,10.00,10.00,0.0000,0.0000,0.0000,0.0000
07-SEP-2026,NLCINDIA,269.30,273.05,-0.0138,0.0242,0.0242,0.4623
07-SEP-2026,NMDC,83.85,84.70,-0.0101,0.0186,0.0185,0.3534
07-SEP-2026,NOCIL,172.18,172.42,-0.0014,0.0253,0.0252,0.4814
07-SEP-2026,NOIDATOLL,4.02,4.14,-0.0294,0.0359,0.0359,0.6859
07-SEP-2026,NORBTEAEXP,67.72,70.69,-0.0429,0.0286,0.0287,0.5483
07-SEP-2026,NORTHARC,305.95,301.91,0.0133,0.0246,0.0246,0.4700
07-SEP-2026,NOVAAGRI,23.31,23.87,-0.0237,0.0293,0.0293,0.5598
07-SEP-2026,NOVARTIND,1639.65,1645.42,-0.0035,0.0256,0.0256,0.4891
07-SEP-2026,NPBET,287.34,290.32,-0.0103,0.0113,0.0113,0.2159
07-SEP-2026,NPST,1740.45,1718.95,0.0124,0.0321,0.0320,0.6114
07-SEP-2026,NRAIL,589.90,583.78,0.0104,0.0313,0.0312,0.5961
07-SEP-2026,NRBBEARING,482.99,447.01,0.0774,0.0250,0.0255,0.4872
07-SEP-2026,NRL,132.78,126.92,0.0451,0.0265,0.0266,0.5082
07-SEP-2026,NSIL,5677.00,5721.52,-0.0078,0.0209,0.0208,0.3974
07-SEP-2026,NSLNISP,45.87,46.02,-0.0033,0.0259,0.0258,0.4929
07-SEP-2026,NTCIND,132.39,134.92,-0.0189,0.0265,0.0265,0.5063
07-SEP-2026,NTPC,332.00,332.50,-0.0015,0.0133,0.0132,0.2522
07-SEP-2026,NTPCGREEN,88.16,89.36,-0.0135,0.0178,0.0178,0.3401
07-SEP-2026,NUCLEUS,718.72,729.01,-0.0142,0.0246,0.0245,0.4681
07-SEP-2026,NURECA,319.38,322.72,-0.0104,0.0322,0.0321,0.6133
07-SEP-2026,NUVAMA,1832.48,1815.60,0.0093,0.0248,0.0247,0.4719
07-SEP-2026,NUVOCO,345.10,352.15,-0.0202,0.0216,0.0216,0.4127
07-SEP-2026,NV20,13.82,13.99,-0.0122,0.0094,0.0094,0.1796
07-SEP-2026,NV20BEES,138.43,139.39,-0.0069,0.0081,0.0081,0.1548
07-SEP-2026,NV20IETF,13.49,13.62,-0.0096,0.0073,0.0073,0.1395
07-SEP-2026,NXST,167.04,164.55,0.0150,0.0096,0.0097,0.1853
07-SEP-2026,NXT-INFRA,97.00,97.00,0.0000,0.0051,0.0051,0.0974
07-SEP-2026,NYKAA,332.70,332.50,0.0006,0.0180,0.0179,0.3420
07-SEP-2026,OAL,537.37,519.91,0.0330,0.0323,0.0323,0.6171
07-SEP-2026,OBCL,55.03,55.19,-0.0029,0.0205,0.0204,0.3897
07-SEP-2026,OBEROIRLTY,1847.50,1875.60,-0.0151,0.0183,0.0183,0.3496
07-SEP-2026,OCCLLTD,164.24,163.93,0.0019,0.0320,0.0319,0.6094
07-SEP-2026,ODIGMA,22.47,23.45,-0.0427,0.0258,0.0259,0.4948
07-SEP-2026,ODYCORP,7.26,7.47,-0.0285,0.0398,0.0397,0.7585
07-SEP-2026,OEGIL,25.70,25.70,0.0000,0.0004,0.0004,0.0076
07-SEP-2026,OFSS,11844.79,12058.00,-0.0178,0.0212,0.0212,0.4050
07-SEP-2026,OIL,486.99,488.30,-0.0027,0.0213,0.0212,0.4050
07-SEP-2026,OILCOUNTUB,64.39,65.02,-0.0097,0.0341,0.0341,0.6515
07-SEP-2026,OILIETF,11.26,11.37,-0.0097,0.0097,0.0097,0.1853
07-SEP-2026,OITL,10.00,10.00,0.0000,0.0000,0.0000,0.0000
07-SEP-2026,OLAELEC,37.96,38.20,-0.0063,0.0359,0.0358,0.6840
07-SEP-2026,OLECTRA,1207.42,1228.99,-0.0177,0.0276,0.0275,0.5254
07-SEP-2026,OMAXAUTO,177.63,183.05,-0.0301,0.0377,0.0376,0.7183
07-SEP-2026,OMAXE,129.80,136.36,-0.0493,0.0349,0.0350,0.6687
07-SEP-2026,OMFREIGHT,88.03,89.83,-0.0202,0.0242,0.0242,0.4623
07-SEP-2026,OMINFRAL,83.68,84.42,-0.0088,0.0263,0.0263,0.5025
07-SEP-2026,OMNI,519.12,526.00,-0.0132,0.0320,0.0319,0.6094
07-SEP-2026,OMPOWER,170.44,175.80,-0.0310,0.0134,0.0136,0.2598
07-SEP-2026,ONEGLOBAL,523.18,542.41,-0.0361,0.0394,0.0394,0.7527
07-SEP-2026,ONELIFECAP,31.97,32.18,-0.0065,0.0339,0.0338,0.6457
07-SEP-2026,ONEPOINT,57.73,57.01,0.0126,0.0267,0.0267,0.5101
07-SEP-2026,ONESOURCE,1552.30,1537.74,0.0094,0.0249,0.0248,0.4738
07-SEP-2026,ONGC,233.71,234.65,-0.0040,0.0157,0.0156,0.2980
07-SEP-2026,ONIDA,34.81,34.64,0.0049,0.0393,0.0392,0.7489
07-SEP-2026,ONIXSOLAR,423.05,403.20,0.0481,0.0323,0.0324,0.6190
07-SEP-2026,ONMOBILE,49.15,48.57,0.0119,0.0315,0.0315,0.6018
07-SEP-2026,ONWARDTEC,283.85,284.31,-0.0016,0.0286,0.0285,0.5445
07-SEP-2026,OPTIEMUS,560.46,569.05,-0.0152,0.0317,0.0316,0.6037
07-SEP-2026,OPTIFIN,14.42,14.79,-0.0253,0.0409,0.0408,0.7795
07-SEP-2026,ORBTEXP,239.00,239.02,-0.0001,0.0358,0.0357,0.6820
07-SEP-2026,ORCHASP,1.29,1.38,-0.0674,0.0355,0.0357,0.6820
07-SEP-2026,ORCHPHARMA,947.09,954.65,-0.0080,0.0289,0.0288,0.5502
07-SEP-2026,ORICONENT,52.91,54.15,-0.0232,0.0223,0.0223,0.4260
07-SEP-2026,ORIENTALTL,5.12,5.31,-0.0364,0.0290,0.0291,0.5560
07-SEP-2026,ORIENTBELL,415.08,420.00,-0.0118,0.0295,0.0295,0.5636
07-SEP-2026,ORIENTCEM,126.56,129.68,-0.0244,0.0212,0.0212,0.4050
07-SEP-2026,ORIENTCER,44.60,43.92,0.0154,0.0287,0.0286,0.5464
07-SEP-2026,ORIENTELEC,176.39,179.18,-0.0157,0.0229,0.0229,0.4375
07-SEP-2026,ORIENTHOT,139.06,139.93,-0.0062,0.0304,0.0303,0.5789
07-SEP-2026,ORIENTLTD,83.88,80.70,0.0386,0.0311,0.0311,0.5942
07-SEP-2026,ORIENTPPR,18.81,17.08,0.0965,0.0244,0.0253,0.4834
07-SEP-2026,ORIENTTECH,235.16,238.41,-0.0137,0.0331,0.0330,0.6305
07-SEP-2026,ORIRAIL,127.28,130.69,-0.0264,0.0315,0.0314,0.5999
07-SEP-2026,ORISSAMINE,4189.85,4311.79,-0.0287,0.0266,0.0267,0.5101
07-SEP-2026,ORKLAINDIA,590.67,594.15,-0.0059,0.0133,0.0133,0.2541
07-SEP-2026,ORTEL,1.85,1.90,-0.0267,0.0422,0.0421,0.8043
07-SEP-2026,ORTINGLOBE,15.44,15.67,-0.0148,0.0336,0.0335,0.6400
07-SEP-2026,OSIAHYPER,2.45,2.47,-0.0081,0.0354,0.0353,0.6744
07-SEP-2026,OSWALAGRO,36.61,36.64,-0.0008,0.0330,0.0329,0.6286
07-SEP-2026,OSWALGREEN,20.27,20.39,-0.0059,0.0287,0.0286,0.5464
07-SEP-2026,OSWALMIN,10.00,10.00,0.0000,0.0000,0.0000,0.0000
07-SEP-2026,OSWALPUMPS,274.40,279.20,-0.0173,0.0254,0.0254,0.4853
07-SEP-2026,OSWALSEEDS,12.06,11.72,0.0286,0.0306,0.0306,0.5846
07-SEP-2026,PACEDIGITK,161.09,167.60,-0.0396,0.0222,0.0223,0.4260
07-SEP-2026,PACIFICI,140.00,143.23,-0.0228,0.0321,0.0320,0.6114
07-SEP-2026,PAGEIND,35825.00,36299.92,-0.0132,0.0154,0.0154,0.2942
07-SEP-2026,PAISALO,79.40,74.09,0.0692,0.0280,0.0284,0.5426
07-SEP-2026,PAKKA,77.21,73.71,0.0464,0.0302,0.0303,0.5789
07-SEP-2026,PALASHSECU,89.20,90.17,-0.0108,0.0234,0.0234,0.4471
07-SEP-2026,PALREDTEC,56.12,55.83,0.0052,0.0317,0.0316,0.6037
07-SEP-2026,PANACEABIO,378.42,381.25,-0.0075,0.0349,0.0348,0.6649
07-SEP-2026,PANACHE,526.00,525.00,0.0019,0.0300,0.0300,0.5731
07-SEP-2026,PANAMAPET,481.34,495.45,-0.0289,0.0315,0.0315,0.6018
07-SEP-2026,PANCHMAHQ,298.43,303.00,-0.0152,0.0332,0.0331,0.6324
07-SEP-2026,PANORAMA,48.88,47.48,0.0291,0.0346,0.0346,0.6610
07-SEP-2026,PANSARI,300.45,300.05,0.0013,0.0299,0.0298,0.5693
07-SEP-2026,PAR,148.88,156.71,-0.0513,0.0354,0.0355,0.6782
07-SEP-2026,PARACABLES,65.61,65.51,0.0015,0.0360,0.0359,0.6859
07-SEP-2026,PARADEEP,157.98,157.00,0.0062,0.0278,0.0277,0.5292
07-SEP-2026,PARAGMILK,250.25,249.60,0.0026,0.0287,0.0286,0.5464
07-SEP-2026,PARAS,1489.40,1414.86,0.0513,0.0336,0.0337,0.6438
07-SEP-2026,PARASPETRO,2.15,2.14,0.0047,0.0355,0.0355,0.6782
07-SEP-2026,PARKHOSPS,286.80,286.22,0.0020,0.0207,0.0206,0.3936
07-SEP-2026,PARKHOTELS,111.21,112.21,-0.0090,0.0217,0.0217,0.4146
07-SEP-2026,PARNAXLAB,130.92,130.85,0.0005,0.0335,0.0334,0.6381
07-SEP-2026,PARSVNATH,1.60,1.57,0.0189,0.0351,0.0351,0.6706
07-SEP-2026,PASHUPATI,81.39,81.97,-0.0071,0.0173,0.0173,0.3305
07-SEP-2026,PASUPTAC,67.33,67.64,-0.0046,0.0317,0.0316,0.6037
07-SEP-2026,PATANJALI,340.91,342.51,-0.0047,0.0179,0.0179,0.3420
07-SEP-2026,PATELENG,27.10,27.28,-0.0066,0.0262,0.0261,0.4986
07-SEP-2026,PATELRMART,217.99,218.37,-0.0017,0.0246,0.0246,0.4700
07-SEP-2026,PATINTLOG,13.41,13.32,0.0067,0.0264,0.0264,0.5044
07-SEP-2026,PAUSHAKLTD,762.81,785.48,-0.0293,0.0308,0.0308,0.5884
07-SEP-2026,PAVNAIND,16.11,17.22,-0.0666,0.0373,0.0375,0.7164
07-SEP-2026,PAYTM,1663.97,1659.49,0.0027,0.0269,0.0268,0.5120
07-SEP-2026,PBMPOLY,60.18,60.18,0.0000,0.0365,0.0364,0.6954
07-SEP-2026,PCBL,317.46,317.01,0.0014,0.0287,0.0286,0.5464
07-SEP-2026,PCJEWELLER,13.93,11.86,0.1609,0.0323,0.0342,0.6534
07-SEP-2026,PDMJEPAPER,101.43,93.21,0.0845,0.0263,0.0269,0.5139
07-SEP-2026,PDSL,349.61,358.52,-0.0252,0.0245,0.0245,0.4681
07-SEP-2026,PEARLPOLY,15.33,15.12,0.0138,0.0312,0.0311,0.5942
07-SEP-2026,PENIND,175.97,169.56,0.0371,0.0300,0.0300,0.5731
07-SEP-2026,PENINLAND,16.18,16.55,-0.0226,0.0342,0.0341,0.6515
07-SEP-2026,PERMAGN,872.24,888.10,-0.0180,0.0282,0.0282,0.5388
07-SEP-2026,PERNIASPOP,568.51,535.00,0.0608,0.0000,0.0043,0.0822
07-SEP-2026,PERSISTENT,5540.20,5643.17,-0.0184,0.0227,0.0227,0.4337
07-SEP-2026,PETRONET,290.95,288.10,0.0098,0.0184,0.0184,0.3515
07-SEP-2026,PFC,353.10,355.61,-0.0071,0.0203,0.0202,0.3859
07-SEP-2026,PFIZER,4596.35,4610.35,-0.0030,0.0152,0.0152,0.2904
07-SEP-2026,PFOCUS,311.76,306.84,0.0159,0.0349,0.0349,0.6668
07-SEP-2026,PFS,27.39,26.94,0.0166,0.0229,0.0229,0.4375
07-SEP-2026,PGEL,559.55,562.20,-0.0047,0.0304,0.0303,0.5789
07-SEP-2026,PGHH,7634.73,7668.48,-0.0044,0.0129,0.0129,0.2465
07-SEP-2026,PGHL,5667.09,5659.92,0.0013,0.0156,0.0156,0.2980
07-SEP-2026,PGIL,2257.08,2278.23,-0.0093,0.0321,0.0320,0.6114
07-SEP-2026,PGINVIT,102.51,101.17,0.0132,0.0071,0.0071,0.1356
07-SEP-2026,PHARMABEES,27.40,27.32,0.0029,0.0089,0.0089,0.1700
07-SEP-2026,PHOENIXLTD,1905.00,1942.00,-0.0192,0.0193,0.0193,0.3687
07-SEP-2026,PHOENXINTL,29.69,29.01,0.0232,0.0337,0.0336,0.6419
07-SEP-2026,PICCADIL,617.98,615.75,0.0036,0.0287,0.0286,0.5464
07-SEP-2026,PIDILITIND,1575.10,1629.50,-0.0340,0.0134,0.0136,0.2598
07-SEP-2026,PIGL,98.35,98.78,-0.0044,0.0322,0.0321,0.6133
07-SEP-2026,PIIND,2430.00,2465.07,-0.0143,0.0181,0.0181,0.3458
07-SEP-2026,PILANIINVS,4298.82,4324.28,-0.0059,0.0199,0.0199,0.3802
07-SEP-2026,PILITA,7.85,8.02,-0.0214,0.0290,0.0290,0.5540
07-SEP-2026,PILLAR,10.00,10.00,0.0000,0.0000,0.0000,0.0000
07-SEP-2026,PINELABS,164.49,166.36,-0.0113,0.0241,0.0241,0.4604
07-SEP-2026,PIONEEREMB,21.74,21.36,0.0176,0.0288,0.0288,0.5502
07-SEP-2026,PIONRINV,81.90,79.80,0.0260,0.0405,0.0404,0.7718
07-SEP-2026,PIRAMALFIN,2261.12,2225.00,0.0161,0.0164,0.0164,0.3133
07-SEP-2026,PITTIENG,1176.18,1084.77,0.0809,0.0243,0.0249,0.4757
07-SEP-2026,PIXTRANS,1754.15,1791.74,-0.0212,0.0251,0.0250,0.4776
07-SEP-2026,PKLEASING,10.00,10.00,0.0000,0.0000,0.0000,0.0000
07-SEP-2026,PKTEA,963.15,802.65,0.1823,0.0310,0.0335,0.6400
07-SEP-2026,PLASTIBLEN,193.14,187.80,0.0280,0.0228,0.0228,0.4356
07-SEP-2026,PLATIND,233.73,231.55,0.0094,0.0276,0.0275,0.5254
07-SEP-2026,PLAZACABLE,59.04,61.33,-0.0381,0.0300,0.0301,0.5751
07-SEP-2026,PML,489.75,488.80,0.0019,0.0236,0.0235,0.4490
07-SEP-2026,PNB,115.60,116.99,-0.0120,0.0180,0.0180,0.3439
07-SEP-2026,PNBGILTS,81.87,83.08,-0.0147,0.0256,0.0255,0.4872
07-SEP-2026,PNBHOUSING,1182.10,1166.00,0.0137,0.0221,0.0221,0.4222
07-SEP-2026,PNC,16.37,16.72,-0.0212,0.0324,0.0323,0.6171
07-SEP-2026,PNCINFRA,181.69,183.10,-0.0077,0.0232,0.0231,0.4413
07-SEP-2026,PNGJL,618.97,608.46,0.0171,0.0218,0.0218,0.4165
07-SEP-2026,PNGSREVA,540.20,516.34,0.0452,0.0235,0.0236,0.4509
07-SEP-2026,POCL,467.96,477.82,-0.0209,0.0316,0.0316,0.6037
07-SEP-2026,PODDARMENT,277.85,257.10,0.0776,0.0235,0.0241,0.4604
07-SEP-2026,POEL,145.39,142.69,0.0187,0.0299,0.0299,0.5712
07-SEP-2026,POKARNA,803.05,817.15,-0.0174,0.0322,0.0321,0.6133
07-SEP-2026,POLICYBZR,1792.00,1836.12,-0.0243,0.0223,0.0223,0.4260
07-SEP-2026,POLYCAB,8260.62,8300.00,-0.0048,0.0207,0.0207,0.3955
07-SEP-2026,POLYMED,1701.09,1702.48,-0.0008,0.0266,0.0265,0.5063
07-SEP-2026,POLYPLEX,1179.77,1190.92,-0.0094,0.0222,0.0222,0.4241
07-SEP-2026,POLYSPIN,29.46,28.59,0.0300,0.0384,0.0384,0.7336
07-SEP-2026,PONNIERODE,386.89,382.45,0.0115,0.0238,0.0237,0.4528
07-SEP-2026,POONAWALLA,459.73,468.43,-0.0187,0.0226,0.0225,0.4299
07-SEP-2026,POWERGRID,266.46,266.00,0.0017,0.0138,0.0138,0.2636
07-SEP-2026,POWERICA,512.10,525.04,-0.0250,0.0192,0.0192,0.3668
07-SEP-2026,POWERINDIA,31772.65,31650.00,0.0039,0.0289,0.0289,0.5521
07-SEP-2026,POWERMECH,2359.69,2305.63,0.0232,0.0249,0.0249,0.4757
07-SEP-2026,PPAP,256.15,260.85,-0.0182,0.0347,0.0347,0.6629
07-SEP-2026,PPL,270.05,262.05,0.0301,0.0283,0.0284,0.5426
07-SEP-2026,PPLPHARMA,219.66,214.22,0.0251,0.0227,0.0227,0.4337
07-SEP-2026,PRABHA,243.42,230.60,0.0541,0.0264,0.0266,0.5082
07-SEP-2026,PRABHATSEC,10.80,10.80,0.0000,0.0000,0.0000,0.0000
07-SEP-2026,PRADPME,490.75,492.14,-0.0028,0.0309,0.0308,0.5884
07-SEP-2026,PRAENG,24.26,24.61,-0.0143,0.0361,0.0360,0.6878
07-SEP-2026,PRAJIND,336.65,335.56,0.0032,0.0247,0.0246,0.4700
07-SEP-2026,PRAKASH,125.08,125.63,-0.0044,0.0268,0.0267,0.5101
07-SEP-2026,PRAKASHSTL,3.76,3.82,-0.0158,0.0240,0.0240,0.4585
07-SEP-2026,PRAVEG,264.59,266.16,-0.0059,0.0331,0.0330,0.6305
07-SEP-2026,PRAXIS,4.66,4.68,-0.0043,0.0338,0.0337,0.6438
07-SEP-2026,PRECAM,123.98,124.03,-0.0004,0.0307,0.0306,0.5846
07-SEP-2026,PRECOT,693.90,698.05,-0.0060,0.0358,0.0357,0.6820
07-SEP-2026,PRECWIRE,460.96,472.70,-0.0251,0.0361,0.0360,0.6878
07-SEP-2026,PREMCO,386.17,389.12,-0.0076,0.0237,0.0236,0.4509
07-SEP-2026,PREMEXPLN,663.24,663.99,-0.0011,0.0357,0.0356,0.6801
07-SEP-2026,PREMIER,2.74,2.74,0.0000,0.0279,0.0279,0.5330
07-SEP-2026,PREMIERENE,989.99,1001.99,-0.0120,0.0224,0.0224,0.4280
07-SEP-2026,PREMIERPOL,91.45,95.35,-0.0418,0.0357,0.0357,0.6820
07-SEP-2026,PRESTIGE,1550.01,1589.32,-0.0250,0.0226,0.0227,0.4337
07-SEP-2026,PRHOLDING,10.00,10.00,0.0000,0.0000,0.0000,0.0000
07-SEP-2026,PRICOLLTD,779.39,764.95,0.0187,0.0236,0.0235,0.4490
07-SEP-2026,PRIMESECU,278.90,284.49,-0.0198,0.0217,0.0217,0.4146
07-SEP-2026,PRIMO,20.87,21.27,-0.0190,0.0296,0.0296,0.5655
07-SEP-2026,PRINCEPIPE,283.90,282.99,0.0032,0.0234,0.0234,0.4471
07-SEP-2026,PRIORITY,229.05,241.38,-0.0524,0.0000,0.0037,0.0707
07-SEP-2026,PRISMX,0.54,0.54,0.0000,0.0349,0.0348,0.6649
07-SEP-2026,PRITI,33.34,33.89,-0.0164,0.0327,0.0326,0.6228
07-SEP-2026,PRITIKAUTO,15.71,16.25,-0.0338,0.0276,0.0277,0.5292
07-SEP-2026,PRIVISCL,3382.03,3367.33,0.0044,0.0223,0.0222,0.4241
07-SEP-2026,PRIYAINT,8.50,8.50,0.0000,0.0000,0.0000,0.0000
07-SEP-2026,PROSTARM,138.88,134.73,0.0303,0.0276,0.0276,0.5273
07-SEP-2026,PROTEAN,515.41,496.34,0.0377,0.0282,0.0283,0.5407
07-SEP-2026,PROZONER,48.01,49.75,-0.0356,0.0309,0.0309,0.5903
07-SEP-2026,PRSMJOHNSN,112.21,111.12,0.0098,0.0216,0.0215,0.4108
07-SEP-2026,PRUDENT,3366.50,3347.94,0.0055,0.0267,0.0266,0.5082
07-SEP-2026,PRUDMOULI,16.88,16.00,0.0535,0.0310,0.0312,0.5961
07-SEP-2026,PSB,22.98,23.23,-0.0108,0.0224,0.0224,0.4280
07-SEP-2026,PSPPROJECT,869.07,875.56,-0.0074,0.0267,0.0266,0.5082
07-SEP-2026,PSUBANK,84.42,85.53,-0.0131,0.0154,0.0154,0.2942
07-SEP-2026,PSUBANKADD,85.41,86.48,-0.0124,0.0149,0.0149,0.2847
07-SEP-2026,PSUBNKBEES,94.21,95.45,-0.0131,0.0152,0.0152,0.2904
07-SEP-2026,PSUBNKIETF,85.42,86.53,-0.0129,0.0146,0.0146,0.2789
07-SEP-2026,PTC,154.78,156.29,-0.0097,0.0222,0.0222,0.4241
07-SEP-2026,PTCIL,23756.38,23829.96,-0.0031,0.0254,0.0254,0.4853
07-SEP-2026,PTL,38.70,38.72,-0.0005,0.0131,0.0131,0.2503
07-SEP-2026,PUNJABCHEM,1098.29,1100.30,-0.0018,0.0268,0.0267,0.5101
07-SEP-2026,PURBANCHAL,8.65,8.65,0.0000,0.0000,0.0000,0.0000
07-SEP-2026,PURVA,223.04,230.72,-0.0339,0.0296,0.0296,0.5655
07-SEP-2026,PVP,65.22,67.94,-0.0409,0.0392,0.0392,0.7489
07-SEP-2026,PVRINOX,1156.52,1227.19,-0.0593,0.0184,0.0188,0.3592
07-SEP-2026,PVSL,100.54,102.63,-0.0206,0.0261,0.0260,0.4967
07-SEP-2026,PVTBANIETF,28.02,28.17,-0.0053,0.0100,0.0100,0.1910
07-SEP-2026,PVTBANK,27.87,28.00,-0.0047,0.0025,0.0025,0.0478
07-SEP-2026,PVTBANKADD,28.24,28.34,-0.0035,0.0109,0.0109,0.2082
07-SEP-2026,PVTBKGROWW,27.90,27.92,-0.0007,0.0046,0.0046,0.0879
07-SEP-2026,PWL,129.67,126.42,0.0254,0.0256,0.0256,0.4891
07-SEP-2026,PYRAMID,151.31,153.73,-0.0159,0.0256,0.0256,0.4891
07-SEP-2026,QGOLDHALF,125.79,127.62,-0.0144,0.0169,0.0169,0.3229
07-SEP-2026,QMSMEDI,161.87,158.97,0.0181,0.0310,0.0309,0.5903
07-SEP-2026,QNIFTY,262.18,264.15,-0.0075,0.0080,0.0080,0.1528
07-SEP-2026,QPOWER,1482.53,1495.29,-0.0086,0.0333,0.0332,0.6343
07-SEP-2026,QUADFUTURE,415.69,417.94,-0.0054,0.0367,0.0366,0.6992
07-SEP-2026,QUAL30IETF,20.82,21.12,-0.0143,0.0085,0.0086,0.1643
07-SEP-2026,QUALITY30,20.49,20.65,-0.0078,0.0085,0.0085,0.1624
07-SEP-2026,QUESS,339.60,354.73,-0.0436,0.0236,0.0238,0.4547
07-SEP-2026,QUICKHEAL,153.16,140.94,0.0831,0.0313,0.0317,0.6056
07-SEP-2026,QUINT,39.43,40.70,-0.0317,0.0318,0.0318,0.6075
07-SEP-2026,QUINTEGRA,1.28,1.21,0.0562,0.0533,0.0533,1.0183
07-SEP-2026,RACE,99.92,99.30,0.0062,0.0295,0.0295,0.5636
07-SEP-2026,RACLGEAR,1573.76,1576.04,-0.0014,0.0320,0.0319,0.6094
07-SEP-2026,RADAAN,3.02,2.97,0.0167,0.0302,0.0302,0.5770
07-SEP-2026,RADHIKAJWE,94.27,83.16,0.1254,0.0318,0.0329,0.6286
07-SEP-2026,RADIANTCMS,42.72,41.73,0.0234,0.0242,0.0242,0.4623
07-SEP-2026,RADICO,4444.00,4494.07,-0.0112,0.0201,0.0200,0.3821
07-SEP-2026,RADIOCITY,6.23,6.28,-0.0080,0.0213,0.0212,0.4050
07-SEP-2026,RAILTEL,270.03,271.06,-0.0038,0.0265,0.0264,0.5044
07-SEP-2026,RAIN,211.39,215.71,-0.0202,0.0315,0.0315,0.6018
07-SEP-2026,RAINBOW,1469.69,1447.08,0.0155,0.0163,0.0163,0.3114
07-SEP-2026,RAJESHEXPO,79.77,83.02,-0.0399,0.0304,0.0305,0.5827
07-SEP-2026,RAJMET,3.15,3.15,0.0000,0.0247,0.0246,0.4700
07-SEP-2026,RAJOOENG,54.16,51.59,0.0486,0.0301,0.0302,0.5770
07-SEP-2026,RAJPALAYAM,776.88,795.28,-0.0234,0.0185,0.0185,0.3534
07-SEP-2026,RAJRATAN,488.84,498.32,-0.0192,0.0278,0.0278,0.5311
07-SEP-2026,RAJRILTD,21.65,22.01,-0.0165,0.0214,0.0214,0.4088
07-SEP-2026,RAJSREESUG,35.69,35.47,0.0062,0.0309,0.0308,0.5884
07-SEP-2026,RAJTV,8.52,8.07,0.0543,0.0328,0.0330,0.6305
07-SEP-2026,RAJVIR,7.74,7.74,0.0000,0.0395,0.0394,0.7527
07-SEP-2026,RALLIS,206.15,208.82,-0.0129,0.0220,0.0219,0.4184
07-SEP-2026,RAMANEWS,32.67,31.75,0.0286,0.0291,0.0291,0.5560
07-SEP-2026,RAMAPHO,124.20,123.49,0.0057,0.0310,0.0310,0.5923
07-SEP-2026,RAMARAJU,182.80,182.80,0.0000,0.0000,0.0000,0.0000
07-SEP-2026,RAMASTEEL,4.09,4.01,0.0198,0.0307,0.0306,0.5846
07-SEP-2026,RAMBHAJO,276.26,268.92,0.0269,0.0231,0.0231,0.4413
07-SEP-2026,RAMCOCEM,871.38,884.41,-0.0148,0.0168,0.0168,0.3210
07-SEP-2026,RAMCOIND,323.07,323.24,-0.0005,0.0255,0.0254,0.4853
07-SEP-2026,RAMCOSYS,604.23,611.21,-0.0115,0.0396,0.0395,0.7546
07-SEP-2026,RAMKY,339.59,347.36,-0.0226,0.0243,0.0243,0.4643
07-SEP-2026,RAMRAT,527.19,560.64,-0.0615,0.0281,0.0283,0.5407
07-SEP-2026,RANASUG,15.00,14.80,0.0134,0.0241,0.0241,0.4604
07-SEP-2026,RANEHOLDIN,1672.92,1651.07,0.0131,0.0257,0.0257,0.4910
07-SEP-2026,RANJANPOLY,28.25,28.25,0.0000,0.0000,0.0000,0.0000
07-SEP-2026,RATEGAIN,856.53,851.16,0.0063,0.0272,0.0271,0.5177
07-SEP-2026,RATNAMANI,2658.43,2727.34,-0.0256,0.0259,0.0259,0.4948
07-SEP-2026,RATNAVEER,306.45,304.77,0.0055,0.0319,0.0319,0.6094
07-SEP-2026,RAYMOND,772.41,740.88,0.0417,0.0299,0.0300,0.5731
07-SEP-2026,RAYMONDLSL,672.81,663.64,0.0137,0.0256,0.0256,0.4891
07-SEP-2026,RAYMONDREL,553.74,529.16,0.0454,0.0314,0.0315,0.6018
07-SEP-2026,RBA,96.40,97.15,-0.0077,0.0244,0.0244,0.4662
07-SEP-2026,RBLBANK,414.88,414.35,0.0013,0.0212,0.0211,0.4031
07-SEP-2026,RBZJEWEL,190.70,200.69,-0.0511,0.0321,0.0322,0.6152
07-SEP-2026,RCF,113.92,114.92,-0.0087,0.0230,0.0229,0.4375
07-SEP-2026,RCOM,0.85,0.81,0.0482,0.0255,0.0256,0.4891
07-SEP-2026,RECLTD,316.40,318.76,-0.0074,0.0200,0.0199,0.3802
07-SEP-2026,REDINGTON,378.19,371.30,0.0184,0.0290,0.0290,0.5540
07-SEP-2026,REDTAPE,118.81,120.43,-0.0135,0.0236,0.0235,0.4490
07-SEP-2026,REFEX,277.12,282.55,-0.0194,0.0315,0.0315,0.6018
07-SEP-2026,REGAAL,88.13,88.51,-0.0043,0.0284,0.0283,0.5407
07-SEP-2026,REGALENTER,10.00,10.00,0.0000,0.0000,0.0000,0.0000
07-SEP-2026,REGENCERAM,35.00,34.79,0.0060,0.0354,0.0353,0.6744
07-SEP-2026,RELAXO,338.08,344.81,-0.0197,0.0268,0.0268,0.5120
07-SEP-2026,RELCHEMQ,113.33,116.73,-0.0296,0.0241,0.0241,0.4604
07-SEP-2026,RELIABLE,138.55,141.02,-0.0177,0.0295,0.0294,0.5617
07-SEP-2026,RELIANCE,1309.50,1322.00,-0.0095,0.0133,0.0133,0.2541
07-SEP-2026,RELIGARE,255.45,257.08,-0.0064,0.0244,0.0244,0.4662
07-SEP-2026,RELINFRA,58.24,57.08,0.0201,0.0325,0.0325,0.6209
07-SEP-2026,RELTD,159.23,161.37,-0.0134,0.0322,0.0322,0.6152
07-SEP-2026,REMSONSIND,97.84,99.32,-0.0150,0.0310,0.0310,0.5923
07-SEP-2026,RENUKA,25.15,24.04,0.0451,0.0228,0.0230,0.4394
07-SEP-2026,REPCOHOME,358.74,358.76,-0.0001,0.0206,0.0205,0.3917
07-SEP-2026,REPL,60.99,63.19,-0.0354,0.0314,0.0314,0.5999
07-SEP-2026,REPRO,324.25,319.47,0.0149,0.0288,0.0287,0.5483
07-SEP-2026,RESPONIND,148.17,154.91,-0.0445,0.0302,0.0303,0.5789
07-SEP-2026,RETAIL,16.59,17.15,-0.0332,0.0376,0.0376,0.7183
07-SEP-2026,RGL,153.10,149.26,0.0254,0.0355,0.0355,0.6782
07-SEP-2026,RHETAN,26.68,25.45,0.0472,0.0379,0.0380,0.7260
07-SEP-2026,RHFL,1.82,1.84,-0.0109,0.0279,0.0279,0.5330
07-SEP-2026,RHIM,373.79,371.35,0.0065,0.0247,0.0246,0.4700
07-SEP-2026,RHL,166.16,167.90,-0.0104,0.0256,0.0255,0.4872
07-SEP-2026,RICOAUTO,135.46,130.46,0.0376,0.0344,0.0344,0.6572
07-SEP-2026,RIIL,732.42,750.96,-0.0250,0.0228,0.0228,0.4356
07-SEP-2026,RIIT,121.44,121.57,-0.0011,0.0036,0.0036,0.0688
07-SEP-2026,RIR,191.93,163.78,0.1586,0.0329,0.0347,0.6629
07-SEP-2026,RISHABH,809.95,738.50,0.0924,0.0316,0.0322,0.6152
07-SEP-2026,RITCO,319.87,301.78,0.0582,0.0270,0.0272,0.5197
07-SEP-2026,RITES,215.79,215.78,0.0000,0.0238,0.0238,0.4547
07-SEP-2026,RKDL,18.25,18.39,-0.0076,0.0272,0.0271,0.5177
07-SEP-2026,RKEC,20.30,21.73,-0.0681,0.0390,0.0392,0.7489
07-SEP-2026,RKFORGE,706.26,700.85,0.0077,0.0234,0.0234,0.4471
07-SEP-2026,RKSWAMY,93.65,94.25,-0.0064,0.0252,0.0252,0.4814
07-SEP-2026,RMC,233.39,233.57,-0.0008,0.0402,0.0401,0.7661
07-SEP-2026,RMDRIP,21.85,21.13,0.0335,0.0299,0.0299,0.5712
07-SEP-2026,RML,1388.35,1295.91,0.0689,0.0285,0.0289,0.5521
07-SEP-2026,RNBDENIMS,10.49,10.27,0.0212,0.0330,0.0329,0.6286
07-SEP-2026,ROADSTAR,63.00,63.00,0.0000,0.0366,0.0365,0.6973
07-SEP-2026,ROBERT,10.70,10.70,0.0000,0.0000,0.0000,0.0000
07-SEP-2026,ROHLTD,303.91,298.56,0.0178,0.0244,0.0243,0.4643
07-SEP-2026,ROLEXRINGS,175.69,171.71,0.0229,0.0263,0.0263,0.5025
07-SEP-2026,ROLLT,4.58,4.37,0.0469,0.0403,0.0404,0.7718
07-SEP-2026,ROML,43.01,42.00,0.0238,0.0263,0.0262,0.5006
07-SEP-2026,ROSSARI,458.48,460.31,-0.0040,0.0214,0.0214,0.4088
07-SEP-2026,ROSSELLIND,56.90,56.96,-0.0011,0.0262,0.0262,0.5006
07-SEP-2026,ROSSTECH,1148.20,1150.57,-0.0021,0.0351,0.0350,0.6687
07-SEP-2026,ROTO,63.59,64.94,-0.0210,0.0280,0.0279,0.5330
07-SEP-2026,ROUTE,512.05,501.54,0.0207,0.0223,0.0223,0.4260
07-SEP-2026,RPEL,1681.05,1807.26,-0.0724,0.0311,0.0315,0.6018
07-SEP-2026,RPGLIFE,2673.58,2721.10,-0.0176,0.0254,0.0254,0.4853
07-SEP-2026,RPOWER,21.94,22.08,-0.0064,0.0307,0.0307,0.5865
07-SEP-2026,RPPINFRA,54.28,54.13,0.0028,0.0317,0.0316,0.6037
07-SEP-2026,RPPL,23.32,23.29,0.0013,0.0301,0.0301,0.5751
07-SEP-2026,RPSGVENT,814.28,831.41,-0.0208,0.0294,0.0293,0.5598
07-SEP-2026,RPTECH,853.38,823.65,0.0355,0.0276,0.0276,0.5273
07-SEP-2026,RRECL,132.14,136.83,-0.0349,0.0294,0.0294,0.5617
07-SEP-2026,RRIL,16.53,16.65,-0.0072,0.0253,0.0253,0.4834
07-SEP-2026,RRKABEL,2387.12,2453.95,-0.0276,0.0253,0.0253,0.4834
07-SEP-2026,RSDFIN,96.94,96.75,0.0020,0.0478,0.0477,0.9113
07-SEP-2026,RSL,186.06,181.50,0.0248,0.0138,0.0139,0.2656
07-SEP-2026,RSSOFTWARE,29.59,30.61,-0.0339,0.0331,0.0331,0.6324
07-SEP-2026,RSWM,216.83,220.63,-0.0174,0.0261,0.0261,0.4986
07-SEP-2026,RSYSTEMS,250.74,256.10,-0.0212,0.0273,0.0273,0.5216
07-SEP-2026,RTNINDIA,28.14,27.82,0.0114,0.0289,0.0288,0.5502
07-SEP-2026,RTNPOWER,7.32,7.36,-0.0054,0.0252,0.0252,0.4814
07-SEP-2026,RTSPOWR,89.02,88.96,0.0007,0.0307,0.0306,0.5846
07-SEP-2026,RUBFILA,70.96,70.69,0.0038,0.0227,0.0227,0.4337
07-SEP-2026,RUBICON,1748.44,1768.52,-0.0114,0.0241,0.0240,0.4585
07-SEP-2026,RUBYMILLS,457.02,428.18,0.0652,0.0323,0.0326,0.6228
07-SEP-2026,RUCHINFRA,5.63,5.81,-0.0315,0.0303,0.0303,0.5789
07-SEP-2026,RUCHIRA,107.88,107.50,0.0035,0.0208,0.0207,0.3955
07-SEP-2026,RUDRA,20.04,20.38,-0.0168,0.0330,0.0329,0.6286
07-SEP-2026,RUPA,142.93,144.51,-0.0110,0.0226,0.0225,0.4299
07-SEP-2026,RUSHIL,16.04,16.01,0.0019,0.0308,0.0308,0.5884
07-SEP-2026,RUSTOMJEE,366.91,373.91,-0.0189,0.0201,0.0201,0.3840
07-SEP-2026,RVHL,40.20,39.75,0.0113,0.0328,0.0327,0.6247
07-SEP-2026,RVNL,210.08,212.42,-0.0111,0.0242,0.0241,0.4604
07-SEP-2026,RVTH,717.50,735.00,-0.0241,0.0279,0.0279,0.5330
07-SEP-2026,S&SPOWER,334.00,323.95,0.0306,0.0332,0.0332,0.6343
07-SEP-2026,SAATVIKGL,420.97,424.34,-0.0080,0.0214,0.0214,0.4088
07-SEP-2026,SAB,189.05,184.50,0.0244,0.0297,0.0297,0.5674
07-SEP-2026,SADBHAV,8.03,8.15,-0.0148,0.0340,0.0340,0.6496
07-SEP-2026,SADBHIN,2.58,2.55,0.0117,0.0316,0.0316,0.6037
07-SEP-2026,SADHNANIQ,2.75,2.70,0.0183,0.0345,0.0344,0.6572
07-SEP-2026,SAFARI,1537.40,1540.42,-0.0020,0.0217,0.0217,0.4146
07-SEP-2026,SAGARDEEP,23.64,23.62,0.0008,0.0229,0.0229,0.4375
07-SEP-2026,SAGCEM,153.63,152.86,0.0050,0.0216,0.0216,0.4127
07-SEP-2026,SAGILITY,45.95,46.82,-0.0188,0.0222,0.0222,0.4241
07-SEP-2026,SAHLIBHFI,86.51,89.51,-0.0341,0.0183,0.0184,0.3515
07-SEP-2026,SAHYADRI,394.45,392.04,0.0061,0.0265,0.0264,0.5044
07-SEP-2026,SAICAPI,141.91,157.61,-0.1049,0.0348,0.0355,0.6782
07-SEP-2026,SAIL,187.90,196.84,-0.0465,0.0231,0.0233,0.4451
07-SEP-2026,SAILIFE,1579.55,1584.32,-0.0030,0.0215,0.0214,0.4088
07-SEP-2026,SAIPARENT,516.45,519.45,-0.0058,0.0139,0.0139,0.2656
07-SEP-2026,SAKAR,1109.20,1013.90,0.0898,0.0321,0.0327,0.6247
07-SEP-2026,SAKHTISUG,19.97,19.78,0.0096,0.0266,0.0266,0.5082
07-SEP-2026,SAKSOFT,151.76,154.56,-0.0183,0.0317,0.0316,0.6037
07-SEP-2026,SAKUMA,1.62,1.62,0.0000,0.0329,0.0328,0.6266
07-SEP-2026,SALASAR,5.09,5.20,-0.0214,0.0301,0.0300,0.5731
07-SEP-2026,SALONA,264.05,268.62,-0.0172,0.0241,0.0241,0.4604
07-SEP-2026,SALSTEEL,81.77,81.40,0.0045,0.0343,0.0342,0.6534
07-SEP-2026,SALZERELEC,551.15,549.76,0.0025,0.0296,0.0296,0.5655
07-SEP-2026,SAMBANDAM,120.40,123.23,-0.0232,0.0393,0.0392,0.7489
07-SEP-2026,SAMBHAAV,5.85,5.91,-0.0102,0.0312,0.0311,0.5942
07-SEP-2026,SAMBHV,133.53,128.69,0.0369,0.0243,0.0244,0.4662
07-SEP-2026,SAMHI,155.78,153.98,0.0116,0.0235,0.0235,0.4490
07-SEP-2026,SAMMAANCAP,155.92,158.39,-0.0157,0.0260,0.0259,0.4948
07-SEP-2026,SAMPANN,24.54,25.04,-0.0202,0.0307,0.0306,0.5846
07-SEP-2026,SAMYAK,9.95,9.95,0.0000,0.0000,0.0000,0.0000
07-SEP-2026,SANATHAN,470.90,456.22,0.0317,0.0209,0.0210,0.4012
07-SEP-2026,SANDESH,1053.90,1050.32,0.0034,0.0243,0.0243,0.4643
07-SEP-2026,SANDHAR,620.40,624.02,-0.0058,0.0271,0.0270,0.5158
07-SEP-2026,SANDUMA,195.17,197.83,-0.0135,0.0292,0.0292,0.5579
07-SEP-2026,SANGAMIND,576.08,578.96,-0.0050,0.0255,0.0255,0.4872
07-SEP-2026,SANGHVIMOV,438.75,439.18,-0.0010,0.0328,0.0327,0.6247
07-SEP-2026,SANGINITA,60.69,59.50,0.0198,0.0308,0.0307,0.5865
07-SEP-2026,SANOFI,3121.99,3156.73,-0.0111,0.0125,0.0125,0.2388
07-SEP-2026,SANOFICONR,4106.32,4201.94,-0.0230,0.0178,0.0178,0.3401
07-SEP-2026,SANSERA,3896.48,3782.42,0.0297,0.0245,0.0245,0.4681
07-SEP-2026,SANSTAR,110.01,111.31,-0.0117,0.0246,0.0245,0.4681
07-SEP-2026,SANWARIA,0.19,0.18,0.0541,0.1028,0.1026,1.9602
07-SEP-2026,SAPPHIRE,228.18,228.41,-0.0010,0.0271,0.0270,0.5158
07-SEP-2026,SAPPL,276.60,281.85,-0.0188,0.0301,0.0301,0.5751
07-SEP-2026,SARDAEN,512.49,508.56,0.0077,0.0235,0.0234,0.4471
07-SEP-2026,SAREGAMA,494.29,492.76,0.0031,0.0265,0.0265,0.5063
07-SEP-2026,SARLAPOLY,101.78,100.21,0.0155,0.0270,0.0269,0.5139
07-SEP-2026,SARVESHWAR,3.67,3.36,0.0883,0.0279,0.0285,0.5445
07-SEP-2026,SASKEN,1826.52,1881.26,-0.0295,0.0330,0.0330,0.6305
07-SEP-2026,SATIA,68.19,63.36,0.0735,0.0236,0.0241,0.4604
07-SEP-2026,SATIN,216.94,220.75,-0.0174,0.0221,0.0221,0.4222
07-SEP-2026,SATYASHYAM,22.65,22.65,0.0000,0.0000,0.0000,0.0000
07-SEP-2026,SAURASHCEM,55.80,57.61,-0.0319,0.0290,0.0290,0.5540
07-SEP-2026,SAYAJIHOTL,323.00,321.34,0.0052,0.0165,0.0165,0.3152
07-SEP-2026,SAYAJIIND,116.50,115.74,0.0065,0.0331,0.0330,0.6305
07-SEP-2026,SBC,46.87,45.77,0.0237,0.0203,0.0203,0.3878
07-SEP-2026,SBCL,1092.26,1121.07,-0.0260,0.0337,0.0337,0.6438
07-SEP-2026,SBFC,98.48,100.08,-0.0161,0.0199,0.0199,0.3802
07-SEP-2026,SBGLP,23.79,23.96,-0.0071,0.0301,0.0300,0.5731
07-SEP-2026,SBHL,10.10,10.10,0.0000,0.0020,0.0020,0.0382
07-SEP-2026,SBIBPB,49.08,49.56,-0.0097,0.0134,0.0133,0.2541
07-SEP-2026,SBICARD,674.63,658.25,0.0246,0.0171,0.0171,0.3267
07-SEP-2026,SBIETFCON,119.35,119.89,-0.0045,0.0089,0.0089,0.1700
07-SEP-2026,SBIETFIT,333.91,340.64,-0.0200,0.0153,0.0153,0.2923
07-SEP-2026,SBIETFPB,283.54,283.57,-0.0001,0.0101,0.0101,0.1930
07-SEP-2026,SBIETFQLTY,219.42,221.86,-0.0111,0.0093,0.0093,0.1777
07-SEP-2026,SBIFUNDS,557.83,562.09,-0.0076,0.0057,0.0057,0.1089
07-SEP-2026,SBILIFE,1732.02,1774.99,-0.0245,0.0133,0.0134,0.2560
07-SEP-2026,SBILIQETF,1054.91,1054.81,0.0001,0.0004,0.0004,0.0076
07-SEP-2026,SBIMIDMOM,63.53,63.73,-0.0031,0.0078,0.0078,0.1490
07-SEP-2026,SBIN,1005.90,1016.13,-0.0101,0.0148,0.0147,0.2808
07-SEP-2026,SBINEQWETF,32.93,33.19,-0.0079,0.0097,0.0097,0.1853
07-SEP-2026,SBINMID150,23.15,23.30,-0.0065,0.0057,0.0057,0.1089
07-SEP-2026,SBISILVER,225.27,228.31,-0.0134,0.0311,0.0311,0.5942
07-SEP-2026,SBISMLETF,18.50,18.55,-0.0027,0.0044,0.0044,0.0841
07-SEP-2026,SBIVALETF,14.60,14.76,-0.0109,0.0091,0.0091,0.1739
07-SEP-2026,SCANSTL,60.01,59.32,0.0116,0.0320,0.0319,0.6094
07-SEP-2026,SCHAEFFLER,3999.81,3957.09,0.0107,0.0181,0.0181,0.3458
07-SEP-2026,SCHAND,133.35,136.41,-0.0227,0.0210,0.0210,0.4012
07-SEP-2026,SCHNEIDER,1193.64,1232.45,-0.0320,0.0313,0.0313,0.5980
07-SEP-2026,SCI,293.73,295.34,-0.0055,0.0284,0.0283,0.5407
07-SEP-2026,SCILAL,39.30,39.77,-0.0119,0.0216,0.0215,0.4108
07-SEP-2026,SCODATUBES,130.35,135.02,-0.0352,0.0261,0.0261,0.4986
07-SEP-2026,SCPL,654.36,647.13,0.0111,0.0333,0.0332,0.6343
07-SEP-2026,SDBL,75.03,74.00,0.0138,0.0322,0.0321,0.6133
07-SEP-2026,SEAMECLTD,1779.92,1793.56,-0.0076,0.0240,0.0239,0.4566
07-SEP-2026,SECMARK,143.24,144.40,-0.0081,0.0389,0.0388,0.7413
07-SEP-2026,SECURKLOUD,17.16,17.02,0.0082,0.0331,0.0330,0.6305
07-SEP-2026,SEDEMAC,2876.18,2814.38,0.0217,0.0197,0.0197,0.3764
07-SEP-2026,SEIL,200.08,200.76,-0.0034,0.0342,0.0341,0.6515
07-SEP-2026,SEITINVIT,122.00,122.00,0.0000,0.0107,0.0107,0.2044
07-SEP-2026,SEJALLTD,666.07,657.60,0.0128,0.0317,0.0316,0.6037
07-SEP-2026,SEKURITIND,114.22,114.50,-0.0024,0.0184,0.0184,0.3515
07-SEP-2026,SELECTIPO,48.47,48.65,-0.0037,0.0104,0.0104,0.1987
07-SEP-2026,SELMC,26.83,27.68,-0.0312,0.0270,0.0270,0.5158
07-SEP-2026,SEMAC,281.41,277.27,0.0148,0.0333,0.0332,0.6343
07-SEP-2026,SENCO,365.08,358.62,0.0179,0.0287,0.0287,0.5483
07-SEP-2026,SENORES,1497.46,1428.35,0.0473,0.0258,0.0260,0.4967
07-SEP-2026,SENSEXADD,78.49,79.27,-0.0099,0.0090,0.0090,0.1719
07-SEP-2026,SENSEXAXIS,78.99,79.81,-0.0103,0.0090,0.0090,0.1719
07-SEP-2026,SENSEXBETA,843.38,850.89,-0.0089,0.0086,0.0086,0.1643
07-SEP-2026,SENSEXETF,78.59,79.15,-0.0071,0.0085,0.0085,0.1624
07-SEP-2026,SENSEXIETF,876.70,884.26,-0.0086,0.0086,0.0086,0.1643
07-SEP-2026,SEPC,5.41,5.38,0.0056,0.0357,0.0356,0.6801
07-SEP-2026,SERVOTECH,79.03,79.62,-0.0074,0.0328,0.0327,0.6247
07-SEP-2026,SESHAPAPER,242.37,233.07,0.0391,0.0198,0.0199,0.3802
07-SEP-2026,SETCO,17.55,17.45,0.0057,0.0283,0.0282,0.5388
07-SEP-2026,SETF10GILT,263.32,263.10,0.0008,0.0030,0.0030,0.0573
07-SEP-2026,SETFGOLD,129.56,131.22,-0.0127,0.0169,0.0169,0.3229
07-SEP-2026,SETFNIF50,256.36,258.10,-0.0068,0.0077,0.0077,0.1471
07-SEP-2026,SETFNIFBK,587.35,590.85,-0.0059,0.0098,0.0098,0.1872
07-SEP-2026,SETFNN50,780.05,785.05,-0.0064,0.0104,0.0104,0.1987
07-SEP-2026,SETL,388.56,409.01,-0.0513,0.0309,0.0311,0.5942
07-SEP-2026,SETUINFRA,0.59,0.57,0.0345,0.0447,0.0447,0.8540
07-SEP-2026,SEYAIND,12.40,12.25,0.0122,0.0281,0.0280,0.5349
07-SEP-2026,SFL,642.68,646.80,-0.0064,0.0230,0.0229,0.4375
07-SEP-2026,SGFIN,677.60,675.64,0.0029,0.0263,0.0263,0.5025
07-SEP-2026,SGIL,600.85,606.13,-0.0087,0.0263,0.0262,0.5006
07-SEP-2026,SGL,9.83,10.03,-0.0201,0.0319,0.0319,0.6094
07-SEP-2026,SGLRES,2.50,2.41,0.0367,0.0071,0.0075,0.1433
07-SEP-2026,SGMART,810.42,824.78,-0.0176,0.0253,0.0253,0.4834
07-SEP-2026,SGRL,713.88,708.40,0.0077,0.0354,0.0353,0.6744
07-SEP-2026,SHADOWFAX,250.20,259.56,-0.0367,0.0223,0.0224,0.4280
07-SEP-2026,SHAH,3.46,3.51,-0.0143,0.0433,0.0432,0.8253
07-SEP-2026,SHAHALLOYS,102.66,101.68,0.0096,0.0340,0.0339,0.6477
07-SEP-2026,SHAILY,3348.61,3278.21,0.0212,0.0315,0.0314,0.5999
07-SEP-2026,SHAKTIPUMP,466.95,472.99,-0.0129,0.0281,0.0281,0.5368
07-SEP-2026,SHALBY,151.26,152.71,-0.0095,0.0220,0.0220,0.4203
07-SEP-2026,SHALPAINTS,83.86,85.76,-0.0224,0.0367,0.0366,0.6992
07-SEP-2026,SHANKARA,148.26,148.17,0.0006,0.0279,0.0278,0.5311
07-SEP-2026,SHANKESH,102.38,98.92,0.0344,0.0061,0.0065,0.1242
07-SEP-2026,SHANTI,6.50,6.25,0.0392,0.0292,0.0292,0.5579
07-SEP-2026,SHANTIGEAR,639.90,621.68,0.0289,0.0267,0.0267,0.5101
07-SEP-2026,SHANTIGOLD,270.71,256.38,0.0544,0.0248,0.0250,0.4776
07-SEP-2026,SHARDACROP,767.40,768.37,-0.0013,0.0324,0.0323,0.6171
07-SEP-2026,SHARDAMOTR,890.06,881.96,0.0091,0.0249,0.0249,0.4757
07-SEP-2026,SHARDUL,54.06,53.71,0.0065,0.0381,0.0380,0.7260
07-SEP-2026,SHAREINDIA,171.86,170.50,0.0079,0.0288,0.0287,0.5483
07-SEP-2026,SHARIABEES,447.00,452.84,-0.0130,0.0082,0.0082,0.1567
07-SEP-2026,SHBAJRG,161.97,159.80,0.0135,0.0281,0.0280,0.5349
07-SEP-2026,SHEKHAWATI,16.00,15.52,0.0305,0.0386,0.0386,0.7375
07-SEP-2026,SHEMAROO,124.74,126.61,-0.0149,0.0302,0.0301,0.5751
07-SEP-2026,SHERVANI,305.15,315.10,-0.0321,0.0396,0.0396,0.7566
07-SEP-2026,SHILCTECH,4186.87,4064.79,0.0296,0.0342,0.0342,0.6534
07-SEP-2026,SHILGRAVQ,151.01,144.64,0.0431,0.0320,0.0321,0.6133
07-SEP-2026,SHILPAMED,939.41,964.16,-0.0260,0.0280,0.0280,0.5349
07-SEP-2026,SHINDL,163.02,162.42,0.0037,0.0213,0.0212,0.4050
07-SEP-2026,SHIPROCKET,135.25,135.91,-0.0049,0.0091,0.0091,0.1739
07-SEP-2026,SHIVAAGRO,41.41,40.93,0.0117,0.0318,0.0317,0.6056
07-SEP-2026,SHIVACEM,16.04,16.01,0.0019,0.0262,0.0262,0.5006
07-SEP-2026,SHIVALIK,316.28,327.66,-0.0353,0.0314,0.0314,0.5999
07-SEP-2026,SHIVAMAUTO,17.33,18.01,-0.0385,0.0306,0.0306,0.5846
07-SEP-2026,SHIVAMILLS,60.99,60.50,0.0081,0.0262,0.0261,0.4986
07-SEP-2026,SHIVATEX,179.46,182.86,-0.0188,0.0264,0.0263,0.5025
07-SEP-2026,SHIVAUM,453.70,448.05,0.0125,0.0255,0.0255,0.4872
07-SEP-2026,SHK,148.00,150.89,-0.0193,0.0296,0.0296,0.5655
07-SEP-2026,SHOPERSTOP,376.30,381.79,-0.0145,0.0237,0.0236,0.4509
07-SEP-2026,SHRADDHA,155.06,156.43,-0.0088,0.0245,0.0245,0.4681
07-SEP-2026,SHRADHA,31.47,31.48,-0.0003,0.0359,0.0358,0.6840
07-SEP-2026,SHREDIGCEM,72.04,74.43,-0.0326,0.0218,0.0218,0.4165
07-SEP-2026,SHREECEM,23365.48,23855.00,-0.0207,0.0144,0.0144,0.2751
07-SEP-2026,SHREEJISPG,699.80,680.14,0.0285,0.0227,0.0227,0.4337
07-SEP-2026,SHREEPUSHK,514.79,475.27,0.0799,0.0322,0.0326,0.6228
07-SEP-2026,SHREERAMA,43.81,44.14,-0.0075,0.0324,0.0323,0.6171
07-SEP-2026,SHREMINVIT,100.50,100.50,0.0000,0.0142,0.0141,0.2694
07-SEP-2026,SHRENIK,0.29,0.29,0.0000,0.0265,0.0265,0.5063
07-SEP-2026,SHREYANIND,134.20,128.92,0.0401,0.0243,0.0244,0.4662
07-SEP-2026,SHRIKRISH,39.22,39.79,-0.0144,0.0429,0.0428,0.8177
07-SEP-2026,SHRINGARMS,218.59,217.91,0.0031,0.0204,0.0203,0.3878
07-SEP-2026,SHRIPISTON,4491.49,4536.35,-0.0099,0.0243,0.0242,0.4623
07-SEP-2026,SHRIRAMFIN,1037.00,1041.00,-0.0038,0.0224,0.0223,0.4260
07-SEP-2026,SHRIRAMPPS,75.50,76.90,-0.0184,0.0254,0.0254,0.4853
07-SEP-2026,SHRJAGP,647.64,626.95,0.0325,0.0289,0.0290,0.5540
07-SEP-2026,SHUKRAPHAR,53.07,51.93,0.0217,0.0353,0.0352,0.6725
07-SEP-2026,SHYAMCENT,4.97,5.06,-0.0179,0.0291,0.0291,0.5560
07-SEP-2026,SHYAMMETL,1082.31,1065.35,0.0158,0.0189,0.0189,0.3611
07-SEP-2026,SHYAMTEL,11.00,11.56,-0.0497,0.0404,0.0404,0.7718
07-SEP-2026,SICAGEN,58.53,58.21,0.0055,0.0340,0.0339,0.6477
07-SEP-2026,SICALLOG,102.93,107.21,-0.0407,0.0297,0.0298,0.5693
07-SEP-2026,SIEL,30.79,31.90,-0.0354,0.0419,0.0419,0.8005
07-SEP-2026,SIEMENS,3927.08,3976.94,-0.0126,0.0200,0.0200,0.3821
07-SEP-2026,SIGACHI,34.41,34.73,-0.0093,0.0327,0.0327,0.6247
07-SEP-2026,SIGIND,67.14,70.69,-0.0515,0.0307,0.0309,0.5903
07-SEP-2026,SIGMA,47.46,46.67,0.0168,0.0334,0.0334,0.6381
07-SEP-2026,SIGMAADV,740.13,763.24,-0.0307,0.0370,0.0370,0.7069
07-SEP-2026,SIGNATURE,799.88,796.57,0.0041,0.0220,0.0219,0.4184
07-SEP-2026,SIGNPOST,269.49,244.25,0.0983,0.0311,0.0318,0.6075
07-SEP-2026,SIKA,984.73,996.42,-0.0118,0.0345,0.0344,0.6572
07-SEP-2026,SIKKO,5.56,5.41,0.0273,0.0346,0.0346,0.6610
07-SEP-2026,SIL,19.16,19.59,-0.0222,0.0257,0.0256,0.4891
07-SEP-2026,SILGO,73.15,69.97,0.0444,0.0266,0.0267,0.5101
07-SEP-2026,SILINV,472.05,478.80,-0.0142,0.0215,0.0215,0.4108
07-SEP-2026,SILLYMONKS,15.94,16.19,-0.0156,0.0322,0.0322,0.6152
07-SEP-2026,SILVER,229.65,232.64,-0.0129,0.0310,0.0310,0.5923
07-SEP-2026,SILVER001,23.35,23.54,-0.0081,0.0041,0.0042,0.0802
07-SEP-2026,SILVER1,22.32,22.60,-0.0125,0.0317,0.0316,0.6037
07-SEP-2026,SILVER360,226.55,229.11,-0.0112,0.0291,0.0290,0.5540
07-SEP-2026,SILVERADD,22.15,22.44,-0.0130,0.0310,0.0309,0.5903
07-SEP-2026,SILVERAG,223.98,227.02,-0.0135,0.0313,0.0312,0.5961
07-SEP-2026,SILVERAXIS,228.63,231.46,-0.0123,0.0308,0.0307,0.5865
07-SEP-2026,SILVERBEES,219.96,222.78,-0.0127,0.0309,0.0308,0.5884
07-SEP-2026,SILVERBETA,222.04,224.83,-0.0125,0.0311,0.0311,0.5942
07-SEP-2026,SILVERBND,230.34,233.61,-0.0141,0.0292,0.0291,0.5560
07-SEP-2026,SILVERCASE,23.31,23.61,-0.0128,0.0300,0.0299,0.5712
07-SEP-2026,SILVERIETF,229.69,232.48,-0.0121,0.0301,0.0300,0.5731
07-SEP-2026,SILVERTUC,163.55,168.01,-0.0269,0.0289,0.0289,0.5521
07-SEP-2026,SIMBHALS,8.01,7.80,0.0266,0.0275,0.0275,0.5254
07-SEP-2026,SIMPLEXINF,260.35,270.51,-0.0383,0.0333,0.0333,0.6362
07-SEP-2026,SIMPLXREA,143.35,143.45,-0.0007,0.0333,0.0332,0.6343
07-SEP-2026,SINCLAIR,84.45,83.51,0.0112,0.0220,0.0219,0.4184
07-SEP-2026,SINDHUTRAD,25.25,25.28,-0.0012,0.0329,0.0328,0.6266
07-SEP-2026,SINGERIND,74.97,76.97,-0.0263,0.0314,0.0314,0.5999
07-SEP-2026,SINTERCOM,81.43,80.80,0.0078,0.0278,0.0278,0.5311
07-SEP-2026,SIRCA,436.85,439.24,-0.0055,0.0188,0.0187,0.3573
07-SEP-2026,SIS,428.65,430.95,-0.0054,0.0183,0.0183,0.3496
07-SEP-2026,SITAL,74.13,74.13,0.0000,0.0007,0.0007,0.0134
07-SEP-2026,SITINET,0.29,0.29,0.0000,0.0726,0.0724,1.3832
07-SEP-2026,SIYSIL,563.55,552.65,0.0195,0.0261,0.0261,0.4986
07-SEP-2026,SJS,2332.29,2306.12,0.0113,0.0239,0.0239,0.4566
07-SEP-2026,SJVN,65.56,65.22,0.0052,0.0213,0.0212,0.4050
07-SEP-2026,SKFINDIA,1546.50,1553.23,-0.0043,0.0144,0.0144,0.2751
07-SEP-2026,SKFINDUS,3015.99,3002.39,0.0045,0.0170,0.0170,0.3248
07-SEP-2026,SKIL,0.87,0.83,0.0471,0.0206,0.0208,0.3974
07-SEP-2026,SKIPPER,604.43,591.12,0.0223,0.0281,0.0280,0.5349
07-SEP-2026,SKJPL,10.00,10.00,0.0000,0.0000,0.0000,0.0000
07-SEP-2026,SKMEGGPROD,246.87,257.10,-0.0406,0.0355,0.0355,0.6782
07-SEP-2026,SKYGOLD,788.10,781.43,0.0085,0.0325,0.0325,0.6209
07-SEP-2026,SKYWAYS,113.91,122.72,-0.0745,0.0046,0.0070,0.1337
07-SEP-2026,SLESHA,10.00,10.00,0.0000,0.0000,0.0000,0.0000
07-SEP-2026,SMALL250,18.55,18.54,0.0005,0.0091,0.0090,0.1719
07-SEP-2026,SMALLADD,18.57,18.53,0.0022,0.0100,0.0100,0.1910
07-SEP-2026,SMALLCAP,49.27,48.97,0.0061,0.0114,0.0113,0.2159
07-SEP-2026,SMALLGROWW,49.22,49.06,0.0033,0.0048,0.0048,0.0917
07-SEP-2026,SMALLIETF,18.54,18.57,-0.0016,0.0040,0.0040,0.0764
07-SEP-2026,SMARTLINK,211.01,213.81,-0.0132,0.0296,0.0295,0.5636
07-SEP-2026,SMARTWORKS,538.95,541.54,-0.0048,0.0189,0.0188,0.3592
07-SEP-2026,SMCGLOBAL,84.95,81.25,0.0445,0.0262,0.0263,0.5025
07-SEP-2026,SML100CASE,11.44,11.43,0.0009,0.0094,0.0094,0.1796
07-SEP-2026,SMLMAH,6393.25,6300.26,0.0147,0.0374,0.0374,0.7145
07-SEP-2026,SMLT,63.84,65.58,-0.0269,0.0287,0.0287,0.5483
07-SEP-2026,SMMIL,2.25,2.25,0.0000,0.0000,0.0000,0.0000
07-SEP-2026,SMSPHARMA,397.96,392.51,0.0138,0.0288,0.0287,0.5483
07-SEP-2026,SNOWMAN,36.67,36.88,-0.0057,0.0240,0.0240,0.4585
07-SEP-2026,SNXT30BEES,42.36,42.58,-0.0052,0.0077,0.0076,0.1452
07-SEP-2026,SNXT50BETA,94.03,94.68,-0.0069,0.0111,0.0111,0.2121
07-SEP-2026,SOBHA,1250.10,1263.76,-0.0109,0.0214,0.0213,0.4069
07-SEP-2026,SOFTTECH,432.45,423.15,0.0217,0.0285,0.0284,0.5426
07-SEP-2026,SOLARA,697.02,639.18,0.0866,0.0295,0.0300,0.5731
07-SEP-2026,SOLARINDS,21948.74,21445.44,0.0232,0.0213,0.0213,0.4069
07-SEP-2026,SOLARWORLD,147.84,149.33,-0.0100,0.0256,0.0255,0.4872
07-SEP-2026,SOLEX,718.56,725.30,-0.0093,0.0283,0.0283,0.5407
07-SEP-2026,SOMANYCERA,559.43,557.33,0.0038,0.0234,0.0234,0.4471
07-SEP-2026,SOMATEX,86.74,90.65,-0.0441,0.0353,0.0353,0.6744
07-SEP-2026,SOMICONVEY,92.38,91.33,0.0114,0.0349,0.0348,0.6649
07-SEP-2026,SONACOMS,788.00,788.61,-0.0008,0.0203,0.0203,0.3878
07-SEP-2026,SONAL,88.98,88.98,0.0000,0.0387,0.0386,0.7375
07-SEP-2026,SONAMLTD,69.13,65.84,0.0488,0.0315,0.0316,0.6037
07-SEP-2026,SONATSOFTW,283.84,285.24,-0.0049,0.0300,0.0299,0.5712
07-SEP-2026,SOTL,705.59,740.84,-0.0488,0.0310,0.0311,0.5942
07-SEP-2026,SOUTHBANK,46.54,47.29,-0.0160,0.0238,0.0238,0.4547
07-SEP-2026,SOUTHWEST,222.20,212.93,0.0426,0.0324,0.0324,0.6190
07-SEP-2026,SPAL,1065.75,1071.11,-0.0050,0.0327,0.0326,0.6228
07-SEP-2026,SPANDANA,238.85,239.82,-0.0041,0.0291,0.0290,0.5540
07-SEP-2026,SPANGLE,10.00,10.00,0.0000,0.0000,0.0000,0.0000
07-SEP-2026,SPARC,205.88,199.47,0.0316,0.0341,0.0341,0.6515
07-SEP-2026,SPCENET,3.56,3.41,0.0430,0.0359,0.0359,0.6859
07-SEP-2026,SPECIALITY,135.30,140.48,-0.0376,0.0282,0.0282,0.5388
07-SEP-2026,SPECTRUM,2481.96,2368.40,0.0468,0.0315,0.0316,0.6037
07-SEP-2026,SPELS,147.57,149.36,-0.0121,0.0311,0.0311,0.5942
07-SEP-2026,SPENCERS,28.78,28.48,0.0105,0.0295,0.0295,0.5636
07-SEP-2026,SPIC,71.02,71.28,-0.0037,0.0244,0.0244,0.4662
07-SEP-2026,SPLIL,31.09,30.39,0.0228,0.0303,0.0303,0.5789
07-SEP-2026,SPLPETRO,802.50,771.06,0.0400,0.0242,0.0243,0.4643
07-SEP-2026,SPMLINFRA,180.21,181.41,-0.0066,0.0318,0.0317,0.6056
07-SEP-2026,SPORTKING,221.86,229.19,-0.0325,0.0311,0.0311,0.5942
07-SEP-2026,SRD,39.01,39.33,-0.0082,0.0271,0.0270,0.5158
07-SEP-2026,SREEL,279.39,265.53,0.0509,0.0203,0.0205,0.3917
07-SEP-2026,SRF,2545.87,2547.09,-0.0005,0.0186,0.0186,0.3554
07-SEP-2026,SRGHFL,245.85,245.42,0.0018,0.0240,0.0239,0.4566
07-SEP-2026,SRHHYPOLTD,531.59,531.01,0.0011,0.0240,0.0239,0.4566
07-SEP-2026,SRIKPRIND,33.78,33.39,0.0116,0.0422,0.0421,0.8043
07-SEP-2026,SRM,460.03,462.35,-0.0050,0.0277,0.0276,0.5273
07-SEP-2026,SRTL,37.98,37.73,0.0066,0.0170,0.0169,0.3229
07-SEP-2026,SSDL,57.10,56.70,0.0070,0.0246,0.0246,0.4700
07-SEP-2026,SSWL,371.30,361.85,0.0258,0.0256,0.0256,0.4891
07-SEP-2026,STALLION,202.64,206.76,-0.0201,0.0404,0.0403,0.7699
07-SEP-2026,STANLEY,137.15,135.49,0.0122,0.0256,0.0256,0.4891
07-SEP-2026,STAR,1178.78,1059.56,0.1066,0.0243,0.0254,0.4853
07-SEP-2026,STARCEMENT,194.40,190.18,0.0219,0.0169,0.0169,0.3229
07-SEP-2026,STARHEALTH,565.95,557.34,0.0153,0.0152,0.0152,0.2904
07-SEP-2026,STARPAPER,162.58,151.42,0.0711,0.0176,0.0183,0.3496
07-SEP-2026,STARTECK,247.20,249.25,-0.0083,0.0218,0.0218,0.4165
07-SEP-2026,STCINDIA,114.27,115.28,-0.0088,0.0289,0.0288,0.5502
07-SEP-2026,STCL,9.25,9.25,0.0000,0.0000,0.0000,0.0000
07-SEP-2026,STEADFAST,14.90,14.90,0.0000,0.0000,0.0000,0.0000
07-SEP-2026,STEELCAS,326.80,328.04,-0.0038,0.0273,0.0273,0.5216
07-SEP-2026,STEELCITY,84.99,85.55,-0.0066,0.0218,0.0217,0.4146
07-SEP-2026,STEELXIND,11.23,11.34,-0.0097,0.0273,0.0273,0.5216
07-SEP-2026,STEL,596.70,607.87,-0.0185,0.0293,0.0293,0.5598
07-SEP-2026,STERTOOLS,219.39,221.31,-0.0087,0.0310,0.0309,0.5903
07-SEP-2026,STLNETWORK,30.31,28.86,0.0490,0.0286,0.0288,0.5502
07-SEP-2026,STLSTRINF,19.06,19.55,-0.0254,0.0375,0.0374,0.7145
07-SEP-2026,STLTECH,786.96,749.48,0.0488,0.0379,0.0379,0.7241
07-SEP-2026,STOVEKRAFT,849.24,832.46,0.0200,0.0275,0.0274,0.5235
07-SEP-2026,STUDDS,420.05,424.18,-0.0098,0.0165,0.0165,0.3152
07-SEP-2026,STYL,380.19,383.45,-0.0085,0.0237,0.0237,0.4528
07-SEP-2026,STYLAMIND,3370.73,3387.62,-0.0050,0.0232,0.0231,0.4413
07-SEP-2026,STYLEBAAZA,399.50,400.14,-0.0016,0.0341,0.0340,0.6496
07-SEP-2026,STYRENIX,2063.59,2043.30,0.0099,0.0202,0.0202,0.3859
07-SEP-2026,SUBEXLTD,16.74,17.28,-0.0317,0.0328,0.0328,0.6266
07-SEP-2026,SUBROS,704.80,709.64,-0.0068,0.0269,0.0268,0.5120
07-SEP-2026,SUDARCOLOR,386.80,383.45,0.0087,0.0238,0.0238,0.4547
07-SEP-2026,SUDARSCHEM,1239.84,1222.85,0.0138,0.0258,0.0257,0.4910
07-SEP-2026,SUDEEPPHRM,1323.41,1329.29,-0.0044,0.0233,0.0233,0.4451
07-SEP-2026,SUKHJITS,160.55,157.86,0.0169,0.0263,0.0263,0.5025
07-SEP-2026,SULA,147.09,149.00,-0.0129,0.0203,0.0202,0.3859
07-SEP-2026,SUMEDHA,38.57,39.01,-0.0113,0.0270,0.0270,0.5158
07-SEP-2026,SUMEETINDS,11.29,11.50,-0.0184,0.0304,0.0303,0.5789
07-SEP-2026,SUMICHEM,487.91,493.41,-0.0112,0.0232,0.0232,0.4432
07-SEP-2026,SUMIT,51.31,51.71,-0.0078,0.0351,0.0350,0.6687
07-SEP-2026,SUMMITSEC,1419.80,1434.03,-0.0100,0.0237,0.0236,0.4509
07-SEP-2026,SUNAYANA,34.00,34.00,0.0000,0.0000,0.0000,0.0000
07-SEP-2026,SUNCLAY,1299.40,1304.29,-0.0038,0.0237,0.0237,0.4528
07-SEP-2026,SUNDARAM,1.20,1.23,-0.0247,0.0261,0.0261,0.4986
07-SEP-2026,SUNDARMFIN,4708.38,4648.67,0.0128,0.0204,0.0203,0.3878
07-SEP-2026,SUNDRMBRAK,732.00,740.00,-0.0109,0.0301,0.0300,0.5731
07-SEP-2026,SUNDRMFAST,1200.54,1212.15,-0.0096,0.0166,0.0165,0.3152
07-SEP-2026,SUNDROP,659.53,662.51,-0.0045,0.0196,0.0196,0.3745
07-SEP-2026,SUNFLAG,338.39,343.70,-0.0156,0.0285,0.0284,0.5426
07-SEP-2026,SUNLOC,79.98,79.99,-0.0001,0.0340,0.0339,0.6477
07-SEP-2026,SUNPHARMA,1895.03,1899.00,-0.0021,0.0124,0.0124,0.2369
07-SEP-2026,SUNRAKSHAK,370.00,369.48,0.0014,0.0227,0.0226,0.4318
07-SEP-2026,SUNSHIEL,1268.53,1144.21,0.1031,0.0313,0.0321,0.6133
07-SEP-2026,SUNSHINE,486.28,441.47,0.0967,0.0117,0.0135,0.2579
07-SEP-2026,SUNTECK,293.99,299.50,-0.0186,0.0251,0.0250,0.4776
07-SEP-2026,SUNTV,452.85,470.90,-0.0391,0.0191,0.0193,0.3687
07-SEP-2026,SUPERHOUSE,170.66,169.23,0.0084,0.0254,0.0253,0.4834
07-SEP-2026,SUPERSPIN,6.99,6.95,0.0057,0.0323,0.0322,0.6152
07-SEP-2026,SUPRAJIT,473.20,479.56,-0.0134,0.0197,0.0197,0.3764
07-SEP-2026,SUPREME,37.49,36.27,0.0331,0.0327,0.0327,0.6247
07-SEP-2026,SUPREMEENG,3.09,3.03,0.0196,0.0291,0.0291,0.5560
07-SEP-2026,SUPREMEIND,3598.00,3472.89,0.0354,0.0185,0.0187,0.3573
07-SEP-2026,SUPREMEINF,85.77,83.42,0.0278,0.0321,0.0321,0.6133
07-SEP-2026,SUPRIYA,909.15,852.94,0.0638,0.0308,0.0310,0.5923
07-SEP-2026,SUPTANERY,12.59,13.25,-0.0511,0.0391,0.0392,0.7489
07-SEP-2026,SURAJEST,176.09,178.25,-0.0122,0.0269,0.0268,0.5120
07-SEP-2026,SURAJLTD,200.00,201.88,-0.0094,0.0257,0.0256,0.4891
07-SEP-2026,SURAKSHA,338.92,332.44,0.0193,0.0214,0.0214,0.4088
07-SEP-2026,SURANASOL,25.86,26.12,-0.0100,0.0268,0.0267,0.5101
07-SEP-2026,SURANAT&P,16.43,16.57,-0.0085,0.0261,0.0261,0.4986
07-SEP-2026,SURYALA,421.40,410.74,0.0256,0.0296,0.0296,0.5655
07-SEP-2026,SURYALAXMI,60.43,60.79,-0.0059,0.0284,0.0283,0.5407
07-SEP-2026,SURYAROSNI,215.83,216.50,-0.0031,0.0263,0.0262,0.5006
07-SEP-2026,SURYODAY,152.21,152.07,0.0009,0.0265,0.0265,0.5063
07-SEP-2026,SUTLEJTEX,40.75,41.22,-0.0115,0.0270,0.0269,0.5139
07-SEP-2026,SUVEN,377.13,378.01,-0.0023,0.0374,0.0373,0.7126
07-SEP-2026,SUVIDHAA,2.21,2.42,-0.0908,0.0318,0.0323,0.6171
07-SEP-2026,SUYOG,718.51,731.18,-0.0175,0.0282,0.0281,0.5368
07-SEP-2026,SUZLON,45.55,45.35,0.0044,0.0232,0.0231,0.4413
07-SEP-2026,SVGLOBAL,151.09,163.62,-0.0797,0.0436,0.0438,0.8368
07-SEP-2026,SVLL,800.00,799.25,0.0009,0.0287,0.0286,0.5464
07-SEP-2026,SVPGLOB,3.60,3.66,-0.0165,0.0324,0.0323,0.6171
07-SEP-2026,SWANCORP,278.11,281.48,-0.0120,0.0251,0.0250,0.4776
07-SEP-2026,SWANDEF,2495.62,2519.16,-0.0094,0.0245,0.0244,0.4662
07-SEP-2026,SWARAJ,356.67,357.35,-0.0019,0.0034,0.0034,0.0650
07-SEP-2026,SWARAJENG,3647.99,3557.55,0.0251,0.0175,0.0175,0.3343
07-SEP-2026,SWARNSAR,37.57,35.25,0.0637,0.0309,0.0312,0.5961
07-SEP-2026,SWELECTES,572.23,572.50,-0.0005,0.0295,0.0295,0.5636
07-SEP-2026,SWIGGY,276.45,276.10,0.0013,0.0242,0.0241,0.4604
07-SEP-2026,SWISSMLTRY,15.19,15.59,-0.0260,0.0297,0.0297,0.5674
07-SEP-2026,SWSOLAR,185.13,186.23,-0.0059,0.0277,0.0277,0.5292
07-SEP-2026,SYMBIOTEC,1098.78,1078.29,0.0188,0.0011,0.0017,0.0325
07-SEP-2026,SYMPHONY,573.46,580.35,-0.0119,0.0201,0.0201,0.3840
07-SEP-2026,SYNCOMF,20.27,20.58,-0.0152,0.0280,0.0279,0.5330
07-SEP-2026,SYNGENE,389.31,395.60,-0.0160,0.0198,0.0197,0.3764
07-SEP-2026,SYRMA,1634.78,1458.53,0.1141,0.0274,0.0285,0.5445
07-SEP-2026,SYSTMTXC,64.14,61.95,0.0347,0.0311,0.0312,0.5961
07-SEP-2026,TAALTECH,4439.16,4502.34,-0.0141,0.0280,0.0280,0.5349
07-SEP-2026,TAINWALCHM,208.48,213.71,-0.0248,0.0331,0.0331,0.6324
07-SEP-2026,TAJGVK,329.03,332.58,-0.0107,0.0242,0.0241,0.4604
07-SEP-2026,TAKE,14.51,13.84,0.0473,0.0320,0.0321,0.6133
07-SEP-2026,TALBROAUTO,431.80,407.74,0.0573,0.0263,0.0266,0.5082
07-SEP-2026,TAMBOLIIN,259.15,262.07,-0.0112,0.0293,0.0292,0.5579
07-SEP-2026,TANAA,282.12,283.01,-0.0031,0.0307,0.0307,0.5865
07-SEP-2026,TANLA,520.20,521.15,-0.0018,0.0287,0.0287,0.5483
07-SEP-2026,TARACHAND,47.43,48.78,-0.0281,0.0296,0.0296,0.5655
07-SEP-2026,TARANGINI,1.00,1.00,0.0000,0.0000,0.0000,0.0000
07-SEP-2026,TARAPUR,12.64,13.15,-0.0396,0.0329,0.0329,0.6286
07-SEP-2026,TARC,134.89,127.00,0.0603,0.0264,0.0267,0.5101
07-SEP-2026,TARIL,299.66,300.93,-0.0042,0.0347,0.0346,0.6610
07-SEP-2026,TARINIENT,33.50,33.50,0.0000,0.0937,0.0935,1.7863
07-SEP-2026,TARMAT,61.93,61.24,0.0112,0.0335,0.0334,0.6381
07-SEP-2026,TARSONS,328.56,335.52,-0.0210,0.0316,0.0315,0.6018
07-SEP-2026,TASTYBITE,9900.90,9982.22,-0.0082,0.0231,0.0231,0.4413
07-SEP-2026,TATACAP,369.39,375.05,-0.0152,0.0140,0.0140,0.2675
07-SEP-2026,TATACHEM,613.38,625.11,-0.0189,0.0183,0.0183,0.3496
07-SEP-2026,TATACOMM,1738.53,1756.08,-0.0100,0.0199,0.0198,0.3783
07-SEP-2026,TATACONSUM,1015.00,1010.02,0.0049,0.0148,0.0148,0.2828
07-SEP-2026,TATAELXSI,3496.97,3557.07,-0.0170,0.0197,0.0197,0.3764
07-SEP-2026,TATAGOLD,14.76,14.94,-0.0121,0.0170,0.0170,0.3248
07-SEP-2026,TATAINVEST,627.78,633.76,-0.0095,0.0234,0.0233,0.4451
07-SEP-2026,TATAPOWER,365.66,368.00,-0.0064,0.0149,0.0149,0.2847
07-SEP-2026,TATASTEEL,185.61,188.79,-0.0170,0.0166,0.0166,0.3171
07-SEP-2026,TATATECH,785.05,800.00,-0.0189,0.0206,0.0206,0.3936
07-SEP-2026,TATSILV,22.31,22.62,-0.0138,0.0318,0.0317,0.6056
07-SEP-2026,TATVA,1695.86,1678.52,0.0103,0.0311,0.0311,0.5942
07-SEP-2026,TBOTEK,1705.43,1688.75,0.0098,0.0240,0.0239,0.4566
07-SEP-2026,TBZ,528.87,480.31,0.0963,0.0411,0.0415,0.7929
07-SEP-2026,TCC,41.07,44.10,-0.0712,0.0294,0.0298,0.5693
07-SEP-2026,TCI,863.96,868.22,-0.0049,0.0187,0.0187,0.3573
07-SEP-2026,TCIEXP,549.08,552.91,-0.0070,0.0250,0.0249,0.4757
07-SEP-2026,TCIFINANCE,15.20,15.10,0.0066,0.0383,0.0382,0.7298
07-SEP-2026,TCPLPACK,3862.48,4091.42,-0.0576,0.0290,0.0292,0.5579
07-SEP-2026,TCS,2270.00,2303.97,-0.0149,0.0174,0.0174,0.3324
07-SEP-2026,TDPOWERSYS,734.18,739.76,-0.0076,0.0332,0.0332,0.6343
07-SEP-2026,TEAMGTY,235.07,235.29,-0.0009,0.0323,0.0322,0.6152
07-SEP-2026,TEAMLEASE,1279.13,1250.69,0.0225,0.0173,0.0173,0.3305
07-SEP-2026,TECH,32.78,33.83,-0.0315,0.0155,0.0156,0.2980
07-SEP-2026,TECHM,1564.00,1596.90,-0.0208,0.0173,0.0174,0.3324
07-SEP-2026,TECHNOCRAF,388.98,366.04,0.0608,0.0070,0.0082,0.1567
07-SEP-2026,TECHNOE,960.22,979.45,-0.0198,0.0272,0.0272,0.5197
07-SEP-2026,TECHNVISN,4787.05,4916.60,-0.0267,0.0359,0.0358,0.6840
07-SEP-2026,TECILCHEM,9.50,9.73,-0.0239,0.0662,0.0661,1.2628
07-SEP-2026,TEGA,1603.63,1547.97,0.0353,0.0223,0.0224,0.4280
07-SEP-2026,TEJASNET,593.60,614.14,-0.0340,0.0345,0.0345,0.6591
07-SEP-2026,TEMBO,58.43,58.47,-0.0007,0.0283,0.0283,0.5407
07-SEP-2026,TEMPSENS,546.15,554.78,-0.0157,0.0057,0.0058,0.1108
07-SEP-2026,TENNIND,515.44,517.54,-0.0041,0.0180,0.0180,0.3439
07-SEP-2026,TERAI,130.44,122.27,0.0647,0.0393,0.0395,0.7546
07-SEP-2026,TERASOFT,273.28,283.44,-0.0365,0.0331,0.0331,0.6324
07-SEP-2026,TEXINFRA,119.23,114.87,0.0373,0.0209,0.0210,0.4012
07-SEP-2026,TEXMOPIPES,54.19,46.24,0.1587,0.0265,0.0287,0.5483
07-SEP-2026,TEXRAIL,119.47,115.99,0.0296,0.0286,0.0286,0.5464
07-SEP-2026,TFCILTD,140.87,143.26,-0.0168,0.0308,0.0307,0.5865
07-SEP-2026,TFL,11.91,12.36,-0.0371,0.0344,0.0344,0.6572
07-SEP-2026,TGBHOTELS,9.53,9.48,0.0053,0.0267,0.0267,0.5101
07-SEP-2026,TGVSL,110.51,110.02,0.0044,0.0232,0.0232,0.4432
07-SEP-2026,THACKER,1015.50,1075.00,-0.0569,0.0407,0.0408,0.7795
07-SEP-2026,THAKDEV,147.95,147.95,0.0000,0.0412,0.0411,0.7852
07-SEP-2026,THANGAMAYL,5474.11,5331.98,0.0263,0.0352,0.0352,0.6725
07-SEP-2026,THEINVEST,97.89,95.00,0.0300,0.0288,0.0288,0.5502
07-SEP-2026,THEJO,2160.20,2125.30,0.0163,0.0229,0.0229,0.4375
07-SEP-2026,THELEELA,543.53,554.05,-0.0192,0.0171,0.0171,0.3267
07-SEP-2026,THEMISMED,133.07,120.42,0.0999,0.0348,0.0354,0.6763
07-SEP-2026,THERMAX,3622.03,3637.31,-0.0042,0.0236,0.0235,0.4490
07-SEP-2026,THOMASCOOK,112.52,111.66,0.0077,0.0290,0.0290,0.5540
07-SEP-2026,THOMASCOTT,259.73,262.72,-0.0114,0.0374,0.0373,0.7126
07-SEP-2026,THYROCARE,573.08,576.15,-0.0053,0.0255,0.0254,0.4853
07-SEP-2026,TI,533.10,535.10,-0.0037,0.0254,0.0254,0.4853
07-SEP-2026,TICL,8.02,8.14,-0.0149,0.0352,0.0351,0.6706
07-SEP-2026,TIGERLOGS,28.11,28.62,-0.0180,0.0343,0.0342,0.6534
07-SEP-2026,TIIL,3165.75,3194.76,-0.0091,0.0263,0.0262,0.5006
07-SEP-2026,TIINDIA,2683.00,2698.00,-0.0056,0.0220,0.0220,0.4203
07-SEP-2026,TIJARIA,9.07,9.54,-0.0505,0.0422,0.0423,0.8081
07-SEP-2026,TIL,250.25,252.89,-0.0105,0.0358,0.0358,0.6840
07-SEP-2026,TIMETECHNO,184.51,188.48,-0.0213,0.0252,0.0252,0.4814
07-SEP-2026,TIMEX,628.28,669.90,-0.0641,0.0322,0.0324,0.6190
07-SEP-2026,TIMKEN,3098.70,3125.29,-0.0085,0.0187,0.0187,0.3573
07-SEP-2026,TINNARUBR,1012.85,1028.26,-0.0151,0.0313,0.0312,0.5961
07-SEP-2026,TIPSFILMS,328.19,330.87,-0.0081,0.0334,0.0333,0.6362
07-SEP-2026,TIPSMUSIC,643.69,649.75,-0.0094,0.0251,0.0250,0.4776
07-SEP-2026,TIRUMALCHM,154.98,157.20,-0.0142,0.0286,0.0285,0.5445
07-SEP-2026,TIRUPATIFL,70.85,69.05,0.0257,0.0349,0.0349,0.6668
07-SEP-2026,TITAGARH,896.53,871.85,0.0279,0.0251,0.0251,0.4795
07-SEP-2026,TITAN,4994.95,5019.98,-0.0050,0.0145,0.0145,0.2770
07-SEP-2026,TMB,936.47,932.44,0.0043,0.0220,0.0219,0.4184
07-SEP-2026,TMCV,459.63,458.20,0.0031,0.0193,0.0193,0.3687
07-SEP-2026,TMPV,307.01,311.51,-0.0146,0.0195,0.0195,0.3725
07-SEP-2026,TNIDETF,89.81,90.94,-0.0125,0.0114,0.0114,0.2178
07-SEP-2026,TNPETRO,131.73,132.70,-0.0073,0.0232,0.0231,0.4413
07-SEP-2026,TNPL,159.50,155.74,0.0239,0.0209,0.0209,0.3993
07-SEP-2026,TNTELE,8.97,8.88,0.0101,0.0318,0.0317,0.6056
07-SEP-2026,TOKYOPLAST,75.99,76.51,-0.0068,0.0300,0.0299,0.5712
07-SEP-2026,TOLINS,92.26,91.98,0.0030,0.0264,0.0263,0.5025
07-SEP-2026,TOP100CASE,10.47,10.54,-0.0067,0.0079,0.0079,0.1509
07-SEP-2026,TOP10ADD,87.19,87.98,-0.0090,0.0086,0.0086,0.1643
07-SEP-2026,TOP15IETF,9.74,9.82,-0.0082,0.0073,0.0073,0.1395
07-SEP-2026,TOP20,8.83,8.88,-0.0056,0.0071,0.0071,0.1356
07-SEP-2026,TORNTPHARM,4914.00,4856.92,0.0117,0.0142,0.0142,0.2713
07-SEP-2026,TORNTPOWER,1275.69,1299.00,-0.0181,0.0207,0.0207,0.3955
07-SEP-2026,TOTAL,74.14,70.88,0.0450,0.0319,0.0320,0.6114
07-SEP-2026,TOUCHWOOD,62.00,62.81,-0.0130,0.0272,0.0272,0.5197
07-SEP-2026,TOYAMSL,0.61,0.62,-0.0163,0.0294,0.0293,0.5598
07-SEP-2026,TPHQ,0.53,0.55,-0.0370,0.0371,0.0371,0.7088
07-SEP-2026,TPLPLASTEH,68.62,71.74,-0.0445,0.0294,0.0295,0.5636
07-SEP-2026,TRACXN,29.68,29.96,-0.0094,0.0250,0.0250,0.4776
07-SEP-2026,TRANSCOR,25.46,25.49,-0.0012,0.0305,0.0304,0.5808
07-SEP-2026,TRANSGLOB,735.00,735.00,0.0000,0.0004,0.0004,0.0076
07-SEP-2026,TRANSPEK,1399.05,1426.50,-0.0194,0.0288,0.0287,0.5483
07-SEP-2026,TRANSRAILL,419.56,429.31,-0.0230,0.0236,0.0236,0.4509
07-SEP-2026,TRANSWORLD,172.00,171.00,0.0058,0.0843,0.0841,1.6067
07-SEP-2026,TRAVELFOOD,1285.27,1296.15,-0.0084,0.0174,0.0174,0.3324
07-SEP-2026,TREEHOUSE,6.12,6.29,-0.0274,0.0290,0.0290,0.5540
07-SEP-2026,TREJHARA,147.20,151.96,-0.0318,0.0299,0.0299,0.5712
07-SEP-2026,TREL,27.18,27.44,-0.0095,0.0241,0.0240,0.4585
07-SEP-2026,TRENT,2814.46,2852.94,-0.0136,0.0224,0.0223,0.4260
07-SEP-2026,TRF,235.12,231.53,0.0154,0.0267,0.0266,0.5082
07-SEP-2026,TRIDENT,23.98,24.16,-0.0075,0.0195,0.0194,0.3706
07-SEP-2026,TRIGYN,59.86,58.97,0.0150,0.0305,0.0305,0.5827
07-SEP-2026,TRITONV,1140.44,1136.41,0.0035,0.0279,0.0278,0.5311
07-SEP-2026,TRITURBINE,568.77,577.31,-0.0149,0.0259,0.0259,0.4948
07-SEP-2026,TRIVENI,276.11,275.66,0.0016,0.0250,0.0249,0.4757
07-SEP-2026,TRU,4.10,4.05,0.0123,0.0308,0.0307,0.5865
07-SEP-2026,TRUALT,424.12,425.23,-0.0026,0.0207,0.0206,0.3936
07-SEP-2026,TSFINV,403.60,404.70,-0.0027,0.0267,0.0267,0.5101
07-SEP-2026,TTKHLTCARE,1091.03,1100.20,-0.0084,0.0190,0.0189,0.3611
07-SEP-2026,TTKPRESTIG,548.05,562.75,-0.0265,0.0213,0.0213,0.4069
07-SEP-2026,TTL,6.73,6.81,-0.0118,0.0259,0.0258,0.4929
07-SEP-2026,TTML,37.34,37.74,-0.0107,0.0264,0.0263,0.5025
07-SEP-2026,TURTLEMINT,142.41,144.07,-0.0116,0.0167,0.0167,0.3191
07-SEP-2026,TUTIALKA,59.69,60.36,-0.0112,0.0299,0.0298,0.5693
07-SEP-2026,TVSELECT,418.77,420.93,-0.0051,0.0322,0.0322,0.6152
07-SEP-2026,TVSHLTD,13748.37,13374.21,0.0276,0.0194,0.0194,0.3706
07-SEP-2026,TVSINVIT,119.00,119.00,0.0000,0.0036,0.0036,0.0688
07-SEP-2026,TVSMOTOR,4132.01,4133.13,-0.0003,0.0177,0.0176,0.3362
07-SEP-2026,TVSSCS,129.05,130.41,-0.0105,0.0253,0.0253,0.4834
07-SEP-2026,TVSSRICHAK,5302.27,5237.43,0.0123,0.0252,0.0251,0.4795
07-SEP-2026,TVTODAY,110.68,110.95,-0.0024,0.0196,0.0195,0.3725
07-SEP-2026,TVVISION,3.22,3.38,-0.0485,0.0345,0.0346,0.6610
07-SEP-2026,TWCGOLDETF,151.22,152.76,-0.0101,0.0146,0.0146,0.2789
07-SEP-2026,UBL,1290.85,1279.40,0.0089,0.0139,0.0139,0.2656
07-SEP-2026,UCAL,148.37,146.02,0.0160,0.0282,0.0281,0.5368
07-SEP-2026,UCOBANK,24.42,24.78,-0.0146,0.0201,0.0201,0.3840
07-SEP-2026,UDAYJEW,167.55,141.92,0.1660,0.0250,0.0276,0.5273
07-SEP-2026,UDDHAV,10.00,10.00,0.0000,0.0000,0.0000,0.0000
07-SEP-2026,UDS,217.85,238.95,-0.0924,0.0256,0.0264,0.5044
07-SEP-2026,UEL,229.68,243.03,-0.0565,0.0458,0.0459,0.8769
07-SEP-2026,UFBL,691.54,700.40,-0.0127,0.0376,0.0375,0.7164
07-SEP-2026,UFLEX,682.70,675.60,0.0105,0.0266,0.0266,0.5082
07-SEP-2026,UFO,64.51,65.09,-0.0090,0.0237,0.0237,0.4528
07-SEP-2026,UGARSUGAR,54.19,53.35,0.0156,0.0274,0.0274,0.5235
07-SEP-2026,UGROCAP,85.42,86.35,-0.0108,0.0253,0.0252,0.4814
07-SEP-2026,UJJIVANSFB,65.09,64.43,0.0102,0.0240,0.0239,0.4566
07-SEP-2026,ULL,10.00,10.00,0.0000,0.0000,0.0000,0.0000
07-SEP-2026,ULTRACEMCO,11175.05,11407.27,-0.0206,0.0144,0.0144,0.2751
07-SEP-2026,ULTRAMAR,429.42,437.12,-0.0178,0.0232,0.0232,0.4432
07-SEP-2026,UMAEXPORTS,23.73,24.21,-0.0200,0.0330,0.0329,0.6286
07-SEP-2026,UMESLTD,5.09,5.10,-0.0020,0.0344,0.0343,0.6553
07-SEP-2026,UMIYA-MRO,104.78,104.54,0.0023,0.0288,0.0288,0.5502
07-SEP-2026,UNICHEMLAB,569.75,550.20,0.0349,0.0312,0.0313,0.5980
07-SEP-2026,UNIDT,233.24,225.12,0.0354,0.0247,0.0248,0.4738
07-SEP-2026,UNIECOM,85.36,87.62,-0.0261,0.0265,0.0265,0.5063
07-SEP-2026,UNIENTER,92.85,93.13,-0.0030,0.0212,0.0211,0.4031
07-SEP-2026,UNIINFO,11.06,11.00,0.0054,0.0314,0.0313,0.5980
07-SEP-2026,UNIMECH,1495.75,1502.93,-0.0048,0.0284,0.0283,0.5407
07-SEP-2026,UNIONBANK,186.04,187.22,-0.0063,0.0214,0.0214,0.4088
07-SEP-2026,UNIONGOLD,148.75,150.20,-0.0097,0.0178,0.0178,0.3401
07-SEP-2026,UNIPARTS,902.17,874.06,0.0317,0.0244,0.0245,0.4681
07-SEP-2026,UNITDSPR,1439.99,1471.72,-0.0218,0.0150,0.0151,0.2885
07-SEP-2026,UNITECH,4.22,4.08,0.0337,0.0332,0.0332,0.6343
07-SEP-2026,UNITEDPOLY,42.87,41.66,0.0286,0.0316,0.0316,0.6037
07-SEP-2026,UNITEDTEA,441.95,442.80,-0.0019,0.0182,0.0181,0.3458
07-SEP-2026,UNIVAFOODS,8.85,9.03,-0.0201,0.0806,0.0804,1.5360
07-SEP-2026,UNIVASTU,169.89,168.34,0.0092,0.0295,0.0294,0.5617
07-SEP-2026,UNIVCABLES,1487.55,1576.35,-0.0580,0.0360,0.0361,0.6897
07-SEP-2026,UNIVPHOTO,517.66,491.47,0.0519,0.0311,0.0313,0.5980
07-SEP-2026,UNOMINDA,1241.62,1249.73,-0.0065,0.0208,0.0208,0.3974
07-SEP-2026,UPHOT,1339.86,1388.00,-0.0353,0.0066,0.0071,0.1356
07-SEP-2026,UPL,573.00,582.15,-0.0158,0.0202,0.0202,0.3859
07-SEP-2026,URAVIDEF,115.84,120.55,-0.0399,0.0272,0.0272,0.5197
07-SEP-2026,URBANCO,176.06,181.11,-0.0283,0.0235,0.0236,0.4509
07-SEP-2026,URJA,9.12,9.18,-0.0066,0.0257,0.0257,0.4910
07-SEP-2026,USHAMART,500.36,514.16,-0.0272,0.0217,0.0217,0.4146
07-SEP-2026,USK,20.89,20.99,-0.0048,0.0275,0.0274,0.5235
07-SEP-2026,UTIAMC,889.94,880.52,0.0106,0.0192,0.0191,0.3649
07-SEP-2026,UTKARSHBNK,15.03,14.56,0.0318,0.0262,0.0262,0.5006
07-SEP-2026,UTLSOLAR,417.29,429.74,-0.0294,0.0237,0.0238,0.4547
07-SEP-2026,UTSAV,590.10,590.10,0.0000,0.0007,0.0007,0.0134
07-SEP-2026,UTTAMSUGAR,284.04,281.19,0.0101,0.0274,0.0274,0.5235
07-SEP-2026,UYFINCORP,19.69,19.73,-0.0020,0.0288,0.0288,0.5502
07-SEP-2026,V2RETAIL,222.42,216.49,0.0270,0.0253,0.0253,0.4834
07-SEP-2026,VADILALIND,7505.43,7655.04,-0.0197,0.0263,0.0263,0.5025
07-SEP-2026,VADILENT,10536.84,10157.29,0.0367,0.0230,0.0231,0.4413
07-SEP-2026,VAIBHAVGBL,216.51,218.74,-0.0102,0.0260,0.0260,0.4967
07-SEP-2026,VAISHALI,8.37,8.32,0.0060,0.0308,0.0307,0.5865
07-SEP-2026,VAKRANGEE,5.66,5.79,-0.0227,0.0270,0.0270,0.5158
07-SEP-2026,VAL30IETF,15.06,15.19,-0.0086,0.0101,0.0101,0.1930
07-SEP-2026,VALIANTLAB,108.69,105.97,0.0253,0.0302,0.0302,0.5770
07-SEP-2026,VALIANTORG,326.00,320.68,0.0165,0.0325,0.0324,0.6190
07-SEP-2026,VALUE,16.04,16.15,-0.0068,0.0058,0.0058,0.1108
07-SEP-2026,VALUEAXIS,32.80,32.88,-0.0024,0.0094,0.0094,0.1796
07-SEP-2026,VAML,438.89,437.75,0.0026,0.0108,0.0107,0.2044
07-SEP-2026,VARDHACRLC,42.79,43.59,-0.0185,0.0242,0.0242,0.4623
07-SEP-2026,VARDMNPOLY,5.89,5.87,0.0034,0.0319,0.0319,0.6094
07-SEP-2026,VARROC,827.00,826.32,0.0008,0.0237,0.0236,0.4509
07-SEP-2026,VASCONEQ,30.10,30.47,-0.0122,0.0314,0.0314,0.5999
07-SEP-2026,VASUPRADA,108.50,107.03,0.0136,0.0294,0.0293,0.5598
07-SEP-2026,VASWANI,45.85,47.01,-0.0250,0.0317,0.0316,0.6037
07-SEP-2026,VBL,405.96,407.83,-0.0046,0.0196,0.0195,0.3725
07-SEP-2026,VCL,1.51,1.58,-0.0453,0.0359,0.0360,0.6878
07-SEP-2026,VEDAVAAG,18.35,18.16,0.0104,0.0275,0.0274,0.5235
07-SEP-2026,VEDL,268.00,272.10,-0.0152,0.0227,0.0226,0.4318
07-SEP-2026,VEDPOWER,34.12,34.20,-0.0023,0.0152,0.0152,0.2904
07-SEP-2026,VEEDOL,1456.27,1476.73,-0.0140,0.0164,0.0164,0.3133
07-SEP-2026,VELJAN,1887.52,1875.64,0.0063,0.0317,0.0316,0.6037
07-SEP-2026,VENKEYS,1648.24,1659.60,-0.0069,0.0227,0.0226,0.4318
07-SEP-2026,VENTIVE,580.54,588.21,-0.0131,0.0181,0.0181,0.3458
07-SEP-2026,VENUSPIPES,1805.33,1631.02,0.1015,0.0269,0.0278,0.5311
07-SEP-2026,VENUSREM,1669.58,1694.11,-0.0146,0.0330,0.0329,0.6286
07-SEP-2026,VERANDA,241.81,242.62,-0.0033,0.0336,0.0335,0.6400
07-SEP-2026,VERTIS,117.00,115.05,0.0168,0.0088,0.0089,0.1700
07-SEP-2026,VERTOZ,37.04,37.66,-0.0166,0.0316,0.0316,0.6037
07-SEP-2026,VESUVIUS,419.55,419.20,0.0008,0.0211,0.0211,0.4031
07-SEP-2026,VETO,125.62,126.00,-0.0030,0.0249,0.0248,0.4738
07-SEP-2026,VGCL,50.96,52.65,-0.0326,0.0100,0.0102,0.1949
07-SEP-2026,VGL,53.48,53.31,0.0032,0.0315,0.0314,0.5999
07-SEP-2026,VGUARD,332.54,335.40,-0.0086,0.0163,0.0162,0.3095
07-SEP-2026,VHL,3620.80,3627.95,-0.0020,0.0215,0.0214,0.4088
07-SEP-2026,VHLTD,121.81,118.20,0.0301,0.0188,0.0189,0.3611
07-SEP-2026,VHLTD-RE1,1.89,1.76,0.0713,0.0242,0.0247,0.4719
07-SEP-2026,VIDHIING,349.00,347.75,0.0036,0.0232,0.0231,0.4413
07-SEP-2026,VIDYAWIRES,88.14,90.12,-0.0222,0.0241,0.0240,0.4585
07-SEP-2026,VIJAYA,1497.48,1493.58,0.0026,0.0232,0.0232,0.4432
07-SEP-2026,VIJIFIN,17.03,16.70,0.0196,0.0340,0.0339,0.6477
07-SEP-2026,VIJSOLX,683.90,687.70,-0.0055,0.0302,0.0301,0.5751
07-SEP-2026,VIKASECO,1.07,1.07,0.0000,0.0258,0.0258,0.4929
07-SEP-2026,VIKASLIFE,1.29,1.29,0.0000,0.0251,0.0250,0.4776
07-SEP-2026,VIKRAMSOLR,165.81,168.45,-0.0158,0.0253,0.0252,0.4814
07-SEP-2026,VIKRAN,60.59,60.76,-0.0028,0.0267,0.0266,0.5082
07-SEP-2026,VIMTALABS,640.91,635.64,0.0083,0.0328,0.0328,0.6266
07-SEP-2026,VINATIORGA,1298.90,1310.68,-0.0090,0.0154,0.0153,0.2923
07-SEP-2026,VINCOFE,178.87,170.65,0.0470,0.0265,0.0266,0.5082
07-SEP-2026,VINDHYATEL,2764.96,2732.72,0.0117,0.0352,0.0351,0.6706
07-SEP-2026,VINEETLAB,37.28,37.46,-0.0048,0.0289,0.0288,0.5502
07-SEP-2026,VINNY,1.01,1.02,-0.0099,0.0269,0.0269,0.5139
07-SEP-2026,VINYLINDIA,228.60,232.33,-0.0162,0.0253,0.0252,0.4814
07-SEP-2026,VIPCLOTHNG,20.16,20.15,0.0005,0.0298,0.0298,0.5693
07-SEP-2026,VIPIND,320.60,314.06,0.0206,0.0238,0.0238,0.4547
07-SEP-2026,VIPULLTD,14.63,13.98,0.0454,0.0354,0.0355,0.6782
07-SEP-2026,VIRAT,434.62,423.16,0.0267,0.0379,0.0378,0.7222
07-SEP-2026,VIRINCHI,14.31,14.70,-0.0269,0.0263,0.0263,0.5025
07-SEP-2026,VIRTUALG,0.45,0.47,-0.0435,0.0344,0.0345,0.6591
07-SEP-2026,VISACHROME,36.73,38.34,-0.0429,0.0317,0.0318,0.6075
07-SEP-2026,VISAKAIND,92.17,93.36,-0.0128,0.0261,0.0261,0.4986
07-SEP-2026,VISHAL,18.25,18.67,-0.0228,0.0319,0.0319,0.6094
07-SEP-2026,VISHNU,726.50,701.99,0.0343,0.0222,0.0223,0.4260
07-SEP-2026,VISHWARAJ,5.96,5.90,0.0101,0.0279,0.0278,0.5311
07-SEP-2026,VISISTH,5.25,5.25,0.0000,0.0003,0.0003,0.0057
07-SEP-2026,VISL,34.64,35.39,-0.0214,0.0207,0.0207,0.3955
07-SEP-2026,VITAL,56.59,55.72,0.0155,0.0194,0.0194,0.3706
07-SEP-2026,VIVIANA,776.55,804.70,-0.0356,0.0130,0.0133,0.2541
07-SEP-2026,VIVIDHA,0.52,0.52,0.0000,0.0308,0.0307,0.5865
07-SEP-2026,VIVIMEDLAB,6.45,6.58,-0.0200,0.0809,0.0807,1.5418
07-SEP-2026,VIVOBIOT,18.99,18.84,0.0079,0.0286,0.0286,0.5464
07-SEP-2026,VIYASH,263.65,265.83,-0.0082,0.0281,0.0280,0.5349
07-SEP-2026,VLEGOV,10.46,10.62,-0.0152,0.0367,0.0366,0.6992
07-SEP-2026,VLSFINANCE,244.43,246.44,-0.0082,0.0234,0.0233,0.4451
07-SEP-2026,VMART,826.22,825.51,0.0009,0.0239,0.0238,0.4547
07-SEP-2026,VMM,103.99,106.14,-0.0205,0.0195,0.0195,0.3725
07-SEP-2026,VMSTMT,44.58,45.43,-0.0189,0.0208,0.0208,0.3974
07-SEP-2026,VOEPL,542.99,553.47,-0.0191,0.0363,0.0362,0.6916
07-SEP-2026,VOGL,36.94,38.02,-0.0288,0.0243,0.0244,0.4662
07-SEP-2026,VOITHPAPR,1479.12,1461.21,0.0122,0.0193,0.0193,0.3687
07-SEP-2026,VOLTAMP,11067.16,11418.00,-0.0312,0.0276,0.0276,0.5273
07-SEP-2026,VOLTAS,1167.20,1170.00,-0.0024,0.0200,0.0200,0.3821
07-SEP-2026,VPL,362.00,362.00,0.0000,0.0199,0.0198,0.3783
07-SEP-2026,VPRPL,34.27,36.30,-0.0575,0.0376,0.0378,0.7222
07-SEP-2026,VRAJ,122.15,121.74,0.0034,0.0231,0.0230,0.4394
07-SEP-2026,VRLLOG,292.75,297.69,-0.0167,0.0189,0.0189,0.3611
07-SEP-2026,VSSL,356.45,364.14,-0.0213,0.0238,0.0238,0.4547
07-SEP-2026,VSTIND,206.94,208.14,-0.0058,0.0172,0.0172,0.3286
07-SEP-2026,VSTL,121.76,117.68,0.0341,0.0231,0.0232,0.4432
07-SEP-2026,VSTTILLERS,4131.64,4187.87,-0.0135,0.0197,0.0196,0.3745
07-SEP-2026,VTL,590.21,598.14,-0.0133,0.0216,0.0216,0.4127
07-SEP-2026,VTMLTD,56.55,56.43,0.0021,0.0399,0.0398,0.7604
07-SEP-2026,WAAREEENER,2593.07,2635.07,-0.0161,0.0241,0.0240,0.4585
07-SEP-2026,WAAREEINDO,265.41,272.02,-0.0246,0.0274,0.0274,0.5235
07-SEP-2026,WAAREERTL,852.61,858.92,-0.0074,0.0272,0.0272,0.5197
07-SEP-2026,WABAG,2008.01,2005.30,0.0014,0.0271,0.0270,0.5158
07-SEP-2026,WAKEFIT,155.34,151.61,0.0243,0.0242,0.0242,0.4623
07-SEP-2026,WALCHANNAG,223.38,208.63,0.0683,0.0355,0.0357,0.6820
07-SEP-2026,WANBURY,250.58,246.21,0.0176,0.0333,0.0332,0.6343
07-SEP-2026,WARDINMOBI,5.77,5.86,-0.0155,0.0340,0.0339,0.6477
07-SEP-2026,WATERBASE,48.51,48.59,-0.0016,0.0273,0.0273,0.5216
07-SEP-2026,WCIL,82.88,83.35,-0.0057,0.0221,0.0221,0.4222
07-SEP-2026,WEALTH,839.25,841.70,-0.0029,0.0272,0.0272,0.5197
07-SEP-2026,WEBELSOLAR,75.21,74.54,0.0089,0.0358,0.0358,0.6840
07-SEP-2026,WEIZMANIND,73.37,74.50,-0.0153,0.0242,0.0242,0.4623
07-SEP-2026,WEL,72.23,76.03,-0.0513,0.0422,0.0422,0.8062
07-SEP-2026,WELCORP,2598.02,2598.02,0.0000,0.0264,0.0264,0.5044
07-SEP-2026,WELENT,784.09,813.58,-0.0369,0.0240,0.0241,0.4604
07-SEP-2026,WELINV,2275.30,2209.30,0.0294,0.0354,0.0353,0.6744
07-SEP-2026,WELSPLSOL,58.99,59.55,-0.0094,0.0301,0.0300,0.5731
07-SEP-2026,WELSPUNLIV,211.95,208.48,0.0165,0.0281,0.0281,0.5368
07-SEP-2026,WENDT,8340.06,8160.11,0.0218,0.0245,0.0245,0.4681
07-SEP-2026,WESTLIFE,533.03,530.58,0.0046,0.0243,0.0243,0.4643
07-SEP-2026,WEWIN,41.62,41.91,-0.0069,0.0379,0.0378,0.7222
07-SEP-2026,WEWORK,675.36,666.98,0.0125,0.0206,0.0206,0.3936
07-SEP-2026,WHBRADY,494.25,482.20,0.0247,0.0289,0.0288,0.5502
07-SEP-2026,WHEELS,1755.41,1724.79,0.0176,0.0278,0.0278,0.5311
07-SEP-2026,WHIRLPOOL,815.43,815.96,-0.0006,0.0226,0.0225,0.4299
07-SEP-2026,WILLAMAGOR,24.41,25.40,-0.0398,0.0297,0.0298,0.5693
07-SEP-2026,WINDLAS,1154.75,1126.17,0.0251,0.0255,0.0255,0.4872
07-SEP-2026,WINDMACHIN,310.50,304.25,0.0203,0.0288,0.0288,0.5502
07-SEP-2026,WINMORE,9.40,9.40,0.0000,0.0000,0.0000,0.0000
07-SEP-2026,WIPL,164.52,167.99,-0.0209,0.0221,0.0221,0.4222
07-SEP-2026,WIPRO,172.81,176.41,-0.0206,0.0163,0.0163,0.3114
07-SEP-2026,WOCKPHARMA,2207.97,2088.47,0.0556,0.0315,0.0317,0.6056
07-SEP-2026,WONDERLA,526.30,533.95,-0.0144,0.0189,0.0189,0.3611
07-SEP-2026,WORTHPERI,154.99,154.99,0.0000,0.0246,0.0245,0.4681
07-SEP-2026,WPIL,435.29,443.89,-0.0196,0.0287,0.0287,0.5483
07-SEP-2026,WSI,61.00,60.37,0.0104,0.0270,0.0270,0.5158
07-SEP-2026,WSTCSTPAPR,687.48,650.23,0.0557,0.0234,0.0237,0.4528
07-SEP-2026,XCHANGING,64.28,61.39,0.0460,0.0213,0.0215,0.4108
07-SEP-2026,XELPMOC,78.08,80.14,-0.0260,0.0314,0.0314,0.5999
07-SEP-2026,XLTELENE,2.30,2.30,0.0000,0.0001,0.0001,0.0019
07-SEP-2026,XPROINDIA,1362.15,1325.08,0.0276,0.0320,0.0319,0.6094
07-SEP-2026,XTGLOBAL,31.99,31.68,0.0097,0.0355,0.0354,0.6763
07-SEP-2026,XTRANET,279.83,234.24,0.1778,0.0238,0.0269,0.5139
07-SEP-2026,YASHO,3987.91,4134.05,-0.0360,0.0355,0.0355,0.6782
07-SEP-2026,YATHARTH,994.86,991.09,0.0038,0.0231,0.0231,0.4413
07-SEP-2026,YATRA,114.98,113.50,0.0130,0.0348,0.0347,0.6629
07-SEP-2026,YESBANK,22.42,22.50,-0.0036,0.0189,0.0189,0.3611
07-SEP-2026,YOGI,162.13,161.15,0.0061,0.0255,0.0255,0.4872
07-SEP-2026,YUKEN,1005.50,1010.86,-0.0053,0.0253,0.0252,0.4814
07-SEP-2026,ZAGGLE,183.50,180.78,0.0149,0.0369,0.0368,0.7031
07-SEP-2026,ZEEL,85.98,91.60,-0.0633,0.0311,0.0313,0.5980
07-SEP-2026,ZEELEARN,6.81,7.19,-0.0543,0.0325,0.0326,0.6228
07-SEP-2026,ZEEMEDIA,7.94,8.22,-0.0347,0.0327,0.0327,0.6247
07-SEP-2026,ZENITHEXPO,196.57,204.10,-0.0376,0.0339,0.0339,0.6477
07-SEP-2026,ZENITHSTL,6.03,5.91,0.0201,0.0304,0.0303,0.5789
07-SEP-2026,ZENSARTECH,453.85,461.54,-0.0168,0.0252,0.0252,0.4814
07-SEP-2026,ZENTEC,1794.60,1801.33,-0.0037,0.0272,0.0271,0.5177
07-SEP-2026,ZFCVINDIA,2491.74,2551.80,-0.0238,0.0191,0.0192,0.3668
07-SEP-2026,ZFSTEERING,668.50,667.44,0.0016,0.0276,0.0276,0.5273
07-SEP-2026,ZIMLAB,129.16,125.50,0.0287,0.0311,0.0311,0.5942
07-SEP-2026,ZODIAC,237.12,240.21,-0.0129,0.0299,0.0298,0.5693
07-SEP-2026,ZODIACLOTH,71.86,72.25,-0.0054,0.0269,0.0268,0.5120
07-SEP-2026,ZOTA,1089.70,1132.40,-0.0384,0.0274,0.0275,0.5254
07-SEP-2026,ZSARACOM,11705.57,11309.17,0.0345,0.0330,0.0330,0.6305
07-SEP-2026,ZUARI,226.84,225.56,0.0057,0.0289,0.0289,0.5521
07-SEP-2026,ZUARIIND,280.27,276.41,0.0139,0.0274,0.0273,0.5216
07-SEP-2026,ZYDUSLIFE,1156.82,1120.00,0.0323,0.0154,0.0155,0.2961
07-SEP-2026,ZYDUSWELL,555.26,531.62,0.0435,0.0229,0.0231,0.4413
07-SEP-2026,503893,-,-,-,-,-,-
07-SEP-2026,504370,-,-,-,-,-,-
07-SEP-2026,506024,-,-,-,-,-,-
07-SEP-2026,506120,-,-,-,-,-,-
07-SEP-2026,506162,-,-,-,-,-,-
07-SEP-2026,506580,-,-,-,-,-,-
07-SEP-2026,507543,-,-,-,-,-,-
07-SEP-2026,512004,-,-,-,-,-,-
07-SEP-2026,512060,-,-,-,-,-,-
07-SEP-2026,512147,-,-,-,-,-,-
07-SEP-2026,512157,-,-,-,-,-,-
07-SEP-2026,512195,-,-,-,-,-,-
07-SEP-2026,512245,-,-,-,-,-,-
07-SEP-2026,512265,-,-,-,-,-,-
07-SEP-2026,512291,-,-,-,-,-,-
07-SEP-2026,512303,-,-,-,-,-,-
07-SEP-2026,512307,-,-,-,-,-,-
07-SEP-2026,512431,-,-,-,-,-,-
07-SEP-2026,512433,-,-,-,-,-,-
07-SEP-2026,512439,-,-,-,-,-,-
07-SEP-2026,512445,-,-,-,-,-,-
07-SEP-2026,512461,-,-,-,-,-,-
07-SEP-2026,512505,-,-,-,-,-,-
07-SEP-2026,512517,-,-,-,-,-,-
07-SEP-2026,513012,-,-,-,-,-,-
07-SEP-2026,524046,-,-,-,-,-,-
07-SEP-2026,526331,-,-,-,-,-,-
07-SEP-2026,526349,-,-,-,-,-,-
07-SEP-2026,531597,-,-,-,-,-,-
07-SEP-2026,531610,-,-,-,-,-,-
07-SEP-2026,531696,-,-,-,-,-,-
07-SEP-2026,531946,-,-,-,-,-,-
07-SEP-2026,532138,-,-,-,-,-,-
07-SEP-2026,539253,-,-,-,-,-,-
07-SEP-2026,539983,-,-,-,-,-,-
07-SEP-2026,543859,-,-,-,-,-,-
07-SEP-2026,ACEEXPO,-,-,-,-,-,-
07-SEP-2026,ADBML,-,-,-,-,-,-
07-SEP-2026,ADVENTZSEC,-,-,-,-,-,-
07-SEP-2026,AEL,-,-,-,-,-,-
07-SEP-2026,AGGARSAIN,-,-,-,-,-,-
07-SEP-2026,AGVENTURES,-,-,-,-,-,-
07-SEP-2026,AKASHAGRO,-,-,-,-,-,-
07-SEP-2026,ALIROX,-,-,-,-,-,-
07-SEP-2026,AMARKANTAK,-,-,-,-,-,-
07-SEP-2026,AMIL,-,-,-,-,-,-
07-SEP-2026,ANKUR,-,-,-,-,-,-
07-SEP-2026,ARIHANTCFL,-,-,-,-,-,-
07-SEP-2026,ASIANLAKTO,-,-,-,-,-,-
07-SEP-2026,ASSOFIN,-,-,-,-,-,-
07-SEP-2026,ATLANTIC,-,-,-,-,-,-
07-SEP-2026,AURUMCAP,-,-,-,-,-,-
07-SEP-2026,AYUSHMAN,-,-,-,-,-,-
07-SEP-2026,BALAJIAGRO,-,-,-,-,-,-
07-SEP-2026,BASANT,-,-,-,-,-,-
07-SEP-2026,BESWASTH,-,-,-,-,-,-
07-SEP-2026,BHAIRAV,-,-,-,-,-,-
07-SEP-2026,BHARAT,-,-,-,-,-,-
07-SEP-2026,BUYRIGHT,-,-,-,-,-,-
07-SEP-2026,CENTRAL,-,-,-,-,-,-
07-SEP-2026,CHAMPION,-,-,-,-,-,-
07-SEP-2026,CHITRAKUT,-,-,-,-,-,-
07-SEP-2026,CREMICA,-,-,-,-,-,-
07-SEP-2026,CRESCENT,-,-,-,-,-,-
07-SEP-2026,DDVENTURES,-,-,-,-,-,-
07-SEP-2026,DEEPJYOTI,-,-,-,-,-,-
07-SEP-2026,DHAVAL,-,-,-,-,-,-
07-SEP-2026,DRFRESH,-,-,-,-,-,-
07-SEP-2026,DRMIND,-,-,-,-,-,-
07-SEP-2026,ELLORA,-,-,-,-,-,-
07-SEP-2026,EMRALD,-,-,-,-,-,-
07-SEP-2026,GANODAYA,-,-,-,-,-,-
07-SEP-2026,GARG,-,-,-,-,-,-
07-SEP-2026,GIKENSEIKI,-,-,-,-,-,-
07-SEP-2026,HINDAUTO,-,-,-,-,-,-
07-SEP-2026,ISCCL,-,-,-,-,-,-
07-SEP-2026,ITLFIN,-,-,-,-,-,-
07-SEP-2026,JAGAT,-,-,-,-,-,-
07-SEP-2026,JAINFARM,-,-,-,-,-,-
07-SEP-2026,JCKINFRA,-,-,-,-,-,-
07-SEP-2026,JFL,-,-,-,-,-,-
07-SEP-2026,JFRL,-,-,-,-,-,-
07-SEP-2026,JOML,-,-,-,-,-,-
07-SEP-2026,JPWL,-,-,-,-,-,-
07-SEP-2026,KCCL,-,-,-,-,-,-
07-SEP-2026,KIRTIINV,-,-,-,-,-,-
07-SEP-2026,KRALEASING,-,-,-,-,-,-
07-SEP-2026,KUMARAUTO,-,-,-,-,-,-
07-SEP-2026,LARK,-,-,-,-,-,-
07-SEP-2026,MACORPACK,-,-,-,-,-,-
07-SEP-2026,MARYADACOM,-,-,-,-,-,-
07-SEP-2026,MAYURBHANJ,-,-,-,-,-,-
07-SEP-2026,MFL,-,-,-,-,-,-
07-SEP-2026,MILIAIND,-,-,-,-,-,-
07-SEP-2026,MORNMEDIA,-,-,-,-,-,-
07-SEP-2026,MPL,-,-,-,-,-,-
07-SEP-2026,NEELEC,-,-,-,-,-,-
07-SEP-2026,NEWINDIA,-,-,-,-,-,-
07-SEP-2026,NIDHISER,-,-,-,-,-,-
07-SEP-2026,OSEINTRUST,-,-,-,-,-,-
07-SEP-2026,PACEAUTO,-,-,-,-,-,-
07-SEP-2026,PARTAPIND,-,-,-,-,-,-
07-SEP-2026,PATBACK,-,-,-,-,-,-
07-SEP-2026,PATNAELECT,-,-,-,-,-,-
07-SEP-2026,PFCSL,-,-,-,-,-,-
07-SEP-2026,PPML,-,-,-,-,-,-
07-SEP-2026,QUALITY,-,-,-,-,-,-
07-SEP-2026,RADICOFIN,-,-,-,-,-,-
07-SEP-2026,RAKAN,-,-,-,-,-,-
07-SEP-2026,RAMPURFERT,-,-,-,-,-,-
07-SEP-2026,RATHIIND,-,-,-,-,-,-
07-SEP-2026,RFHL,-,-,-,-,-,-
07-SEP-2026,RICHNRICH,-,-,-,-,-,-
07-SEP-2026,RISHABHENT,-,-,-,-,-,-
07-SEP-2026,ROADWAYS,-,-,-,-,-,-
07-SEP-2026,RWCL,-,-,-,-,-,-
07-SEP-2026,SARNIMAL,-,-,-,-,-,-
07-SEP-2026,SARVARAYA,-,-,-,-,-,-
07-SEP-2026,SCEL,-,-,-,-,-,-
07-SEP-2026,SGEL,-,-,-,-,-,-
07-SEP-2026,SGETL,-,-,-,-,-,-
07-SEP-2026,SHAKUMBHRI,-,-,-,-,-,-
07-SEP-2026,SHREETULSI,-,-,-,-,-,-
07-SEP-2026,SHREEVIJAY,-,-,-,-,-,-
07-SEP-2026,SHREYANS,-,-,-,-,-,-
07-SEP-2026,SIGACHI1,-,-,-,-,-,-
07-SEP-2026,SKYLINE,-,-,-,-,-,-
07-SEP-2026,SKYWEB,-,-,-,-,-,-
07-SEP-2026,SMCSL,-,-,-,-,-,-
07-SEP-2026,SNSDIAGNOS,-,-,-,-,-,-
07-SEP-2026,SNSPL,-,-,-,-,-,-
07-SEP-2026,SOPHIA,-,-,-,-,-,-
07-SEP-2026,SPMLINDIA,-,-,-,-,-,-
07-SEP-2026,SRINARAYAN,-,-,-,-,-,-
07-SEP-2026,SSF,-,-,-,-,-,-
07-SEP-2026,SUNPOINT,-,-,-,-,-,-
07-SEP-2026,SUPRAIND,-,-,-,-,-,-
07-SEP-2026,SUPRANEET,-,-,-,-,-,-
07-SEP-2026,SUPREMECOM,-,-,-,-,-,-
07-SEP-2026,TECHAINPOW,-,-,-,-,-,-
07-SEP-2026,TRIDENTIND,-,-,-,-,-,-
07-SEP-2026,UPAL,-,-,-,-,-,-
07-SEP-2026,USSGLOBAL,-,-,-,-,-,-
07-SEP-2026,WELGA,-,-,-,-,-,-
07-SEP-2026,ZEL,-,-,-,-,-,-
07-SEP-2026,ZRINFRA,-,-,-,-,-,-
