Date,Symbol,Underlying Close Price (A),Underlying Previous Day Close Price (B),Underlying Log Returns (C) = LN(A/B),Previous Day Underlying Volatility (D),Current Day Underlying Daily Volatility (E) = Sqrt(0.995*D*D + 0.005*C*C),Underlying Annualised Volatility (F) = E*Sqrt(365)
27-FEB-2026,20MICRONS,174.65,176.35,-0.0097,0.0283,0.0283,0.5407
27-FEB-2026,21STCENMGM,36.32,36.49,-0.0047,0.0201,0.0200,0.3821
27-FEB-2026,360ONE,1103.60,1128.30,-0.0221,0.0218,0.0218,0.4165
27-FEB-2026,3IINFOLTD,13.94,13.99,-0.0036,0.0260,0.0259,0.4948
27-FEB-2026,3MINDIA,37506.60,36452.60,0.0285,0.0180,0.0180,0.3439
27-FEB-2026,3PLAND,32.73,33.68,-0.0286,0.0274,0.0274,0.5235
27-FEB-2026,500009,26.24,26.32,-0.0030,0.0303,0.0303,0.5789
27-FEB-2026,500012,40.36,40.32,0.0010,0.0241,0.0241,0.4604
27-FEB-2026,500014,4.48,4.33,0.0341,0.0262,0.0262,0.5006
27-FEB-2026,500016,7.67,8.09,-0.0533,0.0323,0.0324,0.6190
27-FEB-2026,500028,32.08,33.51,-0.0436,0.0311,0.0312,0.5961
27-FEB-2026,500051,0.86,0.82,0.0476,0.0000,0.0034,0.0650
27-FEB-2026,500058,11.90,12.03,-0.0109,0.0319,0.0319,0.6094
27-FEB-2026,500068,12295.00,12152.00,0.0117,0.0176,0.0176,0.3362
27-FEB-2026,500069,261.25,265.20,-0.0150,0.0239,0.0238,0.4547
27-FEB-2026,500123,8974.65,9166.95,-0.0212,0.0231,0.0230,0.4394
27-FEB-2026,500142,9.68,9.84,-0.0164,0.0376,0.0375,0.7164
27-FEB-2026,500143,582.50,583.05,-0.0009,0.0370,0.0369,0.7050
27-FEB-2026,500147,5099.20,5002.00,0.0192,0.0334,0.0334,0.6381
27-FEB-2026,500159,117.00,117.40,-0.0034,0.0243,0.0243,0.4643
27-FEB-2026,500166,154.30,155.45,-0.0074,0.0220,0.0220,0.4203
27-FEB-2026,500168,798.10,807.45,-0.0116,0.0120,0.0120,0.2293
27-FEB-2026,500170,21.69,22.35,-0.0300,0.0301,0.0301,0.5751
27-FEB-2026,500192,1.78,1.73,0.0285,0.0300,0.0300,0.5731
27-FEB-2026,500202,7.50,7.50,0.0000,0.0360,0.0359,0.6859
27-FEB-2026,500206,62.93,61.11,0.0293,0.0322,0.0322,0.6152
27-FEB-2026,500213,336.20,340.60,-0.0130,0.0241,0.0240,0.4585
27-FEB-2026,500220,163.20,164.85,-0.0101,0.0281,0.0281,0.5368
27-FEB-2026,500239,16.33,16.62,-0.0176,0.0306,0.0306,0.5846
27-FEB-2026,500240,242.05,239.65,0.0100,0.0316,0.0315,0.6018
27-FEB-2026,500245,397.05,407.00,-0.0248,0.0203,0.0203,0.3878
27-FEB-2026,500246,57.02,59.98,-0.0506,0.0423,0.0423,0.8081
27-FEB-2026,500248,6.00,6.00,0.0000,0.0278,0.0277,0.5292
27-FEB-2026,500264,125.50,125.90,-0.0032,0.0303,0.0303,0.5789
27-FEB-2026,500267,300.75,302.35,-0.0053,0.0289,0.0288,0.5502
27-FEB-2026,500270,110.25,113.05,-0.0251,0.0220,0.0220,0.4203
27-FEB-2026,500277,6.97,6.60,0.0545,0.0383,0.0384,0.7336
27-FEB-2026,500285,16.08,15.90,0.0113,0.0350,0.0349,0.6668
27-FEB-2026,500298,634.40,630.65,0.0059,0.0280,0.0280,0.5349
27-FEB-2026,500307,497.40,499.20,-0.0036,0.0128,0.0128,0.2445
27-FEB-2026,500319,73.44,71.90,0.0212,0.0275,0.0275,0.5254
27-FEB-2026,500322,126.00,134.40,-0.0645,0.0359,0.0361,0.6897
27-FEB-2026,500346,54.70,57.33,-0.0470,0.0325,0.0325,0.6209
27-FEB-2026,500357,12.00,11.74,0.0219,0.0327,0.0326,0.6228
27-FEB-2026,500360,153.45,151.90,0.0102,0.0371,0.0370,0.7069
27-FEB-2026,500365,36.99,36.62,0.0101,0.0283,0.0282,0.5388
27-FEB-2026,500370,29.97,31.44,-0.0479,0.0333,0.0333,0.6362
27-FEB-2026,500371,14.35,14.07,0.0197,0.0345,0.0344,0.6572
27-FEB-2026,500388,114.90,110.29,0.0409,0.0328,0.0328,0.6266
27-FEB-2026,500389,20.48,21.55,-0.0509,0.0291,0.0292,0.5579
27-FEB-2026,500414,284.85,288.05,-0.0112,0.0329,0.0328,0.6266
27-FEB-2026,500421,18.00,18.00,0.0000,0.0322,0.0321,0.6133
27-FEB-2026,500422,184.65,181.05,0.0197,0.0369,0.0368,0.7031
27-FEB-2026,500426,1.72,1.72,0.0000,0.0378,0.0377,0.7203
27-FEB-2026,500449,30.12,30.39,-0.0089,0.0296,0.0295,0.5636
27-FEB-2026,500450,357.00,357.00,0.0000,0.0332,0.0331,0.6324
27-FEB-2026,500458,29.85,28.26,0.0547,0.0353,0.0354,0.6763
27-FEB-2026,500500,16.31,16.38,-0.0043,0.0314,0.0313,0.5980
27-FEB-2026,500672,911.20,924.35,-0.0143,0.0219,0.0219,0.4184
27-FEB-2026,501110,7.15,7.15,0.0000,0.0005,0.0005,0.0096
27-FEB-2026,501111,12.14,12.14,0.0000,0.0034,0.0034,0.0650
27-FEB-2026,501148,394.05,390.15,0.0099,0.0151,0.0151,0.2885
27-FEB-2026,501270,1.34,1.34,0.0000,0.0008,0.0008,0.0153
27-FEB-2026,501298,5247.35,5288.35,-0.0078,0.0227,0.0226,0.4318
27-FEB-2026,501311,15.79,15.04,0.0487,0.0333,0.0333,0.6362
27-FEB-2026,501314,0.61,0.63,-0.0323,0.0331,0.0331,0.6324
27-FEB-2026,501351,74.97,71.40,0.0488,0.0304,0.0305,0.5827
27-FEB-2026,501370,110.05,111.05,-0.0090,0.0335,0.0334,0.6381
27-FEB-2026,501386,18.30,18.30,0.0000,0.0147,0.0146,0.2789
27-FEB-2026,501391,530.25,542.75,-0.0233,0.0323,0.0323,0.6171
27-FEB-2026,501421,6469.25,6200.00,0.0425,0.0329,0.0329,0.6286
27-FEB-2026,501430,1717.00,1767.20,-0.0288,0.0272,0.0272,0.5197
27-FEB-2026,501477,234.95,225.85,0.0395,0.0316,0.0317,0.6056
27-FEB-2026,501479,11.02,11.02,0.0000,0.0000,0.0000,0.0000
27-FEB-2026,501622,51.76,53.13,-0.0261,0.0264,0.0264,0.5044
27-FEB-2026,501630,24.48,24.48,0.0000,0.0019,0.0019,0.0363
27-FEB-2026,501700,8.46,8.28,0.0215,0.0303,0.0302,0.5770
27-FEB-2026,501833,19.16,20.05,-0.0454,0.0326,0.0327,0.6247
27-FEB-2026,501848,50.04,51.21,-0.0231,0.0313,0.0313,0.5980
27-FEB-2026,501945,6.81,6.91,-0.0146,0.0133,0.0133,0.2541
27-FEB-2026,502015,27.17,26.79,0.0141,0.0324,0.0323,0.6171
27-FEB-2026,502250,568.30,562.20,0.0108,0.0316,0.0315,0.6018
27-FEB-2026,502281,7.86,7.89,-0.0038,0.0288,0.0287,0.5483
27-FEB-2026,502294,33.07,33.05,0.0006,0.0455,0.0454,0.8674
27-FEB-2026,502445,39.00,39.00,0.0000,0.0374,0.0373,0.7126
27-FEB-2026,502587,55.23,54.96,0.0049,0.0249,0.0248,0.4738
27-FEB-2026,502589,110.25,105.00,0.0488,0.0286,0.0287,0.5483
27-FEB-2026,502850,14.32,14.32,0.0000,0.0043,0.0043,0.0822
27-FEB-2026,502865,332.15,327.05,0.0155,0.0295,0.0294,0.5617
27-FEB-2026,502873,111.20,112.85,-0.0147,0.0299,0.0298,0.5693
27-FEB-2026,502893,70.74,69.50,0.0177,0.0443,0.0442,0.8444
27-FEB-2026,502901,76.99,78.93,-0.0249,0.0256,0.0256,0.4891
27-FEB-2026,502933,105.00,105.00,0.0000,0.0294,0.0293,0.5598
27-FEB-2026,502958,7505.00,7640.00,-0.0178,0.0205,0.0204,0.3897
27-FEB-2026,503092,32.54,32.54,0.0000,0.0491,0.0490,0.9361
27-FEB-2026,503127,4598.00,4590.00,0.0017,0.0264,0.0263,0.5025
27-FEB-2026,503229,117.70,123.80,-0.0505,0.0320,0.0321,0.6133
27-FEB-2026,503349,6290.00,6310.00,-0.0032,0.0263,0.0262,0.5006
27-FEB-2026,503622,7.71,7.71,0.0000,0.0022,0.0022,0.0420
27-FEB-2026,503624,7.34,7.15,0.0262,0.0363,0.0362,0.6916
27-FEB-2026,503626,10.50,10.50,0.0000,0.0000,0.0000,0.0000
27-FEB-2026,503635,283.75,283.75,0.0000,0.0242,0.0242,0.4623
27-FEB-2026,503639,10.65,10.15,0.0481,0.0334,0.0335,0.6400
27-FEB-2026,503641,1.55,1.56,-0.0064,0.0386,0.0385,0.7355
27-FEB-2026,503657,12.04,12.18,-0.0116,0.0271,0.0271,0.5177
27-FEB-2026,503663,0.91,0.92,-0.0109,0.0355,0.0355,0.6782
27-FEB-2026,503671,4.55,4.55,0.0000,0.0000,0.0000,0.0000
27-FEB-2026,503675,1.10,1.14,-0.0357,0.0411,0.0411,0.7852
27-FEB-2026,503681,108334.90,108919.30,-0.0054,0.3485,0.3477,6.6428
27-FEB-2026,503685,19.90,19.94,-0.0020,0.0342,0.0341,0.6515
27-FEB-2026,503689,3.20,3.20,0.0000,0.0000,0.0000,0.0000
27-FEB-2026,503696,55.00,55.00,0.0000,0.0000,0.0000,0.0000
27-FEB-2026,503772,68.00,68.00,0.0000,0.0289,0.0288,0.5502
27-FEB-2026,503776,33.05,35.33,-0.0667,0.0397,0.0399,0.7623
27-FEB-2026,503804,228.25,236.00,-0.0334,0.0192,0.0193,0.3687
27-FEB-2026,503816,37.94,35.22,0.0744,0.0288,0.0292,0.5579
27-FEB-2026,503837,13.20,13.89,-0.0510,0.0350,0.0351,0.6706
27-FEB-2026,503863,19.54,19.54,0.0000,0.0280,0.0279,0.5330
27-FEB-2026,504000,85.10,85.89,-0.0092,0.0249,0.0248,0.4738
27-FEB-2026,504028,70.44,69.73,0.0101,0.0242,0.0242,0.4623
27-FEB-2026,504076,63.80,64.62,-0.0128,0.0351,0.0351,0.6706
27-FEB-2026,504080,1063.75,1092.45,-0.0266,0.0345,0.0344,0.6572
27-FEB-2026,504084,843.15,841.95,0.0014,0.0335,0.0335,0.6400
27-FEB-2026,504092,543.40,549.90,-0.0119,0.0315,0.0315,0.6018
27-FEB-2026,504093,303.35,297.50,0.0195,0.0224,0.0223,0.4260
27-FEB-2026,504132,769.60,787.80,-0.0234,0.0291,0.0291,0.5560
27-FEB-2026,504176,545.10,544.35,0.0014,0.0302,0.0301,0.5751
27-FEB-2026,504180,49.10,48.00,0.0227,0.0297,0.0296,0.5655
27-FEB-2026,504240,485.45,475.90,0.0199,0.0311,0.0310,0.5923
27-FEB-2026,504258,750.05,750.30,-0.0003,0.0251,0.0250,0.4776
27-FEB-2026,504273,21.77,21.04,0.0341,0.0279,0.0280,0.5349
27-FEB-2026,504340,7.00,6.89,0.0158,0.0173,0.0173,0.3305
27-FEB-2026,504351,1.51,1.52,-0.0066,0.0318,0.0317,0.6056
27-FEB-2026,504356,10.50,10.50,0.0000,0.0381,0.0380,0.7260
27-FEB-2026,504365,4.11,4.11,0.0000,0.0006,0.0006,0.0115
27-FEB-2026,504369,0.49,0.49,0.0000,0.0088,0.0087,0.1662
27-FEB-2026,504378,2.34,2.43,-0.0377,0.0325,0.0325,0.6209
27-FEB-2026,504380,46.53,46.26,0.0058,0.0300,0.0299,0.5712
27-FEB-2026,504392,23.15,23.15,0.0000,0.0352,0.0351,0.6706
27-FEB-2026,504397,69.80,66.50,0.0484,0.0306,0.0307,0.5865
27-FEB-2026,504605,3168.00,3157.25,0.0034,0.0264,0.0264,0.5044
27-FEB-2026,504646,545.90,552.45,-0.0119,0.0326,0.0326,0.6228
27-FEB-2026,504648,49.50,49.94,-0.0088,0.0372,0.0371,0.7088
27-FEB-2026,504697,5.69,5.69,0.0000,0.0480,0.0479,0.9151
27-FEB-2026,504731,90.94,91.49,-0.0060,0.0282,0.0281,0.5368
27-FEB-2026,504746,1450.40,1480.00,-0.0202,0.0272,0.0272,0.5197
27-FEB-2026,504786,529.05,535.65,-0.0124,0.0281,0.0280,0.5349
27-FEB-2026,504810,79.48,75.00,0.0580,0.0439,0.0440,0.8406
27-FEB-2026,504840,1387.00,1380.00,0.0051,0.0254,0.0253,0.4834
27-FEB-2026,504882,1366.15,1390.05,-0.0173,0.0330,0.0329,0.6286
27-FEB-2026,504903,21.95,22.17,-0.0100,0.0267,0.0267,0.5101
27-FEB-2026,504908,425.60,426.40,-0.0019,0.0365,0.0364,0.6954
27-FEB-2026,504959,1826.45,1858.30,-0.0173,0.0181,0.0181,0.3458
27-FEB-2026,504988,708.65,707.00,0.0023,0.0257,0.0256,0.4891
27-FEB-2026,504998,0.54,0.54,0.0000,0.0128,0.0128,0.2445
27-FEB-2026,505036,1670.45,1672.95,-0.0015,0.0266,0.0265,0.5063
27-FEB-2026,505163,768.80,785.55,-0.0216,0.0285,0.0285,0.5445
27-FEB-2026,505212,123.90,120.00,0.0320,0.0340,0.0340,0.6496
27-FEB-2026,505216,2815.80,2807.00,0.0031,0.0279,0.0279,0.5330
27-FEB-2026,505232,985.20,993.20,-0.0081,0.0246,0.0245,0.4681
27-FEB-2026,505250,64.35,65.70,-0.0208,0.0303,0.0303,0.5789
27-FEB-2026,505285,812.00,812.00,0.0000,0.0127,0.0127,0.2426
27-FEB-2026,505299,565.25,574.30,-0.0159,0.0339,0.0338,0.6457
27-FEB-2026,505302,1895.95,1889.00,0.0037,0.0318,0.0318,0.6075
27-FEB-2026,505336,0.40,0.40,0.0000,0.0386,0.0385,0.7355
27-FEB-2026,505343,0.44,0.43,0.0230,0.0411,0.0410,0.7833
27-FEB-2026,505358,162.00,164.05,-0.0126,0.0253,0.0252,0.4814
27-FEB-2026,505502,1.33,1.35,-0.0149,0.0171,0.0171,0.3267
27-FEB-2026,505504,344.30,347.25,-0.0085,0.0234,0.0233,0.4451
27-FEB-2026,505515,12.78,12.72,0.0047,0.0400,0.0399,0.7623
27-FEB-2026,505520,101.34,101.34,0.0000,0.0131,0.0130,0.2484
27-FEB-2026,505523,0.37,0.37,0.0000,0.0281,0.0280,0.5349
27-FEB-2026,505594,32.80,32.80,0.0000,0.0000,0.0000,0.0000
27-FEB-2026,505650,18.98,19.47,-0.0255,0.0387,0.0387,0.7394
27-FEB-2026,505681,560.45,560.50,-0.0001,0.0206,0.0205,0.3917
27-FEB-2026,505685,21.99,21.99,0.0000,0.0408,0.0407,0.7776
27-FEB-2026,505690,846.10,837.10,0.0107,0.0350,0.0349,0.6668
27-FEB-2026,505693,10.64,10.84,-0.0186,0.0341,0.0340,0.6496
27-FEB-2026,505710,62.51,64.86,-0.0369,0.0226,0.0227,0.4337
27-FEB-2026,505712,201.00,201.65,-0.0032,0.0299,0.0298,0.5693
27-FEB-2026,505720,129.15,125.60,0.0279,0.0297,0.0297,0.5674
27-FEB-2026,505729,75.42,74.68,0.0099,0.0296,0.0295,0.5636
27-FEB-2026,505737,428.95,426.80,0.0050,0.0275,0.0274,0.5235
27-FEB-2026,505750,245.30,247.90,-0.0105,0.0330,0.0329,0.6286
27-FEB-2026,505807,636.00,636.00,0.0000,0.0249,0.0248,0.4738
27-FEB-2026,505827,366.05,369.65,-0.0098,0.0177,0.0177,0.3382
27-FEB-2026,505840,27.80,25.82,0.0739,0.0319,0.0322,0.6152
27-FEB-2026,505872,398.95,398.40,0.0014,0.0299,0.0298,0.5693
27-FEB-2026,505890,2419.95,2377.10,0.0179,0.0258,0.0258,0.4929
27-FEB-2026,505893,854.80,860.55,-0.0067,0.0324,0.0323,0.6171
27-FEB-2026,505978,3523.00,3465.35,0.0165,0.0293,0.0292,0.5579
27-FEB-2026,506003,50.10,49.64,0.0092,0.0331,0.0330,0.6305
27-FEB-2026,506042,179.25,179.25,0.0000,0.0574,0.0572,1.0928
27-FEB-2026,506105,63.00,61.10,0.0306,0.0338,0.0337,0.6438
27-FEB-2026,506122,46.98,45.47,0.0327,0.0336,0.0336,0.6419
27-FEB-2026,506128,131.45,129.05,0.0184,0.0326,0.0325,0.6209
27-FEB-2026,506134,11.60,11.37,0.0200,0.0328,0.0327,0.6247
27-FEB-2026,506161,5.01,5.01,0.0000,0.0032,0.0032,0.0611
27-FEB-2026,506166,59.81,56.97,0.0486,0.1970,0.1966,3.7560
27-FEB-2026,506178,17.01,17.01,0.0000,0.0014,0.0014,0.0267
27-FEB-2026,506180,359.00,360.80,-0.0050,0.0298,0.0298,0.5693
27-FEB-2026,506186,16.28,16.09,0.0117,0.0358,0.0357,0.6820
27-FEB-2026,506190,52.50,52.50,0.0000,0.0000,0.0000,0.0000
27-FEB-2026,506365,95.50,91.00,0.0483,0.0409,0.0409,0.7814
27-FEB-2026,506373,117.39,106.72,0.0953,0.0186,0.0198,0.3783
27-FEB-2026,506414,325.35,332.45,-0.0216,0.0302,0.0302,0.5770
27-FEB-2026,506520,6.37,6.32,0.0079,0.0285,0.0284,0.5426
27-FEB-2026,506528,3213.95,3186.90,0.0085,0.0282,0.0281,0.5368
27-FEB-2026,506530,945.00,945.00,0.0000,0.0253,0.0252,0.4814
27-FEB-2026,506532,840.25,831.20,0.0108,0.0190,0.0189,0.3611
27-FEB-2026,506543,9.64,9.36,0.0295,0.0345,0.0345,0.6591
27-FEB-2026,506579,113.75,111.85,0.0168,0.0326,0.0325,0.6209
27-FEB-2026,506597,498.95,509.25,-0.0204,0.0357,0.0357,0.6820
27-FEB-2026,506605,2239.10,2285.45,-0.0205,0.0314,0.0314,0.5999
27-FEB-2026,506640,139.50,142.30,-0.0199,0.0401,0.0400,0.7642
27-FEB-2026,506685,442.90,442.85,0.0001,0.0234,0.0233,0.4451
27-FEB-2026,506687,974.95,1018.90,-0.0441,0.0220,0.0221,0.4222
27-FEB-2026,506734,99.01,95.56,0.0355,0.0229,0.0230,0.4394
27-FEB-2026,506808,55.33,53.65,0.0308,0.0289,0.0289,0.5521
27-FEB-2026,506854,4161.05,4151.30,0.0023,0.0296,0.0295,0.5636
27-FEB-2026,506858,60.00,60.02,-0.0003,0.0288,0.0287,0.5483
27-FEB-2026,506863,118.45,120.85,-0.0201,0.0230,0.0230,0.4394
27-FEB-2026,506906,59.18,58.02,0.0198,0.0515,0.0514,0.9820
27-FEB-2026,506919,146.30,155.35,-0.0600,0.0343,0.0345,0.6591
27-FEB-2026,506935,74.47,74.47,0.0000,0.0258,0.0257,0.4910
27-FEB-2026,506945,2.47,2.47,0.0000,0.0067,0.0067,0.1280
27-FEB-2026,506947,113.00,107.80,0.0471,0.0266,0.0267,0.5101
27-FEB-2026,506975,15.24,15.02,0.0145,0.0301,0.0300,0.5731
27-FEB-2026,506979,126.71,126.71,0.0000,0.0309,0.0308,0.5884
27-FEB-2026,506981,125.00,122.70,0.0186,0.0297,0.0297,0.5674
27-FEB-2026,507155,153.55,151.50,0.0134,0.0282,0.0281,0.5368
27-FEB-2026,507180,4.68,4.63,0.0107,0.0397,0.0396,0.7566
27-FEB-2026,507265,193.20,203.20,-0.0505,0.0308,0.0309,0.5903
27-FEB-2026,507300,928.00,939.50,-0.0123,0.0266,0.0266,0.5082
27-FEB-2026,507474,38.62,38.99,-0.0095,0.0294,0.0294,0.5617
27-FEB-2026,507498,35.71,33.30,0.0699,0.0246,0.0250,0.4776
27-FEB-2026,507515,17.23,18.05,-0.0465,0.0341,0.0342,0.6534
27-FEB-2026,507530,21.03,21.03,0.0000,0.0037,0.0037,0.0707
27-FEB-2026,507598,102.97,106.37,-0.0325,0.0315,0.0315,0.6018
27-FEB-2026,507609,32.06,30.96,0.0349,0.0318,0.0318,0.6075
27-FEB-2026,507621,52.02,52.38,-0.0069,0.0222,0.0222,0.4241
27-FEB-2026,507645,11175.00,11202.15,-0.0024,0.0208,0.0208,0.3974
27-FEB-2026,507663,3.42,3.42,0.0000,0.0075,0.0075,0.1433
27-FEB-2026,507690,239.30,236.55,0.0116,0.0347,0.0346,0.6610
27-FEB-2026,507753,86.08,86.58,-0.0058,0.0232,0.0231,0.4413
27-FEB-2026,507759,14.53,12.11,0.1822,0.0419,0.0437,0.8349
27-FEB-2026,507808,42.14,42.14,0.0000,0.0235,0.0235,0.4490
27-FEB-2026,507813,71.38,71.00,0.0053,0.0305,0.0304,0.5808
27-FEB-2026,507817,148.85,148.85,0.0000,0.0328,0.0327,0.6247
27-FEB-2026,507828,7.65,7.66,-0.0013,0.0311,0.0311,0.5942
27-FEB-2026,507833,4.17,4.06,0.0267,0.0278,0.0278,0.5311
27-FEB-2026,507836,608.70,633.45,-0.0399,0.0275,0.0276,0.5273
27-FEB-2026,507852,102.50,100.75,0.0172,0.0305,0.0304,0.5808
27-FEB-2026,507864,96.65,96.95,-0.0031,0.0393,0.0392,0.7489
27-FEB-2026,507872,42.43,42.44,-0.0002,0.0285,0.0284,0.5426
27-FEB-2026,507912,990.05,979.40,0.0108,0.0290,0.0289,0.5521
27-FEB-2026,507917,42.00,42.00,0.0000,0.0306,0.0305,0.5827
27-FEB-2026,507938,9.93,9.93,0.0000,0.0177,0.0177,0.3382
27-FEB-2026,507944,415.70,418.65,-0.0071,0.0294,0.0293,0.5598
27-FEB-2026,507946,18.06,18.89,-0.0449,0.0351,0.0351,0.6706
27-FEB-2026,507948,70.66,73.67,-0.0417,0.0322,0.0323,0.6171
27-FEB-2026,507952,3.15,3.15,0.0000,0.0000,0.0000,0.0000
27-FEB-2026,507960,190.40,189.05,0.0071,0.0270,0.0270,0.5158
27-FEB-2026,507962,6.68,6.81,-0.0193,0.1657,0.1653,3.1581
27-FEB-2026,507966,42.44,38.70,0.0923,0.0418,0.0422,0.8062
27-FEB-2026,507968,27.32,26.02,0.0488,0.0256,0.0258,0.4929
27-FEB-2026,507970,36.45,36.00,0.0124,0.0360,0.0359,0.6859
27-FEB-2026,507981,65.41,65.13,0.0043,0.0249,0.0248,0.4738
27-FEB-2026,507987,3.99,3.99,0.0000,0.0046,0.0046,0.0879
27-FEB-2026,507998,150.05,148.75,0.0087,0.0343,0.0342,0.6534
27-FEB-2026,508136,384.65,380.05,0.0120,0.0328,0.0327,0.6247
27-FEB-2026,508486,7348.50,7268.20,0.0110,0.0141,0.0140,0.2675
27-FEB-2026,508494,42.50,43.28,-0.0182,0.0239,0.0238,0.4547
27-FEB-2026,508571,131.85,132.80,-0.0072,0.0365,0.0364,0.6954
27-FEB-2026,508664,11.99,12.01,-0.0017,0.0316,0.0316,0.6037
27-FEB-2026,508670,3198.15,3180.20,0.0056,0.0188,0.0187,0.3573
27-FEB-2026,508807,720.15,726.80,-0.0092,0.0189,0.0189,0.3611
27-FEB-2026,508867,14.05,14.05,0.0000,0.0093,0.0093,0.1777
27-FEB-2026,508875,527.35,528.60,-0.0024,0.0318,0.0318,0.6075
27-FEB-2026,508905,95.06,91.93,0.0335,0.0381,0.0381,0.7279
27-FEB-2026,508918,48.14,48.52,-0.0079,0.0382,0.0382,0.7298
27-FEB-2026,508922,6.34,6.22,0.0191,0.0311,0.0310,0.5923
27-FEB-2026,508941,465.40,467.15,-0.0038,0.0161,0.0160,0.3057
27-FEB-2026,508956,12.80,12.20,0.0480,0.0328,0.0329,0.6286
27-FEB-2026,508961,190.60,190.25,0.0018,0.0264,0.0263,0.5025
27-FEB-2026,508963,17.80,17.80,0.0000,0.0322,0.0321,0.6133
27-FEB-2026,508969,2.39,2.37,0.0084,0.0259,0.0258,0.4929
27-FEB-2026,508980,8.48,8.40,0.0095,0.0354,0.0353,0.6744
27-FEB-2026,508993,2.45,2.45,0.0000,0.0000,0.0000,0.0000
27-FEB-2026,509003,0.13,0.13,0.0000,0.0000,0.0000,0.0000
27-FEB-2026,509015,15.40,14.68,0.0479,0.0373,0.0374,0.7145
27-FEB-2026,509024,10.72,10.48,0.0226,0.0744,0.0742,1.4176
27-FEB-2026,509026,98.20,87.10,0.1199,0.0412,0.0420,0.8024
27-FEB-2026,509038,11.83,11.60,0.0196,0.0154,0.0154,0.2942
27-FEB-2026,509040,182.30,182.35,-0.0003,0.0331,0.0330,0.6305
27-FEB-2026,509046,32.30,34.00,-0.0513,0.0288,0.0289,0.5521
27-FEB-2026,509051,0.66,0.66,0.0000,0.0348,0.0347,0.6629
27-FEB-2026,509053,6.56,6.65,-0.0136,0.0261,0.0260,0.4967
27-FEB-2026,509073,12.25,12.10,0.0123,0.0304,0.0304,0.5808
27-FEB-2026,509099,61.64,61.64,0.0000,0.0082,0.0082,0.1567
27-FEB-2026,509162,98.35,100.60,-0.0226,0.0263,0.0263,0.5025
27-FEB-2026,509196,64.90,64.47,0.0066,0.0275,0.0275,0.5254
27-FEB-2026,509423,37.65,36.59,0.0286,0.0374,0.0373,0.7126
27-FEB-2026,509438,9504.55,9502.00,0.0003,0.0174,0.0174,0.3324
27-FEB-2026,509449,40.98,41.00,-0.0005,0.0381,0.0380,0.7260
27-FEB-2026,509470,19320.00,20100.00,-0.0396,0.0258,0.0258,0.4929
27-FEB-2026,509472,373.00,365.65,0.0199,0.0280,0.0279,0.5330
27-FEB-2026,509486,77.00,77.11,-0.0014,0.0269,0.0269,0.5139
27-FEB-2026,509525,902.30,907.75,-0.0060,0.0210,0.0210,0.4012
27-FEB-2026,509546,29.99,30.92,-0.0305,0.0380,0.0380,0.7260
27-FEB-2026,509563,22.78,22.75,0.0013,0.0321,0.0321,0.6133
27-FEB-2026,509597,705.80,702.90,0.0041,0.0304,0.0304,0.5808
27-FEB-2026,509650,38.74,38.74,0.0000,0.0008,0.0008,0.0153
27-FEB-2026,509732,179.30,178.20,0.0062,0.0286,0.0286,0.5464
27-FEB-2026,509760,28.61,31.09,-0.0831,0.0362,0.0366,0.6992
27-FEB-2026,509762,50.91,51.94,-0.0200,0.0202,0.0202,0.3859
27-FEB-2026,509782,17.95,17.95,0.0000,0.0000,0.0000,0.0000
27-FEB-2026,509835,15.26,16.00,-0.0474,0.0440,0.0440,0.8406
27-FEB-2026,509845,528.05,528.05,0.0000,0.0184,0.0184,0.3515
27-FEB-2026,509870,60.74,60.74,0.0000,0.0040,0.0040,0.0764
27-FEB-2026,509887,758.10,722.00,0.0488,0.0298,0.0300,0.5731
27-FEB-2026,509895,172.00,172.50,-0.0029,0.0243,0.0242,0.4623
27-FEB-2026,509910,25.00,25.00,0.0000,0.0219,0.0219,0.4184
27-FEB-2026,509917,99.54,99.54,0.0000,0.0097,0.0097,0.1853
27-FEB-2026,509945,1003.45,997.80,0.0056,0.0365,0.0364,0.6954
27-FEB-2026,509953,640.35,609.90,0.0487,0.0304,0.0305,0.5827
27-FEB-2026,509960,1499.80,1508.90,-0.0060,0.0280,0.0279,0.5330
27-FEB-2026,510245,3.68,3.74,-0.0162,0.0244,0.0243,0.4643
27-FEB-2026,511000,19.42,19.46,-0.0021,0.0343,0.0343,0.6553
27-FEB-2026,511012,0.70,0.71,-0.0142,0.0256,0.0255,0.4872
27-FEB-2026,511018,62.48,61.48,0.0161,0.0352,0.0351,0.6706
27-FEB-2026,511038,3.75,3.75,0.0000,0.0000,0.0000,0.0000
27-FEB-2026,511048,5.18,5.18,0.0000,0.0000,0.0000,0.0000
27-FEB-2026,511060,17.00,17.00,0.0000,0.0000,0.0000,0.0000
27-FEB-2026,511066,23.97,24.51,-0.0223,0.0262,0.0261,0.4986
27-FEB-2026,511074,990.00,990.00,0.0000,0.0029,0.0029,0.0554
27-FEB-2026,511092,6.47,6.53,-0.0092,0.0157,0.0157,0.2999
27-FEB-2026,511096,12.00,12.00,0.0000,0.0000,0.0000,0.0000
27-FEB-2026,511110,19.98,18.92,0.0545,0.0486,0.0487,0.9304
27-FEB-2026,511122,87.45,76.18,0.1380,0.0436,0.0446,0.8521
27-FEB-2026,511131,16.01,16.00,0.0006,0.0316,0.0315,0.6018
27-FEB-2026,511147,62.61,64.63,-0.0318,0.0303,0.0303,0.5789
27-FEB-2026,511153,18.14,19.20,-0.0568,0.0306,0.0307,0.5865
27-FEB-2026,511169,4.29,4.30,-0.0023,0.0301,0.0300,0.5731
27-FEB-2026,511176,75.56,76.32,-0.0100,0.0294,0.0294,0.5617
27-FEB-2026,511185,13.06,13.06,0.0000,0.0081,0.0081,0.1548
27-FEB-2026,511187,1.57,1.56,0.0064,0.0413,0.0412,0.7871
27-FEB-2026,511200,123.50,123.50,0.0000,0.0149,0.0148,0.2828
27-FEB-2026,511246,4.35,4.43,-0.0182,0.0336,0.0336,0.6419
27-FEB-2026,511254,61.75,61.75,0.0000,0.0000,0.0000,0.0000
27-FEB-2026,511260,48.84,48.02,0.0169,0.0198,0.0198,0.3783
27-FEB-2026,511355,12.30,12.61,-0.0249,0.0261,0.0261,0.4986
27-FEB-2026,511359,50.35,50.57,-0.0044,0.0292,0.0291,0.5560
27-FEB-2026,511377,28.50,28.50,0.0000,0.0276,0.0276,0.5273
27-FEB-2026,511391,58.50,58.96,-0.0078,0.0324,0.0323,0.6171
27-FEB-2026,511401,6.91,6.59,0.0474,0.0344,0.0345,0.6591
27-FEB-2026,511411,30.12,28.62,0.0511,0.0439,0.0439,0.8387
27-FEB-2026,511441,25.50,25.50,0.0000,0.0337,0.0336,0.6419
27-FEB-2026,511447,0.72,0.69,0.0426,0.0371,0.0371,0.7088
27-FEB-2026,511451,9.48,9.67,-0.0198,0.0370,0.0369,0.7050
27-FEB-2026,511463,9.30,9.30,0.0000,0.0322,0.0322,0.6152
27-FEB-2026,511493,2.99,3.27,-0.0895,0.0424,0.0428,0.8177
27-FEB-2026,511501,25.30,26.32,-0.0395,0.0289,0.0290,0.5540
27-FEB-2026,511507,58.54,55.76,0.0487,0.0367,0.0367,0.7012
27-FEB-2026,511509,27.03,27.20,-0.0063,0.0287,0.0286,0.5464
27-FEB-2026,511523,19.70,19.97,-0.0136,0.0278,0.0278,0.5311
27-FEB-2026,511525,1.72,1.75,-0.0173,0.0273,0.0272,0.5197
27-FEB-2026,511533,39.45,40.90,-0.0361,0.0350,0.0350,0.6687
27-FEB-2026,511535,38.25,38.50,-0.0065,0.0492,0.0490,0.9361
27-FEB-2026,511539,14.88,14.30,0.0398,0.0266,0.0267,0.5101
27-FEB-2026,511543,33.08,35.74,-0.0773,0.0357,0.0360,0.6878
27-FEB-2026,511549,61.56,60.50,0.0174,0.0280,0.0280,0.5349
27-FEB-2026,511557,4.19,4.12,0.0168,0.0526,0.0525,1.0030
27-FEB-2026,511563,39.88,39.88,0.0000,0.0289,0.0288,0.5502
27-FEB-2026,511571,124.35,128.25,-0.0309,0.0404,0.0403,0.7699
27-FEB-2026,511577,15.49,15.38,0.0071,0.0356,0.0355,0.6782
27-FEB-2026,511585,3.12,3.12,0.0000,0.0168,0.0167,0.3191
27-FEB-2026,511593,18.18,18.30,-0.0066,0.0424,0.0423,0.8081
27-FEB-2026,511601,8.33,8.58,-0.0296,0.0331,0.0331,0.6324
27-FEB-2026,511609,29.56,29.57,-0.0003,0.0203,0.0203,0.3878
27-FEB-2026,511626,87.68,91.25,-0.0399,0.0419,0.0419,0.8005
27-FEB-2026,511628,42.95,44.88,-0.0440,0.0275,0.0276,0.5273
27-FEB-2026,511636,2.33,2.25,0.0349,0.0277,0.0277,0.5292
27-FEB-2026,511644,66.40,69.85,-0.0507,0.1578,0.1575,3.0090
27-FEB-2026,511654,67.98,67.90,0.0012,0.0417,0.0416,0.7948
27-FEB-2026,511658,18.24,17.83,0.0227,0.0330,0.0330,0.6305
27-FEB-2026,511664,11.94,11.55,0.0332,0.0402,0.0402,0.7680
27-FEB-2026,511672,30.94,31.55,-0.0195,0.0290,0.0289,0.5521
27-FEB-2026,511692,5.98,6.05,-0.0116,0.0431,0.0430,0.8215
27-FEB-2026,511696,260.30,274.00,-0.0513,0.0378,0.0379,0.7241
27-FEB-2026,511700,0.48,0.47,0.0211,0.0329,0.0329,0.6286
27-FEB-2026,511702,166.10,162.95,0.0191,0.0281,0.0280,0.5349
27-FEB-2026,511710,2.08,2.10,-0.0096,0.0355,0.0354,0.6763
27-FEB-2026,511712,67.53,73.65,-0.0868,0.0334,0.0339,0.6477
27-FEB-2026,511714,193.75,201.85,-0.0410,0.0286,0.0287,0.5483
27-FEB-2026,511716,5.65,5.27,0.0696,0.0369,0.0371,0.7088
27-FEB-2026,511728,15.65,15.00,0.0424,0.0340,0.0340,0.6496
27-FEB-2026,511738,36.65,36.65,0.0000,0.0164,0.0164,0.3133
27-FEB-2026,511740,136.00,129.70,0.0474,0.0297,0.0298,0.5693
27-FEB-2026,511754,83.39,89.57,-0.0715,0.0250,0.0254,0.4853
27-FEB-2026,511756,35.25,35.01,0.0068,0.0325,0.0324,0.6190
27-FEB-2026,511758,74.53,74.53,0.0000,0.0434,0.0433,0.8272
27-FEB-2026,511764,31.46,31.13,0.0105,0.0365,0.0365,0.6973
27-FEB-2026,512014,789.50,769.45,0.0257,0.0260,0.0260,0.4967
27-FEB-2026,512018,9.65,8.07,0.1788,0.0262,0.0290,0.5540
27-FEB-2026,512020,10016.00,9894.30,0.0122,0.0284,0.0284,0.5426
27-FEB-2026,512022,244.45,244.45,0.0000,0.0000,0.0000,0.0000
27-FEB-2026,512025,44.69,44.09,0.0135,0.0298,0.0298,0.5693
27-FEB-2026,512026,312.25,312.25,0.0000,0.0168,0.0168,0.3210
27-FEB-2026,512036,121.60,128.00,-0.0513,0.0316,0.0318,0.6075
27-FEB-2026,512047,3.09,3.25,-0.0505,0.0370,0.0371,0.7088
27-FEB-2026,512048,2.81,2.73,0.0289,0.0342,0.0342,0.6534
27-FEB-2026,512062,32.01,32.01,0.0000,0.0152,0.0152,0.2904
27-FEB-2026,512064,53.81,51.25,0.0487,0.0351,0.0351,0.6706
27-FEB-2026,512065,12.34,12.10,0.0196,0.1120,0.1117,2.1340
27-FEB-2026,512068,120.75,125.10,-0.0354,0.0356,0.0356,0.6801
27-FEB-2026,512091,10.54,10.04,0.0486,0.0347,0.0348,0.6649
27-FEB-2026,512093,4.53,4.50,0.0066,0.0267,0.0266,0.5082
27-FEB-2026,512097,0.28,0.27,0.0364,0.0378,0.0378,0.7222
27-FEB-2026,512099,954.20,954.20,0.0000,0.0265,0.0264,0.5044
27-FEB-2026,512101,17.40,17.40,0.0000,0.0000,0.0000,0.0000
27-FEB-2026,512103,318.90,317.00,0.0060,0.0262,0.0262,0.5006
27-FEB-2026,512115,69.78,68.85,0.0134,0.0360,0.0359,0.6859
27-FEB-2026,512117,3.67,3.67,0.0000,0.0000,0.0000,0.0000
27-FEB-2026,512149,1.13,1.14,-0.0088,0.0348,0.0347,0.6629
27-FEB-2026,512153,10.55,10.55,0.0000,0.0099,0.0099,0.1891
27-FEB-2026,512165,24.98,24.36,0.0251,0.0340,0.0339,0.6477
27-FEB-2026,512175,4.00,3.96,0.0101,0.0326,0.0326,0.6228
27-FEB-2026,512213,2.71,2.71,0.0000,0.0000,0.0000,0.0000
27-FEB-2026,512217,28.79,27.42,0.0488,0.0363,0.0364,0.6954
27-FEB-2026,512221,14.45,14.45,0.0000,0.0029,0.0029,0.0554
27-FEB-2026,512229,173.20,171.20,0.0116,0.0158,0.0158,0.3019
27-FEB-2026,512247,2.67,2.65,0.0075,0.0249,0.0248,0.4738
27-FEB-2026,512257,3.49,3.50,-0.0029,0.0239,0.0239,0.4566
27-FEB-2026,512261,3.00,3.00,0.0000,0.0000,0.0000,0.0000
27-FEB-2026,512267,10.35,10.22,0.0126,0.0318,0.0317,0.6056
27-FEB-2026,512271,116.50,116.50,0.0000,0.0005,0.0005,0.0096
27-FEB-2026,512277,431.10,410.60,0.0487,0.1109,0.1107,2.1149
27-FEB-2026,512297,39.01,38.25,0.0197,0.0362,0.0362,0.6916
27-FEB-2026,512301,21.81,21.39,0.0194,0.0311,0.0311,0.5942
27-FEB-2026,512344,6.23,5.95,0.0460,0.0341,0.0342,0.6534
27-FEB-2026,512345,173.60,165.35,0.0487,0.0261,0.0263,0.5025
27-FEB-2026,512361,31.94,33.62,-0.0513,0.0297,0.0298,0.5693
27-FEB-2026,512367,11.52,11.52,0.0000,0.0011,0.0011,0.0210
27-FEB-2026,512377,5.64,5.64,0.0000,0.0037,0.0037,0.0707
27-FEB-2026,512379,2.75,2.73,0.0073,0.0296,0.0296,0.5655
27-FEB-2026,512393,29.99,28.82,0.0398,0.0280,0.0281,0.5368
27-FEB-2026,512399,36.38,36.82,-0.0120,0.0270,0.0270,0.5158
27-FEB-2026,512404,0.05,0.05,0.0000,0.0124,0.0124,0.2369
27-FEB-2026,512408,10.05,10.05,0.0000,0.0000,0.0000,0.0000
27-FEB-2026,512415,6.42,6.63,-0.0322,0.0323,0.0323,0.6171
27-FEB-2026,512425,589.00,603.00,-0.0235,0.0308,0.0308,0.5884
27-FEB-2026,512437,390.00,390.00,0.0000,0.0325,0.0324,0.6190
27-FEB-2026,512441,0.51,0.43,0.1706,0.0394,0.0411,0.7852
27-FEB-2026,512443,14.44,15.08,-0.0434,0.0336,0.0336,0.6419
27-FEB-2026,512453,604.90,605.20,-0.0005,0.0281,0.0280,0.5349
27-FEB-2026,512477,377.15,376.00,0.0031,0.0430,0.0428,0.8177
27-FEB-2026,512479,630.00,630.00,0.0000,0.0096,0.0095,0.1815
27-FEB-2026,512485,73.87,73.87,0.0000,0.0347,0.0346,0.6610
27-FEB-2026,512489,15.04,15.79,-0.0487,0.0454,0.0454,0.8674
27-FEB-2026,512493,62.75,60.44,0.0375,0.0343,0.0343,0.6553
27-FEB-2026,512499,0.49,0.49,0.0000,0.0077,0.0077,0.1471
27-FEB-2026,512511,1.08,1.08,0.0000,0.0027,0.0027,0.0516
27-FEB-2026,512527,623.85,617.15,0.0108,0.0245,0.0244,0.4662
27-FEB-2026,512587,36.87,37.27,-0.0108,0.0350,0.0349,0.6668
27-FEB-2026,512589,156.10,160.85,-0.0300,0.0333,0.0333,0.6362
27-FEB-2026,512591,0.95,1.00,-0.0513,0.0424,0.0424,0.8101
27-FEB-2026,512595,743.65,760.00,-0.0217,0.0304,0.0304,0.5808
27-FEB-2026,512600,76.60,76.94,-0.0044,0.0281,0.0280,0.5349
27-FEB-2026,512604,7.00,6.51,0.0726,0.0326,0.0329,0.6286
27-FEB-2026,512618,10.55,11.04,-0.0454,0.0469,0.0469,0.8960
27-FEB-2026,512624,6.10,6.05,0.0082,0.0319,0.0318,0.6075
27-FEB-2026,512634,152.15,152.95,-0.0052,0.0238,0.0237,0.4528
27-FEB-2026,513005,42.17,42.98,-0.0190,0.0353,0.0352,0.6725
27-FEB-2026,513039,3.31,3.31,0.0000,0.0000,0.0000,0.0000
27-FEB-2026,513043,138.45,139.80,-0.0097,0.0353,0.0352,0.6725
27-FEB-2026,513059,31.82,31.79,0.0009,0.0271,0.0271,0.5177
27-FEB-2026,513063,21.55,21.18,0.0173,0.0400,0.0399,0.7623
27-FEB-2026,513117,6.76,6.83,-0.0103,0.0298,0.0298,0.5693
27-FEB-2026,513149,686.15,714.90,-0.0410,0.0307,0.0307,0.5865
27-FEB-2026,513173,21.21,20.27,0.0453,0.0318,0.0319,0.6094
27-FEB-2026,513252,851.90,866.25,-0.0167,0.0347,0.0346,0.6610
27-FEB-2026,513295,202.25,202.40,-0.0007,0.0412,0.0411,0.7852
27-FEB-2026,513303,13.19,12.76,0.0331,0.0319,0.0319,0.6094
27-FEB-2026,513307,1783.60,1736.40,0.0268,0.0561,0.0560,1.0699
27-FEB-2026,513309,8.74,8.89,-0.0170,0.0371,0.0370,0.7069
27-FEB-2026,513337,0.60,0.60,0.0000,0.0324,0.0323,0.6171
27-FEB-2026,513353,249.05,249.50,-0.0018,0.0254,0.0254,0.4853
27-FEB-2026,513361,15.73,15.76,-0.0019,0.0341,0.0340,0.6496
27-FEB-2026,513369,133.00,130.95,0.0155,0.0318,0.0318,0.6075
27-FEB-2026,513397,12.72,13.38,-0.0506,0.0273,0.0275,0.5254
27-FEB-2026,513418,5.79,5.98,-0.0323,0.0330,0.0330,0.6305
27-FEB-2026,513422,34.00,33.98,0.0006,0.0421,0.0420,0.8024
27-FEB-2026,513430,27.31,26.01,0.0488,0.0317,0.0318,0.6075
27-FEB-2026,513452,9.96,9.49,0.0483,0.0355,0.0355,0.6782
27-FEB-2026,513456,55.94,53.74,0.0401,0.0284,0.0285,0.5445
27-FEB-2026,513460,8.65,8.30,0.0413,0.0352,0.0352,0.6725
27-FEB-2026,513472,484.60,488.80,-0.0086,0.0309,0.0308,0.5884
27-FEB-2026,513488,19.40,18.99,0.0214,0.0334,0.0334,0.6381
27-FEB-2026,513496,264.00,268.95,-0.0186,0.0390,0.0389,0.7432
27-FEB-2026,513498,81.87,81.11,0.0093,0.0337,0.0337,0.6438
27-FEB-2026,513502,9.24,9.23,0.0011,0.0368,0.0367,0.7012
27-FEB-2026,513507,155.80,163.95,-0.0510,0.0243,0.0246,0.4700
27-FEB-2026,513511,343.10,325.10,0.0539,0.0331,0.0332,0.6343
27-FEB-2026,513513,11.44,10.05,0.1295,0.0443,0.0451,0.8616
27-FEB-2026,513528,79.23,76.40,0.0364,0.0380,0.0380,0.7260
27-FEB-2026,513532,327.95,324.35,0.0110,0.0337,0.0336,0.6419
27-FEB-2026,513536,101.40,101.30,0.0010,0.0292,0.0291,0.5560
27-FEB-2026,513540,27.40,28.84,-0.0512,0.0255,0.0257,0.4910
27-FEB-2026,513548,170.50,163.70,0.0407,0.0397,0.0397,0.7585
27-FEB-2026,513566,13.92,14.21,-0.0206,0.0299,0.0299,0.5712
27-FEB-2026,513575,24.00,24.22,-0.0091,0.0331,0.0330,0.6305
27-FEB-2026,513579,5.57,5.57,0.0000,0.0252,0.0251,0.4795
27-FEB-2026,513629,24.55,24.01,0.0222,0.0346,0.0346,0.6610
27-FEB-2026,513642,45.71,45.71,0.0000,0.0456,0.0454,0.8674
27-FEB-2026,513687,5.60,5.63,-0.0053,0.0314,0.0313,0.5980
27-FEB-2026,513693,29.65,29.65,0.0000,0.0286,0.0286,0.5464
27-FEB-2026,513699,26.85,27.78,-0.0341,0.0363,0.0363,0.6935
27-FEB-2026,513709,179.65,180.80,-0.0064,0.0317,0.0316,0.6037
27-FEB-2026,513713,3.82,3.89,-0.0182,0.0275,0.0275,0.5254
27-FEB-2026,513721,17.99,17.99,0.0000,0.0348,0.0347,0.6629
27-FEB-2026,514010,24.00,24.00,0.0000,0.0344,0.0343,0.6553
27-FEB-2026,514028,40.49,39.99,0.0124,0.0347,0.0346,0.6610
27-FEB-2026,514030,123.00,121.50,0.0123,0.0244,0.0243,0.4643
27-FEB-2026,514060,5.10,4.91,0.0380,0.0286,0.0286,0.5464
27-FEB-2026,514087,58.99,56.93,0.0355,0.0317,0.0317,0.6056
27-FEB-2026,514113,21.52,21.95,-0.0198,0.0288,0.0288,0.5502
27-FEB-2026,514128,38.95,41.00,-0.0513,0.0311,0.0312,0.5961
27-FEB-2026,514138,326.10,336.50,-0.0314,0.0282,0.0283,0.5407
27-FEB-2026,514165,5.73,5.83,-0.0173,0.0236,0.0236,0.4509
27-FEB-2026,514171,45.75,44.76,0.0219,0.0453,0.0452,0.8635
27-FEB-2026,514177,72.11,75.90,-0.0512,0.0263,0.0265,0.5063
27-FEB-2026,514183,81.48,81.89,-0.0050,0.0196,0.0196,0.3745
27-FEB-2026,514197,4.40,4.05,0.0829,0.0355,0.0359,0.6859
27-FEB-2026,514223,19.24,18.87,0.0194,0.0421,0.0420,0.8024
27-FEB-2026,514236,0.10,0.10,0.0000,0.0000,0.0000,0.0000
27-FEB-2026,514238,837.20,870.80,-0.0393,0.0282,0.0282,0.5388
27-FEB-2026,514240,6.41,6.73,-0.0487,0.0297,0.0299,0.5712
27-FEB-2026,514248,35.80,37.65,-0.0504,0.0347,0.0348,0.6649
27-FEB-2026,514260,35.36,35.36,0.0000,0.0161,0.0160,0.3057
27-FEB-2026,514264,18.00,19.50,-0.0800,0.0380,0.0383,0.7317
27-FEB-2026,514266,52.30,51.28,0.0197,0.0235,0.0235,0.4490
27-FEB-2026,514272,112.85,110.00,0.0256,0.0299,0.0299,0.5712
27-FEB-2026,514280,137.35,141.65,-0.0308,0.0433,0.0433,0.8272
27-FEB-2026,514302,151.25,150.65,0.0040,0.0291,0.0290,0.5540
27-FEB-2026,514312,54.11,56.95,-0.0512,0.0396,0.0396,0.7566
27-FEB-2026,514316,116.10,119.40,-0.0280,0.0304,0.0304,0.5808
27-FEB-2026,514318,423.00,423.00,0.0000,0.0227,0.0227,0.4337
27-FEB-2026,514322,83.99,84.65,-0.0078,0.0391,0.0390,0.7451
27-FEB-2026,514324,691.50,693.35,-0.0027,0.0338,0.0337,0.6438
27-FEB-2026,514326,7.89,7.93,-0.0051,0.0320,0.0319,0.6094
27-FEB-2026,514330,659.30,693.95,-0.0512,0.0383,0.0383,0.7317
27-FEB-2026,514332,42.98,41.08,0.0452,0.0373,0.0374,0.7145
27-FEB-2026,514336,75.45,77.00,-0.0203,0.0284,0.0283,0.5407
27-FEB-2026,514358,96.52,91.01,0.0588,0.0447,0.0448,0.8559
27-FEB-2026,514360,30.21,29.35,0.0289,0.0362,0.0361,0.6897
27-FEB-2026,514378,13.23,13.15,0.0061,0.0323,0.0323,0.6171
27-FEB-2026,514386,8.35,8.41,-0.0072,0.0316,0.0315,0.6018
27-FEB-2026,514400,22.92,22.93,-0.0004,0.0339,0.0338,0.6457
27-FEB-2026,514402,13.10,12.72,0.0294,0.0319,0.0319,0.6094
27-FEB-2026,514412,161.85,161.85,0.0000,0.0307,0.0306,0.5846
27-FEB-2026,514414,9.10,8.93,0.0189,0.0212,0.0212,0.4050
27-FEB-2026,514428,298.90,304.70,-0.0192,0.0244,0.0243,0.4643
27-FEB-2026,514440,47.70,48.58,-0.0183,0.0291,0.0291,0.5560
27-FEB-2026,514442,19.82,19.47,0.0178,0.0359,0.0358,0.6840
27-FEB-2026,514448,843.05,839.00,0.0048,0.0185,0.0185,0.3534
27-FEB-2026,514454,32.20,30.73,0.0467,0.0311,0.0312,0.5961
27-FEB-2026,514460,17.00,17.10,-0.0059,0.0271,0.0270,0.5158
27-FEB-2026,514470,75.04,75.28,-0.0032,0.0268,0.0267,0.5101
27-FEB-2026,515008,237.15,245.05,-0.0328,0.0340,0.0340,0.6496
27-FEB-2026,515043,99.20,99.10,0.0010,0.0167,0.0166,0.3171
27-FEB-2026,515059,31.65,31.48,0.0054,0.0379,0.0378,0.7222
27-FEB-2026,515085,6.59,6.46,0.0199,0.0358,0.0358,0.6840
27-FEB-2026,515147,92.82,92.03,0.0085,0.0323,0.0322,0.6152
27-FEB-2026,516003,140.05,138.90,0.0082,0.0281,0.0280,0.5349
27-FEB-2026,516020,4.50,4.29,0.0478,0.0299,0.0300,0.5731
27-FEB-2026,516032,7.00,7.10,-0.0142,0.0403,0.0402,0.7680
27-FEB-2026,516038,254.75,242.75,0.0483,0.0309,0.0310,0.5923
27-FEB-2026,516062,5.78,5.67,0.0192,0.0277,0.0276,0.5273
27-FEB-2026,516078,60.11,58.84,0.0214,0.0378,0.0378,0.7222
27-FEB-2026,516096,190.00,190.00,0.0000,0.0409,0.0408,0.7795
27-FEB-2026,516098,8.45,8.32,0.0155,0.0323,0.0323,0.6171
27-FEB-2026,516106,6.90,6.50,0.0597,0.0320,0.0322,0.6152
27-FEB-2026,516108,91.65,93.90,-0.0243,0.0250,0.0250,0.4776
27-FEB-2026,516110,3.36,3.35,0.0030,0.0269,0.0268,0.5120
27-FEB-2026,517035,174.20,176.05,-0.0106,0.0346,0.0345,0.6591
27-FEB-2026,517063,129.70,134.75,-0.0382,0.0348,0.0348,0.6649
27-FEB-2026,517077,55.00,57.00,-0.0357,0.0289,0.0289,0.5521
27-FEB-2026,517096,75.01,73.98,0.0138,0.0413,0.0412,0.7871
27-FEB-2026,517119,19.02,19.74,-0.0372,0.0296,0.0296,0.5655
27-FEB-2026,517166,151.45,152.25,-0.0053,0.0356,0.0355,0.6782
27-FEB-2026,517170,21.62,22.03,-0.0188,0.0337,0.0337,0.6438
27-FEB-2026,517172,12.00,12.00,0.0000,0.0090,0.0090,0.1719
27-FEB-2026,517201,81.48,83.14,-0.0202,0.0371,0.0371,0.7088
27-FEB-2026,517236,81.35,81.55,-0.0025,0.0327,0.0326,0.6228
27-FEB-2026,517238,163.15,166.40,-0.0197,0.0379,0.0378,0.7222
27-FEB-2026,517246,167.50,163.10,0.0266,0.0347,0.0347,0.6629
27-FEB-2026,517258,130.75,131.30,-0.0042,0.0349,0.0348,0.6649
27-FEB-2026,517264,83.74,79.95,0.0463,0.0306,0.0307,0.5865
27-FEB-2026,517286,53.19,53.26,-0.0013,0.0263,0.0262,0.5006
27-FEB-2026,517288,58.55,59.93,-0.0233,0.0339,0.0339,0.6477
27-FEB-2026,517320,61.93,60.72,0.0197,0.0373,0.0372,0.7107
27-FEB-2026,517336,11.61,11.61,0.0000,0.0186,0.0186,0.3554
27-FEB-2026,517356,1.29,1.26,0.0235,0.0317,0.0317,0.6056
27-FEB-2026,517360,18.69,18.69,0.0000,0.0389,0.0388,0.7413
27-FEB-2026,517370,88.16,95.61,-0.0811,0.0410,0.0413,0.7890
27-FEB-2026,517372,431.80,433.95,-0.0050,0.0254,0.0253,0.4834
27-FEB-2026,517393,10.70,10.95,-0.0231,0.0354,0.0354,0.6763
27-FEB-2026,517397,40.29,40.77,-0.0118,0.0339,0.0338,0.6457
27-FEB-2026,517415,7.89,7.95,-0.0076,0.0351,0.0351,0.6706
27-FEB-2026,517417,247.20,246.00,0.0049,0.0319,0.0318,0.6075
27-FEB-2026,517429,74.50,74.76,-0.0035,0.0303,0.0302,0.5770
27-FEB-2026,517431,23.16,23.39,-0.0099,0.0530,0.0529,1.0107
27-FEB-2026,517437,106.40,112.00,-0.0513,0.0297,0.0299,0.5712
27-FEB-2026,517449,979.40,988.10,-0.0088,0.0305,0.0304,0.5808
27-FEB-2026,517467,137.95,139.00,-0.0076,0.0271,0.0271,0.5177
27-FEB-2026,517477,346.00,355.00,-0.0257,0.0222,0.0222,0.4241
27-FEB-2026,517494,11.81,12.71,-0.0734,0.0277,0.0281,0.5368
27-FEB-2026,517514,140.90,141.25,-0.0025,0.0380,0.0379,0.7241
27-FEB-2026,517546,44.79,45.87,-0.0238,0.0370,0.0370,0.7069
27-FEB-2026,517554,0.88,0.81,0.0829,0.0295,0.0300,0.5731
27-FEB-2026,518011,58.57,55.26,0.0582,0.0402,0.0403,0.7699
27-FEB-2026,518053,45.99,44.99,0.0220,0.0261,0.0260,0.4967
27-FEB-2026,518075,243.90,243.65,0.0010,0.0313,0.0312,0.5961
27-FEB-2026,519014,14.34,14.99,-0.0443,0.0334,0.0334,0.6381
27-FEB-2026,519064,127.45,130.05,-0.0202,0.0467,0.0466,0.8903
27-FEB-2026,519097,58.98,60.00,-0.0171,0.0343,0.0343,0.6553
27-FEB-2026,519152,10245.00,9975.00,0.0267,0.0237,0.0237,0.4528
27-FEB-2026,519174,10.45,10.45,0.0000,0.0343,0.0342,0.6534
27-FEB-2026,519191,1.51,1.52,-0.0066,0.0372,0.0371,0.7088
27-FEB-2026,519214,6.94,7.30,-0.0506,0.0314,0.0316,0.6037
27-FEB-2026,519216,23.24,23.28,-0.0017,0.0288,0.0288,0.5502
27-FEB-2026,519230,16.29,16.90,-0.0368,0.0330,0.0330,0.6305
27-FEB-2026,519234,36.03,34.69,0.0379,0.0421,0.0421,0.8043
27-FEB-2026,519238,45.00,44.46,0.0121,0.0296,0.0296,0.5655
27-FEB-2026,519242,68.00,68.00,0.0000,0.0313,0.0313,0.5980
27-FEB-2026,519262,17.12,17.00,0.0070,0.0398,0.0397,0.7585
27-FEB-2026,519279,7.78,7.41,0.0487,0.0304,0.0305,0.5827
27-FEB-2026,519285,6.70,6.70,0.0000,0.0333,0.0332,0.6343
27-FEB-2026,519287,32.99,33.07,-0.0024,0.0320,0.0319,0.6094
27-FEB-2026,519295,209.30,207.25,0.0098,0.0241,0.0240,0.4585
27-FEB-2026,519299,37.50,38.80,-0.0341,0.0364,0.0364,0.6954
27-FEB-2026,519307,1.03,1.05,-0.0192,0.0425,0.0424,0.8101
27-FEB-2026,519331,37.53,39.42,-0.0491,0.0356,0.0357,0.6820
27-FEB-2026,519353,15.86,15.86,0.0000,0.0158,0.0158,0.3019
27-FEB-2026,519359,65.50,65.50,0.0000,0.0314,0.0314,0.5999
27-FEB-2026,519367,483.00,492.75,-0.0200,0.0323,0.0322,0.6152
27-FEB-2026,519397,153.25,155.50,-0.0146,0.0244,0.0243,0.4643
27-FEB-2026,519413,23.78,23.78,0.0000,0.0097,0.0096,0.1834
27-FEB-2026,519415,46.06,46.06,0.0000,0.0114,0.0113,0.2159
27-FEB-2026,519421,212.60,214.90,-0.0108,0.0222,0.0222,0.4241
27-FEB-2026,519457,32.75,31.66,0.0338,0.0309,0.0309,0.5903
27-FEB-2026,519463,642.85,612.25,0.0488,0.0398,0.0399,0.7623
27-FEB-2026,519471,167.85,167.45,0.0024,0.0369,0.0368,0.7031
27-FEB-2026,519475,72.60,73.12,-0.0071,0.0299,0.0298,0.5693
27-FEB-2026,519477,1310.50,1306.50,0.0031,0.0377,0.0376,0.7183
27-FEB-2026,519479,9.57,9.12,0.0482,0.0361,0.0362,0.6916
27-FEB-2026,519483,30.00,29.51,0.0165,0.0352,0.0351,0.6706
27-FEB-2026,519500,8.74,9.04,-0.0337,0.0351,0.0351,0.6706
27-FEB-2026,519506,23.02,23.02,0.0000,0.0314,0.0313,0.5980
27-FEB-2026,519532,9.87,9.85,0.0020,0.0239,0.0239,0.4566
27-FEB-2026,519566,152.00,155.00,-0.0195,0.0296,0.0296,0.5655
27-FEB-2026,519574,37.18,36.97,0.0057,0.0367,0.0366,0.6992
27-FEB-2026,519604,21.40,21.46,-0.0028,0.0455,0.0454,0.8674
27-FEB-2026,519606,37.42,35.64,0.0487,0.0301,0.0302,0.5770
27-FEB-2026,519612,77.39,76.00,0.0181,0.0365,0.0364,0.6954
27-FEB-2026,520075,117.65,121.60,-0.0330,0.0212,0.0213,0.4069
27-FEB-2026,520081,17.86,17.86,0.0000,0.0215,0.0215,0.4108
27-FEB-2026,520121,14.82,14.53,0.0198,0.0360,0.0359,0.6859
27-FEB-2026,520123,63.49,62.32,0.0186,0.0299,0.0299,0.5712
27-FEB-2026,520127,13.51,13.73,-0.0162,0.0361,0.0360,0.6878
27-FEB-2026,520131,35.00,35.00,0.0000,0.0234,0.0233,0.4451
27-FEB-2026,520141,7.58,7.61,-0.0039,0.0338,0.0337,0.6438
27-FEB-2026,520155,39.10,38.39,0.0183,0.0359,0.0358,0.6840
27-FEB-2026,521003,21.15,21.15,0.0000,0.0116,0.0116,0.2216
27-FEB-2026,521005,0.87,0.90,-0.0339,0.0375,0.0374,0.7145
27-FEB-2026,521048,24.65,24.15,0.0205,0.0377,0.0376,0.7183
27-FEB-2026,521054,9.89,9.89,0.0000,0.0424,0.0423,0.8081
27-FEB-2026,521062,4.83,4.90,-0.0144,0.0355,0.0355,0.6782
27-FEB-2026,521068,63.63,60.60,0.0488,0.0263,0.0265,0.5063
27-FEB-2026,521080,6.86,6.49,0.0554,0.0371,0.0372,0.7107
27-FEB-2026,521097,138.45,139.10,-0.0047,0.0232,0.0231,0.4413
27-FEB-2026,521105,31.07,29.37,0.0563,0.0333,0.0334,0.6381
27-FEB-2026,521113,84.73,81.33,0.0410,0.0335,0.0335,0.6400
27-FEB-2026,521131,24.83,24.93,-0.0040,0.0307,0.0306,0.5846
27-FEB-2026,521133,5.32,5.32,0.0000,0.0226,0.0225,0.4299
27-FEB-2026,521137,5.48,5.52,-0.0073,0.0350,0.0349,0.6668
27-FEB-2026,521141,17.97,18.00,-0.0017,0.0262,0.0261,0.4986
27-FEB-2026,521149,7.96,8.36,-0.0490,0.0381,0.0382,0.7298
27-FEB-2026,521151,60.30,63.44,-0.0508,0.0307,0.0308,0.5884
27-FEB-2026,521161,28.42,28.42,0.0000,0.0428,0.0427,0.8158
27-FEB-2026,521178,41.80,40.90,0.0218,0.0326,0.0326,0.6228
27-FEB-2026,521206,1.46,1.41,0.0348,0.0403,0.0403,0.7699
27-FEB-2026,521210,14.24,13.60,0.0460,0.0309,0.0310,0.5923
27-FEB-2026,521216,81.51,81.48,0.0004,0.0295,0.0294,0.5617
27-FEB-2026,521222,42.59,40.57,0.0486,0.0309,0.0310,0.5923
27-FEB-2026,521226,19.50,18.46,0.0548,0.0361,0.0363,0.6935
27-FEB-2026,521228,2.36,2.38,-0.0084,0.0290,0.0290,0.5540
27-FEB-2026,521232,75.60,75.60,0.0000,0.0292,0.0292,0.5579
27-FEB-2026,521234,32.04,32.04,0.0000,0.0422,0.0421,0.8043
27-FEB-2026,521238,99.50,101.95,-0.0243,0.0397,0.0396,0.7566
27-FEB-2026,521240,98.00,96.40,0.0165,0.0327,0.0326,0.6228
27-FEB-2026,521244,105.05,110.00,-0.0460,0.0283,0.0285,0.5445
27-FEB-2026,522001,71.99,72.00,-0.0001,0.0346,0.0345,0.6591
27-FEB-2026,522004,88.54,90.06,-0.0170,0.0352,0.0351,0.6706
27-FEB-2026,522005,118.35,118.75,-0.0034,0.0289,0.0288,0.5502
27-FEB-2026,522017,574.65,571.45,0.0056,0.0289,0.0288,0.5502
27-FEB-2026,522036,76.00,76.00,0.0000,0.0224,0.0223,0.4260
27-FEB-2026,522091,38.94,39.73,-0.0201,0.1116,0.1113,2.1264
27-FEB-2026,522101,507.50,508.35,-0.0017,0.0220,0.0220,0.4203
27-FEB-2026,522105,33.43,34.30,-0.0257,0.0325,0.0325,0.6209
27-FEB-2026,522122,1562.15,1582.00,-0.0126,0.0216,0.0215,0.4108
27-FEB-2026,522134,147.25,148.00,-0.0051,0.0301,0.0300,0.5731
27-FEB-2026,522152,99.19,104.00,-0.0474,0.0338,0.0339,0.6477
27-FEB-2026,522165,37.22,37.42,-0.0054,0.0294,0.0293,0.5598
27-FEB-2026,522183,276.50,277.85,-0.0049,0.0258,0.0257,0.4910
27-FEB-2026,522195,4324.60,4335.15,-0.0024,0.0338,0.0337,0.6438
27-FEB-2026,522207,59.30,62.54,-0.0532,0.0334,0.0335,0.6400
27-FEB-2026,522209,5.11,5.00,0.0218,0.0452,0.0451,0.8616
27-FEB-2026,522229,250.65,258.20,-0.0297,0.0300,0.0300,0.5731
27-FEB-2026,522231,76.64,76.21,0.0056,0.0378,0.0377,0.7203
27-FEB-2026,522235,2.26,2.31,-0.0219,0.0319,0.0319,0.6094
27-FEB-2026,522237,24.74,24.86,-0.0048,0.0474,0.0473,0.9037
27-FEB-2026,522245,11.80,11.24,0.0486,0.0360,0.0361,0.6897
27-FEB-2026,522251,204.25,208.65,-0.0213,0.0368,0.0368,0.7031
27-FEB-2026,522267,41.50,41.50,0.0000,0.0421,0.0420,0.8024
27-FEB-2026,522273,173.75,168.45,0.0310,0.0335,0.0335,0.6400
27-FEB-2026,522289,88.10,83.93,0.0485,0.0356,0.0357,0.6820
27-FEB-2026,522292,152.95,153.55,-0.0039,0.0271,0.0270,0.5158
27-FEB-2026,522294,180.65,184.25,-0.0197,0.0299,0.0298,0.5693
27-FEB-2026,522650,82.83,81.75,0.0131,0.0366,0.0365,0.6973
27-FEB-2026,523007,101.45,102.50,-0.0103,0.0326,0.0326,0.6228
27-FEB-2026,523019,15.32,15.27,0.0033,0.0306,0.0305,0.5827
27-FEB-2026,523021,40.00,41.57,-0.0385,0.0367,0.0367,0.7012
27-FEB-2026,523054,2089.50,1990.00,0.0488,0.0239,0.0241,0.4604
27-FEB-2026,523062,61.10,61.10,0.0000,0.0385,0.0384,0.7336
27-FEB-2026,523100,114.05,117.25,-0.0277,0.0371,0.0370,0.7069
27-FEB-2026,523105,10.36,11.27,-0.0842,0.0369,0.0373,0.7126
27-FEB-2026,523116,738.00,714.05,0.0330,0.0279,0.0280,0.5349
27-FEB-2026,523120,114.35,112.20,0.0190,0.0358,0.0357,0.6820
27-FEB-2026,523144,24.61,25.57,-0.0383,0.0275,0.0276,0.5273
27-FEB-2026,523151,8.17,8.60,-0.0513,0.0458,0.0458,0.8750
27-FEB-2026,523160,1310.20,1309.10,0.0008,0.0227,0.0226,0.4318
27-FEB-2026,523186,162.35,162.35,0.0000,0.0325,0.0324,0.6190
27-FEB-2026,523222,19.66,20.06,-0.0201,0.0297,0.0297,0.5674
27-FEB-2026,523232,89.45,88.56,0.0100,0.0277,0.0277,0.5292
27-FEB-2026,523242,7.03,7.39,-0.0499,0.0368,0.0369,0.7050
27-FEB-2026,523248,270.00,266.35,0.0136,0.0339,0.0338,0.6457
27-FEB-2026,523277,0.36,0.36,0.0000,0.0363,0.0362,0.6916
27-FEB-2026,523289,136.20,131.75,0.0332,0.0354,0.0354,0.6763
27-FEB-2026,523309,87.75,86.61,0.0131,0.0340,0.0339,0.6477
27-FEB-2026,523315,2.24,2.24,0.0000,0.0023,0.0023,0.0439
27-FEB-2026,523323,5287.30,5132.90,0.0296,0.0190,0.0190,0.3630
27-FEB-2026,523343,10.00,10.00,0.0000,0.0000,0.0000,0.0000
27-FEB-2026,523373,21.67,21.89,-0.0101,0.0319,0.0318,0.6075
27-FEB-2026,523387,1.23,1.27,-0.0320,0.0217,0.0218,0.4165
27-FEB-2026,523411,1329.35,1342.30,-0.0097,0.0364,0.0363,0.6935
27-FEB-2026,523449,45.94,44.85,0.0240,0.0380,0.0379,0.7241
27-FEB-2026,523465,43.16,41.20,0.0465,0.0303,0.0304,0.5808
27-FEB-2026,523467,2.80,2.71,0.0327,0.0355,0.0355,0.6782
27-FEB-2026,523475,783.55,787.40,-0.0049,0.0386,0.0385,0.7355
27-FEB-2026,523483,135.15,134.60,0.0041,0.0296,0.0295,0.5636
27-FEB-2026,523489,38.01,40.65,-0.0671,0.0350,0.0352,0.6725
27-FEB-2026,523519,8.34,8.77,-0.0503,0.0355,0.0356,0.6801
27-FEB-2026,523537,39.49,38.13,0.0350,0.0248,0.0249,0.4757
27-FEB-2026,523550,36.80,36.21,0.0162,0.0297,0.0297,0.5674
27-FEB-2026,523558,16.95,16.89,0.0035,0.0288,0.0288,0.5502
27-FEB-2026,523566,49.81,49.81,0.0000,0.0382,0.0381,0.7279
27-FEB-2026,523586,246.05,245.05,0.0041,0.0180,0.0179,0.3420
27-FEB-2026,523594,24.12,24.35,-0.0095,0.0406,0.0405,0.7738
27-FEB-2026,523606,983.15,1011.70,-0.0286,0.0363,0.0363,0.6935
27-FEB-2026,523620,86.59,91.14,-0.0512,0.0362,0.0363,0.6935
27-FEB-2026,523638,121.95,121.65,0.0025,0.0315,0.0314,0.5999
27-FEB-2026,523650,45.70,44.97,0.0161,0.0447,0.0446,0.8521
27-FEB-2026,523652,28.35,28.35,0.0000,0.0302,0.0301,0.5751
27-FEB-2026,523660,52.13,54.86,-0.0510,0.0314,0.0316,0.6037
27-FEB-2026,523672,43.68,43.46,0.0050,0.0301,0.0300,0.5731
27-FEB-2026,523676,291.15,300.65,-0.0321,0.0294,0.0294,0.5617
27-FEB-2026,523696,54.06,53.83,0.0043,0.0238,0.0237,0.4528
27-FEB-2026,523710,281.00,289.85,-0.0310,0.0279,0.0279,0.5330
27-FEB-2026,523722,9.46,9.01,0.0487,0.0320,0.0321,0.6133
27-FEB-2026,523732,56.51,55.67,0.0150,0.0377,0.0377,0.7203
27-FEB-2026,523752,5.97,6.09,-0.0199,0.0343,0.0342,0.6534
27-FEB-2026,523782,14.38,14.40,-0.0014,0.0366,0.0365,0.6973
27-FEB-2026,523790,7.40,7.44,-0.0054,0.0241,0.0241,0.4604
27-FEB-2026,523826,22.54,22.54,0.0000,0.0363,0.0362,0.6916
27-FEB-2026,523832,23.93,24.41,-0.0199,0.0494,0.0493,0.9419
27-FEB-2026,523840,17.55,17.69,-0.0079,0.0324,0.0323,0.6171
27-FEB-2026,523842,6.77,6.88,-0.0161,0.0274,0.0274,0.5235
27-FEB-2026,523844,48.00,50.79,-0.0565,0.0326,0.0328,0.6266
27-FEB-2026,523850,399.85,343.50,0.1519,0.0249,0.0270,0.5158
27-FEB-2026,523862,30.70,29.31,0.0463,0.0395,0.0396,0.7566
27-FEB-2026,523874,113.99,113.17,0.0072,0.0386,0.0385,0.7355
27-FEB-2026,524031,9.43,9.43,0.0000,0.0266,0.0266,0.5082
27-FEB-2026,524038,5.30,5.51,-0.0389,0.0404,0.0404,0.7718
27-FEB-2026,524055,39.00,39.00,0.0000,0.0244,0.0243,0.4643
27-FEB-2026,524080,61.80,59.40,0.0396,0.0305,0.0306,0.5846
27-FEB-2026,524136,347.70,359.95,-0.0346,0.0317,0.0317,0.6056
27-FEB-2026,524156,46.53,48.50,-0.0415,0.0348,0.0348,0.6649
27-FEB-2026,524174,23.87,23.22,0.0276,0.0323,0.0323,0.6171
27-FEB-2026,524202,95.51,97.45,-0.0201,0.0292,0.0291,0.5560
27-FEB-2026,524204,111.00,111.15,-0.0014,0.0334,0.0333,0.6362
27-FEB-2026,524210,40.00,36.49,0.0918,0.0443,0.0447,0.8540
27-FEB-2026,524218,97.60,100.60,-0.0303,0.0274,0.0275,0.5254
27-FEB-2026,524238,64.20,64.00,0.0031,0.0281,0.0280,0.5349
27-FEB-2026,524288,49.59,47.53,0.0424,0.0280,0.0281,0.5368
27-FEB-2026,524314,38.36,39.66,-0.0333,0.0396,0.0396,0.7566
27-FEB-2026,524322,30.52,29.09,0.0480,0.0270,0.0272,0.5197
27-FEB-2026,524336,107.95,106.25,0.0159,0.0335,0.0334,0.6381
27-FEB-2026,524400,70.97,69.81,0.0165,0.0312,0.0311,0.5942
27-FEB-2026,524408,135.95,126.65,0.0709,0.0350,0.0353,0.6744
27-FEB-2026,524414,15.23,13.89,0.0921,0.0362,0.0366,0.6992
27-FEB-2026,524434,8.65,8.46,0.0222,0.0291,0.0291,0.5560
27-FEB-2026,524440,32.35,31.93,0.0131,0.0307,0.0307,0.5865
27-FEB-2026,524444,1.50,1.55,-0.0328,0.0243,0.0243,0.4643
27-FEB-2026,524458,13.54,12.66,0.0672,0.0456,0.0457,0.8731
27-FEB-2026,524480,493.05,477.35,0.0324,0.0290,0.0290,0.5540
27-FEB-2026,524488,2.27,2.30,-0.0131,0.0285,0.0285,0.5445
27-FEB-2026,524502,88.90,85.99,0.0333,0.0298,0.0299,0.5712
27-FEB-2026,524506,443.70,439.15,0.0103,0.0281,0.0281,0.5368
27-FEB-2026,524514,28.13,29.61,-0.0513,0.0191,0.0194,0.3706
27-FEB-2026,524516,48.35,48.99,-0.0131,0.0323,0.0322,0.6152
27-FEB-2026,524520,85.68,86.04,-0.0042,0.0226,0.0225,0.4299
27-FEB-2026,524522,34.00,34.97,-0.0281,0.0391,0.0390,0.7451
27-FEB-2026,524534,124.70,123.95,0.0060,0.0414,0.0413,0.7890
27-FEB-2026,524548,98.85,95.60,0.0334,0.0447,0.0447,0.8540
27-FEB-2026,524564,13.44,13.09,0.0264,0.0294,0.0294,0.5617
27-FEB-2026,524572,31.44,31.21,0.0073,0.0315,0.0314,0.5999
27-FEB-2026,524576,19.96,19.37,0.0300,0.0311,0.0311,0.5942
27-FEB-2026,524580,21.28,22.38,-0.0504,0.0393,0.0393,0.7508
27-FEB-2026,524582,164.40,159.25,0.0318,0.0270,0.0270,0.5158
27-FEB-2026,524590,16.36,16.69,-0.0200,0.0446,0.0445,0.8502
27-FEB-2026,524592,12.42,12.24,0.0146,0.0308,0.0307,0.5865
27-FEB-2026,524594,129.15,130.30,-0.0089,0.0333,0.0332,0.6343
27-FEB-2026,524602,29.50,29.50,0.0000,0.0410,0.0409,0.7814
27-FEB-2026,524606,20.19,21.75,-0.0744,0.0350,0.0353,0.6744
27-FEB-2026,524614,6.96,6.93,0.0043,0.0309,0.0308,0.5884
27-FEB-2026,524622,39.52,37.64,0.0487,0.0356,0.0356,0.6801
27-FEB-2026,524624,20.30,20.95,-0.0315,0.0411,0.0410,0.7833
27-FEB-2026,524628,17.50,16.88,0.0361,0.0417,0.0416,0.7948
27-FEB-2026,524632,41.24,40.08,0.0285,0.0341,0.0340,0.6496
27-FEB-2026,524634,457.70,465.30,-0.0165,0.0258,0.0258,0.4929
27-FEB-2026,524636,53.40,53.03,0.0070,0.0351,0.0350,0.6687
27-FEB-2026,524640,39.08,39.10,-0.0005,0.0294,0.0293,0.5598
27-FEB-2026,524642,1.48,1.41,0.0485,0.0407,0.0408,0.7795
27-FEB-2026,524661,0.31,0.32,-0.0317,0.0364,0.0363,0.6935
27-FEB-2026,524663,18.00,17.65,0.0196,0.0283,0.0283,0.5407
27-FEB-2026,524675,14.64,15.62,-0.0648,0.0426,0.0427,0.8158
27-FEB-2026,524687,10.38,10.27,0.0107,0.0243,0.0243,0.4643
27-FEB-2026,524703,35.00,35.38,-0.0108,0.0243,0.0243,0.4643
27-FEB-2026,524711,6.90,6.91,-0.0014,0.0339,0.0338,0.6457
27-FEB-2026,524717,241.80,247.50,-0.0233,0.0383,0.0383,0.7317
27-FEB-2026,524731,1004.00,994.70,0.0093,0.0246,0.0246,0.4700
27-FEB-2026,524748,27.30,29.18,-0.0666,0.0340,0.0343,0.6553
27-FEB-2026,524752,7.40,7.50,-0.0134,0.0326,0.0325,0.6209
27-FEB-2026,524768,25.91,26.89,-0.0371,0.0396,0.0396,0.7566
27-FEB-2026,524790,362.65,374.50,-0.0322,0.0349,0.0348,0.6649
27-FEB-2026,524808,25.79,25.79,0.0000,0.0375,0.0374,0.7145
27-FEB-2026,524818,95.60,94.05,0.0163,0.0338,0.0337,0.6438
27-FEB-2026,524828,402.40,410.15,-0.0191,0.0309,0.0309,0.5903
27-FEB-2026,526001,36.37,37.11,-0.0201,0.0374,0.0374,0.7145
27-FEB-2026,526025,12.66,12.81,-0.0118,0.0353,0.0352,0.6725
27-FEB-2026,526043,48.87,49.00,-0.0027,0.0309,0.0308,0.5884
27-FEB-2026,526071,532.35,507.60,0.0476,0.0885,0.0883,1.6870
27-FEB-2026,526073,477.25,477.90,-0.0014,0.0288,0.0288,0.5502
27-FEB-2026,526075,27.14,26.61,0.0197,0.0354,0.0354,0.6763
27-FEB-2026,526081,35.57,37.44,-0.0512,0.0399,0.0400,0.7642
27-FEB-2026,526095,38.07,39.41,-0.0346,0.0426,0.0425,0.8120
27-FEB-2026,526113,14.31,13.01,0.0952,0.0398,0.0402,0.7680
27-FEB-2026,526115,10.05,10.04,0.0010,0.0376,0.0375,0.7164
27-FEB-2026,526117,399.90,409.50,-0.0237,0.0366,0.0365,0.6973
27-FEB-2026,526125,255.50,265.00,-0.0365,0.0342,0.0342,0.6534
27-FEB-2026,526133,6.66,6.39,0.0414,0.0347,0.0347,0.6629
27-FEB-2026,526137,109.00,109.85,-0.0078,0.0347,0.0347,0.6629
27-FEB-2026,526139,2.67,2.69,-0.0075,0.0364,0.0363,0.6935
27-FEB-2026,526143,7.53,7.28,0.0338,0.0290,0.0290,0.5540
27-FEB-2026,526159,65.06,61.52,0.0559,0.0276,0.0278,0.5311
27-FEB-2026,526161,85.09,85.09,0.0000,0.0473,0.0472,0.9018
27-FEB-2026,526169,200.90,198.35,0.0128,0.0249,0.0249,0.4757
27-FEB-2026,526173,20.64,20.64,0.0000,0.0236,0.0236,0.4509
27-FEB-2026,526179,198.90,198.20,0.0035,0.0304,0.0303,0.5789
27-FEB-2026,526187,4.98,4.97,0.0020,0.0428,0.0427,0.8158
27-FEB-2026,526193,19.27,19.11,0.0083,0.0314,0.0313,0.5980
27-FEB-2026,526211,48.20,48.00,0.0042,0.0356,0.0355,0.6782
27-FEB-2026,526225,13.60,13.36,0.0178,0.0280,0.0279,0.5330
27-FEB-2026,526231,50.61,50.85,-0.0047,0.0347,0.0347,0.6629
27-FEB-2026,526237,57.96,55.99,0.0346,0.0359,0.0359,0.6859
27-FEB-2026,526241,14.44,13.98,0.0324,0.0270,0.0271,0.5177
27-FEB-2026,526251,17.46,16.61,0.0499,0.0429,0.0429,0.8196
27-FEB-2026,526269,92.55,91.00,0.0169,0.0341,0.0341,0.6515
27-FEB-2026,526315,50.43,48.76,0.0337,0.0210,0.0211,0.4031
27-FEB-2026,526335,7.20,7.15,0.0070,0.0429,0.0428,0.8177
27-FEB-2026,526345,27.56,28.34,-0.0279,0.0361,0.0361,0.6897
27-FEB-2026,526355,55.72,56.00,-0.0050,0.0332,0.0331,0.6324
27-FEB-2026,526365,33.01,33.49,-0.0144,0.0351,0.0350,0.6687
27-FEB-2026,526373,52.90,52.00,0.0172,0.0315,0.0314,0.5999
27-FEB-2026,526407,11.25,11.49,-0.0211,0.0285,0.0284,0.5426
27-FEB-2026,526409,7.61,7.92,-0.0399,0.0299,0.0299,0.5712
27-FEB-2026,526415,5.10,5.09,0.0020,0.0348,0.0347,0.6629
27-FEB-2026,526431,22.71,22.71,0.0000,0.0249,0.0249,0.4757
27-FEB-2026,526433,2372.80,2307.65,0.0278,0.0348,0.0348,0.6649
27-FEB-2026,526435,85.00,85.01,-0.0001,0.0379,0.0378,0.7222
27-FEB-2026,526439,10.00,10.00,0.0000,0.0336,0.0335,0.6400
27-FEB-2026,526441,1.22,1.24,-0.0163,0.0451,0.0450,0.8597
27-FEB-2026,526443,118.55,120.65,-0.0176,0.0341,0.0340,0.6496
27-FEB-2026,526445,8.08,8.17,-0.0111,0.0322,0.0322,0.6152
27-FEB-2026,526468,17.11,18.19,-0.0612,0.0386,0.0387,0.7394
27-FEB-2026,526471,20.51,21.14,-0.0303,0.0269,0.0269,0.5139
27-FEB-2026,526473,4.74,4.94,-0.0413,0.0293,0.0294,0.5617
27-FEB-2026,526477,35.00,35.05,-0.0014,0.0306,0.0305,0.5827
27-FEB-2026,526479,78.37,79.09,-0.0091,0.0284,0.0284,0.5426
27-FEB-2026,526481,32.69,34.58,-0.0562,0.0342,0.0344,0.6572
27-FEB-2026,526488,268.00,272.00,-0.0148,0.0215,0.0214,0.4088
27-FEB-2026,526490,7.92,7.80,0.0153,0.0312,0.0312,0.5961
27-FEB-2026,526492,92.58,91.36,0.0133,0.0242,0.0241,0.4604
27-FEB-2026,526494,10.89,10.90,-0.0009,0.0442,0.0441,0.8425
27-FEB-2026,526500,25.20,24.00,0.0488,0.0401,0.0401,0.7661
27-FEB-2026,526508,14.59,14.96,-0.0250,0.0339,0.0338,0.6457
27-FEB-2026,526519,90.32,93.00,-0.0292,0.0277,0.0277,0.5292
27-FEB-2026,526525,16.50,16.50,0.0000,0.0388,0.0387,0.7394
27-FEB-2026,526530,88.75,90.00,-0.0140,0.0265,0.0264,0.5044
27-FEB-2026,526532,8.58,8.60,-0.0023,0.0408,0.0407,0.7776
27-FEB-2026,526544,2.70,2.76,-0.0220,0.0338,0.0338,0.6457
27-FEB-2026,526546,110.95,110.00,0.0086,0.0373,0.0372,0.7107
27-FEB-2026,526554,27.45,27.45,0.0000,0.0234,0.0233,0.4451
27-FEB-2026,526570,4933.65,4776.20,0.0324,0.0294,0.0294,0.5617
27-FEB-2026,526574,21.66,22.75,-0.0491,0.0379,0.0379,0.7241
27-FEB-2026,526586,377.70,382.25,-0.0120,0.0181,0.0181,0.3458
27-FEB-2026,526588,16.05,16.05,0.0000,0.0402,0.0401,0.7661
27-FEB-2026,526604,47.02,44.79,0.0486,0.0410,0.0410,0.7833
27-FEB-2026,526614,57.84,58.13,-0.0050,0.0339,0.0338,0.6457
27-FEB-2026,526616,47.58,48.60,-0.0212,0.0232,0.0231,0.4413
27-FEB-2026,526622,0.40,0.41,-0.0247,0.0267,0.0266,0.5082
27-FEB-2026,526628,48.06,50.00,-0.0396,0.0287,0.0288,0.5502
27-FEB-2026,526638,78.65,82.78,-0.0512,0.0314,0.0316,0.6037
27-FEB-2026,526640,30.94,30.88,0.0019,0.0340,0.0339,0.6477
27-FEB-2026,526654,127.20,133.85,-0.0510,0.0344,0.0345,0.6591
27-FEB-2026,526675,24.99,24.50,0.0198,0.0287,0.0287,0.5483
27-FEB-2026,526703,451.45,451.40,0.0001,0.0307,0.0306,0.5846
27-FEB-2026,526705,195.00,195.75,-0.0038,0.0231,0.0230,0.4394
27-FEB-2026,526709,8.17,8.33,-0.0194,0.0325,0.0325,0.6209
27-FEB-2026,526711,31.74,31.48,0.0082,0.0372,0.0371,0.7088
27-FEB-2026,526717,179.10,179.35,-0.0014,0.0364,0.0363,0.6935
27-FEB-2026,526721,69.56,71.22,-0.0236,0.0209,0.0209,0.3993
27-FEB-2026,526723,166.75,173.40,-0.0391,0.0314,0.0315,0.6018
27-FEB-2026,526727,88.07,83.88,0.0487,0.0380,0.0381,0.7279
27-FEB-2026,526731,207.00,207.30,-0.0014,0.0347,0.0346,0.6610
27-FEB-2026,526739,355.20,355.55,-0.0010,0.0208,0.0208,0.3974
27-FEB-2026,526747,220.35,221.45,-0.0050,0.0288,0.0287,0.5483
27-FEB-2026,526751,18.18,18.18,0.0000,0.0276,0.0275,0.5254
27-FEB-2026,526755,5.65,5.94,-0.0501,0.0363,0.0364,0.6954
27-FEB-2026,526761,23.66,23.26,0.0171,0.0434,0.0433,0.8272
27-FEB-2026,526775,956.95,969.15,-0.0127,0.0317,0.0316,0.6037
27-FEB-2026,526783,4599.95,4641.75,-0.0090,0.0242,0.0242,0.4623
27-FEB-2026,526795,6.70,6.70,0.0000,0.0266,0.0265,0.5063
27-FEB-2026,526813,11.50,10.90,0.0536,0.0478,0.0478,0.9132
27-FEB-2026,526821,253.05,251.15,0.0075,0.0277,0.0277,0.5292
27-FEB-2026,526823,5.12,4.88,0.0480,0.0302,0.0304,0.5808
27-FEB-2026,526827,258.30,253.25,0.0197,0.0338,0.0337,0.6438
27-FEB-2026,526839,14.84,13.50,0.0946,0.0464,0.0468,0.8941
27-FEB-2026,526841,26.56,27.95,-0.0510,0.0370,0.0371,0.7088
27-FEB-2026,526847,22.28,23.84,-0.0677,0.0281,0.0284,0.5426
27-FEB-2026,526851,118.00,120.00,-0.0168,0.0276,0.0276,0.5273
27-FEB-2026,526853,58.27,58.29,-0.0003,0.0326,0.0325,0.6209
27-FEB-2026,526859,1.00,0.99,0.0101,0.0351,0.0350,0.6687
27-FEB-2026,526861,109.00,108.70,0.0028,0.0272,0.0271,0.5177
27-FEB-2026,526865,4.99,5.00,-0.0020,0.0364,0.0363,0.6935
27-FEB-2026,526869,18.56,19.50,-0.0494,0.0357,0.0358,0.6840
27-FEB-2026,526871,9.79,9.90,-0.0112,0.0421,0.0420,0.8024
27-FEB-2026,526873,37.00,37.00,0.0000,0.0361,0.0360,0.6878
27-FEB-2026,526877,22.44,21.38,0.0484,0.0321,0.0322,0.6152
27-FEB-2026,526883,20.96,19.97,0.0484,0.0208,0.0211,0.4031
27-FEB-2026,526891,12.60,12.00,0.0488,0.0373,0.0374,0.7145
27-FEB-2026,526899,9.22,9.34,-0.0129,0.0286,0.0285,0.5445
27-FEB-2026,526901,35.60,35.51,0.0025,0.0316,0.0315,0.6018
27-FEB-2026,526905,9.61,9.74,-0.0134,0.0327,0.0326,0.6228
27-FEB-2026,526931,109.90,111.20,-0.0118,0.0285,0.0284,0.5426
27-FEB-2026,526935,91.99,90.19,0.0198,0.1421,0.1417,2.7072
27-FEB-2026,526941,5.02,5.02,0.0000,0.0291,0.0291,0.5560
27-FEB-2026,526945,86.40,86.30,0.0012,0.0316,0.0315,0.6018
27-FEB-2026,526961,5.89,5.94,-0.0085,0.0337,0.0336,0.6419
27-FEB-2026,526965,103.65,106.00,-0.0224,0.0313,0.0312,0.5961
27-FEB-2026,526967,6.69,6.00,0.1089,0.0502,0.0506,0.9667
27-FEB-2026,526971,204.60,202.30,0.0113,0.0272,0.0272,0.5197
27-FEB-2026,526977,51.85,51.85,0.0000,0.0191,0.0191,0.3649
27-FEB-2026,526981,161.40,166.20,-0.0293,0.0273,0.0273,0.5216
27-FEB-2026,527005,125.00,123.80,0.0096,0.0433,0.0432,0.8253
27-FEB-2026,530025,16.43,16.96,-0.0317,0.0345,0.0345,0.6591
27-FEB-2026,530027,9.42,9.36,0.0064,0.0421,0.0420,0.8024
27-FEB-2026,530037,68.31,66.34,0.0293,0.0260,0.0260,0.4967
27-FEB-2026,530043,260.20,260.00,0.0008,0.0323,0.0322,0.6152
27-FEB-2026,530045,36.79,37.41,-0.0167,0.0295,0.0294,0.5617
27-FEB-2026,530053,4.70,4.77,-0.0148,0.0271,0.0270,0.5158
27-FEB-2026,530057,2.04,2.08,-0.0194,0.0298,0.0297,0.5674
27-FEB-2026,530063,4.66,4.89,-0.0482,0.0337,0.0338,0.6457
27-FEB-2026,530065,14.48,13.80,0.0481,0.0330,0.0331,0.6324
27-FEB-2026,530077,176.45,177.45,-0.0057,0.0249,0.0248,0.4738
27-FEB-2026,530095,0.20,0.19,0.0513,0.0382,0.0383,0.7317
27-FEB-2026,530109,2.12,2.18,-0.0279,0.0390,0.0389,0.7432
27-FEB-2026,530111,29.70,29.70,0.0000,0.0348,0.0347,0.6629
27-FEB-2026,530119,32.90,33.35,-0.0136,0.0341,0.0340,0.6496
27-FEB-2026,530125,209.40,204.85,0.0220,0.0280,0.0280,0.5349
27-FEB-2026,530127,24.36,25.45,-0.0438,0.0482,0.0481,0.9189
27-FEB-2026,530129,1751.00,1760.40,-0.0054,0.0312,0.0312,0.5961
27-FEB-2026,530133,73.50,71.66,0.0254,0.0366,0.0365,0.6973
27-FEB-2026,530139,32.75,33.49,-0.0223,0.0458,0.0457,0.8731
27-FEB-2026,530141,37.49,36.95,0.0145,0.0389,0.0388,0.7413
27-FEB-2026,530145,28.89,29.98,-0.0370,0.0309,0.0309,0.5903
27-FEB-2026,530163,205.65,202.45,0.0157,0.0321,0.0320,0.6114
27-FEB-2026,530167,15.97,15.81,0.0101,0.0308,0.0308,0.5884
27-FEB-2026,530169,28.55,28.52,0.0011,0.0327,0.0326,0.6228
27-FEB-2026,530171,30.45,29.01,0.0484,0.0387,0.0387,0.7394
27-FEB-2026,530175,49.54,48.38,0.0237,0.0337,0.0336,0.6419
27-FEB-2026,530177,24.76,23.94,0.0337,0.0158,0.0159,0.3038
27-FEB-2026,530179,36.78,38.71,-0.0511,0.0294,0.0295,0.5636
27-FEB-2026,530185,4.68,4.71,-0.0064,0.0238,0.0238,0.4547
27-FEB-2026,530187,3.98,4.01,-0.0075,0.0450,0.0449,0.8578
27-FEB-2026,530197,300.35,295.00,0.0180,0.0418,0.0418,0.7986
27-FEB-2026,530201,3.01,3.02,-0.0033,0.0329,0.0329,0.6286
27-FEB-2026,530207,22.25,21.60,0.0296,0.0356,0.0356,0.6801
27-FEB-2026,530213,67.98,66.60,0.0205,0.0354,0.0353,0.6744
27-FEB-2026,530215,132.15,134.10,-0.0146,0.0301,0.0301,0.5751
27-FEB-2026,530217,13.45,13.50,-0.0037,0.0288,0.0288,0.5502
27-FEB-2026,530231,44.42,44.42,0.0000,0.0242,0.0241,0.4604
27-FEB-2026,530233,291.95,296.55,-0.0156,0.0340,0.0339,0.6477
27-FEB-2026,530235,47.27,48.50,-0.0257,0.0354,0.0353,0.6744
27-FEB-2026,530245,639.30,630.00,0.0147,0.0301,0.0300,0.5731
27-FEB-2026,530249,11.14,11.22,-0.0072,0.0250,0.0249,0.4757
27-FEB-2026,530251,0.51,0.52,-0.0194,0.0380,0.0379,0.7241
27-FEB-2026,530253,18.62,19.60,-0.0513,0.0294,0.0295,0.5636
27-FEB-2026,530255,10.44,9.82,0.0612,0.0367,0.0369,0.7050
27-FEB-2026,530259,31.85,31.38,0.0149,0.0384,0.0383,0.7317
27-FEB-2026,530263,0.52,0.52,0.0000,0.0325,0.0324,0.6190
27-FEB-2026,530265,37.07,37.98,-0.0243,0.0394,0.0393,0.7508
27-FEB-2026,530267,35.83,35.83,0.0000,0.0363,0.0362,0.6916
27-FEB-2026,530271,7.74,7.74,0.0000,0.0335,0.0334,0.6381
27-FEB-2026,530281,20.86,21.95,-0.0509,0.0375,0.0376,0.7183
27-FEB-2026,530289,58.10,58.00,0.0017,0.0408,0.0407,0.7776
27-FEB-2026,530295,32.59,34.30,-0.0511,0.0202,0.0205,0.3917
27-FEB-2026,530309,12.02,12.62,-0.0487,0.0312,0.0313,0.5980
27-FEB-2026,530313,33.69,33.69,0.0000,0.0416,0.0415,0.7929
27-FEB-2026,530315,118.85,122.00,-0.0262,0.0302,0.0302,0.5770
27-FEB-2026,530317,77.71,77.79,-0.0010,0.0329,0.0328,0.6266
27-FEB-2026,530331,420.30,419.05,0.0030,0.0268,0.0267,0.5101
27-FEB-2026,530341,129.90,129.90,0.0000,0.0348,0.0347,0.6629
27-FEB-2026,530357,1.32,1.27,0.0386,0.0338,0.0338,0.6457
27-FEB-2026,530361,41.56,40.80,0.0185,0.0342,0.0341,0.6515
27-FEB-2026,530369,46.74,44.02,0.0600,0.0388,0.0390,0.7451
27-FEB-2026,530401,48.11,48.35,-0.0050,0.0291,0.0290,0.5540
27-FEB-2026,530405,32.44,33.54,-0.0333,0.0265,0.0265,0.5063
27-FEB-2026,530407,34.09,33.60,0.0145,0.0315,0.0315,0.6018
27-FEB-2026,530419,35.67,36.22,-0.0153,0.0260,0.0260,0.4967
27-FEB-2026,530421,9.25,7.71,0.1821,0.0390,0.0410,0.7833
27-FEB-2026,530427,159.45,159.45,0.0000,0.0396,0.0395,0.7546
27-FEB-2026,530429,31.44,30.17,0.0412,0.0396,0.0396,0.7566
27-FEB-2026,530433,35.28,38.39,-0.0845,0.0333,0.0337,0.6438
27-FEB-2026,530439,3.83,3.85,-0.0052,0.0460,0.0459,0.8769
27-FEB-2026,530443,14.94,14.23,0.0487,0.0354,0.0355,0.6782
27-FEB-2026,530445,1.64,1.62,0.0123,0.0344,0.0343,0.6553
27-FEB-2026,530449,55.81,53.63,0.0398,0.0310,0.0310,0.5923
27-FEB-2026,530457,62.22,64.33,-0.0333,0.0306,0.0306,0.5846
27-FEB-2026,530459,25.98,26.13,-0.0058,0.0327,0.0326,0.6228
27-FEB-2026,530461,13.47,13.26,0.0157,0.0291,0.0290,0.5540
27-FEB-2026,530477,150.65,150.10,0.0037,0.0246,0.0246,0.4700
27-FEB-2026,530495,68.54,65.30,0.0484,0.0398,0.0399,0.7623
27-FEB-2026,530499,1538.00,1531.85,0.0040,0.0253,0.0253,0.4834
27-FEB-2026,530521,405.00,408.05,-0.0075,0.0305,0.0304,0.5808
27-FEB-2026,530525,3.81,3.90,-0.0233,0.0364,0.0364,0.6954
27-FEB-2026,530533,100.50,99.65,0.0085,0.0343,0.0343,0.6553
27-FEB-2026,530537,47.80,47.80,0.0000,0.0165,0.0165,0.3152
27-FEB-2026,530545,210.25,205.40,0.0233,0.0272,0.0272,0.5197
27-FEB-2026,530547,10.72,11.28,-0.0509,0.0295,0.0297,0.5674
27-FEB-2026,530557,0.43,0.43,0.0000,0.0246,0.0246,0.4700
27-FEB-2026,530571,10.01,10.38,-0.0363,0.0348,0.0348,0.6649
27-FEB-2026,530577,51.95,53.99,-0.0385,0.0396,0.0396,0.7566
27-FEB-2026,530581,5.97,5.97,0.0000,0.0328,0.0327,0.6247
27-FEB-2026,530585,54.82,53.32,0.0277,0.0285,0.0285,0.5445
27-FEB-2026,530589,120.70,119.45,0.0104,0.0262,0.0261,0.4986
27-FEB-2026,530595,47.32,46.84,0.0102,0.0461,0.0460,0.8788
27-FEB-2026,530601,55.00,55.00,0.0000,0.0322,0.0321,0.6133
27-FEB-2026,530615,159.00,160.05,-0.0066,0.0341,0.0340,0.6496
27-FEB-2026,530617,21.94,21.61,0.0152,0.0283,0.0283,0.5407
27-FEB-2026,530621,94.69,94.94,-0.0026,0.0325,0.0324,0.6190
27-FEB-2026,530627,205.80,208.30,-0.0121,0.0294,0.0294,0.5617
27-FEB-2026,530643,384.00,385.75,-0.0045,0.0301,0.0300,0.5731
27-FEB-2026,530663,0.87,0.90,-0.0339,0.0336,0.0336,0.6419
27-FEB-2026,530665,3.30,3.30,0.0000,0.0245,0.0245,0.4681
27-FEB-2026,530675,64.99,65.00,-0.0002,0.0346,0.0345,0.6591
27-FEB-2026,530689,51.11,51.92,-0.0157,0.0377,0.0376,0.7183
27-FEB-2026,530695,23.75,23.41,0.0144,0.0372,0.0371,0.7088
27-FEB-2026,530697,20.98,20.78,0.0096,0.0324,0.0323,0.6171
27-FEB-2026,530705,42.94,43.81,-0.0201,0.0447,0.0446,0.8521
27-FEB-2026,530709,89.90,81.06,0.1035,0.0382,0.0388,0.7413
27-FEB-2026,530711,60.99,61.91,-0.0150,0.0293,0.0293,0.5598
27-FEB-2026,530723,116.00,117.45,-0.0124,0.0355,0.0354,0.6763
27-FEB-2026,530733,13.13,12.52,0.0476,0.0434,0.0434,0.8292
27-FEB-2026,530735,33.16,34.90,-0.0511,0.0338,0.0339,0.6477
27-FEB-2026,530741,153.55,155.20,-0.0107,0.0389,0.0388,0.7413
27-FEB-2026,530745,40.16,40.82,-0.0163,0.0670,0.0669,1.2781
27-FEB-2026,530747,20.25,21.42,-0.0562,0.0391,0.0392,0.7489
27-FEB-2026,530755,11.02,11.02,0.0000,0.0522,0.0521,0.9954
27-FEB-2026,530757,59.66,59.66,0.0000,0.0145,0.0144,0.2751
27-FEB-2026,530765,22.00,22.00,0.0000,0.0400,0.0399,0.7623
27-FEB-2026,530779,24.04,23.64,0.0168,0.0332,0.0331,0.6324
27-FEB-2026,530787,41.61,43.80,-0.0513,0.0309,0.0311,0.5942
27-FEB-2026,530789,164.35,170.00,-0.0338,0.0330,0.0330,0.6305
27-FEB-2026,530795,12.35,12.35,0.0000,0.0343,0.0342,0.6534
27-FEB-2026,530797,13.25,13.23,0.0015,0.0271,0.0270,0.5158
27-FEB-2026,530799,30.37,31.07,-0.0228,0.0356,0.0356,0.6801
27-FEB-2026,530805,7.36,7.42,-0.0081,0.0354,0.0353,0.6744
27-FEB-2026,530809,38.01,40.00,-0.0510,0.0350,0.0351,0.6706
27-FEB-2026,530821,18.60,19.57,-0.0508,0.0464,0.0465,0.8884
27-FEB-2026,530825,44.69,46.00,-0.0289,0.0323,0.0322,0.6152
27-FEB-2026,530829,39.40,39.30,0.0025,0.0326,0.0325,0.6209
27-FEB-2026,530839,6.80,7.12,-0.0460,0.0396,0.0396,0.7566
27-FEB-2026,530845,847.80,828.00,0.0236,0.0299,0.0299,0.5712
27-FEB-2026,530853,57.48,60.00,-0.0429,0.0334,0.0335,0.6400
27-FEB-2026,530855,105.20,107.30,-0.0198,0.0227,0.0227,0.4337
27-FEB-2026,530881,7.96,7.44,0.0676,0.0322,0.0325,0.6209
27-FEB-2026,530883,8.54,8.38,0.0189,0.0348,0.0347,0.6629
27-FEB-2026,530897,148.65,140.00,0.0600,0.0295,0.0297,0.5674
27-FEB-2026,530899,40.94,43.09,-0.0512,0.0314,0.0315,0.6018
27-FEB-2026,530907,39.90,41.20,-0.0321,0.0253,0.0254,0.4853
27-FEB-2026,530909,54.03,56.15,-0.0385,0.0267,0.0268,0.5120
27-FEB-2026,530917,34.80,36.63,-0.0513,0.0135,0.0140,0.2675
27-FEB-2026,530921,8.73,8.73,0.0000,0.0245,0.0245,0.4681
27-FEB-2026,530925,111.42,106.12,0.0487,0.0390,0.0390,0.7451
27-FEB-2026,530927,80.00,80.00,0.0000,0.0150,0.0149,0.2847
27-FEB-2026,530931,10.70,11.24,-0.0492,0.0372,0.0372,0.7107
27-FEB-2026,530951,53.90,54.50,-0.0111,0.0338,0.0338,0.6457
27-FEB-2026,530953,90.15,86.51,0.0412,0.0309,0.0309,0.5903
27-FEB-2026,530959,26.62,27.01,-0.0145,0.0271,0.0271,0.5177
27-FEB-2026,530973,75.30,80.00,-0.0605,0.0454,0.0455,0.8693
27-FEB-2026,530977,152.10,152.10,0.0000,0.0309,0.0308,0.5884
27-FEB-2026,530979,35.46,35.63,-0.0048,0.0269,0.0268,0.5120
27-FEB-2026,530991,45.77,44.75,0.0225,0.0374,0.0373,0.7126
27-FEB-2026,530993,39.03,41.08,-0.0512,0.0282,0.0284,0.5426
27-FEB-2026,530997,89.92,93.32,-0.0371,0.0290,0.0291,0.5560
27-FEB-2026,531003,82.59,80.77,0.0223,0.0345,0.0345,0.6591
27-FEB-2026,531015,25.39,26.33,-0.0364,0.0292,0.0293,0.5598
27-FEB-2026,531017,20.04,19.14,0.0459,0.0383,0.0384,0.7336
27-FEB-2026,531025,0.36,0.36,0.0000,0.0233,0.0233,0.4451
27-FEB-2026,531027,17.00,17.00,0.0000,0.0332,0.0332,0.6343
27-FEB-2026,531033,28.05,29.52,-0.0511,0.0383,0.0383,0.7317
27-FEB-2026,531035,27.77,28.33,-0.0200,0.0360,0.0359,0.6859
27-FEB-2026,531041,377.40,381.00,-0.0095,0.0214,0.0214,0.4088
27-FEB-2026,531043,24.50,24.50,0.0000,0.0352,0.0352,0.6725
27-FEB-2026,531049,17.21,17.21,0.0000,0.0336,0.0335,0.6400
27-FEB-2026,531051,13.45,13.45,0.0000,0.0340,0.0339,0.6477
27-FEB-2026,531067,26.05,25.45,0.0233,0.0379,0.0378,0.7222
27-FEB-2026,531069,402.75,424.85,-0.0534,0.0240,0.0243,0.4643
27-FEB-2026,531080,38.81,35.39,0.0922,0.0396,0.0401,0.7661
27-FEB-2026,531083,6.20,6.52,-0.0503,0.0387,0.0388,0.7413
27-FEB-2026,531091,26.91,27.71,-0.0293,0.0386,0.0386,0.7375
27-FEB-2026,531099,65.90,69.35,-0.0510,0.0303,0.0304,0.5808
27-FEB-2026,531111,38.02,38.61,-0.0154,0.0315,0.0314,0.5999
27-FEB-2026,531119,282.00,293.10,-0.0386,0.0324,0.0324,0.6190
27-FEB-2026,531126,23.91,24.20,-0.0121,0.0353,0.0352,0.6725
27-FEB-2026,531129,12.09,11.99,0.0083,0.0333,0.0333,0.6362
27-FEB-2026,531137,1.52,1.52,0.0000,0.0298,0.0298,0.5693
27-FEB-2026,531144,14.89,14.75,0.0094,0.0353,0.0352,0.6725
27-FEB-2026,531153,2.26,2.18,0.0360,0.0355,0.0355,0.6782
27-FEB-2026,531155,7.23,7.61,-0.0512,0.0334,0.0335,0.6400
27-FEB-2026,531156,4.01,4.15,-0.0343,0.0330,0.0330,0.6305
27-FEB-2026,531157,19.10,20.10,-0.0510,0.0313,0.0315,0.6018
27-FEB-2026,531158,18.90,18.86,0.0021,0.0338,0.0337,0.6438
27-FEB-2026,531161,222.25,231.85,-0.0423,0.0346,0.0346,0.6610
27-FEB-2026,531163,68.63,70.00,-0.0198,0.0361,0.0361,0.6897
27-FEB-2026,531168,192.00,194.75,-0.0142,0.0431,0.0430,0.8215
27-FEB-2026,531169,102.85,98.40,0.0442,0.0342,0.0342,0.6534
27-FEB-2026,531173,48.59,49.95,-0.0276,0.0273,0.0273,0.5216
27-FEB-2026,531176,11.60,11.33,0.0236,0.0307,0.0307,0.5865
27-FEB-2026,531178,13.01,13.51,-0.0377,0.0366,0.0366,0.6992
27-FEB-2026,531190,89.86,94.58,-0.0512,0.0315,0.0316,0.6037
27-FEB-2026,531199,195.00,199.00,-0.0203,0.0439,0.0438,0.8368
27-FEB-2026,531203,78.85,83.00,-0.0513,0.0268,0.0270,0.5158
27-FEB-2026,531205,0.59,0.59,0.0000,0.0386,0.0385,0.7355
27-FEB-2026,531210,47.29,45.10,0.0474,0.0438,0.0438,0.8368
27-FEB-2026,531212,49.89,48.02,0.0382,0.0351,0.0351,0.6706
27-FEB-2026,531215,121.15,121.15,0.0000,0.0311,0.0310,0.5923
27-FEB-2026,531216,7.19,7.25,-0.0083,0.0265,0.0265,0.5063
27-FEB-2026,531219,3.80,3.80,0.0000,0.0204,0.0204,0.3897
27-FEB-2026,531221,17.84,18.77,-0.0508,0.0362,0.0363,0.6935
27-FEB-2026,531223,24.39,24.05,0.0140,0.0311,0.0311,0.5942
27-FEB-2026,531227,60.40,60.40,0.0000,0.0403,0.0402,0.7680
27-FEB-2026,531228,10.01,10.20,-0.0188,0.0152,0.0152,0.2904
27-FEB-2026,531233,13.42,13.51,-0.0067,0.0300,0.0300,0.5731
27-FEB-2026,531234,68.80,71.21,-0.0344,0.0309,0.0309,0.5903
27-FEB-2026,531235,38.12,36.31,0.0486,0.0336,0.0337,0.6438
27-FEB-2026,531237,206.70,206.70,0.0000,0.0328,0.0327,0.6247
27-FEB-2026,531246,17.80,17.80,0.0000,0.0359,0.0358,0.6840
27-FEB-2026,531253,321.85,325.60,-0.0116,0.0202,0.0202,0.3859
27-FEB-2026,531254,14.24,14.76,-0.0359,0.0398,0.0398,0.7604
27-FEB-2026,531255,51.90,49.96,0.0381,0.0486,0.0486,0.9285
27-FEB-2026,531257,18.96,18.16,0.0431,0.0375,0.0376,0.7183
27-FEB-2026,531259,26.00,24.93,0.0420,0.0356,0.0356,0.6801
27-FEB-2026,531260,265.60,270.90,-0.0198,0.0344,0.0344,0.6572
27-FEB-2026,531262,22.95,21.90,0.0468,0.0263,0.0265,0.5063
27-FEB-2026,531268,39.21,40.57,-0.0341,0.0359,0.0359,0.6859
27-FEB-2026,531273,1.82,1.79,0.0166,0.0306,0.0305,0.5827
27-FEB-2026,531274,45.04,47.41,-0.0513,0.0220,0.0222,0.4241
27-FEB-2026,531278,101.60,102.75,-0.0113,0.0312,0.0312,0.5961
27-FEB-2026,531279,137.65,143.10,-0.0388,0.0299,0.0299,0.5712
27-FEB-2026,531280,61.35,59.00,0.0391,0.0406,0.0406,0.7757
27-FEB-2026,531281,106.75,104.10,0.0251,0.0282,0.0281,0.5368
27-FEB-2026,531283,9.97,9.97,0.0000,0.0278,0.0278,0.5311
27-FEB-2026,531286,26.65,26.65,0.0000,0.0236,0.0236,0.4509
27-FEB-2026,531287,241.45,241.25,0.0008,0.0310,0.0310,0.5923
27-FEB-2026,531288,18.62,17.74,0.0484,0.0334,0.0335,0.6400
27-FEB-2026,531289,160.00,160.70,-0.0044,0.0346,0.0345,0.6591
27-FEB-2026,531297,60.33,60.97,-0.0106,0.0280,0.0280,0.5349
27-FEB-2026,531300,3.33,3.42,-0.0267,0.0340,0.0340,0.6496
27-FEB-2026,531301,139.30,145.30,-0.0422,0.0308,0.0309,0.5903
27-FEB-2026,531304,24.60,25.89,-0.0511,0.0319,0.0320,0.6114
27-FEB-2026,531306,518.45,498.60,0.0390,0.0235,0.0236,0.4509
27-FEB-2026,531307,17.52,17.78,-0.0147,0.0249,0.0249,0.4757
27-FEB-2026,531310,141.85,142.85,-0.0070,0.0253,0.0252,0.4814
27-FEB-2026,531314,14.00,13.78,0.0158,0.0335,0.0335,0.6400
27-FEB-2026,531319,43.00,42.57,0.0101,0.0343,0.0343,0.6553
27-FEB-2026,531323,12.22,12.22,0.0000,0.0306,0.0305,0.5827
27-FEB-2026,531324,19.73,20.76,-0.0509,0.0301,0.0303,0.5789
27-FEB-2026,531328,0.80,0.84,-0.0488,0.0443,0.0443,0.8464
27-FEB-2026,531334,28.53,28.53,0.0000,0.0278,0.0277,0.5292
27-FEB-2026,531338,19.25,18.60,0.0343,0.0297,0.0297,0.5674
27-FEB-2026,531340,53.00,54.08,-0.0202,0.0321,0.0320,0.6114
27-FEB-2026,531341,21.11,21.11,0.0000,0.0314,0.0313,0.5980
27-FEB-2026,531346,30.63,30.77,-0.0046,0.0364,0.0363,0.6935
27-FEB-2026,531352,21.00,20.00,0.0488,0.0330,0.0331,0.6324
27-FEB-2026,531357,32.85,32.84,0.0003,0.0335,0.0335,0.6400
27-FEB-2026,531359,294.30,314.25,-0.0656,0.0310,0.0313,0.5980
27-FEB-2026,531360,23.19,23.10,0.0039,0.0382,0.0381,0.7279
27-FEB-2026,531364,182.25,192.30,-0.0537,0.0301,0.0303,0.5789
27-FEB-2026,531370,4.75,4.75,0.0000,0.0352,0.0352,0.6725
27-FEB-2026,531380,84.55,84.55,0.0000,0.0432,0.0431,0.8234
27-FEB-2026,531381,1011.50,1000.80,0.0106,0.0266,0.0266,0.5082
27-FEB-2026,531387,8.07,7.92,0.0188,0.0140,0.0140,0.2675
27-FEB-2026,531390,72.06,74.00,-0.0266,0.0294,0.0294,0.5617
27-FEB-2026,531395,2.41,2.45,-0.0165,0.0335,0.0335,0.6400
27-FEB-2026,531396,8.33,7.96,0.0454,0.0312,0.0313,0.5980
27-FEB-2026,531397,24.00,24.00,0.0000,0.0327,0.0326,0.6228
27-FEB-2026,531398,127.00,125.55,0.0115,0.0336,0.0335,0.6400
27-FEB-2026,531399,173.85,177.15,-0.0188,0.0318,0.0318,0.6075
27-FEB-2026,531402,13.83,13.86,-0.0022,0.0316,0.0315,0.6018
27-FEB-2026,531406,17.00,17.00,0.0000,0.0318,0.0317,0.6056
27-FEB-2026,531411,0.95,1.00,-0.0513,0.0310,0.0311,0.5942
27-FEB-2026,531412,192.25,190.65,0.0084,0.0268,0.0267,0.5101
27-FEB-2026,531416,34.73,34.73,0.0000,0.0383,0.0382,0.7298
27-FEB-2026,531417,2.34,2.39,-0.0211,0.0318,0.0317,0.6056
27-FEB-2026,531432,13.16,13.16,0.0000,0.0412,0.0411,0.7852
27-FEB-2026,531433,2.42,2.31,0.0465,0.0334,0.0335,0.6400
27-FEB-2026,531436,30.65,32.26,-0.0512,0.0363,0.0364,0.6954
27-FEB-2026,531437,22.80,24.39,-0.0674,0.0286,0.0289,0.5521
27-FEB-2026,531441,21.00,21.94,-0.0438,0.0319,0.0320,0.6114
27-FEB-2026,531454,18.00,18.67,-0.0365,0.0296,0.0297,0.5674
27-FEB-2026,531456,1.58,1.55,0.0192,0.0418,0.0417,0.7967
27-FEB-2026,531458,5.15,5.38,-0.0437,0.0304,0.0305,0.5827
27-FEB-2026,531460,9.07,9.25,-0.0197,0.0412,0.0411,0.7852
27-FEB-2026,531465,0.49,0.49,0.0000,0.0075,0.0075,0.1433
27-FEB-2026,531471,18.52,18.31,0.0114,0.0356,0.0356,0.6801
27-FEB-2026,531472,54.77,52.17,0.0486,0.0393,0.0394,0.7527
27-FEB-2026,531486,1.92,2.00,-0.0408,0.0323,0.0323,0.6171
27-FEB-2026,531489,190.85,189.05,0.0095,0.0281,0.0280,0.5349
27-FEB-2026,531499,1.74,1.74,0.0000,0.0351,0.0350,0.6687
27-FEB-2026,531502,10.54,10.34,0.0192,0.0176,0.0176,0.3362
27-FEB-2026,531503,31.00,28.22,0.0940,0.0319,0.0325,0.6209
27-FEB-2026,531505,27.27,27.27,0.0000,0.0328,0.0327,0.6247
27-FEB-2026,531506,29.72,29.66,0.0020,0.0346,0.0345,0.6591
27-FEB-2026,531509,35.60,35.60,0.0000,0.0344,0.0343,0.6553
27-FEB-2026,531512,18.27,18.48,-0.0114,0.0317,0.0316,0.6037
27-FEB-2026,531518,0.28,0.27,0.0364,0.0362,0.0362,0.6916
27-FEB-2026,531521,24.37,25.65,-0.0512,0.0252,0.0254,0.4853
27-FEB-2026,531525,213.70,210.10,0.0170,0.0261,0.0261,0.4986
27-FEB-2026,531529,1.88,1.92,-0.0211,0.0321,0.0321,0.6133
27-FEB-2026,531533,50.37,47.98,0.0486,0.0323,0.0324,0.6190
27-FEB-2026,531537,192.99,193.81,-0.0042,0.0332,0.0331,0.6324
27-FEB-2026,531539,34.73,34.90,-0.0049,0.0413,0.0412,0.7871
27-FEB-2026,531540,9.93,10.10,-0.0170,0.0246,0.0245,0.4681
27-FEB-2026,531541,2.51,2.50,0.0040,0.0349,0.0348,0.6649
27-FEB-2026,531550,170.10,166.00,0.0244,0.0341,0.0341,0.6515
27-FEB-2026,531552,14.14,15.41,-0.0860,0.0295,0.0301,0.5751
27-FEB-2026,531553,19.35,20.08,-0.0370,0.0443,0.0443,0.8464
27-FEB-2026,531557,53.90,51.82,0.0394,0.0409,0.0409,0.7814
27-FEB-2026,531568,7.82,7.45,0.0485,0.0362,0.0363,0.6935
27-FEB-2026,531569,192.15,193.10,-0.0049,0.0305,0.0305,0.5827
27-FEB-2026,531572,111.88,106.56,0.0487,0.0282,0.0284,0.5426
27-FEB-2026,531578,8.42,8.02,0.0487,0.0394,0.0395,0.7546
27-FEB-2026,531582,22.67,22.67,0.0000,0.0389,0.0388,0.7413
27-FEB-2026,531583,32.83,31.54,0.0401,0.0377,0.0377,0.7203
27-FEB-2026,531585,9.90,9.90,0.0000,0.0316,0.0315,0.6018
27-FEB-2026,531591,19.82,19.75,0.0035,0.0259,0.0258,0.4929
27-FEB-2026,531592,1.18,1.30,-0.0968,0.0295,0.0302,0.5770
27-FEB-2026,531594,13.04,12.54,0.0391,0.0364,0.0364,0.6954
27-FEB-2026,531600,80.00,80.00,0.0000,0.0257,0.0257,0.4910
27-FEB-2026,531608,63.30,57.00,0.1048,0.0452,0.0457,0.8731
27-FEB-2026,531609,221.00,221.00,0.0000,0.0404,0.0403,0.7699
27-FEB-2026,531616,74.79,74.79,0.0000,0.0280,0.0279,0.5330
27-FEB-2026,531626,4.40,4.40,0.0000,0.0292,0.0291,0.5560
27-FEB-2026,531628,36.39,37.13,-0.0201,0.0311,0.0310,0.5923
27-FEB-2026,531635,87.00,90.00,-0.0339,0.0307,0.0307,0.5865
27-FEB-2026,531637,248.85,254.70,-0.0232,0.0278,0.0278,0.5311
27-FEB-2026,531640,8.97,8.97,0.0000,0.0178,0.0177,0.3382
27-FEB-2026,531644,20.90,21.12,-0.0105,0.0410,0.0409,0.7814
27-FEB-2026,531651,48.10,45.81,0.0488,0.0318,0.0319,0.6094
27-FEB-2026,531652,88.85,87.15,0.0193,0.0353,0.0352,0.6725
27-FEB-2026,531658,12.09,12.39,-0.0245,0.0268,0.0268,0.5120
27-FEB-2026,531661,11.54,11.90,-0.0307,0.0421,0.0421,0.8043
27-FEB-2026,531663,5.04,5.30,-0.0503,0.0344,0.0345,0.6591
27-FEB-2026,531667,28.68,26.41,0.0825,0.0378,0.0382,0.7298
27-FEB-2026,531668,2.61,2.67,-0.0227,0.0456,0.0455,0.8693
27-FEB-2026,531672,22.50,23.78,-0.0553,0.0378,0.0379,0.7241
27-FEB-2026,531673,27.95,27.67,0.0101,0.0337,0.0337,0.6438
27-FEB-2026,531676,291.05,296.95,-0.0201,0.0244,0.0243,0.4643
27-FEB-2026,531680,24.82,23.68,0.0470,0.0426,0.0427,0.8158
27-FEB-2026,531681,0.70,0.70,0.0000,0.0415,0.0414,0.7909
27-FEB-2026,531688,127.55,128.55,-0.0078,0.0365,0.0364,0.6954
27-FEB-2026,531692,3.01,2.95,0.0201,0.0395,0.0394,0.7527
27-FEB-2026,531694,46.57,44.36,0.0486,0.0357,0.0358,0.6840
27-FEB-2026,531716,2.33,2.28,0.0217,0.0374,0.0373,0.7126
27-FEB-2026,531726,108.55,109.30,-0.0069,0.0275,0.0274,0.5235
27-FEB-2026,531727,59.03,58.34,0.0118,0.0243,0.0243,0.4643
27-FEB-2026,531735,26.96,26.96,0.0000,0.0119,0.0118,0.2254
27-FEB-2026,531737,0.51,0.50,0.0198,0.0128,0.0129,0.2465
27-FEB-2026,531739,11.24,11.08,0.0143,0.0306,0.0305,0.5827
27-FEB-2026,531743,204.95,204.95,0.0000,0.0178,0.0178,0.3401
27-FEB-2026,531744,60.98,61.99,-0.0164,0.0380,0.0379,0.7241
27-FEB-2026,531752,0.67,0.68,-0.0148,0.0287,0.0286,0.5464
27-FEB-2026,531758,10.79,10.71,0.0074,0.0388,0.0387,0.7394
27-FEB-2026,531762,21.69,21.15,0.0252,0.0339,0.0339,0.6477
27-FEB-2026,531769,4.21,4.01,0.0487,0.0307,0.0308,0.5884
27-FEB-2026,531771,172.95,169.95,0.0175,0.0262,0.0262,0.5006
27-FEB-2026,531778,29.63,29.69,-0.0020,0.0413,0.0412,0.7871
27-FEB-2026,531779,15.50,15.00,0.0328,0.0372,0.0371,0.7088
27-FEB-2026,531780,4.30,4.52,-0.0499,0.0301,0.0302,0.5770
27-FEB-2026,531784,1.28,1.31,-0.0232,0.0258,0.0258,0.4929
27-FEB-2026,531794,91.82,87.45,0.0488,0.1161,0.1158,2.2124
27-FEB-2026,531797,99.81,99.81,0.0000,0.0364,0.0363,0.6935
27-FEB-2026,531802,26.12,24.97,0.0450,0.0298,0.0299,0.5712
27-FEB-2026,531810,57.67,57.64,0.0005,0.0291,0.0290,0.5540
27-FEB-2026,531812,0.70,0.67,0.0438,0.0324,0.0324,0.6190
27-FEB-2026,531813,80.60,80.60,0.0000,0.0248,0.0247,0.4719
27-FEB-2026,531814,9.93,9.75,0.0183,0.0341,0.0341,0.6515
27-FEB-2026,531821,28.35,28.35,0.0000,0.0316,0.0315,0.6018
27-FEB-2026,531822,180.50,178.90,0.0089,0.0429,0.0428,0.8177
27-FEB-2026,531834,14.01,14.09,-0.0057,0.0447,0.0446,0.8521
27-FEB-2026,531840,35.85,34.89,0.0271,0.0370,0.0370,0.7069
27-FEB-2026,531841,51.37,50.25,0.0220,0.0334,0.0334,0.6381
27-FEB-2026,531842,48.40,48.25,0.0031,0.0293,0.0292,0.5579
27-FEB-2026,531846,12.56,13.95,-0.1050,0.0441,0.0446,0.8521
27-FEB-2026,531847,606.00,618.00,-0.0196,0.0256,0.0256,0.4891
27-FEB-2026,531859,129.05,131.25,-0.0169,0.0302,0.0301,0.5751
27-FEB-2026,531861,43.09,41.90,0.0280,0.0284,0.0284,0.5426
27-FEB-2026,531862,26.51,26.01,0.0190,0.0252,0.0252,0.4814
27-FEB-2026,531867,3.55,3.72,-0.0468,0.0345,0.0346,0.6610
27-FEB-2026,531869,3.92,3.86,0.0154,0.0331,0.0330,0.6305
27-FEB-2026,531870,15.22,15.22,0.0000,0.0334,0.0333,0.6362
27-FEB-2026,531878,10.90,11.26,-0.0325,0.0335,0.0335,0.6400
27-FEB-2026,531885,8.13,8.13,0.0000,0.0003,0.0003,0.0057
27-FEB-2026,531888,63.95,64.02,-0.0011,0.0263,0.0262,0.5006
27-FEB-2026,531889,43.90,45.15,-0.0281,0.0371,0.0371,0.7088
27-FEB-2026,531893,0.46,0.44,0.0445,0.0315,0.0315,0.6018
27-FEB-2026,531900,25.68,26.02,-0.0132,0.0426,0.0425,0.8120
27-FEB-2026,531902,25.15,24.49,0.0266,0.0436,0.0435,0.8311
27-FEB-2026,531909,3.52,3.57,-0.0141,0.0343,0.0343,0.6553
27-FEB-2026,531910,253.55,243.00,0.0425,0.0406,0.0406,0.7757
27-FEB-2026,531911,45.00,45.39,-0.0086,0.0374,0.0373,0.7126
27-FEB-2026,531913,11.55,11.40,0.0131,0.0325,0.0325,0.6209
27-FEB-2026,531918,103.60,103.60,0.0000,0.0364,0.0363,0.6935
27-FEB-2026,531923,123.68,117.83,0.0485,0.0302,0.0303,0.5789
27-FEB-2026,531925,1.40,1.28,0.0896,0.0552,0.0555,1.0603
27-FEB-2026,531928,10.10,10.10,0.0000,0.0177,0.0177,0.3382
27-FEB-2026,531930,30.85,30.99,-0.0045,0.0419,0.0418,0.7986
27-FEB-2026,531931,171.25,164.50,0.0402,0.0322,0.0322,0.6152
27-FEB-2026,531944,19.17,18.32,0.0454,0.0373,0.0373,0.7126
27-FEB-2026,531950,3.58,3.61,-0.0083,0.0292,0.0291,0.5560
27-FEB-2026,531952,73.40,73.16,0.0033,0.0268,0.0268,0.5120
27-FEB-2026,531959,1.89,1.93,-0.0209,0.0345,0.0344,0.6572
27-FEB-2026,531962,43.31,45.30,-0.0449,0.0406,0.0406,0.7757
27-FEB-2026,531968,45.50,46.00,-0.0109,0.0452,0.0451,0.8616
27-FEB-2026,531977,7.21,7.08,0.0182,0.0349,0.0348,0.6649
27-FEB-2026,531979,95.20,96.80,-0.0167,0.0330,0.0329,0.6286
27-FEB-2026,531980,35.82,35.82,0.0000,0.0260,0.0259,0.4948
27-FEB-2026,531982,12.97,13.44,-0.0356,0.0328,0.0328,0.6266
27-FEB-2026,531989,34.60,33.00,0.0473,0.0291,0.0292,0.5579
27-FEB-2026,531991,0.62,0.62,0.0000,0.0313,0.0312,0.5961
27-FEB-2026,531994,161.70,156.75,0.0311,0.0302,0.0302,0.5770
27-FEB-2026,531996,8.12,7.24,0.1147,0.0342,0.0350,0.6687
27-FEB-2026,531997,15.27,15.04,0.0152,0.0326,0.0325,0.6209
27-FEB-2026,532001,50.03,50.03,0.0000,0.0351,0.0350,0.6687
27-FEB-2026,532005,42.39,41.60,0.0188,0.0359,0.0358,0.6840
27-FEB-2026,532007,26.50,26.26,0.0091,0.0290,0.0290,0.5540
27-FEB-2026,532011,51.34,52.30,-0.0185,0.0343,0.0343,0.6553
27-FEB-2026,532015,15.71,15.76,-0.0032,0.0378,0.0377,0.7203
27-FEB-2026,532016,293.95,292.90,0.0036,0.0287,0.0286,0.5464
27-FEB-2026,532024,13.69,13.69,0.0000,0.0077,0.0077,0.1471
27-FEB-2026,532039,45.12,45.32,-0.0044,0.0238,0.0237,0.4528
27-FEB-2026,532041,7.61,8.00,-0.0500,0.0376,0.0377,0.7203
27-FEB-2026,532042,28.50,27.61,0.0317,0.0364,0.0364,0.6954
27-FEB-2026,532053,82.72,79.58,0.0387,0.0337,0.0337,0.6438
27-FEB-2026,532056,157.10,154.00,0.0199,0.0354,0.0354,0.6763
27-FEB-2026,532057,127.90,119.90,0.0646,0.0342,0.0344,0.6572
27-FEB-2026,532067,1351.50,1458.80,-0.0764,0.0326,0.0329,0.6286
27-FEB-2026,532070,216.35,207.70,0.0408,0.0292,0.0293,0.5598
27-FEB-2026,532083,3.28,3.28,0.0000,0.0030,0.0030,0.0573
27-FEB-2026,532090,19.39,19.51,-0.0062,0.0320,0.0320,0.6114
27-FEB-2026,532092,1.91,1.94,-0.0156,0.0358,0.0357,0.6820
27-FEB-2026,532100,11.85,11.19,0.0573,0.0409,0.0410,0.7833
27-FEB-2026,532102,28.83,28.78,0.0017,0.0311,0.0310,0.5923
27-FEB-2026,532113,11.93,11.52,0.0350,0.0411,0.0411,0.7852
27-FEB-2026,532123,5.40,5.57,-0.0310,0.0298,0.0299,0.5712
27-FEB-2026,532124,20.50,21.39,-0.0425,0.0365,0.0365,0.6973
27-FEB-2026,532131,15.91,14.86,0.0683,0.0364,0.0366,0.6992
27-FEB-2026,532140,2.92,2.73,0.0673,0.0374,0.0376,0.7183
27-FEB-2026,532145,11.91,11.96,-0.0042,0.0318,0.0317,0.6056
27-FEB-2026,532154,0.52,0.51,0.0194,0.0365,0.0365,0.6973
27-FEB-2026,532159,8.78,8.54,0.0277,0.0417,0.0417,0.7967
27-FEB-2026,532160,11.16,11.11,0.0045,0.0259,0.0258,0.4929
27-FEB-2026,532164,1.15,1.15,0.0000,0.0339,0.0338,0.6457
27-FEB-2026,532183,8.51,8.57,-0.0070,0.0334,0.0333,0.6362
27-FEB-2026,532217,32.79,31.23,0.0487,0.0303,0.0304,0.5808
27-FEB-2026,532230,157.00,157.00,0.0000,0.0238,0.0238,0.4547
27-FEB-2026,532262,1435.00,1435.00,0.0000,0.0246,0.0245,0.4681
27-FEB-2026,532275,2.18,2.25,-0.0316,0.0301,0.0301,0.5751
27-FEB-2026,532284,25.00,25.51,-0.0202,0.0292,0.0292,0.5579
27-FEB-2026,532303,3.44,3.03,0.1269,0.0465,0.0472,0.9018
27-FEB-2026,532304,48.63,54.45,-0.1130,0.0406,0.0413,0.7890
27-FEB-2026,532315,6.27,6.59,-0.0498,0.0401,0.0402,0.7680
27-FEB-2026,532320,10.95,10.74,0.0194,0.0396,0.0395,0.7546
27-FEB-2026,532323,18.38,18.50,-0.0065,0.0254,0.0253,0.4834
27-FEB-2026,532329,588.95,585.15,0.0065,0.0338,0.0338,0.6457
27-FEB-2026,532333,60.26,60.27,-0.0002,0.0283,0.0282,0.5388
27-FEB-2026,532334,77.02,74.10,0.0386,0.0318,0.0318,0.6075
27-FEB-2026,532340,4.65,4.89,-0.0503,0.0491,0.0492,0.9400
27-FEB-2026,532344,206.90,205.00,0.0092,0.0312,0.0311,0.5942
27-FEB-2026,532350,4.62,4.44,0.0397,0.0336,0.0337,0.6438
27-FEB-2026,532354,3.61,3.71,-0.0273,0.0455,0.0454,0.8674
27-FEB-2026,532355,5.44,5.63,-0.0343,0.0405,0.0404,0.7718
27-FEB-2026,532359,3.76,3.59,0.0463,0.0361,0.0362,0.6916
27-FEB-2026,532362,150.25,148.00,0.0151,0.0371,0.0370,0.7069
27-FEB-2026,532373,21.71,22.28,-0.0259,0.0291,0.0291,0.5560
27-FEB-2026,532378,5.59,5.69,-0.0177,0.0470,0.0469,0.8960
27-FEB-2026,532379,6.97,6.97,0.0000,0.0423,0.0422,0.8062
27-FEB-2026,532380,14.60,13.91,0.0484,0.0339,0.0340,0.6496
27-FEB-2026,532384,114.25,117.45,-0.0276,0.0237,0.0237,0.4528
27-FEB-2026,532397,15.66,16.36,-0.0437,0.0385,0.0385,0.7355
27-FEB-2026,532402,8.21,8.06,0.0184,0.0361,0.0360,0.6878
27-FEB-2026,532404,37.10,37.46,-0.0097,0.0218,0.0217,0.4146
27-FEB-2026,532410,25.52,25.43,0.0035,0.0321,0.0320,0.6114
27-FEB-2026,532425,25.03,25.32,-0.0115,0.0437,0.0436,0.8330
27-FEB-2026,532435,7.02,6.72,0.0437,0.0239,0.0241,0.4604
27-FEB-2026,532444,1.61,1.62,-0.0062,0.0320,0.0320,0.6114
27-FEB-2026,532455,18.35,18.64,-0.0157,0.0306,0.0305,0.5827
27-FEB-2026,532467,32.16,32.03,0.0041,0.0331,0.0331,0.6324
27-FEB-2026,532468,2636.50,2680.75,-0.0166,0.0183,0.0183,0.3496
27-FEB-2026,532470,96.09,96.09,0.0000,0.0211,0.0211,0.4031
27-FEB-2026,532485,72.49,72.45,0.0006,0.0164,0.0163,0.3114
27-FEB-2026,532503,808.50,801.35,0.0089,0.0193,0.0193,0.3687
27-FEB-2026,532645,2.20,2.52,-0.1358,0.0488,0.0496,0.9476
27-FEB-2026,532656,2.49,2.53,-0.0159,0.0285,0.0285,0.5445
27-FEB-2026,532676,9.51,9.78,-0.0280,0.0391,0.0390,0.7451
27-FEB-2026,532701,14.00,13.50,0.0364,0.0314,0.0314,0.5999
27-FEB-2026,532723,32.70,34.21,-0.0451,0.0380,0.0380,0.7260
27-FEB-2026,532744,8.93,9.39,-0.0502,0.0409,0.0409,0.7814
27-FEB-2026,532806,25.99,27.20,-0.0455,0.0450,0.0450,0.8597
27-FEB-2026,532820,14.83,15.36,-0.0351,0.0364,0.0364,0.6954
27-FEB-2026,532825,4.72,4.58,0.0301,0.0393,0.0393,0.7508
27-FEB-2026,532829,232.75,230.80,0.0084,0.0270,0.0270,0.5158
27-FEB-2026,532855,148.80,145.90,0.0197,0.0328,0.0328,0.6266
27-FEB-2026,532879,272.50,252.50,0.0762,0.0308,0.0312,0.5961
27-FEB-2026,532893,82.35,81.43,0.0112,0.0404,0.0403,0.7699
27-FEB-2026,532911,7.35,7.39,-0.0054,0.0269,0.0268,0.5120
27-FEB-2026,532918,24.83,24.59,0.0097,0.0319,0.0318,0.6075
27-FEB-2026,532933,53.47,53.44,0.0006,0.0303,0.0302,0.5770
27-FEB-2026,532957,71.00,71.77,-0.0108,0.0369,0.0368,0.7031
27-FEB-2026,532975,9.48,9.99,-0.0524,0.0336,0.0337,0.6438
27-FEB-2026,532985,88.88,90.19,-0.0146,0.0089,0.0089,0.1700
27-FEB-2026,532992,29.32,28.50,0.0284,0.0368,0.0368,0.7031
27-FEB-2026,533007,6.84,6.82,0.0029,0.0301,0.0301,0.5751
27-FEB-2026,533014,52.76,53.38,-0.0117,0.0292,0.0291,0.5560
27-FEB-2026,533019,1518.30,1446.00,0.0488,0.0329,0.0330,0.6305
27-FEB-2026,533056,20.06,20.09,-0.0015,0.0277,0.0276,0.5273
27-FEB-2026,533095,6285.05,6261.75,0.0037,0.0168,0.0167,0.3191
27-FEB-2026,533100,7.76,7.59,0.0222,0.0300,0.0300,0.5731
27-FEB-2026,533101,127.35,128.75,-0.0109,0.0344,0.0343,0.6553
27-FEB-2026,533108,37.26,34.37,0.0807,0.0339,0.0343,0.6553
27-FEB-2026,533110,13.42,14.12,-0.0508,0.0393,0.0394,0.7527
27-FEB-2026,533149,6.86,6.46,0.0601,0.0476,0.0476,0.9094
27-FEB-2026,533167,80.15,84.00,-0.0469,0.0311,0.0312,0.5961
27-FEB-2026,533170,149.95,155.00,-0.0331,0.0275,0.0276,0.5273
27-FEB-2026,533202,3.48,3.50,-0.0057,0.0375,0.0374,0.7145
27-FEB-2026,533212,58.86,61.10,-0.0374,0.0337,0.0337,0.6438
27-FEB-2026,533268,3.92,4.32,-0.0972,0.0422,0.0427,0.8158
27-FEB-2026,533285,44.59,47.35,-0.0601,0.0365,0.0367,0.7012
27-FEB-2026,533289,64.49,66.60,-0.0322,0.0363,0.0363,0.6935
27-FEB-2026,533315,75.09,75.83,-0.0098,0.0350,0.0349,0.6668
27-FEB-2026,533407,90.72,75.60,0.1823,0.0343,0.0365,0.6973
27-FEB-2026,533427,25.25,25.47,-0.0087,0.0326,0.0325,0.6209
27-FEB-2026,533477,472.00,457.65,0.0309,0.0209,0.0209,0.3993
27-FEB-2026,533602,0.77,0.76,0.0131,0.0244,0.0243,0.4643
27-FEB-2026,533608,171.05,162.30,0.0525,0.0284,0.0286,0.5464
27-FEB-2026,533896,18.90,19.95,-0.0541,0.0418,0.0419,0.8005
27-FEB-2026,534060,1.93,1.97,-0.0205,0.0321,0.0321,0.6133
27-FEB-2026,534063,41.98,41.98,0.0000,0.0433,0.0432,0.8253
27-FEB-2026,534064,1.56,1.55,0.0064,0.0321,0.0320,0.6114
27-FEB-2026,534190,3.05,2.90,0.0504,0.0507,0.0507,0.9686
27-FEB-2026,534338,12.49,11.86,0.0518,0.0368,0.0369,0.7050
27-FEB-2026,534422,9.91,10.11,-0.0200,0.0379,0.0379,0.7241
27-FEB-2026,534612,17.66,18.30,-0.0356,0.0289,0.0289,0.5521
27-FEB-2026,534623,42.20,43.00,-0.0188,0.0378,0.0377,0.7203
27-FEB-2026,534639,23.02,22.35,0.0295,0.0382,0.0382,0.7298
27-FEB-2026,534691,14.02,13.98,0.0029,0.0350,0.0349,0.6668
27-FEB-2026,534732,36.83,35.13,0.0473,0.0359,0.0360,0.6878
27-FEB-2026,534733,23.76,24.78,-0.0420,0.0317,0.0318,0.6075
27-FEB-2026,534741,0.54,0.52,0.0377,0.0322,0.0322,0.6152
27-FEB-2026,534755,1.00,0.98,0.0202,0.0477,0.0476,0.9094
27-FEB-2026,534796,107.15,102.05,0.0488,0.0306,0.0308,0.5884
27-FEB-2026,534920,37.94,37.20,0.0197,0.0206,0.0206,0.3936
27-FEB-2026,535204,2.62,2.62,0.0000,0.0421,0.0420,0.8024
27-FEB-2026,535205,3.15,3.28,-0.0404,0.0360,0.0360,0.6878
27-FEB-2026,535267,7.78,7.79,-0.0013,0.0249,0.0249,0.4757
27-FEB-2026,535276,902.58,909.17,-0.0073,0.0066,0.0066,0.1261
27-FEB-2026,535387,57.60,57.83,-0.0040,0.0393,0.0392,0.7489
27-FEB-2026,535431,0.67,0.67,0.0000,0.0282,0.0281,0.5368
27-FEB-2026,535514,5.91,5.63,0.0485,0.0311,0.0312,0.5961
27-FEB-2026,535566,113.30,112.75,0.0049,0.0404,0.0403,0.7699
27-FEB-2026,535620,326.00,310.50,0.0487,0.0453,0.0453,0.8655
27-FEB-2026,535621,129.50,125.00,0.0354,0.0402,0.0402,0.7680
27-FEB-2026,535657,7.77,7.99,-0.0279,0.0463,0.0462,0.8826
27-FEB-2026,535667,185.00,185.00,0.0000,0.0484,0.0483,0.9228
27-FEB-2026,535693,168.50,170.90,-0.0141,0.0310,0.0309,0.5903
27-FEB-2026,535719,24.81,23.63,0.0487,0.0386,0.0386,0.7375
27-FEB-2026,535730,0.59,0.60,-0.0168,0.0320,0.0319,0.6094
27-FEB-2026,535910,0.82,0.78,0.0500,0.0314,0.0315,0.6018
27-FEB-2026,535916,59.26,59.24,0.0003,0.0374,0.0373,0.7126
27-FEB-2026,536073,1.98,2.00,-0.0101,0.0353,0.0352,0.6725
27-FEB-2026,536493,320.55,322.30,-0.0054,0.0290,0.0289,0.5521
27-FEB-2026,536565,60.47,62.86,-0.0388,0.0306,0.0307,0.5865
27-FEB-2026,536659,4.83,4.84,-0.0021,0.0289,0.0288,0.5502
27-FEB-2026,536672,6.45,6.31,0.0219,0.0336,0.0335,0.6400
27-FEB-2026,536709,11.93,12.13,-0.0166,0.0297,0.0297,0.5674
27-FEB-2026,536846,159.95,154.95,0.0318,0.0291,0.0291,0.5560
27-FEB-2026,536974,72.44,72.68,-0.0033,0.0281,0.0281,0.5368
27-FEB-2026,537069,12.36,12.54,-0.0145,0.0302,0.0302,0.5770
27-FEB-2026,537253,66.00,65.35,0.0099,0.0331,0.0330,0.6305
27-FEB-2026,537326,64.59,63.11,0.0232,0.0288,0.0288,0.5502
27-FEB-2026,537536,76.86,75.66,0.0157,0.0259,0.0258,0.4929
27-FEB-2026,537707,1.07,1.06,0.0094,0.0434,0.0433,0.8272
27-FEB-2026,537709,4.39,4.45,-0.0136,0.0275,0.0275,0.5254
27-FEB-2026,537750,180.55,181.65,-0.0061,0.0252,0.0251,0.4795
27-FEB-2026,537766,1.76,1.76,0.0000,0.0370,0.0369,0.7050
27-FEB-2026,537800,0.96,0.92,0.0426,0.0351,0.0352,0.6725
27-FEB-2026,537839,99.00,97.65,0.0137,0.0331,0.0330,0.6305
27-FEB-2026,537840,50.75,50.75,0.0000,0.0310,0.0309,0.5903
27-FEB-2026,537985,18.53,19.02,-0.0261,0.0340,0.0339,0.6477
27-FEB-2026,538081,5.40,5.40,0.0000,0.0399,0.0398,0.7604
27-FEB-2026,538092,105.00,105.00,0.0000,0.0314,0.0313,0.5980
27-FEB-2026,538212,0.39,0.38,0.0260,0.0382,0.0382,0.7298
27-FEB-2026,538273,24.95,24.81,0.0056,0.0413,0.0412,0.7871
27-FEB-2026,538351,2.34,2.33,0.0043,0.0342,0.0341,0.6515
27-FEB-2026,538382,95.65,100.35,-0.0480,0.0278,0.0280,0.5349
27-FEB-2026,538395,72.73,80.00,-0.0953,0.0328,0.0334,0.6381
27-FEB-2026,538401,133.60,139.10,-0.0403,0.0365,0.0365,0.6973
27-FEB-2026,538422,0.47,0.46,0.0215,0.0329,0.0328,0.6266
27-FEB-2026,538451,3.40,3.39,0.0029,0.0904,0.0901,1.7214
27-FEB-2026,538464,4.15,4.40,-0.0585,0.0445,0.0445,0.8502
27-FEB-2026,538465,14.17,14.33,-0.0112,0.0384,0.0383,0.7317
27-FEB-2026,538476,17.13,17.20,-0.0041,0.0358,0.0357,0.6820
27-FEB-2026,538520,1.74,1.66,0.0471,0.0244,0.0246,0.4700
27-FEB-2026,538521,89.70,86.00,0.0421,0.0317,0.0318,0.6075
27-FEB-2026,538539,9.25,9.99,-0.0770,0.0305,0.0309,0.5903
27-FEB-2026,538540,11.04,11.26,-0.0197,0.0324,0.0323,0.6171
27-FEB-2026,538546,119.60,119.15,0.0038,0.0284,0.0283,0.5407
27-FEB-2026,538556,112.45,110.00,0.0220,0.0307,0.0307,0.5865
27-FEB-2026,538563,422.55,414.30,0.0197,0.0170,0.0170,0.3248
27-FEB-2026,538564,301.60,303.80,-0.0073,0.0255,0.0254,0.4853
27-FEB-2026,538565,193.80,195.95,-0.0110,0.0349,0.0348,0.6649
27-FEB-2026,538568,41.49,40.44,0.0256,0.0316,0.0316,0.6037
27-FEB-2026,538569,1.16,1.18,-0.0171,0.0401,0.0400,0.7642
27-FEB-2026,538596,5.35,5.34,0.0019,0.0334,0.0333,0.6362
27-FEB-2026,538597,9.91,10.13,-0.0220,0.0328,0.0328,0.6266
27-FEB-2026,538598,22.67,22.95,-0.0123,0.0295,0.0294,0.5617
27-FEB-2026,538607,0.94,0.95,-0.0106,0.0315,0.0314,0.5999
27-FEB-2026,538609,53.26,50.08,0.0616,0.0398,0.0399,0.7623
27-FEB-2026,538610,1.07,1.11,-0.0367,0.0367,0.0367,0.7012
27-FEB-2026,538611,44.17,44.17,0.0000,0.0281,0.0281,0.5368
27-FEB-2026,538634,129.00,131.00,-0.0154,0.0303,0.0302,0.5770
27-FEB-2026,538646,40.85,41.69,-0.0204,0.0318,0.0317,0.6056
27-FEB-2026,538647,36.96,38.51,-0.0411,0.0322,0.0323,0.6171
27-FEB-2026,538652,3.81,3.81,0.0000,0.0004,0.0004,0.0076
27-FEB-2026,538668,580.05,587.10,-0.0121,0.0250,0.0250,0.4776
27-FEB-2026,538674,8.27,8.27,0.0000,0.0342,0.0341,0.6515
27-FEB-2026,538683,930.20,939.32,-0.0098,0.0066,0.0066,0.1261
27-FEB-2026,538706,7.14,7.27,-0.0180,0.0247,0.0246,0.4700
27-FEB-2026,538707,33.45,33.50,-0.0015,0.0353,0.0352,0.6725
27-FEB-2026,538708,7.24,7.43,-0.0259,0.0320,0.0320,0.6114
27-FEB-2026,538713,172.75,178.75,-0.0341,0.0352,0.0352,0.6725
27-FEB-2026,538714,40.00,40.00,0.0000,0.0368,0.0367,0.7012
27-FEB-2026,538715,342.15,353.70,-0.0332,0.0304,0.0304,0.5808
27-FEB-2026,538716,428.65,449.95,-0.0485,0.0265,0.0267,0.5101
27-FEB-2026,538732,33.50,32.63,0.0263,0.0268,0.0268,0.5120
27-FEB-2026,538742,37.00,36.75,0.0068,0.0394,0.0394,0.7527
27-FEB-2026,538743,15.00,15.30,-0.0198,0.0303,0.0303,0.5789
27-FEB-2026,538770,15.21,15.38,-0.0111,0.0374,0.0373,0.7126
27-FEB-2026,538772,39.21,39.18,0.0008,0.0334,0.0333,0.6362
27-FEB-2026,538777,22.14,22.14,0.0000,0.0078,0.0078,0.1490
27-FEB-2026,538778,6.76,6.81,-0.0074,0.0266,0.0265,0.5063
27-FEB-2026,538787,9.34,9.79,-0.0471,0.0407,0.0407,0.7776
27-FEB-2026,538788,12.81,12.88,-0.0054,0.0310,0.0310,0.5923
27-FEB-2026,538795,268.80,269.90,-0.0041,0.0305,0.0304,0.5808
27-FEB-2026,538817,9.45,9.47,-0.0021,0.0223,0.0223,0.4260
27-FEB-2026,538833,9.66,10.37,-0.0709,0.0363,0.0366,0.6992
27-FEB-2026,538834,14.30,14.33,-0.0021,0.0372,0.0371,0.7088
27-FEB-2026,538837,68.95,68.00,0.0139,0.0280,0.0280,0.5349
27-FEB-2026,538838,26.13,27.44,-0.0489,0.0369,0.0369,0.7050
27-FEB-2026,538857,13.68,13.95,-0.0195,0.0300,0.0300,0.5731
27-FEB-2026,538860,0.66,0.67,-0.0150,0.0336,0.0336,0.6419
27-FEB-2026,538862,35.98,37.97,-0.0538,0.0368,0.0369,0.7050
27-FEB-2026,538863,7.05,7.05,0.0000,0.0000,0.0000,0.0000
27-FEB-2026,538868,15.64,16.09,-0.0284,0.0317,0.0317,0.6056
27-FEB-2026,538874,18.62,18.62,0.0000,0.0476,0.0474,0.9056
27-FEB-2026,538875,6.37,6.31,0.0095,0.0340,0.0339,0.6477
27-FEB-2026,538881,25.18,26.50,-0.0511,0.0323,0.0324,0.6190
27-FEB-2026,538882,63.13,63.31,-0.0028,0.0299,0.0298,0.5693
27-FEB-2026,538890,54.34,53.75,0.0109,0.0278,0.0278,0.5311
27-FEB-2026,538894,19.00,19.84,-0.0433,0.0404,0.0404,0.7718
27-FEB-2026,538895,11.82,12.18,-0.0300,0.0346,0.0346,0.6610
27-FEB-2026,538896,332.95,333.50,-0.0017,0.0230,0.0229,0.4375
27-FEB-2026,538918,8.73,9.01,-0.0316,0.0351,0.0351,0.6706
27-FEB-2026,538919,24.00,24.00,0.0000,0.0288,0.0287,0.5483
27-FEB-2026,538922,21.05,21.41,-0.0170,0.0358,0.0357,0.6820
27-FEB-2026,538923,23.59,22.49,0.0478,0.0473,0.0473,0.9037
27-FEB-2026,538926,224.00,225.90,-0.0084,0.0314,0.0313,0.5980
27-FEB-2026,538928,1.23,1.28,-0.0398,0.0343,0.0344,0.6572
27-FEB-2026,538935,42.36,42.36,0.0000,0.0219,0.0218,0.4165
27-FEB-2026,538942,22.55,24.32,-0.0756,0.0334,0.0337,0.6438
27-FEB-2026,538943,100.85,100.85,0.0000,0.0406,0.0405,0.7738
27-FEB-2026,538952,1.29,1.27,0.0156,0.0407,0.0406,0.7757
27-FEB-2026,538964,829.00,808.05,0.0256,0.0260,0.0260,0.4967
27-FEB-2026,538965,79.00,78.06,0.0120,0.0333,0.0332,0.6343
27-FEB-2026,538970,6.88,6.74,0.0206,0.0384,0.0383,0.7317
27-FEB-2026,538975,0.20,0.19,0.0513,0.0276,0.0277,0.5292
27-FEB-2026,538987,676.30,685.55,-0.0136,0.0252,0.0251,0.4795
27-FEB-2026,538992,2065.00,2065.00,0.0000,0.0210,0.0210,0.4012
27-FEB-2026,539005,14.68,14.68,0.0000,0.0128,0.0127,0.2426
27-FEB-2026,539011,89.39,89.15,0.0027,0.0240,0.0240,0.4585
27-FEB-2026,539012,93.80,85.63,0.0911,0.0345,0.0350,0.6687
27-FEB-2026,539013,77.67,77.63,0.0005,0.0255,0.0254,0.4853
27-FEB-2026,539014,10.59,10.59,0.0000,0.0320,0.0319,0.6094
27-FEB-2026,539016,6.65,6.75,-0.0149,0.0374,0.0373,0.7126
27-FEB-2026,539017,6.82,7.14,-0.0459,0.0346,0.0347,0.6629
27-FEB-2026,539018,413.65,410.55,0.0075,0.0226,0.0226,0.4318
27-FEB-2026,539031,292.38,294.42,-0.0070,0.0076,0.0076,0.1452
27-FEB-2026,539032,9.94,10.33,-0.0385,0.0372,0.0372,0.7107
27-FEB-2026,539040,6.60,6.68,-0.0120,0.0248,0.0247,0.4719
27-FEB-2026,539090,33.00,33.00,0.0000,0.0375,0.0374,0.7145
27-FEB-2026,539091,0.86,0.87,-0.0116,0.0248,0.0247,0.4719
27-FEB-2026,539097,2.46,2.41,0.0205,0.0392,0.0391,0.7470
27-FEB-2026,539110,15.02,15.02,0.0000,0.0281,0.0280,0.5349
27-FEB-2026,539111,14.60,13.91,0.0484,0.0431,0.0432,0.8253
27-FEB-2026,539112,110.30,110.30,0.0000,0.0310,0.0309,0.5903
27-FEB-2026,539113,504.30,516.55,-0.0240,0.0213,0.0213,0.4069
27-FEB-2026,539117,54.01,54.95,-0.0173,0.0347,0.0346,0.6610
27-FEB-2026,539119,20.08,19.14,0.0479,0.0172,0.0175,0.3343
27-FEB-2026,539120,63.00,65.22,-0.0346,0.0397,0.0397,0.7585
27-FEB-2026,539121,117.85,117.50,0.0030,0.0398,0.0397,0.7585
27-FEB-2026,539122,21.62,22.58,-0.0434,0.0407,0.0407,0.7776
27-FEB-2026,539123,5.62,5.95,-0.0571,0.0373,0.0375,0.7164
27-FEB-2026,539124,20.85,19.73,0.0552,0.0372,0.0373,0.7126
27-FEB-2026,539132,8.27,8.21,0.0073,0.0305,0.0305,0.5827
27-FEB-2026,539143,7.38,7.31,0.0095,0.0357,0.0356,0.6801
27-FEB-2026,539149,3.35,3.35,0.0000,0.0376,0.0375,0.7164
27-FEB-2026,539167,24.78,24.78,0.0000,0.0302,0.0302,0.5770
27-FEB-2026,539174,23.50,21.25,0.1006,0.0420,0.0425,0.8120
27-FEB-2026,539175,3.77,3.65,0.0323,0.1227,0.1224,2.3384
27-FEB-2026,539176,77.93,75.66,0.0296,0.0363,0.0362,0.6916
27-FEB-2026,539189,13.31,13.31,0.0000,0.0367,0.0366,0.6992
27-FEB-2026,539190,47.00,46.70,0.0064,0.0366,0.0365,0.6973
27-FEB-2026,539195,192.40,190.10,0.0120,0.0317,0.0316,0.6037
27-FEB-2026,539196,137.05,136.25,0.0059,0.0253,0.0253,0.4834
27-FEB-2026,539200,0.60,0.58,0.0339,0.0060,0.0064,0.1223
27-FEB-2026,539206,28.50,26.00,0.0918,0.0369,0.0374,0.7145
27-FEB-2026,539216,1.79,1.89,-0.0544,0.0366,0.0367,0.7012
27-FEB-2026,539217,0.26,0.27,-0.0377,0.0333,0.0333,0.6362
27-FEB-2026,539218,126.95,124.10,0.0227,0.0325,0.0325,0.6209
27-FEB-2026,539219,10.45,9.92,0.0520,0.0309,0.0311,0.5942
27-FEB-2026,539220,40.06,40.60,-0.0134,0.0290,0.0289,0.5521
27-FEB-2026,539222,0.93,0.93,0.0000,0.0413,0.0412,0.7871
27-FEB-2026,539224,34.19,35.98,-0.0510,0.0361,0.0362,0.6916
27-FEB-2026,539227,185.10,166.25,0.1074,0.0300,0.0309,0.5903
27-FEB-2026,539228,1.44,1.42,0.0140,0.0256,0.0255,0.4872
27-FEB-2026,539230,39.51,39.51,0.0000,0.0087,0.0086,0.1643
27-FEB-2026,539255,491.05,490.85,0.0004,0.0321,0.0320,0.6114
27-FEB-2026,539267,17.33,16.68,0.0382,0.0433,0.0432,0.8253
27-FEB-2026,539275,133.10,134.15,-0.0079,0.0274,0.0273,0.5216
27-FEB-2026,539277,0.15,0.15,0.0000,0.0429,0.0427,0.8158
27-FEB-2026,539278,1.86,1.90,-0.0213,0.0427,0.0426,0.8139
27-FEB-2026,539288,19.93,18.99,0.0483,0.0661,0.0660,1.2609
27-FEB-2026,539300,248.35,246.05,0.0093,0.0244,0.0243,0.4643
27-FEB-2026,539310,0.20,0.19,0.0513,0.0744,0.0743,1.4195
27-FEB-2026,539314,59.84,57.23,0.0446,0.0278,0.0279,0.5330
27-FEB-2026,539335,168.00,164.95,0.0183,0.0320,0.0319,0.6094
27-FEB-2026,539353,207.80,206.35,0.0070,0.0283,0.0282,0.5388
27-FEB-2026,539354,29.07,30.20,-0.0381,0.0322,0.0322,0.6152
27-FEB-2026,539378,51.09,53.77,-0.0511,0.0324,0.0325,0.6209
27-FEB-2026,539383,8.56,9.01,-0.0512,0.0335,0.0336,0.6419
27-FEB-2026,539384,28.20,28.20,0.0000,0.0287,0.0286,0.5464
27-FEB-2026,539391,29.85,31.40,-0.0506,0.0300,0.0301,0.5751
27-FEB-2026,539393,25.77,25.77,0.0000,0.0010,0.0010,0.0191
27-FEB-2026,539398,54.29,60.10,-0.1017,0.0228,0.0238,0.4547
27-FEB-2026,539402,5.10,5.31,-0.0404,0.0425,0.0425,0.8120
27-FEB-2026,539406,55.36,58.00,-0.0466,0.0314,0.0315,0.6018
27-FEB-2026,539408,13.85,12.61,0.0938,0.0368,0.0373,0.7126
27-FEB-2026,539409,16.78,15.99,0.0482,0.0266,0.0268,0.5120
27-FEB-2026,539428,13.66,13.91,-0.0181,0.0251,0.0251,0.4795
27-FEB-2026,539434,8.46,8.46,0.0000,0.0053,0.0052,0.0993
27-FEB-2026,539435,30.12,30.12,0.0000,0.0403,0.0402,0.7680
27-FEB-2026,539449,2.24,2.29,-0.0221,0.0344,0.0343,0.6553
27-FEB-2026,539455,53.08,56.64,-0.0649,0.0304,0.0307,0.5865
27-FEB-2026,539468,37.00,35.25,0.0485,0.0209,0.0211,0.4031
27-FEB-2026,539469,48.57,48.72,-0.0031,0.0312,0.0311,0.5942
27-FEB-2026,539470,0.63,0.64,-0.0157,0.0249,0.0249,0.4757
27-FEB-2026,539479,62.70,62.71,-0.0002,0.0303,0.0302,0.5770
27-FEB-2026,539488,10.00,10.00,0.0000,0.0000,0.0000,0.0000
27-FEB-2026,539492,13.00,12.97,0.0023,0.0293,0.0292,0.5579
27-FEB-2026,539494,7.78,7.89,-0.0140,0.0357,0.0356,0.6801
27-FEB-2026,539495,39.17,37.31,0.0486,0.0393,0.0393,0.7508
27-FEB-2026,539506,0.43,0.43,0.0000,0.0324,0.0323,0.6171
27-FEB-2026,539515,39.27,39.69,-0.0106,0.0320,0.0319,0.6094
27-FEB-2026,539518,127.40,126.25,0.0091,0.0247,0.0246,0.4700
27-FEB-2026,539519,0.70,0.80,-0.1335,0.0392,0.0402,0.7680
27-FEB-2026,539522,42.00,40.50,0.0364,0.0316,0.0316,0.6037
27-FEB-2026,539526,0.63,0.62,0.0160,0.0278,0.0277,0.5292
27-FEB-2026,539527,559.95,555.00,0.0089,0.0334,0.0333,0.6362
27-FEB-2026,539528,31.25,31.21,0.0013,0.0968,0.0966,1.8455
27-FEB-2026,539533,58.19,58.99,-0.0137,0.1109,0.1106,2.1130
27-FEB-2026,539543,13.12,13.12,0.0000,0.0000,0.0000,0.0000
27-FEB-2026,539544,6.78,7.12,-0.0489,0.0397,0.0397,0.7585
27-FEB-2026,539545,35.87,34.30,0.0448,0.0414,0.0414,0.7909
27-FEB-2026,539546,263.35,261.70,0.0063,0.0211,0.0211,0.4031
27-FEB-2026,539552,99.89,99.99,-0.0010,0.0325,0.0324,0.6190
27-FEB-2026,539559,2.93,3.08,-0.0499,0.0430,0.0430,0.8215
27-FEB-2026,539560,10.00,10.00,0.0000,0.0000,0.0000,0.0000
27-FEB-2026,539561,0.68,0.85,-0.2231,0.0313,0.0350,0.6687
27-FEB-2026,539574,0.22,0.22,0.0000,0.0367,0.0366,0.6992
27-FEB-2026,539584,0.27,0.27,0.0000,0.0320,0.0319,0.6094
27-FEB-2026,539593,7.85,7.75,0.0128,0.0451,0.0450,0.8597
27-FEB-2026,539594,4.28,4.25,0.0070,0.0268,0.0267,0.5101
27-FEB-2026,539596,13.52,14.20,-0.0491,0.0584,0.0583,1.1138
27-FEB-2026,539598,30.27,31.77,-0.0484,0.0299,0.0301,0.5751
27-FEB-2026,539599,21.88,21.88,0.0000,0.0765,0.0763,1.4577
27-FEB-2026,539607,22.08,20.20,0.0890,0.0389,0.0393,0.7508
27-FEB-2026,539620,15.95,15.88,0.0044,0.0349,0.0348,0.6649
27-FEB-2026,539621,0.53,0.54,-0.0187,0.0345,0.0345,0.6591
27-FEB-2026,539659,54.08,56.99,-0.0524,0.0263,0.0265,0.5063
27-FEB-2026,539661,104.25,103.47,0.0075,0.0273,0.0273,0.5216
27-FEB-2026,539662,9.81,9.59,0.0227,0.0339,0.0338,0.6457
27-FEB-2026,539669,0.90,0.89,0.0112,0.0358,0.0357,0.6820
27-FEB-2026,539679,2.28,2.35,-0.0302,0.0384,0.0383,0.7317
27-FEB-2026,539681,49.88,49.88,0.0000,0.0121,0.0121,0.2312
27-FEB-2026,539682,1225.25,1188.95,0.0301,0.0231,0.0231,0.4413
27-FEB-2026,539683,10.00,10.00,0.0000,0.0000,0.0000,0.0000
27-FEB-2026,539691,10.00,10.00,0.0000,0.0000,0.0000,0.0000
27-FEB-2026,539692,15.05,15.30,-0.0165,0.0347,0.0346,0.6610
27-FEB-2026,539697,45.83,44.94,0.0196,0.0373,0.0373,0.7126
27-FEB-2026,539724,73.99,70.55,0.0476,0.0315,0.0316,0.6037
27-FEB-2026,539730,1624.45,1640.15,-0.0096,0.0285,0.0285,0.5445
27-FEB-2026,539760,36.29,37.12,-0.0226,0.0352,0.0351,0.6706
27-FEB-2026,539761,1.05,1.04,0.0096,0.0414,0.0413,0.7890
27-FEB-2026,539762,33.01,32.56,0.0137,0.0346,0.0346,0.6610
27-FEB-2026,539767,39.87,40.00,-0.0033,0.0392,0.0391,0.7470
27-FEB-2026,539770,25.73,25.73,0.0000,0.0324,0.0323,0.6171
27-FEB-2026,539773,1.65,1.67,-0.0120,0.0254,0.0253,0.4834
27-FEB-2026,539798,31.58,31.48,0.0032,0.0302,0.0302,0.5770
27-FEB-2026,539800,5.03,5.12,-0.0177,0.0375,0.0374,0.7145
27-FEB-2026,539814,202.20,195.00,0.0363,0.0345,0.0345,0.6591
27-FEB-2026,539819,4.30,4.30,0.0000,0.0034,0.0034,0.0650
27-FEB-2026,539834,179.10,176.05,0.0172,0.0314,0.0313,0.5980
27-FEB-2026,539835,1.66,1.65,0.0060,0.0561,0.0559,1.0680
27-FEB-2026,539841,9.84,10.05,-0.0211,0.0353,0.0353,0.6744
27-FEB-2026,539875,85.87,95.50,-0.1063,0.0399,0.0405,0.7738
27-FEB-2026,539884,2.68,2.73,-0.0185,0.0351,0.0351,0.6706
27-FEB-2026,539894,8.64,8.54,0.0116,0.0303,0.0303,0.5789
27-FEB-2026,539895,33.19,34.06,-0.0259,0.0351,0.0351,0.6706
27-FEB-2026,539900,8.04,8.46,-0.0509,0.0349,0.0350,0.6687
27-FEB-2026,539911,10.90,10.90,0.0000,0.0892,0.0890,1.7003
27-FEB-2026,539921,198.85,200.00,-0.0058,0.0370,0.0369,0.7050
27-FEB-2026,539922,115.10,117.40,-0.0198,0.0195,0.0195,0.3725
27-FEB-2026,539927,381.15,381.15,0.0000,0.0227,0.0226,0.4318
27-FEB-2026,539938,34.78,34.33,0.0130,0.0312,0.0312,0.5961
27-FEB-2026,539939,62.81,62.75,0.0010,0.0279,0.0279,0.5330
27-FEB-2026,539946,23.39,24.13,-0.0311,0.0491,0.0490,0.9361
27-FEB-2026,539947,45.15,45.15,0.0000,0.0349,0.0348,0.6649
27-FEB-2026,539956,2829.45,2864.00,-0.0121,0.0261,0.0260,0.4967
27-FEB-2026,539963,12.51,13.13,-0.0484,0.0325,0.0326,0.6228
27-FEB-2026,539984,2334.70,2342.05,-0.0031,0.0303,0.0302,0.5770
27-FEB-2026,539991,33.71,34.19,-0.0141,0.0313,0.0312,0.5961
27-FEB-2026,539997,1555.85,1464.50,0.0605,0.0339,0.0340,0.6496
27-FEB-2026,540006,3.26,3.31,-0.0152,0.0325,0.0324,0.6190
27-FEB-2026,540023,14.00,13.89,0.0079,0.0324,0.0323,0.6171
27-FEB-2026,540026,7.26,7.64,-0.0510,0.0454,0.0454,0.8674
27-FEB-2026,540062,258.40,265.00,-0.0252,0.0219,0.0219,0.4184
27-FEB-2026,540063,11.05,10.53,0.0482,0.0369,0.0369,0.7050
27-FEB-2026,540066,25.77,25.77,0.0000,0.0010,0.0010,0.0191
27-FEB-2026,540078,103.79,104.08,-0.0028,0.0257,0.0256,0.4891
27-FEB-2026,540079,1.60,1.59,0.0063,0.0287,0.0287,0.5483
27-FEB-2026,540080,4.54,4.54,0.0000,0.0264,0.0264,0.5044
27-FEB-2026,540097,36.23,37.33,-0.0299,0.0301,0.0301,0.5751
27-FEB-2026,540108,6.44,6.15,0.0461,0.0338,0.0338,0.6457
27-FEB-2026,540132,13.70,13.65,0.0037,0.0416,0.0415,0.7929
27-FEB-2026,540134,10.13,10.18,-0.0049,0.0417,0.0416,0.7948
27-FEB-2026,540135,0.58,0.58,0.0000,0.0303,0.0303,0.5789
27-FEB-2026,540143,87.99,88.78,-0.0089,0.0311,0.0311,0.5942
27-FEB-2026,540147,3.33,3.40,-0.0208,0.0295,0.0295,0.5636
27-FEB-2026,540154,888.50,888.50,0.0000,0.0100,0.0100,0.1910
27-FEB-2026,540159,4.96,5.09,-0.0259,0.0565,0.0564,1.0775
27-FEB-2026,540168,27.04,27.76,-0.0263,0.0268,0.0268,0.5120
27-FEB-2026,540174,21.68,21.51,0.0079,0.0347,0.0346,0.6610
27-FEB-2026,540175,28.89,29.41,-0.0178,0.0295,0.0294,0.5617
27-FEB-2026,540181,32.97,32.14,0.0255,0.0374,0.0373,0.7126
27-FEB-2026,540189,21.25,20.84,0.0195,0.0206,0.0206,0.3936
27-FEB-2026,540190,0.39,0.39,0.0000,0.0407,0.0406,0.7757
27-FEB-2026,540192,14.65,14.72,-0.0048,0.0249,0.0248,0.4738
27-FEB-2026,540198,445.65,446.55,-0.0020,0.0233,0.0232,0.4432
27-FEB-2026,540199,55.75,58.65,-0.0507,0.0261,0.0263,0.5025
27-FEB-2026,540204,51.46,52.00,-0.0104,0.0297,0.0296,0.5655
27-FEB-2026,540221,26.69,26.69,0.0000,0.0194,0.0194,0.3706
27-FEB-2026,540243,1.33,1.32,0.0075,0.0335,0.0334,0.6381
27-FEB-2026,540252,8.86,8.80,0.0068,0.0280,0.0279,0.5330
27-FEB-2026,540254,26.94,28.79,-0.0664,0.0430,0.0431,0.8234
27-FEB-2026,540259,0.26,0.26,0.0000,0.0354,0.0353,0.6744
27-FEB-2026,540266,17.14,17.61,-0.0271,0.0349,0.0349,0.6668
27-FEB-2026,540267,8.00,7.84,0.0202,0.0375,0.0374,0.7145
27-FEB-2026,540270,10.00,10.00,0.0000,0.0000,0.0000,0.0000
27-FEB-2026,540310,46.50,46.50,0.0000,0.0402,0.0401,0.7661
27-FEB-2026,540318,10.00,10.00,0.0000,0.0000,0.0000,0.0000
27-FEB-2026,540359,30.20,30.39,-0.0063,0.0513,0.0511,0.9763
27-FEB-2026,540360,2.22,2.31,-0.0397,0.0413,0.0413,0.7890
27-FEB-2026,540361,4.39,4.60,-0.0467,0.0364,0.0364,0.6954
27-FEB-2026,540377,0.41,0.43,-0.0476,0.0333,0.0334,0.6381
27-FEB-2026,540386,1.59,1.65,-0.0370,0.0419,0.0419,0.8005
27-FEB-2026,540395,97.61,97.35,0.0027,0.0278,0.0277,0.5292
27-FEB-2026,540401,9.77,9.79,-0.0020,0.0207,0.0207,0.3955
27-FEB-2026,540404,264.50,264.95,-0.0017,0.0307,0.0306,0.5846
27-FEB-2026,540405,60.00,60.01,-0.0002,0.0359,0.0358,0.6840
27-FEB-2026,540455,114.35,115.00,-0.0057,0.0324,0.0323,0.6171
27-FEB-2026,540467,94.82,94.82,0.0000,0.0207,0.0206,0.3936
27-FEB-2026,540481,42.43,40.41,0.0488,0.0285,0.0286,0.5464
27-FEB-2026,540492,11.33,11.11,0.0196,0.0361,0.0361,0.6897
27-FEB-2026,540515,11.20,11.21,-0.0009,0.0401,0.0400,0.7642
27-FEB-2026,540519,64.32,64.47,-0.0023,0.0339,0.0338,0.6457
27-FEB-2026,540545,38.12,39.30,-0.0305,0.0283,0.0283,0.5407
27-FEB-2026,540570,4.88,4.98,-0.0203,0.0364,0.0364,0.6954
27-FEB-2026,540590,63.03,62.92,0.0017,0.0291,0.0290,0.5540
27-FEB-2026,540597,15.92,15.81,0.0069,0.0332,0.0331,0.6324
27-FEB-2026,540614,0.50,0.48,0.0408,0.0282,0.0283,0.5407
27-FEB-2026,540615,3.66,3.63,0.0082,0.0281,0.0281,0.5368
27-FEB-2026,540654,18.33,18.00,0.0182,0.0304,0.0303,0.5789
27-FEB-2026,540686,112.05,113.35,-0.0115,0.0281,0.0281,0.5368
27-FEB-2026,540693,14.45,14.17,0.0196,0.0337,0.0337,0.6438
27-FEB-2026,540694,23.24,23.65,-0.0175,0.0302,0.0302,0.5770
27-FEB-2026,540696,5.75,5.91,-0.0274,0.0439,0.0438,0.8368
27-FEB-2026,540703,40.96,40.18,0.0192,0.0362,0.0361,0.6897
27-FEB-2026,540717,20.13,19.77,0.0180,0.0321,0.0321,0.6133
27-FEB-2026,540726,75.05,79.00,-0.0513,0.0298,0.0299,0.5712
27-FEB-2026,540727,27.14,28.14,-0.0362,0.0258,0.0259,0.4948
27-FEB-2026,540728,93.00,93.09,-0.0010,0.0344,0.0343,0.6553
27-FEB-2026,540730,1.38,1.38,0.0000,0.0336,0.0335,0.6400
27-FEB-2026,540737,512.20,508.15,0.0079,0.0256,0.0256,0.4891
27-FEB-2026,540738,7.96,8.05,-0.0112,0.0243,0.0242,0.4623
27-FEB-2026,540786,11.50,11.69,-0.0164,0.0370,0.0369,0.7050
27-FEB-2026,540788,57.00,57.08,-0.0014,0.0356,0.0355,0.6782
27-FEB-2026,540796,189.30,199.25,-0.0512,0.0310,0.0312,0.5961
27-FEB-2026,540809,46.84,46.26,0.0125,0.0272,0.0272,0.5197
27-FEB-2026,540821,1.72,1.82,-0.0565,0.0194,0.0197,0.3764
27-FEB-2026,540829,6.14,6.45,-0.0493,0.0372,0.0373,0.7126
27-FEB-2026,540874,75.16,74.04,0.0150,0.0284,0.0284,0.5426
27-FEB-2026,540904,73.00,75.00,-0.0270,0.0315,0.0315,0.6018
27-FEB-2026,540914,3.31,3.27,0.0122,0.0349,0.0349,0.6668
27-FEB-2026,540936,3.18,3.18,0.0000,0.0256,0.0255,0.4872
27-FEB-2026,540953,2.39,2.35,0.0169,0.0263,0.0263,0.5025
27-FEB-2026,540954,34.18,31.67,0.0763,0.0279,0.0283,0.5407
27-FEB-2026,540955,6.74,6.50,0.0363,0.0289,0.0289,0.5521
27-FEB-2026,540956,21.81,21.72,0.0041,0.0292,0.0291,0.5560
27-FEB-2026,540980,29499.95,29499.95,0.0000,0.0278,0.0277,0.5292
27-FEB-2026,541005,61.01,61.23,-0.0036,0.0292,0.0291,0.5560
27-FEB-2026,541096,1142.50,1102.05,0.0360,0.0281,0.0282,0.5388
27-FEB-2026,541133,45.60,45.60,0.0000,0.0001,0.0001,0.0019
27-FEB-2026,541144,97.70,100.45,-0.0278,0.0332,0.0332,0.6343
27-FEB-2026,541228,106.05,108.40,-0.0219,0.0396,0.0395,0.7546
27-FEB-2026,541338,13.98,13.32,0.0484,0.0356,0.0357,0.6820
27-FEB-2026,541347,8.33,8.08,0.0305,0.0282,0.0282,0.5388
27-FEB-2026,541358,95.00,95.00,0.0000,0.0385,0.0384,0.7336
27-FEB-2026,541444,17.16,17.31,-0.0087,0.0361,0.0360,0.6878
27-FEB-2026,541503,45.00,45.99,-0.0218,0.0336,0.0335,0.6400
27-FEB-2026,541601,0.45,0.45,0.0000,0.0355,0.0354,0.6763
27-FEB-2026,541627,8.78,7.32,0.1819,0.0487,0.0503,0.9610
27-FEB-2026,541633,12.58,12.58,0.0000,0.0000,0.0000,0.0000
27-FEB-2026,541634,16.71,17.10,-0.0231,0.0383,0.0383,0.7317
27-FEB-2026,541702,4.00,4.00,0.0000,0.0291,0.0290,0.5540
27-FEB-2026,541735,1.74,1.75,-0.0057,0.0448,0.0447,0.8540
27-FEB-2026,541741,89.31,87.00,0.0262,0.0292,0.0292,0.5579
27-FEB-2026,541771,1.59,1.65,-0.0370,0.0301,0.0301,0.5751
27-FEB-2026,541778,33.42,33.67,-0.0075,0.0252,0.0251,0.4795
27-FEB-2026,541865,7.87,7.71,0.0205,0.0281,0.0281,0.5368
27-FEB-2026,541890,0.23,0.24,-0.0426,0.1470,0.1467,2.8027
27-FEB-2026,541972,921.27,930.00,-0.0094,0.0091,0.0091,0.1739
27-FEB-2026,542012,25.24,24.04,0.0487,0.1790,0.1786,3.4121
27-FEB-2026,542013,170.00,171.00,-0.0059,0.0165,0.0165,0.3152
27-FEB-2026,542019,61.69,60.85,0.0137,0.0313,0.0313,0.5980
27-FEB-2026,542034,13.82,13.82,0.0000,0.0325,0.0325,0.6209
27-FEB-2026,542046,7.23,7.29,-0.0083,0.0381,0.0380,0.7260
27-FEB-2026,542057,65.11,65.11,0.0000,0.0248,0.0247,0.4719
27-FEB-2026,542123,145.00,139.00,0.0423,0.0348,0.0349,0.6668
27-FEB-2026,542176,20.60,21.60,-0.0474,0.0434,0.0434,0.8292
27-FEB-2026,542206,1.69,1.71,-0.0118,0.0349,0.0348,0.6649
27-FEB-2026,542248,13.52,13.21,0.0232,0.0322,0.0322,0.6152
27-FEB-2026,542332,41.98,41.98,0.0000,0.0181,0.0181,0.3458
27-FEB-2026,542376,218.00,218.00,0.0000,0.0279,0.0278,0.5311
27-FEB-2026,542459,61.42,61.89,-0.0076,0.0291,0.0290,0.5540
27-FEB-2026,542543,83.50,83.50,0.0000,0.0125,0.0125,0.2388
27-FEB-2026,542544,10.00,10.00,0.0000,0.0000,0.0000,0.0000
27-FEB-2026,542579,4.93,4.67,0.0542,0.0231,0.0233,0.4451
27-FEB-2026,542627,65.13,66.45,-0.0201,0.0402,0.0402,0.7680
27-FEB-2026,542628,121.20,121.40,-0.0016,0.0319,0.0318,0.6075
27-FEB-2026,542654,13.03,13.50,-0.0354,0.0342,0.0342,0.6534
27-FEB-2026,542666,6.11,5.97,0.0232,0.0287,0.0287,0.5483
27-FEB-2026,542669,34.96,34.89,0.0020,0.0251,0.0250,0.4776
27-FEB-2026,542670,17.91,18.11,-0.0111,0.0270,0.0270,0.5158
27-FEB-2026,542679,180.50,190.00,-0.0513,0.0407,0.0408,0.7795
27-FEB-2026,542682,67.64,65.49,0.0323,0.0356,0.0356,0.6801
27-FEB-2026,542694,163.00,163.00,0.0000,0.0449,0.0448,0.8559
27-FEB-2026,542721,112.75,118.65,-0.0510,0.0305,0.0306,0.5846
27-FEB-2026,542724,0.22,0.22,0.0000,0.0585,0.0584,1.1157
27-FEB-2026,542747,89.98,90.11,-0.0014,0.0094,0.0094,0.1796
27-FEB-2026,542770,39.86,40.44,-0.0144,0.0311,0.0310,0.5923
27-FEB-2026,542802,1.73,1.74,-0.0058,0.0272,0.0271,0.5177
27-FEB-2026,542803,44.53,46.44,-0.0420,0.0322,0.0322,0.6152
27-FEB-2026,542862,23.07,23.34,-0.0116,0.0419,0.0418,0.7986
27-FEB-2026,542864,31.47,31.47,0.0000,0.0023,0.0023,0.0439
27-FEB-2026,542865,12.76,12.49,0.0214,0.0373,0.0373,0.7126
27-FEB-2026,542906,49.24,49.24,0.0000,0.0259,0.0259,0.4948
27-FEB-2026,542911,899.00,899.00,0.0000,0.0319,0.0318,0.6075
27-FEB-2026,542918,8.55,8.99,-0.0502,0.0304,0.0306,0.5846
27-FEB-2026,542938,43.44,43.44,0.0000,0.0375,0.0374,0.7145
27-FEB-2026,543171,1.48,1.50,-0.0134,0.0239,0.0238,0.4547
27-FEB-2026,543207,4.20,4.46,-0.0601,0.0362,0.0364,0.6954
27-FEB-2026,543208,2.46,2.51,-0.0201,0.0287,0.0287,0.5483
27-FEB-2026,543225,160.00,160.00,0.0000,0.0161,0.0160,0.3057
27-FEB-2026,543229,202.00,201.00,0.0050,0.0412,0.0411,0.7852
27-FEB-2026,543241,86.80,83.74,0.0359,0.0391,0.0391,0.7470
27-FEB-2026,543256,18.00,18.85,-0.0461,0.0376,0.0376,0.7183
27-FEB-2026,543284,95.03,93.37,0.0176,0.0291,0.0291,0.5560
27-FEB-2026,543341,11.56,11.94,-0.0323,0.0423,0.0423,0.8081
27-FEB-2026,543376,68.00,69.00,-0.0146,0.0368,0.0367,0.7012
27-FEB-2026,543499,5.28,5.17,0.0211,0.0362,0.0361,0.6897
27-FEB-2026,543531,41.99,41.35,0.0154,0.0353,0.0352,0.6725
27-FEB-2026,543737,514.00,514.40,-0.0008,0.0308,0.0307,0.5865
27-FEB-2026,543766,375.85,378.95,-0.0082,0.0261,0.0260,0.4967
27-FEB-2026,543860,101.00,101.00,0.0000,0.0346,0.0345,0.6591
27-FEB-2026,543914,29.16,29.17,-0.0003,0.0287,0.0286,0.5464
27-FEB-2026,543925,145.60,145.60,0.0000,0.0062,0.0061,0.1165
27-FEB-2026,543927,37.24,36.45,0.0214,0.0327,0.0327,0.6247
27-FEB-2026,543934,334.00,329.00,0.0151,0.0317,0.0317,0.6056
27-FEB-2026,543976,28.06,26.29,0.0652,0.0316,0.0318,0.6075
27-FEB-2026,543993,166.15,172.10,-0.0352,0.0293,0.0293,0.5598
27-FEB-2026,544005,125.00,125.00,0.0000,0.0049,0.0049,0.0936
27-FEB-2026,544080,910.95,868.00,0.0483,0.0247,0.0249,0.4757
27-FEB-2026,544090,823.00,824.00,-0.0012,0.0305,0.0304,0.5808
27-FEB-2026,544112,517.25,493.90,0.0462,0.0257,0.0258,0.4929
27-FEB-2026,544185,51.91,53.28,-0.0260,0.0314,0.0314,0.5999
27-FEB-2026,544186,130.40,133.10,-0.0205,0.0237,0.0237,0.4528
27-FEB-2026,544191,62.34,62.68,-0.0054,0.0369,0.0368,0.7031
27-FEB-2026,544205,421.30,397.30,0.0587,0.0220,0.0223,0.4260
27-FEB-2026,544295,1055100.00,1055100.00,0.0000,0.0064,0.0064,0.1223
27-FEB-2026,544308,56.35,56.67,-0.0057,0.0341,0.0340,0.6496
27-FEB-2026,544346,166.65,170.85,-0.0249,0.0249,0.0249,0.4757
27-FEB-2026,544361,171.30,171.30,0.0000,0.0275,0.0274,0.5235
27-FEB-2026,544371,66.17,65.37,0.0122,0.0253,0.0253,0.4834
27-FEB-2026,544462,1100000.00,1100000.00,0.0000,0.0031,0.0031,0.0592
27-FEB-2026,544467,916.80,920.45,-0.0040,0.0163,0.0163,0.3114
27-FEB-2026,544662,120.65,123.10,-0.0201,0.0246,0.0246,0.4700
27-FEB-2026,5PAISA,319.80,320.80,-0.0031,0.0248,0.0248,0.4738
27-FEB-2026,63MOONS,602.60,604.85,-0.0037,0.0327,0.0326,0.6228
27-FEB-2026,751079,0.20,0.22,-0.0953,0.0753,0.0754,1.4405
27-FEB-2026,751085,0.68,0.84,-0.2113,0.0587,0.0604,1.1539
27-FEB-2026,751088,0.79,0.98,-0.2155,0.0531,0.0551,1.0527
27-FEB-2026,751090,306.70,219.10,0.3363,0.0000,0.0238,0.4547
27-FEB-2026,890197,2.45,2.43,0.0082,0.0454,0.0453,0.8655
27-FEB-2026,890213,8.29,8.72,-0.0506,0.0370,0.0370,0.7069
27-FEB-2026,890217,64.65,61.00,0.0581,0.0291,0.0293,0.5598
27-FEB-2026,890220,9.50,9.30,0.0213,0.0303,0.0302,0.5770
27-FEB-2026,890225,3.30,3.30,0.0000,0.0258,0.0258,0.4929
27-FEB-2026,890230,123.05,123.30,-0.0020,0.0127,0.0127,0.2426
27-FEB-2026,890231,21.65,21.65,0.0000,0.0122,0.0122,0.2331
27-FEB-2026,890233,1.19,1.09,0.0878,0.0000,0.0062,0.1185
27-FEB-2026,A2ZINFRA,17.87,18.81,-0.0513,0.0325,0.0326,0.6228
27-FEB-2026,AAATECH,102.15,105.80,-0.0351,0.0336,0.0336,0.6419
27-FEB-2026,AADHARHFC,458.95,475.15,-0.0347,0.0168,0.0169,0.3229
27-FEB-2026,AAKASH,8.26,8.50,-0.0286,0.0265,0.0265,0.5063
27-FEB-2026,AAREYDRUGS,76.73,78.65,-0.0247,0.0306,0.0306,0.5846
27-FEB-2026,AARNAV,27.28,27.46,-0.0066,0.0011,0.0012,0.0229
27-FEB-2026,AARON,161.55,161.65,-0.0006,0.0279,0.0278,0.5311
27-FEB-2026,AARTECH,42.80,43.38,-0.0135,0.0284,0.0284,0.5426
27-FEB-2026,AARTIDRUGS,367.00,369.40,-0.0065,0.0231,0.0230,0.4394
27-FEB-2026,AARTIIND,447.15,455.70,-0.0189,0.0221,0.0221,0.4222
27-FEB-2026,AARTIPHARM,723.70,719.65,0.0056,0.0268,0.0267,0.5101
27-FEB-2026,AARTISURF,405.05,401.25,0.0094,0.0261,0.0261,0.4986
27-FEB-2026,AARVI,130.03,128.26,0.0137,0.0271,0.0271,0.5177
27-FEB-2026,AASHRIT,74.00,74.00,0.0000,0.0025,0.0025,0.0478
27-FEB-2026,AAVAS,1285.60,1291.30,-0.0044,0.0185,0.0184,0.3515
27-FEB-2026,ABAN,19.52,19.74,-0.0112,0.0283,0.0282,0.5388
27-FEB-2026,ABB,6073.00,6132.75,-0.0098,0.0191,0.0191,0.3649
27-FEB-2026,ABBOTINDIA,26526.80,26353.80,0.0065,0.0134,0.0134,0.2560
27-FEB-2026,ABCAPITAL,344.45,356.15,-0.0334,0.0192,0.0193,0.3687
27-FEB-2026,ABCOTS,409.05,410.25,-0.0029,0.0132,0.0131,0.2503
27-FEB-2026,ABDL,476.05,487.45,-0.0237,0.0223,0.0223,0.4260
27-FEB-2026,ABFRL,66.94,68.54,-0.0236,0.0233,0.0233,0.4451
27-FEB-2026,ABGSEC,112.46,112.12,0.0030,0.0040,0.0040,0.0764
27-FEB-2026,ABINFRA,18.03,18.96,-0.0503,0.0271,0.0272,0.5197
27-FEB-2026,ABLBL,102.10,102.90,-0.0078,0.0162,0.0162,0.3095
27-FEB-2026,ABMINTLLTD,41.00,42.65,-0.0395,0.0378,0.0378,0.7222
27-FEB-2026,ABREL,1290.20,1291.30,-0.0009,0.0254,0.0253,0.4834
27-FEB-2026,ABSLAMC,893.50,912.85,-0.0214,0.0198,0.0198,0.3783
27-FEB-2026,ABSLBANETF,61.78,62.41,-0.0101,0.0078,0.0078,0.1490
27-FEB-2026,ABSLLIQUID,999.99,1000.00,-0.0000,0.0000,0.0000,0.0000
27-FEB-2026,ABSLMSCIN,29.97,30.31,-0.0113,0.0008,0.0012,0.0229
27-FEB-2026,ABSLNN50ET,73.29,73.87,-0.0079,0.0100,0.0099,0.1891
27-FEB-2026,ABSLPSE,10.82,10.91,-0.0083,0.0112,0.0111,0.2121
27-FEB-2026,ACC,1592.40,1613.10,-0.0129,0.0140,0.0139,0.2656
27-FEB-2026,ACCELYA,1196.75,1214.40,-0.0146,0.0160,0.0160,0.3057
27-FEB-2026,ACCURACY,4.93,4.87,0.0122,0.0238,0.0238,0.4547
27-FEB-2026,ACCUVANT,10.15,10.15,0.0000,0.0000,0.0000,0.0000
27-FEB-2026,ACE,884.70,894.20,-0.0107,0.0238,0.0238,0.4547
27-FEB-2026,ACEINTEG,18.14,18.70,-0.0304,0.0285,0.0285,0.5445
27-FEB-2026,ACESTONE,9.45,9.45,0.0000,0.0000,0.0000,0.0000
27-FEB-2026,ACI,576.15,596.00,-0.0339,0.0219,0.0220,0.4203
27-FEB-2026,ACL,55.54,55.40,0.0025,0.0254,0.0254,0.4853
27-FEB-2026,ACMESOLAR,236.00,234.90,0.0047,0.0233,0.0233,0.4451
27-FEB-2026,ACUTAAS,2158.80,2185.10,-0.0121,0.0265,0.0265,0.5063
27-FEB-2026,ADANIENSOL,1011.55,1023.95,-0.0122,0.0283,0.0283,0.5407
27-FEB-2026,ADANIENT,2161.85,2216.25,-0.0249,0.0249,0.0249,0.4757
27-FEB-2026,ADANIGREEN,947.35,965.90,-0.0194,0.0302,0.0301,0.5751
27-FEB-2026,ADANIPORTS,1521.00,1550.60,-0.0193,0.0201,0.0201,0.3840
27-FEB-2026,ADANIPOWER,140.10,141.35,-0.0089,0.0279,0.0278,0.5311
27-FEB-2026,ADFFOODS,196.75,201.50,-0.0239,0.0296,0.0296,0.5655
27-FEB-2026,ADL,69.13,72.71,-0.0505,0.0312,0.0314,0.5999
27-FEB-2026,ADOR,1053.55,1065.90,-0.0117,0.0212,0.0212,0.4050
27-FEB-2026,ADROITINFO,10.20,10.04,0.0158,0.0274,0.0273,0.5216
27-FEB-2026,ADSL,117.85,120.95,-0.0260,0.0320,0.0320,0.6114
27-FEB-2026,ADVAIT,1704.60,1731.30,-0.0155,0.0345,0.0344,0.6572
27-FEB-2026,ADVANCE,121.80,125.85,-0.0327,0.0211,0.0212,0.4050
27-FEB-2026,ADVANIHOTR,54.55,54.78,-0.0042,0.0208,0.0207,0.3955
27-FEB-2026,ADVENTHTL,193.80,197.15,-0.0171,0.0234,0.0234,0.4471
27-FEB-2026,ADVENZYMES,300.30,300.40,-0.0003,0.0237,0.0237,0.4528
27-FEB-2026,AEGISLOG,688.45,698.75,-0.0149,0.0269,0.0269,0.5139
27-FEB-2026,AEGISVOPAK,228.10,234.35,-0.0270,0.0207,0.0208,0.3974
27-FEB-2026,AEQUS,141.50,142.30,-0.0056,0.0132,0.0132,0.2522
27-FEB-2026,AEROENTER,78.54,78.01,0.0068,0.0273,0.0273,0.5216
27-FEB-2026,AEROFLEX,234.90,229.30,0.0241,0.0296,0.0296,0.5655
27-FEB-2026,AERONEU,70.04,71.34,-0.0184,0.0339,0.0338,0.6457
27-FEB-2026,AETHER,958.60,961.00,-0.0025,0.0189,0.0189,0.3611
27-FEB-2026,AFCONS,292.15,297.10,-0.0168,0.0168,0.0168,0.3210
27-FEB-2026,AFDIL,145.50,145.50,0.0000,0.0000,0.0000,0.0000
27-FEB-2026,AFFLE,1377.15,1329.60,0.0351,0.0202,0.0203,0.3878
27-FEB-2026,AFFORDABLE,178.80,181.20,-0.0133,0.0341,0.0341,0.6515
27-FEB-2026,AFIL,7.10,7.14,-0.0056,0.0318,0.0318,0.6075
27-FEB-2026,AFSL,201.00,201.00,0.0000,0.0232,0.0231,0.4413
27-FEB-2026,AGARIND,551.00,552.15,-0.0021,0.0263,0.0263,0.5025
27-FEB-2026,AGARWALEYE,451.70,447.90,0.0084,0.0159,0.0159,0.3038
27-FEB-2026,AGI,534.90,555.40,-0.0376,0.0268,0.0268,0.5120
27-FEB-2026,AGIIL,305.75,308.95,-0.0104,0.0315,0.0314,0.5999
27-FEB-2026,AGRITECH,123.10,123.00,0.0008,0.0326,0.0325,0.6209
27-FEB-2026,AGROPHOS,34.22,34.30,-0.0023,0.0299,0.0298,0.5693
27-FEB-2026,AGSTRA,3.51,3.58,-0.0197,0.0301,0.0301,0.5751
27-FEB-2026,AHCL,108.50,108.10,0.0037,0.0189,0.0189,0.3611
27-FEB-2026,AHLADA,45.15,45.07,0.0018,0.0290,0.0289,0.5521
27-FEB-2026,AHLEAST,160.75,160.80,-0.0003,0.0227,0.0226,0.4318
27-FEB-2026,AHLUCONT,772.70,760.35,0.0161,0.0247,0.0246,0.4700
27-FEB-2026,AIAENG,3850.90,3921.35,-0.0181,0.0166,0.0166,0.3171
27-FEB-2026,AIIL,481.85,489.95,-0.0167,0.0297,0.0297,0.5674
27-FEB-2026,AIRAN,16.40,16.77,-0.0223,0.0335,0.0334,0.6381
27-FEB-2026,AIROLAM,91.75,91.24,0.0056,0.0262,0.0261,0.4986
27-FEB-2026,AJANTPHARM,2993.90,2978.95,0.0050,0.0180,0.0180,0.3439
27-FEB-2026,AJAXENGG,485.00,488.35,-0.0069,0.0191,0.0190,0.3630
27-FEB-2026,AJMERA,128.70,132.00,-0.0253,0.0290,0.0290,0.5540
27-FEB-2026,AJOONI,4.43,4.51,-0.0179,0.0288,0.0288,0.5502
27-FEB-2026,AKASH,26.12,26.21,-0.0034,0.0363,0.0362,0.6916
27-FEB-2026,AKG,13.29,13.86,-0.0420,0.0246,0.0247,0.4719
27-FEB-2026,AKI,5.09,5.27,-0.0348,0.0335,0.0335,0.6400
27-FEB-2026,AKSHAR,0.42,0.43,-0.0235,0.0269,0.0269,0.5139
27-FEB-2026,AKSHARCHEM,216.25,219.40,-0.0145,0.0252,0.0252,0.4814
27-FEB-2026,AKSHOPTFBR,4.86,4.84,0.0041,0.0338,0.0338,0.6457
27-FEB-2026,AKUMS,488.15,482.25,0.0122,0.0201,0.0201,0.3840
27-FEB-2026,AKZOINDIA,2935.30,3028.50,-0.0313,0.0197,0.0198,0.3783
27-FEB-2026,ALANKIT,8.48,8.67,-0.0222,0.0246,0.0246,0.4700
27-FEB-2026,ALBERTDAVD,711.45,713.75,-0.0032,0.0217,0.0217,0.4146
27-FEB-2026,ALEMBICLTD,91.72,91.14,0.0063,0.0206,0.0206,0.3936
27-FEB-2026,ALGOQUANT,60.16,59.91,0.0042,0.0223,0.0222,0.4241
27-FEB-2026,ALICON,752.35,777.15,-0.0324,0.0260,0.0261,0.4986
27-FEB-2026,ALIVUS,911.85,920.05,-0.0090,0.0215,0.0215,0.4108
27-FEB-2026,ALKALI,64.53,66.02,-0.0228,0.0257,0.0257,0.4910
27-FEB-2026,ALKEM,5639.50,5751.95,-0.0197,0.0145,0.0146,0.2789
27-FEB-2026,ALKYLAMINE,1484.20,1491.35,-0.0048,0.0189,0.0188,0.3592
27-FEB-2026,ALLCARGO,8.44,8.55,-0.0129,0.0266,0.0265,0.5063
27-FEB-2026,ALLDIGI,823.60,814.00,0.0117,0.0216,0.0216,0.4127
27-FEB-2026,ALLTIME,235.35,243.95,-0.0359,0.0206,0.0207,0.3955
27-FEB-2026,ALMONDZ,16.11,16.13,-0.0012,0.0333,0.0332,0.6343
27-FEB-2026,ALOKINDS,14.30,14.50,-0.0139,0.0244,0.0243,0.4643
27-FEB-2026,ALPA,66.03,65.57,0.0070,0.0265,0.0265,0.5063
27-FEB-2026,ALPHA,48.62,49.22,-0.0123,0.0119,0.0119,0.2273
27-FEB-2026,ALPHAETF,25.48,25.88,-0.0156,0.0112,0.0112,0.2140
27-FEB-2026,ALPHAGEO,200.50,199.35,0.0058,0.0257,0.0257,0.4910
27-FEB-2026,ALPL30IETF,28.15,28.49,-0.0120,0.0073,0.0073,0.1395
27-FEB-2026,AMAGI,382.00,387.35,-0.0139,0.0122,0.0122,0.2331
27-FEB-2026,AMANTA,102.95,104.85,-0.0183,0.0153,0.0153,0.2923
27-FEB-2026,AMARKANTAK,11.95,11.95,0.0000,0.0000,0.0000,0.0000
27-FEB-2026,AMARVAN,10.00,10.00,0.0000,0.0000,0.0000,0.0000
27-FEB-2026,AMBER,7974.05,7942.50,0.0040,0.0266,0.0266,0.5082
27-FEB-2026,AMBICAAGAR,25.33,25.26,0.0028,0.0246,0.0246,0.4700
27-FEB-2026,AMBIKCO,1352.30,1363.35,-0.0081,0.0193,0.0192,0.3668
27-FEB-2026,AMBUJACEM,500.40,512.15,-0.0232,0.0167,0.0167,0.3191
27-FEB-2026,AMDIND,41.50,42.85,-0.0320,0.0315,0.0315,0.6018
27-FEB-2026,AMJLAND,40.25,40.76,-0.0126,0.0267,0.0267,0.5101
27-FEB-2026,AMNPLST,154.75,153.35,0.0091,0.0295,0.0295,0.5636
27-FEB-2026,AMRITINDIA,1614.35,1614.35,0.0000,0.0010,0.0010,0.0191
27-FEB-2026,AMRUTANJAN,596.45,601.45,-0.0083,0.0182,0.0182,0.3477
27-FEB-2026,ANANDRATHI,3075.90,3073.05,0.0009,0.0180,0.0179,0.3420
27-FEB-2026,ANANTAM,102.53,102.89,-0.0035,0.0036,0.0036,0.0688
27-FEB-2026,ANANTRAJ,529.75,535.90,-0.0115,0.0306,0.0305,0.5827
27-FEB-2026,ANDHRAPAP,68.77,69.07,-0.0044,0.0188,0.0187,0.3573
27-FEB-2026,ANDHRSUGAR,73.81,72.49,0.0180,0.0190,0.0190,0.3630
27-FEB-2026,ANGELONE,233.25,246.50,-0.0553,0.0279,0.0281,0.5368
27-FEB-2026,ANIKINDS,46.22,45.92,0.0065,0.0309,0.0308,0.5884
27-FEB-2026,ANKITMETAL,1.66,1.66,0.0000,0.0267,0.0267,0.5101
27-FEB-2026,ANMOL,11.87,11.56,0.0265,0.0256,0.0256,0.4891
27-FEB-2026,ANSALAPI,4.00,3.93,0.0177,0.0223,0.0223,0.4260
27-FEB-2026,ANTELOPUS,514.65,511.90,0.0054,0.0387,0.0386,0.7375
27-FEB-2026,ANTGRAPHIC,0.87,0.87,0.0000,0.0309,0.0309,0.5903
27-FEB-2026,ANTHEM,701.25,703.45,-0.0031,0.0145,0.0145,0.2770
27-FEB-2026,ANUHPHR,77.16,78.08,-0.0119,0.0242,0.0241,0.4604
27-FEB-2026,ANUP,1571.20,1613.25,-0.0264,0.0295,0.0295,0.5636
27-FEB-2026,ANURAS,1239.25,1251.70,-0.0100,0.0182,0.0182,0.3477
27-FEB-2026,ANZEN,118.00,118.00,0.0000,0.0116,0.0115,0.2197
27-FEB-2026,AONEGOLD,14.79,14.73,0.0041,0.0157,0.0156,0.2980
27-FEB-2026,AONELIQUID,1048.88,1048.48,0.0004,0.0002,0.0002,0.0038
27-FEB-2026,AONENIFTY,10.34,10.45,-0.0106,0.0045,0.0046,0.0879
27-FEB-2026,AONETMMQ50,9.79,9.89,-0.0102,0.0053,0.0054,0.1032
27-FEB-2026,AONETOTAL,11.71,11.81,-0.0085,0.0061,0.0061,0.1165
27-FEB-2026,APARINDS,11180.45,10806.20,0.0340,0.0292,0.0293,0.5598
27-FEB-2026,APCL,127.05,127.20,-0.0012,0.0275,0.0275,0.5254
27-FEB-2026,APCOTEXIND,365.65,367.10,-0.0040,0.0193,0.0193,0.3687
27-FEB-2026,APEX,389.45,423.20,-0.0831,0.0381,0.0384,0.7336
27-FEB-2026,APLAPOLLO,2234.60,2226.40,0.0037,0.0165,0.0165,0.3152
27-FEB-2026,APLLTD,711.20,729.60,-0.0255,0.0190,0.0191,0.3649
27-FEB-2026,APOLLO,237.80,248.25,-0.0430,0.0339,0.0340,0.6496
27-FEB-2026,APOLLOHOSP,7821.50,7775.05,0.0060,0.0129,0.0129,0.2465
27-FEB-2026,APOLLOPIPE,358.05,347.20,0.0308,0.0270,0.0270,0.5158
27-FEB-2026,APOLLOTYRE,454.05,460.85,-0.0149,0.0167,0.0167,0.3191
27-FEB-2026,APOLSINHOT,1250.60,1237.60,0.0104,0.0243,0.0242,0.4623
27-FEB-2026,APTECHT,87.47,86.38,0.0125,0.0267,0.0267,0.5101
27-FEB-2026,APTUS,244.00,245.70,-0.0069,0.0194,0.0193,0.3687
27-FEB-2026,AQYLON,1201.15,1264.30,-0.0512,0.0334,0.0335,0.6400
27-FEB-2026,ARCHIDPLY,80.93,82.07,-0.0140,0.0275,0.0275,0.5254
27-FEB-2026,ARCHIES,15.82,15.62,0.0127,0.0269,0.0269,0.5139
27-FEB-2026,ARE&M,845.20,853.75,-0.0101,0.0180,0.0180,0.3439
27-FEB-2026,ARENTERP,42.00,42.17,-0.0040,0.0358,0.0357,0.6820
27-FEB-2026,ARFIN,71.70,72.36,-0.0092,0.0275,0.0274,0.5235
27-FEB-2026,ARIES,328.20,331.00,-0.0085,0.0291,0.0290,0.5540
27-FEB-2026,ARIHANTCAP,80.17,80.45,-0.0035,0.0330,0.0329,0.6286
27-FEB-2026,ARIHANTSUP,264.90,265.00,-0.0004,0.0248,0.0247,0.4719
27-FEB-2026,ARIS,111.70,114.80,-0.0274,0.0262,0.0262,0.5006
27-FEB-2026,ARKADE,112.65,115.95,-0.0289,0.0214,0.0215,0.4108
27-FEB-2026,ARMANFIN,1567.55,1591.75,-0.0153,0.0254,0.0254,0.4853
27-FEB-2026,AROGRANITE,26.63,26.75,-0.0045,0.0277,0.0276,0.5273
27-FEB-2026,ARROWGREEN,403.60,408.45,-0.0119,0.0323,0.0323,0.6171
27-FEB-2026,ARSSBL,506.65,504.50,0.0043,0.0189,0.0188,0.3592
27-FEB-2026,ARTEMISMED,239.90,234.85,0.0213,0.0240,0.0240,0.4585
27-FEB-2026,ARTNIRMAN,40.46,40.00,0.0114,0.0332,0.0331,0.6324
27-FEB-2026,ARVEE,155.00,160.89,-0.0373,0.0408,0.0408,0.7795
27-FEB-2026,ARVIND,351.65,353.15,-0.0043,0.0251,0.0251,0.4795
27-FEB-2026,ARVINDFASN,440.20,436.45,0.0086,0.0228,0.0228,0.4356
27-FEB-2026,ARVSMART,546.65,532.55,0.0261,0.0236,0.0236,0.4509
27-FEB-2026,ASAHIINDIA,900.95,938.85,-0.0412,0.0223,0.0224,0.4280
27-FEB-2026,ASAHISONG,224.50,215.25,0.0421,0.0305,0.0306,0.5846
27-FEB-2026,ASAL,472.30,455.90,0.0353,0.0300,0.0301,0.5751
27-FEB-2026,ASALCBR,808.05,800.75,0.0091,0.0294,0.0293,0.5598
27-FEB-2026,ASHAPURMIN,528.50,542.55,-0.0262,0.0364,0.0364,0.6954
27-FEB-2026,ASHIANA,324.30,325.55,-0.0038,0.0230,0.0230,0.4394
27-FEB-2026,ASHIMASYN,14.11,14.81,-0.0484,0.0342,0.0343,0.6553
27-FEB-2026,ASHOKA,130.00,138.70,-0.0648,0.0242,0.0246,0.4700
27-FEB-2026,ASHOKAMET,15.21,15.46,-0.0163,0.0267,0.0267,0.5101
27-FEB-2026,ASHOKLEY,211.10,211.90,-0.0038,0.0184,0.0183,0.3496
27-FEB-2026,ASIANENE,292.20,305.90,-0.0458,0.0318,0.0319,0.6094
27-FEB-2026,ASIANHOTNR,291.20,295.35,-0.0142,0.0286,0.0285,0.5445
27-FEB-2026,ASIANPAINT,2376.20,2394.90,-0.0078,0.0137,0.0137,0.2617
27-FEB-2026,ASIANTILES,71.26,73.01,-0.0243,0.0256,0.0256,0.4891
27-FEB-2026,ASKAUTOLTD,415.35,424.30,-0.0213,0.0206,0.0206,0.3936
27-FEB-2026,ASMS,10.23,10.44,-0.0203,0.0387,0.0386,0.7375
27-FEB-2026,ASPINWALL,215.57,216.04,-0.0022,0.0282,0.0282,0.5388
27-FEB-2026,ASTEC,623.70,627.85,-0.0066,0.0300,0.0299,0.5712
27-FEB-2026,ASTERDM,654.00,649.45,0.0070,0.0200,0.0199,0.3802
27-FEB-2026,ASTRAL,1667.90,1684.20,-0.0097,0.0175,0.0174,0.3324
27-FEB-2026,ASTRAMICRO,968.60,991.35,-0.0232,0.0250,0.0250,0.4776
27-FEB-2026,ASTRAZEN,8848.80,8849.05,-0.0000,0.0202,0.0202,0.3859
27-FEB-2026,ASTRON,4.06,4.03,0.0074,0.0306,0.0305,0.5827
27-FEB-2026,ATALREAL,25.40,25.46,-0.0024,0.0238,0.0237,0.4528
27-FEB-2026,ATAM,63.92,63.98,-0.0009,0.0278,0.0277,0.5292
27-FEB-2026,ATGL,512.00,516.10,-0.0080,0.0258,0.0257,0.4910
27-FEB-2026,ATHERENERG,710.90,700.30,0.0150,0.0243,0.0243,0.4643
27-FEB-2026,ATL,24.99,25.17,-0.0072,0.0272,0.0272,0.5197
27-FEB-2026,ATLANTAA,40.54,40.22,0.0079,0.0393,0.0392,0.7489
27-FEB-2026,ATLANTAELE,936.40,883.60,0.0580,0.0207,0.0210,0.4012
27-FEB-2026,ATLASCYCLE,91.22,87.63,0.0402,0.0368,0.0369,0.7050
27-FEB-2026,ATUL,6672.90,6528.70,0.0218,0.0172,0.0172,0.3286
27-FEB-2026,ATULAUTO,495.80,502.80,-0.0140,0.0279,0.0279,0.5330
27-FEB-2026,AUBANK,958.35,972.70,-0.0149,0.0183,0.0183,0.3496
27-FEB-2026,AURIGROW,0.26,0.27,-0.0377,0.0483,0.0482,0.9209
27-FEB-2026,AURIONPRO,888.75,864.65,0.0275,0.0294,0.0294,0.5617
27-FEB-2026,AUROPHARMA,1220.40,1220.70,-0.0002,0.0179,0.0179,0.3420
27-FEB-2026,AURUM,179.45,178.40,0.0059,0.0256,0.0255,0.4872
27-FEB-2026,AUSOMENT,97.40,97.40,0.0000,0.0359,0.0359,0.6859
27-FEB-2026,AUTOAXLES,2045.85,2030.00,0.0078,0.0184,0.0183,0.3496
27-FEB-2026,AUTOBEES,290.12,294.48,-0.0149,0.0104,0.0104,0.1987
27-FEB-2026,AUTOIETF,29.02,29.59,-0.0195,0.0105,0.0105,0.2006
27-FEB-2026,AUTOIND,75.60,75.88,-0.0037,0.0275,0.0274,0.5235
27-FEB-2026,AVADHSUGAR,372.80,333.20,0.1123,0.0228,0.0241,0.4604
27-FEB-2026,AVALON,1019.15,1024.50,-0.0052,0.0306,0.0305,0.5827
27-FEB-2026,AVANTEL,143.35,146.05,-0.0187,0.0304,0.0303,0.5789
27-FEB-2026,AVANTIFEED,1282.55,1335.55,-0.0405,0.0335,0.0336,0.6419
27-FEB-2026,AVG,147.35,147.55,-0.0014,0.0314,0.0313,0.5980
27-FEB-2026,AVL,483.45,490.30,-0.0141,0.0255,0.0255,0.4872
27-FEB-2026,AVONMORE,14.59,14.76,-0.0116,0.0298,0.0297,0.5674
27-FEB-2026,AVROIND,139.45,133.30,0.0451,0.0313,0.0314,0.5999
27-FEB-2026,AVTNPL,64.63,64.77,-0.0022,0.0193,0.0192,0.3668
27-FEB-2026,AWFIS,292.40,297.35,-0.0168,0.0250,0.0249,0.4757
27-FEB-2026,AWHCL,492.70,508.40,-0.0314,0.0303,0.0303,0.5789
27-FEB-2026,AWL,189.10,189.40,-0.0016,0.0198,0.0198,0.3783
27-FEB-2026,AXISBANK,1383.90,1395.45,-0.0083,0.0139,0.0138,0.2636
27-FEB-2026,AXISBNKETF,622.98,628.50,-0.0088,0.0077,0.0077,0.1471
27-FEB-2026,AXISBPSETF,13.21,13.18,0.0023,0.0022,0.0022,0.0420
27-FEB-2026,AXISCADES,1413.40,1470.90,-0.0399,0.0335,0.0335,0.6400
27-FEB-2026,AXISCETF,118.94,120.53,-0.0133,0.0088,0.0088,0.1681
27-FEB-2026,AXISGOLD,132.86,131.64,0.0092,0.0201,0.0201,0.3840
27-FEB-2026,AXISHCETF,151.22,153.12,-0.0125,0.0096,0.0096,0.1834
27-FEB-2026,AXISILVER,263.12,255.96,0.0276,0.0332,0.0332,0.6343
27-FEB-2026,AXISNIFTY,277.34,280.73,-0.0121,0.0070,0.0070,0.1337
27-FEB-2026,AXISTECETF,335.90,335.04,0.0026,0.0135,0.0134,0.2560
27-FEB-2026,AXISVALUE,34.49,34.70,-0.0061,0.0084,0.0084,0.1605
27-FEB-2026,AXITA,8.23,8.58,-0.0416,0.0223,0.0224,0.4280
27-FEB-2026,AXSENSEX,84.08,85.00,-0.0109,0.0077,0.0077,0.1471
27-FEB-2026,AYE,119.05,126.85,-0.0635,0.0067,0.0080,0.1528
27-FEB-2026,AYMSYNTEX,198.45,199.30,-0.0043,0.0293,0.0292,0.5579
27-FEB-2026,AZAD,1713.15,1731.30,-0.0105,0.0248,0.0248,0.4738
27-FEB-2026,BAFNAPH,106.15,105.35,0.0076,0.0312,0.0311,0.5942
27-FEB-2026,BAGFILMS,5.10,5.20,-0.0194,0.0281,0.0281,0.5368
27-FEB-2026,BAIDFIN,11.10,11.33,-0.0205,0.0292,0.0292,0.5579
27-FEB-2026,BAJAJ-AUTO,9972.40,10109.95,-0.0137,0.0143,0.0143,0.2732
27-FEB-2026,BAJAJCON,395.10,402.85,-0.0194,0.0275,0.0274,0.5235
27-FEB-2026,BAJAJELEC,364.80,372.60,-0.0212,0.0185,0.0185,0.3534
27-FEB-2026,BAJAJFINSV,1993.40,2041.30,-0.0237,0.0141,0.0142,0.2713
27-FEB-2026,BAJAJHCARE,329.65,331.80,-0.0065,0.0289,0.0288,0.5502
27-FEB-2026,BAJAJHFL,87.04,87.57,-0.0061,0.0144,0.0143,0.2732
27-FEB-2026,BAJAJHIND,16.16,15.54,0.0391,0.0262,0.0263,0.5025
27-FEB-2026,BAJAJHLDNG,10804.00,10951.15,-0.0135,0.0195,0.0195,0.3725
27-FEB-2026,BAJAJINDEF,248.75,249.10,-0.0014,0.0291,0.0290,0.5540
27-FEB-2026,BAJEL,161.55,160.45,0.0068,0.0264,0.0263,0.5025
27-FEB-2026,BAJFINANCE,995.90,1012.95,-0.0170,0.0164,0.0164,0.3133
27-FEB-2026,BALAJEE,27.43,28.88,-0.0515,0.0232,0.0234,0.4471
27-FEB-2026,BALAJITELE,108.13,108.67,-0.0050,0.0330,0.0329,0.6286
27-FEB-2026,BALAMINES,1087.65,1088.65,-0.0009,0.0258,0.0257,0.4910
27-FEB-2026,BALAXI,19.73,19.93,-0.0101,0.0291,0.0290,0.5540
27-FEB-2026,BALKRISHNA,16.78,16.31,0.0284,0.0254,0.0254,0.4853
27-FEB-2026,BALKRISIND,2384.05,2462.35,-0.0323,0.0177,0.0178,0.3401
27-FEB-2026,BALMLAWRIE,181.40,180.80,0.0033,0.0195,0.0194,0.3706
27-FEB-2026,BALPHARMA,75.27,76.21,-0.0124,0.0247,0.0246,0.4700
27-FEB-2026,BALRAMCHIN,470.60,461.30,0.0200,0.0205,0.0205,0.3917
27-FEB-2026,BALUFORGE,485.65,489.40,-0.0077,0.0341,0.0340,0.6496
27-FEB-2026,BANARBEADS,121.70,121.30,0.0033,0.0286,0.0285,0.5445
27-FEB-2026,BANARISUG,3605.40,3613.60,-0.0023,0.0155,0.0154,0.2942
27-FEB-2026,BANCOINDIA,622.90,631.25,-0.0133,0.0338,0.0337,0.6438
27-FEB-2026,BANDHANBNK,182.00,186.10,-0.0223,0.0213,0.0213,0.4069
27-FEB-2026,BANG,41.57,42.41,-0.0200,0.0283,0.0282,0.5388
27-FEB-2026,BANKA,57.64,58.25,-0.0105,0.0298,0.0298,0.5693
27-FEB-2026,BANKADD,61.86,62.37,-0.0082,0.0186,0.0185,0.3534
27-FEB-2026,BANKBARODA,321.95,324.45,-0.0077,0.0176,0.0176,0.3362
27-FEB-2026,BANKBEES,623.94,630.35,-0.0102,0.0077,0.0077,0.1471
27-FEB-2026,BANKBETA,62.43,62.93,-0.0080,0.0080,0.0080,0.1528
27-FEB-2026,BANKBETF,61.18,61.83,-0.0106,0.0088,0.0088,0.1681
27-FEB-2026,BANKETF,614.12,620.26,-0.0099,0.0076,0.0076,0.1452
27-FEB-2026,BANKIETF,61.89,62.50,-0.0098,0.0077,0.0078,0.1490
27-FEB-2026,BANKINDIA,176.05,177.20,-0.0065,0.0208,0.0208,0.3974
27-FEB-2026,BANKNIFTY1,62.61,63.11,-0.0080,0.0080,0.0080,0.1528
27-FEB-2026,BANKPSU,98.65,99.03,-0.0038,0.0126,0.0126,0.2407
27-FEB-2026,BANSALWIRE,262.55,265.20,-0.0100,0.0195,0.0195,0.3725
27-FEB-2026,BANSWRAS,114.80,112.75,0.0180,0.0243,0.0243,0.4643
27-FEB-2026,BASF,3452.25,3528.90,-0.0220,0.0204,0.0204,0.3897
27-FEB-2026,BASML,23.00,23.04,-0.0017,0.0292,0.0292,0.5579
27-FEB-2026,BATAINDIA,789.00,794.70,-0.0072,0.0152,0.0152,0.2904
27-FEB-2026,BAYERCROP,4672.45,4668.70,0.0008,0.0161,0.0161,0.3076
27-FEB-2026,BBETF0432,1321.07,1320.06,0.0008,0.0020,0.0020,0.0382
27-FEB-2026,BBL,2446.95,2429.70,0.0071,0.0276,0.0276,0.5273
27-FEB-2026,BBNPNBETF,60.61,61.61,-0.0164,0.0075,0.0076,0.1452
27-FEB-2026,BBNPPGOLD,153.40,152.30,0.0072,0.0196,0.0196,0.3745
27-FEB-2026,BBOX,533.50,544.85,-0.0211,0.0287,0.0286,0.5464
27-FEB-2026,BBTC,1694.25,1725.00,-0.0180,0.0225,0.0225,0.4299
27-FEB-2026,BBTCL,176.50,178.00,-0.0085,0.0236,0.0236,0.4509
27-FEB-2026,BCG,10.71,10.97,-0.0240,0.0474,0.0473,0.9037
27-FEB-2026,BCLIND,28.64,28.20,0.0155,0.0244,0.0244,0.4662
27-FEB-2026,BCONCEPTS,252.20,256.05,-0.0152,0.0338,0.0337,0.6438
27-FEB-2026,BDL,1265.20,1273.35,-0.0064,0.0267,0.0267,0.5101
27-FEB-2026,BEARDSELL,25.40,26.84,-0.0551,0.0313,0.0315,0.6018
27-FEB-2026,BECTORFOOD,208.65,211.95,-0.0157,0.0232,0.0232,0.4432
27-FEB-2026,BEDMUTHA,134.35,135.90,-0.0115,0.0268,0.0267,0.5101
27-FEB-2026,BEL,444.70,449.05,-0.0097,0.0192,0.0192,0.3668
27-FEB-2026,BELLACASA,278.35,275.30,0.0110,0.0313,0.0312,0.5961
27-FEB-2026,BELRISE,187.75,185.40,0.0126,0.0191,0.0191,0.3649
27-FEB-2026,BEML,1681.00,1708.95,-0.0165,0.0285,0.0285,0.5445
27-FEB-2026,BEPL,81.39,80.91,0.0059,0.0205,0.0204,0.3897
27-FEB-2026,BERGEPAINT,456.10,459.25,-0.0069,0.0149,0.0148,0.2828
27-FEB-2026,BESTAGRO,16.14,16.93,-0.0478,0.0339,0.0340,0.6496
27-FEB-2026,BETA,1051.60,1046.20,0.0051,0.0180,0.0180,0.3439
27-FEB-2026,BFINVEST,401.35,407.85,-0.0161,0.0221,0.0220,0.4203
27-FEB-2026,BFSI,28.81,29.27,-0.0158,0.0085,0.0086,0.1643
27-FEB-2026,BFUTILITIE,505.55,495.15,0.0208,0.0289,0.0288,0.5502
27-FEB-2026,BGRENERGY,324.85,326.30,-0.0045,0.0351,0.0350,0.6687
27-FEB-2026,BHAGCHEM,202.50,204.95,-0.0120,0.0249,0.0249,0.4757
27-FEB-2026,BHAGERIA,154.20,153.80,0.0026,0.0281,0.0280,0.5349
27-FEB-2026,BHAGYANGR,149.90,151.10,-0.0080,0.0334,0.0333,0.6362
27-FEB-2026,BHANDARI,2.81,2.97,-0.0554,0.0258,0.0261,0.4986
27-FEB-2026,BHARATCOAL,32.74,33.42,-0.0206,0.0108,0.0108,0.2063
27-FEB-2026,BHARATFORG,1911.20,1912.00,-0.0004,0.0194,0.0193,0.3687
27-FEB-2026,BHARATGEAR,106.80,108.75,-0.0181,0.0298,0.0297,0.5674
27-FEB-2026,BHARATRAS,1510.30,1544.90,-0.0227,0.0292,0.0292,0.5579
27-FEB-2026,BHARATSE,190.05,194.25,-0.0219,0.0367,0.0366,0.6992
27-FEB-2026,BHARATWIRE,178.30,177.65,0.0037,0.0319,0.0318,0.6075
27-FEB-2026,BHARTIARTL,1879.30,1929.55,-0.0264,0.0124,0.0125,0.2388
27-FEB-2026,BHARTIHEXA,1606.80,1658.55,-0.0317,0.0205,0.0206,0.3936
27-FEB-2026,BHEL,264.95,264.85,0.0004,0.0238,0.0238,0.4547
27-FEB-2026,BIGBLOC,53.63,50.63,0.0576,0.0321,0.0323,0.6171
27-FEB-2026,BIKAJI,638.15,631.10,0.0111,0.0184,0.0184,0.3515
27-FEB-2026,BIL,757.50,818.45,-0.0774,0.0306,0.0310,0.5923
27-FEB-2026,BILVYAPAR,6.78,6.59,0.0284,0.0326,0.0325,0.6209
27-FEB-2026,BIOCON,389.80,394.85,-0.0129,0.0186,0.0186,0.3554
27-FEB-2026,BIOFILCHEM,32.01,31.44,0.0180,0.0333,0.0332,0.6343
27-FEB-2026,BIRET,369.00,359.68,0.0256,0.0112,0.0113,0.2159
27-FEB-2026,BIRLACABLE,147.15,138.10,0.0635,0.0282,0.0285,0.5445
27-FEB-2026,BIRLACORPN,1000.60,989.00,0.0117,0.0200,0.0200,0.3821
27-FEB-2026,BIRLAMONEY,130.35,132.10,-0.0133,0.0262,0.0261,0.4986
27-FEB-2026,BIRLANU,1507.55,1513.05,-0.0036,0.0198,0.0198,0.3783
27-FEB-2026,BIUL,52.35,52.35,0.0000,0.0408,0.0407,0.7776
27-FEB-2026,BLACKBUCK,582.70,580.80,0.0033,0.0274,0.0273,0.5216
27-FEB-2026,BLAL,187.70,185.90,0.0096,0.0196,0.0196,0.3745
27-FEB-2026,BLBLIMITED,17.74,17.47,0.0153,0.0329,0.0328,0.6266
27-FEB-2026,BLISSGVS,212.05,217.35,-0.0247,0.0358,0.0358,0.6840
27-FEB-2026,BLKASHYAP,51.82,48.38,0.0687,0.0287,0.0290,0.5540
27-FEB-2026,BLS,278.70,279.20,-0.0018,0.0280,0.0280,0.5349
27-FEB-2026,BLSE,146.95,155.85,-0.0588,0.0273,0.0275,0.5254
27-FEB-2026,BLUECOAST,21.33,22.32,-0.0454,0.0580,0.0580,1.1081
27-FEB-2026,BLUEDART,5682.55,5612.05,0.0125,0.0191,0.0191,0.3649
27-FEB-2026,BLUEJET,405.30,398.05,0.0180,0.0301,0.0301,0.5751
27-FEB-2026,BLUESTARCO,1941.20,1964.90,-0.0121,0.0200,0.0200,0.3821
27-FEB-2026,BLUESTONE,437.45,432.45,0.0115,0.0223,0.0222,0.4241
27-FEB-2026,BLUSPRING,50.85,52.91,-0.0397,0.0207,0.0208,0.3974
27-FEB-2026,BMWVENTLTD,61.91,61.68,0.0037,0.0159,0.0158,0.3019
27-FEB-2026,BODALCHEM,46.87,46.28,0.0127,0.0228,0.0228,0.4356
27-FEB-2026,BOHRAIND,19.39,19.67,-0.0143,0.0297,0.0297,0.5674
27-FEB-2026,BOMDYEING,113.25,114.65,-0.0123,0.0260,0.0259,0.4948
27-FEB-2026,BONLON,43.15,43.92,-0.0177,0.0065,0.0066,0.1261
27-FEB-2026,BORANA,390.70,402.30,-0.0293,0.0189,0.0190,0.3630
27-FEB-2026,BOROLTD,237.30,236.20,0.0046,0.0212,0.0211,0.4031
27-FEB-2026,BORORENEW,455.90,465.25,-0.0203,0.0260,0.0260,0.4967
27-FEB-2026,BOROSCI,103.65,105.65,-0.0191,0.0263,0.0263,0.5025
27-FEB-2026,BOSCH-HCIL,1408.55,1424.70,-0.0114,0.0212,0.0211,0.4031
27-FEB-2026,BOSCHLTD,36425.05,36739.30,-0.0086,0.0153,0.0152,0.2904
27-FEB-2026,BPCL,385.40,386.00,-0.0016,0.0169,0.0168,0.3210
27-FEB-2026,BPL,55.25,55.70,-0.0081,0.0312,0.0311,0.5942
27-FEB-2026,BRIGADE,694.00,716.15,-0.0314,0.0210,0.0211,0.4031
27-FEB-2026,BRIGHOTEL,60.76,61.82,-0.0173,0.0113,0.0113,0.2159
27-FEB-2026,BRITANNIA,6002.45,6137.00,-0.0222,0.0125,0.0125,0.2388
27-FEB-2026,BRNL,19.44,19.35,0.0046,0.0299,0.0299,0.5712
27-FEB-2026,BROOKS,67.25,68.01,-0.0112,0.0335,0.0335,0.6400
27-FEB-2026,BSE,2707.10,2800.90,-0.0341,0.0310,0.0310,0.5923
27-FEB-2026,BSE500IETF,39.18,39.51,-0.0084,0.0079,0.0079,0.1509
27-FEB-2026,BSHSL,89.78,88.75,0.0115,0.0241,0.0240,0.4585
27-FEB-2026,BSL,130.15,130.70,-0.0042,0.0296,0.0296,0.5655
27-FEB-2026,BSLGOLDETF,139.78,138.61,0.0084,0.0176,0.0176,0.3362
27-FEB-2026,BSLNIFTY,29.38,29.70,-0.0108,0.0069,0.0069,0.1318
27-FEB-2026,BSLSENETFG,81.56,82.29,-0.0089,0.0074,0.0074,0.1414
27-FEB-2026,BSOFT,390.10,383.75,0.0164,0.0231,0.0230,0.4394
27-FEB-2026,BTML,7.22,7.51,-0.0394,0.0317,0.0318,0.6075
27-FEB-2026,BUILDPRO,969.15,1004.95,-0.0363,0.0207,0.0208,0.3974
27-FEB-2026,BUTTERFLY,601.60,601.30,0.0005,0.0217,0.0217,0.4146
27-FEB-2026,BVCL,42.21,42.06,0.0036,0.0338,0.0337,0.6438
27-FEB-2026,BYKE,41.93,43.50,-0.0368,0.0289,0.0289,0.5521
27-FEB-2026,CALSOFT,12.57,12.75,-0.0142,0.0313,0.0312,0.5961
27-FEB-2026,CAMLINFINE,147.90,139.35,0.0595,0.0356,0.0357,0.6820
27-FEB-2026,CAMPUS,259.55,260.65,-0.0042,0.0186,0.0186,0.3554
27-FEB-2026,CAMS,677.60,708.60,-0.0447,0.0203,0.0205,0.3917
27-FEB-2026,CANBK,157.35,158.90,-0.0098,0.0186,0.0186,0.3554
27-FEB-2026,CANFINHOME,843.55,887.00,-0.0502,0.0173,0.0177,0.3382
27-FEB-2026,CANHLIFE,143.15,146.75,-0.0248,0.0127,0.0128,0.2445
27-FEB-2026,CANTABIL,266.35,268.30,-0.0073,0.0244,0.0243,0.4643
27-FEB-2026,CAPACITE,242.85,248.05,-0.0212,0.0256,0.0255,0.4872
27-FEB-2026,CAPFIN,10.00,10.00,0.0000,0.0000,0.0000,0.0000
27-FEB-2026,CAPILLARY,514.00,511.90,0.0041,0.0185,0.0185,0.3534
27-FEB-2026,CAPINVIT,70.00,69.49,0.0073,0.0073,0.0073,0.1395
27-FEB-2026,CAPITALSFB,262.10,258.65,0.0133,0.0150,0.0150,0.2866
27-FEB-2026,CAPLIPOINT,1700.05,1728.40,-0.0165,0.0233,0.0233,0.4451
27-FEB-2026,CAPTRUST,12.96,13.28,-0.0244,0.0366,0.0365,0.6973
27-FEB-2026,CARBORUNIV,823.25,837.50,-0.0172,0.0199,0.0199,0.3802
27-FEB-2026,CARERATING,1612.10,1619.20,-0.0044,0.0214,0.0213,0.4069
27-FEB-2026,CARRARO,521.05,529.10,-0.0153,0.0274,0.0273,0.5216
27-FEB-2026,CARTRADE,1801.00,1866.20,-0.0356,0.0346,0.0346,0.6610
27-FEB-2026,CARYSIL,895.65,911.05,-0.0170,0.0297,0.0297,0.5674
27-FEB-2026,CASHIETF,1051.58,1051.17,0.0004,0.0002,0.0002,0.0038
27-FEB-2026,CASTLE,25.35,25.35,0.0000,0.0000,0.0000,0.0000
27-FEB-2026,CASTROLIND,186.90,187.65,-0.0040,0.0175,0.0175,0.3343
27-FEB-2026,CCAVENUE,16.58,16.81,-0.0138,0.0258,0.0257,0.4910
27-FEB-2026,CCCL,15.99,15.83,0.0101,0.0667,0.0665,1.2705
27-FEB-2026,CCHHL,13.47,13.38,0.0067,0.0271,0.0270,0.5158
27-FEB-2026,CCL,1014.75,1033.75,-0.0186,0.0228,0.0227,0.4337
27-FEB-2026,CDSL,1272.20,1295.80,-0.0184,0.0228,0.0228,0.4356
27-FEB-2026,CEATLTD,3531.40,3702.90,-0.0474,0.0220,0.0222,0.4241
27-FEB-2026,CEIGALL,283.95,286.90,-0.0103,0.0175,0.0175,0.3343
27-FEB-2026,CEINSYS,971.55,987.90,-0.0167,0.0357,0.0357,0.6820
27-FEB-2026,CELEBRITY,8.02,8.17,-0.0185,0.0322,0.0321,0.6133
27-FEB-2026,CELLO,416.10,418.45,-0.0056,0.0174,0.0174,0.3324
27-FEB-2026,CEMPRO,576.10,590.60,-0.0249,0.0276,0.0276,0.5273
27-FEB-2026,CENTENKA,433.35,435.65,-0.0053,0.0221,0.0220,0.4203
27-FEB-2026,CENTEXT,19.77,20.06,-0.0146,0.0337,0.0336,0.6419
27-FEB-2026,CENTRALBK,40.07,40.44,-0.0092,0.0216,0.0216,0.4127
27-FEB-2026,CENTRUM,24.80,24.07,0.0299,0.0284,0.0285,0.5445
27-FEB-2026,CENTUM,2660.75,2679.30,-0.0069,0.0339,0.0338,0.6457
27-FEB-2026,CENTURYPLY,735.05,763.40,-0.0378,0.0190,0.0192,0.3668
27-FEB-2026,CERA,4886.50,4944.20,-0.0117,0.0174,0.0174,0.3324
27-FEB-2026,CEREBRAINT,4.69,4.91,-0.0458,0.0304,0.0305,0.5827
27-FEB-2026,CESC,158.15,159.75,-0.0101,0.0201,0.0201,0.3840
27-FEB-2026,CEWATER,299.50,310.05,-0.0346,0.0276,0.0277,0.5292
27-FEB-2026,CGCL,159.85,168.00,-0.0497,0.0247,0.0249,0.4757
27-FEB-2026,CGPOWER,725.20,726.75,-0.0021,0.0217,0.0216,0.4127
27-FEB-2026,CHALET,807.95,825.00,-0.0209,0.0190,0.0190,0.3630
27-FEB-2026,CHAMBLFERT,461.25,458.80,0.0053,0.0205,0.0204,0.3897
27-FEB-2026,CHEMBOND,147.05,145.20,0.0127,0.0263,0.0262,0.5006
27-FEB-2026,CHEMBONDCH,147.05,147.45,-0.0027,0.0237,0.0236,0.4509
27-FEB-2026,CHEMCON,164.45,162.65,0.0110,0.0255,0.0254,0.4853
27-FEB-2026,CHEMFAB,379.65,393.65,-0.0362,0.0273,0.0274,0.5235
27-FEB-2026,CHEMICAL,27.94,28.17,-0.0082,0.0060,0.0061,0.1165
27-FEB-2026,CHEMPLASTS,245.80,255.45,-0.0385,0.0266,0.0267,0.5101
27-FEB-2026,CHENNPETRO,962.00,916.45,0.0485,0.0296,0.0297,0.5674
27-FEB-2026,CHEVIOT,1044.00,1043.90,0.0001,0.0153,0.0153,0.2923
27-FEB-2026,CHOICEGOLD,157.31,156.50,0.0052,0.0121,0.0121,0.2312
27-FEB-2026,CHOICEIN,736.85,745.85,-0.0121,0.0179,0.0179,0.3420
27-FEB-2026,CHOLAFIN,1730.80,1748.10,-0.0099,0.0193,0.0193,0.3687
27-FEB-2026,CHOLAHLDNG,1634.10,1685.30,-0.0309,0.0226,0.0227,0.4337
27-FEB-2026,CIEINDIA,471.65,491.85,-0.0419,0.0173,0.0176,0.3362
27-FEB-2026,CIFL,30.66,31.13,-0.0152,0.0272,0.0272,0.5197
27-FEB-2026,CIGNITITEC,1175.30,1186.95,-0.0099,0.0226,0.0226,0.4318
27-FEB-2026,CINELINE,88.02,87.54,0.0055,0.0270,0.0269,0.5139
27-FEB-2026,CINEVISTA,15.55,15.42,0.0084,0.0335,0.0334,0.6381
27-FEB-2026,CIPLA,1348.20,1358.10,-0.0073,0.0131,0.0131,0.2503
27-FEB-2026,CITYGOLD,10.00,10.00,0.0000,0.0000,0.0000,0.0000
27-FEB-2026,CLEAN,735.15,722.15,0.0178,0.0189,0.0189,0.3611
27-FEB-2026,CLEDUCATE,39.43,40.29,-0.0216,0.0350,0.0349,0.6668
27-FEB-2026,CLSEL,269.55,276.20,-0.0244,0.0251,0.0251,0.4795
27-FEB-2026,CMSINFO,303.60,301.30,0.0076,0.0185,0.0185,0.3534
27-FEB-2026,CNL,665.60,645.05,0.0314,0.0239,0.0240,0.4585
27-FEB-2026,COALINDIA,430.65,433.50,-0.0066,0.0155,0.0154,0.2942
27-FEB-2026,COASTCORP,45.58,46.47,-0.0193,0.0332,0.0331,0.6324
27-FEB-2026,COCHINSHIP,1491.80,1500.80,-0.0060,0.0273,0.0273,0.5216
27-FEB-2026,COFFEEDAY,30.23,30.53,-0.0099,0.0343,0.0342,0.6534
27-FEB-2026,COFORGE,1185.80,1200.40,-0.0122,0.0223,0.0223,0.4260
27-FEB-2026,COHANCE,309.95,308.35,0.0052,0.0245,0.0244,0.4662
27-FEB-2026,COLPAL,2254.50,2295.30,-0.0179,0.0138,0.0138,0.2636
27-FEB-2026,COMMOIETF,101.24,102.32,-0.0106,0.0102,0.0102,0.1949
27-FEB-2026,COMPINFO,1.39,1.37,0.0145,0.0317,0.0316,0.6037
27-FEB-2026,COMPUSOFT,14.23,14.42,-0.0133,0.0279,0.0278,0.5311
27-FEB-2026,COMSYN,154.85,159.30,-0.0283,0.0283,0.0283,0.5407
27-FEB-2026,CONCOR,495.65,499.85,-0.0084,0.0168,0.0168,0.3210
27-FEB-2026,CONCORDBIO,1220.65,1251.30,-0.0248,0.0272,0.0272,0.5197
27-FEB-2026,CONFIPET,31.74,31.84,-0.0031,0.0247,0.0247,0.4719
27-FEB-2026,CONS,11.89,11.99,-0.0084,0.0095,0.0095,0.1815
27-FEB-2026,CONSOFINVT,234.71,240.13,-0.0228,0.0268,0.0268,0.5120
27-FEB-2026,CONSUMBEES,128.61,130.29,-0.0130,0.0076,0.0076,0.1452
27-FEB-2026,CONSUMER,11.17,11.32,-0.0133,0.0086,0.0087,0.1662
27-FEB-2026,CONSUMIETF,119.35,120.73,-0.0115,0.0078,0.0078,0.1490
27-FEB-2026,CONTROLPR,659.15,656.25,0.0044,0.0217,0.0216,0.4127
27-FEB-2026,CORALFINAC,33.82,34.84,-0.0297,0.0275,0.0275,0.5254
27-FEB-2026,CORDSCABLE,171.90,168.75,0.0185,0.0286,0.0285,0.5445
27-FEB-2026,COROMANDEL,2220.00,2330.60,-0.0486,0.0193,0.0195,0.3725
27-FEB-2026,CORONA,1586.95,1612.25,-0.0158,0.0101,0.0102,0.1949
27-FEB-2026,COSMOFIRST,711.35,711.35,0.0000,0.0306,0.0305,0.5827
27-FEB-2026,COUNCODOS,5.54,5.13,0.0769,0.0334,0.0338,0.6457
27-FEB-2026,CPCAP,91.02,90.99,0.0003,0.0249,0.0248,0.4738
27-FEB-2026,CPEDU,202.35,202.20,0.0007,0.0208,0.0208,0.3974
27-FEB-2026,CPPLUS,1688.95,1610.05,0.0478,0.0192,0.0194,0.3706
27-FEB-2026,CPSEETF,102.86,103.27,-0.0040,0.0122,0.0122,0.2331
27-FEB-2026,CRAFTSMAN,7526.00,7754.35,-0.0299,0.0228,0.0228,0.4356
27-FEB-2026,CRAMC,251.70,252.05,-0.0014,0.0162,0.0161,0.3076
27-FEB-2026,CREATIVEYE,6.45,6.70,-0.0380,0.0369,0.0369,0.7050
27-FEB-2026,CRED,12.00,12.00,0.0000,0.0039,0.0039,0.0745
27-FEB-2026,CREDITACC,1265.20,1338.80,-0.0565,0.0264,0.0267,0.5101
27-FEB-2026,CREST,346.05,360.45,-0.0408,0.0248,0.0249,0.4757
27-FEB-2026,CRISIL,4376.40,4486.90,-0.0249,0.0192,0.0193,0.3687
27-FEB-2026,CRIZAC,231.55,230.30,0.0054,0.0202,0.0202,0.3859
27-FEB-2026,CROMPTON,257.85,262.50,-0.0179,0.0168,0.0168,0.3210
27-FEB-2026,CROWN,120.44,120.49,-0.0004,0.0332,0.0331,0.6324
27-FEB-2026,CSBBANK,397.40,403.00,-0.0140,0.0258,0.0257,0.4910
27-FEB-2026,CSLFINANCE,263.85,271.95,-0.0302,0.0274,0.0274,0.5235
27-FEB-2026,CTE,28.24,27.89,0.0125,0.0336,0.0335,0.6400
27-FEB-2026,CUB,283.05,290.60,-0.0263,0.0214,0.0215,0.4108
27-FEB-2026,CUBEINVIT,140.00,140.00,0.0000,0.0111,0.0111,0.2121
27-FEB-2026,CUBEXTUB,106.15,106.10,0.0005,0.0352,0.0351,0.6706
27-FEB-2026,CUMMINSIND,4898.30,4962.80,-0.0131,0.0177,0.0177,0.3382
27-FEB-2026,CUPID,406.60,413.85,-0.0177,0.0342,0.0341,0.6515
27-FEB-2026,CURAA,88.95,85.90,0.0349,0.0427,0.0426,0.8139
27-FEB-2026,CYBERMEDIA,14.74,14.68,0.0041,0.0324,0.0324,0.6190
27-FEB-2026,CYBERTECH,113.55,116.15,-0.0226,0.0318,0.0317,0.6056
27-FEB-2026,CYIENT,914.75,921.90,-0.0078,0.0215,0.0215,0.4108
27-FEB-2026,CYIENTDLM,312.60,312.55,0.0002,0.0227,0.0227,0.4337
27-FEB-2026,DABUR,518.50,524.45,-0.0114,0.0125,0.0125,0.2388
27-FEB-2026,DALBHARAT,1993.00,2061.10,-0.0336,0.0154,0.0156,0.2980
27-FEB-2026,DALMIARF,172.75,172.75,0.0000,0.0021,0.0021,0.0401
27-FEB-2026,DALMIASUG,302.05,298.25,0.0127,0.0234,0.0234,0.4471
27-FEB-2026,DAMCAPITAL,150.25,152.15,-0.0126,0.0249,0.0249,0.4757
27-FEB-2026,DAMODARIND,25.56,25.19,0.0146,0.0247,0.0246,0.4700
27-FEB-2026,DANGEE,2.98,3.06,-0.0265,0.0323,0.0323,0.6171
27-FEB-2026,DATAMATICS,769.95,775.40,-0.0071,0.0307,0.0306,0.5846
27-FEB-2026,DATAPATTNS,3210.10,3243.65,-0.0104,0.0318,0.0317,0.6056
27-FEB-2026,DAVANGERE,4.07,4.08,-0.0025,0.0330,0.0329,0.6286
27-FEB-2026,DBCORP,224.65,226.60,-0.0086,0.0224,0.0224,0.4280
27-FEB-2026,DBEIL,76.13,79.14,-0.0388,0.0233,0.0234,0.4471
27-FEB-2026,DBL,416.00,431.45,-0.0365,0.0247,0.0248,0.4738
27-FEB-2026,DBOL,102.55,101.45,0.0108,0.0284,0.0283,0.5407
27-FEB-2026,DBREALTY,113.80,111.75,0.0182,0.0320,0.0319,0.6094
27-FEB-2026,DBSTOCKBRO,25.95,26.22,-0.0104,0.0211,0.0211,0.4031
27-FEB-2026,DCAL,175.05,184.90,-0.0547,0.0334,0.0335,0.6400
27-FEB-2026,DCBBANK,185.55,187.90,-0.0126,0.0226,0.0225,0.4299
27-FEB-2026,DCI,250.40,254.75,-0.0172,0.0310,0.0309,0.5903
27-FEB-2026,DCM,78.37,78.84,-0.0060,0.0245,0.0245,0.4681
27-FEB-2026,DCMFINSERV,4.38,4.43,-0.0114,0.0302,0.0301,0.5751
27-FEB-2026,DCMNVL,127.90,134.05,-0.0470,0.0265,0.0267,0.5101
27-FEB-2026,DCMSHRIRAM,1037.20,1063.70,-0.0252,0.0223,0.0223,0.4260
27-FEB-2026,DCMSIL,63.64,60.64,0.0483,0.0096,0.0102,0.1949
27-FEB-2026,DCMSRIND,36.30,35.45,0.0237,0.0240,0.0240,0.4585
27-FEB-2026,DCW,47.48,48.52,-0.0217,0.0296,0.0296,0.5655
27-FEB-2026,DCXINDIA,177.25,184.85,-0.0420,0.0304,0.0305,0.5827
27-FEB-2026,DDEVPLSTIK,271.00,275.55,-0.0167,0.0290,0.0290,0.5540
27-FEB-2026,DECCANCE,738.30,754.70,-0.0220,0.0267,0.0267,0.5101
27-FEB-2026,DEEDEV,294.40,303.90,-0.0318,0.0302,0.0302,0.5770
27-FEB-2026,DEEPAKFERT,995.95,989.40,0.0066,0.0262,0.0261,0.4986
27-FEB-2026,DEEPAKNTR,1580.70,1593.85,-0.0083,0.0179,0.0179,0.3420
27-FEB-2026,DEEPINDS,347.10,355.30,-0.0233,0.0280,0.0280,0.5349
27-FEB-2026,DEFENCE,67.51,68.36,-0.0125,0.0019,0.0021,0.0401
27-FEB-2026,DELHISAFE,48.80,48.80,0.0000,0.0000,0.0000,0.0000
27-FEB-2026,DELHIVERY,433.40,442.35,-0.0204,0.0203,0.0203,0.3878
27-FEB-2026,DELPHIFX,13.30,13.35,-0.0038,0.0336,0.0335,0.6400
27-FEB-2026,DELTACORP,61.27,62.31,-0.0168,0.0223,0.0223,0.4260
27-FEB-2026,DELTAMAGNT,60.97,61.88,-0.0148,0.0322,0.0322,0.6152
27-FEB-2026,DEN,28.09,27.78,0.0111,0.0206,0.0205,0.3917
27-FEB-2026,DENIMDL,1.10,1.10,0.0000,0.0000,0.0000,0.0000
27-FEB-2026,DENORA,703.35,672.25,0.0452,0.0289,0.0290,0.5540
27-FEB-2026,DENTA,250.30,255.55,-0.0208,0.0282,0.0282,0.5388
27-FEB-2026,DEVIT,23.21,23.28,-0.0030,0.0307,0.0306,0.5846
27-FEB-2026,DEVRUPTRAD,10.00,10.00,0.0000,0.0000,0.0000,0.0000
27-FEB-2026,DEVX,43.10,45.25,-0.0487,0.0191,0.0194,0.3706
27-FEB-2026,DEVYANI,127.45,128.90,-0.0113,0.0220,0.0220,0.4203
27-FEB-2026,DEWANHOUS,16.70,16.70,0.0000,0.0033,0.0033,0.0630
27-FEB-2026,DGCONTENT,27.68,28.09,-0.0147,0.0330,0.0329,0.6286
27-FEB-2026,DHAMPURSUG,126.65,119.85,0.0552,0.0216,0.0219,0.4184
27-FEB-2026,DHANBANK,23.86,23.97,-0.0046,0.0217,0.0217,0.4146
27-FEB-2026,DHANUKA,1015.30,1057.40,-0.0406,0.0228,0.0229,0.4375
27-FEB-2026,DHARAN,0.18,0.16,0.1178,0.0402,0.0410,0.7833
27-FEB-2026,DHARMAJ,236.75,236.35,0.0017,0.0273,0.0272,0.5197
27-FEB-2026,DHRUV,27.71,27.24,0.0171,0.0311,0.0311,0.5942
27-FEB-2026,DHUNINV,978.40,977.35,0.0011,0.0271,0.0270,0.5158
27-FEB-2026,DIACABS,136.95,140.35,-0.0245,0.0275,0.0275,0.5254
27-FEB-2026,DIAMINESQ,240.70,237.15,0.0149,0.0259,0.0258,0.4929
27-FEB-2026,DIAMONDYD,1075.10,1070.20,0.0046,0.0210,0.0209,0.3993
27-FEB-2026,DICIND,526.15,533.55,-0.0140,0.0203,0.0203,0.3878
27-FEB-2026,DIFFNKG,264.05,265.75,-0.0064,0.0285,0.0284,0.5426
27-FEB-2026,DIGIDRIVE,21.20,22.06,-0.0398,0.0250,0.0251,0.4795
27-FEB-2026,DIGISPICE,18.99,19.57,-0.0301,0.0320,0.0320,0.6114
27-FEB-2026,DIGITIDE,98.15,97.60,0.0056,0.0221,0.0220,0.4203
27-FEB-2026,DIGJAMLMTD,47.47,47.07,0.0085,0.0262,0.0261,0.4986
27-FEB-2026,DISHTV,2.89,2.90,-0.0035,0.0264,0.0263,0.5025
27-FEB-2026,DIVGIITTS,722.25,756.55,-0.0464,0.0223,0.0225,0.4299
27-FEB-2026,DIVIDEND,36.80,36.92,-0.0033,0.0051,0.0051,0.0974
27-FEB-2026,DIVISLAB,6408.50,6473.90,-0.0102,0.0160,0.0159,0.3038
27-FEB-2026,DIVOPPBEES,82.98,83.38,-0.0048,0.0079,0.0079,0.1509
27-FEB-2026,DIXON,10528.55,10116.15,0.0400,0.0236,0.0237,0.4528
27-FEB-2026,DJML,90.51,89.95,0.0062,0.0313,0.0312,0.5961
27-FEB-2026,DLF,603.85,610.80,-0.0114,0.0186,0.0185,0.3534
27-FEB-2026,DLINKINDIA,422.50,410.15,0.0297,0.0255,0.0256,0.4891
27-FEB-2026,DMART,3847.55,3865.60,-0.0047,0.0158,0.0157,0.2999
27-FEB-2026,DMCC,223.40,221.75,0.0074,0.0267,0.0266,0.5082
27-FEB-2026,DNAMEDIA,3.43,3.45,-0.0058,0.0357,0.0356,0.6801
27-FEB-2026,DODLA,1167.15,1156.50,0.0092,0.0193,0.0193,0.3687
27-FEB-2026,DOLATALGO,75.03,75.91,-0.0117,0.0287,0.0286,0.5464
27-FEB-2026,DOLLAR,293.35,288.80,0.0156,0.0198,0.0198,0.3783
27-FEB-2026,DOLPHIN,415.35,407.25,0.0197,0.0602,0.0601,1.1482
27-FEB-2026,DOMS,2332.05,2347.45,-0.0066,0.0206,0.0206,0.3936
27-FEB-2026,DONEAR,87.03,89.33,-0.0261,0.0274,0.0274,0.5235
27-FEB-2026,DPABHUSHAN,1186.25,1212.80,-0.0221,0.0224,0.0224,0.4280
27-FEB-2026,DPSCLTD,9.36,9.27,0.0097,0.0234,0.0234,0.4471
27-FEB-2026,DPWIRES,150.65,153.00,-0.0155,0.0273,0.0272,0.5197
27-FEB-2026,DRCSYSTEMS,15.25,15.20,0.0033,0.0330,0.0329,0.6286
27-FEB-2026,DREAMFOLKS,81.66,82.19,-0.0065,0.0280,0.0280,0.5349
27-FEB-2026,DREDGECORP,951.15,968.00,-0.0176,0.0367,0.0366,0.6992
27-FEB-2026,DRREDDY,1286.30,1319.30,-0.0253,0.0130,0.0131,0.2503
27-FEB-2026,DSFCL,31.93,33.59,-0.0507,0.0099,0.0105,0.2006
27-FEB-2026,DSSL,930.60,947.60,-0.0181,0.0298,0.0298,0.5693
27-FEB-2026,DTIL,139.65,140.95,-0.0093,0.0259,0.0258,0.4929
27-FEB-2026,DUCON,3.30,3.22,0.0245,0.0328,0.0328,0.6266
27-FEB-2026,DVL,246.05,248.20,-0.0087,0.0267,0.0266,0.5082
27-FEB-2026,DWARKESH,37.30,36.48,0.0222,0.0238,0.0238,0.4547
27-FEB-2026,DYCL,292.55,286.45,0.0211,0.0326,0.0325,0.6209
27-FEB-2026,DYNAMATECH,10030.15,10123.85,-0.0093,0.0267,0.0266,0.5082
27-FEB-2026,DYNPRO,232.05,231.75,0.0013,0.0295,0.0294,0.5617
27-FEB-2026,E2E,2571.80,2601.60,-0.0115,0.0354,0.0353,0.6744
27-FEB-2026,EASEMYTRIP,8.62,8.68,-0.0069,0.0312,0.0311,0.5942
27-FEB-2026,EBANKNIFTY,60.85,61.33,-0.0079,0.0075,0.0075,0.1433
27-FEB-2026,EBBETF0430,1571.43,1571.30,0.0001,0.0017,0.0017,0.0325
27-FEB-2026,EBBETF0431,1401.27,1400.12,0.0008,0.0022,0.0022,0.0420
27-FEB-2026,EBBETF0433,1278.46,1277.93,0.0004,0.0023,0.0023,0.0439
27-FEB-2026,EBGNG,385.70,375.15,0.0277,0.0207,0.0208,0.3974
27-FEB-2026,EBSL,10.00,10.00,0.0000,0.0000,0.0000,0.0000
27-FEB-2026,ECAPINSURE,24.06,24.54,-0.0198,0.0110,0.0111,0.2121
27-FEB-2026,ECLERX,3172.45,3302.15,-0.0401,0.0259,0.0260,0.4967
27-FEB-2026,ECOSMOBLTY,152.60,151.85,0.0049,0.0305,0.0305,0.5827
27-FEB-2026,EDELWEISS,114.40,118.20,-0.0327,0.0287,0.0288,0.5502
27-FEB-2026,EFCIL,223.70,225.35,-0.0073,0.0316,0.0315,0.6018
27-FEB-2026,EGOLD,158.70,157.00,0.0108,0.0174,0.0173,0.3305
27-FEB-2026,EICHERMOT,8010.55,8190.10,-0.0222,0.0146,0.0146,0.2789
27-FEB-2026,EIDPARRY,865.20,876.80,-0.0133,0.0195,0.0195,0.3725
27-FEB-2026,EIEL,158.05,160.05,-0.0126,0.0256,0.0256,0.4891
27-FEB-2026,EIFFL,233.10,243.50,-0.0436,0.0276,0.0277,0.5292
27-FEB-2026,EIFL,10.00,10.00,0.0000,0.0000,0.0000,0.0000
27-FEB-2026,EIHAHOTELS,329.60,333.95,-0.0131,0.0204,0.0203,0.3878
27-FEB-2026,EIHOTEL,313.55,321.35,-0.0246,0.0202,0.0202,0.3859
27-FEB-2026,EIMCOELECO,1578.30,1610.55,-0.0202,0.0346,0.0345,0.6591
27-FEB-2026,EKC,112.15,113.60,-0.0128,0.0285,0.0285,0.5445
27-FEB-2026,ELDEHSG,895.40,894.35,0.0012,0.0298,0.0297,0.5674
27-FEB-2026,ELECON,415.85,423.55,-0.0183,0.0301,0.0301,0.5751
27-FEB-2026,ELECTCAST,69.12,69.80,-0.0098,0.0270,0.0269,0.5139
27-FEB-2026,ELECTHERM,717.45,723.00,-0.0077,0.0298,0.0298,0.5693
27-FEB-2026,ELGIEQUIP,534.75,541.25,-0.0121,0.0245,0.0244,0.4662
27-FEB-2026,ELGIRUBCO,40.01,40.37,-0.0090,0.0337,0.0336,0.6419
27-FEB-2026,ELIN,128.70,131.40,-0.0208,0.0284,0.0284,0.5426
27-FEB-2026,ELIQUID,1020.48,1020.09,0.0004,0.0002,0.0002,0.0038
27-FEB-2026,ELLEN,229.25,235.00,-0.0248,0.0190,0.0190,0.3630
27-FEB-2026,ELM250,16.46,16.66,-0.0121,0.0054,0.0055,0.1051
27-FEB-2026,EMAMILTD,462.60,474.85,-0.0261,0.0182,0.0183,0.3496
27-FEB-2026,EMAMIPAP,84.62,86.01,-0.0163,0.0229,0.0229,0.4375
27-FEB-2026,EMAMIREAL,66.01,66.50,-0.0074,0.0301,0.0300,0.5731
27-FEB-2026,EMBASSY,425.03,427.45,-0.0057,0.0118,0.0118,0.2254
27-FEB-2026,EMBDL,60.41,59.23,0.0197,0.0302,0.0302,0.5770
27-FEB-2026,EMCURE,1455.50,1454.45,0.0007,0.0201,0.0201,0.3840
27-FEB-2026,EMIL,100.48,100.25,0.0023,0.0276,0.0275,0.5254
27-FEB-2026,EMKAY,234.65,243.70,-0.0378,0.0344,0.0345,0.6591
27-FEB-2026,EMMBI,89.86,90.45,-0.0065,0.0260,0.0259,0.4948
27-FEB-2026,EMMVEE,195.20,192.55,0.0137,0.0196,0.0195,0.3725
27-FEB-2026,EMSLIMITED,288.75,294.30,-0.0190,0.0272,0.0272,0.5197
27-FEB-2026,EMUDHRA,428.10,438.70,-0.0245,0.0229,0.0229,0.4375
27-FEB-2026,EMULTIMQ,40.67,41.22,-0.0134,0.0089,0.0089,0.1700
27-FEB-2026,ENDURANCE,2661.60,2645.20,0.0062,0.0202,0.0201,0.3840
27-FEB-2026,ENERGY,37.23,37.36,-0.0035,0.0070,0.0070,0.1337
27-FEB-2026,ENERGYDEV,16.61,16.28,0.0201,0.0339,0.0338,0.6457
27-FEB-2026,ENGINERSIN,221.75,224.65,-0.0130,0.0271,0.0270,0.5158
27-FEB-2026,ENIFTY,25.28,25.56,-0.0110,0.0038,0.0039,0.0745
27-FEB-2026,ENIL,105.90,105.65,0.0024,0.0237,0.0236,0.4509
27-FEB-2026,ENRIN,2930.90,2920.35,0.0036,0.0161,0.0161,0.3076
27-FEB-2026,ENTERO,1032.20,1061.60,-0.0281,0.0236,0.0236,0.4509
27-FEB-2026,EPACK,248.00,251.20,-0.0128,0.0287,0.0286,0.5464
27-FEB-2026,EPACKPEB,179.20,180.15,-0.0053,0.0255,0.0254,0.4853
27-FEB-2026,EPIGRAL,891.80,926.30,-0.0380,0.0268,0.0269,0.5139
27-FEB-2026,EPL,217.05,217.45,-0.0018,0.0204,0.0203,0.3878
27-FEB-2026,EQUAL200,13.37,13.53,-0.0119,0.0083,0.0083,0.1586
27-FEB-2026,EQUAL50,333.79,338.14,-0.0129,0.0053,0.0054,0.1032
27-FEB-2026,EQUAL50ADD,343.98,348.51,-0.0131,0.0082,0.0083,0.1586
27-FEB-2026,EQUIPPP,17.97,18.20,-0.0127,0.0269,0.0269,0.5139
27-FEB-2026,EQUITASBNK,64.37,66.03,-0.0255,0.0198,0.0198,0.3783
27-FEB-2026,ERIS,1358.40,1361.10,-0.0020,0.0199,0.0198,0.3783
27-FEB-2026,ESABINDIA,5505.70,5592.40,-0.0156,0.0175,0.0175,0.3343
27-FEB-2026,ESAFSFB,26.99,27.12,-0.0048,0.0203,0.0203,0.3878
27-FEB-2026,ESCORTS,3518.55,3599.40,-0.0227,0.0182,0.0182,0.3477
27-FEB-2026,ESENSEX,81.58,82.44,-0.0105,0.0036,0.0036,0.0688
27-FEB-2026,ESG,42.43,42.95,-0.0122,0.0077,0.0078,0.1490
27-FEB-2026,ESILVER,264.68,256.57,0.0311,0.0329,0.0329,0.6286
27-FEB-2026,ESSARSHPNG,25.79,25.91,-0.0046,0.0365,0.0364,0.6954
27-FEB-2026,ESSENTIA,1.31,1.29,0.0154,0.0297,0.0296,0.5655
27-FEB-2026,ESTER,105.72,103.92,0.0172,0.0288,0.0288,0.5502
27-FEB-2026,ETERNAL,246.30,246.50,-0.0008,0.0236,0.0235,0.4490
27-FEB-2026,ETHOSLTD,2432.80,2416.10,0.0069,0.0220,0.0219,0.4184
27-FEB-2026,EUREKAFORB,475.80,485.45,-0.0201,0.0204,0.0204,0.3897
27-FEB-2026,EUROBOND,165.10,168.00,-0.0174,0.0154,0.0155,0.2961
27-FEB-2026,EUROPRATIK,250.15,257.45,-0.0288,0.0235,0.0236,0.4509
27-FEB-2026,EUROTEXIND,12.91,12.30,0.0484,0.0552,0.0552,1.0546
27-FEB-2026,EVEREADY,331.20,326.30,0.0149,0.0219,0.0219,0.4184
27-FEB-2026,EVERESTIND,388.65,385.55,0.0080,0.0246,0.0246,0.4700
27-FEB-2026,EVIETF,30.96,31.21,-0.0080,0.0078,0.0078,0.1490
27-FEB-2026,EVINDIA,30.97,31.24,-0.0087,0.0093,0.0093,0.1777
27-FEB-2026,EXCEL,1.06,1.11,-0.0461,0.0366,0.0367,0.7012
27-FEB-2026,EXCELINDUS,952.75,977.50,-0.0256,0.0240,0.0240,0.4585
27-FEB-2026,EXCELSOFT,84.93,87.31,-0.0276,0.0205,0.0205,0.3917
27-FEB-2026,EXICOM,92.89,93.66,-0.0083,0.0296,0.0295,0.5636
27-FEB-2026,EXIDEIND,334.30,339.80,-0.0163,0.0166,0.0166,0.3171
27-FEB-2026,EXPLEOSOL,753.60,767.70,-0.0185,0.0222,0.0222,0.4241
27-FEB-2026,EXXARO,8.22,7.83,0.0486,0.0305,0.0306,0.5846
27-FEB-2026,FABTECH,150.05,153.55,-0.0231,0.0197,0.0197,0.3764
27-FEB-2026,FACT,743.20,738.30,0.0066,0.0272,0.0271,0.5177
27-FEB-2026,FAIRCHEMOR,593.90,586.70,0.0122,0.0270,0.0270,0.5158
27-FEB-2026,FAZE3Q,458.00,467.25,-0.0200,0.0412,0.0412,0.7871
27-FEB-2026,FCL,23.61,23.76,-0.0063,0.0286,0.0285,0.5445
27-FEB-2026,FCSSOFT,1.58,1.58,0.0000,0.0285,0.0284,0.5426
27-FEB-2026,FDC,356.65,363.25,-0.0183,0.0175,0.0175,0.3343
27-FEB-2026,FEDERALBNK,299.85,299.50,0.0012,0.0156,0.0155,0.2961
27-FEB-2026,FEDFINA,130.85,135.05,-0.0316,0.0234,0.0235,0.4490
27-FEB-2026,FEL,0.43,0.43,0.0000,0.0303,0.0302,0.5770
27-FEB-2026,FELDVR,3.09,3.06,0.0098,0.0373,0.0372,0.7107
27-FEB-2026,FFL,40.00,40.00,0.0000,0.0000,0.0000,0.0000
27-FEB-2026,FIBERWEB,42.03,42.00,0.0007,0.0305,0.0304,0.5808
27-FEB-2026,FIEMIND,2176.50,2210.55,-0.0155,0.0230,0.0230,0.4394
27-FEB-2026,FILATEX,43.37,43.54,-0.0039,0.0262,0.0261,0.4986
27-FEB-2026,FILATFASH,0.22,0.21,0.0465,0.0364,0.0365,0.6973
27-FEB-2026,FINCABLES,913.70,873.25,0.0453,0.0213,0.0215,0.4108
27-FEB-2026,FINEORG,4710.40,4709.25,0.0002,0.0188,0.0188,0.3592
27-FEB-2026,FINIETF,32.06,32.63,-0.0176,0.0111,0.0111,0.2121
27-FEB-2026,FINKURVE,77.93,77.48,0.0058,0.0311,0.0310,0.5923
27-FEB-2026,FINOPB,192.20,208.25,-0.0802,0.0296,0.0301,0.5751
27-FEB-2026,FINPIPE,185.25,185.10,0.0008,0.0197,0.0196,0.3745
27-FEB-2026,FIRL,10.00,10.00,0.0000,0.0000,0.0000,0.0000
27-FEB-2026,FIRSTCRY,217.35,220.45,-0.0142,0.0273,0.0272,0.5197
27-FEB-2026,FISCHER,38.26,38.42,-0.0042,0.0334,0.0333,0.6362
27-FEB-2026,FIVESTAR,417.15,423.60,-0.0153,0.0239,0.0239,0.4566
27-FEB-2026,FLAIR,308.15,311.65,-0.0113,0.0219,0.0219,0.4184
27-FEB-2026,FLEXIADD,9.87,9.93,-0.0061,0.0050,0.0051,0.0974
27-FEB-2026,FLEXITUFF,8.74,9.69,-0.1032,0.0347,0.0354,0.6763
27-FEB-2026,FLFL,1.20,1.18,0.0168,0.0320,0.0319,0.6094
27-FEB-2026,FLUOROCHEM,3483.30,3448.55,0.0100,0.0198,0.0198,0.3783
27-FEB-2026,FMCGIETF,54.79,55.54,-0.0136,0.0080,0.0080,0.1528
27-FEB-2026,FMGOETZE,407.20,411.55,-0.0106,0.0237,0.0236,0.4509
27-FEB-2026,FMNL,8.29,7.94,0.0431,0.0304,0.0304,0.5808
27-FEB-2026,FOCUS,65.32,65.35,-0.0005,0.0310,0.0309,0.5903
27-FEB-2026,FOODSIN,58.30,59.36,-0.0180,0.0290,0.0289,0.5521
27-FEB-2026,FORCEMOT,24340.40,25456.25,-0.0448,0.0323,0.0324,0.6190
27-FEB-2026,FORTIS,942.65,963.65,-0.0220,0.0181,0.0181,0.3458
27-FEB-2026,FOSECOIND,5324.95,4730.35,0.1184,0.0240,0.0253,0.4834
27-FEB-2026,FRACTAL,778.40,811.70,-0.0419,0.0053,0.0060,0.1146
27-FEB-2026,FRICKINDIA,10.00,10.00,0.0000,0.0000,0.0000,0.0000
27-FEB-2026,FSL,213.15,219.65,-0.0300,0.0246,0.0246,0.4700
27-FEB-2026,FUSION,188.25,204.05,-0.0806,0.0271,0.0276,0.5273
27-FEB-2026,GABRIEL,998.75,1010.70,-0.0119,0.0321,0.0320,0.6114
27-FEB-2026,GAEL,140.95,144.50,-0.0249,0.0228,0.0228,0.4356
27-FEB-2026,GAIL,169.55,169.95,-0.0024,0.0171,0.0171,0.3267
27-FEB-2026,GALAPREC,750.35,766.75,-0.0216,0.0271,0.0271,0.5177
27-FEB-2026,GALAXYSURF,1962.70,1970.25,-0.0038,0.0171,0.0171,0.3267
27-FEB-2026,GALLANTT,576.40,583.85,-0.0128,0.0315,0.0315,0.6018
27-FEB-2026,GANDHAR,140.45,139.75,0.0050,0.0220,0.0219,0.4184
27-FEB-2026,GANDHITUBE,873.20,891.65,-0.0209,0.0261,0.0260,0.4967
27-FEB-2026,GANECOS,773.10,783.00,-0.0127,0.0277,0.0276,0.5273
27-FEB-2026,GANESHBE,82.34,83.72,-0.0166,0.0255,0.0254,0.4853
27-FEB-2026,GANESHCP,176.05,173.00,0.0175,0.0172,0.0172,0.3286
27-FEB-2026,GANESHHOU,671.75,672.90,-0.0017,0.0248,0.0248,0.4738
27-FEB-2026,GANGAFORGE,3.01,2.99,0.0067,0.0317,0.0316,0.6037
27-FEB-2026,GANGESSECU,123.70,129.95,-0.0493,0.0247,0.0249,0.4757
27-FEB-2026,GARFIBRES,642.40,639.10,0.0052,0.0241,0.0241,0.4604
27-FEB-2026,GARUDA,177.65,179.10,-0.0081,0.0349,0.0349,0.6668
27-FEB-2026,GATECH,0.49,0.49,0.0000,0.0409,0.0408,0.7795
27-FEB-2026,GATECHDVR,0.47,0.47,0.0000,0.0297,0.0296,0.5655
27-FEB-2026,GATEWAY,58.84,58.49,0.0060,0.0184,0.0184,0.3515
27-FEB-2026,GAUDIUMIVF,80.28,83.00,-0.0333,0.0000,0.0024,0.0459
27-FEB-2026,GAYAHWS,2.31,2.25,0.0263,0.0375,0.0374,0.7145
27-FEB-2026,GCSL,354.00,354.00,0.0000,0.0406,0.0405,0.7738
27-FEB-2026,GDHL,10.00,10.00,0.0000,0.0000,0.0000,0.0000
27-FEB-2026,GEECEE,287.95,291.30,-0.0116,0.0225,0.0225,0.4299
27-FEB-2026,GEEKAYWIRE,24.95,25.36,-0.0163,0.0269,0.0268,0.5120
27-FEB-2026,GEMAROMA,198.15,198.45,-0.0015,0.0241,0.0241,0.4604
27-FEB-2026,GENCON,45.59,47.34,-0.0377,0.0379,0.0379,0.7241
27-FEB-2026,GENESYS,300.65,310.80,-0.0332,0.0359,0.0359,0.6859
27-FEB-2026,GENUSPAPER,12.84,12.93,-0.0070,0.0244,0.0243,0.4643
27-FEB-2026,GENUSPOWER,262.30,262.70,-0.0015,0.0267,0.0267,0.5101
27-FEB-2026,GEOJITFSL,63.16,63.70,-0.0085,0.0267,0.0266,0.5082
27-FEB-2026,GESHIP,1338.90,1346.45,-0.0056,0.0195,0.0195,0.3725
27-FEB-2026,GFLLIMITED,45.73,45.89,-0.0035,0.0254,0.0253,0.4834
27-FEB-2026,GHCL,479.20,493.65,-0.0297,0.0196,0.0197,0.3764
27-FEB-2026,GHCLTEXTIL,76.40,76.76,-0.0047,0.0232,0.0232,0.4432
27-FEB-2026,GICHSGFIN,154.30,152.50,0.0117,0.0179,0.0178,0.3401
27-FEB-2026,GICL,48.40,49.50,-0.0225,0.0026,0.0031,0.0592
27-FEB-2026,GICRE,383.05,388.90,-0.0152,0.0209,0.0209,0.3993
27-FEB-2026,GILLANDERS,92.49,93.69,-0.0129,0.0272,0.0271,0.5177
27-FEB-2026,GILLETTE,8341.90,8371.00,-0.0035,0.0184,0.0183,0.3496
27-FEB-2026,GILT10BETA,26.23,26.04,0.0073,0.0082,0.0082,0.1567
27-FEB-2026,GILT5BETA,65.05,64.30,0.0116,0.0083,0.0083,0.1586
27-FEB-2026,GILT5YBEES,64.38,64.38,0.0000,0.0018,0.0018,0.0344
27-FEB-2026,GINNIFILA,38.99,38.87,0.0031,0.0337,0.0336,0.6419
27-FEB-2026,GIPCL,141.20,144.30,-0.0217,0.0244,0.0243,0.4643
27-FEB-2026,GKENERGY,111.35,113.65,-0.0204,0.0230,0.0230,0.4394
27-FEB-2026,GKSL,113.75,111.15,0.0231,0.0115,0.0116,0.2216
27-FEB-2026,GKWLIMITED,1657.40,1646.50,0.0066,0.0253,0.0252,0.4814
27-FEB-2026,GLAND,1822.20,1861.35,-0.0213,0.0179,0.0179,0.3420
27-FEB-2026,GLAXO,2571.60,2626.00,-0.0209,0.0206,0.0206,0.3936
27-FEB-2026,GLENMARK,2136.70,2124.60,0.0057,0.0181,0.0181,0.3458
27-FEB-2026,GLFL,5.57,5.86,-0.0508,0.0719,0.0718,1.3717
27-FEB-2026,GLOBAL,100.52,105.07,-0.0443,0.0303,0.0303,0.5789
27-FEB-2026,GLOBALE,11.37,11.65,-0.0243,0.0255,0.0255,0.4872
27-FEB-2026,GLOBALVECT,163.20,165.15,-0.0119,0.0314,0.0314,0.5999
27-FEB-2026,GLOBE,2.66,2.67,-0.0038,0.0315,0.0314,0.5999
27-FEB-2026,GLOBECIVIL,50.50,51.23,-0.0144,0.0216,0.0216,0.4127
27-FEB-2026,GLOBUSSPR,894.75,897.85,-0.0035,0.0255,0.0254,0.4853
27-FEB-2026,GLOSTERLTD,562.30,572.20,-0.0175,0.0186,0.0186,0.3554
27-FEB-2026,GLOTTIS,48.17,48.44,-0.0056,0.0151,0.0150,0.2866
27-FEB-2026,GMBREW,995.50,1007.30,-0.0118,0.0294,0.0294,0.5617
27-FEB-2026,GMDCLTD,569.40,576.75,-0.0128,0.0324,0.0323,0.6171
27-FEB-2026,GMMPFAUDLR,933.10,964.30,-0.0329,0.0180,0.0181,0.3458
27-FEB-2026,GMRAIRPORT,100.63,102.26,-0.0161,0.0193,0.0193,0.3687
27-FEB-2026,GMRP&UI,120.30,121.75,-0.0120,0.0287,0.0286,0.5464
27-FEB-2026,GNA,419.00,421.70,-0.0064,0.0246,0.0246,0.4700
27-FEB-2026,GNFC,454.90,457.25,-0.0052,0.0174,0.0174,0.3324
27-FEB-2026,GOACARBON,362.85,365.85,-0.0082,0.0236,0.0236,0.4509
27-FEB-2026,GOCLCORP,262.85,258.45,0.0169,0.0255,0.0255,0.4872
27-FEB-2026,GOCOLORS,309.60,324.05,-0.0456,0.0206,0.0208,0.3974
27-FEB-2026,GODAVARIB,294.60,283.55,0.0382,0.0299,0.0299,0.5712
27-FEB-2026,GODFRYPHLP,2115.45,2089.10,0.0125,0.0380,0.0380,0.7260
27-FEB-2026,GODIGIT,335.75,343.50,-0.0228,0.0174,0.0174,0.3324
27-FEB-2026,GODREJAGRO,640.25,618.70,0.0342,0.0203,0.0204,0.3897
27-FEB-2026,GODREJCP,1217.50,1239.20,-0.0177,0.0145,0.0146,0.2789
27-FEB-2026,GODREJIND,992.95,1030.05,-0.0367,0.0216,0.0217,0.4146
27-FEB-2026,GODREJPROP,1731.00,1797.75,-0.0378,0.0232,0.0233,0.4451
27-FEB-2026,GOKEX,639.70,679.90,-0.0609,0.0362,0.0364,0.6954
27-FEB-2026,GOKUL,40.38,41.42,-0.0254,0.0266,0.0266,0.5082
27-FEB-2026,GOKULAGRO,169.60,170.75,-0.0068,0.0285,0.0284,0.5426
27-FEB-2026,GOLD1,132.79,131.48,0.0099,0.0174,0.0173,0.3305
27-FEB-2026,GOLD360,154.54,153.22,0.0086,0.0191,0.0191,0.3649
27-FEB-2026,GOLDADD,154.51,153.27,0.0081,0.0183,0.0182,0.3477
27-FEB-2026,GOLDBEES,131.60,130.48,0.0085,0.0178,0.0177,0.3382
27-FEB-2026,GOLDBETA,133.80,132.85,0.0071,0.0170,0.0170,0.3248
27-FEB-2026,GOLDBND,159.67,158.11,0.0098,0.0134,0.0134,0.2560
27-FEB-2026,GOLDCASE,25.04,24.84,0.0080,0.0174,0.0173,0.3305
27-FEB-2026,GOLDEDGE,10.50,10.50,0.0000,0.0000,0.0000,0.0000
27-FEB-2026,GOLDENTOBC,29.84,29.00,0.0286,0.0230,0.0230,0.4394
27-FEB-2026,GOLDETF,154.34,153.35,0.0064,0.0167,0.0167,0.3191
27-FEB-2026,GOLDIAM,351.65,353.00,-0.0038,0.0360,0.0359,0.6859
27-FEB-2026,GOLDIETF,136.29,135.01,0.0094,0.0178,0.0178,0.3401
27-FEB-2026,GOLDTECH,39.80,39.40,0.0101,0.0337,0.0336,0.6419
27-FEB-2026,GOODLUCK,1176.75,1195.20,-0.0156,0.0305,0.0304,0.5808
27-FEB-2026,GOPAL,298.50,300.80,-0.0077,0.0211,0.0211,0.4031
27-FEB-2026,GOYALALUM,6.86,6.85,0.0015,0.0282,0.0281,0.5368
27-FEB-2026,GPIL,266.00,272.25,-0.0232,0.0248,0.0248,0.4738
27-FEB-2026,GPPL,176.85,178.90,-0.0115,0.0209,0.0209,0.3993
27-FEB-2026,GPTHEALTH,126.25,127.25,-0.0079,0.0187,0.0186,0.3554
27-FEB-2026,GPTINFRA,124.00,124.05,-0.0004,0.0286,0.0286,0.5464
27-FEB-2026,GRACIOUS,13.50,13.50,0.0000,0.0000,0.0000,0.0000
27-FEB-2026,GRANULES,582.25,590.90,-0.0147,0.0212,0.0212,0.4050
27-FEB-2026,GRAPHITE,718.10,730.10,-0.0166,0.0262,0.0262,0.5006
27-FEB-2026,GRASIM,2799.80,2863.45,-0.0225,0.0132,0.0132,0.2522
27-FEB-2026,GRAVITA,1613.05,1627.35,-0.0088,0.0272,0.0272,0.5197
27-FEB-2026,GREAVESCOT,152.95,157.50,-0.0293,0.0272,0.0272,0.5197
27-FEB-2026,GREENLAM,239.00,240.90,-0.0079,0.0239,0.0239,0.4566
27-FEB-2026,GREENPANEL,205.75,208.00,-0.0109,0.0238,0.0237,0.4528
27-FEB-2026,GREENPLY,220.80,223.55,-0.0124,0.0242,0.0241,0.4604
27-FEB-2026,GREENPOWER,9.87,9.86,0.0010,0.0251,0.0250,0.4776
27-FEB-2026,GRINDWELL,1662.30,1664.80,-0.0015,0.0197,0.0197,0.3764
27-FEB-2026,GRINFRA,950.70,984.35,-0.0348,0.0180,0.0182,0.3477
27-FEB-2026,GRMOVER,160.70,161.00,-0.0019,0.0253,0.0253,0.4834
27-FEB-2026,GROBTEA,947.50,947.50,0.0000,0.0288,0.0287,0.5483
27-FEB-2026,GROWW,163.50,164.95,-0.0088,0.0228,0.0228,0.4356
27-FEB-2026,GROWWCAPM,9.73,9.92,-0.0193,0.0091,0.0092,0.1758
27-FEB-2026,GROWWCHEM,27.84,28.05,-0.0075,0.0049,0.0049,0.0936
27-FEB-2026,GROWWDEFNC,81.07,81.88,-0.0099,0.0155,0.0155,0.2961
27-FEB-2026,GROWWEV,30.88,31.10,-0.0071,0.0095,0.0095,0.1815
27-FEB-2026,GROWWGOLD,15.58,15.39,0.0123,0.0176,0.0175,0.3343
27-FEB-2026,GROWWLIQID,108.04,108.00,0.0004,0.0002,0.0002,0.0038
27-FEB-2026,GROWWLOVOL,10.71,10.84,-0.0121,0.0055,0.0056,0.1070
27-FEB-2026,GROWWMC150,219.35,220.29,-0.0043,0.0054,0.0054,0.1032
27-FEB-2026,GROWWMETAL,11.67,11.77,-0.0085,0.0082,0.0082,0.1567
27-FEB-2026,GROWWMOM50,10.51,10.65,-0.0132,0.0070,0.0071,0.1356
27-FEB-2026,GROWWN200,11.45,11.55,-0.0087,0.0080,0.0080,0.1528
27-FEB-2026,GROWWNET,8.80,8.94,-0.0158,0.0089,0.0090,0.1719
27-FEB-2026,GROWWNIFTY,10.14,10.21,-0.0069,0.0040,0.0040,0.0764
27-FEB-2026,GROWWNXT50,70.18,70.85,-0.0095,0.0057,0.0057,0.1089
27-FEB-2026,GROWWPOWER,10.53,10.59,-0.0057,0.0090,0.0090,0.1719
27-FEB-2026,GROWWPSE,103.00,105.37,-0.0227,0.0020,0.0026,0.0497
27-FEB-2026,GROWWRAIL,32.46,32.79,-0.0101,0.0122,0.0121,0.2312
27-FEB-2026,GROWWRLTY,8.76,8.98,-0.0248,0.0086,0.0088,0.1681
27-FEB-2026,GROWWSC250,9.20,9.23,-0.0033,0.0056,0.0056,0.1070
27-FEB-2026,GROWWSLVR,25.88,25.20,0.0266,0.0354,0.0354,0.6763
27-FEB-2026,GRPLTD,1813.90,1697.10,0.0666,0.0297,0.0299,0.5712
27-FEB-2026,GRSE,2433.95,2469.55,-0.0145,0.0332,0.0332,0.6343
27-FEB-2026,GRWRHITECH,4213.95,4106.60,0.0258,0.0382,0.0382,0.7298
27-FEB-2026,GSEC10ABSL,111.02,111.15,-0.0012,0.0037,0.0037,0.0707
27-FEB-2026,GSEC10IETF,260.20,260.20,0.0000,0.0039,0.0039,0.0745
27-FEB-2026,GSEC10YEAR,29.73,29.95,-0.0074,0.0073,0.0073,0.1395
27-FEB-2026,GSEC5IETF,64.97,64.90,0.0011,0.0047,0.0047,0.0898
27-FEB-2026,GSFC,168.85,171.35,-0.0147,0.0203,0.0203,0.3878
27-FEB-2026,GSLSU,82.80,85.67,-0.0341,0.0332,0.0332,0.6343
27-FEB-2026,GSPL,304.75,305.30,-0.0018,0.0171,0.0171,0.3267
27-FEB-2026,GSS,13.49,13.86,-0.0271,0.0291,0.0291,0.5560
27-FEB-2026,GTECJAINX,19.24,19.17,0.0036,0.0378,0.0377,0.7203
27-FEB-2026,GTL,7.02,7.04,-0.0028,0.0303,0.0302,0.5770
27-FEB-2026,GTLINFRA,1.10,1.08,0.0183,0.0314,0.0313,0.5980
27-FEB-2026,GTPL,58.46,56.60,0.0323,0.0256,0.0256,0.4891
27-FEB-2026,GUFICBIO,283.00,282.00,0.0035,0.0220,0.0219,0.4184
27-FEB-2026,GUJALKALI,478.00,477.70,0.0006,0.0191,0.0191,0.3649
27-FEB-2026,GUJAPOLLO,374.10,376.15,-0.0055,0.0294,0.0293,0.5598
27-FEB-2026,GUJGASLTD,407.40,410.45,-0.0075,0.0162,0.0162,0.3095
27-FEB-2026,GUJRAFFIA,37.91,39.04,-0.0294,0.0362,0.0362,0.6916
27-FEB-2026,GUJTHEM,308.35,313.20,-0.0156,0.0304,0.0304,0.5808
27-FEB-2026,GULFOILLUB,1104.30,1093.20,0.0101,0.0197,0.0196,0.3745
27-FEB-2026,GULFPETRO,32.09,32.18,-0.0028,0.0234,0.0233,0.4451
27-FEB-2026,GULPOLY,160.75,155.35,0.0342,0.0277,0.0277,0.5292
27-FEB-2026,GVKPIL,2.79,2.84,-0.0178,0.0210,0.0210,0.4012
27-FEB-2026,GVPIL,476.45,471.50,0.0104,0.0411,0.0410,0.7833
27-FEB-2026,GVPTECH,6.98,7.04,-0.0086,0.0292,0.0292,0.5579
27-FEB-2026,GVT&D,3850.20,3864.40,-0.0037,0.0274,0.0273,0.5216
27-FEB-2026,HAL,3913.20,4008.90,-0.0242,0.0200,0.0200,0.3821
27-FEB-2026,HALDER,250.25,255.00,-0.0188,0.0094,0.0095,0.1815
27-FEB-2026,HALEOSLABS,1260.30,1312.70,-0.0407,0.0324,0.0324,0.6190
27-FEB-2026,HAPPSTMNDS,359.80,362.40,-0.0072,0.0175,0.0174,0.3324
27-FEB-2026,HAPPYFORGE,1333.80,1344.40,-0.0079,0.0183,0.0183,0.3496
27-FEB-2026,HARDOLI,34.65,34.65,0.0000,0.0000,0.0000,0.0000
27-FEB-2026,HARDWYN,17.37,17.29,0.0046,0.0290,0.0289,0.5521
27-FEB-2026,HARIOMPIPE,368.20,371.05,-0.0077,0.0294,0.0293,0.5598
27-FEB-2026,HARRMALAYA,191.00,197.40,-0.0330,0.0238,0.0238,0.4547
27-FEB-2026,HARSHA,369.55,371.00,-0.0039,0.0204,0.0204,0.3897
27-FEB-2026,HATHWAY,10.72,10.74,-0.0019,0.0202,0.0202,0.3859
27-FEB-2026,HATSUN,889.80,889.95,-0.0002,0.0211,0.0210,0.4012
27-FEB-2026,HAVELLS,1397.10,1413.70,-0.0118,0.0144,0.0144,0.2751
27-FEB-2026,HAVISHA,1.53,1.61,-0.0510,0.0305,0.0306,0.5846
27-FEB-2026,HBLENGINE,684.75,700.15,-0.0222,0.0312,0.0312,0.5961
27-FEB-2026,HBSL,55.77,58.16,-0.0420,0.0336,0.0336,0.6419
27-FEB-2026,HCC,17.38,17.82,-0.0250,0.0319,0.0319,0.6094
27-FEB-2026,HCG,575.65,574.60,0.0018,0.0198,0.0198,0.3783
27-FEB-2026,HCL-INSYS,12.97,12.93,0.0031,0.0269,0.0268,0.5120
27-FEB-2026,HCLTECH,1389.10,1373.50,0.0113,0.0154,0.0154,0.2942
27-FEB-2026,HDBFS,705.25,713.55,-0.0117,0.0089,0.0089,0.1700
27-FEB-2026,HDFCAMC,2698.75,2753.85,-0.0202,0.0178,0.0178,0.3401
27-FEB-2026,HDFCBANK,887.75,898.60,-0.0121,0.0103,0.0103,0.1968
27-FEB-2026,HDFCBSE500,37.27,37.68,-0.0109,0.0102,0.0102,0.1949
27-FEB-2026,HDFCGOLD,136.03,134.86,0.0086,0.0177,0.0177,0.3382
27-FEB-2026,HDFCGROWTH,119.86,121.22,-0.0113,0.0081,0.0081,0.1548
27-FEB-2026,HDFCLIFE,715.30,734.00,-0.0258,0.0128,0.0129,0.2465
27-FEB-2026,HDFCLIQUID,1050.16,1049.79,0.0004,0.0005,0.0005,0.0096
27-FEB-2026,HDFCLOWVOL,20.99,21.22,-0.0109,0.0083,0.0083,0.1586
27-FEB-2026,HDFCMID150,22.13,22.31,-0.0081,0.0094,0.0094,0.1796
27-FEB-2026,HDFCMOMENT,31.66,32.11,-0.0141,0.0099,0.0099,0.1891
27-FEB-2026,HDFCNEXT50,71.11,71.69,-0.0081,0.0097,0.0097,0.1853
27-FEB-2026,HDFCNIF100,26.74,26.94,-0.0075,0.0084,0.0084,0.1605
27-FEB-2026,HDFCNIFBAN,62.09,62.71,-0.0099,0.0077,0.0077,0.1471
27-FEB-2026,HDFCNIFIT,32.51,32.43,0.0025,0.0136,0.0136,0.2598
27-FEB-2026,HDFCNIFTY,282.31,285.75,-0.0121,0.0070,0.0070,0.1337
27-FEB-2026,HDFCPSUBK,99.30,99.48,-0.0018,0.0133,0.0133,0.2541
27-FEB-2026,HDFCPVTBAN,29.11,29.50,-0.0133,0.0082,0.0082,0.1567
27-FEB-2026,HDFCQUAL,57.62,58.29,-0.0116,0.0084,0.0084,0.1605
27-FEB-2026,HDFCSENSEX,91.77,92.76,-0.0107,0.0069,0.0069,0.1318
27-FEB-2026,HDFCSILVER,253.29,246.03,0.0291,0.0349,0.0349,0.6668
27-FEB-2026,HDFCSML250,160.23,161.63,-0.0087,0.0106,0.0106,0.2025
27-FEB-2026,HDFCVALUE,136.20,137.19,-0.0072,0.0081,0.0081,0.1548
27-FEB-2026,HEADSUP,8.05,7.96,0.0112,0.0286,0.0285,0.5445
27-FEB-2026,HEALTHADD,150.14,152.34,-0.0145,0.0093,0.0093,0.1777
27-FEB-2026,HEALTHCARE,18.87,19.07,-0.0105,0.0073,0.0074,0.1414
27-FEB-2026,HEALTHIETF,152.50,154.72,-0.0145,0.0089,0.0089,0.1700
27-FEB-2026,HEALTHY,15.27,15.48,-0.0137,0.0087,0.0088,0.1681
27-FEB-2026,HECPROJECT,112.74,115.98,-0.0283,0.0327,0.0327,0.6247
27-FEB-2026,HEG,577.70,583.35,-0.0097,0.0266,0.0265,0.5063
27-FEB-2026,HEIDELBERG,163.75,162.90,0.0052,0.0146,0.0146,0.2789
27-FEB-2026,HEMIPROP,141.40,141.65,-0.0018,0.0276,0.0276,0.5273
27-FEB-2026,HERANBA,208.45,208.65,-0.0010,0.0262,0.0262,0.5006
27-FEB-2026,HERITGFOOD,318.35,325.80,-0.0231,0.0236,0.0236,0.4509
27-FEB-2026,HEROMOTOCO,5710.00,5787.00,-0.0134,0.0158,0.0158,0.3019
27-FEB-2026,HESTERBIO,1561.75,1568.75,-0.0045,0.0236,0.0236,0.4509
27-FEB-2026,HEXATRADEX,160.05,159.05,0.0063,0.0208,0.0208,0.3974
27-FEB-2026,HEXT,473.50,472.70,0.0017,0.0219,0.0219,0.4184
27-FEB-2026,HFCL,68.51,69.59,-0.0156,0.0271,0.0270,0.5158
27-FEB-2026,HGINFRA,540.45,558.05,-0.0320,0.0241,0.0242,0.4623
27-FEB-2026,HGM,55.58,54.17,0.0257,0.0338,0.0338,0.6457
27-FEB-2026,HGS,375.75,386.85,-0.0291,0.0187,0.0188,0.3592
27-FEB-2026,HIKAL,196.65,201.50,-0.0244,0.0247,0.0247,0.4719
27-FEB-2026,HILINFRA,55.22,55.56,-0.0061,0.0168,0.0168,0.3210
27-FEB-2026,HILLRIDGE,10.00,10.00,0.0000,0.0000,0.0000,0.0000
27-FEB-2026,HILTON,17.87,17.56,0.0175,0.0344,0.0343,0.6553
27-FEB-2026,HIMATSEIDE,99.70,99.70,0.0000,0.0291,0.0290,0.5540
27-FEB-2026,HINDALCO,924.70,941.30,-0.0178,0.0183,0.0183,0.3496
27-FEB-2026,HINDCOMPOS,411.50,416.10,-0.0111,0.0230,0.0229,0.4375
27-FEB-2026,HINDCON,20.23,20.55,-0.0157,0.0273,0.0272,0.5197
27-FEB-2026,HINDCOPPER,566.35,583.75,-0.0303,0.0354,0.0353,0.6744
27-FEB-2026,HINDOILEXP,130.90,131.65,-0.0057,0.0232,0.0232,0.4432
27-FEB-2026,HINDPETRO,438.75,444.00,-0.0119,0.0202,0.0202,0.3859
27-FEB-2026,HINDUNILVR,2338.10,2383.30,-0.0191,0.0118,0.0118,0.2254
27-FEB-2026,HINDWAREAP,227.95,227.70,0.0011,0.0277,0.0277,0.5292
27-FEB-2026,HINDZINC,603.80,609.80,-0.0099,0.0261,0.0261,0.4986
27-FEB-2026,HIRECT,1418.30,1404.30,0.0099,0.0334,0.0333,0.6362
27-FEB-2026,HISARMETAL,168.85,169.85,-0.0059,0.0238,0.0238,0.4547
27-FEB-2026,HITECH,88.13,88.69,-0.0063,0.0261,0.0260,0.4967
27-FEB-2026,HITECHCORP,141.20,147.25,-0.0420,0.0263,0.0264,0.5044
27-FEB-2026,HITECHGEAR,642.60,638.60,0.0062,0.0247,0.0247,0.4719
27-FEB-2026,HLEGLAS,327.75,322.15,0.0172,0.0315,0.0315,0.6018
27-FEB-2026,HLVLTD,7.95,8.03,-0.0100,0.0258,0.0258,0.4929
27-FEB-2026,HMAAGRO,25.92,25.95,-0.0012,0.0217,0.0216,0.4127
27-FEB-2026,HMT,61.21,58.22,0.0501,0.0238,0.0240,0.4585
27-FEB-2026,HMVL,70.10,70.10,0.0000,0.0228,0.0228,0.4356
27-FEB-2026,HNDFDS,487.15,487.15,0.0000,0.0175,0.0174,0.3324
27-FEB-2026,HNGSNGBEES,527.77,532.84,-0.0096,0.0172,0.0172,0.3286
27-FEB-2026,HOMEFIRST,1082.60,1177.00,-0.0836,0.0251,0.0258,0.4929
27-FEB-2026,HONASA,303.00,307.40,-0.0144,0.0241,0.0241,0.4604
27-FEB-2026,HONAUT,30974.85,31264.90,-0.0093,0.0150,0.0150,0.2866
27-FEB-2026,HONDAPOWER,2126.05,2181.95,-0.0260,0.0220,0.0221,0.4222
27-FEB-2026,HOTAHOTI,9.90,9.90,0.0000,0.0000,0.0000,0.0000
27-FEB-2026,HPAL,36.67,36.55,0.0033,0.0222,0.0221,0.4222
27-FEB-2026,HPIL,125.80,126.70,-0.0071,0.0292,0.0292,0.5579
27-FEB-2026,HPL,340.00,348.90,-0.0258,0.0304,0.0304,0.5808
27-FEB-2026,HSCL,484.85,483.10,0.0036,0.0222,0.0222,0.4241
27-FEB-2026,HTMEDIA,21.82,22.01,-0.0087,0.0243,0.0243,0.4643
27-FEB-2026,HUBTOWN,214.60,211.85,0.0129,0.0333,0.0332,0.6343
27-FEB-2026,HUDCO,186.75,190.20,-0.0183,0.0255,0.0254,0.4853
27-FEB-2026,HUHTAMAKI,176.50,179.05,-0.0143,0.0224,0.0224,0.4280
27-FEB-2026,HYBRIDFIN,19.03,18.91,0.0063,0.0398,0.0397,0.7585
27-FEB-2026,HYUNDAI,2165.35,2194.20,-0.0132,0.0165,0.0165,0.3152
27-FEB-2026,IBULLSLTD,10.45,9.47,0.0985,0.0334,0.0340,0.6496
27-FEB-2026,ICDSLTD,41.93,41.47,0.0110,0.0349,0.0348,0.6649
27-FEB-2026,ICEMAKE,825.45,807.75,0.0217,0.0270,0.0270,0.5158
27-FEB-2026,ICICIAMC,3111.80,3113.20,-0.0004,0.0094,0.0094,0.1796
27-FEB-2026,ICICIB22,127.18,128.02,-0.0066,0.0100,0.0099,0.1891
27-FEB-2026,ICICIBANK,1378.90,1404.90,-0.0187,0.0109,0.0110,0.2102
27-FEB-2026,ICICIGI,1901.50,1946.50,-0.0234,0.0141,0.0141,0.2694
27-FEB-2026,ICICIPRULI,654.50,674.55,-0.0302,0.0137,0.0138,0.2636
27-FEB-2026,ICIL,265.65,271.55,-0.0220,0.0364,0.0364,0.6954
27-FEB-2026,ICRA,5530.60,5621.00,-0.0162,0.0148,0.0148,0.2828
27-FEB-2026,IDBI,116.01,113.70,0.0201,0.0251,0.0250,0.4776
27-FEB-2026,IDEA,10.59,10.85,-0.0243,0.0344,0.0343,0.6553
27-FEB-2026,IDEAFORGE,412.95,424.55,-0.0277,0.0303,0.0303,0.5789
27-FEB-2026,IDFCFIRSTB,73.48,72.81,0.0092,0.0206,0.0205,0.3917
27-FEB-2026,IDFNIFTYET,276.64,279.92,-0.0118,0.0142,0.0142,0.2713
27-FEB-2026,IEX,125.60,127.50,-0.0150,0.0274,0.0274,0.5235
27-FEB-2026,IFBAGRO,864.70,854.35,0.0120,0.0361,0.0360,0.6878
27-FEB-2026,IFBIND,1099.70,1093.60,0.0056,0.0312,0.0311,0.5942
27-FEB-2026,IFCI,59.98,60.18,-0.0033,0.0323,0.0323,0.6171
27-FEB-2026,IFGLEXPOR,171.05,169.95,0.0065,0.0308,0.0307,0.5865
27-FEB-2026,IGARASHI,359.40,364.40,-0.0138,0.0285,0.0285,0.5445
27-FEB-2026,IGCL,65.96,66.03,-0.0011,0.0180,0.0180,0.3439
27-FEB-2026,IGIL,330.00,329.55,0.0014,0.0231,0.0231,0.4413
27-FEB-2026,IGL,170.85,172.35,-0.0087,0.0197,0.0197,0.3764
27-FEB-2026,IGPL,361.30,359.50,0.0050,0.0211,0.0211,0.4031
27-FEB-2026,IIEL,10.00,10.00,0.0000,0.0000,0.0000,0.0000
27-FEB-2026,IIFL,496.20,505.05,-0.0177,0.0273,0.0273,0.5216
27-FEB-2026,IIFLCAPS,288.50,287.30,0.0042,0.0331,0.0331,0.6324
27-FEB-2026,IITL,131.05,133.60,-0.0193,0.0277,0.0276,0.5273
27-FEB-2026,IKIO,141.95,143.45,-0.0105,0.0250,0.0250,0.4776
27-FEB-2026,IKS,1375.85,1416.35,-0.0290,0.0208,0.0209,0.3993
27-FEB-2026,IL&FSENGG,25.70,26.02,-0.0124,0.0298,0.0297,0.5674
27-FEB-2026,IL&FSTRANS,2.45,2.44,0.0041,0.0258,0.0257,0.4910
27-FEB-2026,IMAGICAA,42.90,44.26,-0.0312,0.0244,0.0245,0.4681
27-FEB-2026,IMFA,1265.10,1274.80,-0.0076,0.0309,0.0308,0.5884
27-FEB-2026,IMPAL,1043.45,1050.80,-0.0070,0.0161,0.0161,0.3076
27-FEB-2026,IMPEXFERRO,1.69,1.69,0.0000,0.0267,0.0267,0.5101
27-FEB-2026,INCREDIBLE,34.98,35.06,-0.0023,0.0298,0.0297,0.5674
27-FEB-2026,INDBANK,35.47,35.67,-0.0056,0.0326,0.0325,0.6209
27-FEB-2026,INDGN,496.30,500.30,-0.0080,0.0187,0.0187,0.3573
27-FEB-2026,INDHOTEL,667.05,680.95,-0.0206,0.0170,0.0170,0.3248
27-FEB-2026,INDIACEM,406.00,424.95,-0.0456,0.0233,0.0234,0.4471
27-FEB-2026,INDIAGLYCO,962.00,925.15,0.0391,0.0264,0.0265,0.5063
27-FEB-2026,INDIAMART,2132.05,2180.90,-0.0227,0.0182,0.0182,0.3477
27-FEB-2026,INDIANB,990.50,991.55,-0.0011,0.0204,0.0204,0.3897
27-FEB-2026,INDIANCARD,207.10,212.95,-0.0279,0.0260,0.0260,0.4967
27-FEB-2026,INDIANHUME,332.55,338.80,-0.0186,0.0267,0.0267,0.5101
27-FEB-2026,INDIASHLTR,733.45,733.80,-0.0005,0.0180,0.0179,0.3420
27-FEB-2026,INDIGO,4827.15,4933.75,-0.0218,0.0175,0.0175,0.3343
27-FEB-2026,INDIGOPNTS,936.75,947.50,-0.0114,0.0198,0.0197,0.3764
27-FEB-2026,INDIGRID,166.27,164.95,0.0080,0.0061,0.0061,0.1165
27-FEB-2026,INDIQUBE,172.55,174.05,-0.0087,0.0146,0.0146,0.2789
27-FEB-2026,INDNIPPON,827.30,831.70,-0.0053,0.0237,0.0236,0.4509
27-FEB-2026,INDOAMIN,108.25,108.30,-0.0005,0.0271,0.0270,0.5158
27-FEB-2026,INDOBORAX,244.35,244.55,-0.0008,0.0268,0.0268,0.5120
27-FEB-2026,INDOCO,202.30,204.25,-0.0096,0.0250,0.0250,0.4776
27-FEB-2026,INDOFARM,133.10,138.20,-0.0376,0.0290,0.0290,0.5540
27-FEB-2026,INDORAMA,35.43,35.86,-0.0121,0.0306,0.0306,0.5846
27-FEB-2026,INDOSTAR,224.15,226.90,-0.0122,0.0285,0.0284,0.5426
27-FEB-2026,INDOTECH,1580.45,1577.70,0.0017,0.0349,0.0348,0.6649
27-FEB-2026,INDOTHAI,261.60,272.95,-0.0425,0.0303,0.0304,0.5808
27-FEB-2026,INDOUS,144.50,141.45,0.0213,0.0375,0.0375,0.7164
27-FEB-2026,INDOWIND,9.24,9.25,-0.0011,0.0336,0.0335,0.6400
27-FEB-2026,INDRAMEDCO,402.05,401.75,0.0007,0.0294,0.0293,0.5598
27-FEB-2026,INDSWFTLAB,145.35,149.35,-0.0271,0.0311,0.0310,0.5923
27-FEB-2026,INDTERRAIN,30.94,31.64,-0.0224,0.0276,0.0276,0.5273
27-FEB-2026,INDUENG,9.50,9.50,0.0000,0.0000,0.0000,0.0000
27-FEB-2026,INDUSINDBK,956.90,964.60,-0.0080,0.0217,0.0216,0.4127
27-FEB-2026,INDUSINVIT,124.74,124.72,0.0002,0.0085,0.0085,0.1624
27-FEB-2026,INDUSTOWER,454.95,461.25,-0.0138,0.0194,0.0194,0.3706
27-FEB-2026,INFOBEAN,206.25,199.95,0.0310,0.0398,0.0398,0.7604
27-FEB-2026,INFOMEDIA,5.11,5.05,0.0118,0.0344,0.0343,0.6553
27-FEB-2026,INFRA,11.43,11.56,-0.0113,0.0014,0.0016,0.0306
27-FEB-2026,INFRABEES,984.57,996.62,-0.0122,0.0099,0.0099,0.1891
27-FEB-2026,INFRAIETF,98.13,99.28,-0.0117,0.0095,0.0095,0.1815
27-FEB-2026,INFY,1300.10,1289.10,0.0085,0.0162,0.0162,0.3095
27-FEB-2026,INGERRAND,4006.15,4050.80,-0.0111,0.0182,0.0182,0.3477
27-FEB-2026,INNOVACAP,668.25,673.35,-0.0076,0.0232,0.0232,0.4432
27-FEB-2026,INNOVANA,403.00,416.50,-0.0329,0.0268,0.0268,0.5120
27-FEB-2026,INOXGREEN,169.10,171.20,-0.0123,0.0318,0.0317,0.6056
27-FEB-2026,INOXINDIA,1163.05,1149.65,0.0116,0.0173,0.0172,0.3286
27-FEB-2026,INOXWIND,92.15,94.45,-0.0247,0.0266,0.0266,0.5082
27-FEB-2026,INSECTICID,621.05,626.20,-0.0083,0.0225,0.0224,0.4280
27-FEB-2026,INSPIRISYS,86.57,87.44,-0.0100,0.0288,0.0287,0.5483
27-FEB-2026,INTELLECT,697.55,700.70,-0.0045,0.0278,0.0277,0.5292
27-FEB-2026,INTENTECH,101.50,100.80,0.0069,0.0331,0.0330,0.6305
27-FEB-2026,INTERARCH,1878.50,1902.10,-0.0125,0.0258,0.0257,0.4910
27-FEB-2026,INTERISE,109.75,109.75,0.0000,0.0060,0.0060,0.1146
27-FEB-2026,INTERNET,11.83,12.05,-0.0184,0.0121,0.0121,0.2312
27-FEB-2026,INTERTEC,31.35,31.35,0.0000,0.0000,0.0000,0.0000
27-FEB-2026,INTLCONV,79.20,78.73,0.0060,0.0247,0.0247,0.4719
27-FEB-2026,INVENTURE,1.08,1.08,0.0000,0.0249,0.0249,0.4757
27-FEB-2026,IOB,36.45,36.79,-0.0093,0.0226,0.0225,0.4299
27-FEB-2026,IOC,187.45,186.45,0.0053,0.0159,0.0158,0.3019
27-FEB-2026,IOLCP,73.04,74.02,-0.0133,0.0271,0.0270,0.5158
27-FEB-2026,IONEXCHANG,364.10,368.55,-0.0121,0.0222,0.0221,0.4222
27-FEB-2026,IPCALAB,1528.95,1522.80,0.0040,0.0200,0.0200,0.3821
27-FEB-2026,IPL,157.40,157.80,-0.0025,0.0254,0.0254,0.4853
27-FEB-2026,IRB,41.71,41.57,0.0034,0.0208,0.0207,0.3955
27-FEB-2026,IRBINVIT,61.86,61.75,0.0018,0.0081,0.0081,0.1548
27-FEB-2026,IRBIT,220.22,220.22,0.0000,0.0000,0.0000,0.0000
27-FEB-2026,IRCON,143.60,145.10,-0.0104,0.0275,0.0274,0.5235
27-FEB-2026,IRCTC,569.60,594.95,-0.0435,0.0153,0.0156,0.2980
27-FEB-2026,IREDA,122.25,124.75,-0.0202,0.0235,0.0235,0.4490
27-FEB-2026,IRFC,103.55,103.25,0.0029,0.0224,0.0224,0.4280
27-FEB-2026,IRIS,248.05,251.85,-0.0152,0.0282,0.0282,0.5388
27-FEB-2026,IRISDOREME,32.26,32.14,0.0037,0.0245,0.0244,0.4662
27-FEB-2026,IRMENERGY,238.45,232.20,0.0266,0.0258,0.0258,0.4929
27-FEB-2026,ISFT,71.18,71.61,-0.0060,0.0264,0.0263,0.5025
27-FEB-2026,ISGEC,888.65,895.10,-0.0072,0.0285,0.0285,0.5445
27-FEB-2026,ISHANCH,61.95,60.22,0.0283,0.0241,0.0241,0.4604
27-FEB-2026,ISHL,807.00,807.00,0.0000,0.0006,0.0006,0.0115
27-FEB-2026,ISL,41.35,41.35,0.0000,0.0000,0.0000,0.0000
27-FEB-2026,IT,33.78,33.69,0.0027,0.0135,0.0135,0.2579
27-FEB-2026,ITADD,32.26,32.19,0.0022,0.0138,0.0138,0.2636
27-FEB-2026,ITBEES,33.82,33.75,0.0021,0.0135,0.0135,0.2579
27-FEB-2026,ITBETA,320.06,319.49,0.0018,0.0135,0.0135,0.2579
27-FEB-2026,ITC,313.60,318.30,-0.0149,0.0128,0.0128,0.2445
27-FEB-2026,ITCHOTELS,176.05,178.15,-0.0119,0.0158,0.0158,0.3019
27-FEB-2026,ITDC,525.70,530.80,-0.0097,0.0282,0.0281,0.5368
27-FEB-2026,ITETF,32.23,32.13,0.0031,0.0137,0.0137,0.2617
27-FEB-2026,ITI,270.30,273.60,-0.0121,0.0297,0.0296,0.5655
27-FEB-2026,ITIETF,33.80,33.71,0.0027,0.0136,0.0136,0.2598
27-FEB-2026,IVALUE,225.10,226.65,-0.0069,0.0178,0.0178,0.3401
27-FEB-2026,IVC,7.33,7.33,0.0000,0.0223,0.0222,0.4241
27-FEB-2026,IVP,136.85,136.80,0.0004,0.0285,0.0284,0.5426
27-FEB-2026,IVZINGOLD,13792.90,13718.45,0.0054,0.0217,0.0217,0.4146
27-FEB-2026,IVZINNIFTY,2879.15,2895.00,-0.0055,0.0092,0.0092,0.1758
27-FEB-2026,IXIGO,170.35,170.45,-0.0006,0.0335,0.0334,0.6381
27-FEB-2026,IZMO,741.70,771.85,-0.0398,0.0419,0.0419,0.8005
27-FEB-2026,J&KBANK,121.40,121.25,0.0012,0.0223,0.0223,0.4260
27-FEB-2026,JAGRAN,63.35,63.58,-0.0036,0.0149,0.0148,0.2828
27-FEB-2026,JAGSNPHARM,168.65,168.65,0.0000,0.0296,0.0295,0.5636
27-FEB-2026,JAIBALAJI,68.92,72.00,-0.0437,0.0310,0.0311,0.5942
27-FEB-2026,JAICORPLTD,110.60,112.10,-0.0135,0.0330,0.0330,0.6305
27-FEB-2026,JAINREC,395.50,387.35,0.0208,0.0173,0.0173,0.3305
27-FEB-2026,JAIPURKURT,34.85,35.04,-0.0054,0.0351,0.0350,0.6687
27-FEB-2026,JAMNAAUTO,147.45,148.25,-0.0054,0.0236,0.0235,0.4490
27-FEB-2026,JARO,443.70,442.60,0.0025,0.0221,0.0220,0.4203
27-FEB-2026,JASH,399.90,399.60,0.0008,0.0250,0.0250,0.4776
27-FEB-2026,JAYAGROGN,176.35,179.15,-0.0158,0.0219,0.0219,0.4184
27-FEB-2026,JAYBARMARU,107.01,108.19,-0.0110,0.0308,0.0307,0.5865
27-FEB-2026,JAYKAY,142.55,142.70,-0.0011,0.0330,0.0329,0.6286
27-FEB-2026,JAYNECOIND,76.80,78.24,-0.0186,0.0378,0.0377,0.7203
27-FEB-2026,JAYSREETEA,81.79,83.07,-0.0155,0.0218,0.0218,0.4165
27-FEB-2026,JBCHEPHARM,2053.50,2081.40,-0.0135,0.0161,0.0160,0.3057
27-FEB-2026,JBMA,551.40,560.70,-0.0167,0.0273,0.0273,0.5216
27-FEB-2026,JECOEXP,10.00,10.00,0.0000,0.0000,0.0000,0.0000
27-FEB-2026,JETFREIGHT,18.43,18.50,-0.0038,0.0311,0.0311,0.5942
27-FEB-2026,JGCHEM,361.80,357.80,0.0111,0.0289,0.0289,0.5521
27-FEB-2026,JHS,9.50,9.61,-0.0115,0.0340,0.0340,0.6496
27-FEB-2026,JINDALPHOT,1274.90,1325.30,-0.0388,0.0355,0.0355,0.6782
27-FEB-2026,JINDALPOLY,616.35,595.65,0.0342,0.0282,0.0282,0.5388
27-FEB-2026,JINDALSAW,185.35,188.05,-0.0145,0.0274,0.0273,0.5216
27-FEB-2026,JINDALSTEL,1244.20,1261.00,-0.0134,0.0180,0.0180,0.3439
27-FEB-2026,JINDRILL,445.30,452.65,-0.0164,0.0276,0.0275,0.5254
27-FEB-2026,JINDWORLD,24.68,24.77,-0.0036,0.0305,0.0304,0.5808
27-FEB-2026,JIOFIN,255.40,256.15,-0.0029,0.0178,0.0178,0.3401
27-FEB-2026,JISLDVREQS,23.09,23.30,-0.0091,0.0284,0.0283,0.5407
27-FEB-2026,JISLJALEQS,35.17,35.82,-0.0183,0.0279,0.0279,0.5330
27-FEB-2026,JITFINFRA,377.60,384.45,-0.0180,0.0373,0.0372,0.7107
27-FEB-2026,JKCEMENT,5655.95,5730.55,-0.0131,0.0186,0.0185,0.3534
27-FEB-2026,JKIL,528.60,546.65,-0.0336,0.0218,0.0219,0.4184
27-FEB-2026,JKIPL,64.96,65.54,-0.0089,0.0227,0.0227,0.4337
27-FEB-2026,JKLAKSHMI,714.05,727.15,-0.0182,0.0179,0.0179,0.3420
27-FEB-2026,JKPAPER,362.00,357.00,0.0139,0.0239,0.0239,0.4566
27-FEB-2026,JKTYRE,501.10,530.65,-0.0573,0.0218,0.0221,0.4222
27-FEB-2026,JLHL,1261.70,1305.65,-0.0342,0.0164,0.0165,0.3152
27-FEB-2026,JMA,89.91,90.03,-0.0013,0.0237,0.0236,0.4509
27-FEB-2026,JMFINANCIL,127.75,132.80,-0.0388,0.0282,0.0282,0.5388
27-FEB-2026,JNKINDIA,238.90,242.90,-0.0166,0.0275,0.0274,0.5235
27-FEB-2026,JOCIL,133.51,132.17,0.0101,0.0215,0.0214,0.4088
27-FEB-2026,JOTINDRA,2.70,2.70,0.0000,0.0297,0.0296,0.5655
27-FEB-2026,JPASSOCIAT,2.87,2.92,-0.0173,0.0329,0.0328,0.6266
27-FEB-2026,JPOLYINVST,1180.45,1282.75,-0.0831,0.0304,0.0309,0.5903
27-FEB-2026,JPPOWER,15.24,14.55,0.0463,0.0296,0.0297,0.5674
27-FEB-2026,JSFB,370.80,368.45,0.0064,0.0243,0.0242,0.4623
27-FEB-2026,JSL,776.35,809.15,-0.0414,0.0225,0.0227,0.4337
27-FEB-2026,JSLL,608.70,636.20,-0.0442,0.0196,0.0198,0.3783
27-FEB-2026,JSWCEMENT,125.10,127.75,-0.0210,0.0132,0.0133,0.2541
27-FEB-2026,JSWENERGY,487.75,498.65,-0.0221,0.0221,0.0221,0.4222
27-FEB-2026,JSWHL,16584.50,17218.20,-0.0375,0.0268,0.0268,0.5120
27-FEB-2026,JSWINFRA,254.80,259.00,-0.0163,0.0189,0.0189,0.3611
27-FEB-2026,JSWSTEEL,1264.70,1280.60,-0.0125,0.0150,0.0150,0.2866
27-FEB-2026,JTEKTINDIA,149.50,141.35,0.0561,0.0256,0.0259,0.4948
27-FEB-2026,JTLIND,63.63,63.70,-0.0011,0.0319,0.0318,0.6075
27-FEB-2026,JUBLCPL,1843.40,1876.10,-0.0176,0.0274,0.0274,0.5235
27-FEB-2026,JUBLFOOD,519.90,516.15,0.0072,0.0171,0.0170,0.3248
27-FEB-2026,JUBLINGREA,585.40,593.40,-0.0136,0.0253,0.0253,0.4834
27-FEB-2026,JUBLPHARMA,866.30,882.70,-0.0188,0.0233,0.0233,0.4451
27-FEB-2026,JUNIORBEES,750.45,758.67,-0.0109,0.0096,0.0096,0.1834
27-FEB-2026,JUNIPER,218.30,214.25,0.0187,0.0232,0.0232,0.4432
27-FEB-2026,JUSTDIAL,550.15,578.35,-0.0500,0.0214,0.0216,0.4127
27-FEB-2026,JWL,267.20,277.70,-0.0385,0.0302,0.0302,0.5770
27-FEB-2026,JYOTHYLAB,253.45,254.35,-0.0035,0.0176,0.0176,0.3362
27-FEB-2026,JYOTICNC,820.45,838.40,-0.0216,0.0272,0.0272,0.5197
27-FEB-2026,JYOTISTRUC,12.55,12.97,-0.0329,0.0365,0.0364,0.6954
27-FEB-2026,KABIRDAS,1.00,1.00,0.0000,0.0000,0.0000,0.0000
27-FEB-2026,KABRAEXTRU,256.10,251.05,0.0199,0.0310,0.0309,0.5903
27-FEB-2026,KAJARIACER,957.10,962.25,-0.0054,0.0176,0.0176,0.3362
27-FEB-2026,KAKATCEM,113.00,114.10,-0.0097,0.0204,0.0204,0.3897
27-FEB-2026,KALAMANDIR,112.95,114.45,-0.0132,0.0280,0.0279,0.5330
27-FEB-2026,KALPATARU,324.60,333.50,-0.0270,0.0159,0.0159,0.3038
27-FEB-2026,KALYANI,138.09,138.09,0.0000,0.0040,0.0040,0.0764
27-FEB-2026,KALYANIFRG,618.25,628.75,-0.0168,0.0274,0.0273,0.5216
27-FEB-2026,KALYANKJIL,410.10,407.10,0.0073,0.0273,0.0272,0.5197
27-FEB-2026,KAMATHOTEL,187.25,188.10,-0.0045,0.0302,0.0301,0.5751
27-FEB-2026,KAMDHENU,22.98,22.90,0.0035,0.0289,0.0288,0.5502
27-FEB-2026,KAMINI,3.25,3.25,0.0000,0.0032,0.0032,0.0611
27-FEB-2026,KAMOPAINTS,4.42,4.37,0.0114,0.0283,0.0282,0.5388
27-FEB-2026,KANANIIND,1.51,1.53,-0.0132,0.0254,0.0253,0.4834
27-FEB-2026,KANORICHEM,68.53,67.32,0.0178,0.0248,0.0248,0.4738
27-FEB-2026,KANPRPLA,176.95,184.65,-0.0426,0.0317,0.0317,0.6056
27-FEB-2026,KANSAINER,203.50,200.40,0.0154,0.0149,0.0149,0.2847
27-FEB-2026,KAPSTON,411.55,409.45,0.0051,0.0271,0.0271,0.5177
27-FEB-2026,KARMAENG,43.96,43.17,0.0181,0.0345,0.0345,0.6591
27-FEB-2026,KARURVYSYA,326.20,336.25,-0.0303,0.0203,0.0204,0.3897
27-FEB-2026,KAUSHALYA,897.00,892.90,0.0046,0.0299,0.0298,0.5693
27-FEB-2026,KAVDEFENCE,64.19,63.61,0.0091,0.0369,0.0368,0.7031
27-FEB-2026,KAYA,323.65,320.30,0.0104,0.0311,0.0311,0.5942
27-FEB-2026,KAYNES,3856.35,3916.40,-0.0155,0.0318,0.0317,0.6056
27-FEB-2026,KCP,158.10,159.40,-0.0082,0.0219,0.0218,0.4165
27-FEB-2026,KCPSUGIND,23.15,22.59,0.0245,0.0244,0.0244,0.4662
27-FEB-2026,KDDL,2434.55,2343.60,0.0381,0.0273,0.0274,0.5235
27-FEB-2026,KEC,585.35,595.20,-0.0167,0.0242,0.0242,0.4623
27-FEB-2026,KECL,89.44,89.98,-0.0060,0.0286,0.0285,0.5445
27-FEB-2026,KEEPLEARN,1.96,1.97,-0.0051,0.0344,0.0343,0.6553
27-FEB-2026,KEI,5080.40,5009.05,0.0141,0.0232,0.0232,0.4432
27-FEB-2026,KELLTONTEC,19.17,19.90,-0.0374,0.0340,0.0340,0.6496
27-FEB-2026,KERNEX,1078.00,1081.80,-0.0035,0.0352,0.0351,0.6706
27-FEB-2026,KESORAMIND,9.17,8.84,0.0367,0.0344,0.0344,0.6572
27-FEB-2026,KEYFINSERV,281.50,282.90,-0.0050,0.0428,0.0427,0.8158
27-FEB-2026,KFINTECH,956.70,977.00,-0.0210,0.0258,0.0257,0.4910
27-FEB-2026,KHADIM,120.40,123.55,-0.0258,0.0285,0.0285,0.5445
27-FEB-2026,KHAICHEM,56.66,57.29,-0.0111,0.0297,0.0296,0.5655
27-FEB-2026,KHAITANLTD,94.55,94.46,0.0010,0.0309,0.0308,0.5884
27-FEB-2026,KHANDSE,17.10,17.43,-0.0191,0.0311,0.0310,0.5923
27-FEB-2026,KICL,5031.15,5064.90,-0.0067,0.0233,0.0232,0.4432
27-FEB-2026,KILITCH,323.60,320.95,0.0082,0.0250,0.0250,0.4776
27-FEB-2026,KIMS,745.15,743.30,0.0025,0.0194,0.0194,0.3706
27-FEB-2026,KINGFA,4403.95,4377.35,0.0061,0.0274,0.0273,0.5216
27-FEB-2026,KIOCL,337.35,342.90,-0.0163,0.0374,0.0374,0.7145
27-FEB-2026,KIRIINDUS,453.15,456.10,-0.0065,0.0323,0.0322,0.6152
27-FEB-2026,KIRLOSBROS,1582.40,1593.45,-0.0070,0.0273,0.0272,0.5197
27-FEB-2026,KIRLOSENG,1393.30,1396.40,-0.0022,0.0262,0.0262,0.5006
27-FEB-2026,KIRLOSIND,2835.20,2821.25,0.0049,0.0229,0.0228,0.4356
27-FEB-2026,KIRLPNU,1161.90,1146.40,0.0134,0.0245,0.0245,0.4681
27-FEB-2026,KITEX,181.70,184.45,-0.0150,0.0377,0.0376,0.7183
27-FEB-2026,KKCL,507.05,507.65,-0.0012,0.0203,0.0203,0.3878
27-FEB-2026,KMEW,1599.05,1630.35,-0.0194,0.0356,0.0355,0.6782
27-FEB-2026,KMSUGAR,24.92,24.58,0.0137,0.0213,0.0212,0.4050
27-FEB-2026,KNAGRI,179.77,171.21,0.0488,0.0253,0.0255,0.4872
27-FEB-2026,KNRCON,132.75,134.45,-0.0127,0.0241,0.0240,0.4585
27-FEB-2026,KOHINOOR,25.08,24.48,0.0242,0.0254,0.0254,0.4853
27-FEB-2026,KOKUYOCMLN,82.31,81.71,0.0073,0.0227,0.0226,0.4318
27-FEB-2026,KOLTEPATIL,354.25,354.20,0.0001,0.0214,0.0214,0.4088
27-FEB-2026,KOPRAN,131.80,133.40,-0.0121,0.0281,0.0281,0.5368
27-FEB-2026,KOTAKBANK,415.20,424.55,-0.0223,0.0132,0.0133,0.2541
27-FEB-2026,KOTARISUG,24.90,24.58,0.0129,0.0234,0.0234,0.4471
27-FEB-2026,KOTHARIPET,115.58,115.58,0.0000,0.0251,0.0250,0.4776
27-FEB-2026,KOTHARIPRO,67.53,68.42,-0.0131,0.0334,0.0333,0.6362
27-FEB-2026,KPEL,284.25,290.25,-0.0209,0.0292,0.0291,0.5560
27-FEB-2026,KPIGREEN,386.15,382.95,0.0083,0.0290,0.0290,0.5540
27-FEB-2026,KPIL,1239.95,1196.40,0.0358,0.0207,0.0208,0.3974
27-FEB-2026,KPITTECH,771.10,793.70,-0.0289,0.0231,0.0231,0.4413
27-FEB-2026,KPRMILL,897.80,914.60,-0.0185,0.0250,0.0249,0.4757
27-FEB-2026,KRBL,339.65,347.15,-0.0218,0.0239,0.0239,0.4566
27-FEB-2026,KREBSBIO,57.18,59.76,-0.0441,0.0301,0.0302,0.5770
27-FEB-2026,KRIDHANINF,3.41,3.38,0.0088,0.0337,0.0336,0.6419
27-FEB-2026,KRISHANA,484.35,492.75,-0.0172,0.0257,0.0257,0.4910
27-FEB-2026,KRISHIVAL,313.25,315.65,-0.0076,0.0201,0.0200,0.3821
27-FEB-2026,KRISHNADEF,1084.40,1051.30,0.0310,0.0166,0.0167,0.3191
27-FEB-2026,KRITI,79.58,83.00,-0.0421,0.0302,0.0303,0.5789
27-FEB-2026,KRITIKA,6.10,6.04,0.0099,0.0250,0.0249,0.4757
27-FEB-2026,KRITINUT,70.23,69.17,0.0152,0.0292,0.0291,0.5560
27-FEB-2026,KRN,998.05,997.15,0.0009,0.0288,0.0288,0.5502
27-FEB-2026,KRONOX,119.80,116.90,0.0245,0.0220,0.0220,0.4203
27-FEB-2026,KROSS,197.15,198.90,-0.0088,0.0277,0.0276,0.5273
27-FEB-2026,KRSNAA,635.40,640.05,-0.0073,0.0213,0.0213,0.4069
27-FEB-2026,KRT,119.87,123.00,-0.0258,0.0079,0.0081,0.1548
27-FEB-2026,KRYSTAL,625.85,625.55,0.0005,0.0264,0.0263,0.5025
27-FEB-2026,KSB,770.25,783.35,-0.0169,0.0196,0.0196,0.3745
27-FEB-2026,KSCL,772.20,798.00,-0.0329,0.0253,0.0254,0.4853
27-FEB-2026,KSHINTL,373.95,372.60,0.0036,0.0137,0.0137,0.2617
27-FEB-2026,KSHITIJPOL,2.71,2.68,0.0111,0.0326,0.0326,0.6228
27-FEB-2026,KSL,747.95,752.45,-0.0060,0.0239,0.0239,0.4566
27-FEB-2026,KSOLVES,303.75,304.30,-0.0018,0.0273,0.0272,0.5197
27-FEB-2026,KSR,30.02,28.71,0.0446,0.0290,0.0291,0.5560
27-FEB-2026,KTKBANK,202.90,205.75,-0.0139,0.0191,0.0191,0.3649
27-FEB-2026,KUANTUM,89.59,89.45,0.0016,0.0219,0.0218,0.4165
27-FEB-2026,KWIL,26.12,25.94,0.0069,0.0066,0.0066,0.1261
27-FEB-2026,LAFFANSOFT,10.00,10.00,0.0000,0.0000,0.0000,0.0000
27-FEB-2026,LAGNAM,74.05,74.25,-0.0027,0.0304,0.0303,0.5789
27-FEB-2026,LAKPRE,4.97,4.98,-0.0020,0.0436,0.0435,0.8311
27-FEB-2026,LAL,7.52,7.64,-0.0158,0.0275,0.0275,0.5254
27-FEB-2026,LALPATHLAB,1399.90,1405.90,-0.0043,0.0165,0.0164,0.3133
27-FEB-2026,LAMBODHARA,106.10,106.65,-0.0052,0.0319,0.0318,0.6075
27-FEB-2026,LANCORHOL,24.09,25.27,-0.0478,0.0354,0.0354,0.6763
27-FEB-2026,LANDMARK,413.30,416.95,-0.0088,0.0269,0.0269,0.5139
27-FEB-2026,LAOPALA,206.35,203.80,0.0124,0.0194,0.0194,0.3706
27-FEB-2026,LASA,7.99,7.86,0.0164,0.0360,0.0359,0.6859
27-FEB-2026,LATENTVIEW,337.20,333.65,0.0106,0.0238,0.0237,0.4528
27-FEB-2026,LATTEYS,22.38,22.20,0.0081,0.0332,0.0331,0.6324
27-FEB-2026,LAURUSLABS,1075.75,1092.75,-0.0157,0.0202,0.0202,0.3859
27-FEB-2026,LAXMICOT,15.35,16.15,-0.0508,0.0379,0.0379,0.7241
27-FEB-2026,LAXMIDENTL,192.55,191.10,0.0076,0.0285,0.0284,0.5426
27-FEB-2026,LAXMIINDIA,94.26,94.34,-0.0008,0.0273,0.0272,0.5197
27-FEB-2026,LCCINFOTEC,4.72,4.94,-0.0456,0.0380,0.0380,0.7260
27-FEB-2026,LEGEND,1025.55,1025.55,0.0000,0.0005,0.0005,0.0096
27-FEB-2026,LEMERITE,454.55,454.40,0.0003,0.0095,0.0095,0.1815
27-FEB-2026,LEMONTREE,113.65,116.75,-0.0269,0.0213,0.0213,0.4069
27-FEB-2026,LENSKART,537.40,512.75,0.0470,0.0160,0.0163,0.3114
27-FEB-2026,LEXUS,38.31,37.73,0.0153,0.0329,0.0328,0.6266
27-FEB-2026,LFIC,137.88,145.08,-0.0509,0.0338,0.0339,0.6477
27-FEB-2026,LGBBROSLTD,1947.80,1928.35,0.0100,0.0236,0.0236,0.4509
27-FEB-2026,LGEINDIA,1588.95,1559.35,0.0188,0.0094,0.0095,0.1815
27-FEB-2026,LGHL,286.95,285.65,0.0045,0.0312,0.0311,0.5942
27-FEB-2026,LIBAS,10.04,10.20,-0.0158,0.0258,0.0258,0.4929
27-FEB-2026,LIBERTSHOE,241.40,242.65,-0.0052,0.0279,0.0279,0.5330
27-FEB-2026,LICHSGFIN,537.75,545.40,-0.0141,0.0164,0.0164,0.3133
27-FEB-2026,LICI,849.40,870.85,-0.0249,0.0158,0.0158,0.3019
27-FEB-2026,LICMFGOLD,14330.27,14157.73,0.0121,0.0200,0.0200,0.3821
27-FEB-2026,LICNETFGSC,28.90,28.89,0.0003,0.0035,0.0035,0.0669
27-FEB-2026,LICNETFN50,281.46,284.44,-0.0105,0.0084,0.0084,0.1605
27-FEB-2026,LICNETFSEN,914.10,925.86,-0.0128,0.0114,0.0114,0.2178
27-FEB-2026,LICNFNHGP,282.88,286.79,-0.0137,0.0115,0.0115,0.2197
27-FEB-2026,LICNMID100,59.52,60.30,-0.0130,0.0131,0.0131,0.2503
27-FEB-2026,LIKHITHA,149.85,151.75,-0.0126,0.0245,0.0244,0.4662
27-FEB-2026,LINC,107.40,108.30,-0.0083,0.0290,0.0289,0.5521
27-FEB-2026,LINCOLN,631.10,631.05,0.0001,0.0259,0.0258,0.4929
27-FEB-2026,LINDEINDIA,6729.60,6895.45,-0.0243,0.0196,0.0196,0.3745
27-FEB-2026,LIQGRWBEES,1029.66,1029.30,0.0003,0.0002,0.0002,0.0038
27-FEB-2026,LIQUID,999.99,999.99,0.0000,0.0000,0.0000,0.0000
27-FEB-2026,LIQUID1,1093.31,1092.89,0.0004,0.0002,0.0002,0.0038
27-FEB-2026,LIQUIDADD,1115.45,1115.02,0.0004,0.0002,0.0002,0.0038
27-FEB-2026,LIQUIDBEES,999.99,999.99,0.0000,0.0001,0.0001,0.0019
27-FEB-2026,LIQUIDBETF,1071.06,1070.66,0.0004,0.0013,0.0013,0.0248
27-FEB-2026,LIQUIDCASE,112.94,112.90,0.0004,0.0003,0.0003,0.0057
27-FEB-2026,LIQUIDETF,1000.00,1000.00,0.0000,0.0000,0.0000,0.0000
27-FEB-2026,LIQUIDIETF,999.99,999.99,0.0000,0.0001,0.0001,0.0019
27-FEB-2026,LIQUIDPLUS,1074.63,1074.20,0.0004,0.0002,0.0002,0.0038
27-FEB-2026,LIQUIDSBI,999.99,1000.01,-0.0000,0.0003,0.0003,0.0057
27-FEB-2026,LIQUIDSHRI,1093.98,1093.60,0.0003,0.0002,0.0002,0.0038
27-FEB-2026,LLOYDSENGG,47.80,49.09,-0.0266,0.0307,0.0307,0.5865
27-FEB-2026,LLOYDSENT,51.07,53.68,-0.0498,0.0341,0.0342,0.6534
27-FEB-2026,LLOYDSME,1233.00,1264.40,-0.0251,0.0246,0.0246,0.4700
27-FEB-2026,LMW,14763.30,15501.60,-0.0488,0.0174,0.0177,0.3382
27-FEB-2026,LODHA,988.25,1011.50,-0.0233,0.0234,0.0234,0.4471
27-FEB-2026,LOGICINFO,10.00,10.00,0.0000,0.0000,0.0000,0.0000
27-FEB-2026,LOKESHMACH,185.10,184.25,0.0046,0.0343,0.0342,0.6534
27-FEB-2026,LORDSCHLO,125.15,127.85,-0.0213,0.0320,0.0319,0.6094
27-FEB-2026,LOTUSDEV,141.25,143.40,-0.0151,0.0169,0.0169,0.3229
27-FEB-2026,LOTUSEYE,110.20,108.00,0.0202,0.0304,0.0304,0.5808
27-FEB-2026,LOVABLE,74.41,75.68,-0.0169,0.0238,0.0238,0.4547
27-FEB-2026,LOWVOL,210.31,212.05,-0.0082,0.0069,0.0069,0.1318
27-FEB-2026,LOWVOL1,21.40,21.63,-0.0107,0.0077,0.0078,0.1490
27-FEB-2026,LOWVOLIETF,22.51,22.78,-0.0119,0.0075,0.0075,0.1433
27-FEB-2026,LOYALTEX,221.70,213.90,0.0358,0.0363,0.0363,0.6935
27-FEB-2026,LPDC,6.08,6.29,-0.0340,0.0334,0.0334,0.6381
27-FEB-2026,LT,4278.40,4286.45,-0.0019,0.0139,0.0139,0.2656
27-FEB-2026,LTF,283.95,299.90,-0.0547,0.0196,0.0199,0.3802
27-FEB-2026,LTFOODS,402.30,407.85,-0.0137,0.0258,0.0258,0.4929
27-FEB-2026,LTGILTBEES,29.36,29.38,-0.0007,0.0019,0.0019,0.0363
27-FEB-2026,LTGILTCASE,29.90,29.90,0.0000,0.0012,0.0012,0.0229
27-FEB-2026,LTM,4462.05,4504.05,-0.0094,0.0181,0.0181,0.3458
27-FEB-2026,LTTS,3512.75,3317.30,0.0572,0.0197,0.0200,0.3821
27-FEB-2026,LUMAXIND,6045.70,6076.70,-0.0051,0.0306,0.0305,0.5827
27-FEB-2026,LUMAXTECH,1757.40,1748.10,0.0053,0.0329,0.0328,0.6266
27-FEB-2026,LUPIN,2301.90,2323.20,-0.0092,0.0149,0.0149,0.2847
27-FEB-2026,LUXIND,900.70,902.60,-0.0021,0.0216,0.0215,0.4108
27-FEB-2026,LXCHEM,125.95,130.70,-0.0370,0.0234,0.0235,0.4490
27-FEB-2026,LYKALABS,62.35,64.49,-0.0337,0.0239,0.0240,0.4585
27-FEB-2026,LYPSAGEMS,5.22,5.21,0.0019,0.0348,0.0347,0.6629
27-FEB-2026,M&M,3397.45,3484.60,-0.0253,0.0163,0.0163,0.3114
27-FEB-2026,M&MFIN,374.35,386.70,-0.0325,0.0206,0.0206,0.3936
27-FEB-2026,MAANALU,135.55,139.15,-0.0262,0.0314,0.0314,0.5999
27-FEB-2026,MACPOWER,993.70,1003.00,-0.0093,0.0315,0.0314,0.5999
27-FEB-2026,MADHAV,38.65,37.84,0.0212,0.0285,0.0284,0.5426
27-FEB-2026,MADHUCON,4.79,4.67,0.0254,0.0304,0.0303,0.5789
27-FEB-2026,MADRASFERT,67.47,68.81,-0.0197,0.0236,0.0235,0.4490
27-FEB-2026,MAFANG,155.59,152.08,0.0228,0.0152,0.0153,0.2923
27-FEB-2026,MAGADSUGAR,459.65,444.50,0.0335,0.0250,0.0251,0.4795
27-FEB-2026,MAGNUM,21.76,22.00,-0.0110,0.0314,0.0314,0.5999
27-FEB-2026,MAHABANK,74.76,75.65,-0.0118,0.0215,0.0215,0.4108
27-FEB-2026,MAHAPEXLTD,90.93,92.22,-0.0141,0.0292,0.0292,0.5579
27-FEB-2026,MAHASTEEL,758.35,776.10,-0.0231,0.0255,0.0255,0.4872
27-FEB-2026,MAHEPC,118.60,119.30,-0.0059,0.0262,0.0261,0.4986
27-FEB-2026,MAHESHWARI,41.27,41.72,-0.0108,0.0261,0.0260,0.4967
27-FEB-2026,MAHKTECH,24.45,24.53,-0.0033,0.0221,0.0220,0.4203
27-FEB-2026,MAHLIFE,357.60,368.05,-0.0288,0.0199,0.0200,0.3821
27-FEB-2026,MAHLOG,413.75,407.85,0.0144,0.0231,0.0231,0.4413
27-FEB-2026,MAHSCOOTER,13258.55,13569.90,-0.0232,0.0210,0.0211,0.4031
27-FEB-2026,MAHSEAMLES,562.00,568.95,-0.0123,0.0200,0.0200,0.3821
27-FEB-2026,MAITHANALL,1003.95,1022.60,-0.0184,0.0228,0.0228,0.4356
27-FEB-2026,MAKEINDIA,160.03,162.12,-0.0130,0.0094,0.0095,0.1815
27-FEB-2026,MALLCOM,1157.60,1174.85,-0.0148,0.0266,0.0265,0.5063
27-FEB-2026,MALUPAPER,32.56,32.45,0.0034,0.0293,0.0292,0.5579
27-FEB-2026,MAMATA,437.80,431.65,0.0141,0.0268,0.0267,0.5101
27-FEB-2026,MANAKALUCO,28.24,29.26,-0.0355,0.0436,0.0435,0.8311
27-FEB-2026,MANAKCOAT,117.95,114.85,0.0266,0.0305,0.0305,0.5827
27-FEB-2026,MANAKSIA,59.61,60.10,-0.0082,0.0242,0.0241,0.4604
27-FEB-2026,MANAKSTEEL,57.92,58.31,-0.0067,0.0321,0.0321,0.6133
27-FEB-2026,MANALIPETC,55.42,56.21,-0.0142,0.0240,0.0239,0.4566
27-FEB-2026,MANAPPURAM,283.25,293.05,-0.0340,0.0221,0.0222,0.4241
27-FEB-2026,MANBA,120.95,122.55,-0.0131,0.0179,0.0179,0.3420
27-FEB-2026,MANCREDIT,168.55,168.50,0.0003,0.0190,0.0189,0.3611
27-FEB-2026,MANGALAM,29.10,29.96,-0.0291,0.0346,0.0346,0.6610
27-FEB-2026,MANGLMCEM,908.85,913.30,-0.0049,0.0209,0.0208,0.3974
27-FEB-2026,MANINDS,462.00,450.25,0.0258,0.0338,0.0338,0.6457
27-FEB-2026,MANINFRA,106.35,107.95,-0.0149,0.0232,0.0231,0.4413
27-FEB-2026,MANKIND,2247.60,2279.70,-0.0142,0.0175,0.0175,0.3343
27-FEB-2026,MANOMAY,224.20,216.60,0.0345,0.0254,0.0255,0.4872
27-FEB-2026,MANORAMA,1425.90,1434.00,-0.0057,0.0292,0.0292,0.5579
27-FEB-2026,MANORG,412.75,414.20,-0.0035,0.0309,0.0309,0.5903
27-FEB-2026,MANUFGBEES,158.46,160.26,-0.0113,0.0056,0.0056,0.1070
27-FEB-2026,MANUGRAPH,15.12,14.38,0.0502,0.0321,0.0322,0.6152
27-FEB-2026,MANYAVAR,389.95,400.05,-0.0256,0.0189,0.0190,0.3630
27-FEB-2026,MAPMYINDIA,1034.10,1048.20,-0.0135,0.0216,0.0216,0.4127
27-FEB-2026,MARALOVER,45.18,45.61,-0.0095,0.0304,0.0303,0.5789
27-FEB-2026,MARATHON,433.00,429.35,0.0085,0.0274,0.0273,0.5216
27-FEB-2026,MARBLE,123.35,123.35,0.0000,0.0000,0.0000,0.0000
27-FEB-2026,MARICO,788.65,805.75,-0.0215,0.0126,0.0127,0.2426
27-FEB-2026,MARINE,192.05,191.23,0.0043,0.0304,0.0303,0.5789
27-FEB-2026,MARKOLINES,162.50,163.45,-0.0058,0.0308,0.0307,0.5865
27-FEB-2026,MARKSANS,173.95,176.80,-0.0163,0.0264,0.0264,0.5044
27-FEB-2026,MARUTI,14857.10,15213.00,-0.0237,0.0130,0.0130,0.2484
27-FEB-2026,MASFIN,324.35,338.90,-0.0439,0.0185,0.0187,0.3573
27-FEB-2026,MASKINVEST,145.42,150.97,-0.0375,0.0384,0.0384,0.7336
27-FEB-2026,MASPTOP50,70.36,70.33,0.0004,0.0147,0.0146,0.2789
27-FEB-2026,MASTEK,1584.60,1587.35,-0.0017,0.0230,0.0230,0.4394
27-FEB-2026,MASTERTR,88.30,89.55,-0.0141,0.0321,0.0321,0.6133
27-FEB-2026,MATRIMONY,403.95,413.85,-0.0242,0.0199,0.0199,0.3802
27-FEB-2026,MAWANASUG,81.70,78.39,0.0414,0.0197,0.0198,0.3783
27-FEB-2026,MAXESTATES,402.85,403.70,-0.0021,0.0253,0.0252,0.4814
27-FEB-2026,MAXHEALTH,1091.95,1109.90,-0.0163,0.0195,0.0195,0.3725
27-FEB-2026,MAXIND,152.60,155.70,-0.0201,0.0250,0.0250,0.4776
27-FEB-2026,MAXPLUS,10.00,10.00,0.0000,0.0000,0.0000,0.0000
27-FEB-2026,MAYURUNIQ,531.85,542.95,-0.0207,0.0207,0.0207,0.3955
27-FEB-2026,MAZDA,197.40,203.85,-0.0322,0.0279,0.0280,0.5349
27-FEB-2026,MAZDOCK,2224.85,2251.65,-0.0120,0.0275,0.0275,0.5254
27-FEB-2026,MBAPL,468.75,475.45,-0.0142,0.0230,0.0229,0.4375
27-FEB-2026,MBEL,297.40,298.35,-0.0032,0.0243,0.0242,0.4623
27-FEB-2026,MBLINFRA,26.31,25.95,0.0138,0.0355,0.0355,0.6782
27-FEB-2026,MCL,63.50,62.26,0.0197,0.0328,0.0327,0.6247
27-FEB-2026,MCLEODRUSS,41.69,41.33,0.0087,0.0331,0.0330,0.6305
27-FEB-2026,MCLOUD,25.08,25.30,-0.0087,0.0434,0.0433,0.8272
27-FEB-2026,MCX,2443.30,2458.80,-0.0063,0.0263,0.0262,0.5006
27-FEB-2026,MEDANTA,1138.85,1161.65,-0.0198,0.0196,0.0196,0.3745
27-FEB-2026,MEDIA,0.50,0.50,0.0000,0.0001,0.0001,0.0019
27-FEB-2026,MEDIASSIST,370.70,385.15,-0.0382,0.0214,0.0215,0.4108
27-FEB-2026,MEDICAMEQ,301.20,305.00,-0.0125,0.0286,0.0285,0.5445
27-FEB-2026,MEDICO,44.53,45.01,-0.0107,0.0328,0.0327,0.6247
27-FEB-2026,MEDPLUS,847.60,848.65,-0.0012,0.0184,0.0184,0.3515
27-FEB-2026,MEESHO,160.00,160.35,-0.0022,0.0197,0.0197,0.3764
27-FEB-2026,MEGASTAR,226.80,235.50,-0.0376,0.0288,0.0288,0.5502
27-FEB-2026,MEIL,235.15,239.20,-0.0171,0.0167,0.0167,0.3191
27-FEB-2026,MENONBE,116.05,115.50,0.0048,0.0225,0.0224,0.4280
27-FEB-2026,MEP,1.01,1.03,-0.0196,0.0270,0.0270,0.5158
27-FEB-2026,MEPL,10.10,10.10,0.0000,0.0000,0.0000,0.0000
27-FEB-2026,METAL,12.31,12.51,-0.0161,0.0140,0.0141,0.2694
27-FEB-2026,METALIETF,12.30,12.47,-0.0137,0.0134,0.0134,0.2560
27-FEB-2026,METROBRAND,1056.65,1047.20,0.0090,0.0193,0.0193,0.3687
27-FEB-2026,METROPOLIS,1903.75,1890.50,0.0070,0.0185,0.0184,0.3515
27-FEB-2026,MFML,21.45,23.12,-0.0750,0.0322,0.0326,0.6228
27-FEB-2026,MFSL,1813.40,1856.90,-0.0237,0.0154,0.0154,0.2942
27-FEB-2026,MGEL,11.03,11.01,0.0018,0.0329,0.0328,0.6266
27-FEB-2026,MGL,1219.75,1203.85,0.0131,0.0205,0.0205,0.3917
27-FEB-2026,MGLFL,10.00,10.00,0.0000,0.0000,0.0000,0.0000
27-FEB-2026,MHLXMIRU,173.15,173.50,-0.0020,0.0287,0.0287,0.5483
27-FEB-2026,MHRIL,284.20,281.45,0.0097,0.0174,0.0174,0.3324
27-FEB-2026,MICEL,37.00,37.98,-0.0261,0.0377,0.0377,0.7203
27-FEB-2026,MID150,22.32,22.44,-0.0054,0.0117,0.0117,0.2235
27-FEB-2026,MID150BEES,225.95,227.49,-0.0068,0.0095,0.0095,0.1815
27-FEB-2026,MID150CASE,10.94,11.06,-0.0109,0.0086,0.0086,0.1643
27-FEB-2026,MIDCAP,17.22,17.17,0.0029,0.0101,0.0101,0.1930
27-FEB-2026,MIDCAPADD,21.91,22.04,-0.0059,0.0094,0.0094,0.1796
27-FEB-2026,MIDCAPBETA,221.20,222.32,-0.0051,0.0117,0.0117,0.2235
27-FEB-2026,MIDCAPETF,22.30,22.52,-0.0098,0.0099,0.0099,0.1891
27-FEB-2026,MIDCAPIETF,22.60,22.82,-0.0097,0.0095,0.0095,0.1815
27-FEB-2026,MIDHANI,346.25,353.10,-0.0196,0.0275,0.0274,0.5235
27-FEB-2026,MIDQ50ADD,241.91,242.26,-0.0014,0.0088,0.0088,0.1681
27-FEB-2026,MIDSELIETF,17.67,17.75,-0.0045,0.0112,0.0112,0.2140
27-FEB-2026,MIDSMALL,47.10,47.74,-0.0135,0.0106,0.0106,0.2025
27-FEB-2026,MIDWESTLTD,1292.60,1310.90,-0.0141,0.0226,0.0225,0.4299
27-FEB-2026,MILIND,69.95,69.95,0.0000,0.0000,0.0000,0.0000
27-FEB-2026,MINDACORP,555.55,571.75,-0.0287,0.0211,0.0211,0.4031
27-FEB-2026,MINDSPACE,462.17,479.81,-0.0375,0.0099,0.0103,0.1968
27-FEB-2026,MINDTECK,209.05,212.60,-0.0168,0.0349,0.0348,0.6649
27-FEB-2026,MIRCELECTR,28.12,28.16,-0.0014,0.0380,0.0379,0.7241
27-FEB-2026,MIRZAINT,34.33,34.32,0.0003,0.0281,0.0280,0.5349
27-FEB-2026,MITCON,58.50,58.25,0.0043,0.0298,0.0297,0.5674
27-FEB-2026,MITTAL,1.00,0.99,0.0101,0.0255,0.0254,0.4853
27-FEB-2026,MKPL,5.08,5.10,-0.0039,0.0283,0.0282,0.5388
27-FEB-2026,MMFL,459.10,462.95,-0.0084,0.0256,0.0256,0.4891
27-FEB-2026,MMP,249.30,242.75,0.0266,0.0247,0.0247,0.4719
27-FEB-2026,MMTC,61.84,61.34,0.0081,0.0298,0.0297,0.5674
27-FEB-2026,MNC,32.55,32.88,-0.0101,0.0081,0.0081,0.1548
27-FEB-2026,MOALPHA50,50.60,51.13,-0.0104,0.0070,0.0070,0.1337
27-FEB-2026,MOBIKWIK,196.45,200.35,-0.0197,0.0312,0.0312,0.5961
27-FEB-2026,MOCAPITAL,46.31,47.21,-0.0192,0.0135,0.0136,0.2598
27-FEB-2026,MODEFENCE,89.32,90.05,-0.0081,0.0157,0.0156,0.2980
27-FEB-2026,MODINATUR,286.60,300.40,-0.0470,0.0112,0.0116,0.2216
27-FEB-2026,MODIRUBBER,117.10,119.05,-0.0165,0.0359,0.0359,0.6859
27-FEB-2026,MODIS,324.50,326.35,-0.0057,0.0248,0.0247,0.4719
27-FEB-2026,MODISONLTD,137.25,137.35,-0.0007,0.0279,0.0279,0.5330
27-FEB-2026,MODTHREAD,41.88,42.61,-0.0173,0.0592,0.0590,1.1272
27-FEB-2026,MOENERGY,37.19,37.41,-0.0059,0.0077,0.0077,0.1471
27-FEB-2026,MOGOLD,156.83,155.59,0.0079,0.0161,0.0161,0.3076
27-FEB-2026,MOGSEC,64.36,64.05,0.0048,0.0061,0.0061,0.1165
27-FEB-2026,MOHEALTH,44.66,44.88,-0.0049,0.0089,0.0089,0.1700
27-FEB-2026,MOHITIND,25.11,24.85,0.0104,0.0286,0.0285,0.5445
27-FEB-2026,MOIL,306.95,308.30,-0.0044,0.0251,0.0251,0.4795
27-FEB-2026,MOINFRA,61.40,61.57,-0.0028,0.0090,0.0090,0.1719
27-FEB-2026,MOIPO,42.42,42.99,-0.0133,0.0062,0.0063,0.1204
27-FEB-2026,MOKSH,12.48,12.53,-0.0040,0.0282,0.0281,0.5368
27-FEB-2026,MOL,52.74,53.26,-0.0098,0.0242,0.0241,0.4604
27-FEB-2026,MOLDTECH,133.40,132.95,0.0034,0.0273,0.0272,0.5197
27-FEB-2026,MOLDTKPAC,577.05,572.45,0.0080,0.0205,0.0205,0.3917
27-FEB-2026,MOLIND,3.20,3.20,0.0000,0.0000,0.0000,0.0000
27-FEB-2026,MOLOWVOL,38.40,38.92,-0.0135,0.0078,0.0079,0.1509
27-FEB-2026,MOM100,63.75,64.49,-0.0115,0.0101,0.0101,0.1930
27-FEB-2026,MOM30IETF,31.94,32.38,-0.0137,0.0103,0.0103,0.1968
27-FEB-2026,MOM50,262.34,265.36,-0.0114,0.0073,0.0073,0.1395
27-FEB-2026,MOMENTUM,31.75,32.29,-0.0169,0.0099,0.0099,0.1891
27-FEB-2026,MOMENTUM30,31.44,31.83,-0.0123,0.0070,0.0070,0.1337
27-FEB-2026,MOMENTUM50,51.93,52.69,-0.0145,0.0099,0.0099,0.1891
27-FEB-2026,MOMGF,156.55,158.71,-0.0137,0.0156,0.0156,0.2980
27-FEB-2026,MOMIDMTM,62.78,63.60,-0.0130,0.0066,0.0067,0.1280
27-FEB-2026,MOMNC,31.55,31.99,-0.0138,0.0054,0.0055,0.1051
27-FEB-2026,MOMOMENTUM,63.55,64.35,-0.0125,0.0104,0.0104,0.1987
27-FEB-2026,MON100,225.20,227.13,-0.0085,0.0131,0.0131,0.2503
27-FEB-2026,MON50EQUAL,33.49,33.89,-0.0119,0.0054,0.0054,0.1032
27-FEB-2026,MONARCH,279.45,277.80,0.0059,0.0236,0.0236,0.4509
27-FEB-2026,MONEXT50,69.59,69.66,-0.0010,0.0065,0.0065,0.1242
27-FEB-2026,MONEYBOXX,63.40,65.74,-0.0362,0.0263,0.0263,0.5025
27-FEB-2026,MONIFTY100,25.97,26.33,-0.0138,0.0049,0.0050,0.0955
27-FEB-2026,MONIFTY500,23.55,23.88,-0.0139,0.0078,0.0078,0.1490
27-FEB-2026,MONQ50,98.70,99.01,-0.0031,0.0139,0.0139,0.2656
27-FEB-2026,MONTECARLO,554.65,572.85,-0.0323,0.0218,0.0219,0.4184
27-FEB-2026,MOPSE,105.80,106.57,-0.0073,0.0084,0.0084,0.1605
27-FEB-2026,MOQUALITY,193.79,195.15,-0.0070,0.0097,0.0097,0.1853
27-FEB-2026,MORARJEE,6.16,6.42,-0.0413,0.0338,0.0339,0.6477
27-FEB-2026,MOREALTY,78.17,79.98,-0.0229,0.0149,0.0150,0.2866
27-FEB-2026,MOREPENLAB,43.68,44.65,-0.0220,0.0291,0.0290,0.5540
27-FEB-2026,MOSCHIP,194.45,195.50,-0.0054,0.0341,0.0341,0.6515
27-FEB-2026,MOSERVICE,32.72,32.83,-0.0034,0.0040,0.0040,0.0764
27-FEB-2026,MOSILVER,260.78,254.77,0.0233,0.0313,0.0313,0.5980
27-FEB-2026,MOSMALL250,15.98,16.14,-0.0100,0.0101,0.0101,0.1930
27-FEB-2026,MOTHERSON,133.35,135.30,-0.0145,0.0202,0.0201,0.3840
27-FEB-2026,MOTILALOFS,725.15,731.05,-0.0081,0.0277,0.0276,0.5273
27-FEB-2026,MOTISONS,15.50,15.96,-0.0292,0.0298,0.0298,0.5693
27-FEB-2026,MOTOGENFIN,20.57,20.91,-0.0164,0.0286,0.0285,0.5445
27-FEB-2026,MOTOUR,77.76,79.06,-0.0166,0.0074,0.0075,0.1433
27-FEB-2026,MOVALUE,127.26,127.73,-0.0037,0.0114,0.0114,0.2178
27-FEB-2026,MPHASIS,2296.50,2261.50,0.0154,0.0187,0.0186,0.3554
27-FEB-2026,MPSLTD,1505.00,1508.10,-0.0021,0.0291,0.0291,0.5560
27-FEB-2026,MRF,140985.75,143522.00,-0.0178,0.0147,0.0147,0.2808
27-FEB-2026,MRPL,196.65,197.15,-0.0025,0.0292,0.0292,0.5579
27-FEB-2026,MSCIADD,29.97,30.29,-0.0106,0.0041,0.0042,0.0802
27-FEB-2026,MSCIINDIA,30.28,30.46,-0.0059,0.0070,0.0070,0.1337
27-FEB-2026,MSPL,31.78,32.07,-0.0091,0.0280,0.0280,0.5349
27-FEB-2026,MSTCLTD,457.15,451.90,0.0116,0.0256,0.0256,0.4891
27-FEB-2026,MSUMI,43.20,42.91,0.0067,0.0178,0.0178,0.3401
27-FEB-2026,MTARTECH,3806.85,3683.40,0.0330,0.0275,0.0276,0.5273
27-FEB-2026,MTEDUCARE,1.38,1.44,-0.0426,0.0313,0.0314,0.5999
27-FEB-2026,MTNL,29.73,30.16,-0.0144,0.0302,0.0302,0.5770
27-FEB-2026,MUFIN,114.85,115.30,-0.0039,0.0280,0.0280,0.5349
27-FEB-2026,MUFTI,86.67,84.94,0.0202,0.0276,0.0275,0.5254
27-FEB-2026,MUKANDLTD,131.35,133.80,-0.0185,0.0267,0.0266,0.5082
27-FEB-2026,MUKKA,22.76,22.95,-0.0083,0.0215,0.0215,0.4108
27-FEB-2026,MUKTAARTS,55.02,55.43,-0.0074,0.0285,0.0284,0.5426
27-FEB-2026,MULTICAP,16.09,16.25,-0.0099,0.0078,0.0078,0.1490
27-FEB-2026,MUNJALAU,82.31,82.43,-0.0015,0.0261,0.0260,0.4967
27-FEB-2026,MUNJALSHOW,128.05,128.90,-0.0066,0.0210,0.0210,0.4012
27-FEB-2026,MURUDCERA,32.68,32.89,-0.0064,0.0241,0.0240,0.4585
27-FEB-2026,MUTHOOTCAP,230.65,229.45,0.0052,0.0237,0.0236,0.4509
27-FEB-2026,MUTHOOTFIN,3353.50,3435.95,-0.0243,0.0218,0.0219,0.4184
27-FEB-2026,MUTHOOTMF,168.90,175.50,-0.0383,0.0231,0.0232,0.4432
27-FEB-2026,MVGJL,157.10,156.55,0.0035,0.0268,0.0267,0.5101
27-FEB-2026,MWL,267.00,268.60,-0.0060,0.0149,0.0148,0.2828
27-FEB-2026,NACLIND,133.65,132.25,0.0105,0.0361,0.0360,0.6878
27-FEB-2026,NAGAFERT,4.37,4.36,0.0023,0.0275,0.0274,0.5235
27-FEB-2026,NAGREEKCAP,25.74,26.45,-0.0272,0.0352,0.0352,0.6725
27-FEB-2026,NAGREEKEXP,25.20,25.14,0.0024,0.0326,0.0325,0.6209
27-FEB-2026,NAHARCAP,238.60,240.90,-0.0096,0.0224,0.0223,0.4260
27-FEB-2026,NAHARINDUS,97.03,98.36,-0.0136,0.0246,0.0245,0.4681
27-FEB-2026,NAHARPOLY,246.35,251.55,-0.0209,0.0291,0.0291,0.5560
27-FEB-2026,NAHARSPING,204.85,202.35,0.0123,0.0259,0.0259,0.4948
27-FEB-2026,NAM-INDIA,931.15,943.75,-0.0134,0.0238,0.0237,0.4528
27-FEB-2026,NANDINI,14.00,14.00,0.0000,0.0000,0.0000,0.0000
27-FEB-2026,NARMADA,32.75,32.74,0.0003,0.0277,0.0276,0.5273
27-FEB-2026,NATCAPSUQ,153.95,153.25,0.0046,0.0313,0.0313,0.5980
27-FEB-2026,NATCOPHARM,988.50,972.10,0.0167,0.0237,0.0237,0.4528
27-FEB-2026,NATHBIOGEN,150.05,149.45,0.0040,0.0216,0.0215,0.4108
27-FEB-2026,NATIONALUM,354.60,361.30,-0.0187,0.0267,0.0267,0.5101
27-FEB-2026,NAUKRI,1029.70,1051.00,-0.0205,0.0190,0.0190,0.3630
27-FEB-2026,NAVA,595.60,595.60,0.0000,0.0264,0.0263,0.5025
27-FEB-2026,NAVINFLUOR,6256.50,6484.50,-0.0358,0.0208,0.0209,0.3993
27-FEB-2026,NAVKARCORP,94.14,94.57,-0.0046,0.0307,0.0306,0.5846
27-FEB-2026,NAVKARURB,1.26,1.29,-0.0235,0.0310,0.0310,0.5923
27-FEB-2026,NAVNETEDUL,146.65,147.95,-0.0088,0.0219,0.0218,0.4165
27-FEB-2026,NAZARA,264.80,264.95,-0.0006,0.0239,0.0239,0.4566
27-FEB-2026,NBCC,92.67,94.06,-0.0149,0.0255,0.0255,0.4872
27-FEB-2026,NBIFIN,1902.40,1886.80,0.0082,0.0233,0.0232,0.4432
27-FEB-2026,NCC,152.65,153.45,-0.0052,0.0224,0.0223,0.4260
27-FEB-2026,NCCL,12.10,12.10,0.0000,0.0000,0.0000,0.0000
27-FEB-2026,NCLIND,185.75,185.40,0.0019,0.0178,0.0177,0.3382
27-FEB-2026,NDGL,2590.00,2587.30,0.0010,0.0241,0.0241,0.4604
27-FEB-2026,NDL,2.67,2.67,0.0000,0.0261,0.0260,0.4967
27-FEB-2026,NDLVENTURE,115.31,113.02,0.0201,0.0348,0.0347,0.6629
27-FEB-2026,NDRAUTO,755.20,764.60,-0.0124,0.0322,0.0321,0.6133
27-FEB-2026,NDRINVIT,129.00,129.00,0.0000,0.0081,0.0081,0.1548
27-FEB-2026,NDTV,79.74,81.25,-0.0188,0.0279,0.0278,0.5311
27-FEB-2026,NECCLTD,14.07,14.24,-0.0120,0.0283,0.0282,0.5388
27-FEB-2026,NECLIFE,12.20,12.18,0.0016,0.0382,0.0381,0.7279
27-FEB-2026,NELCAST,114.47,111.59,0.0255,0.0338,0.0338,0.6457
27-FEB-2026,NELCO,622.20,627.45,-0.0084,0.0266,0.0266,0.5082
27-FEB-2026,NEOGEN,1464.00,1451.05,0.0089,0.0291,0.0290,0.5540
27-FEB-2026,NEPACL,9.30,9.30,0.0000,0.0000,0.0000,0.0000
27-FEB-2026,NEPHROPLUS,593.75,606.50,-0.0212,0.0121,0.0121,0.2312
27-FEB-2026,NESCO,1123.60,1150.55,-0.0237,0.0210,0.0210,0.4012
27-FEB-2026,NESTLEIND,1291.70,1318.00,-0.0202,0.0120,0.0121,0.2312
27-FEB-2026,NETF,273.14,275.90,-0.0101,0.0076,0.0077,0.1471
27-FEB-2026,NETWEB,3861.25,3697.60,0.0433,0.0343,0.0343,0.6553
27-FEB-2026,NETWORK18,33.33,33.39,-0.0018,0.0254,0.0253,0.4834
27-FEB-2026,NEULANDLAB,12824.40,13204.15,-0.0292,0.0305,0.0305,0.5827
27-FEB-2026,NEWAGE,10.00,10.00,0.0000,0.0000,0.0000,0.0000
27-FEB-2026,NEWERA,8.50,8.50,0.0000,0.0025,0.0025,0.0478
27-FEB-2026,NEWGEN,508.75,517.90,-0.0178,0.0353,0.0352,0.6725
27-FEB-2026,NEXT30ADD,41.41,42.04,-0.0151,0.0076,0.0076,0.1452
27-FEB-2026,NEXT50,717.34,725.18,-0.0109,0.0103,0.0103,0.1968
27-FEB-2026,NEXT50ADD,69.76,70.24,-0.0069,0.0119,0.0119,0.2273
27-FEB-2026,NEXT50BETA,75.03,75.67,-0.0085,0.0102,0.0102,0.1949
27-FEB-2026,NEXT50ETF,70.20,70.82,-0.0088,0.0054,0.0055,0.1051
27-FEB-2026,NEXT50IETF,73.38,74.31,-0.0126,0.0095,0.0096,0.1834
27-FEB-2026,NEXTMEDIA,5.69,5.86,-0.0294,0.0285,0.0285,0.5445
27-FEB-2026,NFL,77.32,77.42,-0.0013,0.0232,0.0231,0.4413
27-FEB-2026,NGIL,25.78,25.78,0.0000,0.0285,0.0284,0.5426
27-FEB-2026,NGLFINE,2301.10,2304.15,-0.0013,0.0322,0.0321,0.6133
27-FEB-2026,NH,1830.95,1851.30,-0.0111,0.0200,0.0200,0.3821
27-FEB-2026,NHIT,155.00,155.00,0.0000,0.0058,0.0058,0.1108
27-FEB-2026,NHPC,75.33,75.73,-0.0053,0.0183,0.0183,0.3496
27-FEB-2026,NIACL,147.30,148.95,-0.0111,0.0244,0.0244,0.4662
27-FEB-2026,NIBE,1009.90,1025.95,-0.0158,0.0318,0.0317,0.6056
27-FEB-2026,NIBL,31.35,31.75,-0.0127,0.0415,0.0414,0.7909
27-FEB-2026,NIF100BEES,274.37,277.63,-0.0118,0.0070,0.0070,0.1337
27-FEB-2026,NIF100IETF,28.87,29.10,-0.0079,0.0072,0.0072,0.1376
27-FEB-2026,NIFTY1,277.90,281.45,-0.0127,0.0068,0.0069,0.1318
27-FEB-2026,NIFTY100EW,34.15,34.47,-0.0093,0.0131,0.0131,0.2503
27-FEB-2026,NIFTYADD,264.18,267.02,-0.0107,0.0144,0.0144,0.2751
27-FEB-2026,NIFTYBEES,285.29,288.58,-0.0115,0.0068,0.0069,0.1318
27-FEB-2026,NIFTYBETA,278.22,281.12,-0.0104,0.0070,0.0070,0.1337
27-FEB-2026,NIFTYBETF,257.92,260.31,-0.0092,0.0074,0.0074,0.1414
27-FEB-2026,NIFTYCASE,10.04,10.17,-0.0129,0.0037,0.0038,0.0726
27-FEB-2026,NIFTYETF,272.35,275.60,-0.0119,0.0073,0.0073,0.1395
27-FEB-2026,NIFTYIETF,284.17,287.23,-0.0107,0.0070,0.0070,0.1337
27-FEB-2026,NIFTYQLITY,21.07,21.24,-0.0080,0.0088,0.0088,0.1681
27-FEB-2026,NIITLTD,71.39,72.02,-0.0088,0.0277,0.0277,0.5292
27-FEB-2026,NIITMTS,337.30,339.55,-0.0066,0.0216,0.0216,0.4127
27-FEB-2026,NILAINFRA,8.07,8.01,0.0075,0.0273,0.0273,0.5216
27-FEB-2026,NILASPACES,13.99,14.10,-0.0078,0.0302,0.0301,0.5751
27-FEB-2026,NILKAMAL,1374.30,1389.00,-0.0106,0.0142,0.0142,0.2713
27-FEB-2026,NINSYS,325.95,322.90,0.0094,0.0239,0.0238,0.4547
27-FEB-2026,NIPPOBATRY,336.45,340.50,-0.0120,0.0210,0.0210,0.4012
27-FEB-2026,NIRAJ,29.61,29.93,-0.0107,0.0368,0.0367,0.7012
27-FEB-2026,NIRAJISPAT,284.73,271.18,0.0488,0.0358,0.0359,0.6859
27-FEB-2026,NITCO,74.77,76.20,-0.0189,0.0306,0.0306,0.5846
27-FEB-2026,NITINSPIN,379.55,383.85,-0.0113,0.0234,0.0234,0.4471
27-FEB-2026,NITIRAJ,214.98,206.36,0.0409,0.0302,0.0302,0.5770
27-FEB-2026,NIVABUPA,75.09,76.48,-0.0183,0.0186,0.0186,0.3554
27-FEB-2026,NKIND,66.32,64.32,0.0306,0.0383,0.0383,0.7317
27-FEB-2026,NKTEXTILE,10.00,10.00,0.0000,0.0000,0.0000,0.0000
27-FEB-2026,NLCINDIA,260.05,262.40,-0.0090,0.0236,0.0235,0.4490
27-FEB-2026,NMDC,81.74,82.56,-0.0100,0.0197,0.0197,0.3764
27-FEB-2026,NOCIL,144.50,148.80,-0.0293,0.0218,0.0218,0.4165
27-FEB-2026,NOIDATOLL,3.74,3.77,-0.0080,0.0318,0.0318,0.6075
27-FEB-2026,NORBTEAEXP,94.96,93.10,0.0198,0.0281,0.0281,0.5368
27-FEB-2026,NORTHARC,252.05,254.00,-0.0077,0.0231,0.0230,0.4394
27-FEB-2026,NOVAAGRI,29.62,29.63,-0.0003,0.0255,0.0254,0.4853
27-FEB-2026,NPBET,296.06,301.27,-0.0174,0.0090,0.0091,0.1739
27-FEB-2026,NPST,1168.40,1138.95,0.0255,0.0253,0.0253,0.4834
27-FEB-2026,NRAIL,460.50,439.20,0.0474,0.0310,0.0311,0.5942
27-FEB-2026,NRBBEARING,271.05,273.85,-0.0103,0.0227,0.0226,0.4318
27-FEB-2026,NRL,53.10,51.34,0.0337,0.0283,0.0283,0.5407
27-FEB-2026,NSIL,5962.85,5925.45,0.0063,0.0243,0.0243,0.4643
27-FEB-2026,NSLNISP,40.57,40.34,0.0057,0.0245,0.0244,0.4662
27-FEB-2026,NTPC,381.90,381.90,0.0000,0.0143,0.0143,0.2732
27-FEB-2026,NTPCGREEN,90.14,90.19,-0.0006,0.0159,0.0159,0.3038
27-FEB-2026,NUCLEUS,791.85,791.35,0.0006,0.0233,0.0232,0.4432
27-FEB-2026,NURECA,295.15,299.50,-0.0146,0.0310,0.0309,0.5903
27-FEB-2026,NUVAMA,1244.90,1280.90,-0.0285,0.0255,0.0255,0.4872
27-FEB-2026,NUVOCO,328.15,331.85,-0.0112,0.0172,0.0172,0.3286
27-FEB-2026,NV20,15.17,15.23,-0.0039,0.0107,0.0107,0.2044
27-FEB-2026,NV20BEES,151.70,153.00,-0.0085,0.0074,0.0074,0.1414
27-FEB-2026,NV20IETF,14.76,14.88,-0.0081,0.0070,0.0071,0.1356
27-FEB-2026,NXST,161.72,159.95,0.0110,0.0106,0.0106,0.2025
27-FEB-2026,NXT-INFRA,100.05,100.05,0.0000,0.0050,0.0050,0.0955
27-FEB-2026,NYKAA,265.50,267.55,-0.0077,0.0187,0.0187,0.3573
27-FEB-2026,OAL,275.35,276.55,-0.0043,0.0283,0.0282,0.5388
27-FEB-2026,OBCL,55.99,55.00,0.0178,0.0223,0.0223,0.4260
27-FEB-2026,OBEROIRLTY,1522.85,1544.40,-0.0141,0.0190,0.0189,0.3611
27-FEB-2026,OCCLLTD,89.99,92.06,-0.0227,0.0273,0.0272,0.5197
27-FEB-2026,ODIGMA,25.46,26.25,-0.0306,0.0240,0.0240,0.4585
27-FEB-2026,OEGIL,25.70,25.70,0.0000,0.0005,0.0005,0.0096
27-FEB-2026,OFSS,6931.95,6856.50,0.0109,0.0205,0.0204,0.3897
27-FEB-2026,OIL,483.90,473.45,0.0218,0.0222,0.0222,0.4241
27-FEB-2026,OILCOUNTUB,47.36,48.25,-0.0186,0.0311,0.0311,0.5942
27-FEB-2026,OILIETF,12.40,12.43,-0.0024,0.0096,0.0096,0.1834
27-FEB-2026,OLAELEC,25.22,25.13,0.0036,0.0340,0.0339,0.6477
27-FEB-2026,OLECTRA,997.10,1009.45,-0.0123,0.0260,0.0259,0.4948
27-FEB-2026,OMAXAUTO,107.20,110.60,-0.0312,0.0340,0.0339,0.6477
27-FEB-2026,OMAXE,79.04,78.80,0.0030,0.0308,0.0307,0.5865
27-FEB-2026,OMFREIGHT,79.57,81.79,-0.0275,0.0148,0.0149,0.2847
27-FEB-2026,OMINFRAL,85.38,88.09,-0.0312,0.0302,0.0302,0.5770
27-FEB-2026,OMKARCHEM,4.88,4.80,0.0165,0.0311,0.0310,0.5923
27-FEB-2026,ONECAP-RE,0.22,0.28,-0.2412,0.0486,0.0513,0.9801
27-FEB-2026,ONELIFECAP,15.64,15.91,-0.0171,0.0365,0.0365,0.6973
27-FEB-2026,ONEPOINT,47.08,47.28,-0.0042,0.0305,0.0304,0.5808
27-FEB-2026,ONESOURCE,1346.80,1322.65,0.0181,0.0267,0.0267,0.5101
27-FEB-2026,ONGC,279.70,280.10,-0.0014,0.0170,0.0169,0.3229
27-FEB-2026,ONMOBILE,50.79,51.31,-0.0102,0.0293,0.0292,0.5579
27-FEB-2026,ONWARDTEC,272.65,275.10,-0.0089,0.0298,0.0297,0.5674
27-FEB-2026,OPTIEMUS,413.80,414.15,-0.0008,0.0311,0.0310,0.5923
27-FEB-2026,ORBTEXP,169.90,174.25,-0.0253,0.0326,0.0325,0.6209
27-FEB-2026,ORCHASP,2.68,2.64,0.0150,0.0358,0.0358,0.6840
27-FEB-2026,ORCHPHARMA,619.75,627.65,-0.0127,0.0265,0.0264,0.5044
27-FEB-2026,ORICONENT,68.03,67.75,0.0041,0.0239,0.0239,0.4566
27-FEB-2026,ORIENTALTL,6.62,6.66,-0.0060,0.0300,0.0300,0.5731
27-FEB-2026,ORIENTBELL,300.75,308.95,-0.0269,0.0266,0.0266,0.5082
27-FEB-2026,ORIENTCEM,154.10,157.70,-0.0231,0.0229,0.0229,0.4375
27-FEB-2026,ORIENTCER,38.60,39.35,-0.0192,0.0312,0.0311,0.5942
27-FEB-2026,ORIENTELEC,185.10,194.50,-0.0495,0.0244,0.0246,0.4700
27-FEB-2026,ORIENTHOT,101.50,100.80,0.0069,0.0241,0.0241,0.4604
27-FEB-2026,ORIENTLTD,64.87,63.60,0.0198,0.0266,0.0266,0.5082
27-FEB-2026,ORIENTPPR,18.70,18.82,-0.0064,0.0238,0.0238,0.4547
27-FEB-2026,ORIENTTECH,297.00,305.90,-0.0295,0.0364,0.0364,0.6954
27-FEB-2026,ORISSAMINE,4125.10,4208.00,-0.0199,0.0258,0.0258,0.4929
27-FEB-2026,ORKLAINDIA,586.65,590.00,-0.0057,0.0117,0.0117,0.2235
27-FEB-2026,ORTEL,1.51,1.58,-0.0453,0.0471,0.0471,0.8998
27-FEB-2026,ORTINGLOBE,17.20,16.39,0.0482,0.0355,0.0355,0.6782
27-FEB-2026,OSIAHYPER,8.63,9.08,-0.0508,0.0336,0.0337,0.6438
27-FEB-2026,OSWALAGRO,47.30,47.59,-0.0061,0.0330,0.0329,0.6286
27-FEB-2026,OSWALGREEN,27.23,27.80,-0.0207,0.0287,0.0287,0.5483
27-FEB-2026,OSWALMIN,10.00,10.00,0.0000,0.0000,0.0000,0.0000
27-FEB-2026,OSWALPUMPS,315.65,321.30,-0.0177,0.0209,0.0209,0.3993
27-FEB-2026,OSWALSEEDS,13.07,13.09,-0.0015,0.0295,0.0295,0.5636
27-FEB-2026,PACEDIGITK,171.50,178.10,-0.0378,0.0145,0.0147,0.2808
27-FEB-2026,PAGEIND,32110.05,32254.45,-0.0045,0.0143,0.0143,0.2732
27-FEB-2026,PAISALO,35.56,36.26,-0.0195,0.0272,0.0271,0.5177
27-FEB-2026,PAKKA,90.14,90.23,-0.0010,0.0300,0.0300,0.5731
27-FEB-2026,PALASHSECU,94.78,93.23,0.0165,0.0243,0.0243,0.4643
27-FEB-2026,PALREDTEC,32.55,34.04,-0.0448,0.0316,0.0317,0.6056
27-FEB-2026,PANACEABIO,331.00,336.15,-0.0154,0.0333,0.0332,0.6343
27-FEB-2026,PANACHE,340.15,335.20,0.0147,0.0314,0.0313,0.5980
27-FEB-2026,PANAMAPET,281.35,281.20,0.0005,0.0213,0.0212,0.4050
27-FEB-2026,PANSARI,303.00,290.55,0.0420,0.0292,0.0293,0.5598
27-FEB-2026,PAR,95.69,93.09,0.0275,0.0291,0.0291,0.5560
27-FEB-2026,PARACABLES,34.84,34.25,0.0171,0.0309,0.0309,0.5903
27-FEB-2026,PARADEEP,121.50,119.55,0.0162,0.0296,0.0295,0.5636
27-FEB-2026,PARAGMILK,202.45,207.75,-0.0258,0.0304,0.0303,0.5789
27-FEB-2026,PARAS,637.85,637.05,0.0013,0.0292,0.0291,0.5560
27-FEB-2026,PARASPETRO,2.17,2.22,-0.0228,0.0424,0.0423,0.8081
27-FEB-2026,PARKHOSPS,193.05,190.90,0.0112,0.0120,0.0120,0.2293
27-FEB-2026,PARKHOTELS,125.70,122.50,0.0258,0.0223,0.0223,0.4260
27-FEB-2026,PARSVNATH,7.94,6.89,0.1418,0.0357,0.0370,0.7069
27-FEB-2026,PASHUPATI,1000.15,993.15,0.0070,0.0090,0.0090,0.1719
27-FEB-2026,PASUPTAC,53.30,53.21,0.0017,0.0329,0.0328,0.6266
27-FEB-2026,PATANJALI,508.05,516.95,-0.0174,0.0166,0.0166,0.3171
27-FEB-2026,PATELENG,27.59,28.00,-0.0148,0.0263,0.0262,0.5006
27-FEB-2026,PATELRMART,178.30,179.95,-0.0092,0.0214,0.0214,0.4088
27-FEB-2026,PATINTLOG,10.26,10.24,0.0020,0.0262,0.0262,0.5006
27-FEB-2026,PAUSHAKLTD,460.75,464.75,-0.0086,0.0282,0.0281,0.5368
27-FEB-2026,PAVNAIND,20.62,22.10,-0.0693,0.0399,0.0401,0.7661
27-FEB-2026,PAYTM,1098.30,1122.80,-0.0221,0.0267,0.0267,0.5101
27-FEB-2026,PCBL,309.40,300.50,0.0292,0.0263,0.0263,0.5025
27-FEB-2026,PCJEWELLER,9.92,10.03,-0.0110,0.0315,0.0314,0.5999
27-FEB-2026,PDMJEPAPER,83.07,83.84,-0.0092,0.0270,0.0270,0.5158
27-FEB-2026,PDSL,304.25,300.30,0.0131,0.0251,0.0251,0.4795
27-FEB-2026,PEARLPOLY,18.78,19.08,-0.0158,0.0326,0.0325,0.6209
27-FEB-2026,PENIND,149.70,149.95,-0.0017,0.0339,0.0338,0.6457
27-FEB-2026,PENINLAND,18.25,17.66,0.0329,0.0344,0.0344,0.6572
27-FEB-2026,PERSISTENT,4733.00,4781.40,-0.0102,0.0213,0.0213,0.4069
27-FEB-2026,PETRONET,323.40,317.00,0.0200,0.0163,0.0163,0.3114
27-FEB-2026,PFC,413.80,420.60,-0.0163,0.0210,0.0209,0.3993
27-FEB-2026,PFIZER,5062.40,5091.25,-0.0057,0.0162,0.0161,0.3076
27-FEB-2026,PFOCUS,254.85,266.55,-0.0449,0.0360,0.0360,0.6878
27-FEB-2026,PFS,30.78,30.69,0.0029,0.0257,0.0257,0.4910
27-FEB-2026,PGEL,627.90,624.65,0.0052,0.0322,0.0321,0.6133
27-FEB-2026,PGHH,11351.20,11453.40,-0.0090,0.0115,0.0115,0.2197
27-FEB-2026,PGHL,4900.55,5124.20,-0.0446,0.0138,0.0141,0.2694
27-FEB-2026,PGIL,1538.80,1553.30,-0.0094,0.0354,0.0353,0.6744
27-FEB-2026,PGINVIT,92.67,91.49,0.0128,0.0082,0.0082,0.1567
27-FEB-2026,PHARMABEES,23.59,23.86,-0.0114,0.0089,0.0090,0.1719
27-FEB-2026,PHOENIXLTD,1658.65,1715.90,-0.0339,0.0201,0.0202,0.3859
27-FEB-2026,PICCADIL,560.80,577.75,-0.0298,0.0298,0.0298,0.5693
27-FEB-2026,PIDILITIND,1492.00,1516.90,-0.0166,0.0111,0.0111,0.2121
27-FEB-2026,PIGL,104.00,107.75,-0.0354,0.0308,0.0308,0.5884
27-FEB-2026,PIIND,3117.25,3134.15,-0.0054,0.0151,0.0151,0.2885
27-FEB-2026,PILANIINVS,4596.10,4651.20,-0.0119,0.0218,0.0217,0.4146
27-FEB-2026,PILITA,8.45,8.48,-0.0035,0.0287,0.0287,0.5483
27-FEB-2026,PILLAR,10.00,10.00,0.0000,0.0000,0.0000,0.0000
27-FEB-2026,PINELABS,190.20,190.10,0.0005,0.0139,0.0139,0.2656
27-FEB-2026,PIONEEREMB,27.32,27.10,0.0081,0.0282,0.0281,0.5368
27-FEB-2026,PIRAMALFIN,1738.65,1764.00,-0.0145,0.0119,0.0119,0.2273
27-FEB-2026,PITTIENG,910.00,915.90,-0.0065,0.0249,0.0248,0.4738
27-FEB-2026,PIXTRANS,1451.75,1445.45,0.0043,0.0251,0.0250,0.4776
27-FEB-2026,PKLEASING,10.00,10.00,0.0000,0.0000,0.0000,0.0000
27-FEB-2026,PKTEA,790.00,796.40,-0.0081,0.0339,0.0338,0.6457
27-FEB-2026,PLASTIBLEN,146.80,147.35,-0.0037,0.0200,0.0200,0.3821
27-FEB-2026,PLATIND,222.40,226.05,-0.0163,0.0279,0.0279,0.5330
27-FEB-2026,PLAZACABLE,38.30,37.99,0.0081,0.0238,0.0237,0.4528
27-FEB-2026,PNB,129.45,130.50,-0.0081,0.0182,0.0181,0.3458
27-FEB-2026,PNBGILTS,79.93,78.03,0.0241,0.0227,0.0227,0.4337
27-FEB-2026,PNBHOUSING,824.80,847.70,-0.0274,0.0236,0.0236,0.4509
27-FEB-2026,PNC,23.48,23.37,0.0047,0.0335,0.0334,0.6381
27-FEB-2026,PNCINFRA,206.80,211.65,-0.0232,0.0215,0.0215,0.4108
27-FEB-2026,PNGJL,552.00,544.50,0.0137,0.0200,0.0199,0.3802
27-FEB-2026,POCL,1145.90,1164.40,-0.0160,0.0349,0.0348,0.6649
27-FEB-2026,PODDARMENT,237.60,233.80,0.0161,0.0202,0.0202,0.3859
27-FEB-2026,POKARNA,906.80,919.45,-0.0139,0.0382,0.0381,0.7279
27-FEB-2026,POLICYBZR,1481.60,1524.80,-0.0287,0.0244,0.0244,0.4662
27-FEB-2026,POLYCAB,8610.50,8505.95,0.0122,0.0205,0.0205,0.3917
27-FEB-2026,POLYMED,1256.55,1258.75,-0.0017,0.0258,0.0257,0.4910
27-FEB-2026,POLYPLEX,848.15,839.50,0.0103,0.0201,0.0200,0.3821
27-FEB-2026,PONNIERODE,272.90,266.05,0.0254,0.0203,0.0203,0.3878
27-FEB-2026,POONAWALLA,454.80,464.20,-0.0205,0.0241,0.0241,0.4604
27-FEB-2026,POWERGRID,298.65,303.25,-0.0153,0.0155,0.0155,0.2961
27-FEB-2026,POWERINDIA,25562.70,25400.20,0.0064,0.0310,0.0309,0.5903
27-FEB-2026,POWERMECH,2076.80,2116.00,-0.0187,0.0249,0.0248,0.4738
27-FEB-2026,PPAP,215.60,220.30,-0.0216,0.0294,0.0294,0.5617
27-FEB-2026,PPL,205.00,203.70,0.0064,0.0262,0.0262,0.5006
27-FEB-2026,PPLPHARMA,156.15,162.40,-0.0392,0.0218,0.0219,0.4184
27-FEB-2026,PRABHA,174.35,176.50,-0.0123,0.0252,0.0252,0.4814
27-FEB-2026,PRABHATSEC,10.80,10.80,0.0000,0.0000,0.0000,0.0000
27-FEB-2026,PRAENG,21.30,22.17,-0.0400,0.0341,0.0342,0.6534
27-FEB-2026,PRAJIND,317.95,310.10,0.0250,0.0266,0.0266,0.5082
27-FEB-2026,PRAKASH,131.15,135.75,-0.0345,0.0272,0.0273,0.5216
27-FEB-2026,PRAKASHSTL,4.37,4.41,-0.0091,0.0283,0.0283,0.5407
27-FEB-2026,PRAXIS,7.79,7.98,-0.0241,0.0310,0.0309,0.5903
27-FEB-2026,PRECAM,136.00,138.60,-0.0189,0.0331,0.0330,0.6305
27-FEB-2026,PRECOT,456.15,460.10,-0.0086,0.0380,0.0379,0.7241
27-FEB-2026,PRECWIRE,312.25,307.00,0.0170,0.0331,0.0330,0.6305
27-FEB-2026,PREMEXPLN,537.65,541.90,-0.0079,0.0366,0.0365,0.6973
27-FEB-2026,PREMIER,2.99,2.99,0.0000,0.0289,0.0289,0.5521
27-FEB-2026,PREMIERENE,731.00,725.25,0.0079,0.0252,0.0251,0.4795
27-FEB-2026,PREMIERPOL,52.35,52.43,-0.0015,0.0346,0.0346,0.6610
27-FEB-2026,PRESTIGE,1393.00,1428.50,-0.0252,0.0224,0.0224,0.4280
27-FEB-2026,PRHOLDING,10.00,10.00,0.0000,0.0000,0.0000,0.0000
27-FEB-2026,PRICOLLTD,602.75,617.70,-0.0245,0.0227,0.0227,0.4337
27-FEB-2026,PRIMESECU,276.45,281.15,-0.0169,0.0244,0.0244,0.4662
27-FEB-2026,PRIMO,18.77,19.52,-0.0392,0.0266,0.0267,0.5101
27-FEB-2026,PRINCEPIPE,252.30,251.35,0.0038,0.0228,0.0227,0.4337
27-FEB-2026,PRITI,46.40,47.48,-0.0230,0.0345,0.0344,0.6572
27-FEB-2026,PRITIKAUTO,13.21,13.50,-0.0217,0.0241,0.0241,0.4604
27-FEB-2026,PRIVISCL,3039.60,2997.15,0.0141,0.0255,0.0254,0.4853
27-FEB-2026,PRIYAINT,8.50,8.50,0.0000,0.0000,0.0000,0.0000
27-FEB-2026,PROSTARM,146.35,150.05,-0.0250,0.0278,0.0278,0.5311
27-FEB-2026,PROTEAN,590.10,598.10,-0.0135,0.0262,0.0262,0.5006
27-FEB-2026,PROZONER,49.60,50.81,-0.0241,0.0311,0.0311,0.5942
27-FEB-2026,PRSMJOHNSN,125.80,126.15,-0.0028,0.0256,0.0255,0.4872
27-FEB-2026,PRUDENT,2350.15,2469.00,-0.0493,0.0281,0.0282,0.5388
27-FEB-2026,PRUDMOULI,17.51,17.33,0.0103,0.0308,0.0307,0.5865
27-FEB-2026,PSB,26.65,26.19,0.0174,0.0253,0.0252,0.4814
27-FEB-2026,PSPPROJECT,725.55,740.60,-0.0205,0.0250,0.0250,0.4776
27-FEB-2026,PSUBANK,980.02,985.61,-0.0057,0.0149,0.0149,0.2847
27-FEB-2026,PSUBANKADD,99.07,99.37,-0.0030,0.0141,0.0141,0.2694
27-FEB-2026,PSUBNKBEES,109.16,109.87,-0.0065,0.0148,0.0148,0.2828
27-FEB-2026,PSUBNKIETF,99.42,99.96,-0.0054,0.0139,0.0139,0.2656
27-FEB-2026,PTC,166.50,163.95,0.0154,0.0212,0.0212,0.4050
27-FEB-2026,PTCIL,17935.80,17949.15,-0.0007,0.0247,0.0246,0.4700
27-FEB-2026,PTL,38.40,38.75,-0.0091,0.0148,0.0148,0.2828
27-FEB-2026,PUNJABCHEM,1183.60,1141.60,0.0361,0.0292,0.0292,0.5579
27-FEB-2026,PURBANCHAL,8.65,8.65,0.0000,0.0000,0.0000,0.0000
27-FEB-2026,PURVA,198.50,206.75,-0.0407,0.0292,0.0292,0.5579
27-FEB-2026,PVP,27.30,27.30,0.0000,0.0344,0.0343,0.6553
27-FEB-2026,PVRINOX,1022.20,1032.35,-0.0099,0.0195,0.0195,0.3725
27-FEB-2026,PVSL,94.00,90.50,0.0379,0.0252,0.0253,0.4834
27-FEB-2026,PVTBANIETF,28.87,29.24,-0.0127,0.0080,0.0081,0.1548
27-FEB-2026,PVTBANKADD,29.01,29.36,-0.0120,0.0087,0.0087,0.1662
27-FEB-2026,PWL,86.60,89.30,-0.0307,0.0202,0.0203,0.3878
27-FEB-2026,PYRAMID,145.95,148.15,-0.0150,0.0229,0.0229,0.4375
27-FEB-2026,QGOLDHALF,131.79,130.87,0.0070,0.0171,0.0170,0.3248
27-FEB-2026,QNIFTY,276.01,279.01,-0.0108,0.0072,0.0073,0.1395
27-FEB-2026,QPOWER,867.45,902.30,-0.0394,0.0321,0.0321,0.6133
27-FEB-2026,QUADFUTURE,293.35,297.40,-0.0137,0.0347,0.0346,0.6610
27-FEB-2026,QUAL30IETF,20.84,20.98,-0.0067,0.0078,0.0078,0.1490
27-FEB-2026,QUALITY30,20.36,20.58,-0.0107,0.0067,0.0067,0.1280
27-FEB-2026,QUESS,195.75,194.20,0.0079,0.0208,0.0207,0.3955
27-FEB-2026,QUICKHEAL,166.30,165.60,0.0042,0.0306,0.0305,0.5827
27-FEB-2026,RACE,114.45,112.95,0.0132,0.0293,0.0292,0.5579
27-FEB-2026,RACLGEAR,1401.30,1425.35,-0.0170,0.0344,0.0343,0.6553
27-FEB-2026,RADAAN,3.12,3.14,-0.0064,0.0307,0.0306,0.5846
27-FEB-2026,RADHIKAJWE,66.25,66.34,-0.0014,0.0288,0.0287,0.5483
27-FEB-2026,RADIANTCMS,36.73,37.04,-0.0084,0.0229,0.0228,0.4356
27-FEB-2026,RADICO,2649.45,2700.70,-0.0192,0.0207,0.0207,0.3955
27-FEB-2026,RADIOCITY,6.04,6.04,0.0000,0.0206,0.0205,0.3917
27-FEB-2026,RAILTEL,313.65,312.60,0.0034,0.0275,0.0274,0.5235
27-FEB-2026,RAIN,148.65,154.50,-0.0386,0.0263,0.0263,0.5025
27-FEB-2026,RAINBOW,1189.60,1207.80,-0.0152,0.0179,0.0179,0.3420
27-FEB-2026,RAJESHEXPO,143.80,151.00,-0.0489,0.0267,0.0269,0.5139
27-FEB-2026,RAJMET,3.83,3.86,-0.0078,0.0257,0.0256,0.4891
27-FEB-2026,RAJOOENG,62.49,63.05,-0.0089,0.0304,0.0303,0.5789
27-FEB-2026,RAJRATAN,416.75,421.75,-0.0119,0.0303,0.0303,0.5789
27-FEB-2026,RAJRILTD,22.93,22.49,0.0194,0.0261,0.0260,0.4967
27-FEB-2026,RAJSREESUG,27.59,26.51,0.0399,0.0311,0.0312,0.5961
27-FEB-2026,RAJTV,39.22,39.30,-0.0020,0.0235,0.0235,0.4490
27-FEB-2026,RALLIS,276.30,275.35,0.0034,0.0255,0.0254,0.4853
27-FEB-2026,RAMANEWS,35.59,38.48,-0.0781,0.0306,0.0311,0.5942
27-FEB-2026,RAMAPHO,126.90,130.30,-0.0264,0.0343,0.0343,0.6553
27-FEB-2026,RAMARAJU,182.80,182.80,0.0000,0.0000,0.0000,0.0000
27-FEB-2026,RAMASTEEL,7.11,7.13,-0.0028,0.0269,0.0268,0.5120
27-FEB-2026,RAMCOCEM,1129.80,1140.20,-0.0092,0.0152,0.0152,0.2904
27-FEB-2026,RAMCOIND,290.70,294.30,-0.0123,0.0215,0.0214,0.4088
27-FEB-2026,RAMCOSYS,445.80,451.85,-0.0135,0.0341,0.0340,0.6496
27-FEB-2026,RAMKY,456.75,465.20,-0.0183,0.0264,0.0264,0.5044
27-FEB-2026,RAMRAT,320.70,317.25,0.0108,0.0238,0.0238,0.4547
27-FEB-2026,RANASUG,11.10,10.96,0.0127,0.0205,0.0204,0.3897
27-FEB-2026,RANEHOLDIN,1206.60,1191.00,0.0130,0.0241,0.0240,0.4585
27-FEB-2026,RANJANPOLY,28.25,28.25,0.0000,0.0000,0.0000,0.0000
27-FEB-2026,RATEGAIN,529.30,512.65,0.0320,0.0252,0.0252,0.4814
27-FEB-2026,RATNAMANI,2456.00,2364.45,0.0380,0.0244,0.0245,0.4681
27-FEB-2026,RATNAVEER,149.55,152.80,-0.0215,0.0284,0.0284,0.5426
27-FEB-2026,RAYMOND,400.75,405.20,-0.0110,0.0270,0.0270,0.5158
27-FEB-2026,RAYMONDLSL,880.60,898.60,-0.0202,0.0265,0.0265,0.5063
27-FEB-2026,RAYMONDREL,420.45,428.30,-0.0185,0.0223,0.0223,0.4260
27-FEB-2026,RBA,63.55,63.63,-0.0013,0.0210,0.0210,0.4012
27-FEB-2026,RBLBANK,319.75,326.85,-0.0220,0.0225,0.0225,0.4299
27-FEB-2026,RBZJEWEL,125.60,126.15,-0.0044,0.0270,0.0270,0.5158
27-FEB-2026,RCF,126.80,127.85,-0.0082,0.0230,0.0230,0.4394
27-FEB-2026,RCOM,0.86,0.90,-0.0455,0.0285,0.0286,0.5464
27-FEB-2026,RECLTD,349.80,354.10,-0.0122,0.0210,0.0210,0.4012
27-FEB-2026,REDINGTON,280.45,244.55,0.1370,0.0275,0.0291,0.5560
27-FEB-2026,REDTAPE,117.40,122.10,-0.0393,0.0259,0.0260,0.4967
27-FEB-2026,REFEX,220.70,226.35,-0.0253,0.0346,0.0346,0.6610
27-FEB-2026,REGAAL,72.85,69.78,0.0431,0.0176,0.0178,0.3401
27-FEB-2026,REGALENTER,10.00,10.00,0.0000,0.0000,0.0000,0.0000
27-FEB-2026,REGENCERAM,42.00,42.29,-0.0069,0.0339,0.0338,0.6457
27-FEB-2026,RELAXO,348.10,354.15,-0.0172,0.0180,0.0180,0.3439
27-FEB-2026,RELCHEMQ,122.35,122.95,-0.0049,0.0240,0.0240,0.4585
27-FEB-2026,RELIABLE,137.20,140.05,-0.0206,0.0322,0.0322,0.6152
27-FEB-2026,RELIANCE,1393.90,1406.70,-0.0091,0.0129,0.0129,0.2465
27-FEB-2026,RELIGARE,211.85,209.60,0.0107,0.0243,0.0242,0.4623
27-FEB-2026,RELINFRA,90.40,93.90,-0.0380,0.0354,0.0355,0.6782
27-FEB-2026,RELTD,146.95,146.65,0.0020,0.0320,0.0319,0.6094
27-FEB-2026,REMSONSIND,111.65,112.30,-0.0058,0.0290,0.0290,0.5540
27-FEB-2026,RENUKA,24.31,23.97,0.0141,0.0222,0.0221,0.4222
27-FEB-2026,REPCOHOME,380.80,382.95,-0.0056,0.0215,0.0215,0.4108
27-FEB-2026,REPL,87.37,86.35,0.0117,0.0304,0.0304,0.5808
27-FEB-2026,REPRO,398.15,410.50,-0.0305,0.0306,0.0306,0.5846
27-FEB-2026,RESPONIND,174.55,176.50,-0.0111,0.0259,0.0258,0.4929
27-FEB-2026,RETAIL,24.75,23.40,0.0561,0.0353,0.0354,0.6763
27-FEB-2026,RGL,118.50,145.80,-0.2073,0.0323,0.0354,0.6763
27-FEB-2026,RHETAN,26.00,26.05,-0.0019,0.0251,0.0250,0.4776
27-FEB-2026,RHFL,2.14,2.18,-0.0185,0.0320,0.0319,0.6094
27-FEB-2026,RHIM,434.65,439.65,-0.0114,0.0228,0.0227,0.4337
27-FEB-2026,RHL,193.70,192.45,0.0065,0.0295,0.0295,0.5636
27-FEB-2026,RICOAUTO,132.20,131.20,0.0076,0.0349,0.0349,0.6668
27-FEB-2026,RIIL,703.20,708.45,-0.0074,0.0216,0.0216,0.4127
27-FEB-2026,RISHABH,417.65,428.70,-0.0261,0.0311,0.0311,0.5942
27-FEB-2026,RITCO,219.65,222.50,-0.0129,0.0242,0.0242,0.4623
27-FEB-2026,RITES,213.90,215.65,-0.0081,0.0235,0.0235,0.4490
27-FEB-2026,RITZ,15.25,15.25,0.0000,0.0000,0.0000,0.0000
27-FEB-2026,RKDL,19.15,19.12,0.0016,0.0258,0.0258,0.4929
27-FEB-2026,RKEC,43.15,44.15,-0.0229,0.0360,0.0359,0.6859
27-FEB-2026,RKFORGE,551.80,545.85,0.0108,0.0227,0.0226,0.4318
27-FEB-2026,RKSWAMY,99.75,98.65,0.0111,0.0233,0.0233,0.4451
27-FEB-2026,RMDRIP,70.55,78.35,-0.1049,0.0247,0.0258,0.4929
27-FEB-2026,RML,840.55,825.30,0.0183,0.0239,0.0238,0.4547
27-FEB-2026,RNBDENIMS,170.80,179.80,-0.0514,0.0303,0.0304,0.5808
27-FEB-2026,ROADSTAR,60.00,60.01,-0.0002,0.0290,0.0289,0.5521
27-FEB-2026,ROBERT,10.70,10.70,0.0000,0.0000,0.0000,0.0000
27-FEB-2026,ROHLTD,362.40,364.85,-0.0067,0.0250,0.0250,0.4776
27-FEB-2026,ROLEXRINGS,134.45,137.10,-0.0195,0.0234,0.0234,0.4471
27-FEB-2026,ROLLT,1.41,1.35,0.0435,0.0391,0.0391,0.7470
27-FEB-2026,ROML,43.63,43.67,-0.0009,0.0306,0.0305,0.5827
27-FEB-2026,ROSSARI,496.25,494.45,0.0036,0.0175,0.0175,0.3343
27-FEB-2026,ROSSELLIND,48.29,47.52,0.0161,0.0269,0.0269,0.5139
27-FEB-2026,ROSSTECH,724.30,724.55,-0.0003,0.0320,0.0319,0.6094
27-FEB-2026,ROTO,57.00,57.89,-0.0155,0.0276,0.0276,0.5273
27-FEB-2026,ROUTE,507.95,502.20,0.0114,0.0199,0.0198,0.3783
27-FEB-2026,RPEL,706.35,716.40,-0.0141,0.0290,0.0290,0.5540
27-FEB-2026,RPGLIFE,1874.05,1909.35,-0.0187,0.0228,0.0228,0.4356
27-FEB-2026,RPOWER,23.97,25.24,-0.0516,0.0335,0.0336,0.6419
27-FEB-2026,RPPINFRA,76.94,77.33,-0.0051,0.0311,0.0310,0.5923
27-FEB-2026,RPPL,16.60,17.14,-0.0320,0.0299,0.0299,0.5712
27-FEB-2026,RPSGVENT,681.90,683.60,-0.0025,0.0251,0.0251,0.4795
27-FEB-2026,RPTECH,369.05,368.55,0.0014,0.0220,0.0220,0.4203
27-FEB-2026,RRKABEL,1562.60,1519.25,0.0281,0.0213,0.0213,0.4069
27-FEB-2026,RSSOFTWARE,33.67,35.95,-0.0655,0.0337,0.0340,0.6496
27-FEB-2026,RSWM,150.25,149.50,0.0050,0.0246,0.0246,0.4700
27-FEB-2026,RSYSTEMS,289.10,293.00,-0.0134,0.0232,0.0231,0.4413
27-FEB-2026,RTNINDIA,28.69,30.15,-0.0496,0.0284,0.0285,0.5445
27-FEB-2026,RTNPOWER,8.29,8.29,0.0000,0.0274,0.0273,0.5216
27-FEB-2026,RUBFILA,65.49,66.09,-0.0091,0.0219,0.0218,0.4165
27-FEB-2026,RUBICON,780.40,787.60,-0.0092,0.0142,0.0142,0.2713
27-FEB-2026,RUBYMILLS,179.75,189.05,-0.0504,0.0253,0.0255,0.4872
27-FEB-2026,RUCHINFRA,5.74,5.78,-0.0069,0.0267,0.0266,0.5082
27-FEB-2026,RUCHIRA,109.65,108.05,0.0147,0.0217,0.0217,0.4146
27-FEB-2026,RUDRA,19.74,21.40,-0.0807,0.0340,0.0344,0.6572
27-FEB-2026,RUPA,138.40,140.45,-0.0147,0.0196,0.0196,0.3745
27-FEB-2026,RUSHIL,17.73,17.79,-0.0034,0.0269,0.0268,0.5120
27-FEB-2026,RUSTOMJEE,416.75,411.20,0.0134,0.0198,0.0198,0.3783
27-FEB-2026,RVHL,41.47,39.64,0.0451,0.0312,0.0313,0.5980
27-FEB-2026,RVNL,316.35,318.30,-0.0061,0.0271,0.0270,0.5158
27-FEB-2026,RVTH,614.00,621.45,-0.0121,0.0248,0.0248,0.4738
27-FEB-2026,S&SPOWER,302.55,314.90,-0.0400,0.0355,0.0355,0.6782
27-FEB-2026,SAATVIKGL,366.95,371.65,-0.0127,0.0186,0.0186,0.3554
27-FEB-2026,SABEVENTS,16.86,17.20,-0.0200,0.0333,0.0332,0.6343
27-FEB-2026,SADBHAV,10.71,11.38,-0.0607,0.0357,0.0359,0.6859
27-FEB-2026,SADBHIN,3.24,3.27,-0.0092,0.0337,0.0336,0.6419
27-FEB-2026,SADHNA-RE,0.64,0.64,0.0000,0.0000,0.0000,0.0000
27-FEB-2026,SADHNANIQ,1.96,2.06,-0.0498,0.0373,0.0374,0.7145
27-FEB-2026,SAFARI,1801.35,1859.35,-0.0317,0.0212,0.0212,0.4050
27-FEB-2026,SAGARDEEP,23.95,24.35,-0.0166,0.0237,0.0237,0.4528
27-FEB-2026,SAGCEM,192.80,192.95,-0.0008,0.0216,0.0216,0.4127
27-FEB-2026,SAGILITY,39.55,40.38,-0.0208,0.0222,0.0222,0.4241
27-FEB-2026,SAHYADRI,250.35,250.00,0.0014,0.0220,0.0219,0.4184
27-FEB-2026,SAIL,165.80,165.50,0.0018,0.0221,0.0221,0.4222
27-FEB-2026,SAILIFE,998.25,964.50,0.0344,0.0224,0.0225,0.4299
27-FEB-2026,SAKAR,494.60,514.30,-0.0391,0.0286,0.0287,0.5483
27-FEB-2026,SAKHTISUG,16.02,15.75,0.0170,0.0246,0.0246,0.4700
27-FEB-2026,SAKSOFT,141.65,144.90,-0.0227,0.0264,0.0264,0.5044
27-FEB-2026,SAKUMA,1.83,1.79,0.0221,0.0280,0.0280,0.5349
27-FEB-2026,SALASAR,7.91,7.92,-0.0013,0.0323,0.0323,0.6171
27-FEB-2026,SALONA,265.00,267.05,-0.0077,0.0266,0.0265,0.5063
27-FEB-2026,SALSTEEL,47.25,46.96,0.0062,0.0341,0.0340,0.6496
27-FEB-2026,SALZERELEC,658.35,657.55,0.0012,0.0321,0.0321,0.6133
27-FEB-2026,SAMBHAAV,7.51,7.60,-0.0119,0.0341,0.0340,0.6496
27-FEB-2026,SAMBHV,99.89,100.78,-0.0089,0.0212,0.0211,0.4031
27-FEB-2026,SAMHI,162.50,165.05,-0.0156,0.0226,0.0226,0.4318
27-FEB-2026,SAMMAANCAP,149.90,153.65,-0.0247,0.0280,0.0280,0.5349
27-FEB-2026,SAMPANN,29.88,29.30,0.0196,0.0343,0.0342,0.6534
27-FEB-2026,SAMYAK,9.95,9.95,0.0000,0.0000,0.0000,0.0000
27-FEB-2026,SANATHAN,409.55,397.35,0.0302,0.0188,0.0189,0.3611
27-FEB-2026,SANCO,2.21,2.29,-0.0356,0.0309,0.0309,0.5903
27-FEB-2026,SANDESH,985.90,996.20,-0.0104,0.0223,0.0222,0.4241
27-FEB-2026,SANDHAR,506.60,499.70,0.0137,0.0266,0.0266,0.5082
27-FEB-2026,SANDUMA,216.10,219.85,-0.0172,0.0332,0.0332,0.6343
27-FEB-2026,SANGAMIND,467.05,468.15,-0.0024,0.0287,0.0287,0.5483
27-FEB-2026,SANGHIIND,59.67,61.19,-0.0252,0.0185,0.0185,0.3534
27-FEB-2026,SANGHVIMOV,261.20,265.05,-0.0146,0.0317,0.0316,0.6037
27-FEB-2026,SANGINITA,14.22,14.96,-0.0507,0.0327,0.0328,0.6266
27-FEB-2026,SANOFI,3965.05,4015.30,-0.0126,0.0119,0.0119,0.2273
27-FEB-2026,SANOFICONR,4489.15,4565.10,-0.0168,0.0181,0.0181,0.3458
27-FEB-2026,SANSERA,2342.15,2289.00,0.0230,0.0212,0.0212,0.4050
27-FEB-2026,SANSTAR,86.08,86.13,-0.0006,0.0209,0.0209,0.3993
27-FEB-2026,SANWARIA,0.22,0.23,-0.0445,0.0885,0.0883,1.6870
27-FEB-2026,SAPPHIRE,204.30,207.80,-0.0170,0.0228,0.0228,0.4356
27-FEB-2026,SARDAEN,551.65,518.90,0.0612,0.0265,0.0267,0.5101
27-FEB-2026,SAREGAMA,333.00,329.75,0.0098,0.0240,0.0239,0.4566
27-FEB-2026,SARLAPOLY,84.09,82.08,0.0242,0.0296,0.0296,0.5655
27-FEB-2026,SARVESHWAR,3.82,3.83,-0.0026,0.0260,0.0259,0.4948
27-FEB-2026,SASKEN,1144.90,1139.25,0.0049,0.0260,0.0259,0.4948
27-FEB-2026,SASTASUNDR,283.25,281.30,0.0069,0.0237,0.0236,0.4509
27-FEB-2026,SATIA,66.29,64.63,0.0254,0.0198,0.0199,0.3802
27-FEB-2026,SATIN,154.70,154.75,-0.0003,0.0184,0.0184,0.3515
27-FEB-2026,SATYASHYAM,22.65,22.65,0.0000,0.0000,0.0000,0.0000
27-FEB-2026,SAURASHCEM,65.55,68.28,-0.0408,0.0269,0.0270,0.5158
27-FEB-2026,SBC,32.24,32.19,0.0016,0.0212,0.0211,0.4031
27-FEB-2026,SBCL,447.60,459.50,-0.0262,0.0263,0.0263,0.5025
27-FEB-2026,SBFC,93.09,96.93,-0.0404,0.0215,0.0217,0.4146
27-FEB-2026,SBGLP,29.51,29.32,0.0065,0.0296,0.0295,0.5636
27-FEB-2026,SBHL,10.00,10.00,0.0000,0.0000,0.0000,0.0000
27-FEB-2026,SBIBPB,56.83,57.07,-0.0042,0.0110,0.0109,0.2082
27-FEB-2026,SBICARD,774.40,775.40,-0.0013,0.0153,0.0153,0.2923
27-FEB-2026,SBIETFCON,119.05,120.62,-0.0131,0.0078,0.0078,0.1490
27-FEB-2026,SBIETFIT,337.57,337.27,0.0009,0.0139,0.0139,0.2656
27-FEB-2026,SBIETFPB,292.61,295.87,-0.0111,0.0080,0.0080,0.1528
27-FEB-2026,SBIETFQLTY,219.08,220.56,-0.0067,0.0089,0.0088,0.1681
27-FEB-2026,SBILIFE,2037.20,2082.80,-0.0221,0.0123,0.0123,0.2350
27-FEB-2026,SBILIQETF,1028.69,1028.28,0.0004,0.0005,0.0005,0.0096
27-FEB-2026,SBIN,1201.70,1209.50,-0.0065,0.0141,0.0141,0.2694
27-FEB-2026,SBINEQWETF,33.56,33.80,-0.0071,0.0071,0.0071,0.1356
27-FEB-2026,SBISILVER,258.79,251.05,0.0304,0.0335,0.0335,0.6400
27-FEB-2026,SCHAEFFLER,4357.30,4346.70,0.0024,0.0186,0.0185,0.3534
27-FEB-2026,SCHAND,152.40,152.25,0.0010,0.0226,0.0225,0.4299
27-FEB-2026,SCHNEIDER,906.45,898.10,0.0093,0.0278,0.0278,0.5311
27-FEB-2026,SCI,263.50,268.20,-0.0177,0.0300,0.0300,0.5731
27-FEB-2026,SCILAL,45.81,45.09,0.0158,0.0207,0.0207,0.3955
27-FEB-2026,SCODATUBES,136.25,137.60,-0.0099,0.0227,0.0226,0.4318
27-FEB-2026,SCPL,312.20,316.50,-0.0137,0.0297,0.0297,0.5674
27-FEB-2026,SDBL,80.43,81.25,-0.0101,0.0268,0.0267,0.5101
27-FEB-2026,SDL26BEES,136.61,136.58,0.0002,0.0034,0.0033,0.0630
27-FEB-2026,SEAMECLTD,1316.50,1327.60,-0.0084,0.0235,0.0234,0.4471
27-FEB-2026,SECMARK,128.40,137.60,-0.0692,0.0383,0.0385,0.7355
27-FEB-2026,SECURKLOUD,22.45,22.27,0.0081,0.0368,0.0368,0.7031
27-FEB-2026,SEITINVIT,125.00,125.00,0.0000,0.0082,0.0081,0.1548
27-FEB-2026,SEJALLTD,560.70,578.70,-0.0316,0.0312,0.0312,0.5961
27-FEB-2026,SELECTIPO,42.22,42.77,-0.0129,0.0091,0.0091,0.1739
27-FEB-2026,SELMC,29.96,28.69,0.0433,0.0328,0.0329,0.6286
27-FEB-2026,SEMAC,241.65,240.05,0.0066,0.0301,0.0300,0.5731
27-FEB-2026,SENCO,317.25,316.05,0.0038,0.0264,0.0263,0.5025
27-FEB-2026,SENORES,764.85,774.50,-0.0125,0.0236,0.0235,0.4490
27-FEB-2026,SENSEXADD,83.41,84.39,-0.0117,0.0082,0.0082,0.1567
27-FEB-2026,SENSEXBETA,898.43,905.81,-0.0082,0.0073,0.0073,0.1395
27-FEB-2026,SENSEXETF,83.47,84.37,-0.0107,0.0078,0.0078,0.1490
27-FEB-2026,SENSEXIETF,931.27,940.33,-0.0097,0.0079,0.0079,0.1509
27-FEB-2026,SEPC,7.47,7.68,-0.0277,0.0323,0.0323,0.6171
27-FEB-2026,SERVOTECH,75.56,75.11,0.0060,0.0329,0.0328,0.6266
27-FEB-2026,SESHAPAPER,271.85,271.90,-0.0002,0.0199,0.0199,0.3802
27-FEB-2026,SETCO,16.92,16.12,0.0484,0.0307,0.0308,0.5884
27-FEB-2026,SETF10GILT,260.50,259.88,0.0024,0.0026,0.0026,0.0497
27-FEB-2026,SETFGOLD,135.80,134.67,0.0084,0.0171,0.0171,0.3267
27-FEB-2026,SETFNIF50,269.95,272.79,-0.0105,0.0068,0.0069,0.1318
27-FEB-2026,SETFNIFBK,619.88,625.28,-0.0087,0.0077,0.0077,0.1471
27-FEB-2026,SETFNN50,745.93,752.77,-0.0091,0.0095,0.0095,0.1815
27-FEB-2026,SETL,124.75,122.75,0.0162,0.0247,0.0246,0.4700
27-FEB-2026,SETUINFRA,0.40,0.40,0.0000,0.0520,0.0519,0.9915
27-FEB-2026,SEYAIND,11.82,12.42,-0.0495,0.0309,0.0310,0.5923
27-FEB-2026,SFL,547.50,553.25,-0.0104,0.0199,0.0198,0.3783
27-FEB-2026,SGFIN,389.80,389.25,0.0014,0.0249,0.0248,0.4738
27-FEB-2026,SGIL,522.30,516.50,0.0112,0.0277,0.0277,0.5292
27-FEB-2026,SGL,12.58,13.10,-0.0405,0.0339,0.0339,0.6477
27-FEB-2026,SGMART,461.70,446.85,0.0327,0.0239,0.0239,0.4566
27-FEB-2026,SHADOWFAX,121.15,121.20,-0.0004,0.0101,0.0101,0.1930
27-FEB-2026,SHAH,4.91,4.81,0.0206,0.0327,0.0326,0.6228
27-FEB-2026,SHAHALLOYS,65.85,65.30,0.0084,0.0327,0.0326,0.6228
27-FEB-2026,SHAILY,1950.15,1990.20,-0.0203,0.0308,0.0308,0.5884
27-FEB-2026,SHAKTIPUMP,515.35,526.85,-0.0221,0.0316,0.0315,0.6018
27-FEB-2026,SHALBY,154.85,155.45,-0.0039,0.0236,0.0235,0.4490
27-FEB-2026,SHALPAINTS,55.42,57.08,-0.0295,0.0282,0.0282,0.5388
27-FEB-2026,SHANKARA,108.20,115.50,-0.0653,0.0338,0.0340,0.6496
27-FEB-2026,SHANTI,6.94,6.99,-0.0072,0.0304,0.0303,0.5789
27-FEB-2026,SHANTIGEAR,450.10,450.05,0.0001,0.0227,0.0227,0.4337
27-FEB-2026,SHANTIGOLD,208.00,208.10,-0.0005,0.0196,0.0196,0.3745
27-FEB-2026,SHARDACROP,1191.35,1178.70,0.0107,0.0335,0.0334,0.6381
27-FEB-2026,SHARDAMOTR,932.00,952.40,-0.0217,0.0263,0.0263,0.5025
27-FEB-2026,SHAREINDIA,131.60,133.70,-0.0158,0.0281,0.0280,0.5349
27-FEB-2026,SHARIABEES,477.30,480.56,-0.0068,0.0079,0.0079,0.1509
27-FEB-2026,SHEKHAWATI,12.94,12.72,0.0171,0.0329,0.0328,0.6266
27-FEB-2026,SHEMAROO,101.17,104.31,-0.0306,0.0288,0.0288,0.5502
27-FEB-2026,SHILCTECH,4034.95,3875.40,0.0403,0.0350,0.0350,0.6687
27-FEB-2026,SHILPAMED,336.65,339.80,-0.0093,0.0254,0.0254,0.4853
27-FEB-2026,SHIVALIK,288.35,292.50,-0.0143,0.0275,0.0275,0.5254
27-FEB-2026,SHIVAMAUTO,19.59,20.04,-0.0227,0.0311,0.0310,0.5923
27-FEB-2026,SHIVAMILLS,56.20,56.44,-0.0043,0.0250,0.0249,0.4757
27-FEB-2026,SHIVATEX,159.00,160.95,-0.0122,0.0270,0.0270,0.5158
27-FEB-2026,SHIVAUM,277.00,275.00,0.0072,0.0222,0.0222,0.4241
27-FEB-2026,SHK,147.85,149.70,-0.0124,0.0279,0.0278,0.5311
27-FEB-2026,SHOPERSTOP,303.85,315.55,-0.0378,0.0227,0.0228,0.4356
27-FEB-2026,SHRADHA,37.78,38.10,-0.0084,0.0329,0.0328,0.6266
27-FEB-2026,SHREDIGCEM,69.44,71.30,-0.0264,0.0208,0.0208,0.3974
27-FEB-2026,SHREECEM,26075.15,26744.75,-0.0254,0.0124,0.0125,0.2388
27-FEB-2026,SHREEJISPG,398.70,398.95,-0.0006,0.0198,0.0197,0.3764
27-FEB-2026,SHREEPUSHK,317.60,317.55,0.0002,0.0340,0.0340,0.6496
27-FEB-2026,SHREERAMA,54.09,55.39,-0.0237,0.0311,0.0311,0.5942
27-FEB-2026,SHREMINVIT,99.15,99.10,0.0005,0.0113,0.0113,0.2159
27-FEB-2026,SHRENIK,0.44,0.42,0.0465,0.0316,0.0317,0.6056
27-FEB-2026,SHREYANIND,152.95,151.30,0.0108,0.0230,0.0230,0.4394
27-FEB-2026,SHRINGARMS,234.25,245.55,-0.0471,0.0168,0.0171,0.3267
27-FEB-2026,SHRIPISTON,3116.90,3146.30,-0.0094,0.0245,0.0244,0.4662
27-FEB-2026,SHRIRAMFIN,1079.40,1104.60,-0.0231,0.0201,0.0201,0.3840
27-FEB-2026,SHRIRAMPPS,79.36,79.93,-0.0072,0.0257,0.0256,0.4891
27-FEB-2026,SHYAMCENT,5.12,5.03,0.0177,0.0323,0.0322,0.6152
27-FEB-2026,SHYAMMETL,860.30,856.40,0.0045,0.0195,0.0195,0.3725
27-FEB-2026,SHYAMTEL,9.81,10.61,-0.0784,0.0345,0.0349,0.6668
27-FEB-2026,SICAL-RE,1.06,0.98,0.0785,0.0143,0.0153,0.2923
27-FEB-2026,SICALLOG,63.51,65.02,-0.0235,0.0292,0.0292,0.5579
27-FEB-2026,SIEMENS,3418.65,3336.65,0.0243,0.0199,0.0199,0.3802
27-FEB-2026,SIGACHI,20.21,20.17,0.0020,0.0331,0.0330,0.6305
27-FEB-2026,SIGIND,46.75,46.15,0.0129,0.0292,0.0292,0.5579
27-FEB-2026,SIGMA,41.93,38.37,0.0887,0.0336,0.0341,0.6515
27-FEB-2026,SIGMAADV,159.85,158.70,0.0072,0.0359,0.0358,0.6840
27-FEB-2026,SIGNATURE,989.80,950.25,0.0408,0.0214,0.0215,0.4108
27-FEB-2026,SIGNPOST,251.90,251.60,0.0012,0.0311,0.0310,0.5923
27-FEB-2026,SIKKO,4.60,4.64,-0.0087,0.0373,0.0372,0.7107
27-FEB-2026,SIL,15.12,14.99,0.0086,0.0233,0.0232,0.4432
27-FEB-2026,SILGO,72.95,72.42,0.0073,0.0313,0.0313,0.5980
27-FEB-2026,SILINV,435.50,432.40,0.0071,0.0243,0.0243,0.4643
27-FEB-2026,SILLYMONKS,17.59,17.43,0.0091,0.0353,0.0352,0.6725
27-FEB-2026,SILVER,263.30,256.57,0.0259,0.0342,0.0342,0.6534
27-FEB-2026,SILVER1,25.75,25.66,0.0035,0.0343,0.0342,0.6534
27-FEB-2026,SILVER360,259.16,254.24,0.0192,0.0320,0.0319,0.6094
27-FEB-2026,SILVERADD,255.36,247.96,0.0294,0.0327,0.0327,0.6247
27-FEB-2026,SILVERAG,257.05,250.76,0.0248,0.0348,0.0348,0.6649
27-FEB-2026,SILVERBEES,252.81,246.06,0.0271,0.0334,0.0334,0.6381
27-FEB-2026,SILVERBETA,255.32,248.21,0.0282,0.0333,0.0333,0.6362
27-FEB-2026,SILVERBND,264.29,257.28,0.0269,0.0305,0.0305,0.5827
27-FEB-2026,SILVERCASE,26.80,26.12,0.0257,0.0321,0.0321,0.6133
27-FEB-2026,SILVERIETF,263.67,256.71,0.0268,0.0322,0.0322,0.6152
27-FEB-2026,SILVERTUC,1412.35,1443.50,-0.0218,0.0272,0.0271,0.5177
27-FEB-2026,SIMBHALS,8.47,8.50,-0.0035,0.0268,0.0267,0.5101
27-FEB-2026,SIMPLEXINF,202.35,202.60,-0.0012,0.0295,0.0294,0.5617
27-FEB-2026,SINCLAIR,77.33,74.98,0.0309,0.0258,0.0259,0.4948
27-FEB-2026,SINDHUTRAD,25.15,25.34,-0.0075,0.0362,0.0361,0.6897
27-FEB-2026,SINTERCOM,87.64,81.46,0.0731,0.0255,0.0259,0.4948
27-FEB-2026,SIRCA,457.25,458.25,-0.0022,0.0201,0.0200,0.3821
27-FEB-2026,SIS,305.30,301.90,0.0112,0.0167,0.0167,0.3191
27-FEB-2026,SITAL,74.27,74.27,0.0000,0.0009,0.0009,0.0172
27-FEB-2026,SITINET,0.35,0.35,0.0000,0.0556,0.0555,1.0603
27-FEB-2026,SIYSIL,531.55,533.85,-0.0043,0.0278,0.0278,0.5311
27-FEB-2026,SJS,1759.70,1819.55,-0.0334,0.0248,0.0248,0.4738
27-FEB-2026,SJVN,73.03,74.06,-0.0140,0.0240,0.0240,0.4585
27-FEB-2026,SKFINDIA,1737.55,1791.00,-0.0303,0.0107,0.0109,0.2082
27-FEB-2026,SKFINDUS,2562.30,2452.75,0.0437,0.0100,0.0105,0.2006
27-FEB-2026,SKIPPER,366.35,368.85,-0.0068,0.0292,0.0291,0.5560
27-FEB-2026,SKJPL,10.00,10.00,0.0000,0.0000,0.0000,0.0000
27-FEB-2026,SKMEGGPROD,166.10,169.10,-0.0179,0.0305,0.0305,0.5827
27-FEB-2026,SKYGOLD,361.35,360.10,0.0035,0.0307,0.0306,0.5846
27-FEB-2026,SMALL250,15.90,16.03,-0.0081,0.0059,0.0059,0.1127
27-FEB-2026,SMALLADD,15.87,16.01,-0.0088,0.0051,0.0051,0.0974
27-FEB-2026,SMALLCAP,41.81,42.39,-0.0138,0.0111,0.0111,0.2121
27-FEB-2026,SMARTLINK,123.90,122.50,0.0114,0.0246,0.0246,0.4700
27-FEB-2026,SMARTWORKS,410.10,400.40,0.0239,0.0151,0.0152,0.2904
27-FEB-2026,SMCGLOBAL,76.85,78.34,-0.0192,0.0277,0.0276,0.5273
27-FEB-2026,SML100CASE,9.58,9.68,-0.0104,0.0064,0.0064,0.1223
27-FEB-2026,SMLMAH,4780.65,5023.35,-0.0495,0.0345,0.0346,0.6610
27-FEB-2026,SMLT,69.97,70.66,-0.0098,0.0328,0.0327,0.6247
27-FEB-2026,SMMIL,2.25,2.25,0.0000,0.0000,0.0000,0.0000
27-FEB-2026,SMSPHARMA,385.15,389.40,-0.0110,0.0298,0.0297,0.5674
27-FEB-2026,SNOWMAN,39.46,39.55,-0.0023,0.0235,0.0234,0.4471
27-FEB-2026,SNXT30BEES,41.45,42.11,-0.0158,0.0059,0.0060,0.1146
27-FEB-2026,SNXT50BETA,92.23,92.81,-0.0063,0.0106,0.0105,0.2006
27-FEB-2026,SOBHA,1395.20,1439.80,-0.0315,0.0241,0.0242,0.4623
27-FEB-2026,SOFTTECH,288.15,285.35,0.0098,0.0284,0.0284,0.5426
27-FEB-2026,SOLARA,462.10,463.05,-0.0021,0.0290,0.0289,0.5521
27-FEB-2026,SOLARINDS,13503.90,13754.25,-0.0184,0.0210,0.0210,0.4012
27-FEB-2026,SOLARWORLD,195.05,198.00,-0.0150,0.0176,0.0176,0.3362
27-FEB-2026,SOLEX,862.70,887.90,-0.0288,0.0245,0.0246,0.4700
27-FEB-2026,SOMANYCERA,410.15,404.55,0.0137,0.0210,0.0210,0.4012
27-FEB-2026,SOMATEX,111.10,113.05,-0.0174,0.0377,0.0376,0.7183
27-FEB-2026,SOMICONVEY,105.92,107.64,-0.0161,0.0371,0.0370,0.7069
27-FEB-2026,SONACOMS,534.50,545.30,-0.0200,0.0203,0.0203,0.3878
27-FEB-2026,SONAMLTD,49.43,49.91,-0.0097,0.0311,0.0310,0.5923
27-FEB-2026,SONATSOFTW,268.20,270.95,-0.0102,0.0264,0.0264,0.5044
27-FEB-2026,SOTL,379.15,374.05,0.0135,0.0206,0.0206,0.3936
27-FEB-2026,SOUTHBANK,41.15,41.73,-0.0140,0.0256,0.0256,0.4891
27-FEB-2026,SOUTHWEST,182.40,182.30,0.0005,0.0323,0.0322,0.6152
27-FEB-2026,SPAL,707.45,694.05,0.0191,0.0315,0.0314,0.5999
27-FEB-2026,SPANDANA,253.10,259.00,-0.0230,0.0277,0.0277,0.5292
27-FEB-2026,SPANGLE,10.00,10.00,0.0000,0.0000,0.0000,0.0000
27-FEB-2026,SPARC,127.10,128.40,-0.0102,0.0288,0.0288,0.5502
27-FEB-2026,SPCENET,5.03,4.98,0.0100,0.0355,0.0354,0.6763
27-FEB-2026,SPECIALITY,101.50,103.60,-0.0205,0.0246,0.0245,0.4681
27-FEB-2026,SPECTRUM,1449.50,1414.20,0.0247,0.0242,0.0242,0.4623
27-FEB-2026,SPENCERS,32.97,33.02,-0.0015,0.0300,0.0300,0.5731
27-FEB-2026,SPIC,69.51,70.10,-0.0085,0.0256,0.0255,0.4872
27-FEB-2026,SPLIL,29.98,30.27,-0.0096,0.0262,0.0262,0.5006
27-FEB-2026,SPLPETRO,716.80,650.35,0.0973,0.0236,0.0245,0.4681
27-FEB-2026,SPMLINFRA,169.85,171.65,-0.0105,0.0330,0.0329,0.6286
27-FEB-2026,SPORTKING,115.50,116.32,-0.0071,0.0289,0.0289,0.5521
27-FEB-2026,SRD,42.88,51.19,-0.1771,0.0244,0.0274,0.5235
27-FEB-2026,SREEL,204.10,205.40,-0.0063,0.0178,0.0177,0.3382
27-FEB-2026,SRF,2562.20,2617.20,-0.0212,0.0172,0.0172,0.3286
27-FEB-2026,SRGHFL,262.40,261.90,0.0019,0.0228,0.0228,0.4356
27-FEB-2026,SRHHYPOLTD,465.55,475.90,-0.0220,0.0256,0.0256,0.4891
27-FEB-2026,SRM,416.65,424.25,-0.0181,0.0304,0.0304,0.5808
27-FEB-2026,SSDL,61.36,63.26,-0.0305,0.0200,0.0200,0.3821
27-FEB-2026,SSWL,215.00,213.35,0.0077,0.0218,0.0218,0.4165
27-FEB-2026,STALLION,127.85,122.00,0.0468,0.0406,0.0407,0.7776
27-FEB-2026,STANLEY,162.05,162.85,-0.0049,0.0214,0.0213,0.4069
27-FEB-2026,STAR,851.55,863.20,-0.0136,0.0276,0.0275,0.5254
27-FEB-2026,STARCEMENT,214.20,216.30,-0.0098,0.0193,0.0193,0.3687
27-FEB-2026,STARHEALTH,465.50,474.05,-0.0182,0.0163,0.0163,0.3114
27-FEB-2026,STARPAPER,140.10,142.90,-0.0198,0.0168,0.0168,0.3210
27-FEB-2026,STARTECK,266.40,269.50,-0.0116,0.0231,0.0231,0.4413
27-FEB-2026,STCINDIA,116.65,115.10,0.0134,0.0306,0.0305,0.5827
27-FEB-2026,STCL,9.25,9.25,0.0000,0.0000,0.0000,0.0000
27-FEB-2026,STEADFAST,14.90,14.90,0.0000,0.0000,0.0000,0.0000
27-FEB-2026,STEELCAS,234.15,231.00,0.0135,0.0290,0.0289,0.5521
27-FEB-2026,STEELCITY,87.40,86.41,0.0114,0.0216,0.0216,0.4127
27-FEB-2026,STEELXIND,8.29,8.33,-0.0048,0.0253,0.0253,0.4834
27-FEB-2026,STEL,493.95,505.05,-0.0222,0.0314,0.0313,0.5980
27-FEB-2026,STERTOOLS,222.80,225.00,-0.0098,0.0281,0.0280,0.5349
27-FEB-2026,STLNETWORK,20.63,21.03,-0.0192,0.0209,0.0209,0.3993
27-FEB-2026,STLTECH,159.20,164.55,-0.0331,0.0364,0.0363,0.6935
27-FEB-2026,STOVEKRAFT,487.35,487.35,0.0000,0.0274,0.0274,0.5235
27-FEB-2026,STUDDS,519.95,519.90,0.0001,0.0099,0.0099,0.1891
27-FEB-2026,STYL,242.75,245.65,-0.0119,0.0155,0.0154,0.2942
27-FEB-2026,STYLAMIND,2228.60,2217.20,0.0051,0.0236,0.0235,0.4490
27-FEB-2026,STYLEBAAZA,305.15,304.95,0.0007,0.0318,0.0317,0.6056
27-FEB-2026,STYRENIX,1915.00,1921.00,-0.0031,0.0192,0.0192,0.3668
27-FEB-2026,SUBEXLTD,9.16,9.08,0.0088,0.0284,0.0283,0.5407
27-FEB-2026,SUBROS,791.85,801.40,-0.0120,0.0290,0.0290,0.5540
27-FEB-2026,SUDARCOLOR,341.10,344.95,-0.0112,0.0227,0.0226,0.4318
27-FEB-2026,SUDARSCHEM,877.35,886.40,-0.0103,0.0226,0.0225,0.4299
27-FEB-2026,SUDEEPPHRM,638.95,657.25,-0.0282,0.0151,0.0152,0.2904
27-FEB-2026,SUKHJITS,216.65,193.15,0.1148,0.0237,0.0250,0.4776
27-FEB-2026,SULA,171.10,171.05,0.0003,0.0183,0.0182,0.3477
27-FEB-2026,SUMEETINDS,27.47,26.23,0.0462,0.0287,0.0288,0.5502
27-FEB-2026,SUMICHEM,401.15,404.65,-0.0087,0.0200,0.0199,0.3802
27-FEB-2026,SUMIT,38.35,38.92,-0.0148,0.0340,0.0340,0.6496
27-FEB-2026,SUMMITSEC,1664.40,1689.00,-0.0147,0.0258,0.0258,0.4929
27-FEB-2026,SUNAYANA,34.00,34.00,0.0000,0.0000,0.0000,0.0000
27-FEB-2026,SUNCLAY,1421.75,1433.30,-0.0081,0.0242,0.0241,0.4604
27-FEB-2026,SUNDARAM,1.51,1.55,-0.0261,0.0246,0.0246,0.4700
27-FEB-2026,SUNDARMFIN,5509.50,5493.40,0.0029,0.0215,0.0215,0.4108
27-FEB-2026,SUNDRMBRAK,605.15,634.05,-0.0467,0.0280,0.0281,0.5368
27-FEB-2026,SUNDRMFAST,873.20,909.55,-0.0408,0.0155,0.0158,0.3019
27-FEB-2026,SUNDROP,646.35,655.25,-0.0137,0.0215,0.0214,0.4088
27-FEB-2026,SUNFLAG,246.05,249.20,-0.0127,0.0250,0.0249,0.4757
27-FEB-2026,SUNPHARMA,1737.00,1785.65,-0.0276,0.0120,0.0121,0.2312
27-FEB-2026,SUNTECK,401.00,415.95,-0.0366,0.0228,0.0229,0.4375
27-FEB-2026,SUNTV,647.70,611.45,0.0576,0.0193,0.0197,0.3764
27-FEB-2026,SUPERHOUSE,155.30,157.30,-0.0128,0.0251,0.0250,0.4776
27-FEB-2026,SUPERSPIN,6.40,6.39,0.0016,0.0280,0.0280,0.5349
27-FEB-2026,SUPRAJIT,436.55,439.45,-0.0066,0.0214,0.0213,0.4069
27-FEB-2026,SUPREME,55.85,55.43,0.0075,0.0321,0.0320,0.6114
27-FEB-2026,SUPREMEENG,1.01,0.97,0.0404,0.0314,0.0314,0.5999
27-FEB-2026,SUPREMEIND,3975.20,4007.45,-0.0081,0.0200,0.0199,0.3802
27-FEB-2026,SUPREMEINF,83.62,81.99,0.0197,0.0308,0.0308,0.5884
27-FEB-2026,SUPRIYA,654.95,662.60,-0.0116,0.0253,0.0253,0.4834
27-FEB-2026,SURAJEST,219.20,219.65,-0.0021,0.0286,0.0285,0.5445
27-FEB-2026,SURAJLTD,225.60,234.35,-0.0381,0.0241,0.0242,0.4623
27-FEB-2026,SURAKSHA,271.45,274.05,-0.0095,0.0169,0.0169,0.3229
27-FEB-2026,SURANASOL,22.83,23.24,-0.0178,0.0258,0.0258,0.4929
27-FEB-2026,SURANAT&P,17.94,18.16,-0.0122,0.0302,0.0301,0.5751
27-FEB-2026,SURYALAXMI,55.99,58.52,-0.0442,0.0258,0.0259,0.4948
27-FEB-2026,SURYAROSNI,223.80,223.75,0.0002,0.0259,0.0259,0.4948
27-FEB-2026,SURYODAY,132.05,125.85,0.0481,0.0253,0.0255,0.4872
27-FEB-2026,SUTLEJTEX,31.40,31.36,0.0013,0.0265,0.0265,0.5063
27-FEB-2026,SUVEN,146.05,147.25,-0.0082,0.0326,0.0326,0.6228
27-FEB-2026,SUVIDHAA,3.03,2.97,0.0200,0.0306,0.0305,0.5827
27-FEB-2026,SUYOG,708.50,657.35,0.0749,0.0281,0.0286,0.5464
27-FEB-2026,SUZLON,42.67,43.27,-0.0140,0.0237,0.0237,0.4528
27-FEB-2026,SVLL,557.90,554.15,0.0067,0.0251,0.0251,0.4795
27-FEB-2026,SVPGLOB,2.94,2.94,0.0000,0.0339,0.0338,0.6457
27-FEB-2026,SWANCORP,382.40,373.50,0.0235,0.0282,0.0281,0.5368
27-FEB-2026,SWARAJENG,3595.20,3628.45,-0.0092,0.0204,0.0204,0.3897
27-FEB-2026,SWELECTES,517.30,524.40,-0.0136,0.0333,0.0333,0.6362
27-FEB-2026,SWIGGY,301.75,307.05,-0.0174,0.0236,0.0235,0.4490
27-FEB-2026,SWSOLAR,198.00,200.85,-0.0143,0.0284,0.0284,0.5426
27-FEB-2026,SYMPHONY,792.80,836.05,-0.0531,0.0196,0.0199,0.3802
27-FEB-2026,SYNCOMF,12.79,12.86,-0.0055,0.0259,0.0258,0.4929
27-FEB-2026,SYNGENE,422.20,425.90,-0.0087,0.0186,0.0186,0.3554
27-FEB-2026,SYRMA,822.25,833.40,-0.0135,0.0283,0.0282,0.5388
27-FEB-2026,SYSTMTXC,75.48,75.69,-0.0028,0.0343,0.0342,0.6534
27-FEB-2026,TAINWALCHM,209.15,205.60,0.0171,0.0358,0.0358,0.6840
27-FEB-2026,TAJGVK,357.30,338.90,0.0529,0.0256,0.0258,0.4929
27-FEB-2026,TAKE,42.22,44.42,-0.0508,0.0308,0.0310,0.5923
27-FEB-2026,TALBROAUTO,259.60,260.95,-0.0052,0.0275,0.0275,0.5254
27-FEB-2026,TANLA,455.10,469.00,-0.0301,0.0263,0.0263,0.5025
27-FEB-2026,TARACHAND,60.76,62.17,-0.0229,0.0316,0.0316,0.6037
27-FEB-2026,TARANGINI,1.00,1.00,0.0000,0.0000,0.0000,0.0000
27-FEB-2026,TARAPUR,25.37,26.45,-0.0417,0.0328,0.0329,0.6286
27-FEB-2026,TARC,146.50,149.85,-0.0226,0.0287,0.0287,0.5483
27-FEB-2026,TARIL,310.15,311.90,-0.0056,0.0389,0.0388,0.7413
27-FEB-2026,TARINIENT,33.50,33.50,0.0000,0.1292,0.1288,2.4607
27-FEB-2026,TARMAT,71.13,64.89,0.0918,0.0316,0.0322,0.6152
27-FEB-2026,TARSONS,190.80,192.60,-0.0094,0.0248,0.0247,0.4719
27-FEB-2026,TASTYBITE,7199.75,7210.40,-0.0015,0.0207,0.0207,0.3955
27-FEB-2026,TATACAP,333.55,334.30,-0.0022,0.0091,0.0091,0.1739
27-FEB-2026,TATACHEM,717.40,716.05,0.0019,0.0168,0.0167,0.3191
27-FEB-2026,TATACOMM,1597.50,1660.40,-0.0386,0.0184,0.0186,0.3554
27-FEB-2026,TATACONSUM,1141.00,1159.50,-0.0161,0.0142,0.0142,0.2713
27-FEB-2026,TATAELXSI,4513.00,4507.45,0.0012,0.0198,0.0197,0.3764
27-FEB-2026,TATAGOLD,15.40,15.29,0.0072,0.0182,0.0182,0.3477
27-FEB-2026,TATAINVEST,658.65,654.90,0.0057,0.0269,0.0268,0.5120
27-FEB-2026,TATAPOWER,377.55,380.35,-0.0074,0.0158,0.0158,0.3019
27-FEB-2026,TATASTEEL,212.35,215.50,-0.0147,0.0176,0.0175,0.3343
27-FEB-2026,TATATECH,585.45,583.00,0.0042,0.0157,0.0156,0.2980
27-FEB-2026,TATSILV,25.65,24.94,0.0281,0.0350,0.0350,0.6687
27-FEB-2026,TATVA,1223.15,1236.55,-0.0109,0.0308,0.0308,0.5884
27-FEB-2026,TBOTEK,1225.80,1256.40,-0.0247,0.0238,0.0238,0.4547
27-FEB-2026,TBZ,147.05,147.70,-0.0044,0.0292,0.0292,0.5579
27-FEB-2026,TCC,447.05,458.45,-0.0252,0.0289,0.0289,0.5521
27-FEB-2026,TCI,1004.50,1045.15,-0.0397,0.0181,0.0183,0.3496
27-FEB-2026,TCIEXP,545.85,552.65,-0.0124,0.0197,0.0196,0.3745
27-FEB-2026,TCIFINANCE,15.68,16.33,-0.0406,0.0381,0.0381,0.7279
27-FEB-2026,TCPLPACK,2664.45,2751.95,-0.0323,0.0249,0.0249,0.4757
27-FEB-2026,TCS,2637.40,2647.70,-0.0039,0.0141,0.0141,0.2694
27-FEB-2026,TDPOWERSYS,903.30,881.55,0.0244,0.0293,0.0292,0.5579
27-FEB-2026,TEAMGTY,263.90,261.00,0.0110,0.0359,0.0358,0.6840
27-FEB-2026,TEAMLEASE,1219.25,1218.95,0.0002,0.0180,0.0180,0.3439
27-FEB-2026,TECH,33.16,33.10,0.0018,0.0135,0.0134,0.2560
27-FEB-2026,TECHM,1357.80,1361.80,-0.0029,0.0164,0.0163,0.3114
27-FEB-2026,TECHNOE,1173.10,1178.55,-0.0046,0.0269,0.0268,0.5120
27-FEB-2026,TECILCHEM,13.51,13.48,0.0022,0.0832,0.0830,1.5857
27-FEB-2026,TEGA,1817.75,1846.70,-0.0158,0.0217,0.0217,0.4146
27-FEB-2026,TEJASNET,435.85,371.20,0.1606,0.0315,0.0334,0.6381
27-FEB-2026,TEMBO,532.45,536.20,-0.0070,0.0304,0.0303,0.5789
27-FEB-2026,TENNIND,581.30,592.65,-0.0193,0.0144,0.0144,0.2751
27-FEB-2026,TERASOFT,357.85,367.50,-0.0266,0.0351,0.0351,0.6706
27-FEB-2026,TEXINFRA,94.21,95.17,-0.0101,0.0236,0.0236,0.4509
27-FEB-2026,TEXMOPIPES,45.16,45.04,0.0027,0.0241,0.0241,0.4604
27-FEB-2026,TEXRAIL,104.75,105.65,-0.0086,0.0273,0.0272,0.5197
27-FEB-2026,TFCILTD,70.83,71.75,-0.0129,0.0343,0.0343,0.6553
27-FEB-2026,TFL,13.51,13.60,-0.0066,0.0367,0.0366,0.6992
27-FEB-2026,TGBHOTELS,9.24,9.35,-0.0118,0.0268,0.0267,0.5101
27-FEB-2026,THANGAMAYL,3959.25,3908.75,0.0128,0.0325,0.0325,0.6209
27-FEB-2026,THEINVEST,95.90,100.90,-0.0508,0.0269,0.0271,0.5177
27-FEB-2026,THEJO,1686.60,1702.60,-0.0094,0.0240,0.0239,0.4566
27-FEB-2026,THELEELA,453.60,441.00,0.0282,0.0146,0.0147,0.2808
27-FEB-2026,THEMISMED,85.84,86.84,-0.0116,0.0336,0.0335,0.6400
27-FEB-2026,THERMAX,3117.75,3182.15,-0.0204,0.0209,0.0209,0.3993
27-FEB-2026,THOMASCOOK,102.95,104.90,-0.0188,0.0270,0.0270,0.5158
27-FEB-2026,THOMASCOTT,309.70,312.75,-0.0098,0.0324,0.0323,0.6171
27-FEB-2026,THYROCARE,393.65,399.00,-0.0135,0.0253,0.0253,0.4834
27-FEB-2026,TI,453.90,451.00,0.0064,0.0290,0.0289,0.5521
27-FEB-2026,TICL,26.98,25.91,0.0405,0.0343,0.0343,0.6553
27-FEB-2026,TIGERLOGS,30.71,32.14,-0.0455,0.0330,0.0331,0.6324
27-FEB-2026,TIIL,2278.45,2265.60,0.0057,0.0281,0.0280,0.5349
27-FEB-2026,TIINDIA,2753.40,2720.10,0.0122,0.0226,0.0225,0.4299
27-FEB-2026,TIJARIA,4.61,4.53,0.0175,0.0381,0.0380,0.7260
27-FEB-2026,TIL,209.00,208.50,0.0024,0.0325,0.0324,0.6190
27-FEB-2026,TIMETECHNO,183.75,187.65,-0.0210,0.0262,0.0262,0.5006
27-FEB-2026,TIMKEN,3472.75,3358.30,0.0335,0.0190,0.0191,0.3649
27-FEB-2026,TINNARUBR,710.25,716.50,-0.0088,0.0284,0.0283,0.5407
27-FEB-2026,TIPSFILMS,361.05,359.95,0.0031,0.0327,0.0327,0.6247
27-FEB-2026,TIPSMUSIC,539.75,539.60,0.0003,0.0226,0.0225,0.4299
27-FEB-2026,TIRUMALCHM,191.10,194.80,-0.0192,0.0254,0.0254,0.4853
27-FEB-2026,TIRUPATIFL,37.05,36.93,0.0032,0.0326,0.0326,0.6228
27-FEB-2026,TITAGARH,700.95,712.70,-0.0166,0.0252,0.0252,0.4814
27-FEB-2026,TITAN,4327.50,4342.55,-0.0035,0.0128,0.0127,0.2426
27-FEB-2026,TMB,669.05,689.85,-0.0306,0.0161,0.0162,0.3095
27-FEB-2026,TMCV,505.30,491.35,0.0280,0.0117,0.0118,0.2254
27-FEB-2026,TMPV,382.65,391.55,-0.0230,0.0172,0.0173,0.3305
27-FEB-2026,TNIDETF,82.37,83.01,-0.0077,0.0108,0.0108,0.2063
27-FEB-2026,TNPETRO,93.96,95.18,-0.0129,0.0230,0.0229,0.4375
27-FEB-2026,TNPL,136.75,136.95,-0.0015,0.0216,0.0216,0.4127
27-FEB-2026,TNTELE,8.66,8.82,-0.0183,0.0348,0.0348,0.6649
27-FEB-2026,TOKYOPLAST,80.55,83.15,-0.0318,0.0266,0.0266,0.5082
27-FEB-2026,TOLINS,111.10,112.00,-0.0081,0.0262,0.0262,0.5006
27-FEB-2026,TOP100CASE,10.82,10.94,-0.0110,0.0068,0.0068,0.1299
27-FEB-2026,TOP10ADD,94.14,95.20,-0.0112,0.0077,0.0078,0.1490
27-FEB-2026,TOP15IETF,10.58,10.72,-0.0131,0.0043,0.0043,0.0822
27-FEB-2026,TOP20,9.29,9.41,-0.0128,0.0038,0.0039,0.0745
27-FEB-2026,TORNTPHARM,4333.35,4399.80,-0.0152,0.0134,0.0134,0.2560
27-FEB-2026,TORNTPOWER,1566.40,1565.10,0.0008,0.0212,0.0211,0.4031
27-FEB-2026,TOTAL,64.51,63.68,0.0129,0.0280,0.0280,0.5349
27-FEB-2026,TOUCHWOOD,73.89,81.13,-0.0935,0.0298,0.0305,0.5827
27-FEB-2026,TPHQ,0.58,0.58,0.0000,0.0351,0.0350,0.6687
27-FEB-2026,TPLPLASTEH,67.43,68.43,-0.0147,0.0263,0.0262,0.5006
27-FEB-2026,TRACXN,33.96,34.38,-0.0123,0.0275,0.0274,0.5235
27-FEB-2026,TRANSGLOB,735.00,735.00,0.0000,0.0005,0.0005,0.0096
27-FEB-2026,TRANSRAILL,565.00,558.55,0.0115,0.0253,0.0253,0.4834
27-FEB-2026,TRANSWORLD,139.20,141.20,-0.0143,0.0342,0.0342,0.6534
27-FEB-2026,TRAVELFOOD,1234.70,1240.15,-0.0044,0.0138,0.0138,0.2636
27-FEB-2026,TREEHOUSE,9.84,10.11,-0.0271,0.0322,0.0321,0.6133
27-FEB-2026,TREJHARA,189.60,192.95,-0.0175,0.0303,0.0302,0.5770
27-FEB-2026,TREL,24.35,24.22,0.0054,0.0244,0.0243,0.4643
27-FEB-2026,TRENT,3899.50,3856.05,0.0112,0.0220,0.0220,0.4203
27-FEB-2026,TRF,265.65,275.75,-0.0373,0.0285,0.0286,0.5464
27-FEB-2026,TRIDENT,25.58,25.63,-0.0020,0.0209,0.0208,0.3974
27-FEB-2026,TRIGYN,52.11,51.61,0.0096,0.0276,0.0276,0.5273
27-FEB-2026,TRITURBINE,489.20,495.90,-0.0136,0.0251,0.0251,0.4795
27-FEB-2026,TRIVENI,394.90,395.45,-0.0014,0.0226,0.0226,0.4318
27-FEB-2026,TRU,6.66,6.77,-0.0164,0.0329,0.0329,0.6286
27-FEB-2026,TRUALT,401.35,403.30,-0.0048,0.0191,0.0191,0.3649
27-FEB-2026,TSFINV,402.15,413.90,-0.0288,0.0290,0.0290,0.5540
27-FEB-2026,TTKHLTCARE,908.60,916.45,-0.0086,0.0162,0.0162,0.3095
27-FEB-2026,TTKPRESTIG,522.70,527.20,-0.0086,0.0161,0.0160,0.3057
27-FEB-2026,TTL,9.65,9.78,-0.0134,0.0283,0.0282,0.5388
27-FEB-2026,TTML,41.60,41.90,-0.0072,0.0278,0.0277,0.5292
27-FEB-2026,TVSELECT,370.85,373.85,-0.0081,0.0336,0.0336,0.6419
27-FEB-2026,TVSHLTD,15108.95,15546.80,-0.0286,0.0227,0.0227,0.4337
27-FEB-2026,TVSINVIT,115.00,115.00,0.0000,0.0043,0.0042,0.0802
27-FEB-2026,TVSMOTOR,3869.70,3954.20,-0.0216,0.0153,0.0154,0.2942
27-FEB-2026,TVSSCS,114.97,114.27,0.0061,0.0239,0.0238,0.4547
27-FEB-2026,TVSSRICHAK,3933.95,4061.55,-0.0319,0.0225,0.0226,0.4318
27-FEB-2026,TVTODAY,125.05,125.65,-0.0048,0.0179,0.0178,0.3401
27-FEB-2026,TVVISION,5.98,6.01,-0.0050,0.0381,0.0380,0.7260
27-FEB-2026,TWCGOLDETF,157.32,156.73,0.0038,0.0134,0.0134,0.2560
27-FEB-2026,UBL,1604.95,1594.20,0.0067,0.0135,0.0135,0.2579
27-FEB-2026,UCAL,108.60,108.95,-0.0032,0.0255,0.0254,0.4853
27-FEB-2026,UCOBANK,29.62,29.83,-0.0071,0.0213,0.0213,0.4069
27-FEB-2026,UDDHAV,10.00,10.00,0.0000,0.0000,0.0000,0.0000
27-FEB-2026,UDS,157.35,158.90,-0.0098,0.0258,0.0257,0.4910
27-FEB-2026,UEL,179.30,183.00,-0.0204,0.0769,0.0768,1.4673
27-FEB-2026,UFBL,237.25,242.15,-0.0204,0.0286,0.0286,0.5464
27-FEB-2026,UFLEX,481.70,474.20,0.0157,0.0194,0.0193,0.3687
27-FEB-2026,UFO,70.69,71.37,-0.0096,0.0262,0.0261,0.4986
27-FEB-2026,UGARSUGAR,36.58,35.96,0.0171,0.0222,0.0222,0.4241
27-FEB-2026,UGROCAP,111.05,115.50,-0.0393,0.0232,0.0233,0.4451
27-FEB-2026,UJJIVANSFB,58.06,61.60,-0.0592,0.0220,0.0224,0.4280
27-FEB-2026,ULL,10.00,10.00,0.0000,0.0000,0.0000,0.0000
27-FEB-2026,ULTRACEMCO,12677.05,12936.95,-0.0203,0.0124,0.0125,0.2388
27-FEB-2026,UMAEXPORTS,27.37,27.63,-0.0095,0.0289,0.0288,0.5502
27-FEB-2026,UMESLTD,4.10,4.14,-0.0097,0.0280,0.0279,0.5330
27-FEB-2026,UMIYA-MRO,85.71,86.66,-0.0110,0.0327,0.0326,0.6228
27-FEB-2026,UNICHEMLAB,346.30,350.85,-0.0131,0.0236,0.0235,0.4490
27-FEB-2026,UNIDT,174.75,169.95,0.0279,0.0226,0.0226,0.4318
27-FEB-2026,UNIECOM,107.75,109.95,-0.0202,0.0265,0.0265,0.5063
27-FEB-2026,UNIENTER,107.20,105.15,0.0193,0.0243,0.0243,0.4643
27-FEB-2026,UNIINFO,14.04,13.89,0.0107,0.0316,0.0315,0.6018
27-FEB-2026,UNIMECH,876.55,899.05,-0.0253,0.0241,0.0241,0.4604
27-FEB-2026,UNIONBANK,202.25,201.55,0.0035,0.0211,0.0211,0.4031
27-FEB-2026,UNIONGOLD,155.59,155.19,0.0026,0.0179,0.0178,0.3401
27-FEB-2026,UNIPARTS,458.20,465.95,-0.0168,0.0238,0.0238,0.4547
27-FEB-2026,UNITDSPR,1380.90,1388.80,-0.0057,0.0139,0.0139,0.2656
27-FEB-2026,UNITECH,5.12,4.96,0.0317,0.0322,0.0322,0.6152
27-FEB-2026,UNITEDPOLY,24.66,23.49,0.0486,0.0333,0.0334,0.6381
27-FEB-2026,UNITEDTEA,500.60,508.10,-0.0149,0.0206,0.0206,0.3936
27-FEB-2026,UNIVASTU,66.92,66.79,0.0019,0.0288,0.0287,0.5483
27-FEB-2026,UNIVCABLES,694.70,685.25,0.0137,0.0293,0.0292,0.5579
27-FEB-2026,UNIVPHOTO,435.55,416.45,0.0448,0.0347,0.0348,0.6649
27-FEB-2026,UNOMINDA,1188.50,1230.60,-0.0348,0.0213,0.0214,0.4088
27-FEB-2026,UPL,637.40,640.45,-0.0048,0.0212,0.0211,0.4031
27-FEB-2026,URAVIDEF,145.90,147.50,-0.0109,0.0282,0.0282,0.5388
27-FEB-2026,URBANCO,107.10,108.05,-0.0088,0.0170,0.0170,0.3248
27-FEB-2026,URJA,9.26,9.28,-0.0022,0.0238,0.0237,0.4528
27-FEB-2026,USHAMART,418.40,425.65,-0.0172,0.0234,0.0233,0.4451
27-FEB-2026,USK,28.66,28.57,0.0031,0.0314,0.0313,0.5980
27-FEB-2026,UTIAMC,987.35,1029.20,-0.0415,0.0200,0.0202,0.3859
27-FEB-2026,UTKARSHBNK,13.83,14.82,-0.0691,0.0270,0.0274,0.5235
27-FEB-2026,UTLSOLAR,187.90,190.30,-0.0127,0.0124,0.0124,0.2369
27-FEB-2026,UTSAV,590.10,590.10,0.0000,0.0009,0.0009,0.0172
27-FEB-2026,UTTAMSUGAR,198.30,197.00,0.0066,0.0247,0.0246,0.4700
27-FEB-2026,UYFINCORP,14.11,14.50,-0.0273,0.0311,0.0311,0.5942
27-FEB-2026,V2RETAIL,1994.20,1974.95,0.0097,0.0280,0.0279,0.5330
27-FEB-2026,VADILALIND,4944.60,4913.55,0.0063,0.0270,0.0269,0.5139
27-FEB-2026,VAIBHAVGBL,225.50,231.30,-0.0254,0.0273,0.0272,0.5197
27-FEB-2026,VAISHALI,6.97,7.30,-0.0463,0.0288,0.0290,0.5540
27-FEB-2026,VAKRANGEE,6.49,6.55,-0.0092,0.0287,0.0286,0.5464
27-FEB-2026,VAL30IETF,16.43,16.57,-0.0085,0.0101,0.0101,0.1930
27-FEB-2026,VALIANTLAB,57.28,59.10,-0.0313,0.0269,0.0269,0.5139
27-FEB-2026,VALIANTORG,229.65,233.25,-0.0156,0.0278,0.0277,0.5292
27-FEB-2026,VARDHACRLC,34.67,33.97,0.0204,0.0227,0.0227,0.4337
27-FEB-2026,VARDMNPOLY,8.44,8.74,-0.0349,0.0376,0.0376,0.7183
27-FEB-2026,VARROC,540.95,549.70,-0.0160,0.0228,0.0227,0.4337
27-FEB-2026,VASCONEQ,38.03,38.52,-0.0128,0.0320,0.0319,0.6094
27-FEB-2026,VASWANI,61.49,60.81,0.0111,0.0366,0.0365,0.6973
27-FEB-2026,VBL,451.40,460.45,-0.0199,0.0188,0.0188,0.3592
27-FEB-2026,VCL,2.13,2.19,-0.0278,0.0333,0.0333,0.6362
27-FEB-2026,VEDL,718.40,737.45,-0.0262,0.0214,0.0214,0.4088
27-FEB-2026,VEEDOL,1393.75,1397.20,-0.0025,0.0179,0.0179,0.3420
27-FEB-2026,VENKEYS,1347.70,1355.00,-0.0054,0.0201,0.0200,0.3821
27-FEB-2026,VENTIVE,694.70,703.70,-0.0129,0.0186,0.0186,0.3554
27-FEB-2026,VENUSPIPES,1111.00,1081.15,0.0272,0.0254,0.0254,0.4853
27-FEB-2026,VENUSREM,672.35,685.30,-0.0191,0.0309,0.0308,0.5884
27-FEB-2026,VERANDA,181.85,185.15,-0.0180,0.0326,0.0326,0.6228
27-FEB-2026,VERTIS,109.00,109.00,0.0000,0.0055,0.0055,0.1051
27-FEB-2026,VERTOZ,47.87,46.20,0.0355,0.0286,0.0286,0.5464
27-FEB-2026,VESUVIUS,499.85,536.70,-0.0711,0.0232,0.0237,0.4528
27-FEB-2026,VETO,103.54,103.90,-0.0035,0.0248,0.0248,0.4738
27-FEB-2026,VGL,128.10,129.70,-0.0124,0.0284,0.0284,0.5426
27-FEB-2026,VGUARD,313.20,316.40,-0.0102,0.0162,0.0161,0.3076
27-FEB-2026,VHL,3329.70,3332.50,-0.0008,0.0237,0.0236,0.4509
27-FEB-2026,VHLTD,147.15,147.85,-0.0047,0.0202,0.0201,0.3840
27-FEB-2026,VIDHIING,310.10,310.55,-0.0015,0.0214,0.0213,0.4069
27-FEB-2026,VIDYAWIRES,53.43,53.75,-0.0060,0.0118,0.0117,0.2235
27-FEB-2026,VIJAYA,1004.50,985.25,0.0193,0.0234,0.0234,0.4471
27-FEB-2026,VIJIFIN,2.10,2.09,0.0048,0.0370,0.0369,0.7050
27-FEB-2026,VIKASECO,1.39,1.39,0.0000,0.0253,0.0252,0.4814
27-FEB-2026,VIKASLIFE,1.47,1.47,0.0000,0.0239,0.0239,0.4566
27-FEB-2026,VIKRAMSOLR,173.85,165.75,0.0477,0.0209,0.0212,0.4050
27-FEB-2026,VIKRAN,68.46,70.83,-0.0340,0.0204,0.0204,0.3897
27-FEB-2026,VIMTALABS,452.05,462.80,-0.0235,0.0363,0.0362,0.6916
27-FEB-2026,VINATIORGA,1472.15,1502.15,-0.0202,0.0150,0.0151,0.2885
27-FEB-2026,VINCOFE,145.50,149.80,-0.0291,0.0263,0.0263,0.5025
27-FEB-2026,VINDHYATEL,1048.85,1035.45,0.0129,0.0231,0.0230,0.4394
27-FEB-2026,VINEETLAB,29.54,30.58,-0.0346,0.0303,0.0303,0.5789
27-FEB-2026,VINNY,1.07,1.11,-0.0367,0.0300,0.0300,0.5731
27-FEB-2026,VINYLINDIA,209.90,214.05,-0.0196,0.0218,0.0218,0.4165
27-FEB-2026,VIPCLOTHNG,20.01,20.42,-0.0203,0.0295,0.0295,0.5636
27-FEB-2026,VIPIND,357.55,359.70,-0.0060,0.0241,0.0240,0.4585
27-FEB-2026,VIPULLTD,13.20,12.68,0.0402,0.0361,0.0361,0.6897
27-FEB-2026,VIRINCHI,19.71,19.66,0.0025,0.0269,0.0269,0.5139
27-FEB-2026,VISAKAIND,61.16,61.92,-0.0123,0.0252,0.0251,0.4795
27-FEB-2026,VISASTEEL,38.29,39.16,-0.0225,0.0324,0.0323,0.6171
27-FEB-2026,VISHNU,501.65,509.75,-0.0160,0.0235,0.0234,0.4471
27-FEB-2026,VISHWARAJ,5.86,5.79,0.0120,0.0234,0.0233,0.4451
27-FEB-2026,VISISTH,5.25,5.25,0.0000,0.0004,0.0004,0.0076
27-FEB-2026,VIVIDHA,0.56,0.56,0.0000,0.0268,0.0268,0.5120
27-FEB-2026,VIVIMEDLAB,7.57,7.52,0.0066,0.1084,0.1081,2.0652
27-FEB-2026,VIYASH,213.05,224.50,-0.0523,0.0282,0.0284,0.5426
27-FEB-2026,VLEGOV,15.61,13.00,0.1830,0.0390,0.0410,0.7833
27-FEB-2026,VLSFINANCE,251.60,255.40,-0.0150,0.0276,0.0275,0.5254
27-FEB-2026,VMART,553.80,575.10,-0.0377,0.0236,0.0236,0.4509
27-FEB-2026,VMM,117.80,127.55,-0.0795,0.0170,0.0179,0.3420
27-FEB-2026,VMSTMT,46.19,47.00,-0.0174,0.0177,0.0177,0.3382
27-FEB-2026,VOLTAMP,9104.70,9004.05,0.0111,0.0267,0.0266,0.5082
27-FEB-2026,VOLTAS,1561.30,1544.50,0.0108,0.0192,0.0192,0.3668
27-FEB-2026,VPL,360.50,360.50,0.0000,0.0274,0.0273,0.5216
27-FEB-2026,VPRPL,44.22,45.03,-0.0182,0.0310,0.0309,0.5903
27-FEB-2026,VRAJ,126.85,124.20,0.0211,0.0210,0.0210,0.4012
27-FEB-2026,VRLLOG,277.50,288.00,-0.0371,0.0178,0.0180,0.3439
27-FEB-2026,VSSL,256.55,259.00,-0.0095,0.0233,0.0232,0.4432
27-FEB-2026,VSTIND,233.90,235.05,-0.0049,0.0179,0.0179,0.3420
27-FEB-2026,VSTL,116.75,116.00,0.0064,0.0260,0.0259,0.4948
27-FEB-2026,VSTTILLERS,5776.20,5797.80,-0.0037,0.0218,0.0217,0.4146
27-FEB-2026,VTL,542.55,549.30,-0.0124,0.0241,0.0240,0.4585
27-FEB-2026,WAAREEENER,2709.30,2717.80,-0.0031,0.0279,0.0278,0.5311
27-FEB-2026,WAAREEINDO,347.05,349.40,-0.0067,0.3694,0.3685,7.0402
27-FEB-2026,WAAREERTL,853.10,841.85,0.0133,0.0318,0.0317,0.6056
27-FEB-2026,WABAG,1264.25,1262.05,0.0017,0.0245,0.0245,0.4681
27-FEB-2026,WAKEFIT,186.85,194.20,-0.0386,0.0117,0.0120,0.2293
27-FEB-2026,WALCHANNAG,173.00,176.75,-0.0214,0.0357,0.0356,0.6801
27-FEB-2026,WANBURY,265.65,262.45,0.0121,0.0344,0.0343,0.6553
27-FEB-2026,WCIL,114.45,116.65,-0.0190,0.0216,0.0216,0.4127
27-FEB-2026,WEALTH,941.25,956.30,-0.0159,0.0312,0.0311,0.5942
27-FEB-2026,WEBELSOLAR,55.32,56.79,-0.0262,0.0351,0.0350,0.6687
27-FEB-2026,WEIZMANIND,89.04,83.18,0.0681,0.0262,0.0266,0.5082
27-FEB-2026,WEL,141.15,142.50,-0.0095,0.0316,0.0315,0.6018
27-FEB-2026,WELCORP,825.25,825.25,0.0000,0.0233,0.0233,0.4451
27-FEB-2026,WELENT,484.90,491.80,-0.0141,0.0241,0.0241,0.4604
27-FEB-2026,WELINV,1281.40,1256.50,0.0196,0.0364,0.0363,0.6935
27-FEB-2026,WELSPUNLIV,125.35,126.45,-0.0087,0.0304,0.0303,0.5789
27-FEB-2026,WENDT,6855.35,6861.05,-0.0008,0.0245,0.0245,0.4681
27-FEB-2026,WESTLIFE,494.85,500.80,-0.0120,0.0209,0.0209,0.3993
27-FEB-2026,WEWIN,43.55,40.64,0.0692,0.0347,0.0349,0.6668
27-FEB-2026,WEWORK,496.20,521.10,-0.0490,0.0090,0.0097,0.1853
27-FEB-2026,WHEELS,901.75,904.80,-0.0034,0.0215,0.0214,0.4088
27-FEB-2026,WHIRLPOOL,921.85,903.15,0.0205,0.0242,0.0242,0.4623
27-FEB-2026,WILLAMAGOR,28.03,27.44,0.0213,0.0316,0.0315,0.6018
27-FEB-2026,WINDLAS,755.05,765.30,-0.0135,0.0264,0.0263,0.5025
27-FEB-2026,WINDMACHIN,251.75,243.40,0.0337,0.0300,0.0300,0.5731
27-FEB-2026,WINMORE,9.40,9.40,0.0000,0.0000,0.0000,0.0000
27-FEB-2026,WINSOME,1.75,1.76,-0.0057,0.0670,0.0669,1.2781
27-FEB-2026,WIPL,152.00,152.81,-0.0053,0.0251,0.0250,0.4776
27-FEB-2026,WIPRO,200.95,201.10,-0.0007,0.0164,0.0164,0.3133
27-FEB-2026,WOCKPHARMA,1361.85,1363.70,-0.0014,0.0317,0.0316,0.6037
27-FEB-2026,WONDERLA,477.35,475.15,0.0046,0.0194,0.0193,0.3687
27-FEB-2026,WORTHPERI,139.25,136.60,0.0192,0.0258,0.0258,0.4929
27-FEB-2026,WSI,70.50,70.23,0.0038,0.0295,0.0295,0.5636
27-FEB-2026,WSTCSTPAPR,421.90,419.85,0.0049,0.0217,0.0217,0.4146
27-FEB-2026,XCHANGING,65.80,65.26,0.0082,0.0206,0.0206,0.3936
27-FEB-2026,XELPMOC,130.40,133.00,-0.0197,0.0307,0.0307,0.5865
27-FEB-2026,XLTELENE,2.30,2.30,0.0000,0.0001,0.0001,0.0019
27-FEB-2026,XPROINDIA,902.45,882.45,0.0224,0.0270,0.0270,0.5158
27-FEB-2026,XTGLOBAL,38.65,33.63,0.1391,0.0355,0.0368,0.7031
27-FEB-2026,YASHO,1561.65,1497.60,0.0419,0.0274,0.0275,0.5254
27-FEB-2026,YATHARTH,709.55,697.65,0.0169,0.0236,0.0235,0.4490
27-FEB-2026,YATRA,118.60,119.60,-0.0084,0.0349,0.0348,0.6649
27-FEB-2026,YESBANK,20.72,21.04,-0.0153,0.0195,0.0195,0.3725
27-FEB-2026,YUKEN,782.50,765.05,0.0226,0.0250,0.0250,0.4776
27-FEB-2026,ZAGGLE,227.55,232.70,-0.0224,0.0302,0.0302,0.5770
27-FEB-2026,ZEEL,87.45,87.40,0.0006,0.0257,0.0256,0.4891
27-FEB-2026,ZEELEARN,6.00,5.43,0.0998,0.0294,0.0301,0.5751
27-FEB-2026,ZEEMEDIA,8.49,8.38,0.0130,0.0330,0.0330,0.6305
27-FEB-2026,ZENITHEXPO,203.20,202.20,0.0049,0.0340,0.0339,0.6477
27-FEB-2026,ZENITHSTL,5.73,5.45,0.0501,0.0318,0.0319,0.6094
27-FEB-2026,ZENSARTECH,564.75,554.15,0.0189,0.0225,0.0225,0.4299
27-FEB-2026,ZENTEC,1359.90,1357.25,0.0020,0.0281,0.0280,0.5349
27-FEB-2026,ZFCVINDIA,15163.60,15506.45,-0.0224,0.0206,0.0206,0.3936
27-FEB-2026,ZIMLAB,69.74,70.44,-0.0100,0.0300,0.0300,0.5731
27-FEB-2026,ZODIAC,243.80,245.70,-0.0078,0.0289,0.0288,0.5502
27-FEB-2026,ZODIACLOTH,80.32,81.21,-0.0110,0.0251,0.0250,0.4776
27-FEB-2026,ZOTA,1215.10,1242.70,-0.0225,0.0282,0.0281,0.5368
27-FEB-2026,ZUARI,224.05,223.60,0.0020,0.0332,0.0331,0.6324
27-FEB-2026,ZUARIIND,263.20,250.20,0.0507,0.0311,0.0312,0.5961
27-FEB-2026,ZYDUSLIFE,921.70,938.50,-0.0181,0.0143,0.0144,0.2751
27-FEB-2026,ZYDUSWELL,384.90,384.85,0.0001,0.0194,0.0194,0.3706
27-FEB-2026,503893,-,-,-,-,-,-
27-FEB-2026,504370,-,-,-,-,-,-
27-FEB-2026,505032,-,-,-,-,-,-
27-FEB-2026,505585,-,-,-,-,-,-
27-FEB-2026,506024,-,-,-,-,-,-
27-FEB-2026,506120,-,-,-,-,-,-
27-FEB-2026,506162,-,-,-,-,-,-
27-FEB-2026,506580,-,-,-,-,-,-
27-FEB-2026,507543,-,-,-,-,-,-
27-FEB-2026,511632,-,-,-,-,-,-
27-FEB-2026,512004,-,-,-,-,-,-
27-FEB-2026,512060,-,-,-,-,-,-
27-FEB-2026,512147,-,-,-,-,-,-
27-FEB-2026,512157,-,-,-,-,-,-
27-FEB-2026,512195,-,-,-,-,-,-
27-FEB-2026,512245,-,-,-,-,-,-
27-FEB-2026,512265,-,-,-,-,-,-
27-FEB-2026,512291,-,-,-,-,-,-
27-FEB-2026,512303,-,-,-,-,-,-
27-FEB-2026,512431,-,-,-,-,-,-
27-FEB-2026,512433,-,-,-,-,-,-
27-FEB-2026,512439,-,-,-,-,-,-
27-FEB-2026,512445,-,-,-,-,-,-
27-FEB-2026,512461,-,-,-,-,-,-
27-FEB-2026,512505,-,-,-,-,-,-
27-FEB-2026,512517,-,-,-,-,-,-
27-FEB-2026,513012,-,-,-,-,-,-
27-FEB-2026,524046,-,-,-,-,-,-
27-FEB-2026,526331,-,-,-,-,-,-
27-FEB-2026,526349,-,-,-,-,-,-
27-FEB-2026,531597,-,-,-,-,-,-
27-FEB-2026,531610,-,-,-,-,-,-
27-FEB-2026,531685,-,-,-,-,-,-
27-FEB-2026,531696,-,-,-,-,-,-
27-FEB-2026,531946,-,-,-,-,-,-
27-FEB-2026,532138,-,-,-,-,-,-
27-FEB-2026,539253,-,-,-,-,-,-
27-FEB-2026,539983,-,-,-,-,-,-
27-FEB-2026,542931,-,-,-,-,-,-
27-FEB-2026,543859,-,-,-,-,-,-
27-FEB-2026,ACEEXPO,-,-,-,-,-,-
27-FEB-2026,ADBML,-,-,-,-,-,-
27-FEB-2026,ADVENTZSEC,-,-,-,-,-,-
27-FEB-2026,AEL,-,-,-,-,-,-
27-FEB-2026,AGGARSAIN,-,-,-,-,-,-
27-FEB-2026,AGVENTURES,-,-,-,-,-,-
27-FEB-2026,AIRLTD,-,-,-,-,-,-
27-FEB-2026,AKASHAGRO,-,-,-,-,-,-
27-FEB-2026,ALIROX,-,-,-,-,-,-
27-FEB-2026,ANKUR,-,-,-,-,-,-
27-FEB-2026,ARIHANTCFL,-,-,-,-,-,-
27-FEB-2026,ASIANLAKTO,-,-,-,-,-,-
27-FEB-2026,ASSOFIN,-,-,-,-,-,-
27-FEB-2026,ATLANTIC,-,-,-,-,-,-
27-FEB-2026,AURUMCAP,-,-,-,-,-,-
27-FEB-2026,AYUSHMAN,-,-,-,-,-,-
27-FEB-2026,BALAJIAGRO,-,-,-,-,-,-
27-FEB-2026,BASANT,-,-,-,-,-,-
27-FEB-2026,BESWASTH,-,-,-,-,-,-
27-FEB-2026,BHAIRAV,-,-,-,-,-,-
27-FEB-2026,BHARAT,-,-,-,-,-,-
27-FEB-2026,BUYRIGHT,-,-,-,-,-,-
27-FEB-2026,CENTRAL,-,-,-,-,-,-
27-FEB-2026,CHAMPION,-,-,-,-,-,-
27-FEB-2026,CHITRAKUT,-,-,-,-,-,-
27-FEB-2026,CREMICA,-,-,-,-,-,-
27-FEB-2026,CRESCENT,-,-,-,-,-,-
27-FEB-2026,DDVENTURES,-,-,-,-,-,-
27-FEB-2026,DEEPJYOTI,-,-,-,-,-,-
27-FEB-2026,DHAVAL,-,-,-,-,-,-
27-FEB-2026,DRFRESH,-,-,-,-,-,-
27-FEB-2026,DRMIND,-,-,-,-,-,-
27-FEB-2026,ELLORA,-,-,-,-,-,-
27-FEB-2026,EMRALD,-,-,-,-,-,-
27-FEB-2026,GANODAYA,-,-,-,-,-,-
27-FEB-2026,GARG,-,-,-,-,-,-
27-FEB-2026,GIKENSEIKI,-,-,-,-,-,-
27-FEB-2026,GOALPOST,-,-,-,-,-,-
27-FEB-2026,HINDAUTO,-,-,-,-,-,-
27-FEB-2026,ISCCL,-,-,-,-,-,-
27-FEB-2026,ITLFIN,-,-,-,-,-,-
27-FEB-2026,JAGAT,-,-,-,-,-,-
27-FEB-2026,JAINFARM,-,-,-,-,-,-
27-FEB-2026,JCKINFRA,-,-,-,-,-,-
27-FEB-2026,JFL,-,-,-,-,-,-
27-FEB-2026,JFRL,-,-,-,-,-,-
27-FEB-2026,JOML,-,-,-,-,-,-
27-FEB-2026,JPWL,-,-,-,-,-,-
27-FEB-2026,KCCL,-,-,-,-,-,-
27-FEB-2026,KIRTIINV,-,-,-,-,-,-
27-FEB-2026,KRALEASING,-,-,-,-,-,-
27-FEB-2026,KUMARAUTO,-,-,-,-,-,-
27-FEB-2026,LARK,-,-,-,-,-,-
27-FEB-2026,MACORPACK,-,-,-,-,-,-
27-FEB-2026,MARYADACOM,-,-,-,-,-,-
27-FEB-2026,MAYURBHANJ,-,-,-,-,-,-
27-FEB-2026,MFL,-,-,-,-,-,-
27-FEB-2026,MILIAIND,-,-,-,-,-,-
27-FEB-2026,MORNMEDIA,-,-,-,-,-,-
27-FEB-2026,MPL,-,-,-,-,-,-
27-FEB-2026,NARBADA,-,-,-,-,-,-
27-FEB-2026,NAWRATAN,-,-,-,-,-,-
27-FEB-2026,NEELEC,-,-,-,-,-,-
27-FEB-2026,NIDHISER,-,-,-,-,-,-
27-FEB-2026,OSEINTRUST,-,-,-,-,-,-
27-FEB-2026,PACEAUTO,-,-,-,-,-,-
27-FEB-2026,PARTAPIND,-,-,-,-,-,-
27-FEB-2026,PATBACK,-,-,-,-,-,-
27-FEB-2026,PATNAELECT,-,-,-,-,-,-
27-FEB-2026,PFCSL,-,-,-,-,-,-
27-FEB-2026,PPML,-,-,-,-,-,-
27-FEB-2026,QUALITY,-,-,-,-,-,-
27-FEB-2026,RADICOFIN,-,-,-,-,-,-
27-FEB-2026,RAKAN,-,-,-,-,-,-
27-FEB-2026,RAMPURFERT,-,-,-,-,-,-
27-FEB-2026,RATHIIND,-,-,-,-,-,-
27-FEB-2026,RFHL,-,-,-,-,-,-
27-FEB-2026,RICHNRICH,-,-,-,-,-,-
27-FEB-2026,RISHABHENT,-,-,-,-,-,-
27-FEB-2026,ROADWAYS,-,-,-,-,-,-
27-FEB-2026,RWCL,-,-,-,-,-,-
27-FEB-2026,SARNIMAL,-,-,-,-,-,-
27-FEB-2026,SARVARAYA,-,-,-,-,-,-
27-FEB-2026,SCEL,-,-,-,-,-,-
27-FEB-2026,SELECTRIC,-,-,-,-,-,-
27-FEB-2026,SGEL,-,-,-,-,-,-
27-FEB-2026,SGETL,-,-,-,-,-,-
27-FEB-2026,SHAKUMBHRI,-,-,-,-,-,-
27-FEB-2026,SHREETULSI,-,-,-,-,-,-
27-FEB-2026,SHREEVIJAY,-,-,-,-,-,-
27-FEB-2026,SHREYANS,-,-,-,-,-,-
27-FEB-2026,SIGACHI1,-,-,-,-,-,-
27-FEB-2026,SKYLINE,-,-,-,-,-,-
27-FEB-2026,SKYWEB,-,-,-,-,-,-
27-FEB-2026,SLESHA,-,-,-,-,-,-
27-FEB-2026,SMCSL,-,-,-,-,-,-
27-FEB-2026,SNSDIAGNOS,-,-,-,-,-,-
27-FEB-2026,SNSPL,-,-,-,-,-,-
27-FEB-2026,SOPHIA,-,-,-,-,-,-
27-FEB-2026,SPMLINDIA,-,-,-,-,-,-
27-FEB-2026,SRINARAYAN,-,-,-,-,-,-
27-FEB-2026,SSF,-,-,-,-,-,-
27-FEB-2026,SUNPOINT,-,-,-,-,-,-
27-FEB-2026,SUPRAIND,-,-,-,-,-,-
27-FEB-2026,SUPRANEET,-,-,-,-,-,-
27-FEB-2026,SUPREMECOM,-,-,-,-,-,-
27-FEB-2026,TECHAINPOW,-,-,-,-,-,-
27-FEB-2026,TRIDENTIND,-,-,-,-,-,-
27-FEB-2026,UPAL,-,-,-,-,-,-
27-FEB-2026,USSGLOBAL,-,-,-,-,-,-
27-FEB-2026,WELGA,-,-,-,-,-,-
27-FEB-2026,ZEL,-,-,-,-,-,-
27-FEB-2026,ZRINFRA,-,-,-,-,-,-
