Date,Symbol,Underlying Close Price (A),Underlying Previous Day Close Price (B),Underlying Log Returns (C) = LN(A/B),Previous Day Underlying Volatility (D),Current Day Underlying Daily Volatility (E) = Sqrt(0.995*D*D + 0.005*C*C),Underlying Annualised Volatility (F) = E*Sqrt(365)
22-JUL-2026,20MICRONS,211.15,211.00,0.0007,0.0294,0.0293,0.5598
22-JUL-2026,21STCENMGM,35.68,34.99,0.0195,0.0200,0.0200,0.3821
22-JUL-2026,360ONE,1093.60,1119.70,-0.0236,0.0210,0.0210,0.4012
22-JUL-2026,3BBLACKBIO,1289.50,1272.40,0.0133,0.0330,0.0329,0.6286
22-JUL-2026,3IINFOLTD,19.97,19.12,0.0435,0.0233,0.0235,0.4490
22-JUL-2026,3MINDIA,35725.00,35165.00,0.0158,0.0180,0.0180,0.3439
22-JUL-2026,3PLAND,31.85,32.07,-0.0069,0.0267,0.0266,0.5082
22-JUL-2026,500012,49.74,49.80,-0.0012,0.0313,0.0312,0.5961
22-JUL-2026,500014,3.83,3.84,-0.0026,0.0285,0.0284,0.5426
22-JUL-2026,500016,7.40,7.53,-0.0174,0.0325,0.0325,0.6209
22-JUL-2026,500028,23.48,23.68,-0.0085,0.0289,0.0289,0.5521
22-JUL-2026,500051,11.94,11.71,0.0195,0.0220,0.0220,0.4203
22-JUL-2026,500058,12.57,12.51,0.0048,0.0303,0.0303,0.5789
22-JUL-2026,500069,274.00,274.00,0.0000,0.0235,0.0234,0.4471
22-JUL-2026,500142,10.85,10.69,0.0149,0.0394,0.0393,0.7508
22-JUL-2026,500143,1024.50,1017.25,0.0071,0.0315,0.0314,0.5999
22-JUL-2026,500166,185.05,186.55,-0.0081,0.0213,0.0212,0.4050
22-JUL-2026,500170,24.00,25.31,-0.0531,0.0309,0.0311,0.5942
22-JUL-2026,500192,1.81,1.74,0.0394,0.0341,0.0342,0.6534
22-JUL-2026,500202,7.05,6.94,0.0157,0.0331,0.0331,0.6324
22-JUL-2026,500206,63.49,64.90,-0.0220,0.0339,0.0339,0.6477
22-JUL-2026,500213,314.60,318.10,-0.0111,0.0239,0.0239,0.4566
22-JUL-2026,500220,282.85,269.40,0.0487,0.0341,0.0341,0.6515
22-JUL-2026,500239,14.56,15.00,-0.0298,0.0305,0.0305,0.5827
22-JUL-2026,500240,277.20,281.75,-0.0163,0.0345,0.0344,0.6572
22-JUL-2026,500246,54.47,57.33,-0.0512,0.0412,0.0412,0.7871
22-JUL-2026,500248,5.55,5.40,0.0274,0.0263,0.0264,0.5044
22-JUL-2026,500270,126.40,128.60,-0.0173,0.0211,0.0211,0.4031
22-JUL-2026,500277,6.32,5.97,0.0570,0.0408,0.0409,0.7814
22-JUL-2026,500285,11.20,10.86,0.0308,0.0348,0.0348,0.6649
22-JUL-2026,500298,645.50,655.90,-0.0160,0.0272,0.0272,0.5197
22-JUL-2026,500319,75.76,77.16,-0.0183,0.0269,0.0269,0.5139
22-JUL-2026,500322,105.50,111.00,-0.0508,0.0344,0.0345,0.6591
22-JUL-2026,500346,47.26,47.92,-0.0139,0.0320,0.0319,0.6094
22-JUL-2026,500357,12.29,11.97,0.0264,0.0336,0.0336,0.6419
22-JUL-2026,500360,249.85,245.05,0.0194,0.0354,0.0353,0.6744
22-JUL-2026,500370,29.59,29.79,-0.0067,0.0351,0.0350,0.6687
22-JUL-2026,500371,56.81,59.79,-0.0511,0.0309,0.0311,0.5942
22-JUL-2026,500388,100.00,104.50,-0.0440,0.0338,0.0339,0.6477
22-JUL-2026,500421,17.40,17.91,-0.0289,0.0355,0.0355,0.6782
22-JUL-2026,500422,370.00,370.25,-0.0007,0.0355,0.0354,0.6763
22-JUL-2026,500426,1.63,1.62,0.0062,0.0341,0.0340,0.6496
22-JUL-2026,500449,37.21,36.68,0.0143,0.0336,0.0335,0.6400
22-JUL-2026,500450,481.65,481.65,0.0000,0.0319,0.0318,0.6075
22-JUL-2026,500458,29.44,28.54,0.0310,0.0354,0.0354,0.6763
22-JUL-2026,500500,15.81,16.15,-0.0213,0.0319,0.0318,0.6075
22-JUL-2026,501110,7.50,7.50,0.0000,0.0033,0.0033,0.0630
22-JUL-2026,501111,12.14,12.14,0.0000,0.0027,0.0027,0.0516
22-JUL-2026,501148,385.50,385.50,0.0000,0.0152,0.0151,0.2885
22-JUL-2026,501151,8703.60,8881.20,-0.0202,0.0242,0.0242,0.4623
22-JUL-2026,501261,92.90,88.50,0.0485,0.1648,0.1645,3.1428
22-JUL-2026,501270,11.29,11.29,0.0000,0.0213,0.0212,0.4050
22-JUL-2026,501311,13.10,13.10,0.0000,0.0311,0.0310,0.5923
22-JUL-2026,501314,0.60,0.61,-0.0165,0.0357,0.0356,0.6801
22-JUL-2026,501351,75.00,75.00,0.0000,0.0283,0.0282,0.5388
22-JUL-2026,501370,123.00,129.25,-0.0496,0.0338,0.0339,0.6477
22-JUL-2026,501386,23.33,23.33,0.0000,0.0135,0.0135,0.2579
22-JUL-2026,501391,521.30,535.00,-0.0259,0.0296,0.0296,0.5655
22-JUL-2026,501430,1597.20,1599.00,-0.0011,0.0249,0.0249,0.4757
22-JUL-2026,501477,221.80,221.80,0.0000,0.0302,0.0302,0.5770
22-JUL-2026,501479,11.02,11.02,0.0000,0.0000,0.0000,0.0000
22-JUL-2026,501622,114.69,109.23,0.0488,0.0277,0.0279,0.5330
22-JUL-2026,501630,26.98,26.98,0.0000,0.0050,0.0050,0.0955
22-JUL-2026,501700,6.90,6.89,0.0015,0.0310,0.0309,0.5903
22-JUL-2026,501833,22.62,22.95,-0.0145,0.0326,0.0326,0.6228
22-JUL-2026,501848,47.75,47.99,-0.0050,0.0357,0.0356,0.6801
22-JUL-2026,501945,8.63,8.47,0.0187,0.0153,0.0153,0.2923
22-JUL-2026,502015,23.32,23.47,-0.0064,0.0306,0.0305,0.5827
22-JUL-2026,502250,500.00,523.50,-0.0459,0.0338,0.0338,0.6457
22-JUL-2026,502281,6.55,6.50,0.0077,0.0365,0.0364,0.6954
22-JUL-2026,502294,38.98,38.40,0.0150,0.0430,0.0429,0.8196
22-JUL-2026,502445,35.08,35.65,-0.0161,0.0424,0.0423,0.8081
22-JUL-2026,502587,50.17,47.52,0.0543,0.0275,0.0277,0.5292
22-JUL-2026,502589,120.00,121.15,-0.0095,0.0294,0.0294,0.5617
22-JUL-2026,502850,15.03,15.03,0.0000,0.0044,0.0044,0.0841
22-JUL-2026,502865,278.25,283.40,-0.0183,0.0267,0.0267,0.5101
22-JUL-2026,502873,103.95,99.00,0.0488,0.0285,0.0286,0.5464
22-JUL-2026,502893,68.00,68.99,-0.0145,0.0395,0.0394,0.7527
22-JUL-2026,502901,76.09,77.23,-0.0149,0.0250,0.0250,0.4776
22-JUL-2026,502933,100.30,100.30,0.0000,0.0290,0.0289,0.5521
22-JUL-2026,502958,7844.75,7536.00,0.0402,0.0201,0.0203,0.3878
22-JUL-2026,503092,34.33,32.70,0.0486,0.0445,0.0445,0.8502
22-JUL-2026,503127,5319.05,5319.05,0.0000,0.0277,0.0276,0.5273
22-JUL-2026,503229,134.25,134.25,0.0000,0.0313,0.0312,0.5961
22-JUL-2026,503349,5000.00,5186.65,-0.0367,0.0248,0.0249,0.4757
22-JUL-2026,503622,7.71,7.71,0.0000,0.0017,0.0017,0.0325
22-JUL-2026,503624,7.56,8.17,-0.0776,0.0404,0.0407,0.7776
22-JUL-2026,503626,16.23,16.23,0.0000,0.0092,0.0092,0.1758
22-JUL-2026,503635,374.40,356.60,0.0487,0.0316,0.0317,0.6056
22-JUL-2026,503639,119.89,117.54,0.0198,0.0323,0.0322,0.6152
22-JUL-2026,503641,1.65,1.64,0.0061,0.0354,0.0353,0.6744
22-JUL-2026,503657,12.19,12.14,0.0041,0.0289,0.0288,0.5502
22-JUL-2026,503659,187.35,187.35,0.0000,0.0302,0.0301,0.5751
22-JUL-2026,503663,1.12,1.12,0.0000,0.0331,0.0330,0.6305
22-JUL-2026,503671,4.55,4.55,0.0000,0.0000,0.0000,0.0000
22-JUL-2026,503675,1.20,1.20,0.0000,0.0403,0.0402,0.7680
22-JUL-2026,503685,15.30,15.40,-0.0065,0.0327,0.0326,0.6228
22-JUL-2026,503689,3.20,3.20,0.0000,0.0000,0.0000,0.0000
22-JUL-2026,503696,55.00,55.00,0.0000,0.0000,0.0000,0.0000
22-JUL-2026,503772,58.43,61.50,-0.0512,0.0272,0.0274,0.5235
22-JUL-2026,503776,32.00,33.00,-0.0308,0.0403,0.0403,0.7699
22-JUL-2026,503804,362.40,369.00,-0.0180,0.0252,0.0251,0.4795
22-JUL-2026,503816,36.72,38.42,-0.0453,0.0311,0.0312,0.5961
22-JUL-2026,503837,12.06,12.69,-0.0509,0.0342,0.0343,0.6553
22-JUL-2026,503863,10.50,10.50,0.0000,0.0270,0.0269,0.5139
22-JUL-2026,504028,113.10,116.00,-0.0253,0.0308,0.0307,0.5865
22-JUL-2026,504076,56.41,59.37,-0.0511,0.0347,0.0348,0.6649
22-JUL-2026,504080,903.00,848.00,0.0628,0.0345,0.0347,0.6629
22-JUL-2026,504084,920.40,944.25,-0.0256,0.0320,0.0320,0.6114
22-JUL-2026,504092,629.85,599.90,0.0487,0.0305,0.0306,0.5846
22-JUL-2026,504093,250.75,250.55,0.0008,0.0222,0.0221,0.4222
22-JUL-2026,504132,846.00,860.90,-0.0175,0.0290,0.0289,0.5521
22-JUL-2026,504176,605.85,622.85,-0.0277,0.0287,0.0287,0.5483
22-JUL-2026,504180,49.40,49.42,-0.0004,0.0287,0.0286,0.5464
22-JUL-2026,504240,413.70,411.35,0.0057,0.0348,0.0347,0.6629
22-JUL-2026,504258,816.50,821.20,-0.0057,0.0239,0.0238,0.4547
22-JUL-2026,504273,17.44,16.65,0.0464,0.0291,0.0292,0.5579
22-JUL-2026,504340,9.07,8.70,0.0416,0.0234,0.0235,0.4490
22-JUL-2026,504356,9.87,10.37,-0.0494,0.0338,0.0339,0.6477
22-JUL-2026,504365,4.11,4.11,0.0000,0.0005,0.0004,0.0076
22-JUL-2026,504369,0.28,0.27,0.0364,0.0143,0.0145,0.2770
22-JUL-2026,504375,618.90,608.60,0.0168,0.0220,0.0219,0.4184
22-JUL-2026,504378,2.21,2.31,-0.0443,0.0297,0.0298,0.5693
22-JUL-2026,504380,47.81,46.75,0.0224,0.0349,0.0348,0.6649
22-JUL-2026,504392,45.83,46.76,-0.0201,0.0376,0.0376,0.7183
22-JUL-2026,504397,84.00,84.00,0.0000,0.0321,0.0321,0.6133
22-JUL-2026,504605,4745.50,4530.85,0.0463,0.0287,0.0288,0.5502
22-JUL-2026,504646,573.30,563.10,0.0180,0.0303,0.0302,0.5770
22-JUL-2026,504648,47.00,48.50,-0.0314,0.0422,0.0421,0.8043
22-JUL-2026,504697,12.79,12.79,0.0000,0.0415,0.0414,0.7909
22-JUL-2026,504731,86.84,84.68,0.0252,0.0280,0.0280,0.5349
22-JUL-2026,504746,568.90,632.10,-0.1053,0.0315,0.0323,0.6171
22-JUL-2026,504810,83.17,83.58,-0.0049,0.0442,0.0441,0.8425
22-JUL-2026,504840,1600.05,1669.95,-0.0428,0.0262,0.0263,0.5025
22-JUL-2026,504903,23.68,23.54,0.0059,0.0307,0.0307,0.5865
22-JUL-2026,504908,375.05,375.05,0.0000,0.0358,0.0357,0.6820
22-JUL-2026,504959,1685.00,1700.00,-0.0089,0.0191,0.0191,0.3649
22-JUL-2026,504988,709.95,709.95,0.0000,0.0249,0.0249,0.4757
22-JUL-2026,504998,0.58,0.58,0.0000,0.0106,0.0106,0.2025
22-JUL-2026,505032,5.89,5.61,0.0487,0.0057,0.0066,0.1261
22-JUL-2026,505036,2283.30,2286.70,-0.0015,0.0269,0.0269,0.5139
22-JUL-2026,505212,125.00,114.90,0.0843,0.0349,0.0353,0.6744
22-JUL-2026,505216,2665.15,2701.80,-0.0137,0.0267,0.0266,0.5082
22-JUL-2026,505250,76.02,76.14,-0.0016,0.0346,0.0345,0.6591
22-JUL-2026,505299,505.00,520.75,-0.0307,0.0415,0.0414,0.7909
22-JUL-2026,505302,2344.00,2349.80,-0.0025,0.0302,0.0302,0.5770
22-JUL-2026,505336,0.30,0.31,-0.0328,0.0382,0.0382,0.7298
22-JUL-2026,505343,0.32,0.32,0.0000,0.0362,0.0361,0.6897
22-JUL-2026,505358,169.10,174.20,-0.0297,0.0303,0.0303,0.5789
22-JUL-2026,505502,1.20,1.20,0.0000,0.0166,0.0165,0.3152
22-JUL-2026,505504,235.05,223.95,0.0484,0.0258,0.0259,0.4948
22-JUL-2026,505515,12.70,12.61,0.0071,0.0370,0.0369,0.7050
22-JUL-2026,505520,106.40,106.40,0.0000,0.0108,0.0107,0.2044
22-JUL-2026,505523,0.34,0.33,0.0299,0.0315,0.0315,0.6018
22-JUL-2026,505585,14.13,14.13,0.0000,0.0038,0.0038,0.0726
22-JUL-2026,505594,32.80,32.80,0.0000,0.0000,0.0000,0.0000
22-JUL-2026,505650,15.86,15.25,0.0392,0.0385,0.0386,0.7375
22-JUL-2026,505685,37.08,37.08,0.0000,0.0495,0.0494,0.9438
22-JUL-2026,505690,749.50,720.00,0.0402,0.0346,0.0347,0.6629
22-JUL-2026,505693,8.88,8.81,0.0079,0.0361,0.0360,0.6878
22-JUL-2026,505712,258.55,257.85,0.0027,0.0293,0.0292,0.5579
22-JUL-2026,505720,114.80,113.90,0.0079,0.0297,0.0297,0.5674
22-JUL-2026,505737,596.85,605.95,-0.0151,0.0278,0.0277,0.5292
22-JUL-2026,505750,250.05,248.25,0.0072,0.0316,0.0316,0.6037
22-JUL-2026,505797,22.80,22.80,0.0000,0.0203,0.0202,0.3859
22-JUL-2026,505807,564.00,540.75,0.0421,0.0249,0.0250,0.4776
22-JUL-2026,505827,379.70,380.05,-0.0009,0.0178,0.0178,0.3401
22-JUL-2026,505840,33.49,33.81,-0.0095,0.0390,0.0389,0.7432
22-JUL-2026,505893,802.25,816.85,-0.0180,0.0310,0.0309,0.5903
22-JUL-2026,505978,1020.40,1095.00,-0.0706,0.0289,0.0293,0.5598
22-JUL-2026,506003,32.35,33.38,-0.0313,0.0333,0.0333,0.6362
22-JUL-2026,506042,179.25,179.25,0.0000,0.0574,0.0572,1.0928
22-JUL-2026,506105,67.93,64.51,0.0517,0.0337,0.0339,0.6477
22-JUL-2026,506122,82.76,80.00,0.0339,0.0317,0.0317,0.6056
22-JUL-2026,506128,144.45,144.10,0.0024,0.0339,0.0338,0.6457
22-JUL-2026,506134,11.75,12.03,-0.0236,0.0353,0.0353,0.6744
22-JUL-2026,506161,5.01,5.01,0.0000,0.0025,0.0025,0.0478
22-JUL-2026,506166,53.37,53.23,0.0026,0.1559,0.1555,2.9708
22-JUL-2026,506178,17.01,17.01,0.0000,0.0011,0.0011,0.0210
22-JUL-2026,506180,430.00,435.00,-0.0116,0.0320,0.0319,0.6094
22-JUL-2026,506186,18.28,18.16,0.0066,0.0358,0.0357,0.6820
22-JUL-2026,506190,52.50,52.50,0.0000,0.0000,0.0000,0.0000
22-JUL-2026,506196,4.25,4.25,0.0000,0.0004,0.0004,0.0076
22-JUL-2026,506365,79.97,76.17,0.0487,0.0387,0.0387,0.7394
22-JUL-2026,506520,5.91,6.01,-0.0168,0.0270,0.0270,0.5158
22-JUL-2026,506528,7671.85,8013.35,-0.0436,0.0288,0.0289,0.5521
22-JUL-2026,506530,1081.20,1081.20,0.0000,0.0236,0.0235,0.4490
22-JUL-2026,506543,8.62,8.60,0.0023,0.0389,0.0388,0.7413
22-JUL-2026,506579,111.05,111.90,-0.0076,0.0327,0.0327,0.6247
22-JUL-2026,506597,766.95,769.45,-0.0033,0.0379,0.0378,0.7222
22-JUL-2026,506605,1910.00,1939.95,-0.0156,0.0292,0.0292,0.5579
22-JUL-2026,506640,127.00,127.00,0.0000,0.0384,0.0383,0.7317
22-JUL-2026,506734,97.00,98.00,-0.0103,0.0254,0.0253,0.4834
22-JUL-2026,506808,59.30,61.38,-0.0345,0.0309,0.0309,0.5903
22-JUL-2026,506854,2699.50,2714.05,-0.0054,0.0293,0.0292,0.5579
22-JUL-2026,506858,52.62,55.13,-0.0466,0.0280,0.0281,0.5368
22-JUL-2026,506863,76.78,76.08,0.0092,0.0240,0.0239,0.4566
22-JUL-2026,506906,37.30,37.30,0.0000,0.0458,0.0457,0.8731
22-JUL-2026,506919,151.45,153.95,-0.0164,0.0355,0.0354,0.6763
22-JUL-2026,506935,65.75,66.49,-0.0112,0.0267,0.0267,0.5101
22-JUL-2026,506945,2.71,2.71,0.0000,0.0068,0.0067,0.1280
22-JUL-2026,506947,181.45,191.00,-0.0513,0.0281,0.0282,0.5388
22-JUL-2026,506975,13.80,13.17,0.0467,0.0301,0.0302,0.5770
22-JUL-2026,506979,76.61,80.60,-0.0508,0.0341,0.0342,0.6534
22-JUL-2026,506981,116.00,121.40,-0.0455,0.0285,0.0286,0.5464
22-JUL-2026,507155,128.40,128.40,0.0000,0.0264,0.0263,0.5025
22-JUL-2026,507180,5.88,6.04,-0.0268,0.0394,0.0394,0.7527
22-JUL-2026,507265,167.75,177.90,-0.0587,0.0350,0.0352,0.6725
22-JUL-2026,507300,970.00,969.60,0.0004,0.0266,0.0266,0.5082
22-JUL-2026,507474,46.37,47.66,-0.0274,0.0328,0.0327,0.6247
22-JUL-2026,507486,49.83,49.84,-0.0002,0.0323,0.0323,0.6171
22-JUL-2026,507498,33.99,33.83,0.0047,0.0275,0.0274,0.5235
22-JUL-2026,507515,22.03,23.08,-0.0466,0.0361,0.0361,0.6897
22-JUL-2026,507530,28.15,28.15,0.0000,0.0082,0.0081,0.1548
22-JUL-2026,507598,98.60,97.60,0.0102,0.0300,0.0300,0.5731
22-JUL-2026,507609,23.45,23.45,0.0000,0.0291,0.0290,0.5540
22-JUL-2026,507621,67.53,67.19,0.0050,0.0238,0.0237,0.4528
22-JUL-2026,507645,10303.20,10600.00,-0.0284,0.0222,0.0222,0.4241
22-JUL-2026,507663,4.99,4.99,0.0000,0.0105,0.0104,0.1987
22-JUL-2026,507690,180.20,179.75,0.0025,0.0322,0.0322,0.6152
22-JUL-2026,507753,100.15,101.15,-0.0099,0.0241,0.0241,0.4604
22-JUL-2026,507759,13.96,13.96,0.0000,0.0431,0.0430,0.8215
22-JUL-2026,507808,34.10,34.10,0.0000,0.0222,0.0222,0.4241
22-JUL-2026,507813,57.39,57.35,0.0007,0.0354,0.0353,0.6744
22-JUL-2026,507817,142.95,142.95,0.0000,0.0319,0.0318,0.6075
22-JUL-2026,507828,5.96,6.03,-0.0117,0.0346,0.0345,0.6591
22-JUL-2026,507833,3.61,3.60,0.0028,0.0275,0.0275,0.5254
22-JUL-2026,507852,80.53,81.44,-0.0112,0.0294,0.0294,0.5617
22-JUL-2026,507872,39.52,38.80,0.0184,0.0293,0.0293,0.5598
22-JUL-2026,507917,51.11,52.39,-0.0247,0.0321,0.0321,0.6133
22-JUL-2026,507938,14.63,14.63,0.0000,0.0212,0.0211,0.4031
22-JUL-2026,507946,15.14,15.14,0.0000,0.0369,0.0369,0.7050
22-JUL-2026,507948,72.15,70.59,0.0219,0.0337,0.0336,0.6419
22-JUL-2026,507952,3.15,3.15,0.0000,0.0000,0.0000,0.0000
22-JUL-2026,507960,187.20,186.85,0.0019,0.0254,0.0254,0.4853
22-JUL-2026,507962,4.50,4.69,-0.0414,0.0291,0.0292,0.5579
22-JUL-2026,507966,56.00,54.61,0.0251,0.0448,0.0448,0.8559
22-JUL-2026,507968,38.10,38.10,0.0000,0.0271,0.0271,0.5177
22-JUL-2026,507970,32.02,33.49,-0.0449,0.0343,0.0344,0.6572
22-JUL-2026,507981,63.10,64.85,-0.0274,0.0256,0.0256,0.4891
22-JUL-2026,507987,3.99,3.99,0.0000,0.0037,0.0036,0.0688
22-JUL-2026,507998,183.15,183.00,0.0008,0.0324,0.0323,0.6171
22-JUL-2026,508494,47.95,47.21,0.0156,0.0283,0.0283,0.5407
22-JUL-2026,508571,138.00,138.00,0.0000,0.0360,0.0360,0.6878
22-JUL-2026,508664,16.70,17.07,-0.0219,0.0370,0.0370,0.7069
22-JUL-2026,508807,607.00,621.05,-0.0229,0.0228,0.0228,0.4356
22-JUL-2026,508867,41.07,41.07,0.0000,0.0146,0.0145,0.2770
22-JUL-2026,508875,541.65,545.95,-0.0079,0.0312,0.0311,0.5942
22-JUL-2026,508905,122.25,122.00,0.0020,0.0396,0.0395,0.7546
22-JUL-2026,508918,51.47,50.29,0.0232,0.0387,0.0387,0.7394
22-JUL-2026,508941,460.65,462.55,-0.0041,0.0151,0.0151,0.2885
22-JUL-2026,508956,10.49,10.66,-0.0161,0.0359,0.0358,0.6840
22-JUL-2026,508961,189.90,185.25,0.0248,0.0315,0.0314,0.5999
22-JUL-2026,508969,2.92,2.86,0.0208,0.0283,0.0282,0.5388
22-JUL-2026,508980,8.23,8.13,0.0122,0.0354,0.0353,0.6744
22-JUL-2026,509003,0.13,0.13,0.0000,0.0000,0.0000,0.0000
22-JUL-2026,509015,16.09,15.54,0.0348,0.0380,0.0379,0.7241
22-JUL-2026,509024,8.70,8.60,0.0116,0.0634,0.0633,1.2093
22-JUL-2026,509026,70.89,71.40,-0.0072,0.0492,0.0491,0.9381
22-JUL-2026,509038,14.75,15.49,-0.0490,0.0189,0.0192,0.3668
22-JUL-2026,509040,174.95,176.00,-0.0060,0.0319,0.0318,0.6075
22-JUL-2026,509046,43.50,43.53,-0.0007,0.0319,0.0318,0.6075
22-JUL-2026,509051,0.58,0.58,0.0000,0.0342,0.0341,0.6515
22-JUL-2026,509053,6.96,7.08,-0.0171,0.0239,0.0238,0.4547
22-JUL-2026,509073,11.25,11.00,0.0225,0.0522,0.0521,0.9954
22-JUL-2026,509162,95.00,95.00,0.0000,0.0280,0.0279,0.5330
22-JUL-2026,509196,53.47,52.90,0.0107,0.0292,0.0291,0.5560
22-JUL-2026,509423,32.00,32.00,0.0000,0.0354,0.0354,0.6763
22-JUL-2026,509438,10259.85,10200.15,0.0058,0.0151,0.0150,0.2866
22-JUL-2026,509449,38.20,36.45,0.0469,0.0381,0.0382,0.7298
22-JUL-2026,509470,19400.00,19082.70,0.0165,0.0240,0.0239,0.4566
22-JUL-2026,509472,423.95,422.80,0.0027,0.0285,0.0285,0.5445
22-JUL-2026,509486,74.48,76.42,-0.0257,0.0310,0.0309,0.5903
22-JUL-2026,509525,1031.85,1018.25,0.0133,0.0195,0.0195,0.3725
22-JUL-2026,509563,21.46,21.56,-0.0046,0.0336,0.0336,0.6419
22-JUL-2026,509597,869.70,858.15,0.0134,0.0311,0.0310,0.5923
22-JUL-2026,509650,38.74,38.74,0.0000,0.0006,0.0006,0.0115
22-JUL-2026,509760,32.61,32.43,0.0055,0.0398,0.0397,0.7585
22-JUL-2026,509762,40.09,38.19,0.0486,0.0830,0.0829,1.5838
22-JUL-2026,509782,17.95,17.95,0.0000,0.0000,0.0000,0.0000
22-JUL-2026,509835,16.50,16.70,-0.0120,0.0440,0.0439,0.8387
22-JUL-2026,509845,509.90,509.90,0.0000,0.0187,0.0187,0.3573
22-JUL-2026,509870,60.74,60.74,0.0000,0.0040,0.0040,0.0764
22-JUL-2026,509887,688.00,724.00,-0.0510,0.0296,0.0298,0.5693
22-JUL-2026,509895,164.90,166.50,-0.0097,0.0262,0.0261,0.4986
22-JUL-2026,509910,25.00,25.00,0.0000,0.0173,0.0172,0.3286
22-JUL-2026,509917,99.54,99.54,0.0000,0.0077,0.0077,0.1471
22-JUL-2026,509953,605.00,616.10,-0.0182,0.0297,0.0297,0.5674
22-JUL-2026,509960,1466.80,1400.00,0.0466,0.0269,0.0270,0.5158
22-JUL-2026,510245,3.69,3.68,0.0027,0.0274,0.0273,0.5216
22-JUL-2026,511000,16.29,15.95,0.0211,0.0340,0.0340,0.6496
22-JUL-2026,511012,0.62,0.61,0.0163,0.0227,0.0226,0.4318
22-JUL-2026,511016,5.17,4.93,0.0475,0.0349,0.0350,0.6687
22-JUL-2026,511018,41.27,41.39,-0.0029,0.0392,0.0391,0.7470
22-JUL-2026,511038,3.75,3.75,0.0000,0.0000,0.0000,0.0000
22-JUL-2026,511048,5.18,5.18,0.0000,0.0000,0.0000,0.0000
22-JUL-2026,511060,17.00,17.00,0.0000,0.0000,0.0000,0.0000
22-JUL-2026,511066,28.34,28.15,0.0067,0.0260,0.0260,0.4967
22-JUL-2026,511074,990.00,990.00,0.0000,0.0023,0.0023,0.0439
22-JUL-2026,511092,8.39,8.83,-0.0511,0.0195,0.0198,0.3783
22-JUL-2026,511096,12.00,12.00,0.0000,0.0000,0.0000,0.0000
22-JUL-2026,511110,16.98,17.01,-0.0018,0.0503,0.0502,0.9591
22-JUL-2026,511122,68.29,68.80,-0.0074,0.0435,0.0434,0.8292
22-JUL-2026,511131,15.60,15.65,-0.0032,0.0298,0.0298,0.5693
22-JUL-2026,511147,65.07,62.99,0.0325,0.0273,0.0273,0.5216
22-JUL-2026,511153,21.49,21.08,0.0193,0.0403,0.0403,0.7699
22-JUL-2026,511169,5.60,5.62,-0.0036,0.0294,0.0294,0.5617
22-JUL-2026,511176,74.90,71.90,0.0409,0.0325,0.0326,0.6228
22-JUL-2026,511185,19.25,19.25,0.0000,0.0107,0.0107,0.2044
22-JUL-2026,511187,1.78,1.78,0.0000,0.0390,0.0389,0.7432
22-JUL-2026,511200,103.70,103.70,0.0000,0.0138,0.0138,0.2636
22-JUL-2026,511246,3.12,3.13,-0.0032,0.0343,0.0342,0.6534
22-JUL-2026,511254,61.75,61.75,0.0000,0.0000,0.0000,0.0000
22-JUL-2026,511260,33.98,35.76,-0.0511,0.0243,0.0245,0.4681
22-JUL-2026,511355,18.78,17.89,0.0486,0.0288,0.0289,0.5521
22-JUL-2026,511359,57.60,58.50,-0.0155,0.0300,0.0300,0.5731
22-JUL-2026,511377,27.00,27.55,-0.0202,0.0235,0.0235,0.4490
22-JUL-2026,511391,63.97,67.33,-0.0512,0.0339,0.0340,0.6496
22-JUL-2026,511401,4.54,4.77,-0.0494,0.0316,0.0317,0.6056
22-JUL-2026,511411,30.40,29.97,0.0142,0.0431,0.0430,0.8215
22-JUL-2026,511441,23.05,23.75,-0.0299,0.0321,0.0320,0.6114
22-JUL-2026,511447,0.26,0.26,0.0000,0.0359,0.0358,0.6840
22-JUL-2026,511451,13.00,13.00,0.0000,0.0360,0.0359,0.6859
22-JUL-2026,511463,7.45,7.79,-0.0446,0.0412,0.0412,0.7871
22-JUL-2026,511493,5.61,5.35,0.0475,0.0409,0.0409,0.7814
22-JUL-2026,511501,23.62,24.27,-0.0271,0.0288,0.0288,0.5502
22-JUL-2026,511507,30.50,29.05,0.0487,0.0366,0.0367,0.7012
22-JUL-2026,511509,23.18,23.48,-0.0129,0.0298,0.0297,0.5674
22-JUL-2026,511523,41.10,41.16,-0.0015,0.0252,0.0252,0.4814
22-JUL-2026,511525,1.67,1.68,-0.0060,0.0279,0.0278,0.5311
22-JUL-2026,511533,40.19,40.00,0.0047,0.0399,0.0398,0.7604
22-JUL-2026,511535,30.82,29.55,0.0421,0.0450,0.0450,0.8597
22-JUL-2026,511539,13.94,13.95,-0.0007,0.0293,0.0293,0.5598
22-JUL-2026,511543,45.00,45.46,-0.0102,0.0444,0.0442,0.8444
22-JUL-2026,511549,64.17,64.35,-0.0028,0.0328,0.0327,0.6247
22-JUL-2026,511557,2.76,2.63,0.0482,0.0333,0.0334,0.6381
22-JUL-2026,511563,56.39,56.39,0.0000,0.0256,0.0255,0.4872
22-JUL-2026,511571,109.80,109.75,0.0005,0.0352,0.0352,0.6725
22-JUL-2026,511577,17.36,15.43,0.1179,0.0392,0.0400,0.7642
22-JUL-2026,511585,3.23,3.39,-0.0483,0.0203,0.0206,0.3936
22-JUL-2026,511593,17.99,17.36,0.0356,0.0392,0.0392,0.7489
22-JUL-2026,511601,9.48,9.52,-0.0042,0.0320,0.0319,0.6094
22-JUL-2026,511609,15.95,16.57,-0.0381,0.0266,0.0266,0.5082
22-JUL-2026,511626,81.59,83.00,-0.0171,0.0411,0.0410,0.7833
22-JUL-2026,511636,1.68,1.73,-0.0293,0.0299,0.0299,0.5712
22-JUL-2026,511644,47.72,45.45,0.0487,0.0369,0.0369,0.7050
22-JUL-2026,511654,62.00,62.00,0.0000,0.0442,0.0441,0.8425
22-JUL-2026,511658,14.95,14.88,0.0047,0.0302,0.0301,0.5751
22-JUL-2026,511664,7.50,7.89,-0.0507,0.0375,0.0376,0.7183
22-JUL-2026,511692,5.66,6.04,-0.0650,0.0403,0.0405,0.7738
22-JUL-2026,511696,262.80,262.80,0.0000,0.0340,0.0340,0.6496
22-JUL-2026,511700,0.41,0.41,0.0000,0.0329,0.0328,0.6266
22-JUL-2026,511702,169.35,173.00,-0.0213,0.0265,0.0265,0.5063
22-JUL-2026,511710,4.57,4.36,0.0470,0.0344,0.0345,0.6591
22-JUL-2026,511712,59.60,63.05,-0.0563,0.0440,0.0441,0.8425
22-JUL-2026,511716,6.20,6.54,-0.0534,0.0474,0.0475,0.9075
22-JUL-2026,511728,15.50,16.01,-0.0324,0.0347,0.0347,0.6629
22-JUL-2026,511738,22.75,23.94,-0.0510,0.0171,0.0174,0.3324
22-JUL-2026,511740,123.50,130.00,-0.0513,0.0331,0.0332,0.6343
22-JUL-2026,511756,31.50,31.50,0.0000,0.0328,0.0327,0.6247
22-JUL-2026,511758,63.00,63.99,-0.0156,0.0400,0.0399,0.7623
22-JUL-2026,511764,33.99,36.97,-0.0840,0.0374,0.0377,0.7203
22-JUL-2026,512014,894.65,900.00,-0.0060,0.0242,0.0242,0.4623
22-JUL-2026,512018,8.02,8.00,0.0025,0.0297,0.0296,0.5655
22-JUL-2026,512022,244.45,244.45,0.0000,0.0000,0.0000,0.0000
22-JUL-2026,512025,30.54,31.55,-0.0325,0.0333,0.0333,0.6362
22-JUL-2026,512026,61.95,61.95,0.0000,0.1000,0.0998,1.9067
22-JUL-2026,512036,149.85,142.75,0.0485,0.0305,0.0306,0.5846
22-JUL-2026,512047,6.13,6.10,0.0049,0.0358,0.0357,0.6820
22-JUL-2026,512048,2.40,2.38,0.0084,0.0377,0.0376,0.7183
22-JUL-2026,512062,150.00,151.80,-0.0119,0.0183,0.0183,0.3496
22-JUL-2026,512063,45.34,45.34,0.0000,0.0091,0.0091,0.1739
22-JUL-2026,512064,40.00,39.95,0.0013,0.0385,0.0384,0.7336
22-JUL-2026,512065,76.04,74.55,0.0198,0.0891,0.0888,1.6965
22-JUL-2026,512091,12.19,12.19,0.0000,0.0279,0.0278,0.5311
22-JUL-2026,512093,3.51,3.57,-0.0169,0.0274,0.0274,0.5235
22-JUL-2026,512097,0.24,0.23,0.0426,0.0416,0.0416,0.7948
22-JUL-2026,512099,735.00,735.00,0.0000,0.0300,0.0300,0.5731
22-JUL-2026,512101,17.40,17.40,0.0000,0.0000,0.0000,0.0000
22-JUL-2026,512103,323.90,336.80,-0.0391,0.0292,0.0293,0.5598
22-JUL-2026,512109,58.58,59.77,-0.0201,0.0116,0.0116,0.2216
22-JUL-2026,512115,64.38,67.00,-0.0399,0.0356,0.0356,0.6801
22-JUL-2026,512117,3.67,3.67,0.0000,0.0000,0.0000,0.0000
22-JUL-2026,512149,0.91,0.92,-0.0109,0.0327,0.0326,0.6228
22-JUL-2026,512153,11.07,11.07,0.0000,0.0084,0.0084,0.1605
22-JUL-2026,512169,15.75,15.00,0.0488,0.0261,0.0263,0.5025
22-JUL-2026,512175,3.67,3.79,-0.0322,0.0335,0.0335,0.6400
22-JUL-2026,512197,6.38,6.09,0.0465,0.0330,0.0331,0.6324
22-JUL-2026,512213,2.71,2.71,0.0000,0.0000,0.0000,0.0000
22-JUL-2026,512217,27.33,29.23,-0.0672,0.0346,0.0348,0.6649
22-JUL-2026,512221,14.45,14.45,0.0000,0.0023,0.0023,0.0439
22-JUL-2026,512229,170.35,171.85,-0.0088,0.0164,0.0163,0.3114
22-JUL-2026,512247,2.80,2.73,0.0253,0.0259,0.0259,0.4948
22-JUL-2026,512257,3.58,3.58,0.0000,0.0242,0.0242,0.4623
22-JUL-2026,512261,3.00,3.00,0.0000,0.0000,0.0000,0.0000
22-JUL-2026,512271,116.50,116.50,0.0000,0.0004,0.0004,0.0076
22-JUL-2026,512277,301.80,317.65,-0.0512,0.0333,0.0334,0.6381
22-JUL-2026,512301,39.95,39.17,0.0197,0.0316,0.0316,0.6037
22-JUL-2026,512344,3.70,3.70,0.0000,0.0368,0.0367,0.7012
22-JUL-2026,512345,198.90,198.90,0.0000,0.0296,0.0295,0.5636
22-JUL-2026,512361,27.50,28.00,-0.0180,0.0322,0.0321,0.6133
22-JUL-2026,512367,11.52,11.52,0.0000,0.0011,0.0011,0.0210
22-JUL-2026,512377,5.64,5.64,0.0000,0.0029,0.0029,0.0554
22-JUL-2026,512379,2.25,2.24,0.0045,0.0301,0.0300,0.5731
22-JUL-2026,512399,40.03,40.45,-0.0104,0.0279,0.0278,0.5311
22-JUL-2026,512404,0.05,0.05,0.0000,0.0098,0.0097,0.1853
22-JUL-2026,512408,10.05,10.05,0.0000,0.0000,0.0000,0.0000
22-JUL-2026,512415,5.04,4.94,0.0200,0.0318,0.0318,0.6075
22-JUL-2026,512425,737.90,737.90,0.0000,0.0303,0.0302,0.5770
22-JUL-2026,512437,332.95,331.00,0.0059,0.0329,0.0328,0.6266
22-JUL-2026,512441,0.28,0.29,-0.0351,0.0418,0.0417,0.7967
22-JUL-2026,512443,11.73,11.83,-0.0085,0.0327,0.0327,0.6247
22-JUL-2026,512453,576.30,582.60,-0.0109,0.0268,0.0268,0.5120
22-JUL-2026,512477,471.00,471.00,0.0000,0.0382,0.0381,0.7279
22-JUL-2026,512479,735.25,735.25,0.0000,0.0193,0.0193,0.3687
22-JUL-2026,512485,113.60,113.60,0.0000,0.0329,0.0328,0.6266
22-JUL-2026,512489,11.30,11.40,-0.0088,0.0434,0.0433,0.8272
22-JUL-2026,512493,63.78,64.50,-0.0112,0.0316,0.0315,0.6018
22-JUL-2026,512499,0.35,0.36,-0.0282,0.0149,0.0150,0.2866
22-JUL-2026,512511,1.08,1.08,0.0000,0.0022,0.0022,0.0420
22-JUL-2026,512527,1066.45,1087.05,-0.0191,0.0272,0.0272,0.5197
22-JUL-2026,512565,39.00,40.00,-0.0253,0.0275,0.0275,0.5254
22-JUL-2026,512587,32.77,32.63,0.0043,0.0358,0.0357,0.6820
22-JUL-2026,512589,144.95,145.55,-0.0041,0.0387,0.0386,0.7375
22-JUL-2026,512591,0.37,0.38,-0.0267,0.0419,0.0418,0.7986
22-JUL-2026,512595,51.67,50.30,0.0269,0.0329,0.0329,0.6286
22-JUL-2026,512600,79.01,81.28,-0.0283,0.0330,0.0330,0.6305
22-JUL-2026,512604,6.44,6.44,0.0000,0.0387,0.0386,0.7375
22-JUL-2026,512618,8.61,9.40,-0.0878,0.0521,0.0524,1.0011
22-JUL-2026,512624,5.25,5.25,0.0000,0.0321,0.0321,0.6133
22-JUL-2026,512634,164.10,167.00,-0.0175,0.0234,0.0234,0.4471
22-JUL-2026,513005,41.64,41.50,0.0034,0.0371,0.0370,0.7069
22-JUL-2026,513039,3.31,3.31,0.0000,0.0000,0.0000,0.0000
22-JUL-2026,513043,186.70,191.00,-0.0228,0.0341,0.0341,0.6515
22-JUL-2026,513059,14.27,14.63,-0.0249,0.0310,0.0310,0.5923
22-JUL-2026,513063,20.99,20.06,0.0453,0.0394,0.0394,0.7527
22-JUL-2026,513117,6.40,6.22,0.0285,0.0293,0.0293,0.5598
22-JUL-2026,513119,609.20,621.60,-0.0202,0.0304,0.0303,0.5789
22-JUL-2026,513149,896.65,866.25,0.0345,0.0298,0.0298,0.5693
22-JUL-2026,513173,19.80,19.45,0.0178,0.0380,0.0379,0.7241
22-JUL-2026,513252,887.80,893.80,-0.0067,0.0317,0.0317,0.6056
22-JUL-2026,513295,113.50,113.95,-0.0040,0.0397,0.0396,0.7566
22-JUL-2026,513303,13.45,13.10,0.0264,0.0353,0.0353,0.6744
22-JUL-2026,513307,1030.15,981.10,0.0488,0.0311,0.0312,0.5961
22-JUL-2026,513337,0.47,0.48,-0.0211,0.0328,0.0328,0.6266
22-JUL-2026,513353,252.95,255.60,-0.0104,0.0250,0.0250,0.4776
22-JUL-2026,513361,22.08,22.15,-0.0032,0.0309,0.0309,0.5903
22-JUL-2026,513369,154.45,151.65,0.0183,0.0368,0.0367,0.7012
22-JUL-2026,513397,8.93,9.40,-0.0513,0.0292,0.0294,0.5617
22-JUL-2026,513418,11.07,10.86,0.0192,0.0337,0.0336,0.6419
22-JUL-2026,513422,33.95,33.40,0.0163,0.0381,0.0380,0.7260
22-JUL-2026,513430,43.49,41.45,0.0480,0.0325,0.0325,0.6209
22-JUL-2026,513452,11.00,11.00,0.0000,0.0339,0.0339,0.6477
22-JUL-2026,513456,52.52,51.15,0.0264,0.0267,0.0267,0.5101
22-JUL-2026,513460,9.24,8.80,0.0488,0.0342,0.0342,0.6534
22-JUL-2026,513472,104.55,100.25,0.0420,0.0291,0.0291,0.5560
22-JUL-2026,513488,33.50,35.26,-0.0512,0.0430,0.0431,0.8234
22-JUL-2026,513496,332.00,324.00,0.0244,0.0341,0.0341,0.6515
22-JUL-2026,513498,75.90,72.78,0.0420,0.0351,0.0351,0.6706
22-JUL-2026,513502,8.30,8.35,-0.0060,0.0319,0.0318,0.6075
22-JUL-2026,513507,155.00,158.25,-0.0208,0.0260,0.0259,0.4948
22-JUL-2026,513511,285.00,287.95,-0.0103,0.0323,0.0323,0.6171
22-JUL-2026,513513,9.05,9.30,-0.0272,0.0524,0.0523,0.9992
22-JUL-2026,513528,56.19,55.09,0.0198,0.0373,0.0373,0.7126
22-JUL-2026,513540,24.30,23.15,0.0485,0.0262,0.0263,0.5025
22-JUL-2026,513544,40.10,41.49,-0.0341,0.0341,0.0341,0.6515
22-JUL-2026,513548,153.90,152.50,0.0091,0.0432,0.0431,0.8234
22-JUL-2026,513566,12.70,12.30,0.0320,0.0322,0.0322,0.6152
22-JUL-2026,513575,34.85,35.89,-0.0294,0.0385,0.0385,0.7355
22-JUL-2026,513579,4.87,4.87,0.0000,0.0256,0.0255,0.4872
22-JUL-2026,513629,24.50,24.50,0.0000,0.0349,0.0348,0.6649
22-JUL-2026,513642,42.05,43.45,-0.0328,0.0442,0.0441,0.8425
22-JUL-2026,513687,4.36,4.20,0.0374,0.0319,0.0319,0.6094
22-JUL-2026,513693,35.00,36.10,-0.0309,0.0321,0.0321,0.6133
22-JUL-2026,513699,25.00,24.16,0.0342,0.0357,0.0357,0.6820
22-JUL-2026,513709,153.00,151.35,0.0108,0.0324,0.0323,0.6171
22-JUL-2026,513713,3.58,3.54,0.0112,0.0291,0.0290,0.5540
22-JUL-2026,513721,13.33,14.03,-0.0512,0.0324,0.0325,0.6209
22-JUL-2026,514010,17.95,18.14,-0.0105,0.0362,0.0362,0.6916
22-JUL-2026,514028,25.78,23.75,0.0820,0.0394,0.0398,0.7604
22-JUL-2026,514030,136.00,135.30,0.0052,0.0263,0.0262,0.5006
22-JUL-2026,514060,3.39,3.39,0.0000,0.0368,0.0367,0.7012
22-JUL-2026,514087,55.24,57.94,-0.0477,0.0352,0.0353,0.6744
22-JUL-2026,514113,20.00,20.41,-0.0203,0.0322,0.0322,0.6152
22-JUL-2026,514165,5.80,5.81,-0.0017,0.0283,0.0282,0.5388
22-JUL-2026,514171,39.97,40.49,-0.0129,0.0403,0.0402,0.7680
22-JUL-2026,514177,67.80,65.08,0.0409,0.0265,0.0266,0.5082
22-JUL-2026,514197,3.75,3.85,-0.0263,0.0375,0.0374,0.7145
22-JUL-2026,514223,18.75,17.86,0.0486,0.0385,0.0385,0.7355
22-JUL-2026,514236,0.10,0.10,0.0000,0.0000,0.0000,0.0000
22-JUL-2026,514238,1099.70,1100.00,-0.0003,0.0309,0.0308,0.5884
22-JUL-2026,514240,6.20,6.33,-0.0208,0.0352,0.0351,0.6706
22-JUL-2026,514248,30.00,30.00,0.0000,0.0335,0.0334,0.6381
22-JUL-2026,514260,86.98,82.84,0.0488,0.0307,0.0308,0.5884
22-JUL-2026,514264,16.85,16.80,0.0030,0.0424,0.0423,0.8081
22-JUL-2026,514266,52.10,52.20,-0.0019,0.0239,0.0239,0.4566
22-JUL-2026,514272,131.20,127.35,0.0298,0.0277,0.0277,0.5292
22-JUL-2026,514280,129.20,132.35,-0.0241,0.0399,0.0398,0.7604
22-JUL-2026,514302,173.00,173.00,0.0000,0.0337,0.0336,0.6419
22-JUL-2026,514312,33.50,34.99,-0.0435,0.0378,0.0378,0.7222
22-JUL-2026,514316,102.05,102.05,0.0000,0.0283,0.0282,0.5388
22-JUL-2026,514318,421.00,417.05,0.0094,0.0221,0.0221,0.4222
22-JUL-2026,514322,121.10,127.25,-0.0495,0.0463,0.0463,0.8846
22-JUL-2026,514324,755.00,770.00,-0.0197,0.0320,0.0319,0.6094
22-JUL-2026,514326,6.69,6.80,-0.0163,0.0349,0.0348,0.6649
22-JUL-2026,514330,599.65,604.95,-0.0088,0.0410,0.0409,0.7814
22-JUL-2026,514332,43.99,39.33,0.1120,0.0396,0.0403,0.7699
22-JUL-2026,514336,120.00,121.00,-0.0083,0.0303,0.0303,0.5789
22-JUL-2026,514358,112.20,110.40,0.0162,0.0479,0.0478,0.9132
22-JUL-2026,514360,25.80,25.65,0.0058,0.0344,0.0343,0.6553
22-JUL-2026,514378,14.36,14.89,-0.0362,0.0359,0.0359,0.6859
22-JUL-2026,514386,2.97,2.85,0.0412,0.0389,0.0390,0.7451
22-JUL-2026,514400,18.25,18.25,0.0000,0.0349,0.0348,0.6649
22-JUL-2026,514402,12.50,12.48,0.0016,0.0343,0.0342,0.6534
22-JUL-2026,514412,117.70,112.15,0.0483,0.0319,0.0320,0.6114
22-JUL-2026,514414,7.60,7.99,-0.0500,0.0259,0.0261,0.4986
22-JUL-2026,514428,256.05,260.15,-0.0159,0.0272,0.0272,0.5197
22-JUL-2026,514440,9.04,9.31,-0.0294,0.0353,0.0353,0.6744
22-JUL-2026,514442,21.09,20.53,0.0269,0.0396,0.0396,0.7566
22-JUL-2026,514448,949.00,960.35,-0.0119,0.0207,0.0207,0.3955
22-JUL-2026,514454,25.20,25.20,0.0000,0.0362,0.0361,0.6897
22-JUL-2026,514470,93.82,94.27,-0.0048,0.0259,0.0258,0.4929
22-JUL-2026,515008,511.70,495.20,0.0328,0.0360,0.0360,0.6878
22-JUL-2026,515043,130.45,132.95,-0.0190,0.0188,0.0188,0.3592
22-JUL-2026,515059,38.00,35.98,0.0546,0.0413,0.0413,0.7890
22-JUL-2026,515085,7.00,6.81,0.0275,0.0359,0.0359,0.6859
22-JUL-2026,516003,104.80,109.60,-0.0448,0.0266,0.0267,0.5101
22-JUL-2026,516020,3.78,3.78,0.0000,0.0321,0.0320,0.6114
22-JUL-2026,516032,3.91,4.03,-0.0302,0.0383,0.0383,0.7317
22-JUL-2026,516038,122.10,124.90,-0.0227,0.0329,0.0329,0.6286
22-JUL-2026,516062,2.52,2.48,0.0160,0.0237,0.0237,0.4528
22-JUL-2026,516078,67.59,64.36,0.0490,0.0347,0.0348,0.6649
22-JUL-2026,516096,148.05,148.05,0.0000,0.0368,0.0367,0.7012
22-JUL-2026,516098,8.44,8.41,0.0036,0.0348,0.0347,0.6629
22-JUL-2026,516106,6.70,6.98,-0.0409,0.0335,0.0336,0.6419
22-JUL-2026,516108,105.45,108.00,-0.0239,0.0230,0.0230,0.4394
22-JUL-2026,516110,2.63,2.63,0.0000,0.0274,0.0273,0.5216
22-JUL-2026,517063,95.53,98.66,-0.0322,0.0341,0.0341,0.6515
22-JUL-2026,517077,41.92,41.92,0.0000,0.0293,0.0292,0.5579
22-JUL-2026,517096,80.27,84.49,-0.0512,0.0398,0.0399,0.7623
22-JUL-2026,517119,19.41,19.51,-0.0051,0.0320,0.0319,0.6094
22-JUL-2026,517166,156.10,159.95,-0.0244,0.0329,0.0329,0.6286
22-JUL-2026,517170,22.49,22.70,-0.0093,0.0377,0.0376,0.7183
22-JUL-2026,517172,4.74,4.65,0.0192,0.1437,0.1433,2.7377
22-JUL-2026,517201,139.15,132.55,0.0486,0.0357,0.0358,0.6840
22-JUL-2026,517236,80.05,80.78,-0.0091,0.0312,0.0311,0.5942
22-JUL-2026,517238,198.05,202.70,-0.0232,0.0373,0.0372,0.7107
22-JUL-2026,517246,208.05,199.20,0.0435,0.0368,0.0369,0.7050
22-JUL-2026,517258,205.20,212.15,-0.0333,0.0354,0.0353,0.6744
22-JUL-2026,517264,71.81,70.63,0.0166,0.0333,0.0332,0.6343
22-JUL-2026,517286,59.02,59.68,-0.0111,0.0259,0.0258,0.4929
22-JUL-2026,517288,73.81,72.79,0.0139,0.0365,0.0364,0.6954
22-JUL-2026,517320,49.57,52.17,-0.0511,0.0413,0.0414,0.7909
22-JUL-2026,517336,47.10,49.57,-0.0511,0.0281,0.0282,0.5388
22-JUL-2026,517356,1.71,1.56,0.0918,0.0306,0.0312,0.5961
22-JUL-2026,517360,19.20,20.54,-0.0675,0.0379,0.0381,0.7279
22-JUL-2026,517370,91.20,91.20,0.0000,0.0444,0.0443,0.8464
22-JUL-2026,517372,429.10,433.05,-0.0092,0.0220,0.0220,0.4203
22-JUL-2026,517393,6.03,6.28,-0.0406,0.0357,0.0357,0.6820
22-JUL-2026,517397,25.50,26.00,-0.0194,0.0369,0.0368,0.7031
22-JUL-2026,517399,3.80,3.80,0.0000,0.0352,0.0352,0.6725
22-JUL-2026,517415,7.36,7.47,-0.0148,0.0319,0.0318,0.6075
22-JUL-2026,517417,332.80,319.25,0.0416,0.0342,0.0342,0.6534
22-JUL-2026,517429,57.00,55.13,0.0334,0.0318,0.0319,0.6094
22-JUL-2026,517431,19.77,20.30,-0.0265,0.0492,0.0491,0.9381
22-JUL-2026,517437,99.00,98.30,0.0071,0.0280,0.0280,0.5349
22-JUL-2026,517449,1195.00,1149.20,0.0391,0.0288,0.0289,0.5521
22-JUL-2026,517477,320.30,327.00,-0.0207,0.0200,0.0200,0.3821
22-JUL-2026,517494,12.54,12.79,-0.0197,0.0307,0.0306,0.5846
22-JUL-2026,517514,239.65,244.00,-0.0180,0.0368,0.0367,0.7012
22-JUL-2026,517546,40.51,41.99,-0.0359,0.0358,0.0358,0.6840
22-JUL-2026,517554,1.01,1.03,-0.0196,0.0336,0.0335,0.6400
22-JUL-2026,518011,38.00,38.00,0.0000,0.0396,0.0395,0.7546
22-JUL-2026,518053,30.99,31.96,-0.0308,0.0335,0.0335,0.6400
22-JUL-2026,518075,227.00,223.90,0.0138,0.0301,0.0300,0.5731
22-JUL-2026,519014,16.15,16.15,0.0000,0.0302,0.0301,0.5751
22-JUL-2026,519031,375.00,368.80,0.0167,0.0251,0.0251,0.4795
22-JUL-2026,519064,171.00,171.00,0.0000,0.0414,0.0413,0.7890
22-JUL-2026,519097,74.90,77.30,-0.0315,0.0428,0.0427,0.8158
22-JUL-2026,519152,9810.00,9800.40,0.0010,0.0208,0.0207,0.3955
22-JUL-2026,519174,10.50,10.50,0.0000,0.0344,0.0343,0.6553
22-JUL-2026,519191,1.45,1.46,-0.0069,0.0335,0.0335,0.6400
22-JUL-2026,519214,8.40,8.40,0.0000,0.0337,0.0336,0.6419
22-JUL-2026,519216,21.87,21.76,0.0050,0.0325,0.0324,0.6190
22-JUL-2026,519230,12.00,11.82,0.0151,0.0396,0.0395,0.7546
22-JUL-2026,519234,32.20,32.20,0.0000,0.0406,0.0405,0.7738
22-JUL-2026,519238,23.70,24.94,-0.0510,0.0306,0.0307,0.5865
22-JUL-2026,519262,13.00,13.65,-0.0488,0.0407,0.0408,0.7795
22-JUL-2026,519285,3.94,3.92,0.0051,0.0325,0.0324,0.6190
22-JUL-2026,519287,30.99,32.10,-0.0352,0.0314,0.0314,0.5999
22-JUL-2026,519295,216.05,209.85,0.0291,0.0236,0.0236,0.4509
22-JUL-2026,519299,45.76,44.00,0.0392,0.0377,0.0377,0.7203
22-JUL-2026,519307,0.99,0.99,0.0000,0.0361,0.0360,0.6878
22-JUL-2026,519331,33.80,36.43,-0.0749,0.0387,0.0389,0.7432
22-JUL-2026,519353,10.70,10.70,0.0000,0.0190,0.0189,0.3611
22-JUL-2026,519359,62.00,63.85,-0.0294,0.0320,0.0320,0.6114
22-JUL-2026,519367,480.05,480.05,0.0000,0.0316,0.0316,0.6037
22-JUL-2026,519413,40.24,38.33,0.0486,0.0127,0.0132,0.2522
22-JUL-2026,519415,50.00,50.00,0.0000,0.0096,0.0096,0.1834
22-JUL-2026,519421,193.20,191.95,0.0065,0.0215,0.0215,0.4108
22-JUL-2026,519457,39.08,39.01,0.0018,0.0327,0.0326,0.6228
22-JUL-2026,519463,52.05,49.58,0.0486,0.1497,0.1493,2.8524
22-JUL-2026,519471,188.30,192.20,-0.0205,0.0399,0.0399,0.7623
22-JUL-2026,519475,73.00,73.00,0.0000,0.0299,0.0299,0.5712
22-JUL-2026,519477,1507.10,1531.40,-0.0160,0.0401,0.0400,0.7642
22-JUL-2026,519479,9.40,9.04,0.0391,0.0348,0.0348,0.6649
22-JUL-2026,519483,21.09,22.15,-0.0490,0.0439,0.0439,0.8387
22-JUL-2026,519500,9.37,9.34,0.0032,0.0381,0.0380,0.7260
22-JUL-2026,519506,17.50,17.50,0.0000,0.0296,0.0295,0.5636
22-JUL-2026,519532,8.89,9.18,-0.0321,0.0280,0.0280,0.5349
22-JUL-2026,519566,151.30,150.80,0.0033,0.0297,0.0297,0.5674
22-JUL-2026,519574,39.17,40.21,-0.0262,0.0396,0.0395,0.7546
22-JUL-2026,519604,19.70,18.80,0.0468,0.0432,0.0433,0.8272
22-JUL-2026,519606,147.85,149.25,-0.0094,0.0289,0.0288,0.5502
22-JUL-2026,519612,74.59,75.24,-0.0087,0.0366,0.0365,0.6973
22-JUL-2026,520075,119.50,120.90,-0.0116,0.0223,0.0222,0.4241
22-JUL-2026,520081,19.85,19.85,0.0000,0.0193,0.0193,0.3687
22-JUL-2026,520123,63.16,62.95,0.0033,0.0318,0.0317,0.6056
22-JUL-2026,520127,12.48,12.48,0.0000,0.0378,0.0377,0.7203
22-JUL-2026,520131,28.05,27.50,0.0198,0.0251,0.0250,0.4776
22-JUL-2026,520141,7.92,7.60,0.0412,0.0350,0.0350,0.6687
22-JUL-2026,520155,38.00,37.56,0.0116,0.0314,0.0313,0.5980
22-JUL-2026,521003,52.07,52.07,0.0000,0.0160,0.0159,0.3038
22-JUL-2026,521005,1.00,0.98,0.0202,0.0370,0.0370,0.7069
22-JUL-2026,521036,27.10,26.60,0.0186,0.0182,0.0182,0.3477
22-JUL-2026,521048,32.90,32.90,0.0000,0.0358,0.0357,0.6820
22-JUL-2026,521054,9.16,9.64,-0.0511,0.0395,0.0395,0.7546
22-JUL-2026,521062,4.00,3.89,0.0279,0.0327,0.0327,0.6247
22-JUL-2026,521068,40.30,40.30,0.0000,0.0264,0.0263,0.5025
22-JUL-2026,521080,6.96,6.65,0.0456,0.0417,0.0417,0.7967
22-JUL-2026,521097,173.75,181.90,-0.0458,0.0246,0.0248,0.4738
22-JUL-2026,521105,28.57,30.18,-0.0548,0.0359,0.0360,0.6878
22-JUL-2026,521113,84.28,84.20,0.0009,0.0314,0.0313,0.5980
22-JUL-2026,521131,24.47,23.65,0.0341,0.0276,0.0277,0.5292
22-JUL-2026,521133,5.11,5.11,0.0000,0.0210,0.0209,0.3993
22-JUL-2026,521137,10.63,11.18,-0.0504,0.0337,0.0338,0.6457
22-JUL-2026,521141,15.86,15.47,0.0249,0.0293,0.0293,0.5598
22-JUL-2026,521149,8.24,8.61,-0.0439,0.0395,0.0396,0.7566
22-JUL-2026,521151,49.39,49.39,0.0000,0.0292,0.0291,0.5560
22-JUL-2026,521161,30.33,30.42,-0.0030,0.0384,0.0383,0.7317
22-JUL-2026,521167,77.33,73.65,0.0488,0.1070,0.1068,2.0404
22-JUL-2026,521178,56.61,57.50,-0.0156,0.0355,0.0354,0.6763
22-JUL-2026,521206,1.48,1.50,-0.0134,0.0400,0.0400,0.7642
22-JUL-2026,521210,15.37,15.00,0.0244,0.0298,0.0298,0.5693
22-JUL-2026,521216,72.65,73.59,-0.0129,0.0296,0.0296,0.5655
22-JUL-2026,521222,30.98,30.98,0.0000,0.0304,0.0303,0.5789
22-JUL-2026,521226,18.25,18.25,0.0000,0.0409,0.0408,0.7795
22-JUL-2026,521228,2.35,2.36,-0.0042,0.0286,0.0285,0.5445
22-JUL-2026,521232,86.50,86.50,0.0000,0.0275,0.0274,0.5235
22-JUL-2026,521234,28.40,29.66,-0.0434,0.0485,0.0484,0.9247
22-JUL-2026,521238,91.36,92.08,-0.0079,0.0370,0.0370,0.7069
22-JUL-2026,521240,106.00,108.10,-0.0196,0.0344,0.0343,0.6553
22-JUL-2026,521244,149.95,152.40,-0.0162,0.0279,0.0279,0.5330
22-JUL-2026,522001,92.45,92.55,-0.0011,0.0387,0.0386,0.7375
22-JUL-2026,522005,158.55,160.55,-0.0125,0.0311,0.0311,0.5942
22-JUL-2026,522017,938.40,934.00,0.0047,0.0319,0.0318,0.6075
22-JUL-2026,522027,776.50,761.80,0.0191,0.0290,0.0290,0.5540
22-JUL-2026,522036,75.42,75.42,0.0000,0.0245,0.0244,0.4662
22-JUL-2026,522091,35.44,33.76,0.0486,0.0892,0.0890,1.7003
22-JUL-2026,522122,1446.30,1453.70,-0.0051,0.0197,0.0197,0.3764
22-JUL-2026,522134,153.00,156.90,-0.0252,0.0337,0.0336,0.6419
22-JUL-2026,522152,91.56,88.00,0.0397,0.0356,0.0356,0.6801
22-JUL-2026,522165,37.59,38.05,-0.0122,0.0293,0.0292,0.5579
22-JUL-2026,522183,282.30,283.75,-0.0051,0.0275,0.0274,0.5235
22-JUL-2026,522207,64.62,64.00,0.0096,0.0340,0.0339,0.6477
22-JUL-2026,522209,6.40,6.56,-0.0247,0.0416,0.0415,0.7929
22-JUL-2026,522229,301.05,296.60,0.0149,0.0326,0.0325,0.6209
22-JUL-2026,522231,89.65,90.20,-0.0061,0.0408,0.0407,0.7776
22-JUL-2026,522235,2.12,2.14,-0.0094,0.0349,0.0348,0.6649
22-JUL-2026,522237,24.36,25.30,-0.0379,0.0514,0.0513,0.9801
22-JUL-2026,522251,220.25,212.40,0.0363,0.0396,0.0396,0.7566
22-JUL-2026,522267,37.55,38.84,-0.0338,0.0458,0.0458,0.8750
22-JUL-2026,522273,172.60,165.30,0.0432,0.0417,0.0417,0.7967
22-JUL-2026,522289,69.60,73.26,-0.0513,0.0377,0.0377,0.7203
22-JUL-2026,522292,80.12,79.54,0.0073,0.0365,0.0364,0.6954
22-JUL-2026,522294,172.60,165.65,0.0411,0.0305,0.0306,0.5846
22-JUL-2026,522650,107.75,108.81,-0.0098,0.0370,0.0369,0.7050
22-JUL-2026,523007,77.00,77.40,-0.0052,0.0327,0.0327,0.6247
22-JUL-2026,523019,17.17,17.43,-0.0150,0.0308,0.0308,0.5884
22-JUL-2026,523021,39.00,39.03,-0.0008,0.0386,0.0385,0.7355
22-JUL-2026,523054,1650.00,1650.00,0.0000,0.0260,0.0259,0.4948
22-JUL-2026,523062,60.48,57.60,0.0488,0.0372,0.0373,0.7126
22-JUL-2026,523100,215.60,220.00,-0.0202,0.0370,0.0369,0.7050
22-JUL-2026,523105,7.64,7.28,0.0483,0.0372,0.0372,0.7107
22-JUL-2026,523113,24.45,24.45,0.0000,0.0219,0.0219,0.4184
22-JUL-2026,523116,710.00,710.00,0.0000,0.0259,0.0258,0.4929
22-JUL-2026,523120,87.00,88.50,-0.0171,0.0353,0.0352,0.6725
22-JUL-2026,523144,25.55,26.26,-0.0274,0.0318,0.0318,0.6075
22-JUL-2026,523151,10.22,10.71,-0.0468,0.0438,0.0438,0.8368
22-JUL-2026,523160,1288.75,1328.30,-0.0302,0.0237,0.0238,0.4547
22-JUL-2026,523186,189.75,190.05,-0.0016,0.0362,0.0361,0.6897
22-JUL-2026,523222,23.87,23.62,0.0105,0.0309,0.0308,0.5884
22-JUL-2026,523232,73.01,72.05,0.0132,0.0320,0.0319,0.6094
22-JUL-2026,523242,6.89,6.86,0.0044,0.0387,0.0386,0.7375
22-JUL-2026,523248,261.60,266.00,-0.0167,0.0328,0.0327,0.6247
22-JUL-2026,523289,137.20,137.70,-0.0036,0.0384,0.0383,0.7317
22-JUL-2026,523309,62.71,63.65,-0.0149,0.0338,0.0337,0.6438
22-JUL-2026,523315,0.78,0.78,0.0000,0.0605,0.0603,1.1520
22-JUL-2026,523343,10.00,10.00,0.0000,0.0000,0.0000,0.0000
22-JUL-2026,523373,5.42,5.50,-0.0147,0.0362,0.0362,0.6916
22-JUL-2026,523387,2.04,2.00,0.0198,0.0274,0.0273,0.5216
22-JUL-2026,523411,2221.75,2201.75,0.0090,0.0356,0.0355,0.6782
22-JUL-2026,523425,16.00,16.00,0.0000,0.0252,0.0251,0.4795
22-JUL-2026,523465,52.57,52.84,-0.0051,0.0318,0.0317,0.6056
22-JUL-2026,523467,2.57,2.45,0.0478,0.0350,0.0351,0.6706
22-JUL-2026,523475,661.95,661.40,0.0008,0.0378,0.0377,0.7203
22-JUL-2026,523483,129.35,131.25,-0.0146,0.0299,0.0298,0.5693
22-JUL-2026,523489,36.98,37.84,-0.0230,0.0353,0.0352,0.6725
22-JUL-2026,523519,8.93,8.93,0.0000,0.0344,0.0343,0.6553
22-JUL-2026,523537,46.85,49.19,-0.0487,0.0270,0.0271,0.5177
22-JUL-2026,523550,38.00,37.42,0.0154,0.0338,0.0337,0.6438
22-JUL-2026,523558,15.31,15.42,-0.0072,0.0297,0.0296,0.5655
22-JUL-2026,523566,43.50,43.50,0.0000,0.0408,0.0407,0.7776
22-JUL-2026,523586,49.60,50.25,-0.0130,0.0199,0.0199,0.3802
22-JUL-2026,523594,21.97,22.86,-0.0397,0.0388,0.0388,0.7413
22-JUL-2026,523620,89.61,89.61,0.0000,0.0372,0.0371,0.7088
22-JUL-2026,523638,120.00,124.75,-0.0388,0.0315,0.0315,0.6018
22-JUL-2026,523650,36.93,35.38,0.0429,0.0420,0.0420,0.8024
22-JUL-2026,523652,40.61,38.68,0.0487,0.0315,0.0316,0.6037
22-JUL-2026,523660,43.82,44.20,-0.0086,0.0284,0.0283,0.5407
22-JUL-2026,523672,39.99,41.21,-0.0301,0.0341,0.0341,0.6515
22-JUL-2026,523676,242.95,246.30,-0.0137,0.0289,0.0289,0.5521
22-JUL-2026,523696,50.66,50.64,0.0004,0.0232,0.0232,0.4432
22-JUL-2026,523722,5.76,5.68,0.0140,0.0323,0.0322,0.6152
22-JUL-2026,523732,51.95,53.42,-0.0279,0.0366,0.0366,0.6992
22-JUL-2026,523752,3.80,3.73,0.0186,0.0340,0.0339,0.6477
22-JUL-2026,523782,14.42,14.13,0.0203,0.0364,0.0364,0.6954
22-JUL-2026,523790,9.50,9.50,0.0000,0.0238,0.0237,0.4528
22-JUL-2026,523826,23.76,23.00,0.0325,0.0340,0.0340,0.6496
22-JUL-2026,523832,16.80,16.48,0.0192,0.0428,0.0427,0.8158
22-JUL-2026,523840,13.29,13.54,-0.0186,0.0309,0.0308,0.5884
22-JUL-2026,523842,6.99,7.20,-0.0296,0.0290,0.0290,0.5540
22-JUL-2026,523844,49.00,47.99,0.0208,0.0388,0.0387,0.7394
22-JUL-2026,523850,433.80,433.25,0.0013,0.0300,0.0299,0.5712
22-JUL-2026,523874,96.00,92.50,0.0371,0.0353,0.0353,0.6744
22-JUL-2026,523888,151.70,154.75,-0.0199,0.0302,0.0301,0.5751
22-JUL-2026,524031,5.84,6.14,-0.0501,0.0254,0.0256,0.4891
22-JUL-2026,524038,3.18,3.50,-0.0959,0.0415,0.0420,0.8024
22-JUL-2026,524055,90.00,90.00,0.0000,0.0252,0.0252,0.4814
22-JUL-2026,524080,60.00,60.06,-0.0010,0.0326,0.0325,0.6209
22-JUL-2026,524136,309.65,306.80,0.0092,0.0309,0.0309,0.5903
22-JUL-2026,524156,42.53,43.75,-0.0283,0.0372,0.0372,0.7107
22-JUL-2026,524174,17.06,16.76,0.0177,0.0361,0.0360,0.6878
22-JUL-2026,524202,102.35,101.45,0.0088,0.0315,0.0314,0.5999
22-JUL-2026,524204,113.75,113.70,0.0004,0.0318,0.0318,0.6075
22-JUL-2026,524210,35.16,35.16,0.0000,0.0487,0.0486,0.9285
22-JUL-2026,524218,135.45,136.25,-0.0059,0.0291,0.0291,0.5560
22-JUL-2026,524238,11.50,12.10,-0.0509,0.1595,0.1591,3.0396
22-JUL-2026,524288,51.52,53.50,-0.0377,0.0317,0.0317,0.6056
22-JUL-2026,524314,35.00,34.65,0.0101,0.0385,0.0384,0.7336
22-JUL-2026,524322,21.66,21.33,0.0154,0.0300,0.0299,0.5712
22-JUL-2026,524336,134.00,137.40,-0.0251,0.0340,0.0340,0.6496
22-JUL-2026,524400,71.04,71.04,0.0000,0.0349,0.0348,0.6649
22-JUL-2026,524408,195.05,199.90,-0.0246,0.0385,0.0385,0.7355
22-JUL-2026,524414,15.40,15.55,-0.0097,0.0410,0.0409,0.7814
22-JUL-2026,524434,9.04,8.39,0.0746,0.0299,0.0302,0.5770
22-JUL-2026,524440,40.56,40.73,-0.0042,0.0361,0.0360,0.6878
22-JUL-2026,524444,1.66,1.67,-0.0060,0.0343,0.0342,0.6534
22-JUL-2026,524458,10.00,8.63,0.1473,0.0490,0.0499,0.9533
22-JUL-2026,524480,711.60,730.00,-0.0255,0.0315,0.0314,0.5999
22-JUL-2026,524488,2.08,2.02,0.0293,0.0323,0.0323,0.6171
22-JUL-2026,524502,75.01,75.01,0.0000,0.0281,0.0280,0.5349
22-JUL-2026,524504,11.62,11.07,0.0485,0.0138,0.0142,0.2713
22-JUL-2026,524506,580.00,588.00,-0.0137,0.0281,0.0280,0.5349
22-JUL-2026,524514,52.00,52.00,0.0000,0.0234,0.0233,0.4451
22-JUL-2026,524516,31.24,32.88,-0.0512,0.0329,0.0330,0.6305
22-JUL-2026,524520,132.50,133.40,-0.0068,0.0253,0.0252,0.4814
22-JUL-2026,524522,27.89,28.00,-0.0039,0.0391,0.0390,0.7451
22-JUL-2026,524534,120.15,121.55,-0.0116,0.0383,0.0382,0.7298
22-JUL-2026,524548,100.00,99.78,0.0022,0.0423,0.0422,0.8062
22-JUL-2026,524564,6.55,6.80,-0.0375,0.0318,0.0318,0.6075
22-JUL-2026,524572,30.97,31.03,-0.0019,0.0342,0.0341,0.6515
22-JUL-2026,524576,19.84,19.95,-0.0055,0.0325,0.0324,0.6190
22-JUL-2026,524580,24.40,24.40,0.0000,0.0365,0.0364,0.6954
22-JUL-2026,524582,165.00,166.05,-0.0063,0.0329,0.0328,0.6266
22-JUL-2026,524592,12.49,12.32,0.0137,0.0336,0.0335,0.6400
22-JUL-2026,524594,124.55,123.50,0.0085,0.0376,0.0375,0.7164
22-JUL-2026,524602,23.33,23.08,0.0108,0.0420,0.0419,0.8005
22-JUL-2026,524604,14.38,14.38,0.0000,0.0234,0.0233,0.4451
22-JUL-2026,524606,21.99,22.00,-0.0005,0.0420,0.0419,0.8005
22-JUL-2026,524614,6.39,6.39,0.0000,0.0337,0.0336,0.6419
22-JUL-2026,524622,47.91,48.26,-0.0073,0.0324,0.0323,0.6171
22-JUL-2026,524624,18.65,19.63,-0.0512,0.0433,0.0434,0.8292
22-JUL-2026,524628,13.85,13.20,0.0481,0.0377,0.0377,0.7203
22-JUL-2026,524632,31.50,32.84,-0.0417,0.0341,0.0341,0.6515
22-JUL-2026,524634,489.65,495.40,-0.0117,0.0286,0.0286,0.5464
22-JUL-2026,524636,49.38,48.90,0.0098,0.0350,0.0349,0.6668
22-JUL-2026,524640,54.79,54.75,0.0007,0.0294,0.0293,0.5598
22-JUL-2026,524661,0.24,0.26,-0.0800,0.0352,0.0355,0.6782
22-JUL-2026,524663,16.44,16.79,-0.0211,0.0276,0.0276,0.5273
22-JUL-2026,524675,21.00,20.71,0.0139,0.0426,0.0425,0.8120
22-JUL-2026,524687,11.15,11.11,0.0036,0.0257,0.0256,0.4891
22-JUL-2026,524703,41.03,39.55,0.0367,0.0278,0.0279,0.5330
22-JUL-2026,524711,7.26,7.15,0.0153,0.0401,0.0400,0.7642
22-JUL-2026,524717,424.55,428.70,-0.0097,0.0383,0.0382,0.7298
22-JUL-2026,524723,126.46,120.44,0.0488,0.0167,0.0170,0.3248
22-JUL-2026,524727,37.94,36.77,0.0313,0.0295,0.0295,0.5636
22-JUL-2026,524731,1067.55,1090.95,-0.0217,0.0224,0.0224,0.4280
22-JUL-2026,524748,26.91,26.91,0.0000,0.0354,0.0353,0.6744
22-JUL-2026,524752,5.99,5.63,0.0620,0.0404,0.0405,0.7738
22-JUL-2026,524768,24.40,25.21,-0.0327,0.0390,0.0390,0.7451
22-JUL-2026,524790,290.05,308.05,-0.0602,0.0397,0.0398,0.7604
22-JUL-2026,524808,23.69,24.00,-0.0130,0.0371,0.0370,0.7069
22-JUL-2026,524818,113.50,112.00,0.0133,0.0339,0.0338,0.6457
22-JUL-2026,524828,563.40,555.00,0.0150,0.0311,0.0311,0.5942
22-JUL-2026,526001,26.50,26.50,0.0000,0.0359,0.0358,0.6840
22-JUL-2026,526025,13.08,12.50,0.0454,0.0342,0.0343,0.6553
22-JUL-2026,526043,50.78,48.28,0.0505,0.0310,0.0312,0.5961
22-JUL-2026,526071,613.50,622.95,-0.0153,0.0722,0.0720,1.3756
22-JUL-2026,526073,905.10,889.00,0.0179,0.0349,0.0349,0.6668
22-JUL-2026,526075,26.60,28.00,-0.0513,0.0326,0.0327,0.6247
22-JUL-2026,526081,27.00,27.25,-0.0092,0.0450,0.0449,0.8578
22-JUL-2026,526095,54.04,54.04,0.0000,0.0455,0.0454,0.8674
22-JUL-2026,526113,14.60,14.66,-0.0041,0.0397,0.0396,0.7566
22-JUL-2026,526115,8.10,8.08,0.0025,0.0428,0.0427,0.8158
22-JUL-2026,526117,280.10,282.70,-0.0092,0.0364,0.0363,0.6935
22-JUL-2026,526133,5.13,5.15,-0.0039,0.0427,0.0426,0.8139
22-JUL-2026,526137,96.54,99.17,-0.0269,0.0353,0.0353,0.6744
22-JUL-2026,526139,2.98,3.04,-0.0199,0.0383,0.0382,0.7298
22-JUL-2026,526143,5.85,6.20,-0.0581,0.0382,0.0384,0.7336
22-JUL-2026,526159,75.00,76.64,-0.0216,0.0274,0.0274,0.5235
22-JUL-2026,526161,120.00,115.26,0.0403,0.0508,0.0508,0.9705
22-JUL-2026,526169,181.30,186.70,-0.0293,0.0246,0.0246,0.4700
22-JUL-2026,526173,24.23,24.06,0.0070,0.0318,0.0317,0.6056
22-JUL-2026,526179,394.65,405.05,-0.0260,0.0320,0.0320,0.6114
22-JUL-2026,526187,5.25,5.50,-0.0465,0.0404,0.0404,0.7718
22-JUL-2026,526193,16.56,16.67,-0.0066,0.0343,0.0342,0.6534
22-JUL-2026,526211,54.45,54.70,-0.0046,0.0374,0.0373,0.7126
22-JUL-2026,526225,7.53,7.50,0.0040,0.0274,0.0273,0.5216
22-JUL-2026,526231,51.75,51.87,-0.0023,0.0361,0.0360,0.6878
22-JUL-2026,526237,46.35,44.83,0.0333,0.0367,0.0367,0.7012
22-JUL-2026,526241,34.71,35.39,-0.0194,0.0372,0.0371,0.7088
22-JUL-2026,526251,38.99,37.42,0.0411,0.0437,0.0437,0.8349
22-JUL-2026,526269,136.95,133.95,0.0221,0.0367,0.0366,0.6992
22-JUL-2026,526315,50.87,48.81,0.0413,0.0244,0.0245,0.4681
22-JUL-2026,526335,5.80,5.80,0.0000,0.0414,0.0413,0.7890
22-JUL-2026,526345,17.82,18.50,-0.0374,0.0357,0.0357,0.6820
22-JUL-2026,526355,57.21,53.56,0.0659,0.0390,0.0392,0.7489
22-JUL-2026,526365,31.28,31.99,-0.0224,0.0316,0.0315,0.6018
22-JUL-2026,526373,54.85,54.85,0.0000,0.0303,0.0303,0.5789
22-JUL-2026,526407,8.79,8.99,-0.0225,0.0316,0.0316,0.6037
22-JUL-2026,526409,7.38,7.39,-0.0014,0.0341,0.0340,0.6496
22-JUL-2026,526415,3.95,3.93,0.0051,0.0370,0.0369,0.7050
22-JUL-2026,526433,4150.65,4148.25,0.0006,0.0333,0.0332,0.6343
22-JUL-2026,526435,68.00,70.00,-0.0290,0.0367,0.0367,0.7012
22-JUL-2026,526439,9.85,9.75,0.0102,0.0419,0.0418,0.7986
22-JUL-2026,526441,1.20,1.18,0.0168,0.0437,0.0436,0.8330
22-JUL-2026,526443,92.10,93.40,-0.0140,0.0338,0.0337,0.6438
22-JUL-2026,526445,7.55,7.74,-0.0249,0.0339,0.0339,0.6477
22-JUL-2026,526468,15.96,16.17,-0.0131,0.0370,0.0369,0.7050
22-JUL-2026,526471,20.09,20.34,-0.0124,0.0282,0.0282,0.5388
22-JUL-2026,526473,5.09,5.03,0.0119,0.0313,0.0312,0.5961
22-JUL-2026,526477,41.47,41.47,0.0000,0.0295,0.0294,0.5617
22-JUL-2026,526479,105.86,110.47,-0.0426,0.0336,0.0337,0.6438
22-JUL-2026,526481,28.16,28.99,-0.0290,0.0337,0.0337,0.6438
22-JUL-2026,526488,142.70,148.30,-0.0385,0.0263,0.0264,0.5044
22-JUL-2026,526490,5.25,5.33,-0.0151,0.0321,0.0320,0.6114
22-JUL-2026,526492,93.90,92.60,0.0139,0.0252,0.0252,0.4814
22-JUL-2026,526494,9.07,9.07,0.0000,0.0389,0.0388,0.7413
22-JUL-2026,526500,22.99,22.99,0.0000,0.0364,0.0363,0.6935
22-JUL-2026,526508,12.00,12.07,-0.0058,0.0312,0.0312,0.5961
22-JUL-2026,526519,129.93,128.14,0.0139,0.0297,0.0296,0.5655
22-JUL-2026,526525,18.61,17.73,0.0484,0.0361,0.0361,0.6897
22-JUL-2026,526530,125.80,128.75,-0.0232,0.0284,0.0284,0.5426
22-JUL-2026,526532,8.32,8.47,-0.0179,0.0439,0.0438,0.8368
22-JUL-2026,526544,2.65,2.70,-0.0187,0.0349,0.0349,0.6668
22-JUL-2026,526546,113.00,112.00,0.0089,0.0372,0.0371,0.7088
22-JUL-2026,526554,32.99,33.00,-0.0003,0.0230,0.0229,0.4375
22-JUL-2026,526570,3518.55,3599.85,-0.0228,0.0299,0.0299,0.5712
22-JUL-2026,526574,19.81,20.85,-0.0512,0.0365,0.0366,0.6992
22-JUL-2026,526588,13.92,13.92,0.0000,0.0376,0.0375,0.7164
22-JUL-2026,526604,254.90,243.05,0.0476,0.0426,0.0426,0.8139
22-JUL-2026,526614,70.96,73.00,-0.0283,0.0382,0.0382,0.7298
22-JUL-2026,526616,42.58,42.14,0.0104,0.0248,0.0247,0.4719
22-JUL-2026,526622,0.36,0.37,-0.0274,0.0267,0.0267,0.5101
22-JUL-2026,526628,40.62,40.62,0.0000,0.0276,0.0276,0.5273
22-JUL-2026,526638,70.29,72.03,-0.0245,0.0341,0.0341,0.6515
22-JUL-2026,526640,29.44,28.74,0.0241,0.0361,0.0361,0.6897
22-JUL-2026,526675,30.48,29.51,0.0323,0.0526,0.0525,1.0030
22-JUL-2026,526703,506.95,481.35,0.0518,0.0320,0.0322,0.6152
22-JUL-2026,526705,171.60,175.65,-0.0233,0.0282,0.0282,0.5388
22-JUL-2026,526709,7.50,7.60,-0.0132,0.0306,0.0306,0.5846
22-JUL-2026,526711,29.60,29.60,0.0000,0.0343,0.0342,0.6534
22-JUL-2026,526717,180.15,189.60,-0.0511,0.0361,0.0362,0.6916
22-JUL-2026,526721,72.38,77.00,-0.0619,0.0233,0.0237,0.4528
22-JUL-2026,526723,135.85,137.55,-0.0124,0.0274,0.0273,0.5216
22-JUL-2026,526727,68.45,68.81,-0.0052,0.0345,0.0344,0.6572
22-JUL-2026,526731,220.60,222.25,-0.0075,0.0352,0.0351,0.6706
22-JUL-2026,526739,496.65,505.25,-0.0172,0.0231,0.0231,0.4413
22-JUL-2026,526747,182.65,184.85,-0.0120,0.0270,0.0269,0.5139
22-JUL-2026,526751,25.94,27.30,-0.0511,0.0242,0.0244,0.4662
22-JUL-2026,526755,6.10,5.95,0.0249,0.0358,0.0357,0.6820
22-JUL-2026,526761,20.55,20.88,-0.0159,0.0418,0.0417,0.7967
22-JUL-2026,526775,988.20,948.20,0.0413,0.0314,0.0314,0.5999
22-JUL-2026,526795,5.34,5.34,0.0000,0.0276,0.0275,0.5254
22-JUL-2026,526813,9.86,10.50,-0.0629,0.0501,0.0502,0.9591
22-JUL-2026,526823,4.25,4.18,0.0166,0.0344,0.0343,0.6553
22-JUL-2026,526827,516.45,525.45,-0.0173,0.0312,0.0312,0.5961
22-JUL-2026,526839,14.07,14.08,-0.0007,0.0431,0.0430,0.8215
22-JUL-2026,526841,14.89,14.19,0.0482,0.0396,0.0396,0.7566
22-JUL-2026,526847,22.77,21.89,0.0394,0.0332,0.0332,0.6343
22-JUL-2026,526851,117.90,117.90,0.0000,0.0264,0.0264,0.5044
22-JUL-2026,526859,0.68,0.69,-0.0146,0.0383,0.0382,0.7298
22-JUL-2026,526861,122.75,124.35,-0.0130,0.0272,0.0271,0.5177
22-JUL-2026,526865,3.80,4.00,-0.0513,0.0349,0.0350,0.6687
22-JUL-2026,526869,23.75,24.99,-0.0509,0.0339,0.0340,0.6496
22-JUL-2026,526871,15.45,15.42,0.0019,0.0413,0.0412,0.7871
22-JUL-2026,526873,54.40,54.45,-0.0009,0.0311,0.0310,0.5923
22-JUL-2026,526877,16.27,15.50,0.0485,0.0324,0.0325,0.6209
22-JUL-2026,526883,12.49,12.39,0.0080,0.0239,0.0238,0.4547
22-JUL-2026,526887,10.30,10.30,0.0000,0.0231,0.0230,0.4394
22-JUL-2026,526891,15.91,15.91,0.0000,0.0349,0.0348,0.6649
22-JUL-2026,526899,9.02,8.88,0.0156,0.0284,0.0283,0.5407
22-JUL-2026,526901,48.99,48.08,0.0187,0.0378,0.0377,0.7203
22-JUL-2026,526905,8.58,8.95,-0.0422,0.0347,0.0348,0.6649
22-JUL-2026,526931,103.50,105.90,-0.0229,0.0292,0.0292,0.5579
22-JUL-2026,526935,80.81,81.96,-0.0141,0.1130,0.1127,2.1531
22-JUL-2026,526941,3.61,3.80,-0.0513,0.0289,0.0291,0.5560
22-JUL-2026,526945,87.28,89.99,-0.0306,0.0316,0.0316,0.6037
22-JUL-2026,526959,15.31,14.59,0.0482,0.0105,0.0110,0.2102
22-JUL-2026,526961,6.67,6.94,-0.0397,0.0382,0.0382,0.7298
22-JUL-2026,526965,94.28,93.84,0.0047,0.0299,0.0299,0.5712
22-JUL-2026,526967,6.49,6.49,0.0000,0.0496,0.0494,0.9438
22-JUL-2026,526971,228.90,234.35,-0.0235,0.0302,0.0302,0.5770
22-JUL-2026,526977,45.87,45.87,0.0000,0.0158,0.0158,0.3019
22-JUL-2026,527005,135.75,139.40,-0.0265,0.0441,0.0440,0.8406
22-JUL-2026,530025,16.69,16.69,0.0000,0.0375,0.0374,0.7145
22-JUL-2026,530027,8.30,8.30,0.0000,0.0412,0.0411,0.7852
22-JUL-2026,530037,65.99,65.99,0.0000,0.0347,0.0346,0.6610
22-JUL-2026,530043,318.60,308.05,0.0337,0.0318,0.0318,0.6075
22-JUL-2026,530045,42.79,41.89,0.0213,0.0318,0.0318,0.6075
22-JUL-2026,530053,3.97,4.10,-0.0322,0.0294,0.0295,0.5636
22-JUL-2026,530057,1.83,1.80,0.0165,0.0325,0.0324,0.6190
22-JUL-2026,530063,4.72,4.74,-0.0042,0.0327,0.0326,0.6228
22-JUL-2026,530065,14.18,13.51,0.0484,0.0343,0.0343,0.6553
22-JUL-2026,530077,160.35,161.05,-0.0044,0.0227,0.0227,0.4337
22-JUL-2026,530093,4.00,4.00,0.0000,0.0123,0.0122,0.2331
22-JUL-2026,530109,1.90,1.93,-0.0157,0.0348,0.0347,0.6629
22-JUL-2026,530111,28.80,28.60,0.0070,0.0373,0.0372,0.7107
22-JUL-2026,530119,38.40,38.49,-0.0023,0.0385,0.0384,0.7336
22-JUL-2026,530125,257.95,260.05,-0.0081,0.0321,0.0320,0.6114
22-JUL-2026,530127,21.00,21.10,-0.0048,0.0447,0.0446,0.8521
22-JUL-2026,530133,67.05,63.19,0.0593,0.0369,0.0370,0.7069
22-JUL-2026,530139,79.11,81.90,-0.0347,0.0475,0.0475,0.9075
22-JUL-2026,530141,54.00,53.00,0.0187,0.0458,0.0457,0.8731
22-JUL-2026,530145,23.24,23.13,0.0047,0.0337,0.0336,0.6419
22-JUL-2026,530163,164.00,167.20,-0.0193,0.0342,0.0342,0.6534
22-JUL-2026,530167,16.00,16.00,0.0000,0.0293,0.0292,0.5579
22-JUL-2026,530169,28.00,27.23,0.0279,0.0304,0.0304,0.5808
22-JUL-2026,530171,29.59,29.30,0.0098,0.0423,0.0422,0.8062
22-JUL-2026,530175,40.08,40.14,-0.0015,0.0384,0.0383,0.7317
22-JUL-2026,530179,42.58,41.75,0.0197,0.0316,0.0315,0.6018
22-JUL-2026,530185,4.42,4.41,0.0023,0.0279,0.0278,0.5311
22-JUL-2026,530187,3.61,3.60,0.0028,0.0432,0.0430,0.8215
22-JUL-2026,530197,395.00,395.00,0.0000,0.0359,0.0358,0.6840
22-JUL-2026,530201,2.41,2.45,-0.0165,0.0308,0.0308,0.5884
22-JUL-2026,530207,23.99,23.15,0.0356,0.0340,0.0340,0.6496
22-JUL-2026,530213,79.00,79.00,0.0000,0.0341,0.0340,0.6496
22-JUL-2026,530215,116.75,116.95,-0.0017,0.0291,0.0290,0.5540
22-JUL-2026,530217,9.03,9.00,0.0033,0.0322,0.0321,0.6133
22-JUL-2026,530219,285.00,285.00,0.0000,0.0219,0.0218,0.4165
22-JUL-2026,530231,82.00,82.12,-0.0015,0.0250,0.0249,0.4757
22-JUL-2026,530233,243.10,241.80,0.0054,0.0303,0.0302,0.5770
22-JUL-2026,530235,52.00,55.00,-0.0561,0.0377,0.0378,0.7222
22-JUL-2026,530245,595.00,594.00,0.0017,0.0257,0.0257,0.4910
22-JUL-2026,530249,14.91,15.50,-0.0388,0.0268,0.0269,0.5139
22-JUL-2026,530251,0.41,0.39,0.0500,0.0406,0.0407,0.7776
22-JUL-2026,530253,11.40,11.03,0.0330,0.0302,0.0303,0.5789
22-JUL-2026,530255,10.49,9.91,0.0569,0.0385,0.0386,0.7375
22-JUL-2026,530259,40.66,39.50,0.0289,0.0419,0.0418,0.7986
22-JUL-2026,530263,0.46,0.47,-0.0215,0.0308,0.0308,0.5884
22-JUL-2026,530265,36.00,38.00,-0.0541,0.0397,0.0398,0.7604
22-JUL-2026,530267,51.30,51.30,0.0000,0.0378,0.0377,0.7203
22-JUL-2026,530271,10.16,10.16,0.0000,0.0365,0.0364,0.6954
22-JUL-2026,530281,30.96,29.50,0.0483,0.0339,0.0340,0.6496
22-JUL-2026,530289,52.50,52.99,-0.0093,0.0385,0.0384,0.7336
22-JUL-2026,530291,45.45,45.45,0.0000,0.0257,0.0257,0.4910
22-JUL-2026,530295,22.08,22.08,0.0000,0.0198,0.0197,0.3764
22-JUL-2026,530309,10.75,11.35,-0.0543,0.0299,0.0300,0.5731
22-JUL-2026,530313,33.99,34.33,-0.0100,0.0390,0.0390,0.7451
22-JUL-2026,530315,102.50,104.00,-0.0145,0.0279,0.0278,0.5311
22-JUL-2026,530317,120.00,116.05,0.0335,0.0317,0.0317,0.6056
22-JUL-2026,530341,129.05,129.05,0.0000,0.0376,0.0375,0.7164
22-JUL-2026,530357,1.42,1.50,-0.0548,0.0323,0.0324,0.6190
22-JUL-2026,530361,32.11,33.52,-0.0430,0.0422,0.0422,0.8062
22-JUL-2026,530369,40.00,39.95,0.0013,0.0407,0.0406,0.7757
22-JUL-2026,530401,50.80,50.95,-0.0029,0.0320,0.0319,0.6094
22-JUL-2026,530405,32.04,32.00,0.0012,0.0279,0.0278,0.5311
22-JUL-2026,530407,35.01,35.94,-0.0262,0.0339,0.0339,0.6477
22-JUL-2026,530419,36.05,36.34,-0.0080,0.0258,0.0258,0.4929
22-JUL-2026,530421,10.98,10.69,0.0268,0.0464,0.0463,0.8846
22-JUL-2026,530427,180.00,177.55,0.0137,0.0393,0.0393,0.7508
22-JUL-2026,530429,29.40,28.22,0.0410,0.0390,0.0390,0.7451
22-JUL-2026,530433,40.39,40.99,-0.0147,0.0328,0.0327,0.6247
22-JUL-2026,530439,4.01,4.01,0.0000,0.0529,0.0528,1.0087
22-JUL-2026,530443,12.35,13.00,-0.0513,0.0359,0.0360,0.6878
22-JUL-2026,530445,1.44,1.50,-0.0408,0.0404,0.0404,0.7718
22-JUL-2026,530449,49.99,51.49,-0.0296,0.0321,0.0320,0.6114
22-JUL-2026,530457,39.16,38.56,0.0154,0.0329,0.0328,0.6266
22-JUL-2026,530459,33.00,33.00,0.0000,0.0374,0.0373,0.7126
22-JUL-2026,530461,12.21,12.40,-0.0154,0.0293,0.0292,0.5579
22-JUL-2026,530469,42.50,42.50,0.0000,0.0308,0.0308,0.5884
22-JUL-2026,530477,245.00,245.05,-0.0002,0.0282,0.0281,0.5368
22-JUL-2026,530495,60.00,61.91,-0.0313,0.0361,0.0361,0.6897
22-JUL-2026,530521,324.10,328.30,-0.0129,0.0334,0.0334,0.6381
22-JUL-2026,530525,2.56,2.60,-0.0155,0.0343,0.0343,0.6553
22-JUL-2026,530533,119.95,119.95,0.0000,0.0389,0.0388,0.7413
22-JUL-2026,530537,39.50,39.50,0.0000,0.0180,0.0180,0.3439
22-JUL-2026,530545,187.30,190.60,-0.0175,0.0294,0.0293,0.5598
22-JUL-2026,530547,12.65,12.65,0.0000,0.0279,0.0279,0.5330
22-JUL-2026,530557,0.79,0.75,0.0520,0.0329,0.0330,0.6305
22-JUL-2026,530571,7.20,7.46,-0.0355,0.0328,0.0328,0.6266
22-JUL-2026,530577,55.00,56.00,-0.0180,0.0446,0.0445,0.8502
22-JUL-2026,530581,7.88,7.51,0.0481,0.0350,0.0351,0.6706
22-JUL-2026,530585,111.95,117.82,-0.0511,0.0364,0.0365,0.6973
22-JUL-2026,530589,126.00,122.95,0.0245,0.0338,0.0338,0.6457
22-JUL-2026,530595,24.55,23.39,0.0484,0.0450,0.0450,0.8597
22-JUL-2026,530601,56.63,54.50,0.0383,0.0326,0.0326,0.6228
22-JUL-2026,530615,112.45,112.25,0.0018,0.0316,0.0315,0.6018
22-JUL-2026,530617,6.78,7.13,-0.0503,0.0332,0.0333,0.6362
22-JUL-2026,530621,111.07,106.85,0.0387,0.0333,0.0333,0.6362
22-JUL-2026,530627,240.65,243.25,-0.0107,0.0310,0.0309,0.5903
22-JUL-2026,530643,502.25,508.25,-0.0119,0.0340,0.0340,0.6496
22-JUL-2026,530663,1.00,0.95,0.0513,0.0434,0.0435,0.8311
22-JUL-2026,530665,3.40,3.50,-0.0290,0.0292,0.0292,0.5579
22-JUL-2026,530675,49.27,49.27,0.0000,0.0347,0.0346,0.6610
22-JUL-2026,530689,45.41,45.10,0.0069,0.0364,0.0364,0.6954
22-JUL-2026,530695,26.90,26.98,-0.0030,0.0402,0.0401,0.7661
22-JUL-2026,530697,30.52,29.07,0.0487,0.0393,0.0394,0.7527
22-JUL-2026,530705,45.53,45.53,0.0000,0.0325,0.0324,0.6190
22-JUL-2026,530709,99.85,104.45,-0.0450,0.0419,0.0420,0.8024
22-JUL-2026,530711,46.16,46.61,-0.0097,0.0315,0.0314,0.5999
22-JUL-2026,530723,113.75,109.25,0.0404,0.0341,0.0341,0.6515
22-JUL-2026,530733,12.61,12.61,0.0000,0.0410,0.0409,0.7814
22-JUL-2026,530735,28.40,28.50,-0.0035,0.0323,0.0322,0.6152
22-JUL-2026,530741,188.50,190.00,-0.0079,0.0404,0.0403,0.7699
22-JUL-2026,530747,19.99,19.99,0.0000,0.0385,0.0384,0.7336
22-JUL-2026,530755,9.91,9.95,-0.0040,0.0448,0.0446,0.8521
22-JUL-2026,530757,125.40,122.95,0.0197,0.0157,0.0157,0.2999
22-JUL-2026,530765,21.10,21.10,0.0000,0.0346,0.0345,0.6591
22-JUL-2026,530779,16.00,16.00,0.0000,0.0339,0.0338,0.6457
22-JUL-2026,530787,64.00,60.98,0.0483,0.0293,0.0294,0.5617
22-JUL-2026,530789,177.00,177.00,0.0000,0.0317,0.0317,0.6056
22-JUL-2026,530795,7.99,8.36,-0.0453,0.0348,0.0348,0.6649
22-JUL-2026,530797,18.21,19.16,-0.0509,0.0255,0.0256,0.4891
22-JUL-2026,530799,30.40,32.00,-0.0513,0.0387,0.0387,0.7394
22-JUL-2026,530805,5.94,6.00,-0.0101,0.0352,0.0351,0.6706
22-JUL-2026,530809,34.03,35.84,-0.0518,0.0385,0.0386,0.7375
22-JUL-2026,530821,16.78,17.41,-0.0369,0.0433,0.0433,0.8272
22-JUL-2026,530825,41.88,42.73,-0.0201,0.0331,0.0330,0.6305
22-JUL-2026,530829,35.51,36.35,-0.0234,0.0325,0.0325,0.6209
22-JUL-2026,530839,12.15,12.78,-0.0506,0.0398,0.0398,0.7604
22-JUL-2026,530845,1198.80,1203.10,-0.0036,0.0332,0.0331,0.6324
22-JUL-2026,530853,97.56,95.65,0.0198,0.0350,0.0349,0.6668
22-JUL-2026,530855,66.89,63.93,0.0453,0.0272,0.0274,0.5235
22-JUL-2026,530881,5.49,5.42,0.0128,0.0365,0.0365,0.6973
22-JUL-2026,530883,12.63,12.99,-0.0281,0.0341,0.0341,0.6515
22-JUL-2026,530897,113.90,113.35,0.0048,0.0340,0.0339,0.6477
22-JUL-2026,530899,56.00,53.50,0.0457,0.0310,0.0311,0.5942
22-JUL-2026,530907,29.73,28.32,0.0486,0.0292,0.0294,0.5617
22-JUL-2026,530909,62.35,62.35,0.0000,0.0259,0.0258,0.4929
22-JUL-2026,530917,15.75,15.75,0.0000,0.0183,0.0182,0.3477
22-JUL-2026,530921,8.00,8.00,0.0000,0.0232,0.0232,0.4432
22-JUL-2026,530925,90.00,90.04,-0.0004,0.0362,0.0361,0.6897
22-JUL-2026,530927,65.50,65.50,0.0000,0.0148,0.0148,0.2828
22-JUL-2026,530931,9.46,9.94,-0.0495,0.0366,0.0366,0.6992
22-JUL-2026,530951,44.68,43.36,0.0300,0.0341,0.0341,0.6515
22-JUL-2026,530953,79.18,83.30,-0.0507,0.0295,0.0297,0.5674
22-JUL-2026,530959,25.40,25.60,-0.0078,0.0254,0.0254,0.4853
22-JUL-2026,530973,73.00,76.00,-0.0403,0.0403,0.0403,0.7699
22-JUL-2026,530977,115.10,117.40,-0.0198,0.0328,0.0327,0.6247
22-JUL-2026,530979,30.82,30.77,0.0016,0.0270,0.0269,0.5139
22-JUL-2026,530991,49.75,47.99,0.0360,0.0390,0.0390,0.7451
22-JUL-2026,530993,40.62,41.44,-0.0200,0.0309,0.0309,0.5903
22-JUL-2026,530997,76.95,77.19,-0.0031,0.0316,0.0315,0.6018
22-JUL-2026,531003,80.26,84.25,-0.0485,0.0307,0.0308,0.5884
22-JUL-2026,531015,17.06,16.65,0.0243,0.0358,0.0358,0.6840
22-JUL-2026,531017,19.39,18.96,0.0224,0.0405,0.0405,0.7738
22-JUL-2026,531025,0.32,0.31,0.0317,0.0305,0.0305,0.5827
22-JUL-2026,531027,19.70,19.70,0.0000,0.0276,0.0275,0.5254
22-JUL-2026,531033,16.70,16.13,0.0347,0.0477,0.0476,0.9094
22-JUL-2026,531035,21.04,21.91,-0.0405,0.0363,0.0363,0.6935
22-JUL-2026,531039,9.69,9.69,0.0000,0.0256,0.0255,0.4872
22-JUL-2026,531041,371.00,370.00,0.0027,0.0232,0.0231,0.4413
22-JUL-2026,531043,28.20,26.90,0.0472,0.0329,0.0330,0.6305
22-JUL-2026,531049,43.48,42.63,0.0197,0.0331,0.0330,0.6305
22-JUL-2026,531051,17.00,17.00,0.0000,0.0336,0.0336,0.6419
22-JUL-2026,531067,21.01,21.25,-0.0114,0.0353,0.0352,0.6725
22-JUL-2026,531069,699.95,712.00,-0.0171,0.0320,0.0320,0.6114
22-JUL-2026,531083,5.97,5.99,-0.0033,0.0367,0.0366,0.6992
22-JUL-2026,531091,26.00,27.50,-0.0561,0.0430,0.0431,0.8234
22-JUL-2026,531099,35.45,34.83,0.0176,0.0366,0.0365,0.6973
22-JUL-2026,531111,37.05,37.05,0.0000,0.0300,0.0299,0.5712
22-JUL-2026,531119,267.00,264.90,0.0079,0.0430,0.0429,0.8196
22-JUL-2026,531126,13.95,13.85,0.0072,0.0327,0.0327,0.6247
22-JUL-2026,531127,10.41,10.06,0.0342,0.0412,0.0412,0.7871
22-JUL-2026,531129,10.15,10.45,-0.0291,0.0325,0.0325,0.6209
22-JUL-2026,531137,1.45,1.49,-0.0272,0.0320,0.0320,0.6114
22-JUL-2026,531144,18.02,18.64,-0.0338,0.0343,0.0343,0.6553
22-JUL-2026,531153,2.03,2.05,-0.0098,0.0324,0.0323,0.6171
22-JUL-2026,531155,8.00,8.00,0.0000,0.0332,0.0332,0.6343
22-JUL-2026,531156,9.95,10.28,-0.0326,0.0389,0.0388,0.7413
22-JUL-2026,531157,18.80,17.97,0.0452,0.0330,0.0330,0.6305
22-JUL-2026,531158,19.92,19.94,-0.0010,0.0310,0.0309,0.5903
22-JUL-2026,531163,49.39,47.98,0.0290,0.0351,0.0351,0.6706
22-JUL-2026,531168,170.35,170.35,0.0000,0.0409,0.0408,0.7795
22-JUL-2026,531169,123.25,120.55,0.0222,0.0361,0.0361,0.6897
22-JUL-2026,531173,43.61,44.14,-0.0121,0.0260,0.0259,0.4948
22-JUL-2026,531176,10.82,10.02,0.0768,0.0305,0.0309,0.5903
22-JUL-2026,531178,12.58,12.58,0.0000,0.0427,0.0426,0.8139
22-JUL-2026,531190,88.56,93.14,-0.0504,0.0355,0.0356,0.6801
22-JUL-2026,531191,61.35,62.60,-0.0202,0.0207,0.0207,0.3955
22-JUL-2026,531199,159.90,159.90,0.0000,0.0392,0.0391,0.7470
22-JUL-2026,531203,42.65,42.65,0.0000,0.0298,0.0298,0.5693
22-JUL-2026,531205,0.45,0.45,0.0000,0.0335,0.0334,0.6381
22-JUL-2026,531210,80.13,82.00,-0.0231,0.0420,0.0420,0.8024
22-JUL-2026,531212,39.90,39.18,0.0182,0.0379,0.0378,0.7222
22-JUL-2026,531215,97.95,97.95,0.0000,0.0321,0.0320,0.6114
22-JUL-2026,531219,2.50,2.63,-0.0507,0.0251,0.0253,0.4834
22-JUL-2026,531221,15.22,15.21,0.0007,0.0349,0.0348,0.6649
22-JUL-2026,531223,23.29,23.19,0.0043,0.0292,0.0291,0.5560
22-JUL-2026,531227,57.61,60.45,-0.0481,0.0413,0.0414,0.7909
22-JUL-2026,531228,12.48,12.23,0.0202,0.0206,0.0206,0.3936
22-JUL-2026,531233,12.32,12.18,0.0114,0.0283,0.0283,0.5407
22-JUL-2026,531234,68.87,70.28,-0.0203,0.0311,0.0310,0.5923
22-JUL-2026,531235,34.96,36.79,-0.0510,0.0309,0.0310,0.5923
22-JUL-2026,531237,183.70,193.35,-0.0512,0.0309,0.0310,0.5923
22-JUL-2026,531246,17.00,18.00,-0.0572,0.0385,0.0386,0.7375
22-JUL-2026,531253,368.20,364.50,0.0101,0.0235,0.0234,0.4471
22-JUL-2026,531254,11.65,11.40,0.0217,0.0410,0.0409,0.7814
22-JUL-2026,531255,51.50,53.80,-0.0437,0.0497,0.0497,0.9495
22-JUL-2026,531257,17.54,17.40,0.0080,0.0342,0.0342,0.6534
22-JUL-2026,531259,43.84,41.76,0.0486,0.0360,0.0361,0.6897
22-JUL-2026,531262,16.63,16.60,0.0018,0.0279,0.0278,0.5311
22-JUL-2026,531268,28.04,27.97,0.0025,0.0317,0.0316,0.6037
22-JUL-2026,531272,17.21,17.21,0.0000,0.0136,0.0136,0.2598
22-JUL-2026,531273,1.50,1.52,-0.0132,0.0321,0.0320,0.6114
22-JUL-2026,531274,42.09,44.30,-0.0512,0.0307,0.0308,0.5884
22-JUL-2026,531278,115.10,122.50,-0.0623,0.0344,0.0346,0.6610
22-JUL-2026,531279,231.10,218.75,0.0549,0.0323,0.0325,0.6209
22-JUL-2026,531280,82.29,78.38,0.0487,0.0369,0.0370,0.7069
22-JUL-2026,531281,125.30,128.45,-0.0248,0.0299,0.0299,0.5712
22-JUL-2026,531283,11.50,11.50,0.0000,0.0256,0.0256,0.4891
22-JUL-2026,531286,26.75,26.75,0.0000,0.0240,0.0240,0.4585
22-JUL-2026,531287,222.15,230.85,-0.0384,0.0307,0.0307,0.5865
22-JUL-2026,531288,17.32,17.32,0.0000,0.0300,0.0300,0.5731
22-JUL-2026,531289,155.00,153.55,0.0094,0.0357,0.0356,0.6801
22-JUL-2026,531297,53.20,54.20,-0.0186,0.0273,0.0273,0.5216
22-JUL-2026,531301,133.90,131.10,0.0211,0.0342,0.0341,0.6515
22-JUL-2026,531304,24.43,23.27,0.0486,0.0340,0.0341,0.6515
22-JUL-2026,531306,514.45,522.00,-0.0146,0.0246,0.0245,0.4681
22-JUL-2026,531310,146.60,148.05,-0.0098,0.0235,0.0235,0.4490
22-JUL-2026,531314,12.77,12.77,0.0000,0.0293,0.0292,0.5579
22-JUL-2026,531319,39.48,39.09,0.0099,0.0390,0.0389,0.7432
22-JUL-2026,531323,11.63,12.24,-0.0511,0.0306,0.0308,0.5884
22-JUL-2026,531324,21.73,21.73,0.0000,0.0315,0.0314,0.5999
22-JUL-2026,531328,0.55,0.54,0.0183,0.0391,0.0390,0.7451
22-JUL-2026,531334,19.02,19.02,0.0000,0.0262,0.0261,0.4986
22-JUL-2026,531338,16.36,16.36,0.0000,0.0269,0.0268,0.5120
22-JUL-2026,531340,44.67,47.02,-0.0513,0.0342,0.0343,0.6553
22-JUL-2026,531341,17.80,17.00,0.0460,0.0346,0.0347,0.6629
22-JUL-2026,531346,27.50,27.95,-0.0162,0.0339,0.0338,0.6457
22-JUL-2026,531352,18.08,18.88,-0.0433,0.0301,0.0302,0.5770
22-JUL-2026,531359,283.00,285.85,-0.0100,0.0317,0.0316,0.6037
22-JUL-2026,531360,27.39,26.11,0.0479,0.0331,0.0331,0.6324
22-JUL-2026,531364,235.45,232.15,0.0141,0.0323,0.0323,0.6171
22-JUL-2026,531370,4.80,4.64,0.0339,0.0423,0.0423,0.8081
22-JUL-2026,531380,81.00,84.60,-0.0435,0.0409,0.0410,0.7833
22-JUL-2026,531387,5.22,5.22,0.0000,0.0152,0.0152,0.2904
22-JUL-2026,531390,66.94,68.00,-0.0157,0.0317,0.0316,0.6037
22-JUL-2026,531395,0.96,0.96,0.0000,0.0326,0.0325,0.6209
22-JUL-2026,531396,8.92,9.38,-0.0503,0.0325,0.0326,0.6228
22-JUL-2026,531397,25.15,24.14,0.0410,0.0342,0.0343,0.6553
22-JUL-2026,531398,110.00,114.00,-0.0357,0.0330,0.0330,0.6305
22-JUL-2026,531399,162.40,163.50,-0.0068,0.0335,0.0335,0.6400
22-JUL-2026,531402,15.35,16.08,-0.0465,0.0324,0.0325,0.6209
22-JUL-2026,531406,10.87,10.87,0.0000,0.0303,0.0302,0.5770
22-JUL-2026,531411,1.02,1.03,-0.0098,0.0288,0.0287,0.5483
22-JUL-2026,531412,137.95,144.85,-0.0488,0.0278,0.0280,0.5349
22-JUL-2026,531416,37.28,37.28,0.0000,0.0376,0.0375,0.7164
22-JUL-2026,531417,2.85,2.90,-0.0174,0.0370,0.0369,0.7050
22-JUL-2026,531420,7.43,7.82,-0.0512,0.1393,0.1390,2.6556
22-JUL-2026,531432,12.95,12.95,0.0000,0.0381,0.0380,0.7260
22-JUL-2026,531433,2.56,2.56,0.0000,0.0324,0.0324,0.6190
22-JUL-2026,531436,26.21,23.83,0.0952,0.0379,0.0384,0.7336
22-JUL-2026,531437,22.00,22.57,-0.0256,0.0307,0.0307,0.5865
22-JUL-2026,531441,22.00,22.30,-0.0135,0.0287,0.0287,0.5483
22-JUL-2026,531454,21.23,21.14,0.0042,0.0356,0.0355,0.6782
22-JUL-2026,531456,1.30,1.30,0.0000,0.0470,0.0469,0.8960
22-JUL-2026,531458,5.25,5.25,0.0000,0.0315,0.0315,0.6018
22-JUL-2026,531460,10.85,10.34,0.0481,0.0388,0.0389,0.7432
22-JUL-2026,531465,0.28,0.27,0.0364,0.0147,0.0149,0.2847
22-JUL-2026,531471,33.32,32.67,0.0197,0.0347,0.0346,0.6610
22-JUL-2026,531472,44.78,47.13,-0.0511,0.0390,0.0391,0.7470
22-JUL-2026,531486,1.90,1.93,-0.0157,0.0320,0.0320,0.6114
22-JUL-2026,531489,159.90,161.15,-0.0078,0.0295,0.0294,0.5617
22-JUL-2026,531502,10.98,10.78,0.0184,0.0177,0.0177,0.3382
22-JUL-2026,531503,28.78,29.48,-0.0240,0.0351,0.0351,0.6706
22-JUL-2026,531505,28.57,27.21,0.0488,0.0337,0.0337,0.6438
22-JUL-2026,531506,28.50,28.50,0.0000,0.0310,0.0309,0.5903
22-JUL-2026,531509,21.50,21.50,0.0000,0.0313,0.0312,0.5961
22-JUL-2026,531512,5.56,5.81,-0.0440,0.0391,0.0391,0.7470
22-JUL-2026,531518,0.27,0.27,0.0000,0.0324,0.0323,0.6171
22-JUL-2026,531521,31.00,31.00,0.0000,0.0244,0.0243,0.4643
22-JUL-2026,531525,131.60,132.05,-0.0034,0.0297,0.0297,0.5674
22-JUL-2026,531529,1.54,1.47,0.0465,0.0338,0.0338,0.6457
22-JUL-2026,531533,62.20,59.50,0.0444,0.0371,0.0371,0.7088
22-JUL-2026,531537,76.25,80.25,-0.0511,0.0343,0.0344,0.6572
22-JUL-2026,531539,38.18,41.31,-0.0788,0.0455,0.0457,0.8731
22-JUL-2026,531540,11.16,11.48,-0.0283,0.0297,0.0297,0.5674
22-JUL-2026,531541,9.26,9.44,-0.0193,0.0342,0.0342,0.6534
22-JUL-2026,531550,189.95,187.00,0.0157,0.0341,0.0340,0.6496
22-JUL-2026,531552,14.48,14.50,-0.0014,0.0310,0.0309,0.5903
22-JUL-2026,531553,28.25,26.95,0.0471,0.0424,0.0424,0.8101
22-JUL-2026,531557,37.10,39.04,-0.0510,0.0403,0.0403,0.7699
22-JUL-2026,531568,6.00,6.00,0.0000,0.0319,0.0318,0.6075
22-JUL-2026,531569,146.80,148.55,-0.0119,0.0322,0.0321,0.6133
22-JUL-2026,531572,59.50,59.00,0.0084,0.0299,0.0299,0.5712
22-JUL-2026,531574,7.71,7.58,0.0170,0.0364,0.0363,0.6935
22-JUL-2026,531578,6.90,6.90,0.0000,0.0366,0.0366,0.6992
22-JUL-2026,531582,36.59,35.89,0.0193,0.0369,0.0368,0.7031
22-JUL-2026,531583,39.90,38.80,0.0280,0.0369,0.0369,0.7050
22-JUL-2026,531585,9.10,9.10,0.0000,0.0296,0.0295,0.5636
22-JUL-2026,531591,19.30,19.79,-0.0251,0.0234,0.0234,0.4471
22-JUL-2026,531592,1.07,1.07,0.0000,0.0335,0.0334,0.6381
22-JUL-2026,531594,31.56,32.20,-0.0201,0.0377,0.0376,0.7183
22-JUL-2026,531600,51.45,51.45,0.0000,0.0230,0.0230,0.4394
22-JUL-2026,531608,43.99,46.30,-0.0512,0.0445,0.0446,0.8521
22-JUL-2026,531609,176.00,175.25,0.0043,0.0341,0.0340,0.6496
22-JUL-2026,531613,1.69,1.77,-0.0463,0.0333,0.0334,0.6381
22-JUL-2026,531626,6.53,6.56,-0.0046,0.0312,0.0311,0.5942
22-JUL-2026,531628,57.30,56.18,0.0197,0.0286,0.0286,0.5464
22-JUL-2026,531635,78.40,78.60,-0.0025,0.0300,0.0300,0.5731
22-JUL-2026,531640,13.84,13.84,0.0000,0.0164,0.0164,0.3133
22-JUL-2026,531644,19.41,18.81,0.0314,0.0416,0.0416,0.7948
22-JUL-2026,531651,62.60,64.40,-0.0283,0.0322,0.0322,0.6152
22-JUL-2026,531652,84.00,87.71,-0.0432,0.0407,0.0407,0.7776
22-JUL-2026,531658,9.71,9.57,0.0145,0.0273,0.0272,0.5197
22-JUL-2026,531661,11.91,12.49,-0.0475,0.0486,0.0486,0.9285
22-JUL-2026,531663,7.64,7.28,0.0483,0.0354,0.0355,0.6782
22-JUL-2026,531667,60.99,59.80,0.0197,0.0367,0.0366,0.6992
22-JUL-2026,531668,2.13,2.00,0.0630,0.0505,0.0505,0.9648
22-JUL-2026,531671,1.19,1.25,-0.0492,0.0327,0.0328,0.6266
22-JUL-2026,531672,19.50,19.50,0.0000,0.0384,0.0383,0.7317
22-JUL-2026,531673,21.53,21.70,-0.0079,0.0335,0.0335,0.6400
22-JUL-2026,531676,236.00,243.65,-0.0319,0.0239,0.0239,0.4566
22-JUL-2026,531680,22.80,23.99,-0.0509,0.0440,0.0441,0.8425
22-JUL-2026,531681,0.85,0.85,0.0000,0.0434,0.0433,0.8272
22-JUL-2026,531685,23.54,23.54,0.0000,0.0202,0.0202,0.3859
22-JUL-2026,531688,99.95,100.95,-0.0100,0.0356,0.0355,0.6782
22-JUL-2026,531692,3.15,3.29,-0.0435,0.0381,0.0382,0.7298
22-JUL-2026,531694,38.34,38.30,0.0010,0.0320,0.0319,0.6094
22-JUL-2026,531716,1.68,1.60,0.0488,0.0361,0.0362,0.6916
22-JUL-2026,531726,117.00,118.05,-0.0089,0.0328,0.0327,0.6247
22-JUL-2026,531735,26.96,26.96,0.0000,0.0094,0.0093,0.1777
22-JUL-2026,531737,0.48,0.48,0.0000,0.0157,0.0157,0.2999
22-JUL-2026,531739,9.05,9.10,-0.0055,0.0354,0.0353,0.6744
22-JUL-2026,531743,193.80,193.80,0.0000,0.0151,0.0150,0.2866
22-JUL-2026,531744,57.22,54.20,0.0542,0.0391,0.0392,0.7489
22-JUL-2026,531752,0.31,0.32,-0.0317,0.0315,0.0315,0.6018
22-JUL-2026,531758,11.44,11.75,-0.0267,0.0516,0.0515,0.9839
22-JUL-2026,531762,24.48,24.51,-0.0012,0.0373,0.0372,0.7107
22-JUL-2026,531769,4.39,4.44,-0.0113,0.0300,0.0299,0.5712
22-JUL-2026,531771,163.05,166.15,-0.0188,0.0244,0.0243,0.4643
22-JUL-2026,531778,25.80,26.50,-0.0268,0.0405,0.0405,0.7738
22-JUL-2026,531779,12.76,12.76,0.0000,0.0361,0.0360,0.6878
22-JUL-2026,531780,6.34,6.46,-0.0188,0.0326,0.0325,0.6209
22-JUL-2026,531784,1.20,1.20,0.0000,0.0255,0.0254,0.4853
22-JUL-2026,531794,75.66,72.06,0.0488,0.1066,0.1064,2.0328
22-JUL-2026,531797,105.00,107.00,-0.0189,0.0358,0.0357,0.6820
22-JUL-2026,531802,25.64,25.11,0.0209,0.0314,0.0313,0.5980
22-JUL-2026,531810,51.91,50.00,0.0375,0.0326,0.0327,0.6247
22-JUL-2026,531812,0.55,0.51,0.0755,0.0372,0.0375,0.7164
22-JUL-2026,531813,97.78,93.23,0.0477,0.0264,0.0265,0.5063
22-JUL-2026,531814,8.50,8.47,0.0035,0.0353,0.0352,0.6725
22-JUL-2026,531821,41.39,41.39,0.0000,0.0308,0.0307,0.5865
22-JUL-2026,531822,174.30,176.90,-0.0148,0.0425,0.0425,0.8120
22-JUL-2026,531832,41.42,43.21,-0.0423,0.0324,0.0324,0.6190
22-JUL-2026,531834,30.25,31.00,-0.0245,0.0405,0.0405,0.7738
22-JUL-2026,531840,21.95,22.79,-0.0376,0.0345,0.0345,0.6591
22-JUL-2026,531841,148.90,149.75,-0.0057,0.0345,0.0344,0.6572
22-JUL-2026,531846,10.88,10.38,0.0470,0.0411,0.0411,0.7852
22-JUL-2026,531859,108.35,112.45,-0.0371,0.0314,0.0314,0.5999
22-JUL-2026,531861,53.46,55.37,-0.0351,0.0260,0.0260,0.4967
22-JUL-2026,531862,23.06,23.31,-0.0108,0.0278,0.0278,0.5311
22-JUL-2026,531867,3.35,3.45,-0.0294,0.0337,0.0337,0.6438
22-JUL-2026,531869,3.84,3.82,0.0052,0.0270,0.0270,0.5158
22-JUL-2026,531870,16.40,15.62,0.0487,0.0317,0.0318,0.6075
22-JUL-2026,531878,8.45,8.89,-0.0508,0.0350,0.0351,0.6706
22-JUL-2026,531885,8.13,8.13,0.0000,0.0003,0.0003,0.0057
22-JUL-2026,531888,82.20,78.38,0.0476,0.0308,0.0309,0.5903
22-JUL-2026,531889,24.78,24.57,0.0085,0.0427,0.0426,0.8139
22-JUL-2026,531893,0.29,0.30,-0.0339,0.0310,0.0310,0.5923
22-JUL-2026,531900,23.77,23.86,-0.0038,0.0409,0.0408,0.7795
22-JUL-2026,531902,38.00,40.00,-0.0513,0.0409,0.0410,0.7833
22-JUL-2026,531909,1.24,1.23,0.0081,0.0354,0.0353,0.6744
22-JUL-2026,531910,255.80,255.30,0.0020,0.0395,0.0394,0.7527
22-JUL-2026,531911,65.98,69.45,-0.0513,0.0338,0.0339,0.6477
22-JUL-2026,531918,109.95,109.95,0.0000,0.0363,0.0362,0.6916
22-JUL-2026,531923,122.30,122.50,-0.0016,0.0285,0.0285,0.5445
22-JUL-2026,531925,1.17,1.17,0.0000,0.0567,0.0565,1.0794
22-JUL-2026,531928,12.00,12.00,0.0000,0.0202,0.0202,0.3859
22-JUL-2026,531930,25.14,25.14,0.0000,0.0421,0.0420,0.8024
22-JUL-2026,531931,146.20,146.15,0.0003,0.0339,0.0338,0.6457
22-JUL-2026,531944,17.09,17.98,-0.0508,0.0423,0.0423,0.8081
22-JUL-2026,531950,3.61,3.60,0.0028,0.0365,0.0364,0.6954
22-JUL-2026,531952,82.72,82.06,0.0080,0.0294,0.0293,0.5598
22-JUL-2026,531959,1.97,1.96,0.0051,0.0334,0.0333,0.6362
22-JUL-2026,531962,38.09,36.81,0.0342,0.0388,0.0388,0.7413
22-JUL-2026,531968,50.24,52.88,-0.0512,0.0519,0.0519,0.9915
22-JUL-2026,531977,6.00,6.18,-0.0296,0.0351,0.0351,0.6706
22-JUL-2026,531979,97.00,98.65,-0.0169,0.0303,0.0302,0.5770
22-JUL-2026,531982,17.18,17.77,-0.0338,0.0399,0.0398,0.7604
22-JUL-2026,531989,29.00,29.00,0.0000,0.0276,0.0275,0.5254
22-JUL-2026,531991,0.52,0.52,0.0000,0.0396,0.0395,0.7546
22-JUL-2026,531994,180.95,180.95,0.0000,0.0292,0.0291,0.5560
22-JUL-2026,531996,5.94,6.88,-0.1469,0.0374,0.0388,0.7413
22-JUL-2026,531997,69.47,69.03,0.0064,0.0317,0.0316,0.6037
22-JUL-2026,532001,50.87,48.00,0.0581,0.0393,0.0394,0.7527
22-JUL-2026,532005,38.98,41.77,-0.0691,0.0378,0.0380,0.7260
22-JUL-2026,532007,25.90,25.90,0.0000,0.0309,0.0309,0.5903
22-JUL-2026,532011,71.53,74.75,-0.0440,0.0384,0.0385,0.7355
22-JUL-2026,532015,11.25,11.24,0.0009,0.0388,0.0387,0.7394
22-JUL-2026,532016,164.35,169.85,-0.0329,0.0330,0.0330,0.6305
22-JUL-2026,532024,15.08,15.08,0.0000,0.0075,0.0075,0.1433
22-JUL-2026,532039,45.27,46.40,-0.0247,0.0270,0.0270,0.5158
22-JUL-2026,532041,7.33,7.30,0.0041,0.0351,0.0350,0.6687
22-JUL-2026,532042,35.74,35.75,-0.0003,0.0328,0.0327,0.6247
22-JUL-2026,532053,87.99,85.45,0.0293,0.0383,0.0382,0.7298
22-JUL-2026,532056,134.50,138.00,-0.0257,0.0327,0.0327,0.6247
22-JUL-2026,532057,103.00,102.80,0.0019,0.0395,0.0394,0.7527
22-JUL-2026,532070,118.10,120.45,-0.0197,0.0339,0.0338,0.6457
22-JUL-2026,532078,26.59,26.59,0.0000,0.0216,0.0216,0.4127
22-JUL-2026,532083,3.28,3.28,0.0000,0.0024,0.0024,0.0459
22-JUL-2026,532090,31.50,31.60,-0.0032,0.0296,0.0296,0.5655
22-JUL-2026,532092,1.41,1.48,-0.0485,0.0342,0.0343,0.6553
22-JUL-2026,532100,12.73,13.40,-0.0513,0.0420,0.0420,0.8024
22-JUL-2026,532102,63.58,63.13,0.0071,0.0380,0.0379,0.7241
22-JUL-2026,532113,9.10,9.97,-0.0913,0.0423,0.0427,0.8158
22-JUL-2026,532123,4.17,4.27,-0.0237,0.0358,0.0357,0.6820
22-JUL-2026,532124,24.30,24.41,-0.0045,0.0419,0.0417,0.7967
22-JUL-2026,532131,15.40,15.62,-0.0142,0.0402,0.0402,0.7680
22-JUL-2026,532140,2.76,2.79,-0.0108,0.0410,0.0409,0.7814
22-JUL-2026,532145,11.25,11.40,-0.0132,0.0339,0.0338,0.6457
22-JUL-2026,532154,0.47,0.48,-0.0211,0.0320,0.0320,0.6114
22-JUL-2026,532159,8.02,8.15,-0.0161,0.0399,0.0398,0.7604
22-JUL-2026,532160,10.53,10.70,-0.0160,0.0240,0.0240,0.4585
22-JUL-2026,532164,1.16,1.19,-0.0255,0.0332,0.0332,0.6343
22-JUL-2026,532167,15.55,15.55,0.0000,0.0176,0.0175,0.3343
22-JUL-2026,532183,8.05,7.91,0.0175,0.0299,0.0298,0.5693
22-JUL-2026,532217,20.87,21.96,-0.0509,0.0375,0.0376,0.7183
22-JUL-2026,532230,148.85,142.45,0.0439,0.0268,0.0269,0.5139
22-JUL-2026,532262,1250.00,1300.00,-0.0392,0.0240,0.0241,0.4604
22-JUL-2026,532275,2.01,1.96,0.0252,0.0298,0.0298,0.5693
22-JUL-2026,532284,26.62,26.27,0.0132,0.0318,0.0317,0.6056
22-JUL-2026,532303,3.06,3.22,-0.0510,0.0493,0.0493,0.9419
22-JUL-2026,532304,54.82,54.82,0.0000,0.0427,0.0426,0.8139
22-JUL-2026,532315,5.95,5.86,0.0152,0.0414,0.0413,0.7890
22-JUL-2026,532320,9.85,10.37,-0.0514,0.0406,0.0406,0.7757
22-JUL-2026,532323,17.10,17.35,-0.0145,0.0280,0.0279,0.5330
22-JUL-2026,532329,1003.20,1015.80,-0.0125,0.0380,0.0379,0.7241
22-JUL-2026,532333,54.31,55.87,-0.0283,0.0297,0.0297,0.5674
22-JUL-2026,532340,3.00,3.00,0.0000,0.0454,0.0452,0.8635
22-JUL-2026,532344,198.35,200.30,-0.0098,0.0301,0.0300,0.5731
22-JUL-2026,532350,3.81,3.88,-0.0182,0.0336,0.0335,0.6400
22-JUL-2026,532354,4.42,4.51,-0.0202,0.0415,0.0414,0.7909
22-JUL-2026,532355,7.61,7.87,-0.0336,0.0427,0.0426,0.8139
22-JUL-2026,532359,1.74,1.72,0.0116,0.0371,0.0370,0.7069
22-JUL-2026,532362,146.40,146.50,-0.0007,0.0352,0.0351,0.6706
22-JUL-2026,532373,26.90,28.31,-0.0511,0.0319,0.0320,0.6114
22-JUL-2026,532378,4.25,5.00,-0.1625,0.0537,0.0548,1.0470
22-JUL-2026,532379,7.19,7.25,-0.0083,0.0393,0.0393,0.7508
22-JUL-2026,532380,13.91,13.88,0.0022,0.0341,0.0340,0.6496
22-JUL-2026,532384,128.90,131.50,-0.0200,0.0257,0.0257,0.4910
22-JUL-2026,532397,15.50,16.26,-0.0479,0.0381,0.0381,0.7279
22-JUL-2026,532402,10.32,9.83,0.0486,0.0391,0.0391,0.7470
22-JUL-2026,532403,7.22,7.22,0.0000,0.0192,0.0192,0.3668
22-JUL-2026,532404,37.10,35.68,0.0390,0.0270,0.0271,0.5177
22-JUL-2026,532410,25.55,25.60,-0.0020,0.0316,0.0315,0.6018
22-JUL-2026,532425,30.31,30.59,-0.0092,0.0385,0.0384,0.7336
22-JUL-2026,532435,50.32,50.07,0.0050,0.1491,0.1487,2.8409
22-JUL-2026,532444,1.81,1.90,-0.0485,0.0331,0.0332,0.6343
22-JUL-2026,532455,19.30,18.68,0.0327,0.0345,0.0344,0.6572
22-JUL-2026,532467,22.58,22.96,-0.0167,0.0310,0.0310,0.5923
22-JUL-2026,532470,96.09,96.09,0.0000,0.0166,0.0166,0.3171
22-JUL-2026,532645,2.35,2.20,0.0660,0.0457,0.0458,0.8750
22-JUL-2026,532656,3.78,3.64,0.0377,0.0348,0.0348,0.6649
22-JUL-2026,532676,12.22,12.81,-0.0472,0.0445,0.0445,0.8502
22-JUL-2026,532701,25.30,24.10,0.0486,0.0343,0.0343,0.6553
22-JUL-2026,532723,28.99,29.18,-0.0065,0.0416,0.0415,0.7929
22-JUL-2026,532744,8.89,8.13,0.0894,0.0393,0.0397,0.7585
22-JUL-2026,532806,36.43,34.70,0.0487,0.0452,0.0452,0.8635
22-JUL-2026,532820,12.22,12.37,-0.0122,0.0347,0.0347,0.6629
22-JUL-2026,532825,4.56,4.09,0.1088,0.0424,0.0430,0.8215
22-JUL-2026,532829,248.65,248.10,0.0022,0.0265,0.0264,0.5044
22-JUL-2026,532855,143.80,136.50,0.0521,0.0331,0.0332,0.6343
22-JUL-2026,532893,64.06,68.72,-0.0702,0.0394,0.0396,0.7566
22-JUL-2026,532911,7.64,7.79,-0.0194,0.0338,0.0337,0.6438
22-JUL-2026,532918,19.93,19.84,0.0045,0.0303,0.0302,0.5770
22-JUL-2026,532933,54.38,53.92,0.0085,0.0316,0.0316,0.6037
22-JUL-2026,532957,64.59,64.59,0.0000,0.0351,0.0350,0.6687
22-JUL-2026,532975,10.13,9.94,0.0189,0.0376,0.0376,0.7183
22-JUL-2026,532985,84.33,85.08,-0.0089,0.0097,0.0097,0.1853
22-JUL-2026,532992,26.66,26.88,-0.0082,0.0362,0.0361,0.6897
22-JUL-2026,533006,27.16,25.87,0.0487,0.3575,0.3566,6.8128
22-JUL-2026,533007,5.70,5.82,-0.0208,0.0323,0.0323,0.6171
22-JUL-2026,533018,4395.00,4395.00,0.0000,0.0768,0.0766,1.4634
22-JUL-2026,533019,1148.00,1148.00,0.0000,0.0327,0.0326,0.6228
22-JUL-2026,533056,19.99,19.96,0.0015,0.0292,0.0291,0.5560
22-JUL-2026,533100,6.32,6.11,0.0338,0.0318,0.0319,0.6094
22-JUL-2026,533101,115.20,121.00,-0.0491,0.0388,0.0388,0.7413
22-JUL-2026,533110,14.61,15.35,-0.0494,0.0396,0.0396,0.7566
22-JUL-2026,533149,5.45,5.88,-0.0759,0.0594,0.0595,1.1367
22-JUL-2026,533167,52.39,52.14,0.0048,0.0309,0.0308,0.5884
22-JUL-2026,533202,5.83,5.56,0.0474,0.0390,0.0390,0.7451
22-JUL-2026,533212,57.51,59.63,-0.0362,0.0367,0.0367,0.7012
22-JUL-2026,533268,2.72,2.80,-0.0290,0.0390,0.0389,0.7432
22-JUL-2026,533285,13.97,13.81,0.0115,0.0382,0.0381,0.7279
22-JUL-2026,533289,61.06,61.52,-0.0075,0.0350,0.0349,0.6668
22-JUL-2026,533407,190.50,188.00,0.0132,0.0342,0.0341,0.6515
22-JUL-2026,533427,21.50,21.99,-0.0225,0.0328,0.0327,0.6247
22-JUL-2026,533477,362.95,363.60,-0.0018,0.0237,0.0237,0.4528
22-JUL-2026,533602,0.78,0.76,0.0260,0.0251,0.0251,0.4795
22-JUL-2026,533608,162.80,165.90,-0.0189,0.0254,0.0253,0.4834
22-JUL-2026,533896,15.75,15.01,0.0481,0.0402,0.0402,0.7680
22-JUL-2026,534060,1.74,1.77,-0.0171,0.0314,0.0313,0.5980
22-JUL-2026,534063,47.30,45.27,0.0439,0.0414,0.0414,0.7909
22-JUL-2026,534064,2.02,2.06,-0.0196,0.0387,0.0386,0.7375
22-JUL-2026,534190,2.80,2.76,0.0144,0.0492,0.0491,0.9381
22-JUL-2026,534338,11.61,11.95,-0.0289,0.0396,0.0396,0.7566
22-JUL-2026,534422,9.55,9.58,-0.0031,0.0356,0.0355,0.6782
22-JUL-2026,534535,6.37,6.60,-0.0355,0.1714,0.1710,3.2670
22-JUL-2026,534612,18.55,18.55,0.0000,0.0332,0.0331,0.6324
22-JUL-2026,534623,56.09,54.52,0.0284,0.0352,0.0352,0.6725
22-JUL-2026,534639,22.81,22.81,0.0000,0.0380,0.0379,0.7241
22-JUL-2026,534691,14.55,14.99,-0.0298,0.0366,0.0366,0.6992
22-JUL-2026,534732,34.96,35.00,-0.0011,0.0334,0.0333,0.6362
22-JUL-2026,534733,36.50,35.74,0.0210,0.0340,0.0339,0.6477
22-JUL-2026,534741,0.46,0.46,0.0000,0.0323,0.0322,0.6152
22-JUL-2026,534755,2.51,2.47,0.0161,0.0513,0.0512,0.9782
22-JUL-2026,534796,292.85,290.00,0.0098,0.0299,0.0298,0.5693
22-JUL-2026,534920,143.90,143.90,0.0000,0.0198,0.0197,0.3764
22-JUL-2026,535204,2.80,2.83,-0.0107,0.0522,0.0521,0.9954
22-JUL-2026,535205,3.49,3.49,0.0000,0.0382,0.0381,0.7279
22-JUL-2026,535267,7.64,7.64,0.0000,0.0263,0.0262,0.5006
22-JUL-2026,535276,853.70,863.35,-0.0112,0.0086,0.0086,0.1643
22-JUL-2026,535387,63.06,60.42,0.0428,0.0398,0.0399,0.7623
22-JUL-2026,535431,0.68,0.67,0.0148,0.0280,0.0279,0.5330
22-JUL-2026,535514,7.21,7.58,-0.0500,0.0309,0.0310,0.5923
22-JUL-2026,535566,110.00,110.05,-0.0005,0.0423,0.0422,0.8062
22-JUL-2026,535621,120.60,123.35,-0.0225,0.0389,0.0389,0.7432
22-JUL-2026,535657,6.80,6.20,0.0924,0.0409,0.0413,0.7890
22-JUL-2026,535667,216.55,216.55,0.0000,0.0487,0.0486,0.9285
22-JUL-2026,535693,163.00,164.60,-0.0098,0.0296,0.0295,0.5636
22-JUL-2026,535719,27.00,27.48,-0.0176,0.0365,0.0365,0.6973
22-JUL-2026,535730,0.51,0.52,-0.0194,0.0302,0.0301,0.5751
22-JUL-2026,535910,0.70,0.70,0.0000,0.0339,0.0338,0.6457
22-JUL-2026,535916,65.95,66.91,-0.0145,0.0370,0.0369,0.7050
22-JUL-2026,536073,1.28,1.32,-0.0308,0.0305,0.0305,0.5827
22-JUL-2026,536493,318.95,312.50,0.0204,0.0287,0.0287,0.5483
22-JUL-2026,536565,71.77,69.74,0.0287,0.0334,0.0333,0.6362
22-JUL-2026,536659,3.54,3.40,0.0404,0.0307,0.0308,0.5884
22-JUL-2026,536672,7.66,7.60,0.0079,0.0304,0.0303,0.5789
22-JUL-2026,536709,13.09,13.00,0.0069,0.0285,0.0284,0.5426
22-JUL-2026,536846,90.00,90.00,0.0000,0.0289,0.0288,0.5502
22-JUL-2026,536974,71.31,70.76,0.0077,0.0281,0.0281,0.5368
22-JUL-2026,537069,12.46,12.18,0.0227,0.0301,0.0301,0.5751
22-JUL-2026,537253,67.30,68.50,-0.0177,0.0336,0.0336,0.6419
22-JUL-2026,537326,71.97,71.50,0.0066,0.0332,0.0331,0.6324
22-JUL-2026,537536,70.11,70.84,-0.0104,0.0280,0.0280,0.5349
22-JUL-2026,537707,0.56,0.54,0.0364,0.0389,0.0389,0.7432
22-JUL-2026,537709,3.61,3.65,-0.0110,0.0264,0.0263,0.5025
22-JUL-2026,537766,1.80,1.81,-0.0055,0.0339,0.0338,0.6457
22-JUL-2026,537800,0.61,0.64,-0.0480,0.0327,0.0328,0.6266
22-JUL-2026,537839,88.01,92.40,-0.0487,0.0343,0.0344,0.6572
22-JUL-2026,537840,32.65,34.35,-0.0508,0.0339,0.0340,0.6496
22-JUL-2026,537985,23.62,22.50,0.0486,0.0391,0.0392,0.7489
22-JUL-2026,538081,5.25,5.11,0.0270,0.0473,0.0472,0.9018
22-JUL-2026,538092,103.00,103.00,0.0000,0.0293,0.0293,0.5598
22-JUL-2026,538212,0.37,0.36,0.0274,0.0356,0.0356,0.6801
22-JUL-2026,538273,19.03,20.00,-0.0497,0.0411,0.0411,0.7852
22-JUL-2026,538351,1.68,1.74,-0.0351,0.0310,0.0310,0.5923
22-JUL-2026,538382,88.09,88.09,0.0000,0.0296,0.0295,0.5636
22-JUL-2026,538395,94.90,90.73,0.0449,0.0347,0.0348,0.6649
22-JUL-2026,538401,151.30,146.80,0.0302,0.0337,0.0337,0.6438
22-JUL-2026,538422,0.40,0.40,0.0000,0.0328,0.0328,0.6266
22-JUL-2026,538451,3.88,3.81,0.0182,0.0740,0.0739,1.4119
22-JUL-2026,538464,3.59,3.67,-0.0220,0.0514,0.0513,0.9801
22-JUL-2026,538465,13.40,13.80,-0.0294,0.0484,0.0483,0.9228
22-JUL-2026,538476,26.12,26.08,0.0015,0.0358,0.0357,0.6820
22-JUL-2026,538521,100.00,98.75,0.0126,0.0303,0.0303,0.5789
22-JUL-2026,538539,9.30,9.32,-0.0021,0.0330,0.0329,0.6286
22-JUL-2026,538540,18.53,18.17,0.0196,0.0304,0.0304,0.5808
22-JUL-2026,538542,30.66,31.04,-0.0123,0.0621,0.0619,1.1826
22-JUL-2026,538546,119.00,119.15,-0.0013,0.0260,0.0259,0.4948
22-JUL-2026,538556,108.25,108.80,-0.0051,0.0288,0.0287,0.5483
22-JUL-2026,538563,539.10,513.45,0.0487,0.0255,0.0257,0.4910
22-JUL-2026,538564,262.95,262.85,0.0004,0.0239,0.0239,0.4566
22-JUL-2026,538565,213.20,209.55,0.0173,0.0351,0.0351,0.6706
22-JUL-2026,538568,40.00,40.75,-0.0186,0.0331,0.0330,0.6305
22-JUL-2026,538569,1.01,1.02,-0.0099,0.0427,0.0426,0.8139
22-JUL-2026,538596,5.44,5.19,0.0470,0.0331,0.0332,0.6343
22-JUL-2026,538597,7.90,7.98,-0.0101,0.0319,0.0318,0.6075
22-JUL-2026,538598,18.33,18.79,-0.0248,0.0310,0.0310,0.5923
22-JUL-2026,538607,0.67,0.68,-0.0148,0.0312,0.0311,0.5942
22-JUL-2026,538609,51.48,51.15,0.0064,0.0424,0.0423,0.8081
22-JUL-2026,538610,0.70,0.69,0.0144,0.0378,0.0377,0.7203
22-JUL-2026,538611,50.45,53.10,-0.0512,0.0337,0.0338,0.6457
22-JUL-2026,538634,171.55,170.85,0.0041,0.0320,0.0319,0.6094
22-JUL-2026,538646,43.00,44.22,-0.0280,0.0340,0.0340,0.6496
22-JUL-2026,538647,36.10,38.56,-0.0659,0.0371,0.0373,0.7126
22-JUL-2026,538652,4.00,4.00,0.0000,0.0031,0.0031,0.0592
22-JUL-2026,538668,721.00,761.35,-0.0545,0.0259,0.0262,0.5006
22-JUL-2026,538674,8.16,8.34,-0.0218,0.0318,0.0318,0.6075
22-JUL-2026,538683,881.59,890.95,-0.0106,0.0084,0.0084,0.1605
22-JUL-2026,538706,6.89,7.04,-0.0215,0.0288,0.0287,0.5483
22-JUL-2026,538707,32.21,32.13,0.0025,0.0365,0.0364,0.6954
22-JUL-2026,538708,6.41,6.10,0.0496,0.0311,0.0312,0.5961
22-JUL-2026,538713,163.70,173.55,-0.0584,0.0342,0.0344,0.6572
22-JUL-2026,538714,43.00,37.25,0.1435,0.0400,0.0412,0.7871
22-JUL-2026,538715,396.15,406.35,-0.0254,0.0301,0.0301,0.5751
22-JUL-2026,538716,401.05,411.00,-0.0245,0.0289,0.0289,0.5521
22-JUL-2026,538732,53.00,54.50,-0.0279,0.0317,0.0317,0.6056
22-JUL-2026,538742,17.68,18.50,-0.0453,0.0376,0.0376,0.7183
22-JUL-2026,538770,12.09,12.50,-0.0333,0.0429,0.0428,0.8177
22-JUL-2026,538772,43.29,42.39,0.0210,0.0341,0.0341,0.6515
22-JUL-2026,538777,85.79,87.54,-0.0202,0.0199,0.0199,0.3802
22-JUL-2026,538778,7.76,7.95,-0.0242,0.0343,0.0343,0.6553
22-JUL-2026,538786,300.50,296.75,0.0126,0.0249,0.0248,0.4738
22-JUL-2026,538787,9.69,9.48,0.0219,0.0402,0.0401,0.7661
22-JUL-2026,538788,13.50,13.60,-0.0074,0.0293,0.0292,0.5579
22-JUL-2026,538812,83.45,87.80,-0.0508,0.0434,0.0435,0.8311
22-JUL-2026,538817,9.12,9.22,-0.0109,0.0281,0.0281,0.5368
22-JUL-2026,538833,10.44,10.89,-0.0422,0.0459,0.0459,0.8769
22-JUL-2026,538834,9.58,9.59,-0.0010,0.0349,0.0348,0.6649
22-JUL-2026,538837,71.78,71.53,0.0035,0.0279,0.0279,0.5330
22-JUL-2026,538838,40.67,39.14,0.0383,0.0364,0.0364,0.6954
22-JUL-2026,538857,12.50,12.57,-0.0056,0.0301,0.0301,0.5751
22-JUL-2026,538860,1.77,1.74,0.0171,0.0381,0.0380,0.7260
22-JUL-2026,538862,38.25,39.69,-0.0370,0.0428,0.0428,0.8177
22-JUL-2026,538863,7.05,7.05,0.0000,0.0000,0.0000,0.0000
22-JUL-2026,538868,13.50,13.77,-0.0198,0.0340,0.0340,0.6496
22-JUL-2026,538874,19.99,18.91,0.0555,0.0484,0.0484,0.9247
22-JUL-2026,538881,39.00,39.00,0.0000,0.0340,0.0339,0.6477
22-JUL-2026,538882,58.19,58.14,0.0009,0.0344,0.0344,0.6572
22-JUL-2026,538890,54.16,54.01,0.0028,0.0300,0.0299,0.5712
22-JUL-2026,538894,21.67,20.65,0.0482,0.0373,0.0374,0.7145
22-JUL-2026,538895,13.60,13.00,0.0451,0.0357,0.0358,0.6840
22-JUL-2026,538897,11.43,10.99,0.0393,0.0183,0.0185,0.3534
22-JUL-2026,538918,7.54,7.95,-0.0529,0.0375,0.0376,0.7183
22-JUL-2026,538922,21.00,20.83,0.0081,0.0333,0.0332,0.6343
22-JUL-2026,538923,18.63,18.88,-0.0133,0.0465,0.0463,0.8846
22-JUL-2026,538926,194.75,190.65,0.0213,0.0331,0.0330,0.6305
22-JUL-2026,538928,1.36,1.38,-0.0146,0.0354,0.0353,0.6744
22-JUL-2026,538935,56.60,53.92,0.0485,0.0261,0.0263,0.5025
22-JUL-2026,538952,1.10,1.06,0.0370,0.0552,0.0551,1.0527
22-JUL-2026,538964,844.10,858.35,-0.0167,0.0324,0.0323,0.6171
22-JUL-2026,538965,71.35,71.52,-0.0024,0.0302,0.0301,0.5751
22-JUL-2026,538970,6.73,6.90,-0.0249,0.0363,0.0362,0.6916
22-JUL-2026,538975,0.20,0.21,-0.0488,0.0303,0.0304,0.5808
22-JUL-2026,538987,696.50,696.20,0.0004,0.0239,0.0239,0.4566
22-JUL-2026,538992,3398.75,3371.70,0.0080,0.0239,0.0239,0.4566
22-JUL-2026,538993,11.20,11.20,0.0000,0.0226,0.0226,0.4318
22-JUL-2026,539005,37.45,35.67,0.0487,0.0229,0.0231,0.4413
22-JUL-2026,539011,79.87,81.55,-0.0208,0.0293,0.0293,0.5598
22-JUL-2026,539012,84.00,82.67,0.0160,0.0380,0.0379,0.7241
22-JUL-2026,539013,73.96,73.90,0.0008,0.0329,0.0328,0.6266
22-JUL-2026,539014,7.14,8.00,-0.1137,0.0424,0.0430,0.8215
22-JUL-2026,539016,6.28,6.42,-0.0220,0.0366,0.0365,0.6973
22-JUL-2026,539017,6.17,6.08,0.0147,0.0353,0.0352,0.6725
22-JUL-2026,539031,284.14,286.33,-0.0077,0.0090,0.0090,0.1719
22-JUL-2026,539032,9.41,9.63,-0.0231,0.0348,0.0348,0.6649
22-JUL-2026,539040,7.43,7.29,0.0190,0.0330,0.0330,0.6305
22-JUL-2026,539090,34.00,34.00,0.0000,0.0342,0.0341,0.6515
22-JUL-2026,539091,1.14,1.14,0.0000,0.0352,0.0351,0.6706
22-JUL-2026,539097,2.70,2.70,0.0000,0.0384,0.0384,0.7336
22-JUL-2026,539110,24.33,23.18,0.0484,0.0244,0.0246,0.4700
22-JUL-2026,539111,18.00,18.00,0.0000,0.0415,0.0414,0.7909
22-JUL-2026,539112,199.15,203.30,-0.0206,0.0305,0.0304,0.5808
22-JUL-2026,539115,312.60,314.00,-0.0045,0.0354,0.0353,0.6744
22-JUL-2026,539117,16.38,16.76,-0.0229,0.0356,0.0355,0.6782
22-JUL-2026,539119,22.00,22.00,0.0000,0.0150,0.0150,0.2866
22-JUL-2026,539120,95.85,95.00,0.0089,0.0408,0.0407,0.7776
22-JUL-2026,539121,143.30,136.65,0.0475,0.0402,0.0403,0.7699
22-JUL-2026,539122,17.00,17.35,-0.0204,0.0394,0.0393,0.7508
22-JUL-2026,539123,8.73,8.93,-0.0227,0.0375,0.0374,0.7145
22-JUL-2026,539124,20.53,19.99,0.0267,0.0405,0.0405,0.7738
22-JUL-2026,539132,9.54,9.53,0.0010,0.0293,0.0292,0.5579
22-JUL-2026,539143,10.09,10.06,0.0030,0.0369,0.0368,0.7031
22-JUL-2026,539149,3.85,3.85,0.0000,0.0365,0.0364,0.6954
22-JUL-2026,539167,65.00,65.00,0.0000,0.0287,0.0286,0.5464
22-JUL-2026,539174,21.74,21.74,0.0000,0.0399,0.0398,0.7604
22-JUL-2026,539176,81.20,81.20,0.0000,0.0390,0.0389,0.7432
22-JUL-2026,539189,14.93,14.51,0.0285,0.0389,0.0388,0.7413
22-JUL-2026,539190,37.75,39.80,-0.0529,0.0335,0.0337,0.6438
22-JUL-2026,539195,168.25,170.20,-0.0115,0.0307,0.0307,0.5865
22-JUL-2026,539196,111.00,111.95,-0.0085,0.0329,0.0328,0.6266
22-JUL-2026,539200,6.71,6.58,0.0196,0.0211,0.0211,0.4031
22-JUL-2026,539206,28.00,28.55,-0.0195,0.0389,0.0388,0.7413
22-JUL-2026,539216,1.12,1.12,0.0000,0.0326,0.0325,0.6209
22-JUL-2026,539217,0.32,0.31,0.0317,0.0392,0.0392,0.7489
22-JUL-2026,539218,122.75,118.90,0.0319,0.0320,0.0320,0.6114
22-JUL-2026,539219,8.05,8.36,-0.0378,0.0316,0.0316,0.6037
22-JUL-2026,539220,40.01,40.01,0.0000,0.0276,0.0275,0.5254
22-JUL-2026,539222,0.73,0.73,0.0000,0.0381,0.0380,0.7260
22-JUL-2026,539224,37.14,35.38,0.0485,0.0356,0.0357,0.6820
22-JUL-2026,539227,155.40,155.40,0.0000,0.0320,0.0319,0.6094
22-JUL-2026,539228,1.73,1.70,0.0175,0.0280,0.0280,0.5349
22-JUL-2026,539230,73.68,70.18,0.0487,0.0126,0.0130,0.2484
22-JUL-2026,539255,582.80,590.05,-0.0124,0.0333,0.0332,0.6343
22-JUL-2026,539267,12.26,12.64,-0.0305,0.0446,0.0445,0.8502
22-JUL-2026,539275,129.00,134.00,-0.0380,0.0286,0.0286,0.5464
22-JUL-2026,539278,1.49,1.58,-0.0586,0.0418,0.0419,0.8005
22-JUL-2026,539300,370.90,369.15,0.0047,0.0237,0.0236,0.4509
22-JUL-2026,539310,0.19,0.19,0.0000,0.0654,0.0652,1.2456
22-JUL-2026,539314,52.49,52.51,-0.0004,0.0293,0.0292,0.5579
22-JUL-2026,539335,164.85,160.45,0.0271,0.0304,0.0304,0.5808
22-JUL-2026,539353,183.50,178.75,0.0262,0.0306,0.0306,0.5846
22-JUL-2026,539354,29.24,29.89,-0.0220,0.0369,0.0369,0.7050
22-JUL-2026,539378,50.84,49.49,0.0269,0.0294,0.0294,0.5617
22-JUL-2026,539383,16.25,17.10,-0.0510,0.0349,0.0350,0.6687
22-JUL-2026,539391,29.50,29.28,0.0075,0.0287,0.0286,0.5464
22-JUL-2026,539393,25.77,25.77,0.0000,0.0008,0.0008,0.0153
22-JUL-2026,539398,50.90,51.24,-0.0067,0.0275,0.0274,0.5235
22-JUL-2026,539402,3.90,3.90,0.0000,0.0516,0.0515,0.9839
22-JUL-2026,539405,12.95,12.70,0.0195,0.0396,0.0395,0.7546
22-JUL-2026,539406,55.75,55.75,0.0000,0.0293,0.0292,0.5579
22-JUL-2026,539408,25.74,24.52,0.0486,0.0393,0.0394,0.7527
22-JUL-2026,539409,20.91,20.91,0.0000,0.0237,0.0236,0.4509
22-JUL-2026,539428,14.08,14.40,-0.0225,0.0282,0.0282,0.5388
22-JUL-2026,539434,10.26,10.26,0.0000,0.0075,0.0074,0.1414
22-JUL-2026,539435,22.81,23.98,-0.0500,0.0396,0.0396,0.7566
22-JUL-2026,539449,2.18,2.11,0.0326,0.0346,0.0346,0.6610
22-JUL-2026,539455,59.75,60.09,-0.0057,0.0299,0.0298,0.5693
22-JUL-2026,539468,37.97,37.97,0.0000,0.0278,0.0277,0.5292
22-JUL-2026,539469,50.22,50.39,-0.0034,0.0352,0.0351,0.6706
22-JUL-2026,539470,0.55,0.56,-0.0180,0.0245,0.0244,0.4662
22-JUL-2026,539479,74.00,72.89,0.0151,0.0313,0.0312,0.5961
22-JUL-2026,539488,10.00,10.00,0.0000,0.0000,0.0000,0.0000
22-JUL-2026,539492,9.19,9.19,0.0000,0.0281,0.0280,0.5349
22-JUL-2026,539494,7.84,7.96,-0.0152,0.0351,0.0351,0.6706
22-JUL-2026,539495,44.40,45.00,-0.0134,0.0400,0.0399,0.7623
22-JUL-2026,539506,0.51,0.52,-0.0194,0.0360,0.0359,0.6859
22-JUL-2026,539518,145.45,144.95,0.0034,0.0255,0.0254,0.4853
22-JUL-2026,539519,0.77,0.79,-0.0256,0.0339,0.0339,0.6477
22-JUL-2026,539522,52.74,50.63,0.0408,0.0370,0.0370,0.7069
22-JUL-2026,539526,0.48,0.48,0.0000,0.0322,0.0322,0.6152
22-JUL-2026,539527,575.00,572.40,0.0045,0.0319,0.0318,0.6075
22-JUL-2026,539528,23.84,24.03,-0.0079,0.0793,0.0791,1.5112
22-JUL-2026,539543,13.12,13.12,0.0000,0.0000,0.0000,0.0000
22-JUL-2026,539544,9.49,9.49,0.0000,0.0367,0.0367,0.7012
22-JUL-2026,539545,28.91,32.00,-0.1015,0.0403,0.0408,0.7795
22-JUL-2026,539546,319.95,318.55,0.0044,0.0188,0.0187,0.3573
22-JUL-2026,539552,12.71,12.88,-0.0133,0.0386,0.0385,0.7355
22-JUL-2026,539559,2.03,2.05,-0.0098,0.0392,0.0392,0.7489
22-JUL-2026,539560,10.00,10.00,0.0000,0.0000,0.0000,0.0000
22-JUL-2026,539561,0.33,0.32,0.0308,0.0370,0.0370,0.7069
22-JUL-2026,539593,8.51,8.71,-0.0232,0.0471,0.0470,0.8979
22-JUL-2026,539594,3.64,3.71,-0.0190,0.0317,0.0316,0.6037
22-JUL-2026,539596,12.45,12.08,0.0302,0.0534,0.0533,1.0183
22-JUL-2026,539598,33.32,33.06,0.0078,0.0314,0.0313,0.5980
22-JUL-2026,539599,26.70,26.77,-0.0026,0.0619,0.0618,1.1807
22-JUL-2026,539607,19.84,20.09,-0.0125,0.0408,0.0407,0.7776
22-JUL-2026,539620,15.81,16.47,-0.0409,0.0352,0.0352,0.6725
22-JUL-2026,539659,38.53,38.03,0.0131,0.0324,0.0324,0.6190
22-JUL-2026,539661,97.71,92.63,0.0534,0.0255,0.0257,0.4910
22-JUL-2026,539662,6.91,7.20,-0.0411,0.0385,0.0385,0.7355
22-JUL-2026,539669,2.52,2.48,0.0160,0.0344,0.0344,0.6572
22-JUL-2026,539673,2.83,2.97,-0.0483,0.0432,0.0432,0.8253
22-JUL-2026,539679,1.38,1.32,0.0445,0.0377,0.0378,0.7222
22-JUL-2026,539681,49.88,49.88,0.0000,0.0121,0.0121,0.2312
22-JUL-2026,539682,302.95,309.35,-0.0209,0.0249,0.0248,0.4738
22-JUL-2026,539683,10.00,10.00,0.0000,0.0000,0.0000,0.0000
22-JUL-2026,539691,10.00,10.00,0.0000,0.0000,0.0000,0.0000
22-JUL-2026,539692,12.27,12.90,-0.0501,0.0357,0.0358,0.6840
22-JUL-2026,539697,70.39,73.46,-0.0427,0.0384,0.0384,0.7336
22-JUL-2026,539724,214.55,212.95,0.0075,0.0301,0.0300,0.5731
22-JUL-2026,539730,885.75,916.60,-0.0342,0.0302,0.0302,0.5770
22-JUL-2026,539760,36.95,38.40,-0.0385,0.0341,0.0341,0.6515
22-JUL-2026,539761,0.90,0.93,-0.0328,0.0370,0.0370,0.7069
22-JUL-2026,539762,28.38,28.15,0.0081,0.0360,0.0359,0.6859
22-JUL-2026,539767,30.89,31.40,-0.0164,0.0375,0.0375,0.7164
22-JUL-2026,539770,15.90,16.73,-0.0509,0.0355,0.0356,0.6801
22-JUL-2026,539773,1.26,1.28,-0.0157,0.0253,0.0253,0.4834
22-JUL-2026,539798,28.75,27.39,0.0485,0.0335,0.0336,0.6419
22-JUL-2026,539800,5.02,5.02,0.0000,0.0375,0.0374,0.7145
22-JUL-2026,539814,59.25,62.35,-0.0510,0.0356,0.0357,0.6820
22-JUL-2026,539819,4.73,4.73,0.0000,0.0053,0.0053,0.1013
22-JUL-2026,539834,211.20,202.65,0.0413,0.0385,0.0385,0.7355
22-JUL-2026,539835,1.81,1.90,-0.0485,0.0565,0.0565,1.0794
22-JUL-2026,539841,10.14,10.18,-0.0039,0.0345,0.0344,0.6572
22-JUL-2026,539884,2.21,2.23,-0.0090,0.0294,0.0293,0.5598
22-JUL-2026,539895,23.91,25.16,-0.0510,0.0353,0.0354,0.6763
22-JUL-2026,539900,9.90,9.90,0.0000,0.0368,0.0367,0.7012
22-JUL-2026,539911,11.00,11.07,-0.0063,0.0358,0.0357,0.6820
22-JUL-2026,539922,312.75,306.65,0.0197,0.0245,0.0245,0.4681
22-JUL-2026,539927,299.00,299.00,0.0000,0.0210,0.0209,0.3993
22-JUL-2026,539938,24.05,24.29,-0.0099,0.0341,0.0340,0.6496
22-JUL-2026,539939,50.00,48.24,0.0358,0.0299,0.0300,0.5731
22-JUL-2026,539946,18.71,18.21,0.0271,0.0431,0.0431,0.8234
22-JUL-2026,539947,156.10,159.25,-0.0200,0.0349,0.0348,0.6649
22-JUL-2026,539963,11.33,11.36,-0.0026,0.0305,0.0304,0.5808
22-JUL-2026,539991,34.00,35.07,-0.0310,0.0403,0.0403,0.7699
22-JUL-2026,540006,2.54,2.49,0.0199,0.0342,0.0342,0.6534
22-JUL-2026,540023,9.45,10.00,-0.0566,0.0334,0.0336,0.6419
22-JUL-2026,540026,7.06,7.01,0.0071,0.0462,0.0460,0.8788
22-JUL-2026,540062,342.00,360.00,-0.0513,0.0206,0.0208,0.3974
22-JUL-2026,540066,59.31,59.60,-0.0049,0.0276,0.0275,0.5254
22-JUL-2026,540078,145.00,145.40,-0.0028,0.0311,0.0310,0.5923
22-JUL-2026,540079,1.32,1.34,-0.0150,0.0341,0.0340,0.6496
22-JUL-2026,540080,4.11,4.18,-0.0169,0.0308,0.0307,0.5865
22-JUL-2026,540097,51.29,50.60,0.0135,0.0277,0.0276,0.5273
22-JUL-2026,540132,10.95,10.57,0.0353,0.0548,0.0547,1.0450
22-JUL-2026,540134,15.40,15.04,0.0237,0.0372,0.0372,0.7107
22-JUL-2026,540135,0.52,0.52,0.0000,0.0313,0.0312,0.5961
22-JUL-2026,540143,81.39,83.79,-0.0291,0.0359,0.0359,0.6859
22-JUL-2026,540147,2.43,2.51,-0.0324,0.0334,0.0334,0.6381
22-JUL-2026,540154,836.90,844.05,-0.0085,0.0103,0.0103,0.1968
22-JUL-2026,540159,5.60,5.60,0.0000,0.0518,0.0517,0.9877
22-JUL-2026,540168,33.39,31.99,0.0428,0.0280,0.0281,0.5368
22-JUL-2026,540174,21.41,21.51,-0.0047,0.0323,0.0322,0.6152
22-JUL-2026,540175,44.76,47.04,-0.0497,0.0298,0.0299,0.5712
22-JUL-2026,540181,37.80,37.24,0.0149,0.0412,0.0411,0.7852
22-JUL-2026,540189,15.34,15.33,0.0007,0.0587,0.0586,1.1196
22-JUL-2026,540190,0.35,0.36,-0.0282,0.0378,0.0378,0.7222
22-JUL-2026,540192,16.01,16.00,0.0006,0.0281,0.0281,0.5368
22-JUL-2026,540198,317.05,313.80,0.0103,0.0263,0.0263,0.5025
22-JUL-2026,540199,47.85,50.36,-0.0511,0.0320,0.0321,0.6133
22-JUL-2026,540204,48.99,49.27,-0.0057,0.0269,0.0269,0.5139
22-JUL-2026,540221,34.05,34.05,0.0000,0.0173,0.0172,0.3286
22-JUL-2026,540243,1.43,1.47,-0.0276,0.0347,0.0347,0.6629
22-JUL-2026,540252,10.05,9.94,0.0110,0.0279,0.0278,0.5311
22-JUL-2026,540254,18.44,18.09,0.0192,0.0736,0.0735,1.4042
22-JUL-2026,540259,0.24,0.23,0.0426,0.0376,0.0377,0.7203
22-JUL-2026,540266,19.58,18.94,0.0332,0.0357,0.0357,0.6820
22-JUL-2026,540267,7.72,7.37,0.0464,0.0347,0.0348,0.6649
22-JUL-2026,540270,10.00,10.00,0.0000,0.0000,0.0000,0.0000
22-JUL-2026,540318,10.00,10.00,0.0000,0.0000,0.0000,0.0000
22-JUL-2026,540359,107.06,104.97,0.0197,0.0499,0.0498,0.9514
22-JUL-2026,540360,1.17,1.17,0.0000,0.0401,0.0400,0.7642
22-JUL-2026,540361,6.62,6.47,0.0229,0.0461,0.0461,0.8807
22-JUL-2026,540377,0.38,0.37,0.0267,0.0334,0.0333,0.6362
22-JUL-2026,540386,2.15,2.21,-0.0275,0.0398,0.0397,0.7585
22-JUL-2026,540395,88.50,89.60,-0.0124,0.0295,0.0294,0.5617
22-JUL-2026,540401,13.46,13.71,-0.0184,0.0183,0.0183,0.3496
22-JUL-2026,540404,198.95,199.40,-0.0023,0.0269,0.0268,0.5120
22-JUL-2026,540405,53.01,54.87,-0.0345,0.0375,0.0375,0.7164
22-JUL-2026,540455,103.00,103.50,-0.0048,0.0334,0.0334,0.6381
22-JUL-2026,540467,298.65,314.35,-0.0512,0.0262,0.0264,0.5044
22-JUL-2026,540481,56.11,59.06,-0.0512,0.0299,0.0301,0.5751
22-JUL-2026,540492,10.58,10.57,0.0009,0.0328,0.0327,0.6247
22-JUL-2026,540515,9.50,9.10,0.0430,0.0393,0.0393,0.7508
22-JUL-2026,540519,42.33,43.19,-0.0201,0.0332,0.0331,0.6324
22-JUL-2026,540545,31.69,31.23,0.0146,0.0281,0.0281,0.5368
22-JUL-2026,540570,4.39,4.53,-0.0314,0.0367,0.0367,0.7012
22-JUL-2026,540590,58.28,61.45,-0.0530,0.0307,0.0308,0.5884
22-JUL-2026,540597,17.77,17.11,0.0378,0.0376,0.0376,0.7183
22-JUL-2026,540615,6.56,6.31,0.0389,0.0325,0.0326,0.6228
22-JUL-2026,540654,24.15,24.01,0.0058,0.0375,0.0374,0.7145
22-JUL-2026,540686,115.80,115.05,0.0065,0.0282,0.0281,0.5368
22-JUL-2026,540693,12.93,12.87,0.0047,0.0320,0.0320,0.6114
22-JUL-2026,540694,34.94,33.30,0.0481,0.0353,0.0354,0.6763
22-JUL-2026,540696,3.92,4.00,-0.0202,0.0407,0.0406,0.7757
22-JUL-2026,540703,27.89,26.68,0.0444,0.0343,0.0343,0.6553
22-JUL-2026,540717,8.47,8.07,0.0484,0.0356,0.0357,0.6820
22-JUL-2026,540726,32.25,32.30,-0.0015,0.0334,0.0333,0.6362
22-JUL-2026,540727,17.87,17.73,0.0079,0.0300,0.0299,0.5712
22-JUL-2026,540728,100.45,101.05,-0.0060,0.0330,0.0330,0.6305
22-JUL-2026,540730,1.15,1.17,-0.0172,0.0323,0.0322,0.6152
22-JUL-2026,540737,658.00,635.80,0.0343,0.0320,0.0320,0.6114
22-JUL-2026,540738,8.39,8.37,0.0024,0.0256,0.0256,0.4891
22-JUL-2026,540786,19.68,20.08,-0.0201,0.0389,0.0388,0.7413
22-JUL-2026,540788,100.55,95.90,0.0473,0.0392,0.0393,0.7508
22-JUL-2026,540796,188.00,188.00,0.0000,0.0289,0.0289,0.5521
22-JUL-2026,540809,37.06,37.22,-0.0043,0.0300,0.0299,0.5712
22-JUL-2026,540821,1.86,1.88,-0.0107,0.0318,0.0317,0.6056
22-JUL-2026,540829,6.83,6.21,0.0952,0.0357,0.0362,0.6916
22-JUL-2026,540874,76.87,78.09,-0.0157,0.0259,0.0258,0.4929
22-JUL-2026,540904,74.97,71.40,0.0488,0.0310,0.0311,0.5942
22-JUL-2026,540914,1.53,1.54,-0.0065,0.0383,0.0382,0.7298
22-JUL-2026,540936,3.06,3.04,0.0066,0.0301,0.0300,0.5731
22-JUL-2026,540953,2.01,2.02,-0.0050,0.0285,0.0284,0.5426
22-JUL-2026,540955,4.11,4.30,-0.0452,0.0305,0.0306,0.5846
22-JUL-2026,540956,24.26,24.35,-0.0037,0.0263,0.0262,0.5006
22-JUL-2026,540980,26000.00,25990.00,0.0004,0.0266,0.0265,0.5063
22-JUL-2026,541005,48.90,47.90,0.0207,0.0316,0.0315,0.6018
22-JUL-2026,541096,1480.45,1485.50,-0.0034,0.0291,0.0291,0.5560
22-JUL-2026,541133,45.60,45.60,0.0000,0.0001,0.0001,0.0019
22-JUL-2026,541144,117.10,116.05,0.0090,0.0360,0.0359,0.6859
22-JUL-2026,541228,67.39,74.25,-0.0969,0.0353,0.0358,0.6840
22-JUL-2026,541338,10.60,10.72,-0.0113,0.0367,0.0366,0.6992
22-JUL-2026,541347,6.59,6.68,-0.0136,0.0256,0.0256,0.4891
22-JUL-2026,541358,114.65,119.95,-0.0452,0.0437,0.0437,0.8349
22-JUL-2026,541444,15.25,15.00,0.0165,0.0347,0.0346,0.6610
22-JUL-2026,541503,47.24,47.25,-0.0002,0.0297,0.0296,0.5655
22-JUL-2026,541601,0.41,0.42,-0.0241,0.0346,0.0346,0.6610
22-JUL-2026,541627,7.23,7.60,-0.0499,0.0539,0.0538,1.0278
22-JUL-2026,541633,12.58,12.58,0.0000,0.0000,0.0000,0.0000
22-JUL-2026,541634,17.55,17.96,-0.0231,0.0414,0.0413,0.7890
22-JUL-2026,541702,3.64,3.79,-0.0404,0.0338,0.0339,0.6477
22-JUL-2026,541735,1.67,1.69,-0.0119,0.0396,0.0395,0.7546
22-JUL-2026,541741,96.04,97.35,-0.0135,0.0326,0.0326,0.6228
22-JUL-2026,541771,1.54,1.50,0.0263,0.0335,0.0335,0.6400
22-JUL-2026,541778,34.00,36.00,-0.0572,0.0283,0.0285,0.5445
22-JUL-2026,541865,6.97,6.92,0.0072,0.0273,0.0273,0.5216
22-JUL-2026,541890,0.18,0.18,0.0000,0.0357,0.0356,0.6801
22-JUL-2026,541972,937.00,949.00,-0.0127,0.0105,0.0105,0.2006
22-JUL-2026,542012,5.24,5.25,-0.0019,0.1447,0.1443,2.7568
22-JUL-2026,542013,171.40,170.05,0.0079,0.0162,0.0162,0.3095
22-JUL-2026,542019,38.83,39.96,-0.0287,0.0320,0.0320,0.6114
22-JUL-2026,542034,12.17,11.92,0.0208,0.0296,0.0296,0.5655
22-JUL-2026,542046,6.11,6.21,-0.0162,0.0348,0.0347,0.6629
22-JUL-2026,542123,145.00,138.00,0.0495,0.0341,0.0342,0.6534
22-JUL-2026,542176,16.66,17.50,-0.0492,0.0380,0.0381,0.7279
22-JUL-2026,542206,0.51,0.53,-0.0385,0.0361,0.0361,0.6897
22-JUL-2026,542248,12.45,12.50,-0.0040,0.0353,0.0352,0.6725
22-JUL-2026,542332,80.00,80.00,0.0000,0.0223,0.0222,0.4241
22-JUL-2026,542376,214.00,214.00,0.0000,0.0247,0.0247,0.4719
22-JUL-2026,542459,51.29,52.20,-0.0176,0.0343,0.0342,0.6534
22-JUL-2026,542524,33.99,32.98,0.0302,0.0253,0.0254,0.4853
22-JUL-2026,542543,75.83,75.90,-0.0009,0.0118,0.0117,0.2235
22-JUL-2026,542544,10.00,10.00,0.0000,0.0000,0.0000,0.0000
22-JUL-2026,542579,3.90,3.94,-0.0102,0.0272,0.0271,0.5177
22-JUL-2026,542627,103.95,102.04,0.0185,0.0399,0.0398,0.7604
22-JUL-2026,542628,135.45,142.95,-0.0539,0.0329,0.0330,0.6305
22-JUL-2026,542654,14.99,14.29,0.0478,0.0362,0.0363,0.6935
22-JUL-2026,542666,6.00,6.05,-0.0083,0.0257,0.0256,0.4891
22-JUL-2026,542669,54.12,55.41,-0.0236,0.0316,0.0316,0.6037
22-JUL-2026,542677,42.07,12.30,1.2297,0.0302,0.0920,1.7577
22-JUL-2026,542679,155.55,148.15,0.0487,0.0420,0.0421,0.8043
22-JUL-2026,542682,67.96,66.96,0.0148,0.0336,0.0336,0.6419
22-JUL-2026,542694,163.00,170.00,-0.0420,0.0386,0.0386,0.7375
22-JUL-2026,542721,52.99,53.39,-0.0075,0.0316,0.0315,0.6018
22-JUL-2026,542747,91.59,92.17,-0.0063,0.0110,0.0110,0.2102
22-JUL-2026,542770,43.72,44.72,-0.0226,0.0340,0.0340,0.6496
22-JUL-2026,542802,1.97,1.98,-0.0051,0.0308,0.0307,0.5865
22-JUL-2026,542803,61.04,60.00,0.0172,0.0305,0.0305,0.5827
22-JUL-2026,542862,26.43,24.99,0.0560,0.0383,0.0385,0.7355
22-JUL-2026,542864,31.47,31.47,0.0000,0.0018,0.0018,0.0344
22-JUL-2026,542865,11.85,12.79,-0.0763,0.0407,0.0409,0.7814
22-JUL-2026,542906,46.83,49.29,-0.0512,0.0255,0.0257,0.4910
22-JUL-2026,542911,641.45,641.45,0.0000,0.0300,0.0299,0.5712
22-JUL-2026,542918,4.92,4.96,-0.0081,0.0295,0.0294,0.5617
22-JUL-2026,542938,46.90,46.90,0.0000,0.0330,0.0329,0.6286
22-JUL-2026,543171,1.70,1.70,0.0000,0.0347,0.0346,0.6610
22-JUL-2026,543207,3.50,3.55,-0.0142,0.0351,0.0350,0.6687
22-JUL-2026,543208,2.17,2.21,-0.0183,0.0252,0.0252,0.4814
22-JUL-2026,543225,170.00,170.00,0.0000,0.0138,0.0138,0.2636
22-JUL-2026,543229,215.00,215.00,0.0000,0.0405,0.0404,0.7718
22-JUL-2026,543241,139.00,136.00,0.0218,0.0345,0.0345,0.6591
22-JUL-2026,543256,12.74,12.14,0.0482,0.0419,0.0420,0.8024
22-JUL-2026,543284,84.42,85.11,-0.0081,0.0317,0.0316,0.6037
22-JUL-2026,543341,10.40,10.50,-0.0096,0.0393,0.0393,0.7508
22-JUL-2026,543376,92.00,92.00,0.0000,0.0334,0.0333,0.6362
22-JUL-2026,543499,7.03,7.36,-0.0459,0.0362,0.0363,0.6935
22-JUL-2026,543531,39.91,42.10,-0.0534,0.0350,0.0351,0.6706
22-JUL-2026,543737,571.25,600.00,-0.0491,0.0285,0.0286,0.5464
22-JUL-2026,543860,87.00,87.00,0.0000,0.0298,0.0298,0.5693
22-JUL-2026,543914,30.50,30.55,-0.0016,0.0297,0.0297,0.5674
22-JUL-2026,543925,142.50,142.50,0.0000,0.0052,0.0052,0.0993
22-JUL-2026,543927,35.35,34.76,0.0168,0.0320,0.0319,0.6094
22-JUL-2026,543934,362.80,365.05,-0.0062,0.0333,0.0332,0.6343
22-JUL-2026,543976,24.27,24.65,-0.0155,0.0298,0.0298,0.5693
22-JUL-2026,543993,184.80,176.00,0.0488,0.0292,0.0293,0.5598
22-JUL-2026,544005,125.00,125.00,0.0000,0.0038,0.0038,0.0726
22-JUL-2026,544080,1330.00,1330.00,0.0000,0.0231,0.0230,0.4394
22-JUL-2026,544090,830.00,838.40,-0.0101,0.0378,0.0377,0.7203
22-JUL-2026,544112,485.50,481.30,0.0087,0.0241,0.0241,0.4604
22-JUL-2026,544185,54.91,55.09,-0.0033,0.0323,0.0322,0.6152
22-JUL-2026,544186,140.90,146.50,-0.0390,0.0284,0.0285,0.5445
22-JUL-2026,544191,76.51,73.99,0.0335,0.0327,0.0327,0.6247
22-JUL-2026,544205,575.00,590.00,-0.0258,0.0286,0.0286,0.5464
22-JUL-2026,544295,1077000.00,1093999.99,-0.0157,0.0073,0.0074,0.1414
22-JUL-2026,544308,41.01,40.03,0.0242,0.0320,0.0320,0.6114
22-JUL-2026,544346,160.60,159.15,0.0091,0.0282,0.0282,0.5388
22-JUL-2026,544361,252.80,240.80,0.0486,0.0271,0.0273,0.5216
22-JUL-2026,544371,69.61,69.19,0.0061,0.0288,0.0288,0.5502
22-JUL-2026,544462,1160000.00,1160000.00,0.0000,0.0079,0.0079,0.1509
22-JUL-2026,544467,817.85,822.35,-0.0055,0.0167,0.0166,0.3171
22-JUL-2026,544662,145.95,133.40,0.0899,0.0285,0.0291,0.5560
22-JUL-2026,544752,1016705.00,1016705.00,0.0000,0.0030,0.0030,0.0573
22-JUL-2026,544786,2338.40,2227.05,0.0488,0.0191,0.0194,0.3706
22-JUL-2026,5PAISA,369.95,377.45,-0.0201,0.0254,0.0254,0.4853
22-JUL-2026,63MOONS,704.85,734.90,-0.0417,0.0327,0.0327,0.6247
22-JUL-2026,751124,0.49,0.54,-0.0972,0.0572,0.0574,1.0966
22-JUL-2026,751126,0.04,0.04,0.0000,0.0498,0.0497,0.9495
22-JUL-2026,890217,62.70,65.99,-0.0511,0.0375,0.0376,0.7183
22-JUL-2026,890226,18.00,17.22,0.0443,0.0666,0.0666,1.2724
22-JUL-2026,890230,58.18,56.82,0.0237,0.0471,0.0470,0.8979
22-JUL-2026,890231,21.94,21.94,0.0000,0.0196,0.0195,0.3725
22-JUL-2026,890234,1.58,1.52,0.0387,0.0389,0.0389,0.7432
22-JUL-2026,890238,7.45,7.32,0.0176,0.0176,0.0176,0.3362
22-JUL-2026,A2ZINFRA,12.56,12.98,-0.0329,0.0301,0.0302,0.5770
22-JUL-2026,AAATECH,90.58,91.15,-0.0063,0.0289,0.0288,0.5502
22-JUL-2026,AADHARHFC,510.20,513.50,-0.0064,0.0185,0.0185,0.3534
22-JUL-2026,AAKASH,9.09,8.98,0.0122,0.0321,0.0320,0.6114
22-JUL-2026,AAREYDRUGS,76.99,79.56,-0.0328,0.0321,0.0322,0.6152
22-JUL-2026,AARNAV,28.94,30.78,-0.0616,0.0221,0.0224,0.4280
22-JUL-2026,AARON,117.48,119.95,-0.0208,0.0278,0.0277,0.5292
22-JUL-2026,AARTECH,48.60,47.48,0.0233,0.0388,0.0388,0.7413
22-JUL-2026,AARTIDRUGS,412.05,426.85,-0.0353,0.0217,0.0218,0.4165
22-JUL-2026,AARTIIND,495.90,499.50,-0.0072,0.0242,0.0241,0.4604
22-JUL-2026,AARTIPHARM,672.70,702.40,-0.0432,0.0266,0.0267,0.5101
22-JUL-2026,AARTISURF,388.25,399.05,-0.0274,0.0268,0.0268,0.5120
22-JUL-2026,AARVI,161.75,161.27,0.0030,0.0285,0.0284,0.5426
22-JUL-2026,AASHRIT,74.00,74.00,0.0000,0.0020,0.0020,0.0382
22-JUL-2026,AASTHA,103.24,129.07,-0.2233,0.0175,0.0235,0.4490
22-JUL-2026,AAVAS,1444.00,1521.70,-0.0524,0.0194,0.0197,0.3764
22-JUL-2026,ABAN,15.01,15.21,-0.0132,0.0298,0.0298,0.5693
22-JUL-2026,ABANSENT,27.24,27.40,-0.0059,0.0423,0.0422,0.8062
22-JUL-2026,ABB,7506.00,7532.00,-0.0035,0.0205,0.0204,0.3897
22-JUL-2026,ABBOTINDIA,28900.00,28800.00,0.0035,0.0139,0.0138,0.2636
22-JUL-2026,ABCAPITAL,400.60,409.05,-0.0209,0.0214,0.0214,0.4088
22-JUL-2026,ABCOTS,204.14,203.70,0.0022,0.0276,0.0275,0.5254
22-JUL-2026,ABDL,615.70,619.40,-0.0060,0.0251,0.0251,0.4795
22-JUL-2026,ABFRL,57.05,57.41,-0.0063,0.0238,0.0238,0.4547
22-JUL-2026,ABGSEC,113.59,114.77,-0.0103,0.0049,0.0049,0.0936
22-JUL-2026,ABINFRA,10.20,10.32,-0.0117,0.0301,0.0300,0.5731
22-JUL-2026,ABLBL,93.80,94.90,-0.0117,0.0196,0.0195,0.3725
22-JUL-2026,ABMINTLLTD,42.74,44.65,-0.0437,0.0360,0.0360,0.6878
22-JUL-2026,ABMKNO,192.86,195.79,-0.0151,0.0344,0.0344,0.6572
22-JUL-2026,ABREL,1408.60,1445.30,-0.0257,0.0261,0.0261,0.4986
22-JUL-2026,ABSL10BANK,170.68,172.99,-0.0134,0.0097,0.0097,0.1853
22-JUL-2026,ABSLAMC,1002.90,1017.60,-0.0146,0.0238,0.0238,0.4547
22-JUL-2026,ABSLBANETF,58.67,59.38,-0.0120,0.0106,0.0106,0.2025
22-JUL-2026,ABSLLIQUID,999.99,1000.00,-0.0000,0.0000,0.0000,0.0000
22-JUL-2026,ABSLMSCIN,29.31,29.59,-0.0095,0.0165,0.0165,0.3152
22-JUL-2026,ABSLNN50ET,75.98,76.36,-0.0050,0.0107,0.0107,0.2044
22-JUL-2026,ABSLPSE,10.38,10.38,0.0000,0.0111,0.0110,0.2102
22-JUL-2026,ACC,1359.00,1387.80,-0.0210,0.0155,0.0155,0.2961
22-JUL-2026,ACCELYA,1128.40,1148.10,-0.0173,0.0167,0.0167,0.3191
22-JUL-2026,ACCURACY,5.01,5.01,0.0000,0.0307,0.0306,0.5846
22-JUL-2026,ACCUVANT,10.15,10.15,0.0000,0.0000,0.0000,0.0000
22-JUL-2026,ACE,1007.60,1035.50,-0.0273,0.0234,0.0234,0.4471
22-JUL-2026,ACEINTEG,19.16,19.56,-0.0207,0.0337,0.0336,0.6419
22-JUL-2026,ACESTONE,9.45,9.45,0.0000,0.0000,0.0000,0.0000
22-JUL-2026,ACI,562.55,588.45,-0.0450,0.0217,0.0219,0.4184
22-JUL-2026,ACL,48.71,48.89,-0.0037,0.0244,0.0243,0.4643
22-JUL-2026,ACMESOLAR,369.60,373.10,-0.0094,0.0248,0.0248,0.4738
22-JUL-2026,ACSTECH,40.54,40.06,0.0119,0.0548,0.0547,1.0450
22-JUL-2026,ACUTAAS,3660.10,3676.90,-0.0046,0.0285,0.0285,0.5445
22-JUL-2026,ADANIENSOL,1724.40,1741.60,-0.0099,0.0275,0.0274,0.5235
22-JUL-2026,ADANIENT,3147.70,3182.70,-0.0111,0.0243,0.0242,0.4623
22-JUL-2026,ADANIGREEN,1472.30,1541.90,-0.0462,0.0289,0.0290,0.5540
22-JUL-2026,ADANIPORTS,1819.40,1845.90,-0.0145,0.0195,0.0195,0.3725
22-JUL-2026,ADANIPOWER,216.95,220.37,-0.0156,0.0264,0.0263,0.5025
22-JUL-2026,ADFFOODS,299.85,302.20,-0.0078,0.0300,0.0299,0.5712
22-JUL-2026,ADL,71.87,71.22,0.0091,0.0322,0.0322,0.6152
22-JUL-2026,ADOR,1478.00,1507.20,-0.0196,0.0230,0.0229,0.4375
22-JUL-2026,ADROITINFO,9.20,9.12,0.0087,0.0269,0.0268,0.5120
22-JUL-2026,ADSL,116.93,118.35,-0.0121,0.0328,0.0327,0.6247
22-JUL-2026,ADVAIT,2296.00,2251.60,0.0195,0.0341,0.0341,0.6515
22-JUL-2026,ADVANCE,111.77,111.22,0.0049,0.0254,0.0253,0.4834
22-JUL-2026,ADVANIHOTR,52.17,52.04,0.0025,0.0194,0.0193,0.3687
22-JUL-2026,ADVENTHTL,144.05,145.51,-0.0101,0.0294,0.0293,0.5598
22-JUL-2026,ADVENZYMES,313.05,321.40,-0.0263,0.0248,0.0248,0.4738
22-JUL-2026,AEGISLOG,1351.30,1313.60,0.0283,0.0310,0.0309,0.5903
22-JUL-2026,AEGISVOPAK,295.66,288.42,0.0248,0.0275,0.0275,0.5254
22-JUL-2026,AEPL,14.97,15.24,-0.0179,0.0166,0.0166,0.3171
22-JUL-2026,AEQUS,232.73,238.49,-0.0244,0.0283,0.0283,0.5407
22-JUL-2026,AEROENTER,116.48,119.50,-0.0256,0.0323,0.0322,0.6152
22-JUL-2026,AEROFLEX,407.10,413.40,-0.0154,0.0366,0.0366,0.6992
22-JUL-2026,AERONEU,85.97,89.64,-0.0418,0.0338,0.0338,0.6457
22-JUL-2026,AEROPLANE,183.92,186.07,-0.0116,0.0213,0.0213,0.4069
22-JUL-2026,AETHER,1462.90,1449.80,0.0090,0.0241,0.0240,0.4585
22-JUL-2026,AFCONS,289.95,289.95,0.0000,0.0208,0.0208,0.3974
22-JUL-2026,AFDIL,145.50,145.50,0.0000,0.0000,0.0000,0.0000
22-JUL-2026,AFFLE,1499.00,1529.40,-0.0201,0.0205,0.0204,0.3897
22-JUL-2026,AFFORDABLE,188.55,195.78,-0.0376,0.0332,0.0332,0.6343
22-JUL-2026,AFIL,9.41,9.63,-0.0231,0.0298,0.0298,0.5693
22-JUL-2026,AFSL,201.47,201.38,0.0004,0.0187,0.0187,0.3573
22-JUL-2026,AGARIND,480.85,495.65,-0.0303,0.0339,0.0339,0.6477
22-JUL-2026,AGARWALEYE,480.05,485.80,-0.0119,0.0161,0.0161,0.3076
22-JUL-2026,AGI,666.10,686.10,-0.0296,0.0285,0.0285,0.5445
22-JUL-2026,AGIIL,322.85,328.10,-0.0161,0.0320,0.0319,0.6094
22-JUL-2026,AGL,13.20,13.10,0.0076,0.0119,0.0119,0.2273
22-JUL-2026,AGRITECH,110.34,111.01,-0.0061,0.0351,0.0350,0.6687
22-JUL-2026,AGROPHOS,29.46,29.94,-0.0162,0.0308,0.0307,0.5865
22-JUL-2026,AHCL,14.87,15.37,-0.0331,0.0246,0.0246,0.4700
22-JUL-2026,AHLADA,38.08,37.74,0.0090,0.0292,0.0291,0.5560
22-JUL-2026,AHLEAST,149.18,151.52,-0.0156,0.0216,0.0216,0.4127
22-JUL-2026,AHLUCONT,823.05,844.80,-0.0261,0.0237,0.0237,0.4528
22-JUL-2026,AHLWEST,560.00,560.00,0.0000,0.0727,0.0725,1.3851
22-JUL-2026,AIAENG,4626.50,4681.50,-0.0118,0.0180,0.0180,0.3439
22-JUL-2026,AIIL,542.40,558.65,-0.0295,0.0336,0.0336,0.6419
22-JUL-2026,AIRAN,15.22,15.40,-0.0118,0.0306,0.0305,0.5827
22-JUL-2026,AIROLAM,87.24,87.37,-0.0015,0.0273,0.0272,0.5197
22-JUL-2026,AJANTPHARM,3458.90,3575.40,-0.0331,0.0185,0.0186,0.3554
22-JUL-2026,AJAXENGG,575.25,588.80,-0.0233,0.0223,0.0223,0.4260
22-JUL-2026,AJMERA,124.18,125.78,-0.0128,0.0321,0.0320,0.6114
22-JUL-2026,AJOONI,4.04,4.24,-0.0483,0.0287,0.0289,0.5521
22-JUL-2026,AKASH,26.95,27.02,-0.0026,0.0318,0.0317,0.6056
22-JUL-2026,AKCAPIT,1784.80,1789.40,-0.0026,0.0215,0.0215,0.4108
22-JUL-2026,AKG,9.41,9.38,0.0032,0.0275,0.0274,0.5235
22-JUL-2026,AKI,4.50,4.60,-0.0220,0.0328,0.0327,0.6247
22-JUL-2026,AKSHAR,0.42,0.43,-0.0235,0.0282,0.0282,0.5388
22-JUL-2026,AKSHARCHEM,234.94,234.18,0.0032,0.0305,0.0304,0.5808
22-JUL-2026,AKSHOPTFBR,5.79,5.68,0.0192,0.0339,0.0339,0.6477
22-JUL-2026,AKUMS,696.35,695.05,0.0019,0.0218,0.0217,0.4146
22-JUL-2026,ALANKIT,7.93,7.84,0.0114,0.0242,0.0242,0.4623
22-JUL-2026,ALBERTDAVD,687.50,695.60,-0.0117,0.0219,0.0219,0.4184
22-JUL-2026,ALEMBICLTD,88.59,90.37,-0.0199,0.0210,0.0210,0.4012
22-JUL-2026,ALGOQUANT,66.83,65.16,0.0253,0.0228,0.0228,0.4356
22-JUL-2026,ALICON,647.85,626.40,0.0337,0.0242,0.0243,0.4643
22-JUL-2026,ALIVUS,1138.30,1145.40,-0.0062,0.0196,0.0195,0.3725
22-JUL-2026,ALKALI,78.33,82.00,-0.0458,0.0309,0.0310,0.5923
22-JUL-2026,ALKEM,5585.00,5681.50,-0.0171,0.0145,0.0145,0.2770
22-JUL-2026,ALKYLAMINE,1823.40,1836.90,-0.0074,0.0256,0.0255,0.4872
22-JUL-2026,ALLCARGO,8.05,8.17,-0.0148,0.0261,0.0261,0.4986
22-JUL-2026,ALLDIGI,853.65,825.20,0.0339,0.0206,0.0207,0.3955
22-JUL-2026,ALLTIME,231.44,241.22,-0.0414,0.0252,0.0253,0.4834
22-JUL-2026,ALMONDZ,13.00,13.00,0.0000,0.0323,0.0322,0.6152
22-JUL-2026,ALOKINDS,12.04,12.31,-0.0222,0.0246,0.0246,0.4700
22-JUL-2026,ALPA,66.62,67.64,-0.0152,0.0283,0.0283,0.5407
22-JUL-2026,ALPHA,51.76,52.08,-0.0062,0.0130,0.0130,0.2484
22-JUL-2026,ALPHAETF,25.93,26.14,-0.0081,0.0125,0.0125,0.2388
22-JUL-2026,ALPHAGEO,198.35,201.43,-0.0154,0.0283,0.0282,0.5388
22-JUL-2026,ALPINETEX,94.77,99.75,-0.0512,0.0000,0.0036,0.0688
22-JUL-2026,ALPL30IETF,27.97,28.05,-0.0029,0.0086,0.0086,0.1643
22-JUL-2026,AMAGI,611.85,590.90,0.0348,0.0217,0.0217,0.4146
22-JUL-2026,AMANTA,167.00,168.45,-0.0086,0.0217,0.0217,0.4146
22-JUL-2026,AMARVAN,10.00,10.00,0.0000,0.0000,0.0000,0.0000
22-JUL-2026,AMBALALSA,31.10,31.98,-0.0279,0.0319,0.0319,0.6094
22-JUL-2026,AMBER,7478.50,7622.00,-0.0190,0.0285,0.0285,0.5445
22-JUL-2026,AMBICAAGAR,24.68,25.36,-0.0272,0.0235,0.0235,0.4490
22-JUL-2026,AMBIKCO,1709.80,1723.00,-0.0077,0.0210,0.0210,0.4012
22-JUL-2026,AMBUJACEM,430.80,440.85,-0.0231,0.0186,0.0187,0.3573
22-JUL-2026,AMDIND,46.79,44.70,0.0457,0.0296,0.0297,0.5674
22-JUL-2026,AMJLAND,36.98,36.92,0.0016,0.0273,0.0273,0.5216
22-JUL-2026,AMNPLST,194.20,193.34,0.0044,0.0314,0.0313,0.5980
22-JUL-2026,AMRITINDIA,1625.80,1625.80,0.0000,0.0012,0.0012,0.0229
22-JUL-2026,AMRUTANJAN,529.10,538.60,-0.0178,0.0178,0.0178,0.3401
22-JUL-2026,ANANDRATHI,2079.70,2091.20,-0.0055,0.0167,0.0167,0.3191
22-JUL-2026,ANANTAM,105.40,105.44,-0.0004,0.0049,0.0049,0.0936
22-JUL-2026,ANANTRAJ,616.35,608.85,0.0122,0.0311,0.0311,0.5942
22-JUL-2026,ANDHRAPAP,60.37,60.07,0.0050,0.0176,0.0175,0.3343
22-JUL-2026,ANDHRSUGAR,84.12,84.09,0.0004,0.0234,0.0234,0.4471
22-JUL-2026,ANGELONE,312.40,321.90,-0.0300,0.0282,0.0282,0.5388
22-JUL-2026,ANIKINDS,41.97,42.43,-0.0109,0.0297,0.0296,0.5655
22-JUL-2026,ANKITMETAL,1.46,1.50,-0.0270,0.0269,0.0269,0.5139
22-JUL-2026,ANMOL,10.09,10.63,-0.0521,0.0270,0.0272,0.5197
22-JUL-2026,ANSALAPI,3.64,3.57,0.0194,0.0500,0.0499,0.9533
22-JUL-2026,ANTELOPUS,881.20,868.45,0.0146,0.0380,0.0379,0.7241
22-JUL-2026,ANTGRAPHIC,0.75,0.76,-0.0132,0.0298,0.0297,0.5674
22-JUL-2026,ANTHEM,778.90,791.55,-0.0161,0.0156,0.0156,0.2980
22-JUL-2026,ANUHPHR,80.67,80.04,0.0078,0.0230,0.0229,0.4375
22-JUL-2026,ANUP,2087.90,2139.40,-0.0244,0.0291,0.0291,0.5560
22-JUL-2026,ANURAS,1251.20,1266.40,-0.0121,0.0165,0.0165,0.3152
22-JUL-2026,ANZEN,130.00,130.00,0.0000,0.0136,0.0135,0.2579
22-JUL-2026,AONEGOLD,13.44,13.28,0.0120,0.0161,0.0160,0.3057
22-JUL-2026,AONELIQUID,1069.22,1069.07,0.0001,0.0002,0.0002,0.0038
22-JUL-2026,AONENIFTY,9.91,9.95,-0.0040,0.0073,0.0073,0.1395
22-JUL-2026,AONESILVER,8.51,8.48,0.0035,0.0167,0.0166,0.3171
22-JUL-2026,AONETMMQ50,10.09,10.11,-0.0020,0.0091,0.0091,0.1739
22-JUL-2026,AONETOTAL,11.79,11.89,-0.0084,0.0082,0.0082,0.1567
22-JUL-2026,APARINDS,13630.00,13839.00,-0.0152,0.0298,0.0297,0.5674
22-JUL-2026,APCL,104.84,103.99,0.0081,0.0265,0.0265,0.5063
22-JUL-2026,APCOTEXIND,555.10,558.30,-0.0057,0.0244,0.0244,0.4662
22-JUL-2026,APEX,392.20,402.00,-0.0247,0.0368,0.0367,0.7012
22-JUL-2026,APLAPOLLO,1822.90,1819.60,0.0018,0.0177,0.0177,0.3382
22-JUL-2026,APLLTD,812.25,833.60,-0.0259,0.0198,0.0198,0.3783
22-JUL-2026,APOLLO,404.85,390.55,0.0360,0.0374,0.0374,0.7145
22-JUL-2026,APOLLOHOSP,8938.00,8925.50,0.0014,0.0124,0.0124,0.2369
22-JUL-2026,APOLLOPIPE,490.80,493.60,-0.0057,0.0288,0.0288,0.5502
22-JUL-2026,APOLLOTYRE,426.60,428.50,-0.0044,0.0183,0.0183,0.3496
22-JUL-2026,APOLSINHOT,1196.60,1211.20,-0.0121,0.0259,0.0258,0.4929
22-JUL-2026,APTECHT,92.07,93.01,-0.0102,0.0290,0.0290,0.5540
22-JUL-2026,APTUS,294.65,301.05,-0.0215,0.0208,0.0208,0.3974
22-JUL-2026,AQYLON,28.90,30.08,-0.0400,0.0360,0.0360,0.6878
22-JUL-2026,ARCHIDPLY,79.19,79.77,-0.0073,0.0276,0.0276,0.5273
22-JUL-2026,ARCHIES,13.77,14.27,-0.0357,0.0288,0.0289,0.5521
22-JUL-2026,ARE&M,902.15,904.95,-0.0031,0.0208,0.0208,0.3974
22-JUL-2026,ARENTERP,41.22,33.96,0.1937,0.0368,0.0391,0.7470
22-JUL-2026,ARFIN,88.59,86.61,0.0226,0.0281,0.0280,0.5349
22-JUL-2026,ARIES,340.00,340.00,0.0000,0.0265,0.0265,0.5063
22-JUL-2026,ARIHANT,908.50,914.95,-0.0071,0.0303,0.0302,0.5770
22-JUL-2026,ARIHANTCAP,77.12,78.50,-0.0177,0.0316,0.0316,0.6037
22-JUL-2026,ARIHANTSUP,259.15,260.20,-0.0040,0.0270,0.0270,0.5158
22-JUL-2026,ARIS,118.17,118.94,-0.0065,0.0285,0.0284,0.5426
22-JUL-2026,ARKADE,140.40,137.06,0.0241,0.0228,0.0228,0.4356
22-JUL-2026,ARMANFIN,1936.50,1985.30,-0.0249,0.0275,0.0275,0.5254
22-JUL-2026,AROGRANITE,24.74,25.28,-0.0216,0.0278,0.0277,0.5292
22-JUL-2026,ARROWGREEN,713.45,702.90,0.0149,0.0349,0.0348,0.6649
22-JUL-2026,ARSHIYA,0.99,1.00,-0.0101,0.0309,0.0309,0.5903
22-JUL-2026,ARSSBL,517.60,520.65,-0.0059,0.0224,0.0223,0.4260
22-JUL-2026,ARTEMISMED,273.45,277.05,-0.0131,0.0236,0.0236,0.4509
22-JUL-2026,ARTNIRMAN,38.85,40.00,-0.0292,0.0347,0.0347,0.6629
22-JUL-2026,ARVEE,155.18,155.36,-0.0012,0.0366,0.0365,0.6973
22-JUL-2026,ARVIND,522.35,530.60,-0.0157,0.0255,0.0255,0.4872
22-JUL-2026,ARVINDFASN,474.95,471.05,0.0082,0.0230,0.0229,0.4375
22-JUL-2026,ARVSMART,600.00,589.45,0.0177,0.0229,0.0228,0.4356
22-JUL-2026,ASAHIINDIA,886.50,893.90,-0.0083,0.0224,0.0223,0.4260
22-JUL-2026,ASAHISONG,299.40,268.70,0.1082,0.0305,0.0314,0.5999
22-JUL-2026,ASAL,546.45,551.55,-0.0093,0.0287,0.0286,0.5464
22-JUL-2026,ASALCBR,784.45,796.75,-0.0156,0.0279,0.0278,0.5311
22-JUL-2026,ASHAPURMIN,676.75,686.70,-0.0146,0.0349,0.0348,0.6649
22-JUL-2026,ASHIANA,382.35,395.35,-0.0334,0.0228,0.0228,0.4356
22-JUL-2026,ASHIKA,396.80,394.40,0.0061,0.0248,0.0248,0.4738
22-JUL-2026,ASHIMASYN,17.89,18.73,-0.0459,0.0368,0.0369,0.7050
22-JUL-2026,ASHOKA,122.44,124.39,-0.0158,0.0259,0.0259,0.4948
22-JUL-2026,ASHOKAMET,14.11,14.46,-0.0245,0.0252,0.0252,0.4814
22-JUL-2026,ASHOKLEY,152.49,153.94,-0.0095,0.0229,0.0228,0.4356
22-JUL-2026,ASIANENE,350.65,350.75,-0.0003,0.0312,0.0312,0.5961
22-JUL-2026,ASIANHOTNR,308.60,294.65,0.0463,0.0286,0.0287,0.5483
22-JUL-2026,ASIANPAINT,2692.80,2692.40,0.0001,0.0146,0.0146,0.2789
22-JUL-2026,ASIANTILES,43.42,44.98,-0.0353,0.0285,0.0286,0.5464
22-JUL-2026,ASKAUTOLTD,485.30,485.00,0.0006,0.0204,0.0204,0.3897
22-JUL-2026,ASMS,7.10,7.12,-0.0028,0.0349,0.0349,0.6668
22-JUL-2026,ASPINWALL,251.26,251.86,-0.0024,0.0267,0.0266,0.5082
22-JUL-2026,ASTAR,615.00,622.90,-0.0128,0.0281,0.0281,0.5368
22-JUL-2026,ASTEC,672.75,678.50,-0.0085,0.0338,0.0338,0.6457
22-JUL-2026,ASTERDM,799.50,813.45,-0.0173,0.0194,0.0194,0.3706
22-JUL-2026,ASTRAL,1430.80,1415.10,0.0110,0.0192,0.0192,0.3668
22-JUL-2026,ASTRAMICRO,1757.10,1747.20,0.0057,0.0263,0.0263,0.5025
22-JUL-2026,ASTRAZEN,8031.00,8088.50,-0.0071,0.0187,0.0186,0.3554
22-JUL-2026,ASTRON,4.10,3.92,0.0449,0.0284,0.0285,0.5445
22-JUL-2026,ATALREAL,30.29,30.41,-0.0040,0.0286,0.0285,0.5445
22-JUL-2026,ATAM,67.29,67.80,-0.0076,0.0286,0.0285,0.5445
22-JUL-2026,ATGL,681.65,700.35,-0.0271,0.0297,0.0297,0.5674
22-JUL-2026,ATHERENERG,1268.20,1288.40,-0.0158,0.0263,0.0262,0.5006
22-JUL-2026,ATL,23.23,23.91,-0.0289,0.0275,0.0275,0.5254
22-JUL-2026,ATLANTAA,36.75,37.33,-0.0157,0.0371,0.0370,0.7069
22-JUL-2026,ATLANTAELE,1613.90,1654.90,-0.0251,0.0282,0.0282,0.5388
22-JUL-2026,ATLASCYCLE,98.45,99.50,-0.0106,0.0355,0.0354,0.6763
22-JUL-2026,ATUL,6137.50,6191.50,-0.0088,0.0167,0.0167,0.3191
22-JUL-2026,ATULAUTO,478.90,483.75,-0.0101,0.0271,0.0270,0.5158
22-JUL-2026,AUBANK,980.20,1003.30,-0.0233,0.0193,0.0193,0.3687
22-JUL-2026,AURIONPRO,827.15,836.75,-0.0115,0.0304,0.0303,0.5789
22-JUL-2026,AUROPHARMA,1533.60,1579.80,-0.0297,0.0173,0.0174,0.3324
22-JUL-2026,AURUM,227.82,228.35,-0.0023,0.0254,0.0253,0.4834
22-JUL-2026,AURUS,4.92,4.78,0.0289,0.0314,0.0314,0.5999
22-JUL-2026,AUSOMENT,128.02,128.02,0.0000,0.0330,0.0329,0.6286
22-JUL-2026,AUTOAXLES,1820.10,1835.00,-0.0082,0.0193,0.0193,0.3687
22-JUL-2026,AUTOBEES,281.82,281.50,0.0011,0.0131,0.0130,0.2484
22-JUL-2026,AUTOIETF,28.22,28.22,0.0000,0.0132,0.0131,0.2503
22-JUL-2026,AUTOIND,83.37,86.40,-0.0357,0.0329,0.0329,0.6286
22-JUL-2026,AVADHSUGAR,544.40,552.25,-0.0143,0.0249,0.0249,0.4757
22-JUL-2026,AVALON,1743.70,1743.00,0.0004,0.0322,0.0321,0.6133
22-JUL-2026,AVANTEL,164.77,171.01,-0.0372,0.0296,0.0297,0.5674
22-JUL-2026,AVANTIFEED,992.95,1002.70,-0.0098,0.0330,0.0329,0.6286
22-JUL-2026,AVG,204.32,201.50,0.0139,0.0351,0.0351,0.6706
22-JUL-2026,AVL,635.35,641.70,-0.0099,0.0232,0.0232,0.4432
22-JUL-2026,AVONMORE,9.70,9.69,0.0010,0.0315,0.0315,0.6018
22-JUL-2026,AVROIND,8.90,9.29,-0.0429,0.0332,0.0333,0.6362
22-JUL-2026,AVTNPL,69.58,69.43,0.0022,0.0200,0.0199,0.3802
22-JUL-2026,AWFIS,284.10,290.25,-0.0214,0.0286,0.0286,0.5464
22-JUL-2026,AWHCL,437.70,445.25,-0.0171,0.0286,0.0286,0.5464
22-JUL-2026,AWL,189.90,193.93,-0.0210,0.0207,0.0207,0.3955
22-JUL-2026,AXISBANK,1238.40,1258.20,-0.0159,0.0155,0.0155,0.2961
22-JUL-2026,AXISCADES,1545.90,1575.50,-0.0190,0.0321,0.0321,0.6133
22-JUL-2026,AXITA,7.36,7.41,-0.0068,0.0201,0.0200,0.3821
22-JUL-2026,AYE,177.24,189.14,-0.0650,0.0274,0.0277,0.5292
22-JUL-2026,AYMSYNTEX,236.95,234.38,0.0109,0.0300,0.0299,0.5712
22-JUL-2026,AZAD,2326.70,2378.60,-0.0221,0.0273,0.0273,0.5216
22-JUL-2026,BAFNAPH,237.95,233.29,0.0198,0.0346,0.0345,0.6591
22-JUL-2026,BAGFILMS,4.49,4.53,-0.0089,0.0296,0.0296,0.5655
22-JUL-2026,BAGMANE,104.66,104.91,-0.0024,0.0013,0.0013,0.0248
22-JUL-2026,BAIDFIN,9.86,9.85,0.0010,0.0282,0.0281,0.5368
22-JUL-2026,BAJAJ-AUTO,10998.50,10403.50,0.0556,0.0152,0.0156,0.2980
22-JUL-2026,BAJAJCON,529.60,525.25,0.0082,0.0300,0.0300,0.5731
22-JUL-2026,BAJAJELEC,330.15,333.15,-0.0090,0.0199,0.0198,0.3783
22-JUL-2026,BAJAJFINSV,1876.50,1900.60,-0.0128,0.0153,0.0153,0.2923
22-JUL-2026,BAJAJHCARE,323.30,369.35,-0.1332,0.0306,0.0319,0.6094
22-JUL-2026,BAJAJHFL,85.46,86.17,-0.0083,0.0154,0.0153,0.2923
22-JUL-2026,BAJAJHIND,17.03,17.35,-0.0186,0.0251,0.0251,0.4795
22-JUL-2026,BAJAJHLDNG,10425.00,10446.00,-0.0020,0.0192,0.0192,0.3668
22-JUL-2026,BAJAJINDEF,234.65,229.95,0.0202,0.0297,0.0297,0.5674
22-JUL-2026,BAJAJST,393.05,396.30,-0.0082,0.0326,0.0325,0.6209
22-JUL-2026,BAJEL,184.59,177.06,0.0416,0.0286,0.0287,0.5483
22-JUL-2026,BAJFINANCE,1060.30,1069.00,-0.0082,0.0182,0.0181,0.3458
22-JUL-2026,BALAJEE,27.99,28.20,-0.0075,0.0257,0.0257,0.4910
22-JUL-2026,BALAJITELE,85.08,86.65,-0.0183,0.0342,0.0341,0.6515
22-JUL-2026,BALAMINES,2380.60,2366.50,0.0059,0.0332,0.0331,0.6324
22-JUL-2026,BALAXI,24.00,23.58,0.0177,0.0307,0.0306,0.5846
22-JUL-2026,BALKRISHNA,17.53,17.69,-0.0091,0.0285,0.0284,0.5426
22-JUL-2026,BALKRISIND,2014.70,2037.60,-0.0113,0.0200,0.0200,0.3821
22-JUL-2026,BALMLAWRIE,176.50,178.57,-0.0117,0.0192,0.0192,0.3668
22-JUL-2026,BALPHARMA,87.79,89.25,-0.0165,0.0281,0.0280,0.5349
22-JUL-2026,BALRAMCHIN,624.70,617.85,0.0110,0.0212,0.0212,0.4050
22-JUL-2026,BALUFORGE,428.15,441.30,-0.0303,0.0324,0.0324,0.6190
22-JUL-2026,BANARBEADS,111.04,115.18,-0.0366,0.0278,0.0278,0.5311
22-JUL-2026,BANARISUG,3476.60,3475.00,0.0005,0.0135,0.0135,0.2579
22-JUL-2026,BANCOINDIA,635.20,650.20,-0.0233,0.0310,0.0309,0.5903
22-JUL-2026,BANDHANBNK,173.50,208.82,-0.1853,0.0243,0.0276,0.5273
22-JUL-2026,BANG,28.54,28.74,-0.0070,0.0335,0.0334,0.6381
22-JUL-2026,BANK10ADD,16.99,17.21,-0.0129,0.0104,0.0104,0.1987
22-JUL-2026,BANK10BETF,20.95,21.25,-0.0142,0.0000,0.0010,0.0191
22-JUL-2026,BANKA,85.78,89.25,-0.0397,0.0309,0.0310,0.5923
22-JUL-2026,BANKADD,58.42,59.30,-0.0150,0.0170,0.0170,0.3248
22-JUL-2026,BANKBARODA,245.75,247.70,-0.0079,0.0189,0.0188,0.3592
22-JUL-2026,BANKBEES,592.24,599.53,-0.0122,0.0105,0.0105,0.2006
22-JUL-2026,BANKBETA,59.13,59.85,-0.0121,0.0115,0.0115,0.2197
22-JUL-2026,BANKBETF,58.09,58.90,-0.0138,0.0107,0.0107,0.2044
22-JUL-2026,BANKETF,582.68,589.47,-0.0116,0.0106,0.0106,0.2025
22-JUL-2026,BANKIETF,58.75,59.44,-0.0117,0.0104,0.0104,0.1987
22-JUL-2026,BANKINDIA,143.99,147.10,-0.0214,0.0218,0.0218,0.4165
22-JUL-2026,BANKNIFTY1,59.18,59.99,-0.0136,0.0108,0.0108,0.2063
22-JUL-2026,BANKPSU,84.67,86.16,-0.0174,0.0149,0.0149,0.2847
22-JUL-2026,BANSALWIRE,314.90,333.40,-0.0571,0.0239,0.0242,0.4623
22-JUL-2026,BANSWRAS,130.51,133.29,-0.0211,0.0256,0.0256,0.4891
22-JUL-2026,BASF,3764.80,3833.80,-0.0182,0.0213,0.0213,0.4069
22-JUL-2026,BASML,27.00,27.35,-0.0129,0.0306,0.0305,0.5827
22-JUL-2026,BATAINDIA,694.35,698.90,-0.0065,0.0198,0.0197,0.3764
22-JUL-2026,BATLIBOI,88.23,90.75,-0.0282,0.0335,0.0335,0.6400
22-JUL-2026,BAYERCROP,4286.20,4351.40,-0.0151,0.0159,0.0159,0.3038
22-JUL-2026,BBETF0432,1352.88,1348.53,0.0032,0.0024,0.0024,0.0459
22-JUL-2026,BBL,2554.00,2668.90,-0.0440,0.0265,0.0266,0.5082
22-JUL-2026,BBNPNBETF,57.70,58.15,-0.0078,0.0150,0.0149,0.2847
22-JUL-2026,BBNPPGOLD,140.00,137.80,0.0158,0.0188,0.0188,0.3592
22-JUL-2026,BBOX,780.90,811.55,-0.0385,0.0294,0.0294,0.5617
22-JUL-2026,BBTC,1496.60,1491.40,0.0035,0.0214,0.0213,0.4069
22-JUL-2026,BBTCL,212.82,213.74,-0.0043,0.0260,0.0260,0.4967
22-JUL-2026,BCG,9.50,9.60,-0.0105,0.0410,0.0409,0.7814
22-JUL-2026,BCLIND,34.87,34.93,-0.0017,0.0271,0.0270,0.5158
22-JUL-2026,BCONCEPTS,187.91,185.76,0.0115,0.0344,0.0344,0.6572
22-JUL-2026,BCPL,69.81,70.49,-0.0097,0.0280,0.0279,0.5330
22-JUL-2026,BDL,1249.50,1273.20,-0.0188,0.0260,0.0260,0.4967
22-JUL-2026,BEARDSELL,27.44,27.41,0.0011,0.0318,0.0317,0.6056
22-JUL-2026,BECTORFOOD,207.07,211.30,-0.0202,0.0256,0.0256,0.4891
22-JUL-2026,BEDMUTHA,108.90,108.12,0.0072,0.0258,0.0257,0.4910
22-JUL-2026,BEEKAY,400.80,401.65,-0.0021,0.0266,0.0265,0.5063
22-JUL-2026,BEL,406.75,410.05,-0.0081,0.0179,0.0179,0.3420
22-JUL-2026,BELLACASA,239.20,243.50,-0.0178,0.0325,0.0324,0.6190
22-JUL-2026,BELRISE,232.30,236.76,-0.0190,0.0215,0.0215,0.4108
22-JUL-2026,BEML,1736.50,1786.30,-0.0283,0.0272,0.0272,0.5197
22-JUL-2026,BENGALASM,6202.50,6242.50,-0.0064,0.0171,0.0171,0.3267
22-JUL-2026,BEPL,120.06,123.44,-0.0278,0.0235,0.0236,0.4509
22-JUL-2026,BERGEPAINT,496.45,506.40,-0.0198,0.0179,0.0179,0.3420
22-JUL-2026,BESTAGRO,15.19,15.51,-0.0208,0.0328,0.0327,0.6247
22-JUL-2026,BETA,2314.70,2478.40,-0.0683,0.0297,0.0300,0.5731
22-JUL-2026,BFINVEST,457.80,467.85,-0.0217,0.0256,0.0256,0.4891
22-JUL-2026,BFSI,27.20,27.58,-0.0139,0.0111,0.0112,0.2140
22-JUL-2026,BFUTILITIE,586.10,605.20,-0.0321,0.0309,0.0309,0.5903
22-JUL-2026,BGRENERGY,284.30,284.85,-0.0019,0.0338,0.0337,0.6438
22-JUL-2026,BHAGCHEM,263.85,272.70,-0.0330,0.0281,0.0281,0.5368
22-JUL-2026,BHAGERIA,217.34,212.78,0.0212,0.0305,0.0305,0.5827
22-JUL-2026,BHAGYANGR,385.15,378.85,0.0165,0.0379,0.0379,0.7241
22-JUL-2026,BHANDARI,2.91,2.93,-0.0068,0.0310,0.0310,0.5923
22-JUL-2026,BHARATCOAL,34.92,37.51,-0.0715,0.0204,0.0210,0.4012
22-JUL-2026,BHARATFORG,2185.50,2201.80,-0.0074,0.0196,0.0195,0.3725
22-JUL-2026,BHARATGEAR,120.96,121.68,-0.0059,0.0311,0.0311,0.5942
22-JUL-2026,BHARATRAS,1282.60,1321.90,-0.0302,0.0273,0.0273,0.5216
22-JUL-2026,BHARATSE,219.07,221.48,-0.0109,0.0370,0.0369,0.7050
22-JUL-2026,BHARATWIRE,195.30,199.61,-0.0218,0.0333,0.0332,0.6343
22-JUL-2026,BHARTIARTL,1949.00,1948.40,0.0003,0.0131,0.0130,0.2484
22-JUL-2026,BHARTIHEXA,1635.20,1651.00,-0.0096,0.0192,0.0191,0.3649
22-JUL-2026,BHEL,416.45,413.30,0.0076,0.0247,0.0246,0.4700
22-JUL-2026,BI,60.52,61.44,-0.0151,0.0312,0.0312,0.5961
22-JUL-2026,BIGBLOC,47.01,47.18,-0.0036,0.0332,0.0331,0.6324
22-JUL-2026,BIKAJI,636.20,644.15,-0.0124,0.0172,0.0172,0.3286
22-JUL-2026,BIL,741.35,740.25,0.0015,0.0291,0.0291,0.5560
22-JUL-2026,BILVYAPAR,4.11,4.12,-0.0024,0.0312,0.0311,0.5942
22-JUL-2026,BIMETAL,650.30,663.20,-0.0196,0.0232,0.0232,0.4432
22-JUL-2026,BIOCON,437.95,440.30,-0.0054,0.0185,0.0185,0.3534
22-JUL-2026,BIOFILCHEM,33.42,33.68,-0.0077,0.0313,0.0313,0.5980
22-JUL-2026,BIRET,342.07,340.99,0.0032,0.0105,0.0105,0.2006
22-JUL-2026,BIRLACABLE,192.37,185.42,0.0368,0.0333,0.0333,0.6362
22-JUL-2026,BIRLACORPN,993.20,1009.30,-0.0161,0.0225,0.0225,0.4299
22-JUL-2026,BIRLAMONEY,134.81,133.93,0.0065,0.0286,0.0285,0.5445
22-JUL-2026,BIRLANU,1341.20,1346.70,-0.0041,0.0250,0.0249,0.4757
22-JUL-2026,BIRLAPREC,34.58,34.80,-0.0063,0.0356,0.0355,0.6782
22-JUL-2026,BIUL,52.35,52.35,0.0000,0.0321,0.0321,0.6133
22-JUL-2026,BLACKBUCK,558.85,574.65,-0.0279,0.0256,0.0256,0.4891
22-JUL-2026,BLACKROSE,96.42,98.19,-0.0182,0.0293,0.0293,0.5598
22-JUL-2026,BLAL,177.92,178.98,-0.0059,0.0201,0.0201,0.3840
22-JUL-2026,BLBLIMITED,15.67,16.12,-0.0283,0.0293,0.0293,0.5598
22-JUL-2026,BLIL,70.00,70.41,-0.0058,0.0151,0.0151,0.2885
22-JUL-2026,BLISSGVS,448.10,467.60,-0.0426,0.0368,0.0368,0.7031
22-JUL-2026,BLKASHYAP,54.82,56.39,-0.0282,0.0303,0.0303,0.5789
22-JUL-2026,BLS,230.60,235.15,-0.0195,0.0285,0.0284,0.5426
22-JUL-2026,BLSE,260.09,268.45,-0.0316,0.0270,0.0270,0.5158
22-JUL-2026,BLUECHIP,1.97,2.01,-0.0201,0.0687,0.0686,1.3106
22-JUL-2026,BLUECOAST,25.33,28.00,-0.1002,0.0502,0.0506,0.9667
22-JUL-2026,BLUEDART,4811.90,4869.90,-0.0120,0.0183,0.0182,0.3477
22-JUL-2026,BLUEJET,585.40,589.50,-0.0070,0.0314,0.0313,0.5980
22-JUL-2026,BLUESTARCO,1660.70,1702.80,-0.0250,0.0213,0.0213,0.4069
22-JUL-2026,BLUESTONE,776.05,728.60,0.0631,0.0265,0.0269,0.5139
22-JUL-2026,BLUSPRING,108.02,108.12,-0.0009,0.0325,0.0325,0.6209
22-JUL-2026,BMWVENTLTD,56.68,57.63,-0.0166,0.0192,0.0192,0.3668
22-JUL-2026,BNAGROCHEM,267.65,276.50,-0.0325,0.0357,0.0357,0.6820
22-JUL-2026,BNALTD,490.25,517.50,-0.0541,0.0390,0.0391,0.7470
22-JUL-2026,BNKETFAXIS,589.30,595.92,-0.0112,0.0106,0.0106,0.2025
22-JUL-2026,BODALCHEM,65.33,65.50,-0.0026,0.0275,0.0274,0.5235
22-JUL-2026,BOHRAIND,13.08,13.22,-0.0106,0.0296,0.0295,0.5636
22-JUL-2026,BOMDYEING,120.42,123.37,-0.0242,0.0272,0.0272,0.5197
22-JUL-2026,BONLON,42.08,41.18,0.0216,0.0369,0.0368,0.7031
22-JUL-2026,BORANA,327.25,328.25,-0.0031,0.0230,0.0229,0.4375
22-JUL-2026,BOROLTD,237.45,238.96,-0.0063,0.0248,0.0247,0.4719
22-JUL-2026,BORORENEW,592.05,596.50,-0.0075,0.0273,0.0272,0.5197
22-JUL-2026,BOROSCI,156.98,160.82,-0.0242,0.0271,0.0271,0.5177
22-JUL-2026,BOSCH-HCIL,1320.20,1341.20,-0.0158,0.0229,0.0229,0.4375
22-JUL-2026,BOSCHLTD,41560.00,40870.00,0.0167,0.0174,0.0174,0.3324
22-JUL-2026,BPCL,314.00,319.35,-0.0169,0.0194,0.0194,0.3706
22-JUL-2026,BPL,54.25,54.59,-0.0062,0.0327,0.0326,0.6228
22-JUL-2026,BRIGADE,545.20,568.20,-0.0413,0.0230,0.0231,0.4413
22-JUL-2026,BRIGHOTEL,60.61,62.43,-0.0296,0.0131,0.0133,0.2541
22-JUL-2026,BRITANNIA,5485.50,5482.00,0.0006,0.0128,0.0128,0.2445
22-JUL-2026,BRNL,17.38,17.49,-0.0063,0.0282,0.0281,0.5368
22-JUL-2026,BROOKS,66.77,66.37,0.0060,0.0410,0.0409,0.7814
22-JUL-2026,BSE,3632.20,3664.00,-0.0087,0.0283,0.0282,0.5388
22-JUL-2026,BSE500IETF,39.17,39.45,-0.0071,0.0091,0.0091,0.1739
22-JUL-2026,BSHSL,88.74,86.74,0.0228,0.0305,0.0304,0.5808
22-JUL-2026,BSL,125.10,126.02,-0.0073,0.0292,0.0292,0.5579
22-JUL-2026,BSLGOLDETF,126.56,125.05,0.0120,0.0174,0.0174,0.3324
22-JUL-2026,BSLNIFTY,28.15,28.34,-0.0067,0.0083,0.0083,0.1586
22-JUL-2026,BSLSENETFG,77.38,77.90,-0.0067,0.0092,0.0092,0.1758
22-JUL-2026,BSOFT,282.55,285.80,-0.0114,0.0239,0.0238,0.4547
22-JUL-2026,BTML,6.00,6.07,-0.0116,0.0320,0.0319,0.6094
22-JUL-2026,BTTL,49.84,47.51,0.0479,0.0388,0.0389,0.7432
22-JUL-2026,BUILDPRO,1211.80,1235.40,-0.0193,0.0263,0.0263,0.5025
22-JUL-2026,BUTTERFLY,759.85,757.45,0.0032,0.0262,0.0261,0.4986
22-JUL-2026,BVCL,41.31,41.46,-0.0036,0.0338,0.0337,0.6438
22-JUL-2026,BYKE,32.74,32.50,0.0074,0.0326,0.0325,0.6209
22-JUL-2026,CALSOFT,22.25,23.01,-0.0336,0.0382,0.0382,0.7298
22-JUL-2026,CAMLINFINE,121.45,123.89,-0.0199,0.0361,0.0361,0.6897
22-JUL-2026,CAMPUS,221.34,223.16,-0.0082,0.0189,0.0189,0.3611
22-JUL-2026,CAMS,773.00,767.25,0.0075,0.0209,0.0209,0.3993
22-JUL-2026,CANBK,126.45,127.52,-0.0084,0.0200,0.0200,0.3821
22-JUL-2026,CANFINHOME,819.80,832.50,-0.0154,0.0183,0.0183,0.3496
22-JUL-2026,CANHLIFE,151.43,154.61,-0.0208,0.0151,0.0151,0.2885
22-JUL-2026,CANTABIL,248.51,250.96,-0.0098,0.0243,0.0242,0.4623
22-JUL-2026,CAPACITE,217.05,225.40,-0.0377,0.0291,0.0291,0.5560
22-JUL-2026,CAPFIN,10.00,10.00,0.0000,0.0000,0.0000,0.0000
22-JUL-2026,CAPILLARY,480.00,478.50,0.0031,0.0188,0.0188,0.3592
22-JUL-2026,CAPINVIT,73.96,73.83,0.0018,0.0071,0.0071,0.1356
22-JUL-2026,CAPITALSFB,300.70,305.00,-0.0142,0.0175,0.0175,0.3343
22-JUL-2026,CAPLIPOINT,2480.60,2608.00,-0.0501,0.0230,0.0232,0.4432
22-JUL-2026,CAPTRUST,15.40,14.66,0.0492,0.0333,0.0334,0.6381
22-JUL-2026,CARBORUNIV,1068.80,1084.30,-0.0144,0.0213,0.0212,0.4050
22-JUL-2026,CARERATING,1674.50,1670.80,0.0022,0.0214,0.0214,0.4088
22-JUL-2026,CARRARO,544.25,554.90,-0.0194,0.0287,0.0287,0.5483
22-JUL-2026,CARTRADE,2809.70,2725.90,0.0303,0.0340,0.0339,0.6477
22-JUL-2026,CARYSIL,1150.80,1170.50,-0.0170,0.0299,0.0299,0.5712
22-JUL-2026,CASHIETF,1071.88,1071.74,0.0001,0.0002,0.0002,0.0038
22-JUL-2026,CASTLE,25.35,25.35,0.0000,0.0000,0.0000,0.0000
22-JUL-2026,CASTROLIND,185.79,184.78,0.0055,0.0144,0.0144,0.2751
22-JUL-2026,CCAVENUE,16.74,17.04,-0.0178,0.0251,0.0250,0.4776
22-JUL-2026,CCCL,16.01,16.54,-0.0326,0.0578,0.0577,1.1024
22-JUL-2026,CCHHL,12.74,12.59,0.0118,0.0263,0.0262,0.5006
22-JUL-2026,CCL,1203.20,1205.20,-0.0017,0.0220,0.0219,0.4184
22-JUL-2026,CDSL,1339.70,1364.90,-0.0186,0.0226,0.0226,0.4318
22-JUL-2026,CEATLTD,3345.50,3408.00,-0.0185,0.0247,0.0247,0.4719
22-JUL-2026,CEIGALL,339.10,342.05,-0.0087,0.0198,0.0198,0.3783
22-JUL-2026,CEINSYS,869.65,884.05,-0.0164,0.0350,0.0349,0.6668
22-JUL-2026,CELEBRITY,7.14,7.11,0.0042,0.0328,0.0327,0.6247
22-JUL-2026,CELLO,349.15,360.85,-0.0330,0.0186,0.0187,0.3573
22-JUL-2026,CEMPRO,1596.60,1639.60,-0.0266,0.0335,0.0335,0.6400
22-JUL-2026,CENTENKA,558.80,544.35,0.0262,0.0248,0.0248,0.4738
22-JUL-2026,CENTEXT,18.89,18.91,-0.0011,0.0327,0.0326,0.6228
22-JUL-2026,CENTRALBK,31.18,32.02,-0.0266,0.0219,0.0219,0.4184
22-JUL-2026,CENTRUM,23.20,23.83,-0.0268,0.0335,0.0335,0.6400
22-JUL-2026,CENTUM,3610.40,3712.40,-0.0279,0.0322,0.0322,0.6152
22-JUL-2026,CENTURYPLY,782.95,792.90,-0.0126,0.0184,0.0183,0.3496
22-JUL-2026,CERA,6105.50,6231.00,-0.0203,0.0196,0.0196,0.3745
22-JUL-2026,CEREBRAINT,3.05,3.06,-0.0033,0.0307,0.0306,0.5846
22-JUL-2026,CESC,164.44,165.06,-0.0038,0.0196,0.0196,0.3745
22-JUL-2026,CEWATER,300.25,308.65,-0.0276,0.0322,0.0321,0.6133
22-JUL-2026,CGCL,244.00,249.63,-0.0228,0.0244,0.0244,0.4662
22-JUL-2026,CGPOWER,912.85,914.25,-0.0015,0.0220,0.0220,0.4203
22-JUL-2026,CHALET,822.80,839.90,-0.0206,0.0191,0.0192,0.3668
22-JUL-2026,CHAMBLFERT,435.75,439.25,-0.0080,0.0202,0.0202,0.3859
22-JUL-2026,CHEMBOND,178.26,183.00,-0.0262,0.0308,0.0307,0.5865
22-JUL-2026,CHEMBONDCH,257.66,250.42,0.0285,0.0327,0.0326,0.6228
22-JUL-2026,CHEMCON,177.33,181.19,-0.0215,0.0279,0.0278,0.5311
22-JUL-2026,CHEMFAB,360.25,364.05,-0.0105,0.0286,0.0286,0.5464
22-JUL-2026,CHEMICAL,30.63,31.03,-0.0130,0.0097,0.0097,0.1853
22-JUL-2026,CHEMPLASTS,196.61,195.67,0.0048,0.0282,0.0282,0.5388
22-JUL-2026,CHENNPETRO,1307.80,1258.20,0.0387,0.0307,0.0308,0.5884
22-JUL-2026,CHEVIOT,1139.70,1144.20,-0.0039,0.0173,0.0173,0.3305
22-JUL-2026,CHOICEGOLD,143.01,141.20,0.0127,0.0142,0.0142,0.2713
22-JUL-2026,CHOICEIN,809.25,816.90,-0.0094,0.0204,0.0204,0.3897
22-JUL-2026,CHOLAFIN,1728.00,1758.80,-0.0177,0.0215,0.0215,0.4108
22-JUL-2026,CHOLAHLDNG,1527.10,1550.20,-0.0150,0.0242,0.0241,0.4604
22-JUL-2026,CIEINDIA,472.50,472.70,-0.0004,0.0186,0.0186,0.3554
22-JUL-2026,CIFL,20.91,21.05,-0.0067,0.0285,0.0285,0.5445
22-JUL-2026,CINELINE,78.24,77.69,0.0071,0.0256,0.0255,0.4872
22-JUL-2026,CINEVISTA,15.46,15.00,0.0302,0.0330,0.0330,0.6305
22-JUL-2026,CIPLA,1415.10,1432.50,-0.0122,0.0140,0.0140,0.2675
22-JUL-2026,CITIUSINVT,109.42,110.08,-0.0060,0.0028,0.0029,0.0554
22-JUL-2026,CITYGOLD,10.00,10.00,0.0000,0.0000,0.0000,0.0000
22-JUL-2026,CLEAN,737.85,756.50,-0.0250,0.0213,0.0213,0.4069
22-JUL-2026,CLEANMAX,1370.80,1365.30,0.0040,0.0223,0.0222,0.4241
22-JUL-2026,CLEDUCATE,58.07,58.01,0.0010,0.0334,0.0333,0.6362
22-JUL-2026,CLSEL,281.85,278.90,0.0105,0.0284,0.0284,0.5426
22-JUL-2026,CMPDI,259.27,264.71,-0.0208,0.0190,0.0190,0.3630
22-JUL-2026,CMRGREEN,218.10,221.65,-0.0161,0.0100,0.0100,0.1910
22-JUL-2026,CMSINFO,272.90,275.00,-0.0077,0.0181,0.0181,0.3458
22-JUL-2026,CNL,909.55,948.75,-0.0422,0.0267,0.0268,0.5120
22-JUL-2026,COALINDIA,428.40,431.25,-0.0066,0.0152,0.0151,0.2885
22-JUL-2026,COASTCORP,50.77,52.03,-0.0245,0.0346,0.0345,0.6591
22-JUL-2026,COCHINSHIP,1367.70,1405.30,-0.0271,0.0272,0.0272,0.5197
22-JUL-2026,COCKERILL,9026.00,9181.50,-0.0171,0.0363,0.0363,0.6935
22-JUL-2026,COFFEEDAY,30.63,31.16,-0.0172,0.0365,0.0364,0.6954
22-JUL-2026,COFORGE,1471.40,1494.00,-0.0152,0.0244,0.0243,0.4643
22-JUL-2026,COHANCE,438.15,445.65,-0.0170,0.0305,0.0305,0.5827
22-JUL-2026,COLPAL,2107.10,2092.90,0.0068,0.0156,0.0155,0.2961
22-JUL-2026,COMFINTE,5.50,5.50,0.0000,0.0301,0.0300,0.5731
22-JUL-2026,COMMOIETF,100.98,101.42,-0.0043,0.0104,0.0104,0.1987
22-JUL-2026,COMPINFO,1.15,1.15,0.0000,0.0308,0.0307,0.5865
22-JUL-2026,COMPUSOFT,13.16,13.56,-0.0299,0.0277,0.0277,0.5292
22-JUL-2026,COMSYN,182.00,188.47,-0.0349,0.0299,0.0300,0.5731
22-JUL-2026,CONCOR,481.40,491.65,-0.0211,0.0182,0.0182,0.3477
22-JUL-2026,CONCORDBIO,1283.70,1329.20,-0.0348,0.0261,0.0262,0.5006
22-JUL-2026,CONFIPET,74.74,75.65,-0.0121,0.0368,0.0367,0.7012
22-JUL-2026,CONS,12.14,12.13,0.0008,0.0101,0.0101,0.1930
22-JUL-2026,CONSOFINVT,290.91,277.97,0.0455,0.0252,0.0253,0.4834
22-JUL-2026,CONSUMAXIS,121.19,121.24,-0.0004,0.0100,0.0099,0.1891
22-JUL-2026,CONSUMBEES,131.35,131.14,0.0016,0.0091,0.0091,0.1739
22-JUL-2026,CONSUMER,11.72,11.82,-0.0085,0.0112,0.0111,0.2121
22-JUL-2026,CONSUMIETF,122.32,122.03,0.0024,0.0092,0.0092,0.1758
22-JUL-2026,CONTROLPR,656.80,639.10,0.0273,0.0233,0.0233,0.4451
22-JUL-2026,CORALFINAC,31.67,31.34,0.0105,0.0266,0.0265,0.5063
22-JUL-2026,CORDELIA,912.50,906.55,0.0065,0.0126,0.0126,0.2407
22-JUL-2026,CORDSCABLE,207.54,208.13,-0.0028,0.0314,0.0313,0.5980
22-JUL-2026,COROMANDEL,2039.20,2054.30,-0.0074,0.0205,0.0205,0.3917
22-JUL-2026,CORONA,2042.70,2090.20,-0.0230,0.0153,0.0153,0.2923
22-JUL-2026,COSMOFIRST,865.50,825.30,0.0476,0.0285,0.0287,0.5483
22-JUL-2026,COUNCODOS,6.55,6.40,0.0232,0.0357,0.0357,0.6820
22-JUL-2026,CPCAP,108.55,109.25,-0.0064,0.0259,0.0258,0.4929
22-JUL-2026,CPEDU,188.32,188.79,-0.0025,0.0262,0.0261,0.4986
22-JUL-2026,CPPLUS,3446.30,3491.10,-0.0129,0.0233,0.0232,0.4432
22-JUL-2026,CPSEETF,96.76,96.72,0.0004,0.0108,0.0108,0.2063
22-JUL-2026,CRAFTSMAN,9400.00,9403.50,-0.0004,0.0232,0.0232,0.4432
22-JUL-2026,CRAMC,266.81,252.23,0.0562,0.0202,0.0205,0.3917
22-JUL-2026,CREATIVEYE,6.05,5.95,0.0167,0.0368,0.0367,0.7012
22-JUL-2026,CRED,12.00,12.00,0.0000,0.0031,0.0031,0.0592
22-JUL-2026,CREDITACC,1488.90,1534.70,-0.0303,0.0263,0.0264,0.5044
22-JUL-2026,CREST,376.25,373.95,0.0061,0.0239,0.0238,0.4547
22-JUL-2026,CRISIL,4495.20,4302.40,0.0438,0.0184,0.0186,0.3554
22-JUL-2026,CRIZAC,185.50,189.11,-0.0193,0.0239,0.0239,0.4566
22-JUL-2026,CROMPTON,255.70,258.40,-0.0105,0.0184,0.0184,0.3515
22-JUL-2026,CROWN,115.89,114.52,0.0119,0.0316,0.0316,0.6037
22-JUL-2026,CSBBANK,345.25,370.00,-0.0692,0.0264,0.0268,0.5120
22-JUL-2026,CSLFINANCE,214.66,214.27,0.0018,0.0253,0.0252,0.4814
22-JUL-2026,CSM,98.14,102.69,-0.0453,0.0089,0.0095,0.1815
22-JUL-2026,CTE,32.39,31.29,0.0346,0.0329,0.0329,0.6286
22-JUL-2026,CUB,223.53,229.84,-0.0278,0.0224,0.0224,0.4280
22-JUL-2026,CUBEINVIT,154.37,154.37,0.0000,0.0102,0.0102,0.1949
22-JUL-2026,CUBEXTUB,78.04,78.74,-0.0089,0.0346,0.0346,0.6610
22-JUL-2026,CUMMINSIND,5588.00,5583.00,0.0009,0.0192,0.0191,0.3649
22-JUL-2026,CUPID,206.90,211.25,-0.0208,0.0350,0.0350,0.6687
22-JUL-2026,CURAA,71.00,73.32,-0.0322,0.0385,0.0385,0.7355
22-JUL-2026,CYBERMEDIA,15.00,15.67,-0.0437,0.0361,0.0362,0.6916
22-JUL-2026,CYBERTECH,144.57,143.77,0.0055,0.0328,0.0327,0.6247
22-JUL-2026,CYIENT,843.25,846.95,-0.0044,0.0217,0.0217,0.4146
22-JUL-2026,CYIENTDLM,698.15,623.00,0.1139,0.0262,0.0273,0.5216
22-JUL-2026,DABUR,426.50,426.10,0.0009,0.0147,0.0147,0.2808
22-JUL-2026,DAICHI,313.00,305.00,0.0259,0.0276,0.0276,0.5273
22-JUL-2026,DALBHARAT,1864.20,1864.20,0.0000,0.0180,0.0179,0.3420
22-JUL-2026,DALMIARF,182.00,182.00,0.0000,0.0022,0.0022,0.0420
22-JUL-2026,DALMIASUG,365.05,370.45,-0.0147,0.0256,0.0255,0.4872
22-JUL-2026,DAMCAPITAL,157.61,162.77,-0.0322,0.0278,0.0278,0.5311
22-JUL-2026,DAMODARIND,28.80,28.53,0.0094,0.0285,0.0284,0.5426
22-JUL-2026,DANGEE,3.04,3.05,-0.0033,0.0340,0.0340,0.6496
22-JUL-2026,DATAMATICS,833.30,827.80,0.0066,0.0293,0.0292,0.5579
22-JUL-2026,DATAPATTNS,4782.60,4243.80,0.1195,0.0322,0.0332,0.6343
22-JUL-2026,DAVANGERE,3.30,3.39,-0.0269,0.0290,0.0290,0.5540
22-JUL-2026,DBCORP,214.26,216.70,-0.0113,0.0210,0.0210,0.4012
22-JUL-2026,DBEIL,7.23,7.46,-0.0313,0.0291,0.0291,0.5560
22-JUL-2026,DBL,400.45,409.10,-0.0214,0.0231,0.0231,0.4413
22-JUL-2026,DBOL,103.67,106.11,-0.0233,0.0271,0.0271,0.5177
22-JUL-2026,DBREALTY,114.28,116.67,-0.0207,0.0345,0.0345,0.6591
22-JUL-2026,DBSTOCKBRO,33.40,34.96,-0.0456,0.0264,0.0265,0.5063
22-JUL-2026,DCAL,186.19,190.19,-0.0213,0.0346,0.0346,0.6610
22-JUL-2026,DCBBANK,188.65,190.22,-0.0083,0.0229,0.0229,0.4375
22-JUL-2026,DCI,265.20,272.60,-0.0275,0.0306,0.0306,0.5846
22-JUL-2026,DCM,92.07,96.91,-0.0512,0.0276,0.0278,0.5311
22-JUL-2026,DCMFINSERV,5.07,5.07,0.0000,0.0352,0.0351,0.6706
22-JUL-2026,DCMNVL,147.15,149.60,-0.0165,0.0297,0.0296,0.5655
22-JUL-2026,DCMSHRIRAM,1013.70,1038.10,-0.0238,0.0212,0.0212,0.4050
22-JUL-2026,DCMSIL,83.53,85.23,-0.0201,0.0286,0.0286,0.5464
22-JUL-2026,DCMSRIND,41.91,42.41,-0.0119,0.0266,0.0266,0.5082
22-JUL-2026,DCW,46.09,47.59,-0.0320,0.0299,0.0299,0.5712
22-JUL-2026,DCXINDIA,182.83,185.69,-0.0155,0.0309,0.0309,0.5903
22-JUL-2026,DDEVPLSTIK,278.65,286.55,-0.0280,0.0290,0.0290,0.5540
22-JUL-2026,DECCANCE,563.55,574.15,-0.0186,0.0252,0.0252,0.4814
22-JUL-2026,DECNGOLD,185.81,191.52,-0.0303,0.0413,0.0413,0.7890
22-JUL-2026,DEEDEV,666.85,678.80,-0.0178,0.0345,0.0344,0.6572
22-JUL-2026,DEEPAKFERT,1599.00,1606.70,-0.0048,0.0276,0.0276,0.5273
22-JUL-2026,DEEPAKNTR,1695.60,1708.40,-0.0075,0.0194,0.0193,0.3687
22-JUL-2026,DEEPINDS,469.50,470.55,-0.0022,0.0277,0.0276,0.5273
22-JUL-2026,DEFENCE,78.64,78.83,-0.0024,0.0101,0.0100,0.1910
22-JUL-2026,DELHISAFE,48.80,48.80,0.0000,0.0000,0.0000,0.0000
22-JUL-2026,DELHIVERY,467.55,484.75,-0.0361,0.0203,0.0204,0.3897
22-JUL-2026,DELPHIFX,6.84,6.52,0.0479,0.0397,0.0398,0.7604
22-JUL-2026,DELTACORP,62.87,63.46,-0.0093,0.0311,0.0311,0.5942
22-JUL-2026,DELTAMAGNT,58.17,58.15,0.0003,0.0305,0.0304,0.5808
22-JUL-2026,DEN,27.40,27.16,0.0088,0.0232,0.0232,0.4432
22-JUL-2026,DENIMDL,1.10,1.10,0.0000,0.0000,0.0000,0.0000
22-JUL-2026,DENORA,863.80,885.25,-0.0245,0.0289,0.0289,0.5521
22-JUL-2026,DENTA,332.45,347.75,-0.0450,0.0310,0.0310,0.5923
22-JUL-2026,DEVIT,26.70,26.78,-0.0030,0.0340,0.0339,0.6477
22-JUL-2026,DEVRUPTRAD,10.00,10.00,0.0000,0.0000,0.0000,0.0000
22-JUL-2026,DEVX,34.08,34.13,-0.0015,0.0220,0.0220,0.4203
22-JUL-2026,DEVYANI,110.63,110.83,-0.0018,0.0231,0.0231,0.4413
22-JUL-2026,DEWANHOUS,16.70,16.70,0.0000,0.0026,0.0026,0.0497
22-JUL-2026,DGCONTENT,24.30,24.77,-0.0192,0.0322,0.0322,0.6152
22-JUL-2026,DHAMPURSUG,142.82,145.33,-0.0174,0.0228,0.0227,0.4337
22-JUL-2026,DHANBANK,34.04,34.25,-0.0062,0.0270,0.0270,0.5158
22-JUL-2026,DHANUKA,1009.60,1015.10,-0.0054,0.0217,0.0217,0.4146
22-JUL-2026,DHARAN,0.16,0.15,0.0645,0.0557,0.0558,1.0661
22-JUL-2026,DHARMAJ,260.55,255.20,0.0207,0.0246,0.0246,0.4700
22-JUL-2026,DHRUV,25.07,25.57,-0.0197,0.0315,0.0314,0.5999
22-JUL-2026,DHUNINV,892.55,925.80,-0.0366,0.0278,0.0278,0.5311
22-JUL-2026,DIACABS,269.13,269.09,0.0001,0.0314,0.0314,0.5999
22-JUL-2026,DIAMINESQ,248.73,252.95,-0.0168,0.0268,0.0268,0.5120
22-JUL-2026,DIAMONDYD,1132.00,1148.90,-0.0148,0.0231,0.0231,0.4413
22-JUL-2026,DICIND,522.55,520.50,0.0039,0.0213,0.0212,0.4050
22-JUL-2026,DIFFNKG,392.75,395.85,-0.0079,0.0277,0.0276,0.5273
22-JUL-2026,DIGIDRIVE,18.04,18.42,-0.0208,0.0262,0.0262,0.5006
22-JUL-2026,DIGISPICE,18.87,19.20,-0.0173,0.0281,0.0280,0.5349
22-JUL-2026,DIGITIDE,100.90,100.80,0.0010,0.0315,0.0314,0.5999
22-JUL-2026,DIGJAMLMTD,44.01,44.12,-0.0025,0.0282,0.0282,0.5388
22-JUL-2026,DISAQ,11978.00,12093.00,-0.0096,0.0181,0.0181,0.3458
22-JUL-2026,DISHTV,2.89,2.92,-0.0103,0.0326,0.0325,0.6209
22-JUL-2026,DIVGIITTS,950.25,926.35,0.0255,0.0266,0.0266,0.5082
22-JUL-2026,DIVIDEND,35.21,35.45,-0.0068,0.0074,0.0074,0.1414
22-JUL-2026,DIVISLAB,7386.50,7330.00,0.0077,0.0148,0.0148,0.2828
22-JUL-2026,DIVOPPBEES,76.95,77.39,-0.0057,0.0087,0.0087,0.1662
22-JUL-2026,DIXON,13881.00,14118.00,-0.0169,0.0258,0.0257,0.4910
22-JUL-2026,DJML,108.38,107.85,0.0049,0.0307,0.0306,0.5846
22-JUL-2026,DLF,651.50,673.65,-0.0334,0.0202,0.0203,0.3878
22-JUL-2026,DLINKINDIA,447.90,453.25,-0.0119,0.0235,0.0235,0.4490
22-JUL-2026,DMART,4000.50,3975.60,0.0062,0.0166,0.0166,0.3171
22-JUL-2026,DMCC,266.05,269.50,-0.0129,0.0306,0.0306,0.5846
22-JUL-2026,DNAMEDIA,2.83,2.78,0.0178,0.0332,0.0331,0.6324
22-JUL-2026,DODLA,1063.40,1062.10,0.0012,0.0208,0.0207,0.3955
22-JUL-2026,DOLATALGO,68.71,68.92,-0.0031,0.0254,0.0253,0.4834
22-JUL-2026,DOLLAR,256.45,259.70,-0.0126,0.0246,0.0246,0.4700
22-JUL-2026,DOLPHIN,378.45,375.05,0.0090,0.0496,0.0495,0.9457
22-JUL-2026,DOMS,2266.90,2270.90,-0.0018,0.0201,0.0200,0.3821
22-JUL-2026,DONEAR,84.60,84.99,-0.0046,0.0249,0.0248,0.4738
22-JUL-2026,DPABHUSHAN,1386.00,1471.85,-0.0601,0.0273,0.0275,0.5254
22-JUL-2026,DPSCLTD,7.31,7.41,-0.0136,0.0253,0.0253,0.4834
22-JUL-2026,DPWIRES,169.72,174.42,-0.0273,0.0311,0.0311,0.5942
22-JUL-2026,DRAGARWQ,5033.00,5022.00,0.0022,0.0214,0.0213,0.4069
22-JUL-2026,DRCSYSTEMS,12.69,13.23,-0.0417,0.0294,0.0295,0.5636
22-JUL-2026,DREAMFOLKS,67.26,67.93,-0.0099,0.0299,0.0298,0.5693
22-JUL-2026,DREDGECORP,996.70,1018.50,-0.0216,0.0362,0.0362,0.6916
22-JUL-2026,DRREDDY,1182.80,1206.00,-0.0194,0.0149,0.0149,0.2847
22-JUL-2026,DSFCL,28.16,26.87,0.0469,0.0236,0.0237,0.4528
22-JUL-2026,DSSL,1183.20,1214.60,-0.0262,0.0354,0.0353,0.6744
22-JUL-2026,DTIL,134.36,137.89,-0.0259,0.0251,0.0251,0.4795
22-JUL-2026,DUCON,3.03,3.00,0.0100,0.0338,0.0337,0.6438
22-JUL-2026,DVL,244.81,240.46,0.0179,0.0255,0.0254,0.4853
22-JUL-2026,DWARKESH,42.51,43.76,-0.0290,0.0255,0.0255,0.4872
22-JUL-2026,DYCL,407.20,434.60,-0.0651,0.0369,0.0371,0.7088
22-JUL-2026,DYNAMATECH,10168.00,10352.00,-0.0179,0.0280,0.0280,0.5349
22-JUL-2026,DYNPRO,235.99,236.29,-0.0013,0.0289,0.0288,0.5502
22-JUL-2026,E2E,468.90,446.40,0.0492,0.0358,0.0359,0.6859
22-JUL-2026,EASEMYTRIP,6.81,6.85,-0.0059,0.0344,0.0343,0.6553
22-JUL-2026,EASTSILK,51.95,49.98,0.0387,0.1098,0.1096,2.0939
22-JUL-2026,EBANKNIFTY,57.80,58.31,-0.0088,0.0106,0.0106,0.2025
22-JUL-2026,EBBETF0430,1604.01,1606.08,-0.0013,0.0020,0.0020,0.0382
22-JUL-2026,EBBETF0431,1440.56,1445.92,-0.0037,0.0025,0.0025,0.0478
22-JUL-2026,EBBETF0433,1312.48,1307.53,0.0038,0.0027,0.0028,0.0535
22-JUL-2026,EBGNG,545.50,542.40,0.0057,0.0285,0.0285,0.5445
22-JUL-2026,EBSL,10.00,10.00,0.0000,0.0000,0.0000,0.0000
22-JUL-2026,ECAPINSURE,23.77,24.02,-0.0105,0.0122,0.0122,0.2331
22-JUL-2026,ECLERX,1947.00,1924.10,0.0118,0.0291,0.0291,0.5560
22-JUL-2026,ECOSMOBLTY,129.39,129.94,-0.0042,0.0335,0.0334,0.6381
22-JUL-2026,EDELWEISS,117.56,120.71,-0.0264,0.0278,0.0278,0.5311
22-JUL-2026,EFCIL,191.92,186.96,0.0262,0.0297,0.0296,0.5655
22-JUL-2026,EGOLD,144.50,142.35,0.0150,0.0174,0.0174,0.3324
22-JUL-2026,EICHERMOT,7632.00,7689.50,-0.0075,0.0173,0.0172,0.3286
22-JUL-2026,EIDPARRY,765.45,767.85,-0.0031,0.0192,0.0192,0.3668
22-JUL-2026,EIEL,224.34,229.48,-0.0227,0.0314,0.0314,0.5999
22-JUL-2026,EIFFL,319.90,326.55,-0.0206,0.0304,0.0304,0.5808
22-JUL-2026,EIFL,10.00,10.00,0.0000,0.0000,0.0000,0.0000
22-JUL-2026,EIHAHOTELS,316.00,324.75,-0.0273,0.0204,0.0204,0.3897
22-JUL-2026,EIHOTEL,331.65,335.25,-0.0108,0.0206,0.0205,0.3917
22-JUL-2026,EIMCOELECO,1810.20,1811.70,-0.0008,0.0326,0.0325,0.6209
22-JUL-2026,EKC,111.74,113.21,-0.0131,0.0280,0.0280,0.5349
22-JUL-2026,ELANTAS,9349.00,9545.00,-0.0207,0.0233,0.0233,0.4451
22-JUL-2026,ELCIDIN,110000.00,111100.00,-0.0100,0.0232,0.0232,0.4432
22-JUL-2026,ELDEHSG,779.25,780.75,-0.0019,0.0273,0.0272,0.5197
22-JUL-2026,ELECON,437.10,449.70,-0.0284,0.0295,0.0295,0.5636
22-JUL-2026,ELECTCAST,71.27,72.93,-0.0230,0.0312,0.0312,0.5961
22-JUL-2026,ELECTHERM,1030.00,1047.70,-0.0170,0.0391,0.0390,0.7451
22-JUL-2026,ELGIEQUIP,583.20,601.00,-0.0301,0.0226,0.0226,0.4318
22-JUL-2026,ELGIRUBCO,57.29,58.26,-0.0168,0.0412,0.0411,0.7852
22-JUL-2026,ELIN,101.00,105.27,-0.0414,0.0304,0.0305,0.5827
22-JUL-2026,ELIQUID,1040.36,1040.23,0.0001,0.0002,0.0002,0.0038
22-JUL-2026,ELITECON,16.68,17.70,-0.0594,0.0908,0.0907,1.7328
22-JUL-2026,ELLEN,287.80,295.90,-0.0278,0.0274,0.0274,0.5235
22-JUL-2026,ELM250,16.49,16.72,-0.0139,0.0093,0.0093,0.1777
22-JUL-2026,ELPROINTL,174.55,174.49,0.0003,0.0250,0.0249,0.4757
22-JUL-2026,EMAMILTD,413.90,401.00,0.0317,0.0180,0.0181,0.3458
22-JUL-2026,EMAMIPAP,118.62,98.85,0.1823,0.0244,0.0276,0.5273
22-JUL-2026,EMAMIREAL,78.78,78.36,0.0053,0.0341,0.0340,0.6496
22-JUL-2026,EMBASSY,446.18,445.64,0.0012,0.0112,0.0112,0.2140
22-JUL-2026,EMBDL,62.60,63.54,-0.0149,0.0346,0.0346,0.6610
22-JUL-2026,EMCURE,1889.20,1924.40,-0.0185,0.0211,0.0211,0.4031
22-JUL-2026,EMIL,131.45,133.39,-0.0147,0.0284,0.0283,0.5407
22-JUL-2026,EMKAY,237.55,239.15,-0.0067,0.0369,0.0368,0.7031
22-JUL-2026,EMMBI,87.10,88.99,-0.0215,0.0277,0.0276,0.5273
22-JUL-2026,EMMVEE,322.00,327.35,-0.0165,0.0264,0.0264,0.5044
22-JUL-2026,EMPOWER,2.33,2.32,0.0043,0.0326,0.0325,0.6209
22-JUL-2026,EMSLIMITED,416.75,421.75,-0.0119,0.0348,0.0347,0.6629
22-JUL-2026,EMUDHRA,459.60,462.50,-0.0063,0.0227,0.0226,0.4318
22-JUL-2026,EMULTIMQ,41.22,41.57,-0.0085,0.0104,0.0104,0.1987
22-JUL-2026,ENDURANCE,2738.20,2751.90,-0.0050,0.0202,0.0202,0.3859
22-JUL-2026,ENERGY,39.57,39.73,-0.0040,0.0088,0.0088,0.1681
22-JUL-2026,ENERGYDEV,17.02,17.13,-0.0064,0.0308,0.0307,0.5865
22-JUL-2026,ENEXT50,72.11,72.24,-0.0018,0.0043,0.0043,0.0822
22-JUL-2026,ENGINERSIN,225.39,228.12,-0.0120,0.0281,0.0280,0.5349
22-JUL-2026,ENIFTY,24.18,24.32,-0.0058,0.0074,0.0074,0.1414
22-JUL-2026,ENIL,107.01,107.17,-0.0015,0.0218,0.0218,0.4165
22-JUL-2026,ENRIN,3373.30,3373.40,-0.0000,0.0210,0.0210,0.4012
22-JUL-2026,ENTERO,1239.30,1217.60,0.0177,0.0239,0.0239,0.4566
22-JUL-2026,EPACK,234.73,238.45,-0.0157,0.0316,0.0316,0.6037
22-JUL-2026,EPACKPEB,241.10,246.60,-0.0226,0.0316,0.0316,0.6037
22-JUL-2026,EPIGRAL,1138.80,1164.20,-0.0221,0.0281,0.0281,0.5368
22-JUL-2026,EPL,233.88,237.45,-0.0151,0.0213,0.0213,0.4069
22-JUL-2026,EQUAL200,13.78,13.88,-0.0072,0.0098,0.0098,0.1872
22-JUL-2026,EQUAL50,331.10,332.36,-0.0038,0.0076,0.0076,0.1452
22-JUL-2026,EQUAL50ADD,341.99,344.48,-0.0073,0.0097,0.0097,0.1853
22-JUL-2026,EQUIPPP,24.10,24.81,-0.0290,0.0284,0.0284,0.5426
22-JUL-2026,EQUITASBNK,79.02,81.43,-0.0300,0.0223,0.0223,0.4260
22-JUL-2026,ERIS,1440.60,1469.90,-0.0201,0.0198,0.0198,0.3783
22-JUL-2026,ESABINDIA,5787.00,5885.50,-0.0169,0.0196,0.0196,0.3745
22-JUL-2026,ESAFSFB,35.70,36.17,-0.0131,0.0255,0.0254,0.4853
22-JUL-2026,ESCORTS,2948.20,2956.20,-0.0027,0.0198,0.0197,0.3764
22-JUL-2026,ESENSEX,77.08,77.55,-0.0061,0.0112,0.0112,0.2140
22-JUL-2026,ESG,41.47,41.80,-0.0079,0.0091,0.0091,0.1739
22-JUL-2026,ESILVER,222.28,221.53,0.0034,0.0319,0.0318,0.6075
22-JUL-2026,ESSARSHPNG,20.24,20.74,-0.0244,0.0345,0.0345,0.6591
22-JUL-2026,ESSENTIA,1.14,1.14,0.0000,0.0342,0.0341,0.6515
22-JUL-2026,ESTER,86.98,88.89,-0.0217,0.0289,0.0289,0.5521
22-JUL-2026,ETERNAL,284.35,286.60,-0.0079,0.0230,0.0229,0.4375
22-JUL-2026,ETHOSLTD,2621.40,2632.40,-0.0042,0.0224,0.0224,0.4280
22-JUL-2026,EUREKAFORB,447.70,463.90,-0.0355,0.0210,0.0211,0.4031
22-JUL-2026,EUROBOND,164.09,165.50,-0.0086,0.0204,0.0204,0.3897
22-JUL-2026,EUROPRATIK,305.90,313.85,-0.0257,0.0248,0.0248,0.4738
22-JUL-2026,EUROTEXIND,12.83,12.83,0.0000,0.0531,0.0529,1.0107
22-JUL-2026,EVEREADY,363.30,350.65,0.0354,0.0228,0.0229,0.4375
22-JUL-2026,EVERESTIND,482.95,489.70,-0.0139,0.0302,0.0302,0.5770
22-JUL-2026,EVIETF,31.87,32.00,-0.0041,0.0106,0.0106,0.2025
22-JUL-2026,EVINDIA,31.82,31.93,-0.0035,0.0113,0.0113,0.2159
22-JUL-2026,EXCELINDUS,948.30,938.20,0.0107,0.0232,0.0231,0.4413
22-JUL-2026,EXCELSOFT,75.09,75.95,-0.0114,0.0260,0.0260,0.4967
22-JUL-2026,EXICOM,169.20,176.84,-0.0442,0.0381,0.0382,0.7298
22-JUL-2026,EXIDEIND,447.85,443.45,0.0099,0.0196,0.0195,0.3725
22-JUL-2026,EXPLEOSOL,801.20,809.55,-0.0104,0.0229,0.0229,0.4375
22-JUL-2026,EXXARO,6.34,6.31,0.0047,0.0314,0.0313,0.5980
22-JUL-2026,FABTECH,147.22,149.81,-0.0174,0.0247,0.0246,0.4700
22-JUL-2026,FACT,814.10,833.35,-0.0234,0.0287,0.0287,0.5483
22-JUL-2026,FAIRCHEMOR,736.80,702.20,0.0481,0.0271,0.0273,0.5216
22-JUL-2026,FAZE3Q,555.50,558.85,-0.0060,0.0365,0.0364,0.6954
22-JUL-2026,FCL,39.88,40.05,-0.0043,0.0350,0.0349,0.6668
22-JUL-2026,FCSSOFT,1.54,1.54,0.0000,0.0294,0.0293,0.5598
22-JUL-2026,FDC,410.25,413.25,-0.0073,0.0188,0.0188,0.3592
22-JUL-2026,FEDDERSHOL,51.51,51.86,-0.0068,0.0306,0.0305,0.5827
22-JUL-2026,FEDERALBNK,353.25,356.05,-0.0079,0.0163,0.0163,0.3114
22-JUL-2026,FEDFINA,154.61,157.89,-0.0210,0.0247,0.0247,0.4719
22-JUL-2026,FEL,0.49,0.42,0.1542,0.0480,0.0491,0.9381
22-JUL-2026,FELDVR,2.55,2.47,0.0319,0.0361,0.0360,0.6878
22-JUL-2026,FERMENTA,420.85,435.80,-0.0349,0.0316,0.0316,0.6037
22-JUL-2026,FFL,40.00,40.00,0.0000,0.0000,0.0000,0.0000
22-JUL-2026,FIBERWEB,30.87,31.43,-0.0180,0.0274,0.0273,0.5216
22-JUL-2026,FIEMIND,2343.60,2331.50,0.0052,0.0220,0.0220,0.4203
22-JUL-2026,FILATEX,71.73,71.31,0.0059,0.0292,0.0291,0.5560
22-JUL-2026,FILATFASH,0.18,0.18,0.0000,0.0384,0.0383,0.7317
22-JUL-2026,FINCABLES,1014.90,1006.30,0.0085,0.0258,0.0258,0.4929
22-JUL-2026,FINEORG,4929.00,4901.00,0.0057,0.0195,0.0195,0.3725
22-JUL-2026,FINIETF,32.34,32.71,-0.0114,0.0132,0.0132,0.2522
22-JUL-2026,FINKURVE,61.93,62.45,-0.0084,0.0354,0.0353,0.6744
22-JUL-2026,FINOPB,171.07,172.83,-0.0102,0.0391,0.0390,0.7451
22-JUL-2026,FINPIPE,164.21,165.70,-0.0090,0.0201,0.0201,0.3840
22-JUL-2026,FIRL,10.00,10.00,0.0000,0.0000,0.0000,0.0000
22-JUL-2026,FIRSTCRY,207.03,209.00,-0.0095,0.0281,0.0280,0.5349
22-JUL-2026,FISCHER,38.95,39.98,-0.0261,0.0319,0.0319,0.6094
22-JUL-2026,FIVESTAR,545.30,564.40,-0.0344,0.0255,0.0256,0.4891
22-JUL-2026,FLAIR,249.65,248.75,0.0036,0.0220,0.0219,0.4184
22-JUL-2026,FLEXIADD,9.99,10.04,-0.0050,0.0076,0.0076,0.1452
22-JUL-2026,FLEXITUFF,5.07,4.87,0.0402,0.0328,0.0329,0.6286
22-JUL-2026,FLFL,1.32,1.30,0.0153,0.0306,0.0305,0.5827
22-JUL-2026,FLUOROCHEM,4590.40,4607.10,-0.0036,0.0205,0.0204,0.3897
22-JUL-2026,FMCGADD,49.38,49.15,0.0047,0.0042,0.0042,0.0802
22-JUL-2026,FMCGIETF,52.82,52.44,0.0072,0.0088,0.0088,0.1681
22-JUL-2026,FMGOETZE,479.00,485.55,-0.0136,0.0246,0.0246,0.4700
22-JUL-2026,FMNL,9.17,9.25,-0.0087,0.0315,0.0315,0.6018
22-JUL-2026,FOCUS,73.48,74.05,-0.0077,0.0290,0.0289,0.5521
22-JUL-2026,FOODSIN,57.00,57.56,-0.0098,0.0313,0.0313,0.5980
22-JUL-2026,FORCEMOT,17419.00,17677.00,-0.0147,0.0325,0.0324,0.6190
22-JUL-2026,FORTIS,949.85,969.00,-0.0200,0.0173,0.0173,0.3305
22-JUL-2026,FOSECOIND,5102.50,5179.50,-0.0150,0.0261,0.0261,0.4986
22-JUL-2026,FRACTAL,895.25,867.65,0.0313,0.0205,0.0206,0.3936
22-JUL-2026,FRICKINDIA,10.00,10.00,0.0000,0.0000,0.0000,0.0000
22-JUL-2026,FRONTSP,1389.70,1400.10,-0.0075,0.0348,0.0347,0.6629
22-JUL-2026,FSL,264.07,266.05,-0.0075,0.0285,0.0285,0.5445
22-JUL-2026,FUSION,219.80,227.78,-0.0357,0.0301,0.0301,0.5751
22-JUL-2026,GABRIEL,1424.60,1488.80,-0.0441,0.0313,0.0314,0.5999
22-JUL-2026,GAEL,144.73,142.61,0.0148,0.0216,0.0215,0.4108
22-JUL-2026,GAIL,173.01,173.99,-0.0056,0.0175,0.0175,0.3343
22-JUL-2026,GALAPREC,1165.30,1200.20,-0.0295,0.0286,0.0286,0.5464
22-JUL-2026,GALAXYSURF,1932.70,1949.60,-0.0087,0.0188,0.0188,0.3592
22-JUL-2026,GALLANTT,562.45,591.05,-0.0496,0.0341,0.0342,0.6534
22-JUL-2026,GANDHAR,236.21,227.17,0.0390,0.0262,0.0262,0.5006
22-JUL-2026,GANDHITUBE,872.05,871.70,0.0004,0.0251,0.0250,0.4776
22-JUL-2026,GANECOS,1199.30,1237.75,-0.0316,0.0311,0.0311,0.5942
22-JUL-2026,GANESHBE,109.32,105.41,0.0364,0.0284,0.0284,0.5426
22-JUL-2026,GANESHCP,175.14,178.45,-0.0187,0.0222,0.0222,0.4241
22-JUL-2026,GANESHHOU,814.20,808.90,0.0065,0.0255,0.0254,0.4853
22-JUL-2026,GANGAFORGE,1.84,1.89,-0.0268,0.0340,0.0339,0.6477
22-JUL-2026,GANGESSECU,115.98,115.74,0.0021,0.0237,0.0236,0.4509
22-JUL-2026,GARFIBRES,757.95,779.00,-0.0274,0.0241,0.0242,0.4623
22-JUL-2026,GARUDA,173.40,176.40,-0.0172,0.0345,0.0345,0.6591
22-JUL-2026,GATECH,0.47,0.48,-0.0211,0.0371,0.0371,0.7088
22-JUL-2026,GATECHDVR,0.42,0.43,-0.0235,0.0323,0.0323,0.6171
22-JUL-2026,GATEWAY,57.67,58.30,-0.0109,0.0196,0.0196,0.3745
22-JUL-2026,GAUDIUMIVF,158.05,155.62,0.0155,0.0272,0.0272,0.5197
22-JUL-2026,GAYAHWS,1.92,1.93,-0.0052,0.0343,0.0342,0.6534
22-JUL-2026,GAYAPROJ,20.91,21.25,-0.0161,0.0268,0.0268,0.5120
22-JUL-2026,GCSL,523.55,513.85,0.0187,0.0354,0.0354,0.6763
22-JUL-2026,GDHL,10.00,10.00,0.0000,0.0000,0.0000,0.0000
22-JUL-2026,GEECEE,344.65,354.90,-0.0293,0.0260,0.0261,0.4986
22-JUL-2026,GEEKAYWIRE,24.19,23.72,0.0196,0.0302,0.0302,0.5770
22-JUL-2026,GEMAROMA,178.57,182.22,-0.0202,0.0259,0.0259,0.4948
22-JUL-2026,GENCON,38.53,39.77,-0.0317,0.0332,0.0332,0.6343
22-JUL-2026,GENESYS,300.95,323.60,-0.0726,0.0415,0.0417,0.7967
22-JUL-2026,GENUSPAPER,12.40,11.39,0.0850,0.0263,0.0269,0.5139
22-JUL-2026,GENUSPOWER,312.80,314.55,-0.0056,0.0277,0.0276,0.5273
22-JUL-2026,GEOJITFSL,81.44,81.97,-0.0065,0.0260,0.0259,0.4948
22-JUL-2026,GESHIP,1435.20,1408.90,0.0185,0.0232,0.0231,0.4413
22-JUL-2026,GFLLIMITED,45.23,46.33,-0.0240,0.0247,0.0247,0.4719
22-JUL-2026,GHCL,428.90,432.70,-0.0088,0.0198,0.0197,0.3764
22-JUL-2026,GHCLTEXTIL,114.18,117.24,-0.0264,0.0253,0.0253,0.4834
22-JUL-2026,GICHSGFIN,148.40,148.95,-0.0037,0.0172,0.0172,0.3286
22-JUL-2026,GICL,16.53,16.76,-0.0138,0.0315,0.0314,0.5999
22-JUL-2026,GICRE,361.50,361.75,-0.0007,0.0196,0.0196,0.3745
22-JUL-2026,GILLANDERS,89.04,87.28,0.0200,0.0264,0.0264,0.5044
22-JUL-2026,GILLETTE,7909.00,7905.50,0.0004,0.0167,0.0167,0.3191
22-JUL-2026,GILT10BETA,26.79,26.81,-0.0007,0.0083,0.0083,0.1586
22-JUL-2026,GILT5BETA,66.58,66.44,0.0021,0.0087,0.0087,0.1662
22-JUL-2026,GILT5YBEES,65.92,66.01,-0.0014,0.0022,0.0022,0.0420
22-JUL-2026,GINNIFILA,48.24,49.81,-0.0320,0.0348,0.0348,0.6649
22-JUL-2026,GIPCL,158.96,162.17,-0.0200,0.0239,0.0239,0.4566
22-JUL-2026,GKENERGY,138.64,142.81,-0.0296,0.0272,0.0272,0.5197
22-JUL-2026,GKSL,127.36,129.90,-0.0197,0.0150,0.0151,0.2885
22-JUL-2026,GKWLIMITED,1680.00,1683.60,-0.0021,0.0238,0.0237,0.4528
22-JUL-2026,GLAND,2439.10,2482.60,-0.0177,0.0209,0.0209,0.3993
22-JUL-2026,GLAXO,2552.80,2506.50,0.0183,0.0186,0.0186,0.3554
22-JUL-2026,GLENMARK,2199.90,2242.10,-0.0190,0.0186,0.0186,0.3554
22-JUL-2026,GLFL,5.10,5.20,-0.0194,0.0717,0.0715,1.3660
22-JUL-2026,GLOBAL,101.74,103.51,-0.0172,0.0297,0.0297,0.5674
22-JUL-2026,GLOBALE,10.45,10.85,-0.0376,0.0272,0.0273,0.5216
22-JUL-2026,GLOBALVECT,149.91,150.73,-0.0055,0.0314,0.0313,0.5980
22-JUL-2026,GLOBE,2.16,2.15,0.0046,0.0287,0.0286,0.5464
22-JUL-2026,GLOBECIVIL,40.36,40.10,0.0065,0.0252,0.0251,0.4795
22-JUL-2026,GLOBUSSPR,878.90,898.90,-0.0225,0.0259,0.0259,0.4948
22-JUL-2026,GLOSTERLTD,675.75,663.05,0.0190,0.0198,0.0198,0.3783
22-JUL-2026,GLOTTIS,66.84,67.08,-0.0036,0.0241,0.0241,0.4604
22-JUL-2026,GMBREW,915.30,911.30,0.0044,0.0260,0.0260,0.4967
22-JUL-2026,GMDCLTD,560.25,580.30,-0.0352,0.0313,0.0313,0.5980
22-JUL-2026,GMMPFAUDLR,799.85,803.40,-0.0044,0.0184,0.0184,0.3515
22-JUL-2026,GMRAIRPORT,109.83,111.48,-0.0149,0.0203,0.0202,0.3859
22-JUL-2026,GMRP&UI,100.93,96.68,0.0430,0.0275,0.0276,0.5273
22-JUL-2026,GNA,517.30,509.80,0.0146,0.0291,0.0290,0.5540
22-JUL-2026,GNFC,506.15,504.95,0.0024,0.0204,0.0204,0.3897
22-JUL-2026,GNRL,95.69,97.77,-0.0215,0.0307,0.0306,0.5846
22-JUL-2026,GOACARBON,370.35,366.60,0.0102,0.0254,0.0253,0.4834
22-JUL-2026,GOALPOST,10.15,10.15,0.0000,0.0003,0.0003,0.0057
22-JUL-2026,GOCLCORP,393.05,399.35,-0.0159,0.0291,0.0291,0.5560
22-JUL-2026,GOCOLORS,336.90,344.50,-0.0223,0.0307,0.0307,0.5865
22-JUL-2026,GODAVARIB,274.30,280.10,-0.0209,0.0290,0.0290,0.5540
22-JUL-2026,GODFRYPHLP,2072.30,2132.10,-0.0284,0.0333,0.0333,0.6362
22-JUL-2026,GODIGIT,283.00,285.05,-0.0072,0.0168,0.0168,0.3210
22-JUL-2026,GODREJAGRO,569.30,575.50,-0.0108,0.0192,0.0191,0.3649
22-JUL-2026,GODREJCP,1068.80,1054.20,0.0138,0.0160,0.0160,0.3057
22-JUL-2026,GODREJIND,1354.60,1380.50,-0.0189,0.0278,0.0278,0.5311
22-JUL-2026,GODREJPROP,2081.10,2164.30,-0.0392,0.0233,0.0234,0.4471
22-JUL-2026,GOKEX,796.35,831.70,-0.0434,0.0337,0.0338,0.6457
22-JUL-2026,GOKUL,38.94,39.44,-0.0128,0.0273,0.0273,0.5216
22-JUL-2026,GOKULAGRO,212.18,214.88,-0.0126,0.0283,0.0282,0.5388
22-JUL-2026,GOLD1,120.44,118.86,0.0132,0.0178,0.0178,0.3401
22-JUL-2026,GOLD360,140.45,139.60,0.0061,0.0187,0.0186,0.3554
22-JUL-2026,GOLDADD,140.18,138.39,0.0129,0.0184,0.0183,0.3496
22-JUL-2026,GOLDAXIS,120.35,118.87,0.0124,0.0203,0.0202,0.3859
22-JUL-2026,GOLDBEES,119.13,117.73,0.0118,0.0178,0.0178,0.3401
22-JUL-2026,GOLDBETA,121.35,119.80,0.0129,0.0169,0.0169,0.3229
22-JUL-2026,GOLDBND,144.15,142.48,0.0117,0.0155,0.0154,0.2942
22-JUL-2026,GOLDCASE,22.70,22.40,0.0133,0.0175,0.0175,0.3343
22-JUL-2026,GOLDEDGE,10.50,10.50,0.0000,0.0000,0.0000,0.0000
22-JUL-2026,GOLDENTOBC,25.50,25.09,0.0162,0.0241,0.0240,0.4585
22-JUL-2026,GOLDETF,140.04,138.27,0.0127,0.0167,0.0167,0.3191
22-JUL-2026,GOLDIAM,341.90,343.30,-0.0041,0.0379,0.0378,0.7222
22-JUL-2026,GOLDIETF,123.54,122.07,0.0120,0.0183,0.0183,0.3496
22-JUL-2026,GOLDTECH,58.45,55.66,0.0489,0.0389,0.0389,0.7432
22-JUL-2026,GOODLUCK,1557.00,1554.10,0.0019,0.0297,0.0297,0.5674
22-JUL-2026,GOODYEAR,824.20,823.10,0.0013,0.0137,0.0137,0.2617
22-JUL-2026,GOPAL,259.70,260.30,-0.0023,0.0213,0.0212,0.4050
22-JUL-2026,GOYALALUM,6.50,6.56,-0.0092,0.0251,0.0251,0.4795
22-JUL-2026,GPIL,242.70,246.05,-0.0137,0.0236,0.0235,0.4490
22-JUL-2026,GPPL,148.69,150.80,-0.0141,0.0199,0.0198,0.3783
22-JUL-2026,GPTHEALTH,155.37,151.03,0.0283,0.0188,0.0189,0.3611
22-JUL-2026,GPTINFRA,117.52,119.06,-0.0130,0.0274,0.0273,0.5216
22-JUL-2026,GRACIOUS,13.50,13.50,0.0000,0.0000,0.0000,0.0000
22-JUL-2026,GRADIENTE,2.82,2.96,-0.0485,0.0235,0.0237,0.4528
22-JUL-2026,GRANDOAK,39.45,41.18,-0.0429,0.0438,0.0437,0.8349
22-JUL-2026,GRANULES,853.80,875.70,-0.0253,0.0204,0.0204,0.3897
22-JUL-2026,GRAPHITE,629.55,635.75,-0.0098,0.0259,0.0258,0.4929
22-JUL-2026,GRASIM,3166.30,3179.60,-0.0042,0.0142,0.0142,0.2713
22-JUL-2026,GRAUWEIL,74.36,75.70,-0.0179,0.0262,0.0262,0.5006
22-JUL-2026,GRAVISSHO,29.95,29.50,0.0151,0.0368,0.0367,0.7012
22-JUL-2026,GRAVITA,1793.00,1804.50,-0.0064,0.0264,0.0263,0.5025
22-JUL-2026,GREAVESCOT,239.90,248.11,-0.0337,0.0292,0.0292,0.5579
22-JUL-2026,GREENLAM,243.85,248.35,-0.0183,0.0244,0.0243,0.4643
22-JUL-2026,GREENPANEL,197.58,197.04,0.0027,0.0253,0.0252,0.4814
22-JUL-2026,GREENPLY,329.65,323.15,0.0199,0.0255,0.0255,0.4872
22-JUL-2026,GREENPOWER,10.35,10.51,-0.0153,0.0274,0.0274,0.5235
22-JUL-2026,GRINDWELL,2020.80,2095.50,-0.0363,0.0247,0.0248,0.4738
22-JUL-2026,GRINFRA,883.70,893.65,-0.0112,0.0188,0.0188,0.3592
22-JUL-2026,GRMOVER,90.17,91.37,-0.0132,0.0315,0.0314,0.5999
22-JUL-2026,GROBTEA,901.30,913.75,-0.0137,0.0269,0.0268,0.5120
22-JUL-2026,GROWW,203.90,206.36,-0.0120,0.0251,0.0251,0.4795
22-JUL-2026,GROWWCAPM,11.30,11.39,-0.0079,0.0127,0.0127,0.2426
22-JUL-2026,GROWWCHEM,30.59,30.86,-0.0088,0.0089,0.0089,0.1700
22-JUL-2026,GROWWDEFNC,94.58,94.28,0.0032,0.0160,0.0160,0.3057
22-JUL-2026,GROWWEV,31.66,31.84,-0.0057,0.0118,0.0118,0.2254
22-JUL-2026,GROWWGOLD,14.08,13.90,0.0129,0.0178,0.0177,0.3382
22-JUL-2026,GROWWHOSPI,53.65,54.24,-0.0109,0.0065,0.0066,0.1261
22-JUL-2026,GROWWLIQID,110.01,109.99,0.0002,0.0002,0.0002,0.0038
22-JUL-2026,GROWWLOVOL,10.48,10.43,0.0048,0.0075,0.0074,0.1414
22-JUL-2026,GROWWMC150,230.81,231.34,-0.0023,0.0093,0.0093,0.1777
22-JUL-2026,GROWWMETAL,11.93,12.00,-0.0059,0.0111,0.0111,0.2121
22-JUL-2026,GROWWMOM50,10.72,10.79,-0.0065,0.0106,0.0106,0.2025
22-JUL-2026,GROWWN200,11.30,11.37,-0.0062,0.0098,0.0097,0.1853
22-JUL-2026,GROWWNET,9.74,9.93,-0.0193,0.0122,0.0122,0.2331
22-JUL-2026,GROWWNIFTY,9.70,9.75,-0.0051,0.0070,0.0070,0.1337
22-JUL-2026,GROWWNXT50,72.94,72.75,0.0026,0.0095,0.0094,0.1796
22-JUL-2026,GROWWPOWER,11.88,11.87,0.0008,0.0111,0.0111,0.2121
22-JUL-2026,GROWWPSE,100.28,100.56,-0.0028,0.0069,0.0069,0.1318
22-JUL-2026,GROWWPSUBK,84.55,85.51,-0.0113,0.0095,0.0095,0.1815
22-JUL-2026,GROWWRAIL,28.71,28.98,-0.0094,0.0135,0.0135,0.2579
22-JUL-2026,GROWWRLTY,10.08,10.33,-0.0245,0.0136,0.0137,0.2617
22-JUL-2026,GROWWSC250,10.29,10.41,-0.0116,0.0096,0.0097,0.1853
22-JUL-2026,GROWWSLVR,21.84,21.74,0.0046,0.0340,0.0339,0.6477
22-JUL-2026,GRPLTD,1889.20,1946.10,-0.0297,0.0289,0.0289,0.5521
22-JUL-2026,GRSE,2588.80,2619.50,-0.0118,0.0327,0.0326,0.6228
22-JUL-2026,GRWRHITECH,6712.50,6921.00,-0.0306,0.0363,0.0363,0.6935
22-JUL-2026,GSEC10ABSL,113.30,113.30,0.0000,0.0052,0.0052,0.0993
22-JUL-2026,GSEC10IETF,264.25,265.50,-0.0047,0.0042,0.0042,0.0802
22-JUL-2026,GSEC10YEAR,30.38,30.33,0.0016,0.0072,0.0072,0.1376
22-JUL-2026,GSEC5IETF,66.38,66.46,-0.0012,0.0044,0.0043,0.0822
22-JUL-2026,GSFC,156.19,158.68,-0.0158,0.0199,0.0199,0.3802
22-JUL-2026,GSLSU,25.41,24.20,0.0488,0.0351,0.0352,0.6725
22-JUL-2026,GSPCROP,506.70,507.75,-0.0021,0.0177,0.0176,0.3362
22-JUL-2026,GSS,12.17,12.44,-0.0219,0.0316,0.0316,0.6037
22-JUL-2026,GTECJAINX,28.65,28.09,0.0197,0.0437,0.0437,0.8349
22-JUL-2026,GTL,7.22,7.23,-0.0014,0.0318,0.0317,0.6056
22-JUL-2026,GTLINFRA,1.23,1.25,-0.0161,0.0324,0.0324,0.6190
22-JUL-2026,GTPL,60.82,62.98,-0.0349,0.0249,0.0250,0.4776
22-JUL-2026,GUFICBIO,386.35,396.70,-0.0264,0.0240,0.0240,0.4585
22-JUL-2026,GUJALKALI,620.45,627.05,-0.0106,0.0251,0.0251,0.4795
22-JUL-2026,GUJAPOLLO,338.10,345.00,-0.0202,0.0270,0.0270,0.5158
22-JUL-2026,GUJENERGY,264.90,267.05,-0.0081,0.0279,0.0278,0.5311
22-JUL-2026,GUJRAFFIA,39.26,39.29,-0.0008,0.0334,0.0333,0.6362
22-JUL-2026,GUJTHEM,351.50,364.40,-0.0360,0.0333,0.0333,0.6362
22-JUL-2026,GULFOILLUB,982.40,989.50,-0.0072,0.0206,0.0206,0.3936
22-JUL-2026,GULFPETRO,39.26,38.26,0.0258,0.0260,0.0260,0.4967
22-JUL-2026,GULPOLY,186.94,180.83,0.0332,0.0283,0.0283,0.5407
22-JUL-2026,GVKPIL,2.48,2.50,-0.0080,0.0193,0.0192,0.3668
22-JUL-2026,GVPIL,805.10,811.15,-0.0075,0.0392,0.0391,0.7470
22-JUL-2026,GVPTECH,6.69,6.78,-0.0134,0.0305,0.0304,0.5808
22-JUL-2026,GVT&D,4481.50,4487.30,-0.0013,0.0291,0.0290,0.5540
22-JUL-2026,GYFTR,151.71,149.52,0.0145,0.0284,0.0283,0.5407
22-JUL-2026,HAL,4575.20,4581.70,-0.0014,0.0193,0.0192,0.3668
22-JUL-2026,HALDER,234.59,231.75,0.0122,0.0180,0.0180,0.3439
22-JUL-2026,HALDYNGL,118.99,118.26,0.0062,0.0326,0.0326,0.6228
22-JUL-2026,HALEOSLABS,1523.70,1571.00,-0.0306,0.0322,0.0322,0.6152
22-JUL-2026,HAPPSTMNDS,367.20,376.30,-0.0245,0.0227,0.0227,0.4337
22-JUL-2026,HAPPYFORGE,1591.30,1611.80,-0.0128,0.0202,0.0202,0.3859
22-JUL-2026,HARDOLI,34.65,34.65,0.0000,0.0000,0.0000,0.0000
22-JUL-2026,HARDWYN,15.52,15.73,-0.0134,0.0352,0.0351,0.6706
22-JUL-2026,HARIOMPIPE,385.85,391.70,-0.0150,0.0330,0.0329,0.6286
22-JUL-2026,HARRMALAYA,218.85,219.12,-0.0012,0.0253,0.0252,0.4814
22-JUL-2026,HARSHA,411.00,414.15,-0.0076,0.0214,0.0214,0.4088
22-JUL-2026,HATHWAY,10.82,11.02,-0.0183,0.0217,0.0216,0.4127
22-JUL-2026,HATSUN,892.70,928.50,-0.0393,0.0198,0.0199,0.3802
22-JUL-2026,HAVELLS,1207.10,1217.60,-0.0087,0.0156,0.0156,0.2980
22-JUL-2026,HAVISHA,1.19,1.17,0.0169,0.0358,0.0357,0.6820
22-JUL-2026,HAWKINCOOK,8738.50,8846.00,-0.0122,0.0135,0.0135,0.2579
22-JUL-2026,HBESD,72.76,75.72,-0.0399,0.0346,0.0346,0.6610
22-JUL-2026,HBLENGINE,712.75,729.05,-0.0226,0.0291,0.0291,0.5560
22-JUL-2026,HBSL,47.64,47.40,0.0051,0.0307,0.0306,0.5846
22-JUL-2026,HCC,22.06,22.66,-0.0268,0.0326,0.0326,0.6228
22-JUL-2026,HCG,670.95,661.25,0.0146,0.0200,0.0200,0.3821
22-JUL-2026,HCL-INSYS,11.57,11.67,-0.0086,0.0278,0.0277,0.5292
22-JUL-2026,HCLTECH,1237.30,1239.50,-0.0018,0.0186,0.0185,0.3534
22-JUL-2026,HDBFS,707.20,720.60,-0.0188,0.0147,0.0147,0.2808
22-JUL-2026,HDFCAMC,2546.00,2581.10,-0.0137,0.0208,0.0207,0.3955
22-JUL-2026,HDFCBANK,753.15,761.45,-0.0110,0.0139,0.0139,0.2656
22-JUL-2026,HDFCBSE500,37.29,37.59,-0.0080,0.0120,0.0120,0.2293
22-JUL-2026,HDFCGOLD,123.04,121.71,0.0109,0.0178,0.0178,0.3401
22-JUL-2026,HDFCGROWTH,116.24,116.60,-0.0031,0.0092,0.0092,0.1758
22-JUL-2026,HDFCLIFE,553.10,561.00,-0.0142,0.0147,0.0147,0.2808
22-JUL-2026,HDFCLIQUID,1070.34,1070.19,0.0001,0.0004,0.0004,0.0076
22-JUL-2026,HDFCLOWVOL,20.59,20.76,-0.0082,0.0095,0.0095,0.1815
22-JUL-2026,HDFCMID150,23.23,23.41,-0.0077,0.0107,0.0107,0.2044
22-JUL-2026,HDFCMOMENT,30.88,30.95,-0.0023,0.0118,0.0117,0.2235
22-JUL-2026,HDFCNEXT50,73.76,74.17,-0.0055,0.0113,0.0113,0.2159
22-JUL-2026,HDFCNIF100,25.94,26.08,-0.0054,0.0097,0.0097,0.1853
22-JUL-2026,HDFCNIFBAN,58.86,59.54,-0.0115,0.0106,0.0106,0.2025
22-JUL-2026,HDFCNIFIT,30.56,31.02,-0.0149,0.0154,0.0154,0.2942
22-JUL-2026,HDFCNIFTY,270.48,272.38,-0.0070,0.0085,0.0085,0.1624
22-JUL-2026,HDFCPSUBK,84.95,86.24,-0.0151,0.0155,0.0155,0.2961
22-JUL-2026,HDFCPVTBAN,28.06,28.43,-0.0131,0.0108,0.0108,0.2063
22-JUL-2026,HDFCQUAL,57.53,57.74,-0.0036,0.0089,0.0089,0.1700
22-JUL-2026,HDFCSENSEX,87.12,87.78,-0.0075,0.0085,0.0084,0.1605
22-JUL-2026,HDFCSILVER,213.26,212.36,0.0042,0.0342,0.0342,0.6534
22-JUL-2026,HDFCSML250,180.12,182.17,-0.0113,0.0116,0.0116,0.2216
22-JUL-2026,HDFCVALUE,125.50,126.99,-0.0118,0.0083,0.0083,0.1586
22-JUL-2026,HDIL,1.70,1.67,0.0178,0.0240,0.0240,0.4585
22-JUL-2026,HEADSUP,6.87,7.06,-0.0273,0.0299,0.0299,0.5712
22-JUL-2026,HEALTHADD,16.53,16.73,-0.0120,0.0097,0.0098,0.1872
22-JUL-2026,HEALTHAXIS,166.10,168.30,-0.0132,0.0100,0.0101,0.1930
22-JUL-2026,HEALTHCARE,21.14,21.41,-0.0127,0.0082,0.0082,0.1567
22-JUL-2026,HEALTHIETF,168.08,170.11,-0.0120,0.0093,0.0093,0.1777
22-JUL-2026,HEALTHX,319.90,318.15,0.0055,0.0243,0.0243,0.4643
22-JUL-2026,HEALTHY,16.83,17.03,-0.0118,0.0090,0.0090,0.1719
22-JUL-2026,HECPROJECT,143.06,138.72,0.0308,0.0378,0.0378,0.7222
22-JUL-2026,HEG,598.85,601.55,-0.0045,0.0273,0.0272,0.5197
22-JUL-2026,HEIDELBERG,158.88,160.93,-0.0128,0.0152,0.0152,0.2904
22-JUL-2026,HEMIPROP,135.39,137.94,-0.0187,0.0268,0.0268,0.5120
22-JUL-2026,HERANBA,175.30,179.84,-0.0256,0.0270,0.0270,0.5158
22-JUL-2026,HERITGFOOD,330.50,329.85,0.0020,0.0226,0.0225,0.4299
22-JUL-2026,HEROMOTOCO,4987.10,5034.00,-0.0094,0.0164,0.0164,0.3133
22-JUL-2026,HESTERBIO,2430.80,2450.10,-0.0079,0.0292,0.0291,0.5560
22-JUL-2026,HEXAGON,67.63,69.44,-0.0264,0.0197,0.0197,0.3764
22-JUL-2026,HEXATRADEX,154.04,156.19,-0.0139,0.0184,0.0184,0.3515
22-JUL-2026,HEXT,550.70,560.05,-0.0168,0.0227,0.0227,0.4337
22-JUL-2026,HFCL,217.90,217.96,-0.0003,0.0318,0.0318,0.6075
22-JUL-2026,HGINFRA,547.10,552.80,-0.0104,0.0249,0.0249,0.4757
22-JUL-2026,HGM,47.04,47.30,-0.0055,0.0346,0.0345,0.6591
22-JUL-2026,HGS,427.85,430.55,-0.0063,0.0211,0.0211,0.4031
22-JUL-2026,HIKAL,213.65,224.75,-0.0506,0.0275,0.0277,0.5292
22-JUL-2026,HILINFRA,44.06,43.70,0.0082,0.0197,0.0196,0.3745
22-JUL-2026,HILLRIDGE,10.00,10.00,0.0000,0.0000,0.0000,0.0000
22-JUL-2026,HILTON,21.41,22.19,-0.0358,0.0388,0.0387,0.7394
22-JUL-2026,HIMATSEIDE,82.62,84.52,-0.0227,0.0289,0.0288,0.5502
22-JUL-2026,HINDALCO,950.00,951.40,-0.0015,0.0186,0.0186,0.3554
22-JUL-2026,HINDCOMPOS,432.95,439.80,-0.0157,0.0261,0.0260,0.4967
22-JUL-2026,HINDCON,20.76,21.29,-0.0252,0.0285,0.0285,0.5445
22-JUL-2026,HINDCOPPER,489.25,492.45,-0.0065,0.0322,0.0321,0.6133
22-JUL-2026,HINDOILEXP,164.06,162.45,0.0099,0.0288,0.0288,0.5502
22-JUL-2026,HINDPETRO,395.20,406.95,-0.0293,0.0231,0.0232,0.4432
22-JUL-2026,HINDUNILVR,2154.60,2142.50,0.0056,0.0129,0.0129,0.2465
22-JUL-2026,HINDWAREAP,213.55,218.45,-0.0227,0.0326,0.0326,0.6228
22-JUL-2026,HINDZINC,535.40,534.20,0.0022,0.0249,0.0248,0.4738
22-JUL-2026,HIRECT,1278.40,1308.70,-0.0234,0.0376,0.0376,0.7183
22-JUL-2026,HISARMETAL,153.01,152.05,0.0063,0.0240,0.0240,0.4585
22-JUL-2026,HITECH,85.91,86.91,-0.0116,0.0273,0.0273,0.5216
22-JUL-2026,HITECHCORP,321.20,319.75,0.0045,0.0342,0.0341,0.6515
22-JUL-2026,HITECHGEAR,594.15,601.90,-0.0130,0.0231,0.0230,0.4394
22-JUL-2026,HLEGLAS,417.95,438.25,-0.0474,0.0322,0.0323,0.6171
22-JUL-2026,HLVLTD,7.18,7.11,0.0098,0.0285,0.0284,0.5426
22-JUL-2026,HMAAGRO,21.55,21.76,-0.0097,0.0225,0.0224,0.4280
22-JUL-2026,HMT,60.08,61.34,-0.0208,0.0245,0.0245,0.4681
22-JUL-2026,HMVL,91.38,91.55,-0.0019,0.0243,0.0242,0.4623
22-JUL-2026,HNDFDS,563.55,570.00,-0.0114,0.0179,0.0179,0.3420
22-JUL-2026,HNGSNGBEES,478.70,483.33,-0.0096,0.0178,0.0178,0.3401
22-JUL-2026,HOMEFIRST,1224.10,1280.10,-0.0447,0.0249,0.0251,0.4795
22-JUL-2026,HONASA,456.65,451.05,0.0123,0.0232,0.0232,0.4432
22-JUL-2026,HONAUT,38095.00,38575.00,-0.0125,0.0191,0.0190,0.3630
22-JUL-2026,HONDAPOWER,2116.30,2102.90,0.0064,0.0211,0.0210,0.4012
22-JUL-2026,HOTAHOTI,9.90,9.90,0.0000,0.0000,0.0000,0.0000
22-JUL-2026,HPAL,33.49,33.61,-0.0036,0.0264,0.0263,0.5025
22-JUL-2026,HPIL,121.72,128.25,-0.0523,0.0272,0.0273,0.5216
22-JUL-2026,HPL,342.85,347.60,-0.0138,0.0320,0.0319,0.6094
22-JUL-2026,HSBCGOLD,125.64,123.99,0.0132,0.0079,0.0079,0.1509
22-JUL-2026,HSCL,768.25,800.90,-0.0416,0.0244,0.0245,0.4681
22-JUL-2026,HTMEDIA,25.67,26.22,-0.0212,0.0272,0.0271,0.5177
22-JUL-2026,HUBTOWN,201.76,206.37,-0.0226,0.0317,0.0317,0.6056
22-JUL-2026,HUDCO,198.31,200.22,-0.0096,0.0239,0.0239,0.4566
22-JUL-2026,HUHTAMAKI,291.98,264.19,0.1000,0.0245,0.0254,0.4853
22-JUL-2026,HYBRIDFIN,19.00,17.86,0.0619,0.0407,0.0408,0.7795
22-JUL-2026,HYUNDAI,1945.60,1957.40,-0.0060,0.0173,0.0173,0.3305
22-JUL-2026,IBULLSLTD,29.59,28.96,0.0215,0.0386,0.0385,0.7355
22-JUL-2026,ICDSLTD,39.16,39.40,-0.0061,0.0363,0.0363,0.6935
22-JUL-2026,ICEMAKE,878.90,838.70,0.0468,0.0256,0.0257,0.4910
22-JUL-2026,ICICIAMC,3119.90,3150.00,-0.0096,0.0156,0.0156,0.2980
22-JUL-2026,ICICIB22,115.76,116.32,-0.0048,0.0099,0.0099,0.1891
22-JUL-2026,ICICIBANK,1440.70,1463.10,-0.0154,0.0124,0.0124,0.2369
22-JUL-2026,ICICIGI,1583.80,1624.60,-0.0254,0.0162,0.0162,0.3095
22-JUL-2026,ICICIPRULI,499.50,500.50,-0.0020,0.0168,0.0168,0.3210
22-JUL-2026,ICIL,398.00,396.55,0.0036,0.0360,0.0359,0.6859
22-JUL-2026,ICRA,5127.00,5163.00,-0.0070,0.0140,0.0140,0.2675
22-JUL-2026,IDBI,85.93,86.63,-0.0081,0.0301,0.0300,0.5731
22-JUL-2026,IDEA,13.54,13.49,0.0037,0.0310,0.0309,0.5903
22-JUL-2026,IDEAFORGE,861.80,850.50,0.0132,0.0355,0.0354,0.6763
22-JUL-2026,IDFCFIRSTB,80.72,81.66,-0.0116,0.0201,0.0201,0.3840
22-JUL-2026,IDFNIFTYET,265.13,266.57,-0.0054,0.0128,0.0128,0.2445
22-JUL-2026,IEX,123.48,124.43,-0.0077,0.0250,0.0249,0.4757
22-JUL-2026,IFBAGRO,947.75,987.80,-0.0414,0.0357,0.0357,0.6820
22-JUL-2026,IFBIND,1320.00,1355.00,-0.0262,0.0306,0.0306,0.5846
22-JUL-2026,IFCI,71.47,72.88,-0.0195,0.0352,0.0351,0.6706
22-JUL-2026,IFGLEXPOR,203.56,209.40,-0.0283,0.0334,0.0333,0.6362
22-JUL-2026,IGARASHI,447.50,457.50,-0.0221,0.0304,0.0304,0.5808
22-JUL-2026,IGCL,69.55,69.63,-0.0011,0.0238,0.0238,0.4547
22-JUL-2026,IGIL,348.50,345.20,0.0095,0.0233,0.0232,0.4432
22-JUL-2026,IGL,151.39,153.66,-0.0149,0.0194,0.0194,0.3706
22-JUL-2026,IGPL,438.40,424.00,0.0334,0.0243,0.0243,0.4643
22-JUL-2026,IIEL,10.00,10.00,0.0000,0.0000,0.0000,0.0000
22-JUL-2026,IIFL,570.35,571.80,-0.0025,0.0274,0.0273,0.5216
22-JUL-2026,IIFLCAPS,342.95,339.80,0.0092,0.0294,0.0293,0.5598
22-JUL-2026,IITL,129.51,127.40,0.0164,0.0301,0.0300,0.5731
22-JUL-2026,IKIO,212.74,216.44,-0.0172,0.0321,0.0321,0.6133
22-JUL-2026,IKS,1815.50,1882.60,-0.0363,0.0216,0.0217,0.4146
22-JUL-2026,IL&FSENGG,28.93,27.27,0.0591,0.0291,0.0294,0.5617
22-JUL-2026,IL&FSTRANS,2.08,2.11,-0.0143,0.0271,0.0270,0.5158
22-JUL-2026,IMAGICAA,47.36,46.95,0.0087,0.0253,0.0253,0.4834
22-JUL-2026,IMFA,1370.00,1374.20,-0.0031,0.0302,0.0301,0.5751
22-JUL-2026,IMPAL,1077.30,1093.30,-0.0147,0.0180,0.0180,0.3439
22-JUL-2026,INA,117.31,119.83,-0.0213,0.0250,0.0249,0.4757
22-JUL-2026,INCREDIBLE,34.01,33.11,0.0268,0.0286,0.0286,0.5464
22-JUL-2026,INDBANK,32.66,33.11,-0.0137,0.0283,0.0282,0.5388
22-JUL-2026,INDGN,493.40,507.75,-0.0287,0.0188,0.0188,0.3592
22-JUL-2026,INDHOTEL,724.85,731.65,-0.0093,0.0176,0.0176,0.3362
22-JUL-2026,INDIACEM,409.70,405.20,0.0110,0.0225,0.0225,0.4299
22-JUL-2026,INDIAGLYCO,1140.55,1153.95,-0.0117,0.0257,0.0257,0.4910
22-JUL-2026,INDIAMART,1820.00,1918.00,-0.0524,0.0167,0.0171,0.3267
22-JUL-2026,INDIANB,827.55,855.35,-0.0330,0.0216,0.0216,0.4127
22-JUL-2026,INDIANCARD,223.42,228.87,-0.0241,0.0261,0.0260,0.4967
22-JUL-2026,INDIANHUME,382.10,394.80,-0.0327,0.0286,0.0286,0.5464
22-JUL-2026,INDIASHLTR,770.55,815.20,-0.0563,0.0194,0.0198,0.3783
22-JUL-2026,INDIGO,5117.00,5305.00,-0.0361,0.0212,0.0213,0.4069
22-JUL-2026,INDIGOPNTS,1065.40,1077.50,-0.0113,0.0213,0.0213,0.4069
22-JUL-2026,INDIGRID,179.53,178.75,0.0044,0.0060,0.0060,0.1146
22-JUL-2026,INDIQUBE,174.65,171.74,0.0168,0.0201,0.0200,0.3821
22-JUL-2026,INDNIPPON,1213.70,1241.60,-0.0227,0.0258,0.0257,0.4910
22-JUL-2026,INDOAMIN,131.90,126.73,0.0400,0.0289,0.0289,0.5521
22-JUL-2026,INDOBORAX,396.80,430.15,-0.0807,0.0283,0.0288,0.5502
22-JUL-2026,INDOCO,233.20,245.84,-0.0528,0.0292,0.0293,0.5598
22-JUL-2026,INDOFARM,156.17,161.83,-0.0356,0.0312,0.0312,0.5961
22-JUL-2026,INDORAMA,48.68,49.83,-0.0233,0.0329,0.0329,0.6286
22-JUL-2026,INDOSTAR,265.35,270.60,-0.0196,0.0299,0.0298,0.5693
22-JUL-2026,INDOTECH,3413.30,3422.00,-0.0025,0.0384,0.0383,0.7317
22-JUL-2026,INDOTHAI,216.24,217.79,-0.0071,0.0292,0.0291,0.5560
22-JUL-2026,INDOUS,86.65,85.86,0.0092,0.0341,0.0340,0.6496
22-JUL-2026,INDOWIND,9.29,9.31,-0.0022,0.0312,0.0312,0.5961
22-JUL-2026,INDPRUD,6450.00,6579.50,-0.0199,0.0211,0.0211,0.4031
22-JUL-2026,INDRAMEDCO,367.45,374.30,-0.0185,0.0277,0.0277,0.5292
22-JUL-2026,INDSWFTLAB,233.07,237.65,-0.0195,0.0331,0.0330,0.6305
22-JUL-2026,INDTERRAIN,28.83,29.68,-0.0291,0.0277,0.0277,0.5292
22-JUL-2026,INDUENG,9.50,9.50,0.0000,0.0000,0.0000,0.0000
22-JUL-2026,INDUSINDBK,1069.35,1063.50,0.0055,0.0217,0.0217,0.4146
22-JUL-2026,INDUSINVIT,130.49,130.39,0.0008,0.0083,0.0083,0.1586
22-JUL-2026,INDUSTOWER,394.90,404.45,-0.0239,0.0182,0.0183,0.3496
22-JUL-2026,INFOBEAN,158.05,167.37,-0.0573,0.0418,0.0419,0.8005
22-JUL-2026,INFOMEDIA,5.62,5.73,-0.0194,0.0335,0.0334,0.6381
22-JUL-2026,INFRA,12.24,12.35,-0.0089,0.0084,0.0084,0.1605
22-JUL-2026,INFRABEES,965.70,974.15,-0.0087,0.0103,0.0103,0.1968
22-JUL-2026,INFRAIETF,96.20,97.02,-0.0085,0.0102,0.0102,0.1949
22-JUL-2026,INFY,1052.10,1073.50,-0.0201,0.0186,0.0186,0.3554
22-JUL-2026,INGERRAND,4530.80,4528.30,0.0006,0.0205,0.0204,0.3897
22-JUL-2026,INNOVACAP,974.10,980.00,-0.0060,0.0232,0.0231,0.4413
22-JUL-2026,INNOVANA,328.20,340.85,-0.0378,0.0282,0.0283,0.5407
22-JUL-2026,INNOVISION,286.10,287.10,-0.0035,0.0183,0.0183,0.3496
22-JUL-2026,INOXGREEN,193.49,195.21,-0.0089,0.0305,0.0304,0.5808
22-JUL-2026,INOXINDIA,2042.20,2093.60,-0.0249,0.0246,0.0246,0.4700
22-JUL-2026,INOXWIND,76.67,79.02,-0.0302,0.0276,0.0276,0.5273
22-JUL-2026,INSECTICID,616.70,624.05,-0.0118,0.0218,0.0218,0.4165
22-JUL-2026,INSPIRISYS,98.64,99.64,-0.0101,0.0279,0.0278,0.5311
22-JUL-2026,INTELLECT,738.45,759.35,-0.0279,0.0265,0.0265,0.5063
22-JUL-2026,INTENTECH,91.62,91.79,-0.0019,0.0337,0.0336,0.6419
22-JUL-2026,INTERARCH,1832.70,1805.60,0.0149,0.0269,0.0269,0.5139
22-JUL-2026,INTERISE,109.75,109.75,0.0000,0.0047,0.0047,0.0898
22-JUL-2026,INTERNET,13.21,13.37,-0.0120,0.0135,0.0135,0.2579
22-JUL-2026,INTERTEC,31.35,31.35,0.0000,0.0000,0.0000,0.0000
22-JUL-2026,INTLCONV,76.62,77.25,-0.0082,0.0238,0.0238,0.4547
22-JUL-2026,INVENTURE,0.90,0.90,0.0000,0.0262,0.0261,0.4986
22-JUL-2026,INVPRECQ,924.35,887.35,0.0409,0.0298,0.0299,0.5712
22-JUL-2026,IOB,34.59,35.25,-0.0189,0.0206,0.0206,0.3936
22-JUL-2026,IOC,142.02,143.30,-0.0090,0.0177,0.0176,0.3362
22-JUL-2026,IOLCP,148.23,151.00,-0.0185,0.0322,0.0322,0.6152
22-JUL-2026,IONEXCHANG,424.75,437.70,-0.0300,0.0260,0.0260,0.4967
22-JUL-2026,IPCALAB,1788.50,1799.00,-0.0059,0.0188,0.0188,0.3592
22-JUL-2026,IPL,151.11,149.47,0.0109,0.0255,0.0255,0.4872
22-JUL-2026,IRB,19.85,19.96,-0.0055,0.0202,0.0202,0.3859
22-JUL-2026,IRBINVIT,62.99,62.85,0.0022,0.0076,0.0075,0.1433
22-JUL-2026,IRBIT,220.22,220.22,0.0000,0.0000,0.0000,0.0000
22-JUL-2026,IRCON,127.17,129.06,-0.0148,0.0272,0.0271,0.5177
22-JUL-2026,IRCTC,494.05,499.80,-0.0116,0.0153,0.0153,0.2923
22-JUL-2026,IREDA,119.68,121.15,-0.0122,0.0230,0.0230,0.4394
22-JUL-2026,IRFC,87.39,88.31,-0.0105,0.0214,0.0214,0.4088
22-JUL-2026,IRIS,237.45,237.95,-0.0021,0.0284,0.0283,0.5407
22-JUL-2026,IRISDOREME,46.68,46.03,0.0140,0.0246,0.0245,0.4681
22-JUL-2026,IRMENERGY,256.55,260.75,-0.0162,0.0305,0.0305,0.5827
22-JUL-2026,ISFT,72.16,73.27,-0.0153,0.0268,0.0268,0.5120
22-JUL-2026,ISGEC,873.60,879.90,-0.0072,0.0260,0.0259,0.4948
22-JUL-2026,ISHANCH,54.85,52.16,0.0503,0.0260,0.0262,0.5006
22-JUL-2026,ISHL,807.00,807.00,0.0000,0.0005,0.0005,0.0096
22-JUL-2026,ISL,41.35,41.35,0.0000,0.0000,0.0000,0.0000
22-JUL-2026,IT,31.76,32.20,-0.0138,0.0157,0.0157,0.2999
22-JUL-2026,ITADD,30.35,30.77,-0.0137,0.0159,0.0159,0.3038
22-JUL-2026,ITAXIS,315.48,319.21,-0.0118,0.0160,0.0159,0.3038
22-JUL-2026,ITBEES,31.71,32.20,-0.0153,0.0155,0.0155,0.2961
22-JUL-2026,ITBETA,300.07,304.60,-0.0150,0.0156,0.0156,0.2980
22-JUL-2026,ITC,280.80,281.00,-0.0007,0.0123,0.0123,0.2350
22-JUL-2026,ITCHOTELS,163.83,164.37,-0.0033,0.0193,0.0193,0.3687
22-JUL-2026,ITDC,750.20,757.45,-0.0096,0.0367,0.0366,0.6992
22-JUL-2026,ITETF,30.27,30.68,-0.0135,0.0157,0.0157,0.2999
22-JUL-2026,ITI,280.65,285.65,-0.0177,0.0282,0.0282,0.5388
22-JUL-2026,ITIETF,31.79,32.20,-0.0128,0.0155,0.0155,0.2961
22-JUL-2026,IVALUE,283.95,290.80,-0.0238,0.0220,0.0220,0.4203
22-JUL-2026,IVC,8.26,8.31,-0.0060,0.0216,0.0216,0.4127
22-JUL-2026,IVP,156.82,157.12,-0.0019,0.0308,0.0308,0.5884
22-JUL-2026,IVZINGOLD,125.60,124.00,0.0128,0.0209,0.0209,0.3993
22-JUL-2026,IVZINNIFTY,2754.18,2772.32,-0.0066,0.0098,0.0098,0.1872
22-JUL-2026,IWP,33.55,32.78,0.0232,0.0251,0.0251,0.4795
22-JUL-2026,IXIGO,191.37,195.42,-0.0209,0.0325,0.0324,0.6190
22-JUL-2026,IZMO,1084.30,1103.90,-0.0179,0.0389,0.0388,0.7413
22-JUL-2026,J&KBANK,179.84,186.97,-0.0389,0.0263,0.0264,0.5044
22-JUL-2026,JAGRAN,63.03,62.98,0.0008,0.0147,0.0147,0.2808
22-JUL-2026,JAGSNPHARM,220.17,222.05,-0.0085,0.0264,0.0264,0.5044
22-JUL-2026,JAIBALAJI,61.45,62.76,-0.0211,0.0319,0.0318,0.6075
22-JUL-2026,JAICORPLTD,102.04,105.34,-0.0318,0.0306,0.0306,0.5846
22-JUL-2026,JAINREC,335.90,328.45,0.0224,0.0295,0.0295,0.5636
22-JUL-2026,JAIPURKURT,27.23,27.59,-0.0131,0.0331,0.0330,0.6305
22-JUL-2026,JAMNAAUTO,131.93,136.08,-0.0310,0.0252,0.0252,0.4814
22-JUL-2026,JARO,476.50,483.35,-0.0143,0.0280,0.0280,0.5349
22-JUL-2026,JASH,506.50,519.05,-0.0245,0.0270,0.0270,0.5158
22-JUL-2026,JAYAGROGN,220.28,221.92,-0.0074,0.0258,0.0257,0.4910
22-JUL-2026,JAYBARMARU,168.08,171.70,-0.0213,0.0364,0.0363,0.6935
22-JUL-2026,JAYKAY,166.16,168.42,-0.0135,0.0370,0.0369,0.7050
22-JUL-2026,JAYNECOIND,83.97,88.13,-0.0484,0.0358,0.0358,0.6840
22-JUL-2026,JAYSREETEA,81.07,81.68,-0.0075,0.0228,0.0227,0.4337
22-JUL-2026,JBMA,672.65,666.85,0.0087,0.0284,0.0284,0.5426
22-JUL-2026,JECOEXP,10.00,10.00,0.0000,0.0000,0.0000,0.0000
22-JUL-2026,JETFREIGHT,23.38,23.71,-0.0140,0.0313,0.0312,0.5961
22-JUL-2026,JGCHEM,484.45,493.35,-0.0182,0.0285,0.0284,0.5426
22-JUL-2026,JHS,7.25,7.28,-0.0041,0.0333,0.0332,0.6343
22-JUL-2026,JINDALPHOT,1061.40,1094.20,-0.0304,0.0328,0.0328,0.6266
22-JUL-2026,JINDALPOLY,647.70,669.85,-0.0336,0.0296,0.0296,0.5655
22-JUL-2026,JINDALSAW,265.15,262.25,0.0110,0.0298,0.0298,0.5693
22-JUL-2026,JINDALSTEL,1045.00,1044.70,0.0003,0.0186,0.0186,0.3554
22-JUL-2026,JINDRILL,590.00,593.55,-0.0060,0.0329,0.0328,0.6266
22-JUL-2026,JINDWORLD,37.16,37.64,-0.0128,0.0360,0.0359,0.6859
22-JUL-2026,JIOFIN,234.80,240.03,-0.0220,0.0189,0.0190,0.3630
22-JUL-2026,JISLDVREQS,21.44,21.62,-0.0084,0.0290,0.0289,0.5521
22-JUL-2026,JISLJALEQS,30.09,30.34,-0.0083,0.0299,0.0298,0.5693
22-JUL-2026,JITFINFRA,372.15,378.50,-0.0169,0.0362,0.0361,0.6897
22-JUL-2026,JKCEMENT,5762.00,5658.00,0.0182,0.0203,0.0203,0.3878
22-JUL-2026,JKIL,485.90,495.35,-0.0193,0.0217,0.0217,0.4146
22-JUL-2026,JKIPL,96.54,93.32,0.0339,0.0326,0.0326,0.6228
22-JUL-2026,JKLAKSHMI,580.00,582.15,-0.0037,0.0187,0.0187,0.3573
22-JUL-2026,JKPAPER,389.30,375.95,0.0349,0.0239,0.0239,0.4566
22-JUL-2026,JKTYRE,391.15,398.65,-0.0190,0.0246,0.0246,0.4700
22-JUL-2026,JLHL,1561.00,1567.10,-0.0039,0.0153,0.0153,0.2923
22-JUL-2026,JMA,88.52,87.63,0.0101,0.0230,0.0229,0.4375
22-JUL-2026,JMFINANCIL,124.39,124.04,0.0028,0.0281,0.0281,0.5368
22-JUL-2026,JNKINDIA,473.75,480.35,-0.0138,0.0350,0.0350,0.6687
22-JUL-2026,JOCIL,140.16,140.16,0.0000,0.0238,0.0237,0.4528
22-JUL-2026,JOTINDRA,2.70,2.70,0.0000,0.0234,0.0233,0.4451
22-JUL-2026,JPOLYINVST,1062.40,1091.40,-0.0269,0.0308,0.0308,0.5884
22-JUL-2026,JPPOWER,17.37,17.75,-0.0216,0.0337,0.0337,0.6438
22-JUL-2026,JSFB,552.25,561.60,-0.0168,0.0265,0.0265,0.5063
22-JUL-2026,JSL,738.40,739.05,-0.0009,0.0213,0.0213,0.4069
22-JUL-2026,JSLL,559.40,573.85,-0.0255,0.0324,0.0324,0.6190
22-JUL-2026,JSWCEMENT,137.29,140.97,-0.0265,0.0161,0.0161,0.3076
22-JUL-2026,JSWDULUX,3055.10,2982.40,0.0241,0.0197,0.0197,0.3764
22-JUL-2026,JSWENERGY,561.70,566.20,-0.0080,0.0218,0.0217,0.4146
22-JUL-2026,JSWHL,10915.00,10982.00,-0.0061,0.0257,0.0257,0.4910
22-JUL-2026,JSWINFRA,330.00,344.55,-0.0431,0.0215,0.0217,0.4146
22-JUL-2026,JSWSTEEL,1266.90,1267.40,-0.0004,0.0154,0.0154,0.2942
22-JUL-2026,JTEKTINDIA,132.04,133.82,-0.0134,0.0263,0.0262,0.5006
22-JUL-2026,JTLIND,73.05,76.35,-0.0442,0.0364,0.0365,0.6973
22-JUL-2026,JUBLCPL,1882.70,1930.50,-0.0251,0.0290,0.0290,0.5540
22-JUL-2026,JUBLFOOD,417.20,425.50,-0.0197,0.0203,0.0203,0.3878
22-JUL-2026,JUBLINGREA,743.70,763.80,-0.0267,0.0248,0.0248,0.4738
22-JUL-2026,JUBLPHARMA,989.20,1005.95,-0.0168,0.0207,0.0206,0.3936
22-JUL-2026,JUNIORBEES,779.61,784.46,-0.0062,0.0110,0.0110,0.2102
22-JUL-2026,JUNIPER,192.41,196.88,-0.0230,0.0221,0.0221,0.4222
22-JUL-2026,JUSTDIAL,723.00,743.40,-0.0278,0.0264,0.0264,0.5044
22-JUL-2026,JWL,246.65,250.40,-0.0151,0.0295,0.0294,0.5617
22-JUL-2026,JYOTHYLAB,200.67,200.31,0.0018,0.0196,0.0195,0.3725
22-JUL-2026,JYOTICNC,790.85,802.90,-0.0151,0.0288,0.0287,0.5483
22-JUL-2026,JYOTISTRUC,10.74,11.17,-0.0393,0.0359,0.0360,0.6878
22-JUL-2026,KABIRDAS,1.00,1.00,0.0000,0.0000,0.0000,0.0000
22-JUL-2026,KABRAEXTRU,341.00,359.25,-0.0521,0.0311,0.0312,0.5961
22-JUL-2026,KAJARIACER,1229.60,1229.30,0.0002,0.0191,0.0191,0.3649
22-JUL-2026,KAKATCEM,121.60,121.39,0.0017,0.0252,0.0251,0.4795
22-JUL-2026,KALAMANDIR,86.62,89.91,-0.0373,0.0282,0.0283,0.5407
22-JUL-2026,KALPATARU,273.35,276.35,-0.0109,0.0203,0.0202,0.3859
22-JUL-2026,KALYANI,138.09,138.09,0.0000,0.0031,0.0031,0.0592
22-JUL-2026,KALYANIFRG,609.15,598.80,0.0171,0.0247,0.0247,0.4719
22-JUL-2026,KALYANKJIL,596.10,577.00,0.0326,0.0312,0.0312,0.5961
22-JUL-2026,KAMAHOLD,2641.00,2720.00,-0.0295,0.0181,0.0181,0.3458
22-JUL-2026,KAMATHOTEL,167.76,172.02,-0.0251,0.0295,0.0295,0.5636
22-JUL-2026,KAMDHENU,33.76,33.53,0.0068,0.0295,0.0295,0.5636
22-JUL-2026,KAMINI,3.25,3.25,0.0000,0.0032,0.0032,0.0611
22-JUL-2026,KAMOPAINTS,4.52,4.54,-0.0044,0.0286,0.0286,0.5464
22-JUL-2026,KANANIIND,1.50,1.51,-0.0066,0.0295,0.0294,0.5617
22-JUL-2026,KANCHI,368.55,353.75,0.0410,0.0257,0.0258,0.4929
22-JUL-2026,KANORICHEM,153.53,152.24,0.0084,0.0291,0.0290,0.5540
22-JUL-2026,KANPRPLA,201.03,202.30,-0.0063,0.0324,0.0323,0.6171
22-JUL-2026,KANSAINER,198.92,202.28,-0.0168,0.0168,0.0168,0.3210
22-JUL-2026,KAPSTON,464.45,451.95,0.0273,0.0256,0.0256,0.4891
22-JUL-2026,KARMAENG,38.10,39.09,-0.0257,0.0329,0.0329,0.6286
22-JUL-2026,KARURVYSYA,339.15,340.30,-0.0034,0.0237,0.0236,0.4509
22-JUL-2026,KAUSHALYA,897.00,902.05,-0.0056,0.0319,0.0318,0.6075
22-JUL-2026,KAVDEFENCE,57.66,58.53,-0.0150,0.0341,0.0341,0.6515
22-JUL-2026,KAYA,266.31,245.11,0.0830,0.0299,0.0304,0.5808
22-JUL-2026,KAYNES,3252.40,3272.00,-0.0060,0.0338,0.0337,0.6438
22-JUL-2026,KCP,170.06,168.69,0.0081,0.0234,0.0233,0.4451
22-JUL-2026,KCPSUGIND,25.06,25.81,-0.0295,0.0262,0.0262,0.5006
22-JUL-2026,KDDL,3097.40,3175.80,-0.0250,0.0300,0.0300,0.5731
22-JUL-2026,KEC,479.60,490.80,-0.0231,0.0249,0.0249,0.4757
22-JUL-2026,KECL,127.17,127.71,-0.0042,0.0303,0.0302,0.5770
22-JUL-2026,KEEPLEARN,1.75,1.78,-0.0170,0.0354,0.0353,0.6744
22-JUL-2026,KEI,4971.50,4974.50,-0.0006,0.0230,0.0230,0.4394
22-JUL-2026,KELLTONTEC,14.49,14.69,-0.0137,0.0315,0.0314,0.5999
22-JUL-2026,KENNAMET,2751.70,2790.00,-0.0138,0.0259,0.0259,0.4948
22-JUL-2026,KERNEX,2195.80,2131.00,0.0300,0.0369,0.0369,0.7050
22-JUL-2026,KESORAMIND,12.12,11.89,0.0192,0.0351,0.0350,0.6687
22-JUL-2026,KEYFINSERV,262.26,264.80,-0.0096,0.0371,0.0371,0.7088
22-JUL-2026,KFINTECH,880.20,888.85,-0.0098,0.0247,0.0247,0.4719
22-JUL-2026,KHADIM,94.64,97.14,-0.0261,0.0308,0.0308,0.5884
22-JUL-2026,KHAICHEM,48.00,49.07,-0.0220,0.0302,0.0302,0.5770
22-JUL-2026,KHAITANLTD,129.50,130.20,-0.0054,0.0331,0.0330,0.6305
22-JUL-2026,KHANDSE,17.42,16.95,0.0274,0.0334,0.0334,0.6381
22-JUL-2026,KICL,5470.00,5570.50,-0.0182,0.0223,0.0223,0.4260
22-JUL-2026,KILITCH,178.26,182.34,-0.0226,0.0290,0.0290,0.5540
22-JUL-2026,KIMS,784.45,790.45,-0.0076,0.0202,0.0202,0.3859
22-JUL-2026,KINGFA,5068.50,5049.50,0.0038,0.0248,0.0248,0.4738
22-JUL-2026,KIOCL,357.10,368.90,-0.0325,0.0346,0.0346,0.6610
22-JUL-2026,KIRANVYPAR,196.37,197.20,-0.0042,0.0259,0.0259,0.4948
22-JUL-2026,KIRIINDUS,402.00,407.95,-0.0147,0.0291,0.0290,0.5540
22-JUL-2026,KIRLFER,470.10,468.05,0.0044,0.0231,0.0231,0.4413
22-JUL-2026,KIRLOSBROS,1876.80,1910.90,-0.0180,0.0280,0.0280,0.5349
22-JUL-2026,KIRLOSENG,2188.10,2221.70,-0.0152,0.0298,0.0297,0.5674
22-JUL-2026,KIRLOSIND,3784.30,3852.70,-0.0179,0.0280,0.0280,0.5349
22-JUL-2026,KIRLPNU,1598.70,1616.10,-0.0108,0.0269,0.0269,0.5139
22-JUL-2026,KISSHT,339.05,336.50,0.0075,0.0197,0.0197,0.3764
22-JUL-2026,KITEX,145.22,148.68,-0.0235,0.0348,0.0347,0.6629
22-JUL-2026,KKCL,499.90,511.40,-0.0227,0.0208,0.0208,0.3974
22-JUL-2026,KLBRENG-B,443.65,437.05,0.0150,0.0211,0.0211,0.4031
22-JUL-2026,KMEW,2426.00,2451.90,-0.0106,0.0373,0.0372,0.7107
22-JUL-2026,KMSUGAR,28.66,28.97,-0.0108,0.0215,0.0215,0.4108
22-JUL-2026,KNACK,190.42,194.45,-0.0209,0.0079,0.0080,0.1528
22-JUL-2026,KNAGRI,208.76,205.35,0.0165,0.0261,0.0261,0.4986
22-JUL-2026,KNRCON,121.59,124.01,-0.0197,0.0245,0.0245,0.4681
22-JUL-2026,KOHINOOR,23.51,23.77,-0.0110,0.0251,0.0250,0.4776
22-JUL-2026,KOKUYOCMLN,85.33,85.32,0.0001,0.0226,0.0226,0.4318
22-JUL-2026,KOLTEPATIL,386.05,382.05,0.0104,0.0215,0.0214,0.4088
22-JUL-2026,KOPRAN,201.37,204.01,-0.0130,0.0311,0.0310,0.5923
22-JUL-2026,KOTAKBANK,381.15,385.95,-0.0125,0.0144,0.0144,0.2751
22-JUL-2026,KOTARISUG,24.44,25.20,-0.0306,0.0214,0.0214,0.4088
22-JUL-2026,KOTHARIPET,126.41,129.15,-0.0214,0.0261,0.0261,0.4986
22-JUL-2026,KOTHARIPRO,67.45,68.64,-0.0175,0.0292,0.0291,0.5560
22-JUL-2026,KOTIC,167.92,168.01,-0.0005,0.0293,0.0292,0.5579
22-JUL-2026,KOTYARK,33.32,34.27,-0.0281,0.0186,0.0187,0.3573
22-JUL-2026,KOVAI,5749.00,5935.00,-0.0318,0.0181,0.0182,0.3477
22-JUL-2026,KPEL,306.85,309.70,-0.0092,0.0292,0.0291,0.5560
22-JUL-2026,KPIGREEN,396.70,406.45,-0.0243,0.0278,0.0278,0.5311
22-JUL-2026,KPIL,1320.10,1341.70,-0.0162,0.0208,0.0208,0.3974
22-JUL-2026,KPITTECH,554.90,564.45,-0.0171,0.0259,0.0259,0.4948
22-JUL-2026,KPL,2697.40,2687.20,0.0038,0.0346,0.0345,0.6591
22-JUL-2026,KPRMILL,1064.80,1100.90,-0.0333,0.0265,0.0266,0.5082
22-JUL-2026,KRBL,350.30,355.05,-0.0135,0.0251,0.0251,0.4795
22-JUL-2026,KREBSBIO,53.49,55.08,-0.0293,0.0336,0.0336,0.6419
22-JUL-2026,KRIDHANINF,2.47,2.56,-0.0358,0.0375,0.0375,0.7164
22-JUL-2026,KRISHANA,143.65,142.85,0.0056,0.0289,0.0288,0.5502
22-JUL-2026,KRISHIVAL,389.35,393.55,-0.0107,0.0170,0.0170,0.3248
22-JUL-2026,KRISHNADEF,1306.80,1293.60,0.0102,0.0255,0.0255,0.4872
22-JUL-2026,KRITI,65.60,68.40,-0.0418,0.0360,0.0360,0.6878
22-JUL-2026,KRITIKA,5.59,5.60,-0.0018,0.0280,0.0279,0.5330
22-JUL-2026,KRITINUT,77.39,76.76,0.0082,0.0318,0.0317,0.6056
22-JUL-2026,KRN,1238.00,1255.60,-0.0141,0.0313,0.0312,0.5961
22-JUL-2026,KRONOX,148.85,152.18,-0.0221,0.0263,0.0263,0.5025
22-JUL-2026,KROSS,210.69,211.24,-0.0026,0.0290,0.0289,0.5521
22-JUL-2026,KRSNAA,541.65,552.45,-0.0197,0.0204,0.0204,0.3897
22-JUL-2026,KRT,116.44,116.00,0.0038,0.0097,0.0096,0.1834
22-JUL-2026,KRYSTAL,600.05,600.20,-0.0002,0.0251,0.0250,0.4776
22-JUL-2026,KSB,892.35,906.80,-0.0161,0.0196,0.0195,0.3725
22-JUL-2026,KSCL,855.40,867.55,-0.0141,0.0245,0.0245,0.4681
22-JUL-2026,KSHINTL,893.70,905.25,-0.0128,0.0264,0.0263,0.5025
22-JUL-2026,KSHITIJPOL,2.60,2.48,0.0473,0.0364,0.0365,0.6973
22-JUL-2026,KSL,886.30,900.25,-0.0156,0.0246,0.0246,0.4700
22-JUL-2026,KSOLVES,287.80,291.45,-0.0126,0.0281,0.0281,0.5368
22-JUL-2026,KSR,29.81,30.04,-0.0077,0.0282,0.0282,0.5388
22-JUL-2026,KTKBANK,276.25,281.30,-0.0181,0.0208,0.0207,0.3955
22-JUL-2026,KUANTUM,78.21,75.59,0.0341,0.0223,0.0223,0.4260
22-JUL-2026,KUSUMGAR,575.85,567.30,0.0150,0.0026,0.0028,0.0535
22-JUL-2026,KWIL,32.58,33.86,-0.0385,0.0203,0.0204,0.3897
22-JUL-2026,LAFFANSOFT,10.00,10.00,0.0000,0.0000,0.0000,0.0000
22-JUL-2026,LAGNAM,88.57,88.70,-0.0015,0.0297,0.0296,0.5655
22-JUL-2026,LAHOTIOV,42.65,43.87,-0.0282,0.0293,0.0293,0.5598
22-JUL-2026,LAKPRE,4.99,5.35,-0.0697,0.0442,0.0444,0.8483
22-JUL-2026,LAL,8.82,8.51,0.0358,0.0299,0.0300,0.5731
22-JUL-2026,LALPATHLAB,1699.00,1700.10,-0.0006,0.0186,0.0186,0.3554
22-JUL-2026,LAMBODHARA,113.78,115.16,-0.0121,0.0325,0.0325,0.6209
22-JUL-2026,LANCORHOL,24.85,24.66,0.0077,0.0333,0.0332,0.6343
22-JUL-2026,LANDMARK,519.25,532.15,-0.0245,0.0293,0.0293,0.5598
22-JUL-2026,LANDSMILL,0.76,0.76,0.0000,0.0350,0.0349,0.6668
22-JUL-2026,LAOPALA,189.78,189.71,0.0004,0.0194,0.0193,0.3687
22-JUL-2026,LASA,7.12,7.29,-0.0236,0.0325,0.0324,0.6190
22-JUL-2026,LASERPOWER,277.66,281.97,-0.0154,0.0079,0.0079,0.1509
22-JUL-2026,LATENTVIEW,304.55,305.40,-0.0028,0.0274,0.0273,0.5216
22-JUL-2026,LATTEYS,20.13,20.46,-0.0163,0.0338,0.0337,0.6438
22-JUL-2026,LAURUSLABS,1577.80,1593.20,-0.0097,0.0200,0.0200,0.3821
22-JUL-2026,LAXMICOT,14.71,15.19,-0.0321,0.0345,0.0345,0.6591
22-JUL-2026,LAXMIDENTL,217.94,224.84,-0.0312,0.0303,0.0303,0.5789
22-JUL-2026,LAXMIINDIA,129.81,123.63,0.0488,0.0320,0.0321,0.6133
22-JUL-2026,LCCINFOTEC,4.50,4.55,-0.0110,0.0397,0.0396,0.7566
22-JUL-2026,LEGEND,1025.55,1025.55,0.0000,0.0004,0.0004,0.0076
22-JUL-2026,LEMERITE,20.34,20.03,0.0154,0.0303,0.0302,0.5770
22-JUL-2026,LEMONTREE,108.91,110.95,-0.0186,0.0215,0.0214,0.4088
22-JUL-2026,LENSKART,559.35,549.05,0.0186,0.0166,0.0166,0.3171
22-JUL-2026,LEXUS,14.91,15.36,-0.0297,0.0369,0.0369,0.7050
22-JUL-2026,LFIC,143.72,143.85,-0.0009,0.0321,0.0320,0.6114
22-JUL-2026,LGBBROSLTD,1547.70,1542.50,0.0034,0.0223,0.0223,0.4260
22-JUL-2026,LGEINDIA,1529.40,1563.50,-0.0221,0.0138,0.0139,0.2656
22-JUL-2026,LGHL,208.77,208.47,0.0014,0.0284,0.0283,0.5407
22-JUL-2026,LIBAS,10.35,10.21,0.0136,0.0241,0.0241,0.4604
22-JUL-2026,LIBERTSHOE,262.20,266.15,-0.0150,0.0278,0.0278,0.5311
22-JUL-2026,LICHSGFIN,538.60,548.60,-0.0184,0.0173,0.0173,0.3305
22-JUL-2026,LICI,423.30,429.70,-0.0150,0.0164,0.0164,0.3133
22-JUL-2026,LICMFGOLD,129.90,128.40,0.0116,0.0189,0.0189,0.3611
22-JUL-2026,LICNETFGSC,29.45,29.45,0.0000,0.0036,0.0036,0.0688
22-JUL-2026,LICNETFN50,269.62,271.00,-0.0051,0.0092,0.0092,0.1758
22-JUL-2026,LICNETFSEN,876.24,876.24,0.0000,0.0114,0.0114,0.2178
22-JUL-2026,LICNFNHGP,275.30,276.44,-0.0041,0.0112,0.0112,0.2140
22-JUL-2026,LICNMID100,62.81,63.18,-0.0059,0.0128,0.0128,0.2445
22-JUL-2026,LIKHITHA,235.75,234.95,0.0034,0.0314,0.0313,0.5980
22-JUL-2026,LINC,105.48,105.59,-0.0010,0.0293,0.0293,0.5598
22-JUL-2026,LINCOLN,577.05,598.55,-0.0366,0.0277,0.0277,0.5292
22-JUL-2026,LINDEINDIA,6840.50,7004.00,-0.0236,0.0198,0.0198,0.3783
22-JUL-2026,LIQGRWBEES,1048.54,1048.40,0.0001,0.0002,0.0002,0.0038
22-JUL-2026,LIQUID,999.99,999.99,0.0000,0.0000,0.0000,0.0000
22-JUL-2026,LIQUID1,1114.60,1114.46,0.0001,0.0002,0.0002,0.0038
22-JUL-2026,LIQUIDADD,1136.75,1136.60,0.0001,0.0002,0.0002,0.0038
22-JUL-2026,LIQUIDBEES,1000.00,1000.00,0.0000,0.0000,0.0000,0.0000
22-JUL-2026,LIQUIDBETA,1001.06,1000.92,0.0001,0.0000,0.0000,0.0000
22-JUL-2026,LIQUIDBETF,1091.25,1091.11,0.0001,0.0011,0.0011,0.0210
22-JUL-2026,LIQUIDCASE,115.11,115.10,0.0001,0.0003,0.0003,0.0057
22-JUL-2026,LIQUIDETF,999.99,999.99,0.0000,0.0000,0.0000,0.0000
22-JUL-2026,LIQUIDIETF,999.99,999.99,0.0000,0.0001,0.0001,0.0019
22-JUL-2026,LIQUIDPLUS,1095.44,1095.30,0.0001,0.0002,0.0002,0.0038
22-JUL-2026,LIQUIDSBI,1000.00,1000.00,0.0000,0.0003,0.0003,0.0057
22-JUL-2026,LIQUIDSHRI,1113.99,1113.87,0.0001,0.0002,0.0002,0.0038
22-JUL-2026,LLOYDSENGG,86.94,91.17,-0.0475,0.0338,0.0339,0.6477
22-JUL-2026,LLOYDSENT,78.52,81.49,-0.0371,0.0345,0.0345,0.6591
22-JUL-2026,LLOYDSME,1871.60,1936.40,-0.0340,0.0240,0.0241,0.4604
22-JUL-2026,LMW,16091.00,16098.00,-0.0004,0.0191,0.0191,0.3649
22-JUL-2026,LODHA,1161.00,1198.95,-0.0322,0.0251,0.0251,0.4795
22-JUL-2026,LOGICINFO,10.00,10.00,0.0000,0.0000,0.0000,0.0000
22-JUL-2026,LOKESHMACH,345.00,342.95,0.0060,0.0332,0.0331,0.6324
22-JUL-2026,LORDSCHLO,144.13,148.16,-0.0276,0.0300,0.0300,0.5731
22-JUL-2026,LOTUSDEV,162.70,148.18,0.0935,0.0223,0.0232,0.4432
22-JUL-2026,LOTUSEYE,119.28,121.73,-0.0203,0.0310,0.0309,0.5903
22-JUL-2026,LOVABLE,72.13,74.21,-0.0284,0.0266,0.0266,0.5082
22-JUL-2026,LOWVOL,206.82,207.81,-0.0048,0.0081,0.0081,0.1548
22-JUL-2026,LOWVOL1,21.18,21.23,-0.0024,0.0099,0.0099,0.1891
22-JUL-2026,LOWVOLIETF,22.16,22.23,-0.0032,0.0081,0.0081,0.1548
22-JUL-2026,LOYALTEX,213.48,202.00,0.0553,0.0337,0.0339,0.6477
22-JUL-2026,LPDC,6.19,6.28,-0.0144,0.0332,0.0331,0.6324
22-JUL-2026,LT,3817.40,3846.60,-0.0076,0.0166,0.0166,0.3171
22-JUL-2026,LTF,305.90,306.75,-0.0028,0.0221,0.0220,0.4203
22-JUL-2026,LTFOODS,378.65,380.00,-0.0036,0.0255,0.0255,0.4872
22-JUL-2026,LTGILTBEES,29.88,29.96,-0.0027,0.0022,0.0022,0.0420
22-JUL-2026,LTGILTCASE,30.48,30.51,-0.0010,0.0018,0.0018,0.0344
22-JUL-2026,LTM,3982.40,4047.10,-0.0161,0.0202,0.0202,0.3859
22-JUL-2026,LTTS,3333.20,3306.40,0.0081,0.0227,0.0227,0.4337
22-JUL-2026,LUMAXIND,5084.00,5123.00,-0.0076,0.0292,0.0291,0.5560
22-JUL-2026,LUMAXTECH,1475.30,1462.60,0.0086,0.0314,0.0313,0.5980
22-JUL-2026,LUPIN,2406.90,2514.80,-0.0439,0.0144,0.0146,0.2789
22-JUL-2026,LUXIND,1225.50,1252.60,-0.0219,0.0292,0.0292,0.5579
22-JUL-2026,LXCHEM,174.53,181.51,-0.0392,0.0271,0.0272,0.5197
22-JUL-2026,LYKALABS,64.95,65.95,-0.0153,0.0287,0.0287,0.5483
22-JUL-2026,M&M,3175.30,3201.70,-0.0083,0.0182,0.0182,0.3477
22-JUL-2026,M&MFIN,378.15,349.90,0.0776,0.0234,0.0240,0.4585
22-JUL-2026,MAANALU,114.84,115.09,-0.0022,0.0301,0.0300,0.5731
22-JUL-2026,MACPOWER,1340.90,1348.20,-0.0054,0.0336,0.0335,0.6400
22-JUL-2026,MADHAV,34.46,35.50,-0.0297,0.0288,0.0288,0.5502
22-JUL-2026,MADHAVIPL,7.90,8.12,-0.0275,0.0294,0.0294,0.5617
22-JUL-2026,MADHUCON,5.27,5.37,-0.0188,0.0322,0.0321,0.6133
22-JUL-2026,MADRASFERT,67.07,67.71,-0.0095,0.0255,0.0254,0.4853
22-JUL-2026,MAFANG,196.27,194.77,0.0077,0.0160,0.0160,0.3057
22-JUL-2026,MAFATIND,130.61,132.18,-0.0119,0.0290,0.0289,0.5521
22-JUL-2026,MAGADSUGAR,499.35,512.00,-0.0250,0.0236,0.0236,0.4509
22-JUL-2026,MAGNUM,19.07,18.61,0.0244,0.0299,0.0298,0.5693
22-JUL-2026,MAHABANK,79.17,81.75,-0.0321,0.0232,0.0233,0.4451
22-JUL-2026,MAHAPEXLTD,44.22,45.28,-0.0237,0.0338,0.0337,0.6438
22-JUL-2026,MAHASTEEL,795.85,799.40,-0.0045,0.0268,0.0267,0.5101
22-JUL-2026,MAHEPC,106.69,111.16,-0.0410,0.0272,0.0273,0.5216
22-JUL-2026,MAHESHWARI,73.00,73.00,0.0000,0.0245,0.0244,0.4662
22-JUL-2026,MAHKTECH,23.55,22.87,0.0293,0.0208,0.0209,0.3993
22-JUL-2026,MAHLIFE,374.10,369.20,0.0132,0.0206,0.0206,0.3936
22-JUL-2026,MAHLOG,402.15,391.15,0.0277,0.0240,0.0240,0.4585
22-JUL-2026,MAHSCOOTER,12833.00,12921.00,-0.0068,0.0207,0.0206,0.3936
22-JUL-2026,MAHSEAMLES,575.40,580.00,-0.0080,0.0187,0.0186,0.3554
22-JUL-2026,MAITHANALL,977.10,988.70,-0.0118,0.0243,0.0242,0.4623
22-JUL-2026,MAJESAUT,430.30,430.70,-0.0009,0.0258,0.0258,0.4929
22-JUL-2026,MAKEINDIA,162.61,163.28,-0.0041,0.0105,0.0105,0.2006
22-JUL-2026,MALLCOM,1005.40,1021.20,-0.0156,0.0261,0.0260,0.4967
22-JUL-2026,MALUPAPER,34.85,30.15,0.1449,0.0282,0.0299,0.5712
22-JUL-2026,MAMATA,397.95,399.60,-0.0041,0.0263,0.0262,0.5006
22-JUL-2026,MANAKALUCO,36.33,36.72,-0.0107,0.0422,0.0421,0.8043
22-JUL-2026,MANAKCOAT,122.59,123.18,-0.0048,0.0304,0.0303,0.5789
22-JUL-2026,MANAKSIA,56.99,57.13,-0.0025,0.0254,0.0253,0.4834
22-JUL-2026,MANAKSTEEL,72.85,73.47,-0.0085,0.0347,0.0346,0.6610
22-JUL-2026,MANALIPETC,64.25,65.80,-0.0238,0.0277,0.0277,0.5292
22-JUL-2026,MANAPPURAM,350.20,351.75,-0.0044,0.0227,0.0227,0.4337
22-JUL-2026,MANBA,139.17,139.86,-0.0049,0.0190,0.0189,0.3611
22-JUL-2026,MANCREDIT,215.77,220.39,-0.0212,0.0212,0.0212,0.4050
22-JUL-2026,MANGALAM,27.22,27.25,-0.0011,0.0302,0.0302,0.5770
22-JUL-2026,MANGLMCEM,982.50,980.10,0.0024,0.0204,0.0203,0.3878
22-JUL-2026,MANINDS,514.60,527.20,-0.0242,0.0346,0.0345,0.6591
22-JUL-2026,MANINFRA,98.52,99.67,-0.0116,0.0250,0.0250,0.4776
22-JUL-2026,MANKIND,2544.70,2579.40,-0.0135,0.0174,0.0174,0.3324
22-JUL-2026,MANOMAY,202.25,200.59,0.0082,0.0317,0.0316,0.6037
22-JUL-2026,MANORAMA,1573.60,1608.50,-0.0219,0.0293,0.0293,0.5598
22-JUL-2026,MANORG,550.00,571.40,-0.0382,0.0325,0.0325,0.6209
22-JUL-2026,MANUFGBEES,160.33,161.02,-0.0043,0.0084,0.0084,0.1605
22-JUL-2026,MANUGRAPH,14.55,15.06,-0.0345,0.0351,0.0350,0.6687
22-JUL-2026,MANYAVAR,407.75,417.05,-0.0226,0.0201,0.0201,0.3840
22-JUL-2026,MAPMYINDIA,1044.45,1070.30,-0.0244,0.0280,0.0280,0.5349
22-JUL-2026,MARALOVER,55.00,56.03,-0.0186,0.0320,0.0319,0.6094
22-JUL-2026,MARATHON,388.55,390.85,-0.0059,0.0269,0.0269,0.5139
22-JUL-2026,MARBLE,123.35,123.35,0.0000,0.0000,0.0000,0.0000
22-JUL-2026,MARICO,862.65,853.55,0.0106,0.0123,0.0123,0.2350
22-JUL-2026,MARINE,255.50,260.60,-0.0198,0.0319,0.0319,0.6094
22-JUL-2026,MARKOLINES,181.32,177.16,0.0232,0.0274,0.0274,0.5235
22-JUL-2026,MARKSANS,241.10,260.30,-0.0766,0.0276,0.0281,0.5368
22-JUL-2026,MARSONS,114.49,117.19,-0.0233,0.0317,0.0317,0.6056
22-JUL-2026,MARUTI,13545.00,13597.00,-0.0038,0.0154,0.0153,0.2923
22-JUL-2026,MASFIN,315.75,320.85,-0.0160,0.0190,0.0190,0.3630
22-JUL-2026,MASKINVEST,150.00,150.00,0.0000,0.0388,0.0387,0.7394
22-JUL-2026,MASPTOP50,78.81,78.74,0.0009,0.0137,0.0137,0.2617
22-JUL-2026,MASTEK,1715.50,1746.60,-0.0180,0.0241,0.0241,0.4604
22-JUL-2026,MASTERTR,85.35,86.15,-0.0093,0.0388,0.0387,0.7394
22-JUL-2026,MATRIMONY,429.95,437.85,-0.0182,0.0202,0.0202,0.3859
22-JUL-2026,MAWANASUG,114.08,116.97,-0.0250,0.0241,0.0241,0.4604
22-JUL-2026,MAXESTATES,391.75,399.20,-0.0188,0.0261,0.0261,0.4986
22-JUL-2026,MAXHEALTH,1081.00,1100.40,-0.0178,0.0187,0.0187,0.3573
22-JUL-2026,MAXIND,160.85,163.46,-0.0161,0.0278,0.0278,0.5311
22-JUL-2026,MAXPLUS,10.00,10.00,0.0000,0.0000,0.0000,0.0000
22-JUL-2026,MAYURUNIQ,798.05,795.40,0.0033,0.0244,0.0243,0.4643
22-JUL-2026,MAZDA,221.39,222.83,-0.0065,0.0313,0.0313,0.5980
22-JUL-2026,MAZDOCK,2307.40,2354.10,-0.0200,0.0262,0.0262,0.5006
22-JUL-2026,MBAPL,139.25,143.75,-0.0318,0.0256,0.0256,0.4891
22-JUL-2026,MBEL,299.30,314.20,-0.0486,0.0281,0.0283,0.5407
22-JUL-2026,MBLINFRA,24.88,25.24,-0.0144,0.0360,0.0359,0.6859
22-JUL-2026,MCCHRLS-B,702.25,697.95,0.0061,0.0260,0.0260,0.4967
22-JUL-2026,MCL,52.71,53.01,-0.0057,0.0296,0.0296,0.5655
22-JUL-2026,MCLEODRUSS,53.65,55.69,-0.0373,0.0355,0.0355,0.6782
22-JUL-2026,MCLOUD,27.50,28.10,-0.0216,0.0417,0.0417,0.7967
22-JUL-2026,MCX,2803.90,2801.20,0.0010,0.0253,0.0253,0.4834
22-JUL-2026,MEDANTA,1353.40,1342.50,0.0081,0.0189,0.0188,0.3592
22-JUL-2026,MEDIA,0.50,0.50,0.0000,0.0001,0.0001,0.0019
22-JUL-2026,MEDIASSIST,348.10,357.35,-0.0262,0.0241,0.0242,0.4623
22-JUL-2026,MEDICAMEQ,245.20,248.95,-0.0152,0.0296,0.0295,0.5636
22-JUL-2026,MEDICO,38.22,38.62,-0.0104,0.0308,0.0307,0.5865
22-JUL-2026,MEDPLUS,692.30,793.60,-0.1366,0.0181,0.0204,0.3897
22-JUL-2026,MEESHO,189.87,191.58,-0.0090,0.0258,0.0257,0.4910
22-JUL-2026,MEGASTAR,348.30,349.05,-0.0022,0.0292,0.0291,0.5560
22-JUL-2026,MEIL,289.85,297.90,-0.0274,0.0226,0.0227,0.4337
22-JUL-2026,MENNPIS,75.43,73.83,0.0214,0.0302,0.0302,0.5770
22-JUL-2026,MENONBE,207.71,218.13,-0.0489,0.0275,0.0276,0.5273
22-JUL-2026,MEP,0.57,0.58,-0.0174,0.0231,0.0231,0.4413
22-JUL-2026,MERCANTILE,24.91,23.52,0.0574,0.0372,0.0373,0.7126
22-JUL-2026,MERCURYEV,35.24,35.47,-0.0065,0.0084,0.0084,0.1605
22-JUL-2026,METAL,12.69,12.74,-0.0039,0.0144,0.0143,0.2732
22-JUL-2026,METALIETF,12.66,12.72,-0.0047,0.0141,0.0140,0.2675
22-JUL-2026,METROBRAND,1061.90,1074.10,-0.0114,0.0191,0.0190,0.3630
22-JUL-2026,METROGLOBL,131.54,135.45,-0.0293,0.0276,0.0277,0.5292
22-JUL-2026,METROPOLIS,569.95,568.80,0.0020,0.0199,0.0198,0.3783
22-JUL-2026,MFML,19.74,18.78,0.0499,0.0326,0.0327,0.6247
22-JUL-2026,MFSL,1523.30,1539.40,-0.0105,0.0171,0.0171,0.3267
22-JUL-2026,MGEL,16.43,16.65,-0.0133,0.0326,0.0325,0.6209
22-JUL-2026,MGL,1081.90,1081.40,0.0005,0.0210,0.0209,0.3993
22-JUL-2026,MGLFL,10.00,10.00,0.0000,0.0000,0.0000,0.0000
22-JUL-2026,MHLXMIRU,135.96,138.71,-0.0200,0.0343,0.0343,0.6553
22-JUL-2026,MHRIL,211.70,227.96,-0.0740,0.0190,0.0196,0.3745
22-JUL-2026,MICEL,36.69,37.69,-0.0269,0.0355,0.0355,0.6782
22-JUL-2026,MID150,23.25,23.49,-0.0103,0.0127,0.0127,0.2426
22-JUL-2026,MID150BEES,237.07,239.27,-0.0092,0.0108,0.0108,0.2063
22-JUL-2026,MID150CASE,11.54,11.65,-0.0095,0.0101,0.0101,0.1930
22-JUL-2026,MIDCAP,18.24,18.44,-0.0109,0.0116,0.0116,0.2216
22-JUL-2026,MIDCAPADD,22.95,23.15,-0.0087,0.0141,0.0140,0.2675
22-JUL-2026,MIDCAPBETA,231.23,233.39,-0.0093,0.0120,0.0120,0.2293
22-JUL-2026,MIDCAPETF,23.43,23.65,-0.0093,0.0110,0.0110,0.2102
22-JUL-2026,MIDCAPIETF,23.77,23.94,-0.0071,0.0108,0.0107,0.2044
22-JUL-2026,MIDHANI,402.15,411.10,-0.0220,0.0279,0.0278,0.5311
22-JUL-2026,MIDQ50ADD,24.66,24.93,-0.0109,0.0108,0.0108,0.2063
22-JUL-2026,MIDSELIETF,19.22,19.44,-0.0114,0.0121,0.0121,0.2312
22-JUL-2026,MIDSMALL,50.62,51.07,-0.0089,0.0115,0.0115,0.2197
22-JUL-2026,MIDWESTLTD,1256.20,1277.10,-0.0165,0.0249,0.0248,0.4738
22-JUL-2026,MILIND,69.95,69.95,0.0000,0.0000,0.0000,0.0000
22-JUL-2026,MINDACORP,671.30,681.15,-0.0146,0.0215,0.0215,0.4108
22-JUL-2026,MINDSPACE,497.52,496.99,0.0011,0.0097,0.0096,0.1834
22-JUL-2026,MINDTECK,197.21,199.97,-0.0139,0.0330,0.0330,0.6305
22-JUL-2026,MIRZAINT,36.28,37.26,-0.0267,0.0290,0.0290,0.5540
22-JUL-2026,MITCON,73.56,76.00,-0.0326,0.0300,0.0300,0.5731
22-JUL-2026,MITTAL,0.94,0.94,0.0000,0.0315,0.0314,0.5999
22-JUL-2026,MKPL,4.24,4.27,-0.0071,0.0294,0.0293,0.5598
22-JUL-2026,MMFL,552.05,555.75,-0.0067,0.0252,0.0251,0.4795
22-JUL-2026,MMP,285.10,284.30,0.0028,0.0272,0.0271,0.5177
22-JUL-2026,MMTC,62.27,63.33,-0.0169,0.0305,0.0304,0.5808
22-JUL-2026,MMWL,14.67,14.05,0.0432,0.0356,0.0356,0.6801
22-JUL-2026,MNC,33.60,33.57,0.0009,0.0112,0.0112,0.2140
22-JUL-2026,MOALPHA50,53.59,54.29,-0.0130,0.0106,0.0106,0.2025
22-JUL-2026,MOBANK10,16.98,17.23,-0.0146,0.0053,0.0054,0.1032
22-JUL-2026,MOBIKWIK,203.95,208.66,-0.0228,0.0312,0.0311,0.5942
22-JUL-2026,MOCAPITAL,53.66,54.22,-0.0104,0.0150,0.0150,0.2866
22-JUL-2026,MODEFENCE,103.27,103.55,-0.0027,0.0162,0.0162,0.3095
22-JUL-2026,MODINATUR,413.00,410.85,0.0052,0.0260,0.0260,0.4967
22-JUL-2026,MODIRUBBER,126.03,127.86,-0.0144,0.0320,0.0319,0.6094
22-JUL-2026,MODIS,408.00,393.10,0.0372,0.0242,0.0243,0.4643
22-JUL-2026,MODISONLTD,293.25,294.25,-0.0034,0.0350,0.0350,0.6687
22-JUL-2026,MODTHREAD,45.06,45.46,-0.0088,0.0529,0.0527,1.0068
22-JUL-2026,MOENERGY,39.45,39.64,-0.0048,0.0096,0.0096,0.1834
22-JUL-2026,MOGOLD,142.30,140.70,0.0113,0.0163,0.0163,0.3114
22-JUL-2026,MOGSEC,65.12,65.16,-0.0006,0.0058,0.0057,0.1089
22-JUL-2026,MOHEALTH,50.62,51.23,-0.0120,0.0095,0.0095,0.1815
22-JUL-2026,MOHITIND,22.49,22.74,-0.0111,0.0318,0.0317,0.6056
22-JUL-2026,MOIL,270.00,271.15,-0.0043,0.0253,0.0252,0.4814
22-JUL-2026,MOINFRA,61.27,61.76,-0.0080,0.0107,0.0107,0.2044
22-JUL-2026,MOIPO,46.06,46.70,-0.0138,0.0119,0.0119,0.2273
22-JUL-2026,MOKSH,10.97,11.40,-0.0384,0.0289,0.0289,0.5521
22-JUL-2026,MOL,55.80,54.40,0.0254,0.0294,0.0294,0.5617
22-JUL-2026,MOLDTECH,133.07,129.97,0.0236,0.0286,0.0286,0.5464
22-JUL-2026,MOLDTKPAC,705.00,698.55,0.0092,0.0240,0.0239,0.4566
22-JUL-2026,MOLIND,3.20,3.20,0.0000,0.0000,0.0000,0.0000
22-JUL-2026,MOLOWVOL,37.00,37.06,-0.0016,0.0086,0.0086,0.1643
22-JUL-2026,MOM100,67.28,67.98,-0.0104,0.0112,0.0112,0.2140
22-JUL-2026,MOM30IETF,31.06,31.22,-0.0051,0.0121,0.0120,0.2293
22-JUL-2026,MOM50,251.00,252.65,-0.0066,0.0087,0.0086,0.1643
22-JUL-2026,MOMENTUM,30.93,31.26,-0.0106,0.0123,0.0123,0.2350
22-JUL-2026,MOMENTUM30,30.60,30.70,-0.0033,0.0119,0.0119,0.2273
22-JUL-2026,MOMENTUM50,52.88,53.12,-0.0045,0.0120,0.0120,0.2293
22-JUL-2026,MOMGF,159.76,160.96,-0.0075,0.0140,0.0140,0.2675
22-JUL-2026,MOMIDMTM,62.92,63.56,-0.0101,0.0112,0.0112,0.2140
22-JUL-2026,MOMMIDCAP,12.50,12.62,-0.0096,0.0000,0.0007,0.0134
22-JUL-2026,MOMNC,32.52,32.59,-0.0022,0.0100,0.0100,0.1910
22-JUL-2026,MOMOMENTUM,61.83,62.06,-0.0037,0.0121,0.0121,0.2312
22-JUL-2026,MON100,323.44,322.81,0.0019,0.0144,0.0144,0.2751
22-JUL-2026,MON50EQUAL,33.17,33.30,-0.0039,0.0083,0.0083,0.1586
22-JUL-2026,MONARCH,356.35,359.95,-0.0101,0.0232,0.0232,0.4432
22-JUL-2026,MONEXT50,72.26,72.42,-0.0022,0.0098,0.0098,0.1872
22-JUL-2026,MONEYBOXX,58.69,56.34,0.0409,0.0273,0.0274,0.5235
22-JUL-2026,MONIFTY100,25.28,25.49,-0.0083,0.0088,0.0088,0.1681
22-JUL-2026,MONIFTY500,23.63,23.81,-0.0076,0.0090,0.0090,0.1719
22-JUL-2026,MONQ50,140.41,140.43,-0.0001,0.0153,0.0153,0.2923
22-JUL-2026,MONTECARLO,534.80,538.25,-0.0064,0.0213,0.0213,0.4069
22-JUL-2026,MOPSE,101.74,101.68,0.0006,0.0096,0.0096,0.1834
22-JUL-2026,MOQUALITY,200.86,202.22,-0.0067,0.0106,0.0106,0.2025
22-JUL-2026,MOREALTY,90.24,92.44,-0.0241,0.0169,0.0169,0.3229
22-JUL-2026,MOREPENLAB,53.20,56.82,-0.0658,0.0306,0.0309,0.5903
22-JUL-2026,MOSCHIP,243.85,245.28,-0.0058,0.0337,0.0336,0.6419
22-JUL-2026,MOSERVICE,30.95,31.28,-0.0106,0.0086,0.0086,0.1643
22-JUL-2026,MOSILVER,220.39,218.75,0.0075,0.0311,0.0310,0.5923
22-JUL-2026,MOSMALL250,17.97,18.17,-0.0111,0.0114,0.0114,0.2178
22-JUL-2026,MOTHERSON,143.60,145.23,-0.0113,0.0220,0.0220,0.4203
22-JUL-2026,MOTILALOFS,943.15,964.75,-0.0226,0.0270,0.0269,0.5139
22-JUL-2026,MOTISONS,13.47,13.69,-0.0162,0.0316,0.0315,0.6018
22-JUL-2026,MOTOGENFIN,27.44,27.26,0.0066,0.0295,0.0295,0.5636
22-JUL-2026,MOTOUR,78.11,79.31,-0.0152,0.0126,0.0126,0.2407
22-JUL-2026,MOVALUE,114.05,115.24,-0.0104,0.0124,0.0124,0.2369
22-JUL-2026,MPHASIS,2273.80,2380.10,-0.0457,0.0193,0.0195,0.3725
22-JUL-2026,MPSLTD,2565.20,2137.20,0.1825,0.0280,0.0307,0.5865
22-JUL-2026,MRF,132945.00,134000.00,-0.0079,0.0152,0.0152,0.2904
22-JUL-2026,MRPL,174.66,176.31,-0.0094,0.0315,0.0314,0.5999
22-JUL-2026,MSCI360,10.01,10.13,-0.0119,0.0179,0.0179,0.3420
22-JUL-2026,MSCIADD,29.44,29.71,-0.0091,0.0079,0.0079,0.1509
22-JUL-2026,MSCIINDIA,29.69,29.89,-0.0067,0.0105,0.0105,0.2006
22-JUL-2026,MSPL,35.49,36.54,-0.0292,0.0275,0.0276,0.5273
22-JUL-2026,MSTCLTD,590.45,597.70,-0.0122,0.0313,0.0312,0.5961
22-JUL-2026,MSUMI,40.19,40.13,0.0015,0.0189,0.0189,0.3611
22-JUL-2026,MTARTECH,5858.00,5576.00,0.0493,0.0368,0.0369,0.7050
22-JUL-2026,MTEDUCARE,1.77,1.86,-0.0496,0.0336,0.0337,0.6438
22-JUL-2026,MTNL,27.69,28.04,-0.0126,0.0304,0.0304,0.5808
22-JUL-2026,MUFIN,126.63,128.46,-0.0143,0.0255,0.0255,0.4872
22-JUL-2026,MUFTI,83.62,85.28,-0.0197,0.0274,0.0273,0.5216
22-JUL-2026,MUKANDLTD,142.50,145.87,-0.0234,0.0249,0.0249,0.4757
22-JUL-2026,MUKKA,23.00,23.14,-0.0061,0.0229,0.0228,0.4356
22-JUL-2026,MUKTAARTS,56.39,55.84,0.0098,0.0326,0.0325,0.6209
22-JUL-2026,MULTICAP,16.57,16.72,-0.0090,0.0098,0.0098,0.1872
22-JUL-2026,MUNJALAU,101.94,103.24,-0.0127,0.0292,0.0292,0.5579
22-JUL-2026,MUNJALSHOW,136.25,136.77,-0.0038,0.0206,0.0206,0.3936
22-JUL-2026,MURUDCERA,30.36,30.80,-0.0144,0.0239,0.0239,0.4566
22-JUL-2026,MUTHOOTCAP,215.46,213.64,0.0085,0.0250,0.0249,0.4757
22-JUL-2026,MUTHOOTFIN,3035.60,3079.00,-0.0142,0.0227,0.0227,0.4337
22-JUL-2026,MUTHOOTMF,250.24,254.29,-0.0161,0.0274,0.0273,0.5216
22-JUL-2026,MVGJL,156.92,158.25,-0.0084,0.0265,0.0265,0.5063
22-JUL-2026,MWL,35.90,36.55,-0.0179,0.0165,0.0165,0.3152
22-JUL-2026,NACLIND,204.89,211.53,-0.0319,0.0377,0.0376,0.7183
22-JUL-2026,NAGREEKCAP,22.70,23.87,-0.0503,0.0370,0.0371,0.7088
22-JUL-2026,NAGREEKEXP,22.77,23.50,-0.0316,0.0310,0.0310,0.5923
22-JUL-2026,NAHARCAP,251.54,252.32,-0.0031,0.0222,0.0222,0.4241
22-JUL-2026,NAHARINDUS,117.29,118.49,-0.0102,0.0234,0.0233,0.4451
22-JUL-2026,NAHARPOLY,272.60,261.20,0.0427,0.0290,0.0291,0.5560
22-JUL-2026,NAHARSPING,278.15,280.55,-0.0086,0.0253,0.0253,0.4834
22-JUL-2026,NAM-INDIA,1147.90,1166.90,-0.0164,0.0253,0.0253,0.4834
22-JUL-2026,NANDINI,14.00,14.00,0.0000,0.0000,0.0000,0.0000
22-JUL-2026,NARMADA,35.75,36.43,-0.0188,0.0332,0.0332,0.6343
22-JUL-2026,NATCAPSUQ,142.71,140.40,0.0163,0.0290,0.0289,0.5521
22-JUL-2026,NATCOPHARM,934.30,961.90,-0.0291,0.0248,0.0248,0.4738
22-JUL-2026,NATHBIOGEN,161.80,164.85,-0.0187,0.0242,0.0242,0.4623
22-JUL-2026,NATIONALUM,342.40,342.90,-0.0015,0.0268,0.0267,0.5101
22-JUL-2026,NATIONSTD,354.70,373.70,-0.0522,0.0413,0.0414,0.7909
22-JUL-2026,NAUKRI,1189.30,1207.70,-0.0154,0.0202,0.0202,0.3859
22-JUL-2026,NAVA,571.15,571.15,0.0000,0.0263,0.0263,0.5025
22-JUL-2026,NAVINFLUOR,7789.00,7883.00,-0.0120,0.0204,0.0203,0.3878
22-JUL-2026,NAVKARCORP,98.97,104.04,-0.0500,0.0308,0.0310,0.5923
22-JUL-2026,NAVKARURB,1.06,1.11,-0.0461,0.0324,0.0325,0.6209
22-JUL-2026,NAVNETEDUL,144.18,146.19,-0.0138,0.0221,0.0221,0.4222
22-JUL-2026,NAZARA,304.65,309.30,-0.0151,0.0243,0.0243,0.4643
22-JUL-2026,NBCC,94.74,96.80,-0.0215,0.0253,0.0252,0.4814
22-JUL-2026,NBIFIN,2149.70,2073.00,0.0363,0.0268,0.0268,0.5120
22-JUL-2026,NCC,137.75,139.30,-0.0112,0.0216,0.0215,0.4108
22-JUL-2026,NCCL,12.10,12.10,0.0000,0.0000,0.0000,0.0000
22-JUL-2026,NCLIND,184.52,188.00,-0.0187,0.0194,0.0194,0.3706
22-JUL-2026,NDGL,2665.00,2692.90,-0.0104,0.0276,0.0275,0.5254
22-JUL-2026,NDL,2.34,2.36,-0.0085,0.0290,0.0289,0.5521
22-JUL-2026,NDLVENTURE,125.90,126.72,-0.0065,0.0304,0.0304,0.5808
22-JUL-2026,NDRAUTO,806.45,819.30,-0.0158,0.0304,0.0303,0.5789
22-JUL-2026,NDRINVIT,145.90,145.90,0.0000,0.0117,0.0117,0.2235
22-JUL-2026,NDTV,76.02,79.81,-0.0487,0.0286,0.0287,0.5483
22-JUL-2026,NEAGI,3104.50,3104.30,0.0001,0.0191,0.0190,0.3630
22-JUL-2026,NECCLTD,15.05,15.26,-0.0139,0.0318,0.0317,0.6056
22-JUL-2026,NECLIFE,10.55,10.71,-0.0151,0.0344,0.0343,0.6553
22-JUL-2026,NELCAST,134.17,141.43,-0.0527,0.0332,0.0334,0.6381
22-JUL-2026,NELCO,934.95,928.60,0.0068,0.0293,0.0292,0.5579
22-JUL-2026,NEOGEN,2105.60,2155.60,-0.0235,0.0308,0.0308,0.5884
22-JUL-2026,NEPACL,9.30,9.30,0.0000,0.0000,0.0000,0.0000
22-JUL-2026,NEPHROPLUS,672.75,625.40,0.0730,0.0198,0.0204,0.3897
22-JUL-2026,NESCO,1059.10,1077.60,-0.0173,0.0205,0.0205,0.3917
22-JUL-2026,NESTLEIND,1493.40,1451.90,0.0282,0.0127,0.0129,0.2465
22-JUL-2026,NETF,262.69,262.68,0.0000,0.0088,0.0088,0.1681
22-JUL-2026,NETWEB,4288.60,4257.30,0.0073,0.0349,0.0349,0.6668
22-JUL-2026,NETWORK18,28.76,29.56,-0.0274,0.0266,0.0266,0.5082
22-JUL-2026,NEUEON,16.56,15.84,0.0445,0.0434,0.0434,0.8292
22-JUL-2026,NEULANDLAB,18467.00,18895.00,-0.0229,0.0277,0.0276,0.5273
22-JUL-2026,NEWAGE,10.00,10.00,0.0000,0.0000,0.0000,0.0000
22-JUL-2026,NEWERA,8.50,8.50,0.0000,0.0019,0.0019,0.0363
22-JUL-2026,NEWGEN,533.05,546.30,-0.0246,0.0350,0.0350,0.6687
22-JUL-2026,NEXT30ADD,42.51,42.40,0.0026,0.0092,0.0092,0.1758
22-JUL-2026,NEXT50,744.62,749.04,-0.0059,0.0115,0.0115,0.2197
22-JUL-2026,NEXT50ADD,72.68,73.10,-0.0058,0.0170,0.0170,0.3248
22-JUL-2026,NEXT50BETA,77.99,78.29,-0.0038,0.0116,0.0115,0.2197
22-JUL-2026,NEXT50ETF,72.84,73.09,-0.0034,0.0094,0.0093,0.1777
22-JUL-2026,NEXT50IETF,76.17,76.53,-0.0047,0.0110,0.0110,0.2102
22-JUL-2026,NEXTMEDIA,3.79,3.90,-0.0286,0.0327,0.0327,0.6247
22-JUL-2026,NFL,70.87,71.87,-0.0140,0.0229,0.0228,0.4356
22-JUL-2026,NGIL,39.00,39.01,-0.0003,0.0312,0.0311,0.5942
22-JUL-2026,NGLFINE,3257.70,3237.50,0.0062,0.0354,0.0354,0.6763
22-JUL-2026,NH,1968.00,1997.70,-0.0150,0.0190,0.0190,0.3630
22-JUL-2026,NHIT,169.25,168.50,0.0044,0.0073,0.0073,0.1395
22-JUL-2026,NHPC,80.28,80.31,-0.0004,0.0179,0.0179,0.3420
22-JUL-2026,NIACL,175.14,178.11,-0.0168,0.0288,0.0287,0.5483
22-JUL-2026,NIBE,1539.50,1556.00,-0.0107,0.0345,0.0344,0.6572
22-JUL-2026,NIBL,34.43,35.45,-0.0292,0.0359,0.0359,0.6859
22-JUL-2026,NIF100BEES,266.29,268.37,-0.0078,0.0086,0.0086,0.1643
22-JUL-2026,NIF100IETF,27.94,28.14,-0.0071,0.0089,0.0089,0.1700
22-JUL-2026,NIFTY1,266.27,268.26,-0.0074,0.0083,0.0083,0.1586
22-JUL-2026,NIFTY100EW,34.85,35.14,-0.0083,0.0125,0.0125,0.2388
22-JUL-2026,NIFTYADD,252.79,254.22,-0.0056,0.0130,0.0130,0.2484
22-JUL-2026,NIFTYAXIS,265.70,267.00,-0.0049,0.0083,0.0083,0.1586
22-JUL-2026,NIFTYBEES,273.37,275.13,-0.0064,0.0082,0.0082,0.1567
22-JUL-2026,NIFTYBETA,266.11,267.65,-0.0058,0.0082,0.0082,0.1567
22-JUL-2026,NIFTYBETF,246.25,248.63,-0.0096,0.0090,0.0090,0.1719
22-JUL-2026,NIFTYCASE,9.63,9.69,-0.0062,0.0069,0.0069,0.1318
22-JUL-2026,NIFTYETF,261.10,263.16,-0.0079,0.0086,0.0086,0.1643
22-JUL-2026,NIFTYIETF,271.93,273.85,-0.0070,0.0084,0.0084,0.1605
22-JUL-2026,NIFTYQLITY,21.12,21.17,-0.0024,0.0100,0.0099,0.1891
22-JUL-2026,NIITLTD,95.84,99.22,-0.0347,0.0354,0.0354,0.6763
22-JUL-2026,NIITMTS,233.33,238.25,-0.0209,0.0255,0.0254,0.4853
22-JUL-2026,NILAINFRA,7.23,7.27,-0.0055,0.0277,0.0276,0.5273
22-JUL-2026,NILASPACES,11.98,12.13,-0.0124,0.0285,0.0284,0.5426
22-JUL-2026,NILE,1839.00,1840.00,-0.0005,0.0301,0.0301,0.5751
22-JUL-2026,NILKAMAL,1604.20,1557.00,0.0299,0.0186,0.0187,0.3573
22-JUL-2026,NIMBSPROJ,194.00,208.40,-0.0716,0.0296,0.0300,0.5731
22-JUL-2026,NINSYS,870.60,895.00,-0.0276,0.0284,0.0284,0.5426
22-JUL-2026,NIPPOBATRY,328.05,334.05,-0.0181,0.0276,0.0276,0.5273
22-JUL-2026,NIRAJ,28.98,29.28,-0.0103,0.0353,0.0353,0.6744
22-JUL-2026,NIRAJISPAT,190.50,190.50,0.0000,0.0352,0.0351,0.6706
22-JUL-2026,NIRLON,626.75,624.55,0.0035,0.0121,0.0121,0.2312
22-JUL-2026,NITCO,105.37,106.95,-0.0149,0.0321,0.0320,0.6114
22-JUL-2026,NITINSPIN,533.60,549.25,-0.0289,0.0238,0.0238,0.4547
22-JUL-2026,NITIRAJ,219.81,214.03,0.0266,0.0303,0.0303,0.5789
22-JUL-2026,NITTAGELA,1836.90,1856.90,-0.0108,0.0288,0.0288,0.5502
22-JUL-2026,NIVABUPA,84.79,86.04,-0.0146,0.0177,0.0176,0.3362
22-JUL-2026,NKIND,64.98,63.80,0.0183,0.0390,0.0389,0.7432
22-JUL-2026,NKTEXTILE,10.00,10.00,0.0000,0.0000,0.0000,0.0000
22-JUL-2026,NLCINDIA,287.60,295.15,-0.0259,0.0253,0.0253,0.4834
22-JUL-2026,NMDC,83.34,83.93,-0.0071,0.0193,0.0193,0.3687
22-JUL-2026,NOCIL,163.99,166.63,-0.0160,0.0263,0.0262,0.5006
22-JUL-2026,NOIDATOLL,4.40,4.54,-0.0313,0.0382,0.0381,0.7279
22-JUL-2026,NORBTEAEXP,68.50,67.00,0.0221,0.0285,0.0285,0.5445
22-JUL-2026,NORTHARC,299.70,305.75,-0.0200,0.0247,0.0246,0.4700
22-JUL-2026,NOVAAGRI,22.84,22.96,-0.0052,0.0307,0.0306,0.5846
22-JUL-2026,NOVARTIND,1699.70,1701.70,-0.0012,0.0259,0.0258,0.4929
22-JUL-2026,NPBET,284.98,288.25,-0.0114,0.0115,0.0115,0.2197
22-JUL-2026,NPST,1539.10,1546.50,-0.0048,0.0337,0.0336,0.6419
22-JUL-2026,NRAIL,451.70,431.05,0.0468,0.0289,0.0290,0.5540
22-JUL-2026,NRBBEARING,394.20,404.95,-0.0269,0.0247,0.0247,0.4719
22-JUL-2026,NRL,107.82,110.02,-0.0202,0.0279,0.0279,0.5330
22-JUL-2026,NSIL,5554.00,5533.00,0.0038,0.0222,0.0221,0.4222
22-JUL-2026,NSLNISP,42.25,43.12,-0.0204,0.0251,0.0250,0.4776
22-JUL-2026,NTPC,350.50,348.55,0.0056,0.0138,0.0138,0.2636
22-JUL-2026,NTPCGREEN,91.30,92.54,-0.0135,0.0185,0.0185,0.3534
22-JUL-2026,NUCLEUS,743.10,749.40,-0.0084,0.0257,0.0256,0.4891
22-JUL-2026,NURECA,311.14,292.18,0.0629,0.0319,0.0321,0.6133
22-JUL-2026,NUVAMA,1882.40,1891.60,-0.0049,0.0253,0.0253,0.4834
22-JUL-2026,NUVOCO,359.75,361.60,-0.0051,0.0225,0.0225,0.4299
22-JUL-2026,NV20,13.93,14.06,-0.0093,0.0100,0.0100,0.1910
22-JUL-2026,NV20BEES,139.60,140.68,-0.0077,0.0085,0.0085,0.1624
22-JUL-2026,NV20IETF,13.58,13.70,-0.0088,0.0078,0.0078,0.1490
22-JUL-2026,NXST,167.95,167.49,0.0027,0.0101,0.0101,0.1930
22-JUL-2026,NXT-INFRA,95.61,95.61,0.0000,0.0053,0.0053,0.1013
22-JUL-2026,NYKAA,326.60,327.95,-0.0041,0.0184,0.0183,0.3496
22-JUL-2026,OAL,348.60,347.85,0.0022,0.0281,0.0281,0.5368
22-JUL-2026,OBCL,53.00,53.29,-0.0055,0.0217,0.0217,0.4146
22-JUL-2026,OBEROIRLTY,1851.50,1884.80,-0.0178,0.0186,0.0186,0.3554
22-JUL-2026,OCCLLTD,136.86,136.30,0.0041,0.0325,0.0324,0.6190
22-JUL-2026,ODIGMA,22.82,23.14,-0.0139,0.0273,0.0273,0.5216
22-JUL-2026,OEGIL,25.70,25.70,0.0000,0.0004,0.0004,0.0076
22-JUL-2026,OFSS,10851.00,11632.00,-0.0695,0.0213,0.0218,0.4165
22-JUL-2026,OIL,451.10,445.15,0.0133,0.0222,0.0222,0.4241
22-JUL-2026,OILCOUNTUB,56.09,56.94,-0.0150,0.0358,0.0357,0.6820
22-JUL-2026,OILIETF,11.38,11.46,-0.0070,0.0103,0.0103,0.1968
22-JUL-2026,OITL,10.00,10.00,0.0000,0.0000,0.0000,0.0000
22-JUL-2026,OLAELEC,36.67,38.72,-0.0544,0.0371,0.0372,0.7107
22-JUL-2026,OLECTRA,1345.80,1355.40,-0.0071,0.0290,0.0290,0.5540
22-JUL-2026,OMAXAUTO,224.42,234.37,-0.0434,0.0385,0.0385,0.7355
22-JUL-2026,OMAXE,89.50,92.74,-0.0356,0.0308,0.0308,0.5884
22-JUL-2026,OMFREIGHT,91.72,93.52,-0.0194,0.0253,0.0253,0.4834
22-JUL-2026,OMINFRAL,87.21,89.03,-0.0207,0.0278,0.0277,0.5292
22-JUL-2026,OMNI,580.65,576.60,0.0070,0.0271,0.0270,0.5158
22-JUL-2026,OMPOWER,167.11,169.34,-0.0133,0.0109,0.0109,0.2082
22-JUL-2026,ONELIFECAP,37.32,37.29,0.0008,0.0350,0.0349,0.6668
22-JUL-2026,ONEPOINT,54.24,53.67,0.0106,0.0282,0.0282,0.5388
22-JUL-2026,ONESOURCE,1671.60,1651.10,0.0123,0.0259,0.0258,0.4929
22-JUL-2026,ONGC,251.90,249.96,0.0077,0.0165,0.0164,0.3133
22-JUL-2026,ONIDA,38.54,38.86,-0.0083,0.0382,0.0381,0.7279
22-JUL-2026,ONMOBILE,60.48,61.08,-0.0099,0.0327,0.0326,0.6228
22-JUL-2026,ONWARDTEC,284.75,292.15,-0.0257,0.0303,0.0303,0.5789
22-JUL-2026,OPTIEMUS,615.45,605.35,0.0165,0.0327,0.0326,0.6228
22-JUL-2026,ORBTEXP,222.33,221.18,0.0052,0.0373,0.0372,0.7107
22-JUL-2026,ORCHASP,1.66,1.71,-0.0297,0.0346,0.0345,0.6591
22-JUL-2026,ORCHPHARMA,1001.00,1022.95,-0.0217,0.0291,0.0291,0.5560
22-JUL-2026,ORICONENT,54.89,57.33,-0.0435,0.0228,0.0229,0.4375
22-JUL-2026,ORIENTALTL,5.32,5.40,-0.0149,0.0309,0.0308,0.5884
22-JUL-2026,ORIENTBELL,314.90,319.40,-0.0142,0.0303,0.0302,0.5770
22-JUL-2026,ORIENTCEM,136.63,139.52,-0.0209,0.0223,0.0223,0.4260
22-JUL-2026,ORIENTCER,40.62,41.83,-0.0294,0.0294,0.0294,0.5617
22-JUL-2026,ORIENTELEC,170.28,178.50,-0.0471,0.0235,0.0237,0.4528
22-JUL-2026,ORIENTHOT,135.49,146.54,-0.0784,0.0297,0.0301,0.5751
22-JUL-2026,ORIENTLTD,71.44,70.50,0.0132,0.0275,0.0275,0.5254
22-JUL-2026,ORIENTPPR,17.20,16.73,0.0277,0.0249,0.0249,0.4757
22-JUL-2026,ORIENTTECH,262.93,262.92,0.0000,0.0350,0.0350,0.6687
22-JUL-2026,ORISSAMINE,3751.20,3724.30,0.0072,0.0268,0.0267,0.5101
22-JUL-2026,ORKLAINDIA,565.00,572.75,-0.0136,0.0128,0.0128,0.2445
22-JUL-2026,ORTEL,1.75,1.66,0.0528,0.0428,0.0429,0.8196
22-JUL-2026,ORTINGLOBE,15.27,15.01,0.0172,0.0351,0.0351,0.6706
22-JUL-2026,OSIAHYPER,2.96,3.00,-0.0134,0.0368,0.0367,0.7012
22-JUL-2026,OSWALAGRO,37.79,39.19,-0.0364,0.0346,0.0346,0.6610
22-JUL-2026,OSWALGREEN,21.37,21.70,-0.0153,0.0300,0.0300,0.5731
22-JUL-2026,OSWALMIN,10.00,10.00,0.0000,0.0000,0.0000,0.0000
22-JUL-2026,OSWALPUMPS,356.35,390.60,-0.0918,0.0248,0.0256,0.4891
22-JUL-2026,OSWALSEEDS,10.05,10.41,-0.0352,0.0276,0.0276,0.5273
22-JUL-2026,PACEDIGITK,198.35,205.20,-0.0340,0.0223,0.0224,0.4280
22-JUL-2026,PAGEIND,39820.00,40095.00,-0.0069,0.0156,0.0156,0.2980
22-JUL-2026,PAISALO,73.23,72.18,0.0144,0.0294,0.0294,0.5617
22-JUL-2026,PAKKA,72.11,71.91,0.0028,0.0277,0.0276,0.5273
22-JUL-2026,PALASHSECU,91.46,89.31,0.0238,0.0233,0.0233,0.4451
22-JUL-2026,PALREDTEC,47.83,48.77,-0.0195,0.0318,0.0317,0.6056
22-JUL-2026,PANACEABIO,461.95,494.00,-0.0671,0.0365,0.0368,0.7031
22-JUL-2026,PANACHE,437.90,437.35,0.0013,0.0311,0.0311,0.5942
22-JUL-2026,PANAMAPET,457.05,459.30,-0.0049,0.0302,0.0301,0.5751
22-JUL-2026,PANSARI,360.20,365.30,-0.0141,0.0310,0.0310,0.5923
22-JUL-2026,PAR,98.25,100.21,-0.0198,0.0297,0.0296,0.5655
22-JUL-2026,PARACABLES,63.20,65.84,-0.0409,0.0378,0.0378,0.7222
22-JUL-2026,PARADEEP,139.31,139.84,-0.0038,0.0274,0.0273,0.5216
22-JUL-2026,PARAGMILK,215.89,225.99,-0.0457,0.0285,0.0286,0.5464
22-JUL-2026,PARAS,1223.10,1222.60,0.0004,0.0346,0.0345,0.6591
22-JUL-2026,PARASPETRO,1.99,2.02,-0.0150,0.0360,0.0360,0.6878
22-JUL-2026,PARKHOSPS,281.60,270.70,0.0395,0.0212,0.0214,0.4088
22-JUL-2026,PARKHOTELS,127.18,128.03,-0.0067,0.0230,0.0229,0.4375
22-JUL-2026,PARSVNATH,2.01,2.06,-0.0246,0.0375,0.0374,0.7145
22-JUL-2026,PASHUPATI,86.70,86.58,0.0014,0.0185,0.0185,0.3534
22-JUL-2026,PASUPTAC,58.17,59.30,-0.0192,0.0332,0.0331,0.6324
22-JUL-2026,PATANJALI,336.15,340.25,-0.0121,0.0189,0.0189,0.3611
22-JUL-2026,PATELENG,29.05,29.78,-0.0248,0.0271,0.0271,0.5177
22-JUL-2026,PATELRMART,214.89,215.84,-0.0044,0.0256,0.0255,0.4872
22-JUL-2026,PATINTLOG,14.34,14.65,-0.0214,0.0279,0.0279,0.5330
22-JUL-2026,PAUSHAKLTD,546.50,564.90,-0.0331,0.0300,0.0300,0.5731
22-JUL-2026,PAVNAIND,16.46,16.69,-0.0139,0.0377,0.0376,0.7183
22-JUL-2026,PAYTM,1267.00,1300.40,-0.0260,0.0267,0.0267,0.5101
22-JUL-2026,PCBL,322.10,332.30,-0.0312,0.0277,0.0277,0.5292
22-JUL-2026,PCJEWELLER,9.87,10.08,-0.0211,0.0317,0.0317,0.6056
22-JUL-2026,PDMJEPAPER,89.67,86.58,0.0351,0.0258,0.0259,0.4948
22-JUL-2026,PDSL,356.75,364.80,-0.0223,0.0254,0.0254,0.4853
22-JUL-2026,PEARLPOLY,17.27,17.82,-0.0314,0.0328,0.0327,0.6247
22-JUL-2026,PENIND,164.83,167.93,-0.0186,0.0317,0.0317,0.6056
22-JUL-2026,PENINLAND,16.71,17.05,-0.0201,0.0353,0.0353,0.6744
22-JUL-2026,PERSISTENT,5098.80,5218.90,-0.0233,0.0233,0.0233,0.4451
22-JUL-2026,PETRONET,279.65,276.65,0.0108,0.0192,0.0191,0.3649
22-JUL-2026,PFC,412.30,414.85,-0.0062,0.0203,0.0202,0.3859
22-JUL-2026,PFIZER,4644.60,4593.20,0.0111,0.0157,0.0157,0.2999
22-JUL-2026,PFOCUS,285.34,289.42,-0.0142,0.0357,0.0356,0.6801
22-JUL-2026,PFS,29.50,29.62,-0.0041,0.0244,0.0243,0.4643
22-JUL-2026,PGEL,575.40,610.15,-0.0586,0.0321,0.0323,0.6171
22-JUL-2026,PGHH,8999.50,8771.50,0.0257,0.0132,0.0133,0.2541
22-JUL-2026,PGHL,6712.00,6780.50,-0.0102,0.0155,0.0155,0.2961
22-JUL-2026,PGIL,2004.50,2047.60,-0.0213,0.0325,0.0325,0.6209
22-JUL-2026,PGINVIT,99.36,98.64,0.0073,0.0072,0.0072,0.1376
22-JUL-2026,PHARMABEES,26.51,26.86,-0.0131,0.0093,0.0093,0.1777
22-JUL-2026,PHOENIXLTD,2055.60,2091.20,-0.0172,0.0200,0.0199,0.3802
22-JUL-2026,PICCADIL,745.05,753.85,-0.0117,0.0280,0.0280,0.5349
22-JUL-2026,PIDILITIND,1608.60,1588.50,0.0126,0.0133,0.0133,0.2541
22-JUL-2026,PIGL,109.30,110.48,-0.0107,0.0335,0.0334,0.6381
22-JUL-2026,PIIND,2697.60,2681.80,0.0059,0.0177,0.0177,0.3382
22-JUL-2026,PILANIINVS,4351.20,4437.40,-0.0196,0.0210,0.0210,0.4012
22-JUL-2026,PILITA,9.00,8.92,0.0089,0.0309,0.0308,0.5884
22-JUL-2026,PILLAR,10.00,10.00,0.0000,0.0000,0.0000,0.0000
22-JUL-2026,PINELABS,146.90,150.42,-0.0237,0.0226,0.0226,0.4318
22-JUL-2026,PIONEEREMB,21.99,22.71,-0.0322,0.0295,0.0295,0.5636
22-JUL-2026,PIONRINV,94.84,99.09,-0.0438,0.0414,0.0414,0.7909
22-JUL-2026,PIRAMALFIN,2146.70,2182.60,-0.0166,0.0164,0.0164,0.3133
22-JUL-2026,PITTIENG,927.60,928.50,-0.0010,0.0246,0.0245,0.4681
22-JUL-2026,PIXTRANS,1817.40,1845.40,-0.0153,0.0240,0.0240,0.4585
22-JUL-2026,PKLEASING,10.00,10.00,0.0000,0.0000,0.0000,0.0000
22-JUL-2026,PKTEA,743.40,743.90,-0.0007,0.0313,0.0312,0.5961
22-JUL-2026,PLASTIBLEN,194.44,197.84,-0.0173,0.0238,0.0237,0.4528
22-JUL-2026,PLATIND,228.77,231.56,-0.0121,0.0283,0.0283,0.5407
22-JUL-2026,PLAZACABLE,42.30,42.70,-0.0094,0.0293,0.0292,0.5579
22-JUL-2026,PML,486.65,480.80,0.0121,0.0244,0.0244,0.4662
22-JUL-2026,PNB,110.73,112.08,-0.0121,0.0189,0.0189,0.3611
22-JUL-2026,PNBGILTS,85.57,88.09,-0.0290,0.0269,0.0269,0.5139
22-JUL-2026,PNBHOUSING,1082.30,1094.00,-0.0108,0.0231,0.0231,0.4413
22-JUL-2026,PNC,19.71,20.19,-0.0241,0.0336,0.0336,0.6419
22-JUL-2026,PNCINFRA,234.39,243.06,-0.0363,0.0223,0.0224,0.4280
22-JUL-2026,PNGJL,636.60,600.80,0.0579,0.0220,0.0223,0.4260
22-JUL-2026,PNGSREVA,414.05,410.95,0.0075,0.0187,0.0187,0.3573
22-JUL-2026,POCL,537.80,561.10,-0.0424,0.0333,0.0333,0.6362
22-JUL-2026,PODDARMENT,265.41,263.82,0.0060,0.0242,0.0241,0.4604
22-JUL-2026,POKARNA,945.80,982.00,-0.0376,0.0342,0.0342,0.6534
22-JUL-2026,POLICYBZR,1548.20,1563.60,-0.0099,0.0228,0.0228,0.4356
22-JUL-2026,POLYCAB,9090.50,8903.50,0.0208,0.0208,0.0208,0.3974
22-JUL-2026,POLYMED,1673.90,1695.70,-0.0129,0.0275,0.0275,0.5254
22-JUL-2026,POLYPLEX,1115.05,1071.95,0.0394,0.0225,0.0226,0.4318
22-JUL-2026,PONNIERODE,317.35,315.90,0.0046,0.0213,0.0213,0.4069
22-JUL-2026,POONAWALLA,473.00,463.20,0.0209,0.0234,0.0234,0.4471
22-JUL-2026,POWERGRID,289.30,286.70,0.0090,0.0142,0.0142,0.2713
22-JUL-2026,POWERICA,554.20,562.95,-0.0157,0.0176,0.0176,0.3362
22-JUL-2026,POWERINDIA,32055.00,32185.00,-0.0040,0.0296,0.0296,0.5655
22-JUL-2026,POWERMECH,2539.10,2528.90,0.0040,0.0259,0.0258,0.4929
22-JUL-2026,PPAP,290.57,302.91,-0.0416,0.0361,0.0361,0.6897
22-JUL-2026,PPL,263.20,259.40,0.0145,0.0303,0.0303,0.5789
22-JUL-2026,PPLPHARMA,177.10,184.81,-0.0426,0.0233,0.0234,0.4471
22-JUL-2026,PRABHA,142.52,145.83,-0.0230,0.0240,0.0240,0.4585
22-JUL-2026,PRABHATSEC,10.80,10.80,0.0000,0.0000,0.0000,0.0000
22-JUL-2026,PRADPME,510.70,533.15,-0.0430,0.0328,0.0328,0.6266
22-JUL-2026,PRAENG,19.65,20.13,-0.0241,0.0348,0.0348,0.6649
22-JUL-2026,PRAJIND,326.55,335.75,-0.0278,0.0253,0.0254,0.4853
22-JUL-2026,PRAKASH,123.90,124.24,-0.0027,0.0268,0.0267,0.5101
22-JUL-2026,PRAKASHSTL,4.01,4.03,-0.0050,0.0255,0.0254,0.4853
22-JUL-2026,PRAVEG,293.50,297.63,-0.0140,0.0340,0.0339,0.6477
22-JUL-2026,PRAXIS,7.20,7.39,-0.0260,0.0326,0.0326,0.6228
22-JUL-2026,PRECAM,140.54,142.03,-0.0105,0.0328,0.0328,0.6266
22-JUL-2026,PRECOT,834.45,855.40,-0.0248,0.0367,0.0366,0.6992
22-JUL-2026,PRECWIRE,372.15,359.20,0.0354,0.0337,0.0337,0.6438
22-JUL-2026,PREMCO,367.20,365.10,0.0057,0.0252,0.0252,0.4814
22-JUL-2026,PREMEXPLN,675.30,657.65,0.0265,0.0385,0.0384,0.7336
22-JUL-2026,PREMIER,2.88,2.89,-0.0035,0.0279,0.0279,0.5330
22-JUL-2026,PREMIERENE,1021.90,1048.40,-0.0256,0.0230,0.0230,0.4394
22-JUL-2026,PREMIERPOL,79.48,72.07,0.0979,0.0349,0.0355,0.6782
22-JUL-2026,PRESTIGE,1663.10,1706.90,-0.0260,0.0230,0.0230,0.4394
22-JUL-2026,PRHOLDING,10.00,10.00,0.0000,0.0000,0.0000,0.0000
22-JUL-2026,PRICOLLTD,605.30,610.95,-0.0093,0.0233,0.0233,0.4451
22-JUL-2026,PRIMESECU,271.60,277.50,-0.0215,0.0224,0.0224,0.4280
22-JUL-2026,PRIMO,22.59,23.02,-0.0189,0.0296,0.0296,0.5655
22-JUL-2026,PRINCEPIPE,260.70,264.85,-0.0158,0.0243,0.0243,0.4643
22-JUL-2026,PRITI,37.79,37.60,0.0050,0.0349,0.0348,0.6649
22-JUL-2026,PRITIKAUTO,17.78,18.40,-0.0343,0.0293,0.0293,0.5598
22-JUL-2026,PRIVISCL,3676.30,3674.40,0.0005,0.0235,0.0235,0.4490
22-JUL-2026,PRIYAINT,8.50,8.50,0.0000,0.0000,0.0000,0.0000
22-JUL-2026,PROSTARM,124.14,126.40,-0.0180,0.0276,0.0276,0.5273
22-JUL-2026,PROTEAN,584.50,595.80,-0.0191,0.0291,0.0291,0.5560
22-JUL-2026,PROZONER,41.68,42.68,-0.0237,0.0315,0.0314,0.5999
22-JUL-2026,PRSMJOHNSN,109.00,112.75,-0.0338,0.0222,0.0223,0.4260
22-JUL-2026,PRUDENT,2870.60,2912.50,-0.0145,0.0262,0.0261,0.4986
22-JUL-2026,PRUDMOULI,13.31,13.22,0.0068,0.0318,0.0317,0.6056
22-JUL-2026,PSB,24.43,24.73,-0.0122,0.0239,0.0239,0.4566
22-JUL-2026,PSPPROJECT,1056.30,1077.30,-0.0197,0.0270,0.0270,0.5158
22-JUL-2026,PSUBANK,84.10,85.84,-0.0205,0.0163,0.0164,0.3133
22-JUL-2026,PSUBANKADD,84.94,86.42,-0.0173,0.0158,0.0158,0.3019
22-JUL-2026,PSUBNKBEES,93.67,95.43,-0.0186,0.0161,0.0161,0.3076
22-JUL-2026,PSUBNKIETF,85.20,86.49,-0.0150,0.0155,0.0155,0.2961
22-JUL-2026,PTC,167.71,170.01,-0.0136,0.0222,0.0221,0.4222
22-JUL-2026,PTCIL,17778.00,17850.00,-0.0040,0.0249,0.0248,0.4738
22-JUL-2026,PTL,39.58,39.69,-0.0028,0.0139,0.0139,0.2656
22-JUL-2026,PUNJABCHEM,1125.60,1156.10,-0.0267,0.0278,0.0278,0.5311
22-JUL-2026,PURBANCHAL,8.65,8.65,0.0000,0.0000,0.0000,0.0000
22-JUL-2026,PURVA,215.26,219.28,-0.0185,0.0308,0.0307,0.5865
22-JUL-2026,PVP,28.14,29.03,-0.0311,0.0351,0.0351,0.6706
22-JUL-2026,PVRINOX,992.65,1001.10,-0.0085,0.0181,0.0181,0.3458
22-JUL-2026,PVSL,105.42,103.36,0.0197,0.0263,0.0263,0.5025
22-JUL-2026,PVTBANIETF,27.75,28.11,-0.0129,0.0106,0.0106,0.2025
22-JUL-2026,PVTBANK,27.56,27.70,-0.0051,0.0000,0.0004,0.0076
22-JUL-2026,PVTBANKADD,27.93,28.25,-0.0114,0.0115,0.0115,0.2197
22-JUL-2026,PVTBKGROWW,27.56,27.92,-0.0130,0.0043,0.0044,0.0841
22-JUL-2026,PWL,131.91,133.84,-0.0145,0.0257,0.0257,0.4910
22-JUL-2026,PYRAMID,161.21,163.01,-0.0111,0.0235,0.0235,0.4490
22-JUL-2026,QGOLDHALF,119.35,117.97,0.0116,0.0174,0.0174,0.3324
22-JUL-2026,QMSMEDI,111.50,106.96,0.0416,0.0081,0.0086,0.1643
22-JUL-2026,QNIFTY,264.03,266.20,-0.0082,0.0085,0.0085,0.1624
22-JUL-2026,QPOWER,1132.30,1127.70,0.0041,0.0340,0.0339,0.6477
22-JUL-2026,QUADFUTURE,386.30,395.60,-0.0238,0.0347,0.0346,0.6610
22-JUL-2026,QUAL30IETF,20.91,20.93,-0.0010,0.0089,0.0088,0.1681
22-JUL-2026,QUALITY30,20.52,20.51,0.0005,0.0088,0.0087,0.1662
22-JUL-2026,QUESS,295.65,299.65,-0.0134,0.0226,0.0225,0.4299
22-JUL-2026,QUICKHEAL,156.40,158.06,-0.0106,0.0332,0.0331,0.6324
22-JUL-2026,QUINT,38.16,38.20,-0.0010,0.0318,0.0317,0.6056
22-JUL-2026,RACE,109.64,108.03,0.0148,0.0309,0.0308,0.5884
22-JUL-2026,RACLGEAR,1347.20,1357.30,-0.0075,0.0330,0.0330,0.6305
22-JUL-2026,RADAAN,2.95,2.90,0.0171,0.0301,0.0301,0.5751
22-JUL-2026,RADHIKAJWE,65.68,65.34,0.0052,0.0306,0.0305,0.5827
22-JUL-2026,RADIANTCMS,37.42,37.50,-0.0021,0.0239,0.0238,0.4547
22-JUL-2026,RADICO,4147.50,4088.40,0.0144,0.0210,0.0209,0.3993
22-JUL-2026,RADIOCITY,5.98,5.94,0.0067,0.0214,0.0214,0.4088
22-JUL-2026,RAILTEL,289.90,294.10,-0.0144,0.0281,0.0280,0.5349
22-JUL-2026,RAIN,216.64,223.40,-0.0307,0.0315,0.0315,0.6018
22-JUL-2026,RAINBOW,1489.90,1483.70,0.0042,0.0168,0.0167,0.3191
22-JUL-2026,RAJESHEXPO,89.27,91.78,-0.0277,0.0320,0.0320,0.6114
22-JUL-2026,RAJMET,3.43,3.34,0.0266,0.0247,0.0247,0.4719
22-JUL-2026,RAJOOENG,56.29,53.59,0.0492,0.0318,0.0319,0.6094
22-JUL-2026,RAJPALAYAM,818.40,812.65,0.0071,0.0192,0.0191,0.3649
22-JUL-2026,RAJRATAN,495.30,509.95,-0.0291,0.0290,0.0290,0.5540
22-JUL-2026,RAJRILTD,21.42,21.42,0.0000,0.0226,0.0225,0.4299
22-JUL-2026,RAJSREESUG,30.87,31.51,-0.0205,0.0302,0.0302,0.5770
22-JUL-2026,RAJTV,12.01,12.00,0.0008,0.0335,0.0334,0.6381
22-JUL-2026,RALLIS,227.70,228.60,-0.0039,0.0235,0.0234,0.4471
22-JUL-2026,RAMANEWS,27.94,29.05,-0.0390,0.0294,0.0295,0.5636
22-JUL-2026,RAMAPHO,124.82,126.21,-0.0111,0.0329,0.0329,0.6286
22-JUL-2026,RAMARAJU,182.80,182.80,0.0000,0.0000,0.0000,0.0000
22-JUL-2026,RAMASTEEL,4.29,4.31,-0.0047,0.0322,0.0321,0.6133
22-JUL-2026,RAMBHAJO,204.65,203.02,0.0080,0.0091,0.0091,0.1739
22-JUL-2026,RAMCOCEM,907.05,917.85,-0.0118,0.0168,0.0168,0.3210
22-JUL-2026,RAMCOIND,340.40,349.30,-0.0258,0.0255,0.0255,0.4872
22-JUL-2026,RAMCOSYS,816.45,796.40,0.0249,0.0396,0.0395,0.7546
22-JUL-2026,RAMKY,377.40,383.00,-0.0147,0.0256,0.0255,0.4872
22-JUL-2026,RAMRAT,416.60,418.25,-0.0040,0.0268,0.0267,0.5101
22-JUL-2026,RANASUG,11.79,11.87,-0.0068,0.0223,0.0222,0.4241
22-JUL-2026,RANEHOLDIN,1732.30,1761.00,-0.0164,0.0264,0.0264,0.5044
22-JUL-2026,RANJANPOLY,28.25,28.25,0.0000,0.0000,0.0000,0.0000
22-JUL-2026,RATEGAIN,896.40,926.40,-0.0329,0.0272,0.0273,0.5216
22-JUL-2026,RATNAMANI,2478.90,2539.00,-0.0240,0.0247,0.0247,0.4719
22-JUL-2026,RATNAVEER,175.31,176.61,-0.0074,0.0292,0.0291,0.5560
22-JUL-2026,RAYMOND,606.05,607.65,-0.0026,0.0296,0.0295,0.5636
22-JUL-2026,RAYMONDLSL,711.20,719.80,-0.0120,0.0266,0.0265,0.5063
22-JUL-2026,RAYMONDREL,667.30,691.80,-0.0361,0.0312,0.0312,0.5961
22-JUL-2026,RBA,65.93,65.88,0.0008,0.0194,0.0193,0.3687
22-JUL-2026,RBLBANK,355.45,367.20,-0.0325,0.0220,0.0221,0.4222
22-JUL-2026,RBZJEWEL,146.59,146.11,0.0033,0.0285,0.0284,0.5426
22-JUL-2026,RCF,126.01,127.64,-0.0129,0.0240,0.0240,0.4585
22-JUL-2026,RCOM,0.84,0.85,-0.0118,0.0272,0.0271,0.5177
22-JUL-2026,RECLTD,360.65,362.05,-0.0039,0.0206,0.0205,0.3917
22-JUL-2026,REDINGTON,265.85,269.95,-0.0153,0.0285,0.0285,0.5445
22-JUL-2026,REDTAPE,129.99,132.44,-0.0187,0.0242,0.0242,0.4623
22-JUL-2026,REFEX,311.35,305.80,0.0180,0.0332,0.0332,0.6343
22-JUL-2026,REGAAL,77.70,79.02,-0.0168,0.0282,0.0281,0.5368
22-JUL-2026,REGALENTER,10.00,10.00,0.0000,0.0000,0.0000,0.0000
22-JUL-2026,REGENCERAM,33.91,34.90,-0.0288,0.0330,0.0330,0.6305
22-JUL-2026,RELAXO,401.50,411.05,-0.0235,0.0279,0.0279,0.5330
22-JUL-2026,RELCHEMQ,129.67,129.12,0.0043,0.0252,0.0251,0.4795
22-JUL-2026,RELIABLE,146.67,146.26,0.0028,0.0310,0.0310,0.5923
22-JUL-2026,RELIANCE,1288.60,1303.70,-0.0117,0.0136,0.0136,0.2598
22-JUL-2026,RELIGARE,261.70,256.20,0.0212,0.0243,0.0243,0.4643
22-JUL-2026,RELTD,174.53,176.26,-0.0099,0.0341,0.0340,0.6496
22-JUL-2026,REMSONSIND,79.57,81.57,-0.0248,0.0302,0.0302,0.5770
22-JUL-2026,RENUKA,22.02,22.23,-0.0095,0.0225,0.0225,0.4299
22-JUL-2026,REPCOHOME,392.40,399.80,-0.0187,0.0215,0.0215,0.4108
22-JUL-2026,REPL,64.45,64.56,-0.0017,0.0329,0.0328,0.6266
22-JUL-2026,REPRO,370.30,371.15,-0.0023,0.0289,0.0288,0.5502
22-JUL-2026,RESPONIND,179.00,181.85,-0.0158,0.0322,0.0321,0.6133
22-JUL-2026,RETAIL,17.03,16.95,0.0047,0.0387,0.0386,0.7375
22-JUL-2026,RGL,120.12,119.74,0.0032,0.0329,0.0328,0.6266
22-JUL-2026,RHETAN,28.48,28.26,0.0078,0.0288,0.0288,0.5502
22-JUL-2026,RHFL,1.99,2.01,-0.0100,0.0292,0.0291,0.5560
22-JUL-2026,RHIM,398.45,409.85,-0.0282,0.0254,0.0254,0.4853
22-JUL-2026,RHL,171.14,171.84,-0.0041,0.0268,0.0268,0.5120
22-JUL-2026,RICOAUTO,133.90,137.57,-0.0270,0.0349,0.0348,0.6649
22-JUL-2026,RIIL,747.75,766.25,-0.0244,0.0239,0.0239,0.4566
22-JUL-2026,RIIT,116.75,116.88,-0.0011,0.0028,0.0028,0.0535
22-JUL-2026,RIR,160.35,162.81,-0.0152,0.0339,0.0339,0.6477
22-JUL-2026,RISHABH,648.65,652.50,-0.0059,0.0321,0.0320,0.6114
22-JUL-2026,RITCO,288.10,279.80,0.0292,0.0279,0.0279,0.5330
22-JUL-2026,RITES,216.00,219.48,-0.0160,0.0251,0.0251,0.4795
22-JUL-2026,RKDL,19.21,19.25,-0.0021,0.0289,0.0288,0.5502
22-JUL-2026,RKEC,25.71,26.77,-0.0404,0.0405,0.0405,0.7738
22-JUL-2026,RKFORGE,575.70,576.35,-0.0011,0.0231,0.0231,0.4413
22-JUL-2026,RKSWAMY,99.55,101.62,-0.0206,0.0260,0.0260,0.4967
22-JUL-2026,RMC,262.40,270.10,-0.0289,0.0367,0.0367,0.7012
22-JUL-2026,RMDRIP,18.54,18.90,-0.0192,0.0309,0.0308,0.5884
22-JUL-2026,RML,1145.00,1199.20,-0.0463,0.0269,0.0271,0.5177
22-JUL-2026,RNBDENIMS,9.45,9.51,-0.0063,0.0333,0.0333,0.6362
22-JUL-2026,ROADSTAR,60.00,60.00,0.0000,0.0396,0.0395,0.7546
22-JUL-2026,ROBERT,10.70,10.70,0.0000,0.0000,0.0000,0.0000
22-JUL-2026,ROHLTD,313.80,317.85,-0.0128,0.0258,0.0257,0.4910
22-JUL-2026,ROLEXRINGS,143.55,150.83,-0.0495,0.0249,0.0251,0.4795
22-JUL-2026,ROLLT,2.09,2.00,0.0440,0.0409,0.0409,0.7814
22-JUL-2026,ROML,44.68,44.98,-0.0067,0.0277,0.0277,0.5292
22-JUL-2026,ROSSARI,496.70,512.20,-0.0307,0.0219,0.0219,0.4184
22-JUL-2026,ROSSELLIND,58.80,61.71,-0.0483,0.0260,0.0262,0.5006
22-JUL-2026,ROSSTECH,995.30,1007.65,-0.0123,0.0361,0.0360,0.6878
22-JUL-2026,ROTO,68.40,69.89,-0.0215,0.0290,0.0290,0.5540
22-JUL-2026,ROUTE,567.05,575.95,-0.0156,0.0226,0.0225,0.4299
22-JUL-2026,RPEL,1274.30,1269.10,0.0041,0.0301,0.0300,0.5731
22-JUL-2026,RPGLIFE,3004.90,2996.00,0.0030,0.0262,0.0262,0.5006
22-JUL-2026,RPOWER,24.17,24.30,-0.0054,0.0326,0.0325,0.6209
22-JUL-2026,RPPINFRA,61.90,64.18,-0.0362,0.0332,0.0332,0.6343
22-JUL-2026,RPPL,21.57,22.08,-0.0234,0.0299,0.0299,0.5712
22-JUL-2026,RPSGVENT,911.20,917.60,-0.0070,0.0313,0.0312,0.5961
22-JUL-2026,RPTECH,744.95,743.75,0.0016,0.0264,0.0263,0.5025
22-JUL-2026,RRIL,16.83,17.06,-0.0136,0.0248,0.0247,0.4719
22-JUL-2026,RRKABEL,2432.40,2345.40,0.0364,0.0248,0.0248,0.4738
22-JUL-2026,RSDFIN,86.44,83.00,0.0406,0.0418,0.0418,0.7986
22-JUL-2026,RSL,133.76,133.04,0.0054,0.0123,0.0122,0.2331
22-JUL-2026,RSSOFTWARE,32.55,33.13,-0.0177,0.0338,0.0337,0.6438
22-JUL-2026,RSWM,212.30,214.75,-0.0115,0.0259,0.0258,0.4929
22-JUL-2026,RSYSTEMS,239.00,248.26,-0.0380,0.0281,0.0282,0.5388
22-JUL-2026,RTNINDIA,32.05,32.60,-0.0170,0.0301,0.0301,0.5751
22-JUL-2026,RTNPOWER,8.62,8.85,-0.0263,0.0263,0.0263,0.5025
22-JUL-2026,RUBFILA,72.83,73.63,-0.0109,0.0223,0.0222,0.4241
22-JUL-2026,RUBICON,1466.30,1516.90,-0.0339,0.0230,0.0230,0.4394
22-JUL-2026,RUBYMILLS,417.25,411.85,0.0130,0.0334,0.0333,0.6362
22-JUL-2026,RUCHINFRA,5.91,6.10,-0.0316,0.0313,0.0313,0.5980
22-JUL-2026,RUCHIRA,107.37,103.89,0.0329,0.0212,0.0213,0.4069
22-JUL-2026,RUDRA,16.51,16.98,-0.0281,0.0322,0.0322,0.6152
22-JUL-2026,RUPA,163.29,164.63,-0.0082,0.0237,0.0236,0.4509
22-JUL-2026,RUSHIL,17.55,16.28,0.0751,0.0313,0.0317,0.6056
22-JUL-2026,RUSTOMJEE,405.70,410.75,-0.0124,0.0208,0.0207,0.3955
22-JUL-2026,RVHL,45.18,45.01,0.0038,0.0345,0.0344,0.6572
22-JUL-2026,RVNL,223.11,225.26,-0.0096,0.0257,0.0256,0.4891
22-JUL-2026,RVTH,697.45,711.05,-0.0193,0.0294,0.0294,0.5617
22-JUL-2026,S&SPOWER,342.05,334.20,0.0232,0.0322,0.0322,0.6152
22-JUL-2026,SAATVIKGL,444.75,448.50,-0.0084,0.0220,0.0220,0.4203
22-JUL-2026,SABEVENTS,7.75,7.76,-0.0013,0.0346,0.0345,0.6591
22-JUL-2026,SADBHAV,7.74,7.94,-0.0255,0.0333,0.0332,0.6343
22-JUL-2026,SADBHIN,2.35,2.40,-0.0211,0.0323,0.0322,0.6152
22-JUL-2026,SADHNANIQ,2.73,2.68,0.0185,0.0359,0.0358,0.6840
22-JUL-2026,SAFARI,1578.60,1614.10,-0.0222,0.0229,0.0229,0.4375
22-JUL-2026,SAGARDEEP,24.56,24.09,0.0193,0.0244,0.0243,0.4643
22-JUL-2026,SAGCEM,180.46,185.09,-0.0253,0.0225,0.0226,0.4318
22-JUL-2026,SAGILITY,41.16,41.84,-0.0164,0.0224,0.0223,0.4260
22-JUL-2026,SAHLIBHFI,77.09,77.00,0.0012,0.0139,0.0139,0.2656
22-JUL-2026,SAHYADRI,280.80,285.55,-0.0168,0.0247,0.0247,0.4719
22-JUL-2026,SAIL,162.00,164.07,-0.0127,0.0233,0.0233,0.4451
22-JUL-2026,SAILIFE,1250.50,1288.70,-0.0301,0.0215,0.0215,0.4108
22-JUL-2026,SAIPARENT,551.05,559.40,-0.0150,0.0116,0.0117,0.2235
22-JUL-2026,SAKAR,837.25,878.75,-0.0484,0.0320,0.0321,0.6133
22-JUL-2026,SAKHTISUG,17.10,17.47,-0.0214,0.0251,0.0251,0.4795
22-JUL-2026,SAKSOFT,169.22,173.24,-0.0235,0.0331,0.0331,0.6324
22-JUL-2026,SAKUMA,1.64,1.68,-0.0241,0.0335,0.0335,0.6400
22-JUL-2026,SALASAR,5.93,6.00,-0.0117,0.0313,0.0312,0.5961
22-JUL-2026,SALONA,258.95,259.60,-0.0025,0.0244,0.0243,0.4643
22-JUL-2026,SALSTEEL,57.04,54.90,0.0382,0.0327,0.0327,0.6247
22-JUL-2026,SALZERELEC,578.65,588.75,-0.0173,0.0314,0.0314,0.5999
22-JUL-2026,SAMBHAAV,6.07,6.04,0.0050,0.0331,0.0331,0.6324
22-JUL-2026,SAMBHV,116.17,118.20,-0.0173,0.0241,0.0240,0.4585
22-JUL-2026,SAMHI,163.65,164.71,-0.0065,0.0241,0.0241,0.4604
22-JUL-2026,SAMMAANCAP,163.59,163.43,0.0010,0.0270,0.0269,0.5139
22-JUL-2026,SAMPANN,27.36,26.85,0.0188,0.0325,0.0325,0.6209
22-JUL-2026,SAMYAK,9.95,9.95,0.0000,0.0000,0.0000,0.0000
22-JUL-2026,SANATHAN,495.60,467.40,0.0586,0.0203,0.0207,0.3955
22-JUL-2026,SANDESH,973.15,981.45,-0.0085,0.0217,0.0216,0.4127
22-JUL-2026,SANDHAR,599.20,610.65,-0.0189,0.0280,0.0280,0.5349
22-JUL-2026,SANDUMA,194.95,197.84,-0.0147,0.0311,0.0310,0.5923
22-JUL-2026,SANGAMIND,621.45,618.95,0.0040,0.0268,0.0267,0.5101
22-JUL-2026,SANGHVIMOV,429.60,440.95,-0.0261,0.0330,0.0330,0.6305
22-JUL-2026,SANGINITA,59.25,58.09,0.0198,0.0301,0.0301,0.5751
22-JUL-2026,SANOFI,3409.30,3383.10,0.0077,0.0126,0.0126,0.2407
22-JUL-2026,SANOFICONR,4615.40,4576.50,0.0085,0.0188,0.0188,0.3592
22-JUL-2026,SANSERA,3255.20,3294.70,-0.0121,0.0244,0.0244,0.4662
22-JUL-2026,SANSTAR,106.48,107.79,-0.0122,0.0252,0.0251,0.4795
22-JUL-2026,SANWARIA,0.21,0.20,0.0488,0.0948,0.0946,1.8073
22-JUL-2026,SAPPHIRE,180.45,182.58,-0.0117,0.0260,0.0259,0.4948
22-JUL-2026,SAPPL,294.60,295.15,-0.0019,0.0313,0.0312,0.5961
22-JUL-2026,SARDAEN,499.40,508.60,-0.0183,0.0244,0.0243,0.4643
22-JUL-2026,SAREGAMA,489.40,516.20,-0.0533,0.0268,0.0270,0.5158
22-JUL-2026,SARLAPOLY,102.14,101.55,0.0058,0.0287,0.0286,0.5464
22-JUL-2026,SARVESHWAR,3.48,3.50,-0.0057,0.0300,0.0299,0.5712
22-JUL-2026,SASKEN,1905.50,1851.70,0.0286,0.0342,0.0342,0.6534
22-JUL-2026,SATIA,58.92,57.97,0.0163,0.0239,0.0239,0.4566
22-JUL-2026,SATIN,251.85,258.39,-0.0256,0.0223,0.0223,0.4260
22-JUL-2026,SATYASHYAM,22.65,22.65,0.0000,0.0000,0.0000,0.0000
22-JUL-2026,SAURASHCEM,57.85,59.15,-0.0222,0.0284,0.0284,0.5426
22-JUL-2026,SAYAJIHOTL,300.00,300.00,0.0000,0.0121,0.0120,0.2293
22-JUL-2026,SBC,42.12,41.90,0.0052,0.0209,0.0209,0.3993
22-JUL-2026,SBCL,741.90,753.75,-0.0158,0.0295,0.0294,0.5617
22-JUL-2026,SBFC,92.34,93.47,-0.0122,0.0201,0.0201,0.3840
22-JUL-2026,SBGLP,25.52,25.61,-0.0035,0.0311,0.0311,0.5942
22-JUL-2026,SBHL,10.20,10.20,0.0000,0.0013,0.0013,0.0248
22-JUL-2026,SBIBPB,48.65,49.40,-0.0153,0.0141,0.0141,0.2694
22-JUL-2026,SBICARD,626.85,645.05,-0.0286,0.0169,0.0170,0.3248
22-JUL-2026,SBIETFCON,121.51,121.60,-0.0007,0.0092,0.0092,0.1758
22-JUL-2026,SBIETFIT,317.53,321.70,-0.0130,0.0157,0.0157,0.2999
22-JUL-2026,SBIETFPB,281.22,284.51,-0.0116,0.0107,0.0107,0.2044
22-JUL-2026,SBIETFQLTY,220.41,220.56,-0.0007,0.0098,0.0097,0.1853
22-JUL-2026,SBIFUNDS,584.70,609.75,-0.0420,0.0000,0.0030,0.0573
22-JUL-2026,SBILIFE,1806.70,1827.90,-0.0117,0.0137,0.0137,0.2617
22-JUL-2026,SBILIQETF,1048.50,1048.35,0.0001,0.0004,0.0004,0.0076
22-JUL-2026,SBIMIDMOM,62.42,62.69,-0.0043,0.0081,0.0081,0.1548
22-JUL-2026,SBIN,1025.00,1044.40,-0.0187,0.0153,0.0153,0.2923
22-JUL-2026,SBINEQWETF,33.42,33.45,-0.0009,0.0103,0.0103,0.1968
22-JUL-2026,SBINMID150,22.99,23.28,-0.0125,0.0057,0.0058,0.1108
22-JUL-2026,SBISILVER,218.41,217.26,0.0053,0.0330,0.0329,0.6286
22-JUL-2026,SBISMLETF,17.89,18.11,-0.0122,0.0040,0.0041,0.0783
22-JUL-2026,SBIVALETF,14.91,15.02,-0.0074,0.0092,0.0091,0.1739
22-JUL-2026,SCANSTL,47.94,47.09,0.0179,0.0309,0.0309,0.5903
22-JUL-2026,SCHAEFFLER,4199.10,4180.10,0.0045,0.0192,0.0191,0.3649
22-JUL-2026,SCHAND,149.31,149.37,-0.0004,0.0221,0.0220,0.4203
22-JUL-2026,SCHNEIDER,1342.30,1358.30,-0.0118,0.0311,0.0311,0.5942
22-JUL-2026,SCI,268.80,276.90,-0.0297,0.0298,0.0298,0.5693
22-JUL-2026,SCILAL,42.00,41.95,0.0012,0.0231,0.0230,0.4394
22-JUL-2026,SCODATUBES,141.70,141.76,-0.0004,0.0271,0.0270,0.5158
22-JUL-2026,SCPL,582.55,547.70,0.0617,0.0335,0.0337,0.6438
22-JUL-2026,SDBL,74.34,72.43,0.0260,0.0343,0.0342,0.6534
22-JUL-2026,SEAMECLTD,1370.70,1367.70,0.0022,0.0249,0.0249,0.4757
22-JUL-2026,SECMARK,127.00,126.69,0.0024,0.0381,0.0380,0.7260
22-JUL-2026,SECURKLOUD,17.86,17.66,0.0113,0.0352,0.0351,0.6706
22-JUL-2026,SEDEMAC,2775.10,2675.20,0.0367,0.0187,0.0189,0.3611
22-JUL-2026,SEIL,210.01,211.80,-0.0085,0.0364,0.0364,0.6954
22-JUL-2026,SEITINVIT,126.00,126.00,0.0000,0.0114,0.0114,0.2178
22-JUL-2026,SEJALLTD,737.20,739.65,-0.0033,0.0332,0.0332,0.6343
22-JUL-2026,SELECTIPO,45.92,46.45,-0.0115,0.0110,0.0110,0.2102
22-JUL-2026,SELMC,28.35,28.65,-0.0105,0.0287,0.0286,0.5464
22-JUL-2026,SEMAC,315.45,320.15,-0.0148,0.0350,0.0349,0.6668
22-JUL-2026,SENCO,391.60,377.80,0.0359,0.0270,0.0270,0.5158
22-JUL-2026,SENORES,1393.50,1404.10,-0.0076,0.0263,0.0263,0.5025
22-JUL-2026,SENSEXADD,79.27,79.64,-0.0047,0.0096,0.0096,0.1834
22-JUL-2026,SENSEXAXIS,79.64,80.19,-0.0069,0.0093,0.0093,0.1777
22-JUL-2026,SENSEXBETA,849.98,855.47,-0.0064,0.0091,0.0091,0.1739
22-JUL-2026,SENSEXETF,79.17,79.90,-0.0092,0.0090,0.0090,0.1719
22-JUL-2026,SENSEXIETF,881.58,889.50,-0.0089,0.0092,0.0092,0.1758
22-JUL-2026,SEPC,6.01,6.12,-0.0181,0.0374,0.0374,0.7145
22-JUL-2026,SERVOTECH,99.93,100.48,-0.0055,0.0340,0.0339,0.6477
22-JUL-2026,SESHAPAPER,220.62,217.57,0.0139,0.0204,0.0204,0.3897
22-JUL-2026,SETCO,18.33,18.90,-0.0306,0.0298,0.0298,0.5693
22-JUL-2026,SETF10GILT,265.27,264.89,0.0014,0.0030,0.0030,0.0573
22-JUL-2026,SETFGOLD,123.00,121.41,0.0130,0.0176,0.0176,0.3362
22-JUL-2026,SETFNIF50,258.36,260.18,-0.0070,0.0082,0.0082,0.1567
22-JUL-2026,SETFNIFBK,587.69,594.71,-0.0119,0.0105,0.0105,0.2006
22-JUL-2026,SETFNN50,774.58,779.78,-0.0067,0.0110,0.0110,0.2102
22-JUL-2026,SETL,287.85,289.70,-0.0064,0.0310,0.0309,0.5903
22-JUL-2026,SETUINFRA,0.44,0.45,-0.0225,0.0466,0.0465,0.8884
22-JUL-2026,SEYAIND,12.48,12.71,-0.0183,0.0297,0.0297,0.5674
22-JUL-2026,SFL,745.65,745.85,-0.0003,0.0231,0.0230,0.4394
22-JUL-2026,SGFIN,665.65,677.40,-0.0175,0.0275,0.0275,0.5254
22-JUL-2026,SGIL,582.50,597.10,-0.0248,0.0266,0.0266,0.5082
22-JUL-2026,SGL,9.99,9.89,0.0101,0.0339,0.0339,0.6477
22-JUL-2026,SGMART,660.40,658.25,0.0033,0.0256,0.0256,0.4891
22-JUL-2026,SHADOWFAX,217.15,219.38,-0.0102,0.0212,0.0212,0.4050
22-JUL-2026,SHAH,4.32,4.35,-0.0069,0.0323,0.0322,0.6152
22-JUL-2026,SHAHALLOYS,66.40,65.07,0.0202,0.0311,0.0311,0.5942
22-JUL-2026,SHAILY,2884.40,2845.30,0.0136,0.0328,0.0327,0.6247
22-JUL-2026,SHAKTIPUMP,537.50,542.90,-0.0100,0.0301,0.0300,0.5731
22-JUL-2026,SHALBY,163.73,165.94,-0.0134,0.0234,0.0234,0.4471
22-JUL-2026,SHALPAINTS,67.06,69.32,-0.0331,0.0343,0.0343,0.6553
22-JUL-2026,SHANKARA,139.63,138.41,0.0088,0.0301,0.0301,0.5751
22-JUL-2026,SHANTI,6.90,7.08,-0.0258,0.0297,0.0297,0.5674
22-JUL-2026,SHANTIGEAR,413.00,419.85,-0.0164,0.0195,0.0195,0.3725
22-JUL-2026,SHANTIGOLD,206.80,213.02,-0.0296,0.0225,0.0225,0.4299
22-JUL-2026,SHARDACROP,873.15,878.95,-0.0066,0.0344,0.0344,0.6572
22-JUL-2026,SHARDAMOTR,838.55,843.95,-0.0064,0.0253,0.0253,0.4834
22-JUL-2026,SHARDUL,59.47,56.72,0.0473,0.0384,0.0384,0.7336
22-JUL-2026,SHAREINDIA,190.73,185.88,0.0258,0.0302,0.0302,0.5770
22-JUL-2026,SHARIABEES,456.78,459.15,-0.0052,0.0084,0.0084,0.1605
22-JUL-2026,SHBAJRG,192.11,189.98,0.0111,0.0287,0.0286,0.5464
22-JUL-2026,SHEKHAWATI,12.11,12.55,-0.0357,0.0347,0.0347,0.6629
22-JUL-2026,SHEMAROO,125.04,126.56,-0.0121,0.0313,0.0312,0.5961
22-JUL-2026,SHILCTECH,4164.40,4378.10,-0.0500,0.0340,0.0341,0.6515
22-JUL-2026,SHILPAMED,613.35,639.95,-0.0425,0.0268,0.0269,0.5139
22-JUL-2026,SHINDL,160.37,161.82,-0.0090,0.0225,0.0225,0.4299
22-JUL-2026,SHIVALIK,242.79,235.51,0.0304,0.0310,0.0310,0.5923
22-JUL-2026,SHIVAMAUTO,16.88,17.22,-0.0199,0.0315,0.0315,0.6018
22-JUL-2026,SHIVAMILLS,61.30,59.70,0.0264,0.0266,0.0266,0.5082
22-JUL-2026,SHIVATEX,150.13,148.79,0.0090,0.0277,0.0276,0.5273
22-JUL-2026,SHIVAUM,404.55,417.80,-0.0322,0.0259,0.0259,0.4948
22-JUL-2026,SHK,138.88,142.83,-0.0280,0.0297,0.0297,0.5674
22-JUL-2026,SHOPERSTOP,375.75,386.35,-0.0278,0.0245,0.0245,0.4681
22-JUL-2026,SHRADHA,35.03,35.74,-0.0201,0.0387,0.0387,0.7394
22-JUL-2026,SHREDIGCEM,74.45,73.08,0.0186,0.0220,0.0219,0.4184
22-JUL-2026,SHREECEM,26720.00,27245.00,-0.0195,0.0144,0.0144,0.2751
22-JUL-2026,SHREEJISPG,626.10,612.20,0.0225,0.0218,0.0218,0.4165
22-JUL-2026,SHREEPUSHK,388.85,406.45,-0.0443,0.0325,0.0326,0.6228
22-JUL-2026,SHREERAMA,40.62,41.80,-0.0286,0.0326,0.0326,0.6228
22-JUL-2026,SHREMINVIT,102.00,102.00,0.0000,0.0143,0.0142,0.2713
22-JUL-2026,SHRENIK,0.35,0.36,-0.0282,0.0273,0.0273,0.5216
22-JUL-2026,SHREYANIND,134.89,136.52,-0.0120,0.0252,0.0251,0.4795
22-JUL-2026,SHRIKRISH,43.00,42.61,0.0091,0.0439,0.0438,0.8368
22-JUL-2026,SHRINGARMS,220.17,222.46,-0.0103,0.0216,0.0215,0.4108
22-JUL-2026,SHRIPISTON,4394.90,4475.30,-0.0181,0.0254,0.0254,0.4853
22-JUL-2026,SHRIRAMFIN,1058.80,1061.50,-0.0025,0.0230,0.0229,0.4375
22-JUL-2026,SHRIRAMPPS,85.48,88.19,-0.0312,0.0264,0.0264,0.5044
22-JUL-2026,SHYAMCENT,5.22,5.30,-0.0152,0.0305,0.0304,0.5808
22-JUL-2026,SHYAMMETL,1030.20,1062.90,-0.0312,0.0195,0.0196,0.3745
22-JUL-2026,SHYAMTEL,15.26,15.56,-0.0195,0.0399,0.0398,0.7604
22-JUL-2026,SICAGEN,51.20,50.92,0.0055,0.0286,0.0286,0.5464
22-JUL-2026,SICALLOG,99.25,98.72,0.0054,0.0281,0.0281,0.5368
22-JUL-2026,SIEMENS,3649.40,3667.80,-0.0050,0.0208,0.0207,0.3955
22-JUL-2026,SIGIND,44.34,44.45,-0.0025,0.0280,0.0280,0.5349
22-JUL-2026,SIGMA,38.26,38.20,0.0016,0.0307,0.0306,0.5846
22-JUL-2026,SIGMAADV,525.70,520.30,0.0103,0.0373,0.0372,0.7107
22-JUL-2026,SIGNATURE,781.10,799.70,-0.0235,0.0229,0.0229,0.4375
22-JUL-2026,SIGNPOST,292.50,305.60,-0.0438,0.0324,0.0324,0.6190
22-JUL-2026,SIKA,1164.90,1202.20,-0.0315,0.0366,0.0365,0.6973
22-JUL-2026,SIKKO,4.75,4.77,-0.0042,0.0354,0.0353,0.6744
22-JUL-2026,SIL,16.00,15.92,0.0050,0.0232,0.0231,0.4413
22-JUL-2026,SILGO,74.68,74.77,-0.0012,0.0281,0.0280,0.5349
22-JUL-2026,SILINV,420.70,422.60,-0.0045,0.0219,0.0218,0.4165
22-JUL-2026,SILLYMONKS,16.18,16.16,0.0012,0.0331,0.0330,0.6305
22-JUL-2026,SILVER,222.49,221.53,0.0043,0.0329,0.0328,0.6266
22-JUL-2026,SILVER1,21.65,21.54,0.0051,0.0335,0.0335,0.6400
22-JUL-2026,SILVER360,219.73,218.24,0.0068,0.0308,0.0307,0.5865
22-JUL-2026,SILVERADD,214.77,213.88,0.0042,0.0328,0.0327,0.6247
22-JUL-2026,SILVERAG,217.08,215.79,0.0060,0.0332,0.0331,0.6324
22-JUL-2026,SILVERAXIS,221.60,220.48,0.0051,0.0326,0.0325,0.6209
22-JUL-2026,SILVERBEES,213.07,212.23,0.0040,0.0327,0.0326,0.6228
22-JUL-2026,SILVERBETA,215.38,214.42,0.0045,0.0330,0.0329,0.6286
22-JUL-2026,SILVERBND,223.60,222.18,0.0064,0.0309,0.0308,0.5884
22-JUL-2026,SILVERCASE,22.58,22.49,0.0040,0.0317,0.0316,0.6037
22-JUL-2026,SILVERIETF,222.37,221.35,0.0046,0.0319,0.0318,0.6075
22-JUL-2026,SILVERTUC,195.89,194.29,0.0082,0.0299,0.0299,0.5712
22-JUL-2026,SIMBHALS,6.98,6.70,0.0409,0.0270,0.0271,0.5177
22-JUL-2026,SIMPLEXINF,242.15,249.75,-0.0309,0.0342,0.0342,0.6534
22-JUL-2026,SINCLAIR,74.29,74.49,-0.0027,0.0229,0.0229,0.4375
22-JUL-2026,SINDHUTRAD,25.05,25.20,-0.0060,0.0346,0.0345,0.6591
22-JUL-2026,SINGERIND,65.28,65.00,0.0043,0.0290,0.0289,0.5521
22-JUL-2026,SINTERCOM,81.99,80.51,0.0182,0.0282,0.0281,0.5368
22-JUL-2026,SIRCA,393.50,397.80,-0.0109,0.0193,0.0193,0.3687
22-JUL-2026,SIS,437.05,441.45,-0.0100,0.0193,0.0192,0.3668
22-JUL-2026,SITAL,74.13,74.13,0.0000,0.0008,0.0008,0.0153
22-JUL-2026,SITINET,0.32,0.32,0.0000,0.0624,0.0623,1.1902
22-JUL-2026,SIYSIL,627.85,636.90,-0.0143,0.0270,0.0270,0.5158
22-JUL-2026,SJS,2240.20,2225.60,0.0065,0.0243,0.0243,0.4643
22-JUL-2026,SJVN,68.66,68.65,0.0001,0.0229,0.0228,0.4356
22-JUL-2026,SKFINDIA,1500.40,1458.40,0.0284,0.0140,0.0141,0.2694
22-JUL-2026,SKFINDUS,2736.50,2815.00,-0.0283,0.0167,0.0168,0.3210
22-JUL-2026,SKIPPER,530.25,545.75,-0.0288,0.0284,0.0284,0.5426
22-JUL-2026,SKJPL,10.00,10.00,0.0000,0.0000,0.0000,0.0000
22-JUL-2026,SKMEGGPROD,313.95,313.75,0.0006,0.0348,0.0347,0.6629
22-JUL-2026,SKYGOLD,671.25,655.80,0.0233,0.0323,0.0322,0.6152
22-JUL-2026,SLESHA,10.00,10.00,0.0000,0.0000,0.0000,0.0000
22-JUL-2026,SMALL250,17.90,18.13,-0.0128,0.0094,0.0095,0.1815
22-JUL-2026,SMALLADD,17.94,18.18,-0.0133,0.0103,0.0103,0.1968
22-JUL-2026,SMALLCAP,47.27,47.73,-0.0097,0.0121,0.0121,0.2312
22-JUL-2026,SMALLGROWW,47.54,47.66,-0.0025,0.0031,0.0031,0.0592
22-JUL-2026,SMALLIETF,17.91,18.14,-0.0128,0.0030,0.0031,0.0592
22-JUL-2026,SMARTLINK,214.46,222.76,-0.0380,0.0302,0.0303,0.5789
22-JUL-2026,SMARTWORKS,489.15,500.00,-0.0219,0.0192,0.0192,0.3668
22-JUL-2026,SMCGLOBAL,79.78,79.07,0.0089,0.0279,0.0278,0.5311
22-JUL-2026,SML100CASE,10.87,11.01,-0.0128,0.0097,0.0098,0.1872
22-JUL-2026,SMLMAH,3961.60,4083.60,-0.0303,0.0329,0.0329,0.6286
22-JUL-2026,SMLT,66.63,66.95,-0.0048,0.0302,0.0301,0.5751
22-JUL-2026,SMMIL,2.25,2.25,0.0000,0.0000,0.0000,0.0000
22-JUL-2026,SMSPHARMA,386.65,388.20,-0.0040,0.0297,0.0296,0.5655
22-JUL-2026,SNOWMAN,36.66,36.99,-0.0090,0.0251,0.0251,0.4795
22-JUL-2026,SNXT30BEES,42.37,42.36,0.0002,0.0080,0.0080,0.1528
22-JUL-2026,SNXT50BETA,93.57,94.56,-0.0105,0.0117,0.0117,0.2235
22-JUL-2026,SOBHA,1425.90,1456.40,-0.0212,0.0225,0.0225,0.4299
22-JUL-2026,SOFTTECH,414.15,427.95,-0.0328,0.0303,0.0303,0.5789
22-JUL-2026,SOLARA,536.10,558.80,-0.0415,0.0283,0.0283,0.5407
22-JUL-2026,SOLARINDS,18855.00,19046.00,-0.0101,0.0215,0.0214,0.4088
22-JUL-2026,SOLARWORLD,195.55,197.95,-0.0122,0.0260,0.0259,0.4948
22-JUL-2026,SOLEX,952.60,987.00,-0.0355,0.0287,0.0287,0.5483
22-JUL-2026,SOMANYCERA,503.60,513.00,-0.0185,0.0241,0.0241,0.4604
22-JUL-2026,SOMATEX,100.90,102.11,-0.0119,0.0367,0.0366,0.6992
22-JUL-2026,SOMICONVEY,98.78,98.90,-0.0012,0.0351,0.0350,0.6687
22-JUL-2026,SONACOMS,726.50,732.75,-0.0086,0.0206,0.0206,0.3936
22-JUL-2026,SONAL,92.73,97.00,-0.0450,0.0388,0.0389,0.7432
22-JUL-2026,SONAMLTD,53.56,55.18,-0.0298,0.0287,0.0287,0.5483
22-JUL-2026,SONATSOFTW,295.60,302.55,-0.0232,0.0301,0.0301,0.5751
22-JUL-2026,SOTL,596.10,601.75,-0.0094,0.0280,0.0279,0.5330
22-JUL-2026,SOUTHBANK,48.00,47.28,0.0151,0.0253,0.0252,0.4814
22-JUL-2026,SOUTHWEST,242.57,249.11,-0.0266,0.0336,0.0336,0.6419
22-JUL-2026,SPAL,972.60,998.40,-0.0262,0.0332,0.0332,0.6343
22-JUL-2026,SPANDANA,285.25,303.15,-0.0609,0.0296,0.0299,0.5712
22-JUL-2026,SPANGLE,10.00,10.00,0.0000,0.0000,0.0000,0.0000
22-JUL-2026,SPARC,213.96,224.52,-0.0482,0.0357,0.0357,0.6820
22-JUL-2026,SPCENET,3.60,3.69,-0.0247,0.0368,0.0368,0.7031
22-JUL-2026,SPECIALITY,132.12,131.58,0.0041,0.0277,0.0277,0.5292
22-JUL-2026,SPECTRUM,2134.50,2132.80,0.0008,0.0300,0.0299,0.5712
22-JUL-2026,SPENCERS,34.48,35.36,-0.0252,0.0313,0.0313,0.5980
22-JUL-2026,SPIC,65.64,66.71,-0.0162,0.0260,0.0260,0.4967
22-JUL-2026,SPLIL,31.90,30.84,0.0338,0.0304,0.0304,0.5808
22-JUL-2026,SPLPETRO,734.30,726.30,0.0110,0.0246,0.0246,0.4700
22-JUL-2026,SPMLINFRA,201.54,207.46,-0.0290,0.0335,0.0334,0.6381
22-JUL-2026,SPORTKING,200.91,198.46,0.0123,0.0302,0.0301,0.5751
22-JUL-2026,SRD,37.76,37.96,-0.0053,0.0277,0.0276,0.5273
22-JUL-2026,SREEL,225.64,230.38,-0.0208,0.0191,0.0191,0.3649
22-JUL-2026,SRF,2867.40,2939.10,-0.0247,0.0187,0.0188,0.3592
22-JUL-2026,SRGHFL,307.00,304.90,0.0069,0.0246,0.0245,0.4681
22-JUL-2026,SRHHYPOLTD,484.60,488.80,-0.0086,0.0247,0.0247,0.4719
22-JUL-2026,SRM,510.30,512.70,-0.0047,0.0288,0.0288,0.5502
22-JUL-2026,SRTL,41.00,41.64,-0.0155,0.0172,0.0172,0.3286
22-JUL-2026,SSDL,52.12,52.65,-0.0101,0.0221,0.0221,0.4222
22-JUL-2026,SSWL,279.68,279.30,0.0014,0.0236,0.0236,0.4509
22-JUL-2026,STALLION,250.64,245.32,0.0215,0.0419,0.0418,0.7986
22-JUL-2026,STANLEY,154.98,156.62,-0.0105,0.0267,0.0267,0.5101
22-JUL-2026,STAR,1040.70,1051.30,-0.0101,0.0252,0.0252,0.4814
22-JUL-2026,STARCEMENT,205.71,208.39,-0.0129,0.0178,0.0178,0.3401
22-JUL-2026,STARHEALTH,580.00,588.60,-0.0147,0.0157,0.0157,0.2999
22-JUL-2026,STARPAPER,147.05,143.76,0.0226,0.0179,0.0179,0.3420
22-JUL-2026,STARTECK,264.80,266.30,-0.0056,0.0231,0.0230,0.4394
22-JUL-2026,STCINDIA,118.35,119.50,-0.0097,0.0309,0.0308,0.5884
22-JUL-2026,STCL,9.25,9.25,0.0000,0.0000,0.0000,0.0000
22-JUL-2026,STEADFAST,14.90,14.90,0.0000,0.0000,0.0000,0.0000
22-JUL-2026,STEELCAS,306.30,306.90,-0.0020,0.0277,0.0276,0.5273
22-JUL-2026,STEELCITY,75.31,76.77,-0.0192,0.0200,0.0200,0.3821
22-JUL-2026,STEELXIND,11.75,11.96,-0.0177,0.0284,0.0284,0.5426
22-JUL-2026,STEL,542.10,553.40,-0.0206,0.0304,0.0304,0.5808
22-JUL-2026,STERTOOLS,247.36,249.46,-0.0085,0.0328,0.0327,0.6247
22-JUL-2026,STLNETWORK,24.63,24.68,-0.0020,0.0291,0.0291,0.5560
22-JUL-2026,STLTECH,552.95,528.75,0.0448,0.0389,0.0389,0.7432
22-JUL-2026,STOVEKRAFT,762.65,776.80,-0.0184,0.0277,0.0277,0.5292
22-JUL-2026,STUDDS,444.85,447.30,-0.0055,0.0167,0.0167,0.3191
22-JUL-2026,STYL,389.10,371.70,0.0457,0.0223,0.0224,0.4280
22-JUL-2026,STYLAMIND,3587.40,3510.90,0.0216,0.0234,0.0234,0.4471
22-JUL-2026,STYLEBAAZA,288.80,304.00,-0.0513,0.0341,0.0342,0.6534
22-JUL-2026,STYRENIX,2431.90,2452.90,-0.0086,0.0207,0.0206,0.3936
22-JUL-2026,SUBEXLTD,12.69,12.84,-0.0118,0.0311,0.0310,0.5923
22-JUL-2026,SUBROS,795.00,802.45,-0.0093,0.0284,0.0283,0.5407
22-JUL-2026,SUDARCOLOR,360.85,364.85,-0.0110,0.0235,0.0235,0.4490
22-JUL-2026,SUDARSCHEM,1030.45,1054.70,-0.0233,0.0258,0.0258,0.4929
22-JUL-2026,SUDEEPPHRM,849.90,869.95,-0.0233,0.0210,0.0210,0.4012
22-JUL-2026,SUKHJITS,163.94,159.81,0.0255,0.0273,0.0273,0.5216
22-JUL-2026,SULA,148.55,150.01,-0.0098,0.0202,0.0201,0.3840
22-JUL-2026,SUMEETINDS,31.87,33.54,-0.0511,0.0275,0.0276,0.5273
22-JUL-2026,SUMICHEM,531.15,540.90,-0.0182,0.0236,0.0236,0.4509
22-JUL-2026,SUMIT,53.91,52.35,0.0294,0.0366,0.0365,0.6973
22-JUL-2026,SUMMITSEC,1464.30,1502.40,-0.0257,0.0253,0.0253,0.4834
22-JUL-2026,SUNAYANA,34.00,34.00,0.0000,0.0000,0.0000,0.0000
22-JUL-2026,SUNCLAY,1355.50,1352.70,0.0021,0.0243,0.0242,0.4623
22-JUL-2026,SUNDARAM,1.26,1.27,-0.0079,0.0248,0.0248,0.4738
22-JUL-2026,SUNDARMFIN,4420.00,4472.60,-0.0118,0.0212,0.0212,0.4050
22-JUL-2026,SUNDRMBRAK,796.95,800.70,-0.0047,0.0315,0.0314,0.5999
22-JUL-2026,SUNDRMFAST,952.25,964.90,-0.0132,0.0158,0.0158,0.3019
22-JUL-2026,SUNDROP,651.75,642.85,0.0137,0.0203,0.0202,0.3859
22-JUL-2026,SUNFLAG,350.25,360.05,-0.0276,0.0301,0.0301,0.5751
22-JUL-2026,SUNPHARMA,1943.00,1961.90,-0.0097,0.0126,0.0126,0.2407
22-JUL-2026,SUNTECK,290.70,315.00,-0.0803,0.0259,0.0264,0.5044
22-JUL-2026,SUNTV,490.75,494.40,-0.0074,0.0201,0.0201,0.3840
22-JUL-2026,SUPERHOUSE,164.37,170.39,-0.0360,0.0260,0.0260,0.4967
22-JUL-2026,SUPERSPIN,5.22,5.12,0.0193,0.0321,0.0320,0.6114
22-JUL-2026,SUPRAJIT,486.80,488.90,-0.0043,0.0207,0.0207,0.3955
22-JUL-2026,SUPREME,44.77,45.31,-0.0120,0.0345,0.0344,0.6572
22-JUL-2026,SUPREMEENG,1.86,1.83,0.0163,0.0308,0.0307,0.5865
22-JUL-2026,SUPREMEIND,3452.80,3399.10,0.0157,0.0192,0.0192,0.3668
22-JUL-2026,SUPREMEINF,89.85,88.42,0.0160,0.0327,0.0326,0.6228
22-JUL-2026,SUPRIYA,840.20,863.60,-0.0275,0.0318,0.0317,0.6056
22-JUL-2026,SURAJEST,194.37,195.56,-0.0061,0.0280,0.0279,0.5330
22-JUL-2026,SURAJLTD,226.56,229.00,-0.0107,0.0264,0.0263,0.5025
22-JUL-2026,SURAKSHA,259.60,261.00,-0.0054,0.0188,0.0188,0.3592
22-JUL-2026,SURANASOL,26.29,26.31,-0.0008,0.0277,0.0276,0.5273
22-JUL-2026,SURANAT&P,18.03,17.83,0.0112,0.0274,0.0273,0.5216
22-JUL-2026,SURYALA,431.15,425.05,0.0142,0.0303,0.0303,0.5789
22-JUL-2026,SURYALAXMI,55.79,57.51,-0.0304,0.0292,0.0292,0.5579
22-JUL-2026,SURYAROSNI,235.55,238.10,-0.0108,0.0277,0.0277,0.5292
22-JUL-2026,SURYODAY,181.26,190.46,-0.0495,0.0259,0.0261,0.4986
22-JUL-2026,SUTLEJTEX,38.00,38.40,-0.0105,0.0284,0.0283,0.5407
22-JUL-2026,SUVEN,319.35,340.45,-0.0640,0.0373,0.0374,0.7145
22-JUL-2026,SUVIDHAA,2.55,2.51,0.0158,0.0310,0.0310,0.5923
22-JUL-2026,SUYOG,851.75,841.35,0.0123,0.0295,0.0295,0.5636
22-JUL-2026,SUZLON,53.01,53.17,-0.0030,0.0235,0.0234,0.4471
22-JUL-2026,SVLL,754.00,768.85,-0.0195,0.0305,0.0305,0.5827
22-JUL-2026,SVPGLOB,3.93,3.81,0.0310,0.0342,0.0341,0.6515
22-JUL-2026,SWANCORP,309.20,310.15,-0.0031,0.0270,0.0269,0.5139
22-JUL-2026,SWANDEF,2399.60,2324.50,0.0318,0.0252,0.0253,0.4834
22-JUL-2026,SWARAJENG,3587.10,3606.70,-0.0054,0.0189,0.0188,0.3592
22-JUL-2026,SWELECTES,607.15,609.55,-0.0039,0.0304,0.0304,0.5808
22-JUL-2026,SWIGGY,263.84,270.23,-0.0239,0.0246,0.0246,0.4700
22-JUL-2026,SWSOLAR,205.04,207.31,-0.0110,0.0295,0.0295,0.5636
22-JUL-2026,SYMPHONY,694.10,699.85,-0.0082,0.0210,0.0209,0.3993
22-JUL-2026,SYNCOMF,13.19,13.57,-0.0284,0.0259,0.0259,0.4948
22-JUL-2026,SYNGENE,406.40,413.25,-0.0167,0.0202,0.0202,0.3859
22-JUL-2026,SYRMA,1363.10,1374.40,-0.0083,0.0282,0.0282,0.5388
22-JUL-2026,SYSTMTXC,60.66,62.56,-0.0308,0.0325,0.0325,0.6209
22-JUL-2026,TAALTECH,3828.80,3878.00,-0.0128,0.0285,0.0284,0.5426
22-JUL-2026,TAINWALCHM,203.10,207.96,-0.0236,0.0346,0.0346,0.6610
22-JUL-2026,TAJGVK,358.00,358.15,-0.0004,0.0254,0.0253,0.4834
22-JUL-2026,TAKE,20.64,20.33,0.0151,0.0317,0.0317,0.6056
22-JUL-2026,TALBROAUTO,407.60,412.35,-0.0116,0.0275,0.0274,0.5235
22-JUL-2026,TAMBOLIIN,220.21,221.17,-0.0044,0.0296,0.0295,0.5636
22-JUL-2026,TANLA,561.55,564.55,-0.0053,0.0290,0.0289,0.5521
22-JUL-2026,TARACHAND,55.48,56.43,-0.0170,0.0290,0.0290,0.5540
22-JUL-2026,TARANGINI,1.00,1.00,0.0000,0.0000,0.0000,0.0000
22-JUL-2026,TARAPUR,17.56,17.94,-0.0214,0.0324,0.0324,0.6190
22-JUL-2026,TARC,122.71,115.43,0.0612,0.0271,0.0274,0.5235
22-JUL-2026,TARIL,307.25,316.80,-0.0306,0.0368,0.0368,0.7031
22-JUL-2026,TARINIENT,33.50,33.50,0.0000,0.1018,0.1015,1.9392
22-JUL-2026,TARMAT,50.34,49.67,0.0134,0.0287,0.0287,0.5483
22-JUL-2026,TARSONS,306.30,312.05,-0.0186,0.0308,0.0307,0.5865
22-JUL-2026,TASTYBITE,8954.50,9039.00,-0.0094,0.0228,0.0228,0.4356
22-JUL-2026,TATACAP,347.35,350.45,-0.0089,0.0139,0.0139,0.2656
22-JUL-2026,TATACHEM,691.60,690.65,0.0014,0.0190,0.0190,0.3630
22-JUL-2026,TATACOMM,1761.40,1818.80,-0.0321,0.0205,0.0205,0.3917
22-JUL-2026,TATACONSUM,1094.90,1081.50,0.0123,0.0150,0.0150,0.2866
22-JUL-2026,TATAELXSI,3406.50,3461.60,-0.0160,0.0204,0.0204,0.3897
22-JUL-2026,TATAGOLD,14.00,13.83,0.0122,0.0178,0.0178,0.3401
22-JUL-2026,TATAINVEST,642.50,656.95,-0.0222,0.0247,0.0247,0.4719
22-JUL-2026,TATAPOWER,378.55,381.45,-0.0076,0.0154,0.0153,0.2923
22-JUL-2026,TATASTEEL,186.53,187.24,-0.0038,0.0175,0.0174,0.3324
22-JUL-2026,TATATECH,712.45,728.95,-0.0229,0.0195,0.0196,0.3745
22-JUL-2026,TATSILV,21.65,21.56,0.0042,0.0337,0.0336,0.6419
22-JUL-2026,TATVA,1664.90,1684.90,-0.0119,0.0324,0.0323,0.6171
22-JUL-2026,TBOTEK,1469.10,1465.10,0.0027,0.0241,0.0241,0.4604
22-JUL-2026,TBZ,264.36,259.73,0.0177,0.0349,0.0349,0.6668
22-JUL-2026,TCC,275.30,289.30,-0.0496,0.0299,0.0300,0.5731
22-JUL-2026,TCI,926.00,931.00,-0.0054,0.0197,0.0197,0.3764
22-JUL-2026,TCIEXP,581.70,586.10,-0.0075,0.0261,0.0260,0.4967
22-JUL-2026,TCIFINANCE,15.42,15.23,0.0124,0.0413,0.0412,0.7871
22-JUL-2026,TCPLPACK,3310.10,3428.70,-0.0352,0.0257,0.0258,0.4929
22-JUL-2026,TCS,2208.30,2221.10,-0.0058,0.0170,0.0170,0.3248
22-JUL-2026,TDPOWERSYS,1160.80,1129.20,0.0276,0.0317,0.0317,0.6056
22-JUL-2026,TEAMGTY,222.38,223.18,-0.0036,0.0338,0.0337,0.6438
22-JUL-2026,TEAMLEASE,1338.40,1325.40,0.0098,0.0182,0.0182,0.3477
22-JUL-2026,TECH,31.40,31.78,-0.0120,0.0157,0.0157,0.2999
22-JUL-2026,TECHM,1560.60,1576.30,-0.0100,0.0181,0.0181,0.3458
22-JUL-2026,TECHNOE,1010.20,1020.80,-0.0104,0.0278,0.0278,0.5311
22-JUL-2026,TECHNVISN,3690.40,3419.30,0.0763,0.0313,0.0317,0.6056
22-JUL-2026,TECILCHEM,9.66,9.32,0.0358,0.0688,0.0687,1.3125
22-JUL-2026,TEGA,1567.60,1635.10,-0.0422,0.0224,0.0226,0.4318
22-JUL-2026,TEJASNET,520.55,537.35,-0.0318,0.0353,0.0353,0.6744
22-JUL-2026,TEMBO,526.10,548.00,-0.0408,0.0276,0.0276,0.5273
22-JUL-2026,TENNIND,558.55,569.35,-0.0192,0.0181,0.0181,0.3458
22-JUL-2026,TERASOFT,387.75,394.80,-0.0180,0.0331,0.0331,0.6324
22-JUL-2026,TEXINFRA,113.35,114.01,-0.0058,0.0222,0.0221,0.4222
22-JUL-2026,TEXMOPIPES,42.96,43.93,-0.0223,0.0274,0.0274,0.5235
22-JUL-2026,TEXRAIL,111.31,114.19,-0.0255,0.0301,0.0300,0.5731
22-JUL-2026,TFCILTD,81.81,83.21,-0.0170,0.0308,0.0307,0.5865
22-JUL-2026,TFL,10.63,10.96,-0.0306,0.0351,0.0351,0.6706
22-JUL-2026,TGBHOTELS,9.07,8.76,0.0348,0.0260,0.0260,0.4967
22-JUL-2026,THACKER,1089.90,1089.90,0.0000,0.0425,0.0424,0.8101
22-JUL-2026,THAKDEV,155.88,149.20,0.0438,0.0375,0.0376,0.7183
22-JUL-2026,THANGAMAYL,6476.00,6435.00,0.0064,0.0343,0.0342,0.6534
22-JUL-2026,THEINVEST,96.56,96.71,-0.0016,0.0304,0.0303,0.5789
22-JUL-2026,THEJO,1895.00,1932.20,-0.0194,0.0225,0.0225,0.4299
22-JUL-2026,THELEELA,490.90,487.65,0.0066,0.0167,0.0167,0.3191
22-JUL-2026,THEMISMED,108.23,112.34,-0.0373,0.0347,0.0348,0.6649
22-JUL-2026,THERMAX,4719.00,4841.00,-0.0255,0.0244,0.0244,0.4662
22-JUL-2026,THOMASCOOK,101.97,104.76,-0.0270,0.0293,0.0293,0.5598
22-JUL-2026,THOMASCOTT,291.25,297.80,-0.0222,0.0364,0.0364,0.6954
22-JUL-2026,THYROCARE,557.95,562.80,-0.0087,0.0256,0.0255,0.4872
22-JUL-2026,TI,441.75,444.85,-0.0070,0.0262,0.0261,0.4986
22-JUL-2026,TICL,9.70,10.22,-0.0522,0.0364,0.0365,0.6973
22-JUL-2026,TIGERLOGS,31.37,31.66,-0.0092,0.0354,0.0353,0.6744
22-JUL-2026,TIIL,2529.80,2627.30,-0.0378,0.0257,0.0258,0.4929
22-JUL-2026,TIINDIA,2903.70,2909.30,-0.0019,0.0223,0.0223,0.4260
22-JUL-2026,TIJARIA,4.51,4.48,0.0067,0.0355,0.0354,0.6763
22-JUL-2026,TIL,209.99,222.07,-0.0559,0.0349,0.0350,0.6687
22-JUL-2026,TIMETECHNO,203.09,207.79,-0.0229,0.0263,0.0263,0.5025
22-JUL-2026,TIMEX,556.15,563.05,-0.0123,0.0331,0.0330,0.6305
22-JUL-2026,TIMKEN,3073.00,3093.30,-0.0066,0.0195,0.0194,0.3706
22-JUL-2026,TINNARUBR,1090.35,1148.70,-0.0521,0.0321,0.0323,0.6171
22-JUL-2026,TIPSFILMS,312.75,322.90,-0.0319,0.0302,0.0302,0.5770
22-JUL-2026,TIPSMUSIC,622.85,712.20,-0.1341,0.0238,0.0255,0.4872
22-JUL-2026,TIRUMALCHM,165.80,164.44,0.0082,0.0286,0.0285,0.5445
22-JUL-2026,TIRUPATIFL,81.55,76.95,0.0581,0.0361,0.0363,0.6935
22-JUL-2026,TITAGARH,819.75,843.65,-0.0287,0.0263,0.0263,0.5025
22-JUL-2026,TITAN,4711.60,4688.70,0.0049,0.0152,0.0151,0.2885
22-JUL-2026,TMB,810.65,818.45,-0.0096,0.0213,0.0212,0.4050
22-JUL-2026,TMCV,405.45,411.75,-0.0154,0.0194,0.0194,0.3706
22-JUL-2026,TMPV,327.70,333.80,-0.0184,0.0202,0.0202,0.3859
22-JUL-2026,TNIDETF,84.11,85.01,-0.0106,0.0117,0.0117,0.2235
22-JUL-2026,TNPETRO,93.42,94.65,-0.0131,0.0218,0.0217,0.4146
22-JUL-2026,TNPL,143.12,144.96,-0.0128,0.0197,0.0196,0.3745
22-JUL-2026,TNTELE,9.05,9.15,-0.0110,0.0340,0.0339,0.6477
22-JUL-2026,TOKYOPLAST,80.87,81.80,-0.0114,0.0314,0.0313,0.5980
22-JUL-2026,TOLINS,104.31,103.56,0.0072,0.0282,0.0282,0.5388
22-JUL-2026,TOP100CASE,10.53,10.59,-0.0057,0.0084,0.0083,0.1586
22-JUL-2026,TOP10ADD,86.67,87.49,-0.0094,0.0089,0.0089,0.1700
22-JUL-2026,TOP15IETF,9.76,9.88,-0.0122,0.0075,0.0075,0.1433
22-JUL-2026,TOP20,8.77,8.84,-0.0080,0.0074,0.0074,0.1414
22-JUL-2026,TORNTPHARM,5033.40,5040.60,-0.0014,0.0141,0.0141,0.2694
22-JUL-2026,TORNTPOWER,1433.10,1435.90,-0.0020,0.0217,0.0216,0.4127
22-JUL-2026,TOTAL,49.82,48.40,0.0289,0.0297,0.0297,0.5674
22-JUL-2026,TOUCHWOOD,67.66,67.48,0.0027,0.0281,0.0280,0.5349
22-JUL-2026,TPHQ,0.41,0.42,-0.0241,0.0317,0.0317,0.6056
22-JUL-2026,TPLPLASTEH,78.69,80.70,-0.0252,0.0307,0.0307,0.5865
22-JUL-2026,TRACXN,30.04,30.11,-0.0023,0.0266,0.0265,0.5063
22-JUL-2026,TRANSGLOB,735.00,735.00,0.0000,0.0004,0.0004,0.0076
22-JUL-2026,TRANSPEK,1024.30,1028.00,-0.0036,0.0242,0.0241,0.4604
22-JUL-2026,TRANSRAILL,481.90,492.45,-0.0217,0.0248,0.0248,0.4738
22-JUL-2026,TRANSWORLD,162.74,164.44,-0.0104,0.0909,0.0907,1.7328
22-JUL-2026,TRAVELFOOD,1284.90,1300.50,-0.0121,0.0172,0.0172,0.3286
22-JUL-2026,TREEHOUSE,6.24,6.26,-0.0032,0.0303,0.0302,0.5770
22-JUL-2026,TREJHARA,140.68,138.08,0.0187,0.0295,0.0294,0.5617
22-JUL-2026,TREL,24.68,24.48,0.0081,0.0242,0.0242,0.4623
22-JUL-2026,TRENT,2887.30,2894.70,-0.0026,0.0238,0.0237,0.4528
22-JUL-2026,TRF,233.10,245.09,-0.0502,0.0284,0.0285,0.5445
22-JUL-2026,TRIDENT,25.45,25.10,0.0138,0.0209,0.0209,0.3993
22-JUL-2026,TRIGYN,53.16,55.16,-0.0369,0.0313,0.0313,0.5980
22-JUL-2026,TRITURBINE,613.65,618.65,-0.0081,0.0272,0.0271,0.5177
22-JUL-2026,TRIVENI,275.55,289.95,-0.0509,0.0228,0.0230,0.4394
22-JUL-2026,TRU,4.96,4.99,-0.0060,0.0319,0.0318,0.6075
22-JUL-2026,TRUALT,430.60,419.45,0.0262,0.0207,0.0207,0.3955
22-JUL-2026,TSFINV,443.20,469.00,-0.0566,0.0281,0.0283,0.5407
22-JUL-2026,TTKHLTCARE,1006.05,1028.20,-0.0218,0.0180,0.0180,0.3439
22-JUL-2026,TTKPRESTIG,657.10,656.15,0.0014,0.0214,0.0213,0.4069
22-JUL-2026,TTL,6.44,6.43,0.0016,0.0262,0.0262,0.5006
22-JUL-2026,TTML,40.60,40.14,0.0114,0.0278,0.0278,0.5311
22-JUL-2026,TURTLEMINT,130.50,135.61,-0.0384,0.0087,0.0091,0.1739
22-JUL-2026,TVSELECT,494.70,498.35,-0.0074,0.0339,0.0338,0.6457
22-JUL-2026,TVSHLTD,14847.00,14237.00,0.0420,0.0204,0.0206,0.3936
22-JUL-2026,TVSINVIT,116.05,116.05,0.0000,0.0036,0.0036,0.0688
22-JUL-2026,TVSMOTOR,3907.60,3792.00,0.0300,0.0180,0.0180,0.3439
22-JUL-2026,TVSSCS,133.76,135.26,-0.0112,0.0255,0.0254,0.4853
22-JUL-2026,TVSSRICHAK,3957.00,4008.00,-0.0128,0.0233,0.0232,0.4432
22-JUL-2026,TVTODAY,119.15,122.03,-0.0239,0.0203,0.0203,0.3878
22-JUL-2026,TVVISION,4.77,4.75,0.0042,0.0345,0.0344,0.6572
22-JUL-2026,TWCGOLDETF,143.81,142.02,0.0125,0.0150,0.0149,0.2847
22-JUL-2026,UBL,1431.00,1404.30,0.0188,0.0144,0.0145,0.2770
22-JUL-2026,UCAL,118.03,119.86,-0.0154,0.0269,0.0268,0.5120
22-JUL-2026,UCOBANK,26.55,26.86,-0.0116,0.0213,0.0212,0.4050
22-JUL-2026,UDDHAV,10.00,10.00,0.0000,0.0000,0.0000,0.0000
22-JUL-2026,UDS,196.15,200.19,-0.0204,0.0265,0.0265,0.5063
22-JUL-2026,UEL,121.42,124.63,-0.0261,0.0630,0.0628,1.1998
22-JUL-2026,UFBL,666.80,635.15,0.0486,0.0384,0.0385,0.7355
22-JUL-2026,UFLEX,490.70,439.70,0.1097,0.0219,0.0232,0.4432
22-JUL-2026,UFO,67.10,67.95,-0.0126,0.0247,0.0247,0.4719
22-JUL-2026,UGARSUGAR,39.31,39.78,-0.0119,0.0216,0.0216,0.4127
22-JUL-2026,UGROCAP,94.90,96.56,-0.0173,0.0268,0.0267,0.5101
22-JUL-2026,UJJIVANSFB,65.05,65.63,-0.0089,0.0245,0.0244,0.4662
22-JUL-2026,ULL,10.00,10.00,0.0000,0.0000,0.0000,0.0000
22-JUL-2026,ULTRACEMCO,11893.00,12094.00,-0.0168,0.0151,0.0151,0.2885
22-JUL-2026,ULTRAMAR,381.10,385.95,-0.0126,0.0226,0.0225,0.4299
22-JUL-2026,UMAEXPORTS,19.75,19.86,-0.0056,0.0344,0.0343,0.6553
22-JUL-2026,UMESLTD,5.62,5.49,0.0234,0.0328,0.0327,0.6247
22-JUL-2026,UMIYA-MRO,90.07,90.63,-0.0062,0.0297,0.0297,0.5674
22-JUL-2026,UNICHEMLAB,528.45,586.95,-0.1050,0.0307,0.0315,0.6018
22-JUL-2026,UNIDT,224.94,221.79,0.0141,0.0258,0.0258,0.4929
22-JUL-2026,UNIECOM,85.06,86.07,-0.0118,0.0270,0.0269,0.5139
22-JUL-2026,UNIENTER,99.56,101.28,-0.0171,0.0224,0.0224,0.4280
22-JUL-2026,UNIINFO,12.40,12.50,-0.0080,0.0333,0.0333,0.6362
22-JUL-2026,UNIMECH,1235.20,1275.90,-0.0324,0.0288,0.0288,0.5502
22-JUL-2026,UNIONBANK,170.64,176.11,-0.0316,0.0224,0.0225,0.4299
22-JUL-2026,UNIONGOLD,141.30,139.65,0.0117,0.0184,0.0183,0.3496
22-JUL-2026,UNIPARTS,676.35,690.30,-0.0204,0.0235,0.0235,0.4490
22-JUL-2026,UNITDSPR,1404.20,1390.80,0.0096,0.0155,0.0155,0.2961
22-JUL-2026,UNITECH,4.48,4.57,-0.0199,0.0348,0.0347,0.6629
22-JUL-2026,UNITEDPOLY,28.86,29.18,-0.0110,0.0325,0.0325,0.6209
22-JUL-2026,UNITEDTEA,473.55,467.25,0.0134,0.0191,0.0190,0.3630
22-JUL-2026,UNIVASTU,119.53,118.32,0.0102,0.0288,0.0287,0.5483
22-JUL-2026,UNIVCABLES,1203.40,1200.10,0.0027,0.0351,0.0350,0.6687
22-JUL-2026,UNIVPHOTO,474.90,449.20,0.0556,0.0321,0.0323,0.6171
22-JUL-2026,UNOMINDA,1130.90,1147.40,-0.0145,0.0217,0.0217,0.4146
22-JUL-2026,UPL,608.85,618.15,-0.0152,0.0209,0.0208,0.3974
22-JUL-2026,URAVIDEF,113.74,114.07,-0.0029,0.0280,0.0279,0.5330
22-JUL-2026,URBANCO,130.89,134.13,-0.0245,0.0218,0.0218,0.4165
22-JUL-2026,URJA,9.13,9.21,-0.0087,0.0267,0.0266,0.5082
22-JUL-2026,USHAMART,496.75,500.20,-0.0069,0.0228,0.0227,0.4337
22-JUL-2026,USK,22.09,21.80,0.0132,0.0290,0.0289,0.5521
22-JUL-2026,UTIAMC,909.55,919.10,-0.0104,0.0204,0.0203,0.3878
22-JUL-2026,UTKARSHBNK,14.45,14.91,-0.0313,0.0278,0.0279,0.5330
22-JUL-2026,UTLSOLAR,378.40,375.65,0.0073,0.0229,0.0229,0.4375
22-JUL-2026,UTSAV,590.10,590.10,0.0000,0.0007,0.0007,0.0134
22-JUL-2026,UTTAMSUGAR,232.98,238.47,-0.0233,0.0249,0.0249,0.4757
22-JUL-2026,UYFINCORP,17.24,17.14,0.0058,0.0283,0.0282,0.5388
22-JUL-2026,V2RETAIL,221.36,225.06,-0.0166,0.0271,0.0271,0.5177
22-JUL-2026,VADILALIND,6762.00,6817.00,-0.0081,0.0265,0.0265,0.5063
22-JUL-2026,VAIBHAVGBL,258.14,258.09,0.0002,0.0268,0.0268,0.5120
22-JUL-2026,VAISHALI,7.87,7.83,0.0051,0.0323,0.0323,0.6171
22-JUL-2026,VAKRANGEE,5.81,5.87,-0.0103,0.0289,0.0288,0.5502
22-JUL-2026,VAL30IETF,15.40,15.51,-0.0071,0.0108,0.0108,0.2063
22-JUL-2026,VALIANTLAB,62.85,62.90,-0.0008,0.0289,0.0289,0.5521
22-JUL-2026,VALIANTORG,265.95,267.20,-0.0047,0.0330,0.0329,0.6286
22-JUL-2026,VALUE,16.13,16.28,-0.0093,0.0059,0.0059,0.1127
22-JUL-2026,VALUEAXIS,32.79,33.09,-0.0091,0.0098,0.0098,0.1872
22-JUL-2026,VAML,431.20,441.55,-0.0237,0.0088,0.0090,0.1719
22-JUL-2026,VARDHACRLC,43.17,43.20,-0.0007,0.0251,0.0250,0.4776
22-JUL-2026,VARDMNPOLY,6.01,6.06,-0.0083,0.0337,0.0336,0.6419
22-JUL-2026,VARROC,649.15,658.15,-0.0138,0.0230,0.0230,0.4394
22-JUL-2026,VASCONEQ,32.52,32.97,-0.0137,0.0331,0.0330,0.6305
22-JUL-2026,VASWANI,52.68,53.12,-0.0083,0.0331,0.0331,0.6324
22-JUL-2026,VBL,458.25,463.40,-0.0112,0.0193,0.0193,0.3687
22-JUL-2026,VCL,1.02,0.99,0.0299,0.0343,0.0343,0.6553
22-JUL-2026,VEDL,262.30,264.85,-0.0097,0.0233,0.0233,0.4451
22-JUL-2026,VEDPOWER,35.38,37.79,-0.0659,0.0137,0.0144,0.2751
22-JUL-2026,VEEDOL,1390.00,1405.30,-0.0109,0.0171,0.0170,0.3248
22-JUL-2026,VELJAN,1737.70,1700.00,0.0219,0.0332,0.0332,0.6343
22-JUL-2026,VENKEYS,1501.00,1527.60,-0.0176,0.0231,0.0230,0.4394
22-JUL-2026,VENTIVE,615.25,620.10,-0.0079,0.0188,0.0188,0.3592
22-JUL-2026,VENUSPIPES,1700.50,1701.50,-0.0006,0.0280,0.0279,0.5330
22-JUL-2026,VENUSREM,1687.20,1777.90,-0.0524,0.0337,0.0338,0.6457
22-JUL-2026,VERANDA,232.95,237.29,-0.0185,0.0340,0.0339,0.6477
22-JUL-2026,VERTIS,113.00,110.50,0.0224,0.0069,0.0070,0.1337
22-JUL-2026,VERTOZ,35.28,35.31,-0.0008,0.0335,0.0334,0.6381
22-JUL-2026,VESUVIUS,462.00,466.40,-0.0095,0.0219,0.0218,0.4165
22-JUL-2026,VETO,122.47,126.22,-0.0302,0.0263,0.0264,0.5044
22-JUL-2026,VGL,62.01,61.69,0.0052,0.0328,0.0327,0.6247
22-JUL-2026,VGUARD,294.90,300.95,-0.0203,0.0156,0.0157,0.2999
22-JUL-2026,VHL,3510.90,3548.90,-0.0108,0.0224,0.0223,0.4260
22-JUL-2026,VHLTD,132.07,131.26,0.0062,0.0183,0.0183,0.3496
22-JUL-2026,VIDHIING,301.95,299.75,0.0073,0.0230,0.0230,0.4394
22-JUL-2026,VIDYAWIRES,90.34,91.03,-0.0076,0.0245,0.0245,0.4681
22-JUL-2026,VIJAYA,1313.10,1331.30,-0.0138,0.0240,0.0240,0.4585
22-JUL-2026,VIJIFIN,8.95,8.81,0.0158,0.0360,0.0359,0.6859
22-JUL-2026,VIKASECO,1.11,1.13,-0.0179,0.0273,0.0273,0.5216
22-JUL-2026,VIKASLIFE,1.30,1.32,-0.0153,0.0259,0.0258,0.4929
22-JUL-2026,VIKRAMSOLR,185.37,187.31,-0.0104,0.0239,0.0239,0.4566
22-JUL-2026,VIKRAN,70.32,72.00,-0.0236,0.0267,0.0267,0.5101
22-JUL-2026,VIMTALABS,583.90,599.65,-0.0266,0.0346,0.0346,0.6610
22-JUL-2026,VINATIORGA,1314.00,1333.00,-0.0144,0.0163,0.0163,0.3114
22-JUL-2026,VINCOFE,156.16,156.62,-0.0029,0.0263,0.0262,0.5006
22-JUL-2026,VINDHYATEL,1892.00,1934.60,-0.0223,0.0336,0.0335,0.6400
22-JUL-2026,VINEETLAB,37.26,37.63,-0.0099,0.0299,0.0298,0.5693
22-JUL-2026,VINNY,1.07,1.06,0.0094,0.0288,0.0288,0.5502
22-JUL-2026,VINYLINDIA,244.25,246.45,-0.0090,0.0267,0.0266,0.5082
22-JUL-2026,VIPCLOTHNG,21.75,22.22,-0.0214,0.0317,0.0317,0.6056
22-JUL-2026,VIPIND,293.00,299.80,-0.0229,0.0247,0.0247,0.4719
22-JUL-2026,VIPULLTD,13.42,14.12,-0.0508,0.0356,0.0357,0.6820
22-JUL-2026,VIRINCHI,15.72,15.73,-0.0006,0.0279,0.0279,0.5330
22-JUL-2026,VISACHROME,37.96,39.52,-0.0403,0.0329,0.0329,0.6286
22-JUL-2026,VISAKAIND,79.98,81.14,-0.0144,0.0250,0.0249,0.4757
22-JUL-2026,VISHNU,631.70,640.50,-0.0138,0.0232,0.0232,0.4432
22-JUL-2026,VISHWARAJ,5.27,5.26,0.0019,0.0253,0.0252,0.4814
22-JUL-2026,VISISTH,5.25,5.25,0.0000,0.0003,0.0003,0.0057
22-JUL-2026,VISL,31.40,32.61,-0.0378,0.0181,0.0183,0.3496
22-JUL-2026,VITAL,47.80,48.77,-0.0201,0.0186,0.0186,0.3554
22-JUL-2026,VIVIANA,733.15,704.85,0.0394,0.0097,0.0101,0.1930
22-JUL-2026,VIVIDHA,0.52,0.54,-0.0377,0.0321,0.0321,0.6133
22-JUL-2026,VIVIMEDLAB,5.11,5.13,-0.0039,0.0871,0.0869,1.6602
22-JUL-2026,VIYASH,256.75,265.15,-0.0322,0.0285,0.0285,0.5445
22-JUL-2026,VLEGOV,10.83,11.05,-0.0201,0.0386,0.0385,0.7355
22-JUL-2026,VLSFINANCE,256.35,258.60,-0.0087,0.0249,0.0248,0.4738
22-JUL-2026,VMART,768.85,774.20,-0.0069,0.0245,0.0244,0.4662
22-JUL-2026,VMM,112.02,113.54,-0.0135,0.0188,0.0187,0.3573
22-JUL-2026,VMSTMT,44.13,44.42,-0.0065,0.0213,0.0213,0.4069
22-JUL-2026,VOEPL,502.20,512.85,-0.0210,0.0363,0.0363,0.6935
22-JUL-2026,VOGL,33.28,34.83,-0.0455,0.0208,0.0209,0.3993
22-JUL-2026,VOLTAMP,9399.00,9505.00,-0.0112,0.0284,0.0283,0.5407
22-JUL-2026,VOLTAS,1308.00,1359.20,-0.0384,0.0205,0.0206,0.3936
22-JUL-2026,VPL,360.50,360.50,0.0000,0.0216,0.0215,0.4108
22-JUL-2026,VPRPL,26.89,26.33,0.0210,0.0350,0.0349,0.6668
22-JUL-2026,VRAJ,131.43,131.67,-0.0018,0.0244,0.0244,0.4662
22-JUL-2026,VRLLOG,243.04,243.59,-0.0023,0.0183,0.0182,0.3477
22-JUL-2026,VSSL,303.30,303.35,-0.0002,0.0233,0.0232,0.4432
22-JUL-2026,VSTIND,232.20,234.30,-0.0090,0.0181,0.0181,0.3458
22-JUL-2026,VSTL,111.09,111.45,-0.0032,0.0247,0.0246,0.4700
22-JUL-2026,VSTTILLERS,4441.70,4487.90,-0.0103,0.0207,0.0207,0.3955
22-JUL-2026,VTL,626.55,625.10,0.0023,0.0220,0.0219,0.4184
22-JUL-2026,WAAREEENER,2697.20,2732.00,-0.0128,0.0256,0.0256,0.4891
22-JUL-2026,WAAREEINDO,376.60,378.15,-0.0041,0.0268,0.0268,0.5120
22-JUL-2026,WAAREERTL,1019.20,1013.00,0.0061,0.0289,0.0288,0.5502
22-JUL-2026,WABAG,2072.80,2100.30,-0.0132,0.0274,0.0274,0.5235
22-JUL-2026,WAKEFIT,138.85,124.07,0.1125,0.0229,0.0242,0.4623
22-JUL-2026,WALCHANNAG,246.55,250.25,-0.0149,0.0378,0.0377,0.7203
22-JUL-2026,WANBURY,330.65,338.35,-0.0230,0.0341,0.0340,0.6496
22-JUL-2026,WCIL,90.35,92.27,-0.0210,0.0234,0.0234,0.4471
22-JUL-2026,WEALTH,957.10,954.70,0.0025,0.0290,0.0289,0.5521
22-JUL-2026,WEBELSOLAR,100.82,100.80,0.0002,0.0374,0.0373,0.7126
22-JUL-2026,WEIZMANIND,78.10,78.01,0.0012,0.0260,0.0259,0.4948
22-JUL-2026,WEL,101.58,101.93,-0.0034,0.0328,0.0327,0.6247
22-JUL-2026,WELCORP,1611.80,1611.80,0.0000,0.0246,0.0245,0.4681
22-JUL-2026,WELENT,605.00,620.70,-0.0256,0.0233,0.0233,0.4451
22-JUL-2026,WELINV,1866.90,1891.80,-0.0132,0.0344,0.0343,0.6553
22-JUL-2026,WELSPLSOL,53.35,54.30,-0.0177,0.0300,0.0300,0.5731
22-JUL-2026,WELSPUNLIV,164.99,166.02,-0.0062,0.0290,0.0290,0.5540
22-JUL-2026,WENDT,7511.50,7562.50,-0.0068,0.0252,0.0251,0.4795
22-JUL-2026,WESTLIFE,500.70,512.80,-0.0239,0.0239,0.0239,0.4566
22-JUL-2026,WEWIN,45.55,45.49,0.0013,0.0401,0.0400,0.7642
22-JUL-2026,WEWORK,715.15,719.65,-0.0063,0.0213,0.0213,0.4069
22-JUL-2026,WHEELS,1419.40,1488.80,-0.0477,0.0279,0.0281,0.5368
22-JUL-2026,WHIRLPOOL,757.40,769.70,-0.0161,0.0228,0.0227,0.4337
22-JUL-2026,WILLAMAGOR,25.51,25.36,0.0059,0.0307,0.0306,0.5846
22-JUL-2026,WINDLAS,869.85,880.55,-0.0122,0.0239,0.0239,0.4566
22-JUL-2026,WINDMACHIN,298.05,298.35,-0.0010,0.0296,0.0295,0.5636
22-JUL-2026,WINMORE,9.40,9.40,0.0000,0.0000,0.0000,0.0000
22-JUL-2026,WINSOME,2.27,2.29,-0.0088,0.0583,0.0581,1.1100
22-JUL-2026,WIPL,169.94,169.00,0.0055,0.0229,0.0229,0.4375
22-JUL-2026,WIPRO,174.44,174.97,-0.0030,0.0168,0.0167,0.3191
22-JUL-2026,WOCKPHARMA,1861.50,1896.20,-0.0185,0.0325,0.0324,0.6190
22-JUL-2026,WONDERLA,471.70,472.30,-0.0013,0.0186,0.0186,0.3554
22-JUL-2026,WORTHPERI,141.07,143.34,-0.0160,0.0246,0.0246,0.4700
22-JUL-2026,WPIL,454.70,449.85,0.0107,0.0296,0.0296,0.5655
22-JUL-2026,WSI,60.93,61.03,-0.0016,0.0283,0.0282,0.5388
22-JUL-2026,WSTCSTPAPR,548.90,519.65,0.0548,0.0228,0.0230,0.4394
22-JUL-2026,XCHANGING,64.16,64.46,-0.0047,0.0226,0.0225,0.4299
22-JUL-2026,XELPMOC,80.12,82.05,-0.0238,0.0329,0.0328,0.6266
22-JUL-2026,XLTELENE,2.30,2.30,0.0000,0.0001,0.0001,0.0019
22-JUL-2026,XPROINDIA,1352.20,1382.30,-0.0220,0.0291,0.0291,0.5560
22-JUL-2026,XTGLOBAL,28.32,27.81,0.0182,0.0360,0.0360,0.6878
22-JUL-2026,YASHO,3217.80,3147.90,0.0220,0.0318,0.0318,0.6075
22-JUL-2026,YATHARTH,851.30,857.20,-0.0069,0.0235,0.0235,0.4490
22-JUL-2026,YATRA,105.15,107.91,-0.0259,0.0359,0.0358,0.6840
22-JUL-2026,YESBANK,23.24,23.14,0.0043,0.0199,0.0198,0.3783
22-JUL-2026,YUKEN,717.15,719.05,-0.0026,0.0243,0.0243,0.4643
22-JUL-2026,ZAGGLE,203.36,206.13,-0.0135,0.0346,0.0346,0.6610
22-JUL-2026,ZEEL,105.40,107.58,-0.0205,0.0292,0.0291,0.5560
22-JUL-2026,ZEELEARN,8.46,8.48,-0.0024,0.0342,0.0341,0.6515
22-JUL-2026,ZEEMEDIA,7.90,8.09,-0.0238,0.0302,0.0302,0.5770
22-JUL-2026,ZENITHEXPO,198.80,196.30,0.0127,0.0330,0.0329,0.6286
22-JUL-2026,ZENITHSTL,5.85,5.49,0.0635,0.0311,0.0313,0.5980
22-JUL-2026,ZENSARTECH,497.45,513.90,-0.0325,0.0264,0.0264,0.5044
22-JUL-2026,ZENTEC,1814.90,1818.80,-0.0021,0.0280,0.0279,0.5330
22-JUL-2026,ZFCVINDIA,2367.10,2398.70,-0.0133,0.0198,0.0198,0.3783
22-JUL-2026,ZFSTEERING,661.55,666.60,-0.0076,0.0296,0.0296,0.5655
22-JUL-2026,ZIMLAB,116.52,120.54,-0.0339,0.0306,0.0306,0.5846
22-JUL-2026,ZODIAC,258.95,255.90,0.0118,0.0308,0.0307,0.5865
22-JUL-2026,ZODIACLOTH,77.72,77.88,-0.0021,0.0288,0.0287,0.5483
22-JUL-2026,ZOTA,1277.40,1331.10,-0.0412,0.0275,0.0276,0.5273
22-JUL-2026,ZSARACOM,12429.00,12799.00,-0.0293,0.0327,0.0327,0.6247
22-JUL-2026,ZUARI,227.24,228.96,-0.0075,0.0305,0.0304,0.5808
22-JUL-2026,ZUARIIND,260.85,258.95,0.0073,0.0283,0.0283,0.5407
22-JUL-2026,ZYDUSLIFE,1127.70,1143.10,-0.0136,0.0148,0.0148,0.2828
22-JUL-2026,ZYDUSWELL,571.75,592.25,-0.0352,0.0231,0.0232,0.4432
22-JUL-2026,503893,-,-,-,-,-,-
22-JUL-2026,504370,-,-,-,-,-,-
22-JUL-2026,506024,-,-,-,-,-,-
22-JUL-2026,506120,-,-,-,-,-,-
22-JUL-2026,506162,-,-,-,-,-,-
22-JUL-2026,506580,-,-,-,-,-,-
22-JUL-2026,507543,-,-,-,-,-,-
22-JUL-2026,512004,-,-,-,-,-,-
22-JUL-2026,512060,-,-,-,-,-,-
22-JUL-2026,512147,-,-,-,-,-,-
22-JUL-2026,512157,-,-,-,-,-,-
22-JUL-2026,512195,-,-,-,-,-,-
22-JUL-2026,512245,-,-,-,-,-,-
22-JUL-2026,512265,-,-,-,-,-,-
22-JUL-2026,512291,-,-,-,-,-,-
22-JUL-2026,512303,-,-,-,-,-,-
22-JUL-2026,512307,-,-,-,-,-,-
22-JUL-2026,512431,-,-,-,-,-,-
22-JUL-2026,512433,-,-,-,-,-,-
22-JUL-2026,512439,-,-,-,-,-,-
22-JUL-2026,512445,-,-,-,-,-,-
22-JUL-2026,512461,-,-,-,-,-,-
22-JUL-2026,512505,-,-,-,-,-,-
22-JUL-2026,512517,-,-,-,-,-,-
22-JUL-2026,513012,-,-,-,-,-,-
22-JUL-2026,524046,-,-,-,-,-,-
22-JUL-2026,526331,-,-,-,-,-,-
22-JUL-2026,526349,-,-,-,-,-,-
22-JUL-2026,531597,-,-,-,-,-,-
22-JUL-2026,531610,-,-,-,-,-,-
22-JUL-2026,531696,-,-,-,-,-,-
22-JUL-2026,531946,-,-,-,-,-,-
22-JUL-2026,532138,-,-,-,-,-,-
22-JUL-2026,539253,-,-,-,-,-,-
22-JUL-2026,539983,-,-,-,-,-,-
22-JUL-2026,542931,-,-,-,-,-,-
22-JUL-2026,543859,-,-,-,-,-,-
22-JUL-2026,544831,-,-,-,-,-,-
22-JUL-2026,ACEEXPO,-,-,-,-,-,-
22-JUL-2026,ADBML,-,-,-,-,-,-
22-JUL-2026,ADVENTZSEC,-,-,-,-,-,-
22-JUL-2026,AEL,-,-,-,-,-,-
22-JUL-2026,AGGARSAIN,-,-,-,-,-,-
22-JUL-2026,AGVENTURES,-,-,-,-,-,-
22-JUL-2026,AIRLTD,-,-,-,-,-,-
22-JUL-2026,AKASHAGRO,-,-,-,-,-,-
22-JUL-2026,ALIROX,-,-,-,-,-,-
22-JUL-2026,AMARKANTAK,-,-,-,-,-,-
22-JUL-2026,ANKUR,-,-,-,-,-,-
22-JUL-2026,ARIHANTCFL,-,-,-,-,-,-
22-JUL-2026,ASIANLAKTO,-,-,-,-,-,-
22-JUL-2026,ASSOFIN,-,-,-,-,-,-
22-JUL-2026,ATLANTIC,-,-,-,-,-,-
22-JUL-2026,AURUMCAP,-,-,-,-,-,-
22-JUL-2026,AYUSHMAN,-,-,-,-,-,-
22-JUL-2026,BALAJIAGRO,-,-,-,-,-,-
22-JUL-2026,BASANT,-,-,-,-,-,-
22-JUL-2026,BCL,-,-,-,-,-,-
22-JUL-2026,BESWASTH,-,-,-,-,-,-
22-JUL-2026,BHAIRAV,-,-,-,-,-,-
22-JUL-2026,BHARAT,-,-,-,-,-,-
22-JUL-2026,BUYRIGHT,-,-,-,-,-,-
22-JUL-2026,CENTRAL,-,-,-,-,-,-
22-JUL-2026,CHAMPION,-,-,-,-,-,-
22-JUL-2026,CHITRAKUT,-,-,-,-,-,-
22-JUL-2026,CREMICA,-,-,-,-,-,-
22-JUL-2026,CRESCENT,-,-,-,-,-,-
22-JUL-2026,DDVENTURES,-,-,-,-,-,-
22-JUL-2026,DEEPJYOTI,-,-,-,-,-,-
22-JUL-2026,DHAVAL,-,-,-,-,-,-
22-JUL-2026,DRFRESH,-,-,-,-,-,-
22-JUL-2026,DRMIND,-,-,-,-,-,-
22-JUL-2026,ELLORA,-,-,-,-,-,-
22-JUL-2026,EMRALD,-,-,-,-,-,-
22-JUL-2026,GANODAYA,-,-,-,-,-,-
22-JUL-2026,GARG,-,-,-,-,-,-
22-JUL-2026,GIKENSEIKI,-,-,-,-,-,-
22-JUL-2026,HINDAUTO,-,-,-,-,-,-
22-JUL-2026,INOVSYNTH,-,-,-,-,-,-
22-JUL-2026,ISCCL,-,-,-,-,-,-
22-JUL-2026,ITLFIN,-,-,-,-,-,-
22-JUL-2026,JAGAT,-,-,-,-,-,-
22-JUL-2026,JAINFARM,-,-,-,-,-,-
22-JUL-2026,JCKINFRA,-,-,-,-,-,-
22-JUL-2026,JFL,-,-,-,-,-,-
22-JUL-2026,JFRL,-,-,-,-,-,-
22-JUL-2026,JOML,-,-,-,-,-,-
22-JUL-2026,JPWL,-,-,-,-,-,-
22-JUL-2026,KCCL,-,-,-,-,-,-
22-JUL-2026,KIRTIINV,-,-,-,-,-,-
22-JUL-2026,KRALEASING,-,-,-,-,-,-
22-JUL-2026,KUMARAUTO,-,-,-,-,-,-
22-JUL-2026,LARK,-,-,-,-,-,-
22-JUL-2026,MACORPACK,-,-,-,-,-,-
22-JUL-2026,MARYADACOM,-,-,-,-,-,-
22-JUL-2026,MAYURBHANJ,-,-,-,-,-,-
22-JUL-2026,MFL,-,-,-,-,-,-
22-JUL-2026,MILIAIND,-,-,-,-,-,-
22-JUL-2026,MORNMEDIA,-,-,-,-,-,-
22-JUL-2026,MPL,-,-,-,-,-,-
22-JUL-2026,NEELEC,-,-,-,-,-,-
22-JUL-2026,NIDHISER,-,-,-,-,-,-
22-JUL-2026,OSEINTRUST,-,-,-,-,-,-
22-JUL-2026,PACEAUTO,-,-,-,-,-,-
22-JUL-2026,PARTAPIND,-,-,-,-,-,-
22-JUL-2026,PATBACK,-,-,-,-,-,-
22-JUL-2026,PATNAELECT,-,-,-,-,-,-
22-JUL-2026,PFCSL,-,-,-,-,-,-
22-JUL-2026,PPML,-,-,-,-,-,-
22-JUL-2026,QUALITY,-,-,-,-,-,-
22-JUL-2026,RADICOFIN,-,-,-,-,-,-
22-JUL-2026,RAKAN,-,-,-,-,-,-
22-JUL-2026,RAMPURFERT,-,-,-,-,-,-
22-JUL-2026,RATHIIND,-,-,-,-,-,-
22-JUL-2026,RFHL,-,-,-,-,-,-
22-JUL-2026,RICHNRICH,-,-,-,-,-,-
22-JUL-2026,RISHABHENT,-,-,-,-,-,-
22-JUL-2026,ROADWAYS,-,-,-,-,-,-
22-JUL-2026,RWCL,-,-,-,-,-,-
22-JUL-2026,SARNIMAL,-,-,-,-,-,-
22-JUL-2026,SARVARAYA,-,-,-,-,-,-
22-JUL-2026,SCEL,-,-,-,-,-,-
22-JUL-2026,SGEL,-,-,-,-,-,-
22-JUL-2026,SGETL,-,-,-,-,-,-
22-JUL-2026,SHAKUMBHRI,-,-,-,-,-,-
22-JUL-2026,SHREETULSI,-,-,-,-,-,-
22-JUL-2026,SHREEVIJAY,-,-,-,-,-,-
22-JUL-2026,SHREYANS,-,-,-,-,-,-
22-JUL-2026,SIGACHI,-,-,-,-,-,-
22-JUL-2026,SIGACHI1,-,-,-,-,-,-
22-JUL-2026,SKYLINE,-,-,-,-,-,-
22-JUL-2026,SKYWEB,-,-,-,-,-,-
22-JUL-2026,SMCSL,-,-,-,-,-,-
22-JUL-2026,SNSDIAGNOS,-,-,-,-,-,-
22-JUL-2026,SNSPL,-,-,-,-,-,-
22-JUL-2026,SOPHIA,-,-,-,-,-,-
22-JUL-2026,SPMLINDIA,-,-,-,-,-,-
22-JUL-2026,SRINARAYAN,-,-,-,-,-,-
22-JUL-2026,SSF,-,-,-,-,-,-
22-JUL-2026,SUNPOINT,-,-,-,-,-,-
22-JUL-2026,SUPRAIND,-,-,-,-,-,-
22-JUL-2026,SUPRANEET,-,-,-,-,-,-
22-JUL-2026,SUPREMECOM,-,-,-,-,-,-
22-JUL-2026,TECHAINPOW,-,-,-,-,-,-
22-JUL-2026,TRIDENTIND,-,-,-,-,-,-
22-JUL-2026,UPAL,-,-,-,-,-,-
22-JUL-2026,USSGLOBAL,-,-,-,-,-,-
22-JUL-2026,WELGA,-,-,-,-,-,-
22-JUL-2026,ZEL,-,-,-,-,-,-
22-JUL-2026,ZRINFRA,-,-,-,-,-,-
