Date,Symbol,Underlying Close Price (A),Underlying Previous Day Close Price (B),Underlying Log Returns (C) = LN(A/B),Previous Day Underlying Volatility (D),Current Day Underlying Daily Volatility (E) = Sqrt(0.995*D*D + 0.005*C*C),Underlying Annualised Volatility (F) = E*Sqrt(365)
28-APR-2026,20MICRONS,178.36,178.45,-0.0005,0.0296,0.0295,0.5636
28-APR-2026,21STCENMGM,36.02,36.45,-0.0119,0.0200,0.0199,0.3802
28-APR-2026,360ONE,1038.95,1042.05,-0.0030,0.0220,0.0220,0.4203
28-APR-2026,3BBLACKBIO,1310.60,1298.50,0.0093,0.0335,0.0334,0.6381
28-APR-2026,3IINFOLTD,17.74,17.73,0.0006,0.0254,0.0253,0.4834
28-APR-2026,3MINDIA,33260.00,33630.00,-0.0111,0.0191,0.0190,0.3630
28-APR-2026,3PLAND,35.99,35.99,0.0000,0.0279,0.0278,0.5311
28-APR-2026,500012,39.26,39.30,-0.0010,0.0274,0.0273,0.5216
28-APR-2026,500014,4.08,4.12,-0.0098,0.0301,0.0300,0.5731
28-APR-2026,500016,8.36,8.39,-0.0036,0.0326,0.0325,0.6209
28-APR-2026,500028,32.52,32.85,-0.0101,0.0313,0.0313,0.5980
28-APR-2026,500051,3.96,3.89,0.0178,0.0229,0.0229,0.4375
28-APR-2026,500058,14.50,14.48,0.0014,0.0320,0.0319,0.6094
28-APR-2026,500069,255.60,262.80,-0.0278,0.0247,0.0248,0.4738
28-APR-2026,500142,11.07,11.08,-0.0009,0.0416,0.0415,0.7929
28-APR-2026,500143,715.00,701.55,0.0190,0.0354,0.0354,0.6763
28-APR-2026,500166,177.70,170.55,0.0411,0.0218,0.0220,0.4203
28-APR-2026,500170,24.47,24.49,-0.0008,0.0318,0.0317,0.6056
28-APR-2026,500192,1.93,1.80,0.0697,0.0335,0.0338,0.6457
28-APR-2026,500202,8.40,8.40,0.0000,0.0342,0.0341,0.6515
28-APR-2026,500206,71.50,71.00,0.0070,0.0349,0.0348,0.6649
28-APR-2026,500213,332.80,344.25,-0.0338,0.0248,0.0249,0.4757
28-APR-2026,500220,163.95,147.65,0.1047,0.0296,0.0305,0.5827
28-APR-2026,500239,16.41,16.02,0.0241,0.0326,0.0326,0.6228
28-APR-2026,500240,244.15,230.95,0.0556,0.0321,0.0323,0.6171
28-APR-2026,500246,48.30,46.91,0.0292,0.0424,0.0423,0.8081
28-APR-2026,500270,125.65,118.00,0.0628,0.0225,0.0229,0.4375
28-APR-2026,500277,6.50,6.60,-0.0153,0.0415,0.0414,0.7909
28-APR-2026,500285,14.00,14.73,-0.0508,0.0369,0.0369,0.7050
28-APR-2026,500298,600.90,603.70,-0.0046,0.0286,0.0286,0.5464
28-APR-2026,500319,79.71,79.62,0.0011,0.0277,0.0276,0.5273
28-APR-2026,500322,113.10,118.10,-0.0433,0.0356,0.0356,0.6801
28-APR-2026,500346,53.17,55.00,-0.0338,0.0343,0.0343,0.6553
28-APR-2026,500357,14.01,14.73,-0.0501,0.0335,0.0337,0.6438
28-APR-2026,500360,187.35,189.05,-0.0090,0.0360,0.0359,0.6859
28-APR-2026,500370,30.80,29.84,0.0317,0.0360,0.0360,0.6878
28-APR-2026,500371,29.55,28.98,0.0195,0.0325,0.0324,0.6190
28-APR-2026,500388,115.04,109.57,0.0487,0.0332,0.0333,0.6362
28-APR-2026,500389,6.85,7.17,-0.0457,0.0326,0.0327,0.6247
28-APR-2026,500421,17.01,17.65,-0.0369,0.0326,0.0326,0.6228
28-APR-2026,500422,163.30,166.00,-0.0164,0.0357,0.0357,0.6820
28-APR-2026,500426,1.80,1.79,0.0056,0.0369,0.0368,0.7031
28-APR-2026,500449,34.03,33.19,0.0250,0.0339,0.0339,0.6477
28-APR-2026,500450,490.45,467.50,0.0479,0.0333,0.0334,0.6381
28-APR-2026,500458,28.88,27.60,0.0453,0.0379,0.0379,0.7241
28-APR-2026,500500,16.95,17.00,-0.0029,0.0346,0.0345,0.6591
28-APR-2026,501110,7.15,7.15,0.0000,0.0005,0.0005,0.0096
28-APR-2026,501111,12.14,12.14,0.0000,0.0031,0.0031,0.0592
28-APR-2026,501148,324.00,320.00,0.0124,0.0151,0.0151,0.2885
28-APR-2026,501151,5696.90,5425.65,0.0488,0.0207,0.0209,0.3993
28-APR-2026,501270,1.40,1.40,0.0000,0.0055,0.0055,0.1051
28-APR-2026,501311,22.00,22.30,-0.0135,0.0323,0.0323,0.6171
28-APR-2026,501314,0.66,0.66,0.0000,0.0390,0.0389,0.7432
28-APR-2026,501351,92.00,92.00,0.0000,0.0313,0.0312,0.5961
28-APR-2026,501370,130.12,125.99,0.0323,0.0355,0.0354,0.6763
28-APR-2026,501386,19.21,19.21,0.0000,0.0137,0.0137,0.2617
28-APR-2026,501391,561.05,566.35,-0.0094,0.0315,0.0314,0.5999
28-APR-2026,501430,1775.20,1830.40,-0.0306,0.0261,0.0261,0.4986
28-APR-2026,501477,233.00,233.00,0.0000,0.0315,0.0315,0.6018
28-APR-2026,501479,11.02,11.02,0.0000,0.0000,0.0000,0.0000
28-APR-2026,501622,45.88,45.88,0.0000,0.0270,0.0270,0.5158
28-APR-2026,501630,24.48,24.48,0.0000,0.0017,0.0017,0.0325
28-APR-2026,501700,8.07,7.43,0.0826,0.0306,0.0311,0.5942
28-APR-2026,501833,25.93,26.47,-0.0206,0.0333,0.0332,0.6343
28-APR-2026,501848,47.70,48.00,-0.0063,0.0378,0.0377,0.7203
28-APR-2026,501945,8.87,9.05,-0.0201,0.0141,0.0142,0.2713
28-APR-2026,502015,26.01,25.73,0.0108,0.0340,0.0339,0.6477
28-APR-2026,502250,670.00,699.00,-0.0424,0.0321,0.0322,0.6152
28-APR-2026,502281,6.75,6.90,-0.0220,0.0372,0.0371,0.7088
28-APR-2026,502294,38.74,40.18,-0.0365,0.0453,0.0453,0.8655
28-APR-2026,502445,41.09,49.77,-0.1916,0.0413,0.0433,0.8272
28-APR-2026,502587,51.52,52.93,-0.0270,0.0283,0.0283,0.5407
28-APR-2026,502589,107.60,113.00,-0.0490,0.0298,0.0299,0.5712
28-APR-2026,502850,15.03,15.03,0.0000,0.0051,0.0051,0.0974
28-APR-2026,502865,337.00,334.20,0.0083,0.0287,0.0287,0.5483
28-APR-2026,502873,114.90,110.14,0.0423,0.0302,0.0303,0.5789
28-APR-2026,502893,76.44,75.01,0.0189,0.0427,0.0427,0.8158
28-APR-2026,502901,78.26,79.88,-0.0205,0.0271,0.0271,0.5177
28-APR-2026,502933,105.00,107.00,-0.0189,0.0319,0.0319,0.6094
28-APR-2026,502958,7500.00,7520.00,-0.0027,0.0214,0.0214,0.4088
28-APR-2026,503092,27.53,28.40,-0.0311,0.0497,0.0496,0.9476
28-APR-2026,503127,4990.00,4990.00,0.0000,0.0264,0.0263,0.5025
28-APR-2026,503229,155.80,163.95,-0.0510,0.0328,0.0329,0.6286
28-APR-2026,503349,5900.25,6038.00,-0.0231,0.0267,0.0267,0.5101
28-APR-2026,503622,7.71,7.71,0.0000,0.0020,0.0020,0.0382
28-APR-2026,503624,9.19,9.57,-0.0405,0.0427,0.0427,0.8158
28-APR-2026,503626,11.57,11.57,0.0000,0.0048,0.0048,0.0917
28-APR-2026,503635,425.95,405.70,0.0487,0.0296,0.0297,0.5674
28-APR-2026,503639,46.60,45.69,0.0197,0.0355,0.0355,0.6782
28-APR-2026,503641,1.98,1.97,0.0051,0.0392,0.0391,0.7470
28-APR-2026,503657,13.88,13.47,0.0300,0.0318,0.0318,0.6075
28-APR-2026,503663,1.13,1.15,-0.0175,0.0367,0.0366,0.6992
28-APR-2026,503671,4.55,4.55,0.0000,0.0000,0.0000,0.0000
28-APR-2026,503675,1.18,1.14,0.0345,0.0415,0.0415,0.7929
28-APR-2026,503685,14.73,15.40,-0.0445,0.0337,0.0338,0.6457
28-APR-2026,503689,3.20,3.20,0.0000,0.0000,0.0000,0.0000
28-APR-2026,503696,55.00,55.00,0.0000,0.0000,0.0000,0.0000
28-APR-2026,503772,69.26,69.60,-0.0049,0.0288,0.0288,0.5502
28-APR-2026,503776,54.12,51.55,0.0487,0.0419,0.0419,0.8005
28-APR-2026,503804,327.70,327.65,0.0002,0.0258,0.0258,0.4929
28-APR-2026,503816,35.87,36.50,-0.0174,0.0336,0.0336,0.6419
28-APR-2026,503837,14.85,14.85,0.0000,0.0354,0.0353,0.6744
28-APR-2026,503863,17.91,18.85,-0.0512,0.0269,0.0271,0.5177
28-APR-2026,504028,70.01,67.99,0.0293,0.0260,0.0260,0.4967
28-APR-2026,504076,70.00,70.59,-0.0084,0.0367,0.0366,0.6992
28-APR-2026,504080,969.45,1015.00,-0.0459,0.0360,0.0360,0.6878
28-APR-2026,504084,930.10,929.60,0.0005,0.0351,0.0350,0.6687
28-APR-2026,504092,602.45,573.80,0.0487,0.0316,0.0317,0.6056
28-APR-2026,504093,289.80,294.75,-0.0169,0.0225,0.0225,0.4299
28-APR-2026,504132,895.90,907.50,-0.0129,0.0303,0.0303,0.5789
28-APR-2026,504176,643.65,654.10,-0.0161,0.0299,0.0298,0.5693
28-APR-2026,504180,54.80,55.00,-0.0036,0.0300,0.0299,0.5712
28-APR-2026,504240,443.75,445.15,-0.0031,0.0353,0.0352,0.6725
28-APR-2026,504258,880.45,880.55,-0.0001,0.0244,0.0244,0.4662
28-APR-2026,504273,17.95,18.75,-0.0436,0.0281,0.0282,0.5388
28-APR-2026,504340,7.40,7.26,0.0191,0.0174,0.0174,0.3324
28-APR-2026,504356,9.22,8.79,0.0478,0.0347,0.0348,0.6649
28-APR-2026,504365,4.11,4.11,0.0000,0.0005,0.0005,0.0096
28-APR-2026,504369,0.49,0.49,0.0000,0.0080,0.0080,0.1528
28-APR-2026,504375,325.95,325.95,0.0000,0.0175,0.0175,0.3343
28-APR-2026,504378,2.51,2.57,-0.0236,0.0315,0.0315,0.6018
28-APR-2026,504380,52.71,49.30,0.0669,0.0359,0.0361,0.6897
28-APR-2026,504392,23.33,22.88,0.0195,0.0354,0.0353,0.6744
28-APR-2026,504605,3160.00,3151.35,0.0027,0.0267,0.0267,0.5101
28-APR-2026,504646,578.00,584.75,-0.0116,0.0325,0.0324,0.6190
28-APR-2026,504648,52.95,48.00,0.0981,0.0435,0.0439,0.8387
28-APR-2026,504731,105.14,105.26,-0.0011,0.0287,0.0286,0.5464
28-APR-2026,504746,1122.10,1144.95,-0.0202,0.0266,0.0266,0.5082
28-APR-2026,504810,84.49,82.20,0.0275,0.0448,0.0447,0.8540
28-APR-2026,504840,1429.00,1449.95,-0.0146,0.0257,0.0257,0.4910
28-APR-2026,504903,20.99,22.51,-0.0699,0.0322,0.0325,0.6209
28-APR-2026,504908,378.10,397.00,-0.0488,0.0387,0.0388,0.7413
28-APR-2026,504959,1845.95,1879.95,-0.0183,0.0205,0.0205,0.3917
28-APR-2026,504988,710.00,733.00,-0.0319,0.0265,0.0265,0.5063
28-APR-2026,504998,0.54,0.54,0.0000,0.0117,0.0117,0.2235
28-APR-2026,505036,1893.15,1916.05,-0.0120,0.0274,0.0274,0.5235
28-APR-2026,505212,119.50,120.00,-0.0042,0.0354,0.0353,0.6744
28-APR-2026,505216,2765.50,2793.95,-0.0102,0.0275,0.0274,0.5235
28-APR-2026,505250,64.50,64.50,0.0000,0.0334,0.0333,0.6362
28-APR-2026,505285,914.05,896.15,0.0198,0.0126,0.0127,0.2426
28-APR-2026,505299,520.55,518.80,0.0034,0.0413,0.0412,0.7871
28-APR-2026,505302,2070.00,2052.20,0.0086,0.0314,0.0314,0.5999
28-APR-2026,505336,0.40,0.39,0.0253,0.0421,0.0421,0.8043
28-APR-2026,505343,0.45,0.46,-0.0220,0.0390,0.0390,0.7451
28-APR-2026,505358,183.25,177.70,0.0308,0.0288,0.0288,0.5502
28-APR-2026,505502,1.48,1.46,0.0136,0.0167,0.0166,0.3171
28-APR-2026,505504,284.00,281.85,0.0076,0.0247,0.0246,0.4700
28-APR-2026,505515,13.00,13.24,-0.0183,0.0397,0.0397,0.7585
28-APR-2026,505520,101.34,101.34,0.0000,0.0119,0.0119,0.2273
28-APR-2026,505523,0.37,0.38,-0.0267,0.0328,0.0328,0.6266
28-APR-2026,505585,14.13,14.13,0.0000,0.0038,0.0038,0.0726
28-APR-2026,505594,32.80,32.80,0.0000,0.0000,0.0000,0.0000
28-APR-2026,505650,18.21,17.90,0.0172,0.0405,0.0405,0.7738
28-APR-2026,505685,26.38,26.38,0.0000,0.0563,0.0562,1.0737
28-APR-2026,505690,899.25,908.10,-0.0098,0.0361,0.0361,0.6897
28-APR-2026,505693,10.05,9.87,0.0181,0.0344,0.0343,0.6553
28-APR-2026,505712,215.10,213.10,0.0093,0.0286,0.0286,0.5464
28-APR-2026,505720,130.38,135.74,-0.0403,0.0321,0.0322,0.6152
28-APR-2026,505737,512.80,510.65,0.0042,0.0292,0.0292,0.5579
28-APR-2026,505750,254.15,254.60,-0.0018,0.0338,0.0338,0.6457
28-APR-2026,505807,651.00,651.00,0.0000,0.0238,0.0237,0.4528
28-APR-2026,505827,354.55,348.20,0.0181,0.0187,0.0187,0.3573
28-APR-2026,505840,25.50,25.19,0.0122,0.0394,0.0393,0.7508
28-APR-2026,505893,871.70,864.75,0.0080,0.0334,0.0334,0.6381
28-APR-2026,505978,848.30,810.00,0.0462,0.0276,0.0277,0.5292
28-APR-2026,506003,57.41,60.00,-0.0441,0.0333,0.0334,0.6381
28-APR-2026,506042,179.25,179.25,0.0000,0.0574,0.0572,1.0928
28-APR-2026,506105,71.30,71.35,-0.0007,0.0354,0.0353,0.6744
28-APR-2026,506122,62.25,63.51,-0.0200,0.0332,0.0332,0.6343
28-APR-2026,506128,162.10,165.00,-0.0177,0.0331,0.0330,0.6305
28-APR-2026,506134,9.30,9.06,0.0261,0.0361,0.0361,0.6897
28-APR-2026,506161,5.01,5.01,0.0000,0.0029,0.0029,0.0554
28-APR-2026,506166,63.73,62.24,0.0237,0.1800,0.1795,3.4293
28-APR-2026,506178,17.01,17.01,0.0000,0.0013,0.0012,0.0229
28-APR-2026,506180,525.90,500.90,0.0487,0.0310,0.0311,0.5942
28-APR-2026,506186,16.90,16.96,-0.0035,0.0362,0.0361,0.6897
28-APR-2026,506190,52.50,52.50,0.0000,0.0000,0.0000,0.0000
28-APR-2026,506196,4.25,4.25,0.0000,0.0005,0.0005,0.0096
28-APR-2026,506365,118.55,112.95,0.0484,0.0401,0.0401,0.7661
28-APR-2026,506373,86.45,88.20,-0.0200,0.0259,0.0258,0.4929
28-APR-2026,506520,6.89,7.05,-0.0230,0.0290,0.0289,0.5521
28-APR-2026,506528,4359.40,4452.00,-0.0210,0.0282,0.0281,0.5368
28-APR-2026,506530,1104.35,1104.35,0.0000,0.0242,0.0242,0.4623
28-APR-2026,506543,11.86,12.12,-0.0217,0.0346,0.0345,0.6591
28-APR-2026,506579,109.39,109.46,-0.0006,0.0349,0.0348,0.6649
28-APR-2026,506597,589.75,554.45,0.0617,0.0380,0.0381,0.7279
28-APR-2026,506605,2081.20,2028.00,0.0259,0.0314,0.0313,0.5980
28-APR-2026,506640,152.00,151.00,0.0066,0.0412,0.0411,0.7852
28-APR-2026,506734,92.99,89.52,0.0380,0.0248,0.0249,0.4757
28-APR-2026,506808,55.79,55.71,0.0014,0.0305,0.0304,0.5808
28-APR-2026,506854,2519.90,2498.40,0.0086,0.0309,0.0308,0.5884
28-APR-2026,506858,60.95,60.71,0.0039,0.0288,0.0287,0.5483
28-APR-2026,506863,110.23,112.47,-0.0201,0.0242,0.0242,0.4623
28-APR-2026,506906,46.24,46.24,0.0000,0.0493,0.0492,0.9400
28-APR-2026,506919,140.75,142.50,-0.0124,0.0355,0.0354,0.6763
28-APR-2026,506935,63.52,63.52,0.0000,0.0256,0.0255,0.4872
28-APR-2026,506945,2.59,2.59,0.0000,0.0069,0.0069,0.1318
28-APR-2026,506947,209.30,199.35,0.0487,0.0285,0.0286,0.5464
28-APR-2026,506975,8.73,8.73,0.0000,0.0302,0.0301,0.5751
28-APR-2026,506979,148.05,155.80,-0.0510,0.0315,0.0316,0.6037
28-APR-2026,506981,125.20,128.80,-0.0283,0.0299,0.0299,0.5712
28-APR-2026,507155,124.85,125.35,-0.0040,0.0283,0.0283,0.5407
28-APR-2026,507180,6.60,6.60,0.0000,0.0417,0.0416,0.7948
28-APR-2026,507265,190.00,197.60,-0.0392,0.0333,0.0333,0.6362
28-APR-2026,507300,960.00,935.00,0.0264,0.0264,0.0264,0.5044
28-APR-2026,507474,41.58,41.96,-0.0091,0.0313,0.0312,0.5961
28-APR-2026,507486,49.01,51.30,-0.0457,0.0336,0.0337,0.6438
28-APR-2026,507498,40.11,41.60,-0.0365,0.0279,0.0280,0.5349
28-APR-2026,507515,15.26,15.36,-0.0065,0.0350,0.0349,0.6668
28-APR-2026,507530,21.03,21.03,0.0000,0.0034,0.0034,0.0650
28-APR-2026,507598,112.00,111.00,0.0090,0.0306,0.0305,0.5827
28-APR-2026,507609,22.50,22.50,0.0000,0.0322,0.0321,0.6133
28-APR-2026,507621,62.51,64.90,-0.0375,0.0249,0.0250,0.4776
28-APR-2026,507645,11449.15,11305.80,0.0126,0.0223,0.0223,0.4260
28-APR-2026,507663,3.76,3.76,0.0000,0.0082,0.0082,0.1567
28-APR-2026,507690,219.80,216.65,0.0144,0.0334,0.0333,0.6362
28-APR-2026,507753,107.81,109.02,-0.0112,0.0253,0.0252,0.4814
28-APR-2026,507759,13.70,13.70,0.0000,0.0461,0.0460,0.8788
28-APR-2026,507808,36.10,38.00,-0.0513,0.0234,0.0236,0.4509
28-APR-2026,507813,70.77,70.34,0.0061,0.0329,0.0328,0.6266
28-APR-2026,507817,160.95,160.95,0.0000,0.0328,0.0327,0.6247
28-APR-2026,507828,7.67,7.73,-0.0078,0.0368,0.0367,0.7012
28-APR-2026,507833,4.00,4.00,0.0000,0.0284,0.0283,0.5407
28-APR-2026,507852,99.62,103.07,-0.0340,0.0292,0.0292,0.5579
28-APR-2026,507872,40.11,41.69,-0.0386,0.0293,0.0293,0.5598
28-APR-2026,507912,202.20,202.55,-0.0017,0.0300,0.0299,0.5712
28-APR-2026,507917,61.38,64.61,-0.0513,0.0306,0.0307,0.5865
28-APR-2026,507938,23.73,23.73,0.0000,0.0213,0.0213,0.4069
28-APR-2026,507946,18.46,19.35,-0.0471,0.0373,0.0374,0.7145
28-APR-2026,507948,85.00,83.99,0.0120,0.0340,0.0339,0.6477
28-APR-2026,507952,3.15,3.15,0.0000,0.0000,0.0000,0.0000
28-APR-2026,507960,193.05,195.00,-0.0101,0.0275,0.0274,0.5235
28-APR-2026,507962,5.34,5.35,-0.0019,0.0297,0.0296,0.5655
28-APR-2026,507966,49.20,41.00,0.1823,0.0426,0.0444,0.8483
28-APR-2026,507968,38.24,39.02,-0.0202,0.0289,0.0289,0.5521
28-APR-2026,507970,36.00,37.00,-0.0274,0.0350,0.0350,0.6687
28-APR-2026,507981,64.21,66.68,-0.0377,0.0274,0.0275,0.5254
28-APR-2026,507984,629.10,641.90,-0.0201,0.0195,0.0195,0.3725
28-APR-2026,507987,3.99,3.99,0.0000,0.0042,0.0042,0.0802
28-APR-2026,507998,185.05,178.90,0.0338,0.0341,0.0341,0.6515
28-APR-2026,508494,38.08,38.19,-0.0029,0.0250,0.0249,0.4757
28-APR-2026,508571,143.40,133.80,0.0693,0.0384,0.0386,0.7375
28-APR-2026,508664,12.04,12.50,-0.0375,0.0320,0.0320,0.6114
28-APR-2026,508807,695.35,692.40,0.0043,0.0233,0.0233,0.4451
28-APR-2026,508867,21.13,21.13,0.0000,0.0127,0.0127,0.2426
28-APR-2026,508875,559.55,580.00,-0.0359,0.0314,0.0314,0.5999
28-APR-2026,508905,109.79,107.11,0.0247,0.0408,0.0407,0.7776
28-APR-2026,508918,43.34,42.25,0.0255,0.0392,0.0391,0.7470
28-APR-2026,508922,5.08,5.18,-0.0195,0.0312,0.0311,0.5942
28-APR-2026,508941,475.05,478.00,-0.0062,0.0159,0.0159,0.3038
28-APR-2026,508956,12.18,12.12,0.0049,0.0326,0.0325,0.6209
28-APR-2026,508961,213.55,203.40,0.0487,0.0287,0.0288,0.5502
28-APR-2026,508969,3.00,3.19,-0.0614,0.0281,0.0284,0.5426
28-APR-2026,508980,7.55,7.37,0.0241,0.0360,0.0360,0.6878
28-APR-2026,508993,2.45,2.45,0.0000,0.0000,0.0000,0.0000
28-APR-2026,509003,0.13,0.13,0.0000,0.0000,0.0000,0.0000
28-APR-2026,509015,15.58,16.40,-0.0513,0.0371,0.0372,0.7107
28-APR-2026,509024,8.35,9.05,-0.0805,0.0708,0.0709,1.3545
28-APR-2026,509026,78.54,87.89,-0.1125,0.0454,0.0459,0.8769
28-APR-2026,509038,13.18,13.18,0.0000,0.0153,0.0152,0.2904
28-APR-2026,509040,215.95,207.20,0.0414,0.0328,0.0328,0.6266
28-APR-2026,509046,48.49,47.18,0.0274,0.0317,0.0317,0.6056
28-APR-2026,509051,0.62,0.61,0.0163,0.0373,0.0372,0.7107
28-APR-2026,509053,7.19,7.11,0.0112,0.0264,0.0263,0.5025
28-APR-2026,509073,12.50,12.50,0.0000,0.0389,0.0388,0.7413
28-APR-2026,509162,93.34,94.64,-0.0138,0.0276,0.0276,0.5273
28-APR-2026,509196,74.37,74.37,0.0000,0.0285,0.0285,0.5445
28-APR-2026,509423,40.26,40.84,-0.0143,0.0371,0.0370,0.7069
28-APR-2026,509438,10011.25,10010.95,0.0000,0.0163,0.0163,0.3114
28-APR-2026,509449,35.30,35.90,-0.0169,0.0364,0.0364,0.6954
28-APR-2026,509470,20945.00,20402.00,0.0263,0.0255,0.0255,0.4872
28-APR-2026,509472,342.40,348.00,-0.0162,0.0294,0.0293,0.5598
28-APR-2026,509486,73.66,74.46,-0.0108,0.0311,0.0310,0.5923
28-APR-2026,509525,907.00,900.35,0.0074,0.0202,0.0202,0.3859
28-APR-2026,509563,23.60,23.37,0.0098,0.0372,0.0371,0.7088
28-APR-2026,509597,715.80,732.45,-0.0230,0.0306,0.0306,0.5846
28-APR-2026,509650,38.74,38.74,0.0000,0.0007,0.0007,0.0134
28-APR-2026,509760,35.93,35.00,0.0262,0.0366,0.0365,0.6973
28-APR-2026,509762,43.85,41.80,0.0479,0.0212,0.0215,0.4108
28-APR-2026,509782,17.95,17.95,0.0000,0.0000,0.0000,0.0000
28-APR-2026,509835,15.31,15.75,-0.0283,0.0441,0.0440,0.8406
28-APR-2026,509845,465.00,465.00,0.0000,0.0183,0.0183,0.3496
28-APR-2026,509870,60.74,60.74,0.0000,0.0040,0.0040,0.0764
28-APR-2026,509887,685.00,685.00,0.0000,0.0299,0.0298,0.5693
28-APR-2026,509895,163.00,161.90,0.0068,0.0254,0.0253,0.4834
28-APR-2026,509910,25.00,25.00,0.0000,0.0200,0.0199,0.3802
28-APR-2026,509917,99.54,99.54,0.0000,0.0089,0.0089,0.1700
28-APR-2026,509953,520.60,548.00,-0.0513,0.0301,0.0302,0.5770
28-APR-2026,509960,1400.00,1400.00,0.0000,0.0274,0.0273,0.5216
28-APR-2026,510245,4.45,4.40,0.0113,0.0279,0.0279,0.5330
28-APR-2026,511000,19.30,19.65,-0.0180,0.0361,0.0360,0.6878
28-APR-2026,511012,0.69,0.69,0.0000,0.0252,0.0251,0.4795
28-APR-2026,511016,5.77,5.50,0.0479,0.0339,0.0340,0.6496
28-APR-2026,511018,63.48,63.61,-0.0020,0.0412,0.0411,0.7852
28-APR-2026,511048,5.18,5.18,0.0000,0.0000,0.0000,0.0000
28-APR-2026,511060,17.00,17.00,0.0000,0.0000,0.0000,0.0000
28-APR-2026,511066,27.43,26.50,0.0345,0.0269,0.0270,0.5158
28-APR-2026,511074,990.00,990.00,0.0000,0.0027,0.0027,0.0516
28-APR-2026,511092,5.63,5.52,0.0197,0.0156,0.0156,0.2980
28-APR-2026,511096,12.00,12.00,0.0000,0.0000,0.0000,0.0000
28-APR-2026,511110,16.50,16.49,0.0006,0.0521,0.0520,0.9935
28-APR-2026,511116,0.38,0.39,-0.0260,0.0318,0.0317,0.6056
28-APR-2026,511122,78.20,76.40,0.0233,0.0468,0.0467,0.8922
28-APR-2026,511131,17.68,17.35,0.0188,0.0310,0.0310,0.5923
28-APR-2026,511147,63.98,64.31,-0.0051,0.0300,0.0300,0.5731
28-APR-2026,511153,19.20,19.68,-0.0247,0.0352,0.0351,0.6706
28-APR-2026,511169,5.00,4.77,0.0471,0.0293,0.0294,0.5617
28-APR-2026,511176,103.95,100.00,0.0387,0.0314,0.0314,0.5999
28-APR-2026,511185,15.10,15.10,0.0000,0.0094,0.0094,0.1796
28-APR-2026,511187,1.42,1.41,0.0071,0.0403,0.0402,0.7680
28-APR-2026,511200,111.50,111.50,0.0000,0.0144,0.0144,0.2751
28-APR-2026,511246,4.78,4.84,-0.0125,0.0356,0.0355,0.6782
28-APR-2026,511254,61.75,61.75,0.0000,0.0000,0.0000,0.0000
28-APR-2026,511260,40.71,41.37,-0.0161,0.0222,0.0221,0.4222
28-APR-2026,511355,13.20,12.50,0.0545,0.0274,0.0276,0.5273
28-APR-2026,511359,52.16,54.07,-0.0360,0.0306,0.0306,0.5846
28-APR-2026,511377,32.51,32.51,0.0000,0.0258,0.0257,0.4910
28-APR-2026,511391,60.65,63.82,-0.0509,0.0326,0.0327,0.6247
28-APR-2026,511401,6.15,5.90,0.0415,0.0345,0.0345,0.6591
28-APR-2026,511411,33.95,33.95,0.0000,0.0446,0.0445,0.8502
28-APR-2026,511441,28.65,28.65,0.0000,0.0330,0.0329,0.6286
28-APR-2026,511447,0.37,0.38,-0.0267,0.0375,0.0374,0.7145
28-APR-2026,511451,12.43,11.84,0.0486,0.0356,0.0356,0.6801
28-APR-2026,511463,9.00,9.49,-0.0530,0.0368,0.0369,0.7050
28-APR-2026,511493,3.29,3.42,-0.0388,0.0429,0.0429,0.8196
28-APR-2026,511501,24.31,24.60,-0.0119,0.0316,0.0315,0.6018
28-APR-2026,511507,49.00,51.38,-0.0474,0.0369,0.0370,0.7069
28-APR-2026,511509,27.26,28.52,-0.0452,0.0306,0.0307,0.5865
28-APR-2026,511523,20.43,20.15,0.0138,0.0263,0.0262,0.5006
28-APR-2026,511525,1.94,1.92,0.0104,0.0310,0.0309,0.5903
28-APR-2026,511533,41.08,42.92,-0.0438,0.0404,0.0404,0.7718
28-APR-2026,511535,38.00,38.00,0.0000,0.0470,0.0469,0.8960
28-APR-2026,511539,14.76,14.29,0.0324,0.0288,0.0288,0.5502
28-APR-2026,511543,37.62,38.74,-0.0293,0.0387,0.0387,0.7394
28-APR-2026,511549,54.71,54.89,-0.0033,0.0301,0.0300,0.5731
28-APR-2026,511557,4.05,4.18,-0.0316,0.0347,0.0346,0.6610
28-APR-2026,511563,48.96,48.00,0.0198,0.0285,0.0285,0.5445
28-APR-2026,511571,122.40,123.40,-0.0081,0.0389,0.0388,0.7413
28-APR-2026,511577,15.94,16.39,-0.0278,0.0371,0.0370,0.7069
28-APR-2026,511585,3.86,3.87,-0.0026,0.0169,0.0168,0.3210
28-APR-2026,511593,18.55,17.65,0.0497,0.0412,0.0413,0.7890
28-APR-2026,511601,8.72,8.77,-0.0057,0.0337,0.0336,0.6419
28-APR-2026,511609,20.25,20.25,0.0000,0.0210,0.0210,0.4012
28-APR-2026,511626,86.67,89.24,-0.0292,0.0402,0.0401,0.7661
28-APR-2026,511632,6.87,6.87,0.0000,0.0074,0.0074,0.1414
28-APR-2026,511636,2.14,2.11,0.0141,0.0298,0.0297,0.5674
28-APR-2026,511644,94.25,99.21,-0.0513,0.1451,0.1448,2.7664
28-APR-2026,511654,61.00,63.19,-0.0353,0.0427,0.0427,0.8158
28-APR-2026,511658,17.38,17.30,0.0046,0.0334,0.0333,0.6362
28-APR-2026,511664,7.13,7.03,0.0141,0.0392,0.0391,0.7470
28-APR-2026,511692,6.69,6.82,-0.0192,0.0438,0.0437,0.8349
28-APR-2026,511696,259.00,259.00,0.0000,0.0370,0.0369,0.7050
28-APR-2026,511700,0.40,0.40,0.0000,0.0334,0.0333,0.6362
28-APR-2026,511702,161.95,160.60,0.0084,0.0271,0.0270,0.5158
28-APR-2026,511710,2.05,2.02,0.0147,0.0352,0.0351,0.6706
28-APR-2026,511712,70.57,73.99,-0.0473,0.0362,0.0362,0.6916
28-APR-2026,511716,6.64,6.39,0.0384,0.0416,0.0415,0.7929
28-APR-2026,511728,16.40,17.25,-0.0505,0.0350,0.0351,0.6706
28-APR-2026,511738,32.00,32.00,0.0000,0.0167,0.0167,0.3191
28-APR-2026,511740,136.50,130.00,0.0488,0.0323,0.0324,0.6190
28-APR-2026,511756,31.70,31.03,0.0214,0.0333,0.0333,0.6362
28-APR-2026,511758,76.80,77.00,-0.0026,0.0432,0.0431,0.8234
28-APR-2026,511764,39.46,38.34,0.0288,0.0372,0.0372,0.7107
28-APR-2026,512014,891.65,898.40,-0.0075,0.0260,0.0259,0.4948
28-APR-2026,512018,8.47,8.58,-0.0129,0.0319,0.0318,0.6075
28-APR-2026,512022,244.45,244.45,0.0000,0.0000,0.0000,0.0000
28-APR-2026,512025,35.41,34.91,0.0142,0.0366,0.0366,0.6992
28-APR-2026,512026,61.95,312.25,-1.6175,0.0153,0.1154,2.2047
28-APR-2026,512036,138.90,138.90,0.0000,0.0315,0.0314,0.5999
28-APR-2026,512047,6.64,6.73,-0.0135,0.0383,0.0383,0.7317
28-APR-2026,512048,2.84,2.84,0.0000,0.0376,0.0375,0.7164
28-APR-2026,512062,73.55,72.11,0.0198,0.0182,0.0183,0.3496
28-APR-2026,512063,45.34,45.34,0.0000,0.0105,0.0105,0.2006
28-APR-2026,512064,42.85,41.50,0.0320,0.0349,0.0349,0.6668
28-APR-2026,512065,24.44,23.97,0.0194,0.1024,0.1021,1.9506
28-APR-2026,512091,12.19,12.19,0.0000,0.0322,0.0322,0.6152
28-APR-2026,512093,3.64,3.52,0.0335,0.0272,0.0273,0.5216
28-APR-2026,512097,0.25,0.25,0.0000,0.0445,0.0444,0.8483
28-APR-2026,512099,787.80,829.25,-0.0513,0.0275,0.0276,0.5273
28-APR-2026,512101,17.40,17.40,0.0000,0.0000,0.0000,0.0000
28-APR-2026,512103,323.55,316.45,0.0222,0.0299,0.0299,0.5712
28-APR-2026,512109,60.00,59.00,0.0168,0.0110,0.0110,0.2102
28-APR-2026,512115,63.03,64.15,-0.0176,0.0350,0.0349,0.6668
28-APR-2026,512117,3.67,3.67,0.0000,0.0000,0.0000,0.0000
28-APR-2026,512149,1.05,1.06,-0.0095,0.0357,0.0356,0.6801
28-APR-2026,512153,10.55,10.55,0.0000,0.0090,0.0090,0.1719
28-APR-2026,512175,4.28,4.26,0.0047,0.0367,0.0366,0.6992
28-APR-2026,512197,6.26,6.50,-0.0376,0.0345,0.0345,0.6591
28-APR-2026,512213,2.71,2.71,0.0000,0.0000,0.0000,0.0000
28-APR-2026,512217,32.99,33.90,-0.0272,0.0367,0.0366,0.6992
28-APR-2026,512221,14.45,14.45,0.0000,0.0026,0.0026,0.0497
28-APR-2026,512229,184.65,181.05,0.0197,0.0163,0.0164,0.3133
28-APR-2026,512247,2.84,2.82,0.0071,0.0266,0.0265,0.5063
28-APR-2026,512257,3.56,3.56,0.0000,0.0244,0.0243,0.4643
28-APR-2026,512261,3.00,3.00,0.0000,0.0000,0.0000,0.0000
28-APR-2026,512271,116.50,116.50,0.0000,0.0004,0.0004,0.0076
28-APR-2026,512277,378.70,367.00,0.0314,0.1022,0.1020,1.9487
28-APR-2026,512297,80.48,78.91,0.0197,0.0340,0.0339,0.6477
28-APR-2026,512301,30.88,32.50,-0.0511,0.0307,0.0308,0.5884
28-APR-2026,512344,4.41,4.20,0.0488,0.0350,0.0351,0.6706
28-APR-2026,512345,117.60,112.00,0.0488,0.0298,0.0299,0.5712
28-APR-2026,512361,35.04,36.70,-0.0463,0.0317,0.0318,0.6075
28-APR-2026,512367,11.52,11.52,0.0000,0.0011,0.0011,0.0210
28-APR-2026,512377,5.64,5.64,0.0000,0.0034,0.0034,0.0650
28-APR-2026,512379,2.98,2.91,0.0238,0.0328,0.0327,0.6247
28-APR-2026,512399,45.35,44.70,0.0144,0.0276,0.0276,0.5273
28-APR-2026,512404,0.05,0.05,0.0000,0.0113,0.0113,0.2159
28-APR-2026,512405,16.41,16.41,0.0000,0.0090,0.0090,0.1719
28-APR-2026,512408,10.05,10.05,0.0000,0.0000,0.0000,0.0000
28-APR-2026,512415,5.78,5.54,0.0424,0.0335,0.0336,0.6419
28-APR-2026,512425,820.00,820.00,0.0000,0.0315,0.0314,0.5999
28-APR-2026,512437,368.80,369.60,-0.0022,0.0347,0.0346,0.6610
28-APR-2026,512441,0.41,0.39,0.0500,0.0425,0.0425,0.8120
28-APR-2026,512443,15.90,15.62,0.0178,0.0326,0.0326,0.6228
28-APR-2026,512453,585.95,588.50,-0.0043,0.0287,0.0286,0.5464
28-APR-2026,512477,408.00,399.75,0.0204,0.0407,0.0406,0.7757
28-APR-2026,512479,380.75,400.75,-0.0512,0.0137,0.0141,0.2694
28-APR-2026,512485,105.00,105.00,0.0000,0.0339,0.0338,0.6457
28-APR-2026,512489,15.43,15.08,0.0229,0.0440,0.0439,0.8387
28-APR-2026,512493,54.39,52.58,0.0338,0.0331,0.0331,0.6324
28-APR-2026,512499,0.49,0.49,0.0000,0.0070,0.0070,0.1337
28-APR-2026,512511,1.08,1.08,0.0000,0.0025,0.0025,0.0478
28-APR-2026,512527,728.60,690.00,0.0544,0.0258,0.0260,0.4967
28-APR-2026,512565,41.14,39.20,0.0483,0.0282,0.0284,0.5426
28-APR-2026,512587,37.81,38.89,-0.0282,0.0371,0.0371,0.7088
28-APR-2026,512589,170.00,167.30,0.0160,0.0344,0.0343,0.6553
28-APR-2026,512591,1.04,1.09,-0.0470,0.0430,0.0431,0.8234
28-APR-2026,512595,85.40,87.48,-0.0241,0.1550,0.1546,2.9536
28-APR-2026,512600,62.04,61.88,0.0026,0.0285,0.0284,0.5426
28-APR-2026,512604,6.70,6.11,0.0922,0.0375,0.0379,0.7241
28-APR-2026,512618,10.05,10.37,-0.0313,0.0542,0.0541,1.0336
28-APR-2026,512624,6.50,6.36,0.0218,0.0324,0.0324,0.6190
28-APR-2026,512634,160.00,162.10,-0.0130,0.0246,0.0245,0.4681
28-APR-2026,513005,42.01,44.70,-0.0621,0.0346,0.0348,0.6649
28-APR-2026,513039,3.31,3.31,0.0000,0.0000,0.0000,0.0000
28-APR-2026,513043,157.15,158.80,-0.0104,0.0342,0.0341,0.6515
28-APR-2026,513059,37.00,37.00,0.0000,0.0286,0.0285,0.5445
28-APR-2026,513063,22.69,24.38,-0.0718,0.0400,0.0403,0.7699
28-APR-2026,513117,8.43,8.60,-0.0200,0.0297,0.0297,0.5674
28-APR-2026,513119,1062.95,1042.15,0.0198,0.0327,0.0326,0.6228
28-APR-2026,513149,853.30,850.80,0.0029,0.0299,0.0298,0.5693
28-APR-2026,513173,20.06,20.24,-0.0089,0.0373,0.0372,0.7107
28-APR-2026,513252,901.55,905.95,-0.0049,0.0345,0.0344,0.6572
28-APR-2026,513295,174.70,175.35,-0.0037,0.0409,0.0408,0.7795
28-APR-2026,513303,13.45,13.21,0.0180,0.0362,0.0362,0.6916
28-APR-2026,513307,1296.20,1321.55,-0.0194,0.0523,0.0521,0.9954
28-APR-2026,513309,7.32,7.69,-0.0493,0.0366,0.0366,0.6992
28-APR-2026,513337,0.63,0.63,0.0000,0.0362,0.0361,0.6897
28-APR-2026,513353,287.70,286.75,0.0033,0.0272,0.0271,0.5177
28-APR-2026,513361,18.01,17.99,0.0011,0.0337,0.0336,0.6419
28-APR-2026,513369,129.90,127.65,0.0175,0.0330,0.0329,0.6286
28-APR-2026,513397,9.55,9.11,0.0472,0.0293,0.0294,0.5617
28-APR-2026,513418,5.00,5.07,-0.0139,0.0327,0.0326,0.6228
28-APR-2026,513422,36.90,36.48,0.0114,0.0409,0.0408,0.7795
28-APR-2026,513430,36.00,34.54,0.0414,0.0325,0.0326,0.6228
28-APR-2026,513452,9.98,10.50,-0.0508,0.0350,0.0351,0.6706
28-APR-2026,513456,56.48,56.94,-0.0081,0.0284,0.0284,0.5426
28-APR-2026,513460,8.72,8.31,0.0482,0.0351,0.0351,0.6706
28-APR-2026,513472,452.50,463.35,-0.0237,0.0312,0.0311,0.5942
28-APR-2026,513488,21.57,20.14,0.0686,0.0361,0.0363,0.6935
28-APR-2026,513496,370.15,362.90,0.0198,0.0365,0.0364,0.6954
28-APR-2026,513498,89.10,91.83,-0.0302,0.0355,0.0355,0.6782
28-APR-2026,513502,9.26,9.09,0.0185,0.0357,0.0356,0.6801
28-APR-2026,513507,155.10,150.00,0.0334,0.0243,0.0244,0.4662
28-APR-2026,513511,308.40,313.65,-0.0169,0.0337,0.0336,0.6419
28-APR-2026,513513,10.84,10.25,0.0560,0.0525,0.0525,1.0030
28-APR-2026,513528,49.17,46.83,0.0488,0.0402,0.0402,0.7680
28-APR-2026,513540,20.58,20.58,0.0000,0.0260,0.0260,0.4967
28-APR-2026,513544,69.19,70.60,-0.0202,0.0353,0.0352,0.6725
28-APR-2026,513548,155.90,155.90,0.0000,0.0422,0.0421,0.8043
28-APR-2026,513566,12.59,12.40,0.0152,0.0306,0.0305,0.5827
28-APR-2026,513575,38.00,40.00,-0.0513,0.0395,0.0396,0.7566
28-APR-2026,513629,39.90,38.16,0.0446,0.0357,0.0358,0.6840
28-APR-2026,513642,42.01,44.90,-0.0665,0.0453,0.0455,0.8693
28-APR-2026,513687,5.30,5.30,0.0000,0.0323,0.0322,0.6152
28-APR-2026,513693,34.61,36.00,-0.0394,0.0326,0.0326,0.6228
28-APR-2026,513699,26.30,26.19,0.0042,0.0380,0.0379,0.7241
28-APR-2026,513709,181.00,181.05,-0.0003,0.0334,0.0333,0.6362
28-APR-2026,513713,4.02,4.02,0.0000,0.0301,0.0300,0.5731
28-APR-2026,513721,17.29,17.29,0.0000,0.0355,0.0354,0.6763
28-APR-2026,514010,22.19,22.15,0.0018,0.0383,0.0382,0.7298
28-APR-2026,514028,40.99,37.55,0.0877,0.0377,0.0381,0.7279
28-APR-2026,514030,111.52,110.37,0.0104,0.0275,0.0274,0.5235
28-APR-2026,514060,5.36,5.57,-0.0384,0.0323,0.0323,0.6171
28-APR-2026,514087,57.63,54.41,0.0575,0.0335,0.0336,0.6419
28-APR-2026,514113,24.00,24.13,-0.0054,0.0328,0.0328,0.6266
28-APR-2026,514165,6.07,6.05,0.0033,0.0305,0.0305,0.5827
28-APR-2026,514171,43.97,43.57,0.0091,0.0422,0.0421,0.8043
28-APR-2026,514177,77.88,77.88,0.0000,0.0278,0.0277,0.5292
28-APR-2026,514197,6.17,6.49,-0.0506,0.0401,0.0401,0.7661
28-APR-2026,514223,26.80,27.34,-0.0199,0.0402,0.0401,0.7661
28-APR-2026,514236,0.10,0.10,0.0000,0.0000,0.0000,0.0000
28-APR-2026,514238,1048.30,1040.40,0.0076,0.0306,0.0305,0.5827
28-APR-2026,514240,7.72,7.17,0.0739,0.0350,0.0353,0.6744
28-APR-2026,514248,41.94,41.94,0.0000,0.0354,0.0354,0.6763
28-APR-2026,514260,113.75,108.34,0.0487,0.0216,0.0218,0.4165
28-APR-2026,514264,19.50,20.44,-0.0471,0.0430,0.0431,0.8234
28-APR-2026,514266,54.85,52.41,0.0455,0.0240,0.0241,0.4604
28-APR-2026,514272,116.80,115.00,0.0155,0.0294,0.0293,0.5598
28-APR-2026,514280,131.10,139.30,-0.0607,0.0445,0.0446,0.8521
28-APR-2026,514302,171.00,166.00,0.0297,0.0336,0.0336,0.6419
28-APR-2026,514312,38.51,38.51,0.0000,0.0380,0.0379,0.7241
28-APR-2026,514316,102.50,101.00,0.0147,0.0318,0.0317,0.6056
28-APR-2026,514318,414.00,415.00,-0.0024,0.0216,0.0215,0.4108
28-APR-2026,514322,93.99,92.00,0.0214,0.0495,0.0494,0.9438
28-APR-2026,514324,800.00,773.35,0.0339,0.0329,0.0329,0.6286
28-APR-2026,514326,7.64,7.99,-0.0448,0.0362,0.0362,0.6916
28-APR-2026,514330,534.35,538.40,-0.0076,0.0408,0.0407,0.7776
28-APR-2026,514332,46.99,45.00,0.0433,0.0411,0.0411,0.7852
28-APR-2026,514336,112.46,108.92,0.0320,0.0298,0.0298,0.5693
28-APR-2026,514358,118.50,118.00,0.0042,0.0470,0.0469,0.8960
28-APR-2026,514360,31.13,31.44,-0.0099,0.0375,0.0374,0.7145
28-APR-2026,514378,14.40,14.29,0.0077,0.0361,0.0360,0.6878
28-APR-2026,514386,11.27,11.22,0.0044,0.0392,0.0391,0.7470
28-APR-2026,514400,24.01,24.01,0.0000,0.0346,0.0345,0.6591
28-APR-2026,514402,15.75,15.94,-0.0120,0.0367,0.0366,0.6992
28-APR-2026,514412,140.55,147.90,-0.0510,0.0319,0.0320,0.6114
28-APR-2026,514414,17.94,17.59,0.0197,0.0208,0.0208,0.3974
28-APR-2026,514428,310.65,313.00,-0.0075,0.0265,0.0264,0.5044
28-APR-2026,514440,27.98,27.45,0.0191,0.0323,0.0323,0.6171
28-APR-2026,514442,28.81,30.00,-0.0405,0.0414,0.0414,0.7909
28-APR-2026,514448,852.50,848.25,0.0050,0.0202,0.0201,0.3840
28-APR-2026,514454,34.20,31.35,0.0870,0.0333,0.0337,0.6438
28-APR-2026,514470,81.48,79.79,0.0210,0.0267,0.0266,0.5082
28-APR-2026,515008,356.45,349.05,0.0210,0.0349,0.0348,0.6649
28-APR-2026,515043,97.43,96.65,0.0080,0.0169,0.0169,0.3229
28-APR-2026,515059,34.50,34.50,0.0000,0.0407,0.0406,0.7757
28-APR-2026,515085,8.95,8.64,0.0353,0.0385,0.0385,0.7355
28-APR-2026,516003,149.85,149.95,-0.0007,0.0287,0.0286,0.5464
28-APR-2026,516020,3.80,3.65,0.0403,0.0324,0.0325,0.6209
28-APR-2026,516032,7.19,7.26,-0.0097,0.0396,0.0395,0.7546
28-APR-2026,516038,252.70,249.75,0.0117,0.0312,0.0311,0.5942
28-APR-2026,516062,3.46,3.53,-0.0200,0.0264,0.0263,0.5025
28-APR-2026,516078,66.21,66.23,-0.0003,0.0374,0.0373,0.7126
28-APR-2026,516096,174.90,170.00,0.0284,0.0391,0.0390,0.7451
28-APR-2026,516098,9.50,9.60,-0.0105,0.0370,0.0369,0.7050
28-APR-2026,516106,6.51,6.70,-0.0288,0.0336,0.0335,0.6400
28-APR-2026,516108,95.01,95.02,-0.0001,0.0236,0.0236,0.4509
28-APR-2026,516110,3.23,3.21,0.0062,0.0269,0.0268,0.5120
28-APR-2026,517035,176.85,178.65,-0.0101,0.0367,0.0366,0.6992
28-APR-2026,517044,33.25,33.25,0.0000,0.0294,0.0293,0.5598
28-APR-2026,517063,121.49,126.30,-0.0388,0.0363,0.0363,0.6935
28-APR-2026,517077,51.80,51.80,0.0000,0.0302,0.0301,0.5751
28-APR-2026,517096,78.52,75.11,0.0444,0.0408,0.0408,0.7795
28-APR-2026,517119,22.29,22.41,-0.0054,0.0330,0.0330,0.6305
28-APR-2026,517166,159.10,160.45,-0.0084,0.0354,0.0354,0.6763
28-APR-2026,517170,36.20,32.91,0.0953,0.0385,0.0390,0.7451
28-APR-2026,517172,12.00,12.00,0.0000,0.0090,0.0090,0.1719
28-APR-2026,517201,93.25,90.52,0.0297,0.0364,0.0364,0.6954
28-APR-2026,517236,83.37,84.60,-0.0146,0.0330,0.0330,0.6305
28-APR-2026,517238,183.85,180.00,0.0212,0.0388,0.0388,0.7413
28-APR-2026,517246,140.25,143.60,-0.0236,0.0387,0.0387,0.7394
28-APR-2026,517258,149.40,142.30,0.0487,0.0352,0.0352,0.6725
28-APR-2026,517264,72.70,72.25,0.0062,0.0306,0.0305,0.5827
28-APR-2026,517286,68.46,66.28,0.0324,0.0265,0.0265,0.5063
28-APR-2026,517288,64.65,66.07,-0.0217,0.0361,0.0361,0.6897
28-APR-2026,517320,159.81,168.22,-0.0513,0.0378,0.0378,0.7222
28-APR-2026,517336,47.47,45.21,0.0488,0.0244,0.0246,0.4700
28-APR-2026,517356,1.25,1.25,0.0000,0.0308,0.0307,0.5865
28-APR-2026,517360,17.03,17.63,-0.0346,0.0393,0.0393,0.7508
28-APR-2026,517370,100.28,101.28,-0.0099,0.0459,0.0458,0.8750
28-APR-2026,517372,437.65,445.45,-0.0177,0.0242,0.0242,0.4623
28-APR-2026,517393,9.24,9.72,-0.0506,0.0364,0.0365,0.6973
28-APR-2026,517397,26.83,28.18,-0.0491,0.0360,0.0361,0.6897
28-APR-2026,517399,3.77,3.95,-0.0466,0.0349,0.0349,0.6668
28-APR-2026,517415,8.18,8.02,0.0198,0.0339,0.0338,0.6457
28-APR-2026,517417,331.05,337.70,-0.0199,0.0352,0.0352,0.6725
28-APR-2026,517429,72.59,72.56,0.0004,0.0322,0.0321,0.6133
28-APR-2026,517431,22.70,22.80,-0.0044,0.0548,0.0547,1.0450
28-APR-2026,517437,111.30,111.30,0.0000,0.0300,0.0299,0.5712
28-APR-2026,517449,1169.80,1140.90,0.0250,0.0305,0.0305,0.5827
28-APR-2026,517477,335.00,335.95,-0.0028,0.0219,0.0219,0.4184
28-APR-2026,517494,13.37,13.26,0.0083,0.0333,0.0333,0.6362
28-APR-2026,517514,289.20,283.85,0.0187,0.0404,0.0404,0.7718
28-APR-2026,517546,46.58,47.96,-0.0292,0.0391,0.0390,0.7451
28-APR-2026,517554,1.01,1.00,0.0100,0.0321,0.0320,0.6114
28-APR-2026,518011,51.00,50.00,0.0198,0.0411,0.0411,0.7852
28-APR-2026,518053,60.00,59.37,0.0106,0.0315,0.0314,0.5999
28-APR-2026,518075,242.00,231.20,0.0457,0.0313,0.0314,0.5999
28-APR-2026,519014,15.12,14.40,0.0488,0.0323,0.0324,0.6190
28-APR-2026,519097,58.50,58.43,0.0012,0.0366,0.0365,0.6973
28-APR-2026,519152,9934.60,9810.50,0.0126,0.0231,0.0231,0.4413
28-APR-2026,519174,11.95,11.39,0.0480,0.0345,0.0345,0.6591
28-APR-2026,519191,1.61,1.62,-0.0062,0.0371,0.0371,0.7088
28-APR-2026,519214,5.18,4.95,0.0454,0.0338,0.0339,0.6477
28-APR-2026,519216,26.08,26.28,-0.0076,0.0338,0.0337,0.6438
28-APR-2026,519230,18.24,19.32,-0.0575,0.0408,0.0409,0.7814
28-APR-2026,519234,32.50,32.68,-0.0055,0.0424,0.0423,0.8081
28-APR-2026,519238,39.50,38.64,0.0220,0.0293,0.0293,0.5598
28-APR-2026,519262,19.18,17.99,0.0641,0.0404,0.0406,0.7757
28-APR-2026,519285,7.69,7.85,-0.0206,0.0324,0.0324,0.6190
28-APR-2026,519287,38.51,38.63,-0.0031,0.0308,0.0307,0.5865
28-APR-2026,519295,203.75,203.00,0.0037,0.0242,0.0242,0.4623
28-APR-2026,519299,48.60,47.04,0.0326,0.0403,0.0402,0.7680
28-APR-2026,519307,0.99,0.99,0.0000,0.0404,0.0403,0.7699
28-APR-2026,519331,35.54,39.00,-0.0929,0.0399,0.0403,0.7699
28-APR-2026,519353,14.00,14.00,0.0000,0.0173,0.0172,0.3286
28-APR-2026,519359,66.00,65.08,0.0140,0.0347,0.0347,0.6629
28-APR-2026,519367,518.95,489.95,0.0575,0.0318,0.0320,0.6114
28-APR-2026,519413,24.96,24.96,0.0000,0.0094,0.0094,0.1796
28-APR-2026,519415,48.36,48.36,0.0000,0.0108,0.0108,0.2063
28-APR-2026,519421,205.05,204.90,0.0007,0.0229,0.0228,0.4356
28-APR-2026,519457,39.06,41.69,-0.0652,0.0328,0.0330,0.6305
28-APR-2026,519463,500.15,526.45,-0.0512,0.0387,0.0387,0.7394
28-APR-2026,519471,172.05,178.10,-0.0346,0.0386,0.0386,0.7375
28-APR-2026,519475,73.00,73.00,0.0000,0.0295,0.0294,0.5617
28-APR-2026,519477,1478.25,1407.90,0.0488,0.0390,0.0390,0.7451
28-APR-2026,519479,10.46,9.99,0.0460,0.0350,0.0351,0.6706
28-APR-2026,519483,22.18,22.29,-0.0049,0.0473,0.0472,0.9018
28-APR-2026,519500,10.34,10.28,0.0058,0.0369,0.0368,0.7031
28-APR-2026,519506,24.85,25.35,-0.0199,0.0314,0.0314,0.5999
28-APR-2026,519532,10.19,10.58,-0.0376,0.0256,0.0257,0.4910
28-APR-2026,519566,158.00,162.20,-0.0262,0.0302,0.0302,0.5770
28-APR-2026,519574,50.51,51.53,-0.0200,0.0380,0.0379,0.7241
28-APR-2026,519604,18.00,18.80,-0.0435,0.0458,0.0458,0.8750
28-APR-2026,519606,103.13,101.11,0.0198,0.0307,0.0306,0.5846
28-APR-2026,519612,61.09,63.01,-0.0309,0.0384,0.0384,0.7336
28-APR-2026,520075,119.95,120.15,-0.0017,0.0219,0.0218,0.4165
28-APR-2026,520081,17.00,16.75,0.0148,0.0199,0.0199,0.3802
28-APR-2026,520121,15.75,15.80,-0.0032,0.0348,0.0348,0.6649
28-APR-2026,520123,63.96,67.91,-0.0599,0.0320,0.0322,0.6152
28-APR-2026,520127,14.80,14.98,-0.0121,0.0392,0.0391,0.7470
28-APR-2026,520131,35.14,33.47,0.0487,0.0240,0.0242,0.4623
28-APR-2026,520141,7.41,7.32,0.0122,0.0343,0.0342,0.6534
28-APR-2026,520155,41.99,41.96,0.0007,0.0342,0.0341,0.6515
28-APR-2026,521003,52.07,52.07,0.0000,0.0185,0.0184,0.3515
28-APR-2026,521005,0.83,0.89,-0.0698,0.0386,0.0388,0.7413
28-APR-2026,521036,12.35,12.35,0.0000,0.0178,0.0177,0.3382
28-APR-2026,521048,31.70,30.35,0.0435,0.0374,0.0374,0.7145
28-APR-2026,521054,9.50,9.50,0.0000,0.0433,0.0432,0.8253
28-APR-2026,521062,4.30,4.26,0.0093,0.0344,0.0343,0.6553
28-APR-2026,521068,54.10,54.10,0.0000,0.0262,0.0262,0.5006
28-APR-2026,521080,7.42,7.26,0.0218,0.0402,0.0401,0.7661
28-APR-2026,521097,137.55,136.90,0.0047,0.0248,0.0248,0.4738
28-APR-2026,521105,32.98,32.69,0.0088,0.0362,0.0362,0.6916
28-APR-2026,521113,98.26,98.18,0.0008,0.0335,0.0334,0.6381
28-APR-2026,521131,25.41,25.27,0.0055,0.0293,0.0292,0.5579
28-APR-2026,521133,5.85,5.85,0.0000,0.0216,0.0216,0.4127
28-APR-2026,521137,4.44,4.25,0.0437,0.0347,0.0348,0.6649
28-APR-2026,521141,16.21,17.00,-0.0476,0.0291,0.0292,0.5579
28-APR-2026,521149,8.59,9.25,-0.0740,0.0387,0.0390,0.7451
28-APR-2026,521151,50.90,53.00,-0.0404,0.0307,0.0307,0.5865
28-APR-2026,521161,29.60,29.60,0.0000,0.0411,0.0410,0.7833
28-APR-2026,521167,50.56,48.16,0.0486,0.1140,0.1137,2.1722
28-APR-2026,521178,47.40,48.00,-0.0126,0.0371,0.0370,0.7069
28-APR-2026,521206,1.62,1.59,0.0187,0.0425,0.0424,0.8101
28-APR-2026,521210,14.88,14.88,0.0000,0.0302,0.0301,0.5751
28-APR-2026,521216,91.46,86.09,0.0605,0.0306,0.0308,0.5884
28-APR-2026,521222,42.20,44.37,-0.0501,0.0323,0.0325,0.6209
28-APR-2026,521226,21.58,21.77,-0.0088,0.0391,0.0390,0.7451
28-APR-2026,521228,2.54,2.57,-0.0117,0.0312,0.0311,0.5942
28-APR-2026,521232,90.00,90.00,0.0000,0.0292,0.0291,0.5560
28-APR-2026,521234,33.80,31.00,0.0865,0.0440,0.0443,0.8464
28-APR-2026,521238,120.78,121.85,-0.0088,0.0407,0.0406,0.7757
28-APR-2026,521240,98.93,95.06,0.0399,0.0333,0.0333,0.6362
28-APR-2026,521244,119.05,114.30,0.0407,0.0285,0.0285,0.5445
28-APR-2026,522001,87.09,79.11,0.0961,0.0376,0.0382,0.7298
28-APR-2026,522005,128.89,130.00,-0.0086,0.0312,0.0311,0.5942
28-APR-2026,522017,720.05,738.60,-0.0254,0.0321,0.0321,0.6133
28-APR-2026,522027,523.30,513.05,0.0198,0.0317,0.0317,0.6056
28-APR-2026,522036,72.23,69.27,0.0418,0.0233,0.0234,0.4471
28-APR-2026,522091,40.52,41.34,-0.0200,0.1023,0.1021,1.9506
28-APR-2026,522122,1566.05,1560.35,0.0036,0.0216,0.0215,0.4108
28-APR-2026,522134,159.30,155.00,0.0274,0.0310,0.0310,0.5923
28-APR-2026,522152,97.32,101.89,-0.0459,0.0375,0.0376,0.7183
28-APR-2026,522165,42.72,45.02,-0.0524,0.0314,0.0316,0.6037
28-APR-2026,522183,293.80,303.25,-0.0317,0.0261,0.0262,0.5006
28-APR-2026,522207,66.85,65.27,0.0239,0.0349,0.0349,0.6668
28-APR-2026,522209,7.45,7.45,0.0000,0.0453,0.0452,0.8635
28-APR-2026,522229,275.05,277.05,-0.0072,0.0332,0.0331,0.6324
28-APR-2026,522231,87.47,85.68,0.0207,0.0398,0.0397,0.7585
28-APR-2026,522235,2.41,2.43,-0.0083,0.0345,0.0344,0.6572
28-APR-2026,522237,22.70,22.75,-0.0022,0.0523,0.0522,0.9973
28-APR-2026,522251,224.95,216.00,0.0406,0.0407,0.0407,0.7776
28-APR-2026,522267,39.95,40.01,-0.0015,0.0468,0.0467,0.8922
28-APR-2026,522273,187.70,180.50,0.0391,0.0433,0.0432,0.8253
28-APR-2026,522289,69.75,73.42,-0.0513,0.0365,0.0366,0.6992
28-APR-2026,522292,138.30,139.80,-0.0108,0.0256,0.0256,0.4891
28-APR-2026,522294,178.25,179.90,-0.0092,0.0321,0.0320,0.6114
28-APR-2026,522650,87.55,88.41,-0.0098,0.0385,0.0384,0.7336
28-APR-2026,523007,93.03,91.86,0.0127,0.0353,0.0352,0.6725
28-APR-2026,523019,16.35,16.67,-0.0194,0.0322,0.0322,0.6152
28-APR-2026,523021,41.97,42.11,-0.0033,0.0418,0.0417,0.7967
28-APR-2026,523054,2295.00,2295.00,0.0000,0.0253,0.0252,0.4814
28-APR-2026,523062,47.06,48.02,-0.0202,0.0375,0.0374,0.7145
28-APR-2026,523100,139.60,145.12,-0.0388,0.0395,0.0395,0.7546
28-APR-2026,523105,6.12,6.43,-0.0494,0.0392,0.0393,0.7508
28-APR-2026,523113,39.90,39.90,0.0000,0.0217,0.0217,0.4146
28-APR-2026,523116,740.00,741.00,-0.0014,0.0273,0.0273,0.5216
28-APR-2026,523120,120.00,116.11,0.0330,0.0361,0.0361,0.6897
28-APR-2026,523144,27.25,28.75,-0.0536,0.0293,0.0295,0.5636
28-APR-2026,523160,1355.80,1311.75,0.0330,0.0242,0.0243,0.4643
28-APR-2026,523186,189.50,191.65,-0.0113,0.0364,0.0363,0.6935
28-APR-2026,523232,99.76,97.08,0.0272,0.0312,0.0312,0.5961
28-APR-2026,523242,7.92,7.92,0.0000,0.0375,0.0374,0.7145
28-APR-2026,523248,255.75,252.10,0.0144,0.0335,0.0334,0.6381
28-APR-2026,523289,177.70,174.95,0.0156,0.0401,0.0400,0.7642
28-APR-2026,523309,83.24,83.00,0.0029,0.0338,0.0338,0.6457
28-APR-2026,523315,0.78,0.78,0.0000,0.0699,0.0697,1.3316
28-APR-2026,523343,10.00,10.00,0.0000,0.0000,0.0000,0.0000
28-APR-2026,523351,18.62,18.62,0.0000,0.0160,0.0160,0.3057
28-APR-2026,523373,16.01,16.03,-0.0012,0.0362,0.0361,0.6897
28-APR-2026,523387,2.38,2.27,0.0473,0.0247,0.0249,0.4757
28-APR-2026,523411,1646.90,1685.20,-0.0230,0.0358,0.0357,0.6820
28-APR-2026,523425,16.98,16.98,0.0000,0.0270,0.0269,0.5139
28-APR-2026,523449,90.06,85.78,0.0487,0.0423,0.0424,0.8101
28-APR-2026,523465,47.51,49.20,-0.0350,0.0323,0.0323,0.6171
28-APR-2026,523467,1.92,1.90,0.0105,0.0359,0.0358,0.6840
28-APR-2026,523475,744.25,738.15,0.0082,0.0406,0.0405,0.7738
28-APR-2026,523483,143.95,143.35,0.0042,0.0308,0.0308,0.5884
28-APR-2026,523489,39.80,39.98,-0.0045,0.0372,0.0371,0.7088
28-APR-2026,523519,8.29,7.90,0.0482,0.0357,0.0358,0.6840
28-APR-2026,523537,41.10,40.79,0.0076,0.0257,0.0256,0.4891
28-APR-2026,523550,38.25,38.06,0.0050,0.0357,0.0356,0.6801
28-APR-2026,523558,17.38,17.32,0.0035,0.0312,0.0311,0.5942
28-APR-2026,523566,47.00,47.00,0.0000,0.0404,0.0403,0.7699
28-APR-2026,523586,241.30,237.90,0.0142,0.0189,0.0189,0.3611
28-APR-2026,523594,21.92,21.68,0.0110,0.0422,0.0421,0.8043
28-APR-2026,523620,98.40,103.55,-0.0510,0.0370,0.0371,0.7088
28-APR-2026,523638,123.64,121.99,0.0134,0.0322,0.0321,0.6133
28-APR-2026,523650,48.97,47.66,0.0271,0.0425,0.0424,0.8101
28-APR-2026,523652,31.84,31.84,0.0000,0.0292,0.0291,0.5560
28-APR-2026,523660,49.57,49.79,-0.0044,0.0314,0.0313,0.5980
28-APR-2026,523672,43.12,43.80,-0.0156,0.0355,0.0354,0.6763
28-APR-2026,523676,275.25,276.15,-0.0033,0.0297,0.0296,0.5655
28-APR-2026,523696,57.53,58.00,-0.0081,0.0256,0.0255,0.4872
28-APR-2026,523722,7.87,8.03,-0.0201,0.0326,0.0325,0.6209
28-APR-2026,523732,68.95,68.29,0.0096,0.0371,0.0370,0.7069
28-APR-2026,523752,4.88,4.95,-0.0142,0.0364,0.0363,0.6935
28-APR-2026,523782,16.63,15.81,0.0506,0.0364,0.0365,0.6973
28-APR-2026,523790,7.17,7.17,0.0000,0.0233,0.0232,0.4432
28-APR-2026,523826,23.83,23.99,-0.0067,0.0347,0.0347,0.6629
28-APR-2026,523832,16.22,15.91,0.0193,0.0473,0.0472,0.9018
28-APR-2026,523840,13.60,13.98,-0.0276,0.0333,0.0333,0.6362
28-APR-2026,523842,7.35,7.30,0.0068,0.0318,0.0317,0.6056
28-APR-2026,523844,50.48,50.89,-0.0081,0.0367,0.0366,0.6992
28-APR-2026,523850,425.25,422.10,0.0074,0.0297,0.0296,0.5655
28-APR-2026,523874,106.94,107.56,-0.0058,0.0370,0.0369,0.7050
28-APR-2026,523888,164.15,167.45,-0.0199,0.0308,0.0307,0.5865
28-APR-2026,524031,8.38,8.40,-0.0024,0.0255,0.0255,0.4872
28-APR-2026,524038,5.20,5.20,0.0000,0.0408,0.0407,0.7776
28-APR-2026,524055,80.20,76.39,0.0487,0.0263,0.0265,0.5063
28-APR-2026,524080,65.00,64.04,0.0149,0.0324,0.0323,0.6171
28-APR-2026,524136,344.05,384.35,-0.1108,0.0338,0.0346,0.6610
28-APR-2026,524156,46.90,47.85,-0.0201,0.0376,0.0375,0.7164
28-APR-2026,524174,24.09,24.71,-0.0254,0.0316,0.0316,0.6037
28-APR-2026,524202,119.26,118.68,0.0049,0.0325,0.0324,0.6190
28-APR-2026,524204,114.86,110.62,0.0376,0.0333,0.0333,0.6362
28-APR-2026,524210,34.99,34.16,0.0240,0.0482,0.0481,0.9189
28-APR-2026,524218,98.96,96.96,0.0204,0.0285,0.0285,0.5445
28-APR-2026,524238,99.20,97.30,0.0193,0.0270,0.0270,0.5158
28-APR-2026,524288,55.00,53.50,0.0277,0.0309,0.0309,0.5903
28-APR-2026,524314,37.00,38.26,-0.0335,0.0401,0.0401,0.7661
28-APR-2026,524322,24.91,24.77,0.0056,0.0274,0.0273,0.5216
28-APR-2026,524336,105.32,104.15,0.0112,0.0328,0.0327,0.6247
28-APR-2026,524400,82.00,77.00,0.0629,0.0361,0.0362,0.6916
28-APR-2026,524408,147.50,147.50,0.0000,0.0386,0.0385,0.7355
28-APR-2026,524414,14.75,15.50,-0.0496,0.0383,0.0384,0.7336
28-APR-2026,524434,8.60,8.20,0.0476,0.0300,0.0301,0.5751
28-APR-2026,524440,30.71,30.84,-0.0042,0.0302,0.0301,0.5751
28-APR-2026,524444,0.94,0.90,0.0435,0.0346,0.0347,0.6629
28-APR-2026,524458,10.60,10.59,0.0009,0.0498,0.0497,0.9495
28-APR-2026,524480,615.20,610.40,0.0078,0.0312,0.0312,0.5961
28-APR-2026,524488,2.89,2.76,0.0460,0.0342,0.0342,0.6534
28-APR-2026,524502,88.48,88.48,0.0000,0.0299,0.0298,0.5693
28-APR-2026,524506,420.25,411.25,0.0216,0.0275,0.0275,0.5254
28-APR-2026,524514,22.51,22.51,0.0000,0.0207,0.0206,0.3936
28-APR-2026,524516,55.99,55.00,0.0178,0.0322,0.0321,0.6133
28-APR-2026,524520,87.72,87.79,-0.0008,0.0221,0.0221,0.4222
28-APR-2026,524522,30.00,30.54,-0.0178,0.0379,0.0379,0.7241
28-APR-2026,524534,170.00,166.10,0.0232,0.0419,0.0419,0.8005
28-APR-2026,524548,103.00,103.05,-0.0005,0.0443,0.0442,0.8444
28-APR-2026,524564,18.32,17.56,0.0424,0.0313,0.0314,0.5999
28-APR-2026,524572,30.88,30.25,0.0206,0.0321,0.0321,0.6133
28-APR-2026,524576,20.45,19.51,0.0471,0.0325,0.0326,0.6228
28-APR-2026,524580,24.99,25.50,-0.0202,0.0391,0.0390,0.7451
28-APR-2026,524582,138.75,141.70,-0.0210,0.0299,0.0298,0.5693
28-APR-2026,524590,10.65,11.15,-0.0459,0.0431,0.0431,0.8234
28-APR-2026,524592,14.00,14.55,-0.0385,0.0347,0.0347,0.6629
28-APR-2026,524594,154.13,147.00,0.0474,0.0384,0.0384,0.7336
28-APR-2026,524602,27.16,28.10,-0.0340,0.0402,0.0402,0.7680
28-APR-2026,524604,11.28,11.28,0.0000,0.0258,0.0257,0.4910
28-APR-2026,524606,23.00,22.01,0.0440,0.0426,0.0426,0.8139
28-APR-2026,524614,6.22,6.15,0.0113,0.0295,0.0295,0.5636
28-APR-2026,524622,48.21,48.28,-0.0015,0.0351,0.0351,0.6706
28-APR-2026,524624,13.85,13.87,-0.0014,0.0456,0.0455,0.8693
28-APR-2026,524628,15.20,14.51,0.0465,0.0400,0.0401,0.7661
28-APR-2026,524632,29.59,31.12,-0.0504,0.0347,0.0348,0.6649
28-APR-2026,524634,588.65,602.35,-0.0230,0.0278,0.0278,0.5311
28-APR-2026,524636,55.00,57.41,-0.0429,0.0346,0.0346,0.6610
28-APR-2026,524640,51.05,55.67,-0.0866,0.0292,0.0298,0.5693
28-APR-2026,524642,1.21,1.26,-0.0405,0.0397,0.0397,0.7585
28-APR-2026,524661,0.29,0.29,0.0000,0.0365,0.0364,0.6954
28-APR-2026,524663,17.64,17.44,0.0114,0.0291,0.0290,0.5540
28-APR-2026,524675,21.44,21.03,0.0193,0.0462,0.0461,0.8807
28-APR-2026,524687,11.61,11.44,0.0148,0.0259,0.0258,0.4929
28-APR-2026,524703,46.11,46.12,-0.0002,0.0285,0.0285,0.5445
28-APR-2026,524711,7.68,8.03,-0.0446,0.0421,0.0421,0.8043
28-APR-2026,524717,452.60,468.40,-0.0343,0.0416,0.0416,0.7948
28-APR-2026,524731,1042.45,1055.35,-0.0123,0.0244,0.0244,0.4662
28-APR-2026,524748,28.93,29.14,-0.0072,0.0376,0.0375,0.7164
28-APR-2026,524752,8.16,7.85,0.0387,0.0399,0.0399,0.7623
28-APR-2026,524768,26.64,25.90,0.0282,0.0417,0.0417,0.7967
28-APR-2026,524790,268.80,268.70,0.0004,0.0418,0.0417,0.7967
28-APR-2026,524808,24.79,24.79,0.0000,0.0385,0.0385,0.7355
28-APR-2026,524818,107.36,113.67,-0.0571,0.0354,0.0355,0.6782
28-APR-2026,524828,361.70,376.85,-0.0410,0.0306,0.0307,0.5865
28-APR-2026,526001,25.94,26.46,-0.0198,0.0368,0.0367,0.7012
28-APR-2026,526025,14.32,14.46,-0.0097,0.0355,0.0354,0.6763
28-APR-2026,526043,51.94,53.00,-0.0202,0.0316,0.0316,0.6037
28-APR-2026,526071,602.30,630.65,-0.0460,0.0817,0.0816,1.5590
28-APR-2026,526073,470.75,483.05,-0.0258,0.0288,0.0287,0.5483
28-APR-2026,526075,45.08,46.00,-0.0202,0.0333,0.0332,0.6343
28-APR-2026,526081,30.54,29.60,0.0313,0.0407,0.0406,0.7757
28-APR-2026,526095,39.00,39.05,-0.0013,0.0433,0.0431,0.8234
28-APR-2026,526113,15.00,14.95,0.0033,0.0423,0.0422,0.8062
28-APR-2026,526115,11.00,11.05,-0.0045,0.0419,0.0418,0.7986
28-APR-2026,526117,327.00,327.05,-0.0002,0.0375,0.0374,0.7145
28-APR-2026,526133,5.05,5.49,-0.0835,0.0419,0.0422,0.8062
28-APR-2026,526137,93.12,91.41,0.0185,0.0364,0.0363,0.6935
28-APR-2026,526139,2.88,2.87,0.0035,0.0403,0.0402,0.7680
28-APR-2026,526143,6.15,6.10,0.0082,0.0310,0.0309,0.5903
28-APR-2026,526159,92.14,91.97,0.0018,0.0295,0.0294,0.5617
28-APR-2026,526161,97.83,99.83,-0.0202,0.0455,0.0454,0.8674
28-APR-2026,526169,202.40,201.85,0.0027,0.0259,0.0258,0.4929
28-APR-2026,526173,26.34,27.12,-0.0292,0.0283,0.0283,0.5407
28-APR-2026,526179,257.75,256.55,0.0047,0.0333,0.0332,0.6343
28-APR-2026,526187,5.70,5.98,-0.0480,0.0416,0.0416,0.7948
28-APR-2026,526193,16.96,17.75,-0.0455,0.0328,0.0329,0.6286
28-APR-2026,526211,47.80,46.34,0.0310,0.0367,0.0367,0.7012
28-APR-2026,526225,9.50,9.16,0.0364,0.0278,0.0279,0.5330
28-APR-2026,526231,50.23,54.74,-0.0860,0.0364,0.0369,0.7050
28-APR-2026,526237,52.19,52.98,-0.0150,0.0390,0.0389,0.7432
28-APR-2026,526241,18.04,18.78,-0.0402,0.0292,0.0292,0.5579
28-APR-2026,526251,25.00,25.00,0.0000,0.0441,0.0440,0.8406
28-APR-2026,526269,106.95,100.06,0.0666,0.0352,0.0355,0.6782
28-APR-2026,526315,52.77,53.69,-0.0173,0.0227,0.0227,0.4337
28-APR-2026,526335,7.22,7.59,-0.0500,0.0421,0.0422,0.8062
28-APR-2026,526345,23.63,24.04,-0.0172,0.0374,0.0373,0.7126
28-APR-2026,526355,48.45,47.25,0.0251,0.0371,0.0371,0.7088
28-APR-2026,526365,33.56,34.01,-0.0133,0.0345,0.0345,0.6591
28-APR-2026,526373,54.70,57.54,-0.0506,0.0305,0.0307,0.5865
28-APR-2026,526407,11.25,11.57,-0.0280,0.0338,0.0337,0.6438
28-APR-2026,526409,9.31,9.35,-0.0043,0.0349,0.0348,0.6649
28-APR-2026,526415,5.27,5.51,-0.0445,0.0411,0.0411,0.7852
28-APR-2026,526431,22.14,23.30,-0.0511,0.0253,0.0255,0.4872
28-APR-2026,526433,3356.70,3238.25,0.0359,0.0341,0.0341,0.6515
28-APR-2026,526435,81.01,81.40,-0.0048,0.0383,0.0382,0.7298
28-APR-2026,526439,11.88,11.99,-0.0092,0.0359,0.0358,0.6840
28-APR-2026,526441,1.25,1.23,0.0161,0.0434,0.0433,0.8272
28-APR-2026,526443,117.35,116.95,0.0034,0.0336,0.0335,0.6400
28-APR-2026,526445,11.97,12.19,-0.0182,0.0368,0.0367,0.7012
28-APR-2026,526468,17.53,19.25,-0.0936,0.0395,0.0399,0.7623
28-APR-2026,526471,22.29,21.71,0.0264,0.0305,0.0305,0.5827
28-APR-2026,526473,4.93,5.04,-0.0221,0.0294,0.0294,0.5617
28-APR-2026,526477,46.57,44.36,0.0486,0.0300,0.0301,0.5751
28-APR-2026,526479,85.46,82.38,0.0367,0.0311,0.0312,0.5961
28-APR-2026,526481,31.99,31.55,0.0138,0.0353,0.0352,0.6725
28-APR-2026,526488,255.20,250.00,0.0206,0.0219,0.0219,0.4184
28-APR-2026,526490,6.81,6.39,0.0637,0.0337,0.0339,0.6477
28-APR-2026,526492,93.12,95.62,-0.0265,0.0258,0.0258,0.4929
28-APR-2026,526494,9.01,9.01,0.0000,0.0430,0.0429,0.8196
28-APR-2026,526500,19.00,19.00,0.0000,0.0382,0.0381,0.7279
28-APR-2026,526508,13.59,13.67,-0.0059,0.0335,0.0334,0.6381
28-APR-2026,526519,90.89,86.21,0.0529,0.0286,0.0288,0.5502
28-APR-2026,526525,20.04,20.04,0.0000,0.0386,0.0385,0.7355
28-APR-2026,526530,88.33,85.85,0.0285,0.0284,0.0284,0.5426
28-APR-2026,526532,7.83,8.05,-0.0277,0.0426,0.0426,0.8139
28-APR-2026,526544,3.73,3.92,-0.0497,0.0376,0.0377,0.7203
28-APR-2026,526546,100.65,104.90,-0.0414,0.0382,0.0382,0.7298
28-APR-2026,526554,27.85,28.49,-0.0227,0.0232,0.0232,0.4432
28-APR-2026,526570,4241.65,4100.65,0.0338,0.0303,0.0304,0.5808
28-APR-2026,526574,22.28,23.45,-0.0512,0.0380,0.0381,0.7279
28-APR-2026,526588,15.40,15.40,0.0000,0.0393,0.0392,0.7489
28-APR-2026,526604,52.87,54.48,-0.0300,0.0415,0.0414,0.7909
28-APR-2026,526614,70.78,67.34,0.0498,0.0368,0.0369,0.7050
28-APR-2026,526616,46.03,47.55,-0.0325,0.0252,0.0252,0.4814
28-APR-2026,526622,0.42,0.44,-0.0465,0.0275,0.0276,0.5273
28-APR-2026,526628,41.56,43.71,-0.0504,0.0279,0.0281,0.5368
28-APR-2026,526638,76.53,77.90,-0.0177,0.0316,0.0316,0.6037
28-APR-2026,526640,33.75,32.73,0.0307,0.0376,0.0376,0.7183
28-APR-2026,526675,27.33,26.08,0.0468,0.0289,0.0290,0.5540
28-APR-2026,526703,475.80,485.65,-0.0205,0.0335,0.0335,0.6400
28-APR-2026,526705,203.00,209.00,-0.0291,0.0264,0.0264,0.5044
28-APR-2026,526709,9.19,9.06,0.0142,0.0340,0.0340,0.6496
28-APR-2026,526711,31.20,31.03,0.0055,0.0361,0.0360,0.6878
28-APR-2026,526717,257.25,240.25,0.0684,0.0375,0.0377,0.7203
28-APR-2026,526721,76.91,75.65,0.0165,0.0217,0.0217,0.4146
28-APR-2026,526723,160.25,163.20,-0.0182,0.0306,0.0305,0.5827
28-APR-2026,526727,87.80,88.75,-0.0108,0.0369,0.0368,0.7031
28-APR-2026,526731,255.00,253.70,0.0051,0.0364,0.0363,0.6935
28-APR-2026,526739,383.70,390.55,-0.0177,0.0207,0.0207,0.3955
28-APR-2026,526747,212.85,213.50,-0.0030,0.0288,0.0288,0.5502
28-APR-2026,526751,21.25,21.00,0.0118,0.0262,0.0261,0.4986
28-APR-2026,526755,5.60,5.89,-0.0505,0.0368,0.0368,0.7031
28-APR-2026,526761,25.85,25.62,0.0089,0.0427,0.0426,0.8139
28-APR-2026,526775,926.00,933.15,-0.0077,0.0313,0.0312,0.5961
28-APR-2026,526795,5.49,5.49,0.0000,0.0252,0.0252,0.4814
28-APR-2026,526813,10.95,10.75,0.0184,0.0508,0.0507,0.9686
28-APR-2026,526823,3.95,3.80,0.0387,0.0325,0.0325,0.6209
28-APR-2026,526827,342.00,339.70,0.0067,0.0324,0.0323,0.6171
28-APR-2026,526839,17.00,16.90,0.0059,0.0460,0.0459,0.8769
28-APR-2026,526841,30.42,28.44,0.0673,0.0378,0.0380,0.7260
28-APR-2026,526847,26.26,25.97,0.0111,0.0330,0.0329,0.6286
28-APR-2026,526851,105.40,105.40,0.0000,0.0271,0.0271,0.5177
28-APR-2026,526859,0.91,0.97,-0.0639,0.0378,0.0380,0.7260
28-APR-2026,526861,111.17,111.63,-0.0041,0.0277,0.0276,0.5273
28-APR-2026,526865,5.12,4.89,0.0460,0.0366,0.0366,0.6992
28-APR-2026,526869,21.84,20.95,0.0416,0.0362,0.0362,0.6916
28-APR-2026,526871,14.35,14.55,-0.0138,0.0421,0.0420,0.8024
28-APR-2026,526873,45.60,45.76,-0.0035,0.0350,0.0349,0.6668
28-APR-2026,526877,23.10,22.00,0.0488,0.0310,0.0311,0.5942
28-APR-2026,526883,15.26,15.57,-0.0201,0.0219,0.0218,0.4165
28-APR-2026,526887,12.69,12.45,0.0191,0.0183,0.0183,0.3496
28-APR-2026,526891,12.94,12.94,0.0000,0.0368,0.0368,0.7031
28-APR-2026,526899,9.95,10.04,-0.0090,0.0306,0.0305,0.5827
28-APR-2026,526901,42.56,43.90,-0.0310,0.0345,0.0345,0.6591
28-APR-2026,526905,9.90,9.99,-0.0090,0.0333,0.0333,0.6362
28-APR-2026,526931,103.52,105.00,-0.0142,0.0300,0.0299,0.5712
28-APR-2026,526935,97.75,98.88,-0.0115,0.1299,0.1296,2.4760
28-APR-2026,526941,3.87,3.87,0.0000,0.0297,0.0297,0.5674
28-APR-2026,526945,94.87,95.60,-0.0077,0.0321,0.0321,0.6133
28-APR-2026,526961,6.52,6.21,0.0487,0.0387,0.0387,0.7394
28-APR-2026,526965,108.72,108.04,0.0063,0.0318,0.0317,0.6056
28-APR-2026,526967,6.98,6.65,0.0484,0.0540,0.0540,1.0317
28-APR-2026,526971,176.65,179.95,-0.0185,0.0313,0.0312,0.5961
28-APR-2026,526977,50.82,50.82,0.0000,0.0175,0.0174,0.3324
28-APR-2026,527005,136.01,140.29,-0.0310,0.0474,0.0473,0.9037
28-APR-2026,530025,16.00,15.70,0.0189,0.0394,0.0393,0.7508
28-APR-2026,530027,8.00,8.25,-0.0308,0.0416,0.0416,0.7948
28-APR-2026,530037,78.00,77.99,0.0001,0.0294,0.0293,0.5598
28-APR-2026,530043,295.30,311.00,-0.0518,0.0335,0.0336,0.6419
28-APR-2026,530045,47.29,48.75,-0.0304,0.0346,0.0346,0.6610
28-APR-2026,530053,5.02,4.86,0.0324,0.0324,0.0324,0.6190
28-APR-2026,530057,1.98,2.05,-0.0347,0.0297,0.0297,0.5674
28-APR-2026,530063,4.80,4.74,0.0126,0.0339,0.0339,0.6477
28-APR-2026,530065,14.70,14.00,0.0488,0.0362,0.0363,0.6935
28-APR-2026,530077,177.00,179.95,-0.0165,0.0241,0.0241,0.4604
28-APR-2026,530109,2.11,2.13,-0.0094,0.0395,0.0394,0.7527
28-APR-2026,530111,30.10,30.00,0.0033,0.0393,0.0392,0.7489
28-APR-2026,530119,35.40,36.85,-0.0401,0.0394,0.0394,0.7527
28-APR-2026,530125,211.50,209.95,0.0074,0.0291,0.0291,0.5560
28-APR-2026,530127,24.90,23.84,0.0435,0.0501,0.0500,0.9552
28-APR-2026,530133,71.09,74.23,-0.0432,0.0385,0.0385,0.7355
28-APR-2026,530139,31.95,32.78,-0.0256,0.0473,0.0472,0.9018
28-APR-2026,530141,41.89,39.25,0.0651,0.0440,0.0441,0.8425
28-APR-2026,530145,34.54,35.34,-0.0229,0.0336,0.0335,0.6400
28-APR-2026,530163,220.75,230.40,-0.0428,0.0361,0.0361,0.6897
28-APR-2026,530167,15.94,15.65,0.0184,0.0309,0.0308,0.5884
28-APR-2026,530169,28.90,29.00,-0.0035,0.0327,0.0327,0.6247
28-APR-2026,530171,33.00,32.79,0.0064,0.0431,0.0430,0.8215
28-APR-2026,530175,49.89,52.05,-0.0424,0.0362,0.0363,0.6935
28-APR-2026,530179,29.54,28.14,0.0486,0.0312,0.0313,0.5980
28-APR-2026,530185,4.64,4.56,0.0174,0.0282,0.0281,0.5368
28-APR-2026,530187,4.00,3.90,0.0253,0.0459,0.0458,0.8750
28-APR-2026,530197,435.20,443.05,-0.0179,0.0396,0.0395,0.7546
28-APR-2026,530201,2.62,2.62,0.0000,0.0334,0.0334,0.6381
28-APR-2026,530207,22.95,22.95,0.0000,0.0346,0.0345,0.6591
28-APR-2026,530213,77.99,77.00,0.0128,0.0356,0.0355,0.6782
28-APR-2026,530215,120.05,123.55,-0.0287,0.0306,0.0306,0.5846
28-APR-2026,530217,7.91,8.17,-0.0323,0.0321,0.0321,0.6133
28-APR-2026,530219,261.75,267.05,-0.0200,0.0226,0.0226,0.4318
28-APR-2026,530231,59.64,59.64,0.0000,0.0264,0.0263,0.5025
28-APR-2026,530233,255.75,252.20,0.0140,0.0326,0.0326,0.6228
28-APR-2026,530235,52.83,57.78,-0.0896,0.0362,0.0366,0.6992
28-APR-2026,530245,616.55,601.00,0.0255,0.0287,0.0287,0.5483
28-APR-2026,530249,15.48,15.87,-0.0249,0.0254,0.0254,0.4853
28-APR-2026,530251,0.53,0.53,0.0000,0.0415,0.0414,0.7909
28-APR-2026,530253,14.42,14.50,-0.0055,0.0300,0.0299,0.5712
28-APR-2026,530255,12.31,12.18,0.0106,0.0382,0.0381,0.7279
28-APR-2026,530259,32.97,32.44,0.0162,0.0419,0.0418,0.7986
28-APR-2026,530263,0.54,0.53,0.0187,0.0314,0.0313,0.5980
28-APR-2026,530265,40.72,38.64,0.0524,0.0408,0.0409,0.7814
28-APR-2026,530267,49.64,52.25,-0.0512,0.0368,0.0369,0.7050
28-APR-2026,530271,8.63,8.22,0.0487,0.0340,0.0341,0.6515
28-APR-2026,530281,18.10,18.10,0.0000,0.0364,0.0363,0.6935
28-APR-2026,530289,58.14,60.85,-0.0456,0.0415,0.0415,0.7929
28-APR-2026,530291,46.00,46.00,0.0000,0.0261,0.0261,0.4986
28-APR-2026,530295,23.65,23.65,0.0000,0.0219,0.0219,0.4184
28-APR-2026,530309,14.39,14.46,-0.0049,0.0326,0.0326,0.6228
28-APR-2026,530313,36.18,37.50,-0.0358,0.0423,0.0422,0.8062
28-APR-2026,530315,110.99,111.31,-0.0029,0.0306,0.0306,0.5846
28-APR-2026,530317,114.53,117.98,-0.0297,0.0337,0.0337,0.6438
28-APR-2026,530341,125.50,123.95,0.0124,0.0378,0.0377,0.7203
28-APR-2026,530357,1.31,1.29,0.0154,0.0332,0.0331,0.6324
28-APR-2026,530361,27.17,28.00,-0.0301,0.0358,0.0358,0.6840
28-APR-2026,530369,43.56,41.50,0.0484,0.0425,0.0426,0.8139
28-APR-2026,530401,53.99,52.50,0.0280,0.0334,0.0333,0.6362
28-APR-2026,530405,35.20,35.50,-0.0085,0.0299,0.0299,0.5712
28-APR-2026,530407,42.82,41.15,0.0398,0.0363,0.0363,0.6935
28-APR-2026,530419,39.50,39.81,-0.0078,0.0270,0.0269,0.5139
28-APR-2026,530421,12.50,12.30,0.0161,0.0443,0.0442,0.8444
28-APR-2026,530427,149.60,153.35,-0.0248,0.0428,0.0427,0.8158
28-APR-2026,530429,29.51,31.01,-0.0496,0.0410,0.0411,0.7852
28-APR-2026,530433,42.26,40.70,0.0376,0.0329,0.0330,0.6305
28-APR-2026,530439,4.57,4.64,-0.0152,0.0514,0.0512,0.9782
28-APR-2026,530443,17.50,18.00,-0.0282,0.0363,0.0363,0.6935
28-APR-2026,530445,1.86,1.74,0.0667,0.0396,0.0398,0.7604
28-APR-2026,530449,54.10,53.47,0.0117,0.0321,0.0321,0.6133
28-APR-2026,530457,52.11,52.48,-0.0071,0.0334,0.0333,0.6362
28-APR-2026,530459,31.92,31.29,0.0199,0.0327,0.0327,0.6247
28-APR-2026,530461,13.95,13.86,0.0065,0.0312,0.0311,0.5942
28-APR-2026,530469,36.80,36.80,0.0000,0.0310,0.0310,0.5923
28-APR-2026,530477,151.65,150.35,0.0086,0.0245,0.0244,0.4662
28-APR-2026,530495,58.26,57.12,0.0198,0.0387,0.0386,0.7375
28-APR-2026,530521,525.15,532.45,-0.0138,0.0336,0.0335,0.6400
28-APR-2026,530525,2.35,2.34,0.0043,0.0360,0.0359,0.6859
28-APR-2026,530533,100.00,103.21,-0.0316,0.0373,0.0373,0.7126
28-APR-2026,530537,35.20,34.65,0.0157,0.0188,0.0188,0.3592
28-APR-2026,530545,211.20,187.50,0.1190,0.0290,0.0301,0.5751
28-APR-2026,530547,12.02,12.02,0.0000,0.0296,0.0296,0.5655
28-APR-2026,530557,0.52,0.54,-0.0377,0.0265,0.0266,0.5082
28-APR-2026,530571,9.45,9.00,0.0488,0.0357,0.0358,0.6840
28-APR-2026,530577,55.74,59.00,-0.0568,0.0425,0.0426,0.8139
28-APR-2026,530581,7.75,7.40,0.0462,0.0338,0.0338,0.6457
28-APR-2026,530585,69.82,68.52,0.0188,0.0297,0.0296,0.5655
28-APR-2026,530589,97.99,93.33,0.0487,0.0326,0.0327,0.6247
28-APR-2026,530595,35.05,35.61,-0.0159,0.0443,0.0442,0.8444
28-APR-2026,530601,52.00,52.00,0.0000,0.0326,0.0325,0.6209
28-APR-2026,530615,149.90,148.00,0.0128,0.0338,0.0337,0.6438
28-APR-2026,530617,17.71,18.47,-0.0420,0.0292,0.0293,0.5598
28-APR-2026,530621,90.07,88.04,0.0228,0.0333,0.0333,0.6362
28-APR-2026,530627,197.05,196.50,0.0028,0.0313,0.0312,0.5961
28-APR-2026,530643,437.05,397.35,0.0952,0.0348,0.0354,0.6763
28-APR-2026,530663,0.94,0.96,-0.0211,0.0361,0.0361,0.6897
28-APR-2026,530665,3.23,3.17,0.0188,0.0310,0.0310,0.5923
28-APR-2026,530675,64.58,64.58,0.0000,0.0344,0.0343,0.6553
28-APR-2026,530689,47.15,49.49,-0.0484,0.0399,0.0399,0.7623
28-APR-2026,530695,20.89,20.80,0.0043,0.0385,0.0384,0.7336
28-APR-2026,530697,22.73,23.99,-0.0540,0.0371,0.0372,0.7107
28-APR-2026,530705,59.00,59.00,0.0000,0.0325,0.0325,0.6209
28-APR-2026,530709,82.09,82.00,0.0011,0.0397,0.0396,0.7566
28-APR-2026,530711,54.21,53.20,0.0188,0.0331,0.0330,0.6305
28-APR-2026,530723,126.99,126.99,0.0000,0.0362,0.0361,0.6897
28-APR-2026,530733,12.59,12.00,0.0480,0.0425,0.0425,0.8120
28-APR-2026,530735,31.00,31.00,0.0000,0.0336,0.0335,0.6400
28-APR-2026,530741,141.45,140.25,0.0085,0.0404,0.0404,0.7718
28-APR-2026,530747,20.40,20.70,-0.0146,0.0386,0.0385,0.7355
28-APR-2026,530755,11.50,11.88,-0.0325,0.0496,0.0495,0.9457
28-APR-2026,530757,76.12,72.50,0.0487,0.0148,0.0152,0.2904
28-APR-2026,530765,19.50,19.85,-0.0178,0.0377,0.0377,0.7203
28-APR-2026,530779,25.37,24.77,0.0239,0.0351,0.0350,0.6687
28-APR-2026,530787,54.49,54.49,0.0000,0.0314,0.0313,0.5980
28-APR-2026,530789,192.00,192.00,0.0000,0.0316,0.0315,0.6018
28-APR-2026,530795,14.33,15.06,-0.0497,0.0346,0.0347,0.6629
28-APR-2026,530797,18.44,17.57,0.0483,0.0276,0.0277,0.5292
28-APR-2026,530799,34.66,36.76,-0.0588,0.0357,0.0359,0.6859
28-APR-2026,530805,8.07,8.17,-0.0123,0.0371,0.0370,0.7069
28-APR-2026,530809,30.03,30.00,0.0010,0.0358,0.0357,0.6820
28-APR-2026,530821,13.94,14.63,-0.0483,0.0457,0.0457,0.8731
28-APR-2026,530825,39.65,41.71,-0.0506,0.0325,0.0326,0.6228
28-APR-2026,530829,40.30,38.56,0.0441,0.0328,0.0328,0.6266
28-APR-2026,530839,8.38,8.82,-0.0512,0.0401,0.0402,0.7680
28-APR-2026,530845,871.00,847.10,0.0278,0.0309,0.0309,0.5903
28-APR-2026,530853,83.12,79.17,0.0487,0.0364,0.0365,0.6973
28-APR-2026,530855,90.80,90.12,0.0075,0.0244,0.0244,0.4662
28-APR-2026,530881,7.64,8.04,-0.0510,0.0381,0.0382,0.7298
28-APR-2026,530883,9.27,9.31,-0.0043,0.0345,0.0344,0.6572
28-APR-2026,530897,127.00,135.00,-0.0611,0.0324,0.0326,0.6228
28-APR-2026,530899,56.50,56.99,-0.0086,0.0323,0.0322,0.6152
28-APR-2026,530907,36.90,37.00,-0.0027,0.0245,0.0245,0.4681
28-APR-2026,530909,59.00,59.00,0.0000,0.0284,0.0283,0.5407
28-APR-2026,530917,15.00,15.00,0.0000,0.0192,0.0192,0.3668
28-APR-2026,530921,6.30,6.43,-0.0204,0.0244,0.0244,0.4662
28-APR-2026,530925,96.90,98.10,-0.0123,0.0381,0.0380,0.7260
28-APR-2026,530927,63.48,63.48,0.0000,0.0167,0.0166,0.3171
28-APR-2026,530931,10.90,11.01,-0.0100,0.0378,0.0378,0.7222
28-APR-2026,530951,54.69,55.90,-0.0219,0.0359,0.0359,0.6859
28-APR-2026,530953,81.83,81.15,0.0083,0.0311,0.0310,0.5923
28-APR-2026,530959,27.62,27.09,0.0194,0.0272,0.0272,0.5197
28-APR-2026,530973,73.01,73.01,0.0000,0.0444,0.0443,0.8464
28-APR-2026,530977,156.50,150.00,0.0424,0.0339,0.0339,0.6477
28-APR-2026,530979,32.30,32.76,-0.0141,0.0292,0.0292,0.5579
28-APR-2026,530991,56.59,54.24,0.0424,0.0402,0.0402,0.7680
28-APR-2026,530993,35.11,33.44,0.0487,0.0313,0.0314,0.5999
28-APR-2026,530997,97.22,94.41,0.0293,0.0326,0.0326,0.6228
28-APR-2026,531003,78.00,78.00,0.0000,0.0322,0.0321,0.6133
28-APR-2026,531015,24.93,25.68,-0.0296,0.0336,0.0336,0.6419
28-APR-2026,531017,22.80,23.13,-0.0144,0.0413,0.0412,0.7871
28-APR-2026,531025,0.38,0.38,0.0000,0.0316,0.0315,0.6018
28-APR-2026,531027,17.22,17.22,0.0000,0.0307,0.0306,0.5846
28-APR-2026,531033,15.19,15.75,-0.0362,0.0498,0.0497,0.9495
28-APR-2026,531035,30.56,30.93,-0.0120,0.0370,0.0370,0.7069
28-APR-2026,531041,363.75,370.65,-0.0188,0.0229,0.0229,0.4375
28-APR-2026,531043,26.32,26.32,0.0000,0.0341,0.0340,0.6496
28-APR-2026,531049,19.39,18.50,0.0470,0.0321,0.0322,0.6152
28-APR-2026,531051,13.24,12.61,0.0488,0.0322,0.0323,0.6171
28-APR-2026,531067,27.55,27.90,-0.0126,0.0366,0.0365,0.6973
28-APR-2026,531069,590.75,595.70,-0.0083,0.0335,0.0335,0.6400
28-APR-2026,531083,7.60,7.60,0.0000,0.0376,0.0375,0.7164
28-APR-2026,531091,25.99,25.01,0.0384,0.0432,0.0431,0.8234
28-APR-2026,531099,46.77,49.23,-0.0513,0.0353,0.0354,0.6763
28-APR-2026,531111,37.54,35.76,0.0486,0.0305,0.0306,0.5846
28-APR-2026,531119,253.45,268.00,-0.0558,0.0403,0.0404,0.7718
28-APR-2026,531126,20.16,20.09,0.0035,0.0343,0.0343,0.6553
28-APR-2026,531129,11.85,12.18,-0.0275,0.0350,0.0350,0.6687
28-APR-2026,531137,1.65,1.70,-0.0299,0.0343,0.0343,0.6553
28-APR-2026,531144,15.39,15.25,0.0091,0.0340,0.0339,0.6477
28-APR-2026,531153,2.59,2.60,-0.0039,0.0360,0.0359,0.6859
28-APR-2026,531155,9.25,9.70,-0.0475,0.0352,0.0352,0.6725
28-APR-2026,531156,15.25,15.56,-0.0201,0.0400,0.0399,0.7623
28-APR-2026,531157,21.31,20.30,0.0486,0.0324,0.0325,0.6209
28-APR-2026,531158,19.57,19.59,-0.0010,0.0328,0.0327,0.6247
28-APR-2026,531163,63.52,66.11,-0.0400,0.0357,0.0357,0.6820
28-APR-2026,531168,173.00,180.00,-0.0397,0.0446,0.0446,0.8521
28-APR-2026,531169,96.69,96.40,0.0030,0.0367,0.0366,0.6992
28-APR-2026,531173,50.94,51.14,-0.0039,0.0271,0.0271,0.5177
28-APR-2026,531176,11.17,11.42,-0.0221,0.0334,0.0334,0.6381
28-APR-2026,531178,18.00,17.23,0.0437,0.0450,0.0450,0.8597
28-APR-2026,531190,92.00,88.14,0.0429,0.0324,0.0325,0.6209
28-APR-2026,531199,190.00,183.55,0.0345,0.0424,0.0423,0.8081
28-APR-2026,531203,80.00,81.19,-0.0148,0.0304,0.0303,0.5789
28-APR-2026,531205,0.49,0.49,0.0000,0.0369,0.0368,0.7031
28-APR-2026,531210,46.00,45.00,0.0220,0.0424,0.0423,0.8081
28-APR-2026,531212,44.17,47.06,-0.0634,0.0373,0.0375,0.7164
28-APR-2026,531215,137.25,137.25,0.0000,0.0342,0.0341,0.6515
28-APR-2026,531219,3.00,3.00,0.0000,0.0196,0.0196,0.3745
28-APR-2026,531221,13.00,13.08,-0.0061,0.0369,0.0368,0.7031
28-APR-2026,531223,28.20,27.56,0.0230,0.0321,0.0320,0.6114
28-APR-2026,531227,60.08,57.55,0.0430,0.0393,0.0393,0.7508
28-APR-2026,531228,10.71,10.50,0.0198,0.0150,0.0151,0.2885
28-APR-2026,531233,14.03,13.96,0.0050,0.0310,0.0309,0.5903
28-APR-2026,531234,67.28,69.59,-0.0338,0.0316,0.0316,0.6037
28-APR-2026,531235,43.27,41.21,0.0488,0.0330,0.0331,0.6324
28-APR-2026,531237,331.80,326.00,0.0176,0.0314,0.0313,0.5980
28-APR-2026,531246,16.90,16.20,0.0423,0.0364,0.0364,0.6954
28-APR-2026,531253,359.95,362.95,-0.0083,0.0213,0.0212,0.4050
28-APR-2026,531254,11.98,11.51,0.0400,0.0376,0.0376,0.7183
28-APR-2026,531255,52.70,53.39,-0.0130,0.0513,0.0512,0.9782
28-APR-2026,531257,18.38,17.90,0.0265,0.0369,0.0368,0.7031
28-APR-2026,531262,22.25,21.30,0.0436,0.0285,0.0286,0.5464
28-APR-2026,531268,28.02,28.37,-0.0124,0.0422,0.0421,0.8043
28-APR-2026,531273,1.69,1.68,0.0059,0.0352,0.0351,0.6706
28-APR-2026,531274,40.08,42.18,-0.0511,0.0263,0.0265,0.5063
28-APR-2026,531278,108.59,109.37,-0.0072,0.0320,0.0320,0.6114
28-APR-2026,531279,163.30,168.20,-0.0296,0.0305,0.0305,0.5827
28-APR-2026,531280,64.63,63.42,0.0189,0.0389,0.0388,0.7413
28-APR-2026,531281,96.07,96.21,-0.0015,0.0297,0.0296,0.5655
28-APR-2026,531283,9.40,9.44,-0.0042,0.0274,0.0274,0.5235
28-APR-2026,531286,23.80,23.80,0.0000,0.0222,0.0222,0.4241
28-APR-2026,531287,224.00,226.55,-0.0113,0.0309,0.0308,0.5884
28-APR-2026,531288,15.09,15.55,-0.0300,0.0327,0.0327,0.6247
28-APR-2026,531289,153.25,158.05,-0.0308,0.0339,0.0339,0.6477
28-APR-2026,531297,64.18,63.96,0.0034,0.0282,0.0281,0.5368
28-APR-2026,531301,167.10,167.00,0.0006,0.0324,0.0323,0.6171
28-APR-2026,531304,23.50,22.40,0.0479,0.0314,0.0315,0.6018
28-APR-2026,531306,592.75,592.05,0.0012,0.0257,0.0257,0.4910
28-APR-2026,531314,14.30,14.50,-0.0139,0.0320,0.0320,0.6114
28-APR-2026,531319,36.56,37.62,-0.0286,0.0372,0.0372,0.7107
28-APR-2026,531323,13.05,13.05,0.0000,0.0319,0.0318,0.6075
28-APR-2026,531324,22.50,22.50,0.0000,0.0315,0.0315,0.6018
28-APR-2026,531328,0.58,0.56,0.0351,0.0429,0.0429,0.8196
28-APR-2026,531334,28.52,28.52,0.0000,0.0264,0.0264,0.5044
28-APR-2026,531338,18.00,18.00,0.0000,0.0295,0.0294,0.5617
28-APR-2026,531340,69.99,72.00,-0.0283,0.0315,0.0315,0.6018
28-APR-2026,531341,20.82,20.82,0.0000,0.0315,0.0314,0.5999
28-APR-2026,531346,28.50,29.27,-0.0267,0.0375,0.0375,0.7164
28-APR-2026,531352,22.00,21.99,0.0005,0.0326,0.0325,0.6209
28-APR-2026,531357,31.90,32.57,-0.0208,0.0376,0.0375,0.7164
28-APR-2026,531359,327.35,319.00,0.0258,0.0341,0.0341,0.6515
28-APR-2026,531360,32.36,32.36,0.0000,0.0359,0.0358,0.6840
28-APR-2026,531364,235.05,235.05,0.0000,0.0340,0.0339,0.6477
28-APR-2026,531370,6.58,6.71,-0.0196,0.0453,0.0452,0.8635
28-APR-2026,531380,99.25,95.00,0.0438,0.0446,0.0446,0.8521
28-APR-2026,531387,8.00,8.14,-0.0173,0.0137,0.0137,0.2617
28-APR-2026,531390,65.71,66.24,-0.0080,0.0329,0.0328,0.6266
28-APR-2026,531395,1.03,1.08,-0.0474,0.0351,0.0351,0.6706
28-APR-2026,531396,9.24,9.24,0.0000,0.0329,0.0328,0.6266
28-APR-2026,531397,20.14,19.19,0.0483,0.0349,0.0350,0.6687
28-APR-2026,531398,129.75,128.05,0.0132,0.0343,0.0343,0.6553
28-APR-2026,531399,171.70,169.50,0.0129,0.0340,0.0339,0.6477
28-APR-2026,531402,15.97,16.44,-0.0290,0.0326,0.0325,0.6209
28-APR-2026,531411,1.16,1.13,0.0262,0.0314,0.0314,0.5999
28-APR-2026,531412,182.25,187.80,-0.0300,0.0262,0.0262,0.5006
28-APR-2026,531413,26.00,26.00,0.0000,0.0298,0.0297,0.5674
28-APR-2026,531416,34.34,36.04,-0.0483,0.0389,0.0389,0.7432
28-APR-2026,531417,3.82,3.64,0.0483,0.0402,0.0403,0.7699
28-APR-2026,531432,14.31,13.63,0.0487,0.0397,0.0397,0.7585
28-APR-2026,531433,3.62,3.45,0.0481,0.0334,0.0335,0.6400
28-APR-2026,531436,32.00,31.59,0.0129,0.0384,0.0383,0.7317
28-APR-2026,531437,24.18,23.92,0.0108,0.0330,0.0329,0.6286
28-APR-2026,531441,18.00,18.00,0.0000,0.0298,0.0297,0.5674
28-APR-2026,531454,19.24,20.47,-0.0620,0.0344,0.0346,0.6610
28-APR-2026,531456,1.49,1.46,0.0203,0.0439,0.0438,0.8368
28-APR-2026,531458,6.26,6.26,0.0000,0.0321,0.0320,0.6114
28-APR-2026,531460,8.82,8.65,0.0195,0.0388,0.0387,0.7394
28-APR-2026,531463,25.69,25.19,0.0197,0.1474,0.1470,2.8084
28-APR-2026,531465,0.49,0.49,0.0000,0.0068,0.0068,0.1299
28-APR-2026,531471,18.50,19.27,-0.0408,0.0370,0.0370,0.7069
28-APR-2026,531472,47.62,46.26,0.0290,0.0404,0.0404,0.7718
28-APR-2026,531486,2.80,2.80,0.0000,0.0320,0.0320,0.6114
28-APR-2026,531489,206.15,203.25,0.0142,0.0317,0.0316,0.6037
28-APR-2026,531499,1.85,1.81,0.0219,0.0340,0.0340,0.6496
28-APR-2026,531502,11.25,11.03,0.0197,0.0178,0.0179,0.3420
28-APR-2026,531503,30.44,30.44,0.0000,0.0349,0.0348,0.6649
28-APR-2026,531505,26.03,27.40,-0.0513,0.0317,0.0319,0.6094
28-APR-2026,531506,46.96,46.97,-0.0002,0.0329,0.0328,0.6266
28-APR-2026,531509,33.30,35.00,-0.0498,0.0324,0.0325,0.6209
28-APR-2026,531512,18.74,18.00,0.0403,0.0377,0.0377,0.7203
28-APR-2026,531518,0.30,0.30,0.0000,0.0348,0.0347,0.6629
28-APR-2026,531521,22.50,23.40,-0.0392,0.0248,0.0249,0.4757
28-APR-2026,531525,143.80,145.10,-0.0090,0.0285,0.0284,0.5426
28-APR-2026,531529,1.77,1.76,0.0057,0.0324,0.0323,0.6171
28-APR-2026,531533,53.96,51.60,0.0447,0.0337,0.0338,0.6457
28-APR-2026,531537,150.00,150.00,0.0000,0.0331,0.0330,0.6305
28-APR-2026,531539,36.99,35.97,0.0280,0.0419,0.0419,0.8005
28-APR-2026,531540,12.94,12.48,0.0362,0.0315,0.0315,0.6018
28-APR-2026,531550,183.00,180.45,0.0140,0.0353,0.0352,0.6725
28-APR-2026,531552,14.75,14.90,-0.0101,0.0325,0.0325,0.6209
28-APR-2026,531553,24.02,24.02,0.0000,0.0446,0.0445,0.8502
28-APR-2026,531557,51.82,49.36,0.0486,0.0410,0.0410,0.7833
28-APR-2026,531568,6.12,6.31,-0.0306,0.0355,0.0354,0.6763
28-APR-2026,531569,164.05,167.05,-0.0181,0.0329,0.0329,0.6286
28-APR-2026,531572,64.82,61.74,0.0487,0.0288,0.0289,0.5521
28-APR-2026,531574,10.00,9.90,0.0101,0.0359,0.0358,0.6840
28-APR-2026,531578,8.50,8.10,0.0482,0.0390,0.0391,0.7470
28-APR-2026,531582,39.81,37.93,0.0484,0.0373,0.0373,0.7126
28-APR-2026,531583,39.54,38.67,0.0222,0.0373,0.0373,0.7126
28-APR-2026,531585,8.51,8.95,-0.0504,0.0316,0.0317,0.6056
28-APR-2026,531591,19.19,19.01,0.0094,0.0246,0.0245,0.4681
28-APR-2026,531592,1.30,1.28,0.0155,0.0354,0.0353,0.6744
28-APR-2026,531594,13.27,13.27,0.0000,0.0372,0.0371,0.7088
28-APR-2026,531600,64.20,64.20,0.0000,0.0245,0.0245,0.4681
28-APR-2026,531608,53.47,52.74,0.0137,0.0479,0.0478,0.9132
28-APR-2026,531609,200.25,200.25,0.0000,0.0377,0.0376,0.7183
28-APR-2026,531616,48.11,48.11,0.0000,0.0291,0.0291,0.5560
28-APR-2026,531626,5.76,5.93,-0.0291,0.0323,0.0323,0.6171
28-APR-2026,531628,30.32,30.79,-0.0154,0.0297,0.0297,0.5674
28-APR-2026,531635,85.00,85.11,-0.0013,0.0323,0.0322,0.6152
28-APR-2026,531640,12.57,12.57,0.0000,0.0184,0.0183,0.3496
28-APR-2026,531644,20.61,20.69,-0.0039,0.0445,0.0444,0.8483
28-APR-2026,531651,62.50,65.65,-0.0492,0.0330,0.0331,0.6324
28-APR-2026,531652,86.94,78.26,0.1052,0.0385,0.0391,0.7470
28-APR-2026,531658,10.74,10.58,0.0150,0.0278,0.0277,0.5292
28-APR-2026,531661,11.99,11.95,0.0033,0.0494,0.0493,0.9419
28-APR-2026,531663,8.27,7.88,0.0483,0.0374,0.0375,0.7164
28-APR-2026,531667,28.50,28.50,0.0000,0.0385,0.0385,0.7355
28-APR-2026,531668,2.90,3.10,-0.0667,0.0473,0.0474,0.9056
28-APR-2026,531671,1.74,1.76,-0.0114,0.0335,0.0334,0.6381
28-APR-2026,531672,22.01,22.93,-0.0409,0.0408,0.0408,0.7795
28-APR-2026,531673,27.33,26.03,0.0487,0.0345,0.0346,0.6610
28-APR-2026,531676,280.85,267.50,0.0487,0.0250,0.0252,0.4814
28-APR-2026,531680,19.55,18.62,0.0487,0.0425,0.0425,0.8120
28-APR-2026,531681,0.68,0.71,-0.0432,0.0445,0.0445,0.8502
28-APR-2026,531685,4.35,4.15,0.0471,0.0116,0.0121,0.2312
28-APR-2026,531688,117.84,116.34,0.0128,0.0396,0.0395,0.7546
28-APR-2026,531692,2.91,3.00,-0.0305,0.0391,0.0390,0.7451
28-APR-2026,531694,46.00,45.68,0.0070,0.0352,0.0351,0.6706
28-APR-2026,531716,2.01,1.92,0.0458,0.0369,0.0370,0.7069
28-APR-2026,531726,116.13,116.63,-0.0043,0.0307,0.0306,0.5846
28-APR-2026,531735,26.96,26.96,0.0000,0.0108,0.0108,0.2063
28-APR-2026,531737,0.51,0.51,0.0000,0.0131,0.0130,0.2484
28-APR-2026,531739,10.32,10.30,0.0019,0.0346,0.0345,0.6591
28-APR-2026,531743,204.40,204.40,0.0000,0.0170,0.0169,0.3229
28-APR-2026,531744,57.53,57.18,0.0061,0.0417,0.0416,0.7948
28-APR-2026,531752,0.47,0.49,-0.0417,0.0313,0.0313,0.5980
28-APR-2026,531758,12.43,11.28,0.0971,0.0460,0.0464,0.8865
28-APR-2026,531762,20.85,20.95,-0.0048,0.0343,0.0343,0.6553
28-APR-2026,531769,4.89,4.82,0.0144,0.0299,0.0299,0.5712
28-APR-2026,531771,165.30,163.60,0.0103,0.0255,0.0255,0.4872
28-APR-2026,531778,28.99,29.58,-0.0201,0.0397,0.0396,0.7566
28-APR-2026,531779,14.00,14.00,0.0000,0.0387,0.0386,0.7375
28-APR-2026,531780,5.33,5.25,0.0151,0.0330,0.0329,0.6286
28-APR-2026,531784,1.33,1.29,0.0305,0.0271,0.0271,0.5177
28-APR-2026,531797,128.25,127.55,0.0055,0.0362,0.0361,0.6897
28-APR-2026,531802,23.18,21.90,0.0568,0.0310,0.0312,0.5961
28-APR-2026,531810,59.03,59.94,-0.0153,0.0331,0.0330,0.6305
28-APR-2026,531812,0.58,0.58,0.0000,0.0329,0.0328,0.6266
28-APR-2026,531813,70.00,72.00,-0.0282,0.0253,0.0254,0.4853
28-APR-2026,531814,9.38,9.14,0.0259,0.0363,0.0362,0.6916
28-APR-2026,531821,25.39,25.39,0.0000,0.0331,0.0330,0.6305
28-APR-2026,531822,172.00,172.85,-0.0049,0.0440,0.0439,0.8387
28-APR-2026,531834,15.75,15.00,0.0488,0.0431,0.0431,0.8234
28-APR-2026,531840,26.04,25.66,0.0147,0.0368,0.0367,0.7012
28-APR-2026,531841,82.00,80.61,0.0171,0.0372,0.0371,0.7088
28-APR-2026,531846,13.29,13.40,-0.0082,0.0426,0.0425,0.8120
28-APR-2026,531859,133.80,137.60,-0.0280,0.0322,0.0321,0.6133
28-APR-2026,531861,49.12,48.94,0.0037,0.0278,0.0278,0.5311
28-APR-2026,531862,29.47,28.60,0.0300,0.0279,0.0279,0.5330
28-APR-2026,531867,3.56,3.71,-0.0413,0.0344,0.0345,0.6591
28-APR-2026,531869,3.94,3.97,-0.0076,0.0309,0.0309,0.5903
28-APR-2026,531870,18.42,18.58,-0.0086,0.0328,0.0327,0.6247
28-APR-2026,531878,9.65,10.07,-0.0426,0.0361,0.0362,0.6916
28-APR-2026,531885,8.13,8.13,0.0000,0.0003,0.0003,0.0057
28-APR-2026,531888,72.45,69.71,0.0386,0.0282,0.0282,0.5388
28-APR-2026,531889,35.82,36.93,-0.0305,0.0392,0.0392,0.7489
28-APR-2026,531893,0.38,0.38,0.0000,0.0319,0.0318,0.6075
28-APR-2026,531900,26.50,25.73,0.0295,0.0424,0.0423,0.8081
28-APR-2026,531902,23.00,23.04,-0.0017,0.0427,0.0426,0.8139
28-APR-2026,531909,1.82,1.89,-0.0377,0.0345,0.0346,0.6610
28-APR-2026,531910,242.00,247.75,-0.0235,0.0399,0.0398,0.7604
28-APR-2026,531911,49.99,51.07,-0.0214,0.0363,0.0362,0.6916
28-APR-2026,531913,16.24,15.66,0.0364,0.0309,0.0310,0.5923
28-APR-2026,531918,106.50,112.10,-0.0512,0.0374,0.0375,0.7164
28-APR-2026,531923,118.15,121.55,-0.0284,0.0307,0.0307,0.5865
28-APR-2026,531925,1.20,1.20,0.0000,0.0537,0.0536,1.0240
28-APR-2026,531928,11.21,10.68,0.0484,0.0201,0.0204,0.3897
28-APR-2026,531930,27.43,27.00,0.0158,0.0464,0.0463,0.8846
28-APR-2026,531931,195.70,202.40,-0.0337,0.0338,0.0338,0.6457
28-APR-2026,531944,18.88,20.97,-0.1050,0.0367,0.0374,0.7145
28-APR-2026,531950,3.10,3.12,-0.0064,0.0325,0.0324,0.6190
28-APR-2026,531952,64.85,65.40,-0.0084,0.0299,0.0299,0.5712
28-APR-2026,531959,1.99,2.00,-0.0050,0.0342,0.0341,0.6515
28-APR-2026,531962,43.26,43.58,-0.0074,0.0409,0.0408,0.7795
28-APR-2026,531968,39.16,43.49,-0.1049,0.0487,0.0491,0.9381
28-APR-2026,531971,161.20,169.65,-0.0511,0.0148,0.0152,0.2904
28-APR-2026,531977,7.38,6.63,0.1072,0.0372,0.0378,0.7222
28-APR-2026,531979,102.95,104.82,-0.0180,0.0329,0.0328,0.6266
28-APR-2026,531982,13.35,13.00,0.0266,0.0346,0.0346,0.6610
28-APR-2026,531989,36.91,36.91,0.0000,0.0295,0.0295,0.5636
28-APR-2026,531991,0.58,0.58,0.0000,0.0410,0.0409,0.7814
28-APR-2026,531994,177.75,174.95,0.0159,0.0297,0.0297,0.5674
28-APR-2026,531996,8.29,8.50,-0.0250,0.0385,0.0385,0.7355
28-APR-2026,531997,44.06,43.60,0.0105,0.0333,0.0333,0.6362
28-APR-2026,532001,54.50,54.80,-0.0055,0.0373,0.0372,0.7107
28-APR-2026,532005,43.50,43.00,0.0116,0.0386,0.0385,0.7355
28-APR-2026,532007,33.08,34.82,-0.0513,0.0298,0.0300,0.5731
28-APR-2026,532011,84.93,89.40,-0.0513,0.0411,0.0412,0.7871
28-APR-2026,532015,14.31,15.06,-0.0511,0.0387,0.0388,0.7413
28-APR-2026,532016,230.50,242.60,-0.0512,0.0340,0.0341,0.6515
28-APR-2026,532024,13.69,13.69,0.0000,0.0070,0.0070,0.1337
28-APR-2026,532039,45.43,46.70,-0.0276,0.0283,0.0283,0.5407
28-APR-2026,532041,9.21,9.21,0.0000,0.0371,0.0370,0.7069
28-APR-2026,532042,37.25,36.10,0.0314,0.0360,0.0360,0.6878
28-APR-2026,532053,76.68,75.01,0.0220,0.0375,0.0375,0.7164
28-APR-2026,532056,170.00,170.55,-0.0032,0.0342,0.0341,0.6515
28-APR-2026,532057,116.00,116.40,-0.0034,0.0390,0.0389,0.7432
28-APR-2026,532070,167.85,161.75,0.0370,0.0327,0.0327,0.6247
28-APR-2026,532078,30.23,30.23,0.0000,0.0207,0.0206,0.3936
28-APR-2026,532083,3.28,3.28,0.0000,0.0028,0.0028,0.0535
28-APR-2026,532090,25.55,24.52,0.0411,0.0308,0.0308,0.5884
28-APR-2026,532092,1.99,1.96,0.0152,0.0348,0.0348,0.6649
28-APR-2026,532100,11.35,11.44,-0.0079,0.0419,0.0418,0.7986
28-APR-2026,532102,30.02,30.00,0.0007,0.0319,0.0318,0.6075
28-APR-2026,532113,11.31,11.90,-0.0509,0.0406,0.0407,0.7776
28-APR-2026,532123,4.66,4.70,-0.0085,0.0348,0.0348,0.6649
28-APR-2026,532124,22.38,22.38,0.0000,0.0369,0.0368,0.7031
28-APR-2026,532131,20.78,21.87,-0.0511,0.0406,0.0406,0.7757
28-APR-2026,532140,2.55,2.55,0.0000,0.0398,0.0397,0.7585
28-APR-2026,532145,11.72,11.79,-0.0060,0.0350,0.0349,0.6668
28-APR-2026,532154,0.60,0.62,-0.0328,0.0358,0.0358,0.6840
28-APR-2026,532159,9.34,9.54,-0.0212,0.0411,0.0411,0.7852
28-APR-2026,532160,10.80,11.00,-0.0183,0.0265,0.0264,0.5044
28-APR-2026,532167,28.03,28.03,0.0000,0.0104,0.0103,0.1968
28-APR-2026,532183,9.47,9.64,-0.0178,0.0331,0.0330,0.6305
28-APR-2026,532217,28.10,29.57,-0.0510,0.0342,0.0343,0.6553
28-APR-2026,532230,153.00,158.90,-0.0378,0.0272,0.0273,0.5216
28-APR-2026,532262,1571.95,1574.90,-0.0019,0.0243,0.0242,0.4623
28-APR-2026,532275,2.07,2.13,-0.0286,0.0313,0.0313,0.5980
28-APR-2026,532284,29.85,29.70,0.0050,0.0309,0.0308,0.5884
28-APR-2026,532303,3.62,3.61,0.0028,0.0539,0.0538,1.0278
28-APR-2026,532304,53.94,55.00,-0.0195,0.0430,0.0429,0.8196
28-APR-2026,532315,6.60,6.18,0.0658,0.0403,0.0405,0.7738
28-APR-2026,532320,9.50,9.00,0.0541,0.0395,0.0396,0.7566
28-APR-2026,532323,20.45,19.85,0.0298,0.0293,0.0293,0.5598
28-APR-2026,532329,767.60,748.65,0.0250,0.0401,0.0400,0.7642
28-APR-2026,532333,64.40,62.82,0.0248,0.0300,0.0299,0.5712
28-APR-2026,532340,3.48,3.62,-0.0394,0.0475,0.0475,0.9075
28-APR-2026,532344,196.90,196.95,-0.0003,0.0315,0.0314,0.5999
28-APR-2026,532350,4.49,4.34,0.0340,0.0333,0.0333,0.6362
28-APR-2026,532354,6.20,6.20,0.0000,0.0449,0.0447,0.8540
28-APR-2026,532355,7.40,7.77,-0.0488,0.0462,0.0462,0.8826
28-APR-2026,532359,3.69,3.52,0.0472,0.0384,0.0385,0.7355
28-APR-2026,532362,156.80,157.40,-0.0038,0.0366,0.0365,0.6973
28-APR-2026,532373,23.45,22.46,0.0431,0.0298,0.0299,0.5712
28-APR-2026,532378,5.40,5.00,0.0770,0.0510,0.0512,0.9782
28-APR-2026,532379,6.72,6.75,-0.0045,0.0407,0.0406,0.7757
28-APR-2026,532380,13.83,14.41,-0.0411,0.0333,0.0334,0.6381
28-APR-2026,532384,123.17,128.95,-0.0459,0.0254,0.0256,0.4891
28-APR-2026,532397,12.45,11.86,0.0485,0.0373,0.0373,0.7126
28-APR-2026,532402,11.62,11.39,0.0200,0.0426,0.0426,0.8139
28-APR-2026,532404,39.17,38.89,0.0072,0.0224,0.0223,0.4260
28-APR-2026,532410,26.24,27.25,-0.0378,0.0326,0.0326,0.6228
28-APR-2026,532425,25.98,25.64,0.0132,0.0417,0.0416,0.7948
28-APR-2026,532435,7.49,7.39,0.0134,0.0333,0.0332,0.6343
28-APR-2026,532455,18.66,19.20,-0.0285,0.0335,0.0335,0.6400
28-APR-2026,532467,27.93,28.04,-0.0039,0.0341,0.0341,0.6515
28-APR-2026,532470,96.09,96.09,0.0000,0.0193,0.0192,0.3668
28-APR-2026,532645,2.82,2.71,0.0398,0.0502,0.0502,0.9591
28-APR-2026,532656,2.86,2.90,-0.0139,0.0351,0.0350,0.6687
28-APR-2026,532676,11.53,11.42,0.0096,0.0417,0.0416,0.7948
28-APR-2026,532701,15.79,15.04,0.0487,0.0318,0.0319,0.6094
28-APR-2026,532723,39.10,39.67,-0.0145,0.0393,0.0392,0.7489
28-APR-2026,532744,9.85,9.45,0.0415,0.0397,0.0397,0.7585
28-APR-2026,532806,33.69,32.09,0.0487,0.0483,0.0483,0.9228
28-APR-2026,532820,14.14,13.97,0.0121,0.0351,0.0350,0.6687
28-APR-2026,532825,5.15,4.95,0.0396,0.0421,0.0421,0.8043
28-APR-2026,532829,214.65,214.45,0.0009,0.0286,0.0285,0.5445
28-APR-2026,532855,153.60,158.00,-0.0282,0.0340,0.0339,0.6477
28-APR-2026,532879,284.00,288.00,-0.0140,0.0333,0.0333,0.6362
28-APR-2026,532893,77.93,76.46,0.0190,0.0407,0.0406,0.7757
28-APR-2026,532911,5.11,5.14,-0.0059,0.0347,0.0346,0.6610
28-APR-2026,532918,25.30,24.49,0.0325,0.0321,0.0322,0.6152
28-APR-2026,532933,52.12,51.14,0.0190,0.0308,0.0307,0.5865
28-APR-2026,532957,66.00,66.51,-0.0077,0.0362,0.0361,0.6897
28-APR-2026,532975,13.22,12.90,0.0245,0.0395,0.0394,0.7527
28-APR-2026,532985,83.37,84.27,-0.0107,0.0102,0.0102,0.1949
28-APR-2026,532992,31.00,31.99,-0.0314,0.0384,0.0384,0.7336
28-APR-2026,533007,8.12,8.00,0.0149,0.0338,0.0337,0.6438
28-APR-2026,533019,1621.00,1695.95,-0.0452,0.0323,0.0324,0.6190
28-APR-2026,533056,21.58,21.20,0.0178,0.0296,0.0295,0.5636
28-APR-2026,533100,7.36,7.09,0.0374,0.0299,0.0299,0.5712
28-APR-2026,533101,123.45,128.30,-0.0385,0.0363,0.0363,0.6935
28-APR-2026,533110,13.21,12.59,0.0481,0.0392,0.0392,0.7489
28-APR-2026,533149,8.47,7.50,0.1216,0.0542,0.0548,1.0470
28-APR-2026,533167,91.75,89.96,0.0197,0.0309,0.0308,0.5884
28-APR-2026,533202,3.88,3.68,0.0529,0.0356,0.0357,0.6820
28-APR-2026,533212,67.17,67.50,-0.0049,0.0392,0.0391,0.7470
28-APR-2026,533268,3.60,3.61,-0.0028,0.0412,0.0411,0.7852
28-APR-2026,533285,31.49,33.14,-0.0511,0.0395,0.0396,0.7566
28-APR-2026,533289,65.53,67.50,-0.0296,0.0369,0.0369,0.7050
28-APR-2026,533315,87.24,86.57,0.0077,0.0377,0.0376,0.7183
28-APR-2026,533407,147.55,140.55,0.0486,0.0379,0.0380,0.7260
28-APR-2026,533427,25.51,25.73,-0.0086,0.0355,0.0355,0.6782
28-APR-2026,533477,410.55,410.60,-0.0001,0.0217,0.0216,0.4127
28-APR-2026,533602,0.96,0.96,0.0000,0.0275,0.0274,0.5235
28-APR-2026,533608,164.95,164.85,0.0006,0.0272,0.0272,0.5197
28-APR-2026,533896,17.55,18.08,-0.0298,0.0417,0.0416,0.7948
28-APR-2026,534060,1.95,1.97,-0.0102,0.0334,0.0333,0.6362
28-APR-2026,534063,37.25,39.15,-0.0497,0.0446,0.0446,0.8521
28-APR-2026,534064,1.61,1.60,0.0062,0.0343,0.0342,0.6534
28-APR-2026,534190,2.98,3.12,-0.0459,0.0496,0.0496,0.9476
28-APR-2026,534338,12.24,11.48,0.0641,0.0369,0.0371,0.7088
28-APR-2026,534422,6.13,5.98,0.0248,0.0361,0.0360,0.6878
28-APR-2026,534535,9.60,9.15,0.0480,0.1893,0.1889,3.6089
28-APR-2026,534612,19.66,19.35,0.0159,0.0344,0.0343,0.6553
28-APR-2026,534623,65.35,67.08,-0.0261,0.0373,0.0373,0.7126
28-APR-2026,534639,25.24,25.25,-0.0004,0.0374,0.0373,0.7126
28-APR-2026,534691,17.80,18.16,-0.0200,0.0390,0.0389,0.7432
28-APR-2026,534732,41.38,39.73,0.0407,0.0361,0.0361,0.6897
28-APR-2026,534733,23.44,23.00,0.0189,0.0304,0.0304,0.5808
28-APR-2026,534741,0.56,0.57,-0.0177,0.0333,0.0333,0.6362
28-APR-2026,534755,1.06,0.99,0.0683,0.0485,0.0486,0.9285
28-APR-2026,534796,192.15,183.00,0.0488,0.0307,0.0308,0.5884
28-APR-2026,534920,77.49,77.15,0.0044,0.0204,0.0204,0.3897
28-APR-2026,535204,2.75,2.75,0.0000,0.0470,0.0469,0.8960
28-APR-2026,535205,3.54,3.72,-0.0496,0.0380,0.0380,0.7260
28-APR-2026,535267,7.93,7.78,0.0191,0.0257,0.0257,0.4910
28-APR-2026,535276,851.68,857.66,-0.0070,0.0089,0.0089,0.1700
28-APR-2026,535387,74.00,71.17,0.0390,0.0379,0.0379,0.7241
28-APR-2026,535431,0.68,0.68,0.0000,0.0303,0.0302,0.5770
28-APR-2026,535514,7.86,7.49,0.0482,0.0309,0.0310,0.5923
28-APR-2026,535566,116.05,114.25,0.0156,0.0409,0.0408,0.7795
28-APR-2026,535620,285.05,298.30,-0.0454,0.0443,0.0443,0.8464
28-APR-2026,535621,152.35,154.50,-0.0140,0.0396,0.0395,0.7546
28-APR-2026,535657,7.86,7.88,-0.0025,0.0438,0.0437,0.8349
28-APR-2026,535667,185.10,192.15,-0.0374,0.0470,0.0469,0.8960
28-APR-2026,535693,154.00,153.75,0.0016,0.0301,0.0300,0.5731
28-APR-2026,535719,39.67,37.79,0.0486,0.0384,0.0385,0.7355
28-APR-2026,535730,0.54,0.54,0.0000,0.0321,0.0321,0.6133
28-APR-2026,535910,0.68,0.69,-0.0146,0.0336,0.0336,0.6419
28-APR-2026,535916,59.57,59.76,-0.0032,0.0390,0.0389,0.7432
28-APR-2026,536073,1.64,1.70,-0.0359,0.0334,0.0334,0.6381
28-APR-2026,536493,349.00,359.00,-0.0283,0.0295,0.0295,0.5636
28-APR-2026,536565,55.53,56.09,-0.0100,0.0320,0.0319,0.6094
28-APR-2026,536659,3.73,3.98,-0.0649,0.0303,0.0305,0.5827
28-APR-2026,536672,7.96,8.01,-0.0063,0.0337,0.0336,0.6419
28-APR-2026,536709,12.14,12.01,0.0108,0.0291,0.0290,0.5540
28-APR-2026,536974,81.87,78.19,0.0460,0.0308,0.0309,0.5903
28-APR-2026,537069,13.65,13.56,0.0066,0.0305,0.0304,0.5808
28-APR-2026,537253,62.28,62.20,0.0013,0.0329,0.0328,0.6266
28-APR-2026,537254,243.99,232.38,0.0488,0.2517,0.2511,4.7973
28-APR-2026,537326,91.17,90.14,0.0114,0.0316,0.0315,0.6018
28-APR-2026,537536,78.95,76.93,0.0259,0.0286,0.0286,0.5464
28-APR-2026,537707,0.79,0.82,-0.0373,0.0411,0.0411,0.7852
28-APR-2026,537709,4.25,4.25,0.0000,0.0276,0.0275,0.5254
28-APR-2026,537766,2.15,2.14,0.0047,0.0378,0.0377,0.7203
28-APR-2026,537800,0.67,0.69,-0.0294,0.0344,0.0343,0.6553
28-APR-2026,537839,92.40,94.71,-0.0247,0.0363,0.0362,0.6916
28-APR-2026,537840,48.29,48.75,-0.0095,0.0315,0.0315,0.6018
28-APR-2026,537985,18.29,17.50,0.0442,0.0406,0.0406,0.7757
28-APR-2026,538081,5.50,5.46,0.0073,0.0439,0.0438,0.8368
28-APR-2026,538092,99.25,97.00,0.0229,0.0305,0.0305,0.5827
28-APR-2026,538212,0.40,0.40,0.0000,0.0364,0.0363,0.6935
28-APR-2026,538273,23.28,24.00,-0.0305,0.0415,0.0415,0.7929
28-APR-2026,538351,1.92,1.88,0.0211,0.0333,0.0332,0.6343
28-APR-2026,538382,93.50,93.20,0.0032,0.0297,0.0296,0.5655
28-APR-2026,538395,78.28,74.56,0.0487,0.0348,0.0349,0.6668
28-APR-2026,538401,139.45,137.10,0.0170,0.0361,0.0361,0.6897
28-APR-2026,538422,0.46,0.47,-0.0215,0.0342,0.0342,0.6534
28-APR-2026,538451,5.47,5.29,0.0335,0.0845,0.0843,1.6105
28-APR-2026,538464,4.01,4.20,-0.0463,0.0441,0.0441,0.8425
28-APR-2026,538465,14.12,14.24,-0.0085,0.0422,0.0421,0.8043
28-APR-2026,538476,17.24,17.30,-0.0035,0.0345,0.0344,0.6572
28-APR-2026,538520,1.56,1.64,-0.0500,0.0273,0.0275,0.5254
28-APR-2026,538521,113.01,114.92,-0.0168,0.0309,0.0308,0.5884
28-APR-2026,538539,10.74,10.58,0.0150,0.0368,0.0367,0.7012
28-APR-2026,538540,12.19,12.42,-0.0187,0.0315,0.0314,0.5999
28-APR-2026,538546,122.40,118.95,0.0286,0.0277,0.0277,0.5292
28-APR-2026,538556,104.30,104.90,-0.0057,0.0319,0.0318,0.6075
28-APR-2026,538563,459.50,442.00,0.0388,0.0198,0.0200,0.3821
28-APR-2026,538564,292.20,293.05,-0.0029,0.0259,0.0258,0.4929
28-APR-2026,538565,210.10,200.10,0.0488,0.0351,0.0351,0.6706
28-APR-2026,538568,38.81,37.25,0.0410,0.0332,0.0333,0.6362
28-APR-2026,538569,1.09,1.08,0.0092,0.0444,0.0443,0.8464
28-APR-2026,538596,4.99,4.77,0.0451,0.0330,0.0331,0.6324
28-APR-2026,538597,9.85,10.18,-0.0330,0.0332,0.0332,0.6343
28-APR-2026,538598,23.35,22.68,0.0291,0.0330,0.0330,0.6305
28-APR-2026,538607,0.88,0.89,-0.0113,0.0343,0.0342,0.6534
28-APR-2026,538609,69.91,69.47,0.0063,0.0419,0.0418,0.7986
28-APR-2026,538610,1.06,1.09,-0.0279,0.0406,0.0406,0.7757
28-APR-2026,538611,61.74,58.80,0.0488,0.0309,0.0310,0.5923
28-APR-2026,538634,130.50,135.80,-0.0398,0.0316,0.0316,0.6037
28-APR-2026,538646,41.05,41.40,-0.0085,0.0328,0.0327,0.6247
28-APR-2026,538647,39.78,44.20,-0.1054,0.0343,0.0350,0.6687
28-APR-2026,538652,3.81,3.81,0.0000,0.0004,0.0004,0.0076
28-APR-2026,538668,746.85,730.85,0.0217,0.0283,0.0283,0.5407
28-APR-2026,538674,8.52,8.59,-0.0082,0.0334,0.0333,0.6362
28-APR-2026,538683,878.95,884.48,-0.0063,0.0086,0.0086,0.1643
28-APR-2026,538706,7.65,7.65,0.0000,0.0288,0.0287,0.5483
28-APR-2026,538707,35.73,34.34,0.0397,0.0347,0.0347,0.6629
28-APR-2026,538708,7.79,7.43,0.0473,0.0314,0.0315,0.6018
28-APR-2026,538713,200.85,200.85,0.0000,0.0365,0.0364,0.6954
28-APR-2026,538714,39.16,38.81,0.0090,0.0383,0.0382,0.7298
28-APR-2026,538715,383.60,369.25,0.0381,0.0320,0.0320,0.6114
28-APR-2026,538716,428.30,423.35,0.0116,0.0275,0.0275,0.5254
28-APR-2026,538732,51.07,48.33,0.0551,0.0326,0.0328,0.6266
28-APR-2026,538742,29.04,29.01,0.0010,0.0383,0.0382,0.7298
28-APR-2026,538743,11.98,11.98,0.0000,0.0299,0.0298,0.5693
28-APR-2026,538770,14.57,14.16,0.0285,0.0436,0.0436,0.8330
28-APR-2026,538772,47.35,47.79,-0.0092,0.0368,0.0367,0.7012
28-APR-2026,538777,53.71,54.80,-0.0201,0.0155,0.0155,0.2961
28-APR-2026,538778,7.00,6.84,0.0231,0.0329,0.0329,0.6286
28-APR-2026,538787,10.18,10.37,-0.0185,0.0431,0.0430,0.8215
28-APR-2026,538788,12.62,12.83,-0.0165,0.0302,0.0302,0.5770
28-APR-2026,538817,12.16,13.16,-0.0790,0.0304,0.0309,0.5903
28-APR-2026,538833,9.80,9.80,0.0000,0.0410,0.0409,0.7814
28-APR-2026,538834,10.49,10.36,0.0125,0.0389,0.0388,0.7413
28-APR-2026,538837,79.84,81.49,-0.0205,0.0288,0.0288,0.5502
28-APR-2026,538838,31.76,34.70,-0.0885,0.0371,0.0375,0.7164
28-APR-2026,538857,17.94,18.30,-0.0199,0.0288,0.0288,0.5502
28-APR-2026,538860,1.07,1.12,-0.0457,0.0410,0.0410,0.7833
28-APR-2026,538862,51.30,52.26,-0.0185,0.0404,0.0403,0.7699
28-APR-2026,538863,7.05,7.05,0.0000,0.0000,0.0000,0.0000
28-APR-2026,538868,14.19,14.05,0.0099,0.0335,0.0334,0.6381
28-APR-2026,538874,20.99,20.60,0.0188,0.0478,0.0477,0.9113
28-APR-2026,538875,5.45,5.66,-0.0378,0.0355,0.0355,0.6782
28-APR-2026,538881,34.94,35.00,-0.0017,0.0338,0.0337,0.6438
28-APR-2026,538882,63.92,66.52,-0.0399,0.0360,0.0360,0.6878
28-APR-2026,538890,62.40,65.95,-0.0553,0.0306,0.0308,0.5884
28-APR-2026,538894,20.00,20.00,0.0000,0.0406,0.0405,0.7738
28-APR-2026,538895,14.49,14.34,0.0104,0.0379,0.0378,0.7222
28-APR-2026,538918,9.03,9.13,-0.0110,0.0383,0.0382,0.7298
28-APR-2026,538919,24.66,25.95,-0.0510,0.0280,0.0281,0.5368
28-APR-2026,538922,22.22,23.67,-0.0632,0.0362,0.0364,0.6954
28-APR-2026,538923,26.39,27.89,-0.0553,0.0480,0.0480,0.9170
28-APR-2026,538926,181.05,184.30,-0.0178,0.0338,0.0338,0.6457
28-APR-2026,538928,1.43,1.43,0.0000,0.0353,0.0352,0.6725
28-APR-2026,538935,42.15,42.15,0.0000,0.0210,0.0210,0.4012
28-APR-2026,538952,1.39,1.42,-0.0214,0.0471,0.0470,0.8979
28-APR-2026,538964,749.60,769.95,-0.0268,0.0283,0.0283,0.5407
28-APR-2026,538965,83.17,84.49,-0.0157,0.0324,0.0324,0.6190
28-APR-2026,538970,7.63,7.61,0.0026,0.0404,0.0403,0.7699
28-APR-2026,538975,0.19,0.20,-0.0513,0.0272,0.0274,0.5235
28-APR-2026,538987,644.90,634.25,0.0167,0.0254,0.0253,0.4834
28-APR-2026,538992,2275.00,2275.00,0.0000,0.0219,0.0218,0.4165
28-APR-2026,539005,31.95,30.43,0.0487,0.0175,0.0178,0.3401
28-APR-2026,539011,98.03,96.30,0.0178,0.0307,0.0306,0.5846
28-APR-2026,539012,85.00,85.07,-0.0008,0.0399,0.0398,0.7604
28-APR-2026,539013,85.93,81.84,0.0488,0.0348,0.0349,0.6668
28-APR-2026,539014,9.07,9.58,-0.0547,0.0331,0.0332,0.6343
28-APR-2026,539016,6.96,6.89,0.0101,0.0380,0.0379,0.7241
28-APR-2026,539017,8.71,8.30,0.0482,0.0366,0.0367,0.7012
28-APR-2026,539031,281.29,282.85,-0.0055,0.0093,0.0093,0.1777
28-APR-2026,539040,10.28,9.95,0.0326,0.0299,0.0299,0.5712
28-APR-2026,539090,33.05,34.00,-0.0283,0.0369,0.0369,0.7050
28-APR-2026,539091,0.98,0.94,0.0417,0.0299,0.0300,0.5731
28-APR-2026,539097,3.12,3.06,0.0194,0.0411,0.0410,0.7833
28-APR-2026,539110,19.14,19.14,0.0000,0.0266,0.0266,0.5082
28-APR-2026,539111,18.00,17.60,0.0225,0.0428,0.0427,0.8158
28-APR-2026,539112,135.00,135.00,0.0000,0.0290,0.0289,0.5521
28-APR-2026,539115,268.00,265.80,0.0082,0.0331,0.0331,0.6324
28-APR-2026,539117,22.18,21.18,0.0461,0.0354,0.0354,0.6763
28-APR-2026,539119,21.00,21.00,0.0000,0.0170,0.0170,0.3248
28-APR-2026,539120,58.13,61.16,-0.0508,0.0400,0.0401,0.7661
28-APR-2026,539121,150.20,149.99,0.0014,0.0418,0.0417,0.7967
28-APR-2026,539122,15.42,15.33,0.0059,0.0398,0.0397,0.7585
28-APR-2026,539123,7.92,7.70,0.0282,0.0383,0.0382,0.7298
28-APR-2026,539124,17.83,17.78,0.0028,0.0399,0.0398,0.7604
28-APR-2026,539132,10.02,9.49,0.0543,0.0296,0.0298,0.5693
28-APR-2026,539143,11.82,12.42,-0.0495,0.0400,0.0400,0.7642
28-APR-2026,539149,4.75,5.00,-0.0513,0.0374,0.0374,0.7145
28-APR-2026,539167,53.00,53.00,0.0000,0.0312,0.0312,0.5961
28-APR-2026,539174,22.50,22.50,0.0000,0.0444,0.0443,0.8464
28-APR-2026,539175,2.45,2.57,-0.0478,0.1127,0.1125,2.1493
28-APR-2026,539176,85.30,90.33,-0.0573,0.0396,0.0397,0.7585
28-APR-2026,539189,14.51,14.51,0.0000,0.0410,0.0409,0.7814
28-APR-2026,539190,49.95,47.86,0.0427,0.0341,0.0342,0.6534
28-APR-2026,539195,189.30,189.20,0.0005,0.0331,0.0330,0.6305
28-APR-2026,539196,132.93,134.00,-0.0080,0.0327,0.0326,0.6228
28-APR-2026,539200,2.30,2.26,0.0175,0.0219,0.0219,0.4184
28-APR-2026,539206,24.25,25.52,-0.0510,0.0401,0.0401,0.7661
28-APR-2026,539216,1.30,1.34,-0.0303,0.0369,0.0369,0.7050
28-APR-2026,539217,0.29,0.29,0.0000,0.0372,0.0371,0.7088
28-APR-2026,539218,123.70,123.70,0.0000,0.0320,0.0319,0.6094
28-APR-2026,539219,9.73,9.39,0.0356,0.0308,0.0308,0.5884
28-APR-2026,539220,40.80,39.50,0.0324,0.0282,0.0282,0.5388
28-APR-2026,539222,0.82,0.86,-0.0476,0.0390,0.0390,0.7451
28-APR-2026,539227,201.50,200.05,0.0072,0.0342,0.0341,0.6515
28-APR-2026,539228,2.31,2.34,-0.0129,0.0278,0.0277,0.5292
28-APR-2026,539230,55.00,55.00,0.0000,0.0116,0.0116,0.2216
28-APR-2026,539255,655.10,672.20,-0.0258,0.0349,0.0348,0.6649
28-APR-2026,539267,17.20,17.14,0.0035,0.0443,0.0442,0.8444
28-APR-2026,539275,134.80,127.60,0.0549,0.0292,0.0294,0.5617
28-APR-2026,539277,0.16,0.15,0.0645,0.0423,0.0425,0.8120
28-APR-2026,539278,1.77,1.86,-0.0496,0.0443,0.0443,0.8464
28-APR-2026,539288,18.12,17.26,0.0486,0.0636,0.0635,1.2132
28-APR-2026,539300,300.15,288.95,0.0380,0.0241,0.0242,0.4623
28-APR-2026,539310,0.21,0.21,0.0000,0.0731,0.0729,1.3928
28-APR-2026,539314,57.83,59.68,-0.0315,0.0305,0.0305,0.5827
28-APR-2026,539335,156.45,164.65,-0.0511,0.0313,0.0315,0.6018
28-APR-2026,539353,203.40,209.00,-0.0272,0.0307,0.0307,0.5865
28-APR-2026,539354,28.32,31.20,-0.0968,0.0368,0.0373,0.7126
28-APR-2026,539383,10.66,10.16,0.0480,0.0338,0.0339,0.6477
28-APR-2026,539391,29.81,30.79,-0.0323,0.0298,0.0298,0.5693
28-APR-2026,539393,25.77,25.77,0.0000,0.0009,0.0009,0.0172
28-APR-2026,539398,61.99,62.00,-0.0002,0.0283,0.0283,0.5407
28-APR-2026,539402,4.25,4.25,0.0000,0.0485,0.0483,0.9228
28-APR-2026,539405,12.83,13.50,-0.0509,0.0413,0.0413,0.7890
28-APR-2026,539406,73.00,73.00,0.0000,0.0306,0.0305,0.5827
28-APR-2026,539408,17.12,16.31,0.0485,0.0396,0.0396,0.7566
28-APR-2026,539409,20.38,19.75,0.0314,0.0260,0.0260,0.4967
28-APR-2026,539428,15.95,15.96,-0.0006,0.0283,0.0282,0.5388
28-APR-2026,539434,8.88,8.88,0.0000,0.0058,0.0057,0.1089
28-APR-2026,539435,25.82,27.07,-0.0473,0.0390,0.0391,0.7470
28-APR-2026,539449,2.60,2.53,0.0273,0.0360,0.0360,0.6878
28-APR-2026,539455,52.46,52.70,-0.0046,0.0322,0.0322,0.6152
28-APR-2026,539468,46.39,46.39,0.0000,0.0230,0.0230,0.4394
28-APR-2026,539469,42.09,43.94,-0.0430,0.0351,0.0351,0.6706
28-APR-2026,539470,0.61,0.63,-0.0323,0.0256,0.0257,0.4910
28-APR-2026,539479,66.72,65.75,0.0146,0.0320,0.0319,0.6094
28-APR-2026,539488,10.00,10.00,0.0000,0.0000,0.0000,0.0000
28-APR-2026,539492,11.80,11.67,0.0111,0.0292,0.0291,0.5560
28-APR-2026,539494,9.31,9.23,0.0086,0.0375,0.0374,0.7145
28-APR-2026,539495,52.13,49.67,0.0483,0.0390,0.0391,0.7470
28-APR-2026,539506,0.50,0.49,0.0202,0.0320,0.0319,0.6094
28-APR-2026,539518,154.00,156.75,-0.0177,0.0269,0.0269,0.5139
28-APR-2026,539519,0.70,0.70,0.0000,0.0377,0.0376,0.7183
28-APR-2026,539522,40.68,40.06,0.0154,0.0344,0.0344,0.6572
28-APR-2026,539526,0.54,0.53,0.0187,0.0311,0.0311,0.5942
28-APR-2026,539527,600.00,600.00,0.0000,0.0333,0.0332,0.6343
28-APR-2026,539528,38.15,39.67,-0.0391,0.0903,0.0901,1.7214
28-APR-2026,539543,13.12,13.12,0.0000,0.0000,0.0000,0.0000
28-APR-2026,539544,7.46,7.41,0.0067,0.0392,0.0391,0.7470
28-APR-2026,539545,37.40,35.23,0.0598,0.0400,0.0401,0.7661
28-APR-2026,539546,288.25,282.25,0.0210,0.0200,0.0200,0.3821
28-APR-2026,539552,78.99,79.86,-0.0110,0.0373,0.0372,0.7107
28-APR-2026,539559,2.46,2.47,-0.0041,0.0434,0.0433,0.8272
28-APR-2026,539560,10.00,10.00,0.0000,0.0000,0.0000,0.0000
28-APR-2026,539574,0.23,0.24,-0.0426,0.0392,0.0392,0.7489
28-APR-2026,539593,9.76,10.11,-0.0352,0.0480,0.0479,0.9151
28-APR-2026,539594,4.68,4.66,0.0043,0.0332,0.0331,0.6324
28-APR-2026,539596,12.59,12.59,0.0000,0.0561,0.0559,1.0680
28-APR-2026,539598,29.61,29.94,-0.0111,0.0315,0.0314,0.5999
28-APR-2026,539599,29.99,29.99,0.0000,0.0706,0.0704,1.3450
28-APR-2026,539607,19.26,19.28,-0.0010,0.0375,0.0374,0.7145
28-APR-2026,539620,16.52,17.29,-0.0456,0.0377,0.0377,0.7203
28-APR-2026,539659,44.27,43.12,0.0263,0.0335,0.0335,0.6400
28-APR-2026,539661,96.94,96.95,-0.0001,0.0266,0.0265,0.5063
28-APR-2026,539662,8.78,8.94,-0.0181,0.0340,0.0339,0.6477
28-APR-2026,539669,1.26,1.28,-0.0157,0.0332,0.0332,0.6343
28-APR-2026,539679,2.80,2.81,-0.0036,0.0381,0.0380,0.7260
28-APR-2026,539681,49.88,49.88,0.0000,0.0121,0.0121,0.2312
28-APR-2026,539682,1192.10,1158.35,0.0287,0.0235,0.0235,0.4490
28-APR-2026,539683,10.00,10.00,0.0000,0.0000,0.0000,0.0000
28-APR-2026,539691,10.00,10.00,0.0000,0.0000,0.0000,0.0000
28-APR-2026,539692,14.95,15.45,-0.0329,0.0368,0.0368,0.7031
28-APR-2026,539697,48.83,46.52,0.0485,0.0379,0.0380,0.7260
28-APR-2026,539724,134.95,137.70,-0.0202,0.0325,0.0325,0.6209
28-APR-2026,539730,2100.85,2039.25,0.0298,0.0286,0.0286,0.5464
28-APR-2026,539760,37.25,38.76,-0.0397,0.0346,0.0347,0.6629
28-APR-2026,539761,1.23,1.22,0.0082,0.0414,0.0413,0.7890
28-APR-2026,539762,43.20,43.95,-0.0172,0.0356,0.0355,0.6782
28-APR-2026,539767,44.00,43.08,0.0211,0.0379,0.0378,0.7222
28-APR-2026,539770,35.40,33.72,0.0486,0.0326,0.0327,0.6247
28-APR-2026,539773,1.59,1.62,-0.0187,0.0281,0.0280,0.5349
28-APR-2026,539798,39.13,37.62,0.0394,0.0314,0.0315,0.6018
28-APR-2026,539800,5.31,5.33,-0.0038,0.0355,0.0354,0.6763
28-APR-2026,539814,222.00,219.10,0.0131,0.0331,0.0330,0.6305
28-APR-2026,539819,4.30,4.30,0.0000,0.0031,0.0031,0.0592
28-APR-2026,539834,142.50,160.10,-0.1165,0.0330,0.0339,0.6477
28-APR-2026,539835,1.78,1.78,0.0000,0.0606,0.0604,1.1539
28-APR-2026,539841,10.96,10.88,0.0073,0.0361,0.0360,0.6878
28-APR-2026,539884,2.55,2.60,-0.0194,0.0330,0.0329,0.6286
28-APR-2026,539895,23.44,25.07,-0.0672,0.0358,0.0360,0.6878
28-APR-2026,539900,10.78,11.00,-0.0202,0.0343,0.0342,0.6534
28-APR-2026,539911,11.35,11.00,0.0313,0.0378,0.0378,0.7222
28-APR-2026,539922,234.80,223.65,0.0487,0.0237,0.0239,0.4566
28-APR-2026,539927,365.00,365.00,0.0000,0.0226,0.0225,0.4299
28-APR-2026,539938,24.31,26.11,-0.0714,0.0315,0.0318,0.6075
28-APR-2026,539939,54.95,54.00,0.0174,0.0303,0.0303,0.5789
28-APR-2026,539946,21.00,20.59,0.0197,0.0477,0.0476,0.9094
28-APR-2026,539963,14.32,14.47,-0.0104,0.0332,0.0331,0.6324
28-APR-2026,539984,1023.15,1003.10,0.0198,0.0366,0.0366,0.6992
28-APR-2026,539991,37.80,35.82,0.0538,0.0436,0.0437,0.8349
28-APR-2026,540006,3.07,3.09,-0.0065,0.0380,0.0379,0.7241
28-APR-2026,540023,14.19,14.66,-0.0326,0.0334,0.0334,0.6381
28-APR-2026,540026,7.10,7.00,0.0142,0.0470,0.0469,0.8960
28-APR-2026,540062,349.00,349.00,0.0000,0.0228,0.0227,0.4337
28-APR-2026,540063,9.14,9.14,0.0000,0.0363,0.0362,0.6916
28-APR-2026,540066,77.59,73.90,0.0487,0.0200,0.0202,0.3859
28-APR-2026,540078,109.93,103.24,0.0628,0.0266,0.0269,0.5139
28-APR-2026,540079,1.44,1.44,0.0000,0.0350,0.0349,0.6668
28-APR-2026,540080,5.02,5.12,-0.0197,0.0334,0.0333,0.6362
28-APR-2026,540097,42.39,42.88,-0.0115,0.0300,0.0299,0.5712
28-APR-2026,540132,13.08,12.77,0.0240,0.0498,0.0497,0.9495
28-APR-2026,540134,18.74,17.85,0.0487,0.0417,0.0418,0.7986
28-APR-2026,540135,0.60,0.60,0.0000,0.0339,0.0338,0.6457
28-APR-2026,540143,81.20,78.81,0.0299,0.0345,0.0345,0.6591
28-APR-2026,540147,2.68,2.62,0.0226,0.0324,0.0324,0.6190
28-APR-2026,540154,843.04,843.04,0.0000,0.0111,0.0111,0.2121
28-APR-2026,540159,5.30,5.75,-0.0815,0.0540,0.0541,1.0336
28-APR-2026,540168,23.73,23.62,0.0046,0.0282,0.0282,0.5388
28-APR-2026,540174,24.46,24.46,0.0000,0.0340,0.0339,0.6477
28-APR-2026,540175,30.81,28.13,0.0910,0.0303,0.0309,0.5903
28-APR-2026,540181,37.93,37.93,0.0000,0.0398,0.0397,0.7585
28-APR-2026,540189,28.71,30.22,-0.0513,0.0207,0.0210,0.4012
28-APR-2026,540190,0.46,0.47,-0.0215,0.0422,0.0421,0.8043
28-APR-2026,540192,22.10,20.00,0.0998,0.0293,0.0301,0.5751
28-APR-2026,540198,421.90,418.00,0.0093,0.0222,0.0222,0.4241
28-APR-2026,540199,50.10,48.10,0.0407,0.0292,0.0293,0.5598
28-APR-2026,540204,49.87,50.16,-0.0058,0.0293,0.0292,0.5579
28-APR-2026,540221,26.69,26.69,0.0000,0.0184,0.0184,0.3515
28-APR-2026,540243,1.61,1.63,-0.0123,0.0333,0.0332,0.6343
28-APR-2026,540252,12.04,12.07,-0.0025,0.0279,0.0278,0.5311
28-APR-2026,540254,29.64,28.24,0.0484,0.0537,0.0536,1.0240
28-APR-2026,540259,0.25,0.24,0.0408,0.0389,0.0389,0.7432
28-APR-2026,540266,23.38,22.27,0.0486,0.0382,0.0383,0.7317
28-APR-2026,540267,8.11,8.11,0.0000,0.0366,0.0365,0.6973
28-APR-2026,540270,10.00,10.00,0.0000,0.0000,0.0000,0.0000
28-APR-2026,540318,10.00,10.00,0.0000,0.0000,0.0000,0.0000
28-APR-2026,540359,31.00,31.00,0.0000,0.0525,0.0523,0.9992
28-APR-2026,540360,1.53,1.61,-0.0510,0.0432,0.0432,0.8253
28-APR-2026,540361,4.82,4.79,0.0062,0.0356,0.0356,0.6801
28-APR-2026,540377,0.47,0.47,0.0000,0.0361,0.0360,0.6878
28-APR-2026,540386,1.28,1.29,-0.0078,0.0404,0.0403,0.7699
28-APR-2026,540395,93.00,93.16,-0.0017,0.0324,0.0323,0.6171
28-APR-2026,540401,9.67,9.54,0.0135,0.0199,0.0199,0.3802
28-APR-2026,540404,227.80,219.65,0.0364,0.0296,0.0296,0.5655
28-APR-2026,540405,63.62,65.70,-0.0322,0.0372,0.0372,0.7107
28-APR-2026,540455,113.50,106.85,0.0604,0.0358,0.0360,0.6878
28-APR-2026,540467,104.53,104.53,0.0000,0.0194,0.0194,0.3706
28-APR-2026,540481,48.49,49.82,-0.0271,0.0287,0.0287,0.5483
28-APR-2026,540492,13.08,12.83,0.0193,0.0348,0.0347,0.6629
28-APR-2026,540515,9.02,9.05,-0.0033,0.0404,0.0403,0.7699
28-APR-2026,540519,64.34,65.65,-0.0202,0.0350,0.0350,0.6687
28-APR-2026,540545,41.01,41.07,-0.0015,0.0274,0.0273,0.5216
28-APR-2026,540570,4.84,5.09,-0.0504,0.0378,0.0379,0.7241
28-APR-2026,540590,64.27,67.49,-0.0489,0.0295,0.0296,0.5655
28-APR-2026,540597,15.44,15.44,0.0000,0.0346,0.0345,0.6591
28-APR-2026,540614,0.52,0.52,0.0000,0.0328,0.0328,0.6266
28-APR-2026,540615,5.97,6.28,-0.0506,0.0349,0.0350,0.6687
28-APR-2026,540654,21.79,21.12,0.0312,0.0334,0.0334,0.6381
28-APR-2026,540686,111.45,115.00,-0.0314,0.0299,0.0299,0.5712
28-APR-2026,540693,13.57,13.44,0.0096,0.0327,0.0326,0.6228
28-APR-2026,540694,34.31,32.37,0.0582,0.0315,0.0317,0.6056
28-APR-2026,540696,5.20,5.14,0.0116,0.0429,0.0428,0.8177
28-APR-2026,540703,33.11,32.47,0.0195,0.0352,0.0352,0.6725
28-APR-2026,540717,23.07,23.18,-0.0048,0.0345,0.0344,0.6572
28-APR-2026,540726,52.99,51.53,0.0279,0.0334,0.0334,0.6381
28-APR-2026,540727,25.23,25.62,-0.0153,0.0270,0.0269,0.5139
28-APR-2026,540728,103.00,100.74,0.0222,0.0326,0.0326,0.6228
28-APR-2026,540730,1.64,1.60,0.0247,0.0354,0.0354,0.6763
28-APR-2026,540737,510.75,520.65,-0.0192,0.0265,0.0265,0.5063
28-APR-2026,540738,9.22,9.37,-0.0161,0.0271,0.0270,0.5158
28-APR-2026,540786,12.72,12.71,0.0008,0.0394,0.0393,0.7508
28-APR-2026,540788,63.50,64.25,-0.0117,0.0381,0.0380,0.7260
28-APR-2026,540796,261.45,261.45,0.0000,0.0294,0.0294,0.5617
28-APR-2026,540809,36.38,36.27,0.0030,0.0317,0.0316,0.6037
28-APR-2026,540821,2.13,2.12,0.0047,0.0236,0.0235,0.4490
28-APR-2026,540829,6.02,6.20,-0.0295,0.0367,0.0367,0.7012
28-APR-2026,540874,82.07,83.16,-0.0132,0.0275,0.0274,0.5235
28-APR-2026,540904,85.00,85.00,0.0000,0.0313,0.0312,0.5961
28-APR-2026,540914,1.54,1.51,0.0197,0.0414,0.0413,0.7890
28-APR-2026,540936,3.38,3.40,-0.0059,0.0317,0.0316,0.6037
28-APR-2026,540953,2.39,2.33,0.0254,0.0307,0.0306,0.5846
28-APR-2026,540956,22.53,22.55,-0.0009,0.0277,0.0276,0.5273
28-APR-2026,540980,29500.00,29400.00,0.0034,0.0279,0.0279,0.5330
28-APR-2026,541005,68.02,68.75,-0.0107,0.0311,0.0310,0.5923
28-APR-2026,541096,1205.50,1227.30,-0.0179,0.0304,0.0304,0.5808
28-APR-2026,541133,45.60,45.60,0.0000,0.0001,0.0001,0.0019
28-APR-2026,541144,140.37,147.29,-0.0481,0.0381,0.0381,0.7279
28-APR-2026,541228,102.75,102.60,0.0015,0.0376,0.0375,0.7164
28-APR-2026,541338,14.90,14.42,0.0327,0.0359,0.0358,0.6840
28-APR-2026,541347,7.67,7.89,-0.0283,0.0274,0.0274,0.5235
28-APR-2026,541358,100.00,103.75,-0.0368,0.0397,0.0396,0.7566
28-APR-2026,541444,17.31,17.50,-0.0109,0.0363,0.0362,0.6916
28-APR-2026,541503,41.00,40.95,0.0012,0.0316,0.0315,0.6018
28-APR-2026,541601,0.52,0.53,-0.0190,0.0382,0.0381,0.7279
28-APR-2026,541627,8.60,9.01,-0.0466,0.0584,0.0584,1.1157
28-APR-2026,541633,12.58,12.58,0.0000,0.0000,0.0000,0.0000
28-APR-2026,541634,21.00,19.55,0.0715,0.0381,0.0383,0.7317
28-APR-2026,541702,4.22,3.84,0.0944,0.0293,0.0299,0.5712
28-APR-2026,541735,1.89,1.88,0.0053,0.0449,0.0447,0.8540
28-APR-2026,541741,82.91,83.06,-0.0018,0.0320,0.0320,0.6114
28-APR-2026,541771,1.80,1.78,0.0112,0.0369,0.0368,0.7031
28-APR-2026,541778,41.36,42.00,-0.0154,0.0283,0.0283,0.5407
28-APR-2026,541865,7.39,7.27,0.0164,0.0306,0.0306,0.5846
28-APR-2026,541890,0.25,0.24,0.0408,0.1354,0.1351,2.5811
28-APR-2026,541972,918.28,918.98,-0.0008,0.0109,0.0109,0.2082
28-APR-2026,542012,11.95,11.39,0.0480,0.1650,0.1646,3.1447
28-APR-2026,542013,172.00,174.45,-0.0141,0.0168,0.0168,0.3210
28-APR-2026,542019,64.45,64.12,0.0051,0.0310,0.0309,0.5903
28-APR-2026,542034,12.54,12.78,-0.0190,0.0324,0.0324,0.6190
28-APR-2026,542046,7.40,7.67,-0.0358,0.0366,0.0366,0.6992
28-APR-2026,542123,147.00,144.00,0.0206,0.0348,0.0347,0.6629
28-APR-2026,542176,23.83,23.83,0.0000,0.0412,0.0411,0.7852
28-APR-2026,542206,1.27,1.31,-0.0310,0.0347,0.0347,0.6629
28-APR-2026,542248,11.77,11.43,0.0293,0.0376,0.0375,0.7164
28-APR-2026,542332,96.34,94.46,0.0197,0.0208,0.0207,0.3955
28-APR-2026,542376,209.00,209.00,0.0000,0.0268,0.0267,0.5101
28-APR-2026,542459,61.04,61.84,-0.0130,0.0304,0.0304,0.5808
28-APR-2026,542543,76.95,77.00,-0.0006,0.0122,0.0122,0.2331
28-APR-2026,542544,10.00,10.00,0.0000,0.0000,0.0000,0.0000
28-APR-2026,542579,4.84,4.98,-0.0285,0.0296,0.0296,0.5655
28-APR-2026,542627,65.47,67.21,-0.0262,0.0396,0.0396,0.7566
28-APR-2026,542628,133.09,134.09,-0.0075,0.0349,0.0348,0.6649
28-APR-2026,542654,15.22,15.54,-0.0208,0.0381,0.0380,0.7260
28-APR-2026,542666,6.28,6.21,0.0112,0.0287,0.0286,0.5464
28-APR-2026,542669,43.50,43.06,0.0102,0.0282,0.0281,0.5368
28-APR-2026,542679,175.00,176.70,-0.0097,0.0398,0.0397,0.7585
28-APR-2026,542682,63.36,66.47,-0.0479,0.0369,0.0370,0.7069
28-APR-2026,542694,173.70,173.70,0.0000,0.0418,0.0417,0.7967
28-APR-2026,542721,60.87,59.91,0.0159,0.0322,0.0321,0.6133
28-APR-2026,542747,89.31,89.60,-0.0032,0.0113,0.0112,0.2140
28-APR-2026,542770,54.71,57.07,-0.0422,0.0366,0.0366,0.6992
28-APR-2026,542802,2.08,2.14,-0.0284,0.0339,0.0339,0.6477
28-APR-2026,542803,49.76,49.98,-0.0044,0.0330,0.0329,0.6286
28-APR-2026,542862,21.50,22.40,-0.0410,0.0396,0.0396,0.7566
28-APR-2026,542864,31.47,31.47,0.0000,0.0021,0.0021,0.0401
28-APR-2026,542865,12.50,11.49,0.0843,0.0384,0.0387,0.7394
28-APR-2026,542906,40.36,40.36,0.0000,0.0264,0.0263,0.5025
28-APR-2026,542911,797.00,797.00,0.0000,0.0325,0.0324,0.6190
28-APR-2026,542918,6.80,6.84,-0.0059,0.0303,0.0303,0.5789
28-APR-2026,542938,42.10,44.31,-0.0512,0.0359,0.0360,0.6878
28-APR-2026,543171,1.30,1.30,0.0000,0.0285,0.0284,0.5426
28-APR-2026,543207,3.90,3.97,-0.0178,0.0377,0.0376,0.7183
28-APR-2026,543208,2.46,2.53,-0.0281,0.0278,0.0278,0.5311
28-APR-2026,543225,160.00,160.00,0.0000,0.0152,0.0152,0.2904
28-APR-2026,543229,197.95,197.00,0.0048,0.0434,0.0433,0.8272
28-APR-2026,543241,134.27,129.25,0.0381,0.0390,0.0390,0.7451
28-APR-2026,543256,16.60,16.15,0.0275,0.0406,0.0406,0.7757
28-APR-2026,543284,90.86,91.88,-0.0112,0.0332,0.0331,0.6324
28-APR-2026,543341,11.10,11.10,0.0000,0.0419,0.0418,0.7986
28-APR-2026,543376,88.00,86.62,0.0158,0.0360,0.0359,0.6859
28-APR-2026,543499,5.39,5.35,0.0074,0.0357,0.0356,0.6801
28-APR-2026,543531,42.98,45.97,-0.0673,0.0352,0.0354,0.6763
28-APR-2026,543737,532.10,532.05,0.0001,0.0295,0.0295,0.5636
28-APR-2026,543860,85.88,85.88,0.0000,0.0339,0.0338,0.6457
28-APR-2026,543914,35.83,35.82,0.0003,0.0311,0.0310,0.5923
28-APR-2026,543925,145.60,145.60,0.0000,0.0056,0.0056,0.1070
28-APR-2026,543927,35.85,35.40,0.0126,0.0331,0.0330,0.6305
28-APR-2026,543934,315.00,300.00,0.0488,0.0319,0.0321,0.6133
28-APR-2026,543976,30.02,30.00,0.0007,0.0321,0.0320,0.6114
28-APR-2026,543993,200.90,204.00,-0.0153,0.0297,0.0297,0.5674
28-APR-2026,544005,125.00,125.00,0.0000,0.0044,0.0044,0.0841
28-APR-2026,544080,944.00,944.00,0.0000,0.0245,0.0245,0.4681
28-APR-2026,544090,768.30,793.00,-0.0316,0.0333,0.0333,0.6362
28-APR-2026,544112,492.00,497.40,-0.0109,0.0261,0.0260,0.4967
28-APR-2026,544185,67.22,65.73,0.0224,0.0333,0.0332,0.6343
28-APR-2026,544186,138.15,137.30,0.0062,0.0258,0.0257,0.4910
28-APR-2026,544191,67.70,67.90,-0.0029,0.0354,0.0353,0.6744
28-APR-2026,544205,431.60,421.55,0.0236,0.0246,0.0246,0.4700
28-APR-2026,544295,1050000.00,1049999.00,0.0000,0.0076,0.0075,0.1433
28-APR-2026,544308,49.95,50.10,-0.0030,0.0333,0.0332,0.6343
28-APR-2026,544346,171.75,172.00,-0.0015,0.0278,0.0277,0.5292
28-APR-2026,544361,171.30,171.30,0.0000,0.0251,0.0250,0.4776
28-APR-2026,544371,62.24,64.00,-0.0279,0.0278,0.0278,0.5311
28-APR-2026,544462,1085000.00,1100000.00,-0.0137,0.0053,0.0054,0.1032
28-APR-2026,544467,885.95,886.00,-0.0001,0.0173,0.0173,0.3305
28-APR-2026,544662,145.85,138.95,0.0485,0.0252,0.0253,0.4834
28-APR-2026,544752,1030000.00,1035000.00,-0.0048,0.0000,0.0003,0.0057
28-APR-2026,5PAISA,339.22,339.12,0.0003,0.0259,0.0258,0.4929
28-APR-2026,63MOONS,725.90,722.90,0.0041,0.0347,0.0346,0.6610
28-APR-2026,751108,0.28,0.29,-0.0351,0.0553,0.0552,1.0546
28-APR-2026,751110,1.57,2.61,-0.5083,0.0000,0.0359,0.6859
28-APR-2026,751111,0.06,0.09,-0.4055,0.0312,0.0423,0.8081
28-APR-2026,890197,1.74,1.70,0.0233,0.0568,0.0567,1.0833
28-APR-2026,890217,62.00,60.00,0.0328,0.0371,0.0371,0.7088
28-APR-2026,890226,16.87,17.95,-0.0621,0.0721,0.0720,1.3756
28-APR-2026,890229,2.82,2.82,0.0000,0.0502,0.0501,0.9572
28-APR-2026,890230,89.25,85.05,0.0482,0.0268,0.0270,0.5158
28-APR-2026,890231,29.44,29.44,0.0000,0.0190,0.0189,0.3611
28-APR-2026,890234,0.66,0.66,0.0000,0.0285,0.0285,0.5445
28-APR-2026,890235,97.73,98.71,-0.0100,0.0140,0.0140,0.2675
28-APR-2026,A2ZINFRA,17.02,17.09,-0.0041,0.0320,0.0319,0.6094
28-APR-2026,AAATECH,98.33,98.77,-0.0045,0.0319,0.0318,0.6075
28-APR-2026,AADHARHFC,493.80,493.75,0.0001,0.0180,0.0180,0.3439
28-APR-2026,AAKASH,8.32,8.19,0.0157,0.0346,0.0346,0.6610
28-APR-2026,AAREYDRUGS,95.19,92.07,0.0333,0.0348,0.0348,0.6649
28-APR-2026,AARNAV,23.45,23.39,0.0026,0.0139,0.0139,0.2656
28-APR-2026,AARON,140.71,140.21,0.0036,0.0304,0.0303,0.5789
28-APR-2026,AARTECH,48.94,48.42,0.0107,0.0351,0.0350,0.6687
28-APR-2026,AARTIDRUGS,379.50,381.80,-0.0060,0.0232,0.0231,0.4413
28-APR-2026,AARTIIND,501.70,488.75,0.0262,0.0234,0.0234,0.4471
28-APR-2026,AARTIPHARM,712.30,712.65,-0.0005,0.0268,0.0268,0.5120
28-APR-2026,AARTISURF,417.20,406.40,0.0262,0.0274,0.0274,0.5235
28-APR-2026,AARVI,128.95,130.00,-0.0081,0.0283,0.0282,0.5388
28-APR-2026,AASHRIT,74.00,74.00,0.0000,0.0023,0.0023,0.0439
28-APR-2026,AAVAS,1376.10,1384.90,-0.0064,0.0196,0.0196,0.3745
28-APR-2026,ABANSENT,33.35,27.55,0.1911,0.0391,0.0413,0.7890
28-APR-2026,ABB,7288.00,7430.50,-0.0194,0.0196,0.0196,0.3745
28-APR-2026,ABBOTINDIA,25345.00,25425.00,-0.0032,0.0138,0.0138,0.2636
28-APR-2026,ABCAPITAL,338.30,342.55,-0.0125,0.0213,0.0213,0.4069
28-APR-2026,ABCOTS,239.05,248.70,-0.0396,0.0262,0.0263,0.5025
28-APR-2026,ABDL,544.10,554.50,-0.0189,0.0250,0.0250,0.4776
28-APR-2026,ABFRL,63.58,63.92,-0.0053,0.0244,0.0244,0.4662
28-APR-2026,ABGSEC,111.98,111.50,0.0043,0.0046,0.0046,0.0879
28-APR-2026,ABINFRA,15.66,15.91,-0.0158,0.0263,0.0263,0.5025
28-APR-2026,ABLBL,104.00,105.84,-0.0175,0.0184,0.0184,0.3515
28-APR-2026,ABMINTLLTD,41.68,43.78,-0.0492,0.0366,0.0367,0.7012
28-APR-2026,ABMKNO,226.10,231.85,-0.0251,0.0365,0.0365,0.6973
28-APR-2026,ABREL,1511.30,1468.90,0.0285,0.0261,0.0261,0.4986
28-APR-2026,ABSL10BANK,164.89,167.40,-0.0151,0.0087,0.0087,0.1662
28-APR-2026,ABSLAMC,1066.30,1065.40,0.0008,0.0229,0.0229,0.4375
28-APR-2026,ABSLBANETF,56.58,57.32,-0.0130,0.0108,0.0108,0.2063
28-APR-2026,ABSLLIQUID,1000.00,999.99,0.0000,0.0000,0.0000,0.0000
28-APR-2026,ABSLMSCIN,29.14,29.20,-0.0021,0.0082,0.0081,0.1548
28-APR-2026,ABSLNN50ET,74.08,74.10,-0.0003,0.0111,0.0111,0.2121
28-APR-2026,ABSLPSE,11.17,11.09,0.0072,0.0118,0.0118,0.2254
28-APR-2026,ACC,1439.40,1439.80,-0.0003,0.0161,0.0161,0.3076
28-APR-2026,ACCELYA,1195.60,1181.20,0.0121,0.0180,0.0180,0.3439
28-APR-2026,ACCURACY,5.11,5.11,0.0000,0.0325,0.0324,0.6190
28-APR-2026,ACCUVANT,10.15,10.15,0.0000,0.0000,0.0000,0.0000
28-APR-2026,ACE,904.25,916.45,-0.0134,0.0242,0.0242,0.4623
28-APR-2026,ACEINTEG,20.06,20.03,0.0015,0.0338,0.0337,0.6438
28-APR-2026,ACESTONE,9.45,9.45,0.0000,0.0000,0.0000,0.0000
28-APR-2026,ACI,607.80,601.75,0.0100,0.0223,0.0222,0.4241
28-APR-2026,ACL,56.04,56.35,-0.0055,0.0272,0.0271,0.5177
28-APR-2026,ACMESOLAR,305.20,309.20,-0.0130,0.0250,0.0249,0.4757
28-APR-2026,ACSTECH,39.40,40.20,-0.0201,0.0614,0.0613,1.1711
28-APR-2026,ACUTAAS,2467.80,2494.60,-0.0108,0.0294,0.0293,0.5598
28-APR-2026,ADANIENSOL,1435.45,1435.85,-0.0003,0.0292,0.0292,0.5579
28-APR-2026,ADANIENT,2412.40,2321.80,0.0383,0.0250,0.0251,0.4795
28-APR-2026,ADANIGREEN,1249.90,1229.75,0.0163,0.0305,0.0305,0.5827
28-APR-2026,ADANIPORTS,1637.60,1628.50,0.0056,0.0209,0.0209,0.3993
28-APR-2026,ADANIPOWER,223.36,218.05,0.0241,0.0276,0.0276,0.5273
28-APR-2026,ADFFOODS,265.67,267.42,-0.0066,0.0318,0.0317,0.6056
28-APR-2026,ADL,77.46,75.06,0.0315,0.0341,0.0340,0.6496
28-APR-2026,ADOR,1070.85,1019.35,0.0493,0.0230,0.0232,0.4432
28-APR-2026,ADROITINFO,9.91,9.97,-0.0060,0.0286,0.0286,0.5464
28-APR-2026,ADSL,116.30,117.66,-0.0116,0.0333,0.0333,0.6362
28-APR-2026,ADVAIT,2077.20,2107.90,-0.0147,0.0348,0.0347,0.6629
28-APR-2026,ADVANCE,113.43,115.44,-0.0176,0.0257,0.0257,0.4910
28-APR-2026,ADVANIHOTR,54.81,54.86,-0.0009,0.0211,0.0211,0.4031
28-APR-2026,ADVENTHTL,154.07,156.20,-0.0137,0.0277,0.0276,0.5273
28-APR-2026,ADVENZYMES,342.00,330.55,0.0341,0.0244,0.0245,0.4681
28-APR-2026,AEGISLOG,711.50,722.45,-0.0153,0.0273,0.0273,0.5216
28-APR-2026,AEGISVOPAK,199.07,198.30,0.0039,0.0237,0.0236,0.4509
28-APR-2026,AEPL,18.96,18.51,0.0240,0.0151,0.0152,0.2904
28-APR-2026,AEQUS,196.85,207.17,-0.0511,0.0230,0.0233,0.4451
28-APR-2026,AEROENTER,91.26,91.95,-0.0075,0.0310,0.0309,0.5903
28-APR-2026,AEROFLEX,293.03,294.90,-0.0064,0.0321,0.0321,0.6133
28-APR-2026,AERONEU,78.10,78.32,-0.0028,0.0336,0.0336,0.6419
28-APR-2026,AETHER,1170.10,1154.50,0.0134,0.0236,0.0236,0.4509
28-APR-2026,AFCONS,333.90,315.75,0.0559,0.0194,0.0198,0.3783
28-APR-2026,AFDIL,145.50,145.50,0.0000,0.0000,0.0000,0.0000
28-APR-2026,AFFLE,1431.20,1452.00,-0.0144,0.0207,0.0206,0.3936
28-APR-2026,AFFORDABLE,177.15,180.63,-0.0195,0.0357,0.0356,0.6801
28-APR-2026,AFIL,8.83,9.01,-0.0202,0.0319,0.0319,0.6094
28-APR-2026,AFSL,202.67,203.26,-0.0029,0.0215,0.0214,0.4088
28-APR-2026,AGARIND,437.10,443.70,-0.0150,0.0292,0.0291,0.5560
28-APR-2026,AGARWALEYE,441.55,442.30,-0.0017,0.0162,0.0162,0.3095
28-APR-2026,AGI,672.60,564.90,0.1745,0.0280,0.0305,0.5827
28-APR-2026,AGIIL,357.95,361.15,-0.0089,0.0314,0.0314,0.5999
28-APR-2026,AGRITECH,111.25,115.43,-0.0369,0.0330,0.0330,0.6305
28-APR-2026,AGROPHOS,32.02,32.62,-0.0186,0.0326,0.0326,0.6228
28-APR-2026,AHCL,13.20,14.33,-0.0821,0.0241,0.0247,0.4719
28-APR-2026,AHLADA,45.44,45.78,-0.0075,0.0323,0.0322,0.6152
28-APR-2026,AHLEAST,166.40,168.00,-0.0096,0.0231,0.0231,0.4413
28-APR-2026,AHLUCONT,882.05,871.40,0.0121,0.0249,0.0249,0.4757
28-APR-2026,AHLWEST,328.11,312.49,0.0488,0.0153,0.0156,0.2980
28-APR-2026,AIAENG,3994.30,4026.60,-0.0081,0.0176,0.0175,0.3343
28-APR-2026,AIIL,488.60,487.85,0.0015,0.0341,0.0340,0.6496
28-APR-2026,AIRAN,17.20,17.58,-0.0219,0.0335,0.0334,0.6381
28-APR-2026,AIROLAM,84.72,84.43,0.0034,0.0254,0.0253,0.4834
28-APR-2026,AJANTPHARM,2756.00,2807.20,-0.0184,0.0180,0.0180,0.3439
28-APR-2026,AJAXENGG,527.75,521.30,0.0123,0.0213,0.0212,0.4050
28-APR-2026,AJMERA,126.32,126.03,0.0023,0.0291,0.0291,0.5560
28-APR-2026,AJOONI,4.34,4.19,0.0352,0.0301,0.0301,0.5751
28-APR-2026,AKASH,28.31,28.03,0.0099,0.0353,0.0353,0.6744
28-APR-2026,AKCAPIT,1540.70,1556.85,-0.0104,0.0235,0.0234,0.4471
28-APR-2026,AKG,11.35,11.70,-0.0304,0.0293,0.0293,0.5598
28-APR-2026,AKI,5.19,5.14,0.0097,0.0362,0.0361,0.6897
28-APR-2026,AKSHAR,0.47,0.47,0.0000,0.0310,0.0309,0.5903
28-APR-2026,AKSHARCHEM,201.96,201.90,0.0003,0.0278,0.0278,0.5311
28-APR-2026,AKSHOPTFBR,6.25,6.22,0.0048,0.0359,0.0358,0.6840
28-APR-2026,AKUMS,533.20,531.30,0.0036,0.0219,0.0218,0.4165
28-APR-2026,ALANKIT,9.27,9.25,0.0022,0.0264,0.0263,0.5025
28-APR-2026,ALBERTDAVD,720.05,712.80,0.0101,0.0230,0.0229,0.4375
28-APR-2026,ALEMBICLTD,92.27,92.39,-0.0013,0.0226,0.0225,0.4299
28-APR-2026,ALGOQUANT,54.59,54.73,-0.0026,0.0232,0.0232,0.4432
28-APR-2026,ALICON,704.35,699.50,0.0069,0.0262,0.0262,0.5006
28-APR-2026,ALIVUS,1007.65,1044.95,-0.0363,0.0204,0.0205,0.3917
28-APR-2026,ALKALI,69.35,66.56,0.0411,0.0289,0.0290,0.5540
28-APR-2026,ALKEM,5418.50,5344.00,0.0138,0.0153,0.0153,0.2923
28-APR-2026,ALKYLAMINE,1541.20,1535.80,0.0035,0.0230,0.0229,0.4375
28-APR-2026,ALLCARGO,9.21,9.28,-0.0076,0.0281,0.0281,0.5368
28-APR-2026,ALLDIGI,837.00,843.50,-0.0077,0.0227,0.0226,0.4318
28-APR-2026,ALLTIME,239.36,243.83,-0.0185,0.0241,0.0241,0.4604
28-APR-2026,ALMONDZ,16.75,16.89,-0.0083,0.0351,0.0350,0.6687
28-APR-2026,ALOKINDS,13.90,13.91,-0.0007,0.0265,0.0265,0.5063
28-APR-2026,ALPA,68.26,68.30,-0.0006,0.0311,0.0310,0.5923
28-APR-2026,ALPHA,48.98,49.02,-0.0008,0.0136,0.0135,0.2579
28-APR-2026,ALPHAETF,25.18,25.32,-0.0055,0.0133,0.0132,0.2522
28-APR-2026,ALPHAGEO,224.66,220.30,0.0196,0.0298,0.0298,0.5693
28-APR-2026,ALPL30IETF,26.49,26.63,-0.0053,0.0090,0.0090,0.1719
28-APR-2026,AMAGI,400.65,377.35,0.0599,0.0138,0.0144,0.2751
28-APR-2026,AMANTA,132.37,134.61,-0.0168,0.0178,0.0178,0.3401
28-APR-2026,AMARKANTAK,11.95,11.95,0.0000,0.0000,0.0000,0.0000
28-APR-2026,AMARVAN,10.00,10.00,0.0000,0.0000,0.0000,0.0000
28-APR-2026,AMBALALSA,33.20,35.10,-0.0557,0.0337,0.0338,0.6457
28-APR-2026,AMBER,8200.00,8111.50,0.0109,0.0279,0.0279,0.5330
28-APR-2026,AMBICAAGAR,23.54,24.05,-0.0214,0.0251,0.0251,0.4795
28-APR-2026,AMBIKCO,1501.20,1452.20,0.0332,0.0210,0.0211,0.4031
28-APR-2026,AMBUJACEM,458.80,460.50,-0.0037,0.0190,0.0189,0.3611
28-APR-2026,AMDIND,44.61,45.46,-0.0189,0.0320,0.0319,0.6094
28-APR-2026,AMIRCHAND,134.81,136.49,-0.0124,0.0170,0.0170,0.3248
28-APR-2026,AMJLAND,41.37,42.45,-0.0258,0.0292,0.0292,0.5579
28-APR-2026,AMNPLST,168.16,165.80,0.0141,0.0300,0.0300,0.5731
28-APR-2026,AMRITINDIA,1614.35,1614.35,0.0000,0.0009,0.0009,0.0172
28-APR-2026,AMRUTANJAN,583.55,580.00,0.0061,0.0182,0.0181,0.3458
28-APR-2026,ANANDRATHI,3579.10,3558.40,0.0058,0.0177,0.0176,0.3362
28-APR-2026,ANANTAM,105.97,105.17,0.0076,0.0040,0.0041,0.0783
28-APR-2026,ANANTRAJ,493.10,500.90,-0.0157,0.0323,0.0323,0.6171
28-APR-2026,ANDHRAPAP,65.96,67.58,-0.0243,0.0189,0.0189,0.3611
28-APR-2026,ANDHRSUGAR,98.07,98.96,-0.0090,0.0202,0.0202,0.3859
28-APR-2026,ANGELONE,319.26,318.64,0.0019,0.0297,0.0296,0.5655
28-APR-2026,ANIKINDS,44.23,43.92,0.0070,0.0322,0.0321,0.6133
28-APR-2026,ANKITMETAL,1.60,1.62,-0.0124,0.0280,0.0279,0.5330
28-APR-2026,ANMOL,12.34,12.07,0.0221,0.0289,0.0289,0.5521
28-APR-2026,ANSALAPI,3.65,3.75,-0.0270,0.0216,0.0216,0.4127
28-APR-2026,ANTELOPUS,682.60,650.15,0.0487,0.0399,0.0399,0.7623
28-APR-2026,ANTGRAPHIC,0.88,0.88,0.0000,0.0317,0.0316,0.6037
28-APR-2026,ANTHEM,774.20,769.80,0.0057,0.0160,0.0160,0.3057
28-APR-2026,ANUHPHR,82.36,82.57,-0.0025,0.0241,0.0241,0.4604
28-APR-2026,ANUP,2171.80,2215.00,-0.0197,0.0306,0.0305,0.5827
28-APR-2026,ANURAS,1309.80,1334.50,-0.0187,0.0177,0.0177,0.3382
28-APR-2026,ANZEN,125.00,123.50,0.0121,0.0124,0.0124,0.2369
28-APR-2026,AONEGOLD,13.86,14.00,-0.0101,0.0170,0.0170,0.3248
28-APR-2026,AONELIQUID,1057.02,1056.88,0.0001,0.0002,0.0002,0.0038
28-APR-2026,AONENIFTY,9.85,9.90,-0.0051,0.0073,0.0073,0.1395
28-APR-2026,AONESILVER,9.03,9.22,-0.0208,0.0142,0.0142,0.2713
28-APR-2026,AONETMMQ50,9.99,9.95,0.0040,0.0089,0.0088,0.1681
28-APR-2026,AONETOTAL,11.53,11.54,-0.0009,0.0084,0.0084,0.1605
28-APR-2026,APARINDS,11862.00,12135.00,-0.0228,0.0299,0.0299,0.5712
28-APR-2026,APCL,114.32,115.50,-0.0103,0.0271,0.0270,0.5158
28-APR-2026,APCOTEXIND,400.55,399.55,0.0025,0.0205,0.0204,0.3897
28-APR-2026,APEX,472.25,474.15,-0.0040,0.0395,0.0394,0.7527
28-APR-2026,APLAPOLLO,1976.00,1987.70,-0.0059,0.0190,0.0190,0.3630
28-APR-2026,APLLTD,759.45,764.60,-0.0068,0.0202,0.0201,0.3840
28-APR-2026,APOLLO,305.89,301.19,0.0155,0.0368,0.0367,0.7012
28-APR-2026,APOLLOHOSP,7753.00,7825.00,-0.0092,0.0131,0.0131,0.2503
28-APR-2026,APOLLOPIPE,433.20,441.00,-0.0178,0.0285,0.0285,0.5445
28-APR-2026,APOLLOTYRE,423.60,428.55,-0.0116,0.0176,0.0176,0.3362
28-APR-2026,APOLSINHOT,1128.10,1136.80,-0.0077,0.0246,0.0245,0.4681
28-APR-2026,APTECHT,104.18,105.40,-0.0116,0.0280,0.0280,0.5349
28-APR-2026,APTUS,258.81,260.57,-0.0068,0.0211,0.0210,0.4012
28-APR-2026,AQYLON,47.83,47.56,0.0057,0.0362,0.0361,0.6897
28-APR-2026,ARCHIDPLY,80.66,77.64,0.0382,0.0296,0.0297,0.5674
28-APR-2026,ARCHIES,14.73,14.50,0.0157,0.0310,0.0309,0.5903
28-APR-2026,ARE&M,897.85,878.35,0.0220,0.0214,0.0214,0.4088
28-APR-2026,ARENTERP,40.84,41.98,-0.0275,0.0378,0.0377,0.7203
28-APR-2026,ARFIN,95.06,96.35,-0.0135,0.0282,0.0281,0.5368
28-APR-2026,ARIES,379.50,382.45,-0.0077,0.0289,0.0288,0.5502
28-APR-2026,ARIHANT,927.75,946.40,-0.0199,0.0271,0.0270,0.5158
28-APR-2026,ARIHANTCAP,71.45,71.05,0.0056,0.0329,0.0328,0.6266
28-APR-2026,ARIHANTSUP,282.03,287.12,-0.0179,0.0286,0.0286,0.5464
28-APR-2026,ARIS,128.99,124.24,0.0375,0.0274,0.0275,0.5254
28-APR-2026,ARKADE,115.96,117.99,-0.0174,0.0221,0.0221,0.4222
28-APR-2026,ARMANFIN,1496.30,1550.70,-0.0357,0.0263,0.0264,0.5044
28-APR-2026,AROGRANITE,26.87,26.90,-0.0011,0.0303,0.0302,0.5770
28-APR-2026,ARROWGREEN,544.35,552.75,-0.0153,0.0355,0.0354,0.6763
28-APR-2026,ARSHIYA,1.28,1.34,-0.0458,0.0335,0.0335,0.6400
28-APR-2026,ARSSBL,601.80,581.45,0.0344,0.0227,0.0228,0.4356
28-APR-2026,ARTEMISMED,240.81,245.17,-0.0179,0.0242,0.0242,0.4623
28-APR-2026,ARTNIRMAN,44.70,44.99,-0.0065,0.0370,0.0369,0.7050
28-APR-2026,ARVEE,163.27,166.02,-0.0167,0.0405,0.0404,0.7718
28-APR-2026,ARVIND,393.25,390.70,0.0065,0.0245,0.0244,0.4662
28-APR-2026,ARVINDFASN,444.45,452.65,-0.0183,0.0240,0.0240,0.4585
28-APR-2026,ARVSMART,630.70,631.80,-0.0017,0.0248,0.0248,0.4738
28-APR-2026,ASAHIINDIA,866.55,854.95,0.0135,0.0231,0.0231,0.4413
28-APR-2026,ASAHISONG,234.31,240.14,-0.0246,0.0315,0.0314,0.5999
28-APR-2026,ASAL,527.35,532.55,-0.0098,0.0302,0.0301,0.5751
28-APR-2026,ASALCBR,884.70,899.80,-0.0169,0.0298,0.0298,0.5693
28-APR-2026,ASHAPURMIN,648.15,622.20,0.0409,0.0364,0.0364,0.6954
28-APR-2026,ASHIANA,339.10,335.60,0.0104,0.0228,0.0228,0.4356
28-APR-2026,ASHIKA,393.90,399.45,-0.0140,0.0271,0.0271,0.5177
28-APR-2026,ASHIMASYN,16.03,16.19,-0.0099,0.0366,0.0365,0.6973
28-APR-2026,ASHOKA,136.90,136.79,0.0008,0.0273,0.0272,0.5197
28-APR-2026,ASHOKAMET,16.59,16.92,-0.0197,0.0280,0.0280,0.5349
28-APR-2026,ASHOKLEY,167.52,169.30,-0.0106,0.0222,0.0222,0.4241
28-APR-2026,ASIANENE,316.89,313.98,0.0092,0.0322,0.0321,0.6133
28-APR-2026,ASIANHOTNR,299.80,299.50,0.0010,0.0291,0.0290,0.5540
28-APR-2026,ASIANPAINT,2462.60,2485.20,-0.0091,0.0152,0.0152,0.2904
28-APR-2026,ASIANTILES,76.97,77.52,-0.0071,0.0282,0.0281,0.5368
28-APR-2026,ASKAUTOLTD,449.00,435.55,0.0304,0.0209,0.0209,0.3993
28-APR-2026,ASMS,8.02,8.29,-0.0331,0.0385,0.0385,0.7355
28-APR-2026,ASPINWALL,232.84,228.60,0.0184,0.0281,0.0280,0.5349
28-APR-2026,ASTAR,639.80,644.50,-0.0073,0.0265,0.0265,0.5063
28-APR-2026,ASTEC,726.85,749.85,-0.0312,0.0358,0.0358,0.6840
28-APR-2026,ASTERDM,705.30,719.80,-0.0204,0.0201,0.0201,0.3840
28-APR-2026,ASTRAL,1548.90,1535.00,0.0090,0.0186,0.0186,0.3554
28-APR-2026,ASTRAMICRO,1096.35,1138.40,-0.0376,0.0254,0.0254,0.4853
28-APR-2026,ASTRAZEN,8465.00,8573.00,-0.0127,0.0198,0.0198,0.3783
28-APR-2026,ASTRON,4.46,4.42,0.0090,0.0312,0.0311,0.5942
28-APR-2026,ATALREAL,25.82,25.47,0.0136,0.0246,0.0246,0.4700
28-APR-2026,ATAM,69.17,69.84,-0.0096,0.0298,0.0297,0.5674
28-APR-2026,ATGL,653.85,635.65,0.0282,0.0302,0.0302,0.5770
28-APR-2026,ATHERENERG,931.15,941.15,-0.0107,0.0252,0.0252,0.4814
28-APR-2026,ATL,25.74,25.84,-0.0039,0.0296,0.0296,0.5655
28-APR-2026,ATLANTAA,42.38,41.84,0.0128,0.0395,0.0394,0.7527
28-APR-2026,ATLANTAELE,1764.90,1815.70,-0.0284,0.0274,0.0274,0.5235
28-APR-2026,ATLASCYCLE,101.87,103.12,-0.0122,0.0398,0.0397,0.7585
28-APR-2026,ATUL,6854.50,6700.00,0.0228,0.0175,0.0175,0.3343
28-APR-2026,ATULAUTO,485.80,491.75,-0.0122,0.0295,0.0294,0.5617
28-APR-2026,AUBANK,1022.80,1043.00,-0.0196,0.0200,0.0200,0.3821
28-APR-2026,AURIGROW,0.36,0.37,-0.0274,0.0349,0.0349,0.6668
28-APR-2026,AURIONPRO,873.25,879.05,-0.0066,0.0301,0.0301,0.5751
28-APR-2026,AUROPHARMA,1422.60,1416.70,0.0042,0.0174,0.0173,0.3305
28-APR-2026,AURUM,182.08,183.90,-0.0099,0.0269,0.0268,0.5120
28-APR-2026,AUSOMENT,147.56,147.56,0.0000,0.0346,0.0345,0.6591
28-APR-2026,AUTOAXLES,1883.60,1877.90,0.0030,0.0203,0.0202,0.3859
28-APR-2026,AUTOBEES,265.41,268.13,-0.0102,0.0136,0.0136,0.2598
28-APR-2026,AUTOIETF,26.59,26.85,-0.0097,0.0136,0.0136,0.2598
28-APR-2026,AUTOIND,62.23,66.65,-0.0686,0.0302,0.0305,0.5827
28-APR-2026,AVADHSUGAR,465.50,475.45,-0.0211,0.0257,0.0257,0.4910
28-APR-2026,AVAILFC,153.90,156.35,-0.0158,0.0248,0.0248,0.4738
28-APR-2026,AVALON,1035.95,1083.35,-0.0447,0.0306,0.0307,0.5865
28-APR-2026,AVANTEL,151.28,156.71,-0.0353,0.0308,0.0308,0.5884
28-APR-2026,AVANTIFEED,1414.60,1426.20,-0.0082,0.0347,0.0347,0.6629
28-APR-2026,AVG,167.23,168.07,-0.0050,0.0353,0.0352,0.6725
28-APR-2026,AVL,542.90,517.35,0.0482,0.0244,0.0246,0.4700
28-APR-2026,AVONMORE,12.85,12.35,0.0397,0.0335,0.0335,0.6400
28-APR-2026,AVROIND,126.74,129.42,-0.0209,0.0329,0.0328,0.6266
28-APR-2026,AVTNPL,70.86,68.83,0.0291,0.0211,0.0212,0.4050
28-APR-2026,AWFIS,356.43,350.05,0.0181,0.0293,0.0292,0.5579
28-APR-2026,AWHCL,512.65,515.90,-0.0063,0.0317,0.0316,0.6037
28-APR-2026,AWL,204.91,205.95,-0.0051,0.0216,0.0216,0.4127
28-APR-2026,AXISBANK,1289.00,1324.20,-0.0269,0.0157,0.0158,0.3019
28-APR-2026,AXISBNKETF,569.54,577.76,-0.0143,0.0109,0.0109,0.2082
28-APR-2026,AXISBPSETF,13.33,13.33,0.0000,0.0022,0.0022,0.0420
28-APR-2026,AXISCADES,1933.20,1902.50,0.0160,0.0334,0.0334,0.6381
28-APR-2026,AXISCETF,117.24,117.64,-0.0034,0.0103,0.0103,0.1968
28-APR-2026,AXISGOLD,123.46,125.20,-0.0140,0.0217,0.0216,0.4127
28-APR-2026,AXISHCETF,151.74,152.52,-0.0051,0.0104,0.0103,0.1968
28-APR-2026,AXISILVER,233.11,239.42,-0.0267,0.0350,0.0349,0.6668
28-APR-2026,AXISNIFTY,264.05,264.86,-0.0031,0.0087,0.0087,0.1662
28-APR-2026,AXISTECETF,318.34,321.85,-0.0110,0.0145,0.0145,0.2770
28-APR-2026,AXISVALUE,34.18,34.12,0.0018,0.0102,0.0102,0.1949
28-APR-2026,AXITA,8.22,8.23,-0.0012,0.0222,0.0221,0.4222
28-APR-2026,AXSENSEX,79.50,79.89,-0.0049,0.0096,0.0096,0.1834
28-APR-2026,AYE,145.08,148.44,-0.0229,0.0210,0.0210,0.4012
28-APR-2026,AYMSYNTEX,238.25,223.12,0.0656,0.0302,0.0305,0.5827
28-APR-2026,AZAD,2200.90,2237.10,-0.0163,0.0262,0.0261,0.4986
28-APR-2026,BAFNAPH,139.41,133.53,0.0431,0.0326,0.0326,0.6228
28-APR-2026,BAGFILMS,5.27,5.35,-0.0151,0.0328,0.0327,0.6247
28-APR-2026,BAIDFIN,11.19,11.13,0.0054,0.0303,0.0302,0.5770
28-APR-2026,BAJAJ-AUTO,9495.50,9662.00,-0.0174,0.0154,0.0154,0.2942
28-APR-2026,BAJAJCON,466.05,448.35,0.0387,0.0293,0.0294,0.5617
28-APR-2026,BAJAJELEC,398.05,397.25,0.0020,0.0193,0.0192,0.3668
28-APR-2026,BAJAJFINSV,1779.00,1772.20,0.0038,0.0157,0.0156,0.2980
28-APR-2026,BAJAJHCARE,324.50,331.85,-0.0224,0.0296,0.0295,0.5636
28-APR-2026,BAJAJHFL,89.37,91.07,-0.0188,0.0160,0.0160,0.3057
28-APR-2026,BAJAJHIND,19.41,19.51,-0.0051,0.0267,0.0267,0.5101
28-APR-2026,BAJAJHLDNG,10246.50,10333.50,-0.0085,0.0201,0.0200,0.3821
28-APR-2026,BAJAJINDEF,324.46,314.37,0.0316,0.0308,0.0308,0.5884
28-APR-2026,BAJAJST,465.65,461.20,0.0096,0.0340,0.0339,0.6477
28-APR-2026,BAJEL,181.37,183.09,-0.0094,0.0303,0.0303,0.5789
28-APR-2026,BAJFINANCE,923.65,921.80,0.0020,0.0187,0.0186,0.3554
28-APR-2026,BALAJEE,33.04,32.29,0.0230,0.0286,0.0286,0.5464
28-APR-2026,BALAJITELE,98.73,100.75,-0.0203,0.0355,0.0355,0.6782
28-APR-2026,BALAMINES,1325.85,1307.10,0.0142,0.0268,0.0267,0.5101
28-APR-2026,BALAXI,26.54,26.61,-0.0026,0.0337,0.0336,0.6419
28-APR-2026,BALKRISHNA,18.60,18.77,-0.0091,0.0312,0.0311,0.5942
28-APR-2026,BALKRISIND,2189.30,2223.40,-0.0155,0.0192,0.0192,0.3668
28-APR-2026,BALMLAWRIE,181.42,183.16,-0.0095,0.0200,0.0199,0.3802
28-APR-2026,BALPHARMA,76.10,75.42,0.0090,0.0255,0.0255,0.4872
28-APR-2026,BALRAMCHIN,508.70,520.50,-0.0229,0.0219,0.0219,0.4184
28-APR-2026,BALUFORGE,498.25,483.20,0.0307,0.0341,0.0341,0.6515
28-APR-2026,BANARBEADS,111.38,111.42,-0.0004,0.0281,0.0280,0.5349
28-APR-2026,BANARISUG,3601.00,3607.80,-0.0019,0.0144,0.0144,0.2751
28-APR-2026,BANCOINDIA,625.60,624.55,0.0017,0.0337,0.0336,0.6419
28-APR-2026,BANDHANBNK,178.63,181.87,-0.0180,0.0239,0.0239,0.4566
28-APR-2026,BANG,39.12,38.54,0.0149,0.0319,0.0319,0.6094
28-APR-2026,BANK10ADD,16.50,16.75,-0.0150,0.0101,0.0102,0.1949
28-APR-2026,BANKA,74.56,71.01,0.0488,0.0325,0.0326,0.6228
28-APR-2026,BANKADD,56.57,57.31,-0.0130,0.0188,0.0187,0.3573
28-APR-2026,BANKBARODA,267.83,273.99,-0.0227,0.0191,0.0191,0.3649
28-APR-2026,BANKBEES,571.96,579.98,-0.0139,0.0106,0.0106,0.2025
28-APR-2026,BANKBETA,57.09,57.84,-0.0131,0.0119,0.0119,0.2273
28-APR-2026,BANKBETF,56.19,56.95,-0.0134,0.0111,0.0111,0.2121
28-APR-2026,BANKETF,562.94,570.35,-0.0131,0.0107,0.0107,0.2044
28-APR-2026,BANKIETF,56.64,57.43,-0.0139,0.0105,0.0106,0.2025
28-APR-2026,BANKINDIA,144.25,147.51,-0.0223,0.0223,0.0223,0.4260
28-APR-2026,BANKNIFTY1,57.25,58.05,-0.0139,0.0110,0.0111,0.2121
28-APR-2026,BANKPSU,86.97,88.91,-0.0221,0.0150,0.0150,0.2866
28-APR-2026,BANSALWIRE,303.59,307.02,-0.0112,0.0219,0.0218,0.4165
28-APR-2026,BANSWRAS,120.39,117.62,0.0233,0.0253,0.0253,0.4834
28-APR-2026,BASF,3651.30,3645.30,0.0016,0.0212,0.0211,0.4031
28-APR-2026,BASML,23.65,23.24,0.0175,0.0308,0.0307,0.5865
28-APR-2026,BATAINDIA,725.55,731.15,-0.0077,0.0175,0.0175,0.3343
28-APR-2026,BATLIBOI,83.25,82.15,0.0133,0.0350,0.0349,0.6668
28-APR-2026,BAYERCROP,4600.80,4676.40,-0.0163,0.0167,0.0167,0.3191
28-APR-2026,BBETF0432,1314.56,1317.13,-0.0020,0.0022,0.0022,0.0420
28-APR-2026,BBL,3182.50,3216.90,-0.0108,0.0278,0.0277,0.5292
28-APR-2026,BBNPNBETF,55.84,56.72,-0.0156,0.0161,0.0161,0.3076
28-APR-2026,BBNPPGOLD,143.65,145.75,-0.0145,0.0204,0.0204,0.3897
28-APR-2026,BBOX,639.85,579.65,0.0988,0.0290,0.0297,0.5674
28-APR-2026,BBTC,1497.70,1512.20,-0.0096,0.0233,0.0233,0.4451
28-APR-2026,BBTCL,200.08,202.17,-0.0104,0.0256,0.0256,0.4891
28-APR-2026,BCG,9.63,9.63,0.0000,0.0447,0.0446,0.8521
28-APR-2026,BCLIND,34.13,34.22,-0.0026,0.0268,0.0267,0.5101
28-APR-2026,BCONCEPTS,245.28,245.52,-0.0010,0.0355,0.0354,0.6763
28-APR-2026,BCPL,71.78,70.98,0.0112,0.0091,0.0091,0.1739
28-APR-2026,BDL,1396.80,1391.30,0.0039,0.0273,0.0272,0.5197
28-APR-2026,BEARDSELL,26.31,26.48,-0.0064,0.0323,0.0322,0.6152
28-APR-2026,BECTORFOOD,196.82,199.30,-0.0125,0.0241,0.0240,0.4585
28-APR-2026,BEDMUTHA,112.86,112.00,0.0076,0.0275,0.0275,0.5254
28-APR-2026,BEEKAY,444.05,431.10,0.0296,0.0266,0.0266,0.5082
28-APR-2026,BEL,435.75,435.60,0.0003,0.0192,0.0192,0.3668
28-APR-2026,BELLACASA,256.89,264.50,-0.0292,0.0346,0.0345,0.6591
28-APR-2026,BELRISE,215.66,216.78,-0.0052,0.0207,0.0207,0.3955
28-APR-2026,BEML,1842.00,1821.70,0.0111,0.0291,0.0290,0.5540
28-APR-2026,BENGALASM,6316.70,6305.90,0.0017,0.0172,0.0172,0.3286
28-APR-2026,BEPL,98.67,96.53,0.0219,0.0219,0.0219,0.4184
28-APR-2026,BERGEPAINT,459.80,463.60,-0.0082,0.0156,0.0156,0.2980
28-APR-2026,BESTAGRO,18.51,17.59,0.0510,0.0347,0.0348,0.6649
28-APR-2026,BETA,1302.30,1312.70,-0.0080,0.0228,0.0227,0.4337
28-APR-2026,BFINVEST,419.35,419.25,0.0002,0.0243,0.0243,0.4643
28-APR-2026,BFSI,26.83,27.05,-0.0082,0.0113,0.0113,0.2159
28-APR-2026,BFUTILITIE,569.30,568.65,0.0011,0.0295,0.0295,0.5636
28-APR-2026,BGRENERGY,312.28,298.36,0.0456,0.0356,0.0356,0.6801
28-APR-2026,BHAGCHEM,268.61,272.60,-0.0147,0.0283,0.0282,0.5388
28-APR-2026,BHAGERIA,176.58,171.80,0.0274,0.0288,0.0288,0.5502
28-APR-2026,BHAGYANGR,278.69,249.23,0.1117,0.0367,0.0375,0.7164
28-APR-2026,BHANDARI,3.27,3.26,0.0031,0.0330,0.0329,0.6286
28-APR-2026,BHARATCOAL,33.67,33.91,-0.0071,0.0160,0.0159,0.3038
28-APR-2026,BHARATFORG,1894.80,1901.10,-0.0033,0.0205,0.0204,0.3897
28-APR-2026,BHARATGEAR,107.44,109.75,-0.0213,0.0301,0.0301,0.5751
28-APR-2026,BHARATRAS,1388.40,1394.50,-0.0044,0.0303,0.0302,0.5770
28-APR-2026,BHARATSE,173.29,177.07,-0.0216,0.0370,0.0370,0.7069
28-APR-2026,BHARATWIRE,222.91,227.96,-0.0224,0.0344,0.0343,0.6553
28-APR-2026,BHARTIARTL,1843.80,1820.10,0.0129,0.0126,0.0126,0.2407
28-APR-2026,BHARTIHEXA,1509.60,1499.20,0.0069,0.0201,0.0200,0.3821
28-APR-2026,BHEL,354.73,348.58,0.0175,0.0246,0.0246,0.4700
28-APR-2026,BI,60.90,61.50,-0.0098,0.0319,0.0318,0.6075
28-APR-2026,BIGBLOC,48.27,48.82,-0.0113,0.0350,0.0349,0.6668
28-APR-2026,BIKAJI,672.75,680.45,-0.0114,0.0185,0.0184,0.3515
28-APR-2026,BIL,776.30,771.45,0.0063,0.0303,0.0302,0.5770
28-APR-2026,BIMETAL,600.60,583.60,0.0287,0.0226,0.0226,0.4318
28-APR-2026,BIOCON,362.80,362.00,0.0022,0.0189,0.0189,0.3611
28-APR-2026,BIOFILCHEM,34.22,33.73,0.0144,0.0330,0.0330,0.6305
28-APR-2026,BIRET,325.92,320.94,0.0154,0.0117,0.0117,0.2235
28-APR-2026,BIRLACABLE,156.68,160.33,-0.0230,0.0325,0.0325,0.6209
28-APR-2026,BIRLACORPN,921.60,942.10,-0.0220,0.0231,0.0230,0.4394
28-APR-2026,BIRLAMONEY,149.82,145.69,0.0280,0.0291,0.0291,0.5560
28-APR-2026,BIRLANU,1404.30,1426.70,-0.0158,0.0228,0.0228,0.4356
28-APR-2026,BIRLAPREC,34.55,34.00,0.0160,0.0334,0.0333,0.6362
28-APR-2026,BIUL,52.35,52.35,0.0000,0.0372,0.0371,0.7088
28-APR-2026,BLACKBUCK,581.65,618.75,-0.0618,0.0267,0.0270,0.5158
28-APR-2026,BLACKROSE,83.90,84.65,-0.0089,0.0221,0.0220,0.4203
28-APR-2026,BLAL,188.51,189.70,-0.0063,0.0202,0.0202,0.3859
28-APR-2026,BLBLIMITED,17.58,17.67,-0.0051,0.0312,0.0311,0.5942
28-APR-2026,BLIL,72.80,72.85,-0.0007,0.0164,0.0164,0.3133
28-APR-2026,BLISSGVS,269.26,273.74,-0.0165,0.0360,0.0359,0.6859
28-APR-2026,BLKASHYAP,51.60,52.84,-0.0237,0.0309,0.0309,0.5903
28-APR-2026,BLS,279.28,282.04,-0.0098,0.0313,0.0312,0.5961
28-APR-2026,BLSE,186.32,192.25,-0.0313,0.0281,0.0282,0.5388
28-APR-2026,BLUECHIP,1.98,2.02,-0.0200,0.0676,0.0675,1.2896
28-APR-2026,BLUECOAST,31.00,31.35,-0.0112,0.0545,0.0544,1.0393
28-APR-2026,BLUEDART,5406.70,5421.80,-0.0028,0.0191,0.0191,0.3649
28-APR-2026,BLUEJET,443.45,443.65,-0.0005,0.0315,0.0314,0.5999
28-APR-2026,BLUESTARCO,1891.60,1916.30,-0.0130,0.0222,0.0222,0.4241
28-APR-2026,BLUESTONE,514.55,540.50,-0.0492,0.0238,0.0239,0.4566
28-APR-2026,BLUSPRING,62.10,63.40,-0.0207,0.0254,0.0254,0.4853
28-APR-2026,BMWVENTLTD,65.13,65.28,-0.0023,0.0203,0.0202,0.3859
28-APR-2026,BNAGROCHEM,237.30,245.35,-0.0334,0.0350,0.0350,0.6687
28-APR-2026,BNALTD,423.15,392.55,0.0751,0.0333,0.0337,0.6438
28-APR-2026,BODALCHEM,68.86,67.21,0.0243,0.0265,0.0265,0.5063
28-APR-2026,BOHRAIND,18.56,18.56,0.0000,0.0297,0.0297,0.5674
28-APR-2026,BOMDYEING,114.85,115.59,-0.0064,0.0277,0.0276,0.5273
28-APR-2026,BONLON,48.59,49.17,-0.0119,0.0393,0.0393,0.7508
28-APR-2026,BORANA,337.30,335.55,0.0052,0.0225,0.0224,0.4280
28-APR-2026,BOROLTD,251.19,256.23,-0.0199,0.0247,0.0247,0.4719
28-APR-2026,BORORENEW,513.10,516.80,-0.0072,0.0272,0.0271,0.5177
28-APR-2026,BOROSCI,116.73,116.29,0.0038,0.0253,0.0252,0.4814
28-APR-2026,BOSCH-HCIL,1439.00,1420.70,0.0128,0.0238,0.0237,0.4528
28-APR-2026,BOSCHLTD,37320.00,37225.00,0.0025,0.0181,0.0181,0.3458
28-APR-2026,BPCL,307.75,312.65,-0.0158,0.0193,0.0193,0.3687
28-APR-2026,BPL,59.61,57.28,0.0399,0.0338,0.0338,0.6457
28-APR-2026,BRIGADE,800.85,786.70,0.0178,0.0218,0.0217,0.4146
28-APR-2026,BRIGHOTEL,68.05,68.01,0.0006,0.0134,0.0134,0.2560
28-APR-2026,BRITANNIA,5662.00,5717.50,-0.0098,0.0130,0.0130,0.2484
28-APR-2026,BRNL,20.98,20.93,0.0024,0.0312,0.0311,0.5942
28-APR-2026,BROOKS,61.81,64.49,-0.0424,0.0431,0.0431,0.8234
28-APR-2026,BSE,3626.10,3534.60,0.0256,0.0306,0.0306,0.5846
28-APR-2026,BSE500IETF,38.44,38.47,-0.0008,0.0096,0.0096,0.1834
28-APR-2026,BSHSL,98.93,100.31,-0.0139,0.0338,0.0337,0.6438
28-APR-2026,BSL,125.69,128.76,-0.0241,0.0307,0.0307,0.5865
28-APR-2026,BSLGOLDETF,130.57,132.11,-0.0117,0.0186,0.0185,0.3534
28-APR-2026,BSLNIFTY,27.93,28.04,-0.0039,0.0087,0.0086,0.1643
28-APR-2026,BSLSENETFG,77.03,77.61,-0.0075,0.0094,0.0094,0.1796
28-APR-2026,BSOFT,371.00,371.90,-0.0024,0.0236,0.0236,0.4509
28-APR-2026,BTML,6.29,6.30,-0.0016,0.0341,0.0340,0.6496
28-APR-2026,BTTL,33.45,33.25,0.0060,0.0336,0.0336,0.6419
28-APR-2026,BUILDPRO,1135.00,1128.80,0.0055,0.0243,0.0242,0.4623
28-APR-2026,BUTTERFLY,603.25,606.60,-0.0055,0.0252,0.0251,0.4795
28-APR-2026,BVCL,45.24,45.88,-0.0140,0.0361,0.0360,0.6878
28-APR-2026,BYKE,37.88,37.24,0.0170,0.0354,0.0353,0.6744
28-APR-2026,CALSOFT,12.02,12.05,-0.0025,0.0317,0.0316,0.6037
28-APR-2026,CAMLINFINE,124.59,127.68,-0.0245,0.0367,0.0367,0.7012
28-APR-2026,CAMPUS,250.23,250.60,-0.0015,0.0193,0.0193,0.3687
28-APR-2026,CAMS,760.45,759.85,0.0008,0.0208,0.0208,0.3974
28-APR-2026,CANBK,137.10,140.52,-0.0246,0.0203,0.0203,0.3878
28-APR-2026,CANFINHOME,883.30,915.35,-0.0356,0.0181,0.0182,0.3477
28-APR-2026,CANHLIFE,136.32,139.71,-0.0246,0.0140,0.0140,0.2675
28-APR-2026,CANTABIL,248.14,246.52,0.0065,0.0244,0.0243,0.4643
28-APR-2026,CAPACITE,253.90,255.26,-0.0053,0.0296,0.0295,0.5636
28-APR-2026,CAPFIN,10.00,10.00,0.0000,0.0000,0.0000,0.0000
28-APR-2026,CAPILLARY,580.25,565.50,0.0257,0.0200,0.0200,0.3821
28-APR-2026,CAPINVIT,69.99,69.93,0.0009,0.0072,0.0071,0.1356
28-APR-2026,CAPITALSFB,264.12,263.65,0.0018,0.0170,0.0169,0.3229
28-APR-2026,CAPLIPOINT,1732.20,1761.20,-0.0166,0.0225,0.0224,0.4280
28-APR-2026,CAPTRUST,13.41,13.21,0.0150,0.0347,0.0346,0.6610
28-APR-2026,CARBORUNIV,968.15,946.10,0.0230,0.0206,0.0206,0.3936
28-APR-2026,CARERATING,1596.20,1586.70,0.0060,0.0221,0.0221,0.4222
28-APR-2026,CARRARO,563.45,561.25,0.0039,0.0301,0.0300,0.5731
28-APR-2026,CARTRADE,1663.20,1718.20,-0.0325,0.0336,0.0336,0.6419
28-APR-2026,CARYSIL,919.25,913.30,0.0065,0.0298,0.0297,0.5674
28-APR-2026,CASHIETF,1059.62,1059.49,0.0001,0.0002,0.0002,0.0038
28-APR-2026,CASTLE,25.35,25.35,0.0000,0.0000,0.0000,0.0000
28-APR-2026,CASTROLIND,183.81,184.51,-0.0038,0.0164,0.0164,0.3133
28-APR-2026,CCAVENUE,14.15,14.05,0.0071,0.0263,0.0262,0.5006
28-APR-2026,CCCL,17.50,17.87,-0.0209,0.0629,0.0627,1.1979
28-APR-2026,CCHHL,13.90,13.88,0.0014,0.0287,0.0286,0.5464
28-APR-2026,CCL,1103.20,1121.20,-0.0162,0.0223,0.0223,0.4260
28-APR-2026,CDSL,1324.60,1324.10,0.0004,0.0236,0.0235,0.4490
28-APR-2026,CEATLTD,3516.70,3535.30,-0.0053,0.0247,0.0246,0.4700
28-APR-2026,CEIGALL,331.30,337.40,-0.0182,0.0181,0.0181,0.3458
28-APR-2026,CEINSYS,1094.75,1123.85,-0.0262,0.0380,0.0380,0.7260
28-APR-2026,CELEBRITY,8.07,7.53,0.0693,0.0353,0.0355,0.6782
28-APR-2026,CELLO,418.75,428.00,-0.0218,0.0188,0.0188,0.3592
28-APR-2026,CEMPRO,680.10,662.50,0.0262,0.0282,0.0282,0.5388
28-APR-2026,CENTENKA,422.40,429.20,-0.0160,0.0224,0.0223,0.4260
28-APR-2026,CENTEXT,20.88,21.33,-0.0213,0.0361,0.0361,0.6897
28-APR-2026,CENTRALBK,36.06,36.52,-0.0127,0.0222,0.0222,0.4241
28-APR-2026,CENTRUM,24.90,24.86,0.0016,0.0334,0.0333,0.6362
28-APR-2026,CENTUM,2899.10,2868.40,0.0106,0.0340,0.0339,0.6477
28-APR-2026,CENTURYPLY,784.85,791.50,-0.0084,0.0196,0.0196,0.3745
28-APR-2026,CERA,5227.70,5265.60,-0.0072,0.0187,0.0187,0.3573
28-APR-2026,CEREBRAINT,4.24,4.39,-0.0348,0.0309,0.0309,0.5903
28-APR-2026,CESC,191.27,188.01,0.0172,0.0199,0.0199,0.3802
28-APR-2026,CEWATER,329.50,336.40,-0.0207,0.0297,0.0297,0.5674
28-APR-2026,CGCL,185.05,185.12,-0.0004,0.0256,0.0255,0.4872
28-APR-2026,CGPOWER,831.20,820.30,0.0132,0.0221,0.0220,0.4203
28-APR-2026,CHALET,785.30,790.55,-0.0067,0.0197,0.0197,0.3764
28-APR-2026,CHAMBLFERT,448.50,445.95,0.0057,0.0208,0.0207,0.3955
28-APR-2026,CHEMBOND,152.37,152.85,-0.0031,0.0300,0.0299,0.5712
28-APR-2026,CHEMBONDCH,153.34,152.11,0.0081,0.0306,0.0305,0.5827
28-APR-2026,CHEMCON,161.87,162.22,-0.0022,0.0265,0.0264,0.5044
28-APR-2026,CHEMFAB,404.60,394.30,0.0258,0.0298,0.0298,0.5693
28-APR-2026,CHEMICAL,28.40,28.22,0.0064,0.0093,0.0093,0.1777
28-APR-2026,CHEMPLASTS,236.85,236.65,0.0008,0.0288,0.0287,0.5483
28-APR-2026,CHENNPETRO,1072.30,997.45,0.0724,0.0312,0.0315,0.6018
28-APR-2026,CHEVIOT,1094.80,1114.70,-0.0180,0.0160,0.0160,0.3057
28-APR-2026,CHOICEGOLD,147.06,149.00,-0.0131,0.0144,0.0143,0.2732
28-APR-2026,CHOICEIN,677.45,692.70,-0.0223,0.0207,0.0207,0.3955
28-APR-2026,CHOLAFIN,1536.40,1560.70,-0.0157,0.0213,0.0212,0.4050
28-APR-2026,CHOLAHLDNG,1551.10,1587.40,-0.0231,0.0252,0.0252,0.4814
28-APR-2026,CIEINDIA,469.65,483.80,-0.0297,0.0192,0.0193,0.3687
28-APR-2026,CIFL,27.52,27.83,-0.0112,0.0303,0.0302,0.5770
28-APR-2026,CIGNITITEC,1189.40,1187.80,0.0013,0.0233,0.0232,0.4432
28-APR-2026,CINELINE,87.53,86.37,0.0133,0.0277,0.0276,0.5273
28-APR-2026,CINEVISTA,15.72,15.52,0.0128,0.0344,0.0343,0.6553
28-APR-2026,CIPLA,1306.50,1317.20,-0.0082,0.0135,0.0135,0.2579
28-APR-2026,CITYGOLD,10.00,10.00,0.0000,0.0000,0.0000,0.0000
28-APR-2026,CLEAN,794.35,810.20,-0.0198,0.0205,0.0205,0.3917
28-APR-2026,CLEANMAX,1070.80,1069.55,0.0012,0.0151,0.0151,0.2885
28-APR-2026,CLEDUCATE,48.14,48.18,-0.0008,0.0352,0.0351,0.6706
28-APR-2026,CLSEL,282.64,280.65,0.0071,0.0282,0.0281,0.5368
28-APR-2026,CMPDI,190.44,180.51,0.0536,0.0096,0.0103,0.1968
28-APR-2026,CMSINFO,300.10,304.20,-0.0136,0.0187,0.0187,0.3573
28-APR-2026,CNL,608.20,607.80,0.0007,0.0246,0.0245,0.4681
28-APR-2026,COALINDIA,467.00,452.50,0.0315,0.0160,0.0161,0.3076
28-APR-2026,COASTCORP,56.86,58.42,-0.0271,0.0332,0.0332,0.6343
28-APR-2026,COCHINSHIP,1695.60,1679.40,0.0096,0.0285,0.0285,0.5445
28-APR-2026,COCKERILL,5153.00,5201.55,-0.0094,0.0325,0.0324,0.6190
28-APR-2026,COFFEEDAY,26.63,26.49,0.0053,0.0358,0.0357,0.6820
28-APR-2026,COFORGE,1200.80,1202.40,-0.0013,0.0232,0.0231,0.4413
28-APR-2026,COHANCE,493.30,432.30,0.1320,0.0304,0.0317,0.6056
28-APR-2026,COLPAL,2125.20,2140.90,-0.0074,0.0158,0.0157,0.2999
28-APR-2026,COMFINTE,7.30,7.30,0.0000,0.0304,0.0303,0.5789
28-APR-2026,COMMOIETF,105.15,104.70,0.0043,0.0110,0.0110,0.2102
28-APR-2026,COMPINFO,1.40,1.42,-0.0142,0.0321,0.0321,0.6133
28-APR-2026,COMPUSOFT,13.96,13.85,0.0079,0.0309,0.0308,0.5884
28-APR-2026,COMSYN,153.49,153.27,0.0014,0.0262,0.0261,0.4986
28-APR-2026,CONCOR,510.50,514.20,-0.0072,0.0180,0.0180,0.3439
28-APR-2026,CONCORDBIO,1072.00,1057.90,0.0132,0.0262,0.0261,0.4986
28-APR-2026,CONFIPET,58.71,57.73,0.0168,0.0366,0.0365,0.6973
28-APR-2026,CONS,11.69,11.75,-0.0051,0.0105,0.0105,0.2006
28-APR-2026,CONSOFINVT,225.14,225.00,0.0006,0.0262,0.0261,0.4986
28-APR-2026,CONSUMBEES,126.51,127.10,-0.0047,0.0094,0.0094,0.1796
28-APR-2026,CONSUMER,10.99,11.05,-0.0054,0.0114,0.0114,0.2178
28-APR-2026,CONSUMIETF,117.82,117.98,-0.0014,0.0095,0.0095,0.1815
28-APR-2026,CONTROLPR,655.20,662.35,-0.0109,0.0234,0.0233,0.4451
28-APR-2026,CORALFINAC,34.48,35.04,-0.0161,0.0287,0.0286,0.5464
28-APR-2026,CORDSCABLE,180.33,182.67,-0.0129,0.0304,0.0303,0.5789
28-APR-2026,COROMANDEL,2010.70,2031.10,-0.0101,0.0207,0.0207,0.3955
28-APR-2026,CORONA,1685.20,1686.30,-0.0007,0.0130,0.0130,0.2484
28-APR-2026,COSMOFIRST,719.60,719.60,0.0000,0.0296,0.0295,0.5636
28-APR-2026,COUNCODOS,5.28,5.16,0.0230,0.0352,0.0351,0.6706
28-APR-2026,CPCAP,96.70,99.18,-0.0253,0.0269,0.0269,0.5139
28-APR-2026,CPEDU,196.66,190.66,0.0310,0.0257,0.0257,0.4910
28-APR-2026,CPPLUS,2306.60,2345.20,-0.0166,0.0215,0.0215,0.4108
28-APR-2026,CPSEETF,108.60,107.44,0.0107,0.0118,0.0118,0.2254
28-APR-2026,CRAFTSMAN,7572.00,7633.00,-0.0080,0.0238,0.0237,0.4528
28-APR-2026,CRAMC,267.94,279.91,-0.0437,0.0203,0.0204,0.3897
28-APR-2026,CREATIVEYE,7.25,7.06,0.0266,0.0397,0.0397,0.7585
28-APR-2026,CRED,12.00,12.00,0.0000,0.0036,0.0036,0.0688
28-APR-2026,CREDITACC,1251.20,1241.50,0.0078,0.0255,0.0255,0.4872
28-APR-2026,CREST,367.40,363.45,0.0108,0.0257,0.0257,0.4910
28-APR-2026,CRISIL,4272.60,4291.50,-0.0044,0.0192,0.0192,0.3668
28-APR-2026,CRIZAC,215.12,215.51,-0.0018,0.0239,0.0238,0.4547
28-APR-2026,CROMPTON,269.63,258.67,0.0415,0.0184,0.0186,0.3554
28-APR-2026,CROWN,137.58,139.43,-0.0134,0.0336,0.0335,0.6400
28-APR-2026,CSBBANK,393.55,396.60,-0.0077,0.0280,0.0279,0.5330
28-APR-2026,CSLFINANCE,228.09,231.50,-0.0148,0.0277,0.0276,0.5273
28-APR-2026,CTE,31.95,30.61,0.0428,0.0355,0.0355,0.6782
28-APR-2026,CUB,275.65,271.22,0.0162,0.0232,0.0231,0.4413
28-APR-2026,CUBEINVIT,148.00,148.50,-0.0034,0.0108,0.0108,0.2063
28-APR-2026,CUBEXTUB,100.88,95.31,0.0568,0.0362,0.0364,0.6954
28-APR-2026,CUMMINSIND,5258.00,5233.20,0.0047,0.0188,0.0187,0.3573
28-APR-2026,CUPID,111.53,112.26,-0.0065,0.0351,0.0350,0.6687
28-APR-2026,CURAA,93.94,89.41,0.0494,0.0417,0.0417,0.7967
28-APR-2026,CYBERMEDIA,16.15,16.12,0.0019,0.0366,0.0365,0.6973
28-APR-2026,CYBERTECH,127.40,128.45,-0.0082,0.0342,0.0342,0.6534
28-APR-2026,CYIENT,858.50,885.20,-0.0306,0.0230,0.0231,0.4413
28-APR-2026,CYIENTDLM,392.60,400.10,-0.0189,0.0252,0.0252,0.4814
28-APR-2026,DABUR,450.15,452.00,-0.0041,0.0142,0.0142,0.2713
28-APR-2026,DAICHI,259.35,260.15,-0.0031,0.0274,0.0273,0.5216
28-APR-2026,DALBHARAT,1918.90,1972.70,-0.0277,0.0173,0.0174,0.3324
28-APR-2026,DALMIARF,182.00,182.00,0.0000,0.0025,0.0025,0.0478
28-APR-2026,DALMIASUG,373.00,376.65,-0.0097,0.0264,0.0263,0.5025
28-APR-2026,DAMCAPITAL,160.22,163.23,-0.0186,0.0280,0.0279,0.5330
28-APR-2026,DAMODARIND,31.03,27.71,0.1132,0.0285,0.0295,0.5636
28-APR-2026,DANGEE,3.66,3.58,0.0221,0.0376,0.0376,0.7183
28-APR-2026,DATAMATICS,711.75,722.65,-0.0152,0.0308,0.0308,0.5884
28-APR-2026,DATAPATTNS,4060.10,3960.20,0.0249,0.0321,0.0321,0.6133
28-APR-2026,DAVANGERE,3.61,3.63,-0.0055,0.0314,0.0313,0.5980
28-APR-2026,DBCORP,218.76,223.50,-0.0214,0.0225,0.0225,0.4299
28-APR-2026,DBEIL,83.32,84.67,-0.0161,0.0288,0.0287,0.5483
28-APR-2026,DBL,474.05,467.25,0.0144,0.0247,0.0247,0.4719
28-APR-2026,DBOL,119.42,120.99,-0.0131,0.0284,0.0283,0.5407
28-APR-2026,DBREALTY,105.41,106.75,-0.0126,0.0330,0.0330,0.6305
28-APR-2026,DBSTOCKBRO,27.50,27.12,0.0139,0.0208,0.0208,0.3974
28-APR-2026,DCAL,184.17,174.80,0.0522,0.0358,0.0359,0.6859
28-APR-2026,DCBBANK,189.62,190.92,-0.0068,0.0240,0.0239,0.4566
28-APR-2026,DCI,291.55,303.80,-0.0412,0.0333,0.0334,0.6381
28-APR-2026,DCM,84.10,84.07,0.0004,0.0280,0.0279,0.5330
28-APR-2026,DCMFINSERV,4.90,4.90,0.0000,0.0385,0.0384,0.7336
28-APR-2026,DCMNVL,145.08,138.93,0.0433,0.0284,0.0285,0.5445
28-APR-2026,DCMSHRIRAM,1179.10,1196.80,-0.0149,0.0224,0.0223,0.4260
28-APR-2026,DCMSIL,62.07,62.55,-0.0077,0.0295,0.0294,0.5617
28-APR-2026,DCMSRIND,39.55,39.96,-0.0103,0.0251,0.0251,0.4795
28-APR-2026,DCW,46.90,45.80,0.0237,0.0317,0.0316,0.6037
28-APR-2026,DCXINDIA,201.58,203.16,-0.0078,0.0315,0.0315,0.6018
28-APR-2026,DDEVPLSTIK,252.90,248.95,0.0157,0.0314,0.0313,0.5980
28-APR-2026,DECCANCE,651.45,658.10,-0.0102,0.0276,0.0275,0.5254
28-APR-2026,DECNGOLD,122.95,123.55,-0.0049,0.0372,0.0371,0.7088
28-APR-2026,DEEDEV,402.80,424.00,-0.0513,0.0336,0.0337,0.6438
28-APR-2026,DEEPAKFERT,1218.95,1240.45,-0.0175,0.0288,0.0288,0.5502
28-APR-2026,DEEPAKNTR,1682.80,1684.80,-0.0012,0.0198,0.0198,0.3783
28-APR-2026,DEEPINDS,487.00,487.85,-0.0017,0.0294,0.0293,0.5598
28-APR-2026,DEFENCE,73.22,73.07,0.0021,0.0087,0.0087,0.1662
28-APR-2026,DELHISAFE,48.80,48.80,0.0000,0.0000,0.0000,0.0000
28-APR-2026,DELHIVERY,465.40,462.70,0.0058,0.0205,0.0205,0.3917
28-APR-2026,DELPHIFX,12.86,12.71,0.0117,0.0370,0.0370,0.7069
28-APR-2026,DELTACORP,73.34,75.44,-0.0282,0.0294,0.0294,0.5617
28-APR-2026,DELTAMAGNT,62.87,62.71,0.0025,0.0329,0.0328,0.6266
28-APR-2026,DEN,28.05,28.10,-0.0018,0.0217,0.0216,0.4127
28-APR-2026,DENIMDL,1.10,1.10,0.0000,0.0000,0.0000,0.0000
28-APR-2026,DENORA,834.40,814.70,0.0239,0.0285,0.0284,0.5426
28-APR-2026,DENTA,282.20,281.09,0.0039,0.0299,0.0298,0.5693
28-APR-2026,DEVIT,32.20,33.50,-0.0396,0.0351,0.0352,0.6725
28-APR-2026,DEVRUPTRAD,10.00,10.00,0.0000,0.0000,0.0000,0.0000
28-APR-2026,DEVX,42.54,42.71,-0.0040,0.0242,0.0241,0.4604
28-APR-2026,DEVYANI,112.17,111.72,0.0040,0.0233,0.0233,0.4451
28-APR-2026,DEWANHOUS,16.70,16.70,0.0000,0.0030,0.0030,0.0573
28-APR-2026,DGCONTENT,31.03,30.19,0.0274,0.0335,0.0335,0.6400
28-APR-2026,DHAMPURSUG,139.97,144.51,-0.0319,0.0235,0.0235,0.4490
28-APR-2026,DHANBANK,31.82,27.90,0.1315,0.0240,0.0257,0.4910
28-APR-2026,DHANUKA,1065.95,1071.90,-0.0056,0.0226,0.0226,0.4318
28-APR-2026,DHARMAJ,255.82,256.95,-0.0044,0.0266,0.0265,0.5063
28-APR-2026,DHRUV,35.97,35.61,0.0101,0.0321,0.0320,0.6114
28-APR-2026,DHUNINV,923.60,936.50,-0.0139,0.0293,0.0292,0.5579
28-APR-2026,DIACABS,162.86,165.58,-0.0166,0.0285,0.0284,0.5426
28-APR-2026,DIAMINESQ,265.78,275.21,-0.0349,0.0266,0.0267,0.5101
28-APR-2026,DIAMONDYD,1007.90,1002.60,0.0053,0.0222,0.0222,0.4241
28-APR-2026,DICIND,526.95,538.95,-0.0225,0.0213,0.0213,0.4069
28-APR-2026,DIFFNKG,299.44,308.40,-0.0295,0.0287,0.0287,0.5483
28-APR-2026,DIGIDRIVE,23.98,22.80,0.0505,0.0272,0.0274,0.5235
28-APR-2026,DIGISPICE,21.20,20.98,0.0104,0.0312,0.0312,0.5961
28-APR-2026,DIGITIDE,95.19,94.88,0.0033,0.0259,0.0259,0.4948
28-APR-2026,DIGJAMLMTD,46.73,47.88,-0.0243,0.0295,0.0295,0.5636
28-APR-2026,DISAQ,12290.55,12389.05,-0.0080,0.0187,0.0187,0.3573
28-APR-2026,DISHTV,3.80,3.87,-0.0183,0.0353,0.0352,0.6725
28-APR-2026,DIVGIITTS,740.95,743.95,-0.0040,0.0259,0.0259,0.4948
28-APR-2026,DIVIDEND,37.15,36.90,0.0068,0.0073,0.0073,0.1395
28-APR-2026,DIVISLAB,6432.50,6477.00,-0.0069,0.0154,0.0154,0.2942
28-APR-2026,DIVOPPBEES,79.91,80.20,-0.0036,0.0090,0.0090,0.1719
28-APR-2026,DIXON,11369.50,11252.00,0.0104,0.0255,0.0255,0.4872
28-APR-2026,DJML,91.50,92.12,-0.0068,0.0300,0.0299,0.5712
28-APR-2026,DLF,587.90,592.45,-0.0077,0.0198,0.0198,0.3783
28-APR-2026,DLINKINDIA,459.15,461.80,-0.0058,0.0254,0.0253,0.4834
28-APR-2026,DMART,4544.30,4507.10,0.0082,0.0171,0.0170,0.3248
28-APR-2026,DMCC,284.09,285.22,-0.0040,0.0318,0.0317,0.6056
28-APR-2026,DNAMEDIA,2.98,2.97,0.0034,0.0369,0.0368,0.7031
28-APR-2026,DODLA,1146.90,1103.60,0.0385,0.0220,0.0222,0.4241
28-APR-2026,DOLATALGO,77.59,78.32,-0.0094,0.0278,0.0278,0.5311
28-APR-2026,DOLLAR,303.94,312.72,-0.0285,0.0266,0.0266,0.5082
28-APR-2026,DOLPHIN,417.60,418.45,-0.0020,0.0567,0.0565,1.0794
28-APR-2026,DOMS,2295.40,2328.10,-0.0141,0.0209,0.0209,0.3993
28-APR-2026,DONEAR,92.52,92.75,-0.0025,0.0273,0.0273,0.5216
28-APR-2026,DPABHUSHAN,1121.40,1116.80,0.0041,0.0246,0.0245,0.4681
28-APR-2026,DPSCLTD,10.15,10.03,0.0119,0.0268,0.0268,0.5120
28-APR-2026,DPWIRES,186.65,187.24,-0.0032,0.0321,0.0321,0.6133
28-APR-2026,DRAGARWQ,4940.80,4980.70,-0.0080,0.0230,0.0230,0.4394
28-APR-2026,DRCSYSTEMS,15.29,15.70,-0.0265,0.0325,0.0325,0.6209
28-APR-2026,DREAMFOLKS,82.41,82.81,-0.0048,0.0326,0.0325,0.6209
28-APR-2026,DREDGECORP,960.65,969.25,-0.0089,0.0362,0.0361,0.6897
28-APR-2026,DRREDDY,1354.60,1334.50,0.0149,0.0149,0.0149,0.2847
28-APR-2026,DSFCL,24.58,24.87,-0.0117,0.0229,0.0229,0.4375
28-APR-2026,DSSL,1056.45,1059.00,-0.0024,0.0305,0.0304,0.5808
28-APR-2026,DTIL,139.56,140.42,-0.0061,0.0266,0.0265,0.5063
28-APR-2026,DUCON,3.29,3.28,0.0030,0.0363,0.0363,0.6935
28-APR-2026,DVL,246.62,243.74,0.0117,0.0278,0.0277,0.5292
28-APR-2026,DWARKESH,42.11,44.67,-0.0590,0.0261,0.0264,0.5044
28-APR-2026,DYCL,383.41,382.72,0.0018,0.0332,0.0331,0.6324
28-APR-2026,DYNAMATECH,11759.00,12418.50,-0.0546,0.0277,0.0279,0.5330
28-APR-2026,DYNPRO,234.70,238.52,-0.0161,0.0305,0.0304,0.5808
28-APR-2026,E2E,2978.60,3048.00,-0.0230,0.0349,0.0349,0.6668
28-APR-2026,EASEMYTRIP,7.85,7.92,-0.0089,0.0334,0.0333,0.6362
28-APR-2026,EASTSILK,60.03,59.34,0.0116,0.1256,0.1253,2.3939
28-APR-2026,EBANKNIFTY,55.75,56.40,-0.0116,0.0108,0.0108,0.2063
28-APR-2026,EBBETF0430,1571.09,1570.58,0.0003,0.0019,0.0019,0.0363
28-APR-2026,EBBETF0431,1407.23,1407.91,-0.0005,0.0024,0.0024,0.0459
28-APR-2026,EBBETF0433,1276.90,1275.03,0.0015,0.0027,0.0027,0.0516
28-APR-2026,EBGNG,413.80,385.20,0.0716,0.0245,0.0249,0.4757
28-APR-2026,EBSL,10.00,10.00,0.0000,0.0000,0.0000,0.0000
28-APR-2026,ECAPINSURE,23.79,23.78,0.0004,0.0124,0.0124,0.2369
28-APR-2026,ECLERX,1449.00,1479.30,-0.0207,0.0269,0.0269,0.5139
28-APR-2026,ECOSMOBLTY,138.97,141.09,-0.0151,0.0332,0.0332,0.6343
28-APR-2026,EDELWEISS,123.99,123.07,0.0074,0.0282,0.0282,0.5388
28-APR-2026,EFCIL,199.94,204.60,-0.0230,0.0310,0.0310,0.5923
28-APR-2026,EGOLD,148.25,149.90,-0.0111,0.0185,0.0184,0.3515
28-APR-2026,EICHERMOT,7071.50,7174.00,-0.0144,0.0175,0.0175,0.3343
28-APR-2026,EIDPARRY,845.35,854.15,-0.0104,0.0199,0.0198,0.3783
28-APR-2026,EIEL,216.78,209.47,0.0343,0.0305,0.0306,0.5846
28-APR-2026,EIFFL,246.47,247.69,-0.0049,0.0267,0.0266,0.5082
28-APR-2026,EIFL,10.00,10.00,0.0000,0.0000,0.0000,0.0000
28-APR-2026,EIHAHOTELS,322.90,320.55,0.0073,0.0220,0.0220,0.4203
28-APR-2026,EIHOTEL,326.15,328.65,-0.0076,0.0215,0.0214,0.4088
28-APR-2026,EIMCOELECO,1620.70,1636.00,-0.0094,0.0341,0.0340,0.6496
28-APR-2026,EKC,124.18,121.54,0.0215,0.0297,0.0297,0.5674
28-APR-2026,ELANTAS,9488.80,9058.05,0.0465,0.0236,0.0237,0.4528
28-APR-2026,ELCIDIN,126240.00,125670.25,0.0045,0.3180,0.3172,6.0601
28-APR-2026,ELDEHSG,844.95,858.25,-0.0156,0.0292,0.0292,0.5579
28-APR-2026,ELECON,479.20,497.50,-0.0375,0.0306,0.0306,0.5846
28-APR-2026,ELECTCAST,84.35,85.74,-0.0163,0.0324,0.0323,0.6171
28-APR-2026,ELECTHERM,863.60,866.80,-0.0037,0.0343,0.0342,0.6534
28-APR-2026,ELGIEQUIP,552.65,551.25,0.0025,0.0241,0.0241,0.4604
28-APR-2026,ELGIRUBCO,49.63,50.82,-0.0237,0.0395,0.0394,0.7527
28-APR-2026,ELIN,122.05,124.09,-0.0166,0.0306,0.0305,0.5827
28-APR-2026,ELIQUID,1028.41,1028.28,0.0001,0.0002,0.0002,0.0038
28-APR-2026,ELITECON,38.05,37.60,0.0119,0.1024,0.1022,1.9525
28-APR-2026,ELLEN,274.94,282.99,-0.0289,0.0261,0.0261,0.4986
28-APR-2026,ELM250,16.18,16.27,-0.0055,0.0095,0.0095,0.1815
28-APR-2026,ELPROINTL,112.38,114.06,-0.0148,0.0239,0.0239,0.4566
28-APR-2026,EMAMILTD,454.55,461.60,-0.0154,0.0187,0.0187,0.3573
28-APR-2026,EMAMIPAP,78.09,76.43,0.0215,0.0248,0.0248,0.4738
28-APR-2026,EMAMIREAL,94.66,104.56,-0.0995,0.0362,0.0368,0.7031
28-APR-2026,EMBASSY,426.91,433.43,-0.0152,0.0120,0.0120,0.2293
28-APR-2026,EMCURE,1608.20,1637.90,-0.0183,0.0210,0.0210,0.4012
28-APR-2026,EMIL,122.75,110.51,0.1050,0.0282,0.0291,0.5560
28-APR-2026,EMKAY,228.15,233.88,-0.0248,0.0355,0.0354,0.6763
28-APR-2026,EMMBI,84.31,86.55,-0.0262,0.0283,0.0282,0.5388
28-APR-2026,EMMVEE,272.28,263.73,0.0319,0.0228,0.0229,0.4375
28-APR-2026,EMPOWER,1.95,1.85,0.0526,0.0338,0.0340,0.6496
28-APR-2026,EMSLIMITED,359.45,358.20,0.0035,0.0315,0.0314,0.5999
28-APR-2026,EMUDHRA,493.10,491.60,0.0030,0.0239,0.0238,0.4547
28-APR-2026,EMULTIMQ,41.84,41.85,-0.0002,0.0107,0.0106,0.2025
28-APR-2026,ENDURANCE,2353.40,2367.90,-0.0061,0.0206,0.0206,0.3936
28-APR-2026,ENERGY,41.18,40.68,0.0122,0.0085,0.0086,0.1643
28-APR-2026,ENERGYDEV,17.42,17.08,0.0197,0.0331,0.0330,0.6305
28-APR-2026,ENGINERSIN,256.54,257.53,-0.0039,0.0284,0.0284,0.5426
28-APR-2026,ENIFTY,24.03,24.60,-0.0234,0.0073,0.0074,0.1414
28-APR-2026,ENIL,116.60,116.53,0.0006,0.0235,0.0234,0.4471
28-APR-2026,ENRIN,3233.70,3192.40,0.0129,0.0172,0.0172,0.3286
28-APR-2026,ENTERO,1195.50,1242.60,-0.0386,0.0236,0.0237,0.4528
28-APR-2026,EPACK,291.03,269.64,0.0763,0.0320,0.0324,0.6190
28-APR-2026,EPACKPEB,200.26,202.17,-0.0095,0.0291,0.0290,0.5540
28-APR-2026,EPIGRAL,1218.95,1231.85,-0.0105,0.0277,0.0277,0.5292
28-APR-2026,EPL,225.34,229.35,-0.0176,0.0219,0.0219,0.4184
28-APR-2026,EQUAL200,13.45,13.44,0.0007,0.0102,0.0102,0.1949
28-APR-2026,EQUAL50,325.85,326.90,-0.0032,0.0077,0.0077,0.1471
28-APR-2026,EQUAL50ADD,336.65,337.07,-0.0012,0.0104,0.0104,0.1987
28-APR-2026,EQUIPPP,17.14,17.01,0.0076,0.0283,0.0282,0.5388
28-APR-2026,EQUITASBNK,66.57,67.34,-0.0115,0.0221,0.0220,0.4203
28-APR-2026,ERIS,1327.50,1358.20,-0.0229,0.0197,0.0197,0.3764
28-APR-2026,ESABINDIA,6187.70,6071.70,0.0189,0.0180,0.0180,0.3439
28-APR-2026,ESAFSFB,25.21,24.31,0.0364,0.0222,0.0223,0.4260
28-APR-2026,ESCORTS,3308.50,3262.60,0.0140,0.0207,0.0206,0.3936
28-APR-2026,ESENSEX,77.09,77.50,-0.0053,0.0071,0.0071,0.1356
28-APR-2026,ESG,40.87,41.10,-0.0056,0.0095,0.0094,0.1796
28-APR-2026,ESILVER,234.65,240.87,-0.0262,0.0342,0.0341,0.6515
28-APR-2026,ESSARSHPNG,26.79,26.39,0.0150,0.0369,0.0368,0.7031
28-APR-2026,ESSENTIA,1.35,1.33,0.0149,0.0347,0.0346,0.6610
28-APR-2026,ESTER,91.51,92.34,-0.0090,0.0316,0.0315,0.6018
28-APR-2026,ETERNAL,253.11,255.50,-0.0094,0.0239,0.0239,0.4566
28-APR-2026,ETHOSLTD,2587.40,2626.70,-0.0151,0.0238,0.0238,0.4547
28-APR-2026,EUREKAFORB,498.65,507.90,-0.0184,0.0211,0.0211,0.4031
28-APR-2026,EUROBOND,172.07,178.12,-0.0346,0.0199,0.0200,0.3821
28-APR-2026,EUROPRATIK,269.42,268.04,0.0051,0.0246,0.0246,0.4700
28-APR-2026,EUROTEXIND,15.53,16.00,-0.0298,0.0529,0.0529,1.0107
28-APR-2026,EVEREADY,323.30,326.25,-0.0091,0.0232,0.0232,0.4432
28-APR-2026,EVERESTIND,391.70,396.80,-0.0129,0.0285,0.0285,0.5445
28-APR-2026,EVIETF,29.97,30.04,-0.0023,0.0109,0.0109,0.2082
28-APR-2026,EVINDIA,29.98,30.01,-0.0010,0.0118,0.0117,0.2235
28-APR-2026,EXCELINDUS,942.10,939.00,0.0033,0.0249,0.0249,0.4757
28-APR-2026,EXCELSOFT,94.36,92.99,0.0146,0.0237,0.0237,0.4528
28-APR-2026,EXICOM,117.00,118.43,-0.0121,0.0314,0.0313,0.5980
28-APR-2026,EXIDEIND,356.25,352.35,0.0110,0.0186,0.0186,0.3554
28-APR-2026,EXPLEOSOL,813.85,820.10,-0.0077,0.0236,0.0235,0.4490
28-APR-2026,EXXARO,7.00,7.00,0.0000,0.0317,0.0316,0.6037
28-APR-2026,FABTECH,172.67,162.30,0.0619,0.0257,0.0260,0.4967
28-APR-2026,FACT,906.10,907.40,-0.0014,0.0307,0.0307,0.5865
28-APR-2026,FAIRCHEMOR,560.25,570.05,-0.0173,0.0275,0.0275,0.5254
28-APR-2026,FAZE3Q,460.10,468.85,-0.0188,0.0397,0.0396,0.7566
28-APR-2026,FCL,22.98,23.01,-0.0013,0.0283,0.0282,0.5388
28-APR-2026,FCSSOFT,1.67,1.69,-0.0119,0.0316,0.0316,0.6037
28-APR-2026,FDC,365.15,367.10,-0.0053,0.0177,0.0176,0.3362
28-APR-2026,FEDDERSHOL,35.35,35.95,-0.0168,0.0315,0.0314,0.5999
28-APR-2026,FEDERALBNK,290.60,294.05,-0.0118,0.0167,0.0167,0.3191
28-APR-2026,FEDFINA,151.63,157.11,-0.0355,0.0249,0.0250,0.4776
28-APR-2026,FEL,0.47,0.47,0.0000,0.0374,0.0373,0.7126
28-APR-2026,FELDVR,3.03,3.06,-0.0099,0.0369,0.0368,0.7031
28-APR-2026,FERMENTA,312.70,313.85,-0.0037,0.0297,0.0297,0.5674
28-APR-2026,FFL,40.00,40.00,0.0000,0.0000,0.0000,0.0000
28-APR-2026,FIBERWEB,37.99,38.33,-0.0089,0.0297,0.0296,0.5655
28-APR-2026,FIEMIND,2188.70,2211.40,-0.0103,0.0236,0.0236,0.4509
28-APR-2026,FILATEX,45.28,45.07,0.0046,0.0278,0.0277,0.5292
28-APR-2026,FILATFASH,0.28,0.29,-0.0351,0.0387,0.0387,0.7394
28-APR-2026,FINCABLES,1004.40,1005.15,-0.0007,0.0233,0.0233,0.4451
28-APR-2026,FINEORG,4744.00,4883.60,-0.0290,0.0204,0.0205,0.3917
28-APR-2026,FINIETF,31.65,31.64,0.0003,0.0135,0.0135,0.2579
28-APR-2026,FINKURVE,72.18,71.69,0.0068,0.0380,0.0379,0.7241
28-APR-2026,FINOPB,133.44,137.55,-0.0303,0.0370,0.0370,0.7069
28-APR-2026,FINPIPE,175.75,175.36,0.0022,0.0205,0.0204,0.3897
28-APR-2026,FIRL,10.00,10.00,0.0000,0.0000,0.0000,0.0000
28-APR-2026,FIRSTCRY,245.58,251.67,-0.0245,0.0305,0.0305,0.5827
28-APR-2026,FISCHER,39.39,37.62,0.0460,0.0326,0.0327,0.6247
28-APR-2026,FIVESTAR,500.45,511.30,-0.0214,0.0266,0.0266,0.5082
28-APR-2026,FLAIR,320.05,326.00,-0.0184,0.0221,0.0221,0.4222
28-APR-2026,FLEXIADD,9.69,9.70,-0.0010,0.0071,0.0071,0.1356
28-APR-2026,FLEXITUFF,6.96,6.68,0.0411,0.0350,0.0351,0.6706
28-APR-2026,FLFL,1.52,1.50,0.0132,0.0317,0.0316,0.6037
28-APR-2026,FLUOROCHEM,3389.40,3406.50,-0.0050,0.0204,0.0204,0.3897
28-APR-2026,FMCGIETF,54.34,54.52,-0.0033,0.0091,0.0091,0.1739
28-APR-2026,FMGOETZE,464.90,437.80,0.0601,0.0254,0.0257,0.4910
28-APR-2026,FMNL,8.88,9.29,-0.0451,0.0309,0.0310,0.5923
28-APR-2026,FOCUS,79.46,78.55,0.0115,0.0310,0.0309,0.5903
28-APR-2026,FOODSIN,65.39,61.77,0.0570,0.0327,0.0329,0.6286
28-APR-2026,FORCEMOT,20766.00,20045.00,0.0353,0.0339,0.0339,0.6477
28-APR-2026,FORTIS,951.60,953.80,-0.0023,0.0185,0.0184,0.3515
28-APR-2026,FOSECOIND,4769.70,4807.90,-0.0080,0.0256,0.0256,0.4891
28-APR-2026,FRACTAL,978.50,972.25,0.0064,0.0150,0.0149,0.2847
28-APR-2026,FRICKINDIA,10.00,10.00,0.0000,0.0000,0.0000,0.0000
28-APR-2026,FRONTSP,1457.30,1469.30,-0.0082,0.0344,0.0343,0.6553
28-APR-2026,FSL,212.03,214.14,-0.0099,0.0266,0.0265,0.5063
28-APR-2026,FUSION,180.86,179.65,0.0067,0.0287,0.0286,0.5464
28-APR-2026,GABRIEL,1020.45,1013.45,0.0069,0.0317,0.0316,0.6037
28-APR-2026,GAEL,149.55,152.79,-0.0214,0.0232,0.0232,0.4432
28-APR-2026,GAIL,165.68,165.74,-0.0004,0.0185,0.0184,0.3515
28-APR-2026,GALAPREC,743.90,756.55,-0.0169,0.0261,0.0260,0.4967
28-APR-2026,GALAXYSURF,1855.70,1813.20,0.0232,0.0191,0.0191,0.3649
28-APR-2026,GALLANTT,852.75,872.50,-0.0229,0.0355,0.0355,0.6782
28-APR-2026,GANDHAR,140.55,142.28,-0.0122,0.0233,0.0232,0.4432
28-APR-2026,GANDHITUBE,846.25,849.60,-0.0040,0.0261,0.0260,0.4967
28-APR-2026,GANECOS,1037.90,1059.15,-0.0203,0.0317,0.0317,0.6056
28-APR-2026,GANESHBE,103.75,102.56,0.0115,0.0276,0.0275,0.5254
28-APR-2026,GANESHCP,195.73,191.61,0.0213,0.0214,0.0214,0.4088
28-APR-2026,GANESHHOU,680.70,662.65,0.0269,0.0268,0.0268,0.5120
28-APR-2026,GANGAFORGE,2.87,2.83,0.0140,0.0316,0.0316,0.6037
28-APR-2026,GANGESSECU,127.83,125.87,0.0155,0.0250,0.0250,0.4776
28-APR-2026,GARFIBRES,616.50,631.35,-0.0238,0.0229,0.0229,0.4375
28-APR-2026,GARUDA,174.84,172.33,0.0145,0.0354,0.0353,0.6744
28-APR-2026,GATECH,0.47,0.47,0.0000,0.0398,0.0397,0.7585
28-APR-2026,GATECHDVR,0.47,0.47,0.0000,0.0310,0.0309,0.5903
28-APR-2026,GATEWAY,57.95,57.90,0.0009,0.0202,0.0201,0.3840
28-APR-2026,GAUDIUMIVF,121.77,128.17,-0.0512,0.0255,0.0257,0.4910
28-APR-2026,GAYAHWS,2.22,2.33,-0.0484,0.0372,0.0372,0.7107
28-APR-2026,GAYAPROJ,17.48,18.35,-0.0486,0.0248,0.0250,0.4776
28-APR-2026,GCSL,355.15,340.30,0.0427,0.0387,0.0387,0.7394
28-APR-2026,GDHL,10.00,10.00,0.0000,0.0000,0.0000,0.0000
28-APR-2026,GEECEE,297.71,298.25,-0.0018,0.0267,0.0267,0.5101
28-APR-2026,GEEKAYWIRE,27.15,27.85,-0.0255,0.0299,0.0299,0.5712
28-APR-2026,GEMAROMA,169.34,166.78,0.0152,0.0251,0.0250,0.4776
28-APR-2026,GENCON,41.18,41.81,-0.0152,0.0362,0.0361,0.6897
28-APR-2026,GENESYS,266.04,273.20,-0.0266,0.0374,0.0373,0.7126
28-APR-2026,GENUSPAPER,13.73,13.77,-0.0029,0.0286,0.0285,0.5445
28-APR-2026,GENUSPOWER,311.77,302.39,0.0305,0.0286,0.0286,0.5464
28-APR-2026,GEOJITFSL,65.89,65.65,0.0036,0.0276,0.0275,0.5254
28-APR-2026,GESHIP,1474.40,1424.10,0.0347,0.0208,0.0209,0.3993
28-APR-2026,GFLLIMITED,48.38,48.49,-0.0023,0.0262,0.0261,0.4986
28-APR-2026,GHCL,513.95,513.35,0.0012,0.0203,0.0202,0.3859
28-APR-2026,GHCLTEXTIL,86.23,89.46,-0.0368,0.0244,0.0245,0.4681
28-APR-2026,GICHSGFIN,153.85,154.70,-0.0055,0.0186,0.0186,0.3554
28-APR-2026,GICL,40.87,40.86,0.0002,0.0202,0.0202,0.3859
28-APR-2026,GICRE,399.55,399.80,-0.0006,0.0204,0.0203,0.3878
28-APR-2026,GILLANDERS,93.99,89.95,0.0439,0.0269,0.0270,0.5158
28-APR-2026,GILLETTE,8203.00,8191.00,0.0015,0.0179,0.0178,0.3401
28-APR-2026,GILT10BETA,26.12,26.14,-0.0008,0.0081,0.0081,0.1548
28-APR-2026,GILT5BETA,64.87,65.51,-0.0098,0.0084,0.0084,0.1605
28-APR-2026,GILT5YBEES,64.39,64.52,-0.0020,0.0023,0.0023,0.0439
28-APR-2026,GINNIFILA,41.35,41.49,-0.0034,0.0344,0.0343,0.6553
28-APR-2026,GIPCL,157.44,157.86,-0.0027,0.0250,0.0249,0.4757
28-APR-2026,GKENERGY,137.39,131.76,0.0418,0.0258,0.0259,0.4948
28-APR-2026,GKSL,114.68,115.44,-0.0066,0.0128,0.0127,0.2426
28-APR-2026,GKWLIMITED,1600.00,1557.50,0.0269,0.0251,0.0251,0.4795
28-APR-2026,GLAND,1760.80,1775.40,-0.0083,0.0183,0.0182,0.3477
28-APR-2026,GLAXO,2410.20,2440.00,-0.0123,0.0198,0.0198,0.3783
28-APR-2026,GLENMARK,2403.70,2325.10,0.0332,0.0189,0.0190,0.3630
28-APR-2026,GLFL,7.11,7.29,-0.0250,0.0772,0.0770,1.4711
28-APR-2026,GLOBAL,102.40,104.02,-0.0157,0.0307,0.0306,0.5846
28-APR-2026,GLOBALE,13.99,14.28,-0.0205,0.0263,0.0263,0.5025
28-APR-2026,GLOBALVECT,187.10,185.19,0.0103,0.0344,0.0343,0.6553
28-APR-2026,GLOBE,2.48,2.52,-0.0160,0.0322,0.0322,0.6152
28-APR-2026,GLOBECIVIL,46.26,47.72,-0.0311,0.0256,0.0256,0.4891
28-APR-2026,GLOBUSSPR,1068.55,1080.40,-0.0110,0.0263,0.0263,0.5025
28-APR-2026,GLOSTERLTD,608.80,600.85,0.0131,0.0188,0.0187,0.3573
28-APR-2026,GLOTTIS,62.71,63.58,-0.0138,0.0232,0.0232,0.4432
28-APR-2026,GMBREW,970.10,974.20,-0.0042,0.0288,0.0287,0.5483
28-APR-2026,GMDCLTD,714.40,698.55,0.0224,0.0338,0.0337,0.6438
28-APR-2026,GMMPFAUDLR,906.05,915.05,-0.0099,0.0189,0.0189,0.3611
28-APR-2026,GMRAIRPORT,97.86,95.74,0.0219,0.0212,0.0212,0.4050
28-APR-2026,GMRP&UI,106.79,109.13,-0.0217,0.0296,0.0296,0.5655
28-APR-2026,GNA,430.00,440.60,-0.0244,0.0267,0.0267,0.5101
28-APR-2026,GNFC,475.25,474.85,0.0008,0.0199,0.0198,0.3783
28-APR-2026,GNRL,96.45,97.05,-0.0062,0.0294,0.0293,0.5598
28-APR-2026,GOACARBON,377.35,373.25,0.0109,0.0255,0.0255,0.4872
28-APR-2026,GOCLCORP,338.40,332.45,0.0177,0.0295,0.0295,0.5636
28-APR-2026,GOCOLORS,311.76,308.19,0.0115,0.0251,0.0251,0.4795
28-APR-2026,GODAVARIB,316.25,327.80,-0.0359,0.0305,0.0305,0.5827
28-APR-2026,GODFRYPHLP,2116.10,2114.00,0.0010,0.0369,0.0368,0.7031
28-APR-2026,GODIGIT,316.85,320.15,-0.0104,0.0168,0.0168,0.3210
28-APR-2026,GODREJAGRO,587.65,605.10,-0.0293,0.0209,0.0210,0.4012
28-APR-2026,GODREJCP,1092.00,1089.25,0.0025,0.0161,0.0161,0.3076
28-APR-2026,GODREJIND,989.15,997.15,-0.0081,0.0233,0.0233,0.4451
28-APR-2026,GODREJPROP,1824.60,1828.20,-0.0020,0.0237,0.0237,0.4528
28-APR-2026,GOKEX,703.40,724.55,-0.0296,0.0364,0.0364,0.6954
28-APR-2026,GOKUL,40.75,40.41,0.0084,0.0287,0.0287,0.5483
28-APR-2026,GOKULAGRO,225.15,226.03,-0.0039,0.0310,0.0310,0.5923
28-APR-2026,GOLD1,123.61,125.28,-0.0134,0.0189,0.0188,0.3592
28-APR-2026,GOLD360,144.55,146.70,-0.0148,0.0202,0.0201,0.3840
28-APR-2026,GOLDADD,143.96,145.94,-0.0137,0.0196,0.0196,0.3745
28-APR-2026,GOLDBEES,122.68,124.25,-0.0127,0.0190,0.0189,0.3611
28-APR-2026,GOLDBETA,124.90,126.40,-0.0119,0.0180,0.0179,0.3420
28-APR-2026,GOLDBND,148.34,150.19,-0.0124,0.0158,0.0158,0.3019
28-APR-2026,GOLDCASE,23.34,23.63,-0.0123,0.0185,0.0185,0.3534
28-APR-2026,GOLDEDGE,10.50,10.50,0.0000,0.0000,0.0000,0.0000
28-APR-2026,GOLDENTOBC,27.50,27.89,-0.0141,0.0246,0.0246,0.4700
28-APR-2026,GOLDETF,144.21,145.81,-0.0110,0.0177,0.0177,0.3382
28-APR-2026,GOLDIAM,382.30,386.55,-0.0111,0.0369,0.0368,0.7031
28-APR-2026,GOLDIETF,126.86,128.58,-0.0135,0.0194,0.0194,0.3706
28-APR-2026,GOLDTECH,40.13,39.73,0.0100,0.0344,0.0344,0.6572
28-APR-2026,GOODLUCK,1248.65,1236.75,0.0096,0.0307,0.0306,0.5846
28-APR-2026,GOODYEAR,788.50,783.65,0.0062,0.0139,0.0139,0.2656
28-APR-2026,GOPAL,275.15,281.10,-0.0214,0.0217,0.0217,0.4146
28-APR-2026,GOYALALUM,7.10,7.10,0.0000,0.0278,0.0278,0.5311
28-APR-2026,GPIL,305.00,297.45,0.0251,0.0252,0.0252,0.4814
28-APR-2026,GPPL,156.77,157.61,-0.0053,0.0216,0.0216,0.4127
28-APR-2026,GPTHEALTH,138.09,136.11,0.0144,0.0190,0.0190,0.3630
28-APR-2026,GPTINFRA,113.60,114.90,-0.0114,0.0290,0.0289,0.5521
28-APR-2026,GRACIOUS,13.50,13.50,0.0000,0.0000,0.0000,0.0000
28-APR-2026,GRANDOAK,28.40,30.05,-0.0565,0.0384,0.0385,0.7355
28-APR-2026,GRANULES,705.15,694.90,0.0146,0.0212,0.0212,0.4050
28-APR-2026,GRAPHITE,736.60,735.80,0.0011,0.0270,0.0269,0.5139
28-APR-2026,GRASIM,2783.00,2778.20,0.0017,0.0147,0.0146,0.2789
28-APR-2026,GRAUWEIL,71.49,72.41,-0.0128,0.0250,0.0249,0.4757
28-APR-2026,GRAVISSHO,27.60,27.70,-0.0036,0.0387,0.0386,0.7375
28-APR-2026,GRAVITA,1625.10,1613.10,0.0074,0.0279,0.0279,0.5330
28-APR-2026,GREAVESCOT,167.05,164.17,0.0174,0.0285,0.0284,0.5426
28-APR-2026,GREENLAM,222.96,224.00,-0.0047,0.0244,0.0243,0.4643
28-APR-2026,GREENPANEL,207.56,211.23,-0.0175,0.0246,0.0245,0.4681
28-APR-2026,GREENPLY,254.60,247.89,0.0267,0.0258,0.0258,0.4929
28-APR-2026,GREENPOWER,12.72,11.21,0.1264,0.0284,0.0297,0.5674
28-APR-2026,GRINDWELL,1616.40,1624.20,-0.0048,0.0198,0.0197,0.3764
28-APR-2026,GRINFRA,911.00,881.40,0.0330,0.0183,0.0184,0.3515
28-APR-2026,GRMOVER,164.41,164.15,0.0016,0.0238,0.0238,0.4547
28-APR-2026,GROBTEA,923.85,931.45,-0.0082,0.0282,0.0281,0.5368
28-APR-2026,GROWW,219.85,214.58,0.0243,0.0252,0.0252,0.4814
28-APR-2026,GROWWCAPM,11.13,11.01,0.0108,0.0126,0.0126,0.2407
28-APR-2026,GROWWCHEM,28.43,28.21,0.0078,0.0083,0.0083,0.1586
28-APR-2026,GROWWDEFNC,89.37,89.16,0.0024,0.0167,0.0167,0.3191
28-APR-2026,GROWWEV,29.76,30.04,-0.0094,0.0122,0.0121,0.2312
28-APR-2026,GROWWGOLD,14.49,14.67,-0.0123,0.0190,0.0190,0.3630
28-APR-2026,GROWWHOSPI,48.73,49.12,-0.0080,0.0053,0.0054,0.1032
28-APR-2026,GROWWLIQID,108.82,108.80,0.0002,0.0002,0.0002,0.0038
28-APR-2026,GROWWLOVOL,10.31,10.34,-0.0029,0.0072,0.0071,0.1356
28-APR-2026,GROWWMC150,221.62,222.03,-0.0018,0.0092,0.0092,0.1758
28-APR-2026,GROWWMETAL,12.42,12.30,0.0097,0.0109,0.0109,0.2082
28-APR-2026,GROWWMOM50,10.40,10.43,-0.0029,0.0105,0.0105,0.2006
28-APR-2026,GROWWN200,11.17,11.19,-0.0018,0.0099,0.0098,0.1872
28-APR-2026,GROWWNET,9.04,9.19,-0.0165,0.0114,0.0114,0.2178
28-APR-2026,GROWWNIFTY,9.62,9.67,-0.0052,0.0069,0.0069,0.1318
28-APR-2026,GROWWNXT50,70.92,70.66,0.0037,0.0093,0.0093,0.1777
28-APR-2026,GROWWPOWER,12.46,12.43,0.0024,0.0106,0.0106,0.2025
28-APR-2026,GROWWPSE,108.07,106.98,0.0101,0.0062,0.0062,0.1185
28-APR-2026,GROWWPSUBK,86.90,87.96,-0.0121,0.0059,0.0059,0.1127
28-APR-2026,GROWWRAIL,32.91,33.02,-0.0033,0.0142,0.0141,0.2694
28-APR-2026,GROWWRLTY,8.87,8.90,-0.0034,0.0125,0.0124,0.2369
28-APR-2026,GROWWSC250,9.67,9.64,0.0031,0.0097,0.0097,0.1853
28-APR-2026,GROWWSLVR,23.02,23.62,-0.0257,0.0366,0.0365,0.6973
28-APR-2026,GRPLTD,1936.00,1932.90,0.0016,0.0292,0.0292,0.5579
28-APR-2026,GRSE,2875.30,2851.50,0.0083,0.0349,0.0348,0.6649
28-APR-2026,GRWRHITECH,3951.90,4038.10,-0.0216,0.0376,0.0375,0.7164
28-APR-2026,GSEC10ABSL,110.36,110.77,-0.0037,0.0048,0.0047,0.0898
28-APR-2026,GSEC10IETF,257.22,257.22,0.0000,0.0039,0.0039,0.0745
28-APR-2026,GSEC10YEAR,29.64,29.67,-0.0010,0.0074,0.0074,0.1414
28-APR-2026,GSEC5IETF,64.50,64.56,-0.0009,0.0045,0.0045,0.0860
28-APR-2026,GSFC,173.55,174.90,-0.0077,0.0217,0.0217,0.4146
28-APR-2026,GSLSU,57.58,59.81,-0.0380,0.0335,0.0335,0.6400
28-APR-2026,GSPCROP,411.40,415.75,-0.0105,0.0143,0.0143,0.2732
28-APR-2026,GSPL,281.77,281.44,0.0012,0.0196,0.0195,0.3725
28-APR-2026,GSS,14.50,14.86,-0.0245,0.0347,0.0346,0.6610
28-APR-2026,GTECJAINX,19.84,19.28,0.0286,0.0378,0.0377,0.7203
28-APR-2026,GTL,7.20,7.30,-0.0138,0.0342,0.0341,0.6515
28-APR-2026,GTLINFRA,1.23,1.24,-0.0081,0.0318,0.0317,0.6056
28-APR-2026,GTPL,67.97,66.76,0.0180,0.0268,0.0268,0.5120
28-APR-2026,GUFICBIO,290.40,293.80,-0.0116,0.0222,0.0222,0.4241
28-APR-2026,GUJALKALI,707.65,737.25,-0.0410,0.0253,0.0254,0.4853
28-APR-2026,GUJAPOLLO,438.60,433.75,0.0111,0.0290,0.0290,0.5540
28-APR-2026,GUJGASLTD,389.45,383.10,0.0164,0.0192,0.0192,0.3668
28-APR-2026,GUJRAFFIA,40.29,41.61,-0.0322,0.0344,0.0344,0.6572
28-APR-2026,GUJTHEM,370.49,358.33,0.0334,0.0331,0.0332,0.6343
28-APR-2026,GULFOILLUB,990.05,993.00,-0.0030,0.0210,0.0210,0.4012
28-APR-2026,GULFPETRO,33.01,32.76,0.0076,0.0256,0.0256,0.4891
28-APR-2026,GULPOLY,176.93,179.40,-0.0139,0.0285,0.0284,0.5426
28-APR-2026,GVKPIL,3.23,3.16,0.0219,0.0204,0.0204,0.3897
28-APR-2026,GVPIL,585.40,557.60,0.0487,0.0395,0.0395,0.7546
28-APR-2026,GVPTECH,6.99,6.97,0.0029,0.0332,0.0331,0.6324
28-APR-2026,GVT&D,4520.90,4556.50,-0.0078,0.0277,0.0276,0.5273
28-APR-2026,HAL,4341.40,4310.30,0.0072,0.0201,0.0201,0.3840
28-APR-2026,HALDER,243.70,244.94,-0.0051,0.0132,0.0132,0.2522
28-APR-2026,HALDYNGL,108.35,98.50,0.0953,0.0337,0.0343,0.6553
28-APR-2026,HALEOSLABS,1438.50,1360.80,0.0555,0.0308,0.0310,0.5923
28-APR-2026,HAPPSTMNDS,370.80,375.90,-0.0137,0.0231,0.0231,0.4413
28-APR-2026,HAPPYFORGE,1303.20,1337.30,-0.0258,0.0199,0.0199,0.3802
28-APR-2026,HARDOLI,34.65,34.65,0.0000,0.0000,0.0000,0.0000
28-APR-2026,HARDWYN,26.30,26.22,0.0030,0.0283,0.0282,0.5388
28-APR-2026,HARIOMPIPE,324.20,327.65,-0.0106,0.0312,0.0311,0.5942
28-APR-2026,HARRMALAYA,222.86,227.20,-0.0193,0.0254,0.0254,0.4853
28-APR-2026,HARSHA,386.60,392.50,-0.0151,0.0211,0.0210,0.4012
28-APR-2026,HATHWAY,11.09,11.10,-0.0009,0.0220,0.0219,0.4184
28-APR-2026,HATSUN,969.60,996.05,-0.0269,0.0213,0.0213,0.4069
28-APR-2026,HAVELLS,1272.20,1274.10,-0.0015,0.0161,0.0161,0.3076
28-APR-2026,HAVISHA,1.57,1.58,-0.0063,0.0376,0.0375,0.7164
28-APR-2026,HAWKINCOOK,7472.91,7498.47,-0.0034,0.0137,0.0136,0.2598
28-APR-2026,HBESD,74.90,75.50,-0.0080,0.0343,0.0342,0.6534
28-APR-2026,HBLENGINE,800.35,809.60,-0.0115,0.0311,0.0311,0.5942
28-APR-2026,HBSL,62.66,63.76,-0.0174,0.0337,0.0337,0.6438
28-APR-2026,HCC,22.40,20.71,0.0784,0.0330,0.0334,0.6381
28-APR-2026,HCG,577.05,577.45,-0.0007,0.0198,0.0198,0.3783
28-APR-2026,HCL-INSYS,12.31,12.45,-0.0113,0.0287,0.0286,0.5464
28-APR-2026,HCLTECH,1196.00,1228.20,-0.0266,0.0175,0.0175,0.3343
28-APR-2026,HDBFS,665.30,670.10,-0.0072,0.0136,0.0136,0.2598
28-APR-2026,HDFCAMC,2760.20,2756.00,0.0015,0.0204,0.0204,0.3897
28-APR-2026,HDFCBANK,782.55,789.80,-0.0092,0.0133,0.0133,0.2541
28-APR-2026,HDFCBSE500,36.59,36.66,-0.0019,0.0116,0.0116,0.2216
28-APR-2026,HDFCGOLD,126.81,128.36,-0.0121,0.0190,0.0189,0.3611
28-APR-2026,HDFCGROWTH,113.19,114.74,-0.0136,0.0093,0.0093,0.1777
28-APR-2026,HDFCLIFE,590.15,597.30,-0.0120,0.0145,0.0145,0.2770
28-APR-2026,HDFCLIQUID,1058.13,1058.00,0.0001,0.0005,0.0005,0.0096
28-APR-2026,HDFCLOWVOL,20.10,20.40,-0.0148,0.0100,0.0100,0.1910
28-APR-2026,HDFCMID150,22.45,22.47,-0.0009,0.0113,0.0113,0.2159
28-APR-2026,HDFCMOMENT,30.60,30.82,-0.0072,0.0122,0.0122,0.2331
28-APR-2026,HDFCNEXT50,72.08,72.10,-0.0003,0.0118,0.0117,0.2235
28-APR-2026,HDFCNIF100,25.53,25.78,-0.0097,0.0101,0.0101,0.1930
28-APR-2026,HDFCNIFBAN,56.89,57.56,-0.0117,0.0108,0.0108,0.2063
28-APR-2026,HDFCNIFIT,30.88,31.07,-0.0061,0.0144,0.0143,0.2732
28-APR-2026,HDFCNIFTY,268.77,270.01,-0.0046,0.0089,0.0088,0.1681
28-APR-2026,HDFCPSUBK,87.75,89.33,-0.0178,0.0157,0.0157,0.2999
28-APR-2026,HDFCPVTBAN,27.03,27.16,-0.0048,0.0106,0.0106,0.2025
28-APR-2026,HDFCQUAL,57.39,57.24,0.0026,0.0094,0.0094,0.1796
28-APR-2026,HDFCSENSEX,86.78,87.28,-0.0057,0.0087,0.0087,0.1662
28-APR-2026,HDFCSILVER,224.52,230.73,-0.0273,0.0367,0.0367,0.7012
28-APR-2026,HDFCSML250,168.43,168.42,0.0001,0.0122,0.0121,0.2312
28-APR-2026,HDFCVALUE,129.34,130.62,-0.0098,0.0088,0.0088,0.1681
28-APR-2026,HDIL,2.14,2.14,0.0000,0.0265,0.0264,0.5044
28-APR-2026,HEADSUP,7.34,7.30,0.0055,0.0319,0.0319,0.6094
28-APR-2026,HEALTHADD,150.49,150.26,0.0015,0.0100,0.0100,0.1910
28-APR-2026,HEALTHCARE,19.02,19.08,-0.0031,0.0082,0.0082,0.1567
28-APR-2026,HEALTHIETF,152.60,152.58,0.0001,0.0095,0.0095,0.1815
28-APR-2026,HEALTHY,15.21,15.30,-0.0059,0.0093,0.0093,0.1777
28-APR-2026,HECPROJECT,134.96,135.29,-0.0024,0.0351,0.0350,0.6687
28-APR-2026,HEG,659.15,664.15,-0.0076,0.0283,0.0282,0.5388
28-APR-2026,HEIDELBERG,158.54,160.32,-0.0112,0.0159,0.0159,0.3038
28-APR-2026,HEMIPROP,129.45,129.02,0.0033,0.0284,0.0283,0.5407
28-APR-2026,HERANBA,225.92,228.17,-0.0099,0.0283,0.0282,0.5388
28-APR-2026,HERITGFOOD,364.70,360.20,0.0124,0.0239,0.0239,0.4566
28-APR-2026,HEROMOTOCO,5068.00,5043.00,0.0049,0.0175,0.0175,0.3343
28-APR-2026,HESTERBIO,1699.50,1668.60,0.0183,0.0248,0.0247,0.4719
28-APR-2026,HEXATRADEX,170.04,169.28,0.0045,0.0199,0.0198,0.3783
28-APR-2026,HEXT,453.90,450.85,0.0067,0.0227,0.0227,0.4337
28-APR-2026,HFCL,107.24,106.69,0.0051,0.0284,0.0284,0.5426
28-APR-2026,HGINFRA,607.35,613.75,-0.0105,0.0275,0.0274,0.5235
28-APR-2026,HGM,52.16,53.40,-0.0235,0.0365,0.0365,0.6973
28-APR-2026,HGS,410.80,411.30,-0.0012,0.0198,0.0198,0.3783
28-APR-2026,HIKAL,187.71,189.16,-0.0077,0.0264,0.0263,0.5025
28-APR-2026,HILINFRA,51.48,51.55,-0.0014,0.0213,0.0213,0.4069
28-APR-2026,HILLRIDGE,10.00,10.00,0.0000,0.0000,0.0000,0.0000
28-APR-2026,HILTON,24.39,24.58,-0.0078,0.0415,0.0414,0.7909
28-APR-2026,HIMATSEIDE,89.44,90.49,-0.0117,0.0303,0.0302,0.5770
28-APR-2026,HINDALCO,1074.30,1061.80,0.0117,0.0190,0.0190,0.3630
28-APR-2026,HINDCOMPOS,471.15,468.65,0.0053,0.0274,0.0273,0.5216
28-APR-2026,HINDCON,23.07,22.80,0.0118,0.0310,0.0309,0.5903
28-APR-2026,HINDCOPPER,556.45,559.35,-0.0052,0.0355,0.0354,0.6763
28-APR-2026,HINDOILEXP,161.97,153.30,0.0550,0.0298,0.0300,0.5731
28-APR-2026,HINDPETRO,380.05,380.90,-0.0022,0.0230,0.0229,0.4375
28-APR-2026,HINDUNILVR,2289.50,2328.30,-0.0168,0.0128,0.0128,0.2445
28-APR-2026,HINDWAREAP,216.82,223.52,-0.0304,0.0307,0.0307,0.5865
28-APR-2026,HINDZINC,616.10,628.00,-0.0191,0.0265,0.0265,0.5063
28-APR-2026,HIRECT,923.15,934.20,-0.0119,0.0363,0.0362,0.6916
28-APR-2026,HISARMETAL,158.85,158.00,0.0054,0.0258,0.0258,0.4929
28-APR-2026,HITECH,92.74,91.02,0.0187,0.0276,0.0276,0.5273
28-APR-2026,HITECHCORP,138.99,138.89,0.0007,0.0299,0.0298,0.5693
28-APR-2026,HITECHGEAR,621.60,616.10,0.0089,0.0239,0.0239,0.4566
28-APR-2026,HLEGLAS,331.30,327.70,0.0109,0.0312,0.0312,0.5961
28-APR-2026,HLVLTD,8.83,8.80,0.0034,0.0308,0.0307,0.5865
28-APR-2026,HMAAGRO,24.40,24.42,-0.0008,0.0245,0.0245,0.4681
28-APR-2026,HMT,61.74,63.07,-0.0213,0.0249,0.0249,0.4757
28-APR-2026,HMVL,67.30,66.71,0.0088,0.0246,0.0246,0.4700
28-APR-2026,HNDFDS,483.15,491.20,-0.0165,0.0178,0.0178,0.3401
28-APR-2026,HNGSNGBEES,523.77,526.00,-0.0042,0.0190,0.0189,0.3611
28-APR-2026,HOMEFIRST,1123.60,1152.20,-0.0251,0.0256,0.0256,0.4891
28-APR-2026,HONASA,346.50,347.60,-0.0032,0.0243,0.0242,0.4623
28-APR-2026,HONAUT,31255.00,31850.00,-0.0189,0.0165,0.0166,0.3171
28-APR-2026,HONDAPOWER,2312.00,2239.80,0.0317,0.0222,0.0223,0.4260
28-APR-2026,HOTAHOTI,9.90,9.90,0.0000,0.0000,0.0000,0.0000
28-APR-2026,HPAL,37.79,38.05,-0.0069,0.0267,0.0266,0.5082
28-APR-2026,HPIL,136.00,137.38,-0.0101,0.0299,0.0299,0.5712
28-APR-2026,HPL,370.50,376.05,-0.0149,0.0337,0.0336,0.6419
28-APR-2026,HSBCGOLD,128.92,131.00,-0.0160,0.0036,0.0038,0.0726
28-APR-2026,HSCL,571.40,570.65,0.0013,0.0226,0.0225,0.4299
28-APR-2026,HTMEDIA,22.12,22.56,-0.0197,0.0270,0.0270,0.5158
28-APR-2026,HUBTOWN,210.86,207.97,0.0138,0.0338,0.0337,0.6438
28-APR-2026,HUDCO,215.05,215.11,-0.0003,0.0257,0.0256,0.4891
28-APR-2026,HUHTAMAKI,177.96,179.94,-0.0111,0.0239,0.0238,0.4547
28-APR-2026,HYBRIDFIN,19.07,19.31,-0.0125,0.0390,0.0389,0.7432
28-APR-2026,HYUNDAI,1825.20,1837.60,-0.0068,0.0177,0.0177,0.3382
28-APR-2026,IBULLSLTD,16.97,17.27,-0.0175,0.0391,0.0390,0.7451
28-APR-2026,ICDSLTD,48.35,48.34,0.0002,0.0387,0.0386,0.7375
28-APR-2026,ICEMAKE,803.30,811.80,-0.0105,0.0268,0.0267,0.5101
28-APR-2026,ICICIAMC,3299.80,3277.50,0.0068,0.0150,0.0149,0.2847
28-APR-2026,ICICIB22,125.66,125.77,-0.0009,0.0108,0.0107,0.2044
28-APR-2026,ICICIBANK,1292.00,1314.10,-0.0170,0.0126,0.0126,0.2407
28-APR-2026,ICICIGI,1771.80,1770.50,0.0007,0.0142,0.0142,0.2713
28-APR-2026,ICICIPRULI,520.55,519.60,0.0018,0.0152,0.0152,0.2904
28-APR-2026,ICIL,275.13,268.03,0.0261,0.0358,0.0358,0.6840
28-APR-2026,ICRA,5499.50,5490.50,0.0016,0.0151,0.0151,0.2885
28-APR-2026,IDBI,76.84,77.54,-0.0091,0.0301,0.0300,0.5731
28-APR-2026,IDEA,9.95,9.69,0.0265,0.0331,0.0331,0.6324
28-APR-2026,IDEAFORGE,567.15,549.90,0.0309,0.0326,0.0326,0.6228
28-APR-2026,IDFCFIRSTB,68.71,70.27,-0.0225,0.0216,0.0216,0.4127
28-APR-2026,IDFNIFTYET,263.76,265.03,-0.0048,0.0141,0.0141,0.2694
28-APR-2026,IEX,125.94,126.45,-0.0040,0.0274,0.0273,0.5216
28-APR-2026,IFBAGRO,873.55,882.15,-0.0098,0.0359,0.0358,0.6840
28-APR-2026,IFBIND,1176.90,1189.40,-0.0106,0.0315,0.0314,0.5999
28-APR-2026,IFCI,60.00,61.34,-0.0221,0.0324,0.0324,0.6190
28-APR-2026,IFGLEXPOR,193.98,194.21,-0.0012,0.0321,0.0320,0.6114
28-APR-2026,IGARASHI,381.45,392.60,-0.0288,0.0301,0.0301,0.5751
28-APR-2026,IGCL,65.66,62.92,0.0426,0.0207,0.0209,0.3993
28-APR-2026,IGIL,357.30,355.90,0.0039,0.0237,0.0237,0.4528
28-APR-2026,IGL,166.45,164.88,0.0095,0.0201,0.0201,0.3840
28-APR-2026,IGPL,422.70,432.70,-0.0234,0.0251,0.0250,0.4776
28-APR-2026,IIEL,10.00,10.00,0.0000,0.0000,0.0000,0.0000
28-APR-2026,IIFL,438.10,434.00,0.0094,0.0279,0.0279,0.5330
28-APR-2026,IIFLCAPS,322.54,320.11,0.0076,0.0333,0.0332,0.6343
28-APR-2026,IITL,168.12,158.81,0.0570,0.0297,0.0299,0.5712
28-APR-2026,IKIO,147.74,145.08,0.0182,0.0273,0.0273,0.5216
28-APR-2026,IKS,1521.80,1504.20,0.0116,0.0217,0.0216,0.4127
28-APR-2026,IL&FSENGG,26.24,26.90,-0.0248,0.0294,0.0294,0.5617
28-APR-2026,IL&FSTRANS,2.43,2.44,-0.0041,0.0265,0.0265,0.5063
28-APR-2026,IMAGICAA,46.22,47.70,-0.0315,0.0255,0.0255,0.4872
28-APR-2026,IMFA,1631.90,1522.10,0.0697,0.0309,0.0312,0.5961
28-APR-2026,IMPAL,998.80,1005.00,-0.0062,0.0157,0.0157,0.2999
28-APR-2026,IMPEXFERRO,1.67,1.65,0.0120,0.0268,0.0268,0.5120
28-APR-2026,INA,156.45,147.58,0.0584,0.0197,0.0201,0.3840
28-APR-2026,INCREDIBLE,35.84,34.95,0.0251,0.0298,0.0298,0.5693
28-APR-2026,INDBANK,34.55,34.22,0.0096,0.0314,0.0313,0.5980
28-APR-2026,INDGN,498.90,497.30,0.0032,0.0198,0.0197,0.3764
28-APR-2026,INDHOTEL,652.45,647.85,0.0071,0.0184,0.0183,0.3496
28-APR-2026,INDIACEM,419.20,435.15,-0.0373,0.0237,0.0238,0.4547
28-APR-2026,INDIAGLYCO,961.70,970.00,-0.0086,0.0263,0.0262,0.5006
28-APR-2026,INDIAMART,2129.10,2119.60,0.0045,0.0178,0.0178,0.3401
28-APR-2026,INDIANB,896.10,912.65,-0.0183,0.0216,0.0216,0.4127
28-APR-2026,INDIANCARD,210.70,209.14,0.0074,0.0261,0.0261,0.4986
28-APR-2026,INDIANHUME,317.85,320.75,-0.0091,0.0281,0.0281,0.5368
28-APR-2026,INDIASHLTR,812.95,819.75,-0.0083,0.0199,0.0198,0.3783
28-APR-2026,INDIGO,4442.50,4561.20,-0.0264,0.0208,0.0209,0.3993
28-APR-2026,INDIGOPNTS,865.30,869.70,-0.0051,0.0213,0.0213,0.4069
28-APR-2026,INDIGRID,172.20,171.79,0.0024,0.0061,0.0061,0.1165
28-APR-2026,INDIQUBE,173.92,176.34,-0.0138,0.0189,0.0189,0.3611
28-APR-2026,INDNIPPON,806.05,807.75,-0.0021,0.0244,0.0243,0.4643
28-APR-2026,INDOAMIN,113.29,113.97,-0.0060,0.0292,0.0292,0.5579
28-APR-2026,INDOBORAX,246.72,246.01,0.0029,0.0248,0.0247,0.4719
28-APR-2026,INDOCO,211.45,209.03,0.0115,0.0265,0.0264,0.5044
28-APR-2026,INDOFARM,138.45,147.06,-0.0603,0.0299,0.0301,0.5751
28-APR-2026,INDORAMA,39.23,39.62,-0.0099,0.0306,0.0305,0.5827
28-APR-2026,INDOSTAR,199.82,196.72,0.0156,0.0299,0.0298,0.5693
28-APR-2026,INDOTECH,2452.30,2359.80,0.0384,0.0403,0.0403,0.7699
28-APR-2026,INDOTHAI,292.25,297.40,-0.0175,0.0291,0.0291,0.5560
28-APR-2026,INDOUS,101.84,103.96,-0.0206,0.0381,0.0380,0.7260
28-APR-2026,INDOWIND,11.16,11.04,0.0108,0.0349,0.0348,0.6649
28-APR-2026,INDPRUD,6707.10,6690.00,0.0026,0.0220,0.0219,0.4184
28-APR-2026,INDRAMEDCO,401.25,413.90,-0.0310,0.0296,0.0296,0.5655
28-APR-2026,INDSWFTLAB,139.16,134.30,0.0355,0.0331,0.0331,0.6324
28-APR-2026,INDTERRAIN,30.84,30.81,0.0010,0.0299,0.0298,0.5693
28-APR-2026,INDUENG,9.50,9.50,0.0000,0.0000,0.0000,0.0000
28-APR-2026,INDUSINDBK,885.55,900.15,-0.0164,0.0228,0.0228,0.4356
28-APR-2026,INDUSINVIT,128.21,129.94,-0.0134,0.0088,0.0089,0.1700
28-APR-2026,INDUSTOWER,413.95,402.45,0.0282,0.0196,0.0197,0.3764
28-APR-2026,INFOBEAN,198.83,184.98,0.0722,0.0442,0.0443,0.8464
28-APR-2026,INFOMEDIA,5.98,5.87,0.0186,0.0340,0.0339,0.6477
28-APR-2026,INFRA,12.03,12.04,-0.0008,0.0078,0.0078,0.1490
28-APR-2026,INFRABEES,968.32,964.46,0.0040,0.0109,0.0109,0.2082
28-APR-2026,INFRAIETF,96.47,96.33,0.0015,0.0108,0.0107,0.2044
28-APR-2026,INFY,1152.10,1170.30,-0.0157,0.0170,0.0170,0.3248
28-APR-2026,INGERRAND,4244.40,4233.90,0.0025,0.0183,0.0182,0.3477
28-APR-2026,INNOVACAP,720.30,718.05,0.0031,0.0231,0.0230,0.4394
28-APR-2026,INNOVANA,377.45,379.20,-0.0046,0.0278,0.0277,0.5292
28-APR-2026,INNOVISION,327.00,330.45,-0.0105,0.0198,0.0198,0.3783
28-APR-2026,INOXGREEN,179.92,182.11,-0.0121,0.0329,0.0329,0.6286
28-APR-2026,INOXINDIA,1487.20,1512.00,-0.0165,0.0201,0.0201,0.3840
28-APR-2026,INOXWIND,103.07,104.09,-0.0098,0.0283,0.0282,0.5388
28-APR-2026,INSECTICID,697.60,696.30,0.0019,0.0237,0.0236,0.4509
28-APR-2026,INSPIRISYS,81.11,81.06,0.0006,0.0280,0.0280,0.5349
28-APR-2026,INTELLECT,753.95,708.60,0.0620,0.0276,0.0279,0.5330
28-APR-2026,INTENTECH,99.94,99.05,0.0089,0.0365,0.0364,0.6954
28-APR-2026,INTERARCH,2091.60,2110.10,-0.0088,0.0264,0.0264,0.5044
28-APR-2026,INTERISE,109.75,109.75,0.0000,0.0054,0.0054,0.1032
28-APR-2026,INTERNET,12.38,12.39,-0.0008,0.0137,0.0136,0.2598
28-APR-2026,INTERTEC,31.35,31.35,0.0000,0.0000,0.0000,0.0000
28-APR-2026,INTLCONV,76.97,76.27,0.0091,0.0257,0.0256,0.4891
28-APR-2026,INVENTURE,1.00,1.00,0.0000,0.0289,0.0288,0.5502
28-APR-2026,INVPRECQ,626.10,600.45,0.0418,0.0287,0.0288,0.5502
28-APR-2026,IOB,34.97,35.32,-0.0100,0.0226,0.0225,0.4299
28-APR-2026,IOC,145.39,146.25,-0.0059,0.0175,0.0174,0.3324
28-APR-2026,IOLCP,90.86,92.30,-0.0157,0.0284,0.0283,0.5407
28-APR-2026,IONEXCHANG,399.35,408.40,-0.0224,0.0239,0.0239,0.4566
28-APR-2026,IPCALAB,1537.00,1541.20,-0.0027,0.0194,0.0193,0.3687
28-APR-2026,IPL,149.40,150.46,-0.0071,0.0259,0.0258,0.4929
28-APR-2026,IRB,21.86,21.86,0.0000,0.0211,0.0210,0.4012
28-APR-2026,IRBINVIT,61.49,61.76,-0.0044,0.0079,0.0079,0.1509
28-APR-2026,IRBIT,220.22,220.22,0.0000,0.0000,0.0000,0.0000
28-APR-2026,IRCON,153.94,153.99,-0.0003,0.0298,0.0297,0.5674
28-APR-2026,IRCTC,543.85,545.10,-0.0023,0.0160,0.0160,0.3057
28-APR-2026,IREDA,138.05,138.00,0.0004,0.0247,0.0246,0.4700
28-APR-2026,IRFC,105.14,105.57,-0.0041,0.0230,0.0230,0.4394
28-APR-2026,IRIS,236.34,242.46,-0.0256,0.0281,0.0281,0.5368
28-APR-2026,IRISDOREME,35.36,36.05,-0.0193,0.0255,0.0254,0.4853
28-APR-2026,IRMENERGY,347.65,331.39,0.0479,0.0323,0.0324,0.6190
28-APR-2026,ISFT,74.83,75.56,-0.0097,0.0289,0.0288,0.5502
28-APR-2026,ISGEC,1094.95,1094.65,0.0003,0.0276,0.0276,0.5273
28-APR-2026,ISHANCH,62.42,62.19,0.0037,0.0283,0.0282,0.5388
28-APR-2026,ISHL,807.00,807.00,0.0000,0.0006,0.0006,0.0115
28-APR-2026,ISL,41.35,41.35,0.0000,0.0000,0.0000,0.0000
28-APR-2026,IT,32.00,32.15,-0.0047,0.0146,0.0146,0.2789
28-APR-2026,ITADD,30.56,30.80,-0.0078,0.0145,0.0145,0.2770
28-APR-2026,ITBEES,32.07,32.32,-0.0078,0.0143,0.0143,0.2732
28-APR-2026,ITBETA,302.92,305.66,-0.0090,0.0144,0.0143,0.2732
28-APR-2026,ITC,304.45,303.85,0.0020,0.0127,0.0127,0.2426
28-APR-2026,ITCHOTELS,157.94,160.70,-0.0173,0.0185,0.0185,0.3534
28-APR-2026,ITDC,591.55,601.55,-0.0168,0.0336,0.0335,0.6400
28-APR-2026,ITETF,30.53,30.74,-0.0069,0.0147,0.0146,0.2789
28-APR-2026,ITI,305.49,299.68,0.0192,0.0317,0.0316,0.6037
28-APR-2026,ITIETF,32.05,32.20,-0.0047,0.0144,0.0144,0.2751
28-APR-2026,IVALUE,257.06,267.60,-0.0402,0.0208,0.0210,0.4012
28-APR-2026,IVC,7.88,7.78,0.0128,0.0235,0.0235,0.4490
28-APR-2026,IVP,145.37,143.55,0.0126,0.0296,0.0296,0.5655
28-APR-2026,IVZINGOLD,12869.00,13089.00,-0.0170,0.0227,0.0226,0.4318
28-APR-2026,IVZINNIFTY,2733.33,2737.71,-0.0016,0.0105,0.0105,0.2006
28-APR-2026,IWP,34.50,34.45,0.0015,0.0279,0.0278,0.5311
28-APR-2026,IXIGO,169.35,169.57,-0.0013,0.0329,0.0328,0.6266
28-APR-2026,IZMO,738.90,740.85,-0.0026,0.0405,0.0404,0.7718
28-APR-2026,J&KBANK,128.52,129.22,-0.0054,0.0246,0.0245,0.4681
28-APR-2026,JAGRAN,65.56,65.99,-0.0065,0.0146,0.0145,0.2770
28-APR-2026,JAGSNPHARM,205.62,203.68,0.0095,0.0284,0.0283,0.5407
28-APR-2026,JAIBALAJI,81.41,78.16,0.0407,0.0338,0.0338,0.6457
28-APR-2026,JAICORPLTD,120.01,119.28,0.0061,0.0337,0.0337,0.6438
28-APR-2026,JAINREC,447.50,419.85,0.0638,0.0173,0.0178,0.3401
28-APR-2026,JAIPURKURT,32.38,33.09,-0.0217,0.0359,0.0359,0.6859
28-APR-2026,JAMNAAUTO,123.22,124.51,-0.0104,0.0255,0.0255,0.4872
28-APR-2026,JARO,421.55,418.30,0.0077,0.0258,0.0257,0.4910
28-APR-2026,JASH,428.15,423.70,0.0104,0.0257,0.0256,0.4891
28-APR-2026,JAYAGROGN,204.52,201.17,0.0165,0.0252,0.0252,0.4814
28-APR-2026,JAYBARMARU,92.71,92.90,-0.0020,0.0322,0.0321,0.6133
28-APR-2026,JAYKAY,185.16,170.32,0.0835,0.0346,0.0350,0.6687
28-APR-2026,JAYNECOIND,109.82,104.05,0.0540,0.0377,0.0378,0.7222
28-APR-2026,JAYSREETEA,89.30,89.23,0.0008,0.0238,0.0238,0.4547
28-APR-2026,JBCHEPHARM,2043.60,2047.50,-0.0019,0.0156,0.0156,0.2980
28-APR-2026,JBMA,645.30,628.75,0.0260,0.0303,0.0302,0.5770
28-APR-2026,JECOEXP,10.00,10.00,0.0000,0.0000,0.0000,0.0000
28-APR-2026,JETFREIGHT,20.96,20.61,0.0168,0.0302,0.0302,0.5770
28-APR-2026,JGCHEM,405.15,412.00,-0.0168,0.0295,0.0295,0.5636
28-APR-2026,JHS,9.16,9.17,-0.0011,0.0362,0.0361,0.6897
28-APR-2026,JINDALPHOT,1105.40,1126.70,-0.0191,0.0356,0.0355,0.6782
28-APR-2026,JINDALPOLY,676.25,692.05,-0.0231,0.0307,0.0307,0.5865
28-APR-2026,JINDALSAW,240.29,245.17,-0.0201,0.0304,0.0304,0.5808
28-APR-2026,JINDALSTEL,1265.50,1278.20,-0.0100,0.0197,0.0197,0.3764
28-APR-2026,JINDRILL,546.90,542.25,0.0085,0.0327,0.0326,0.6228
28-APR-2026,JINDWORLD,26.48,26.33,0.0057,0.0340,0.0339,0.6477
28-APR-2026,JIOFIN,250.81,253.65,-0.0113,0.0194,0.0194,0.3706
28-APR-2026,JISLDVREQS,24.24,23.86,0.0158,0.0302,0.0302,0.5770
28-APR-2026,JISLJALEQS,33.09,33.06,0.0009,0.0310,0.0309,0.5903
28-APR-2026,JITFINFRA,309.40,305.00,0.0143,0.0364,0.0363,0.6935
28-APR-2026,JKCEMENT,5472.50,5606.50,-0.0242,0.0201,0.0202,0.3859
28-APR-2026,JKIL,516.80,516.60,0.0004,0.0231,0.0231,0.4413
28-APR-2026,JKIPL,91.93,91.53,0.0044,0.0343,0.0343,0.6553
28-APR-2026,JKLAKSHMI,664.20,657.60,0.0100,0.0198,0.0197,0.3764
28-APR-2026,JKPAPER,367.10,374.15,-0.0190,0.0254,0.0254,0.4853
28-APR-2026,JKTYRE,400.45,404.85,-0.0109,0.0246,0.0246,0.4700
28-APR-2026,JLHL,1251.60,1269.60,-0.0143,0.0160,0.0160,0.3057
28-APR-2026,JMA,90.55,91.11,-0.0062,0.0245,0.0244,0.4662
28-APR-2026,JMFINANCIL,137.84,140.56,-0.0195,0.0287,0.0286,0.5464
28-APR-2026,JNKINDIA,374.60,379.64,-0.0134,0.0310,0.0309,0.5903
28-APR-2026,JOCIL,129.40,128.41,0.0077,0.0237,0.0237,0.4528
28-APR-2026,JOTINDRA,2.70,2.70,0.0000,0.0271,0.0270,0.5158
28-APR-2026,JPOLYINVST,1129.80,1128.50,0.0012,0.0336,0.0335,0.6400
28-APR-2026,JPPOWER,19.95,19.63,0.0162,0.0325,0.0324,0.6190
28-APR-2026,JSFB,491.50,477.10,0.0297,0.0264,0.0265,0.5063
28-APR-2026,JSL,773.85,770.40,0.0045,0.0227,0.0227,0.4337
28-APR-2026,JSLL,674.90,683.25,-0.0123,0.0225,0.0225,0.4299
28-APR-2026,JSWCEMENT,123.97,125.23,-0.0101,0.0152,0.0152,0.2904
28-APR-2026,JSWDULUX,2977.40,2999.00,-0.0072,0.0197,0.0197,0.3764
28-APR-2026,JSWENERGY,580.90,573.80,0.0123,0.0225,0.0224,0.4280
28-APR-2026,JSWHL,12844.00,12968.00,-0.0096,0.0281,0.0280,0.5349
28-APR-2026,JSWINFRA,284.93,284.50,0.0015,0.0206,0.0205,0.3917
28-APR-2026,JSWSTEEL,1281.60,1282.70,-0.0009,0.0166,0.0166,0.3171
28-APR-2026,JTEKTINDIA,129.71,129.73,-0.0002,0.0264,0.0263,0.5025
28-APR-2026,JTLIND,79.04,81.07,-0.0254,0.0388,0.0387,0.7394
28-APR-2026,JUBLCPL,1727.90,1763.00,-0.0201,0.0303,0.0302,0.5770
28-APR-2026,JUBLFOOD,482.40,485.10,-0.0056,0.0201,0.0200,0.3821
28-APR-2026,JUBLINGREA,720.40,734.60,-0.0195,0.0257,0.0257,0.4910
28-APR-2026,JUBLPHARMA,942.40,954.95,-0.0132,0.0224,0.0224,0.4280
28-APR-2026,JUNIORBEES,761.63,763.37,-0.0023,0.0114,0.0114,0.2178
28-APR-2026,JUNIPER,210.33,209.04,0.0062,0.0239,0.0239,0.4566
28-APR-2026,JUSTDIAL,533.25,536.60,-0.0063,0.0221,0.0220,0.4203
28-APR-2026,JWL,291.10,290.79,0.0011,0.0318,0.0317,0.6056
28-APR-2026,JYOTHYLAB,262.42,268.48,-0.0228,0.0197,0.0197,0.3764
28-APR-2026,JYOTICNC,763.50,760.70,0.0037,0.0295,0.0294,0.5617
28-APR-2026,JYOTISTRUC,13.68,12.95,0.0548,0.0381,0.0382,0.7298
28-APR-2026,KABIRDAS,1.00,1.00,0.0000,0.0000,0.0000,0.0000
28-APR-2026,KABRAEXTRU,253.24,246.58,0.0267,0.0319,0.0318,0.6075
28-APR-2026,KAJARIACER,1212.00,1236.25,-0.0198,0.0199,0.0199,0.3802
28-APR-2026,KAKATCEM,135.31,136.04,-0.0054,0.0266,0.0265,0.5063
28-APR-2026,KALAMANDIR,103.41,104.22,-0.0078,0.0288,0.0287,0.5483
28-APR-2026,KALPATARU,330.15,326.95,0.0097,0.0185,0.0185,0.3534
28-APR-2026,KALYANI,138.09,138.09,0.0000,0.0036,0.0036,0.0688
28-APR-2026,KALYANIFRG,612.70,605.15,0.0124,0.0269,0.0268,0.5120
28-APR-2026,KALYANKJIL,412.65,413.65,-0.0024,0.0272,0.0271,0.5177
28-APR-2026,KAMAHOLD,2502.30,2499.15,0.0013,0.0189,0.0189,0.3611
28-APR-2026,KAMATHOTEL,166.64,169.76,-0.0185,0.0314,0.0314,0.5999
28-APR-2026,KAMDHENU,22.95,22.83,0.0052,0.0300,0.0299,0.5712
28-APR-2026,KAMINI,3.25,3.25,0.0000,0.0032,0.0032,0.0611
28-APR-2026,KAMOPAINTS,5.58,5.50,0.0144,0.0313,0.0312,0.5961
28-APR-2026,KANANIIND,1.66,1.70,-0.0238,0.0315,0.0315,0.6018
28-APR-2026,KANCHI,408.55,410.20,-0.0040,0.0272,0.0272,0.5197
28-APR-2026,KANORICHEM,88.84,85.33,0.0403,0.0267,0.0268,0.5120
28-APR-2026,KANPRPLA,210.38,210.27,0.0005,0.0349,0.0348,0.6649
28-APR-2026,KANSAINER,199.40,201.30,-0.0095,0.0173,0.0173,0.3305
28-APR-2026,KAPSTON,348.85,344.30,0.0131,0.0263,0.0262,0.5006
28-APR-2026,KARMAENG,50.60,52.67,-0.0401,0.0352,0.0352,0.6725
28-APR-2026,KARURVYSYA,293.65,297.80,-0.0140,0.0225,0.0225,0.4299
28-APR-2026,KAUSHALYA,911.65,898.65,0.0144,0.0295,0.0294,0.5617
28-APR-2026,KAVDEFENCE,65.55,65.49,0.0009,0.0366,0.0365,0.6973
28-APR-2026,KAYA,265.20,270.56,-0.0200,0.0315,0.0315,0.6018
28-APR-2026,KAYNES,4096.80,4194.40,-0.0235,0.0317,0.0316,0.6037
28-APR-2026,KCP,174.68,177.95,-0.0185,0.0241,0.0241,0.4604
28-APR-2026,KCPSUGIND,25.50,25.88,-0.0148,0.0241,0.0240,0.4585
28-APR-2026,KDDL,2508.00,2534.30,-0.0104,0.0275,0.0275,0.5254
28-APR-2026,KEC,571.40,576.15,-0.0083,0.0249,0.0249,0.4757
28-APR-2026,KECL,128.43,128.05,0.0030,0.0316,0.0315,0.6018
28-APR-2026,KEEPLEARN,2.10,2.11,-0.0048,0.0370,0.0369,0.7050
28-APR-2026,KEI,4965.10,4888.60,0.0155,0.0240,0.0240,0.4585
28-APR-2026,KELLTONTEC,15.85,16.02,-0.0107,0.0343,0.0343,0.6553
28-APR-2026,KENNAMET,2616.50,2689.40,-0.0275,0.0261,0.0261,0.4986
28-APR-2026,KERNEX,1352.65,1338.95,0.0102,0.0356,0.0355,0.6782
28-APR-2026,KESORAMIND,10.21,10.32,-0.0107,0.0366,0.0365,0.6973
28-APR-2026,KEYFINSERV,284.90,296.00,-0.0382,0.0410,0.0409,0.7814
28-APR-2026,KFINTECH,954.50,960.65,-0.0064,0.0254,0.0254,0.4853
28-APR-2026,KHADIM,101.73,102.91,-0.0115,0.0311,0.0310,0.5923
28-APR-2026,KHAICHEM,54.17,53.91,0.0048,0.0332,0.0331,0.6324
28-APR-2026,KHAITANLTD,136.59,137.51,-0.0067,0.0354,0.0353,0.6744
28-APR-2026,KHANDSE,16.13,16.15,-0.0012,0.0353,0.0352,0.6725
28-APR-2026,KICL,4820.10,4794.40,0.0053,0.0237,0.0236,0.4509
28-APR-2026,KILITCH,153.78,153.20,0.0038,0.0280,0.0279,0.5330
28-APR-2026,KIMS,662.25,674.45,-0.0183,0.0197,0.0197,0.3764
28-APR-2026,KINGFA,4657.50,4853.90,-0.0413,0.0264,0.0265,0.5063
28-APR-2026,KIOCL,419.90,413.95,0.0143,0.0382,0.0381,0.7279
28-APR-2026,KIRANVYPAR,195.20,200.25,-0.0255,0.0254,0.0254,0.4853
28-APR-2026,KIRIINDUS,416.25,414.35,0.0046,0.0321,0.0321,0.6133
28-APR-2026,KIRLFER,435.05,439.55,-0.0103,0.0238,0.0238,0.4547
28-APR-2026,KIRLOSBROS,1699.00,1742.00,-0.0250,0.0293,0.0293,0.5598
28-APR-2026,KIRLOSENG,1724.60,1680.90,0.0257,0.0265,0.0265,0.5063
28-APR-2026,KIRLOSIND,3280.50,3327.60,-0.0143,0.0248,0.0247,0.4719
28-APR-2026,KIRLPNU,1525.20,1448.30,0.0517,0.0250,0.0252,0.4814
28-APR-2026,KITEX,164.37,165.89,-0.0092,0.0376,0.0375,0.7164
28-APR-2026,KKCL,471.05,478.75,-0.0162,0.0213,0.0213,0.4069
28-APR-2026,KLBRENG-B,509.65,513.35,-0.0072,0.0227,0.0226,0.4318
28-APR-2026,KMEW,1806.50,1766.90,0.0222,0.0354,0.0354,0.6763
28-APR-2026,KMSUGAR,29.66,29.60,0.0020,0.0217,0.0216,0.4127
28-APR-2026,KNAGRI,194.51,191.92,0.0134,0.0269,0.0269,0.5139
28-APR-2026,KNRCON,130.62,122.22,0.0665,0.0252,0.0256,0.4891
28-APR-2026,KOHINOOR,27.27,27.91,-0.0232,0.0273,0.0272,0.5197
28-APR-2026,KOKUYOCMLN,92.94,93.27,-0.0035,0.0235,0.0235,0.4490
28-APR-2026,KOLTEPATIL,377.70,381.60,-0.0103,0.0226,0.0226,0.4318
28-APR-2026,KOPRAN,159.18,160.21,-0.0064,0.0303,0.0303,0.5789
28-APR-2026,KOTAKBANK,377.95,376.80,0.0030,0.0143,0.0142,0.2713
28-APR-2026,KOTARISUG,26.99,27.13,-0.0052,0.0232,0.0231,0.4413
28-APR-2026,KOTHARIPET,136.51,134.63,0.0139,0.0271,0.0271,0.5177
28-APR-2026,KOTHARIPRO,73.41,73.62,-0.0029,0.0325,0.0324,0.6190
28-APR-2026,KOTIC,187.65,202.50,-0.0762,0.0294,0.0298,0.5693
28-APR-2026,KOTYARK,409.25,427.15,-0.0428,0.0131,0.0134,0.2560
28-APR-2026,KOVAI,5643.20,5961.60,-0.0549,0.0189,0.0192,0.3668
28-APR-2026,KPEL,363.40,362.09,0.0036,0.0309,0.0309,0.5903
28-APR-2026,KPIGREEN,459.65,461.15,-0.0033,0.0303,0.0302,0.5770
28-APR-2026,KPIL,1254.10,1261.50,-0.0059,0.0218,0.0218,0.4165
28-APR-2026,KPITTECH,734.45,735.30,-0.0012,0.0235,0.0235,0.4490
28-APR-2026,KPL,1608.70,1595.80,0.0081,0.0347,0.0346,0.6610
28-APR-2026,KPRMILL,931.50,934.60,-0.0033,0.0254,0.0254,0.4853
28-APR-2026,KRBL,374.35,376.65,-0.0061,0.0260,0.0260,0.4967
28-APR-2026,KREBSBIO,60.14,59.11,0.0173,0.0352,0.0351,0.6706
28-APR-2026,KRIDHANINF,2.66,2.62,0.0152,0.0395,0.0394,0.7527
28-APR-2026,KRISHANA,669.05,686.85,-0.0263,0.0271,0.0271,0.5177
28-APR-2026,KRISHIVAL,338.95,335.05,0.0116,0.0186,0.0185,0.3534
28-APR-2026,KRISHNADEF,1066.70,1081.60,-0.0139,0.0221,0.0221,0.4222
28-APR-2026,KRITI,80.64,80.39,0.0031,0.0390,0.0389,0.7432
28-APR-2026,KRITIKA,6.54,6.66,-0.0182,0.0312,0.0311,0.5942
28-APR-2026,KRITINUT,99.05,100.06,-0.0101,0.0346,0.0345,0.6591
28-APR-2026,KRN,1309.55,1328.35,-0.0143,0.0312,0.0312,0.5961
28-APR-2026,KRONOX,130.49,128.46,0.0157,0.0260,0.0259,0.4948
28-APR-2026,KROSS,187.36,188.92,-0.0083,0.0287,0.0286,0.5464
28-APR-2026,KRSNAA,589.80,600.05,-0.0172,0.0220,0.0220,0.4203
28-APR-2026,KRT,116.64,116.51,0.0011,0.0105,0.0105,0.2006
28-APR-2026,KRYSTAL,596.70,596.25,0.0008,0.0281,0.0280,0.5349
28-APR-2026,KSB,989.05,1000.05,-0.0111,0.0199,0.0198,0.3783
28-APR-2026,KSCL,934.10,927.10,0.0075,0.0254,0.0254,0.4853
28-APR-2026,KSHINTL,684.00,680.40,0.0053,0.0204,0.0204,0.3897
28-APR-2026,KSHITIJPOL,2.99,2.92,0.0237,0.0320,0.0319,0.6094
28-APR-2026,KSL,809.40,799.80,0.0119,0.0252,0.0252,0.4814
28-APR-2026,KSOLVES,322.75,326.60,-0.0119,0.0289,0.0288,0.5502
28-APR-2026,KSR,34.15,34.32,-0.0050,0.0284,0.0284,0.5426
28-APR-2026,KTKBANK,263.66,254.32,0.0361,0.0212,0.0213,0.4069
28-APR-2026,KUANTUM,81.17,81.37,-0.0025,0.0240,0.0240,0.4585
28-APR-2026,KWIL,26.84,27.49,-0.0239,0.0139,0.0140,0.2675
28-APR-2026,LAFFANSOFT,10.00,10.00,0.0000,0.0000,0.0000,0.0000
28-APR-2026,LAGNAM,81.39,81.29,0.0012,0.0317,0.0316,0.6037
28-APR-2026,LAHOTIOV,47.75,48.95,-0.0248,0.0308,0.0307,0.5865
28-APR-2026,LAKPRE,4.98,4.98,0.0000,0.0442,0.0440,0.8406
28-APR-2026,LAL,7.34,7.35,-0.0014,0.0315,0.0314,0.5999
28-APR-2026,LALPATHLAB,1411.70,1416.00,-0.0030,0.0163,0.0163,0.3114
28-APR-2026,LAMBODHARA,107.24,103.87,0.0319,0.0325,0.0325,0.6209
28-APR-2026,LANCORHOL,24.22,23.91,0.0129,0.0357,0.0356,0.6801
28-APR-2026,LANDMARK,421.60,417.30,0.0103,0.0274,0.0273,0.5216
28-APR-2026,LANDSMILL,0.99,0.99,0.0000,0.0371,0.0370,0.7069
28-APR-2026,LAOPALA,178.49,180.33,-0.0103,0.0200,0.0200,0.3821
28-APR-2026,LASA,8.10,8.07,0.0037,0.0357,0.0356,0.6801
28-APR-2026,LATENTVIEW,295.50,296.35,-0.0029,0.0277,0.0276,0.5273
28-APR-2026,LATTEYS,20.96,21.08,-0.0057,0.0341,0.0340,0.6496
28-APR-2026,LAURUSLABS,1090.45,1123.55,-0.0299,0.0205,0.0206,0.3936
28-APR-2026,LAXMICOT,15.49,15.09,0.0262,0.0369,0.0369,0.7050
28-APR-2026,LAXMIDENTL,209.95,192.48,0.0869,0.0292,0.0297,0.5674
28-APR-2026,LAXMIINDIA,115.55,116.08,-0.0046,0.0310,0.0309,0.5903
28-APR-2026,LCCINFOTEC,4.89,4.62,0.0568,0.0394,0.0395,0.7546
28-APR-2026,LEGEND,1025.55,1025.55,0.0000,0.0005,0.0005,0.0096
28-APR-2026,LEMERITE,441.05,451.20,-0.0228,0.0105,0.0106,0.2025
28-APR-2026,LEMONTREE,118.61,119.83,-0.0102,0.0223,0.0222,0.4241
28-APR-2026,LENSKART,537.00,524.45,0.0236,0.0174,0.0174,0.3324
28-APR-2026,LEXUS,17.88,18.28,-0.0221,0.0340,0.0340,0.6496
28-APR-2026,LFIC,143.36,139.73,0.0256,0.0343,0.0343,0.6553
28-APR-2026,LGBBROSLTD,1745.30,1766.00,-0.0118,0.0240,0.0240,0.4585
28-APR-2026,LGEINDIA,1608.60,1605.90,0.0017,0.0137,0.0136,0.2598
28-APR-2026,LGHL,266.82,264.23,0.0098,0.0314,0.0313,0.5980
28-APR-2026,LIBAS,12.08,12.20,-0.0099,0.0258,0.0257,0.4910
28-APR-2026,LIBERTSHOE,261.46,262.79,-0.0051,0.0292,0.0291,0.5560
28-APR-2026,LICHSGFIN,550.00,543.10,0.0126,0.0175,0.0175,0.3343
28-APR-2026,LICI,817.70,819.50,-0.0022,0.0173,0.0172,0.3286
28-APR-2026,LICMFGOLD,133.70,134.95,-0.0093,0.0206,0.0206,0.3936
28-APR-2026,LICNETFGSC,28.69,28.71,-0.0007,0.0035,0.0035,0.0669
28-APR-2026,LICNETFN50,268.03,269.43,-0.0052,0.0098,0.0098,0.1872
28-APR-2026,LICNETFSEN,862.84,867.43,-0.0053,0.0123,0.0123,0.2350
28-APR-2026,LICNFNHGP,272.83,273.05,-0.0008,0.0120,0.0120,0.2293
28-APR-2026,LICNMID100,60.43,60.71,-0.0046,0.0139,0.0138,0.2636
28-APR-2026,LIKHITHA,227.01,225.54,0.0065,0.0330,0.0329,0.6286
28-APR-2026,LINC,106.95,97.97,0.0877,0.0290,0.0296,0.5655
28-APR-2026,LINCOLN,646.35,622.00,0.0384,0.0256,0.0257,0.4910
28-APR-2026,LINDEINDIA,7226.00,7242.00,-0.0022,0.0209,0.0208,0.3974
28-APR-2026,LIQGRWBEES,1037.16,1037.04,0.0001,0.0002,0.0002,0.0038
28-APR-2026,LIQUID,999.99,1000.00,-0.0000,0.0000,0.0000,0.0000
28-APR-2026,LIQUID1,1101.77,1101.61,0.0001,0.0002,0.0002,0.0038
28-APR-2026,LIQUIDADD,1123.94,1123.79,0.0001,0.0002,0.0002,0.0038
28-APR-2026,LIQUIDBEES,1000.00,999.99,0.0000,0.0001,0.0001,0.0019
28-APR-2026,LIQUIDBETF,1079.17,1079.05,0.0001,0.0012,0.0012,0.0229
28-APR-2026,LIQUIDCASE,113.80,113.79,0.0001,0.0003,0.0003,0.0057
28-APR-2026,LIQUIDETF,999.99,999.99,0.0000,0.0000,0.0000,0.0000
28-APR-2026,LIQUIDIETF,999.99,999.99,0.0000,0.0001,0.0001,0.0019
28-APR-2026,LIQUIDPLUS,1082.85,1082.72,0.0001,0.0002,0.0002,0.0038
28-APR-2026,LIQUIDSBI,1000.00,999.99,0.0000,0.0003,0.0003,0.0057
28-APR-2026,LIQUIDSHRI,1101.95,1101.81,0.0001,0.0002,0.0002,0.0038
28-APR-2026,LLOYDSENGG,58.77,58.95,-0.0031,0.0326,0.0325,0.6209
28-APR-2026,LLOYDSENT,71.01,69.30,0.0244,0.0363,0.0363,0.6935
28-APR-2026,LLOYDSME,1751.90,1730.40,0.0123,0.0255,0.0254,0.4853
28-APR-2026,LMW,14934.00,14509.00,0.0289,0.0201,0.0201,0.3840
28-APR-2026,LODHA,882.90,879.45,0.0039,0.0251,0.0250,0.4776
28-APR-2026,LOGICINFO,10.00,10.00,0.0000,0.0000,0.0000,0.0000
28-APR-2026,LOKESHMACH,265.75,268.20,-0.0092,0.0349,0.0348,0.6649
28-APR-2026,LORDSCHLO,147.39,147.71,-0.0022,0.0320,0.0319,0.6094
28-APR-2026,LOTUSDEV,147.27,147.74,-0.0032,0.0227,0.0227,0.4337
28-APR-2026,LOTUSEYE,120.17,123.65,-0.0285,0.0303,0.0303,0.5789
28-APR-2026,LOVABLE,76.12,77.04,-0.0120,0.0280,0.0280,0.5349
28-APR-2026,LOWVOL,200.59,201.53,-0.0047,0.0085,0.0084,0.1605
28-APR-2026,LOWVOL1,20.61,20.65,-0.0019,0.0094,0.0093,0.1777
28-APR-2026,LOWVOLIETF,21.51,21.62,-0.0051,0.0086,0.0086,0.1643
28-APR-2026,LOYALTEX,206.85,201.00,0.0287,0.0345,0.0345,0.6591
28-APR-2026,LPDC,7.71,7.90,-0.0243,0.0360,0.0359,0.6859
28-APR-2026,LT,4037.70,4053.30,-0.0039,0.0176,0.0176,0.3362
28-APR-2026,LTF,285.78,287.79,-0.0070,0.0215,0.0214,0.4088
28-APR-2026,LTFOODS,424.95,428.80,-0.0090,0.0281,0.0281,0.5368
28-APR-2026,LTGILTBEES,29.13,29.15,-0.0007,0.0021,0.0021,0.0401
28-APR-2026,LTGILTCASE,29.72,29.73,-0.0003,0.0017,0.0017,0.0325
28-APR-2026,LTM,4380.60,4346.00,0.0079,0.0191,0.0191,0.3649
28-APR-2026,LTTS,3566.60,3589.80,-0.0065,0.0219,0.0218,0.4165
28-APR-2026,LUMAXIND,5081.10,5051.40,0.0059,0.0313,0.0313,0.5980
28-APR-2026,LUMAXTECH,1663.30,1747.60,-0.0494,0.0335,0.0336,0.6419
28-APR-2026,LUPIN,2302.70,2324.50,-0.0094,0.0144,0.0144,0.2751
28-APR-2026,LUXIND,1510.35,1657.10,-0.0927,0.0300,0.0307,0.5865
28-APR-2026,LXCHEM,150.48,148.80,0.0112,0.0265,0.0264,0.5044
28-APR-2026,LYKALABS,59.38,58.47,0.0154,0.0285,0.0285,0.5445
28-APR-2026,LYPSAGEMS,5.70,5.62,0.0141,0.0346,0.0346,0.6610
28-APR-2026,M&M,3088.10,3102.40,-0.0046,0.0187,0.0187,0.3573
28-APR-2026,M&MFIN,312.65,317.70,-0.0160,0.0225,0.0224,0.4280
28-APR-2026,MAANALU,151.45,164.07,-0.0800,0.0322,0.0326,0.6228
28-APR-2026,MACPOWER,1139.80,1138.35,0.0013,0.0315,0.0314,0.5999
28-APR-2026,MADHAV,39.99,38.62,0.0349,0.0308,0.0308,0.5884
28-APR-2026,MADHAVIPL,9.50,9.60,-0.0105,0.0324,0.0324,0.6190
28-APR-2026,MADHUCON,5.14,5.09,0.0098,0.0313,0.0312,0.5961
28-APR-2026,MADRASFERT,69.66,68.87,0.0114,0.0270,0.0270,0.5158
28-APR-2026,MAFANG,180.80,177.24,0.0199,0.0157,0.0158,0.3019
28-APR-2026,MAFATIND,136.05,136.15,-0.0007,0.0306,0.0305,0.5827
28-APR-2026,MAGADSUGAR,507.35,526.50,-0.0371,0.0248,0.0249,0.4757
28-APR-2026,MAGNUM,21.48,21.61,-0.0060,0.0332,0.0331,0.6324
28-APR-2026,MAHABANK,77.74,79.75,-0.0255,0.0238,0.0238,0.4547
28-APR-2026,MAHAPEXLTD,52.66,52.18,0.0092,0.0375,0.0374,0.7145
28-APR-2026,MAHASTEEL,851.80,841.70,0.0119,0.0270,0.0269,0.5139
28-APR-2026,MAHEPC,115.55,115.14,0.0036,0.0291,0.0290,0.5540
28-APR-2026,MAHESHWARI,50.50,50.37,0.0026,0.0253,0.0253,0.4834
28-APR-2026,MAHKTECH,23.70,23.49,0.0089,0.0222,0.0222,0.4241
28-APR-2026,MAHLIFE,339.95,327.15,0.0384,0.0218,0.0219,0.4184
28-APR-2026,MAHLOG,410.10,410.95,-0.0021,0.0255,0.0255,0.4872
28-APR-2026,MAHSCOOTER,12397.00,12438.00,-0.0033,0.0216,0.0215,0.4108
28-APR-2026,MAHSEAMLES,649.70,647.25,0.0038,0.0199,0.0198,0.3783
28-APR-2026,MAITHANALL,992.80,1000.50,-0.0077,0.0242,0.0241,0.4604
28-APR-2026,MAJESAUT,314.20,310.50,0.0118,0.0276,0.0276,0.5273
28-APR-2026,MAKEINDIA,158.24,158.66,-0.0027,0.0110,0.0110,0.2102
28-APR-2026,MALLCOM,1098.85,1089.45,0.0086,0.0265,0.0264,0.5044
28-APR-2026,MALUPAPER,32.87,32.79,0.0024,0.0311,0.0310,0.5923
28-APR-2026,MAMATA,405.95,405.15,0.0020,0.0278,0.0277,0.5292
28-APR-2026,MANAKALUCO,38.30,35.27,0.0824,0.0430,0.0433,0.8272
28-APR-2026,MANAKCOAT,117.21,107.35,0.0879,0.0304,0.0310,0.5923
28-APR-2026,MANAKSIA,59.69,61.03,-0.0222,0.0268,0.0268,0.5120
28-APR-2026,MANAKSTEEL,69.93,73.28,-0.0468,0.0373,0.0374,0.7145
28-APR-2026,MANALIPETC,54.43,54.78,-0.0064,0.0265,0.0264,0.5044
28-APR-2026,MANAPPURAM,292.75,288.20,0.0157,0.0225,0.0224,0.4280
28-APR-2026,MANBA,109.31,108.57,0.0068,0.0189,0.0189,0.3611
28-APR-2026,MANCREDIT,175.43,170.75,0.0270,0.0185,0.0185,0.3534
28-APR-2026,MANGALAM,28.91,28.35,0.0196,0.0338,0.0337,0.6438
28-APR-2026,MANGLMCEM,928.00,917.75,0.0111,0.0214,0.0213,0.4069
28-APR-2026,MANINDS,530.00,560.05,-0.0551,0.0361,0.0362,0.6916
28-APR-2026,MANINFRA,116.34,116.47,-0.0011,0.0259,0.0258,0.4929
28-APR-2026,MANKIND,2264.40,2268.70,-0.0019,0.0177,0.0176,0.3362
28-APR-2026,MANOMAY,242.71,233.44,0.0389,0.0265,0.0266,0.5082
28-APR-2026,MANORAMA,1445.40,1440.50,0.0034,0.0299,0.0299,0.5712
28-APR-2026,MANORG,457.80,455.45,0.0051,0.0302,0.0301,0.5751
28-APR-2026,MANUFGBEES,156.30,156.08,0.0014,0.0084,0.0084,0.1605
28-APR-2026,MANUGRAPH,13.50,13.52,-0.0015,0.0356,0.0355,0.6782
28-APR-2026,MANYAVAR,439.35,448.25,-0.0201,0.0212,0.0212,0.4050
28-APR-2026,MAPMYINDIA,929.45,938.90,-0.0101,0.0235,0.0234,0.4471
28-APR-2026,MARALOVER,45.83,46.39,-0.0121,0.0308,0.0307,0.5865
28-APR-2026,MARATHON,477.95,473.45,0.0095,0.0281,0.0281,0.5368
28-APR-2026,MARBLE,123.35,123.35,0.0000,0.0000,0.0000,0.0000
28-APR-2026,MARICO,780.85,787.00,-0.0078,0.0128,0.0128,0.2445
28-APR-2026,MARINE,235.06,229.56,0.0237,0.0319,0.0319,0.6094
28-APR-2026,MARKOLINES,152.92,153.13,-0.0014,0.0291,0.0290,0.5540
28-APR-2026,MARKSANS,184.11,192.11,-0.0425,0.0266,0.0267,0.5101
28-APR-2026,MARSONS,156.99,162.75,-0.0360,0.0291,0.0291,0.5560
28-APR-2026,MARUTI,12892.00,13222.00,-0.0253,0.0150,0.0151,0.2885
28-APR-2026,MASFIN,318.80,321.90,-0.0097,0.0191,0.0191,0.3649
28-APR-2026,MASKINVEST,159.13,169.79,-0.0648,0.0423,0.0425,0.8120
28-APR-2026,MASPTOP50,76.90,75.86,0.0136,0.0149,0.0149,0.2847
28-APR-2026,MASTEK,1680.40,1735.80,-0.0324,0.0249,0.0249,0.4757
28-APR-2026,MASTERTR,76.02,76.40,-0.0050,0.0360,0.0359,0.6859
28-APR-2026,MATRIMONY,430.60,428.25,0.0055,0.0204,0.0204,0.3897
28-APR-2026,MAWANASUG,101.74,104.88,-0.0304,0.0226,0.0226,0.4318
28-APR-2026,MAXESTATES,401.00,401.30,-0.0007,0.0260,0.0260,0.4967
28-APR-2026,MAXHEALTH,1004.75,1009.85,-0.0051,0.0188,0.0187,0.3573
28-APR-2026,MAXIND,160.88,157.20,0.0231,0.0270,0.0270,0.5158
28-APR-2026,MAXPLUS,10.00,10.00,0.0000,0.0000,0.0000,0.0000
28-APR-2026,MAYURUNIQ,563.85,566.85,-0.0053,0.0214,0.0214,0.4088
28-APR-2026,MAZDA,217.35,215.69,0.0077,0.0289,0.0288,0.5502
28-APR-2026,MAZDOCK,2683.30,2684.00,-0.0003,0.0287,0.0286,0.5464
28-APR-2026,MBAPL,526.50,519.95,0.0125,0.0241,0.0241,0.4604
28-APR-2026,MBEL,333.98,333.64,0.0010,0.0285,0.0285,0.5445
28-APR-2026,MBLINFRA,25.22,25.97,-0.0293,0.0377,0.0376,0.7183
28-APR-2026,MCCHRLS-B,674.75,688.30,-0.0199,0.0290,0.0289,0.5521
28-APR-2026,MCL,59.00,59.00,0.0000,0.0323,0.0323,0.6171
28-APR-2026,MCLEODRUSS,57.83,55.12,0.0480,0.0369,0.0370,0.7069
28-APR-2026,MCLOUD,26.97,26.89,0.0030,0.0419,0.0418,0.7986
28-APR-2026,MCX,2898.00,2830.00,0.0237,0.0258,0.0258,0.4929
28-APR-2026,MEDANTA,1137.50,1167.70,-0.0262,0.0198,0.0198,0.3783
28-APR-2026,MEDIA,0.50,0.50,0.0000,0.0001,0.0001,0.0019
28-APR-2026,MEDIASSIST,345.35,361.00,-0.0443,0.0250,0.0251,0.4795
28-APR-2026,MEDICAMEQ,248.24,252.31,-0.0163,0.0286,0.0286,0.5464
28-APR-2026,MEDICO,40.29,41.17,-0.0216,0.0340,0.0339,0.6477
28-APR-2026,MEDPLUS,875.70,899.95,-0.0273,0.0179,0.0180,0.3439
28-APR-2026,MEESHO,178.87,179.59,-0.0040,0.0233,0.0233,0.4451
28-APR-2026,MEGASTAR,277.55,282.30,-0.0170,0.0285,0.0285,0.5445
28-APR-2026,MEIL,297.17,300.60,-0.0115,0.0234,0.0233,0.4451
28-APR-2026,MENNPIS,57.95,57.65,0.0052,0.0249,0.0249,0.4757
28-APR-2026,MENONBE,121.53,120.39,0.0094,0.0240,0.0239,0.4566
28-APR-2026,MEP,0.98,0.97,0.0103,0.0252,0.0251,0.4795
28-APR-2026,MERCANTILE,22.10,22.05,0.0023,0.0363,0.0362,0.6916
28-APR-2026,METAL,13.13,13.06,0.0053,0.0150,0.0150,0.2866
28-APR-2026,METALIETF,13.09,13.04,0.0038,0.0145,0.0145,0.2770
28-APR-2026,METROBRAND,1046.05,1062.10,-0.0152,0.0200,0.0200,0.3821
28-APR-2026,METROGLOBL,126.30,128.30,-0.0157,0.0279,0.0278,0.5311
28-APR-2026,METROPOLIS,480.70,476.50,0.0088,0.0184,0.0184,0.3515
28-APR-2026,MFML,25.03,25.85,-0.0322,0.0340,0.0340,0.6496
28-APR-2026,MFSL,1610.80,1603.00,0.0049,0.0167,0.0166,0.3171
28-APR-2026,MGEL,14.10,13.81,0.0208,0.0355,0.0355,0.6782
28-APR-2026,MGL,1133.05,1141.90,-0.0078,0.0214,0.0214,0.4088
28-APR-2026,MGLFL,10.00,10.00,0.0000,0.0000,0.0000,0.0000
28-APR-2026,MHLXMIRU,189.68,189.72,-0.0002,0.0292,0.0292,0.5579
28-APR-2026,MHRIL,246.17,253.96,-0.0312,0.0188,0.0189,0.3611
28-APR-2026,MICEL,40.56,41.19,-0.0154,0.0375,0.0374,0.7145
28-APR-2026,MID150,22.51,22.45,0.0027,0.0137,0.0137,0.2617
28-APR-2026,MID150BEES,228.66,229.50,-0.0037,0.0114,0.0113,0.2159
28-APR-2026,MID150CASE,11.13,11.10,0.0027,0.0106,0.0106,0.2025
28-APR-2026,MIDCAP,17.42,17.33,0.0052,0.0123,0.0123,0.2350
28-APR-2026,MIDCAPADD,22.21,22.15,0.0027,0.0154,0.0153,0.2923
28-APR-2026,MIDCAPBETA,223.79,224.42,-0.0028,0.0127,0.0127,0.2426
28-APR-2026,MIDCAPETF,22.65,22.63,0.0009,0.0116,0.0116,0.2216
28-APR-2026,MIDCAPIETF,22.99,22.95,0.0017,0.0114,0.0113,0.2159
28-APR-2026,MIDHANI,393.25,382.15,0.0286,0.0285,0.0285,0.5445
28-APR-2026,MIDQ50ADD,240.64,240.47,0.0007,0.0114,0.0114,0.2178
28-APR-2026,MIDSELIETF,18.08,18.10,-0.0011,0.0127,0.0126,0.2407
28-APR-2026,MIDSMALL,49.88,49.71,0.0034,0.0122,0.0122,0.2331
28-APR-2026,MIDWESTLTD,1278.20,1268.30,0.0078,0.0257,0.0257,0.4910
28-APR-2026,MILIND,69.95,69.95,0.0000,0.0000,0.0000,0.0000
28-APR-2026,MINDACORP,519.90,526.80,-0.0132,0.0221,0.0220,0.4203
28-APR-2026,MINDSPACE,466.81,469.20,-0.0051,0.0105,0.0105,0.2006
28-APR-2026,MINDTECK,205.92,210.33,-0.0212,0.0364,0.0363,0.6935
28-APR-2026,MIRCELECTR,33.62,33.06,0.0168,0.0379,0.0378,0.7222
28-APR-2026,MIRZAINT,33.59,32.91,0.0205,0.0295,0.0295,0.5636
28-APR-2026,MITCON,78.98,80.07,-0.0137,0.0310,0.0309,0.5903
28-APR-2026,MITTAL,0.95,0.96,-0.0105,0.0328,0.0327,0.6247
28-APR-2026,MKPL,5.30,5.34,-0.0075,0.0323,0.0323,0.6171
28-APR-2026,MMFL,495.05,500.10,-0.0101,0.0266,0.0265,0.5063
28-APR-2026,MMP,254.77,256.25,-0.0058,0.0268,0.0268,0.5120
28-APR-2026,MMTC,66.02,66.68,-0.0099,0.0323,0.0323,0.6171
28-APR-2026,MMWL,10.25,10.25,0.0000,0.0325,0.0324,0.6190
28-APR-2026,MNC,32.72,32.84,-0.0037,0.0112,0.0111,0.2121
28-APR-2026,MOALPHA50,51.08,51.22,-0.0027,0.0104,0.0104,0.1987
28-APR-2026,MOBANK10,16.51,16.74,-0.0138,0.0021,0.0023,0.0439
28-APR-2026,MOBIKWIK,228.72,224.97,0.0165,0.0324,0.0323,0.6171
28-APR-2026,MOCAPITAL,52.95,52.39,0.0106,0.0155,0.0155,0.2961
28-APR-2026,MODEFENCE,97.79,97.65,0.0014,0.0170,0.0170,0.3248
28-APR-2026,MODINATUR,371.95,375.05,-0.0083,0.0177,0.0177,0.3382
28-APR-2026,MODIRUBBER,132.69,128.56,0.0316,0.0346,0.0346,0.6610
28-APR-2026,MODIS,391.35,384.90,0.0166,0.0251,0.0251,0.4795
28-APR-2026,MODISONLTD,170.52,152.18,0.1138,0.0288,0.0299,0.5712
28-APR-2026,MODTHREAD,46.84,47.77,-0.0197,0.0586,0.0585,1.1176
28-APR-2026,MOENERGY,41.21,40.68,0.0129,0.0091,0.0091,0.1739
28-APR-2026,MOGOLD,146.80,148.40,-0.0108,0.0173,0.0173,0.3305
28-APR-2026,MOGSEC,63.66,64.01,-0.0055,0.0060,0.0060,0.1146
28-APR-2026,MOHEALTH,45.06,45.09,-0.0007,0.0097,0.0096,0.1834
28-APR-2026,MOHITIND,24.64,23.16,0.0619,0.0296,0.0299,0.5712
28-APR-2026,MOIL,332.00,324.15,0.0239,0.0276,0.0276,0.5273
28-APR-2026,MOINFRA,65.04,64.38,0.0102,0.0111,0.0111,0.2121
28-APR-2026,MOIPO,44.02,43.97,0.0011,0.0116,0.0116,0.2216
28-APR-2026,MOKSH,13.30,12.95,0.0267,0.0314,0.0313,0.5980
28-APR-2026,MOL,52.25,52.98,-0.0139,0.0289,0.0288,0.5502
28-APR-2026,MOLDTECH,129.10,130.31,-0.0093,0.0299,0.0299,0.5712
28-APR-2026,MOLDTKPAC,570.20,575.85,-0.0099,0.0232,0.0232,0.4432
28-APR-2026,MOLIND,3.20,3.20,0.0000,0.0000,0.0000,0.0000
28-APR-2026,MOLOWVOL,36.73,36.77,-0.0011,0.0090,0.0090,0.1719
28-APR-2026,MOM100,64.99,64.83,0.0025,0.0118,0.0118,0.2254
28-APR-2026,MOM30IETF,30.93,31.05,-0.0039,0.0126,0.0126,0.2407
28-APR-2026,MOM50,249.94,250.50,-0.0022,0.0093,0.0093,0.1777
28-APR-2026,MOMENTUM,30.63,30.96,-0.0107,0.0126,0.0126,0.2407
28-APR-2026,MOMENTUM30,30.50,30.35,0.0049,0.0119,0.0119,0.2273
28-APR-2026,MOMENTUM50,51.41,51.55,-0.0027,0.0124,0.0123,0.2350
28-APR-2026,MOMGF,155.12,155.98,-0.0055,0.0157,0.0156,0.2980
28-APR-2026,MOMIDMTM,62.82,62.81,0.0002,0.0110,0.0109,0.2082
28-APR-2026,MOMNC,31.82,31.91,-0.0028,0.0102,0.0102,0.1949
28-APR-2026,MOMOMENTUM,61.49,61.69,-0.0032,0.0127,0.0126,0.2407
28-APR-2026,MON100,301.29,295.10,0.0208,0.0146,0.0147,0.2808
28-APR-2026,MON50EQUAL,32.71,32.72,-0.0003,0.0084,0.0083,0.1586
28-APR-2026,MONARCH,299.87,302.68,-0.0093,0.0246,0.0246,0.4700
28-APR-2026,MONEXT50,70.04,69.82,0.0031,0.0097,0.0097,0.1853
28-APR-2026,MONEYBOXX,73.12,70.01,0.0435,0.0291,0.0292,0.5579
28-APR-2026,MONIFTY100,24.93,25.16,-0.0092,0.0078,0.0078,0.1490
28-APR-2026,MONIFTY500,23.16,23.27,-0.0047,0.0095,0.0095,0.1815
28-APR-2026,MONQ50,126.50,126.08,0.0033,0.0150,0.0149,0.2847
28-APR-2026,MONTECARLO,558.40,558.00,0.0007,0.0232,0.0232,0.4432
28-APR-2026,MOPSE,109.14,108.83,0.0028,0.0101,0.0101,0.1930
28-APR-2026,MOQUALITY,203.34,203.42,-0.0004,0.0112,0.0112,0.2140
28-APR-2026,MOREALTY,79.24,79.75,-0.0064,0.0167,0.0167,0.3191
28-APR-2026,MOREPENLAB,42.20,43.26,-0.0248,0.0296,0.0295,0.5636
28-APR-2026,MOSCHIP,209.01,207.66,0.0065,0.0347,0.0346,0.6610
28-APR-2026,MOSERVICE,30.43,30.69,-0.0085,0.0080,0.0080,0.1528
28-APR-2026,MOSILVER,232.48,238.04,-0.0236,0.0331,0.0330,0.6305
28-APR-2026,MOSMALL250,16.78,16.79,-0.0006,0.0118,0.0118,0.2254
28-APR-2026,MOTHERSON,125.22,127.93,-0.0214,0.0228,0.0228,0.4356
28-APR-2026,MOTILALOFS,782.70,793.85,-0.0141,0.0284,0.0283,0.5407
28-APR-2026,MOTISONS,13.84,14.05,-0.0151,0.0311,0.0310,0.5923
28-APR-2026,MOTOGENFIN,25.03,25.41,-0.0151,0.0299,0.0298,0.5693
28-APR-2026,MOTOUR,73.70,74.08,-0.0051,0.0124,0.0123,0.2350
28-APR-2026,MOVALUE,119.60,119.70,-0.0008,0.0131,0.0131,0.2503
28-APR-2026,MPHASIS,2270.30,2264.90,0.0024,0.0196,0.0195,0.3725
28-APR-2026,MPSLTD,1703.40,1700.70,0.0016,0.0291,0.0290,0.5540
28-APR-2026,MRF,130125.00,132205.00,-0.0159,0.0154,0.0154,0.2942
28-APR-2026,MRPL,173.72,172.11,0.0093,0.0316,0.0315,0.6018
28-APR-2026,MSCIADD,29.10,28.99,0.0038,0.0074,0.0074,0.1414
28-APR-2026,MSCIINDIA,29.51,29.45,0.0020,0.0113,0.0112,0.2140
28-APR-2026,MSPL,35.46,35.14,0.0091,0.0289,0.0288,0.5502
28-APR-2026,MSTCLTD,443.80,447.10,-0.0074,0.0266,0.0265,0.5063
28-APR-2026,MSUMI,39.24,41.10,-0.0463,0.0185,0.0187,0.3573
28-APR-2026,MTARTECH,5292.10,5302.90,-0.0020,0.0299,0.0298,0.5693
28-APR-2026,MTEDUCARE,1.49,1.45,0.0272,0.0314,0.0314,0.5999
28-APR-2026,MTNL,31.74,31.75,-0.0003,0.0328,0.0327,0.6247
28-APR-2026,MUFIN,115.56,117.20,-0.0141,0.0279,0.0278,0.5311
28-APR-2026,MUFTI,78.47,79.06,-0.0075,0.0277,0.0277,0.5292
28-APR-2026,MUKANDLTD,138.83,140.75,-0.0137,0.0273,0.0272,0.5197
28-APR-2026,MUKKA,24.15,24.38,-0.0095,0.0231,0.0230,0.4394
28-APR-2026,MUKTAARTS,55.24,50.33,0.0931,0.0319,0.0325,0.6209
28-APR-2026,MULTICAP,16.08,16.10,-0.0012,0.0099,0.0099,0.1891
28-APR-2026,MUNJALAU,80.62,81.19,-0.0070,0.0267,0.0266,0.5082
28-APR-2026,MUNJALSHOW,128.84,129.72,-0.0068,0.0212,0.0211,0.4031
28-APR-2026,MURUDCERA,33.35,33.26,0.0027,0.0250,0.0249,0.4757
28-APR-2026,MUTHOOTCAP,200.96,203.62,-0.0131,0.0259,0.0259,0.4948
28-APR-2026,MUTHOOTFIN,3496.00,3493.80,0.0006,0.0228,0.0228,0.4356
28-APR-2026,MUTHOOTMF,188.59,184.55,0.0217,0.0261,0.0261,0.4986
28-APR-2026,MVGJL,180.44,177.56,0.0161,0.0272,0.0271,0.5177
28-APR-2026,MWL,317.65,301.40,0.0525,0.0166,0.0169,0.3229
28-APR-2026,NACLIND,156.93,156.54,0.0025,0.0366,0.0365,0.6973
28-APR-2026,NAGAFERT,3.99,3.98,0.0025,0.0283,0.0282,0.5388
28-APR-2026,NAGREEKCAP,32.68,34.10,-0.0425,0.0405,0.0405,0.7738
28-APR-2026,NAGREEKEXP,27.68,28.22,-0.0193,0.0339,0.0339,0.6477
28-APR-2026,NAHARCAP,248.43,250.92,-0.0100,0.0242,0.0241,0.4604
28-APR-2026,NAHARINDUS,109.62,108.62,0.0092,0.0250,0.0250,0.4776
28-APR-2026,NAHARPOLY,252.91,257.42,-0.0177,0.0315,0.0314,0.5999
28-APR-2026,NAHARSPING,242.40,240.11,0.0095,0.0271,0.0271,0.5177
28-APR-2026,NAM-INDIA,1023.25,989.70,0.0333,0.0264,0.0264,0.5044
28-APR-2026,NANDINI,14.00,14.00,0.0000,0.0000,0.0000,0.0000
28-APR-2026,NARMADA,33.26,33.41,-0.0045,0.0274,0.0273,0.5216
28-APR-2026,NATCAPSUQ,155.89,158.61,-0.0173,0.0307,0.0306,0.5846
28-APR-2026,NATCOPHARM,1094.10,1089.90,0.0038,0.0239,0.0239,0.4566
28-APR-2026,NATHBIOGEN,172.00,173.79,-0.0104,0.0238,0.0238,0.4547
28-APR-2026,NATIONALUM,441.50,441.00,0.0011,0.0268,0.0268,0.5120
28-APR-2026,NATIONSTD,1378.60,1384.30,-0.0041,0.0318,0.0318,0.6075
28-APR-2026,NAUKRI,1004.60,1000.90,0.0037,0.0190,0.0189,0.3611
28-APR-2026,NAVA,669.25,669.25,0.0000,0.0274,0.0273,0.5216
28-APR-2026,NAVINFLUOR,6627.00,6578.50,0.0073,0.0213,0.0213,0.4069
28-APR-2026,NAVKARCORP,100.49,100.78,-0.0029,0.0316,0.0315,0.6018
28-APR-2026,NAVKARURB,0.79,0.79,0.0000,0.0319,0.0318,0.6075
28-APR-2026,NAVNETEDUL,144.96,145.21,-0.0017,0.0239,0.0238,0.4547
28-APR-2026,NAZARA,269.04,270.48,-0.0053,0.0251,0.0251,0.4795
28-APR-2026,NBCC,94.63,95.41,-0.0082,0.0264,0.0263,0.5025
28-APR-2026,NBIFIN,2039.60,2048.90,-0.0045,0.0250,0.0250,0.4776
28-APR-2026,NCC,164.85,164.48,0.0022,0.0231,0.0230,0.4394
28-APR-2026,NCCL,12.10,12.10,0.0000,0.0000,0.0000,0.0000
28-APR-2026,NCLIND,174.12,173.05,0.0062,0.0201,0.0200,0.3821
28-APR-2026,NDGL,2690.70,2701.00,-0.0038,0.0283,0.0283,0.5407
28-APR-2026,NDL,2.87,2.87,0.0000,0.0313,0.0313,0.5980
28-APR-2026,NDLVENTURE,120.12,117.74,0.0200,0.0337,0.0337,0.6438
28-APR-2026,NDRAUTO,775.60,737.65,0.0502,0.0327,0.0328,0.6266
28-APR-2026,NDRINVIT,136.00,136.37,-0.0027,0.0103,0.0102,0.1949
28-APR-2026,NDTV,81.85,81.08,0.0095,0.0298,0.0298,0.5693
28-APR-2026,NEAGI,3247.95,3263.45,-0.0048,0.0190,0.0190,0.3630
28-APR-2026,NECCLTD,15.87,15.81,0.0038,0.0310,0.0309,0.5903
28-APR-2026,NECLIFE,12.41,12.56,-0.0120,0.0374,0.0373,0.7126
28-APR-2026,NELCAST,135.19,131.58,0.0271,0.0335,0.0335,0.6400
28-APR-2026,NELCO,709.00,705.30,0.0052,0.0288,0.0287,0.5483
28-APR-2026,NEOGEN,1661.70,1654.10,0.0046,0.0312,0.0311,0.5942
28-APR-2026,NEPACL,9.30,9.30,0.0000,0.0000,0.0000,0.0000
28-APR-2026,NEPHROPLUS,539.60,538.65,0.0018,0.0163,0.0163,0.3114
28-APR-2026,NESCO,1197.70,1216.50,-0.0156,0.0212,0.0212,0.4050
28-APR-2026,NESTLEIND,1440.00,1417.30,0.0159,0.0132,0.0132,0.2522
28-APR-2026,NETF,259.63,259.94,-0.0012,0.0093,0.0093,0.1777
28-APR-2026,NETWEB,4002.10,3919.60,0.0208,0.0337,0.0336,0.6419
28-APR-2026,NETWORK18,35.07,35.37,-0.0085,0.0268,0.0268,0.5120
28-APR-2026,NEULANDLAB,14445.00,14755.00,-0.0212,0.0299,0.0299,0.5712
28-APR-2026,NEWAGE,10.00,10.00,0.0000,0.0000,0.0000,0.0000
28-APR-2026,NEWERA,8.50,8.50,0.0000,0.0022,0.0022,0.0420
28-APR-2026,NEWGEN,482.85,491.65,-0.0181,0.0343,0.0342,0.6534
28-APR-2026,NEXT30ADD,42.13,41.96,0.0040,0.0093,0.0093,0.1777
28-APR-2026,NEXT50,726.08,729.12,-0.0042,0.0121,0.0121,0.2312
28-APR-2026,NEXT50ADD,70.72,70.88,-0.0023,0.0185,0.0185,0.3534
28-APR-2026,NEXT50BETA,76.12,76.21,-0.0012,0.0123,0.0123,0.2350
28-APR-2026,NEXT50ETF,71.13,70.84,0.0041,0.0092,0.0092,0.1758
28-APR-2026,NEXT50IETF,74.38,74.59,-0.0028,0.0115,0.0114,0.2178
28-APR-2026,NEXTMEDIA,4.30,4.36,-0.0139,0.0360,0.0359,0.6859
28-APR-2026,NFL,77.09,76.91,0.0023,0.0253,0.0252,0.4814
28-APR-2026,NGIL,37.65,38.19,-0.0142,0.0330,0.0330,0.6305
28-APR-2026,NGLFINE,2266.40,2317.30,-0.0222,0.0326,0.0325,0.6209
28-APR-2026,NH,1757.00,1790.50,-0.0189,0.0196,0.0195,0.3725
28-APR-2026,NHIT,162.00,162.00,0.0000,0.0071,0.0071,0.1356
28-APR-2026,NHPC,85.38,83.23,0.0255,0.0180,0.0181,0.3458
28-APR-2026,NIACL,163.52,165.67,-0.0131,0.0282,0.0281,0.5368
28-APR-2026,NIBE,1102.55,1114.10,-0.0104,0.0328,0.0328,0.6266
28-APR-2026,NIBL,31.50,31.77,-0.0085,0.0397,0.0396,0.7566
28-APR-2026,NIF100BEES,263.48,265.28,-0.0068,0.0090,0.0090,0.1719
28-APR-2026,NIF100IETF,27.77,27.89,-0.0043,0.0088,0.0088,0.1681
28-APR-2026,NIFTY1,264.98,266.00,-0.0038,0.0087,0.0087,0.1662
28-APR-2026,NIFTY100EW,34.14,34.07,0.0021,0.0134,0.0134,0.2560
28-APR-2026,NIFTYADD,251.41,252.59,-0.0047,0.0144,0.0144,0.2751
28-APR-2026,NIFTYBEES,271.49,272.52,-0.0038,0.0086,0.0086,0.1643
28-APR-2026,NIFTYBETA,264.14,265.54,-0.0053,0.0086,0.0086,0.1643
28-APR-2026,NIFTYBETF,245.57,246.59,-0.0041,0.0094,0.0094,0.1796
28-APR-2026,NIFTYCASE,9.55,9.58,-0.0031,0.0067,0.0067,0.1280
28-APR-2026,NIFTYETF,259.18,260.23,-0.0040,0.0090,0.0090,0.1719
28-APR-2026,NIFTYIETF,269.99,271.36,-0.0051,0.0087,0.0087,0.1662
28-APR-2026,NIFTYQLITY,20.96,21.02,-0.0029,0.0108,0.0108,0.2063
28-APR-2026,NIITLTD,71.57,72.18,-0.0085,0.0303,0.0302,0.5770
28-APR-2026,NIITMTS,318.20,316.95,0.0039,0.0225,0.0225,0.4299
28-APR-2026,NILAINFRA,8.28,8.29,-0.0012,0.0299,0.0298,0.5693
28-APR-2026,NILASPACES,13.23,13.05,0.0137,0.0303,0.0303,0.5789
28-APR-2026,NILE,1640.25,1631.50,0.0053,0.0316,0.0315,0.6018
28-APR-2026,NILKAMAL,1318.00,1337.50,-0.0147,0.0176,0.0176,0.3362
28-APR-2026,NIMBSPROJ,181.63,193.17,-0.0616,0.0065,0.0078,0.1490
28-APR-2026,NINSYS,511.70,507.50,0.0082,0.0305,0.0304,0.5808
28-APR-2026,NIPPOBATRY,322.20,322.00,0.0006,0.0239,0.0238,0.4547
28-APR-2026,NIRAJ,29.18,29.57,-0.0133,0.0376,0.0375,0.7164
28-APR-2026,NIRAJISPAT,242.00,242.00,0.0000,0.0366,0.0365,0.6973
28-APR-2026,NIRLON,560.54,554.36,0.0111,0.0128,0.0128,0.2445
28-APR-2026,NITCO,86.05,87.41,-0.0157,0.0319,0.0319,0.6094
28-APR-2026,NITINSPIN,456.50,443.90,0.0280,0.0242,0.0243,0.4643
28-APR-2026,NITIRAJ,202.46,204.66,-0.0108,0.0294,0.0293,0.5598
28-APR-2026,NITTAGELA,971.90,939.05,0.0344,0.0190,0.0191,0.3649
28-APR-2026,NIVABUPA,77.00,77.06,-0.0008,0.0187,0.0186,0.3554
28-APR-2026,NKIND,69.75,74.29,-0.0631,0.0387,0.0389,0.7432
28-APR-2026,NKTEXTILE,10.00,10.00,0.0000,0.0000,0.0000,0.0000
28-APR-2026,NLCINDIA,318.15,313.80,0.0138,0.0244,0.0244,0.4662
28-APR-2026,NMDC,90.90,90.42,0.0053,0.0200,0.0199,0.3802
28-APR-2026,NOCIL,184.54,184.45,0.0005,0.0236,0.0236,0.4509
28-APR-2026,NOIDATOLL,3.67,3.80,-0.0348,0.0333,0.0333,0.6362
28-APR-2026,NORBTEAEXP,61.30,62.50,-0.0194,0.0279,0.0278,0.5311
28-APR-2026,NORTHARC,261.29,263.25,-0.0075,0.0240,0.0240,0.4585
28-APR-2026,NOVAAGRI,28.75,28.75,0.0000,0.0331,0.0330,0.6305
28-APR-2026,NOVARTIND,1051.30,978.25,0.0720,0.0211,0.0216,0.4127
28-APR-2026,NPBET,272.88,276.64,-0.0137,0.0118,0.0118,0.2254
28-APR-2026,NPST,1213.05,1203.60,0.0078,0.0319,0.0318,0.6075
28-APR-2026,NRAIL,499.45,492.15,0.0147,0.0313,0.0312,0.5961
28-APR-2026,NRBBEARING,284.48,287.18,-0.0094,0.0246,0.0246,0.4700
28-APR-2026,NRL,55.38,54.84,0.0098,0.0271,0.0271,0.5177
28-APR-2026,NSIL,5765.50,5734.40,0.0054,0.0247,0.0247,0.4719
28-APR-2026,NSLNISP,41.48,41.58,-0.0024,0.0249,0.0249,0.4757
28-APR-2026,NTPC,406.85,410.20,-0.0082,0.0143,0.0143,0.2732
28-APR-2026,NTPCGREEN,115.81,118.86,-0.0260,0.0197,0.0198,0.3783
28-APR-2026,NUCLEUS,793.20,805.90,-0.0159,0.0245,0.0244,0.4662
28-APR-2026,NURECA,266.35,265.85,0.0019,0.0316,0.0316,0.6037
28-APR-2026,NUVAMA,1378.30,1359.60,0.0137,0.0254,0.0253,0.4834
28-APR-2026,NUVOCO,292.70,295.50,-0.0095,0.0191,0.0190,0.3630
28-APR-2026,NV20,14.39,14.56,-0.0117,0.0108,0.0108,0.2063
28-APR-2026,NV20BEES,143.74,145.06,-0.0091,0.0089,0.0089,0.1700
28-APR-2026,NV20IETF,14.05,14.13,-0.0057,0.0081,0.0081,0.1548
28-APR-2026,NXST,158.01,157.56,0.0029,0.0109,0.0109,0.2082
28-APR-2026,NXT-INFRA,100.00,100.00,0.0000,0.0046,0.0046,0.0879
28-APR-2026,NYKAA,270.12,269.19,0.0034,0.0188,0.0187,0.3573
28-APR-2026,OAL,311.67,316.85,-0.0165,0.0293,0.0292,0.5579
28-APR-2026,OBCL,55.48,55.50,-0.0004,0.0219,0.0219,0.4184
28-APR-2026,OBEROIRLTY,1710.30,1723.30,-0.0076,0.0191,0.0191,0.3649
28-APR-2026,OCCLLTD,100.60,102.53,-0.0190,0.0292,0.0291,0.5560
28-APR-2026,ODIGMA,27.47,27.44,0.0011,0.0277,0.0276,0.5273
28-APR-2026,OEGIL,25.70,25.70,0.0000,0.0005,0.0005,0.0096
28-APR-2026,OFSS,9570.00,9360.00,0.0222,0.0218,0.0218,0.4165
28-APR-2026,OIL,497.20,476.20,0.0432,0.0215,0.0217,0.4146
28-APR-2026,OILCOUNTUB,59.07,60.72,-0.0275,0.0392,0.0392,0.7489
28-APR-2026,OILIETF,11.84,11.65,0.0162,0.0106,0.0106,0.2025
28-APR-2026,OITL,10.00,10.00,0.0000,0.0000,0.0000,0.0000
28-APR-2026,OLAELEC,35.81,36.93,-0.0308,0.0388,0.0388,0.7413
28-APR-2026,OLECTRA,1286.00,1237.30,0.0386,0.0297,0.0298,0.5693
28-APR-2026,OMAXAUTO,124.88,117.72,0.0590,0.0337,0.0338,0.6457
28-APR-2026,OMAXE,81.41,83.22,-0.0220,0.0308,0.0307,0.5865
28-APR-2026,OMFREIGHT,79.94,79.06,0.0111,0.0203,0.0202,0.3859
28-APR-2026,OMINFRAL,92.73,92.53,0.0022,0.0299,0.0298,0.5693
28-APR-2026,OMKARCHEM,3.41,3.58,-0.0487,0.0331,0.0332,0.6343
28-APR-2026,OMNI,399.58,422.43,-0.0556,0.0208,0.0211,0.4031
28-APR-2026,OMPOWER,199.00,196.48,0.0127,0.0041,0.0042,0.0802
28-APR-2026,ONELIFECAP,18.95,19.94,-0.0509,0.0356,0.0357,0.6820
28-APR-2026,ONEPOINT,53.81,53.70,0.0020,0.0300,0.0300,0.5731
28-APR-2026,ONESOURCE,1763.00,1831.30,-0.0380,0.0281,0.0282,0.5388
28-APR-2026,ONGC,301.30,285.90,0.0525,0.0164,0.0168,0.3210
28-APR-2026,ONMOBILE,55.60,56.32,-0.0129,0.0304,0.0303,0.5789
28-APR-2026,ONWARDTEC,236.87,240.06,-0.0134,0.0313,0.0313,0.5980
28-APR-2026,OPTIEMUS,420.20,413.75,0.0155,0.0332,0.0331,0.6324
28-APR-2026,ORBTEXP,163.26,166.58,-0.0201,0.0323,0.0323,0.6171
28-APR-2026,ORCHASP,2.06,2.05,0.0049,0.0363,0.0362,0.6916
28-APR-2026,ORCHPHARMA,585.30,585.25,0.0001,0.0279,0.0279,0.5330
28-APR-2026,ORICONENT,64.57,64.69,-0.0019,0.0237,0.0236,0.4509
28-APR-2026,ORIENTALTL,7.04,6.95,0.0129,0.0346,0.0345,0.6591
28-APR-2026,ORIENTBELL,320.70,284.75,0.1189,0.0299,0.0310,0.5923
28-APR-2026,ORIENTCEM,147.94,148.01,-0.0005,0.0239,0.0238,0.4547
28-APR-2026,ORIENTCER,40.52,41.22,-0.0171,0.0318,0.0317,0.6056
28-APR-2026,ORIENTELEC,188.30,193.48,-0.0271,0.0252,0.0252,0.4814
28-APR-2026,ORIENTHOT,99.87,99.18,0.0069,0.0259,0.0258,0.4929
28-APR-2026,ORIENTLTD,63.26,63.80,-0.0085,0.0279,0.0279,0.5330
28-APR-2026,ORIENTPPR,18.51,18.58,-0.0038,0.0266,0.0265,0.5063
28-APR-2026,ORIENTTECH,281.32,286.26,-0.0174,0.0368,0.0367,0.7012
28-APR-2026,ORISSAMINE,4203.40,4071.20,0.0320,0.0292,0.0292,0.5579
28-APR-2026,ORKLAINDIA,645.20,650.05,-0.0075,0.0128,0.0128,0.2445
28-APR-2026,ORTEL,1.89,1.85,0.0214,0.0463,0.0462,0.8826
28-APR-2026,ORTINGLOBE,15.22,15.22,0.0000,0.0346,0.0345,0.6591
28-APR-2026,OSIAHYPER,6.87,6.55,0.0477,0.0362,0.0363,0.6935
28-APR-2026,OSWALAGRO,49.34,49.69,-0.0071,0.0384,0.0383,0.7317
28-APR-2026,OSWALGREEN,28.40,28.28,0.0042,0.0329,0.0328,0.6266
28-APR-2026,OSWALMIN,10.00,10.00,0.0000,0.0000,0.0000,0.0000
28-APR-2026,OSWALPUMPS,414.15,414.00,0.0004,0.0247,0.0247,0.4719
28-APR-2026,OSWALSEEDS,12.49,12.82,-0.0261,0.0299,0.0299,0.5712
28-APR-2026,PACEDIGITK,180.58,181.99,-0.0078,0.0193,0.0192,0.3668
28-APR-2026,PAGEIND,37505.00,37705.00,-0.0053,0.0150,0.0149,0.2847
28-APR-2026,PAISALO,47.52,47.36,0.0034,0.0283,0.0282,0.5388
28-APR-2026,PAKKA,96.94,94.50,0.0255,0.0302,0.0302,0.5770
28-APR-2026,PALASHSECU,97.89,95.04,0.0295,0.0245,0.0245,0.4681
28-APR-2026,PALREDTEC,37.35,38.59,-0.0327,0.0330,0.0330,0.6305
28-APR-2026,PANACEABIO,377.05,368.85,0.0220,0.0337,0.0337,0.6438
28-APR-2026,PANACHE,331.85,316.05,0.0488,0.0311,0.0312,0.5961
28-APR-2026,PANAMAPET,275.66,273.34,0.0085,0.0234,0.0234,0.4471
28-APR-2026,PANSARI,289.70,305.65,-0.0536,0.0296,0.0298,0.5693
28-APR-2026,PAR,91.06,91.13,-0.0008,0.0283,0.0283,0.5407
28-APR-2026,PARACABLES,39.13,40.27,-0.0287,0.0332,0.0332,0.6343
28-APR-2026,PARADEEP,134.38,135.92,-0.0114,0.0297,0.0296,0.5655
28-APR-2026,PARAGMILK,230.21,231.24,-0.0045,0.0307,0.0306,0.5846
28-APR-2026,PARAS,806.45,808.10,-0.0020,0.0305,0.0305,0.5827
28-APR-2026,PARASPETRO,2.16,2.20,-0.0183,0.0399,0.0398,0.7604
28-APR-2026,PARKHOSPS,234.27,236.88,-0.0111,0.0174,0.0174,0.3324
28-APR-2026,PARKHOTELS,125.55,123.49,0.0165,0.0240,0.0240,0.4585
28-APR-2026,PARSVNATH,8.11,7.87,0.0300,0.0401,0.0401,0.7661
28-APR-2026,PASHUPATI,87.85,88.30,-0.0051,0.0191,0.0190,0.3630
28-APR-2026,PASUPTAC,50.27,51.12,-0.0168,0.0336,0.0335,0.6400
28-APR-2026,PATANJALI,464.00,466.50,-0.0054,0.0164,0.0163,0.3114
28-APR-2026,PATELENG,29.06,27.96,0.0386,0.0270,0.0271,0.5177
28-APR-2026,PATELRMART,211.82,218.30,-0.0301,0.0235,0.0235,0.4490
28-APR-2026,PATINTLOG,11.47,11.59,-0.0104,0.0284,0.0284,0.5426
28-APR-2026,PAUSHAKLTD,469.05,463.75,0.0114,0.0301,0.0301,0.5751
28-APR-2026,PAVNAIND,20.72,20.68,0.0019,0.0414,0.0413,0.7890
28-APR-2026,PAYTM,1129.15,1132.00,-0.0025,0.0272,0.0271,0.5177
28-APR-2026,PCBL,296.40,291.41,0.0170,0.0288,0.0288,0.5502
28-APR-2026,PCJEWELLER,9.47,9.51,-0.0042,0.0317,0.0316,0.6037
28-APR-2026,PDMJEPAPER,85.64,85.75,-0.0013,0.0282,0.0282,0.5388
28-APR-2026,PDSL,283.40,279.80,0.0128,0.0258,0.0258,0.4929
28-APR-2026,PEARLPOLY,20.57,20.81,-0.0116,0.0359,0.0358,0.6840
28-APR-2026,PENIND,170.78,174.09,-0.0192,0.0340,0.0339,0.6477
28-APR-2026,PENINLAND,18.12,18.92,-0.0432,0.0379,0.0379,0.7241
28-APR-2026,PERSISTENT,4803.50,4818.10,-0.0030,0.0215,0.0214,0.4088
28-APR-2026,PETRONET,277.72,279.90,-0.0078,0.0203,0.0202,0.3859
28-APR-2026,PFC,481.40,474.90,0.0136,0.0215,0.0215,0.4108
28-APR-2026,PFIZER,4820.00,4791.40,0.0060,0.0162,0.0162,0.3095
28-APR-2026,PFOCUS,309.80,318.15,-0.0266,0.0360,0.0360,0.6878
28-APR-2026,PFS,32.08,31.48,0.0189,0.0271,0.0271,0.5177
28-APR-2026,PGEL,563.10,564.50,-0.0025,0.0345,0.0344,0.6572
28-APR-2026,PGHH,10190.00,10310.00,-0.0117,0.0131,0.0131,0.2503
28-APR-2026,PGHL,5112.70,5175.50,-0.0122,0.0137,0.0137,0.2617
28-APR-2026,PGIL,1555.70,1572.30,-0.0106,0.0342,0.0341,0.6515
28-APR-2026,PGINVIT,93.10,93.10,0.0000,0.0079,0.0078,0.1490
28-APR-2026,PHARMABEES,23.74,23.78,-0.0017,0.0095,0.0095,0.1815
28-APR-2026,PHOENIXLTD,1761.90,1799.90,-0.0213,0.0208,0.0208,0.3974
28-APR-2026,PICCADIL,674.85,656.75,0.0272,0.0287,0.0287,0.5483
28-APR-2026,PIDILITIND,1392.60,1399.30,-0.0048,0.0136,0.0135,0.2579
28-APR-2026,PIGL,112.88,114.85,-0.0173,0.0315,0.0315,0.6018
28-APR-2026,PIIND,3097.70,3083.60,0.0046,0.0165,0.0164,0.3133
28-APR-2026,PILANIINVS,4786.00,4771.00,0.0031,0.0230,0.0230,0.4394
28-APR-2026,PILITA,8.13,7.98,0.0186,0.0324,0.0323,0.6171
28-APR-2026,PILLAR,10.00,10.00,0.0000,0.0000,0.0000,0.0000
28-APR-2026,PINELABS,205.48,200.09,0.0266,0.0180,0.0181,0.3458
28-APR-2026,PIONEEREMB,26.73,26.35,0.0143,0.0307,0.0306,0.5846
28-APR-2026,PIONRINV,102.40,105.55,-0.0303,0.0392,0.0392,0.7489
28-APR-2026,PIRAMALFIN,2008.80,1843.00,0.0861,0.0140,0.0152,0.2904
28-APR-2026,PITTIENG,997.80,991.75,0.0061,0.0263,0.0262,0.5006
28-APR-2026,PIXTRANS,1503.20,1489.20,0.0094,0.0237,0.0237,0.4528
28-APR-2026,PKLEASING,10.00,10.00,0.0000,0.0000,0.0000,0.0000
28-APR-2026,PKTEA,791.35,763.85,0.0354,0.0324,0.0324,0.6190
28-APR-2026,PLASTIBLEN,181.00,157.65,0.1381,0.0215,0.0235,0.4490
28-APR-2026,PLATIND,243.13,229.64,0.0571,0.0293,0.0295,0.5636
28-APR-2026,PLAZACABLE,41.52,41.16,0.0087,0.0264,0.0263,0.5025
28-APR-2026,PML,574.80,578.15,-0.0058,0.0251,0.0251,0.4795
28-APR-2026,PNB,111.39,113.88,-0.0221,0.0195,0.0195,0.3725
28-APR-2026,PNBGILTS,71.42,72.86,-0.0200,0.0242,0.0242,0.4623
28-APR-2026,PNBHOUSING,1043.55,1047.00,-0.0033,0.0249,0.0249,0.4757
28-APR-2026,PNC,21.41,21.45,-0.0019,0.0358,0.0357,0.6820
28-APR-2026,PNCINFRA,220.46,217.99,0.0113,0.0240,0.0239,0.4566
28-APR-2026,PNGJL,670.60,674.85,-0.0063,0.0207,0.0207,0.3955
28-APR-2026,PNGSREVA,433.00,400.85,0.0772,0.0146,0.0156,0.2980
28-APR-2026,POCL,1234.30,1233.90,0.0003,0.0341,0.0341,0.6515
28-APR-2026,PODDARMENT,268.49,255.72,0.0487,0.0224,0.0226,0.4318
28-APR-2026,POKARNA,910.00,912.05,-0.0023,0.0368,0.0367,0.7012
28-APR-2026,POLICYBZR,1667.40,1663.00,0.0026,0.0238,0.0238,0.4547
28-APR-2026,POLYCAB,8254.50,8065.50,0.0232,0.0216,0.0217,0.4146
28-APR-2026,POLYMED,1511.70,1495.60,0.0107,0.0269,0.0269,0.5139
28-APR-2026,POLYPLEX,944.50,915.95,0.0307,0.0217,0.0218,0.4165
28-APR-2026,PONNIERODE,304.30,301.35,0.0097,0.0211,0.0210,0.4012
28-APR-2026,POONAWALLA,415.90,420.00,-0.0098,0.0240,0.0239,0.4566
28-APR-2026,POWERGRID,319.00,320.90,-0.0059,0.0150,0.0150,0.2866
28-APR-2026,POWERICA,483.05,464.40,0.0394,0.0078,0.0083,0.1586
28-APR-2026,POWERINDIA,32805.00,32065.00,0.0228,0.0299,0.0299,0.5712
28-APR-2026,POWERMECH,2479.90,2497.80,-0.0072,0.0270,0.0270,0.5158
28-APR-2026,PPAP,213.22,219.10,-0.0272,0.0290,0.0290,0.5540
28-APR-2026,PPL,215.33,215.49,-0.0007,0.0279,0.0278,0.5311
28-APR-2026,PPLPHARMA,164.47,168.78,-0.0259,0.0227,0.0227,0.4337
28-APR-2026,PRABHA,160.98,160.23,0.0047,0.0255,0.0255,0.4872
28-APR-2026,PRABHATSEC,10.80,10.80,0.0000,0.0000,0.0000,0.0000
28-APR-2026,PRADPME,379.95,373.55,0.0170,0.0333,0.0332,0.6343
28-APR-2026,PRAENG,22.89,23.40,-0.0220,0.0371,0.0371,0.7088
28-APR-2026,PRAJIND,395.10,403.35,-0.0207,0.0264,0.0264,0.5044
28-APR-2026,PRAKASH,147.01,145.15,0.0127,0.0282,0.0281,0.5368
28-APR-2026,PRAKASHSTL,4.73,4.77,-0.0084,0.0279,0.0278,0.5311
28-APR-2026,PRAVEG,307.00,297.45,0.0316,0.0314,0.0314,0.5999
28-APR-2026,PRAXIS,8.02,7.59,0.0551,0.0347,0.0349,0.6668
28-APR-2026,PRECAM,164.09,160.25,0.0237,0.0349,0.0349,0.6668
28-APR-2026,PRECOT,550.05,553.45,-0.0062,0.0367,0.0366,0.6992
28-APR-2026,PRECWIRE,412.65,405.70,0.0170,0.0344,0.0343,0.6553
28-APR-2026,PREMCO,429.00,429.25,-0.0006,0.0252,0.0251,0.4795
28-APR-2026,PREMEXPLN,547.80,545.90,0.0035,0.0371,0.0370,0.7069
28-APR-2026,PREMIER,2.84,2.90,-0.0209,0.0293,0.0293,0.5598
28-APR-2026,PREMIERENE,1037.30,1022.60,0.0143,0.0248,0.0248,0.4738
28-APR-2026,PREMIERPOL,53.51,53.66,-0.0028,0.0346,0.0345,0.6591
28-APR-2026,PRESTIGE,1402.60,1405.10,-0.0018,0.0232,0.0231,0.4413
28-APR-2026,PRHOLDING,10.00,10.00,0.0000,0.0000,0.0000,0.0000
28-APR-2026,PRICOLLTD,596.55,600.00,-0.0058,0.0233,0.0232,0.4432
28-APR-2026,PRIMESECU,290.30,283.05,0.0253,0.0236,0.0236,0.4509
28-APR-2026,PRIMO,23.64,23.70,-0.0025,0.0280,0.0279,0.5330
28-APR-2026,PRINCEPIPE,267.03,274.18,-0.0264,0.0248,0.0248,0.4738
28-APR-2026,PRITI,46.13,46.46,-0.0071,0.0385,0.0384,0.7336
28-APR-2026,PRITIKAUTO,13.61,13.31,0.0223,0.0263,0.0263,0.5025
28-APR-2026,PRIVISCL,3269.30,3261.30,0.0025,0.0247,0.0246,0.4700
28-APR-2026,PRIYAINT,8.50,8.50,0.0000,0.0000,0.0000,0.0000
28-APR-2026,PROSTARM,155.75,158.64,-0.0184,0.0284,0.0284,0.5426
28-APR-2026,PROTEAN,536.10,542.90,-0.0126,0.0274,0.0274,0.5235
28-APR-2026,PROZONER,63.04,64.48,-0.0226,0.0331,0.0331,0.6324
28-APR-2026,PRSMJOHNSN,132.95,133.77,-0.0061,0.0239,0.0239,0.4566
28-APR-2026,PRUDENT,2811.70,2857.30,-0.0161,0.0281,0.0281,0.5368
28-APR-2026,PRUDMOULI,16.84,16.51,0.0198,0.0344,0.0343,0.6553
28-APR-2026,PSB,25.08,25.70,-0.0244,0.0259,0.0259,0.4948
28-APR-2026,PSPPROJECT,756.80,738.15,0.0250,0.0257,0.0257,0.4910
28-APR-2026,PSUBANK,863.27,886.65,-0.0267,0.0164,0.0165,0.3152
28-APR-2026,PSUBANKADD,87.39,88.95,-0.0177,0.0161,0.0161,0.3076
28-APR-2026,PSUBNKBEES,96.26,98.27,-0.0207,0.0166,0.0166,0.3171
28-APR-2026,PSUBNKIETF,87.52,89.21,-0.0191,0.0159,0.0160,0.3057
28-APR-2026,PTC,205.71,195.20,0.0524,0.0221,0.0223,0.4260
28-APR-2026,PTCIL,15990.00,16180.00,-0.0118,0.0246,0.0245,0.4681
28-APR-2026,PTL,39.67,39.39,0.0071,0.0149,0.0148,0.2828
28-APR-2026,PUNJABCHEM,1097.70,1060.20,0.0348,0.0293,0.0293,0.5598
28-APR-2026,PURBANCHAL,8.65,8.65,0.0000,0.0000,0.0000,0.0000
28-APR-2026,PURVA,215.76,218.21,-0.0113,0.0322,0.0321,0.6133
28-APR-2026,PVP,32.44,33.94,-0.0452,0.0366,0.0366,0.6992
28-APR-2026,PVRINOX,1051.75,1018.90,0.0317,0.0192,0.0193,0.3687
28-APR-2026,PVSL,102.86,103.53,-0.0065,0.0267,0.0266,0.5082
28-APR-2026,PVTBANIETF,26.62,26.94,-0.0119,0.0107,0.0107,0.2044
28-APR-2026,PVTBANKADD,26.78,27.09,-0.0115,0.0117,0.0117,0.2235
28-APR-2026,PWL,106.33,107.30,-0.0091,0.0217,0.0217,0.4146
28-APR-2026,PYRAMID,172.80,178.06,-0.0300,0.0239,0.0239,0.4566
28-APR-2026,QGOLDHALF,122.81,124.65,-0.0149,0.0186,0.0186,0.3554
28-APR-2026,QNIFTY,262.24,263.37,-0.0043,0.0088,0.0087,0.1662
28-APR-2026,QPOWER,1378.80,1398.70,-0.0143,0.0343,0.0342,0.6534
28-APR-2026,QUADFUTURE,314.65,317.55,-0.0092,0.0343,0.0342,0.6534
28-APR-2026,QUAL30IETF,20.75,20.78,-0.0014,0.0091,0.0091,0.1739
28-APR-2026,QUALITY30,20.39,20.41,-0.0010,0.0092,0.0092,0.1758
28-APR-2026,QUESS,199.85,198.77,0.0054,0.0213,0.0213,0.4069
28-APR-2026,QUICKHEAL,167.62,167.97,-0.0021,0.0326,0.0325,0.6209
28-APR-2026,QUINT,39.50,39.10,0.0102,0.0337,0.0336,0.6419
28-APR-2026,RACE,127.23,125.15,0.0165,0.0343,0.0342,0.6534
28-APR-2026,RACLGEAR,1271.40,1289.40,-0.0141,0.0342,0.0341,0.6515
28-APR-2026,RADAAN,3.28,3.36,-0.0241,0.0320,0.0320,0.6114
28-APR-2026,RADHIKAJWE,65.46,66.00,-0.0082,0.0306,0.0305,0.5827
28-APR-2026,RADIANTCMS,42.63,42.29,0.0080,0.0257,0.0257,0.4910
28-APR-2026,RADICO,3399.20,3315.60,0.0249,0.0225,0.0225,0.4299
28-APR-2026,RADIOCITY,6.13,6.09,0.0065,0.0232,0.0231,0.4413
28-APR-2026,RAILTEL,332.30,323.81,0.0259,0.0306,0.0306,0.5846
28-APR-2026,RAIN,131.59,131.04,0.0042,0.0287,0.0286,0.5464
28-APR-2026,RAINBOW,1241.90,1254.40,-0.0100,0.0180,0.0179,0.3420
28-APR-2026,RAJESHEXPO,127.08,128.79,-0.0134,0.0301,0.0301,0.5751
28-APR-2026,RAJMET,3.99,3.99,0.0000,0.0276,0.0276,0.5273
28-APR-2026,RAJOOENG,70.92,71.23,-0.0044,0.0327,0.0326,0.6228
28-APR-2026,RAJPALAYAM,815.15,773.30,0.0527,0.0191,0.0194,0.3706
28-APR-2026,RAJRATAN,439.60,437.45,0.0049,0.0310,0.0309,0.5903
28-APR-2026,RAJRILTD,21.20,21.45,-0.0117,0.0246,0.0245,0.4681
28-APR-2026,RAJSREESUG,33.39,34.02,-0.0187,0.0320,0.0319,0.6094
28-APR-2026,RAJTV,23.62,23.61,0.0004,0.0339,0.0338,0.6457
28-APR-2026,RALLIS,261.45,261.26,0.0007,0.0254,0.0254,0.4853
28-APR-2026,RAMANEWS,31.53,31.89,-0.0114,0.0329,0.0328,0.6266
28-APR-2026,RAMAPHO,136.69,136.32,0.0027,0.0360,0.0359,0.6859
28-APR-2026,RAMARAJU,182.80,182.80,0.0000,0.0000,0.0000,0.0000
28-APR-2026,RAMASTEEL,5.88,5.80,0.0137,0.0357,0.0356,0.6801
28-APR-2026,RAMCOCEM,956.80,966.40,-0.0100,0.0169,0.0169,0.3229
28-APR-2026,RAMCOIND,269.37,269.49,-0.0004,0.0238,0.0237,0.4528
28-APR-2026,RAMCOSYS,419.65,426.70,-0.0167,0.0335,0.0335,0.6400
28-APR-2026,RAMKY,511.75,509.45,0.0045,0.0273,0.0272,0.5197
28-APR-2026,RAMRAT,436.55,426.50,0.0233,0.0269,0.0269,0.5139
28-APR-2026,RANASUG,13.27,13.42,-0.0112,0.0227,0.0226,0.4318
28-APR-2026,RANEHOLDIN,1119.15,1125.80,-0.0059,0.0244,0.0244,0.4662
28-APR-2026,RANJANPOLY,28.25,28.25,0.0000,0.0000,0.0000,0.0000
28-APR-2026,RATEGAIN,588.35,592.50,-0.0070,0.0272,0.0271,0.5177
28-APR-2026,RATNAMANI,2676.50,2693.90,-0.0065,0.0247,0.0247,0.4719
28-APR-2026,RATNAVEER,160.62,157.11,0.0221,0.0298,0.0297,0.5674
28-APR-2026,RAYMOND,471.85,461.00,0.0233,0.0288,0.0287,0.5483
28-APR-2026,RAYMONDLSL,810.45,812.00,-0.0019,0.0282,0.0281,0.5368
28-APR-2026,RAYMONDREL,427.90,436.55,-0.0200,0.0268,0.0268,0.5120
28-APR-2026,RBA,64.09,64.14,-0.0008,0.0197,0.0197,0.3764
28-APR-2026,RBLBANK,320.75,312.80,0.0251,0.0225,0.0225,0.4299
28-APR-2026,RBZJEWEL,140.31,140.59,-0.0020,0.0287,0.0286,0.5464
28-APR-2026,RCF,130.26,130.80,-0.0041,0.0263,0.0262,0.5006
28-APR-2026,RCOM,0.99,0.97,0.0204,0.0298,0.0298,0.5693
28-APR-2026,RECLTD,375.80,378.05,-0.0060,0.0219,0.0219,0.4184
28-APR-2026,REDINGTON,214.97,219.02,-0.0187,0.0301,0.0300,0.5731
28-APR-2026,REDTAPE,129.92,130.72,-0.0061,0.0253,0.0252,0.4814
28-APR-2026,REFEX,265.87,256.32,0.0366,0.0345,0.0345,0.6591
28-APR-2026,REGAAL,85.57,87.09,-0.0176,0.0274,0.0274,0.5235
28-APR-2026,REGALENTER,10.00,10.00,0.0000,0.0000,0.0000,0.0000
28-APR-2026,REGENCERAM,45.32,46.30,-0.0214,0.0345,0.0345,0.6591
28-APR-2026,RELAXO,304.44,308.29,-0.0126,0.0211,0.0211,0.4031
28-APR-2026,RELCHEMQ,116.01,118.96,-0.0251,0.0239,0.0239,0.4566
28-APR-2026,RELIABLE,131.21,131.16,0.0004,0.0332,0.0331,0.6324
28-APR-2026,RELIANCE,1388.90,1365.80,0.0168,0.0139,0.0139,0.2656
28-APR-2026,RELIGARE,226.70,223.01,0.0164,0.0260,0.0260,0.4967
28-APR-2026,RELTD,149.13,149.91,-0.0052,0.0324,0.0323,0.6171
28-APR-2026,REMSONSIND,109.93,110.87,-0.0085,0.0317,0.0316,0.6037
28-APR-2026,RENUKA,27.64,28.03,-0.0140,0.0227,0.0227,0.4337
28-APR-2026,REPCOHOME,408.85,414.70,-0.0142,0.0224,0.0224,0.4280
28-APR-2026,REPL,80.05,80.96,-0.0113,0.0351,0.0350,0.6687
28-APR-2026,REPRO,358.35,352.00,0.0179,0.0314,0.0313,0.5980
28-APR-2026,RESPONIND,158.99,155.80,0.0203,0.0261,0.0260,0.4967
28-APR-2026,RETAIL,20.42,20.24,0.0089,0.0380,0.0379,0.7241
28-APR-2026,RGL,100.27,103.45,-0.0312,0.0353,0.0352,0.6725
28-APR-2026,RHETAN,29.55,29.09,0.0157,0.0246,0.0246,0.4700
28-APR-2026,RHIM,409.60,411.20,-0.0039,0.0236,0.0236,0.4509
28-APR-2026,RHL,182.91,187.20,-0.0232,0.0286,0.0286,0.5464
28-APR-2026,RICOAUTO,114.51,116.42,-0.0165,0.0353,0.0352,0.6725
28-APR-2026,RIIL,795.95,800.15,-0.0053,0.0258,0.0257,0.4910
28-APR-2026,RIIT,110.51,110.89,-0.0034,0.0025,0.0025,0.0478
28-APR-2026,RISHABH,477.20,491.35,-0.0292,0.0317,0.0316,0.6037
28-APR-2026,RITCO,213.09,217.56,-0.0208,0.0273,0.0273,0.5216
28-APR-2026,RITES,222.13,222.39,-0.0012,0.0242,0.0241,0.4604
28-APR-2026,RITZ,15.25,15.25,0.0000,0.0000,0.0000,0.0000
28-APR-2026,RKDL,22.13,21.78,0.0159,0.0312,0.0311,0.5942
28-APR-2026,RKEC,35.83,36.48,-0.0180,0.0407,0.0407,0.7776
28-APR-2026,RKFORGE,602.30,563.20,0.0671,0.0238,0.0242,0.4623
28-APR-2026,RKSWAMY,85.39,86.87,-0.0172,0.0266,0.0265,0.5063
28-APR-2026,RMC,488.35,498.40,-0.0204,0.0105,0.0106,0.2025
28-APR-2026,RMDRIP,19.85,18.91,0.0485,0.0311,0.0312,0.5961
28-APR-2026,RML,769.65,774.45,-0.0062,0.0251,0.0251,0.4795
28-APR-2026,RNBDENIMS,14.70,14.00,0.0488,0.0345,0.0346,0.6610
28-APR-2026,ROADSTAR,68.00,68.00,0.0000,0.0275,0.0274,0.5235
28-APR-2026,ROBERT,10.70,10.70,0.0000,0.0000,0.0000,0.0000
28-APR-2026,ROHLTD,339.65,348.05,-0.0244,0.0278,0.0277,0.5292
28-APR-2026,ROLEXRINGS,149.14,148.24,0.0061,0.0268,0.0267,0.5101
28-APR-2026,ROLLT,1.75,1.67,0.0468,0.0396,0.0397,0.7585
28-APR-2026,ROML,44.92,45.78,-0.0190,0.0310,0.0309,0.5903
28-APR-2026,ROSSARI,468.90,504.25,-0.0727,0.0203,0.0208,0.3974
28-APR-2026,ROSSELLIND,56.09,55.87,0.0039,0.0274,0.0274,0.5235
28-APR-2026,ROSSTECH,1020.05,992.30,0.0276,0.0336,0.0336,0.6419
28-APR-2026,ROTO,59.95,60.41,-0.0076,0.0290,0.0289,0.5521
28-APR-2026,ROUTE,530.00,531.55,-0.0029,0.0224,0.0224,0.4280
28-APR-2026,RPEL,701.90,685.20,0.0241,0.0300,0.0300,0.5731
28-APR-2026,RPGLIFE,2046.10,2011.80,0.0169,0.0239,0.0239,0.4566
28-APR-2026,RPOWER,29.55,29.42,0.0044,0.0352,0.0351,0.6706
28-APR-2026,RPPINFRA,80.36,81.81,-0.0179,0.0333,0.0332,0.6343
28-APR-2026,RPPL,16.00,16.04,-0.0025,0.0286,0.0285,0.5445
28-APR-2026,RPSGVENT,816.30,846.10,-0.0359,0.0328,0.0329,0.6286
28-APR-2026,RPTECH,487.65,472.30,0.0320,0.0227,0.0228,0.4356
28-APR-2026,RRIL,17.05,16.60,0.0267,0.0255,0.0255,0.4872
28-APR-2026,RRKABEL,1609.00,1508.50,0.0645,0.0222,0.0226,0.4318
28-APR-2026,RSDFIN,85.60,83.25,0.0278,0.0390,0.0390,0.7451
28-APR-2026,RSL,137.65,133.41,0.0313,0.0111,0.0113,0.2159
28-APR-2026,RSSOFTWARE,42.77,42.72,0.0012,0.0360,0.0360,0.6878
28-APR-2026,RSWM,163.10,161.09,0.0124,0.0258,0.0257,0.4910
28-APR-2026,RSYSTEMS,267.83,271.44,-0.0134,0.0287,0.0287,0.5483
28-APR-2026,RTNINDIA,35.90,36.13,-0.0064,0.0310,0.0309,0.5903
28-APR-2026,RTNPOWER,10.16,10.15,0.0010,0.0287,0.0287,0.5483
28-APR-2026,RUBFILA,73.11,74.82,-0.0231,0.0226,0.0226,0.4318
28-APR-2026,RUBICON,954.65,958.70,-0.0042,0.0163,0.0163,0.3114
28-APR-2026,RUBYMILLS,237.15,232.20,0.0211,0.0292,0.0291,0.5560
28-APR-2026,RUCHINFRA,6.48,6.22,0.0410,0.0341,0.0342,0.6534
28-APR-2026,RUCHIRA,118.05,118.26,-0.0018,0.0217,0.0217,0.4146
28-APR-2026,RUDRA,21.71,21.96,-0.0114,0.0362,0.0361,0.6897
28-APR-2026,RUPA,152.52,155.93,-0.0221,0.0247,0.0247,0.4719
28-APR-2026,RUSHIL,17.06,17.16,-0.0058,0.0306,0.0305,0.5827
28-APR-2026,RUSTOMJEE,396.75,395.75,0.0025,0.0205,0.0205,0.3917
28-APR-2026,RVHL,42.88,41.19,0.0402,0.0344,0.0344,0.6572
28-APR-2026,RVNL,308.62,305.95,0.0087,0.0277,0.0276,0.5273
28-APR-2026,RVTH,610.40,614.75,-0.0071,0.0278,0.0277,0.5292
28-APR-2026,S&SPOWER,423.80,423.80,0.0000,0.0343,0.0342,0.6534
28-APR-2026,SAATVIKGL,480.70,486.50,-0.0120,0.0212,0.0212,0.4050
28-APR-2026,SADBHAV,9.89,10.09,-0.0200,0.0362,0.0361,0.6897
28-APR-2026,SADBHIN,2.85,2.83,0.0070,0.0343,0.0342,0.6534
28-APR-2026,SADHNANIQ,2.26,2.37,-0.0475,0.0390,0.0391,0.7470
28-APR-2026,SAFARI,1458.90,1472.10,-0.0090,0.0224,0.0223,0.4260
28-APR-2026,SAGARDEEP,24.96,25.01,-0.0020,0.0239,0.0239,0.4566
28-APR-2026,SAGCEM,183.24,185.63,-0.0130,0.0238,0.0237,0.4528
28-APR-2026,SAGILITY,41.27,42.10,-0.0199,0.0238,0.0238,0.4547
28-APR-2026,SAHLIBHFI,80.54,80.76,-0.0027,0.0028,0.0028,0.0535
28-APR-2026,SAHYADRI,259.26,252.31,0.0272,0.0236,0.0236,0.4509
28-APR-2026,SAIL,185.63,184.20,0.0077,0.0231,0.0231,0.4413
28-APR-2026,SAILIFE,1047.95,1067.30,-0.0183,0.0226,0.0225,0.4299
28-APR-2026,SAIPARENT,482.55,485.30,-0.0057,0.0060,0.0060,0.1146
28-APR-2026,SAKAR,652.10,626.25,0.0404,0.0291,0.0292,0.5579
28-APR-2026,SAKHTISUG,17.99,18.17,-0.0100,0.0266,0.0265,0.5063
28-APR-2026,SAKSOFT,142.72,144.43,-0.0119,0.0287,0.0286,0.5464
28-APR-2026,SAKUMA,1.94,1.92,0.0104,0.0365,0.0364,0.6954
28-APR-2026,SALASAR,7.51,7.47,0.0053,0.0334,0.0333,0.6362
28-APR-2026,SALONA,266.60,274.70,-0.0299,0.0253,0.0254,0.4853
28-APR-2026,SALSTEEL,58.71,57.79,0.0158,0.0343,0.0343,0.6553
28-APR-2026,SALZERELEC,646.00,642.70,0.0051,0.0328,0.0328,0.6266
28-APR-2026,SAMBHAAV,6.80,7.01,-0.0304,0.0348,0.0347,0.6629
28-APR-2026,SAMBHV,120.31,122.60,-0.0189,0.0238,0.0237,0.4528
28-APR-2026,SAMHI,159.62,163.93,-0.0266,0.0246,0.0246,0.4700
28-APR-2026,SAMMAANCAP,143.36,143.40,-0.0003,0.0274,0.0274,0.5235
28-APR-2026,SAMPANN,28.32,29.12,-0.0279,0.0357,0.0356,0.6801
28-APR-2026,SAMYAK,9.95,9.95,0.0000,0.0000,0.0000,0.0000
28-APR-2026,SANATHAN,466.10,461.25,0.0105,0.0209,0.0209,0.3993
28-APR-2026,SANCO,2.50,2.60,-0.0392,0.0313,0.0313,0.5980
28-APR-2026,SANDESH,1018.40,999.80,0.0184,0.0225,0.0225,0.4299
28-APR-2026,SANDHAR,503.30,504.40,-0.0022,0.0264,0.0263,0.5025
28-APR-2026,SANDUMA,216.75,216.26,0.0023,0.0330,0.0329,0.6286
28-APR-2026,SANGAMIND,515.35,527.75,-0.0238,0.0283,0.0283,0.5407
28-APR-2026,SANGHVIMOV,302.61,303.79,-0.0039,0.0337,0.0337,0.6438
28-APR-2026,SANGINITA,20.24,20.65,-0.0201,0.0321,0.0321,0.6133
28-APR-2026,SANOFI,3469.30,3431.30,0.0110,0.0127,0.0127,0.2426
28-APR-2026,SANOFICONR,4682.10,4646.40,0.0077,0.0189,0.0189,0.3611
28-APR-2026,SANSERA,2576.70,2602.60,-0.0100,0.0239,0.0239,0.4566
28-APR-2026,SANSTAR,86.99,88.31,-0.0151,0.0214,0.0213,0.4069
28-APR-2026,SAPPHIRE,174.31,175.95,-0.0094,0.0247,0.0246,0.4700
28-APR-2026,SAPPL,301.50,292.30,0.0310,0.0308,0.0308,0.5884
28-APR-2026,SARDAEN,602.65,612.65,-0.0165,0.0267,0.0267,0.5101
28-APR-2026,SAREGAMA,358.75,359.80,-0.0029,0.0240,0.0239,0.4566
28-APR-2026,SARLAPOLY,91.18,90.08,0.0121,0.0310,0.0309,0.5903
28-APR-2026,SARVESHWAR,3.98,4.01,-0.0075,0.0330,0.0330,0.6305
28-APR-2026,SASKEN,1302.30,1294.00,0.0064,0.0279,0.0279,0.5330
28-APR-2026,SASTASUNDR,272.10,270.80,0.0048,0.0234,0.0233,0.4451
28-APR-2026,SATIA,69.69,70.28,-0.0084,0.0231,0.0231,0.4413
28-APR-2026,SATIN,171.32,172.15,-0.0048,0.0197,0.0196,0.3745
28-APR-2026,SATYASHYAM,22.65,22.65,0.0000,0.0000,0.0000,0.0000
28-APR-2026,SAURASHCEM,61.15,62.14,-0.0161,0.0294,0.0293,0.5598
28-APR-2026,SAYAJIHOTL,276.30,288.00,-0.0415,0.0036,0.0046,0.0879
28-APR-2026,SBC,33.41,33.29,0.0036,0.0203,0.0202,0.3859
28-APR-2026,SBCL,612.90,639.50,-0.0425,0.0290,0.0291,0.5560
28-APR-2026,SBFC,94.51,94.93,-0.0044,0.0215,0.0214,0.4088
28-APR-2026,SBGLP,26.98,26.46,0.0195,0.0345,0.0345,0.6591
28-APR-2026,SBHL,10.00,10.00,0.0000,0.0000,0.0000,0.0000
28-APR-2026,SBIBPB,50.12,50.87,-0.0149,0.0140,0.0141,0.2694
28-APR-2026,SBICARD,647.45,670.70,-0.0353,0.0168,0.0169,0.3229
28-APR-2026,SBIETFCON,117.51,118.08,-0.0048,0.0095,0.0095,0.1815
28-APR-2026,SBIETFIT,320.72,323.36,-0.0082,0.0147,0.0146,0.2789
28-APR-2026,SBIETFPB,268.54,272.60,-0.0150,0.0105,0.0106,0.2025
28-APR-2026,SBIETFQLTY,218.08,218.67,-0.0027,0.0102,0.0102,0.1949
28-APR-2026,SBILIFE,1808.30,1815.40,-0.0039,0.0141,0.0141,0.2694
28-APR-2026,SBILIQETF,1036.52,1036.39,0.0001,0.0005,0.0005,0.0096
28-APR-2026,SBIMIDMOM,61.87,61.98,-0.0018,0.0074,0.0074,0.1414
28-APR-2026,SBIN,1091.30,1111.85,-0.0187,0.0152,0.0152,0.2904
28-APR-2026,SBINEQWETF,32.65,32.83,-0.0055,0.0109,0.0109,0.2082
28-APR-2026,SBINMID150,22.22,22.24,-0.0009,0.0043,0.0043,0.0822
28-APR-2026,SBISILVER,229.73,236.17,-0.0276,0.0353,0.0353,0.6744
28-APR-2026,SCANSTL,36.35,38.65,-0.0614,0.0300,0.0302,0.5770
28-APR-2026,SCHAEFFLER,4283.20,4354.90,-0.0166,0.0200,0.0200,0.3821
28-APR-2026,SCHAND,159.81,160.83,-0.0064,0.0240,0.0239,0.4566
28-APR-2026,SCHNEIDER,1142.35,1182.20,-0.0343,0.0280,0.0280,0.5349
28-APR-2026,SCI,303.15,290.38,0.0430,0.0313,0.0313,0.5980
28-APR-2026,SCILAL,44.72,45.08,-0.0080,0.0235,0.0234,0.4471
28-APR-2026,SCODATUBES,148.08,150.48,-0.0161,0.0266,0.0266,0.5082
28-APR-2026,SCPL,355.30,338.95,0.0471,0.0290,0.0291,0.5560
28-APR-2026,SDBL,89.47,91.16,-0.0187,0.0299,0.0298,0.5693
28-APR-2026,SEAMECLTD,1535.50,1555.70,-0.0131,0.0231,0.0230,0.4394
28-APR-2026,SECMARK,116.89,115.42,0.0127,0.0403,0.0402,0.7680
28-APR-2026,SECURKLOUD,22.48,22.41,0.0031,0.0388,0.0388,0.7413
28-APR-2026,SEDEMAC,1895.20,1891.40,0.0020,0.0121,0.0121,0.2312
28-APR-2026,SEIL,199.80,195.00,0.0243,0.0383,0.0382,0.7298
28-APR-2026,SEITINVIT,119.00,119.00,0.0000,0.0101,0.0100,0.1910
28-APR-2026,SEJALLTD,845.15,805.15,0.0485,0.0342,0.0343,0.6553
28-APR-2026,SELECTIPO,43.76,43.86,-0.0023,0.0112,0.0111,0.2121
28-APR-2026,SELMC,32.07,32.88,-0.0249,0.0320,0.0320,0.6114
28-APR-2026,SEMAC,287.13,278.06,0.0321,0.0328,0.0328,0.6266
28-APR-2026,SENCO,317.55,323.10,-0.0173,0.0270,0.0269,0.5139
28-APR-2026,SENORES,916.70,939.70,-0.0248,0.0238,0.0238,0.4547
28-APR-2026,SENSEXADD,78.95,79.40,-0.0057,0.0101,0.0101,0.1930
28-APR-2026,SENSEXBETA,847.08,852.54,-0.0064,0.0095,0.0095,0.1815
28-APR-2026,SENSEXETF,78.88,79.26,-0.0048,0.0094,0.0093,0.1777
28-APR-2026,SENSEXIETF,878.45,882.22,-0.0043,0.0094,0.0094,0.1796
28-APR-2026,SEPC,8.31,7.67,0.0801,0.0392,0.0395,0.7546
28-APR-2026,SERVOTECH,94.58,90.48,0.0443,0.0348,0.0348,0.6649
28-APR-2026,SESHAPAPER,268.55,267.87,0.0025,0.0211,0.0211,0.4031
28-APR-2026,SETCO,25.79,24.89,0.0355,0.0315,0.0316,0.6037
28-APR-2026,SETF10GILT,258.68,258.09,0.0023,0.0029,0.0029,0.0554
28-APR-2026,SETFGOLD,126.49,128.13,-0.0129,0.0186,0.0186,0.3554
28-APR-2026,SETFNIF50,256.66,257.83,-0.0045,0.0085,0.0085,0.1624
28-APR-2026,SETFNIFBK,567.15,575.91,-0.0153,0.0106,0.0106,0.2025
28-APR-2026,SETFNN50,754.89,754.84,0.0001,0.0114,0.0114,0.2178
28-APR-2026,SETL,141.72,137.03,0.0337,0.0265,0.0266,0.5082
28-APR-2026,SEYAIND,13.52,13.51,0.0007,0.0327,0.0326,0.6228
28-APR-2026,SFL,514.00,525.35,-0.0218,0.0213,0.0213,0.4069
28-APR-2026,SGFIN,542.90,547.70,-0.0088,0.0276,0.0275,0.5254
28-APR-2026,SGIL,543.20,541.20,0.0037,0.0260,0.0260,0.4967
28-APR-2026,SGL,11.88,12.06,-0.0150,0.0375,0.0374,0.7145
28-APR-2026,SGMART,550.25,552.35,-0.0038,0.0244,0.0244,0.4662
28-APR-2026,SHADOWFAX,155.87,156.25,-0.0024,0.0148,0.0148,0.2828
28-APR-2026,SHAH,5.34,5.30,0.0075,0.0310,0.0309,0.5903
28-APR-2026,SHAHALLOYS,69.24,70.46,-0.0175,0.0328,0.0327,0.6247
28-APR-2026,SHAILY,2489.40,2422.60,0.0272,0.0350,0.0350,0.6687
28-APR-2026,SHAKTIPUMP,569.20,565.05,0.0073,0.0318,0.0318,0.6075
28-APR-2026,SHALBY,163.77,166.58,-0.0170,0.0254,0.0254,0.4853
28-APR-2026,SHALPAINTS,52.55,51.47,0.0208,0.0309,0.0309,0.5903
28-APR-2026,SHANKARA,125.70,122.02,0.0297,0.0327,0.0327,0.6247
28-APR-2026,SHANTI,7.19,7.22,-0.0042,0.0318,0.0318,0.6075
28-APR-2026,SHANTIGEAR,476.00,478.50,-0.0052,0.0218,0.0218,0.4165
28-APR-2026,SHANTIGOLD,204.50,206.58,-0.0101,0.0226,0.0225,0.4299
28-APR-2026,SHARDACROP,1162.70,1124.70,0.0332,0.0339,0.0339,0.6477
28-APR-2026,SHARDAMOTR,867.80,872.45,-0.0053,0.0273,0.0272,0.5197
28-APR-2026,SHARDUL,28.65,27.95,0.0247,0.0316,0.0315,0.6018
28-APR-2026,SHAREINDIA,145.11,146.61,-0.0103,0.0290,0.0289,0.5521
28-APR-2026,SHARIABEES,465.05,466.23,-0.0025,0.0086,0.0085,0.1624
28-APR-2026,SHBAJRG,174.25,174.20,0.0003,0.0287,0.0286,0.5464
28-APR-2026,SHEKHAWATI,16.81,17.37,-0.0328,0.0367,0.0366,0.6992
28-APR-2026,SHEMAROO,103.59,104.11,-0.0050,0.0317,0.0317,0.6056
28-APR-2026,SHILCTECH,5224.20,5311.60,-0.0166,0.0353,0.0352,0.6725
28-APR-2026,SHILPAMED,407.80,415.20,-0.0180,0.0260,0.0260,0.4967
28-APR-2026,SHINDL,147.75,147.45,0.0020,0.0240,0.0240,0.4585
28-APR-2026,SHIVALIK,275.11,267.84,0.0268,0.0301,0.0301,0.5751
28-APR-2026,SHIVAMAUTO,18.76,19.14,-0.0201,0.0342,0.0342,0.6534
28-APR-2026,SHIVAMILLS,61.16,60.86,0.0049,0.0262,0.0262,0.5006
28-APR-2026,SHIVATEX,153.37,155.00,-0.0106,0.0276,0.0276,0.5273
28-APR-2026,SHIVAUM,343.90,362.00,-0.0513,0.0242,0.0244,0.4662
28-APR-2026,SHK,146.75,148.54,-0.0121,0.0296,0.0295,0.5636
28-APR-2026,SHOPERSTOP,292.30,297.05,-0.0161,0.0225,0.0224,0.4280
28-APR-2026,SHRADHA,38.82,39.80,-0.0249,0.0362,0.0361,0.6897
28-APR-2026,SHREDIGCEM,73.95,74.10,-0.0020,0.0231,0.0230,0.4394
28-APR-2026,SHREECEM,24890.00,25125.00,-0.0094,0.0142,0.0142,0.2713
28-APR-2026,SHREEJISPG,396.15,396.00,0.0004,0.0215,0.0214,0.4088
28-APR-2026,SHREEPUSHK,383.00,396.85,-0.0355,0.0345,0.0345,0.6591
28-APR-2026,SHREERAMA,46.39,47.22,-0.0177,0.0337,0.0336,0.6419
28-APR-2026,SHREMINVIT,101.00,101.00,0.0000,0.0156,0.0155,0.2961
28-APR-2026,SHRENIK,0.39,0.39,0.0000,0.0303,0.0302,0.5770
28-APR-2026,SHREYANIND,167.58,170.89,-0.0196,0.0269,0.0268,0.5120
28-APR-2026,SHRIKRISH,47.90,49.75,-0.0379,0.0445,0.0445,0.8502
28-APR-2026,SHRINGARMS,203.16,203.75,-0.0029,0.0227,0.0226,0.4318
28-APR-2026,SHRIPISTON,3476.10,3569.30,-0.0265,0.0265,0.0265,0.5063
28-APR-2026,SHRIRAMFIN,953.25,974.65,-0.0222,0.0235,0.0235,0.4490
28-APR-2026,SHRIRAMPPS,86.26,84.64,0.0190,0.0268,0.0268,0.5120
28-APR-2026,SHYAMCENT,5.81,5.62,0.0332,0.0327,0.0327,0.6247
28-APR-2026,SHYAMMETL,877.75,886.15,-0.0095,0.0201,0.0201,0.3840
28-APR-2026,SHYAMTEL,20.74,19.99,0.0368,0.0428,0.0428,0.8177
28-APR-2026,SICAGEN,53.65,54.10,-0.0084,0.0311,0.0311,0.5942
28-APR-2026,SICALLOG,68.27,68.20,0.0010,0.0276,0.0276,0.5273
28-APR-2026,SIEMENS,3827.30,3856.00,-0.0075,0.0214,0.0213,0.4069
28-APR-2026,SIGIND,51.40,50.16,0.0244,0.0304,0.0303,0.5789
28-APR-2026,SIGMA,44.36,45.09,-0.0163,0.0335,0.0334,0.6381
28-APR-2026,SIGMAADV,260.91,248.50,0.0487,0.0366,0.0367,0.7012
28-APR-2026,SIGNATURE,853.60,866.60,-0.0151,0.0230,0.0230,0.4394
28-APR-2026,SIGNPOST,264.11,262.88,0.0047,0.0310,0.0309,0.5903
28-APR-2026,SIKA,1043.65,1030.70,0.0125,0.0349,0.0348,0.6649
28-APR-2026,SIKKO,4.75,4.79,-0.0084,0.0363,0.0362,0.6916
28-APR-2026,SIL,15.56,15.66,-0.0064,0.0241,0.0240,0.4585
28-APR-2026,SILGO,76.74,76.18,0.0073,0.0303,0.0302,0.5770
28-APR-2026,SILINV,462.70,455.10,0.0166,0.0242,0.0241,0.4604
28-APR-2026,SILLYMONKS,17.20,17.38,-0.0104,0.0343,0.0343,0.6553
28-APR-2026,SILVER,234.41,240.40,-0.0252,0.0354,0.0353,0.6744
28-APR-2026,SILVER1,22.75,23.36,-0.0265,0.0360,0.0359,0.6859
28-APR-2026,SILVER360,231.50,237.11,-0.0239,0.0330,0.0329,0.6286
28-APR-2026,SILVERADD,226.29,232.36,-0.0265,0.0350,0.0350,0.6687
28-APR-2026,SILVERAG,228.52,234.95,-0.0277,0.0357,0.0356,0.6801
28-APR-2026,SILVERBEES,224.73,230.72,-0.0263,0.0349,0.0349,0.6668
28-APR-2026,SILVERBETA,226.65,232.83,-0.0269,0.0353,0.0353,0.6744
28-APR-2026,SILVERBND,235.36,239.95,-0.0193,0.0328,0.0327,0.6247
28-APR-2026,SILVERCASE,23.84,24.49,-0.0269,0.0338,0.0338,0.6457
28-APR-2026,SILVERIETF,234.30,240.43,-0.0258,0.0340,0.0340,0.6496
28-APR-2026,SILVERTUC,153.82,146.24,0.0505,0.0295,0.0296,0.5655
28-APR-2026,SIMPLEXINF,239.66,230.89,0.0373,0.0343,0.0343,0.6553
28-APR-2026,SINCLAIR,80.01,80.12,-0.0014,0.0251,0.0250,0.4776
28-APR-2026,SINDHUTRAD,23.73,23.83,-0.0042,0.0361,0.0360,0.6878
28-APR-2026,SINGERIND,72.74,73.77,-0.0141,0.0312,0.0312,0.5961
28-APR-2026,SINTERCOM,75.84,74.92,0.0122,0.0277,0.0276,0.5273
28-APR-2026,SIRCA,429.75,434.10,-0.0101,0.0218,0.0218,0.4165
28-APR-2026,SIS,355.90,342.15,0.0394,0.0178,0.0180,0.3439
28-APR-2026,SITAL,74.13,74.13,0.0000,0.0009,0.0009,0.0172
28-APR-2026,SITINET,0.38,0.38,0.0000,0.0594,0.0593,1.1329
28-APR-2026,SIYSIL,576.05,567.55,0.0149,0.0283,0.0282,0.5388
28-APR-2026,SJS,1628.00,1635.20,-0.0044,0.0256,0.0255,0.4872
28-APR-2026,SJVN,81.79,80.41,0.0170,0.0248,0.0248,0.4738
28-APR-2026,SKFINDIA,1742.70,1740.70,0.0011,0.0140,0.0139,0.2656
28-APR-2026,SKFINDUS,2259.70,2281.00,-0.0094,0.0128,0.0128,0.2445
28-APR-2026,SKIPPER,489.90,477.75,0.0251,0.0297,0.0297,0.5674
28-APR-2026,SKJPL,10.00,10.00,0.0000,0.0000,0.0000,0.0000
28-APR-2026,SKMEGGPROD,167.22,171.55,-0.0256,0.0308,0.0308,0.5884
28-APR-2026,SKYGOLD,436.50,422.40,0.0328,0.0308,0.0308,0.5884
28-APR-2026,SMALL250,16.75,16.75,0.0000,0.0092,0.0092,0.1758
28-APR-2026,SMALLADD,16.79,16.73,0.0036,0.0104,0.0104,0.1987
28-APR-2026,SMALLCAP,44.17,44.04,0.0029,0.0126,0.0126,0.2407
28-APR-2026,SMARTLINK,136.38,133.35,0.0225,0.0268,0.0267,0.5101
28-APR-2026,SMARTWORKS,427.05,433.35,-0.0146,0.0179,0.0179,0.3420
28-APR-2026,SMCGLOBAL,66.12,66.08,0.0006,0.0294,0.0293,0.5598
28-APR-2026,SML100CASE,10.20,10.12,0.0079,0.0094,0.0094,0.1796
28-APR-2026,SMLMAH,3873.20,3909.90,-0.0094,0.0357,0.0357,0.6820
28-APR-2026,SMLT,71.82,70.87,0.0133,0.0330,0.0329,0.6286
28-APR-2026,SMMIL,2.25,2.25,0.0000,0.0000,0.0000,0.0000
28-APR-2026,SMSPHARMA,390.25,399.70,-0.0239,0.0310,0.0310,0.5923
28-APR-2026,SNOWMAN,41.61,41.84,-0.0055,0.0272,0.0272,0.5197
28-APR-2026,SNXT30BEES,42.00,41.74,0.0062,0.0082,0.0082,0.1567
28-APR-2026,SNXT50BETA,91.20,91.63,-0.0047,0.0121,0.0121,0.2312
28-APR-2026,SOBHA,1435.80,1430.60,0.0036,0.0244,0.0244,0.4662
28-APR-2026,SOFTTECH,369.29,351.71,0.0488,0.0308,0.0310,0.5923
28-APR-2026,SOLARA,478.20,483.30,-0.0106,0.0281,0.0281,0.5368
28-APR-2026,SOLARINDS,15303.00,15259.00,0.0029,0.0217,0.0217,0.4146
28-APR-2026,SOLARWORLD,203.55,200.59,0.0146,0.0250,0.0250,0.4776
28-APR-2026,SOLEX,1358.80,1281.80,0.0583,0.0288,0.0291,0.5560
28-APR-2026,SOMANYCERA,461.15,461.85,-0.0015,0.0240,0.0240,0.4585
28-APR-2026,SOMATEX,112.24,109.01,0.0292,0.0375,0.0375,0.7164
28-APR-2026,SOMICONVEY,112.18,112.94,-0.0068,0.0363,0.0362,0.6916
28-APR-2026,SONACOMS,598.85,588.55,0.0173,0.0216,0.0215,0.4108
28-APR-2026,SONAL,97.50,90.10,0.0789,0.0387,0.0390,0.7451
28-APR-2026,SONAMLTD,51.22,51.90,-0.0132,0.0302,0.0302,0.5770
28-APR-2026,SONATSOFTW,257.10,259.93,-0.0109,0.0272,0.0271,0.5177
28-APR-2026,SOTL,368.25,372.20,-0.0107,0.0225,0.0224,0.4280
28-APR-2026,SOUTHBANK,39.54,39.91,-0.0093,0.0258,0.0257,0.4910
28-APR-2026,SOUTHWEST,238.04,234.98,0.0129,0.0340,0.0340,0.6496
28-APR-2026,SPAL,800.70,812.65,-0.0148,0.0303,0.0303,0.5789
28-APR-2026,SPANDANA,224.48,224.73,-0.0011,0.0286,0.0285,0.5445
28-APR-2026,SPANGLE,10.00,10.00,0.0000,0.0000,0.0000,0.0000
28-APR-2026,SPARC,146.85,146.73,0.0008,0.0321,0.0320,0.6114
28-APR-2026,SPCENET,4.07,4.14,-0.0171,0.0375,0.0374,0.7145
28-APR-2026,SPECIALITY,101.02,99.86,0.0115,0.0264,0.0264,0.5044
28-APR-2026,SPECTRUM,1146.60,1153.90,-0.0063,0.0261,0.0260,0.4967
28-APR-2026,SPENCERS,33.95,34.10,-0.0044,0.0318,0.0317,0.6056
28-APR-2026,SPIC,70.42,70.98,-0.0079,0.0275,0.0275,0.5254
28-APR-2026,SPLIL,32.27,33.21,-0.0287,0.0293,0.0293,0.5598
28-APR-2026,SPLPETRO,779.40,772.55,0.0088,0.0262,0.0262,0.5006
28-APR-2026,SPMLINFRA,212.65,218.18,-0.0257,0.0351,0.0351,0.6706
28-APR-2026,SPORTKING,141.77,136.84,0.0354,0.0299,0.0299,0.5712
28-APR-2026,SRD,44.39,44.92,-0.0119,0.0297,0.0297,0.5674
28-APR-2026,SREEL,183.21,183.30,-0.0005,0.0183,0.0182,0.3477
28-APR-2026,SRF,2532.80,2508.20,0.0098,0.0190,0.0190,0.3630
28-APR-2026,SRGHFL,277.39,280.60,-0.0115,0.0244,0.0244,0.4662
28-APR-2026,SRHHYPOLTD,504.85,504.60,0.0005,0.0263,0.0263,0.5025
28-APR-2026,SRM,526.45,527.75,-0.0025,0.0305,0.0304,0.5808
28-APR-2026,SRTL,49.94,50.32,-0.0076,0.0169,0.0169,0.3229
28-APR-2026,SSDL,62.29,62.29,0.0000,0.0240,0.0240,0.4585
28-APR-2026,SSWL,208.31,210.31,-0.0096,0.0236,0.0236,0.4509
28-APR-2026,STALLION,160.42,160.66,-0.0015,0.0410,0.0409,0.7814
28-APR-2026,STANLEY,141.54,143.80,-0.0158,0.0237,0.0236,0.4509
28-APR-2026,STAR,1051.95,1098.50,-0.0433,0.0264,0.0265,0.5063
28-APR-2026,STARCEMENT,232.33,235.16,-0.0121,0.0188,0.0187,0.3573
28-APR-2026,STARHEALTH,517.30,515.60,0.0033,0.0160,0.0160,0.3057
28-APR-2026,STARPAPER,141.02,139.32,0.0121,0.0188,0.0188,0.3592
28-APR-2026,STARTECK,246.85,246.41,0.0018,0.0250,0.0249,0.4757
28-APR-2026,STCINDIA,119.72,120.55,-0.0069,0.0319,0.0318,0.6075
28-APR-2026,STCL,9.25,9.25,0.0000,0.0000,0.0000,0.0000
28-APR-2026,STEADFAST,14.90,14.90,0.0000,0.0000,0.0000,0.0000
28-APR-2026,STEELCAS,309.83,296.53,0.0439,0.0291,0.0292,0.5579
28-APR-2026,STEELCITY,83.38,82.99,0.0047,0.0219,0.0218,0.4165
28-APR-2026,STEELXIND,10.00,9.96,0.0040,0.0278,0.0277,0.5292
28-APR-2026,STEL,445.65,454.50,-0.0197,0.0304,0.0304,0.5808
28-APR-2026,STERTOOLS,261.78,256.32,0.0211,0.0320,0.0319,0.6094
28-APR-2026,STLNETWORK,28.79,30.10,-0.0445,0.0285,0.0286,0.5464
28-APR-2026,STLTECH,285.12,279.84,0.0187,0.0388,0.0388,0.7413
28-APR-2026,STOVEKRAFT,548.00,542.65,0.0098,0.0293,0.0293,0.5598
28-APR-2026,STUDDS,485.70,490.90,-0.0106,0.0110,0.0110,0.2102
28-APR-2026,STYL,242.44,244.08,-0.0067,0.0192,0.0191,0.3649
28-APR-2026,STYLAMIND,2237.90,2239.60,-0.0008,0.0216,0.0215,0.4108
28-APR-2026,STYLEBAAZA,389.55,390.90,-0.0035,0.0348,0.0348,0.6649
28-APR-2026,STYRENIX,2329.00,2333.40,-0.0019,0.0208,0.0208,0.3974
28-APR-2026,SUBEXLTD,9.62,9.40,0.0231,0.0311,0.0311,0.5942
28-APR-2026,SUBROS,783.85,779.10,0.0061,0.0292,0.0292,0.5579
28-APR-2026,SUDARCOLOR,349.40,363.15,-0.0386,0.0241,0.0241,0.4604
28-APR-2026,SUDARSCHEM,903.35,884.40,0.0212,0.0250,0.0250,0.4776
28-APR-2026,SUDEEPPHRM,683.80,679.05,0.0070,0.0174,0.0174,0.3324
28-APR-2026,SUKHJITS,184.14,181.80,0.0128,0.0282,0.0282,0.5388
28-APR-2026,SULA,178.14,177.46,0.0038,0.0219,0.0219,0.4184
28-APR-2026,SUMEETINDS,30.02,30.04,-0.0007,0.0291,0.0290,0.5540
28-APR-2026,SUMICHEM,431.90,444.70,-0.0292,0.0201,0.0201,0.3840
28-APR-2026,SUMIT,54.48,52.92,0.0291,0.0393,0.0392,0.7489
28-APR-2026,SUMMITSEC,1650.40,1655.90,-0.0033,0.0271,0.0270,0.5158
28-APR-2026,SUNAYANA,34.00,34.00,0.0000,0.0000,0.0000,0.0000
28-APR-2026,SUNCLAY,1396.20,1430.90,-0.0245,0.0260,0.0260,0.4967
28-APR-2026,SUNDARAM,1.43,1.46,-0.0208,0.0277,0.0277,0.5292
28-APR-2026,SUNDARMFIN,4574.60,4670.20,-0.0207,0.0222,0.0222,0.4241
28-APR-2026,SUNDRMBRAK,598.45,605.30,-0.0114,0.0300,0.0300,0.5731
28-APR-2026,SUNDRMFAST,809.10,818.60,-0.0117,0.0162,0.0162,0.3095
28-APR-2026,SUNDROP,661.65,654.30,0.0112,0.0213,0.0213,0.4069
28-APR-2026,SUNFLAG,294.46,296.05,-0.0054,0.0274,0.0273,0.5216
28-APR-2026,SUNPHARMA,1747.30,1733.50,0.0079,0.0134,0.0134,0.2560
28-APR-2026,SUNTECK,352.25,355.35,-0.0088,0.0255,0.0254,0.4853
28-APR-2026,SUNTV,595.05,611.00,-0.0265,0.0208,0.0208,0.3974
28-APR-2026,SUPERHOUSE,157.60,152.27,0.0344,0.0251,0.0252,0.4814
28-APR-2026,SUPERSPIN,5.50,5.41,0.0165,0.0336,0.0335,0.6400
28-APR-2026,SUPRAJIT,416.20,424.20,-0.0190,0.0214,0.0214,0.4088
28-APR-2026,SUPREME,52.07,52.21,-0.0027,0.0357,0.0357,0.6820
28-APR-2026,SUPREMEENG,1.05,1.01,0.0388,0.0325,0.0325,0.6209
28-APR-2026,SUPREMEIND,3631.90,3692.40,-0.0165,0.0198,0.0198,0.3783
28-APR-2026,SUPREMEINF,80.71,78.70,0.0252,0.0309,0.0309,0.5903
28-APR-2026,SUPRIYA,704.70,704.50,0.0003,0.0268,0.0267,0.5101
28-APR-2026,SURAJEST,240.72,243.07,-0.0097,0.0296,0.0296,0.5655
28-APR-2026,SURAJLTD,235.86,241.91,-0.0253,0.0282,0.0282,0.5388
28-APR-2026,SURAKSHA,283.28,285.38,-0.0074,0.0183,0.0183,0.3496
28-APR-2026,SURANASOL,28.17,27.99,0.0064,0.0306,0.0305,0.5827
28-APR-2026,SURANAT&P,19.14,19.61,-0.0243,0.0296,0.0296,0.5655
28-APR-2026,SURYALA,351.85,350.00,0.0053,0.0293,0.0292,0.5579
28-APR-2026,SURYALAXMI,56.10,58.69,-0.0451,0.0296,0.0297,0.5674
28-APR-2026,SURYAROSNI,236.81,238.86,-0.0086,0.0275,0.0274,0.5235
28-APR-2026,SURYODAY,150.05,149.38,0.0045,0.0267,0.0266,0.5082
28-APR-2026,SUTLEJTEX,40.36,38.70,0.0420,0.0292,0.0293,0.5598
28-APR-2026,SUVEN,218.59,211.60,0.0325,0.0341,0.0341,0.6515
28-APR-2026,SUVIDHAA,2.96,3.00,-0.0134,0.0345,0.0344,0.6572
28-APR-2026,SUYOG,757.65,766.85,-0.0121,0.0309,0.0309,0.5903
28-APR-2026,SUZLON,57.32,56.93,0.0068,0.0248,0.0248,0.4738
28-APR-2026,SVLL,580.15,566.95,0.0230,0.0262,0.0262,0.5006
28-APR-2026,SVPGLOB,3.54,3.49,0.0142,0.0352,0.0351,0.6706
28-APR-2026,SWANCORP,337.35,337.60,-0.0007,0.0290,0.0289,0.5521
28-APR-2026,SWANDEF,1875.20,1850.10,0.0135,0.0268,0.0267,0.5101
28-APR-2026,SWARAJENG,3994.00,3974.00,0.0050,0.0207,0.0206,0.3936
28-APR-2026,SWELECTES,673.85,658.20,0.0235,0.0326,0.0326,0.6228
28-APR-2026,SWIGGY,282.30,286.20,-0.0137,0.0237,0.0236,0.4509
28-APR-2026,SWSOLAR,213.32,216.02,-0.0126,0.0306,0.0305,0.5827
28-APR-2026,SYMPHONY,873.65,854.10,0.0226,0.0220,0.0220,0.4203
28-APR-2026,SYNCOMF,13.91,14.02,-0.0079,0.0272,0.0272,0.5197
28-APR-2026,SYNGENE,440.05,437.95,0.0048,0.0199,0.0199,0.3802
28-APR-2026,SYRMA,971.55,979.35,-0.0080,0.0291,0.0291,0.5560
28-APR-2026,SYSTMTXC,76.55,73.35,0.0427,0.0358,0.0359,0.6859
28-APR-2026,TAALTECH,2999.40,2999.45,-0.0000,0.0253,0.0253,0.4834
28-APR-2026,TAINWALCHM,209.27,208.64,0.0030,0.0356,0.0355,0.6782
28-APR-2026,TAJGVK,320.30,332.00,-0.0359,0.0262,0.0262,0.5006
28-APR-2026,TAKE,44.22,45.12,-0.0201,0.0305,0.0305,0.5827
28-APR-2026,TALBROAUTO,311.97,295.31,0.0549,0.0275,0.0277,0.5292
28-APR-2026,TAMBOLIIN,159.95,158.00,0.0123,0.0281,0.0280,0.5349
28-APR-2026,TANLA,559.55,583.00,-0.0411,0.0304,0.0304,0.5808
28-APR-2026,TARACHAND,64.53,65.33,-0.0123,0.0310,0.0310,0.5923
28-APR-2026,TARANGINI,1.00,1.00,0.0000,0.0000,0.0000,0.0000
28-APR-2026,TARAPUR,24.24,24.99,-0.0305,0.0331,0.0331,0.6324
28-APR-2026,TARC,134.38,137.82,-0.0253,0.0296,0.0296,0.5655
28-APR-2026,TARIL,337.80,342.65,-0.0143,0.0390,0.0389,0.7432
28-APR-2026,TARINIENT,33.50,33.50,0.0000,0.1177,0.1174,2.2429
28-APR-2026,TARMAT,53.06,53.73,-0.0125,0.0322,0.0321,0.6133
28-APR-2026,TARSONS,212.45,218.70,-0.0290,0.0259,0.0259,0.4948
28-APR-2026,TASTYBITE,6904.50,6993.50,-0.0128,0.0218,0.0218,0.4165
28-APR-2026,TATACAP,325.80,333.50,-0.0234,0.0120,0.0121,0.2312
28-APR-2026,TATACHEM,802.15,722.35,0.1048,0.0186,0.0199,0.3802
28-APR-2026,TATACOMM,1598.60,1574.70,0.0151,0.0199,0.0199,0.3802
28-APR-2026,TATACONSUM,1147.70,1160.50,-0.0111,0.0144,0.0144,0.2751
28-APR-2026,TATAELXSI,4131.50,4188.70,-0.0137,0.0204,0.0204,0.3897
28-APR-2026,TATAGOLD,14.40,14.57,-0.0117,0.0190,0.0190,0.3630
28-APR-2026,TATAINVEST,725.15,713.45,0.0163,0.0271,0.0270,0.5158
28-APR-2026,TATAPOWER,461.80,453.20,0.0188,0.0162,0.0162,0.3095
28-APR-2026,TATASTEEL,215.05,213.29,0.0082,0.0186,0.0186,0.3554
28-APR-2026,TATATECH,569.80,592.80,-0.0396,0.0173,0.0175,0.3343
28-APR-2026,TATSILV,22.83,23.45,-0.0268,0.0361,0.0361,0.6897
28-APR-2026,TATVA,1330.30,1326.80,0.0026,0.0304,0.0303,0.5789
28-APR-2026,TBOTEK,1254.40,1268.50,-0.0112,0.0246,0.0245,0.4681
28-APR-2026,TBZ,147.03,149.68,-0.0179,0.0306,0.0306,0.5846
28-APR-2026,TCC,385.60,398.90,-0.0339,0.0308,0.0308,0.5884
28-APR-2026,TCI,941.80,968.35,-0.0278,0.0213,0.0213,0.4069
28-APR-2026,TCIEXP,519.85,524.25,-0.0084,0.0208,0.0208,0.3974
28-APR-2026,TCIFINANCE,14.30,14.34,-0.0028,0.0374,0.0373,0.7126
28-APR-2026,TCPLPACK,2638.90,2664.30,-0.0096,0.0251,0.0251,0.4795
28-APR-2026,TCS,2444.70,2447.60,-0.0012,0.0148,0.0147,0.2808
28-APR-2026,TDPOWERSYS,1145.50,1089.80,0.0498,0.0290,0.0291,0.5560
28-APR-2026,TEAMGTY,258.00,252.54,0.0214,0.0355,0.0354,0.6763
28-APR-2026,TEAMLEASE,1241.90,1249.90,-0.0064,0.0194,0.0193,0.3687
28-APR-2026,TECH,31.79,31.74,0.0016,0.0144,0.0144,0.2751
28-APR-2026,TECHM,1408.10,1396.10,0.0086,0.0168,0.0168,0.3210
28-APR-2026,TECHNOE,1263.80,1280.45,-0.0131,0.0273,0.0272,0.5197
28-APR-2026,TECHNVISN,5783.35,5747.95,0.0061,0.0322,0.0321,0.6133
28-APR-2026,TECILCHEM,12.91,13.03,-0.0093,0.0775,0.0773,1.4768
28-APR-2026,TEGA,1672.20,1699.70,-0.0163,0.0226,0.0226,0.4318
28-APR-2026,TEJASNET,412.75,414.00,-0.0030,0.0352,0.0351,0.6706
28-APR-2026,TEMBO,601.60,605.95,-0.0072,0.0297,0.0296,0.5655
28-APR-2026,TENNIND,566.10,565.35,0.0013,0.0166,0.0166,0.3171
28-APR-2026,TERASOFT,348.95,352.70,-0.0107,0.0345,0.0345,0.6591
28-APR-2026,TEXINFRA,98.88,96.86,0.0206,0.0234,0.0234,0.4471
28-APR-2026,TEXMOPIPES,47.41,46.92,0.0104,0.0282,0.0281,0.5368
28-APR-2026,TEXRAIL,105.93,107.15,-0.0115,0.0295,0.0295,0.5636
28-APR-2026,TFCILTD,72.64,73.18,-0.0074,0.0325,0.0324,0.6190
28-APR-2026,TFL,12.21,12.30,-0.0073,0.0376,0.0375,0.7164
28-APR-2026,TGBHOTELS,9.69,9.47,0.0230,0.0291,0.0290,0.5540
28-APR-2026,THACKER,1085.00,1074.00,0.0102,0.0375,0.0375,0.7164
28-APR-2026,THAKDEV,142.05,137.00,0.0362,0.0348,0.0348,0.6649
28-APR-2026,THANGAMAYL,3967.70,3946.50,0.0054,0.0327,0.0326,0.6228
28-APR-2026,THEINVEST,111.95,109.43,0.0228,0.0289,0.0289,0.5521
28-APR-2026,THEJO,1762.30,1750.40,0.0068,0.0237,0.0237,0.4528
28-APR-2026,THELEELA,419.80,426.45,-0.0157,0.0148,0.0148,0.2828
28-APR-2026,THEMISMED,94.35,97.42,-0.0320,0.0346,0.0346,0.6610
28-APR-2026,THERMAX,4015.40,4156.40,-0.0345,0.0220,0.0221,0.4222
28-APR-2026,THOMASCOOK,98.59,99.20,-0.0062,0.0295,0.0294,0.5617
28-APR-2026,THOMASCOTT,264.06,267.23,-0.0119,0.0336,0.0335,0.6400
28-APR-2026,THYROCARE,406.65,412.45,-0.0142,0.0248,0.0248,0.4738
28-APR-2026,TI,459.65,462.35,-0.0059,0.0287,0.0286,0.5464
28-APR-2026,TICL,23.84,24.88,-0.0427,0.0349,0.0349,0.6668
28-APR-2026,TIGERLOGS,35.71,31.88,0.1135,0.0345,0.0354,0.6763
28-APR-2026,TIIL,2540.20,2513.00,0.0108,0.0275,0.0274,0.5235
28-APR-2026,TIINDIA,3001.10,2994.40,0.0022,0.0231,0.0230,0.4394
28-APR-2026,TIJARIA,4.60,4.61,-0.0022,0.0366,0.0365,0.6973
28-APR-2026,TIL,206.00,201.33,0.0229,0.0345,0.0345,0.6591
28-APR-2026,TIMETECHNO,184.88,186.68,-0.0097,0.0272,0.0272,0.5197
28-APR-2026,TIMEX,354.00,341.85,0.0349,0.0326,0.0326,0.6228
28-APR-2026,TIMKEN,3535.30,3555.80,-0.0058,0.0201,0.0201,0.3840
28-APR-2026,TINNARUBR,723.55,716.60,0.0097,0.0296,0.0296,0.5655
28-APR-2026,TIPSFILMS,378.95,389.00,-0.0262,0.0326,0.0326,0.6228
28-APR-2026,TIPSMUSIC,658.85,680.70,-0.0326,0.0237,0.0237,0.4528
28-APR-2026,TIRUMALCHM,197.92,199.16,-0.0062,0.0282,0.0281,0.5368
28-APR-2026,TIRUPATIFL,45.29,44.53,0.0169,0.0337,0.0337,0.6438
28-APR-2026,TITAGARH,786.10,798.30,-0.0154,0.0265,0.0265,0.5063
28-APR-2026,TITAN,4417.10,4441.80,-0.0056,0.0145,0.0144,0.2751
28-APR-2026,TMB,738.60,697.45,0.0573,0.0204,0.0207,0.3955
28-APR-2026,TMCV,418.30,420.75,-0.0058,0.0180,0.0180,0.3439
28-APR-2026,TMPV,350.80,354.35,-0.0101,0.0196,0.0196,0.3745
28-APR-2026,TNIDETF,80.54,80.99,-0.0056,0.0120,0.0119,0.2273
28-APR-2026,TNPETRO,89.91,90.16,-0.0028,0.0230,0.0230,0.4394
28-APR-2026,TNPL,152.21,147.74,0.0298,0.0216,0.0216,0.4127
28-APR-2026,TNTELE,10.35,10.51,-0.0153,0.0373,0.0373,0.7126
28-APR-2026,TOKYOPLAST,92.60,92.69,-0.0010,0.0341,0.0340,0.6496
28-APR-2026,TOLINS,110.75,110.28,0.0043,0.0285,0.0284,0.5426
28-APR-2026,TOP100CASE,10.42,10.46,-0.0038,0.0087,0.0087,0.1662
28-APR-2026,TOP10ADD,87.97,88.04,-0.0008,0.0093,0.0092,0.1758
28-APR-2026,TOP15IETF,9.81,9.88,-0.0071,0.0072,0.0072,0.1376
28-APR-2026,TOP20,8.68,8.75,-0.0080,0.0071,0.0071,0.1356
28-APR-2026,TORNTPHARM,4182.90,4219.80,-0.0088,0.0133,0.0133,0.2541
28-APR-2026,TORNTPOWER,1754.80,1772.40,-0.0100,0.0221,0.0220,0.4203
28-APR-2026,TOTAL,57.53,55.85,0.0296,0.0302,0.0302,0.5770
28-APR-2026,TOUCHWOOD,76.20,75.45,0.0099,0.0297,0.0296,0.5655
28-APR-2026,TPHQ,0.57,0.57,0.0000,0.0347,0.0346,0.6610
28-APR-2026,TPLPLASTEH,67.27,67.38,-0.0016,0.0293,0.0292,0.5579
28-APR-2026,TRACXN,32.52,33.18,-0.0201,0.0286,0.0286,0.5464
28-APR-2026,TRANSGLOB,735.00,735.00,0.0000,0.0005,0.0005,0.0096
28-APR-2026,TRANSPEK,1180.36,1176.84,0.0030,0.0237,0.0237,0.4528
28-APR-2026,TRANSRAILL,612.95,598.40,0.0240,0.0265,0.0265,0.5063
28-APR-2026,TRANSWORLD,167.60,176.02,-0.0490,0.0355,0.0356,0.6801
28-APR-2026,TRAVELFOOD,1284.80,1283.60,0.0009,0.0149,0.0148,0.2828
28-APR-2026,TREEHOUSE,8.21,8.10,0.0135,0.0324,0.0323,0.6171
28-APR-2026,TREJHARA,157.32,162.64,-0.0333,0.0305,0.0305,0.5827
28-APR-2026,TREL,26.93,26.88,0.0019,0.0257,0.0257,0.4910
28-APR-2026,TRENT,4253.90,4260.90,-0.0016,0.0232,0.0232,0.4432
28-APR-2026,TRF,269.57,269.61,-0.0001,0.0292,0.0291,0.5560
28-APR-2026,TRIDENT,26.09,26.17,-0.0031,0.0225,0.0225,0.4299
28-APR-2026,TRIGYN,57.92,58.36,-0.0076,0.0311,0.0310,0.5923
28-APR-2026,TRITURBINE,581.65,580.00,0.0028,0.0259,0.0259,0.4948
28-APR-2026,TRIVENI,405.50,416.15,-0.0259,0.0235,0.0235,0.4490
28-APR-2026,TRU,6.44,6.60,-0.0245,0.0343,0.0343,0.6553
28-APR-2026,TRUALT,476.85,477.45,-0.0013,0.0213,0.0212,0.4050
28-APR-2026,TSFINV,406.10,412.90,-0.0166,0.0300,0.0299,0.5712
28-APR-2026,TTKHLTCARE,897.95,908.55,-0.0117,0.0183,0.0183,0.3496
28-APR-2026,TTKPRESTIG,513.95,525.10,-0.0215,0.0209,0.0209,0.3993
28-APR-2026,TTL,8.00,7.99,0.0013,0.0276,0.0275,0.5254
28-APR-2026,TTML,44.30,44.66,-0.0081,0.0297,0.0296,0.5655
28-APR-2026,TVSELECT,466.50,470.95,-0.0095,0.0357,0.0356,0.6801
28-APR-2026,TVSHLTD,14375.00,14459.00,-0.0058,0.0221,0.0221,0.4222
28-APR-2026,TVSINVIT,115.00,115.00,0.0000,0.0039,0.0039,0.0745
28-APR-2026,TVSMOTOR,3495.90,3552.60,-0.0161,0.0177,0.0177,0.3382
28-APR-2026,TVSSCS,117.27,114.87,0.0207,0.0245,0.0245,0.4681
28-APR-2026,TVSSRICHAK,3840.20,3862.40,-0.0058,0.0235,0.0234,0.4471
28-APR-2026,TVTODAY,113.20,113.76,-0.0049,0.0191,0.0190,0.3630
28-APR-2026,TVVISION,5.44,5.35,0.0167,0.0374,0.0374,0.7145
28-APR-2026,TWCGOLDETF,147.54,149.54,-0.0135,0.0156,0.0156,0.2980
28-APR-2026,UBL,1477.30,1478.70,-0.0009,0.0150,0.0150,0.2866
28-APR-2026,UCAL,101.64,100.62,0.0101,0.0264,0.0264,0.5044
28-APR-2026,UCOBANK,26.26,26.55,-0.0110,0.0225,0.0225,0.4299
28-APR-2026,UDDHAV,10.00,10.00,0.0000,0.0000,0.0000,0.0000
28-APR-2026,UDS,160.18,161.99,-0.0112,0.0274,0.0273,0.5216
28-APR-2026,UEL,162.01,164.46,-0.0150,0.0720,0.0718,1.3717
28-APR-2026,UFBL,337.28,307.75,0.0916,0.0329,0.0335,0.6400
28-APR-2026,UFLEX,431.85,396.50,0.0854,0.0229,0.0236,0.4509
28-APR-2026,UFO,73.01,71.33,0.0233,0.0269,0.0269,0.5139
28-APR-2026,UGARSUGAR,41.30,41.96,-0.0159,0.0226,0.0226,0.4318
28-APR-2026,UGROCAP,108.89,107.42,0.0136,0.0292,0.0292,0.5579
28-APR-2026,UJJIVANSFB,56.07,57.52,-0.0255,0.0246,0.0246,0.4700
28-APR-2026,ULL,10.00,10.00,0.0000,0.0000,0.0000,0.0000
28-APR-2026,ULTRACEMCO,11817.00,12010.00,-0.0162,0.0156,0.0156,0.2980
28-APR-2026,ULTRAMAR,399.75,410.05,-0.0254,0.0239,0.0239,0.4566
28-APR-2026,UMAEXPORTS,26.43,26.99,-0.0210,0.0366,0.0365,0.6973
28-APR-2026,UMESLTD,5.91,5.88,0.0051,0.0331,0.0330,0.6305
28-APR-2026,UMIYA-MRO,87.47,87.58,-0.0013,0.0334,0.0334,0.6381
28-APR-2026,UNICHEMLAB,366.95,376.80,-0.0265,0.0248,0.0248,0.4738
28-APR-2026,UNIDT,210.49,211.88,-0.0066,0.0273,0.0272,0.5197
28-APR-2026,UNIECOM,98.46,108.49,-0.0970,0.0278,0.0286,0.5464
28-APR-2026,UNIENTER,108.04,108.53,-0.0045,0.0244,0.0244,0.4662
28-APR-2026,UNIINFO,13.49,14.24,-0.0541,0.0363,0.0364,0.6954
28-APR-2026,UNIMECH,1110.30,1023.95,0.0810,0.0262,0.0268,0.5120
28-APR-2026,UNIONBANK,170.49,176.10,-0.0324,0.0233,0.0234,0.4471
28-APR-2026,UNIONGOLD,144.65,147.15,-0.0171,0.0194,0.0194,0.3706
28-APR-2026,UNIPARTS,527.55,513.00,0.0280,0.0238,0.0238,0.4547
28-APR-2026,UNITDSPR,1374.40,1391.60,-0.0124,0.0159,0.0159,0.3038
28-APR-2026,UNITECH,4.81,4.81,0.0000,0.0370,0.0369,0.7050
28-APR-2026,UNITEDPOLY,31.03,30.67,0.0117,0.0346,0.0345,0.6591
28-APR-2026,UNITEDTEA,540.35,539.90,0.0008,0.0207,0.0207,0.3955
28-APR-2026,UNIVASTU,68.36,69.24,-0.0128,0.0282,0.0281,0.5368
28-APR-2026,UNIVCABLES,866.95,858.85,0.0094,0.0311,0.0311,0.5942
28-APR-2026,UNIVPHOTO,448.20,427.00,0.0485,0.0340,0.0341,0.6515
28-APR-2026,UNOMINDA,1129.70,1130.90,-0.0011,0.0224,0.0223,0.4260
28-APR-2026,UPL,645.50,639.50,0.0093,0.0214,0.0214,0.4088
28-APR-2026,URAVIDEF,144.82,145.20,-0.0026,0.0295,0.0295,0.5636
28-APR-2026,URBANCO,142.84,144.01,-0.0082,0.0204,0.0204,0.3897
28-APR-2026,URJA,12.64,10.91,0.1472,0.0261,0.0280,0.5349
28-APR-2026,USHAMART,457.50,460.35,-0.0062,0.0234,0.0233,0.4451
28-APR-2026,USK,24.13,23.77,0.0150,0.0307,0.0306,0.5846
28-APR-2026,UTIAMC,962.50,974.90,-0.0128,0.0223,0.0223,0.4260
28-APR-2026,UTKARSHBNK,14.03,14.27,-0.0170,0.0284,0.0283,0.5407
28-APR-2026,UTLSOLAR,305.93,303.01,0.0096,0.0181,0.0180,0.3439
28-APR-2026,UTSAV,590.10,590.10,0.0000,0.0009,0.0008,0.0153
28-APR-2026,UTTAMSUGAR,253.30,260.40,-0.0276,0.0263,0.0263,0.5025
28-APR-2026,UYFINCORP,14.36,14.47,-0.0076,0.0310,0.0309,0.5903
28-APR-2026,V2RETAIL,203.88,205.72,-0.0090,0.0270,0.0270,0.5158
28-APR-2026,VADILALIND,4757.70,4693.60,0.0136,0.0271,0.0270,0.5158
28-APR-2026,VAIBHAVGBL,219.85,220.67,-0.0037,0.0280,0.0279,0.5330
28-APR-2026,VAISHALI,8.05,8.12,-0.0087,0.0354,0.0353,0.6744
28-APR-2026,VAKRANGEE,7.01,7.02,-0.0014,0.0324,0.0323,0.6171
28-APR-2026,VAL30IETF,16.09,16.01,0.0050,0.0113,0.0113,0.2159
28-APR-2026,VALIANTLAB,79.53,75.89,0.0468,0.0314,0.0315,0.6018
28-APR-2026,VALIANTORG,275.46,272.61,0.0104,0.0342,0.0341,0.6515
28-APR-2026,VALUE,16.80,16.75,0.0030,0.0043,0.0042,0.0802
28-APR-2026,VARDHACRLC,35.36,35.71,-0.0098,0.0243,0.0243,0.4643
28-APR-2026,VARDMNPOLY,6.95,7.05,-0.0143,0.0366,0.0365,0.6973
28-APR-2026,VARROC,515.15,521.15,-0.0116,0.0239,0.0238,0.4547
28-APR-2026,VASCONEQ,40.20,38.42,0.0453,0.0351,0.0352,0.6725
28-APR-2026,VASWANI,58.04,57.79,0.0043,0.0360,0.0360,0.6878
28-APR-2026,VBL,518.55,518.85,-0.0006,0.0205,0.0204,0.3897
28-APR-2026,VCL,1.48,1.41,0.0485,0.0344,0.0345,0.6591
28-APR-2026,VEDL,739.30,742.50,-0.0043,0.0212,0.0212,0.4050
28-APR-2026,VEEDOL,1415.10,1414.50,0.0004,0.0183,0.0183,0.3496
28-APR-2026,VELJAN,1026.40,1044.70,-0.0177,0.0269,0.0269,0.5139
28-APR-2026,VENKEYS,1567.60,1596.40,-0.0182,0.0235,0.0235,0.4490
28-APR-2026,VENTIVE,621.05,613.05,0.0130,0.0199,0.0198,0.3783
28-APR-2026,VENUSPIPES,1413.05,1431.30,-0.0128,0.0284,0.0283,0.5407
28-APR-2026,VENUSREM,911.95,937.35,-0.0275,0.0323,0.0322,0.6152
28-APR-2026,VERANDA,188.16,160.12,0.1614,0.0333,0.0351,0.6706
28-APR-2026,VERTIS,108.00,107.50,0.0046,0.0062,0.0062,0.1185
28-APR-2026,VERTOZ,51.18,51.43,-0.0049,0.0350,0.0349,0.6668
28-APR-2026,VESUVIUS,519.55,525.80,-0.0120,0.0237,0.0237,0.4528
28-APR-2026,VETO,110.47,106.80,0.0338,0.0255,0.0255,0.4872
28-APR-2026,VGL,62.36,63.91,-0.0246,0.0329,0.0329,0.6286
28-APR-2026,VGUARD,334.05,333.75,0.0009,0.0162,0.0161,0.3076
28-APR-2026,VHL,3429.20,3359.50,0.0205,0.0240,0.0240,0.4585
28-APR-2026,VHLTD,139.47,139.45,0.0001,0.0196,0.0195,0.3725
28-APR-2026,VIDHIING,298.75,305.85,-0.0235,0.0235,0.0235,0.4490
28-APR-2026,VIDYAWIRES,87.49,87.50,-0.0001,0.0190,0.0190,0.3630
28-APR-2026,VIJAYA,1110.40,1112.05,-0.0015,0.0228,0.0227,0.4337
28-APR-2026,VIJIFIN,3.81,3.90,-0.0233,0.0370,0.0369,0.7050
28-APR-2026,VIKASECO,1.39,1.40,-0.0072,0.0299,0.0298,0.5693
28-APR-2026,VIKASLIFE,1.59,1.59,0.0000,0.0288,0.0288,0.5502
28-APR-2026,VIKRAMSOLR,226.37,226.00,0.0016,0.0233,0.0232,0.4432
28-APR-2026,VIKRAN,73.38,73.45,-0.0010,0.0255,0.0255,0.4872
28-APR-2026,VIMTALABS,452.85,462.20,-0.0204,0.0354,0.0353,0.6744
28-APR-2026,VINATIORGA,1299.90,1293.50,0.0049,0.0159,0.0159,0.3038
28-APR-2026,VINCOFE,136.82,132.53,0.0319,0.0262,0.0262,0.5006
28-APR-2026,VINDHYATEL,1329.80,1329.00,0.0006,0.0273,0.0272,0.5197
28-APR-2026,VINEETLAB,36.45,38.08,-0.0437,0.0311,0.0311,0.5942
28-APR-2026,VINNY,1.15,1.17,-0.0172,0.0307,0.0307,0.5865
28-APR-2026,VINYLINDIA,263.98,257.94,0.0231,0.0291,0.0290,0.5540
28-APR-2026,VIPCLOTHNG,22.59,22.84,-0.0110,0.0340,0.0339,0.6477
28-APR-2026,VIPIND,294.60,300.00,-0.0182,0.0242,0.0242,0.4623
28-APR-2026,VIPULLTD,10.29,10.65,-0.0344,0.0345,0.0345,0.6591
28-APR-2026,VIRINCHI,17.99,18.02,-0.0017,0.0289,0.0288,0.5502
28-APR-2026,VISAKAIND,67.04,65.79,0.0188,0.0251,0.0251,0.4795
28-APR-2026,VISASTEEL,40.24,41.81,-0.0383,0.0325,0.0325,0.6209
28-APR-2026,VISHNU,587.45,590.45,-0.0051,0.0238,0.0237,0.4528
28-APR-2026,VISHWARAJ,5.89,5.92,-0.0051,0.0268,0.0268,0.5120
28-APR-2026,VISISTH,5.25,5.25,0.0000,0.0003,0.0003,0.0057
28-APR-2026,VITAL,62.69,64.90,-0.0346,0.0150,0.0151,0.2885
28-APR-2026,VIVIDHA,0.55,0.60,-0.0870,0.0330,0.0335,0.6400
28-APR-2026,VIVIMEDLAB,6.93,6.88,0.0072,0.0999,0.0996,1.9029
28-APR-2026,VIYASH,210.26,208.82,0.0069,0.0282,0.0281,0.5368
28-APR-2026,VLEGOV,15.34,15.40,-0.0039,0.0423,0.0422,0.8062
28-APR-2026,VLSFINANCE,237.17,238.40,-0.0052,0.0265,0.0264,0.5044
28-APR-2026,VMART,629.25,637.75,-0.0134,0.0257,0.0257,0.4910
28-APR-2026,VMM,125.99,125.71,0.0022,0.0200,0.0200,0.3821
28-APR-2026,VMSTMT,46.60,46.90,-0.0064,0.0212,0.0212,0.4050
28-APR-2026,VOLTAMP,11512.00,11203.50,0.0272,0.0262,0.0262,0.5006
28-APR-2026,VOLTAS,1511.10,1515.00,-0.0026,0.0208,0.0208,0.3974
28-APR-2026,VPL,360.50,360.50,0.0000,0.0250,0.0249,0.4757
28-APR-2026,VPRPL,47.48,42.52,0.1103,0.0349,0.0357,0.6820
28-APR-2026,VRAJ,129.04,128.24,0.0062,0.0236,0.0236,0.4509
28-APR-2026,VRLLOG,253.03,254.80,-0.0070,0.0183,0.0182,0.3477
28-APR-2026,VSSL,293.31,272.97,0.0719,0.0242,0.0246,0.4700
28-APR-2026,VSTIND,260.49,258.90,0.0061,0.0200,0.0200,0.3821
28-APR-2026,VSTL,129.36,129.89,-0.0041,0.0276,0.0275,0.5254
28-APR-2026,VSTTILLERS,5245.90,5209.90,0.0069,0.0221,0.0221,0.4222
28-APR-2026,VTL,609.10,597.60,0.0191,0.0230,0.0230,0.4394
28-APR-2026,WAAREEENER,3453.70,3358.30,0.0280,0.0272,0.0272,0.5197
28-APR-2026,WAAREEINDO,449.35,463.60,-0.0312,0.3370,0.3362,6.4231
28-APR-2026,WAAREERTL,1059.45,1055.40,0.0038,0.0319,0.0319,0.6094
28-APR-2026,WABAG,1510.90,1500.00,0.0072,0.0257,0.0256,0.4891
28-APR-2026,WAKEFIT,144.57,145.26,-0.0048,0.0162,0.0162,0.3095
28-APR-2026,WALCHANNAG,237.97,219.54,0.0806,0.0363,0.0366,0.6992
28-APR-2026,WANBURY,259.06,259.24,-0.0007,0.0337,0.0336,0.6419
28-APR-2026,WCIL,103.25,103.25,0.0000,0.0242,0.0241,0.4604
28-APR-2026,WEALTH,934.45,927.15,0.0078,0.0311,0.0310,0.5923
28-APR-2026,WEBELSOLAR,122.20,116.42,0.0485,0.0400,0.0400,0.7642
28-APR-2026,WEIZMANIND,84.01,83.60,0.0049,0.0273,0.0272,0.5197
28-APR-2026,WEL,106.10,106.20,-0.0009,0.0365,0.0364,0.6954
28-APR-2026,WELCORP,1226.40,1226.40,0.0000,0.0244,0.0244,0.4662
28-APR-2026,WELENT,517.50,523.50,-0.0115,0.0246,0.0246,0.4700
28-APR-2026,WELINV,1475.00,1495.10,-0.0135,0.0352,0.0351,0.6706
28-APR-2026,WELSPLSOL,42.80,41.00,0.0430,0.0286,0.0287,0.5483
28-APR-2026,WELSPUNLIV,131.79,132.74,-0.0072,0.0298,0.0297,0.5674
28-APR-2026,WENDT,6875.50,6985.00,-0.0158,0.0251,0.0251,0.4795
28-APR-2026,WESTLIFE,478.30,469.30,0.0190,0.0223,0.0223,0.4260
28-APR-2026,WEWIN,56.69,56.38,0.0055,0.0393,0.0392,0.7489
28-APR-2026,WEWORK,545.95,566.75,-0.0374,0.0160,0.0162,0.3095
28-APR-2026,WHEELS,1064.00,1052.90,0.0105,0.0230,0.0229,0.4375
28-APR-2026,WHIRLPOOL,996.60,995.70,0.0009,0.0245,0.0244,0.4662
28-APR-2026,WILLAMAGOR,26.71,26.43,0.0105,0.0324,0.0323,0.6171
28-APR-2026,WIMPLAST,379.19,382.78,-0.0094,0.0198,0.0198,0.3783
28-APR-2026,WINDLAS,855.40,867.45,-0.0140,0.0257,0.0256,0.4891
28-APR-2026,WINDMACHIN,284.98,281.21,0.0133,0.0309,0.0308,0.5884
28-APR-2026,WINMORE,9.40,9.40,0.0000,0.0000,0.0000,0.0000
28-APR-2026,WINSOME,1.80,1.79,0.0056,0.0619,0.0618,1.1807
28-APR-2026,WIPL,160.04,158.11,0.0121,0.0240,0.0239,0.4566
28-APR-2026,WIPRO,201.58,205.05,-0.0171,0.0164,0.0164,0.3133
28-APR-2026,WOCKPHARMA,1417.30,1437.60,-0.0142,0.0312,0.0311,0.5942
28-APR-2026,WONDERLA,526.00,528.85,-0.0054,0.0199,0.0199,0.3802
28-APR-2026,WORTHPERI,136.71,137.37,-0.0048,0.0261,0.0260,0.4967
28-APR-2026,WPIL,429.50,427.30,0.0051,0.0305,0.0304,0.5808
28-APR-2026,WSI,74.63,72.53,0.0285,0.0311,0.0311,0.5942
28-APR-2026,WSTCSTPAPR,489.75,490.15,-0.0008,0.0236,0.0235,0.4490
28-APR-2026,XCHANGING,66.85,67.07,-0.0033,0.0242,0.0241,0.4604
28-APR-2026,XELPMOC,99.29,104.07,-0.0470,0.0338,0.0339,0.6477
28-APR-2026,XLTELENE,2.30,2.30,0.0000,0.0001,0.0001,0.0019
28-APR-2026,XPROINDIA,1015.10,1025.70,-0.0104,0.0286,0.0286,0.5464
28-APR-2026,XTGLOBAL,31.36,31.91,-0.0174,0.0387,0.0386,0.7375
28-APR-2026,YASHO,1492.40,1492.20,0.0001,0.0288,0.0287,0.5483
28-APR-2026,YATHARTH,780.60,750.60,0.0392,0.0249,0.0250,0.4776
28-APR-2026,YATRA,109.26,114.92,-0.0505,0.0384,0.0385,0.7355
28-APR-2026,YESBANK,19.97,19.94,0.0015,0.0199,0.0199,0.3802
28-APR-2026,YUKEN,720.90,721.00,-0.0001,0.0260,0.0260,0.4967
28-APR-2026,ZAGGLE,254.89,260.47,-0.0217,0.0329,0.0329,0.6286
28-APR-2026,ZEEL,92.96,91.43,0.0166,0.0273,0.0273,0.5216
28-APR-2026,ZEELEARN,5.06,5.10,-0.0079,0.0313,0.0312,0.5961
28-APR-2026,ZEEMEDIA,8.55,8.54,0.0012,0.0327,0.0326,0.6228
28-APR-2026,ZENITHEXPO,215.51,222.36,-0.0313,0.0344,0.0344,0.6572
28-APR-2026,ZENITHSTL,6.49,6.51,-0.0031,0.0332,0.0331,0.6324
28-APR-2026,ZENSARTECH,528.20,548.25,-0.0373,0.0226,0.0227,0.4337
28-APR-2026,ZENTEC,1687.70,1719.70,-0.0188,0.0282,0.0281,0.5368
28-APR-2026,ZFCVINDIA,14830.00,14888.00,-0.0039,0.0208,0.0208,0.3974
28-APR-2026,ZFSTEERING,815.28,820.86,-0.0068,0.0311,0.0311,0.5942
28-APR-2026,ZIMLAB,86.05,86.13,-0.0009,0.0314,0.0314,0.5999
28-APR-2026,ZODIAC,346.71,353.31,-0.0189,0.0335,0.0335,0.6400
28-APR-2026,ZODIACLOTH,78.35,78.05,0.0038,0.0276,0.0276,0.5273
28-APR-2026,ZOTA,1303.20,1317.30,-0.0108,0.0288,0.0287,0.5483
28-APR-2026,ZSARACOM,9992.90,9799.20,0.0196,0.0287,0.0287,0.5483
28-APR-2026,ZUARI,245.59,248.95,-0.0136,0.0333,0.0333,0.6362
28-APR-2026,ZUARIIND,266.91,271.00,-0.0152,0.0310,0.0309,0.5903
28-APR-2026,ZYDUSLIFE,911.30,939.35,-0.0303,0.0145,0.0146,0.2789
28-APR-2026,ZYDUSWELL,489.50,492.80,-0.0067,0.0226,0.0225,0.4299
28-APR-2026,503893,-,-,-,-,-,-
28-APR-2026,504370,-,-,-,-,-,-
28-APR-2026,505032,-,-,-,-,-,-
28-APR-2026,506024,-,-,-,-,-,-
28-APR-2026,506120,-,-,-,-,-,-
28-APR-2026,506162,-,-,-,-,-,-
28-APR-2026,506580,-,-,-,-,-,-
28-APR-2026,507543,-,-,-,-,-,-
28-APR-2026,511038,-,-,-,-,-,-
28-APR-2026,512004,-,-,-,-,-,-
28-APR-2026,512060,-,-,-,-,-,-
28-APR-2026,512147,-,-,-,-,-,-
28-APR-2026,512157,-,-,-,-,-,-
28-APR-2026,512195,-,-,-,-,-,-
28-APR-2026,512245,-,-,-,-,-,-
28-APR-2026,512265,-,-,-,-,-,-
28-APR-2026,512291,-,-,-,-,-,-
28-APR-2026,512303,-,-,-,-,-,-
28-APR-2026,512431,-,-,-,-,-,-
28-APR-2026,512433,-,-,-,-,-,-
28-APR-2026,512439,-,-,-,-,-,-
28-APR-2026,512445,-,-,-,-,-,-
28-APR-2026,512461,-,-,-,-,-,-
28-APR-2026,512505,-,-,-,-,-,-
28-APR-2026,512517,-,-,-,-,-,-
28-APR-2026,513012,-,-,-,-,-,-
28-APR-2026,524046,-,-,-,-,-,-
28-APR-2026,526331,-,-,-,-,-,-
28-APR-2026,526349,-,-,-,-,-,-
28-APR-2026,531597,-,-,-,-,-,-
28-APR-2026,531610,-,-,-,-,-,-
28-APR-2026,531696,-,-,-,-,-,-
28-APR-2026,531946,-,-,-,-,-,-
28-APR-2026,532138,-,-,-,-,-,-
28-APR-2026,539253,-,-,-,-,-,-
28-APR-2026,539983,-,-,-,-,-,-
28-APR-2026,542931,-,-,-,-,-,-
28-APR-2026,543859,-,-,-,-,-,-
28-APR-2026,ACEEXPO,-,-,-,-,-,-
28-APR-2026,ADBML,-,-,-,-,-,-
28-APR-2026,ADVENTZSEC,-,-,-,-,-,-
28-APR-2026,AEL,-,-,-,-,-,-
28-APR-2026,AGGARSAIN,-,-,-,-,-,-
28-APR-2026,AGVENTURES,-,-,-,-,-,-
28-APR-2026,AIRLTD,-,-,-,-,-,-
28-APR-2026,AKASHAGRO,-,-,-,-,-,-
28-APR-2026,ALIROX,-,-,-,-,-,-
28-APR-2026,ANKUR,-,-,-,-,-,-
28-APR-2026,ARIHANTCFL,-,-,-,-,-,-
28-APR-2026,ASIANLAKTO,-,-,-,-,-,-
28-APR-2026,ASSOFIN,-,-,-,-,-,-
28-APR-2026,ATLANTIC,-,-,-,-,-,-
28-APR-2026,AURUMCAP,-,-,-,-,-,-
28-APR-2026,AYUSHMAN,-,-,-,-,-,-
28-APR-2026,BALAJIAGRO,-,-,-,-,-,-
28-APR-2026,BASANT,-,-,-,-,-,-
28-APR-2026,BCL,-,-,-,-,-,-
28-APR-2026,BESWASTH,-,-,-,-,-,-
28-APR-2026,BHAIRAV,-,-,-,-,-,-
28-APR-2026,BHARAT,-,-,-,-,-,-
28-APR-2026,BUYRIGHT,-,-,-,-,-,-
28-APR-2026,CENTRAL,-,-,-,-,-,-
28-APR-2026,CHAMPION,-,-,-,-,-,-
28-APR-2026,CHITRAKUT,-,-,-,-,-,-
28-APR-2026,CREMICA,-,-,-,-,-,-
28-APR-2026,CRESCENT,-,-,-,-,-,-
28-APR-2026,DDVENTURES,-,-,-,-,-,-
28-APR-2026,DEEPJYOTI,-,-,-,-,-,-
28-APR-2026,DHAVAL,-,-,-,-,-,-
28-APR-2026,DRFRESH,-,-,-,-,-,-
28-APR-2026,DRMIND,-,-,-,-,-,-
28-APR-2026,ELLORA,-,-,-,-,-,-
28-APR-2026,EMRALD,-,-,-,-,-,-
28-APR-2026,GANODAYA,-,-,-,-,-,-
28-APR-2026,GARG,-,-,-,-,-,-
28-APR-2026,GIKENSEIKI,-,-,-,-,-,-
28-APR-2026,GOALPOST,-,-,-,-,-,-
28-APR-2026,HINDAUTO,-,-,-,-,-,-
28-APR-2026,ISCCL,-,-,-,-,-,-
28-APR-2026,ITLFIN,-,-,-,-,-,-
28-APR-2026,JAGAT,-,-,-,-,-,-
28-APR-2026,JAINFARM,-,-,-,-,-,-
28-APR-2026,JCKINFRA,-,-,-,-,-,-
28-APR-2026,JFL,-,-,-,-,-,-
28-APR-2026,JFRL,-,-,-,-,-,-
28-APR-2026,JOML,-,-,-,-,-,-
28-APR-2026,JPWL,-,-,-,-,-,-
28-APR-2026,KCCL,-,-,-,-,-,-
28-APR-2026,KIRTIINV,-,-,-,-,-,-
28-APR-2026,KRALEASING,-,-,-,-,-,-
28-APR-2026,KUMARAUTO,-,-,-,-,-,-
28-APR-2026,LARK,-,-,-,-,-,-
28-APR-2026,MACORPACK,-,-,-,-,-,-
28-APR-2026,MARYADACOM,-,-,-,-,-,-
28-APR-2026,MAYURBHANJ,-,-,-,-,-,-
28-APR-2026,MFL,-,-,-,-,-,-
28-APR-2026,MILIAIND,-,-,-,-,-,-
28-APR-2026,MORNMEDIA,-,-,-,-,-,-
28-APR-2026,MPL,-,-,-,-,-,-
28-APR-2026,NAWRATAN,-,-,-,-,-,-
28-APR-2026,NEELEC,-,-,-,-,-,-
28-APR-2026,NIDHISER,-,-,-,-,-,-
28-APR-2026,OSEINTRUST,-,-,-,-,-,-
28-APR-2026,PACEAUTO,-,-,-,-,-,-
28-APR-2026,PARTAPIND,-,-,-,-,-,-
28-APR-2026,PATBACK,-,-,-,-,-,-
28-APR-2026,PATNAELECT,-,-,-,-,-,-
28-APR-2026,PFCSL,-,-,-,-,-,-
28-APR-2026,PPML,-,-,-,-,-,-
28-APR-2026,QUALITY,-,-,-,-,-,-
28-APR-2026,RADICOFIN,-,-,-,-,-,-
28-APR-2026,RAKAN,-,-,-,-,-,-
28-APR-2026,RAMPURFERT,-,-,-,-,-,-
28-APR-2026,RATHIIND,-,-,-,-,-,-
28-APR-2026,RFHL,-,-,-,-,-,-
28-APR-2026,RICHNRICH,-,-,-,-,-,-
28-APR-2026,RISHABHENT,-,-,-,-,-,-
28-APR-2026,ROADWAYS,-,-,-,-,-,-
28-APR-2026,RWCL,-,-,-,-,-,-
28-APR-2026,SARNIMAL,-,-,-,-,-,-
28-APR-2026,SARVARAYA,-,-,-,-,-,-
28-APR-2026,SCEL,-,-,-,-,-,-
28-APR-2026,SELECTRIC,-,-,-,-,-,-
28-APR-2026,SGEL,-,-,-,-,-,-
28-APR-2026,SGETL,-,-,-,-,-,-
28-APR-2026,SHAKUMBHRI,-,-,-,-,-,-
28-APR-2026,SHREETULSI,-,-,-,-,-,-
28-APR-2026,SHREEVIJAY,-,-,-,-,-,-
28-APR-2026,SHREYANS,-,-,-,-,-,-
28-APR-2026,SIGACHI,-,-,-,-,-,-
28-APR-2026,SIGACHI1,-,-,-,-,-,-
28-APR-2026,SKYLINE,-,-,-,-,-,-
28-APR-2026,SKYWEB,-,-,-,-,-,-
28-APR-2026,SLESHA,-,-,-,-,-,-
28-APR-2026,SMCSL,-,-,-,-,-,-
28-APR-2026,SNSDIAGNOS,-,-,-,-,-,-
28-APR-2026,SNSPL,-,-,-,-,-,-
28-APR-2026,SOPHIA,-,-,-,-,-,-
28-APR-2026,SPMLINDIA,-,-,-,-,-,-
28-APR-2026,SRINARAYAN,-,-,-,-,-,-
28-APR-2026,SSF,-,-,-,-,-,-
28-APR-2026,SUNPOINT,-,-,-,-,-,-
28-APR-2026,SUPRAIND,-,-,-,-,-,-
28-APR-2026,SUPRANEET,-,-,-,-,-,-
28-APR-2026,SUPREMECOM,-,-,-,-,-,-
28-APR-2026,TECHAINPOW,-,-,-,-,-,-
28-APR-2026,TRIDENTIND,-,-,-,-,-,-
28-APR-2026,UPAL,-,-,-,-,-,-
28-APR-2026,USSGLOBAL,-,-,-,-,-,-
28-APR-2026,WELGA,-,-,-,-,-,-
28-APR-2026,ZEL,-,-,-,-,-,-
28-APR-2026,ZRINFRA,-,-,-,-,-,-
