SECTOR_SLUG,SECTOR_NAME,EXCHANGE,SYMBOL,COMPANY_NAME,MARKET_CAP_CR,PE
"agriculture","Agriculture","NSE","BBTC","Bombay Burmah Trdg.","10,406","8.37"
"agriculture","Agriculture","NSE","JKPAPER","JK Paper","7,068","21.8"
"agriculture","Agriculture","NSE","WSTCSTPAPR","West Coast PaperMill","4,122","17.94"
"agriculture","Agriculture","NSE","KSCL","Kaveri Seed","4,057","13.71"
"agriculture","Agriculture","NSE","JUBLCPL","Jubilant Agri & Con.","2,939","22.63"
"agriculture","Agriculture","NSE","VENKEYS","Venky's (India)","2,137","12.32"
"agriculture","Agriculture","BSE","KSSMART","KS Smart Techno.","1,921","--"
"agriculture","Agriculture","NSE","SESHAPAPER","Seshasayee Paper","1,462","14.77"
"agriculture","Agriculture","NSE","ANDHRAPAP","Andhra Paper","1,183","42.82"
"agriculture","Agriculture","NSE","TNPL","TN Newsprints &Paper","1,067","4.31"
"agriculture","Agriculture","NSE","BSHSL","Bombay Super Hybrid","945","32.92"
"agriculture","Agriculture","BSE","NRAIL","NR Agarwal Inds.","892","14.36"
"agriculture","Agriculture","BSE","META","String Metaverse","875","7.21"
"agriculture","Agriculture","NSE","PDMJEPAPER","Pudumjee Paper Prod.","870","9.55"
"agriculture","Agriculture","NSE","FRESHARA","Freshara Agro Export","845","23.32"
"agriculture","Agriculture","BSE","APIS","Apis India","773","30.52"
"agriculture","Agriculture","NSE","KUANTUM","Kuantum Papers","739","17.63"
"agriculture","Agriculture","BSE","EMAMIPAP","Emami Paper Mills","670","7.15"
"agriculture","Agriculture","BSE","SATIA","Satia Industries","615","15.04"
"agriculture","Agriculture","BSE","SUBAM","Subam Papers","597","55.33"
"agriculture","Agriculture","BSE","PRABHATAM","Prabhatam Infra Vent","585","--"
"agriculture","Agriculture","NSE","RAMANEWS","Shree Rama News","489","--"
"agriculture","Agriculture","NSE","KOTYARK","Kotyark Industries","480","25.58"
"agriculture","Agriculture","NSE","MGEL","Mangalam Global Ent.","469","9.93"
"agriculture","Agriculture","NSE","BBTCL","B&B Triplewall Cont.","461","22.34"
"agriculture","Agriculture","BSE","MEGAMONT","Megamont","448","--"
"agriculture","Agriculture","NSE","HARRMALAYA","Harrisons Malayalam","402","13.8"
"agriculture","Agriculture","NSE","SHEETAL","Sheetal Universal","389","33.8"
"agriculture","Agriculture","BSE","TRANSCHEM","Transchem","376","55.88"
"agriculture","Agriculture","NSE","ORIENTPPR","Orient Paper & Inds.","365","--"
"agriculture","Agriculture","BSE","PAKKA","Pakka","342","9.11"
"agriculture","Agriculture","BSE","RUCHIRA","Ruchira Papers","317","9.51"
"agriculture","Agriculture","NSE","GENUSPAPER","Genus Paper & Boards","303","32.16"
"agriculture","Agriculture","NSE","NATHBIOGEN","Nath Bio-Genes (I)","296","8.07"
"agriculture","Agriculture","BSE","TIERRA","Tierra Agrotech","275","--"
"agriculture","Agriculture","BSE","SCAGRO","SC Agrotech","252","19.59"
"agriculture","Agriculture","NSE","WORTHPERI","Worth Peripherals","249","16.23"
"agriculture","Agriculture","BSE","SAPPL","Shree AjitPulp&Paper","244","8.11"
"agriculture","Agriculture","NSE","STARPAPER","Star Paper Mills","242","7.38"
"agriculture","Agriculture","NSE","SHREYANIND","Shreyans Industries","200","--"
"agriculture","Agriculture","BSE","SIPAPER","South India Paper","191","12.98"
"agriculture","Agriculture","NSE","NIKITA","Nikita Greentech","181","16.27"
"agriculture","Agriculture","BSE","INDOUS","Indo US Bio-Tech","162","14.18"
"agriculture","Agriculture","BSE","MSL","Mangalam Seeds","157","19.12"
"agriculture","Agriculture","BSE","WESTERNBIO","Ecoboard Industries","145","--"
"agriculture","Agriculture","BSE","SKPMIL","Shree Krishna Papers","143","7.34"
"agriculture","Agriculture","NSE","RAJPUTANA","Rajputana Biodiesel","143","15.83"
"agriculture","Agriculture","BSE","JKAGRI","JK Agri Genetics","141","--"
"agriculture","Agriculture","NSE","MAGNUM","Magnum Ventures","133","--"
"agriculture","Agriculture","NSE","SHEEL","Sheel Biotech","132","11.27"
"agriculture","Agriculture","BSE","RDGAIL","Rukmani Devi Garg","128","14.39"
"agriculture","Agriculture","BSE","SCOOBEEDAY","Scoobee Day Garments","116","--"
"agriculture","Agriculture","BSE","KANELOIL","Kanel Industries","115","--"
"agriculture","Agriculture","NSE","NARMADA","Narmada Agrobase","109","28.17"
"agriculture","Agriculture","BSE","GANGAPA","Ganga Papers India","101","56.69"
"agriculture","Agriculture","NSE","AARADHYA","Aaradhya Disposal","100","16.55"
"agriculture","Agriculture","BSE","NAPL","Naturite Agro Prod.","99","--"
"agriculture","Agriculture","BSE","NATHIND","Nath Industries","96","14.31"
"agriculture","Agriculture","BSE","BAPACK","B&A Packaging India","96","12.35"
"agriculture","Agriculture","NSE","UTKAL","Utkal Speciality Ind","95","14.15"
"agriculture","Agriculture","NSE","USASEEDS","Upsurge Seeds OfAgri","92","12.24"
"agriculture","Agriculture","NSE","OSWALSEEDS","Shree Oswal Seeds","91","12.65"
"agriculture","Agriculture","BSE","SPTRSHI","Saptarishi Agro Inds","77","--"
"agriculture","Agriculture","BSE","SIMRAN","Simran Farms","77","15.08"
"agriculture","Agriculture","BSE","GPAPL","Gujarat Peanut &Agri","72","9.81"
"agriculture","Agriculture","BSE","HFIL","Himalaya Food Intnl.","71","19.18"
"agriculture","Agriculture","NSE","RCDL","Rajgor Castor Deriv.","69","5.49"
"agriculture","Agriculture","BSE","AGRITECH","Agri-Tech (India)","65","--"
"agriculture","Agriculture","BSE","ALKOSIGN","Alkosign","62","--"
"agriculture","Agriculture","BSE","INDRANIB","Indrayani Biotech","59","--"
"agriculture","Agriculture","BSE","TRESCON","Trescon","57","83.64"
"agriculture","Agriculture","NSE","SUNDARAM","Sundaram Multi Pap","57","17.88"
"agriculture","Agriculture","NSE","BALKRISHNA","Balkrishna Paper","57","--"
"agriculture","Agriculture","NSE","LAMOSAIC","Lamosaic India","57","34.41"
"agriculture","Agriculture","BSE","UNISEM","Unisem Agritech","57","10.7"
"agriculture","Agriculture","BSE","CELLA","Cella Space","55","5.19"
"agriculture","Agriculture","NSE","MALUPAPER","Malu Paper Mills","55","--"
"agriculture","Agriculture","BSE","PERFEPA","Perfectpac","54","22.14"
"agriculture","Agriculture","NSE","PRITI","Priti International","48","53.28"
"agriculture","Agriculture","BSE","THREEMPAPE","Three M Paper Boards","46","6.44"
"agriculture","Agriculture","BSE","TIMESGREEN","Times Green Energy","45","203.39"
"agriculture","Agriculture","BSE","SIEL","Superior Indl.Enterp","42","34.4"
"agriculture","Agriculture","NSE","DHANLAXMI","Dhanlaxmi Crop","42","--"
"agriculture","Agriculture","BSE","MOHITPPR","Mohit Paper Mills","41","6.2"
"agriculture","Agriculture","BSE","RAFL","Raghuvansh Agrofarms","41","9.76"
"agriculture","Agriculture","NSE","VISHWAS","Vishwas Agri Seeds","38","17.82"
"agriculture","Agriculture","BSE","STANBIK","Stanbik Agro","37","8.52"
"agriculture","Agriculture","BSE","VAPIENTER","Vapi Enterprise","35","24.33"
"agriculture","Agriculture","BSE","MAHIP","Mahip Industries","32","11.33"
"agriculture","Agriculture","BSE","KAYPOWR","Kay Power and Paper","32","27.82"
"agriculture","Agriculture","BSE","SPINAROO","Spinaroo Commercial","31","57.05"
"agriculture","Agriculture","NSE","SAIFL","Sameera Agro & Infra","29","2.03"
"agriculture","Agriculture","BSE","ABRIL","Abril Paper Tech","28","18.41"
"agriculture","Agriculture","BSE","PRATIK","Pratik Panels","26","15.39"
"agriculture","Agriculture","BSE","SHREENATH","Shreenath Paper Prod","26","8.95"
"agriculture","Agriculture","NSE","NIRMAN","Nirman Agri Genetics","26","1.45"
"agriculture","Agriculture","BSE","TGIF","TGIF Agribusiness","26","12.92"
"agriculture","Agriculture","BSE","SANPA","Sangal Papers","23","9.67"
"agriculture","Agriculture","BSE","VPL","Vrundavan Plantation","22","12.22"
"agriculture","Agriculture","BSE","ATENPAPERS","Aten Papers & Foam","21","2.86"
"agriculture","Agriculture","BSE","SHREEGANES","Shree Ganesh BioTech","21","--"
"agriculture","Agriculture","BSE","SAFFRON","Saffron Industries","19","11.32"
"agriculture","Agriculture","NSE","ASTRON","Astron Paper & Board","17","--"
"agriculture","Agriculture","BSE","HINDUST","Hind Agrigenetics","16","120.6"
"agriculture","Agriculture","NSE","GAJANAND","Gajanand Internatl.","15","379.07"
"agriculture","Agriculture","NSE","CONTI","Continental Seeds","15","15.33"
"agriculture","Agriculture","BSE","NATHUEC","Natura Hue Chem","15","--"
"agriculture","Agriculture","BSE","URSUGAR","UR Sugar Industries","14","32.04"
"agriculture","Agriculture","BSE","SHKARTP","Shree Karthik Papers","13","38.67"
"agriculture","Agriculture","BSE","RAMAPPR-B","Rama Paper Mills","12","--"
"agriculture","Agriculture","BSE","ASIAN","Asian Warehousing","12","50.15"
"agriculture","Agriculture","BSE","GVBL","Genomic Valley Bio.","9","310.54"
"agriculture","Agriculture","BSE","JAYATMA","Jayatma Spinners","9","13.0"
"agriculture","Agriculture","BSE","NATPLY","National Plywood","7","--"
"agriculture","Agriculture","BSE","GRATEXI","Gratex Industries","7","56.99"
"agriculture","Agriculture","BSE","TARAI","Tarai Foods","7","--"
"agriculture","Agriculture","BSE","OMEAG","Omega Ag-SeedsPunjab","7","13.71"
"agriculture","Agriculture","NSE","SMADL","Shri Mahalaxmi Agri","7","31.32"
"agriculture","Agriculture","BSE","BLOOM","Bloom Dekor","5","--"
"agriculture","Agriculture","BSE","AGIOPAPER","Agio Paper & Indus.","5","--"
"agriculture","Agriculture","BSE","GUJWIND","Gujarat Winding Sys.","4","--"
"agriculture","Agriculture","BSE","CORNE","Coral Newsprints","4","--"
"agriculture","Agriculture","BSE","ASHUTPM","Tridev InfraEstates","4","756.95"
"agriculture","Agriculture","BSE","BEEYU","Beeyu Overseas","4","--"
"agriculture","Agriculture","BSE","THAKKERS","Thakkers Group","4","2.17"
"auto-ancillary","Auto ancillary","BSE","MOTHERSON","SamvardhanaMotherson","1,78,370","40.72"
"auto-ancillary","Auto ancillary","NSE","BOSCHLTD","Bosch","1,36,419","57.73"
"auto-ancillary","Auto ancillary","BSE","UNOMINDA","UNO Minda","71,606","59.56"
"auto-ancillary","Auto ancillary","NSE","MRF","MRF","55,475","22.97"
"auto-ancillary","Auto ancillary","NSE","SONACOMS","Sona BLW Precision","49,884","71.68"
"auto-ancillary","Auto ancillary","NSE","BALKRISIND","Balkrishna Inds.","48,315","34.37"
"auto-ancillary","Auto ancillary","NSE","ENDURANCE","Endurance Tech.","42,451","44.61"
"auto-ancillary","Auto ancillary","NSE","EXIDEIND","Exide Industries","41,705","44.76"
"auto-ancillary","Auto ancillary","NSE","ZFCVINDIA","ZF Commercial Vehic.","29,792","59.67"
"auto-ancillary","Auto ancillary","NSE","TVSHLTD","TVS Holdings","29,335","14.89"
"auto-ancillary","Auto ancillary","NSE","APOLLOTYRE","Apollo Tyres","28,272","16.55"
"auto-ancillary","Auto ancillary","NSE","CRAFTSMAN","Craftsman Automation","27,469","59.08"
"auto-ancillary","Auto ancillary","NSE","GABRIEL","Gabriel India","26,159","87.88"
"auto-ancillary","Auto ancillary","NSE","SUNDRMFAST","Sundram Fasteners","25,434","41.61"
"auto-ancillary","Auto ancillary","NSE","BELRISE","Belrise Industries","25,286","50.89"
"auto-ancillary","Auto ancillary","NSE","SANSERA","Sansera Engineering","24,289","74.95"
"auto-ancillary","Auto ancillary","NSE","TENNIND","Tenneco Clean Air","21,825","36.33"
"auto-ancillary","Auto ancillary","NSE","HBLENGINE","HBL Engineering","19,153","24.53"
"auto-ancillary","Auto ancillary","NSE","ARE&M","Amara Raja Energy","17,722","19.22"
"auto-ancillary","Auto ancillary","NSE","MINDACORP","Minda Corporation","17,633","48.94"
"auto-ancillary","Auto ancillary","NSE","MAHSCOOTER","Maharashtra Scooters","15,612","56.06"
"auto-ancillary","Auto ancillary","NSE","CEATLTD","Ceat","15,054","25.53"
"auto-ancillary","Auto ancillary","BSE","JBMA","JBM Auto","14,854","66.26"
"auto-ancillary","Auto ancillary","NSE","LUMAXTECH","Lumax Auto Tech.","13,850","42.74"
"auto-ancillary","Auto ancillary","NSE","SEDEMAC","Sedemac Mechatronics","13,496","130.29"
"auto-ancillary","Auto ancillary","NSE","ASKAUTOLTD","ASK Automotive","12,835","40.57"
"auto-ancillary","Auto ancillary","NSE","VARROC","Varroc Engineering","12,786","64.82"
"auto-ancillary","Auto ancillary","NSE","JKTYRE","JK Tyres & Inds.","11,148","17.12"
"auto-ancillary","Auto ancillary","NSE","PRICOLLTD","Pricol","9,546","35.63"
"auto-ancillary","Auto ancillary","NSE","BANCOINDIA","Banco Products (I)","8,993","18.18"
"auto-ancillary","Auto ancillary","NSE","SJS","SJS Enterprises","7,808","37.13"
"auto-ancillary","Auto ancillary","NSE","SUPRAJIT","Suprajit Engineering","7,181","38.44"
"auto-ancillary","Auto ancillary","NSE","FIEMIND","Fiem Industries","6,966","27.26"
"auto-ancillary","Auto ancillary","NSE","LUMAXIND","Lumax Industries","5,566","29.71"
"auto-ancillary","Auto ancillary","NSE","LGBBROSLTD","LG Balakrishnan&Bros","5,107","16.02"
"auto-ancillary","Auto ancillary","BSE","SHARDAMOTR","Sharda Motor Inds.","5,050","15.21"
"auto-ancillary","Auto ancillary","NSE","SUBROS","Subros","4,993","30.02"
"auto-ancillary","Auto ancillary","BSE","JAMNAAUTO","Jamna Auto Inds.","4,952","21.18"
"auto-ancillary","Auto ancillary","BSE","SSWL","Steel Strips Wheels","4,919","23.16"
"auto-ancillary","Auto ancillary","NSE","RAYMOND","Raymond","4,121","111.13"
"auto-ancillary","Auto ancillary","NSE","JTEKTINDIA","JTEKT India","3,870","50.33"
"auto-ancillary","Auto ancillary","NSE","SANDHAR","Sandhar Technologies","3,774","18.15"
"auto-ancillary","Auto ancillary","NSE","DIVGIITTS","Divgi Torqtransfer","3,749","59.29"
"auto-ancillary","Auto ancillary","NSE","WHEELS","Wheels India","3,327","20.35"
"auto-ancillary","Auto ancillary","NSE","RML","Rane (Madras)","3,056","25.67"
"auto-ancillary","Auto ancillary","NSE","SHANTIGEAR","Shanthi Gears","3,049","47.78"
"auto-ancillary","Auto ancillary","NSE","TVSSRICHAK","TVS Srichakra","2,968","41.67"
"auto-ancillary","Auto ancillary","NSE","CARRARO","Carraro India","2,947","22.19"
"auto-ancillary","Auto ancillary","NSE","FMGOETZE","Federal-Mogul Goetze","2,706","15.86"
"auto-ancillary","Auto ancillary","NSE","AUTOAXLES","Automotive Axles","2,704","15.52"
"auto-ancillary","Auto ancillary","BSE","RAJRATAN","Rajratan Global Wire","2,637","33.12"
"auto-ancillary","Auto ancillary","NSE","INDNIPPON","India Nipon Elect.","2,627","23.63"
"auto-ancillary","Auto ancillary","BSE","SUNCLAY","Sundaram-Clayton","2,623","10.46"
"auto-ancillary","Auto ancillary","NSE","TALBROAUTO","Talbros Auto Compont","2,584","23.08"
"auto-ancillary","Auto ancillary","NSE","EVEREADY","Eveready Inds. India","2,572","14.43"
"auto-ancillary","Auto ancillary","NSE","GNA","GNA Axles","2,380","18.0"
"auto-ancillary","Auto ancillary","NSE","LANDMARK","Landmark Cars","2,268","50.47"
"auto-ancillary","Auto ancillary","BSE","NDRAUTO","NDR Auto Components","1,926","29.67"
"auto-ancillary","Auto ancillary","BSE","SAPL","Sar Auto Products","1,910","2073.77"
"auto-ancillary","Auto ancillary","BSE","GOODYEAR","Goodyear India","1,871","30.42"
"auto-ancillary","Auto ancillary","NSE","RICOAUTO","Rico Auto Industries","1,730","56.56"
"auto-ancillary","Auto ancillary","BSE","RACLGEAR","RACL Geartech","1,662","33.51"
"auto-ancillary","Auto ancillary","NSE","STUDDS","Studds Accessories","1,656","22.15"
"auto-ancillary","Auto ancillary","BSE","BHARATSE","Bharat Seats","1,475","31.89"
"auto-ancillary","Auto ancillary","BSE","JAYBARMARU","Jay Bharat Maruti","1,417","10.25"
"auto-ancillary","Auto ancillary","BSE","KROSS","Kross","1,321","22.85"
"auto-ancillary","Auto ancillary","NSE","PRECAM","Precision Camshafts","1,279","31.29"
"auto-ancillary","Auto ancillary","BSE","AUTOCORP","Automobile Corp.Goa","1,116","19.23"
"auto-ancillary","Auto ancillary","BSE","SEKURITIND","Saint-Gobain Sekurit","1,090","24.53"
"auto-ancillary","Auto ancillary","NSE","HITECHGEAR","Hi-Tech Gears","1,007","51.01"
"auto-ancillary","Auto ancillary","NSE","MUNJALAU","Munjal Auto Inds.","1,004","20.0"
"auto-ancillary","Auto ancillary","NSE","PVSL","Popular Vehicles&Ser","857","--"
"auto-ancillary","Auto ancillary","NSE","ASAL","Automot. Stamp&Assem","798","26.74"
"auto-ancillary","Auto ancillary","BSE","ISTLTD","IST","769","5.01"
"auto-ancillary","Auto ancillary","BSE","ENKEIWHEL","Enkei Wheels (India)","688","31.6"
"auto-ancillary","Auto ancillary","BSE","KINETICENG","Kinetic Engineering","649","--"
"auto-ancillary","Auto ancillary","NSE","HINDCOMPOS","Hindustan Composites","623","19.28"
"auto-ancillary","Auto ancillary","BSE","ZFSTEERING","ZF Steering Gear (I)","601","30.36"
"auto-ancillary","Auto ancillary","BSE","TRITONV","Triton Valves","550","56.65"
"auto-ancillary","Auto ancillary","NSE","MUNJALSHOW","Munjal Showa","529","21.31"
"auto-ancillary","Auto ancillary","BSE","HIGHENE","High EnergyBatteries","514","40.2"
"auto-ancillary","Auto ancillary","BSE","CLN","CLN Energy","507","24.64"
"auto-ancillary","Auto ancillary","NSE","AUTOIND","Autoline Industries","449","11.66"
"auto-ancillary","Auto ancillary","NSE","PPAP","PPAP Automotive","425","9.17"
"auto-ancillary","Auto ancillary","BSE","TOLINS","Tolins Tyres","397","11.14"
"auto-ancillary","Auto ancillary","BSE","EMMFORCE","Emmforce Autotech","393","47.6"
"auto-ancillary","Auto ancillary","BSE","EBIX","EBIX","378","--"
"auto-ancillary","Auto ancillary","BSE","MENNPIS","Menon Pistons","369","14.16"
"auto-ancillary","Auto ancillary","NSE","MAXVOLT","Maxvolt Energy Inds.","348","14.27"
"auto-ancillary","Auto ancillary","BSE","TALBROSENG","Talbros Engineering","344","11.79"
"auto-ancillary","Auto ancillary","BSE","JAYUSH","Jay Ushin","337","18.93"
"auto-ancillary","Auto ancillary","NSE","SUNDRMBRAK","Sundaram BrakeLining","315","122.68"
"auto-ancillary","Auto ancillary","BSE","REMSONSIND","Remsons Industries","309","17.12"
"auto-ancillary","Auto ancillary","BSE","HIMTEK","Him Teknoforge","280","22.23"
"auto-ancillary","Auto ancillary","NSE","UCAL","UCAL","257","--"
"auto-ancillary","Auto ancillary","BSE","NIPPOBATRY","Indo-National","250","--"
"auto-ancillary","Auto ancillary","BSE","SETCO","Setco Automotive","238","--"
"auto-ancillary","Auto ancillary","BSE","WAAREE","Waaree Technologies","237","--"
"auto-ancillary","Auto ancillary","NSE","AVATAR","Avatar Industries","229","529.27"
"auto-ancillary","Auto ancillary","NSE","SINTERCOM","Sintercom India","228","159.35"
"auto-ancillary","Auto ancillary","BSE","SHIVAMAUTO","Shivam Autotech","225","--"
"auto-ancillary","Auto ancillary","BSE","COMPEAU","Competent Automobile","217","10.57"
"auto-ancillary","Auto ancillary","NSE","GOLDSTAR","Goldstar Power","200","199.14"
"auto-ancillary","Auto ancillary","BSE","LAKHNNATNL","Panasonic Energy Ind","191","44.44"
"auto-ancillary","Auto ancillary","NSE","PRITIKA","Pritika Engg. Compnt","166","20.09"
"auto-ancillary","Auto ancillary","BSE","IPRINGLTD","IP Rings","165","96.14"
"auto-ancillary","Auto ancillary","BSE","MACPLASQ","Machino Plastics","165","125.06"
"auto-ancillary","Auto ancillary","NSE","ETML","Emerald Tyre Mfrs.","160","15.49"
"auto-ancillary","Auto ancillary","BSE","BHARATGEAR","Bharat Gears","159","10.59"
"auto-ancillary","Auto ancillary","NSE","SHIGAN","Shigan Quantum Tech.","126","18.67"
"auto-ancillary","Auto ancillary","BSE","AAIL","Akar Auto Industries","124","134.94"
"auto-ancillary","Auto ancillary","NSE","URAVIDEF","Uravi Defence&Tech.","124","118.42"
"auto-ancillary","Auto ancillary","NSE","BIKEWO","Bikewo Green Tech","123","36.99"
"auto-ancillary","Auto ancillary","BSE","SAMKRG","Samkrg Pistons&Rings","115","12.01"
"auto-ancillary","Auto ancillary","BSE","HINDHARD","Hind Hardy","113","17.27"
"auto-ancillary","Auto ancillary","NSE","VIAZ","Viaz Tyres","96","18.22"
"auto-ancillary","Auto ancillary","NSE","HAPPY","Happy Steels","94","13.23"
"auto-ancillary","Auto ancillary","BSE","SALAUTO","Sal Automotive","92","21.61"
"auto-ancillary","Auto ancillary","NSE","SELLOWRAP","Sellowrap Industries","91","9.12"
"auto-ancillary","Auto ancillary","BSE","PORWAL","Porwal AutoComponent","91","9.14"
"auto-ancillary","Auto ancillary","BSE","SWANAGRO","New Swan Multitech","84","8.73"
"auto-ancillary","Auto ancillary","BSE","AFLTD","Autofurnish","80","21.95"
"auto-ancillary","Auto ancillary","NSE","PREMIUM","Premium Plast","74","10.7"
"auto-ancillary","Auto ancillary","BSE","GSAUTO","GS Auto Intl.","69","20.36"
"auto-ancillary","Auto ancillary","BSE","AUTOPINS","Auto Pins (India)","68","251.76"
"auto-ancillary","Auto ancillary","NSE","ITTL","Innovative Tyre&Tube","67","--"
"auto-ancillary","Auto ancillary","BSE","KRANTI","Kranti Industries","64","28.07"
"auto-ancillary","Auto ancillary","BSE","KRYPTONQ","Krypton Industries","55","20.8"
"auto-ancillary","Auto ancillary","NSE","DELTIC","Delta Autocorp","54","8.27"
"auto-ancillary","Auto ancillary","NSE","ATCENERGY","ATC Energies System","51","--"
"auto-ancillary","Auto ancillary","BSE","SMAUTO","SM Auto Stamping","41","12.25"
"auto-ancillary","Auto ancillary","BSE","RASANDIK","Rasandik Engg. Inds.","38","--"
"auto-ancillary","Auto ancillary","BSE","JAGANLAM","Jagan Lamps","36","18.65"
"auto-ancillary","Auto ancillary","NSE","MANDEEP","Mandeep Auto Inds.","23","20.39"
"auto-ancillary","Auto ancillary","NSE","KALYANI","Kalyani Commercial","14","5.92"
"auto-ancillary","Auto ancillary","BSE","SIBARAUT","Sibar Auto Parts","13","--"
"auto-ancillary","Auto ancillary","BSE","RAL","Resourceful Automob.","11","6.98"
"auto-ancillary","Auto ancillary","BSE","NAKSH","Naksh Precious Metal","4","--"
"auto-ancillary","Auto ancillary","BSE","AUTOPRD","Automobile Products","4","--"
"auto-ancillary","Auto ancillary","BSE","SPECTRA","Spectra Industries","3","--"
"auto-ancillary","Auto ancillary","NSE","LAPL","LAPL Automotive","0","--"
"automobile","Automobile","NSE","MARUTI","Maruti Suzuki India","4,37,334","30.51"
"automobile","Automobile","NSE","M&M","Mahindra & Mahindra","4,25,163","23.02"
"automobile","Automobile","NSE","BAJAJ-AUTO","Bajaj Auto","3,21,713","27.36"
"automobile","Automobile","NSE","EICHERMOT","Eicher Motors","2,20,112","38.13"
"automobile","Automobile","NSE","TVSMOTOR","TVS Motor Company","2,06,318","60.19"
"automobile","Automobile","NSE","HYUNDAI","Hyundai Motor India","1,80,384","36.43"
"automobile","Automobile","NSE","TMCV","Tata Motors","1,68,244","40.14"
"automobile","Automobile","NSE","TMPV","Tata MotorsPassenger","1,26,065","1.53"
"automobile","Automobile","NSE","HEROMOTOCO","Hero MotoCorp","1,16,642","21.41"
"automobile","Automobile","NSE","ASHOKLEY","Ashok Leyland","1,03,380","29.78"
"automobile","Automobile","NSE","ATHERENERG","Ather Energy","61,876","--"
"automobile","Automobile","NSE","ESCORTS","Escorts Kubota","34,936","25.26"
"automobile","Automobile","BSE","FORCEMOT","Force Motors","25,246","20.17"
"automobile","Automobile","NSE","OLAELEC","OLA Electric Mobilit","18,449","--"
"automobile","Automobile","NSE","OLECTRA","Olectra Greentech","11,358","63.99"
"automobile","Automobile","NSE","SMLMAH","SML Mahindra","7,487","47.87"
"automobile","Automobile","BSE","VSTTILLERS","VST Tillers Tractors","3,844","36.71"
"automobile","Automobile","BSE","ZELIO","Zelio E-Mobility","1,594","56.88"
"automobile","Automobile","BSE","ATULAUTO","Atul Auto","1,399","29.62"
"automobile","Automobile","BSE","MERCURYEV","Mercury Ev-Tech","663","132.6"
"automobile","Automobile","BSE","HINDMOTORS","Hindustan Motors","314","--"
"automobile","Automobile","BSE","WARDINMOBI","Wardwizard Innovat.","198","104.68"
"automobile","Automobile","NSE","AMBAAUTO","Amba Auto Sales &Ser","198","14.08"
"automobile","Automobile","NSE","TUNWAL","Tunwal E-Motors","152","11.82"
"automobile","Automobile","NSE","GURUNANAK","Gurunanak Agri.India","49","8.09"
"automobile","Automobile","BSE","SEVL","Supertech EV","47","12.04"
"automobile","Automobile","NSE","VICTORYEV","Victory Electric Veh","41","18.93"
"aviation","Aviation","NSE","INDIGO","Interglobe Aviation","2,02,613","--"
"aviation","Aviation","NSE","GMRAIRPORT","GMR Airports","1,10,025","626.96"
"aviation","Aviation","BSE","SPICEJET","SpiceJet","1,837","--"
"aviation","Aviation","BSE","TAALTECH","TAAL Tech","1,298","20.79"
"aviation","Aviation","BSE","TANEJAERO","Taneja Aerospace","796","41.9"
"aviation","Aviation","NSE","FLYSBS","FlySBS Aviation","788","12.97"
"aviation","Aviation","NSE","DREAMFOLKS","Dreamfolks Services","367","31.72"
"aviation","Aviation","NSE","GLOBALVECT","Global Vectra Helico","222","--"
"building-materials","Building materials","NSE","ULTRACEMCO","Ultratech Cement","3,48,782","40.85"
"building-materials","Building materials","NSE","ASIANPAINT","Asian Paints","2,61,468","54.87"
"building-materials","Building materials","NSE","AMBUJACEM","Ambuja Cements","1,04,946","23.98"
"building-materials","Building materials","NSE","SHREECEM","Shree Cement","91,681","56.24"
"building-materials","Building materials","NSE","BERGEPAINT","Berger Paints India","65,284","53.66"
"building-materials","Building materials","BSE","APLAPOLLO","APL Apollo Tubes","55,298","44.99"
"building-materials","Building materials","NSE","WELCORP","Welspun Corp","49,231","21.32"
"building-materials","Building materials","NSE","JKCEMENT","JK Cement","41,675","44.08"
"building-materials","Building materials","NSE","DALBHARAT","Dalmia Bharat","34,484","36.96"
"building-materials","Building materials","NSE","ACC","ACC","25,032","13.11"
"building-materials","Building materials","NSE","ASAHIINDIA","Asahi India Glass","22,737","51.96"
"building-materials","Building materials","NSE","RAMCOCEM","The Ramco Cements","21,638","33.56"
"building-materials","Building materials","NSE","KAJARIACER","Kajaria Ceramics","19,683","36.06"
"building-materials","Building materials","NSE","JSWCEMENT","JSW Cement","17,799","--"
"building-materials","Building materials","NSE","CENTURYPLY","Century Plyboards(I)","16,984","58.34"
"building-materials","Building materials","NSE","KANSAINER","Kansai Nerolac Paint","16,823","28.03"
"building-materials","Building materials","BSE","RATNAMANI","Ratnamani Metal&Tube","15,680","36.22"
"building-materials","Building materials","NSE","JSWDULUX","JSW Dulux","14,102","7.19"
"building-materials","Building materials","NSE","INDIACEM","India Cements","11,954","129.25"
"building-materials","Building materials","NSE","NUVOCO","Nuvoco Vistas Corpn.","11,918","30.88"
"building-materials","Building materials","NSE","MAHSEAMLES","Maharashtra Seamless","8,167","11.08"
"building-materials","Building materials","NSE","STARCEMENT","Star Cement","8,080","21.86"
"building-materials","Building materials","NSE","CERA","Cera Sanitaryware","7,596","37.43"
"building-materials","Building materials","NSE","JKLAKSHMI","JK Lakshmi Cement","6,817","18.43"
"building-materials","Building materials","NSE","GREENLAM","Greenlam Industries","6,365","68.49"
"building-materials","Building materials","BSE","STYLAMIND","Stylam Industries","6,015","35.43"
"building-materials","Building materials","NSE","INDIGOPNTS","Indigo Paints","5,360","36.95"
"building-materials","Building materials","NSE","PRSMJOHNSN","Prism Johnson","5,328","30.52"
"building-materials","Building materials","NSE","MANINDS","Man Industries","4,512","22.08"
"building-materials","Building materials","BSE","GOODLUCK","Goodluck India","4,341","21.26"
"building-materials","Building materials","BSE","REMAGNET","Midwest Energy","4,042","--"
"building-materials","Building materials","NSE","MIDWESTLTD","Midwest","4,032","36.31"
"building-materials","Building materials","NSE","HEIDELBERG","Heidelberg Cement","3,511","30.19"
"building-materials","Building materials","NSE","GREENPLY","Greenply Industries","3,456","35.05"
"building-materials","Building materials","NSE","RAMCOIND","Ramco Industries","3,113","9.51"
"building-materials","Building materials","BSE","POKARNA","Pokarna","3,064","32.28"
"building-materials","Building materials","BSE","EUROPRATIK","Euro Pratik Sales","3,000","34.81"
"building-materials","Building materials","NSE","INTERARCH","Interarch Building","2,859","21.27"
"building-materials","Building materials","NSE","ORIENTCEM","Orient Cement","2,749","13.13"
"building-materials","Building materials","NSE","MANGLMCEM","Mangalam Cement","2,478","21.59"
"building-materials","Building materials","NSE","NITCO","Nitco","2,442","84.51"
"building-materials","Building materials","BSE","EPACKPEB","EPack Prefab Techno.","2,380","25.11"
"building-materials","Building materials","BSE","SAGCEM","Sagar Cements","2,286","--"
"building-materials","Building materials","NSE","GREENPANEL","Greenpanel Inds.","2,169","322.67"
"building-materials","Building materials","BSE","PENIND","Pennar Industries","2,165","15.59"
"building-materials","Building materials","NSE","ARDEE","Ardee Industries","2,116","24.99"
"building-materials","Building materials","NSE","LAOPALA","La Opala RG","2,114","22.9"
"building-materials","Building materials","NSE","SOMANYCERA","Somany Ceramics","2,083","19.58"
"building-materials","Building materials","NSE","KCP","KCP","1,975","11.59"
"building-materials","Building materials","BSE","ASIANTILES","Asian Granito India","1,581","125.46"
"building-materials","Building materials","NSE","HITECH","Hi-Tech Pipes","1,580","20.99"
"building-materials","Building materials","NSE","MBEL","M&B Engineering","1,537","15.91"
"building-materials","Building materials","NSE","BIRLANU","BirlaNu","1,257","--"
"building-materials","Building materials","NSE","SAFEENTP","Safe Enterprises","1,092","17.11"
"building-materials","Building materials","BSE","SHREDIGCEM","Shree DigvijayCement","1,052","58.43"
"building-materials","Building materials","BSE","VADILENT","Vadilal Enterprises","860","82.26"
"building-materials","Building materials","NSE","VISAKAIND","Visaka Industries","854","9.94"
"building-materials","Building materials","NSE","NCLIND","NCL Industries","783","8.47"
"building-materials","Building materials","NSE","SEJALLTD","Sejal Glass","776","24.64"
"building-materials","Building materials","NSE","DECCANCE","Deccan Cements","766","131.26"
"building-materials","Building materials","NSE","EVERESTIND","Everest Industries","761","--"
"building-materials","Building materials","NSE","RAMASTEEL","Rama Steel Tubes","746","59.29"
"building-materials","Building materials","NSE","SHALPAINTS","Shalimar Paints","699","--"
"building-materials","Building materials","BSE","EMPIND","Empire Industries","685","13.3"
"building-materials","Building materials","BSE","SAURASHCEM","Saurashtra Cement","677","101.17"
"building-materials","Building materials","BSE","HALDYNGL","Haldyn Glass","675","22.77"
"building-materials","Building materials","NSE","ORIENTBELL","Orient Bell","533","25.23"
"building-materials","Building materials","NSE","RUSHIL","Rushil Decor","505","22.15"
"building-materials","Building materials","BSE","SHIVACEM","Shiva Cement","497","--"
"building-materials","Building materials","BSE","ACL","Andhra Cements","427","--"
"building-materials","Building materials","NSE","SAHYADRI","Sahyadri Industries","377","8.43"
"building-materials","Building materials","BSE","KESORAMIND","Kesoram Industries","376","--"
"building-materials","Building materials","NSE","CLAYCRAFT","Clay Craft India","329","12.17"
"building-materials","Building materials","BSE","APCL","Anjani Portland Cem.","306","--"
"building-materials","Building materials","BSE","EXXARO","Exxaro Tiles","275","67.08"
"building-materials","Building materials","NSE","AGARWALTUF","Agarwal Toughened","273","12.63"
"building-materials","Building materials","NSE","INM","Interiors & More","236","17.47"
"building-materials","Building materials","BSE","ASOCSTONE","ASI Industries","225","8.97"
"building-materials","Building materials","NSE","MURUDCERA","Murudeshwar Ceramics","194","20.05"
"building-materials","Building materials","NSE","DUCOL","Ducol Organic&Colour","193","47.64"
"building-materials","Building materials","BSE","GLITTEKG","Glittek Granites","183","--"
"building-materials","Building materials","NSE","ARCHIDPLY","Archidply Industries","183","14.03"
"building-materials","Building materials","BSE","SKCIL","Shri Keshav Cements","177","--"
"building-materials","Building materials","BSE","BRPL","Bansal Roofing Prod.","175","15.67"
"building-materials","Building materials","NSE","DURLAX","Durlax Top Surface","164","13.02"
"building-materials","Building materials","NSE","ESPRIT","Esprit Stones","148","--"
"building-materials","Building materials","NSE","WIPL","The Western Indian","143","316.67"
"building-materials","Building materials","BSE","KEIL","Kanoria Energy&Infra","142","--"
"building-materials","Building materials","NSE","AIROLAM","Airo Lam","137","24.86"
"building-materials","Building materials","NSE","GSLSU","Global Surfaces","126","--"
"building-materials","Building materials","BSE","DUROPLY","Duroply Industries","115","39.28"
"building-materials","Building materials","NSE","MDL","Marvel Decor","114","26.15"
"building-materials","Building materials","NSE","MANILAM","Manilam Inds. India","103","49.87"
"building-materials","Building materials","NSE","BEARDSELL","Beardsell","103","9.57"
"building-materials","Building materials","NSE","REGENCERAM","Regency Ceramics","102","--"
"building-materials","Building materials","NSE","SYLVANPLY","Sylvan Plyboard (I)","97","13.48"
"building-materials","Building materials","BSE","PANYAMCEM","Panyam Cement & Min.","91","--"
"building-materials","Building materials","NSE","BVCL","Barak Valley Cements","91","309.03"
"building-materials","Building materials","BSE","PACIFICIND","Pacific Industries","87","31.7"
"building-materials","Building materials","NSE","KAKATCEM","Kakatiya Cemen Sugar","86","--"
"building-materials","Building materials","BSE","BANARBEADS","Banaras Beads","75","39.66"
"building-materials","Building materials","BSE","RALEGRA","Ravileela Granites","68","7.52"
"building-materials","Building materials","NSE","MILTON","Milton Industries","65","35.99"
"building-materials","Building materials","BSE","RESTILE","Restile Ceramics","62","--"
"building-materials","Building materials","BSE","RETINA","Retina Paints","60","94.49"
"building-materials","Building materials","BSE","BHEEMACEM","Bheema Cements","53","--"
"building-materials","Building materials","BSE","ELEMARB","Elegant Marbles&Gran","52","16.33"
"building-materials","Building materials","BSE","DIVSHKT","Divyashakti","50","158.19"
"building-materials","Building materials","NSE","GANGABATH","Ganga Bath Fittings","49","38.67"
"building-materials","Building materials","NSE","ADL","Archidply Decor","39","--"
"building-materials","Building materials","NSE","AROGRANITE","Aro Granite Inds.","38","--"
"building-materials","Building materials","NSE","ORIENTALTL","Oriental Trimex","37","18.46"
"building-materials","Building materials","BSE","SRICC","Srichakra Cement","36","--"
"building-materials","Building materials","NSE","BURNPUR","Burnpur Cement","35","--"
"building-materials","Building materials","BSE","ALFAICA","Alfa Ica (India)","35","16.28"
"building-materials","Building materials","BSE","HEMACEM","Hemadri Cements","34","--"
"building-materials","Building materials","BSE","JAIMATAG","Jai Mata Glass","34","--"
"building-materials","Building materials","BSE","KEERTHI","Keerthi Industries","31","--"
"building-materials","Building materials","BSE","NEELKAN","NeelkanthRockmineral","31","137.18"
"building-materials","Building materials","NSE","MADHAV","Madhav Marbles&Gran.","30","78.36"
"building-materials","Building materials","NSE","LEXUS","Lexus Granito (I)","29","28.21"
"building-materials","Building materials","BSE","DECOMIC","Deco-Mica","25","36.41"
"building-materials","Building materials","BSE","INANI","Inani Marbles &Inds.","18","118.25"
"building-materials","Building materials","BSE","SHIVAEXPO","Shiva Granito Export","17","--"
"building-materials","Building materials","BSE","SOLIDSTON","Solid Stone Company","13","26.77"
"building-materials","Building materials","BSE","SCTL","Suncare Traders","11","--"
"building-materials","Building materials","BSE","TRIVENSHET","Triveni Glass","9","--"
"building-materials","Building materials","BSE","RCCEMEN","RCC Cements","8","--"
"building-materials","Building materials","BSE","MAYURFL","Mayur Floorings","8","37.74"
"building-materials","Building materials","BSE","JAINMARMO","Jain Marmo Inds.","7","255.09"
"building-materials","Building materials","BSE","AMBITION","Ambition Mica","4","--"
"building-materials","Building materials","BSE","VAICC","Vaishno Cement Co","3","--"
"chemicals","Chemicals","NSE","SOLARINDS","Solar Industries Ind","1,72,510","102.83"
"chemicals","Chemicals","NSE","PIDILITIND","Pidilite Inds.","1,71,905","64.9"
"chemicals","Chemicals","BSE","SRF","SRF","76,359","35.32"
"chemicals","Chemicals","NSE","LINDEINDIA","Linde India","57,673","105.56"
"chemicals","Chemicals","NSE","FLUOROCHEM","Gujarat Fluorochem.","50,197","81.62"
"chemicals","Chemicals","NSE","UPL","UPL","48,118","23.82"
"chemicals","Chemicals","NSE","NAVINFLUOR","Navin Fluorine Intl.","42,830","54.24"
"chemicals","Chemicals","NSE","GODREJIND","Godrej Industries","41,626","33.56"
"chemicals","Chemicals","NSE","HSCL","Himadri Speciality","38,461","48.13"
"chemicals","Chemicals","BSE","PIIND","PI Industries","37,672","32.34"
"chemicals","Chemicals","NSE","SUMICHEM","Sumitomo Chem. India","27,326","47.16"
"chemicals","Chemicals","BSE","DEEPAKNTR","Deepak Nitrite","23,433","29.92"
"chemicals","Chemicals","NSE","AETHER","Aether Industries","21,390","90.95"
"chemicals","Chemicals","NSE","ATUL","Atul","20,292","25.51"
"chemicals","Chemicals","BSE","AARTIIND","Aarti Industries","19,252","36.26"
"chemicals","Chemicals","NSE","BAYERCROP","Bayer CropScience","18,473","25.23"
"chemicals","Chemicals","NSE","BASF","BASF India","17,269","26.86"
"chemicals","Chemicals","NSE","TATACHEM","Tata Chemicals","17,146","--"
"chemicals","Chemicals","NSE","GRWRHITECH","Garware Hi-Tech Film","16,581","42.75"
"chemicals","Chemicals","NSE","FINEORG","Fine Organic Inds.","16,105","36.76"
"chemicals","Chemicals","BSE","SHAILY","Shaily Engg. Plastic","15,782","89.27"
"chemicals","Chemicals","BSE","PRIVISCL","Privi SpecialityChem","13,986","39.98"
"chemicals","Chemicals","NSE","VINATIORGA","Vinati Organics","13,738","30.64"
"chemicals","Chemicals","NSE","ANURAS","Anupam Rasayan India","13,708","80.58"
"chemicals","Chemicals","BSE","SPLPETRO","Supreme Petrochem","13,653","28.17"
"chemicals","Chemicals","BSE","PCBL","PCBL Chemical","12,449","48.11"
"chemicals","Chemicals","NSE","JUBLINGREA","Jubilant Ingrevia","11,399","36.93"
"chemicals","Chemicals","NSE","TIMETECHNO","Time Technoplast","10,285","21.0"
"chemicals","Chemicals","BSE","MANORAMA","Manorama Industries","10,231","47.6"
"chemicals","Chemicals","BSE","ALKYLAMINE","Alkyl Amines Chem.","9,676","42.97"
"chemicals","Chemicals","BSE","ELANTAS","Elantas Beck India","9,089","51.18"
"chemicals","Chemicals","NSE","CLEAN","Clean Science & Tech","8,556","36.73"
"chemicals","Chemicals","NSE","SUDARSCHEM","Sudarshan Chemicals","8,317","372.94"
"chemicals","Chemicals","BSE","KINGFA","Kingfa Science &Tech","8,073","43.57"
"chemicals","Chemicals","NSE","EPL","EPL","7,804","20.14"
"chemicals","Chemicals","NSE","GAEL","Guj. Ambuja Exports","7,582","18.22"
"chemicals","Chemicals","NSE","SHARDACROP","Sharda Cropchem","7,206","11.51"
"chemicals","Chemicals","NSE","RAIN","Rain Industries","7,046","13.12"
"chemicals","Chemicals","NSE","INDIAGLYCO","India Glycols","7,035","24.03"
"chemicals","Chemicals","BSE","TANFACIND","Tanfac Industries","6,938","102.58"
"chemicals","Chemicals","NSE","BALAMINES","Balaji Amines","6,749","33.06"
"chemicals","Chemicals","NSE","ACI","Archean Chem. Inds.","6,251","64.56"
"chemicals","Chemicals","NSE","NEOGEN","Neogen Chemicals","5,674","159.55"
"chemicals","Chemicals","BSE","YASHO","Yasho Industries","5,086","88.2"
"chemicals","Chemicals","BSE","FCL","Fineotex Chemical","4,963","40.57"
"chemicals","Chemicals","NSE","GUJALKALI","Guj. Alkalies & Chem","4,935","74.38"
"chemicals","Chemicals","NSE","LXCHEM","Laxmi Organic Inds.","4,796","38.16"
"chemicals","Chemicals","NSE","EPIGRAL","Epigral","4,754","17.54"
"chemicals","Chemicals","BSE","DHANUKA","Dhanuka Agritech","4,572","17.06"
"chemicals","Chemicals","NSE","RESPONIND","Responsive Inds.","4,459","30.04"
"chemicals","Chemicals","NSE","FOSECOIND","Foseco India","4,179","57.82"
"chemicals","Chemicals","NSE","RALLIS","Rallis India","4,071","19.02"
"chemicals","Chemicals","NSE","TATVA","Tatva Chintan Pharma","4,060","79.01"
"chemicals","Chemicals","BSE","NACLIND","NACL Industries","4,016","324.66"
"chemicals","Chemicals","NSE","GHCL","GHCL","3,974","8.41"
"chemicals","Chemicals","BSE","VISHNU","Vishnu Chemicals","3,964","26.48"
"chemicals","Chemicals","NSE","STYRENIX","Styrenix Performance","3,903","21.34"
"chemicals","Chemicals","NSE","POLYPLEX","Polyplex Corporation","3,717","23.93"
"chemicals","Chemicals","BSE","BHAGCHEM","Bhagiradha Chemicals","3,633","131.99"
"chemicals","Chemicals","BSE","PREMEXPLN","Premier Explosives","3,501","76.42"
"chemicals","Chemicals","NSE","APCOTEXIND","Apcotex Industries","3,115","19.32"
"chemicals","Chemicals","BSE","GRAUWEIL","Grauer & Weil (I)","3,040","18.97"
"chemicals","Chemicals","BSE","DDEVPLSTIK","Ddev Plastiks Inds.","3,019","14.15"
"chemicals","Chemicals","NSE","BEPL","Bhansali Engg. Poly.","3,002","15.02"
"chemicals","Chemicals","NSE","STALLION","Stallion India Fluor","2,944","56.57"
"chemicals","Chemicals","NSE","JINDALPOLY","Jindal Poly Films","2,915","--"
"chemicals","Chemicals","NSE","CHEMPLASTS","Chemplast Sanmar","2,895","--"
"chemicals","Chemicals","NSE","KIRIINDUS","Kiri Industries","2,836","0.49"
"chemicals","Chemicals","NSE","ROSSARI","Rossari Biotech","2,797","18.56"
"chemicals","Chemicals","NSE","NILKAMAL","Nilkamal","2,772","22.24"
"chemicals","Chemicals","NSE","NOCIL","NOCIL","2,729","41.27"
"chemicals","Chemicals","NSE","PIXTRANS","Pix Transmission","2,654","20.14"
"chemicals","Chemicals","BSE","XPROINDIA","Xpro India","2,575","78.83"
"chemicals","Chemicals","BSE","BNAGROCHEM","BN Agrochem","2,493","146.03"
"chemicals","Chemicals","BSE","FISCHER","Fischer Medical","2,479","79.93"
"chemicals","Chemicals","BSE","COSMOFIRST","Cosmo First","2,393","14.34"
"chemicals","Chemicals","NSE","JGCHEM","JG Chemicals","2,375","31.59"
"chemicals","Chemicals","NSE","SHK","SH Kelkar & Company","2,369","26.59"
"chemicals","Chemicals","BSE","MOLDTKPAC","Mold-tek Packaging","2,281","29.99"
"chemicals","Chemicals","NSE","BHARATRAS","Bharat Rasayan","2,265","15.54"
"chemicals","Chemicals","NSE","GOCLCORP","GOCL Corporation","2,144","1.41"
"chemicals","Chemicals","NSE","HUHTAMAKI","Huhtamaki India","2,100","15.39"
"chemicals","Chemicals","BSE","CAMLINFINE","Camlin Fine Sciences","2,076","352.87"
"chemicals","Chemicals","NSE","TIRUMALCHM","Thirumalai Chemicals","1,937","--"
"chemicals","Chemicals","NSE","JAICORPLTD","Jai Corp","1,827","10.79"
"chemicals","Chemicals","NSE","INSECTICID","Insecticides India","1,825","14.58"
"chemicals","Chemicals","BSE","INDOKEM","Indokem","1,799","803.34"
"chemicals","Chemicals","BSE","PAUSHAKLTD","Paushak","1,714","40.44"
"chemicals","Chemicals","NSE","TARSONS","Tarsons Products","1,670","150.51"
"chemicals","Chemicals","NSE","IPL","India Pesticides","1,639","15.22"
"chemicals","Chemicals","BSE","TITANBIO","Titan Bio-Tech","1,636","54.76"
"chemicals","Chemicals","BSE","VIDHIING","Vidhi Specialty Food","1,573","29.55"
"chemicals","Chemicals","BSE","CITURGIBIO","Citurgia Biochem.","1,464","--"
"chemicals","Chemicals","NSE","MOL","Meghmani Organics","1,459","22.71"
"chemicals","Chemicals","BSE","INDOBORAX","Indo Borax & Chem.","1,441","25.59"
"chemicals","Chemicals","BSE","NITTAGELA","Nitta Gelatin India","1,440","13.95"
"chemicals","Chemicals","BSE","ALLTIME","All Time Plastics","1,436","41.84"
"chemicals","Chemicals","NSE","IGPL","IG Petrochemicals","1,431","17.53"
"chemicals","Chemicals","NSE","DCW","DCW","1,355","28.13"
"chemicals","Chemicals","BSE","ASTEC","Astec Lifesciences","1,353","--"
"chemicals","Chemicals","NSE","PUNJABCHEM","Punjab Chem. & Corp.","1,348","20.61"
"chemicals","Chemicals","NSE","ANDHRSUGAR","Andhra Sugars","1,330","12.63"
"chemicals","Chemicals","NSE","EXCELINDUS","Excel Industries","1,314","17.36"
"chemicals","Chemicals","NSE","SHREEPUSHK","Shree Pushkar Chem","1,294","18.45"
"chemicals","Chemicals","BSE","PLATIND","Platinum Industries","1,219","24.19"
"chemicals","Chemicals","BSE","OAL","Oriental Aromatics","1,217","228.84"
"chemicals","Chemicals","BSE","SVRL","Shri Venkatesh Refin","1,189","31.12"
"chemicals","Chemicals","NSE","MANALIPETC","Manali Petrochemical","1,159","8.92"
"chemicals","Chemicals","BSE","ULTRAMAR","Ultramar & Pigments","1,155","12.53"
"chemicals","Chemicals","BSE","SREERAYALK","TGV SRACC","1,137","8.2"
"chemicals","Chemicals","BSE","KELENRG","Keltech Energies","1,129","39.55"
"chemicals","Chemicals","BSE","SUNSHIEL","Sunshield Chemicals","1,097","30.24"
"chemicals","Chemicals","BSE","AMNPLST","Amines & Plasticizer","1,095","29.99"
"chemicals","Chemicals","BSE","COMSYN","Commercial Syn Bags","1,089","36.65"
"chemicals","Chemicals","BSE","3BBLACKBIO","3B Blackbio Dx","1,070","18.26"
"chemicals","Chemicals","NSE","SACHEEROME","Sacheerome","1,029","36.19"
"chemicals","Chemicals","BSE","ESTER","Ester Inds","1,005","--"
"chemicals","Chemicals","BSE","SADHNANIQ","Sadhana Nitro Chem","1,004","--"
"chemicals","Chemicals","BSE","JYOTIRES","Jyoti Resins&Adhesiv","1,003","15.59"
"chemicals","Chemicals","NSE","SIGACHI","Sigachi Industries","1,000","--"
"chemicals","Chemicals","BSE","INDOAMIN","Indo Amines","967","12.19"
"chemicals","Chemicals","NSE","TNPETRO","TN Petro Products","961","6.75"
"chemicals","Chemicals","NSE","DVL","Dhunseri Ventures","947","4.88"
"chemicals","Chemicals","NSE","DHARMAJ","Dharmaj Crop Guard","939","15.61"
"chemicals","Chemicals","NSE","SUDARCOLOR","Sudarshan Colorants","936","19.59"
"chemicals","Chemicals","BSE","AMAL","Amal","934","31.45"
"chemicals","Chemicals","NSE","FAIRCHEMOR","Fairchem Organics","920","63.96"
"chemicals","Chemicals","BSE","VALIANTORG","Valiant Organics","915","27.54"
"chemicals","Chemicals","BSE","BHAGERIA","Bhageria Industries","903","13.09"
"chemicals","Chemicals","BSE","GEMAROMA","Gem Aromatics","891","625.2"
"chemicals","Chemicals","NSE","KOTHARIPET","Kothari Petrochem","886","12.23"
"chemicals","Chemicals","NSE","SRHHYPOLTD","Sree Rayal.Hi-Strent","872","9.47"
"chemicals","Chemicals","BSE","BODALCHEM","Bodal Chemicals","866","12.62"
"chemicals","Chemicals","BSE","VIKRAMTH","Vikram Thermo(India)","825","18.82"
"chemicals","Chemicals","NSE","GANESHBE","Ganesh Benzoplast","806","11.07"
"chemicals","Chemicals","BSE","PREMIERPOL","Premier Polyfilm","768","21.98"
"chemicals","Chemicals","BSE","ADVANCE","Advance Agrolife","759","15.52"
"chemicals","Chemicals","BSE","AGARIND","Agarwal Indl. Corpn.","757","17.38"
"chemicals","Chemicals","BSE","OCCLLTD","OCCL","750","10.02"
"chemicals","Chemicals","NSE","DMCC","DMCC Speciality Chem","746","18.67"
"chemicals","Chemicals","BSE","TUTICORALK","Tuticorin AlkaliChem","722","19.73"
"chemicals","Chemicals","NSE","CHEMCON","Chemcon Speciality","698","24.76"
"chemicals","Chemicals","NSE","HERANBA","Heranba Industries","691","--"
"chemicals","Chemicals","NSE","KANORICHEM","Kanoria Chem. & Inds","685","4.42"
"chemicals","Chemicals","BSE","BESTAGRO","Best Agrolife","675","22.8"
"chemicals","Chemicals","BSE","BEEZAASAN","Beezaasan Explotech","672","50.59"
"chemicals","Chemicals","BSE","KRONOX","Kronox Lab Sciences","645","23.31"
"chemicals","Chemicals","BSE","TRANSPEK","Transpek Industry","641","16.44"
"chemicals","Chemicals","NSE","PPL","Prakash Pipes","631","14.58"
"chemicals","Chemicals","NSE","JAYAGROGN","Jayant Agro-Organics","630","11.6"
"chemicals","Chemicals","NSE","NAHARPOLY","Nahar Poly Films","613","8.48"
"chemicals","Chemicals","BSE","TPLPLASTEH","TPL Plastech","591","19.62"
"chemicals","Chemicals","BSE","PRIMO","Primo Chemicals","588","38.23"
"chemicals","Chemicals","BSE","KANPRPLA","Kanpur Plastipack","568","12.56"
"chemicals","Chemicals","NSE","HITECHCORP","Hitech Corporation","558","36.75"
"chemicals","Chemicals","NSE","CHEMFAB","Chemfab Alkalis","529","--"
"chemicals","Chemicals","NSE","PLASTIBLEN","Plastiblends India","524","12.26"
"chemicals","Chemicals","BSE","SKM","SK Minerals & Additi","523","28.84"
"chemicals","Chemicals","BSE","SHRJAGP","Shri Jagdamba Polymr","523","14.04"
"chemicals","Chemicals","NSE","SHREERAMA","Shree RamaMulti-Tech","520","21.0"
"chemicals","Chemicals","BSE","BAIKAKAJI","Bai-Kakaji Polymers","502","19.05"
"chemicals","Chemicals","BSE","DHABRIYA","Dhabriya Polywood","497","16.5"
"chemicals","Chemicals","BSE","CROPSTER","Cropster Agro","492","32.51"
"chemicals","Chemicals","BSE","VIPULORG","Vipul Organics","475","68.72"
"chemicals","Chemicals","NSE","DICIND","DIC India","468","24.6"
"chemicals","Chemicals","BSE","IGCL","Indogulf Cropscience","456","11.83"
"chemicals","Chemicals","BSE","SHISHIND","Shish Industries","445","61.21"
"chemicals","Chemicals","BSE","MAHALIFE","Mahamaya Lifescience","437","26.47"
"chemicals","Chemicals","BSE","SHIVALIK","Shivalik Rasayan","423","34.87"
"chemicals","Chemicals","BSE","CPL","Captain Polyplast","420","14.94"
"chemicals","Chemicals","NSE","NEPTUNE","Neptune Petrochem.","408","13.44"
"chemicals","Chemicals","BSE","ASAHISONG","Asahi Songwon Colors","398","11.43"
"chemicals","Chemicals","BSE","LORDSCHLO","Lords Chloro Alkali","395","11.96"
"chemicals","Chemicals","NSE","MANORG","Mangalam Organics","389","18.73"
"chemicals","Chemicals","BSE","ANDHRAPET","Andhra Petrochemical","385","--"
"chemicals","Chemicals","BSE","TRUECOLORS","True Colors","380","12.19"
"chemicals","Chemicals","BSE","RUBFILA","Rubfila Internatl.","374","14.52"
"chemicals","Chemicals","BSE","NATPEROXID","Naperol Investments","373","34.58"
"chemicals","Chemicals","NSE","HPAL","HP Adhesives","371","53.19"
"chemicals","Chemicals","NSE","INFINIUM","Infinium Pharmachem","358","29.48"
"chemicals","Chemicals","BSE","NIKHILAD","Nikhil Adhesives","354","20.37"
"chemicals","Chemicals","BSE","NPL","National Peroxide","352","20.99"
"chemicals","Chemicals","NSE","UCL","Ushanti Colour Chem","345","--"
"chemicals","Chemicals","NSE","TIRUPATI","Shree Tirupati Balaj","344","121.06"
"chemicals","Chemicals","NSE","HIGREEN","Hi-Green Carbon","342","99.57"
"chemicals","Chemicals","NSE","GOACARBON","Goa Carbon","338","--"
"chemicals","Chemicals","BSE","ALUFLUOR","Alufluoride","336","13.57"
"chemicals","Chemicals","BSE","CCME","CCME Global","331","--"
"chemicals","Chemicals","BSE","DEVSON","Devson Catalyst","330","26.34"
"chemicals","Chemicals","NSE","DYNPRO","Dynemic Products","326","16.33"
"chemicals","Chemicals","NSE","ESFL","Essen SpecialityFilm","321","--"
"chemicals","Chemicals","BSE","FUNDVISER","Fundviser Cap. (I)","318","74.57"
"chemicals","Chemicals","BSE","SHAWGELTIN","Narmada Gelatines","300","8.61"
"chemicals","Chemicals","BSE","KAKA","Kaka Industries","299","15.93"
"chemicals","Chemicals","NSE","GRCL","Gayatri Rubbers&Chem","292","52.22"
"chemicals","Chemicals","BSE","RDBRL","RDB Rasayans","291","8.55"
"chemicals","Chemicals","BSE","CDG","Jujhar Logistics","290","65.85"
"chemicals","Chemicals","BSE","BHAVIK","Bhavik Enterprises","287","21.16"
"chemicals","Chemicals","BSE","INDGELA","India Gelatine &Chem","279","10.69"
"chemicals","Chemicals","BSE","PODDARMENT","Poddar Pigments","279","18.91"
"chemicals","Chemicals","BSE","WARDWIZFBL","Wardwizard Foods&Bev","275","210.03"
"chemicals","Chemicals","BSE","KISAN","Kisan Mouldings","271","--"
"chemicals","Chemicals","BSE","HORIZON","Horizon Reclaim (I)","256","24.34"
"chemicals","Chemicals","NSE","MAHICKRA","Mahickra Chemicals","255","49.5"
"chemicals","Chemicals","BSE","INDAG","Indag Rubber","251","24.63"
"chemicals","Chemicals","BSE","HOCL","Hind Organic Chem","251","--"
"chemicals","Chemicals","NSE","SANGINITA","Sanginita Chemicals","251","--"
"chemicals","Chemicals","BSE","MULTIBASE","Multibase India","248","21.55"
"chemicals","Chemicals","BSE","INDTONER","Indian Toners & Dev.","248","9.73"
"chemicals","Chemicals","NSE","COOLCAPS","Cool Caps Industries","246","29.45"
"chemicals","Chemicals","BSE","DIAMINESQ","Diamines & Chemicals","242","--"
"chemicals","Chemicals","NSE","SIKKO","Sikko Industries","241","47.23"
"chemicals","Chemicals","BSE","COCHINM","Cochin Minerals&Rut.","234","10.8"
"chemicals","Chemicals","NSE","VIKASLIFE","Vikas Lifecare","233","12.65"
"chemicals","Chemicals","NSE","CHEMBOND","Chembond Matl. Tech.","231","15.82"
"chemicals","Chemicals","BSE","DAICHI","Dai-Ichi Karkaria","231","--"
"chemicals","Chemicals","BSE","PATELCHEM","Patel Chem Specialit","231","18.41"
"chemicals","Chemicals","BSE","NOVAAGRI","Nova Agritech","229","17.84"
"chemicals","Chemicals","BSE","ECOPLAST","Ecoplast","224","19.87"
"chemicals","Chemicals","NSE","BALAJEE","Shree Tirup.Bal.Agro","220","19.99"
"chemicals","Chemicals","NSE","DSFCL","DCM Shriram FineChem","218","--"
"chemicals","Chemicals","BSE","AKSHARCHEM","Aksharchem (India)","218","--"
"chemicals","Chemicals","NSE","RBS","Ramdevbaba Solvent","216","18.89"
"chemicals","Chemicals","NSE","AERONEU","Aeroflex Neu","215","225.92"
"chemicals","Chemicals","BSE","MITSU","Mitsu Chem Plast","214","13.7"
"chemicals","Chemicals","NSE","POLYSIL","Polysil Irr Systems","208","74.12"
"chemicals","Chemicals","NSE","PILITA","PIL ITALICA Life.","200","63.84"
"chemicals","Chemicals","BSE","RESONANCE","Resonance Specialtie","199","13.74"
"chemicals","Chemicals","NSE","SPEB","SPEB Adhesives","198","28.79"
"chemicals","Chemicals","BSE","HPBL","HCP Plastene Bulkpac","196","8.47"
"chemicals","Chemicals","NSE","ARVEE","Arvee Laboratories","195","48.25"
"chemicals","Chemicals","BSE","AMEENJI","Ameenji Rubber","192","30.22"
"chemicals","Chemicals","NSE","TAINWALCHM","Tainwala Chem&Plast.","191","23.92"
"chemicals","Chemicals","NSE","MASTER","Master Components","190","25.53"
"chemicals","Chemicals","NSE","IVP","IVP","188","5.98"
"chemicals","Chemicals","BSE","ARCL","ARCL Organics","183","17.71"
"chemicals","Chemicals","BSE","CAPRIHANS","Caprihans India","181","--"
"chemicals","Chemicals","NSE","RPPL","Rajshree Polypack","175","8.59"
"chemicals","Chemicals","BSE","ZR2","ZR2 Bioenergy","173","172.67"
"chemicals","Chemicals","BSE","JDORGOCHEM","Jaysynth Orgochem","173","9.36"
"chemicals","Chemicals","BSE","KESARPE","Kesar Petroproducts","170","17.52"
"chemicals","Chemicals","BSE","SHIVAM","Shivam Chemicals","170","27.45"
"chemicals","Chemicals","BSE","DOLFIN","Dolfin Rubbers","167","26.88"
"chemicals","Chemicals","BSE","KVTOYS","KV Toys India","167","19.15"
"chemicals","Chemicals","NSE","EMMBI","Emmbi Industries","165","20.98"
"chemicals","Chemicals","BSE","KANCHI","Kanchi Karpooram","163","21.36"
"chemicals","Chemicals","NSE","REXPIPES","REX Pipes and Cables","160","34.38"
"chemicals","Chemicals","NSE","NEOCHEM","Neochem Bio Solution","156","20.1"
"chemicals","Chemicals","BSE","BDI","BD Industries (Pune)","155","16.27"
"chemicals","Chemicals","BSE","VIKASECO","Vikas EcoTech","154","92.39"
"chemicals","Chemicals","BSE","BI","Bilcare","153","88.98"
"chemicals","Chemicals","NSE","PRAMARA","Pramara Promotions","150","14.93"
"chemicals","Chemicals","BSE","DHAVAL","Dhaval Packaging","149","18.53"
"chemicals","Chemicals","NSE","HPIL","Hindprakash Inds.","144","41.01"
"chemicals","Chemicals","BSE","CAPPIPES","Captain Pipes","142","22.68"
"chemicals","Chemicals","BSE","POLSON","Polson","141","29.76"
"chemicals","Chemicals","BSE","HINDADH","Hindustan Adhesives","140","9.4"
"chemicals","Chemicals","BSE","BRIGHTBROS","Bright Brothers","139","24.2"
"chemicals","Chemicals","BSE","ISHANCH","Ishan Dyes and Chem.","137","--"
"chemicals","Chemicals","NSE","AERON","Aeron Composite","136","15.62"
"chemicals","Chemicals","BSE","HARSHDEEP","Harshdeep Hortico","135","10.77"
"chemicals","Chemicals","BSE","PRIMAPLA","Prima Plastics","134","6.81"
"chemicals","Chemicals","NSE","JOCIL","Jocil","132","15.96"
"chemicals","Chemicals","BSE","NATPLASTI","National PlasticTech","131","13.81"
"chemicals","Chemicals","BSE","CHEMCRUX","Chemcrux Enterprises","130","31.35"
"chemicals","Chemicals","NSE","CLSL","Crop Life Science","128","19.23"
"chemicals","Chemicals","BSE","OCCL","AG Ventures","128","25.24"
"chemicals","Chemicals","NSE","PAR","Par Drugs & Chem.","127","8.76"
"chemicals","Chemicals","BSE","ARCHITORG","Archit Organosys","127","17.06"
"chemicals","Chemicals","BSE","OKPLA","OK Play India","127","43.58"
"chemicals","Chemicals","NSE","VITAL","Vital Chemtech","126","122.44"
"chemicals","Chemicals","NSE","TEXMOPIPES","Texmo Pipes & Prod.","125","8.93"
"chemicals","Chemicals","BSE","ATHARVA","Atharva Poly-Plast","125","19.34"
"chemicals","Chemicals","BSE","MCFL","Mayank Cattle Food","122","20.19"
"chemicals","Chemicals","NSE","SRIVASAVI","Srivasavi Adhesive","122","20.3"
"chemicals","Chemicals","NSE","MEGAFLEX","Mega Flex Plastics","121","16.68"
"chemicals","Chemicals","NSE","STRIDERS","Striders Impex","119","21.14"
"chemicals","Chemicals","BSE","SHHARICH","Shree Hari Chem. Exp","113","27.34"
"chemicals","Chemicals","NSE","HINDCON","Hindcon Chemicals","113","34.9"
"chemicals","Chemicals","NSE","BIOPOL","Biopol Chemicals","110","12.2"
"chemicals","Chemicals","NSE","PURVFLEXI","Purv Flexipack","110","32.21"
"chemicals","Chemicals","NSE","AVROIND","Avro India","110","26.24"
"chemicals","Chemicals","BSE","SOMICONVEY","Somi Conveyor Beltg.","104","23.44"
"chemicals","Chemicals","BSE","ANKIN","Anka India","104","--"
"chemicals","Chemicals","NSE","AMDIND","AMD Industries","100","--"
"chemicals","Chemicals","NSE","PARAGON","Paragon Fine & Spl.","97","10.71"
"chemicals","Chemicals","BSE","GMPL","GM Polyplast","97","11.72"
"chemicals","Chemicals","NSE","AMBANIORGO","Ambani Orgochem","95","71.23"
"chemicals","Chemicals","NSE","RNPL","Renol Polychem","93","11.36"
"chemicals","Chemicals","BSE","DEEPAKCHEM","Deepak Chemtex","92","11.1"
"chemicals","Chemicals","NSE","VIGOR","Vigor Plast India","89","9.14"
"chemicals","Chemicals","BSE","DEEP","Deep Polymers","85","12.58"
"chemicals","Chemicals","BSE","APTPACK","Apt Packaging","84","24.57"
"chemicals","Chemicals","BSE","POLYCHEM","Polychem","83","5.06"
"chemicals","Chemicals","NSE","LRRPL","Lead Reclaim&Rubber","82","19.99"
"chemicals","Chemicals","NSE","JYOTIGLOBL","Jyoti Global Plast","81","11.52"
"chemicals","Chemicals","NSE","ORIENTLTD","Orient Press","80","--"
"chemicals","Chemicals","BSE","TECHNICHEM","Technichem Organics","78","28.61"
"chemicals","Chemicals","BSE","INDXTRA","IEL","77","51.32"
"chemicals","Chemicals","BSE","NARMP","Narmada MacplastDrip","77","46.24"
"chemicals","Chemicals","BSE","CLARA","Clara Industries","77","42.74"
"chemicals","Chemicals","NSE","TOKYOPLAST","Tokyo Plast Intnatl.","76","220.94"
"chemicals","Chemicals","NSE","ARISTO","Aristo Bio-Tech","74","10.36"
"chemicals","Chemicals","NSE","IEML","Indian Emulsifiers","74","4.57"
"chemicals","Chemicals","BSE","SUNLOC","Sunil Healthcare","74","18.38"
"chemicals","Chemicals","BSE","TPINDIA","TPL India","73","29.34"
"chemicals","Chemicals","BSE","DIKSHA","Diksha Polymers","73","17.67"
"chemicals","Chemicals","BSE","SUCROSA","Super Crop Safe","71","35.61"
"chemicals","Chemicals","BSE","MALPANI","Malpani Pipe&Fitting","71","7.87"
"chemicals","Chemicals","BSE","EIKO","Eiko Lifesciences","71","13.92"
"chemicals","Chemicals","NSE","ALKALI","Alkali Metals","70","65.55"
"chemicals","Chemicals","BSE","JUMBO","Jumbo Bag","70","6.02"
"chemicals","Chemicals","BSE","MYSORPETRO","Mysore PetroChemical","68","6.3"
"chemicals","Chemicals","BSE","KKALPANAIND","Kkalpana lnds. (I)","66","87.62"
"chemicals","Chemicals","NSE","AVSL","AVSL Industries","64","25.27"
"chemicals","Chemicals","BSE","DUTRON","Dutron Polymers","61","22.57"
"chemicals","Chemicals","BSE","BHASKAGR","Bhaskar Agrochem.","59","12.54"
"chemicals","Chemicals","BSE","HARDCAS","Hardcastle&Waud Mfg.","59","11.19"
"chemicals","Chemicals","BSE","SHENTRA","Shentracon Chemicals","58","--"
"chemicals","Chemicals","BSE","NEXXUS","Nexxus Petro Inds.","57","8.92"
"chemicals","Chemicals","BSE","UNIQUEO","Unique Organics","56","6.81"
"chemicals","Chemicals","BSE","MEHUL","Mehul Colours","56","10.7"
"chemicals","Chemicals","BSE","GENPHARMA","Genpharmasec","56","--"
"chemicals","Chemicals","NSE","DHANSA","Dhansa Labs","55","9.62"
"chemicals","Chemicals","BSE","VRL","Vasundhara Rasayans","55","9.53"
"chemicals","Chemicals","BSE","ROYALCUSHN","Royal Cushion Vinyl","55","--"
"chemicals","Chemicals","BSE","SHREYASI","Shreyas Intermediate","55","--"
"chemicals","Chemicals","BSE","KEMISTAR","Kemistar Corporation","54","96.31"
"chemicals","Chemicals","BSE","GVL","Greenhitech Ventures","52","39.57"
"chemicals","Chemicals","BSE","AXELPOLY","Axel Polymers","51","--"
"chemicals","Chemicals","BSE","PANKAJPO","Pankaj Polymers","51","18.05"
"chemicals","Chemicals","BSE","POLYLINK","Polylink Polymers(I)","50","34.43"
"chemicals","Chemicals","BSE","DEFRAIL","Defrail Technologies","49","12.23"
"chemicals","Chemicals","BSE","SHLOKKA","Shlokka Dyes","49","9.93"
"chemicals","Chemicals","NSE","SNEHAA","Snehaa Organics","47","5.81"
"chemicals","Chemicals","BSE","SPL","Swashthik Plascon","47","5.83"
"chemicals","Chemicals","NSE","BULKCORP","Bulkcorp Internatl.","47","12.68"
"chemicals","Chemicals","BSE","AIMCOPEST","Aimco Pesticides","47","--"
"chemicals","Chemicals","BSE","GUJCRAFT","Guj. Craft Inds","46","47.62"
"chemicals","Chemicals","BSE","VAHH","Vahh Chemicals","45","9.42"
"chemicals","Chemicals","NSE","KSHITIJPOL","Kshitij Polyline","44","11.31"
"chemicals","Chemicals","BSE","CHIRAHARIT","Chiraharit","43","206.8"
"chemicals","Chemicals","BSE","CAMEXLTD","Camex","41","10.99"
"chemicals","Chemicals","NSE","PENTAGON","Pentagon Rubber","40","21.85"
"chemicals","Chemicals","NSE","UNILEX","Unilex Colours &Chem","40","5.74"
"chemicals","Chemicals","BSE","BCCL","Bhatia Colour Chem","39","9.24"
"chemicals","Chemicals","BSE","ATVPETRO","SVC Industries","38","--"
"chemicals","Chemicals","BSE","CRSTCHM","Crestchem","38","14.16"
"chemicals","Chemicals","BSE","MMRUBBR-B","MM Rubber Company","37","170.41"
"chemicals","Chemicals","BSE","YUG","Yug Decor","37","477.2"
"chemicals","Chemicals","BSE","NATPLAS","National Plastic Ind","37","11.57"
"chemicals","Chemicals","NSE","ARCIIL","ARC Insulation & Ins","36","19.43"
"chemicals","Chemicals","NSE","PROLIFE","Prolife Industries","34","7.95"
"chemicals","Chemicals","BSE","INNOVTEC","Innovative Tech Pack","34","18.26"
"chemicals","Chemicals","BSE","MEDICAPS","Medi-Caps","33","--"
"chemicals","Chemicals","NSE","VSCL","Vadivarhe Speciality","33","--"
"chemicals","Chemicals","NSE","SEYAIND","Seya Industries","33","--"
"chemicals","Chemicals","BSE","TCMLMTD","TCM","32","--"
"chemicals","Chemicals","BSE","GUJPETR","Guj. Petrosynthese","32","12.0"
"chemicals","Chemicals","BSE","KACL","Kaiser Corporation","32","--"
"chemicals","Chemicals","BSE","REXSEAL","Rex Sealing & Pack.","31","17.2"
"chemicals","Chemicals","NSE","AUROIMPEX","Auro Impex & Chem.","31","7.39"
"chemicals","Chemicals","BSE","DUROPACK","Duropack","31","16.82"
"chemicals","Chemicals","BSE","DYNAMIND","Dynamic Industries","31","17.18"
"chemicals","Chemicals","BSE","HARLETH","Haryana Leather Chem","30","25.14"
"chemicals","Chemicals","BSE","RISHIPACK","Rishi Techtex","30","10.86"
"chemicals","Chemicals","NSE","MCON","MCON Rasayan India","29","9.64"
"chemicals","Chemicals","NSE","MPEL","Manas Polymers&Energ","29","3.36"
"chemicals","Chemicals","BSE","PAOS","PAOS Industries","28","--"
"chemicals","Chemicals","BSE","POLYSPIN","Polyspin Exports","28","5.09"
"chemicals","Chemicals","BSE","DAIKAFFI","Daikaffil Chemicals","27","--"
"chemicals","Chemicals","NSE","PEARLPOLY","Pearl Polymers","27","--"
"chemicals","Chemicals","BSE","AMCOIND","Amco India","27","19.05"
"chemicals","Chemicals","NSE","ARUNAYA","Arunaya Organics","27","7.24"
"chemicals","Chemicals","BSE","MACIND","Machhar Industries","25","32.76"
"chemicals","Chemicals","BSE","VIKRAMAR","Vikram Aroma","25","46.82"
"chemicals","Chemicals","BSE","CHEMIESYNT","Chemiesynth (Vapi)","24","--"
"chemicals","Chemicals","BSE","SONALAD","Sonal Adhesives","24","17.55"
"chemicals","Chemicals","BSE","COCHMAL","Cochin Malabar Est.","23","--"
"chemicals","Chemicals","BSE","SDL","Span Divergent","23","--"
"chemicals","Chemicals","BSE","ASINPET","Asian Petroproducts","23","18.66"
"chemicals","Chemicals","BSE","GUJRAFFIA","Gujarat Raffia Inds.","23","21.59"
"chemicals","Chemicals","BSE","VINYOFL","Vinyoflex","23","6.63"
"chemicals","Chemicals","BSE","CAPRO","Caprolactam Chem.","22","12.48"
"chemicals","Chemicals","BSE","TULASEEBIOE","Tulasee Bio-Ethanol","21","--"
"chemicals","Chemicals","BSE","PNTKYOR","Pentokey Organy (I)","21","101.44"
"chemicals","Chemicals","BSE","VENLONPOLY","Venlon Enterprises","20","--"
"chemicals","Chemicals","BSE","VIKASWSP","Vikas WSP","20","--"
"chemicals","Chemicals","BSE","COMMAND","Command Polymers","20","39.78"
"chemicals","Chemicals","NSE","YCCL","Yasons Chemex Care","19","19.86"
"chemicals","Chemicals","BSE","VAMSHIRU","Vamshi Rubber","18","26.37"
"chemicals","Chemicals","BSE","AIKPIPES","Aik Pipes & Polymers","18","207.88"
"chemicals","Chemicals","BSE","VIVIDIND","Vivid Global Inds.","17","22.51"
"chemicals","Chemicals","BSE","JAYCH","Jayshree Chemicals","17","70.14"
"chemicals","Chemicals","BSE","EASTRED","Eastern Treads","16","184.31"
"chemicals","Chemicals","BSE","TIJARIA","Tijaria Polypipes","16","--"
"chemicals","Chemicals","NSE","TECILCHEM","TECIL Chem & Hydro","16","--"
"chemicals","Chemicals","BSE","EPBIO","EP Biocomposites","16","10.89"
"chemicals","Chemicals","BSE","PRESSURS","Press. Sensitive Sys","16","--"
"chemicals","Chemicals","BSE","ORGCOAT","Organic Coatings","16","--"
"chemicals","Chemicals","BSE","ADVPETR-B","Advance Petrochem.","15","7.17"
"chemicals","Chemicals","NSE","SMVD","SMVD Poly Pack","15","1.34"
"chemicals","Chemicals","BSE","LKMEHTA","LK Mehta Polymers","15","23.46"
"chemicals","Chemicals","NSE","AHIMSA","Ahimsa Industries","15","--"
"chemicals","Chemicals","BSE","TECHNOPACK","Technopack Polymers","15","12.51"
"chemicals","Chemicals","BSE","RAJPACK","Raj Packaging Inds.","14","39.27"
"chemicals","Chemicals","BSE","ZINEMA","Zinema Media & Ent.","13","33.44"
"chemicals","Chemicals","BSE","VIKASPROP","Vikas Proppant&Gran.","13","--"
"chemicals","Chemicals","BSE","KUNSTOFF","Kunststoffe Inds.","13","7.88"
"chemicals","Chemicals","BSE","PIONAGR","Pioneer Agro Extract","12","--"
"chemicals","Chemicals","BSE","PROGREXV","Progrex Ventures","12","--"
"chemicals","Chemicals","BSE","CITICHEM","Citichem India","12","11.55"
"chemicals","Chemicals","NSE","PARAMPARA","Parampara Dairy Del.","12","7.24"
"chemicals","Chemicals","BSE","KISAAN","Kisaan Parivar Inds.","11","13.8"
"chemicals","Chemicals","BSE","JAUSPOL","Jauss Polymers","11","--"
"chemicals","Chemicals","BSE","KUWERIN","Kuwer Industries","11","5.37"
"chemicals","Chemicals","BSE","ZKHANDEN","Khandelwal Extractn","10","46.78"
"chemicals","Chemicals","BSE","SRECR","Sreechem Resins","10","--"
"chemicals","Chemicals","BSE","CJGEL","CJ Gelatine Products","10","48.64"
"chemicals","Chemicals","BSE","LIMECHM","Lime Chemicals","10","--"
"chemicals","Chemicals","BSE","QRIL","Quality RO Inds.","10","--"
"chemicals","Chemicals","BSE","POLYCON","Polycon Internatl.","10","--"
"chemicals","Chemicals","BSE","ASHISHPO","Ashish Polyplast","10","74.95"
"chemicals","Chemicals","BSE","PHYTO","Phyto Chem (India)","9","--"
"chemicals","Chemicals","BSE","SHRAJOI","Shree RajivlochanOil","9","135.43"
"chemicals","Chemicals","NSE","RITEZONE","Rite Zone Chemcon","8","23.76"
"chemicals","Chemicals","BSE","MILTONPLAS","MPL Plastics","8","--"
"chemicals","Chemicals","BSE","TIRTPLS","Tirth Plastic","8","21.54"
"chemicals","Chemicals","BSE","AADIIND","Aadi Industries","8","--"
"chemicals","Chemicals","NSE","BALCO","Solve Plastic Prod.","8","17.95"
"chemicals","Chemicals","BSE","ARCEEIN","Arcee Industries","8","--"
"chemicals","Chemicals","NSE","SRPL","Shree Ram Proteins","7","--"
"chemicals","Chemicals","NSE","SHANTI","Shanti Overseas (I)","7","--"
"chemicals","Chemicals","BSE","VINAYAKPOL","Vinayak Polycon Int.","7","161.4"
"chemicals","Chemicals","BSE","UNQTYMI","Union Qlty Plastics","7","--"
"chemicals","Chemicals","BSE","STANPACK","Stanpacks (India)","7","--"
"chemicals","Chemicals","BSE","PADALPO","Padmanabh Alloy&Poly","7","46.14"
"chemicals","Chemicals","BSE","VELLORA","Vellora Impact","7","0.46"
"chemicals","Chemicals","BSE","PROMACT","Promact Plastics","6","0.39"
"chemicals","Chemicals","BSE","KARNAWATI","Karnawati Innovation","6","1.7"
"chemicals","Chemicals","BSE","NOBPOL","Noble Polymers","6","--"
"chemicals","Chemicals","BSE","DECPO","Deccan Polypacks","6","--"
"chemicals","Chemicals","NSE","KRIPIND%C2%A0","Kriptol Industries","6","--"
"chemicals","Chemicals","BSE","ASHOKRE","Ashoka Refineries","5","--"
"chemicals","Chemicals","BSE","SAICOM","Saianand Commercial","5","--"
"chemicals","Chemicals","NSE","JALPAC","Jalpac India","5","--"
"chemicals","Chemicals","BSE","PITHP","Pithampur Poly Prod","5","--"
"chemicals","Chemicals","BSE","INTETHR","Integr.Thermoplastic","5","1.08"
"chemicals","Chemicals","BSE","REVAMEDIA","Revati Media","4","--"
"chemicals","Chemicals","BSE","POLYMAC","Polymac Thermoformer","4","349.26"
"chemicals","Chemicals","BSE","STURDY","Sturdy Industries","4","--"
"chemicals","Chemicals","BSE","KRISNAFILA","Krishna Filament Ind","4","98.44"
"chemicals","Chemicals","BSE","IGLFXPL-B","Indo Gulf Industries","3","--"
"chemicals","Chemicals","BSE","INNOCORP","Innocorp","3","--"
"chemicals","Chemicals","NSE","BIOPAC","Biopac India Corpn.","3","--"
"chemicals","Chemicals","BSE","SIGNGCL","Signature Green Corp","2","9.02"
"chemicals","Chemicals","NSE","SARCHEM%C2%A0","Sarang Chem.","2","--"
"chemicals","Chemicals","NSE","OMKARCHEM","Omkar SpecialityChem","0","--"
"chemicals","Chemicals","BSE","GARODCH","Garodia Chemicals","0","0.08"
"consumer-durables","Consumer durables","NSE","LGEINDIA","LG Electronics India","1,07,066","63.54"
"consumer-durables","Consumer durables","NSE","CPPLUS","Aditya Infotech","46,132","125.37"
"consumer-durables","Consumer durables","NSE","VOLTAS","Voltas","42,535","113.16"
"consumer-durables","Consumer durables","NSE","BLUESTARCO","Blue Star","30,616","60.12"
"consumer-durables","Consumer durables","NSE","CROMPTON","Crompt.Greaves Cons.","15,937","--"
"consumer-durables","Consumer durables","NSE","VGUARD","V-Guard Inds.","14,486","39.72"
"consumer-durables","Consumer durables","NSE","WHIRLPOOL","Whirlpool Of India","10,021","39.94"
"consumer-durables","Consumer durables","BSE","EUREKAFORB","Eureka Forbes","8,872","49.04"
"consumer-durables","Consumer durables","NSE","TTKPRESTIG","TTK Prestige","8,023","41.51"
"consumer-durables","Consumer durables","NSE","SFL","Sheela Foam","7,556","35.23"
"consumer-durables","Consumer durables","NSE","IFBIND","IFB Industries","5,500","34.28"
"consumer-durables","Consumer durables","NSE","BOSCH-HCIL","Bosch Home Comfort","4,649","995.47"
"consumer-durables","Consumer durables","BSE","HAWKINCOOK","Hawkins Cookers","4,331","31.94"
"consumer-durables","Consumer durables","BSE","SYMPHONY","Symphony","4,329","--"
"consumer-durables","Consumer durables","NSE","BAJAJELEC","Bajaj Electricals","4,193","--"
"consumer-durables","Consumer durables","NSE","WAKEFIT","Wakefit Innovations","4,072","21.53"
"consumer-durables","Consumer durables","NSE","ORIENTELEC","Orient Electric","4,049","36.87"
"consumer-durables","Consumer durables","NSE","BOROLTD","Borosil","2,901","38.86"
"consumer-durables","Consumer durables","NSE","STOVEKRAFT","Stove Kraft","2,645","54.41"
"consumer-durables","Consumer durables","NSE","WEL","Wonder Electricals","1,798","149.39"
"consumer-durables","Consumer durables","NSE","HINDWAREAP","Hindware Home Innov.","1,719","--"
"consumer-durables","Consumer durables","NSE","ONIDA","Onida Electronics","1,372","--"
"consumer-durables","Consumer durables","BSE","BUTTERFLY","ButterflyGandhimathi","1,207","25.09"
"consumer-durables","Consumer durables","BSE","SINGERIND","Singer India","569","44.55"
"consumer-durables","Consumer durables","NSE","ARHAM","Arham Technologies","421","34.51"
"consumer-durables","Consumer durables","BSE","KALYANISHP","Sharp India","312","--"
"consumer-durables","Consumer durables","NSE","EPWINDIA","EPW India","264","25.6"
"consumer-durables","Consumer durables","NSE","SONAMLTD","Sonam","219","29.91"
"consumer-durables","Consumer durables","NSE","GREENCHEF","Greenchef Appliances","114","--"
"consumer-durables","Consumer durables","NSE","KHAITANLTD","Khaitan (India)","66","9.56"
"consumer-durables","Consumer durables","BSE","SSTL","Safa Systems & Tech.","50","10.54"
"consumer-durables","Consumer durables","BSE","SRIGEE","Srigee DLM","45","6.61"
"consumer-durables","Consumer durables","BSE","COMRADE","Comrade Appliances","33","--"
"consumer-durables","Consumer durables","BSE","RDEL","Riddhi Display Eqp.","32","7.47"
"consumer-durables","Consumer durables","BSE","GORANIN","Gorani Industries","27","42.34"
"consumer-durables","Consumer durables","BSE","SALORAINTL","Salora International","25","--"
"consumer-durables","Consumer durables","BSE","THAKRAL","Thakral Services (I)","15","--"
"consumer-durables","Consumer durables","BSE","CATVISION","Catvision","11","72.53"
"dairy-products","Dairy products","BSE","HATSUN","Hatsun Agro Product","23,628","84.75"
"dairy-products","Dairy products","NSE","DODLA","Dodla Dairy","7,327","28.17"
"dairy-products","Dairy products","NSE","HERITGFOOD","Heritage Foods","4,371","25.28"
"dairy-products","Dairy products","NSE","PARAGMILK","Parag Milk Foods","4,309","33.19"
"dairy-products","Dairy products","BSE","VADILALIND","Vadilal Industries","3,850","28.66"
"dairy-products","Dairy products","BSE","SCPL","Sheetal Cool Prod","236","17.14"
"dairy-products","Dairy products","BSE","MLKFOOD","Milkfood","168","--"
"dairy-products","Dairy products","BSE","KMGMILK","KMG Milk Food","25","--"
"defence","Defence","NSE","HAL","Hindustan Aeronaut.","3,31,712","35.59"
"defence","Defence","NSE","BEL","Bharat Electronics","2,95,315","48.05"
"defence","Defence","NSE","MAZDOCK","Mazagon Dock Ship.","1,02,459","35.85"
"defence","Defence","NSE","BDL","Bharat Dynamics","48,423","115.2"
"defence","Defence","NSE","COCHINSHIP","Cochin Shipyard","39,716","55.41"
"defence","Defence","NSE","GRSE","Garden Reach Ship","29,505","36.85"
"defence","Defence","NSE","DATAPATTNS","Data Patterns (I)","25,123","93.77"
"defence","Defence","NSE","MTARTECH","MTAR Technologies","21,918","164.25"
"defence","Defence","BSE","ZENTEC","Zen Technologies","16,462","91.38"
"defence","Defence","NSE","BEML","BEML","15,821","88.65"
"defence","Defence","NSE","ASTRAMICRO","Astra Microwave Prod","15,792","83.54"
"defence","Defence","NSE","APOLLO","Apollo Micro Systems","14,113","116.33"
"defence","Defence","BSE","PARAS","Paras Defence &Space","10,328","109.35"
"defence","Defence","NSE","MIDHANI","Mishra Dhatu Nigam","7,645","56.65"
"defence","Defence","NSE","DYNAMATECH","Dynamatic Tech.","7,247","170.81"
"defence","Defence","NSE","AXISCADES","Axiscades Tech.","6,570","91.35"
"defence","Defence","BSE","AVANTEL","Avantel","4,210","245.06"
"defence","Defence","NSE","ROSSTECH","Rossell Techsys","4,108","159.64"
"defence","Defence","BSE","NIBE","NIBE","2,260","401.22"
"defence","Defence","BSE","CFF","CFF Fluid Control","2,089","53.3"
"defence","Defence","NSE","KRISHNADEF","Krishna Defence","1,747","42.29"
"defence","Defence","NSE","C2C","C2C Advanced Systems","438","23.92"
"defence","Defence","BSE","ROSSELLIND","Rossell India","214","18.33"
"diversified","Diversified","NSE","GRASIM","Grasim Industries","2,24,864","39.49"
"diversified","Diversified","NSE","3MINDIA","3M India","40,417","77.38"
"diversified","Diversified","NSE","DCMSHRIRAM","DCM Shriram","15,483","10.81"
"diversified","Diversified","NSE","ABREL","Aditya Birla Real","15,367","--"
"diversified","Diversified","NSE","BIRLACORPN","Birla Corporation","6,966","12.58"
"diversified","Diversified","NSE","SURYAROSNI","Surya Roshni","4,891","15.69"
"diversified","Diversified","NSE","BALMLAWRIE","Balmer Lawrie & Co","2,981","10.68"
"diversified","Diversified","NSE","GILLANDERS","Gillanders Arbuthnot","192","10.98"
"diversified","Diversified","NSE","ASPINWALL","Aspinwall & Co","185","11.78"
"diversified","Diversified","BSE","VISVEN","Vishvprabha Ventures","13","--"
"diversified","Diversified","NSE","NIRAJISPAT","Niraj Ispat Inds.","13","7.79"
"diversified","Diversified","NSE","BILVYAPAR","BIL Vyapa","13","--"
"diversified","Diversified","BSE","BNRUDY","BNR Udyog","12","--"
"diversified","Diversified","BSE","FTL","Finelistings Tech.","5","--"
"education-training","Education & training","NSE","PWL","Physicswallah","35,971","--"
"education-training","Education & training","BSE","SEIL","Shanti Educational","3,300","567.74"
"education-training","Education & training","BSE","CRIZAC","Crizac","3,189","14.47"
"education-training","Education & training","BSE","MOBAVENUE","Mobavenue Ai Tech","2,475","70.7"
"education-training","Education & training","NSE","VERANDA","Veranda Learning Sln","2,422","22.95"
"education-training","Education & training","BSE","JARO","Jaro Inst. of Tech.","986","17.44"
"education-training","Education & training","NSE","GLOBAL","Global Education","524","20.1"
"education-training","Education & training","NSE","CPEDU","Career Point Edutech","388","16.89"
"education-training","Education & training","NSE","CLEDUCATE","CL Educate","326","--"
"education-training","Education & training","NSE","ARIHANTACA","Arihant Academy","291","31.99"
"education-training","Education & training","NSE","ZEELEARN","Zee Learn","261","5.78"
"education-training","Education & training","NSE","CPCAP","CP Capital","239","5.62"
"education-training","Education & training","NSE","FWSTC","Flywings Simulator","198","17.04"
"education-training","Education & training","BSE","GOLDENCREST","Golden Crest Educat.","164","676.54"
"education-training","Education & training","BSE","KLASSROOM","Fusion Klassroom Edu","153","20.18"
"education-training","Education & training","BSE","VJTFEDU","VJTF Eduservices","119","--"
"education-training","Education & training","NSE","MOXSH","Moxsh Overseas","101","43.73"
"education-training","Education & training","BSE","SAFE","Sodhani Academy Fin.","90","26.03"
"education-training","Education & training","BSE","ASCENSIVE","Ascensive Educare","85","24.85"
"education-training","Education & training","BSE","IRONWOOD","Ironwood Education","85","21.77"
"education-training","Education & training","NSE","ADDICTIVE","Addictive Learn Tech","64","--"
"education-training","Education & training","BSE","VKAL","Vantage Knowledge","31","254.71"
"education-training","Education & training","NSE","TREEHOUSE","Tree House Education","26","--"
"education-training","Education & training","BSE","VIRTUALG","Virtual Global Educ.","24","--"
"education-training","Education & training","NSE","MTEDUCARE","MT Educare","14","--"
"education-training","Education & training","BSE","WOSAL","Western Overseas","10","3.78"
"education-training","Education & training","NSE","DHTL","Docmode Health Tech","10","--"
"education-training","Education & training","BSE","HBEL","Humming Bird Edu.","10","18.49"
"education-training","Education & training","BSE","KGES","Kuberan Global Edu","7","--"
"energy","Energy","NSE","RELIANCE","Reliance Industries","17,95,903","24.03"
"energy","Energy","NSE","ADANIPOWER","Adani Power","3,97,554","27.89"
"energy","Energy","NSE","NTPC","NTPC","3,28,038","11.82"
"energy","Energy","NSE","ONGC","ONGC","3,00,920","6.91"
"energy","Energy","NSE","COALINDIA","Coal India","2,52,148","8.08"
"energy","Energy","NSE","POWERGRID","Power Grid Corpn.","2,50,512","15.76"
"energy","Energy","NSE","ADANIGREEN","Adani Green Energy","2,19,733","123.17"
"energy","Energy","NSE","IOC","Indian Oil Corpn.","1,98,686","5.9"
"energy","Energy","NSE","ADANIENSOL","Adani Energy Solut.","1,95,917","67.12"
"energy","Energy","NSE","BPCL","Bharat PetroleumCorp","1,36,663","7.98"
"energy","Energy","NSE","TATAPOWER","Tata Power","1,20,784","31.26"
"energy","Energy","NSE","GAIL","GAIL (India)","1,14,177","11.56"
"energy","Energy","NSE","JSWENERGY","JSW Energy","1,01,914","51.81"
"energy","Energy","NSE","HINDPETRO","HPCL","83,060","49.7"
"energy","Energy","BSE","NTPCGREEN","NTPC Green Energy","77,809","128.19"
"energy","Energy","NSE","NHPC","NHPC","77,196","20.33"
"energy","Energy","NSE","OIL","Oil India","76,857","9.2"
"energy","Energy","NSE","ATGL","Adani Total Gas","72,670","114.95"
"energy","Energy","NSE","TORNTPOWER","Torrent Power","66,467","28.6"
"energy","Energy","NSE","PETRONET","Petronet LNG","41,948","10.72"
"energy","Energy","NSE","NLCINDIA","NLC India","38,382","11.96"
"energy","Energy","NSE","GUJENERGY","Gujarat Energy","35,996","18.97"
"energy","Energy","NSE","MRPL","MRPL","30,723","9.78"
"energy","Energy","NSE","SJVN","SJVN","26,377","41.26"
"energy","Energy","BSE","ACMESOLAR","Acme Solar Holdings","26,303","43.59"
"energy","Energy","NSE","IGL","Indraprastha Gas","21,623","13.95"
"energy","Energy","NSE","CESC","CESC","21,534","13.96"
"energy","Energy","NSE","CHENNPETRO","Chennai Petrol. Corp","20,542","4.92"
"energy","Energy","NSE","NAVA","Nava","16,685","21.21"
"energy","Energy","NSE","CLEANMAX","Clean Max Env. Energ","14,913","158.43"
"energy","Energy","NSE","JNPR","Juniper Green Energy","14,396","355.76"
"energy","Energy","NSE","VEDPOWER","Vedanta Power","14,367","--"
"energy","Energy","NSE","JPPOWER","JP Power Ventures","12,151","18.95"
"energy","Energy","NSE","MGL","Mahanagar Gas","11,052","15.45"
"energy","Energy","NSE","RPOWER","Reliance Power","9,669","--"
"energy","Energy","BSE","WAAREERTL","Waaree Renewables","9,340","18.38"
"energy","Energy","NSE","GMRP&UI","GMR Power and Urban","7,553","12.58"
"energy","Energy","NSE","PTC","PTC India","4,897","9.63"
"energy","Energy","NSE","ELLEN","Ellenbarrie Indl.Gas","4,559","37.78"
"energy","Energy","NSE","RTNPOWER","RattanIndia Power","4,538","40.73"
"energy","Energy","NSE","DEEPINDS","Deep Industries","4,455","21.58"
"energy","Energy","BSE","REFEX","Refex Industries","4,022","16.35"
"energy","Energy","BSE","RELTD","Ravindra Energy","3,319","41.06"
"energy","Energy","NSE","RELINFRA","Reliance Infrast.","2,844","0.98"
"energy","Energy","NSE","ANTELOPUS","Antelopus Selan","2,818","21.24"
"energy","Energy","NSE","GIPCL","Guj. Inds. Power Co","2,702","5.37"
"energy","Energy","NSE","CONFIPET","Confidence Petroleum","2,455","18.24"
"energy","Energy","NSE","HINDOILEXP","Hind Oil Exploration","2,146","34.21"
"energy","Energy","NSE","BFUTILITIE","BF Utilities","2,108","13.32"
"energy","Energy","NSE","DOLPHIN","Dolphin Offshore Ent","1,988","27.61"
"energy","Energy","NSE","ASIANENE","Asian Energy Service","1,973","38.56"
"energy","Energy","BSE","GNRL","Guj.Natural Resource","1,753","177.24"
"energy","Energy","NSE","JINDRILL","Jindal Drilling&Inds","1,727","9.01"
"energy","Energy","NSE","IRMENERGY","IRM Energy","1,213","16.6"
"energy","Energy","NSE","GREENPOWER","Orient Green Power","1,142","17.88"
"energy","Energy","NSE","PCCL","Petro Carbon & Chem.","763","29.7"
"energy","Energy","NSE","DPSCLTD","India Power Corpn.","715","55.78"
"energy","Energy","BSE","URJA","Urja Global","532","485.9"
"energy","Energy","BSE","RAJSEC","Rajasthan Securities","412","5.08"
"energy","Energy","NSE","GVKPIL","GVK Power & Infra","373","--"
"energy","Energy","NSE","SURANAT&P","Surana Tele & Power","225","6.85"
"energy","Energy","NSE","INDOWIND","Indowind Energy","146","--"
"energy","Energy","NSE","SAMPANN","Sampann UtpadanIndia","134","19.19"
"energy","Energy","BSE","GLOBUSCON","Globus Power Generat","126","--"
"energy","Energy","NSE","ABAN","Aban Offshore","111","--"
"energy","Energy","NSE","SMARTEN","Smarten Power System","97","11.01"
"energy","Energy","NSE","AAKASH","Aakash Exploration","91","25.96"
"energy","Energy","NSE","ENERGYDEV","Energy Development","79","--"
"energy","Energy","BSE","CFEL","Confidence Futurist.","79","11.04"
"energy","Energy","BSE","CONTPTR","Continental Petrol.","72","21.43"
"energy","Energy","NSE","SEL","Sungarner Energies","65","16.97"
"energy","Energy","BSE","WAA","WAA Solar","60","92.46"
"energy","Energy","BSE","RUDRAGAS","Rudra Gas Enterprise","57","6.61"
"energy","Energy","BSE","HILLTONE","Hilltone Software","54","400.02"
"energy","Energy","NSE","KARMAENG","Karma Energy","46","43.6"
"energy","Energy","BSE","DUKEOFS","Duke Offshore","44","--"
"energy","Energy","BSE","SRIKPRIND","Sri KPR Industries","43","6.48"
"energy","Energy","BSE","AMALGAM","Amalgaated Elecy. Co","40","--"
"energy","Energy","BSE","KABSON","Kabsons Industries","37","46.82"
"energy","Energy","BSE","GITARENEW","Gita RenewableEnergy","30","--"
"energy","Energy","BSE","NOL","National Oxygen","30","16.12"
"energy","Energy","NSE","KKVAPOW","KKV Agro Powers","28","8.58"
"energy","Energy","BSE","VEERENRGY","Veer Energy & Infra","19","97.3"
"energy","Energy","BSE","BAGWATIGAS","Bhagawati Gas","18","18.27"
"energy","Energy","NSE","EASTERNGAS","Eastern Gases","14","4.18"
"energy","Energy","BSE","RCCL","Rajasthan Cyl.&Cont.","10","--"
"energy","Energy","BSE","BHAGWOX","Bhagawati Oxygen","9","2.68"
"energy","Energy","BSE","GAGAN","Gagan Gases","9","36.2"
"energy","Energy","NSE","ALANGIND%C2%A0","Alang Inds Gas","4","--"
"energy","Energy","BSE","FFPL","Foundry Fuel Prod","4","--"
"energy","Energy","NSE","ENNORE","Ennore Coke","3","--"
"energy","Energy","NSE","SEITINVIT","SEITINVIT","0","--"
"energy","Energy","BSE","ZSOUTGAS","The Southern Gas","0","0.03"
"engineering-capital-goods","Engineering & capital goods","NSE","LT","Larsen & Toubro","5,49,246","33.11"
"engineering-capital-goods","Engineering & capital goods","NSE","ABB","ABB India","1,63,169","54.61"
"engineering-capital-goods","Engineering & capital goods","NSE","POWERINDIA","Hitachi Energy India","1,59,034","138.24"
"engineering-capital-goods","Engineering & capital goods","NSE","CUMMINSIND","Cummins India","1,48,384","62.68"
"engineering-capital-goods","Engineering & capital goods","NSE","BHEL","Bharat Heavy Elect.","1,46,247","60.12"
"engineering-capital-goods","Engineering & capital goods","NSE","SIEMENS","Siemens","1,43,125","43.7"
"engineering-capital-goods","Engineering & capital goods","NSE","POLYCAB","Polycab India","1,39,376","48.66"
"engineering-capital-goods","Engineering & capital goods","NSE","CGPOWER","CG Power & Ind.Sol.","1,39,356","111.48"
"engineering-capital-goods","Engineering & capital goods","BSE","ENRIN","Siemens Energy India","1,26,879","85.27"
"engineering-capital-goods","Engineering & capital goods","NSE","GVT&D","GE Vernova T&D India","1,12,148","85.93"
"engineering-capital-goods","Engineering & capital goods","NSE","BHARATFORG","Bharat Forge","99,311","140.62"
"engineering-capital-goods","Engineering & capital goods","NSE","DIXON","Dixon Tech. (India)","84,132","44.82"
"engineering-capital-goods","Engineering & capital goods","NSE","HAVELLS","Havells India","79,104","48.43"
"engineering-capital-goods","Engineering & capital goods","NSE","WAAREEENER","Waaree Energies","76,659","20.09"
"engineering-capital-goods","Engineering & capital goods","NSE","APARINDS","Apar Industries","72,391","61.27"
"engineering-capital-goods","Engineering & capital goods","NSE","SUZLON","Suzlon Energy","65,003","20.67"
"engineering-capital-goods","Engineering & capital goods","BSE","SCHAEFFLER","Schaeffler India","64,529","51.48"
"engineering-capital-goods","Engineering & capital goods","NSE","KEI","KEI Industries","54,664","54.84"
"engineering-capital-goods","Engineering & capital goods","NSE","TIINDIA","Tube Investments","54,587","85.72"
"engineering-capital-goods","Engineering & capital goods","NSE","THERMAX","Thermax","48,683","82.05"
"engineering-capital-goods","Engineering & capital goods","NSE","RVNL","Rail Vikas Nigam","47,955","53.31"
"engineering-capital-goods","Engineering & capital goods","BSE","PREMIERENE","Premier Energies","47,656","28.62"
"engineering-capital-goods","Engineering & capital goods","NSE","SUPREMEIND","Supreme Industries","43,735","42.36"
"engineering-capital-goods","Engineering & capital goods","NSE","AIAENG","AIA Engineering","42,213","33.34"
"engineering-capital-goods","Engineering & capital goods","NSE","INDOMIM","INDO-MIM","40,706","76.29"
"engineering-capital-goods","Engineering & capital goods","NSE","ASTRAL","Astral","39,195","68.11"
"engineering-capital-goods","Engineering & capital goods","NSE","SCHNEIDER","SchneiderElect.Infra","34,289","161.31"
"engineering-capital-goods","Engineering & capital goods","NSE","STLTECH","Sterlite Tech.","33,402","137.46"
"engineering-capital-goods","Engineering & capital goods","NSE","HONAUT","Honeywell Automation","33,251","60.34"
"engineering-capital-goods","Engineering & capital goods","NSE","RRKABEL","RR Kabel Ltd.","31,535","51.9"
"engineering-capital-goods","Engineering & capital goods","NSE","KIRLOSENG","Kirloskar Oil Engine","29,890","54.73"
"engineering-capital-goods","Engineering & capital goods","NSE","SYRMA","Syrma SGS Technology","28,388","77.12"
"engineering-capital-goods","Engineering & capital goods","BSE","PTCIL","PTC Industries","28,263","278.29"
"engineering-capital-goods","Engineering & capital goods","NSE","KAYNES","Kaynes Technology","25,641","74.17"
"engineering-capital-goods","Engineering & capital goods","NSE","AMBER","Amber Enterprises","24,761","139.39"
"engineering-capital-goods","Engineering & capital goods","NSE","TIMKEN","Timken India","24,355","58.7"
"engineering-capital-goods","Engineering & capital goods","NSE","KPIL","Kalpataru Projects","23,824","20.96"
"engineering-capital-goods","Engineering & capital goods","NSE","IRB","IRB Infra.&Developer","23,347","24.47"
"engineering-capital-goods","Engineering & capital goods","NSE","GRINDWELL","Grindwell Norton","23,340","53.49"
"engineering-capital-goods","Engineering & capital goods","NSE","TDPOWERSYS","TD Power Systems","23,093","83.98"
"engineering-capital-goods","Engineering & capital goods","BSE","DIACABS","Diamond Power Infra","22,021","139.22"
"engineering-capital-goods","Engineering & capital goods","NSE","CARBORUNIV","Carborundum Univers.","21,981","105.05"
"engineering-capital-goods","Engineering & capital goods","NSE","EMMVEE","Emmvee Photovoltaic","21,961","17.24"
"engineering-capital-goods","Engineering & capital goods","NSE","CEMPRO","Cemindia Projects","21,669","36.02"
"engineering-capital-goods","Engineering & capital goods","NSE","SHRIPISTON","SPR Auto Tech.","19,686","34.93"
"engineering-capital-goods","Engineering & capital goods","NSE","FINCABLES","Finolex Cables","19,559","24.45"
"engineering-capital-goods","Engineering & capital goods","NSE","HAPPYFORGE","Happy Forgings","19,102","58.35"
"engineering-capital-goods","Engineering & capital goods","NSE","TRITURBINE","Triveni Turbine","18,651","55.46"
"engineering-capital-goods","Engineering & capital goods","NSE","CASTROLIND","Castrol India","18,620","17.53"
"engineering-capital-goods","Engineering & capital goods","NSE","JYOTICNC","Jyoti CNC Automation","18,618","57.87"
"engineering-capital-goods","Engineering & capital goods","NSE","ELGIEQUIP","Elgi Equipments","18,241","42.4"
"engineering-capital-goods","Engineering & capital goods","NSE","CMPDI","Central Mine Plan.","17,564","28.64"
"engineering-capital-goods","Engineering & capital goods","NSE","INOXINDIA","Inox India","17,353","68.09"
"engineering-capital-goods","Engineering & capital goods","NSE","PGEL","PG Electroplast","17,205","83.6"
"engineering-capital-goods","Engineering & capital goods","BSE","AZAD","Azad Engineering","16,004","115.16"
"engineering-capital-goods","Engineering & capital goods","NSE","AEQUS","Aequs","15,871","--"
"engineering-capital-goods","Engineering & capital goods","NSE","CIEINDIA","CIE Automotive India","15,615","17.29"
"engineering-capital-goods","Engineering & capital goods","NSE","KIRLOSBROS","Kirloskar Brothers","15,185","40.67"
"engineering-capital-goods","Engineering & capital goods","NSE","GRAPHITE","Graphite India","14,179","66.57"
"engineering-capital-goods","Engineering & capital goods","NSE","KSB","KSB","13,693","55.77"
"engineering-capital-goods","Engineering & capital goods","BSE","LLOYDSENGG","Lloyds Engg. Works","13,639","60.98"
"engineering-capital-goods","Engineering & capital goods","NSE","INGERRAND","Ingersoll-Rand India","13,566","52.99"
"engineering-capital-goods","Engineering & capital goods","NSE","RKFORGE","Ramkrishna Forgings","13,530","126.58"
"engineering-capital-goods","Engineering & capital goods","NSE","ENGINERSIN","Engineers India","13,441","19.44"
"engineering-capital-goods","Engineering & capital goods","NSE","SKFINDUS","SKF India (Indl.)","13,341","61.29"
"engineering-capital-goods","Engineering & capital goods","NSE","AVALON","Avalon Technologies","13,125","98.24"
"engineering-capital-goods","Engineering & capital goods","NSE","ACE","Action Const. Equip","13,050","29.87"
"engineering-capital-goods","Engineering & capital goods","NSE","HEG","HEG","13,006","36.24"
"engineering-capital-goods","Engineering & capital goods","NSE","E2E","E2E Networks","12,989","416.85"
"engineering-capital-goods","Engineering & capital goods","NSE","ATLANTAELE","Atlanta Electricals","12,827","58.98"
"engineering-capital-goods","Engineering & capital goods","NSE","INOXWIND","Inox Wind","12,789","37.14"
"engineering-capital-goods","Engineering & capital goods","NSE","TEGA","Tega Industries","12,221","85.67"
"engineering-capital-goods","Engineering & capital goods","NSE","UTLSOLAR","Fujiyama Power Sys.","11,940","39.26"
"engineering-capital-goods","Engineering & capital goods","NSE","WABAG","VA Tech Wabag","11,872","32.04"
"engineering-capital-goods","Engineering & capital goods","NSE","IRCON","Ircon International","11,865","19.92"
"engineering-capital-goods","Engineering & capital goods","NSE","KEC","KEC International","11,781","21.28"
"engineering-capital-goods","Engineering & capital goods","BSE","RRP","RRP Semiconductor","11,758","--"
"engineering-capital-goods","Engineering & capital goods","NSE","TECHNOE","Techno Electric &Eng","11,445","26.55"
"engineering-capital-goods","Engineering & capital goods","NSE","TITAGARH","Titagarh Railsystems","11,262","91.58"
"engineering-capital-goods","Engineering & capital goods","NSE","JWL","Jupiter Wagons","11,082","64.77"
"engineering-capital-goods","Engineering & capital goods","NSE","RITES","Rites","10,741","25.74"
"engineering-capital-goods","Engineering & capital goods","NSE","VOLTAMP","Voltamp Transformers","10,119","31.91"
"engineering-capital-goods","Engineering & capital goods","BSE","QPOWER","Quality Power Elect.","10,018","75.15"
"engineering-capital-goods","Engineering & capital goods","BSE","FINPIPE","Finolex Industries","10,008","16.26"
"engineering-capital-goods","Engineering & capital goods","NSE","ELECON","Elecon Engg. Co.","9,901","41.94"
"engineering-capital-goods","Engineering & capital goods","NSE","AFCONS","Afcons Infrastruct.","9,842","68.02"
"engineering-capital-goods","Engineering & capital goods","NSE","KIRLPNU","Kirloskar Pneumatic","9,730","37.01"
"engineering-capital-goods","Engineering & capital goods","NSE","GENUSPOWER","Genus Power Infra","9,304","15.71"
"engineering-capital-goods","Engineering & capital goods","NSE","VESUVIUS","Vesuvius India","9,281","35.61"
"engineering-capital-goods","Engineering & capital goods","NSE","ESABINDIA","Esab india","9,248","41.68"
"engineering-capital-goods","Engineering & capital goods","NSE","RAILTEL","Railtel Corp. India","9,172","26.51"
"engineering-capital-goods","Engineering & capital goods","NSE","NCC","NCC","9,006","12.87"
"engineering-capital-goods","Engineering & capital goods","NSE","TARIL","Transformers & Rect.","8,774","33.93"
"engineering-capital-goods","Engineering & capital goods","BSE","KRN","KRN Heat Exch Refrig","8,720","114.04"
"engineering-capital-goods","Engineering & capital goods","NSE","GRINFRA","GR Infraprojects","8,528","8.39"
"engineering-capital-goods","Engineering & capital goods","BSE","BORORENEW","Borosil Renewables","8,135","21.27"
"engineering-capital-goods","Engineering & capital goods","NSE","RHIM","RHI Magnesita India","7,974","--"
"engineering-capital-goods","Engineering & capital goods","BSE","KENNAMET","Kennametal India","7,850","56.68"
"engineering-capital-goods","Engineering & capital goods","BSE","PRECWIRE","Precision Wire India","7,715","44.18"
"engineering-capital-goods","Engineering & capital goods","NSE","POWERMECH","Power Mech Projects","7,610","19.45"
"engineering-capital-goods","Engineering & capital goods","NSE","SKFINDIA","SKF India","7,573","28.48"
"engineering-capital-goods","Engineering & capital goods","NSE","INOXGREEN","Inox Green Enrgy Ser","7,496","61.91"
"engineering-capital-goods","Engineering & capital goods","NSE","NESCO","NESCO","7,387","17.9"
"engineering-capital-goods","Engineering & capital goods","BSE","KIRLFER","Kirloskar Ferrous","7,246","21.0"
"engineering-capital-goods","Engineering & capital goods","BSE","UNIMECH","Unimech Aerospace","7,231","100.4"
"engineering-capital-goods","Engineering & capital goods","BSE","ASMTEC","ASM Technology","7,176","99.66"
"engineering-capital-goods","Engineering & capital goods","NSE","OMNI","Omnitech Engineering","7,086","89.29"
"engineering-capital-goods","Engineering & capital goods","NSE","POWERICA","Powerica","7,072","26.46"
"engineering-capital-goods","Engineering & capital goods","NSE","DBL","Dilip Buildcon","6,745","5.69"
"engineering-capital-goods","Engineering & capital goods","NSE","KSHINTL","KSH International","6,745","52.02"
"engineering-capital-goods","Engineering & capital goods","BSE","KPIGREEN","KPI Green Energy","6,666","14.56"
"engineering-capital-goods","Engineering & capital goods","BSE","SKIPPER","Skipper","6,603","29.39"
"engineering-capital-goods","Engineering & capital goods","BSE","KMEW","Knowledge Marine","6,596","83.7"
"engineering-capital-goods","Engineering & capital goods","BSE","AJAXENGG","Ajax Engineering","6,474","28.41"
"engineering-capital-goods","Engineering & capital goods","BSE","SHAKTIPUMP","Shakti Pumps (India)","6,292","29.63"
"engineering-capital-goods","Engineering & capital goods","NSE","TRANSRAILL","Transrail Lighting","6,271","15.48"
"engineering-capital-goods","Engineering & capital goods","BSE","SETL","Standard Engg. Tech.","5,988","70.01"
"engineering-capital-goods","Engineering & capital goods","NSE","PRAJIND","Praj Industries","5,964","250.14"
"engineering-capital-goods","Engineering & capital goods","NSE","UNIVCABLES","Universal Cables","5,932","29.61"
"engineering-capital-goods","Engineering & capital goods","NSE","AEROFLEX","Aeroflex Industries","5,905","87.93"
"engineering-capital-goods","Engineering & capital goods","NSE","GULFOILLUB","Gulf Oil Lubricants","5,854","15.61"
"engineering-capital-goods","Engineering & capital goods","BSE","VIKRAMSOLR","Vikram Solar","5,783","16.21"
"engineering-capital-goods","Engineering & capital goods","BSE","NIRLON","Nirlon","5,750","16.11"
"engineering-capital-goods","Engineering & capital goods","NSE","PNCINFRA","PNC Infratech","5,725","7.82"
"engineering-capital-goods","Engineering & capital goods","BSE","BALUFORGE","Balu Forge Inds.","5,624","21.72"
"engineering-capital-goods","Engineering & capital goods","NSE","CENTUM","Centrum Electronics","5,602","--"
"engineering-capital-goods","Engineering & capital goods","BSE","CEIGALL","Ceigall India","5,564","17.39"
"engineering-capital-goods","Engineering & capital goods","BSE","IONEXCHANG","ION Exchage","5,521","56.29"
"engineering-capital-goods","Engineering & capital goods","BSE","SAATVIKGL","Saatvik Green Energy","5,511","15.42"
"engineering-capital-goods","Engineering & capital goods","NSE","ISGEC","ISGEC Heavy Engg.","5,476","27.95"
"engineering-capital-goods","Engineering & capital goods","NSE","CYIENTDLM","Cyient DLM","5,472","66.65"
"engineering-capital-goods","Engineering & capital goods","NSE","VMARCIND","V-Marc India","5,402","53.98"
"engineering-capital-goods","Engineering & capital goods","NSE","GVPIL","GE Power India","5,345","21.16"
"engineering-capital-goods","Engineering & capital goods","NSE","HCC","HCC","5,244","31.62"
"engineering-capital-goods","Engineering & capital goods","NSE","MARINE","Marine Electricals","4,856","83.2"
"engineering-capital-goods","Engineering & capital goods","NSE","DEEDEV","Dee Development Eng.","4,807","59.86"
"engineering-capital-goods","Engineering & capital goods","BSE","COCKERILL","John Cockerill India","4,779","264.55"
"engineering-capital-goods","Engineering & capital goods","BSE","SOTL","Savita Oil Tech.","4,776","11.54"
"engineering-capital-goods","Engineering & capital goods","NSE","SWSOLAR","Sterling and Wilson","4,735","--"
"engineering-capital-goods","Engineering & capital goods","NSE","ELECTCAST","Electrost Castings","4,558","37.77"
"engineering-capital-goods","Engineering & capital goods","NSE","ROLEXRINGS","Rolex Rings","4,533","29.81"
"engineering-capital-goods","Engineering & capital goods","NSE","GREAVESCOT","Greaves Cotton","4,513","45.22"
"engineering-capital-goods","Engineering & capital goods","BSE","GMMPFAUDLR","GMM Pfaudler","4,481","60.13"
"engineering-capital-goods","Engineering & capital goods","NSE","NRBBEARING","NRB Bearings","4,462","30.25"
"engineering-capital-goods","Engineering & capital goods","BSE","SHILCTECH","Shilchar Tech.","4,412","32.08"
"engineering-capital-goods","Engineering & capital goods","NSE","HIRECT","Hirect","4,403","105.69"
"engineering-capital-goods","Engineering & capital goods","NSE","SWARAJENG","Swaraj Engines","4,386","21.73"
"engineering-capital-goods","Engineering & capital goods","NSE","MANINFRA","Man InfraConstruct.","4,383","20.23"
"engineering-capital-goods","Engineering & capital goods","NSE","TEXRAIL","Texmaco Rail & Engg.","4,378","20.34"
"engineering-capital-goods","Engineering & capital goods","NSE","SANGHVIMOV","Sanghvi Movers","4,329","21.72"
"engineering-capital-goods","Engineering & capital goods","BSE","WPIL","WPIL","4,177","24.63"
"engineering-capital-goods","Engineering & capital goods","NSE","IDEAFORGE","Ideaforge Technology","4,021","1022.58"
"engineering-capital-goods","Engineering & capital goods","NSE","KIRLOSIND","Kirloskar Industries","4,002","26.9"
"engineering-capital-goods","Engineering & capital goods","BSE","MOSCHIP","Moschip Technologies","3,994","148.56"
"engineering-capital-goods","Engineering & capital goods","NSE","LASERPOWER","Laser Power & Infra","3,958","26.11"
"engineering-capital-goods","Engineering & capital goods","NSE","PITTIENG","Pitti Engineering","3,931","31.59"
"engineering-capital-goods","Engineering & capital goods","NSE","INDOTECH","Indo Tech Transform.","3,774","38.0"
"engineering-capital-goods","Engineering & capital goods","NSE","KNRCON","KNR Constructions","3,763","8.61"
"engineering-capital-goods","Engineering & capital goods","NSE","ANUP","The Anup Engineering","3,750","44.27"
"engineering-capital-goods","Engineering & capital goods","NSE","JKIL","J Kumar Infraproject","3,724","9.78"
"engineering-capital-goods","Engineering & capital goods","NSE","WEBELSOLAR","Websol Energy System","3,697","11.79"
"engineering-capital-goods","Engineering & capital goods","NSE","KERNEX","Kernex Microsystems","3,674","41.6"
"engineering-capital-goods","Engineering & capital goods","NSE","UNIPARTS","Uniparts India","3,669","20.33"
"engineering-capital-goods","Engineering & capital goods","NSE","HARSHA","Harsha Engineers Int","3,644","23.56"
"engineering-capital-goods","Engineering & capital goods","NSE","HGINFRA","H.G. Infra Engg.","3,598","10.89"
"engineering-capital-goods","Engineering & capital goods","NSE","SPECTRUM","Spectrum Elec. Inds.","3,588","80.78"
"engineering-capital-goods","Engineering & capital goods","BSE","EIEL","Enviro Infra Engine.","3,565","19.7"
"engineering-capital-goods","Engineering & capital goods","NSE","UEL","Ujaas Energy","3,549","903.53"
"engineering-capital-goods","Engineering & capital goods","NSE","AIMTRON","Aimtron Electronics","3,455","75.16"
"engineering-capital-goods","Engineering & capital goods","BSE","OSWALPUMPS","Oswal Pumps","3,432","10.23"
"engineering-capital-goods","Engineering & capital goods","NSE","STEELCAS","Steelcast","3,340","36.83"
"engineering-capital-goods","Engineering & capital goods","NSE","ASHOKA","Ashoka Buildcon","3,197","1.3"
"engineering-capital-goods","Engineering & capital goods","NSE","WINDMACHIN","Windsor Machines","3,147","468.12"
"engineering-capital-goods","Engineering & capital goods","NSE","JASH","Jash Engineering","3,130","36.34"
"engineering-capital-goods","Engineering & capital goods","NSE","MMFL","MM Forgings","3,080","31.22"
"engineering-capital-goods","Engineering & capital goods","NSE","PRINCEPIPE","Prince Pipes&Fitting","2,993","29.31"
"engineering-capital-goods","Engineering & capital goods","NSE","PATELENG","Patel Engineering","2,896","10.1"
"engineering-capital-goods","Engineering & capital goods","BSE","PANAMAPET","Panama Petrochem","2,895","6.05"
"engineering-capital-goods","Engineering & capital goods","BSE","SELECTRIC","Schneider Electric","2,854","59.43"
"engineering-capital-goods","Engineering & capital goods","NSE","ORIANA","Oriana Power","2,793","11.07"
"engineering-capital-goods","Engineering & capital goods","BSE","YASHHV","Yash Highvoltage","2,688","71.98"
"engineering-capital-goods","Engineering & capital goods","NSE","RAMKY","Ramky Infrastructure","2,686","11.38"
"engineering-capital-goods","Engineering & capital goods","BSE","VEEDOL","Veedol Corporation","2,638","12.0"
"engineering-capital-goods","Engineering & capital goods","NSE","SILVERTUC","Silver Touch Tech.","2,615","62.73"
"engineering-capital-goods","Engineering & capital goods","BSE","GKENERGY","GK Energy","2,599","11.47"
"engineering-capital-goods","Engineering & capital goods","NSE","BBL","Bharat Bijlee","2,595","23.2"
"engineering-capital-goods","Engineering & capital goods","NSE","RISHABH","Rishabh Instruments","2,587","31.73"
"engineering-capital-goods","Engineering & capital goods","NSE","ADOR","Ador Welding","2,570","22.64"
"engineering-capital-goods","Engineering & capital goods","BSE","CNCRD","Concord Control Sys.","2,489","61.23"
"engineering-capital-goods","Engineering & capital goods","BSE","SIKA","Sika Interplant Sys.","2,357","64.2"
"engineering-capital-goods","Engineering & capital goods","BSE","INA","Insolation Energy","2,330","11.64"
"engineering-capital-goods","Engineering & capital goods","BSE","ADVAIT","Advait Energy Trans.","2,317","39.47"
"engineering-capital-goods","Engineering & capital goods","BSE","GANDHAR","Gandhar Oil Refinery","2,309","7.66"
"engineering-capital-goods","Engineering & capital goods","NSE","THEJO","Thejo Engineering","2,303","41.12"
"engineering-capital-goods","Engineering & capital goods","BSE","MODINSULAT","Modern Insulators","2,281","24.22"
"engineering-capital-goods","Engineering & capital goods","BSE","AMIC","Amic Forging","2,276","80.51"
"engineering-capital-goods","Engineering & capital goods","BSE","JNKINDIA","JNK India","2,270","30.14"
"engineering-capital-goods","Engineering & capital goods","BSE","HLEGLAS","HLE Glascoat","2,266","63.34"
"engineering-capital-goods","Engineering & capital goods","BSE","APOLLOPIPE","Apollo Pipes","2,258","--"
"engineering-capital-goods","Engineering & capital goods","NSE","PARACABLES","Paramount Communicat","2,233","37.37"
"engineering-capital-goods","Engineering & capital goods","BSE","BAJEL","Bajel Projects","2,227","100.99"
"engineering-capital-goods","Engineering & capital goods","NSE","NELCO","NELCO","2,222","575.63"
"engineering-capital-goods","Engineering & capital goods","BSE","DYCL","Dynamic Cables","2,206","24.19"
"engineering-capital-goods","Engineering & capital goods","NSE","HONDAPOWER","Honda India Power","2,130","32.34"
"engineering-capital-goods","Engineering & capital goods","NSE","EMSLIMITED","EMS","2,123","23.45"
"engineering-capital-goods","Engineering & capital goods","NSE","HMT","HMT","2,098","--"
"engineering-capital-goods","Engineering & capital goods","NSE","HPL","HPL Electric & Power","2,073","22.72"
"engineering-capital-goods","Engineering & capital goods","NSE","OBSCP","OBSC Perfection","2,042","75.58"
"engineering-capital-goods","Engineering & capital goods","BSE","EPACK","EPACK Durable","2,038","--"
"engineering-capital-goods","Engineering & capital goods","BSE","KLBRENG-B","Kilburn Engineering","2,026","21.06"
"engineering-capital-goods","Engineering & capital goods","NSE","ALPEXSOLAR","Alpex Solar","2,014","10.0"
"engineering-capital-goods","Engineering & capital goods","NSE","SIMPLEXINF","Simplex Infrastruct.","1,994","43.54"
"engineering-capital-goods","Engineering & capital goods","NSE","INDIANHUME","India Hume Pipe Co","1,979","14.03"
"engineering-capital-goods","Engineering & capital goods","NSE","EXICOM","Exicom Tele-Systems","1,975","--"
"engineering-capital-goods","Engineering & capital goods","NSE","VIDYAWIRES","Vidya Wires","1,974","31.5"
"engineering-capital-goods","Engineering & capital goods","NSE","DCXINDIA","DCX Systems","1,969","--"
"engineering-capital-goods","Engineering & capital goods","NSE","JISLJALEQS","Jain Irrigation Sys","1,938","--"
"engineering-capital-goods","Engineering & capital goods","NSE","TIL","TIL","1,894","--"
"engineering-capital-goods","Engineering & capital goods","BSE","ALGOQUANT","Algoquant Fintech","1,891","56.61"
"engineering-capital-goods","Engineering & capital goods","NSE","SERVOTECH","Servotech Renewable","1,880","50.18"
"engineering-capital-goods","Engineering & capital goods","NSE","BGRENERGY","BGR Energy Systems","1,849","--"
"engineering-capital-goods","Engineering & capital goods","BSE","MARSONS","Marsons","1,775","38.32"
"engineering-capital-goods","Engineering & capital goods","BSE","KPEL","KP Energy","1,760","9.67"
"engineering-capital-goods","Engineering & capital goods","NSE","KABRAEXTRU","Kabra Extrus.technik","1,734","3420.72"
"engineering-capital-goods","Engineering & capital goods","NSE","MACPOWER","Macpower CNC Machine","1,727","44.4"
"engineering-capital-goods","Engineering & capital goods","BSE","VIKRAN","Vikran Engineering","1,707","16.48"
"engineering-capital-goods","Engineering & capital goods","NSE","VINYAS","Vinyas Innova Techno","1,704","55.19"
"engineering-capital-goods","Engineering & capital goods","BSE","VOEPL","Virtuoso Optoelectro","1,688","112.33"
"engineering-capital-goods","Engineering & capital goods","BSE","DISAQ","Disa India","1,679","32.81"
"engineering-capital-goods","Engineering & capital goods","NSE","IKIO","IKIO Technologies","1,659","35.67"
"engineering-capital-goods","Engineering & capital goods","NSE","SPMLINFRA","SPML Infra","1,623","21.74"
"engineering-capital-goods","Engineering & capital goods","NSE","WENDT","Wendt (India)","1,595","94.08"
"engineering-capital-goods","Engineering & capital goods","NSE","MVELECTRO","MV Electrosystems","1,594","--"
"engineering-capital-goods","Engineering & capital goods","NSE","WALCHANNAG","Walchandnagar Inds.","1,575","--"
"engineering-capital-goods","Engineering & capital goods","NSE","IFGLEXPOR","IFGL Refractories","1,539","37.57"
"engineering-capital-goods","Engineering & capital goods","BSE","KPGEL","KP Green Engineering","1,530","11.27"
"engineering-capital-goods","Engineering & capital goods","BSE","RAJESH","Rajesh Power Serv.","1,510","10.54"
"engineering-capital-goods","Engineering & capital goods","NSE","DANISH","Danish Power","1,501","21.75"
"engineering-capital-goods","Engineering & capital goods","BSE","GPTINFRA","GPT Infraprojects","1,493","15.16"
"engineering-capital-goods","Engineering & capital goods","NSE","TEMBO","Tembo Global Inds.","1,436","14.03"
"engineering-capital-goods","Engineering & capital goods","NSE","QUADFUTURE","Quadrant Future Tek","1,431","--"
"engineering-capital-goods","Engineering & capital goods","BSE","RIR","RIR Power Electronic","1,409","177.73"
"engineering-capital-goods","Engineering & capital goods","NSE","IGARASHI","Igarashi MotorsIndia","1,409","85.93"
"engineering-capital-goods","Engineering & capital goods","BSE","SOLARWORLD","Solarworld Energy So","1,398","11.6"
"engineering-capital-goods","Engineering & capital goods","NSE","DPEL","Divine Power Energy","1,397","52.32"
"engineering-capital-goods","Engineering & capital goods","NSE","DIFFNKG","Diffusion Engineers","1,357","24.79"
"engineering-capital-goods","Engineering & capital goods","BSE","MILLWORKS","Millworks Technolog.","1,356","36.59"
"engineering-capital-goods","Engineering & capital goods","BSE","MENONBE","Menon Bearings","1,317","29.97"
"engineering-capital-goods","Engineering & capital goods","NSE","ICEMAKE","ICE Make Refrige.","1,308","107.25"
"engineering-capital-goods","Engineering & capital goods","NSE","VIVIDEL","Vivid Electromech","1,307","41.34"
"engineering-capital-goods","Engineering & capital goods","NSE","ALICON","Alicon Castalloy","1,269","36.84"
"engineering-capital-goods","Engineering & capital goods","BSE","GALAPREC","Gala Precision Engg.","1,269","34.17"
"engineering-capital-goods","Engineering & capital goods","NSE","ROTO","Roto Pumps","1,266","45.7"
"engineering-capital-goods","Engineering & capital goods","NSE","EKC","Everest Kanto Cylind","1,256","8.55"
"engineering-capital-goods","Engineering & capital goods","NSE","WAAREEINDO","Indosolar","1,244","7.48"
"engineering-capital-goods","Engineering & capital goods","BSE","SRM","SRM Contractors","1,184","10.66"
"engineering-capital-goods","Engineering & capital goods","NSE","SEPC","SEPC","1,175","45.3"
"engineering-capital-goods","Engineering & capital goods","BSE","BMW","BMW Industries","1,165","14.37"
"engineering-capital-goods","Engineering & capital goods","BSE","SHREEREF","Shree Refrigerations","1,152","53.48"
"engineering-capital-goods","Engineering & capital goods","NSE","YUKEN","Yuken India","1,149","73.48"
"engineering-capital-goods","Engineering & capital goods","NSE","RIIL","Reliance Indl. Infra","1,129","93.06"
"engineering-capital-goods","Engineering & capital goods","BSE","INVPRECQ","Invts & Precisn Cast","1,129","95.96"
"engineering-capital-goods","Engineering & capital goods","NSE","ARIS","Arisinfra Solutions","1,110","16.74"
"engineering-capital-goods","Engineering & capital goods","NSE","ETL","Emkay Tools","1,099","18.72"
"engineering-capital-goods","Engineering & capital goods","BSE","INDOSMC","Indo SMC","1,088","33.6"
"engineering-capital-goods","Engineering & capital goods","BSE","PPEL","Poojaa Precision Eng","1,046","33.85"
"engineering-capital-goods","Engineering & capital goods","BSE","MAMATA","Mamata Machinery","1,046","69.52"
"engineering-capital-goods","Engineering & capital goods","NSE","SWELECTES","Swelect Energy Sys.","1,045","18.94"
"engineering-capital-goods","Engineering & capital goods","NSE","NELCAST","Nelcast","1,044","25.42"
"engineering-capital-goods","Engineering & capital goods","NSE","EIMCOELECO","Eimco Elecon (India)","1,032","26.06"
"engineering-capital-goods","Engineering & capital goods","NSE","SALASAR","Salasar Techno Engg.","1,007","58.48"
"engineering-capital-goods","Engineering & capital goods","NSE","MODISONLTD","Modison","1,007","13.89"
"engineering-capital-goods","Engineering & capital goods","BSE","SALZERELEC","Salzer Electronics","1,006","23.01"
"engineering-capital-goods","Engineering & capital goods","BSE","HIIL","Hindusthan Insulator","973","91.72"
"engineering-capital-goods","Engineering & capital goods","NSE","SOLEX","Solex Energy","972","10.12"
"engineering-capital-goods","Engineering & capital goods","NSE","KECL","Kirloskar Electric","966","115.19"
"engineering-capital-goods","Engineering & capital goods","NSE","SGIL","Synergy Green Inds.","932","200.09"
"engineering-capital-goods","Engineering & capital goods","NSE","PRIZOR","Prizor Viztech","929","44.34"
"engineering-capital-goods","Engineering & capital goods","BSE","RAJOOENG","Rajoo Engineers","912","18.92"
"engineering-capital-goods","Engineering & capital goods","BSE","FOSECOC","Foseco Crucible (I)","900","38.74"
"engineering-capital-goods","Engineering & capital goods","NSE","LIKHITHA","Likhitha Infrastruct","900","22.96"
"engineering-capital-goods","Engineering & capital goods","NSE","JITFINFRA","JITF Infralogistics","900","--"
"engineering-capital-goods","Engineering & capital goods","BSE","GAYAPROJ","Gayatri Projects","891","0.44"
"engineering-capital-goods","Engineering & capital goods","NSE","BIRLACABLE","Birla Cable","883","19.11"
"engineering-capital-goods","Engineering & capital goods","BSE","UNIABEXAL","Uni Abex Alloy Prod","875","3.11"
"engineering-capital-goods","Engineering & capital goods","NSE","MICEL","MIC Electronics","870","--"
"engineering-capital-goods","Engineering & capital goods","BSE","PRADPME","Pradeep Metals","869","26.25"
"engineering-capital-goods","Engineering & capital goods","NSE","TIRUPATIFL","Tirupati Forge","865","137.35"
"engineering-capital-goods","Engineering & capital goods","BSE","DENTA","Denta Water & Infra","864","14.19"
"engineering-capital-goods","Engineering & capital goods","NSE","VILAS","Vilas Transcore","856","21.63"
"engineering-capital-goods","Engineering & capital goods","BSE","OMINFRAL","Om Infra","853","25.84"
"engineering-capital-goods","Engineering & capital goods","BSE","PROSTARM","Prostarm Info System","841","25.49"
"engineering-capital-goods","Engineering & capital goods","NSE","SUPREMEINF","Supreme Infra. India","838","0.14"
"engineering-capital-goods","Engineering & capital goods","NSE","EFFWA","Effwa Infra&Research","833","29.12"
"engineering-capital-goods","Engineering & capital goods","NSE","XTRANET","Xtranet Technologies","816","20.26"
"engineering-capital-goods","Engineering & capital goods","NSE","SSEGL","Sathlokhar Synergys","814","9.88"
"engineering-capital-goods","Engineering & capital goods","NSE","STERTOOLS","Sterling Tools","807","30.82"
"engineering-capital-goods","Engineering & capital goods","BSE","AIRFLOA","Airfloa Rail Techno.","803","20.52"
"engineering-capital-goods","Engineering & capital goods","NSE","SAHASRA","Sahasra Electronic","802","56.53"
"engineering-capital-goods","Engineering & capital goods","BSE","VELJAN","Veljan Denison","788","30.08"
"engineering-capital-goods","Engineering & capital goods","NSE","PANACHE","Panache Digilife","786","41.13"
"engineering-capital-goods","Engineering & capital goods","BSE","BAJAJST","Bajaj Steel Inds.","766","26.2"
"engineering-capital-goods","Engineering & capital goods","NSE","LOKESHMACH","Lokesh Machines","765","173.35"
"engineering-capital-goods","Engineering & capital goods","BSE","MEIL","Mangal Electl.&Inds.","763","16.24"
"engineering-capital-goods","Engineering & capital goods","BSE","TOTEM","Forbes PrecisionTool","751","22.12"
"engineering-capital-goods","Engineering & capital goods","NSE","ZTECH","Z-Tech (India)","748","37.07"
"engineering-capital-goods","Engineering & capital goods","BSE","ORIRAIL","Oriental Rail Infra","739","15.69"
"engineering-capital-goods","Engineering & capital goods","NSE","RMDRIP","RM Drip & Sprinklers","735","21.03"
"engineering-capital-goods","Engineering & capital goods","BSE","BAJAJINDEF","Indef Manufacturing","733","31.04"
"engineering-capital-goods","Engineering & capital goods","NSE","VASCONEQ","Vascon Engineers","722","25.39"
"engineering-capital-goods","Engineering & capital goods","NSE","INDOFARM","Indo Farm Equipments","717","28.79"
"engineering-capital-goods","Engineering & capital goods","NSE","SOUTHWEST","South West Pinnacle","717","17.94"
"engineering-capital-goods","Engineering & capital goods","NSE","VIVIANA","Viviana Power Tech","716","13.57"
"engineering-capital-goods","Engineering & capital goods","BSE","GEE","GEE","716","37.96"
"engineering-capital-goods","Engineering & capital goods","NSE","ABINFRA","AB Infrabuild","710","36.69"
"engineering-capital-goods","Engineering & capital goods","BSE","PERMAGNET","Permanent Magnets","706","56.92"
"engineering-capital-goods","Engineering & capital goods","BSE","CWD","CWD","705","63.46"
"engineering-capital-goods","Engineering & capital goods","BSE","SPICELEC","SPEL Semiconductor","695","--"
"engineering-capital-goods","Engineering & capital goods","NSE","PARTH","Parth Electricals","685","48.08"
"engineering-capital-goods","Engineering & capital goods","NSE","CCCL","Consolidated Constn.","684","--"
"engineering-capital-goods","Engineering & capital goods","BSE","GOELCONS","Goel Construction Co","683","14.78"
"engineering-capital-goods","Engineering & capital goods","BSE","LTELEVATOR","LT Elevator","682","40.08"
"engineering-capital-goods","Engineering & capital goods","BSE","AXTEL","Axtel Industries","665","21.3"
"engineering-capital-goods","Engineering & capital goods","NSE","TANKUP","Tankup Engineers","657","137.45"
"engineering-capital-goods","Engineering & capital goods","BSE","AUTOPALIND","RNIT AI Solutions","656","52.62"
"engineering-capital-goods","Engineering & capital goods","BSE","FABTECH","Fabtech Technologies","648","13.3"
"engineering-capital-goods","Engineering & capital goods","BSE","SUNITATOOL","Sunita Tools","646","102.06"
"engineering-capital-goods","Engineering & capital goods","BSE","NEETUYOSHI","Neetu Yoshi","620","24.8"
"engineering-capital-goods","Engineering & capital goods","BSE","CTCL","Captain Technocast","615","52.94"
"engineering-capital-goods","Engineering & capital goods","BSE","SHRADDHA","Shraddha Prime Proj.","614","11.41"
"engineering-capital-goods","Engineering & capital goods","NSE","GGBL","Ganesh Green Bharat","598","7.95"
"engineering-capital-goods","Engineering & capital goods","BSE","ARTSONENGG","Artson","595","--"
"engineering-capital-goods","Engineering & capital goods","NSE","APSISAERO","Apsis Aerocom","595","79.26"
"engineering-capital-goods","Engineering & capital goods","BSE","MRTX","Merritronix","588","36.5"
"engineering-capital-goods","Engineering & capital goods","BSE","KALYANI","Kalyani Cast-Tech","584","34.2"
"engineering-capital-goods","Engineering & capital goods","NSE","DCI","DC Infotech & Commu.","578","27.12"
"engineering-capital-goods","Engineering & capital goods","BSE","SUSAN","Susan Electri. India","578","31.66"
"engineering-capital-goods","Engineering & capital goods","BSE","PERVASIVE","Pervasive Commodit.","568","--"
"engineering-capital-goods","Engineering & capital goods","BSE","MAGNAELQ","Magna ElectroCasting","560","30.3"
"engineering-capital-goods","Engineering & capital goods","NSE","UNIVASTU","Univastu India","551","18.16"
"engineering-capital-goods","Engineering & capital goods","BSE","SATANIBRG","Satani Bearings","550","--"
"engineering-capital-goods","Engineering & capital goods","NSE","OMPOWER","Om PowerTransmission","548","13.7"
"engineering-capital-goods","Engineering & capital goods","BSE","CEWATER","Concord Enviro Sys.","540","--"
"engineering-capital-goods","Engineering & capital goods","BSE","INTEGRAEN","Integra Engineering","536","36.09"
"engineering-capital-goods","Engineering & capital goods","BSE","DIGILOGIC","Digilogic Systems","518","49.67"
"engineering-capital-goods","Engineering & capital goods","BSE","MOLDTECH","Mold-Tek Tech","512","27.82"
"engineering-capital-goods","Engineering & capital goods","BSE","CRYOGENIC","Cryogenic OGS","506","49.64"
"engineering-capital-goods","Engineering & capital goods","NSE","ORIENTCER","Orient Ceratech","499","19.12"
"engineering-capital-goods","Engineering & capital goods","NSE","GANESHIN","Ganesh Infraworld","499","5.46"
"engineering-capital-goods","Engineering & capital goods","BSE","FABCLEAN","Fabtech Cleanrooms","496","31.39"
"engineering-capital-goods","Engineering & capital goods","NSE","APS","Australian Premium","493","8.53"
"engineering-capital-goods","Engineering & capital goods","BSE","JDCABLES","JD Cables","488","15.39"
"engineering-capital-goods","Engineering & capital goods","BSE","BRAHMINFRA","Brahmaputra Infrast.","487","8.18"
"engineering-capital-goods","Engineering & capital goods","BSE","FILTRON","Filtron Engineers","486","2337.29"
"engineering-capital-goods","Engineering & capital goods","NSE","SAAKSHI","Saakshi Med & Panels","486","39.56"
"engineering-capital-goods","Engineering & capital goods","BSE","MAZDA","Mazda","485","16.21"
"engineering-capital-goods","Engineering & capital goods","NSE","ELIN","Elin Electronics","484","--"
"engineering-capital-goods","Engineering & capital goods","BSE","HRS","HRS Aluglaze","484","47.36"
"engineering-capital-goods","Engineering & capital goods","NSE","PATILAUTOM","Patil Automation","477","30.12"
"engineering-capital-goods","Engineering & capital goods","BSE","BRGIL","BR Goyal Infra.","473","10.55"
"engineering-capital-goods","Engineering & capital goods","BSE","DLTNCBL","Delton Cables","473","24.6"
"engineering-capital-goods","Engineering & capital goods","NSE","SUPREMEPWR","Supreme Power Equip.","473","23.14"
"engineering-capital-goods","Engineering & capital goods","NSE","INTLCONV","International Convey","471","6.89"
"engineering-capital-goods","Engineering & capital goods","NSE","ANLON","Anlon Tech Solution","467","33.63"
"engineering-capital-goods","Engineering & capital goods","NSE","VPRPL","Vishnu Prakash R","462","--"
"engineering-capital-goods","Engineering & capital goods","NSE","UNIDT","United Drilling Tool","462","22.76"
"engineering-capital-goods","Engineering & capital goods","NSE","IL&FSENGG","IL&FS Engg. & Const.","459","43.18"
"engineering-capital-goods","Engineering & capital goods","BSE","BEMHY","Bemco Hydraulics","455","30.58"
"engineering-capital-goods","Engineering & capital goods","BSE","WORKMATES","Workmates Core2Cloud","454","28.5"
"engineering-capital-goods","Engineering & capital goods","NSE","FOCUS","Focus Lighting & Fix","453","78.42"
"engineering-capital-goods","Engineering & capital goods","NSE","DENORA","De Nora India","452","37.02"
"engineering-capital-goods","Engineering & capital goods","NSE","WSI","W.S. Industries","452","146.59"
"engineering-capital-goods","Engineering & capital goods","BSE","BCCFUBA","BCC Fuba India","450","77.35"
"engineering-capital-goods","Engineering & capital goods","NSE","GUJAPOLLO","Gujarat Apollo Inds.","448","75.31"
"engineering-capital-goods","Engineering & capital goods","BSE","FLUIDOM","Fluidomat","443","22.07"
"engineering-capital-goods","Engineering & capital goods","NSE","E2ERAIL","EtoE Transportation","439","26.14"
"engineering-capital-goods","Engineering & capital goods","BSE","MSAFE","Msafe Equipments","439","19.57"
"engineering-capital-goods","Engineering & capital goods","BSE","SEALMATIC","Sealmatic India","434","45.17"
"engineering-capital-goods","Engineering & capital goods","BSE","BATLIBOI","Batliboi","432","46.42"
"engineering-capital-goods","Engineering & capital goods","BSE","EMROCK","Emrock Corporation","424","350.39"
"engineering-capital-goods","Engineering & capital goods","BSE","SIMPLEXCAS","Simplex Castings","411","19.33"
"engineering-capital-goods","Engineering & capital goods","NSE","S&SPOWER","S&S Power Switchgear","407","40.22"
"engineering-capital-goods","Engineering & capital goods","BSE","SUGSLLOYD","Sugs Lloyd","399","13.85"
"engineering-capital-goods","Engineering & capital goods","NSE","TEJA","Teja Engg. Inds.","395","63.2"
"engineering-capital-goods","Engineering & capital goods","BSE","HERCULES","Hercules Investments","394","50.98"
"engineering-capital-goods","Engineering & capital goods","BSE","AEPL","Artemis Electricals","393","45.14"
"engineering-capital-goods","Engineering & capital goods","BSE","FORBESGOK","Forbes & Company","391","29.14"
"engineering-capital-goods","Engineering & capital goods","BSE","MARKOLINES","Markolines Pave Tech","389","14.82"
"engineering-capital-goods","Engineering & capital goods","NSE","ATMASTCO","Atmastco","389","20.39"
"engineering-capital-goods","Engineering & capital goods","BSE","JKIPL","Jinkushal Industries","383","31.68"
"engineering-capital-goods","Engineering & capital goods","NSE","TAURIAN","Taurian MPS","382","23.57"
"engineering-capital-goods","Engineering & capital goods","NSE","MBLINFRA","MBL Infrastructures","378","--"
"engineering-capital-goods","Engineering & capital goods","NSE","ZODIAC","Zodiac Energy","371","17.6"
"engineering-capital-goods","Engineering & capital goods","NSE","MEGATHERM","Megatherm Induction","366","15.46"
"engineering-capital-goods","Engineering & capital goods","NSE","TEAMTECH","Teamtech Formwork","360","31.04"
"engineering-capital-goods","Engineering & capital goods","NSE","KRITI","Kriti Industries (I)","356","--"
"engineering-capital-goods","Engineering & capital goods","NSE","APEXECO","Apex Ecotech","356","20.91"
"engineering-capital-goods","Engineering & capital goods","BSE","TIPCO","Tipco Engineering","352","13.92"
"engineering-capital-goods","Engineering & capital goods","BSE","GTV","GTV Engineering","351","24.66"
"engineering-capital-goods","Engineering & capital goods","BSE","COSPOWER","Cospower Engineering","349","26.82"
"engineering-capital-goods","Engineering & capital goods","BSE","ACSTECH","ACS Technologies","348","43.72"
"engineering-capital-goods","Engineering & capital goods","NSE","ATLANTAA","Atlantaa","343","--"
"engineering-capital-goods","Engineering & capital goods","NSE","PRIMECAB","Prime Cable Inds.","343","28.0"
"engineering-capital-goods","Engineering & capital goods","BSE","SOLARIUM","Solarium GreenEnergy","340","16.59"
"engineering-capital-goods","Engineering & capital goods","NSE","AVANA","Avana Electrosystems","331","28.2"
"engineering-capital-goods","Engineering & capital goods","BSE","HILINFRA","Highway Infrast.","324","12.53"
"engineering-capital-goods","Engineering & capital goods","NSE","FELIX","Felix Industries","323","17.8"
"engineering-capital-goods","Engineering & capital goods","BSE","RMC","RMC Switchgears","319","14.31"
"engineering-capital-goods","Engineering & capital goods","NSE","GULFPETRO","GP Petroleums","316","11.95"
"engineering-capital-goods","Engineering & capital goods","BSE","MSECL","Monarch Surveyors","315","8.46"
"engineering-capital-goods","Engineering & capital goods","BSE","LESL","Leapfrog Engg. Serv","315","16.07"
"engineering-capital-goods","Engineering & capital goods","NSE","CORDSCABLE","Cords Cable Inds","303","14.68"
"engineering-capital-goods","Engineering & capital goods","NSE","MODIRUBBER","Modi Rubber","303","472.84"
"engineering-capital-goods","Engineering & capital goods","NSE","MAHEPC","Mahindra EPC Irrigat","301","31.47"
"engineering-capital-goods","Engineering & capital goods","BSE","VVIPIL","VVIP Infratech","299","9.94"
"engineering-capital-goods","Engineering & capital goods","BSE","LIKHAMI","Likhami Consulting","298","932.62"
"engineering-capital-goods","Engineering & capital goods","BSE","GALXBRG","Galaxy Bearings","295","79.6"
"engineering-capital-goods","Engineering & capital goods","NSE","AARON","Aaron Industries","294","35.4"
"engineering-capital-goods","Engineering & capital goods","NSE","TCL","Thaai Casting","293","22.96"
"engineering-capital-goods","Engineering & capital goods","NSE","ADISOFT","Adisoft Technologies","293","12.78"
"engineering-capital-goods","Engineering & capital goods","BSE","PRITIKAUTO","Pritika Auto Inds.","292","13.38"
"engineering-capital-goods","Engineering & capital goods","BSE","GENUSPRIME","Genus Prime Infra","283","46.59"
"engineering-capital-goods","Engineering & capital goods","NSE","A2ZINFRA","A2Z InfraEngineering","282","64.42"
"engineering-capital-goods","Engineering & capital goods","BSE","PRECISIO","Precision Electronic","282","462.34"
"engineering-capital-goods","Engineering & capital goods","BSE","KAYCEEI","Kaycee Industries","278","66.85"
"engineering-capital-goods","Engineering & capital goods","NSE","TECHERA","TechEra Engineering","276","99.73"
"engineering-capital-goods","Engineering & capital goods","BSE","COSMOFE","Cosmo Ferrites","273","--"
"engineering-capital-goods","Engineering & capital goods","BSE","EMPOWER","Empower India","269","14.93"
"engineering-capital-goods","Engineering & capital goods","NSE","RBMINFRA","RBM Infracon","268","5.92"
"engineering-capital-goods","Engineering & capital goods","NSE","SAVY","Savy Infra&Logistics","266","6.34"
"engineering-capital-goods","Engineering & capital goods","NSE","SKP","SKP Bearing Inds.","264","301.68"
"engineering-capital-goods","Engineering & capital goods","NSE","ICELCO","IC Electricals Co.","264","18.77"
"engineering-capital-goods","Engineering & capital goods","NSE","METALIC","Metalic Technoforge","261","21.12"
"engineering-capital-goods","Engineering & capital goods","BSE","JOSTS","Josts Engineering Co","261","38.0"
"engineering-capital-goods","Engineering & capital goods","BSE","LAXMIPATI","Laxmipati Engg.Work","260","9.6"
"engineering-capital-goods","Engineering & capital goods","BSE","GLOBECIVIL","Globe Civil Projects","259","11.14"
"engineering-capital-goods","Engineering & capital goods","NSE","BPL","BPL","259","--"
"engineering-capital-goods","Engineering & capital goods","NSE","PAVNAIND","Pavna Industries","259","56.27"
"engineering-capital-goods","Engineering & capital goods","BSE","BIRLAPREC","Birla Precision Tech","257","22.82"
"engineering-capital-goods","Engineering & capital goods","NSE","ACTIVEINFR","Active Infrast.","255","24.95"
"engineering-capital-goods","Engineering & capital goods","NSE","TRF","TRF","254","--"
"engineering-capital-goods","Engineering & capital goods","BSE","UVDRHOR","United Van Der Horst","254","58.96"
"engineering-capital-goods","Engineering & capital goods","NSE","KALYANIFRG","Kalyani Forge","253","20.43"
"engineering-capital-goods","Engineering & capital goods","BSE","ADMACH","Admach Systems","253","25.23"
"engineering-capital-goods","Engineering & capital goods","BSE","BIMETAL","Bimetal Bearings","248","21.18"
"engineering-capital-goods","Engineering & capital goods","BSE","ORGANICREC","Organic Recycling","248","9.91"
"engineering-capital-goods","Engineering & capital goods","BSE","GRERENEW","GRE Renew Enertech","243","17.91"
"engineering-capital-goods","Engineering & capital goods","BSE","SGFRL","Suyog Gurbaxani Fun.","241","21.64"
"engineering-capital-goods","Engineering & capital goods","BSE","JGTL","Jasch Gauging Techno","241","15.92"
"engineering-capital-goods","Engineering & capital goods","NSE","SAHAJSOLAR","Sahaj Solar","240","8.11"
"engineering-capital-goods","Engineering & capital goods","NSE","PIGL","Power & Inst. (Guj)","239","16.71"
"engineering-capital-goods","Engineering & capital goods","NSE","VETO","Veto Switchgears","230","9.17"
"engineering-capital-goods","Engineering & capital goods","BSE","SIMMOND","Simmonds Marshall","229","13.99"
"engineering-capital-goods","Engineering & capital goods","BSE","LASTMILE","Last Mile Enterprise","229","14.57"
"engineering-capital-goods","Engineering & capital goods","NSE","PLAZACABLE","Plaza Wires","229","31.33"
"engineering-capital-goods","Engineering & capital goods","BSE","INNOVATORS","Innovators FacadeSys","229","16.86"
"engineering-capital-goods","Engineering & capital goods","NSE","GENCON","Generic Eng. & Const","226","26.56"
"engineering-capital-goods","Engineering & capital goods","BSE","AFFORDABLE","Affordable Robotic","225","32.24"
"engineering-capital-goods","Engineering & capital goods","NSE","MARC","Marc Technocrats","223","21.08"
"engineering-capital-goods","Engineering & capital goods","NSE","PRATHAM","Pratham Projects","222","36.1"
"engineering-capital-goods","Engineering & capital goods","BSE","PANCARBON","Panasonic Carbon Ind","222","10.46"
"engineering-capital-goods","Engineering & capital goods","NSE","RVTH","Revathi Equip. Ind.","221","14.42"
"engineering-capital-goods","Engineering & capital goods","NSE","AKANKSHA","Akanksha Power&Infra","220","37.79"
"engineering-capital-goods","Engineering & capital goods","NSE","NITIRAJ","Nitiraj Engineers","214","201.45"
"engineering-capital-goods","Engineering & capital goods","NSE","DHARARAIL","Dhara Rail Projects","211","13.68"
"engineering-capital-goods","Engineering & capital goods","NSE","MUNISH","Munish Forge","207","20.56"
"engineering-capital-goods","Engineering & capital goods","NSE","KATARIA","Kataria Industries","207","17.06"
"engineering-capital-goods","Engineering & capital goods","NSE","CURRENT","Current Infraproject","205","14.58"
"engineering-capital-goods","Engineering & capital goods","NSE","ELGNZ","Eleganz Interiors","198","8.98"
"engineering-capital-goods","Engineering & capital goods","BSE","BGWTATO","Bhagwati Autocast","197","13.63"
"engineering-capital-goods","Engineering & capital goods","NSE","JAYBEE","Jay Bee Laminations","197","10.8"
"engineering-capital-goods","Engineering & capital goods","NSE","ALPHAGEO","Alphageo (India)","195","--"
"engineering-capital-goods","Engineering & capital goods","BSE","LAKSELECON","Lakshmi Elect.Contl.","194","170.15"
"engineering-capital-goods","Engineering & capital goods","NSE","BHADORA","Bhadora Industries","193","19.42"
"engineering-capital-goods","Engineering & capital goods","NSE","GLOBALPET","Global Pet Inds.","191","36.04"
"engineering-capital-goods","Engineering & capital goods","BSE","NITINCAST","Nitin Castings","190","17.84"
"engineering-capital-goods","Engineering & capital goods","BSE","MADHAVIPL","Madhav Infra Project","189","7.22"
"engineering-capital-goods","Engineering & capital goods","NSE","UHTL","United Heat Transfer","188","37.58"
"engineering-capital-goods","Engineering & capital goods","NSE","EEPL","Eppeltone Engineers","188","15.19"
"engineering-capital-goods","Engineering & capital goods","BSE","COROENGG","Coromandel Engg. Co","187","1106.98"
"engineering-capital-goods","Engineering & capital goods","BSE","GVELECTRIC","GV Electricals","187","--"
"engineering-capital-goods","Engineering & capital goods","BSE","EXPOEAPL","Expo Eng. & Projects","187","143.13"
"engineering-capital-goods","Engineering & capital goods","NSE","ROYALARC","Royal Arc Electrodes","186","18.56"
"engineering-capital-goods","Engineering & capital goods","BSE","DEL","Dhanashree Electro.","185","50.07"
"engineering-capital-goods","Engineering & capital goods","BSE","NANTA","Nanta Tech","184","22.52"
"engineering-capital-goods","Engineering & capital goods","BSE","DHINDIA","D&H India","184","21.9"
"engineering-capital-goods","Engineering & capital goods","NSE","DENEERS","DE Neers Tools","184","7.31"
"engineering-capital-goods","Engineering & capital goods","BSE","MODULEX","Modulex Construction","178","--"
"engineering-capital-goods","Engineering & capital goods","BSE","STARDELTA","Star Delta Transform","176","14.75"
"engineering-capital-goods","Engineering & capital goods","BSE","NIRAJ","Niraj Cement Struct.","174","8.24"
"engineering-capital-goods","Engineering & capital goods","NSE","UMIYA-MRO","Umiya Buildcon","168","25.63"
"engineering-capital-goods","Engineering & capital goods","NSE","HVAX","HVAX Technologies","168","11.75"
"engineering-capital-goods","Engineering & capital goods","BSE","KPT","KPT Industries","168","14.1"
"engineering-capital-goods","Engineering & capital goods","BSE","APLAB","Aplab","168","--"
"engineering-capital-goods","Engineering & capital goods","BSE","LIPPISYS","Lippi Systems","168","44.44"
"engineering-capital-goods","Engineering & capital goods","BSE","BRADYM","Brady & Morris Engg.","166","29.83"
"engineering-capital-goods","Engineering & capital goods","NSE","RAPPID","Rappid Valves India","166","25.61"
"engineering-capital-goods","Engineering & capital goods","BSE","RAPICUT","Rapicut Carbides","166","14.27"
"engineering-capital-goods","Engineering & capital goods","BSE","SHBAJRG","Shri BajrangAlliance","165","3.65"
"engineering-capital-goods","Engineering & capital goods","BSE","LOYAL","Loyal Equipments","163","22.91"
"engineering-capital-goods","Engineering & capital goods","BSE","GALLARD","Gallard Steel","160","17.61"
"engineering-capital-goods","Engineering & capital goods","BSE","DHPIND","DHP India","160","14.3"
"engineering-capital-goods","Engineering & capital goods","BSE","AARTECH","Aartech Solonics","158","38.98"
"engineering-capital-goods","Engineering & capital goods","BSE","TELGE","Telge Projects","157","26.39"
"engineering-capital-goods","Engineering & capital goods","BSE","ONEINDIG","Oneindig Technologie","157","37.63"
"engineering-capital-goods","Engineering & capital goods","NSE","SPCL","Shivalic Power Cont.","155","14.97"
"engineering-capital-goods","Engineering & capital goods","BSE","ATIL","Apollo Techno Inds.","154","13.91"
"engineering-capital-goods","Engineering & capital goods","BSE","PATELSAI","Patels Airtemp (I)","154","22.44"
"engineering-capital-goods","Engineering & capital goods","NSE","SADBHAV","Sadbhav Engineering","153","5.82"
"engineering-capital-goods","Engineering & capital goods","BSE","IKOMA","Ikoma Technologies","153","681.04"
"engineering-capital-goods","Engineering & capital goods","BSE","GGAUTO","GG Automotive Gears","152","15.86"
"engineering-capital-goods","Engineering & capital goods","NSE","AVPINFRA","AVP Infracon","150","3.56"
"engineering-capital-goods","Engineering & capital goods","NSE","BRNL","Bharat Road Network","150","--"
"engineering-capital-goods","Engineering & capital goods","BSE","NATFIT","National Fittings","150","14.36"
"engineering-capital-goods","Engineering & capital goods","BSE","KVFORGE","Krishanveer Forge","150","13.29"
"engineering-capital-goods","Engineering & capital goods","BSE","ALPHAIND","Alphalogic Inds.","150","27.81"
"engineering-capital-goods","Engineering & capital goods","NSE","TICL","Twamev Construction","148","21.0"
"engineering-capital-goods","Engineering & capital goods","BSE","REFEXRENEW","Refex Renewbl&Infra","147","--"
"engineering-capital-goods","Engineering & capital goods","NSE","HECPROJECT","HEC Infra Projects","147","11.7"
"engineering-capital-goods","Engineering & capital goods","BSE","GUJINTRX","Guj. Intrux","147","13.97"
"engineering-capital-goods","Engineering & capital goods","NSE","GIRIRAJ","Giriraj Civil Dev.","142","9.43"
"engineering-capital-goods","Engineering & capital goods","BSE","SNL","SNL Bearings","141","12.13"
"engineering-capital-goods","Engineering & capital goods","BSE","AEL","Amba Enterprises","141","16.0"
"engineering-capital-goods","Engineering & capital goods","NSE","ENVIRO","Envirotech Systems","141","11.64"
"engineering-capital-goods","Engineering & capital goods","NSE","MRIL","Mahendra Realt&Infra","140","7.87"
"engineering-capital-goods","Engineering & capital goods","BSE","SMFIL","Smiths & Founders","139","102.98"
"engineering-capital-goods","Engineering & capital goods","NSE","TARMAT","Tarmat","138","22.08"
"engineering-capital-goods","Engineering & capital goods","BSE","ATVPROJ","ATV Projects India","138","19.25"
"engineering-capital-goods","Engineering & capital goods","BSE","SCDL","Safety Contr. & Dev.","138","9.55"
"engineering-capital-goods","Engineering & capital goods","BSE","DESCO","Desco Infratech","136","8.31"
"engineering-capital-goods","Engineering & capital goods","BSE","LGBFORGE","LGB Forge","136","18.82"
"engineering-capital-goods","Engineering & capital goods","NSE","SATTVAENGG","Sattva Engg. Constn.","135","10.27"
"engineering-capital-goods","Engineering & capital goods","NSE","EMMIL","Energy-Mission Mach.","135","11.34"
"engineering-capital-goods","Engineering & capital goods","NSE","WINSOL","Winsol Engineers","131","9.08"
"engineering-capital-goods","Engineering & capital goods","BSE","DUNCANENG","Duncan Engineering","131","28.7"
"engineering-capital-goods","Engineering & capital goods","BSE","AZTEC","Aztec Fluids & Mach.","129","17.48"
"engineering-capital-goods","Engineering & capital goods","NSE","AESTHETIK","Aesthetik Engineers","129","18.13"
"engineering-capital-goods","Engineering & capital goods","BSE","KVSCASTING","KVS Castings","128","18.08"
"engineering-capital-goods","Engineering & capital goods","BSE","VIRYA","Virya Resources","127","--"
"engineering-capital-goods","Engineering & capital goods","NSE","SURANASOL","Surana Solar","127","--"
"engineering-capital-goods","Engineering & capital goods","BSE","ACCORDTS","Accord Tran. & Swit.","127","28.28"
"engineering-capital-goods","Engineering & capital goods","NSE","RICHA","Richa Info Systems","124","16.56"
"engineering-capital-goods","Engineering & capital goods","BSE","RISHILASE","Rishi Laser","124","33.74"
"engineering-capital-goods","Engineering & capital goods","NSE","ALUWIND","Aluwind Infra-Tech","124","11.85"
"engineering-capital-goods","Engineering & capital goods","NSE","SCML","Sharp Chucks & Mach.","123","13.41"
"engineering-capital-goods","Engineering & capital goods","NSE","FORGEAUTO","Forge Auto Internl.","123","11.34"
"engineering-capital-goods","Engineering & capital goods","NSE","USK","Udayshivakumar Infra","121","72.83"
"engineering-capital-goods","Engineering & capital goods","BSE","INTLCOMBQ","International Combus","121","--"
"engineering-capital-goods","Engineering & capital goods","BSE","JYOTI","Jyoti","119","6.59"
"engineering-capital-goods","Engineering & capital goods","BSE","OVAL","Oval Projects Engg.","118","8.63"
"engineering-capital-goods","Engineering & capital goods","BSE","BCPL","BCPL Railway Infra.","118","18.33"
"engineering-capital-goods","Engineering & capital goods","NSE","REPL","Rudrabhishek Enter.","116","--"
"engineering-capital-goods","Engineering & capital goods","NSE","LATTEYS","Latteys Industries","116","32.48"
"engineering-capital-goods","Engineering & capital goods","BSE","AEGEUS","Aegeus Technologies","115","28.6"
"engineering-capital-goods","Engineering & capital goods","NSE","SPCON","Srinibas PradhanCons","114","13.88"
"engineering-capital-goods","Engineering & capital goods","BSE","SAMRATFORG","Samrat Forgings","112","25.63"
"engineering-capital-goods","Engineering & capital goods","NSE","READYMIX","Readymix Construct.","112","14.93"
"engineering-capital-goods","Engineering & capital goods","BSE","HINDTINWRK","Hind Tin Works","111","13.3"
"engineering-capital-goods","Engineering & capital goods","NSE","PATTECH","Pattech Fitwell Tube","108","57.5"
"engineering-capital-goods","Engineering & capital goods","BSE","PRARUH","Praruh Technologies","107","11.4"
"engineering-capital-goods","Engineering & capital goods","BSE","HINDAPL","Hindustan Appliances","107","--"
"engineering-capital-goods","Engineering & capital goods","BSE","CALCOM","Calcom Vision","107","98.88"
"engineering-capital-goods","Engineering & capital goods","BSE","MUL","Mauria Udyog","105","4.73"
"engineering-capital-goods","Engineering & capital goods","NSE","AKSHOPTFBR","Aksh Optifibre","104","--"
"engineering-capital-goods","Engineering & capital goods","BSE","MEHAI","Mehai Technology","104","13.39"
"engineering-capital-goods","Engineering & capital goods","BSE","REXNORD","Rexnord Electronics","103","17.6"
"engineering-capital-goods","Engineering & capital goods","BSE","DUCON","Ducon Infratech.","102","9.26"
"engineering-capital-goods","Engineering & capital goods","BSE","HILTON","Hilton Metal Forging","102","29.57"
"engineering-capital-goods","Engineering & capital goods","BSE","GALAGEX","Galaxy Agrico Export","102","26.65"
"engineering-capital-goods","Engineering & capital goods","BSE","AIML","Alliance Integrated","102","--"
"engineering-capital-goods","Engineering & capital goods","BSE","JSLINDL","JSL Industries","102","30.95"
"engineering-capital-goods","Engineering & capital goods","BSE","NEWINFRA","Newtime Infrastruct.","101","--"
"engineering-capital-goods","Engineering & capital goods","BSE","HIGHNESS","Highness Microelect.","101","24.53"
"engineering-capital-goods","Engineering & capital goods","NSE","KCEIL","Kay Cee Energy&Infra","99","5.26"
"engineering-capital-goods","Engineering & capital goods","NSE","DCG","DCG Cables & Wires","99","11.47"
"engineering-capital-goods","Engineering & capital goods","BSE","RUNGTAIR","Rungta Irrigation","99","23.06"
"engineering-capital-goods","Engineering & capital goods","BSE","ITL","ITL Industries","98","11.99"
"engineering-capital-goods","Engineering & capital goods","BSE","KRRAIL","K&R Rail Engineering","97","--"
"engineering-capital-goods","Engineering & capital goods","NSE","ARABIAN","Arabian Petroleum","96","8.54"
"engineering-capital-goods","Engineering & capital goods","BSE","SHILGRAVQ","Shilp Gravures","96","14.45"
"engineering-capital-goods","Engineering & capital goods","NSE","EMKAYTOOLS","Emkay Taps & Cutting","96","11.84"
"engineering-capital-goods","Engineering & capital goods","NSE","KONSTELEC","Konstelec Engineers","95","13.04"
"engineering-capital-goods","Engineering & capital goods","NSE","SEMAC","Semac Construction","94","13.1"
"engineering-capital-goods","Engineering & capital goods","NSE","BANKA","Banka Bioloo","93","236.26"
"engineering-capital-goods","Engineering & capital goods","BSE","CENLUB","Cenlub Industries","93","11.76"
"engineering-capital-goods","Engineering & capital goods","BSE","RTSPOWR","RTS Power Corpn.","93","41.77"
"engineering-capital-goods","Engineering & capital goods","NSE","SADBHIN","Sadbhav Infra. Proj.","92","60.6"
"engineering-capital-goods","Engineering & capital goods","BSE","GUJCONT","Gujarat Containers","92","9.71"
"engineering-capital-goods","Engineering & capital goods","BSE","TIGLOB","T&I Global","89","12.73"
"engineering-capital-goods","Engineering & capital goods","BSE","REGANTO","Reganto Enterprises","88","7.73"
"engineering-capital-goods","Engineering & capital goods","BSE","SBVCL","Shri Balaji Valve","86","10.0"
"engineering-capital-goods","Engineering & capital goods","BSE","TRL","Taylormade Renewable","86","49.07"
"engineering-capital-goods","Engineering & capital goods","NSE","LAKSHYA","Lakshya Powertech","85","8.35"
"engineering-capital-goods","Engineering & capital goods","BSE","SUPERIRON","Super Iron Foundry","85","16.76"
"engineering-capital-goods","Engineering & capital goods","NSE","CLASSICEIL","Classic Electrodes","85","6.72"
"engineering-capital-goods","Engineering & capital goods","BSE","SHETRON","Shetron","85","21.37"
"engineering-capital-goods","Engineering & capital goods","NSE","MAYASHEEL","Mayasheel Ventures","84","7.45"
"engineering-capital-goods","Engineering & capital goods","BSE","ULTRACAB","Ultracab (India)","83","14.79"
"engineering-capital-goods","Engineering & capital goods","NSE","AMEYA","Ameya Precision Engg","82","14.66"
"engineering-capital-goods","Engineering & capital goods","BSE","NILACHAL","Nilachal Refactories","81","--"
"engineering-capital-goods","Engineering & capital goods","NSE","GANGAFORGE","Ganga Forging","81","--"
"engineering-capital-goods","Engineering & capital goods","NSE","NIBL","NRB Indl. Bearing","81","--"
"engineering-capital-goods","Engineering & capital goods","NSE","VDEAL","Vdeal System","81","19.49"
"engineering-capital-goods","Engineering & capital goods","BSE","SHARIKA","Sharika Enterprises","81","--"
"engineering-capital-goods","Engineering & capital goods","NSE","VISDEM","Visdem Technosys","80","10.31"
"engineering-capital-goods","Engineering & capital goods","BSE","ROLLT","Rollatainers","79","4.76"
"engineering-capital-goods","Engineering & capital goods","BSE","MIZVEN","Mizzen Ventures","78","77.54"
"engineering-capital-goods","Engineering & capital goods","BSE","VALPLAST","Valplast Tech.","78","12.69"
"engineering-capital-goods","Engineering & capital goods","NSE","NOIDATOLL","Noida Toll Bridge Co","77","2.72"
"engineering-capital-goods","Engineering & capital goods","BSE","CREATIVE","Creative Castings","77","14.84"
"engineering-capital-goods","Engineering & capital goods","BSE","JAYANT","Jayant Infratech","76","9.05"
"engineering-capital-goods","Engineering & capital goods","BSE","CRANEX","Cranex","76","31.42"
"engineering-capital-goods","Engineering & capital goods","BSE","ATAM","Atam Valves","75","30.84"
"engineering-capital-goods","Engineering & capital goods","BSE","HMEML","HM Electro Mech","74","7.59"
"engineering-capital-goods","Engineering & capital goods","BSE","ACCEL","Accel","71","19.93"
"engineering-capital-goods","Engineering & capital goods","NSE","RILINFRA","Rachana Infrastruct.","71","6.99"
"engineering-capital-goods","Engineering & capital goods","NSE","GREENLEAF","Greenleaf Envirotech","70","9.64"
"engineering-capital-goods","Engineering & capital goods","NSE","INTEGRITY","Integrity Infrabuild","69","10.0"
"engineering-capital-goods","Engineering & capital goods","BSE","SWASTIKAAL","Swastika Castal","69","21.03"
"engineering-capital-goods","Engineering & capital goods","NSE","IL&FSTRANS","IL&FS Trans &Network","68","--"
"engineering-capital-goods","Engineering & capital goods","NSE","AISL","ANI Integrated Serv.","68","12.58"
"engineering-capital-goods","Engineering & capital goods","NSE","K2INFRA","K2 Infragen","67","5.04"
"engineering-capital-goods","Engineering & capital goods","NSE","BEWLTD","BEW Engineering","67","17.69"
"engineering-capital-goods","Engineering & capital goods","NSE","SUNTECH","Suntech Infra Solutn","66","4.79"
"engineering-capital-goods","Engineering & capital goods","BSE","UNIAUTO","Universal Auto Found","66","--"
"engineering-capital-goods","Engineering & capital goods","BSE","GUJTLRM","Guj. Toolroom","65","8.47"
"engineering-capital-goods","Engineering & capital goods","NSE","SAMAY","Samay Project Serv.","64","9.4"
"engineering-capital-goods","Engineering & capital goods","BSE","GENSOL","Gensol Engineering","64","0.71"
"engineering-capital-goods","Engineering & capital goods","NSE","RKEC","RKEC Projects","64","--"
"engineering-capital-goods","Engineering & capital goods","BSE","EDVENSWA","Edvenswa Enterprises","64","14.69"
"engineering-capital-goods","Engineering & capital goods","NSE","ATLASCYCLE","Atlas Cycle(Haryana)","63","--"
"engineering-capital-goods","Engineering & capital goods","NSE","DELTAMAGNT","Delta Manufacturing","63","--"
"engineering-capital-goods","Engineering & capital goods","BSE","MANGALCOMP","Mangal Compusolution","63","10.49"
"engineering-capital-goods","Engineering & capital goods","BSE","PFL","Popular Foundations","62","60.93"
"engineering-capital-goods","Engineering & capital goods","BSE","EMAINDIA","Ema India","62","10.1"
"engineering-capital-goods","Engineering & capital goods","BSE","CONART","Conart Engineers","61","16.49"
"engineering-capital-goods","Engineering & capital goods","NSE","PSFL","Paramount Speciality","61","14.34"
"engineering-capital-goods","Engineering & capital goods","NSE","MARCO","Marco Cables&Conduct","59","14.02"
"engineering-capital-goods","Engineering & capital goods","BSE","GUJARATPOLY","Gujarat Poly Elect.","58","2.23"
"engineering-capital-goods","Engineering & capital goods","BSE","ADVANCETL","Advance Technoforge","56","13.88"
"engineering-capital-goods","Engineering & capital goods","NSE","REFRACTORY","Refractory Shapes","55","11.49"
"engineering-capital-goods","Engineering & capital goods","BSE","SHAYONAENG","Shayona Engineering","55","13.58"
"engineering-capital-goods","Engineering & capital goods","BSE","JIGAR","Jigar Cables","54","30.04"
"engineering-capital-goods","Engineering & capital goods","BSE","SHTL","Shining Tools","54","13.89"
"engineering-capital-goods","Engineering & capital goods","BSE","MAPROIN","Mapro Industries","54","117.76"
"engineering-capital-goods","Engineering & capital goods","NSE","RULKA","Rulka Electricals","54","16.42"
"engineering-capital-goods","Engineering & capital goods","NSE","AHLADA","Ahlada Engineers","54","300.38"
"engineering-capital-goods","Engineering & capital goods","BSE","VSFPROJ","VSF Projects","53","--"
"engineering-capital-goods","Engineering & capital goods","BSE","VISHALBL","Vishal Bearings","53","--"
"engineering-capital-goods","Engineering & capital goods","BSE","ACROW","Acrow India","53","291.62"
"engineering-capital-goods","Engineering & capital goods","NSE","UWCSL","Ultra Wiring Connect","52","15.79"
"engineering-capital-goods","Engineering & capital goods","NSE","TROM","Trom Industries","51","7.41"
"engineering-capital-goods","Engineering & capital goods","BSE","KAIZENAGRO","Kaizen Agro Infra.","51","136.55"
"engineering-capital-goods","Engineering & capital goods","BSE","VMS","VMS Industries","50","33.25"
"engineering-capital-goods","Engineering & capital goods","BSE","CLENON","Clenon Enterprises","49","--"
"engineering-capital-goods","Engineering & capital goods","NSE","EFORCE","Electro Force(India)","49","77.38"
"engineering-capital-goods","Engineering & capital goods","NSE","PULZ","Pulz Electronics","49","10.55"
"engineering-capital-goods","Engineering & capital goods","BSE","INCAP","Incap","49","332.79"
"engineering-capital-goods","Engineering & capital goods","BSE","SOLIMAC","Solitaire Machine","49","31.54"
"engineering-capital-goods","Engineering & capital goods","NSE","PRESSTONIC","Presstonic Engg.","49","15.48"
"engineering-capital-goods","Engineering & capital goods","BSE","CYBELEIND","Cybele Industries","48","1.53"
"engineering-capital-goods","Engineering & capital goods","NSE","MANUGRAPH","Manugraph India","48","8.6"
"engineering-capital-goods","Engineering & capital goods","BSE","INTEGSW","Integra Switchgear","48","--"
"engineering-capital-goods","Engineering & capital goods","BSE","VRUDDHI","Vruddhi Engg. Works","48","15.58"
"engineering-capital-goods","Engineering & capital goods","NSE","GAYAHWS","Gayatri Highways","47","--"
"engineering-capital-goods","Engineering & capital goods","NSE","SONAMAC","Sona Machinery","47","--"
"engineering-capital-goods","Engineering & capital goods","NSE","SONUINFRA","Sonu Infratech","46","3.56"
"engineering-capital-goods","Engineering & capital goods","BSE","TPHQ","Teamo Productions HQ","46","474.65"
"engineering-capital-goods","Engineering & capital goods","BSE","SAMINDUS","Sam Industries","46","9.44"
"engineering-capital-goods","Engineering & capital goods","BSE","INDOBELL","Indobell Insulations","46","56.9"
"engineering-capital-goods","Engineering & capital goods","NSE","CHAMUNDA","Chamunda Electrical","46","12.94"
"engineering-capital-goods","Engineering & capital goods","NSE","AKASH","Akash Infra-Projects","45","68.59"
"engineering-capital-goods","Engineering & capital goods","BSE","DHRUV","Dhruv ConsultancySer","45","--"
"engineering-capital-goods","Engineering & capital goods","BSE","LERTHAI","Lerthai Finance","44","--"
"engineering-capital-goods","Engineering & capital goods","NSE","VLINFRA","VL Infraprojects","43","5.05"
"engineering-capital-goods","Engineering & capital goods","BSE","AUSTENG","Austin EngineeringCo","43","10.02"
"engineering-capital-goods","Engineering & capital goods","NSE","TNTELE","TN Telecommunication","42","--"
"engineering-capital-goods","Engineering & capital goods","BSE","ROLCOEN","Rolcon Engg. Co.","42","13.52"
"engineering-capital-goods","Engineering & capital goods","BSE","PCS","PCS Technology","41","23.14"
"engineering-capital-goods","Engineering & capital goods","NSE","AURIGROW","Auri Grow India","41","--"
"engineering-capital-goods","Engineering & capital goods","BSE","STAL","Storage Technologies","41","--"
"engineering-capital-goods","Engineering & capital goods","NSE","MADHUCON","Madhucon Projects","40","--"
"engineering-capital-goods","Engineering & capital goods","BSE","ZWELCAST","Welcast Steels","40","--"
"engineering-capital-goods","Engineering & capital goods","BSE","ELFORGE","EL Forge","39","16.17"
"engineering-capital-goods","Engineering & capital goods","BSE","ARTEFACT","Artefact Projects","39","7.49"
"engineering-capital-goods","Engineering & capital goods","BSE","FAALCON","Faalcon Concepts","38","12.84"
"engineering-capital-goods","Engineering & capital goods","BSE","RASIELEC","Rasi Electrodes","38","10.8"
"engineering-capital-goods","Engineering & capital goods","BSE","ALFATRAN","Alfa Transformers","38","--"
"engineering-capital-goods","Engineering & capital goods","BSE","KRISHNA","Krishna Ventures","38","127.54"
"engineering-capital-goods","Engineering & capital goods","NSE","SOCL","Sundrex Oil Company","37","6.76"
"engineering-capital-goods","Engineering & capital goods","BSE","RELICAB","Relicab Cable Mfg.","36","18.85"
"engineering-capital-goods","Engineering & capital goods","BSE","CARNATIN","Carnation Industries","34","--"
"engineering-capital-goods","Engineering & capital goods","BSE","ARIGATO","Arigato Universe","34","14.9"
"engineering-capital-goods","Engineering & capital goods","BSE","ASSOCER","Associated Ceramics","33","15.84"
"engineering-capital-goods","Engineering & capital goods","NSE","KAUSHALYA","Kaushalya Infra Dev","33","100.14"
"engineering-capital-goods","Engineering & capital goods","BSE","GGDPROP","G.G. Dandekar Prop.","33","--"
"engineering-capital-goods","Engineering & capital goods","BSE","PROMAX","Promax Power","32","37.83"
"engineering-capital-goods","Engineering & capital goods","NSE","MANAV","Manav Infra Projects","32","7.99"
"engineering-capital-goods","Engineering & capital goods","NSE","AGNI","Agni Green Power","32","37.57"
"engineering-capital-goods","Engineering & capital goods","BSE","FINELINE","Fine-Line Circuits","32","263.83"
"engineering-capital-goods","Engineering & capital goods","BSE","MISQUITA","Misquita Engineering","32","139.62"
"engineering-capital-goods","Engineering & capital goods","BSE","AMTL","Advance MeteringTech","31","--"
"engineering-capital-goods","Engineering & capital goods","NSE","BLUEPEBBLE","Blue Pebble","30","61.62"
"engineering-capital-goods","Engineering & capital goods","BSE","SHREESHAY","Shreeshay Engineers","29","125.2"
"engineering-capital-goods","Engineering & capital goods","BSE","SAMTELTD","Samtel India","29","491.83"
"engineering-capital-goods","Engineering & capital goods","BSE","HAWAENG","Hawa Engineers","29","12.01"
"engineering-capital-goods","Engineering & capital goods","BSE","SWITCHTE","Switching Tech. Gunt","28","4.34"
"engineering-capital-goods","Engineering & capital goods","NSE","TARAPUR","Tarapur Transformers","28","--"
"engineering-capital-goods","Engineering & capital goods","BSE","ADARSHPL","Adarsh Plant Protect","28","--"
"engineering-capital-goods","Engineering & capital goods","BSE","JAINEX","Jainex Aamcol","28","19.92"
"engineering-capital-goods","Engineering & capital goods","BSE","ECS","ECS Biztech","27","935.61"
"engineering-capital-goods","Engineering & capital goods","NSE","SECL","Salasar Exteriors","27","--"
"engineering-capital-goods","Engineering & capital goods","BSE","TIHIL","Trans Ind Hous Impex","27","17.47"
"engineering-capital-goods","Engineering & capital goods","BSE","SPRAYKING","Sprayking","27","23.99"
"engineering-capital-goods","Engineering & capital goods","BSE","POLYCHMP","Polymechplast Mach.","27","9.99"
"engineering-capital-goods","Engineering & capital goods","BSE","EPIC","EPIC Energy","27","40.49"
"engineering-capital-goods","Engineering & capital goods","BSE","NACDAC","NACDAC Infrastruct.","26","5.94"
"engineering-capital-goods","Engineering & capital goods","BSE","DMR","DMR Engineering","26","18.58"
"engineering-capital-goods","Engineering & capital goods","BSE","HARSHILAGR","Harshil Agrotech","26","--"
"engineering-capital-goods","Engineering & capital goods","BSE","MIVENMACH","Miven Machine Tools","26","--"
"engineering-capital-goods","Engineering & capital goods","BSE","SEEMAX","Seemax Resources","26","15.1"
"engineering-capital-goods","Engineering & capital goods","NSE","TGL","Teerth Gopicon","25","1.95"
"engineering-capital-goods","Engineering & capital goods","BSE","MHEL","Mewar Hi-Tech Engg.","25","28.48"
"engineering-capital-goods","Engineering & capital goods","NSE","MIEL","Manglam Infra &Engg.","23","7.28"
"engineering-capital-goods","Engineering & capital goods","BSE","IYKOTHITE","Iykot Hitech","23","--"
"engineering-capital-goods","Engineering & capital goods","BSE","TECHIN","TechIndia Nirman","22","--"
"engineering-capital-goods","Engineering & capital goods","BSE","VIVANTA","Vivanta Industries","22","21.57"
"engineering-capital-goods","Engineering & capital goods","BSE","KIRLOSELEC","Envair Electodyne","22","201.93"
"engineering-capital-goods","Engineering & capital goods","BSE","ACIIN","ACI Infocom","21","--"
"engineering-capital-goods","Engineering & capital goods","BSE","INDRENEW","Ind Renewable Energy","20","--"
"engineering-capital-goods","Engineering & capital goods","BSE","DRA","DRA Consultants","20","6.99"
"engineering-capital-goods","Engineering & capital goods","BSE","SBECSYS","SBEC Systems (India)","20","13.55"
"engineering-capital-goods","Engineering & capital goods","BSE","BENARA","Benara Bearings&Pist","19","--"
"engineering-capital-goods","Engineering & capital goods","NSE","SKIL","SKIL Infrastructure","19","--"
"engineering-capital-goods","Engineering & capital goods","NSE","SPRL","SP Refractories","18","5.17"
"engineering-capital-goods","Engineering & capital goods","NSE","METALFORGE","Metalyst Forgings","18","--"
"engineering-capital-goods","Engineering & capital goods","BSE","CONTAINE","Containe Tech.","18","17.9"
"engineering-capital-goods","Engineering & capital goods","BSE","STERPOW","Sterling Powergensys","18","18.3"
"engineering-capital-goods","Engineering & capital goods","BSE","ADHBHUTIN","Adhbhut Infrastruct.","16","--"
"engineering-capital-goods","Engineering & capital goods","BSE","HARIGCRANK","Harig Crankshafts","16","1.57"
"engineering-capital-goods","Engineering & capital goods","BSE","PBAINFRA","PBA Infrastructure","14","--"
"engineering-capital-goods","Engineering & capital goods","BSE","RJSHAH","RJ Shah & Company","14","5.62"
"engineering-capital-goods","Engineering & capital goods","BSE","JULIEN","Julien AgroInfraTech","14","36.52"
"engineering-capital-goods","Engineering & capital goods","BSE","MAGNUS","Magnus Steel & Infra","14","2.17"
"engineering-capital-goods","Engineering & capital goods","BSE","TRANSFREIT","Trans Freight Conta.","14","9.89"
"engineering-capital-goods","Engineering & capital goods","BSE","ARROWHEAD","Arrowhead Sep. Engg.","13","80.52"
"engineering-capital-goods","Engineering & capital goods","NSE","TARANG%C2%A0","Tarang Projects","13","--"
"engineering-capital-goods","Engineering & capital goods","BSE","JANUSCORP","Janus Corporation","12","31.78"
"engineering-capital-goods","Engineering & capital goods","BSE","INCON","Incon Engineers","12","--"
"engineering-capital-goods","Engineering & capital goods","NSE","BKMINDST","BKM Industries","12","--"
"engineering-capital-goods","Engineering & capital goods","NSE","DIL","Debock Industries","12","--"
"engineering-capital-goods","Engineering & capital goods","BSE","SHIVAGR","Shivagrico Implement","12","30.13"
"engineering-capital-goods","Engineering & capital goods","BSE","RAUNAQ","Raunaq lnternational","11","118.75"
"engineering-capital-goods","Engineering & capital goods","NSE","MEP","MEP Infrast. &Devlop","11","--"
"engineering-capital-goods","Engineering & capital goods","NSE","MAKS","Maks Energy Solution","11","17.05"
"engineering-capital-goods","Engineering & capital goods","BSE","TARINI","Tarini International","11","6.55"
"engineering-capital-goods","Engineering & capital goods","NSE","TRANSWIND","Transwind Infrast.","10","11.7"
"engineering-capital-goods","Engineering & capital goods","BSE","PANELEC","Pan Electronics (I)","10","--"
"engineering-capital-goods","Engineering & capital goods","BSE","SPAR","Sparc Electrex","10","--"
"engineering-capital-goods","Engineering & capital goods","NSE","SRIRAM","Shri Ram Switchgears","10","--"
"engineering-capital-goods","Engineering & capital goods","NSE","ISHAN","Ishan International","10","24.39"
"engineering-capital-goods","Engineering & capital goods","BSE","CRANEINFRA","Crane Infrastructure","9","19.19"
"engineering-capital-goods","Engineering & capital goods","NSE","INDIFRA","Indifra","9","622.25"
"engineering-capital-goods","Engineering & capital goods","NSE","PREMIER","Premier","9","--"
"engineering-capital-goods","Engineering & capital goods","NSE","MARSHALL","Marshall Machines","9","--"
"engineering-capital-goods","Engineering & capital goods","BSE","SCANPRO","Scan Projects","9","12.08"
"engineering-capital-goods","Engineering & capital goods","BSE","IDM","International Data","8","--"
"engineering-capital-goods","Engineering & capital goods","BSE","RASSIREF","Raasi Refractories","8","--"
"engineering-capital-goods","Engineering & capital goods","BSE","CONTICON","Continental Controls","8","20.7"
"engineering-capital-goods","Engineering & capital goods","BSE","YASHRAJC","Yashraj Containeurs","8","--"
"engineering-capital-goods","Engineering & capital goods","BSE","HITTCO","Hittco Tools","7","--"
"engineering-capital-goods","Engineering & capital goods","NSE","FALCONTECH","Falcon Technoproject","6","2.13"
"engineering-capital-goods","Engineering & capital goods","BSE","STARLITE","Starlite Components","6","0.5"
"engineering-capital-goods","Engineering & capital goods","BSE","VXLINSTR","VXL Instruments","5","--"
"engineering-capital-goods","Engineering & capital goods","NSE","LAKPRE","Lakshmi Prec. Screws","5","--"
"engineering-capital-goods","Engineering & capital goods","BSE","SIPL","Shelter Infra Proj.","5","--"
"engineering-capital-goods","Engineering & capital goods","NSE","SETUINFRA","Setubandhan Infra.","5","57.81"
"engineering-capital-goods","Engineering & capital goods","BSE","SHPRE","Shree PrecoatedSteel","5","--"
"engineering-capital-goods","Engineering & capital goods","BSE","SGNTE","SGN Telecoms","5","--"
"engineering-capital-goods","Engineering & capital goods","BSE","VARDHMAN","Vardhman Concrete","4","--"
"engineering-capital-goods","Engineering & capital goods","BSE","CMICABLES","CMI","4","--"
"engineering-capital-goods","Engineering & capital goods","NSE","PERFECT","Perfect Infraengine.","4","5.01"
"engineering-capital-goods","Engineering & capital goods","BSE","TMTINDIA","TMT","4","--"
"engineering-capital-goods","Engineering & capital goods","BSE","ANANDPROJ","Anand Projects","3","--"
"engineering-capital-goods","Engineering & capital goods","BSE","DIAMANT","Diamant Infrastruct.","3","--"
"engineering-capital-goods","Engineering & capital goods","NSE","MBECL","Mcnally Bharat Engg.","2","--"
"engineering-capital-goods","Engineering & capital goods","BSE","MAHAVIRIND","Mahavir Industries","2","227.5"
"engineering-capital-goods","Engineering & capital goods","BSE","SILVERO","Silveroak Commercial","2","--"
"engineering-capital-goods","Engineering & capital goods","BSE","TECHCON","Technojet Consultant","2","47.4"
"engineering-capital-goods","Engineering & capital goods","BSE","SHAHCON","Shah Construction Co","1","--"
"engineering-capital-goods","Engineering & capital goods","NSE","UNIONBE","Union Bearings","1","--"
"engineering-capital-goods","Engineering & capital goods","BSE","MPFSL","MPF Systems","1","0.25"
"engineering-capital-goods","Engineering & capital goods","NSE","BAFEG","Baffin Engg. Project","1","--"
"engineering-capital-goods","Engineering & capital goods","NSE","RIIT","Raajmarg Infra Invt.","0","--"
"engineering-capital-goods","Engineering & capital goods","NSE","CITIUSINVT","Citius Transnet Inv.","0","--"
"engineering-capital-goods","Engineering & capital goods","NSE","IRBIT","IRBIT","0","--"
"engineering-capital-goods","Engineering & capital goods","NSE","NXT-INFRA","NXT-INFRA","0","--"
"engineering-capital-goods","Engineering & capital goods","BSE","ROADSTAR","Roadstar Infra Inv.","0","--"
"engineering-capital-goods","Engineering & capital goods","NSE","CAPINVIT","Capital Infra Trust","0","--"
"fmcg","FMCG","NSE","HINDUNILVR","Hindustan Unilever","4,83,499","32.33"
"fmcg","FMCG","NSE","ITC","ITC","3,46,690","17.47"
"fmcg","FMCG","BSE","NESTLEIND","Nestle India","2,89,035","75.84"
"fmcg","FMCG","NSE","VBL","Varun Beverages","1,48,304","43.8"
"fmcg","FMCG","NSE","BRITANNIA","Britannia Industries","1,35,488","52.03"
"fmcg","FMCG","NSE","UNITDSPR","United Spirits","1,10,848","58.84"
"fmcg","FMCG","NSE","MARICO","Marico","1,10,714","58.64"
"fmcg","FMCG","NSE","TATACONSUM","Tata Consumer Prod.","1,05,046","64.24"
"fmcg","FMCG","NSE","GODREJCP","Godrej Consumer Prod","93,182","48.7"
"fmcg","FMCG","NSE","DABUR","Dabur India","72,732","36.88"
"fmcg","FMCG","NSE","RADICO","Radico Khaitan","60,493","85.98"
"fmcg","FMCG","NSE","COLPAL","Colgate-Palmolive(I)","54,364","40.34"
"fmcg","FMCG","BSE","CUPID","Cupid","38,975","283.71"
"fmcg","FMCG","NSE","PATANJALI","Patanjali Foods","38,410","21.17"
"fmcg","FMCG","NSE","UBL","United Breweries","36,729","92.84"
"fmcg","FMCG","NSE","GODFRYPHLP","Godfrey Phillips Ind","34,235","25.02"
"fmcg","FMCG","NSE","JUBLFOOD","Jubilant FoodWorks","31,976","74.63"
"fmcg","FMCG","NSE","PGHH","P&G Hygiene & Health","27,408","34.66"
"fmcg","FMCG","NSE","AWL","AWL Agri Business","25,253","21.85"
"fmcg","FMCG","NSE","GILLETTE","Gillette India","24,723","37.01"
"fmcg","FMCG","BSE","HATSUN","Hatsun Agro Product","21,151","60.72"
"fmcg","FMCG","NSE","TRAVELFOOD","Travel Food Services","18,307","41.51"
"fmcg","FMCG","NSE","EMAMILTD","Emami","17,327","23.15"
"fmcg","FMCG","NSE","DEVYANI","Devyani Internatl.","17,280","--"
"fmcg","FMCG","BSE","ABDL","Allied Blenders&Dist","17,184","77.76"
"fmcg","FMCG","NSE","ZYDUSWELL","Zydus Wellness","16,153","85.83"
"fmcg","FMCG","NSE","BIKAJI","Bikaji Foods Inter.","15,301","59.19"
"fmcg","FMCG","NSE","HONASA","Honasa Consumer","15,255","76.29"
"fmcg","FMCG","NSE","CCL","CCL Products (India)","15,148","35.02"
"fmcg","FMCG","NSE","LTFOODS","LT Foods","14,802","23.12"
"fmcg","FMCG","NSE","EIDPARRY","E.I.D. Parry (I)","13,741","29.56"
"fmcg","FMCG","BSE","DOMS","DOMS Industries","13,596","62.54"
"fmcg","FMCG","NSE","TI","Tilaknagar Inds.","13,140","--"
"fmcg","FMCG","NSE","BALRAMCHIN","Balrampur Chini Mill","12,806","34.52"
"fmcg","FMCG","NSE","AVANTIFEED","Avanti Feeds","11,820","19.5"
"fmcg","FMCG","NSE","GODREJAGRO","Godrej Agrovet","10,617","23.77"
"fmcg","FMCG","NSE","WESTLIFE","Westlife Foodworld","9,266","292.38"
"fmcg","FMCG","NSE","KWIL","Kwality Wall's India","8,567","--"
"fmcg","FMCG","NSE","KRBL","KRBL","8,567","13.22"
"fmcg","FMCG","NSE","CELLO","Cello World","8,261","26.41"
"fmcg","FMCG","NSE","ORKLAINDIA","Orkla India","7,539","25.6"
"fmcg","FMCG","NSE","SAPPHIRE","Sapphire Foods India","7,454","--"
"fmcg","FMCG","NSE","BECTORFOOD","Mrs.Bectors Food","7,446","50.05"
"fmcg","FMCG","NSE","JYOTHYLAB","Jyothy Labs","7,339","25.84"
"fmcg","FMCG","BSE","SAFARI","Safari Industries(I)","7,273","44.06"
"fmcg","FMCG","NSE","GALAXYSURF","Galaxy Surfactants","7,179","26.85"
"fmcg","FMCG","BSE","HNDFDS","Hindustan Foods","7,179","46.12"
"fmcg","FMCG","NSE","BAJAJCON","Bajaj Consumer Care","7,036","31.55"
"fmcg","FMCG","NSE","GOKULAGRO","Gokul Agro Resources","6,974","16.59"
"fmcg","FMCG","BSE","PICCADIL","Piccadily Agro Inds.","6,834","48.63"
"fmcg","FMCG","NSE","RBA","Restau. Brands Asia","6,682","--"
"fmcg","FMCG","NSE","DODLA","Dodla Dairy","6,303","25.75"
"fmcg","FMCG","NSE","TRIVENI","Triveni Engg. & Inds","5,344","19.01"
"fmcg","FMCG","BSE","VADILALIND","Vadilal Industries","5,194","33.49"
"fmcg","FMCG","NSE","RENUKA","Shree Renuka Sugar","4,681","--"
"fmcg","FMCG","NSE","VIPIND","VIP Industries","4,414","--"
"fmcg","FMCG","NSE","BANARISUG","Banna Amman Sugars","4,344","29.37"
"fmcg","FMCG","NSE","BAJAJHIND","Bajaj Hindusthan Sug","4,291","33.89"
"fmcg","FMCG","BSE","CIANAGRO","CIAN Agro Industries","4,257","19.12"
"fmcg","FMCG","BSE","TRUALT","TruAlt Bioenergy","3,958","26.67"
"fmcg","FMCG","NSE","VSTIND","VST Industries","3,706","13.31"
"fmcg","FMCG","NSE","GOPAL","Gopal Snacks","3,412","40.62"
"fmcg","FMCG","NSE","CARYSIL","Carysil","3,383","31.68"
"fmcg","FMCG","NSE","HERITGFOOD","Heritage Foods","3,324","24.61"
"fmcg","FMCG","NSE","DALMIASUG","Dalmia Bharat Sugar","3,310","13.98"
"fmcg","FMCG","NSE","UFBL","United Foodbrands","3,072","--"
"fmcg","FMCG","BSE","ADFFOODS","ADF Foods","2,876","31.27"
"fmcg","FMCG","NSE","DIAMONDYD","Prataap Snacks","2,854","248.23"
"fmcg","FMCG","NSE","GLOBUSSPR","Globus Spirits","2,746","27.32"
"fmcg","FMCG","NSE","PARAGMILK","Parag Milk Foods","2,729","21.07"
"fmcg","FMCG","BSE","FLAIR","Flair Writing Ind.","2,638","18.88"
"fmcg","FMCG","NSE","SUNDROP","Sundrop Brands","2,528","90.43"
"fmcg","FMCG","BSE","TASTYBITE","Tasty Bite Eatables","2,449","69.36"
"fmcg","FMCG","BSE","SANSTAR","Sanstar","2,238","64.96"
"fmcg","FMCG","NSE","GMBREW","GM Breweries","2,048","13.06"
"fmcg","FMCG","NSE","ANONDITA","Anondita Medicare","1,945","58.15"
"fmcg","FMCG","NSE","AEROPLANE","Amir Chand Jagdish","1,897","18.36"
"fmcg","FMCG","BSE","GRMOVER","GRM Overseas","1,890","25.43"
"fmcg","FMCG","BSE","SDBL","Som DistilleriesBrew","1,489","--"
"fmcg","FMCG","NSE","ASALCBR","Assoc Alcohols &Brew","1,451","17.56"
"fmcg","FMCG","NSE","CLSEL","Chaman Lal Setia Exp","1,407","--"
"fmcg","FMCG","NSE","SKMEGGPROD","SKM Egg Products Exp","1,358","12.2"
"fmcg","FMCG","NSE","GODAVARIB","Godavari Biorefineri","1,337","5943.24"
"fmcg","FMCG","BSE","ANDREWYU","Andrew Yule","1,328","--"
"fmcg","FMCG","NSE","MVKAGRO","M.V.K. Agro FoodProd","1,281","27.47"
"fmcg","FMCG","NSE","SULA","Sula Vineyards","1,276","51.5"
"fmcg","FMCG","NSE","AVADHSUGAR","Avadh Sugar & Energy","1,261","19.12"
"fmcg","FMCG","BSE","GULPOLY","Gulshan Polyols","1,185","27.79"
"fmcg","FMCG","NSE","APEX","Apex Frozen Foods","1,145","29.49"
"fmcg","FMCG","NSE","BCLIND","BCL Industries","1,104","9.47"
"fmcg","FMCG","NSE","HMAAGRO","HMA Agro Inds.","1,087","6.6"
"fmcg","FMCG","NSE","AVTNPL","AVT Natural Products","1,075","16.59"
"fmcg","FMCG","NSE","KRISHIVAL","Krishival Foods","1,046","47.52"
"fmcg","FMCG","NSE","DHAMPURSUG","Dhampur Sugar Mills","1,036","14.74"
"fmcg","FMCG","NSE","UTTAMSUGAR","Uttam Sugar Mills","964","11.08"
"fmcg","FMCG","NSE","IFBAGRO","IFB Agro Industries","943","15.82"
"fmcg","FMCG","NSE","SHRIAHIMSA","Shri Ahimsa Naturals","920","31.62"
"fmcg","FMCG","BSE","REGAAL","Regaal Resources","903","16.26"
"fmcg","FMCG","BSE","SHAHFOOD","Shah Foods","849","--"
"fmcg","FMCG","BSE","JAGAJITIND","Jagatjit Industries","841","85.0"
"fmcg","FMCG","NSE","KOKUYOCMLN","Kokuyo Camlin","820","37.23"
"fmcg","FMCG","BSE","STANLEY","Stanley Lifestyles","811","67.02"
"fmcg","FMCG","BSE","LOTUSCHO","Lotus Chocolate Co","806","--"
"fmcg","FMCG","NSE","HEXAGON","Hexagon Nutrition","805","21.22"
"fmcg","FMCG","NSE","PARIN","Parin Enterprises","776","123.33"
"fmcg","FMCG","NSE","DWARKESH","Dwarikesh Sugar Inds","772","53.25"
"fmcg","FMCG","NSE","SPECIALITY","Speciality Restauran","762","32.53"
"fmcg","FMCG","NSE","DBOL","Dhampur Bio Organics","756","9.0"
"fmcg","FMCG","NSE","MAGADSUGAR","Magadh Sugar &Energy","731","14.32"
"fmcg","FMCG","NSE","EIFFL","Euro India FreshFood","728","146.58"
"fmcg","FMCG","BSE","MUKKA","Mukka Proteins","725","13.92"
"fmcg","FMCG","BSE","SCPL","Sheetal Cool Prod.","683","35.74"
"fmcg","FMCG","BSE","KSE","KSE","665","7.91"
"fmcg","FMCG","NSE","GANESHCP","Ganesh Consumer Prod","653","14.39"
"fmcg","FMCG","BSE","SHINDL","Sharat Industries","643","38.22"
"fmcg","FMCG","NSE","PROV","Proventus Agrocom","641","45.35"
"fmcg","FMCG","BSE","COFFEEDAY","Coffee Day Enter.","638","3.63"
"fmcg","FMCG","BSE","LINC","Linc","584","18.53"
"fmcg","FMCG","BSE","NWIL","Nurture Well Industr","583","8.68"
"fmcg","FMCG","BSE","DCMSRIND","DCM Shriram Inds.","559","13.43"
"fmcg","FMCG","BSE","MODINATUR","Modi Naturals","519","10.32"
"fmcg","FMCG","NSE","AARTISURF","Aarti Surfactants","518","28.15"
"fmcg","FMCG","BSE","SUKHJITS","Sukhjit Starch &Chem","505","14.77"
"fmcg","FMCG","NSE","KNAGRI","KN Agri Resources","503","15.88"
"fmcg","FMCG","NSE","MCLEODRUSS","Mcleod Russel India","498","--"
"fmcg","FMCG","NSE","UGARSUGAR","Ugar Sugar Works","493","17.1"
"fmcg","FMCG","NSE","KAYA","Kaya","463","--"
"fmcg","FMCG","BSE","GOODRICKE","Goodricke Group","458","7.25"
"fmcg","FMCG","BSE","PAJSON","Pajson Agro India","452","18.25"
"fmcg","FMCG","BSE","DAVANGERE","Davangere Sugar Co","442","51.95"
"fmcg","FMCG","NSE","MAWANASUG","Mawana Sugars","438","15.9"
"fmcg","FMCG","BSE","KRITINUT","Kriti Nutrients","426","12.78"
"fmcg","FMCG","NSE","SARVESHWAR","Sarveshwar Foods","426","12.93"
"fmcg","FMCG","NSE","GOKUL","Gokul Refoils & Solv","392","21.24"
"fmcg","FMCG","NSE","SHETHJI","Shreeji Global FMCG","388","19.5"
"fmcg","FMCG","NSE","FOODSIN","Foods & Inns","378","15.48"
"fmcg","FMCG","NSE","MADHUSUDAN","Madhusudan Masala","377","18.11"
"fmcg","FMCG","BSE","MEGASTAR","Megastar Foods","363","36.61"
"fmcg","FMCG","NSE","HOACFOODS","Hoac Foods India","352","79.79"
"fmcg","FMCG","NSE","KCPSUGIND","KCP Sugar&Inds. Corp","349","31.39"
"fmcg","FMCG","BSE","SBECSUG","SBEC Sugar","345","18.49"
"fmcg","FMCG","BSE","MONIKA","Monika Alcobev","344","10.69"
"fmcg","FMCG","BSE","SAYAJIIND","Sayaji Industries","325","26.69"
"fmcg","FMCG","BSE","VPAL","Vegorama Punjabi Ang","322","26.77"
"fmcg","FMCG","NSE","ANNAPURNA","Annapurna Swadisht","321","10.59"
"fmcg","FMCG","NSE","CKKRETAIL","CKK Retail Mart","289","27.4"
"fmcg","FMCG","NSE","SAWALIYA","Sawaliya Food Prod.","286","35.71"
"fmcg","FMCG","NSE","PONNIERODE","Ponni Sugars (Erode)","284","5.74"
"fmcg","FMCG","BSE","COASTCORP","Coastal Corporation","280","8.69"
"fmcg","FMCG","BSE","CHATHA","Chatha Foods","278","41.52"
"fmcg","FMCG","BSE","RECODE","Recode Studios","271","24.12"
"fmcg","FMCG","BSE","KINGSINFR","Kings Infra Ventures","267","16.5"
"fmcg","FMCG","BSE","AVEER","Aveer Foods","263","73.86"
"fmcg","FMCG","NSE","JAYSREETEA","Jay Shree Tea& Inds.","261","--"
"fmcg","FMCG","NSE","KMSUGAR","KM Sugar Mills","259","5.38"
"fmcg","FMCG","BSE","CUPIDALBV","Cupid Breweries","253","--"
"fmcg","FMCG","BSE","SURJIND","Suraj Industries","249","53.06"
"fmcg","FMCG","NSE","TRANSTEEL","Transteel Seat Tech","233","10.44"
"fmcg","FMCG","NSE","UNITEDTEA","The United Nilgiri","231","11.36"
"fmcg","FMCG","NSE","SHIVASHRIT","Shivashrit Foods","227","16.19"
"fmcg","FMCG","BSE","VIJSOLX","Vijay Solvex","225","11.64"
"fmcg","FMCG","NSE","KOTARISUG","Kothari Sugars &Chem","217","32.76"
"fmcg","FMCG","NSE","PKTEA","Peria Karamalai Tea","214","--"
"fmcg","FMCG","BSE","IWP","Indian Wood Products","213","46.6"
"fmcg","FMCG","BSE","NTCIND","NTC Industries","208","10.64"
"fmcg","FMCG","NSE","SSFL","Srivari Spices Foods","208","12.83"
"fmcg","FMCG","BSE","MNFL","Mother Nutri Foods","202","17.39"
"fmcg","FMCG","NSE","SAKHTISUG","Sakthi Sugars","201","7.15"
"fmcg","FMCG","BSE","RADIXIND","Radix Industries (I)","201","68.78"
"fmcg","FMCG","BSE","MLKFOOD","Milkfood","198","--"
"fmcg","FMCG","NSE","RANASUG","Rana Sugars","198","8.31"
"fmcg","FMCG","NSE","GOYALSALT","Goyal Salt","196","17.26"
"fmcg","FMCG","NSE","NEAGI","Neelamalai Agro Inds","195","6.7"
"fmcg","FMCG","BSE","ADON","Adon Agro Commoditie","191","8.26"
"fmcg","FMCG","BSE","WATERBASE","Waterbase","185","--"
"fmcg","FMCG","BSE","OVOBELE","Ovobel Foods","184","4.75"
"fmcg","FMCG","BSE","AJANTSOY","Ajanta Soya","182","21.7"
"fmcg","FMCG","BSE","BAMBINO","Bambino Agro Inds.","177","18.0"
"fmcg","FMCG","BSE","ZAPPFRESH","DSM Fresh Foods","166","11.54"
"fmcg","FMCG","NSE","MKPL","MK Proteins","157","22.97"
"fmcg","FMCG","BSE","ELFIN","Elfin Agro India","157","27.19"
"fmcg","FMCG","BSE","OSWALOR","Oswal Overseas","155","--"
"fmcg","FMCG","BSE","INFLAME","Inflame Appliances","155","26.79"
"fmcg","FMCG","NSE","DTIL","Dhunseri Tea & Inds.","149","--"
"fmcg","FMCG","BSE","VISTARAMAR","Vistar Amar","145","11.75"
"fmcg","FMCG","BSE","CRAZY","Crazy Snacks","142","22.38"
"fmcg","FMCG","BSE","TIRUSTA","Tirupati Starch&Chem","139","21.49"
"fmcg","FMCG","BSE","APOLLOIN","Apollo Ingredients","137","63.28"
"fmcg","FMCG","BSE","YASHHTEJ","Yashhtej Inds. (I)","137","10.97"
"fmcg","FMCG","BSE","ZEAL","Zeal Aqua","137","9.71"
"fmcg","FMCG","BSE","OSWALSUG","Indian Sucrose","136","4.36"
"fmcg","FMCG","BSE","SHRIGANG","Shri Gang Ind&Allied","133","6.77"
"fmcg","FMCG","BSE","DHAMPURE","Dhampure Splty.Sugar","131","20.84"
"fmcg","FMCG","NSE","DOLLEX","Dollex Agrotech","128","16.17"
"fmcg","FMCG","BSE","AMBARPIL","Ambar Protein Inds.","125","17.8"
"fmcg","FMCG","NSE","SHYAMDHANI","Shyam Dhani Inds.","124","14.57"
"fmcg","FMCG","BSE","BNALTD","B&A","123","168.18"
"fmcg","FMCG","NSE","VISHWARAJ","Vishwaraj Sugar Ind.","117","--"
"fmcg","FMCG","NSE","JEYYAM","Jeyyam Global Foods","114","8.28"
"fmcg","FMCG","NSE","ANIKINDS","Anik Industries","111","--"
"fmcg","FMCG","BSE","PURETROP","Puretrop Fruits","109","9.66"
"fmcg","FMCG","NSE","GROBTEA","Grob Tea Co","107","18.58"
"fmcg","FMCG","BSE","VANDU","Leo Dryfruits&Spices","106","10.1"
"fmcg","FMCG","NSE","TBI","TBI Corn","106","5.71"
"fmcg","FMCG","NSE","RAJSREESUG","Rajshree Sugars&Chem","104","--"
"fmcg","FMCG","BSE","PCCOSMA","Pee Cee Cosma Sope","103","12.37"
"fmcg","FMCG","BSE","PARVATI","Parvati Sweetners","100","--"
"fmcg","FMCG","NSE","NORBTEAEXP","Norben Tea & Exports","100","--"
"fmcg","FMCG","BSE","NHCFOODS","NHC Foods","99","3.7"
"fmcg","FMCG","BSE","JAMESWARREN","James Warren Tea","98","12.87"
"fmcg","FMCG","BSE","LYKISLTD","Krowniq","97","8.92"
"fmcg","FMCG","BSE","SRDAPRT","Sarda Proteins","92","33.02"
"fmcg","FMCG","BSE","VASUPRADA","Shri Vasuprada Plant","88","--"
"fmcg","FMCG","BSE","VALENCIA","Valencia Nutrition","86","82.38"
"fmcg","FMCG","NSE","KOHINOOR","Kohinoor Foods","86","1.06"
"fmcg","FMCG","BSE","THRIVE","Thrive Future Habita","85","--"
"fmcg","FMCG","BSE","MODAIRY","Modern Dairies","85","15.9"
"fmcg","FMCG","BSE","UNIVSTAR","Univer Starch-Chem","84","4.44"
"fmcg","FMCG","BSE","PRIMIND","Prime Industries","84","57.78"
"fmcg","FMCG","BSE","PICCADSUG","Piccadily Sugar","83","105.29"
"fmcg","FMCG","BSE","TERAI","Terai Tea Company","83","15.92"
"fmcg","FMCG","BSE","RAVEL","Ravelcare","82","15.97"
"fmcg","FMCG","NSE","AAKAAR","Aakaar Medical Tech.","79","11.97"
"fmcg","FMCG","NSE","JHS","JHS Svendgaard Labs.","78","--"
"fmcg","FMCG","BSE","KLRF","Kovil.Lakshmi Roller","77","9.47"
"fmcg","FMCG","BSE","PHILCORP","Team24 Consumer Prod","76","248.09"
"fmcg","FMCG","NSE","ROML","Raj Oil Mills","72","15.42"
"fmcg","FMCG","BSE","RITESHIN","Ritesh International","72","14.27"
"fmcg","FMCG","BSE","NGIL","Nakoda Group of Ind.","70","43.01"
"fmcg","FMCG","BSE","VIRATCRA","Virat Crane Inds.","70","--"
"fmcg","FMCG","NSE","ALCODIS","Alcokraft Distiller.","69","7.73"
"fmcg","FMCG","BSE","KESARENT","Kesar Enterprises","68","--"
"fmcg","FMCG","NSE","OMFURN","Omfurn India","68","10.74"
"fmcg","FMCG","BSE","TANVI","Tanvi Foods (I)","68","42.13"
"fmcg","FMCG","BSE","KAMATS","Vikram Kamats Hospit","67","492.98"
"fmcg","FMCG","NSE","AJOONI","Ajooni Biotech","66","15.3"
"fmcg","FMCG","BSE","ESSEX","Essex Marine","65","10.2"
"fmcg","FMCG","BSE","MANIVENI","MR Maniveni Foods","65","16.86"
"fmcg","FMCG","BSE","TAHMARENT","Tahmar Enterprises","64","--"
"fmcg","FMCG","BSE","KFBL","Kothari Fermentn&Bio","64","--"
"fmcg","FMCG","BSE","GAYATRI","Gayatri Sugars","61","118.22"
"fmcg","FMCG","BSE","ARTEMISADR","Artemis ADR Mktplace","61","--"
"fmcg","FMCG","BSE","OCEANIC","Oceanic Foods","61","8.18"
"fmcg","FMCG","BSE","WINSOMBR","Winsome Breweries","59","--"
"fmcg","FMCG","BSE","GAYATRIBI","Gayatri Bio Organics","59","--"
"fmcg","FMCG","BSE","CEETAIN","Ceeta Industries","59","101.31"
"fmcg","FMCG","BSE","SAMPRE","Sampre Nutritions","58","16.35"
"fmcg","FMCG","BSE","WARRENTEA","Warren Tea","56","--"
"fmcg","FMCG","BSE","FLEXFO","Flex Foods","56","--"
"fmcg","FMCG","NSE","NAMAN","Naman Industries Pro","55","--"
"fmcg","FMCG","BSE","SSMD","SSMD Agrotech India","54","9.72"
"fmcg","FMCG","BSE","DILIGENT","Diligent Industries","52","20.51"
"fmcg","FMCG","BSE","SABOOSOD","Saboo Sodium Chloro","52","31.68"
"fmcg","FMCG","BSE","ANJANIFOODS","Anjani Foods","51","149.86"
"fmcg","FMCG","BSE","IBINFO","IB Infotech","51","41.11"
"fmcg","FMCG","NSE","DANGEE","Dangee Dums","46","--"
"fmcg","FMCG","NSE","RKDL","Ravi Kumar Distiller","45","331.59"
"fmcg","FMCG","NSE","ITALIANE","Italian Edibles","45","11.24"
"fmcg","FMCG","NSE","AMBICAAGAR","Ambica Agarbathies","44","12.7"
"fmcg","FMCG","NSE","GOLDENTOBC","Golden Tobacco","44","6.37"
"fmcg","FMCG","BSE","STDSFAC","Standard Surfactants","43","12.92"
"fmcg","FMCG","NSE","PRUDMOULI","Pruden Sugar Corpn.","43","7.01"
"fmcg","FMCG","BSE","SARUPINDUS","Sarup Industries","43","75.47"
"fmcg","FMCG","NSE","REXPRO","Rexpro Enterprises","42","19.22"
"fmcg","FMCG","BSE","SPECFOOD","Spectrum Foods","42","52.07"
"fmcg","FMCG","BSE","DIANATEA","Diana Tea","40","22.86"
"fmcg","FMCG","NSE","BABAFP","Baba Food Processing","40","--"
"fmcg","FMCG","BSE","ORIBEVER","Orient Beverages","40","10.41"
"fmcg","FMCG","BSE","SWOJAS","Swojas Foods","37","48.49"
"fmcg","FMCG","NSE","SANWARIA","Sanwaria Consumer","36","--"
"fmcg","FMCG","BSE","POONADAL","Poona Dal &Oil Inds.","36","25.37"
"fmcg","FMCG","BSE","NUWAY","Nuway OrganicNatural","35","171.0"
"fmcg","FMCG","BSE","HIPOLIN","Hipolin","34","--"
"fmcg","FMCG","BSE","DFPL","Dindigul Farm Prod.","34","9.27"
"fmcg","FMCG","BSE","JFL","Jhandewalas Foods","33","5.49"
"fmcg","FMCG","BSE","RAVALSUGAR","Ravalgaon Sugar Farm","32","--"
"fmcg","FMCG","NSE","NKIND","NK Industries","32","--"
"fmcg","FMCG","BSE","SILVOAK","Silver Oak (India)","29","--"
"fmcg","FMCG","NSE","SIMBHALS","Simbhaoli Sugars","29","--"
"fmcg","FMCG","BSE","TYROON","Tyroon Tea Company","29","--"
"fmcg","FMCG","BSE","CHORDIA","Chordia Food Prod","29","37.47"
"fmcg","FMCG","NSE","NFPSAMPOOR","NFP Sampoorna Foods","29","6.34"
"fmcg","FMCG","BSE","LAKESHORE","Lake Shore Realty","28","153.04"
"fmcg","FMCG","BSE","KMGMILK","KMG Milk Food","27","828.84"
"fmcg","FMCG","BSE","SUNILAGR","Sunil Agro Foods","27","66.9"
"fmcg","FMCG","BSE","DATIWARE","Datiware Maritime","26","--"
"fmcg","FMCG","BSE","KANCOTEA","Kanco Tea & Inds.","26","--"
"fmcg","FMCG","BSE","JAYKAILASH","Jay Kailash Namkeen","25","20.96"
"fmcg","FMCG","BSE","MILEFUR","Milestone Furniture","24","--"
"fmcg","FMCG","BSE","GOEL","Goel Food Products","24","8.34"
"fmcg","FMCG","BSE","AMBOAGRI","Ambo Agritec","23","43.33"
"fmcg","FMCG","BSE","MPDL","MPDL","22","--"
"fmcg","FMCG","NSE","TAPIFRUIT","Tapi FruitProcessing","22","--"
"fmcg","FMCG","BSE","SONALIS","Sonalis Cons Prod.","21","2.44"
"fmcg","FMCG","BSE","VANDAN","Vandan Foods","20","15.15"
"fmcg","FMCG","BSE","PARMCOS-B","Paramount Cosmetics","20","382.52"
"fmcg","FMCG","BSE","NOVATEOR","Novateor Research","20","242.46"
"fmcg","FMCG","BSE","ABRFL","Abram Food","20","8.52"
"fmcg","FMCG","BSE","LABELKRAFT","Labelkraft Techno","20","15.35"
"fmcg","FMCG","BSE","MSRINDIA","MSR Copper","19","--"
"fmcg","FMCG","BSE","PRIMAIN","Prima Industries","18","4.13"
"fmcg","FMCG","BSE","SOLVEX","Solvex Edibles","17","232.88"
"fmcg","FMCG","BSE","INDONG","Indong Tea Co","17","--"
"fmcg","FMCG","BSE","NEELKANTH","Neelkanth","17","70.56"
"fmcg","FMCG","BSE","SFSL","Shashwat Furnishing","16","--"
"fmcg","FMCG","BSE","NATRAJPR","Natraj Proteins","15","12.96"
"fmcg","FMCG","BSE","BKV","BKV Industries","15","--"
"fmcg","FMCG","BSE","NCCBLUE","NCC Blue Water Prod","15","5.05"
"fmcg","FMCG","BSE","ASTRONMULT","Astron Multigrain","15","4.41"
"fmcg","FMCG","BSE","KIRANPR","Kiran Print-Pack","15","117.0"
"fmcg","FMCG","BSE","MULLER","Muller & Phipps (I)","13","--"
"fmcg","FMCG","BSE","OCTAVIUSPL","Octavius Plantations","13","16.06"
"fmcg","FMCG","BSE","ANSINDUS","ANS Industries","13","5.61"
"fmcg","FMCG","BSE","SBL","Shivamshree Business","13","19.49"
"fmcg","FMCG","BSE","NEO","Neopolitan Pizza","12","56.95"
"fmcg","FMCG","BSE","SURFI","Suryo Foods & Inds.","12","--"
"fmcg","FMCG","BSE","UNRYLMA","Uniroyal Marine Exp.","12","45.1"
"fmcg","FMCG","BSE","SWASTH","Swasth Foodtech Ind.","9","--"
"fmcg","FMCG","BSE","CHOTHANI","Chothani Foods","9","78.06"
"fmcg","FMCG","BSE","SUPERBAK","Super Bakers (India)","9","19.28"
"fmcg","FMCG","BSE","PRIMAGR","Prima Agro","8","19.23"
"fmcg","FMCG","BSE","TDSL","Tasty Dairy Special.","8","--"
"fmcg","FMCG","BSE","FLORACORP","Flora Corporation","7","22.18"
"fmcg","FMCG","NSE","NIJJER","Nijjer Agro","7","--"
"fmcg","FMCG","BSE","GGPL","Gala Global Products","7","--"
"fmcg","FMCG","BSE","HANSUGAR","Shree Hanuman Sugar","6","--"
"fmcg","FMCG","BSE","MAGENTA","Magenta Lifecare","6","55.08"
"fmcg","FMCG","BSE","BANSTEA","Novyra Pharmachem","6","--"
"fmcg","FMCG","BSE","TRANSFD","Transglobe Foods","6","--"
"fmcg","FMCG","BSE","RGRL","Retro Green Revolut.","5","36.64"
"fmcg","FMCG","BSE","GOLDCOINHF","Goldcoin Health Food","5","--"
"fmcg","FMCG","BSE","TRICOMFRU","Tricom Fruit Product","4","--"
"fmcg","FMCG","BSE","MADHURFOOD","Madhur Industries","3","--"
"fmcg","FMCG","NSE","VASA","VASA Retail&Overseas","3","--"
"fmcg","FMCG","NSE","EXOTICCOAL%C2%A0","Exotic Coal","1","--"
"fmcg","FMCG","BSE","EMAMILTD7","EMAMILTD7","0","--"
"fmcg","FMCG","BSE","SRIND","Arur Footwear","0","--"
"fertilizers","Fertilizers","NSE","COROMANDEL","Coromandel Interntl.","61,139","33.37"
"fertilizers","Fertilizers","NSE","FACT","Fert Chem Travancore","53,092","1898.86"
"fertilizers","Fertilizers","NSE","DEEPAKFERT","Deepak Fert & Petro","18,424","18.72"
"fertilizers","Fertilizers","NSE","CHAMBLFERT","Chambal Fer. & Chem.","17,725","9.19"
"fertilizers","Fertilizers","NSE","PARADEEP","Paradeep Phosphates","15,287","14.26"
"fertilizers","Fertilizers","NSE","GNFC","GNFC","8,094","7.81"
"fertilizers","Fertilizers","NSE","MBAPL","MP Bharat Agro Prod.","7,262","46.87"
"fertilizers","Fertilizers","NSE","RCF","Rashtriya Chemicals","6,852","16.03"
"fertilizers","Fertilizers","NSE","GSFC","GSFC","6,404","9.52"
"fertilizers","Fertilizers","NSE","KRISHANA","Krishana Phoschem","5,764","29.31"
"fertilizers","Fertilizers","NSE","NFL","National Fertilizers","3,530","16.69"
"fertilizers","Fertilizers","NSE","GSPCROP","GSP Crop science","2,737","27.96"
"fertilizers","Fertilizers","BSE","KOTIC","Kothari Indl. Corpn.","1,596","--"
"fertilizers","Fertilizers","NSE","SPIC","Southern Petrochem.","1,368","6.47"
"fertilizers","Fertilizers","NSE","MADRASFERT","Madras Fertilizers","1,059","14.92"
"fertilizers","Fertilizers","NSE","ZUARI","Zuari Agro Chemicals","925","0.98"
"fertilizers","Fertilizers","NSE","ARIES","Aries Agro","515","10.79"
"fertilizers","Fertilizers","NSE","KHAICHEM","Khaitan Chem & Fert.","504","8.66"
"fertilizers","Fertilizers","BSE","RAMAPHO","Rama Phosphates","434","8.08"
"fertilizers","Fertilizers","NSE","BALAJIPHOS","Balaji Phosphates","214","20.9"
"fertilizers","Fertilizers","NSE","ANYA","Anya Polytech &Fert.","185","21.99"
"fertilizers","Fertilizers","NSE","IPHL","Indian Phosphate","165","7.53"
"fertilizers","Fertilizers","NSE","NAGAFERT","Nagarjuna Fertilizer","144","--"
"fertilizers","Fertilizers","BSE","BHARATAGRI","Bharat Agri Fert","119","--"
"fertilizers","Fertilizers","BSE","BASANTGL","Basant Agro Tech (I)","103","14.23"
"fertilizers","Fertilizers","BSE","STARBEAM","Starbeam Ventures","83","44.9"
"fertilizers","Fertilizers","BSE","TEEAI","Teesta Agro Inds.","65","7.79"
"fertilizers","Fertilizers","NSE","AGROPHOS","Agro Phos India","57","8.08"
"fertilizers","Fertilizers","BSE","PHOSPHATE","Phosphate Company","49","11.71"
"fertilizers","Fertilizers","BSE","SHIVAAGRO","Shiva Global Agro","38","--"
"fertilizers","Fertilizers","NSE","BOHRAIND","Bohra Industries","32","--"
"fertilizers","Fertilizers","BSE","SCBL","Saptak Chem&Business","10","--"
"fertilizers","Fertilizers","BSE","MPAGI","MP Agro Industries","5","67.29"
"financial-services","Financial services","NSE","HDFCBANK","HDFC Bank","11,23,345","14.22"
"financial-services","Financial services","NSE","ICICIBANK","ICICI Bank","10,24,776","18.27"
"financial-services","Financial services","NSE","SBIN","State Bank Of India","9,96,907","11.56"
"financial-services","Financial services","NSE","BAJFINANCE","Bajaj Finance","6,73,648","33.18"
"financial-services","Financial services","NSE","LICI","Life Insurance Corp.","5,26,240","8.76"
"financial-services","Financial services","NSE","KOTAKBANK","Kotak Mahindra Bank","3,90,186","19.22"
"financial-services","Financial services","NSE","AXISBANK","Axis Bank","3,81,627","13.74"
"financial-services","Financial services","NSE","BAJAJFINSV","Bajaj Finserv","3,21,854","31.73"
"financial-services","Financial services","NSE","SHRIRAMFIN","Shriram Finance","2,64,405","23.36"
"financial-services","Financial services","NSE","SBILIFE","SBI Life Insurance","1,84,113","70.79"
"financial-services","Financial services","NSE","JIOFIN","JIO Financial Serv.","1,68,380","81.48"
"financial-services","Financial services","NSE","CHOLAFIN","Chola Invest & Fin.","1,62,341","28.23"
"financial-services","Financial services","NSE","TATACAP","Tata Capital","1,55,723","28.82"
"financial-services","Financial services","NSE","ICICIAMC","ICICI Prud.Asset Man","1,52,064","46.1"
"financial-services","Financial services","NSE","BSE","BSE","1,43,861","50.81"
"financial-services","Financial services","NSE","UNIONBANK","Union Bank Of India","1,42,519","6.9"
"financial-services","Financial services","NSE","PNB","PNB","1,35,617","6.14"
"financial-services","Financial services","NSE","BANKBARODA","Bank Of Baroda","1,29,129","7.11"
"financial-services","Financial services","NSE","BAJAJHLDNG","Bajaj Hold & Invest.","1,27,454","14.39"
"financial-services","Financial services","NSE","PFC","Power Finance Corpn.","1,24,414","4.78"
"financial-services","Financial services","NSE","GROWW","Billionbrains Garage","1,23,747","50.72"
"financial-services","Financial services","NSE","INDIANB","Indian Bank","1,19,947","9.38"
"financial-services","Financial services","NSE","CANBK","Canara Bank","1,19,551","6.02"
"financial-services","Financial services","NSE","HDFCLIFE","HDFC Life Insurance","1,16,445","58.95"
"financial-services","Financial services","NSE","MUTHOOTFIN","Muthoot Finance","1,16,426","10.24"
"financial-services","Financial services","NSE","SBIFUNDS","SBI Funds Management","1,15,926","37.79"
"financial-services","Financial services","NSE","IRFC","Indian Railway Fin.","1,15,343","16.04"
"financial-services","Financial services","NSE","ABCAPITAL","Aditya Birla Capital","1,11,100","27.07"
"financial-services","Financial services","NSE","HDFCAMC","HDFC Asset Mngt. Co","1,07,154","36.35"
"financial-services","Financial services","NSE","PAYTM","One97 Communications","1,02,934","158.36"
"financial-services","Financial services","NSE","RECLTD","REC","91,110","5.68"
"financial-services","Financial services","NSE","IDBI","IDBI Bank","88,761","9.53"
"financial-services","Financial services","NSE","FEDERALBNK","Federal Bank","87,744","18.74"
"financial-services","Financial services","NSE","AUBANK","AU Small Fin. Bank","81,607","28.57"
"financial-services","Financial services","NSE","ICICIGI","ICICI Lombard Gen.","81,371","33.51"
"financial-services","Financial services","NSE","POLICYBZR","PB Fintech","79,815","106.67"
"financial-services","Financial services","NSE","INDUSINDBK","Indusind Bank","78,763","59.56"
"financial-services","Financial services","NSE","LTF","L&T Finance","78,627","24.71"
"financial-services","Financial services","NSE","MCX","Multi Commodity Exch","75,529","48.99"
"financial-services","Financial services","NSE","NAM-INDIA","Nippon LifeInd.Asset","74,847","45.72"
"financial-services","Financial services","NSE","IDFCFIRSTB","IDFC First Bank","73,642","31.95"
"financial-services","Financial services","NSE","ICICIPRULI","ICICI PrudentialLife","73,266","--"
"financial-services","Financial services","NSE","YESBANK","Yes Bank","71,721","19.0"
"financial-services","Financial services","BSE","BAJAJHFL","Bajaj Housing Fin.","70,617","26.23"
"financial-services","Financial services","NSE","BANKINDIA","Bank Of India","66,196","5.62"
"financial-services","Financial services","NSE","IOB","Indian Overseas Bank","65,145","10.93"
"financial-services","Financial services","NSE","MAHABANK","Bank of Maharashtra","63,009","8.36"
"financial-services","Financial services","NSE","GICRE","General Ins. Corpn.","62,369","6.45"
"financial-services","Financial services","NSE","SBICARD","SBI Cards & Payment","62,228","27.35"
"financial-services","Financial services","NSE","RBLBANK","RBL Bank","59,989","66.72"
"financial-services","Financial services","NSE","HDBFS","HDB Financial Serv.","57,211","20.72"
"financial-services","Financial services","NSE","M&MFIN","Mah & Mah Finl. Serv","55,001","16.91"
"financial-services","Financial services","NSE","MOTILALOFS","Motilal Oswal Fin","53,892","27.22"
"financial-services","Financial services","NSE","MFSL","Max Financial Serv.","52,595","626.22"
"financial-services","Financial services","NSE","SUNDARMFIN","Sundaram Finance","49,909","22.48"
"financial-services","Financial services","NSE","360ONE","360 One Wam","47,203","37.4"
"financial-services","Financial services","BSE","AIIL","Authum Inv. & Infra","47,170","22.48"
"financial-services","Financial services","NSE","PIRAMALFIN","Piramal Finance","46,939","27.82"
"financial-services","Financial services","NSE","POONAWALLA","Poonawalla Fincorp","42,626","54.17"
"financial-services","Financial services","NSE","HUDCO","Housing & Urban Dev.","38,487","9.04"
"financial-services","Financial services","NSE","ANANDRATHI","Anand Rathi Wealth","36,344","78.16"
"financial-services","Financial services","NSE","TATAINVEST","Tata Invest. Corpn.","34,481","80.02"
"financial-services","Financial services","NSE","STARHEALTH","Star Health & Allied","34,329","40.66"
"financial-services","Financial services","NSE","MANAPPURAM","Manappuram Finance","33,252","22.94"
"financial-services","Financial services","NSE","IREDA","Indian Ren. Energy","33,219","16.9"
"financial-services","Financial services","NSE","CRISIL","CRISIL","32,854","37.15"
"financial-services","Financial services","NSE","UCOBANK","UCO Bank","32,829","11.65"
"financial-services","Financial services","NSE","KARURVYSYA","Karur Vysya Bank","32,718","11.92"
"financial-services","Financial services","NSE","NUVAMA","Nuvama Wealth Mgmnt.","31,156","28.77"
"financial-services","Financial services","NSE","ABSLAMC","Aditya Birla Sun AMC","30,046","29.82"
"financial-services","Financial services","NSE","CHOLAHLDNG","Cholamandalam Fin.","30,002","12.29"
"financial-services","Financial services","NSE","PNBHOUSING","PNB Housing Finance","29,838","12.89"
"financial-services","Financial services","NSE","NIACL","New India Assurance","29,771","38.7"
"financial-services","Financial services","NSE","BANDHANBNK","Bandhan Bank","28,380","20.97"
"financial-services","Financial services","NSE","CENTRALBK","CentralBank of India","28,313","6.2"
"financial-services","Financial services","NSE","CDSL","Central Dep. Service","27,985","59.38"
"financial-services","Financial services","NSE","LICHSGFIN","LIC Housing Finance","27,833","4.85"
"financial-services","Financial services","NSE","IIFL","IIFL Finance","26,591","12.65"
"financial-services","Financial services","NSE","ANGELONE","Angel One","26,438","25.62"
"financial-services","Financial services","BSE","GODIGIT","Go Digit General Ins","24,354","49.46"
"financial-services","Financial services","BSE","CGCL","Capri Global Capital","21,995","19.51"
"financial-services","Financial services","NSE","AADHARHFC","Aadhar Housing Fin.","21,959","19.25"
"financial-services","Financial services","NSE","CUB","City Union Bank","21,386","15.24"
"financial-services","Financial services","NSE","IFCI","IFCI","19,809","113.56"
"financial-services","Financial services","NSE","PINELABS","Pine Labs","19,587","153.87"
"financial-services","Financial services","BSE","CAMS","Computer Age Mgmnt.","19,318","39.03"
"financial-services","Financial services","NSE","SAMMAANCAP","Sammaan Capital","18,720","--"
"financial-services","Financial services","BSE","CHOICEIN","Choice International","18,140","76.32"
"financial-services","Financial services","NSE","J&KBANK","J&K Bank","17,333","7.52"
"financial-services","Financial services","NSE","PSB","Punjab & Sind Bank","16,831","12.16"
"financial-services","Financial services","NSE","FIVESTAR","Five Star Business","16,365","14.83"
"financial-services","Financial services","BSE","NSDL","National Sec.Deposit","16,252","41.85"
"financial-services","Financial services","NSE","KFINTECH","KFin Technologies","15,994","46.81"
"financial-services","Financial services","NSE","NIVABUPA","Niva Bupa Health Ins","15,563","43.23"
"financial-services","Financial services","NSE","UJJIVANSFB","Ujjivan Small Fin","14,107","15.57"
"financial-services","Financial services","NSE","CANHLIFE","Canara HSBC Life Ins","14,022","106.77"
"financial-services","Financial services","NSE","PRUDENT","Prudent Corporate","13,928","56.84"
"financial-services","Financial services","NSE","TMB","Tamilnad Mercantile","13,581","9.4"
"financial-services","Financial services","NSE","JSWHL","JSW Holdings","12,835","93.43"
"financial-services","Financial services","NSE","APTUS","Aptus Value Housing","12,736","12.93"
"financial-services","Financial services","NSE","JMFINANCIL","JM Financial","12,412","11.93"
"financial-services","Financial services","NSE","HOMEFIRST","Home First Finance","12,349","21.24"
"financial-services","Financial services","NSE","SOUTHBANK","South Indian Bank","12,112","8.02"
"financial-services","Financial services","NSE","KTKBANK","Karnataka Bank","11,861","8.25"
"financial-services","Financial services","NSE","UTIAMC","UTI Asset Management","11,787","25.56"
"financial-services","Financial services","NSE","IEX","Indian Energy Exch.","11,271","22.23"
"financial-services","Financial services","NSE","EDELWEISS","Edelweiss Fin. Serv.","11,259","18.7"
"financial-services","Financial services","NSE","AAVAS","Aavas Financiers","11,232","16.35"
"financial-services","Financial services","NSE","CANFINHOME","Can Fin Homes","10,954","9.7"
"financial-services","Financial services","NSE","IIFLCAPS","IIFL Capital Service","10,521","18.45"
"financial-services","Financial services","NSE","SBFC","SBFC Finance","10,426","21.72"
"financial-services","Financial services","NSE","TSFINV","TSF Investments","9,276","19.05"
"financial-services","Financial services","NSE","EQUITASBNK","Equitas Small Fin.","8,535","16.72"
"financial-services","Financial services","NSE","RELIGARE","Religare Enterprises","8,225","95.69"
"financial-services","Financial services","BSE","KAMAHOLD","Kama Holdings","7,992","8.59"
"financial-services","Financial services","BSE","INDIASHLTR","India Shelter Fin.","7,438","14.78"
"financial-services","Financial services","BSE","BENGALASM","Bengal & Assam Co","7,087","8.61"
"financial-services","Financial services","BSE","MRUTR","Mrugesh Trading","6,822","--"
"financial-services","Financial services","BSE","PAISALO","Paisalo Digital","6,250","24.87"
"financial-services","Financial services","NSE","DCBBANK","DCB Bank","6,062","7.7"
"financial-services","Financial services","BSE","JSFB","Jana Small Fin. Bank","5,759","15.17"
"financial-services","Financial services","NSE","FEDFINA","Fedbank Fin.l Serv.","5,700","14.88"
"financial-services","Financial services","BSE","CCAVENUE","AvenuesAI","5,615","19.1"
"financial-services","Financial services","NSE","CSBBANK","CSB Bank","5,529","8.32"
"financial-services","Financial services","NSE","TFCILTD","Tourism Finance Corp","5,336","34.62"
"financial-services","Financial services","NSE","CRAMC","Canara Robeco AM Co.","5,155","23.6"
"financial-services","Financial services","NSE","CARERATING","Care Ratings","5,086","28.63"
"financial-services","Financial services","BSE","DHENUBUILD","Dhenu Buildcon Infra","5,044","--"
"financial-services","Financial services","NSE","ICRA","ICRA","4,958","25.39"
"financial-services","Financial services","NSE","KISSHT","OnEMI Technology","4,927","17.51"
"financial-services","Financial services","BSE","PILANIINVS","Pilani Investment","4,811","154.92"
"financial-services","Financial services","NSE","NORTHARC","Northern ARC Capital","4,584","10.43"
"financial-services","Financial services","NSE","AYE","AYE Finance","4,374","22.59"
"financial-services","Financial services","BSE","SGFIN","SG Finserve","4,280","27.29"
"financial-services","Financial services","BSE","LORDSMARK","Lords Mark Inds.","3,989","75.61"
"financial-services","Financial services","NSE","INDOSTAR","Indostar Capital Fin","3,974","--"
"financial-services","Financial services","NSE","TURTLEMINT","Turtlemint Fintech","3,900","--"
"financial-services","Financial services","BSE","ASHIKAG","Ashika Global Sec.","3,761","48.68"
"financial-services","Financial services","BSE","SINDHUTRAD","Sindhu Trade Links","3,721","64.77"
"financial-services","Financial services","BSE","SHAREINDIA","Share India Sec.","3,628","9.98"
"financial-services","Financial services","NSE","ARSSBL","Anand Rathi Share","3,139","24.18"
"financial-services","Financial services","NSE","MONARCH","Monarch Networth Cap","2,998","16.55"
"financial-services","Financial services","NSE","NSIL","Nalwa Sons Invest.","2,849","51.45"
"financial-services","Financial services","NSE","ZAGGLE","Zaggle Prepaid Ocean","2,712","19.64"
"financial-services","Financial services","BSE","MUFIN","Mufin Green Finance","2,694","71.16"
"financial-services","Financial services","NSE","MEDIASSIST","Medi Assist Health","2,623","28.13"
"financial-services","Financial services","NSE","RANEHOLDIN","Rane Holdings","2,572","26.28"
"financial-services","Financial services","NSE","UTKARSHBNK","Utkarsh Small Fin.","2,511","--"
"financial-services","Financial services","NSE","SATIN","Satin Creditcare Net","2,468","6.02"
"financial-services","Financial services","NSE","KICL","Kalyani Investment","2,366","64.36"
"financial-services","Financial services","NSE","REPCOHOME","Repco Home Finance","2,298","4.77"
"financial-services","Financial services","BSE","ELCIDIN","Elcid Investments","2,183","20.12"
"financial-services","Financial services","NSE","GEOJITFSL","Geojit Finl. Service","2,164","29.84"
"financial-services","Financial services","NSE","SURCHIN%C2%A0","Superspace Infrast.","2,150","1928.84"
"financial-services","Financial services","NSE","ESAFSFB","ESAF Small Finance","2,060","--"
"financial-services","Financial services","BSE","SPICELOUNG","Spice Lounge Food","1,946","200.84"
"financial-services","Financial services","NSE","PFS","PTC India Fin. Serv","1,852","8.3"
"financial-services","Financial services","NSE","5PAISA","5Paisa Capital","1,815","41.05"
"financial-services","Financial services","BSE","BFINVEST","BF Investment","1,732","6.14"
"financial-services","Financial services","NSE","SMCGLOBAL","SMC Global Sec.","1,651","15.17"
"financial-services","Financial services","NSE","MOBIKWIK","One Mobikwik Systems","1,629","--"
"financial-services","Financial services","BSE","BLIL","Balmer Lawrie Invsts","1,576","8.84"
"financial-services","Financial services","NSE","SUMMITSEC","Summit Securities","1,572","13.13"
"financial-services","Financial services","BSE","MIIL","Meghna Infracon Inf.","1,545","286.58"
"financial-services","Financial services","NSE","PNBGILTS","PNB Gilts","1,452","14.2"
"financial-services","Financial services","NSE","UGROCAP","Ugro Capital","1,446","8.27"
"financial-services","Financial services","BSE","HARAFIN","Haryana Finanl. Corp","1,360","175.96"
"financial-services","Financial services","NSE","FINOPB","Fino Payments Bank","1,337","25.49"
"financial-services","Financial services","NSE","CAPITALSFB","Capital Small Fin.","1,327","8.81"
"financial-services","Financial services","NSE","DHANBANK","Dhanlaxmi Bank","1,281","11.09"
"financial-services","Financial services","BSE","INOVSYNTH","Innovassynth Techno","1,274","--"
"financial-services","Financial services","NSE","ZSARACOM","Saraswati Commercial","1,266","13.71"
"financial-services","Financial services","BSE","CENTRUM","Centrum Capital","1,256","--"
"financial-services","Financial services","NSE","DOLATALGO","Dolat Algotech","1,232","9.56"
"financial-services","Financial services","BSE","GYFTR","Gyftr","1,217","55.79"
"financial-services","Financial services","NSE","INDOTHAI","Indo Thai Securities","1,141","16.63"
"financial-services","Financial services","BSE","AKCAPIT","AK Capital Services","1,138","10.32"
"financial-services","Financial services","NSE","VHL","Vardhman Holdings","1,130","4.49"
"financial-services","Financial services","NSE","JPOLYINVST","Jindal Poly Invest","1,121","1.31"
"financial-services","Financial services","NSE","AFSL","Abans Finl. Services","1,099","8.57"
"financial-services","Financial services","NSE","JINDALPHOT","Jindal Photo","1,090","--"
"financial-services","Financial services","BSE","INDPRUD","Indl & Prud Invts.Co","1,051","17.26"
"financial-services","Financial services","NSE","CREST","Crest Ventures","1,042","22.25"
"financial-services","Financial services","NSE","DAMCAPITAL","DAM Capital Advisors","1,034","14.24"
"financial-services","Financial services","NSE","WEALTH","Wealth First Port","995","25.73"
"financial-services","Financial services","NSE","STEL","STEL Holdings","986","50.3"
"financial-services","Financial services","NSE","PRIMESECU","Prime Securities","981","116.32"
"financial-services","Financial services","BSE","MASTERTR","Master Trust","952","7.13"
"financial-services","Financial services","NSE","HEALTHX","Health X Platform","927","--"
"financial-services","Financial services","NSE","MAXIND","Max India","918","--"
"financial-services","Financial services","BSE","IIRM","IIRM Holdings India","902","37.01"
"financial-services","Financial services","NSE","CONSOFINVT","Consolid. Finv.&Hold","901","16.66"
"financial-services","Financial services","BSE","CIFL","Capital India Fin.","860","22.11"
"financial-services","Financial services","NSE","VLSFINANCE","VLS Finance","851","18.27"
"financial-services","Financial services","BSE","FINKURVE","Finkurve Financial","841","32.3"
"financial-services","Financial services","BSE","FEDDERSHOL","Fedders Holding","827","9.06"
"financial-services","Financial services","BSE","ARIHANTCAP","Arihant Capital Mkt.","817","20.31"
"financial-services","Financial services","NSE","GICHSGFIN","GIC Housing Finance","803","5.19"
"financial-services","Financial services","BSE","SYSTMTXC","Systematix Corp Serv","799","--"
"financial-services","Financial services","NSE","BIRLAMONEY","Aditya Birla Money","750","13.83"
"financial-services","Financial services","BSE","YOGI","Yogi","728","57.25"
"financial-services","Financial services","BSE","ARYAMAN","Aryaman Fin Service","714","24.15"
"financial-services","Financial services","BSE","LAXMIINDIA","Laxmi India Finance","713","14.33"
"financial-services","Financial services","NSE","RNFI","RNFI Services","690","24.32"
"financial-services","Financial services","BSE","TANDHANIN","Tandhan Industries","679","--"
"financial-services","Financial services","NSE","EMKAY","EmkayGlobal Finl.Ser","677","34.68"
"financial-services","Financial services","NSE","WELINV","Welspun Investments","669","216.92"
"financial-services","Financial services","BSE","IFINSEC","India Finsec","666","40.44"
"financial-services","Financial services","BSE","MANBA","Manba Finance","659","13.48"
"financial-services","Financial services","BSE","KALIND","Kalind","634","15.35"
"financial-services","Financial services","NSE","NBIFIN","NBI Indl. Finance","622","44.81"
"financial-services","Financial services","BSE","NIYOGIN","Niyogin Fintech","612","--"
"financial-services","Financial services","NSE","DHUNINV","Dhunseri Investments","590","32.84"
"financial-services","Financial services","NSE","OSWALGREEN","Oswal Greentech","540","--"
"financial-services","Financial services","BSE","STELLANT","Stellant Securities","540","14.74"
"financial-services","Financial services","BSE","KIRANVYPAR","Kiran Vyapar","539","78.14"
"financial-services","Financial services","NSE","GFLLIMITED","GFL","519","8.56"
"financial-services","Financial services","BSE","MANCREDIT","Mangal Credit & Fin","514","28.58"
"financial-services","Financial services","BSE","CSLFINANCE","CSL Finance","510","5.86"
"financial-services","Financial services","BSE","THEINVEST","The Investment Trust","509","16.91"
"financial-services","Financial services","BSE","SRAMSET","Shriram AM Company","498","--"
"financial-services","Financial services","BSE","ARYACAPM","Aryaman Capital Mkts","479","19.48"
"financial-services","Financial services","NSE","SILINV","SIL Investments","453","11.99"
"financial-services","Financial services","BSE","UCIL","Unifinz CapitalIndia","446","5.09"
"financial-services","Financial services","BSE","PURPLEFIN","Purple Finance","442","--"
"financial-services","Financial services","BSE","AFIL","Akme Fintrade (I)","435","9.81"
"financial-services","Financial services","BSE","PESB","Pune E - Stock Brok","433","22.12"
"financial-services","Financial services","BSE","SRGHFL","SRG Housing Finance","429","12.55"
"financial-services","Financial services","BSE","MONEYBOXX","Moneyboxx Finance","428","318.62"
"financial-services","Financial services","BSE","MUTHOOTCAP","Muthoot Capital Serv","428","17.84"
"financial-services","Financial services","BSE","NISUS","Nisus Finance Serv.","427","6.07"
"financial-services","Financial services","NSE","NAHARCAP","Nahar Capital &Finl.","427","3.59"
"financial-services","Financial services","NSE","RADIANTCMS","Radiant Cash Mgmnt.","407","12.63"
"financial-services","Financial services","BSE","MKVENTURES","MKVentures Capital","407","56.51"
"financial-services","Financial services","BSE","SHARDUL","Shardul Securities","404","17.46"
"financial-services","Financial services","BSE","REGENCY","Regency Fincorp","392","22.68"
"financial-services","Financial services","BSE","CTL","Capital Trade Links","366","115.6"
"financial-services","Financial services","BSE","UYFINCORP","UY Fincorp","363","5.87"
"financial-services","Financial services","BSE","UVS","UVS Hospital & Serv.","361","15.79"
"financial-services","Financial services","NSE","IITL","Industl. Invst.Trust","329","--"
"financial-services","Financial services","BSE","SWASTIKA","Swastika Investmart","323","23.74"
"financial-services","Financial services","BSE","AVONMORE","Avonmore Cap.&Mgmnt.","319","20.74"
"financial-services","Financial services","BSE","PHCAP","PH Capital","302","--"
"financial-services","Financial services","BSE","CMBL","Corporate Merchant","298","121.93"
"financial-services","Financial services","BSE","BOMOXY-B1","Bombay Oxygen Inv.","292","278.04"
"financial-services","Financial services","BSE","ALSL","Alacrity Securities","288","29.56"
"financial-services","Financial services","NSE","NDGL","Naga Dhunseri Group","285","--"
"financial-services","Financial services","BSE","SERA","Sera Invt. & Finance","277","2.68"
"financial-services","Financial services","BSE","MERCANTILE","Mercantile Ventures","275","39.89"
"financial-services","Financial services","NSE","MOS","MOS Utility","274","15.24"
"financial-services","Financial services","NSE","ASCOM","Ascom Leasing & Inv.","274","52.35"
"financial-services","Financial services","NSE","FINBUD","Finbud Finl. Service","273","23.41"
"financial-services","Financial services","NSE","IVC","IL&FS Invest.Manager","268","69.41"
"financial-services","Financial services","BSE","QUESTCAP","Quest Capital Market","264","11.64"
"financial-services","Financial services","BSE","HIKLASS","Hi-Klass Trading&Inv","263","--"
"financial-services","Financial services","BSE","SALSAIN","Shree Salasar Inv.","261","14.3"
"financial-services","Financial services","BSE","GAMCO","Gamco","260","--"
"financial-services","Financial services","BSE","STARTECK","Starteck Finance","257","10.53"
"financial-services","Financial services","NSE","ALMONDZ","Almondz Global Sec.","254","7.8"
"financial-services","Financial services","BSE","VIJIFIN","Viji Finance","247","59.87"
"financial-services","Financial services","BSE","SAHLIBHFI","Shalibhadra Finance","244","12.51"
"financial-services","Financial services","BSE","NIDHGRN","Nidhi Granites","242","31.48"
"financial-services","Financial services","BSE","ALFREDHERB","Alfred Herbert (I)","232","0.51"
"financial-services","Financial services","BSE","ALANKIT","Alankit","222","11.57"
"financial-services","Financial services","BSE","TAMBOLIIN","Tamboli Industries","217","20.41"
"financial-services","Financial services","BSE","COMFINTE","Comfort Intech","209","--"
"financial-services","Financial services","BSE","SANGAMFIN","Sangam Finserv","209","27.51"
"financial-services","Financial services","BSE","KARTKIN","Kartik Invests.Trust","206","39.91"
"financial-services","Financial services","BSE","LEXGLOBAL","Lexora Global","205","--"
"financial-services","Financial services","NSE","TEAMGTY","Team India Guaranty","203","283.09"
"financial-services","Financial services","BSE","JHACC","Jhaveri Credits&Cap","201","102.87"
"financial-services","Financial services","BSE","GOURMET","Gourmet Gateway Ind","200","--"
"financial-services","Financial services","BSE","AMPL","AMPL Capital","186","7.42"
"financial-services","Financial services","BSE","SOMDUTTFIN","Crescentis Capital","182","--"
"financial-services","Financial services","BSE","RIKHAV","Rikhav Securities","180","9.49"
"financial-services","Financial services","BSE","INDUSFINL","Indus Finance","180","69.72"
"financial-services","Financial services","BSE","SAKTHIFIN","Sakthi Finance","180","10.45"
"financial-services","Financial services","NSE","USHAFIN","Usha Financial Serv.","178","7.94"
"financial-services","Financial services","BSE","KREONFIN","Kreon Financial Serv","174","22.1"
"financial-services","Financial services","BSE","EMERALD","Emerald Finance","174","10.7"
"financial-services","Financial services","BSE","TILAK","Tilak Ventures","170","27.3"
"financial-services","Financial services","BSE","RSDFIN","RSD Finance","169","13.44"
"financial-services","Financial services","NSE","DELPHIFX","Delphi World Money","168","29.87"
"financial-services","Financial services","BSE","PROFINC","Pro Fin Capital Serv","168","--"
"financial-services","Financial services","BSE","SUPRAPFSL","Supra PacificFin.Ser","167","17.92"
"financial-services","Financial services","NSE","BEACON","Beacon Trusteeship","166","23.82"
"financial-services","Financial services","BSE","UPSURGE","Upsurge Invest.&Fin.","163","14.0"
"financial-services","Financial services","BSE","MAHAPEXLTD","Maha Rashtra Apex","160","--"
"financial-services","Financial services","BSE","BAIDFIN","Baid Finserv","155","10.33"
"financial-services","Financial services","BSE","PML","Paul Merchants","151","0.56"
"financial-services","Financial services","NSE","IBLFL","IBL Finance","151","61.82"
"financial-services","Financial services","BSE","MENAMANI","Mena Mani Industries","147","870.52"
"financial-services","Financial services","NSE","INDBANK","Indbank Merchant","146","20.17"
"financial-services","Financial services","BSE","RAAMA","Raama Finance","146","45.14"
"financial-services","Financial services","BSE","VGCL","Vibrant Global Cap.","145","5.39"
"financial-services","Financial services","BSE","ICONIKSPEV","Iconik Sports& Event","145","33.4"
"financial-services","Financial services","NSE","KEYFINSERV","Keynote Finl. Serv","143","21.43"
"financial-services","Financial services","BSE","VLL","Virat Leasing","143","--"
"financial-services","Financial services","BSE","AVAILFC","Available Finance","139","1.29"
"financial-services","Financial services","BSE","SONAL","Sonal Mercantile","137","5.34"
"financial-services","Financial services","BSE","WORTH","Worth Invest & Trdg.","136","38.98"
"financial-services","Financial services","BSE","CORALFINAC","Coral India Fin &Hsg","135","9.13"
"financial-services","Financial services","BSE","NEXOME","Nexome CapitalMarket","129","12.03"
"financial-services","Financial services","NSE","DHYANAFIN%C2%A0","Dhyana Finstock","128","--"
"financial-services","Financial services","BSE","JAFINANCE","JA Finance","127","214.33"
"financial-services","Financial services","BSE","LKPSEC","LKP Securities","125","17.05"
"financial-services","Financial services","BSE","HRMNYCP","Harmony Capital Ser.","125","81.05"
"financial-services","Financial services","BSE","TRUSTEDGE","Trustedge Capital","124","106.86"
"financial-services","Financial services","BSE","APOLLOFI","Apollo Finvest (I)","122","17.54"
"financial-services","Financial services","BSE","ESCORP","Escorp Asset Mgmnt.","120","18.91"
"financial-services","Financial services","NSE","STEELCITY","Steel City Sec.","120","7.05"
"financial-services","Financial services","NSE","GANGESSECU","Ganges Securities","120","44.74"
"financial-services","Financial services","BSE","GARNETINT","Garnet International","120","25.21"
"financial-services","Financial services","NSE","ONELIFECAP","Onelife Capital Adv.","119","22.21"
"financial-services","Financial services","BSE","PMCFIN","PMC Fincorp","118","19.21"
"financial-services","Financial services","BSE","FYNX","Fynx Capital","118","--"
"financial-services","Financial services","NSE","DBSTOCKBRO","DB Intnl.StockBroker","116","39.08"
"financial-services","Financial services","BSE","KIFS","KIFS Financial Serv.","116","14.47"
"financial-services","Financial services","BSE","ASSAMENT","Assam Entrade","115","58.24"
"financial-services","Financial services","BSE","DHARNI","Dharni Capital Serv.","112","24.0"
"financial-services","Financial services","BSE","VSL","Viram Suvarn","112","14.68"
"financial-services","Financial services","BSE","PIONRINV","Pioneer Investcorp","112","7.03"
"financial-services","Financial services","BSE","PANAFIC","Panafic Industrials","112","--"
"financial-services","Financial services","BSE","ZMILGFIN","Milgrey Fin.&Invest","109","--"
"financial-services","Financial services","BSE","JAGSONSER","Jagsonpal Services","107","--"
"financial-services","Financial services","BSE","JOLYPLS","Jolly Plastic Inds.","104","9490.14"
"financial-services","Financial services","BSE","TITANSEC","Titan Securities","103","8.27"
"financial-services","Financial services","BSE","MUKESHB","Mukesh Babu Fin Serv","103","31.63"
"financial-services","Financial services","BSE","INDINFO","Indian Infotech&Soft","102","73.8"
"financial-services","Financial services","NSE","MOTOGENFIN","Motor & General Fin.","101","0.68"
"financial-services","Financial services","BSE","ABVL","Arunjyoti Bio Vent.","96","--"
"financial-services","Financial services","BSE","STANCAP","Standard Cap. Mkt.","96","1.2"
"financial-services","Financial services","NSE","INVENTURE","Inventure Growth&Sec","94","30.0"
"financial-services","Financial services","NSE","PALASHSECU","Palash Securities","93","5.78"
"financial-services","Financial services","BSE","MUNCAPM","Munoth Capital Mkts.","92","--"
"financial-services","Financial services","BSE","GUJSTATFIN","Guj. State Fin. Corp","92","--"
"financial-services","Financial services","BSE","PHOTON","Photon Capital Advis","92","2042.94"
"financial-services","Financial services","NSE","ATLINFRA%C2%A0","Atlanta Infra & Fin.","92","571.61"
"financial-services","Financial services","BSE","TTGIL","Tomorrow Techno.","89","--"
"financial-services","Financial services","BSE","WSFX","WSFX Global Pay","89","14.57"
"financial-services","Financial services","BSE","OPTIFIN","Optimus Finance","87","15.07"
"financial-services","Financial services","NSE","RHFL","Reliance Home Fin.","87","3.59"
"financial-services","Financial services","BSE","CHRTEDCA","Chartered Cap.& Inv.","86","10.4"
"financial-services","Financial services","BSE","INTRGLB","Inter Globe Finance","86","37.99"
"financial-services","Financial services","NSE","BLBLIMITED","BLB","85","2.56"
"financial-services","Financial services","NSE","MYMUDRA","My Mudra Fincorp","84","6.96"
"financial-services","Financial services","BSE","MANGIND","Mangalam Indl. Fin.","83","--"
"financial-services","Financial services","BSE","BNRSEC","BN Rathi Securities","82","8.64"
"financial-services","Financial services","BSE","RRFIN","RR Fin. Consultants","82","10.59"
"financial-services","Financial services","BSE","GATECH","GACM Technologies","81","9.36"
"financial-services","Financial services","BSE","SAUMYA","Saumya Consultants","81","--"
"financial-services","Financial services","BSE","ACFSL","Amrapali Cap. & Fin","80","16.53"
"financial-services","Financial services","BSE","CCDL","Consecutive Commodit","78","23.67"
"financial-services","Financial services","BSE","HARYNACAP","Haryana Capfin","77","8.54"
"financial-services","Financial services","BSE","WALLFORT","Wallfort Finl. Serv.","77","--"
"financial-services","Financial services","BSE","ABHICAP","Abhinav Capital Serv","75","27.11"
"financial-services","Financial services","BSE","ADVIKCA","Advik Capital","75","--"
"financial-services","Financial services","BSE","COMFINCAP","Comfort Fincap","74","9.86"
"financial-services","Financial services","BSE","GOWRALE","Gowra Leasing & Fin.","73","9.85"
"financial-services","Financial services","BSE","ACME","ACME Resources","73","51.18"
"financial-services","Financial services","BSE","NCLRESE","NCL Research & Fin","72","--"
"financial-services","Financial services","BSE","DHANCOT","Dhanlaxmi Cotex","71","308.73"
"financial-services","Financial services","BSE","SKPSEC","SKP Securities","71","7.28"
"financial-services","Financial services","NSE","DCCL","DAR Credit & Capital","71","6.97"
"financial-services","Financial services","BSE","GEMSI","Gemstone Investments","71","175.05"
"financial-services","Financial services","BSE","CLFL","Classic Leasing &Fin","70","62.97"
"financial-services","Financial services","BSE","JOINDRE","Joindre Capital Serv","69","4.93"
"financial-services","Financial services","BSE","SOFTRAKV","Softrak Venture Inv.","68","430.81"
"financial-services","Financial services","BSE","CAPTRUST","Capital Trust","67","--"
"financial-services","Financial services","BSE","BANASFN","Banas Finance","66","5.8"
"financial-services","Financial services","BSE","MINOLTAF","Minolta Finance","66","--"
"financial-services","Financial services","BSE","DHRUVCA","Dhruva Capital Serv.","66","40.5"
"financial-services","Financial services","BSE","SPACAPS","SPA Capital Services","65","77.68"
"financial-services","Financial services","NSE","TFL","Transwarranty Fin.","65","--"
"financial-services","Financial services","BSE","CAPFIN","Capfin India","64","--"
"financial-services","Financial services","BSE","LLFICL","Leading Leasing Fin.","64","3.45"
"financial-services","Financial services","BSE","RTFL","Real Touch Finance","63","12.69"
"financial-services","Financial services","BSE","ODYCORP","Odyssey Corporation","63","9.15"
"financial-services","Financial services","BSE","HBPOR","HB Portfolio","63","16.9"
"financial-services","Financial services","BSE","BAMPSL","Bampsl Securities","62","158.31"
"financial-services","Financial services","BSE","CEEJAY","Ceejay Finance","62","8.05"
"financial-services","Financial services","BSE","FMEC","FMEC Internatl. Fin","62","12.24"
"financial-services","Financial services","BSE","MYMONEY","My Money Securities","60","14.33"
"financial-services","Financial services","BSE","LADDERUP","Ladderup Finance","59","10.43"
"financial-services","Financial services","BSE","APOORVA","Apoorva Leasing Fin.","57","136.2"
"financial-services","Financial services","BSE","ELIXIR","Elixir Capital","57","18.77"
"financial-services","Financial services","NSE","3PLAND","3P Land Holdings","56","24.86"
"financial-services","Financial services","BSE","MANTRA","Mantra Capital","56","--"
"financial-services","Financial services","BSE","REGIS","Regis Industries","55","45.34"
"financial-services","Financial services","BSE","INDCEMCAP","India Cement Capital","55","--"
"financial-services","Financial services","BSE","DHANSAFAL","DhanSafal Finserve","54","73.85"
"financial-services","Financial services","BSE","SODHACAP","Sodhani Capital","53","22.65"
"financial-services","Financial services","NSE","SUVIDHAA","Suvidhaa Infoserve","53","--"
"financial-services","Financial services","BSE","OASISEC","Oasis Securities","53","94.41"
"financial-services","Financial services","BSE","TRU","TruCap Finance","52","--"
"financial-services","Financial services","NSE","HYBRIDFIN","Hybrid Finl. Service","52","32.02"
"financial-services","Financial services","BSE","SRESTHA","Srestha Finvest","51","--"
"financial-services","Financial services","NSE","ICDSLTD","ICDS","51","79.04"
"financial-services","Financial services","BSE","AASTAFIN","Aastamangalam Fin.","51","5.38"
"financial-services","Financial services","BSE","NAM","NAM Securities","50","278.51"
"financial-services","Financial services","BSE","INDBNK","Ind Bank Housing","50","12.83"
"financial-services","Financial services","BSE","VERTEX","Vertex Securities","49","--"
"financial-services","Financial services","BSE","MEFCOMCAP","Mefcom Capital Mkts.","48","--"
"financial-services","Financial services","BSE","FUTSOL","Futuristic Solutions","48","17.81"
"financial-services","Financial services","BSE","AMRAFIN","Amrapali Fincap","48","61.75"
"financial-services","Financial services","BSE","MEAPL","Modern Engg. & Proj.","47","5.5"
"financial-services","Financial services","BSE","INDIAHOME","India Home Loan","47","480.13"
"financial-services","Financial services","BSE","SHRINIWAS","Shri Niwas Lsg.&Fin","46","0.04"
"financial-services","Financial services","NSE","MASKINVEST","Mask Investments","46","784.86"
"financial-services","Financial services","BSE","SANCF","Sanchay Finvest","46","--"
"financial-services","Financial services","BSE","MORGAN","Morgan Ventures","45","39.53"
"financial-services","Financial services","BSE","21STCENMGM","21st Century Mgmnt.","44","--"
"financial-services","Financial services","BSE","ANVRDHI","Annvrridhhi Ventures","44","61.03"
"financial-services","Financial services","BSE","KEYCORP","Key Corp.","44","--"
"financial-services","Financial services","BSE","SWATIPRO","Swati Projects","44","7.28"
"financial-services","Financial services","BSE","ARCFIN","ARC Finance","44","57.34"
"financial-services","Financial services","BSE","CASPIAN","Caspian Corpo. Serv.","43","977.12"
"financial-services","Financial services","BSE","SAICAPI","Sai Capital","43","3.49"
"financial-services","Financial services","BSE","SITAENT","Sita Enterprises","43","9.42"
"financial-services","Financial services","BSE","STARHFL","Star Housing Finance","43","6.48"
"financial-services","Financial services","BSE","ADMANUM","Ad-Manum Finance","42","4.76"
"financial-services","Financial services","BSE","WALCHPF","Walchand PeopleFirst","41","9.2"
"financial-services","Financial services","BSE","KIDUJA","Kiduja India","41","18.32"
"financial-services","Financial services","BSE","SALEM","Salem Erode Investm.","41","--"
"financial-services","Financial services","NSE","LFIC","Lakshmi Fin. & Indl","41","--"
"financial-services","Financial services","NSE","HBSL","HB Stockholdings","41","--"
"financial-services","Financial services","BSE","CSL","Continental Secur.","40","16.5"
"financial-services","Financial services","BSE","RFL","Ruparel Food Product","40","--"
"financial-services","Financial services","BSE","SUGALDAM","Sugal & Damani Share","39","9.54"
"financial-services","Financial services","BSE","AJCON","Ajcon Global Service","39","172.21"
"financial-services","Financial services","BSE","TOYAMSL","Toyam Sports","38","--"
"financial-services","Financial services","BSE","RELICTEC","Relic Technologies","38","--"
"financial-services","Financial services","BSE","SAINIK","Sainik Fin. & Inds.","38","9.05"
"financial-services","Financial services","BSE","ISLCONSUL","ISL Consulting","37","--"
"financial-services","Financial services","BSE","PRISMMEDI","Prism Medico &Pharma","37","115.71"
"financial-services","Financial services","BSE","JMJFIN","JMJ Fintech","37","4.39"
"financial-services","Financial services","BSE","KALYANCAP","Kalyan Capitals","36","7.98"
"financial-services","Financial services","BSE","GALACTICO","Galactico Corp. Serv","36","22.84"
"financial-services","Financial services","BSE","ANUPAM","Anupam Finserv","36","16.51"
"financial-services","Financial services","BSE","CUBIFIN","CFSL","36","107.46"
"financial-services","Financial services","BSE","JLL","Jindal Lease Fin","35","39.05"
"financial-services","Financial services","BSE","BRIDGESE","Bridge Securities","35","22.9"
"financial-services","Financial services","BSE","GLANCE","Glance Finance","35","12.44"
"financial-services","Financial services","BSE","SUPRATRE","Supra Trends","35","--"
"financial-services","Financial services","BSE","MSLGLOBAL","MSL Global","34","12.02"
"financial-services","Financial services","BSE","SRGINFOTEC","Pan IndiaCorporation","34","--"
"financial-services","Financial services","BSE","SUMEDHA","Sumedha Fiscal Serv.","33","11.76"
"financial-services","Financial services","BSE","YAMNINV","Yamini Investments","33","174.31"
"financial-services","Financial services","BSE","ARNOLD","Arnold Holdings","33","7.8"
"financial-services","Financial services","BSE","GDLLEAS","GDL Leasing & Fin.","33","55.05"
"financial-services","Financial services","BSE","GOGIACAPGL","Gogia Capital Growth","32","--"
"financial-services","Financial services","BSE","KKFIN%C2%A0","KK Fincorp","32","--"
"financial-services","Financial services","BSE","RGF","RGF Capital Markets","32","786.71"
"financial-services","Financial services","BSE","SPCAPIT","SP Capital Financing","32","9.04"
"financial-services","Financial services","BSE","EASTWEST","East West Freight","31","--"
"financial-services","Financial services","BSE","ASIACAP","Asia Capital","31","175.39"
"financial-services","Financial services","BSE","SHYMINV","Shyamkamal Invest.","31","131.72"
"financial-services","Financial services","BSE","MARGOFIN","Margo Finance","30","24.39"
"financial-services","Financial services","BSE","BYLD","BYLD Capital Finance","30","--"
"financial-services","Financial services","BSE","STANROS","StanroseMafatlal Inv","29","--"
"financial-services","Financial services","NSE","NAGREEKCAP","Nagreeka Cap & Infra","29","3.91"
"financial-services","Financial services","BSE","CHALLANI","Challani Capital","29","60.5"
"financial-services","Financial services","NSE","WILLAMAGOR","Williamson Magor &Co","29","--"
"financial-services","Financial services","BSE","INTECCAP","Intec Capital","28","4.04"
"financial-services","Financial services","BSE","SULABEN","Sulabh Engineers","28","16.52"
"financial-services","Financial services","BSE","PURSHOTTAM","Suvifin Credit Sol.","28","--"
"financial-services","Financial services","BSE","SAHARAHOUS","Sahara Hsg Fin Corp","28","94.51"
"financial-services","Financial services","BSE","QGO","Qgo Finance","27","7.61"
"financial-services","Financial services","BSE","MORARKFI","Morarka Finance","27","16.31"
"financial-services","Financial services","BSE","KJMCFIN","KJMC Financial Serv","27","11.38"
"financial-services","Financial services","BSE","LIBORDFIN","Libord Finance","27","43.2"
"financial-services","Financial services","BSE","INDIANVSH","India Nivesh","27","--"
"financial-services","Financial services","BSE","ABHIFIN","Abhishek Finlease","27","350.27"
"financial-services","Financial services","BSE","TCFCFINQ","TCFC Finance","27","--"
"financial-services","Financial services","NSE","KHANDSE","Khandwala Securities","26","--"
"financial-services","Financial services","BSE","RKDAGRRTL","RKD Agri & Retail","26","--"
"financial-services","Financial services","BSE","GSBFIN","GSB Finance","26","--"
"financial-services","Financial services","BSE","SWRNASE","Swarna Securities","26","38.54"
"financial-services","Financial services","BSE","ESCORTSFIN","Invigorat.Busines","26","--"
"financial-services","Financial services","BSE","PRISMX","Prismx Global Ventur","25","5.13"
"financial-services","Financial services","BSE","ASHCAP","Ashirwad Capital","25","24.0"
"financial-services","Financial services","BSE","CMXLTD","CMX Holdings","25","--"
"financial-services","Financial services","BSE","NLFL","Nalin Lease Finance","25","7.5"
"financial-services","Financial services","BSE","RAMSONS","Ramsons Projects","25","3.3"
"financial-services","Financial services","BSE","DAL","Dynamic Archistruct.","25","4.79"
"financial-services","Financial services","BSE","SMARTFIN","Smart Finsec","25","25.31"
"financial-services","Financial services","BSE","MUNOTHFI","Munoth FinancialServ","24","--"
"financial-services","Financial services","BSE","EASYFIN","Easy Fincorp","24","--"
"financial-services","Financial services","BSE","SHVFL","Shreevatsa Fin.&Lsg.","24","71.06"
"financial-services","Financial services","BSE","VANICOM","Vani Commercials","24","25.35"
"financial-services","Financial services","BSE","ENBETRD","Enbee Trade &Finance","24","1.89"
"financial-services","Financial services","BSE","KJMCCORP","KJMC Corporate Advs.","23","11.18"
"financial-services","Financial services","BSE","MONOT","Monotype India","23","--"
"financial-services","Financial services","BSE","SHRICON","Shricon Industries","23","11.23"
"financial-services","Financial services","BSE","KHOOBSURAT","Khoobsurat","23","--"
"financial-services","Financial services","BSE","BERVINL","Bervin Inv.& Leasing","23","15.29"
"financial-services","Financial services","BSE","NAVIGANT","Navigant Corp.Advis.","23","25.77"
"financial-services","Financial services","BSE","JINDCAP","Jindal Capital","23","20.11"
"financial-services","Financial services","BSE","RFSL","Richfield Finl. Ser.","23","65.62"
"financial-services","Financial services","BSE","ESARIND","Esaar India","23","2.09"
"financial-services","Financial services","NSE","SUNBRIGHT","Sunbright Stock","22","935.1"
"financial-services","Financial services","BSE","PULSRIN","Pulsar International","22","206.09"
"financial-services","Financial services","BSE","MANSIFIN","Mansi Fin. (Chennai)","22","6.71"
"financial-services","Financial services","BSE","GREENCREST","Greencrest Financial","22","17.41"
"financial-services","Financial services","BSE","FRUTION","Fruition Venture","21","--"
"financial-services","Financial services","BSE","SICAPIT","SI Cap. & Fin. Serv.","21","77.95"
"financial-services","Financial services","BSE","PARAGONF","Paragon Finance","21","24.82"
"financial-services","Financial services","BSE","HELPAGE","Helpage Finlease","21","6.92"
"financial-services","Financial services","BSE","PARSHWANA","Parshwanath Corpn.","21","--"
"financial-services","Financial services","BSE","DRL","Disha Resources","20","--"
"financial-services","Financial services","BSE","APPLEIND","Utique Enterprises","20","10.87"
"financial-services","Financial services","BSE","TTIENT","TTI Enterprise","20","--"
"financial-services","Financial services","BSE","PREMCAP","Premier Capital Serv","20","29.54"
"financial-services","Financial services","BSE","ROSELABS","Roselabs Finance","20","--"
"financial-services","Financial services","BSE","VEDANTASSET","Vedant Asset","19","48.42"
"financial-services","Financial services","BSE","GALLOPENT","Gallops Enterprises","19","419.84"
"financial-services","Financial services","NSE","TCIFINANCE","TCI Finance","19","--"
"financial-services","Financial services","BSE","VISAGAR","Visagar Finl.Service","19","--"
"financial-services","Financial services","BSE","GLOBALCA","Global CapitalMarket","19","--"
"financial-services","Financial services","BSE","DJSSS","DJS Stock & Shares","18","706.27"
"financial-services","Financial services","BSE","CILSEC","Cil Securities","18","5.25"
"financial-services","Financial services","BSE","GILADAFINS","Gilada Finance & Inv","18","8.61"
"financial-services","Financial services","BSE","OIVL","Onesource Inds.& Ven","18","6.82"
"financial-services","Financial services","BSE","BAZELINTER","Bazel International","18","25.15"
"financial-services","Financial services","BSE","MGIL","Maruti Global Inds.","18","25.21"
"financial-services","Financial services","BSE","PRISMFN","Prism Finance","18","--"
"financial-services","Financial services","BSE","RAPIDIN","Rapid Investments","18","111.75"
"financial-services","Financial services","BSE","DYNAMICP","Dynamic PFM & Serv.","18","34.73"
"financial-services","Financial services","BSE","STEP2COR","Step Two Corporation","18","--"
"financial-services","Financial services","BSE","NDASEC","NDA Securities","17","--"
"financial-services","Financial services","BSE","ONTIC","Ontic Finserve","17","31.16"
"financial-services","Financial services","BSE","ABIRAFN","Abirami Finl.& Serv.","17","35.65"
"financial-services","Financial services","BSE","MIDEASTP","Mid East Portfolio","17","--"
"financial-services","Financial services","BSE","PROCLB","Pro CLB Global","17","13.51"
"financial-services","Financial services","BSE","EASUN","Easun Capital Market","17","72.07"
"financial-services","Financial services","BSE","GSLSEC","GSL Securities","17","--"
"financial-services","Financial services","BSE","KAPILRAJ","Kapil Raj Finance","17","26.48"
"financial-services","Financial services","BSE","BERYLSE","Beryl Securities","17","53.42"
"financial-services","Financial services","BSE","MANRAJH","Manraj Housing Fin.","17","--"
"financial-services","Financial services","BSE","GAJANANSEC","Gajanan Sec. Service","16","23.61"
"financial-services","Financial services","BSE","COMCL","Comfort Commotrade","16","--"
"financial-services","Financial services","BSE","RANJITSE","Ranjit Securities","16","252.37"
"financial-services","Financial services","BSE","BHARAT","Bharat Bhushan Fin.","16","54.76"
"financial-services","Financial services","BSE","DARJEELING","Darjeeling Inds.","16","9.25"
"financial-services","Financial services","BSE","SHREESEC","Shree Securities","16","--"
"financial-services","Financial services","NSE","GLFL","Gujarat Lease Fin.","16","569.64"
"financial-services","Financial services","BSE","BOMTALKIES","Bombay Talkies","16","--"
"financial-services","Financial services","BSE","FRONTCAP","Frontier Capital","16","349.87"
"financial-services","Financial services","BSE","KBSINDIA","KBS India","15","--"
"financial-services","Financial services","BSE","SHRYDUS","Shrydus Industries","15","--"
"financial-services","Financial services","BSE","MKTCREAT","Market Creators","15","--"
"financial-services","Financial services","BSE","YASHMGM","Yash Mgmnt. & Satel.","15","15.87"
"financial-services","Financial services","BSE","CLIOINFO","Clio Infotech","15","20.35"
"financial-services","Financial services","BSE","EPUJA","Epuja Spiritech","15","--"
"financial-services","Financial services","BSE","KARNAVATI","Karnavati Finance","15","--"
"financial-services","Financial services","BSE","CITIPOR","Citi Port Finl. Serv","15","44.67"
"financial-services","Financial services","BSE","MONGIPA","Moongipa Capital Fin","15","24.06"
"financial-services","Financial services","BSE","SARVOTTAM","Sarvottam Finvest","15","--"
"financial-services","Financial services","BSE","KINETRU","Kinetic Trust","15","102.21"
"financial-services","Financial services","BSE","INDERGR","Indergiri Finance","15","--"
"financial-services","Financial services","BSE","GOLECHA","Golechha Global Fin","15","--"
"financial-services","Financial services","BSE","TRIUMPIN","Triumph Intnatl. Fin","14","3.46"
"financial-services","Financial services","BSE","MEHIF","Mehta Integrated Fin","14","158.65"
"financial-services","Financial services","BSE","REGAL","Regal Entertainment","14","78.64"
"financial-services","Financial services","BSE","FRONTFN","Frontline Fin. Serv.","14","81.24"
"financial-services","Financial services","BSE","NEIL","NEIL Industries","14","8.81"
"financial-services","Financial services","BSE","SRGFFL","SRG Fingrow Finance","14","65.31"
"financial-services","Financial services","BSE","STELLAR","Stellar Capital Ser.","14","--"
"financial-services","Financial services","BSE","JJFINCOR","JJ Finance Corp.","14","--"
"financial-services","Financial services","BSE","GUJINV","Ashtasidhhi Inds.","14","175.77"
"financial-services","Financial services","BSE","FRANKLIN","Franklin Lsg.&Fin.","14","80.82"
"financial-services","Financial services","BSE","ZSVTRADI","SV Trading&Agencies","13","14.33"
"financial-services","Financial services","BSE","DAULAT","Daulat Securities","13","--"
"financial-services","Financial services","BSE","GCMSECU","GCM Securities","13","--"
"financial-services","Financial services","BSE","TRADEWELL","Tradewell Holdings","13","10.16"
"financial-services","Financial services","BSE","HCKKVENTURE","HCKK Ventures","13","--"
"financial-services","Financial services","BSE","DFL","Decillion Finance","13","--"
"financial-services","Financial services","BSE","SW1","SW Investments","13","48.21"
"financial-services","Financial services","BSE","INDOCITY","Indo-City Infotech","13","45.29"
"financial-services","Financial services","BSE","GALADAFIN","Galada Finance","13","29.44"
"financial-services","Financial services","BSE","TOKYOFIN","Tokyo Finance","13","65.11"
"financial-services","Financial services","BSE","HBLEAS","HB Leasing & Finance","13","--"
"financial-services","Financial services","BSE","ICSL","Integrated Cap. Serv","13","--"
"financial-services","Financial services","BSE","KRISHNACAP","Krishna Capital&Sec.","13","--"
"financial-services","Financial services","BSE","NPRFIN","NPR Finance","13","60.47"
"financial-services","Financial services","BSE","GKCONS","GK Consultants","13","129.04"
"financial-services","Financial services","BSE","RAJVI","Rajvi Logitrade","13","4.5"
"financial-services","Financial services","BSE","UNITDCR","United Credit","13","16.58"
"financial-services","Financial services","BSE","MNPLFIN","Manipal Fin. Corpn.","13","71.62"
"financial-services","Financial services","BSE","GOLDLEG","Golden Legand Lease","12","2.03"
"financial-services","Financial services","BSE","DSINVEST","Dalal Street Invest.","12","288.18"
"financial-services","Financial services","BSE","NNTL","N2N Technologies","12","--"
"financial-services","Financial services","BSE","JACKSON","Jackson Investments","12","4.86"
"financial-services","Financial services","BSE","ETIL","Econo Trade (India)","12","5.56"
"financial-services","Financial services","BSE","ZODIACVEN","Zodiac Ventures","12","8.09"
"financial-services","Financial services","NSE","BLUECHIP","Blue Chip India","12","--"
"financial-services","Financial services","BSE","LAHL","Ladam Affordable","12","--"
"financial-services","Financial services","BSE","VOLKAI","Kairosoft Ai Solut.","12","8.69"
"financial-services","Financial services","BSE","INDIALEASE","India Lease Devpt.","12","232.03"
"financial-services","Financial services","BSE","RFLL","Rita Fin. & Leasing","12","16.83"
"financial-services","Financial services","BSE","GBFL","Goenka Business&Fin.","12","2.69"
"financial-services","Financial services","BSE","INANISEC","Inani Securities","11","150.46"
"financial-services","Financial services","BSE","VBIND","VB Industries","11","82.09"
"financial-services","Financial services","BSE","SCC","Scintilla Commercial","11","--"
"financial-services","Financial services","BSE","ZSVARAJT","Svaraj Trading&Agen.","11","--"
"financial-services","Financial services","BSE","SUMERUIND","Sumeru Industries","11","116.43"
"financial-services","Financial services","BSE","SASHWAT","Sashwat Technocrats","11","--"
"financial-services","Financial services","BSE","KUMPFIN","Kumbhat Finl. Serv.","11","13.56"
"financial-services","Financial services","BSE","DCMFINSERV","DCM Financial Serv.","11","--"
"financial-services","Financial services","BSE","LYONSCO","Lyons Corporate Mkt.","11","37.09"
"financial-services","Financial services","BSE","TFSL","Typhoon Finl. Serv.","10","133.86"
"financial-services","Financial services","BSE","NEXUSSURGL","Nexus Surgical & Med","10","13.22"
"financial-services","Financial services","NSE","ALPGRAPH%C2%A0","Alpha Graphic India","10","--"
"financial-services","Financial services","BSE","MODRNSH","Modern Shares &Stock","10","95.89"
"financial-services","Financial services","BSE","LIBORD","Libord Securities","10","--"
"financial-services","Financial services","BSE","YUNIKM","Yunik Managing Adv.","10","--"
"financial-services","Financial services","BSE","GANHOLD","Ganesh Holdings","10","46.32"
"financial-services","Financial services","BSE","ADCON","Adcon Capital Serv.","10","--"
"financial-services","Financial services","BSE","GARBIFIN","Garbi Finvest","10","--"
"financial-services","Financial services","BSE","KUBERJI","Kuber Udyog","10","16.78"
"financial-services","Financial services","BSE","OCTAL","Octal Credit Capital","10","--"
"financial-services","Financial services","BSE","GBLINFRA","Global Infratech&Fin","9","--"
"financial-services","Financial services","NSE","GATECHDVR","GACM Tech. - (DVR)","9","--"
"financial-services","Financial services","BSE","ARISE","Arihant Securities","9","43.2"
"financial-services","Financial services","BSE","MILLENNIUM","Mahamaya Investments","9","73.2"
"financial-services","Financial services","BSE","SHARPINV","Sharp Investments","9","56.1"
"financial-services","Financial services","BSE","SUJALA","Sujala Trading &Hold","9","--"
"financial-services","Financial services","BSE","1STCUS","First Custodian Fund","9","--"
"financial-services","Financial services","BSE","RAJPUTANA","Rajputana Inv.& Fin.","9","229.12"
"financial-services","Financial services","BSE","ANJANIFIN","Anjani Finance","9","50.36"
"financial-services","Financial services","BSE","ACEENGITEC","ACE Engitech","9","--"
"financial-services","Financial services","BSE","MATHEWE","Mathew EasowResearch","9","116.33"
"financial-services","Financial services","BSE","BCLENTERPR","BCL Enterprises","9","--"
"financial-services","Financial services","BSE","VBDESAIFIN","VB Desai Fin.Service","8","8.8"
"financial-services","Financial services","BSE","BFLAFL","BFL Asset Finvest","8","24.71"
"financial-services","Financial services","BSE","AARCON","Aarcon Facilities","7","126.64"
"financial-services","Financial services","BSE","INDICAP","Inditrade Capital","7","--"
"financial-services","Financial services","BSE","DHARFIN","Dharani Finance","7","11.95"
"financial-services","Financial services","BSE","NIKKIGL","Nikki Global Fin.","7","14.83"
"financial-services","Financial services","BSE","PREMCAPM","Premium Cap Mkt&Inv","7","328.34"
"financial-services","Financial services","BSE","ALEXANDER","Alexander Stamps","7","--"
"financial-services","Financial services","BSE","SYTIXSE","Systematix Sec.","7","--"
"financial-services","Financial services","BSE","RICHUNV","Rich UniverseNetwork","7","9.45"
"financial-services","Financial services","BSE","MEHSECU","Mehta Securities","7","--"
"financial-services","Financial services","BSE","INDOCRED","Indo Credit Capital","7","70.52"
"financial-services","Financial services","BSE","ISFL","ISF","7","--"
"financial-services","Financial services","BSE","MLINDLTD","M Lakhamsi Inds.","7","9.15"
"financial-services","Financial services","BSE","JAYBHCR","Jayabharat Credit","7","--"
"financial-services","Financial services","BSE","GUJCRED","Gujarat Credit Corp.","7","94.73"
"financial-services","Financial services","BSE","USHAKIRA","Ushakiran Finance","7","--"
"financial-services","Financial services","BSE","AGARWAL","Agarwal FortuneIndia","7","118.46"
"financial-services","Financial services","BSE","EXPLICITFIN","Explicit Finance","7","--"
"financial-services","Financial services","BSE","TPROJECT","Thirani Projects","7","14.14"
"financial-services","Financial services","BSE","ARYAN","Aryan Share & Stock","6","6.6"
"financial-services","Financial services","BSE","PASUFIN","Pasupati Fincap","6","49.41"
"financial-services","Financial services","BSE","WAGEND","Wagend Infra Venture","6","182.96"
"financial-services","Financial services","BSE","AMERISE","Amerise Biosciences","6","--"
"financial-services","Financial services","BSE","ARAVALISEC","Aravali Sec. & Fin","6","--"
"financial-services","Financial services","BSE","BRIJLEAS","Brijlaxmi Lease &Fin","6","9.48"
"financial-services","Financial services","BSE","JPTSEC","JPT Securities","6","--"
"financial-services","Financial services","BSE","SHIKHAR","Shikhar Consultants","6","--"
"financial-services","Financial services","BSE","GCMCAPI","GCM Capital Advisors","6","--"
"financial-services","Financial services","BSE","KANUNGO","Kanungo Financiers","6","8.96"
"financial-services","Financial services","BSE","KLGCAP","KLG Capital Services","6","--"
"financial-services","Financial services","BSE","AFEL","AF Enterprises","6","--"
"financial-services","Financial services","BSE","MERCTRD","Mercury Trad Links","6","--"
"financial-services","Financial services","BSE","KZLFIN","KZ Leasing & Finance","6","18.73"
"financial-services","Financial services","BSE","VINTAGES","Vintage Securities","6","33.96"
"financial-services","Financial services","BSE","INTCAPL","Integra Capital","6","14.01"
"financial-services","Financial services","BSE","HASTIFIN","Hasti Finance","6","--"
"financial-services","Financial services","BSE","WILLIMFI","Williamson Finl.Serv","6","--"
"financial-services","Financial services","BSE","MMLF","Money MastersLeasing","6","11.58"
"financial-services","Financial services","BSE","BPCAP","BP Capital","6","--"
"financial-services","Financial services","BSE","GOYALASS","Goyal Associates","6","--"
"financial-services","Financial services","BSE","PRIMECAPM","Prime Capital Market","6","--"
"financial-services","Financial services","BSE","RRSECUR","RR Securities","5","--"
"financial-services","Financial services","NSE","GLOBSEC","Global Securities","5","--"
"financial-services","Financial services","BSE","VIKALPS","Vikalp Securities","5","--"
"financial-services","Financial services","BSE","PEOPLIN","Peoples Investments","5","--"
"financial-services","Financial services","BSE","SUPERIOR","Superior Finlease","5","114.29"
"financial-services","Financial services","BSE","AMARSEC","Amarnath Securities","5","--"
"financial-services","Financial services","BSE","SUNGOLD","Sungold Capital","5","304.27"
"financial-services","Financial services","BSE","MAHANIN","Mahan Industries","5","122.1"
"financial-services","Financial services","BSE","POLYTEX","Polytex India","5","--"
"financial-services","Financial services","BSE","LEADFIN","Lead Financial Serv.","5","47.14"
"financial-services","Financial services","BSE","ALFL","Abhinav Lsg. & Fin","5","12.04"
"financial-services","Financial services","BSE","SIDDHA","Siddha Ventures","4","--"
"financial-services","Financial services","BSE","AARSHYAM","AAR Shyam India Inv.","4","--"
"financial-services","Financial services","BSE","FUTURSEC","Futuristic Sec.","4","--"
"financial-services","Financial services","NSE","INTERFACEFN","Interface Financial","4","--"
"financial-services","Financial services","BSE","RAJKOTINV","Rajkot Inv. Trust","4","34.55"
"financial-services","Financial services","BSE","BEFOUNDMOL","Befound Movement","4","350.0"
"financial-services","Financial services","BSE","KENFIN","Ken FinancialService","4","8.04"
"financial-services","Financial services","BSE","OSWALEA","Oswal Leasing","4","--"
"financial-services","Financial services","BSE","EKAMLEA","Ekam leas.& Fin. Co.","4","--"
"financial-services","Financial services","BSE","CINDRELL","Cindrella Finl. Serv","4","56.73"
"financial-services","Financial services","BSE","GEETANJ","Geetanjali Credit","4","21.33"
"financial-services","Financial services","BSE","BRIPORT","Brilliant Portfolios","3","4.96"
"financial-services","Financial services","BSE","CHARMS","Charms Industries","3","--"
"financial-services","Financial services","BSE","SWADHATURE","Swadha Nature","3","--"
"financial-services","Financial services","BSE","ZHEMHOLD","HEM Holdings&Trading","3","--"
"financial-services","Financial services","BSE","GCMCOMM","GCM Commodity & Deri","3","--"
"financial-services","Financial services","BSE","SSPNFIN","SSPN Finance","3","280.95"
"financial-services","Financial services","BSE","OLYMTFI","Olympic Mgmnt.&Serv","3","--"
"financial-services","Financial services","NSE","ACHAL","Achal Investments","2","120.83"
"financial-services","Financial services","BSE","WARDHEALTH","Wardwizard Health.","1","--"
"financial-services","Financial services","BSE","ZGOLDINV","Gold Rock Investment","1","0.04"
"financial-services","Financial services","BSE","MAGANTR","Magnanimous Trade","1","0.03"
"financial-services","Financial services","BSE","TRUSTWAVE","Trustwave Securities","1","--"
"financial-services","Financial services","BSE","EENTER","E & E Enterprises","1","3.4"
"financial-services","Financial services","NSE","RFLINT%C2%A0","RFL International","1","--"
"financial-services","Financial services","NSE","VERTIS","Vertis Infrastruct.","0","--"
"financial-services","Financial services","NSE","NHIT","NHIT","0","--"
"financial-services","Financial services","NSE","INDUSINVIT","Indus Infra Trust","0","--"
"financial-services","Financial services","BSE","ANZEN","Anzen Ind Enrg Yld.","0","--"
"financial-services","Financial services","BSE","MIT","Maple Infrastructure","0","--"
"financial-services","Financial services","BSE","PRASGLOFIN","Silicon Valley Info.","0","--"
"financial-services","Financial services","BSE","JPTRLES","Jupiter Inds&Leasing","0","--"
"financial-services","Financial services","NSE","PGINVIT","POWERGRID Infra.&Inv","0","--"
"financial-services","Financial services","BSE","ENERGYINF","ENERGYINF","0","--"
"financial-services","Financial services","NSE","NXST","Nexus Select Trust","0","--"
"financial-services","Financial services","BSE","ISCITRUST%C2%A0","Intelligent Supply","0","--"
"financial-services","Financial services","NSE","INDIGRID","INDIGRID Infra Trust","0","--"
"financial-services","Financial services","NSE","INTERISE","Interise Trust","0","--"
"financial-services","Financial services","BSE","ALTIUSINVIT","Altius Telecom Infra","0","--"
"financial-services","Financial services","NSE","ANANTAM","Anantam Highways","0","--"
"financial-services","Financial services","BSE","ZARCOLEA","Arco Leasing","0","--"
"healthcare","Healthcare","NSE","SUNPHARMA","Sun Pharma. Inds.","4,64,271","38.38"
"healthcare","Healthcare","NSE","DIVISLAB","Divi's Laboratories","2,26,843","77.55"
"healthcare","Healthcare","NSE","TORNTPHARM","Torrent Pharma","1,86,000","85.28"
"healthcare","Healthcare","NSE","APOLLOHOSP","Apollo Hospital Ent.","1,23,152","63.42"
"healthcare","Healthcare","NSE","ZYDUSLIFE","Zydus Lifesciences","1,20,099","26.61"
"healthcare","Healthcare","NSE","CIPLA","Cipla","1,18,072","35.03"
"healthcare","Healthcare","NSE","LUPIN","Lupin","1,03,550","18.73"
"healthcare","Healthcare","NSE","MANKIND","Mankind Pharma","1,00,137","49.02"
"healthcare","Healthcare","NSE","DRREDDY","Dr. Reddy's Labs.","1,00,073","31.06"
"healthcare","Healthcare","NSE","LAURUSLABS","Laurus Labs","99,474","90.98"
"healthcare","Healthcare","NSE","MAXHEALTH","Max Healthcare Inst.","98,106","68.02"
"healthcare","Healthcare","NSE","AUROPHARMA","Aurobindo Pharma","95,798","25.8"
"healthcare","Healthcare","NSE","MANIPALHOS","Manipal Health Enter","91,044","102.03"
"healthcare","Healthcare","NSE","ASTERDM","Aster DM Quality","72,314","226.92"
"healthcare","Healthcare","NSE","BIOCON","Biocon","69,865","141.06"
"healthcare","Healthcare","NSE","FORTIS","Fortis Healthcare","66,889","63.83"
"healthcare","Healthcare","NSE","ALKEM","Alkem Laboratories","65,402","28.41"
"healthcare","Healthcare","NSE","GLENMARK","Glenmark Pharma.","64,126","35.67"
"healthcare","Healthcare","NSE","ABBOTINDIA","Abbott India","59,810","38.54"
"healthcare","Healthcare","NSE","ANTHEM","Anthem Biosciences","49,464","85.88"
"healthcare","Healthcare","NSE","GLAND","Gland Pharma","47,752","42.3"
"healthcare","Healthcare","BSE","IPCALAB","Ipca Laboratories","44,822","39.28"
"healthcare","Healthcare","NSE","GLAXO","Glaxosmithkline Phar","44,378","41.55"
"healthcare","Healthcare","NSE","AJANTPHARM","Ajanta Pharma","44,269","39.01"
"healthcare","Healthcare","NSE","EMCURE","Emcure Pharma","38,056","37.63"
"healthcare","Healthcare","NSE","MEDANTA","Global Health","37,506","67.44"
"healthcare","Healthcare","NSE","NH","Narayana Hrudayalay.","37,416","45.85"
"healthcare","Healthcare","NSE","KIMS","Krishna Inst.Medi","33,785","165.37"
"healthcare","Healthcare","NSE","LALPATHLAB","Dr. Lal Pathlabs","32,764","60.46"
"healthcare","Healthcare","NSE","SAILIFE","Sai Life Sciences","31,071","85.89"
"healthcare","Healthcare","NSE","WOCKPHARMA","Wockhardt","30,017","73.39"
"healthcare","Healthcare","NSE","NEULANDLAB","Neuland Laboratories","28,874","58.01"
"healthcare","Healthcare","NSE","PPLPHARMA","Piramal Pharma","28,005","--"
"healthcare","Healthcare","NSE","RUBICON","Rubicon Research","27,406","111.08"
"healthcare","Healthcare","BSE","ACUTAAS","Acutaas Chemicals","25,799","66.8"
"healthcare","Healthcare","NSE","PFIZER","Pfizer","22,966","31.24"
"healthcare","Healthcare","NSE","GRANULES","Granules India","21,437","32.37"
"healthcare","Healthcare","NSE","ASTRAZEN","Astrazeneca Pharma","19,764","116.52"
"healthcare","Healthcare","BSE","POLYMED","Poly Medicure","18,944","60.12"
"healthcare","Healthcare","BSE","CAPLIPOINT","Caplin Point Labs.","18,814","28.28"
"healthcare","Healthcare","NSE","ERIS","Eris Lifesciences","18,707","29.05"
"healthcare","Healthcare","BSE","ONESOURCE","Onesource Specialty","17,656","--"
"healthcare","Healthcare","NSE","COHANCE","Cohance Lifesciences","17,006","160.09"
"healthcare","Healthcare","NSE","ALIVUS","Alivus Life Sciences","16,720","27.73"
"healthcare","Healthcare","NSE","APLLTD","Alembic Pharma","16,536","23.85"
"healthcare","Healthcare","NSE","SYNGENE","Syngene Internatl.","16,506","74.69"
"healthcare","Healthcare","NSE","NATCOPHARM","Natco Pharma","16,389","11.55"
"healthcare","Healthcare","BSE","AGARWALEYE","Dr. Agarwal's Health","16,203","109.21"
"healthcare","Healthcare","NSE","SHILPAMED","Shilpa Medicare","15,732","52.91"
"healthcare","Healthcare","NSE","VIJAYA","Vijaya Diagnostic","15,566","83.02"
"healthcare","Healthcare","NSE","CONCORDBIO","Concord Biotech","15,115","54.89"
"healthcare","Healthcare","NSE","RAINBOW","RainbowChildrenS Med","15,060","52.77"
"healthcare","Healthcare","NSE","JUBLPHARMA","Jubilant Pharmova","14,197","40.32"
"healthcare","Healthcare","NSE","MARKSANS","Marksans Pharma","14,173","27.43"
"healthcare","Healthcare","NSE","INDGN","Indegene","13,613","33.96"
"healthcare","Healthcare","NSE","CORONA","CORONA Remedies","13,064","65.64"
"healthcare","Healthcare","NSE","SUDEEPPHRM","Sudeep Pharma","12,485","68.36"
"healthcare","Healthcare","NSE","PARKHOSPS","Park Medi World","12,260","47.5"
"healthcare","Healthcare","NSE","AKUMS","Akums Drugs & Pharma","11,807","40.47"
"healthcare","Healthcare","BSE","VIYASH","Viyash Scientific","11,567","67.58"
"healthcare","Healthcare","NSE","METROPOLIS","Metropolis Health.","11,453","56.8"
"healthcare","Healthcare","NSE","BLUEJET","Blue Jet Healthcare","11,110","47.29"
"healthcare","Healthcare","NSE","HCG","Healthcare Global","10,986","482.28"
"healthcare","Healthcare","BSE","SANOFICONR","Sanofi Cons. Health","10,307","38.75"
"healthcare","Healthcare","NSE","THYROCARE","Thyrocare Tech.","10,258","58.19"
"healthcare","Healthcare","NSE","JLHL","Jupiter Life Line","10,023","53.43"
"healthcare","Healthcare","NSE","PGHL","Procter&Gamble Healt","9,882","27.69"
"healthcare","Healthcare","BSE","SUVEN","Suven Life Sciences","9,327","--"
"healthcare","Healthcare","NSE","STAR","Strides Pharma Scien","9,165","14.94"
"healthcare","Healthcare","NSE","YATHARTH","Yatharth Hospital","8,359","46.14"
"healthcare","Healthcare","NSE","MEDPLUS","Medplus Health Serv.","8,109","38.53"
"healthcare","Healthcare","NSE","AARTIPHARM","Aarti Pharmalabs","8,038","37.71"
"healthcare","Healthcare","NSE","SANOFI","Sanofi India","7,466","23.06"
"healthcare","Healthcare","BSE","SENORES","Senores Pharmaceutic","6,865","54.33"
"healthcare","Healthcare","NSE","NEPHROPLUS","Nephrocare Health","6,832","88.91"
"healthcare","Healthcare","NSE","SUPRIYA","Supriya Lifescience","6,691","32.0"
"healthcare","Healthcare","NSE","SPARC","Sun Pharma Adv. Res","6,573","4.15"
"healthcare","Healthcare","BSE","KOVAI","Kovai Medical Center","6,378","24.88"
"healthcare","Healthcare","NSE","ORCHPHARMA","Orchid Pharma","6,360","309.52"
"healthcare","Healthcare","BSE","INNOVACAP","Innova Captab","5,797","37.64"
"healthcare","Healthcare","NSE","FDC","FDC","5,765","19.71"
"healthcare","Healthcare","NSE","BLISSGVS","Bliss GVS Pharma","5,188","40.18"
"healthcare","Healthcare","NSE","ARTEMISMED","Artemis MedicareServ","5,010","44.09"
"healthcare","Healthcare","BSE","IOLCP","IOL Chem & Pharma","4,645","27.63"
"healthcare","Healthcare","NSE","RPGLIFE","RPG Life Sciences","4,335","37.64"
"healthcare","Healthcare","NSE","ZOTA","Zota Health Care","4,328","--"
"healthcare","Healthcare","NSE","GUFICBIO","Gufic Biosciences","4,250","66.18"
"healthcare","Healthcare","NSE","MOREPENLAB","Morepen Laboratories","4,030","28.68"
"healthcare","Healthcare","NSE","AARTIDRUGS","Aarti Drugs","3,940","20.61"
"healthcare","Healthcare","BSE","GUJTHEM","Guj. Themis Biosyn","3,845","78.97"
"healthcare","Healthcare","NSE","UNICHEMLAB","Unichem Laboratories","3,817","15.1"
"healthcare","Healthcare","NSE","INDRAMEDCO","Indraprastha Medical","3,456","18.38"
"healthcare","Healthcare","NSE","SMSPHARMA","SMS Pharmaceuticals","3,447","33.66"
"healthcare","Healthcare","BSE","KPL","Kwality Pharma","3,444","42.49"
"healthcare","Healthcare","NSE","ADVENZYMES","Advanced Enzyme Tech","3,379","20.37"
"healthcare","Healthcare","NSE","DCAL","Dishman Carbogen Amc","2,995","30.74"
"healthcare","Healthcare","NSE","BETA","Beta Drugs","2,837","68.39"
"healthcare","Healthcare","NSE","VIMTALABS","Vimta Labs","2,801","35.16"
"healthcare","Healthcare","NSE","HIKAL","Hikal","2,620","--"
"healthcare","Healthcare","NSE","INDSWFTLAB","Ind-Swift Labs.","2,605","45.45"
"healthcare","Healthcare","BSE","DRAGARWQ","Dr Agarwals Eye Hosp","2,597","34.07"
"healthcare","Healthcare","NSE","PANACEABIO","Panacea Biotec","2,450","--"
"healthcare","Healthcare","NSE","SAIPARENT","Sai Parenteral's","2,442","171.25"
"healthcare","Healthcare","BSE","SOLARA","Solara Active Pharma","2,437","--"
"healthcare","Healthcare","BSE","FREDUN","Fredun Pharma","2,305","52.6"
"healthcare","Healthcare","NSE","VENUSREM","Venus Remedies","2,215","19.07"
"healthcare","Healthcare","NSE","ALEMBICLTD","Alembic","2,181","6.8"
"healthcare","Healthcare","NSE","NGLFINE","NGL Fine-Chem","2,108","43.8"
"healthcare","Healthcare","BSE","HESTERBIO","Hester Biosciences","2,087","15.32"
"healthcare","Healthcare","NSE","SAKAR","Sakar Healthcare","2,082","57.68"
"healthcare","Healthcare","BSE","KMCSHIL","KMC Speciality Hosp.","2,020","43.22"
"healthcare","Healthcare","NSE","INDOCO","Indoco Remedies","2,000","355.28"
"healthcare","Healthcare","NSE","KRSNAA","Krsnaa Diagnostics","1,863","18.37"
"healthcare","Healthcare","NSE","WINDLAS","Windlas Biotech","1,847","27.8"
"healthcare","Healthcare","BSE","SHUKRAPHAR","Shukra Pharmaceut.","1,751","48.56"
"healthcare","Healthcare","NSE","SHALBY","Shalby","1,696","45.36"
"healthcare","Healthcare","NSE","TTKHLTCARE","TTK Healthcare","1,557","21.05"
"healthcare","Healthcare","NSE","SYNCOMF","Syncom Formulations","1,493","17.45"
"healthcare","Healthcare","NSE","JAGSNPHARM","Jagsonpal Pharma","1,490","32.76"
"healthcare","Healthcare","NSE","SURAKSHA","Suraksha Diagnostic","1,409","43.76"
"healthcare","Healthcare","NSE","AMRUTANJAN","Amrutanjan Health.","1,409","26.1"
"healthcare","Healthcare","BSE","FERMENTA","Fermenta Biotech","1,393","23.03"
"healthcare","Healthcare","NSE","ACCENTMIC","Accent Microcell","1,344","30.65"
"healthcare","Healthcare","BSE","GPTHEALTH","GPT Healthcare","1,289","27.26"
"healthcare","Healthcare","NSE","QLINE","Q-Line Biotech","1,241","22.26"
"healthcare","Healthcare","BSE","LINCOLN","Lincoln Pharma","1,184","13.47"
"healthcare","Healthcare","NSE","UNIHEALTH","Unihealth Hospitals","1,137","44.01"
"healthcare","Healthcare","BSE","BAJAJHCARE","Bajaj Healthcare","1,103","47.9"
"healthcare","Healthcare","BSE","LAXMIDENTL","Laxmi Dental","1,101","35.64"
"healthcare","Healthcare","NSE","GKSL","Guj. Kidney & Super","1,053","67.92"
"healthcare","Healthcare","NSE","REMUS","Remus Pharmaceutical","996","26.92"
"healthcare","Healthcare","NSE","THEMISMED","Themis Medicare","991","866.66"
"healthcare","Healthcare","BSE","BPLPHARMA","Bharat Parenterals","954","--"
"healthcare","Healthcare","NSE","WANBURY","Wanbury","920","21.41"
"healthcare","Healthcare","NSE","GAUDIUMIVF","Gaudium IVF & Women","898","36.71"
"healthcare","Healthcare","BSE","SUDARSHAN","Sudarshan Pharma (I)","862","36.97"
"healthcare","Healthcare","NSE","KOPRAN","Kopran","833","33.34"
"healthcare","Healthcare","BSE","SGRL","Shree Ganesh Remed.","783","44.1"
"healthcare","Healthcare","BSE","ANUHPHR","Anuh Pharma","774","17.51"
"healthcare","Healthcare","NSE","AHCL","Anlon Healthcare","756","26.03"
"healthcare","Healthcare","NSE","OSELDEVICE","Osel Devices","715","24.46"
"healthcare","Healthcare","NSE","INFLUX","Influx Healthtech","689","33.52"
"healthcare","Healthcare","BSE","KILITCH","Kilitch Drugs(India)","678","22.48"
"healthcare","Healthcare","NSE","KRMAYURVED","KRM Ayurveda","648","32.23"
"healthcare","Healthcare","BSE","BAFNAPH","Bafna Pharmaceutical","646","82.99"
"healthcare","Healthcare","NSE","AMANTA","Amanta Healthcare","608","41.46"
"healthcare","Healthcare","BSE","ZIMLAB","Zim Laboratories","578","156.29"
"healthcare","Healthcare","NSE","CHANDAN","Chandan Healthcare","575","21.25"
"healthcare","Healthcare","BSE","HSIL","Hemant Surgical Inds","520","28.56"
"healthcare","Healthcare","BSE","JENBURPH","Jenburkt Pharma","472","14.37"
"healthcare","Healthcare","BSE","PREVEST","Prevest Denpro","465","21.38"
"healthcare","Healthcare","BSE","ASARFI","Asarfi Hospital Ltd.","465","26.1"
"healthcare","Healthcare","BSE","ALBERTDAVD","Albert David","456","20.2"
"healthcare","Healthcare","BSE","APPL","Aptus Pharma","452","97.8"
"healthcare","Healthcare","NSE","HALEOSLABS","Haleos Labs","451","28.51"
"healthcare","Healthcare","NSE","VALIANTLAB","Valiant Laboratories","409","25.56"
"healthcare","Healthcare","BSE","MEDICO","Medico Remedies","395","30.15"
"healthcare","Healthcare","BSE","AMBALALSA","Ambalal Sarabhai Ent","344","19.34"
"healthcare","Healthcare","BSE","ISTRNETWK","iStreet Network","321","64.6"
"healthcare","Healthcare","NSE","MEDICAMEQ","Medicamen Biotech","321","33.31"
"healthcare","Healthcare","NSE","NURECA","Nureca","319","73.5"
"healthcare","Healthcare","BSE","MBIND","BDH Industries","318","29.42"
"healthcare","Healthcare","BSE","TLL","Trident Lifeline","312","16.39"
"healthcare","Healthcare","BSE","EVERESTO","Everest Organics","304","54.85"
"healthcare","Healthcare","BSE","ASTONEALAB","Astonea Labs","287","63.55"
"healthcare","Healthcare","NSE","YASHOPTICS","Yash Optics & Lens","282","31.2"
"healthcare","Healthcare","BSE","ZENOTECH","Zenotech Labs.","269","--"
"healthcare","Healthcare","NSE","AAREYDRUGS","Aarey Drugs & Pharma","262","65.93"
"healthcare","Healthcare","BSE","OXYGENTAPH","Oxygenta Pharma","251","--"
"healthcare","Healthcare","NSE","LOTUSEYE","Lotus Eye Hospital","245","1632.51"
"healthcare","Healthcare","BSE","HANNAH","Hannah Joseph Hospit","245","21.91"
"healthcare","Healthcare","NSE","LYKALABS","Lyka Labs","242","--"
"healthcare","Healthcare","BSE","CHEMKART","Chemkart India","230","11.69"
"healthcare","Healthcare","BSE","SANJIVIN","Sanjivani Paranteral","228","33.67"
"healthcare","Healthcare","BSE","GENNEX","Gennex Laboratories","219","10.42"
"healthcare","Healthcare","BSE","ANL","Accretion Nutraveda","216","42.71"
"healthcare","Healthcare","NSE","ACCPL","Accretion Pharma.","210","21.7"
"healthcare","Healthcare","NSE","NECLIFE","Nectar Lifesciences","209","--"
"healthcare","Healthcare","BSE","CORALAB","Coral Laboratories","207","12.63"
"healthcare","Healthcare","BSE","KERALAYUR","Kerala Ayurveda","204","--"
"healthcare","Healthcare","NSE","MADHAVBAUG","Vaidya Sane Ayur Lab","197","21.92"
"healthcare","Healthcare","BSE","EARKART","Earkart","192","39.03"
"healthcare","Healthcare","NSE","SATKARTAR","Sat Kartar Life","191","11.08"
"healthcare","Healthcare","NSE","BROOKS","Brooks Laboratories","186","7.55"
"healthcare","Healthcare","NSE","BMLL","Bio Medica Labs.","182","15.63"
"healthcare","Healthcare","NSE","MAHAREM%C2%A0","IndoAmerican Advance","171","--"
"healthcare","Healthcare","BSE","HRHYGIENE","HR Hygiene Products","171","14.98"
"healthcare","Healthcare","BSE","GUJINJEC","Guj. Inject (Kerala)","169","56.63"
"healthcare","Healthcare","BSE","AASHKA","Aashka Hospitals","168","50.44"
"healthcare","Healthcare","BSE","STARIMAGIN","Star Imaging & Path","167","8.67"
"healthcare","Healthcare","BSE","NATCAPSUQ","Natural Capsules","167","--"
"healthcare","Healthcare","BSE","SYSCHEM","Syschem (India)","166","26.97"
"healthcare","Healthcare","BSE","PANCHSHEEL","Panchsheel Organics","154","14.24"
"healthcare","Healthcare","BSE","PARNAXLAB","Parnax Lab","150","12.78"
"healthcare","Healthcare","NSE","QUESTLAB","Quest Laboratories","149","9.9"
"healthcare","Healthcare","BSE","AUROLAB","Auro Laboratories","149","42.29"
"healthcare","Healthcare","BSE","SMRUTHIORG","Smruthi Organics","146","19.62"
"healthcare","Healthcare","NSE","NEPHROCARE","Nephro Care India","145","42.89"
"healthcare","Healthcare","NSE","BALPHARMA","Bal Pharma","142","22.61"
"healthcare","Healthcare","NSE","ALPA","Alpa Laboratories","141","9.39"
"healthcare","Healthcare","BSE","SPML","Speciality Medicines","141","10.79"
"healthcare","Healthcare","NSE","AVIENCE","Avience Biomedicals","138","15.72"
"healthcare","Healthcare","BSE","LACTOSE","Lactose (India)","134","19.31"
"healthcare","Healthcare","NSE","BALAXI","Balaxi Pharma.","133","54.77"
"healthcare","Healthcare","BSE","KIMIABL","Kimia Biosciences","129","17.96"
"healthcare","Healthcare","NSE","KREBSBIO","Krebs Biochem.&Inds","125","--"
"healthcare","Healthcare","NSE","VIJAYPD","Vijaypd Ceutical","124","24.47"
"healthcare","Healthcare","BSE","PHARMAID","Pharmaids Pharma","123","--"
"healthcare","Healthcare","NSE","VAISHALI","Vaishali Pharma","112","27.85"
"healthcare","Healthcare","BSE","RAAJMEDI","Raaj Medisafe India","110","60.98"
"healthcare","Healthcare","BSE","TYCHE","Tyche Industries","109","24.43"
"healthcare","Healthcare","NSE","HOLMARC","Holmarc Opto-Mech.","108","26.58"
"healthcare","Healthcare","BSE","AAYUSH","Aayush Wellness","108","27.2"
"healthcare","Healthcare","BSE","ASPIRA","Aspira Pathlab&Diagn","104","43.21"
"healthcare","Healthcare","BSE","GODAVARI","Godavari Drugs","103","25.27"
"healthcare","Healthcare","NSE","SOTAC","Sotac Pharmaceutical","102","17.62"
"healthcare","Healthcare","BSE","CONCORD","Concord Drugs","97","47.54"
"healthcare","Healthcare","BSE","MERCURYLAB","Mercury Laboratories","94","22.64"
"healthcare","Healthcare","BSE","NIYATILEAS","Veerhealth Care","94","172.02"
"healthcare","Healthcare","BSE","DENISCHEM","Denis Chem Lab","94","11.2"
"healthcare","Healthcare","BSE","FORTISMLR","Fortis MalarHospital","92","675.39"
"healthcare","Healthcare","BSE","MAKERSL","Makers Laboratories","92","27.03"
"healthcare","Healthcare","NSE","INVICTA","Invicta Diagnostic","92","18.72"
"healthcare","Healthcare","BSE","AMWILL","Amwill Health Care","84","7.36"
"healthcare","Healthcare","NSE","CURIS","Curis Lifesciences","84","12.17"
"healthcare","Healthcare","BSE","CHOKSILA","Choksi Laboratories","81","41.17"
"healthcare","Healthcare","NSE","MAITREYA","Maitreya Medicare","81","--"
"healthcare","Healthcare","NSE","ONYX","Onyx Biotec","81","--"
"healthcare","Healthcare","NSE","VINEETLAB","Vineet Laboratories","75","--"
"healthcare","Healthcare","BSE","SAMRATPH","Samrat Pharmachem","75","--"
"healthcare","Healthcare","BSE","MDRC","Modern Diagnostic","75","14.37"
"healthcare","Healthcare","NSE","ZENITHDRUG","Zenith Drugs","72","18.18"
"healthcare","Healthcare","BSE","SOURCENTRL","Source Natural Foods","71","20.19"
"healthcare","Healthcare","NSE","SANGANI","Sangani Hospitals","70","23.36"
"healthcare","Healthcare","BSE","BIBCL","Bharat Immunological","69","--"
"healthcare","Healthcare","BSE","APL","Asston Pharma","67","17.4"
"healthcare","Healthcare","BSE","CONSTRONIC","Constronics Infra","64","20.57"
"healthcare","Healthcare","NSE","VILINBIO","Vilin Bio Med","64","33.12"
"healthcare","Healthcare","BSE","SHANMUGA","Shanmuga Hospital","61","14.39"
"healthcare","Healthcare","BSE","PHRMASI","Phaarmasia","60","3.44"
"healthcare","Healthcare","BSE","KABRADG","Aanjaay Industries","59","11.96"
"healthcare","Healthcare","BSE","BIOFILCHEM","Biofil Chem & Pharma","53","109.43"
"healthcare","Healthcare","BSE","SHREEPAC","Shree Pacetronix","51","16.32"
"healthcare","Healthcare","BSE","VIVOBIOT","Vivo Bio Tech","46","--"
"healthcare","Healthcare","BSE","KMSMEDI","KMS Medisurgi","44","99.65"
"healthcare","Healthcare","BSE","SHELTER","Shelter Pharma","44","4.85"
"healthcare","Healthcare","NSE","JFLLIFE","JFL Life Sciences","43","6.39"
"healthcare","Healthcare","NSE","MANGALAM","Mangalam Drugs&Org.","43","--"
"healthcare","Healthcare","NSE","AATMAJ","Aatmaj Healthcare","42","59.04"
"healthcare","Healthcare","BSE","RAJNISH","Rajnish Wellness","42","--"
"healthcare","Healthcare","BSE","PARMAX","Parmax Pharma","42","--"
"healthcare","Healthcare","BSE","VISTAPH","Vista Pharmaceutical","42","--"
"healthcare","Healthcare","NSE","VIVIMEDLAB","Vivimed Labs","42","--"
"healthcare","Healthcare","BSE","AMKAY","Amkay Products","40","17.23"
"healthcare","Healthcare","BSE","ANG","ANG Lifesciences","40","--"
"healthcare","Healthcare","BSE","NGIND","NG Industries","39","22.44"
"healthcare","Healthcare","BSE","GLPL","Goldline Pharma.","39","9.54"
"healthcare","Healthcare","BSE","CBPL","Chandra Bhagat Pharm","38","12.43"
"healthcare","Healthcare","NSE","LASA","Lasa Supergenerics","38","--"
"healthcare","Healthcare","BSE","SANDUPHQ","Sandu Pharmaceutical","38","24.46"
"healthcare","Healthcare","BSE","PANJON","Panjon","37","61.75"
"healthcare","Healthcare","BSE","ROOPAIND","Roopa Industries","36","428.05"
"healthcare","Healthcare","BSE","BANDARAM","Bandaram Pharma Pack","34","76.06"
"healthcare","Healthcare","BSE","KRETTOSYS","Kretto Syscon","33","16.11"
"healthcare","Healthcare","BSE","SHARMEH","Sharma East Hospital","33","26.57"
"healthcare","Healthcare","NSE","WALPAR","Walpar Nutritions","33","13.23"
"healthcare","Healthcare","BSE","DECCAN","Deccan Health Care","32","12.81"
"healthcare","Healthcare","BSE","GKB","GKB Ophthalmics","31","25.41"
"healthcare","Healthcare","BSE","SML","Soni Medicare","31","--"
"healthcare","Healthcare","BSE","CSURGSU","Centenial Surg. Sut.","30","--"
"healthcare","Healthcare","BSE","KKSHL","KK Shah Hospitals","30","--"
"healthcare","Healthcare","BSE","GUJTERC","Gujarat Terce Labs.","30","14.54"
"healthcare","Healthcare","BSE","TEJNAKSH","Tejnaksh Healthcare","29","23.79"
"healthcare","Healthcare","BSE","CMMHOSP","Chennai Meena Multi","29","--"
"healthcare","Healthcare","BSE","WELCURE","Welcure Drugs&Pharma","28","--"
"healthcare","Healthcare","NSE","MEDIORG","Medicamen Organics","28","--"
"healthcare","Healthcare","NSE","MEDISTEP","Medistep Healthcare","28","4.75"
"healthcare","Healthcare","NSE","GML","Galaxy Medicare","27","8.01"
"healthcare","Healthcare","BSE","UNICK","Unick Fix-A-Form","26","30.6"
"healthcare","Healthcare","BSE","VENMAX","Venmax Drugs&Pharma","25","87.21"
"healthcare","Healthcare","BSE","ADESHWAR","Adeshwar Meditex","24","18.58"
"healthcare","Healthcare","BSE","CHCL","Cian Healthcare","24","--"
"healthcare","Healthcare","BSE","TRABI","Transgene Biotek","23","--"
"healthcare","Healthcare","BSE","ISHITADR","Ishita Drugs & Inds.","22","30.61"
"healthcare","Healthcare","BSE","COLINZ","Colinz Laboratories","21","7.35"
"healthcare","Healthcare","BSE","BACPHAR","Bacil Pharma","21","13.41"
"healthcare","Healthcare","BSE","HAMPS","Hamps Bio","21","--"
"healthcare","Healthcare","BSE","VINRKLB","Rekvina Laboratories","20","--"
"healthcare","Healthcare","NSE","NIDAN","Nidan Labs. & Health","19","12.74"
"healthcare","Healthcare","BSE","ZENITHHE","Zenith Health Care","17","3374.81"
"healthcare","Healthcare","BSE","NORRIS","Norris Medicines","16","--"
"healthcare","Healthcare","BSE","OMKARPH","Omkar Pharmachem","15","124.77"
"healthcare","Healthcare","BSE","DESHRAK","Desh Rakshak Aushdh","15","26.06"
"healthcare","Healthcare","BSE","KOBO","Kobo Biotech","14","--"
"healthcare","Healthcare","BSE","SHAMROIN","Shamrock Indl. Co","14","--"
"healthcare","Healthcare","BSE","GLHRL","Global Longlife Hosp","13","--"
"healthcare","Healthcare","BSE","ORTINGLOBE","Ortin Global","13","--"
"healthcare","Healthcare","BSE","FAMILYCARE","Family Care Hospital","12","--"
"healthcare","Healthcare","BSE","BERLDRG","Beryl Drugs","12","18.99"
"healthcare","Healthcare","BSE","EMMESSA","Emmessar Biotech&Nut","12","30.1"
"healthcare","Healthcare","NSE","SAROJA","Saroja Pharma Inds.","12","7.58"
"healthcare","Healthcare","BSE","UNJHAFOR","Unjha Formulations","12","25.74"
"healthcare","Healthcare","BSE","STARSOURCE","StarsourceMultitrade","12","--"
"healthcare","Healthcare","BSE","LINKPH","Link Pharma Chem","12","--"
"healthcare","Healthcare","BSE","ZDHJERK","DhanvantriJeevan Rek","11","26.55"
"healthcare","Healthcare","BSE","BROACH","Broach Lifecare Hosp","11","126.99"
"healthcare","Healthcare","BSE","DOLPHMED","Dolphin Medical Serv","11","269.28"
"healthcare","Healthcare","BSE","LOOKS","Looks Health Service","10","430.04"
"healthcare","Healthcare","BSE","CTLLAB","Clinitech Laboratory","9","21.58"
"healthcare","Healthcare","BSE","ADLINE","Adline Chem Lab","8","--"
"healthcare","Healthcare","BSE","HEMORGANIC","Hemo Organic","7","--"
"healthcare","Healthcare","BSE","HINDBIO","Hind Bio Sciences","7","--"
"healthcare","Healthcare","BSE","GANGAPHARM","Ganga Pharma","7","89.76"
"healthcare","Healthcare","BSE","DECIPHER","Decipher Labs","6","--"
"healthcare","Healthcare","BSE","DLCL","Dr Lalchandani Labs","5","86.1"
"healthcare","Healthcare","BSE","GIANLIFE","Gian Life Care","5","--"
"healthcare","Healthcare","NSE","ZYDEN%C2%A0","Zyden Gentec","5","--"
"healthcare","Healthcare","BSE","TRANSPACT","Transpact Enterprise","4","44.45"
"healthcare","Healthcare","BSE","ADVIKLA","MPS Pharmaa","4","--"
"healthcare","Healthcare","BSE","FABINO","Fabino Enterprises","4","69.81"
"healthcare","Healthcare","BSE","BOSTON","Boston Commerce","3","--"
"healthcare","Healthcare","BSE","CRESANTO","Cresanto Global","2","--"
"it","IT","NSE","NAUKRI","Info Edge (India)","87,213","54.52"
"it","IT","NSE","CARTRADE","CarTrade Tech","13,125","56.73"
"it","IT","NSE","INDIAMART","Indiamart Intermesh","10,732","21.75"
"it","IT","NSE","JUSTDIAL","Just Dial","5,860","11.64"
"it","IT","BSE","UNIECOM","Unicomm. eSolutions","1,031","50.39"
"it","IT","NSE","MOBILISE","Mobilise App Lab","112","20.0"
"logistics","Logistics","NSE","ADANIPORTS","Adani Ports &Special","3,83,609","29.26"
"logistics","Logistics","NSE","JSWINFRA","JSW Infrastructure","80,653","54.3"
"logistics","Logistics","NSE","AEGISLOG","Aegis Logistics","44,382","35.47"
"logistics","Logistics","NSE","CONCOR","Container Corporat.","38,995","31.4"
"logistics","Logistics","NSE","DELHIVERY","Delhivery","35,301","377.41"
"logistics","Logistics","BSE","AEGISVOPAK","Aegis Vopak Terminal","30,292","121.09"
"logistics","Logistics","NSE","GESHIP","Great Eastern Ship.","18,292","4.88"
"logistics","Logistics","NSE","SHADOWFAX","Shadowfax Tech.","14,512","129.9"
"logistics","Logistics","NSE","SCI","Shipping Corpn.India","13,911","8.6"
"logistics","Logistics","NSE","SWANDEF","Swan Defence & Heavy","13,078","--"
"logistics","Logistics","NSE","BLUEDART","Blue Dart Express","12,078","42.08"
"logistics","Logistics","BSE","SHREEJISPG","Shreeji Ship.Global","10,446","68.41"
"logistics","Logistics","BSE","BLACKBUCK","BlackBuck","10,355","61.34"
"logistics","Logistics","NSE","GPPL","Gujarat Pipavav Port","7,240","14.05"
"logistics","Logistics","NSE","TCI","Transport Corpn.","7,016","15.37"
"logistics","Logistics","NSE","TVSSCS","TVS Supply Chain Sol","5,690","87.86"
"logistics","Logistics","NSE","VRLLOG","VRL Logistics","5,278","19.74"
"logistics","Logistics","BSE","AFCOM","Afcom Holdings","4,273","35.05"
"logistics","Logistics","NSE","MAHLOG","Mahindra Logistics","4,041","105.01"
"logistics","Logistics","NSE","SEAMECLTD","Seamec","3,864","15.37"
"logistics","Logistics","NSE","DREDGECORP","Dredging Corporation","2,895","73.61"
"logistics","Logistics","NSE","GATEWAY","Gateway Distriparks","2,744","11.23"
"logistics","Logistics","NSE","TCIEXP","TCI Express","2,103","25.5"
"logistics","Logistics","BSE","DESIFARMS","Desi Farms India","2,074","--"
"logistics","Logistics","NSE","SCILAL","Ship. Corp. Land","1,896","66.52"
"logistics","Logistics","NSE","ALLCARGO","Allcargo Logistics","1,591","53.02"
"logistics","Logistics","NSE","NAVKARCORP","Navkar Corporation","1,508","37.72"
"logistics","Logistics","NSE","AGL","Allcargo Global","1,434","--"
"logistics","Logistics","NSE","GKWLIMITED","GKW","977","--"
"logistics","Logistics","NSE","TEJASCARGO","Tejas Cargo India","953","45.55"
"logistics","Logistics","NSE","SICALLOG","Sical Logistics","900","18.25"
"logistics","Logistics","BSE","WCIL","Western Carriers (I)","872","22.47"
"logistics","Logistics","BSE","RITCO","Ritco Logistics","865","24.03"
"logistics","Logistics","NSE","SVLL","Shree Vasu Logistics","855","119.32"
"logistics","Logistics","NSE","ATL","Allcargo Terminals","721","17.38"
"logistics","Logistics","NSE","SNOWMAN","Snowman Logistics","644","121.35"
"logistics","Logistics","BSE","GLOTTIS","Glottis","605","16.58"
"logistics","Logistics","NSE","ABSMARINE","ABS Marine Services","547","6.84"
"logistics","Logistics","NSE","IWARE","Iware Supplychain","523","34.72"
"logistics","Logistics","NSE","SJLOGISTIC","SJ Logistics","500","6.6"
"logistics","Logistics","NSE","BLUEWATER","Blue Water Logistics","451","17.87"
"logistics","Logistics","BSE","PPARIVAH","Paradeep Parivahan","412","12.28"
"logistics","Logistics","NSE","ESSARSHPNG","Essar Shipping","407","--"
"logistics","Logistics","NSE","COMMITTED","Committed Cargo Care","401","34.29"
"logistics","Logistics","BSE","LANCER","Lancer ContainerLine","395","69.63"
"logistics","Logistics","NSE","TARACHAND","Tara Chand Infra.","376","13.5"
"logistics","Logistics","NSE","AVG","AVG Logistics","374","14.3"
"logistics","Logistics","NSE","TRANSWORLD","Transworld Shipping","337","--"
"logistics","Logistics","BSE","OMFREIGHT","Om Freight Forwarder","323","20.13"
"logistics","Logistics","NSE","ASHWINI","Ashwini Container","294","20.93"
"logistics","Logistics","NSE","OLIL","Oneclick Logistics","287","100.95"
"logistics","Logistics","BSE","TIGERLOGS","Tiger Logistics (I)","273","12.7"
"logistics","Logistics","BSE","PRIMEFRESH","Prime Fresh","252","19.06"
"logistics","Logistics","NSE","GICL","Globe International","249","25.3"
"logistics","Logistics","NSE","DESTINY","Destiny Logi & Infra","226","66.44"
"logistics","Logistics","NSE","MAHESHWARI","Maheshwari Logistics","216","12.84"
"logistics","Logistics","NSE","SADHAV","Sadhav Shipping","190","12.93"
"logistics","Logistics","NSE","DRSDILIP","DRS Dilip Roadlines","166","27.14"
"logistics","Logistics","BSE","GLOBALLOG","Global Ocean Logist.","160","15.62"
"logistics","Logistics","BSE","NECCLTD","North Eastern Carry.","156","19.57"
"logistics","Logistics","BSE","GLOBOFFS","Garware OffshoreServ","149","--"
"logistics","Logistics","BSE","LAKSHMIEW","Lakshmi Engineering","140","68.64"
"logistics","Logistics","NSE","RUCHINFRA","Ruchi Infrastructure","135","22.43"
"logistics","Logistics","NSE","RAPIDFLEET","Rapid Fleet Mgmnt.","124","9.96"
"logistics","Logistics","BSE","SANCTRN","Sanco Trans","121","11.97"
"logistics","Logistics","BSE","CHLOGIST","Chartered Logistics","119","--"
"logistics","Logistics","NSE","JAYESH","Jayesh Logistics","118","11.72"
"logistics","Logistics","BSE","OBCL","OBCL","115","--"
"logistics","Logistics","NSE","VLEGOV","VL E-Governance & IT","112","--"
"logistics","Logistics","BSE","SILL","Sampark India Logist","110","10.48"
"logistics","Logistics","NSE","TOTAL","Total Transport Sys.","105","11.66"
"logistics","Logistics","NSE","JETFREIGHT","Jet Freight Logistic","105","15.38"
"logistics","Logistics","NSE","PRLIND","Premier Roadlines","102","7.37"
"logistics","Logistics","BSE","PATINTLOG","Patel Integrated Log","90","8.55"
"logistics","Logistics","NSE","ZEAL","Zeal Global Services","88","7.88"
"logistics","Logistics","BSE","REPONO","Repono","87","13.24"
"logistics","Logistics","BSE","CHOWGULSTM","Chowgule Steamships","83","373.93"
"logistics","Logistics","NSE","ASHALOG","Ashapura Logistics","83","9.25"
"logistics","Logistics","NSE","BRACEPORT","Brace Port Logistics","79","17.86"
"logistics","Logistics","BSE","FLOMIC","Flomic Global Logist","77","249.67"
"logistics","Logistics","NSE","ACCURACY","Accuracy Shipping","70","17.86"
"logistics","Logistics","BSE","HRYNSHP","Hariyana Ship Break","63","15.25"
"logistics","Logistics","BSE","KTIL","Kesar Terminal&Infra","63","--"
"logistics","Logistics","NSE","ARVINDPORT","Arvind Port & Infra","58","49.11"
"logistics","Logistics","BSE","STL","Shreeji Translogist.","58","16.19"
"logistics","Logistics","NSE","DECCANTRAN","Deccan Transcon Lsg.","51","6.22"
"logistics","Logistics","BSE","CARGOTRANS","Cargotrans Maritime","50","9.31"
"logistics","Logistics","BSE","SEACOAST","Seacoast Ship. Ser.","50","2.22"
"logistics","Logistics","BSE","RAPID","Rapid Multimodal","50","26.67"
"logistics","Logistics","BSE","SUNSKY","Sunsky Logistics","49","17.03"
"logistics","Logistics","BSE","NEPLOG","Neptune Logitek","47","7.54"
"logistics","Logistics","NSE","PRANIK","Pranik Logistics","45","6.41"
"logistics","Logistics","NSE","KLL","Kaushalya Logistics","41","3.34"
"logistics","Logistics","BSE","SHIPWAVES","Shipwaves Online","37","10.31"
"logistics","Logistics","BSE","ABCINDQ","ABC India","35","15.37"
"logistics","Logistics","NSE","TIMESCAN","Timescan Logistics","29","4.71"
"logistics","Logistics","BSE","CARGOSOL","Cargosol Logistics","26","--"
"logistics","Logistics","NSE","ARSHIYA","Arshiya","25","--"
"logistics","Logistics","BSE","TRANSVOY","Transvoy Logistics","24","13.77"
"logistics","Logistics","BSE","BALURTRANS","Balurghat Tech","23","42.67"
"logistics","Logistics","NSE","MARINETRAN","Marinetrans India","22","36.34"
"logistics","Logistics","BSE","CONTAINER","Containerway Inter.","21","--"
"logistics","Logistics","BSE","INTSTOIL","Inter St. Oil Carrie","20","8.3"
"logistics","Logistics","BSE","GBLOGISTIC","GB Logistics Comm.","20","2.27"
"logistics","Logistics","BSE","SHAHISHIP","Shahi Shipping","17","--"
"logistics","Logistics","BSE","PSPL","PDP Shipping & Proj.","17","13.74"
"logistics","Logistics","BSE","FRONTCORP","Frontline Corp.","17","6.99"
"logistics","Logistics","NSE","DRSCARGO","DRS Cargo Movers","16","134.02"
"logistics","Logistics","BSE","MFLINDIA","MFL India","14","8.69"
"logistics","Logistics","NSE","AMIABLE","Amiable Logistic (I)","13","13.31"
"logistics","Logistics","BSE","BLT","BLT Logistics","13","3.49"
"logistics","Logistics","BSE","COARO","Coastal Roadways","12","7.41"
"logistics","Logistics","BSE","DHILLON","Dhillon Freight Carr","12","8.72"
"logistics","Logistics","BSE","SMARITIME","Sahara Maritime","7","9.1"
"logistics","Logistics","BSE","GCONNECT","Gconnect Log Suppl","4","20.36"
"logistics","Logistics","BSE","KCSL","Karnimata Cold Stor.","4","4.9"
"logistics","Logistics","NSE","JALAN","Jalan Transolutions","2","171.33"
"media-entertainment","Media & entertainment","NSE","PFOCUS","Prime Focus","20,887","180.71"
"media-entertainment","Media & entertainment","NSE","SUNTV","Sun TV Network","18,853","13.1"
"media-entertainment","Media & entertainment","NSE","AMAGI","Amagi Media Labs","14,031","195.76"
"media-entertainment","Media & entertainment","NSE","PVRINOX","PVR Inox","11,645","26.19"
"media-entertainment","Media & entertainment","BSE","SAREGAMA","Saregama India","9,952","44.94"
"media-entertainment","Media & entertainment","NSE","ZEEL","Zee Entertainment","9,360","45.5"
"media-entertainment","Media & entertainment","NSE","TIPSMUSIC","Tips Music","8,613","40.13"
"media-entertainment","Media & entertainment","NSE","MPSLTD","MPS","4,911","26.07"
"media-entertainment","Media & entertainment","NSE","NETWORK18","Network 18 Media Inv","4,419","--"
"media-entertainment","Media & entertainment","NSE","DBCORP","D.B. Corp","3,783","10.75"
"media-entertainment","Media & entertainment","NSE","WONDERLA","Wonderla Holidays","2,994","29.37"
"media-entertainment","Media & entertainment","NSE","NAVNETEDUL","Navneet Education","2,981","8.87"
"media-entertainment","Media & entertainment","NSE","IMAGICAA","Imagicaaworld Ent.","2,680","192.85"
"media-entertainment","Media & entertainment","BSE","MMWL","Media Matrix World","1,736","296.58"
"media-entertainment","Media & entertainment","NSE","SIGNPOST","Signpost India","1,443","19.63"
"media-entertainment","Media & entertainment","NSE","JAGRAN","Jagran Prakashan","1,386","7.04"
"media-entertainment","Media & entertainment","NSE","DEN","Den Networks","1,289","8.7"
"media-entertainment","Media & entertainment","BSE","PANORAMA","Panorama Studios Int","1,237","78.91"
"media-entertainment","Media & entertainment","NSE","BALAJITELE","Balaji Telefilms","1,106","--"
"media-entertainment","Media & entertainment","NSE","NDTV","New Delhi Television","859","--"
"media-entertainment","Media & entertainment","NSE","SANDESH","Sandesh","821","7.66"
"media-entertainment","Media & entertainment","BSE","BRIGHT","Bright Outdoor Media","789","32.8"
"media-entertainment","Media & entertainment","NSE","HMVL","Hindustan Media Vent","671","7.49"
"media-entertainment","Media & entertainment","NSE","TVTODAY","TV Today Network","670","39.07"
"media-entertainment","Media & entertainment","NSE","HTMEDIA","HT Media","621","--"
"media-entertainment","Media & entertainment","NSE","AQYLON","Aqylon Nexus","612","--"
"media-entertainment","Media & entertainment","NSE","GTPL","GTPL Hathway","610","81.15"
"media-entertainment","Media & entertainment","BSE","MAAGHADV","Maagh Advt. & Mktg.","572","444.07"
"media-entertainment","Media & entertainment","NSE","DISHTV","Dish TV India","516","--"
"media-entertainment","Media & entertainment","NSE","BASILIC","Basilic Fly Studio","506","10.37"
"media-entertainment","Media & entertainment","NSE","ENIL","Entertainment Netw.","485","--"
"media-entertainment","Media & entertainment","NSE","SCHAND","S Chand And Company","484","6.78"
"media-entertainment","Media & entertainment","NSE","ZEEMEDIA","Zee Media Corpn.","469","246.65"
"media-entertainment","Media & entertainment","BSE","POOJAENT","Vashu Bhagnani Inds.","467","181.94"
"media-entertainment","Media & entertainment","NSE","REPRO","Repro India","455","4.64"
"media-entertainment","Media & entertainment","BSE","NDLVENTURE","NDL Ventures","441","582.69"
"media-entertainment","Media & entertainment","BSE","CPML","City Pulse Multiven.","421","229.76"
"media-entertainment","Media & entertainment","NSE","CONNPLEX","Connplex Cinemas","387","14.83"
"media-entertainment","Media & entertainment","BSE","DJML","DJ Mediaprint & Logi","378","34.63"
"media-entertainment","Media & entertainment","NSE","SHEMAROO","Shemaroo Entertain.","368","--"
"media-entertainment","Media & entertainment","BSE","NICCOPAR","Nicco Parks & Resort","339","--"
"media-entertainment","Media & entertainment","NSE","CINELINE","Cineline India","339","--"
"media-entertainment","Media & entertainment","NSE","YAAP","Yaap Digital","304","16.44"
"media-entertainment","Media & entertainment","BSE","SSPRL","Silverstorm Parks","303","15.93"
"media-entertainment","Media & entertainment","NSE","VERTOZ","Vertoz","302","11.6"
"media-entertainment","Media & entertainment","NSE","SIMCA","Simca Advertising","288","17.35"
"media-entertainment","Media & entertainment","NSE","UFO","UFO Moviez India","268","11.14"
"media-entertainment","Media & entertainment","BSE","PURPLEWAVE","Purple Wave Infocom","263","19.58"
"media-entertainment","Media & entertainment","NSE","EFACTOR","E Factor Experiences","249","12.68"
"media-entertainment","Media & entertainment","NSE","BAGDIGITAL","B.A.G. Convergence","240","22.26"
"media-entertainment","Media & entertainment","NSE","RADIOCITY","Music Broadcast","232","--"
"media-entertainment","Media & entertainment","NSE","PHANTOMFX","Phantom Digi. Effect","225","11.14"
"media-entertainment","Media & entertainment","BSE","DIKSAT","Diksat Transworld","219","3402.5"
"media-entertainment","Media & entertainment","NSE","CUDML","Cash UR Drive Market","201","6.85"
"media-entertainment","Media & entertainment","BSE","ADCOUNTY","Adcounty Media India","190","9.2"
"media-entertainment","Media & entertainment","BSE","LANDMARC","Landmarc LeisureCorp","187","--"
"media-entertainment","Media & entertainment","BSE","GTTDATA","GTT Data Solutions","186","--"
"media-entertainment","Media & entertainment","NSE","BTML","Bodhi TreeMultimedia","159","24.95"
"media-entertainment","Media & entertainment","NSE","TIPSFILMS","Tips Films","159","--"
"media-entertainment","Media & entertainment","NSE","DGCONTENT","Digicontent","145","119.79"
"media-entertainment","Media & entertainment","NSE","PROFX","Pro FX Tech","140","9.21"
"media-entertainment","Media & entertainment","NSE","SAMBHAAV","Sambhaav Media","130","--"
"media-entertainment","Media & entertainment","NSE","MUKTAARTS","Mukta Arts","128","--"
"media-entertainment","Media & entertainment","BSE","DACHEPALLI","Dachepalli Publisher","124","8.17"
"media-entertainment","Media & entertainment","NSE","VALUE360","Value 360 Commns.","116","11.7"
"media-entertainment","Media & entertainment","BSE","EMIAC","Emiac Technologies","110","30.46"
"media-entertainment","Media & entertainment","NSE","CHETANA","Chetana Education","96","7.1"
"media-entertainment","Media & entertainment","BSE","GSLTD","Galaxy Supermarket","95","69.64"
"media-entertainment","Media & entertainment","NSE","BAGFILMS","BAG Films & Media","94","25.22"
"media-entertainment","Media & entertainment","NSE","VELS","Vels Film Internatl.","94","--"
"media-entertainment","Media & entertainment","NSE","CINEVISTA","Cinevista","85","13.95"
"media-entertainment","Media & entertainment","NSE","WOL3D","WOL 3D India","85","12.69"
"media-entertainment","Media & entertainment","BSE","CHTR","Chatterbox Tech.","76","8.28"
"media-entertainment","Media & entertainment","NSE","EROSMEDIA","Eros Internatl.Media","76","--"
"media-entertainment","Media & entertainment","NSE","MAXPOSURE","Maxposure","75","7.91"
"media-entertainment","Media & entertainment","BSE","BABA","Baba Arts","75","119.63"
"media-entertainment","Media & entertainment","BSE","GVFILM","GV Films","67","--"
"media-entertainment","Media & entertainment","NSE","CRAYONS","Crayons Advertising","63","16.83"
"media-entertainment","Media & entertainment","BSE","ICODEX","Icodex Publishing","63","8.81"
"media-entertainment","Media & entertainment","NSE","DIGIKORE","Digikore Studios","59","4.65"
"media-entertainment","Media & entertainment","NSE","RAJTV","Raj TV Network","53","--"
"media-entertainment","Media & entertainment","NSE","MMEL","Moving Media Entert.","49","3.86"
"media-entertainment","Media & entertainment","NSE","STUDIOLSD","Studio LSD","48","--"
"media-entertainment","Media & entertainment","NSE","BAWEJA","Baweja Studios","45","7.35"
"media-entertainment","Media & entertainment","NSE","SITINET","Siti Networks","43","--"
"media-entertainment","Media & entertainment","BSE","PICTUREHS","Picturehouse Media","41","77.98"
"media-entertainment","Media & entertainment","BSE","ESHAMEDIA","Esha Media Research","38","165.26"
"media-entertainment","Media & entertainment","BSE","SHAKTIPR","Shakti Press","38","22.94"
"media-entertainment","Media & entertainment","NSE","CYBERMEDIA","Cyber Media (I)","33","11.83"
"media-entertainment","Media & entertainment","BSE","INLANPR","Inland Printers","32","--"
"media-entertainment","Media & entertainment","NSE","DNAMEDIA","Diligent Media Corpn","31","--"
"media-entertainment","Media & entertainment","BSE","SHARPLINE","Sharpline Broadcast","30","3.77"
"media-entertainment","Media & entertainment","BSE","KEEPLEARN","DSJ Keep Learning","30","--"
"media-entertainment","Media & entertainment","BSE","SHALPRO","Shalimar Productions","29","--"
"media-entertainment","Media & entertainment","BSE","THINKINK","Thinkink Picturez","27","44.44"
"media-entertainment","Media & entertainment","NSE","PNC","Pritish Nandy Commn.","27","--"
"media-entertainment","Media & entertainment","NSE","INFOMEDIA","Infomedia Press","26","--"
"media-entertainment","Media & entertainment","NSE","THESL","Thinking Hats Ent.","24","19.27"
"media-entertainment","Media & entertainment","NSE","NEXTMEDIA","Next Mediaworks","24","0.38"
"media-entertainment","Media & entertainment","BSE","JMDVL","JMD Ventures","23","72.38"
"media-entertainment","Media & entertainment","NSE","IDENTICAL","Identical Brains","23","14.59"
"media-entertainment","Media & entertainment","NSE","SILLYMONKS","Silly Monks Entert.","22","--"
"media-entertainment","Media & entertainment","BSE","COLORCHIPS","Colorchips New Media","21","--"
"media-entertainment","Media & entertainment","BSE","MEDIAONE","Mediaone Globle Ent.","21","--"
"media-entertainment","Media & entertainment","NSE","MPTODAY","Madhya Pradesh Today","21","7.06"
"media-entertainment","Media & entertainment","BSE","CRYSTAL","Crystal Business Sys","20","--"
"media-entertainment","Media & entertainment","BSE","ORIENTTR","Orient Tradelink","19","14.31"
"media-entertainment","Media & entertainment","NSE","CMRSL","Cyber Media Research","19","4.99"
"media-entertainment","Media & entertainment","NSE","RADAAN","Radaan Mediaworks","17","--"
"media-entertainment","Media & entertainment","NSE","TVVISION","TV Vision","16","--"
"media-entertainment","Media & entertainment","BSE","VRFILMS","VR Films & Studios","16","--"
"media-entertainment","Media & entertainment","BSE","SMEL","Sungold Media&Enter","14","614.48"
"media-entertainment","Media & entertainment","BSE","DAPS","DAPS Advertising","13","9.34"
"media-entertainment","Media & entertainment","BSE","INNOKAIZ","Innokaiz India","13","--"
"media-entertainment","Media & entertainment","NSE","CREATIVEYE","Creative Eye","12","--"
"media-entertainment","Media & entertainment","NSE","INSPIRE","Inspire Films","12","33.02"
"media-entertainment","Media & entertainment","BSE","OCTAVE","Perfect-Octave Media","12","13.53"
"media-entertainment","Media & entertainment","BSE","SDC","SDC Techmedia","12","33.65"
"media-entertainment","Media & entertainment","BSE","RACONTEUR","Raconteur Global Res","12","--"
"media-entertainment","Media & entertainment","BSE","BRANDBUCKT","Brandbucket Media","11","13.44"
"media-entertainment","Media & entertainment","BSE","NETPIX","Net Pix Shorts Digit","11","2688.05"
"media-entertainment","Media & entertainment","NSE","ANTGRAPHIC","Antarctica","11","8.88"
"media-entertainment","Media & entertainment","NSE","GRADIENTE","Gradiente Infotain.","10","3.47"
"media-entertainment","Media & entertainment","NSE","PPSL","Picturepost Studios","10","11.57"
"media-entertainment","Media & entertainment","BSE","HATHWAYB","HathwayBhawani Cable","10","--"
"media-entertainment","Media & entertainment","BSE","QUANTDIA","Quantum Digi Vision","10","--"
"media-entertainment","Media & entertainment","BSE","INTERDIGI","Interworld Digital","10","--"
"media-entertainment","Media & entertainment","BSE","ENCASH","Encash Entertainment","10","--"
"media-entertainment","Media & entertainment","NSE","VERITAAS","Veritaas Advertising","9","5.24"
"media-entertainment","Media & entertainment","BSE","VISIONCINE","Vision Cinemas","9","--"
"media-entertainment","Media & entertainment","NSE","ORTEL","Ortel Communications","8","--"
"media-entertainment","Media & entertainment","BSE","BGIL","BGIL Films & Tech.","8","37.67"
"media-entertainment","Media & entertainment","BSE","UNISTRMU","Unistar Multimedia","8","--"
"media-entertainment","Media & entertainment","BSE","PADMALAYAT","Padmalaya Telefilms","7","--"
"media-entertainment","Media & entertainment","NSE","SABEVENTS","SAB Events & Govern.","7","--"
"media-entertainment","Media & entertainment","BSE","NOUVEAU","Nouveau Global Vent.","5","--"
"media-entertainment","Media & entertainment","BSE","PURPLE","Purple Agrotech Ind.","5","28.73"
"media-entertainment","Media & entertainment","BSE","VISIONCO","Vision Corporation","5","--"
"media-entertainment","Media & entertainment","BSE","UNIVARTS","Universal Arts","5","48.4"
"media-entertainment","Media & entertainment","BSE","OLPCL","Olympic Cards","5","--"
"media-entertainment","Media & entertainment","BSE","SEATV","Sea TV Network","4","--"
"media-entertainment","Media & entertainment","BSE","HANMAN","Hanman Fit","4","--"
"media-entertainment","Media & entertainment","BSE","NAVODAYENT","Navoday Enterprises","4","15.13"
"media-entertainment","Media & entertainment","BSE","ACEEDU","ACE EduTrend","4","--"
"media-entertainment","Media & entertainment","BSE","SHAQUAK","52 Weeks Entertain.","4","33.67"
"media-entertainment","Media & entertainment","BSE","BMBMUMG","BMB Music & Magnetic","4","27.37"
"media-entertainment","Media & entertainment","BSE","FILME","Filmcity Media","4","--"
"media-entertainment","Media & entertainment","BSE","ENCODE","Encode Packaging","4","--"
"media-entertainment","Media & entertainment","NSE","KOHINOORBRO","Kohinoor Broadcast.","3","--"
"media-entertainment","Media & entertainment","BSE","KHYATI","Khyati MultimediaEnt","3","16.09"
"media-entertainment","Media & entertainment","NSE","CREDENCE%C2%A0","Credence Sound","3","--"
"media-entertainment","Media & entertainment","BSE","KOCL","Kome-On Communicat.","2","--"
"media-entertainment","Media & entertainment","NSE","SANGUI","Sanguine Media","2","--"
"media-entertainment","Media & entertainment","BSE","GTTDA-RE","GTTDA-RE","0","--"
"media-entertainment","Media & entertainment","NSE","FASTRAENT%C2%A0","Fast Track Entert.","0","--"
"metals","Metals","NSE","JSWSTEEL","JSW Steel","3,13,507","12.65"
"metals","Metals","NSE","HINDZINC","Hindustan Zinc","2,47,097","14.48"
"metals","Metals","NSE","HINDALCO","Hindalco Industries","2,41,577","14.73"
"metals","Metals","BSE","TATASTEEL","Tata Steel","2,31,506","20.98"
"metals","Metals","NSE","VAML","Vedanta Alumin Metal","1,80,386","--"
"metals","Metals","NSE","JINDALSTEL","Jindal Steel","1,12,210","41.28"
"metals","Metals","NSE","VEDL","Vedanta","1,07,536","5.46"
"metals","Metals","BSE","LLOYDSME","Lloyds Metals&Energy","1,06,440","22.33"
"metals","Metals","NSE","NATIONALUM","National Aluminium","76,863","11.39"
"metals","Metals","NSE","NMDC","NMDC","75,082","10.08"
"metals","Metals","NSE","SAIL","Steel Authority","71,871","16.82"
"metals","Metals","NSE","JSL","Jindal Stainless","60,892","18.74"
"metals","Metals","NSE","HINDCOPPER","Hindustan Copper","52,969","46.6"
"metals","Metals","NSE","SHYAMMETL","Shyam Metalics&Ener","27,560","24.54"
"metals","Metals","BSE","MSUMI","Motherson SumiWiring","27,196","43.35"
"metals","Metals","NSE","KIOCL","KIOCL","24,037","1450.61"
"metals","Metals","NSE","GMDCLTD","GMDC","19,180","20.06"
"metals","Metals","NSE","SARDAEN","Sarda Energy & Min.","17,249","15.27"
"metals","Metals","NSE","JINDALSAW","Jindal Saw","17,235","26.37"
"metals","Metals","NSE","BHARATCOAL","Bharat Coking Coal","15,731","122.63"
"metals","Metals","NSE","GPIL","Godawari Power & Isp","15,424","19.12"
"metals","Metals","NSE","USHAMART","Usha Martin","15,342","30.26"
"metals","Metals","NSE","VISL","Vedanta Iron & Steel","15,282","--"
"metals","Metals","NSE","VOGL","Vedanta Oil & Gas","15,008","--"
"metals","Metals","NSE","GALLANTT","Gallantt Ispat","14,268","32.74"
"metals","Metals","NSE","NSLNISP","NMDC Steel","12,889","219.5"
"metals","Metals","BSE","SANDUMA","Sandur Manganese","9,858","13.75"
"metals","Metals","NSE","JAYNECOIND","Jayaswal Neco Inds","8,773","15.55"
"metals","Metals","BSE","IMFA","Indian Metal & Ferro","7,939","15.14"
"metals","Metals","NSE","TIIL","Technocraft Inds.(I)","6,538","22.92"
"metals","Metals","NSE","SUNFLAG","Sunflag Iron & Steel","6,503","31.6"
"metals","Metals","NSE","ASHAPURMIN","Ashapura Minechem","6,089","14.96"
"metals","Metals","NSE","JAIBALAJI","Jai Balaji Inds","5,973","20.39"
"metals","Metals","BSE","SBCL","Shivalik Bimetal","5,917","55.77"
"metals","Metals","BSE","RPEL","Raghav Productivity","5,913","94.31"
"metals","Metals","NSE","MOIL","MOIL","5,731","18.88"
"metals","Metals","NSE","BANSALWIRE","Bansal Wire Inds.","5,073","35.7"
"metals","Metals","BSE","RAMRAT","Ram Ratna Wires","4,420","34.85"
"metals","Metals","BSE","DECNGOLD","Deccan Gold Mines","4,378","--"
"metals","Metals","NSE","KSL","Kalyani Steels","3,735","14.12"
"metals","Metals","NSE","CMLL","Caliber Mining & Log","3,525","22.32"
"metals","Metals","BSE","SAMBHV","Sambhv Steel Tubes","3,487","21.16"
"metals","Metals","NSE","VENUSPIPES","Venus Pipes & Tubes","3,243","31.3"
"metals","Metals","NSE","VSSL","Vardhman Spl. Steel","3,200","34.38"
"metals","Metals","BSE","WELSPLSOL","Welspun Special.Soln","3,165","110.73"
"metals","Metals","BSE","JTLIND","JTL Industries","2,969","25.88"
"metals","Metals","BSE","MAITHANALL","Maithan Alloys","2,889","6.66"
"metals","Metals","NSE","ORISSAMINE","OMDC","2,887","--"
"metals","Metals","NSE","PRAKASH","Prakash Industries","2,179","6.96"
"metals","Metals","BSE","RHETAN","Rhetan TMT","2,087","202.68"
"metals","Metals","NSE","MONOLITH","Monolithisch India","2,034","88.34"
"metals","Metals","NSE","MSPL","MSP Steel & Power","1,976","52.12"
"metals","Metals","NSE","MUKANDLTD","Mukand","1,960","3.1"
"metals","Metals","BSE","FRONTSP","Frontier Springs","1,784","29.09"
"metals","Metals","BSE","MAHASTEEL","Mahamaya Steel Inds.","1,638","170.64"
"metals","Metals","BSE","ONIXSOLAR","Onix Solar Energy","1,614","26.85"
"metals","Metals","NSE","RATNAVEER","Ratnaveer Precision","1,497","22.14"
"metals","Metals","BSE","ARFIN","Arfin India","1,429","77.48"
"metals","Metals","BSE","STEELXIND","Steel Exchange India","1,355","42.62"
"metals","Metals","NSE","RSL","Rajputana Stainless","1,304","26.18"
"metals","Metals","NSE","BHARATWIRE","Bharat Wire Ropes","1,288","18.64"
"metals","Metals","NSE","ELECTHERM","Electrotherm (India)","1,287","--"
"metals","Metals","NSE","MANAKCOAT","Manaksia CoatedMetal","1,258","30.84"
"metals","Metals","NSE","MWL","Mangalam Worldwide","1,234","23.77"
"metals","Metals","NSE","HARIOMPIPE","Hariom Pipe Inds.","1,222","16.14"
"metals","Metals","NSE","BHAGYANGR","Bhagyanagar India","1,211","19.27"
"metals","Metals","NSE","GANDHITUBE","Gandhi Spl. Tubes","1,162","17.0"
"metals","Metals","BSE","COSMICCRF","Cosmic CRF","1,162","22.98"
"metals","Metals","BSE","ISIBARS","India Homes","1,030","43.7"
"metals","Metals","NSE","KAMDHENU","Kamdhenu","956","11.16"
"metals","Metals","NSE","SALSTEEL","SAL Steels","914","--"
"metals","Metals","NSE","MMP","MMP Industries","877","17.5"
"metals","Metals","BSE","BEEKAY","Beekay Steel Inds.","834","19.19"
"metals","Metals","NSE","BAHETI","Baheti Recycling Ind","804","29.73"
"metals","Metals","BSE","SCODATUBES","Scoda Tubes","802","20.64"
"metals","Metals","BSE","HARDWYN","Hardwyn India","791","59.91"
"metals","Metals","NSE","MAANALU","Maan Aluminium","750","57.57"
"metals","Metals","NSE","20MICRONS","20 Microns","651","9.6"
"metals","Metals","NSE","SUNLITE","Sunlite Recycling","626","15.58"
"metals","Metals","BSE","JTLDEFENCE","JTL Defence","561","997.1"
"metals","Metals","BSE","PANCHMSTEL","Panchmahal Steel","559","139.74"
"metals","Metals","NSE","VISACHROME","VISA Chrome","546","0.52"
"metals","Metals","NSE","MANAKSTEEL","Manaksia Steels","541","9.66"
"metals","Metals","BSE","AZADIND","Azad India Mobility","525","221.43"
"metals","Metals","BSE","MSCTC","Mardia Samyoung Cap.","510","145.41"
"metals","Metals","BSE","BMWVENTLTD","BMW Ventures","506","12.65"
"metals","Metals","BSE","POEL","Pocl Enterprises","504","12.73"
"metals","Metals","BSE","SYSTEMATIC","Systematic Inds.","503","23.96"
"metals","Metals","NSE","AMCL","ANB Metal Cast","462","21.51"
"metals","Metals","BSE","SURAJLTD","Suraj","407","48.94"
"metals","Metals","NSE","SHAH","Shah Metacorp","406","30.64"
"metals","Metals","BSE","VRAJ","Vraj Iron & Steel","404","12.62"
"metals","Metals","NSE","SHERA","Shera Energy","399","13.56"
"metals","Metals","NSE","EUROBOND","Euro Panel Products","393","14.45"
"metals","Metals","NSE","BEDMUTHA","Bedmutha Industries","375","22.42"
"metals","Metals","BSE","SCANSTL","Scan Steels","373","15.07"
"metals","Metals","NSE","SHANKARA","Shankara Bldg. Prod.","343","69.2"
"metals","Metals","NSE","OILCOUNTUB","Oil Country Tubular","330","--"
"metals","Metals","NSE","PSRAJ","PS Raj Steels","322","37.55"
"metals","Metals","BSE","PARMESHWAR","Parmeshwar Metal","298","9.18"
"metals","Metals","BSE","SUPERSHAKT","Supershakti Metaliks","289","10.45"
"metals","Metals","NSE","JAINIK","Jainik Power Cables","286","20.38"
"metals","Metals","NSE","JAINAM","Jainam Ferro Alloys","275","42.19"
"metals","Metals","BSE","REMIEDEL","Remi Edelstahl Tub.","275","92.07"
"metals","Metals","BSE","PGFOILQ","PG Foils","266","--"
"metals","Metals","BSE","SURAJ","Suraj Products","265","14.08"
"metals","Metals","NSE","CMNL","Chaman Metallics","263","--"
"metals","Metals","NSE","INNOMET","Innomet Adv.Material","262","166.26"
"metals","Metals","NSE","KRISHCA","Krishca Strapping","260","22.71"
"metals","Metals","NSE","MANAKALUCO","Manaksia Aluminium","259","29.3"
"metals","Metals","NSE","DPWIRES","D.P. Wires","253","14.4"
"metals","Metals","BSE","VMSTMT","VMS TMT","248","11.8"
"metals","Metals","BSE","NAGPI","Nagpur Power & Inds.","246","--"
"metals","Metals","BSE","AHMDSTE","Ahmd.Steelcraft","245","13.13"
"metals","Metals","BSE","RSTL","Riddhi Steel & Tube","244","21.32"
"metals","Metals","NSE","GEEKAYWIRE","Geekay Wires","235","8.21"
"metals","Metals","BSE","RATHIST","Rathi Steel & Power","230","17.84"
"metals","Metals","BSE","NCML","Nilachal Carbo Metal","206","19.52"
"metals","Metals","BSE","RUDRA","Rudra Global Infra","205","15.19"
"metals","Metals","BSE","VSTL","Vibhor Steel Tubes","202","26.7"
"metals","Metals","BSE","BAROEXT","Baroda Extrusion","176","19.31"
"metals","Metals","BSE","EASTINDIA","East India Drums","170","36.41"
"metals","Metals","NSE","CENTEXT","Century Extrusions","169","15.39"
"metals","Metals","NSE","VASWANI","Vaswani Industries","169","39.87"
"metals","Metals","NSE","OWAIS","Owais Metal & Min.","159","96.2"
"metals","Metals","NSE","MCL","M Tek Copper","159","35.43"
"metals","Metals","BSE","MAIDEN","Maiden Forgings","155","30.82"
"metals","Metals","BSE","KARBON","Karbonsteel Engg.","153","14.58"
"metals","Metals","BSE","INCREDIBLE","Incredible Inds.","152","12.92"
"metals","Metals","NSE","RAJINDLTD","Rajputana Industries","150","12.26"
"metals","Metals","NSE","KRITIKA","Kritika Wires","147","22.95"
"metals","Metals","BSE","SHARVAYA","Sharvaya Metals","146","12.48"
"metals","Metals","BSE","KANSHST","Kanishk Steel Inds.","145","21.48"
"metals","Metals","NSE","SURANI","Surani Steel Tubes","140","68.36"
"metals","Metals","NSE","SHAHALLOYS","Shah Alloys","138","1.28"
"metals","Metals","BSE","LATIMMETAL","LA TIM Metal & Inds.","136","15.53"
"metals","Metals","NSE","CUBEXTUB","Cubex Tubings","114","15.25"
"metals","Metals","BSE","BIHARSPONG","Bihar Sponge Iron","112","9.86"
"metals","Metals","BSE","KAJARIR","KIC Metaliks","112","34.63"
"metals","Metals","BSE","INDSILHYD","Indsil Hydro Power","111","7.37"
"metals","Metals","NSE","SHYAMCENT","Shyam CenturyFerrous","107","--"
"metals","Metals","BSE","STEELCOGUJ","Steelco Gujarat","106","--"
"metals","Metals","BSE","GTIL","Gabion Technologies","104","12.86"
"metals","Metals","BSE","MPKSTEELS","MPK Steels (I)","99","16.37"
"metals","Metals","BSE","NARMADESH","Narmadesh BrassInds.","95","26.81"
"metals","Metals","BSE","GARGFUR","Garg Furnace","95","9.11"
"metals","Metals","NSE","EXCELLENT","Excellent Wires&Pack","94","62.17"
"metals","Metals","BSE","SMLT","Sarthak Metals","94","20.49"
"metals","Metals","NSE","RAJMET","Rajnandini Metal","91","--"
"metals","Metals","BSE","SIYARAM","Siyaram Recycl.Inds.","84","22.27"
"metals","Metals","BSE","SHALIWIR","Shalimar Wires Inds.","83","11.9"
"metals","Metals","BSE","HISARMETAL","Hisar Metal Inds.","81","17.05"
"metals","Metals","NSE","ZENITHSTL","Zenith Steel Pipes","79","17.95"
"metals","Metals","BSE","SHRDAIS","Sharda Ispat","79","12.66"
"metals","Metals","NSE","SHKSIL","Shri Hare-Krishna","77","12.39"
"metals","Metals","NSE","MAL","Mangalam Alloys","74","5.02"
"metals","Metals","NSE","PRAKASHSTL","Prakash Steelage","70","83.33"
"metals","Metals","BSE","BONLON","Bonlon Industries","67","25.55"
"metals","Metals","BSE","CHROME","Chrome Silicon","66","--"
"metals","Metals","NSE","AUSL","Aditya Ultra Steel","64","15.96"
"metals","Metals","BSE","FACORALL","Facor Alloys","63","5.27"
"metals","Metals","BSE","HINDALUMI","Hind Aluminium Inds.","63","11.04"
"metals","Metals","NSE","SUPREMEENG","Supreme Engineering","60","--"
"metals","Metals","BSE","PALCO","Palco Metals","58","7.6"
"metals","Metals","BSE","ANUBHAV","Anubhav Plast","57","8.17"
"metals","Metals","BSE","KASTURI","Kasturi Metal Compos","56","14.38"
"metals","Metals","BSE","TULSYAN","Tulsyan NEC","51","--"
"metals","Metals","BSE","SACHEMT","Sacheta Metals","48","23.63"
"metals","Metals","NSE","ABHAPOWER","Abha Power And Steel","46","18.63"
"metals","Metals","BSE","RAJTUBE","Rajasthan Tube Mfg.","46","37.2"
"metals","Metals","BSE","NOVAIRNSTL","Nova Iron & Steel","45","0.3"
"metals","Metals","NSE","SWASTIK","Swastik Pipes","43","--"
"metals","Metals","NSE","SAGARDEEP","Sagardeep Alloys","42","13.46"
"metals","Metals","BSE","DHATRE","Dhatre Udyog","42","--"
"metals","Metals","NSE","GFSTEELS","Grand Foundry","41","16.62"
"metals","Metals","BSE","LIOTECH","Liotech Industries","40","6.38"
"metals","Metals","NSE","NMSTEEL","NewMalayalam Steel","40","5.64"
"metals","Metals","BSE","METALCO","Metal Coatings (I)","40","16.5"
"metals","Metals","BSE","JIVIAL","Jivial Industries","38","10.16"
"metals","Metals","BSE","UMIYA","Umiya Tubes","37","13.05"
"metals","Metals","NSE","DEEM","Deem Roll-Tech","36","16.61"
"metals","Metals","NSE","SHRIKANHA","Shri Kanha Stainless","34","3.85"
"metals","Metals","BSE","KANISHK","Kanishk Aluminium","33","7.99"
"metals","Metals","BSE","SAMPAT","Sampat Aluminium","32","5.42"
"metals","Metals","NSE","IMPEXFERRO","Impex Ferro Tech","31","--"
"metals","Metals","BSE","RATHIBAR","Rathi Bars","31","--"
"metals","Metals","BSE","MITTALSTL","Mittal Sections","31","9.04"
"metals","Metals","BSE","CHENFERRO","Chennai Ferrous Ind.","30","8.72"
"metals","Metals","BSE","AANCHALISP","Aanchal Ispat","30","14.97"
"metals","Metals","BSE","NIRAVCOM","Nirav Commercials","28","66.29"
"metals","Metals","BSE","ASHSI","Ashirwad Steels &Ind","28","13.97"
"metals","Metals","BSE","NATGENI","National General Ind","27","--"
"metals","Metals","BSE","OML","Om Metallogic","26","5.59"
"metals","Metals","BSE","KRIDHANINF","Kridhan Infra","26","11.9"
"metals","Metals","BSE","SUDAI","Sudal Industries","25","--"
"metals","Metals","NSE","KALANA","Kalana Ispat","24","24.54"
"metals","Metals","BSE","BOMBWIR","Bombay Wire Ropes","23","8.02"
"metals","Metals","BSE","UNISON","Unison Metals","23","3.08"
"metals","Metals","BSE","ANKITMETAL","Ankit Metal & Power","22","--"
"metals","Metals","BSE","SOUTHMG","Southern Magnesium","21","--"
"metals","Metals","BSE","MUKATPIPE","Mukat Pipes","20","386.52"
"metals","Metals","BSE","RISHDIGA","Rishabh Digha Steel","20","80.84"
"metals","Metals","NSE","PRECISION","Precision Metaliks","19","--"
"metals","Metals","BSE","NDMETAL","ND Metal Inds.","19","129.13"
"metals","Metals","BSE","BLOIN","Bloom Industries","19","16.63"
"metals","Metals","BSE","POOJA","Poojawestern Metalik","18","12.63"
"metals","Metals","NSE","QFIL","Quality Foils","18","12.19"
"metals","Metals","BSE","CRIMSON","Crimson Metal Engg","18","133.85"
"metals","Metals","BSE","MDRNSTL","Modern Steels","17","14.51"
"metals","Metals","BSE","EARTH","Earthstahl & Alloys","17","--"
"metals","Metals","BSE","RAWEDGE","RAW Edge Industrial","16","--"
"metals","Metals","BSE","KRUPALU","Krupalu Metals","15","5.33"
"metals","Metals","BSE","BMAL","Bothra Metals&Alloys","14","37.84"
"metals","Metals","BSE","GALPOWTEL","Galada Power & Tele.","14","1.11"
"metals","Metals","BSE","KACHCHH","Kachchh Minerals","14","--"
"metals","Metals","BSE","TNSTLTU","TN Steel & Tubes","14","244.8"
"metals","Metals","BSE","ASHIS","Ashiana Ispat","14","0.46"
"metals","Metals","NSE","SUNGRAN","Sun Granite Export","13","--"
"metals","Metals","BSE","BCP","B.C. Power Controls","13","16.46"
"metals","Metals","BSE","ARENTERP","Rajdarshan Inds.","12","--"
"metals","Metals","BSE","ESTCSTSTEL","Eastcoast Steel","11","18.52"
"metals","Metals","NSE","MRMGAST","Marmagoa Steel","11","--"
"metals","Metals","BSE","SSWRL","Shree Steel WireRope","10","--"
"metals","Metals","BSE","MONIND","Monind","8","--"
"metals","Metals","BSE","MAHALXSE","Mahalaxmi Seamless","6","--"
"metals","Metals","BSE","MFSINTRCRP","MFS Intercorp","6","--"
"metals","Metals","BSE","CASTORA","Castora Agri Commod.","5","--"
"metals","Metals","BSE","STARLIT","Starlit Power System","4","--"
"metals","Metals","BSE","ELANGO","Elango Industries","4","--"
"metals","Metals","BSE","ADITYA","Aditya Ispat","4","--"
"metals","Metals","BSE","HEERAISP","Heera Ispat","4","--"
"metals","Metals","BSE","VALLABHSQ","Vallabh Steels","4","--"
"metals","Metals","NSE","GUJFOIL%C2%A0","Guj. Foils","1","0.16"
"miscellaneous","Miscellaneous","NSE","PRABHA","Prabha Energy","2,303","2099.72"
"miscellaneous","Miscellaneous","NSE","DELTACORP","Delta Corp","1,628","--"
"miscellaneous","Miscellaneous","BSE","MALLCOM","Mallcom (India)","615","22.98"
"miscellaneous","Miscellaneous","BSE","VAARAD","Vaarad Ventures","226","--"
"miscellaneous","Miscellaneous","NSE","SHUBHSHREE","Shubhshree Biofuels","174","16.47"
"miscellaneous","Miscellaneous","NSE","3RDROCK","3rd Rock Multimedia","146","--"
"miscellaneous","Miscellaneous","NSE","SHREEOSFM","Shree OSFM E-Mobil.","92","12.2"
"miscellaneous","Miscellaneous","BSE","ADTECH","Adtech Systems","64","18.59"
"miscellaneous","Miscellaneous","BSE","BOMBCYC","Bombay Cycle & Motor","61","28.1"
"miscellaneous","Miscellaneous","NSE","GRAPHISAD","Graphisads","49","11.56"
"miscellaneous","Miscellaneous","NSE","KONTOR","Kontor Space","48","21.13"
"miscellaneous","Miscellaneous","BSE","MODIPON","Modipon","41","--"
"miscellaneous","Miscellaneous","NSE","JISLDVREQS","Jain Irrigation(DVR)","41","0.57"
"miscellaneous","Miscellaneous","BSE","GOTHIPL","Gothi Plascon (I)","39","18.21"
"miscellaneous","Miscellaneous","BSE","PRIMAINNO","Prima Innovation","38","--"
"miscellaneous","Miscellaneous","BSE","INDCTST","Inducto Steel","24","44.97"
"miscellaneous","Miscellaneous","BSE","MATHPLATT","MPIL Corporation","22","--"
"miscellaneous","Miscellaneous","BSE","LYNMC","Lynx Machine.&Comml.","21","--"
"miscellaneous","Miscellaneous","BSE","TRILIANCE","Triliance Polymers","21","92.49"
"miscellaneous","Miscellaneous","BSE","SFPIL","Square Four Projects","17","--"
"miscellaneous","Miscellaneous","BSE","ASSOCIATED","Associated Coaters","14","11.87"
"miscellaneous","Miscellaneous","BSE","TRINITYLEA","Trinity League India","9","--"
"miscellaneous","Miscellaneous","NSE","FELDVR","Future Enter.-B-DVR","9","0.12"
"miscellaneous","Miscellaneous","BSE","WOODSVILA","Woodsvilla","9","--"
"miscellaneous","Miscellaneous","BSE","MILESTONE","Milestone Global","8","11.0"
"miscellaneous","Miscellaneous","BSE","KARANWO","Manor Estates &Inds.","7","--"
"miscellaneous","Miscellaneous","NSE","HYTONETEXST","Hytone Texstyles","4","--"
"miscellaneous","Miscellaneous","BSE","ZMULTIPU","Multipurpose Trading","4","--"
"miscellaneous","Miscellaneous","NSE","TECHTREK","TechTrek India","2","--"
"miscellaneous","Miscellaneous","BSE","NGILPP","NGILPP","0","--"
"nbfc","NBFC","NSE","CREDITACC","CreditAccess Grameen","24,794","20.48"
"nbfc","NBFC","NSE","MASFIN","MAS Financial Serv.","5,513","13.99"
"nbfc","NBFC","NSE","MUTHOOTMF","Muthoot Microfin","3,635","14.81"
"nbfc","NBFC","NSE","FUSION","Fusion Finance","3,329","19.75"
"nbfc","NBFC","NSE","SPANDANA","Spandana SphoortyFin","2,175","--"
"nbfc","NBFC","BSE","ARMANFIN","Arman Financial Serv","2,108","37.23"
"nbfc","NBFC","NSE","SURYODAY","Suryoday Small Fin.","1,717","8.95"
"packaging","Packaging","NSE","AGI","AGI Greenpac","4,560","12.59"
"packaging","Packaging","BSE","TCPLPACK","TCPL Packaging","4,029","34.88"
"packaging","Packaging","NSE","UFLEX","Uflex","3,603","11.36"
"packaging","Packaging","NSE","KNACK","Knack Packaging","2,497","26.93"
"packaging","Packaging","BSE","BELDING","Belding India","1,305","--"
"packaging","Packaging","BSE","ARROWGREEN","Arrow Greentech","1,193","25.2"
"packaging","Packaging","BSE","BOROSCI","Borosil Scientific","1,184","27.45"
"packaging","Packaging","BSE","ORICONENT","Oricon Enterprises","832","32.33"
"packaging","Packaging","NSE","PYRAMID","Pyramid Technoplast","599","19.12"
"packaging","Packaging","NSE","ECOLINE","Ecoline Exim","388","19.24"
"packaging","Packaging","NSE","CGRAPHICS","Creative Graphic Sol","361","19.25"
"packaging","Packaging","BSE","GLEN","GLEN Industries","273","16.55"
"packaging","Packaging","NSE","RFBL","RFBL Flexi Pack","224","27.18"
"packaging","Packaging","NSE","GSMFOILS","GSM Foils","152","6.46"
"packaging","Packaging","BSE","KAIRA","Kaira Can Co","148","82.38"
"packaging","Packaging","NSE","BARFLEX","Barflex Polyfilms","136","34.69"
"packaging","Packaging","BSE","SVJ","S.V.J. Enterprises","114","156.66"
"packaging","Packaging","NSE","MGSL","Matrix Geo Solutions","103","10.22"
"packaging","Packaging","NSE","IDEALTECHO","Ideal TechnoplastInd","91","32.86"
"packaging","Packaging","BSE","GPSL","Gabriel Pet Straps","56","15.11"
"packaging","Packaging","NSE","DKEGL","DK Enterprise Global","47","8.23"
"packaging","Packaging","BSE","3BFILMS","3B Films","34","18.28"
"packaging","Packaging","NSE","UMA","Uma Converter","29","9.2"
"packaging","Packaging","NSE","SATIPOLY","Sati Poly Plast","22","6.26"
"packaging","Packaging","NSE","BOSS","Boss Packaging Soln.","20","12.15"
"packaging","Packaging","NSE","SPPPOLY","SPP Polymer","19","--"
"packaging","Packaging","BSE","KAHAN","Kahan Packaging","19","16.04"
"packaging","Packaging","BSE","RCAN","Rajeshwari Cans","17","7.79"
"packaging","Packaging","NSE","SABAR","Sabar Flex India","14","52.89"
"packaging","Packaging","BSE","ANUROOP","Anuroop Packaging","13","4.39"
"packaging","Packaging","BSE","GKP","GKP Printing & Pack","13","25.89"
"packaging","Packaging","BSE","PANIDPR","Panther Indl. Prod","12","--"
"packaging","Packaging","BSE","PURITY","Purity Flex Pack","0","0.14"
"plastic-pipes","Plastic pipes","NSE","SUPREMEIND","Supreme Industries","45,539","53.47"
"plastic-pipes","Plastic pipes","NSE","ASTRAL","Astral","39,278","77.12"
"plastic-pipes","Plastic pipes","BSE","FINPIPE","Finolex Inds","11,162","23.24"
"plastic-pipes","Plastic pipes","NSE","JISLJALEQS","Jain Irrigation Sys","3,324","56.22"
"plastic-pipes","Plastic pipes","NSE","PRINCEPIPE","Prince Pipes & Fitti","3,284","141.51"
"plastic-pipes","Plastic pipes","BSE","APOLLOPIPE","Apollo Pipes","1,335","51.86"
"plastic-pipes","Plastic pipes","NSE","KRITI","Kriti Industries (I)","502","--"
"real-estate","Real estate","NSE","DLF","DLF","1,62,182","36.48"
"real-estate","Real estate","NSE","LODHA","Lodha Developers","1,19,895","29.06"
"real-estate","Real estate","NSE","PRESTIGE","Prestige EstatesProj","67,840","59.57"
"real-estate","Real estate","NSE","PHOENIXLTD","Phoenix Mills","67,598","52.81"
"real-estate","Real estate","NSE","OBEROIRLTY","Oberoi Realty","65,085","24.75"
"real-estate","Real estate","NSE","GODREJPROP","Godrej Properties","60,462","37.78"
"real-estate","Real estate","NSE","NBCC","NBCC (India)","24,894","33.52"
"real-estate","Real estate","NSE","ANANTRAJ","Anant Raj","22,113","38.22"
"real-estate","Real estate","NSE","BRIGADE","Brigade Enterprises","19,337","30.01"
"real-estate","Real estate","NSE","SOBHA","Sobha","14,238","61.73"
"real-estate","Real estate","NSE","SIGNATURE","Signatureglobal (I)","11,366","10.89"
"real-estate","Real estate","BSE","WEWORK","Wework India Mgmnt.","9,817","116.55"
"real-estate","Real estate","NSE","EMBDL","Embassy Developments","8,615","--"
"real-estate","Real estate","BSE","LOTUSDEV","Sri Lotus Developers","8,494","33.06"
"real-estate","Real estate","BSE","MAHLIFE","Mahindra Life. Dev","8,140","24.49"
"real-estate","Real estate","NSE","WELENT","Welspun Enterprises","7,949","26.01"
"real-estate","Real estate","NSE","MAXESTATES","Max Estates","6,925","553.38"
"real-estate","Real estate","NSE","GANESHHOU","Ganesh Housing","6,391","24.1"
"real-estate","Real estate","NSE","DBREALTY","Valor Estate","6,135","240.79"
"real-estate","Real estate","NSE","KALPATARU","Kalpataru","5,897","50.57"
"real-estate","Real estate","NSE","SMARTWORKS","Smartworks Coworking","5,569","199.78"
"real-estate","Real estate","NSE","AHLUCONT","Ahluwalia Contract(I","5,417","20.38"
"real-estate","Real estate","NSE","PURVA","Puravankara","5,037","79.06"
"real-estate","Real estate","NSE","RUSTOMJEE","Keystone Realtors","4,729","40.25"
"real-estate","Real estate","NSE","KOLTEPATIL","Kolte-Patil Develop.","4,368","35.06"
"real-estate","Real estate","NSE","SUNTECK","Sunteck Realty","4,295","20.14"
"real-estate","Real estate","BSE","KESAR","Kesar India","3,937","131.23"
"real-estate","Real estate","NSE","RAYMONDREL","Raymond Realty","3,868","12.83"
"real-estate","Real estate","NSE","INDIQUBE","Indiqube Spaces","3,836","--"
"real-estate","Real estate","NSE","HEMIPROP","Hemisphere Propert.","3,825","--"
"real-estate","Real estate","BSE","ASHIANA","Ashiana Housing","3,818","32.28"
"real-estate","Real estate","NSE","TARC","TARC","3,785","--"
"real-estate","Real estate","BSE","AGIIL","AGI Infra","3,769","39.73"
"real-estate","Real estate","NSE","PSPPROJECT","PSP Projects","3,597","48.98"
"real-estate","Real estate","NSE","ARVSMART","Arvind Smartspaces","3,051","16.56"
"real-estate","Real estate","BSE","ELPROINTL","Elpro International","2,952","33.79"
"real-estate","Real estate","NSE","HUBTOWN","Hubtown","2,534","26.92"
"real-estate","Real estate","BSE","MARATHON","Marathon NextgenReal","2,518","13.03"
"real-estate","Real estate","BSE","ARKADE","Arkade Developers","2,416","--"
"real-estate","Real estate","NSE","AJMERA","Ajmera Realty&Infra","2,313","14.97"
"real-estate","Real estate","BSE","GRANDOAK","Grand Oak Canyons","2,139","--"
"real-estate","Real estate","BSE","AWFIS","Awfis Space Solution","1,956","27.6"
"real-estate","Real estate","NSE","CAPACITE","Capacite Infraproj.","1,772","9.56"
"real-estate","Real estate","BSE","GARUDA","Garuda Const. & Eng.","1,708","12.56"
"real-estate","Real estate","NSE","OMAXE","Omaxe","1,498","--"
"real-estate","Real estate","NSE","SHRIRAMPPS","Shriram Properties","1,422","14.11"
"real-estate","Real estate","NSE","TEXINFRA","Texmaco Infra.&Hold.","1,413","155.89"
"real-estate","Real estate","BSE","AIRLTD","Avishkar Infra Real","1,296","--"
"real-estate","Real estate","BSE","ARIHANT","Arihant Foundn. &Hsg","1,211","20.53"
"real-estate","Real estate","NSE","BLKASHYAP","B.L. Kashyap and Son","1,186","1688.87"
"real-estate","Real estate","BSE","ARIHANTSUP","Arihant Superstruct.","1,123","45.44"
"real-estate","Real estate","NSE","UNITECH","Unitech","1,062","--"
"real-estate","Real estate","BSE","SURAJEST","Suraj Estate Develop","999","11.06"
"real-estate","Real estate","BSE","BRRL","B-Right Real Estate","928","26.41"
"real-estate","Real estate","NSE","PVP","PVP Ventures","889","--"
"real-estate","Real estate","NSE","GEECEE","GeeCee Ventures","820","17.71"
"real-estate","Real estate","BSE","MODIS","Modi's Navnirman","792","27.14"
"real-estate","Real estate","BSE","ELDEHSG","Eldeco Housing & Ind","737","30.37"
"real-estate","Real estate","NSE","BLAL","BEML Land Assets","710","--"
"real-estate","Real estate","NSE","TREL","Transindia Real Est.","677","16.52"
"real-estate","Real estate","NSE","BIGBLOC","Bigbloc Construction","652","380.12"
"real-estate","Real estate","NSE","PROZONER","Prozone Realty","646","60.4"
"real-estate","Real estate","BSE","HAZOOR","Hazoor Multi Project","623","14.6"
"real-estate","Real estate","BSE","AXENTRA","Axentra Corp","606","582.2"
"real-estate","Real estate","NSE","PANSARI","Pansari Developers","563","28.29"
"real-estate","Real estate","NSE","PENINLAND","Peninsula Land","521","--"
"real-estate","Real estate","NSE","NILASPACES","Nila Spaces","479","15.36"
"real-estate","Real estate","BSE","SBGLP","Suratwwala Business","447","11.79"
"real-estate","Real estate","NSE","CHAVDA","Chavda Infra","441","25.95"
"real-estate","Real estate","NSE","ATALREAL","Atal Realtech","436","67.18"
"real-estate","Real estate","NSE","VISHNUINFR","Vishnusurya Projects","410","11.52"
"real-estate","Real estate","NSE","EMAMIREAL","Emami Realty","390","--"
"real-estate","Real estate","BSE","RRECL","RDB Real Estate Cons","365","--"
"real-estate","Real estate","BSE","NIMBSPROJ","Nimbus Projects","356","--"
"real-estate","Real estate","BSE","RDBIPL","RDB Infra. & Power","356","24.98"
"real-estate","Real estate","NSE","DBEIL","Deepak Builders&Eng.","337","8.49"
"real-estate","Real estate","BSE","NATIONSTD","National Standard(I)","332","29.59"
"real-estate","Real estate","BSE","DEVX","Dev Accelerator","331","37.64"
"real-estate","Real estate","NSE","RPPINFRA","RPP Infra Projects","292","61.5"
"real-estate","Real estate","BSE","NILAINFRA","Nila Infrastructures","286","11.42"
"real-estate","Real estate","NSE","MASON","Mason Infratech","283","12.94"
"real-estate","Real estate","NSE","SHRADHA","Shradha Realty","273","10.17"
"real-estate","Real estate","NSE","RVHL","Ravinder Heights","263","5.51"
"real-estate","Real estate","BSE","SAB","SAB Industries","259","--"
"real-estate","Real estate","NSE","SUMIT","Sumit Woods","248","37.11"
"real-estate","Real estate","BSE","ESPIRE","Espire Hospitality","242","29.84"
"real-estate","Real estate","BSE","SVGLOBAL","SV Global Mill","241","--"
"real-estate","Real estate","BSE","ALPINEHOU","Alpine Hsg Dev. Corp","240","39.86"
"real-estate","Real estate","BSE","RATNABHUMI","Ratnabhumi Developer","238","75.82"
"real-estate","Real estate","BSE","HAMPTON","Hampton Sky Realty","219","--"
"real-estate","Real estate","BSE","VGIL","Veer Global Infracon","217","130.23"
"real-estate","Real estate","BSE","SAMOR","Samor Reality","209","--"
"real-estate","Real estate","BSE","RAINBOWF","Rainbow Foundation","196","27.53"
"real-estate","Real estate","NSE","VIPULLTD","Vipul","194","--"
"real-estate","Real estate","BSE","LANCORHOL","Lancor Holdings","190","4.7"
"real-estate","Real estate","BSE","JUSTO","Justo Realfintech","182","9.48"
"real-estate","Real estate","BSE","HBESD","HB Estate Developers","172","13.35"
"real-estate","Real estate","BSE","SUPREME","Supreme Hold & Hosp.","164","229.71"
"real-estate","Real estate","NSE","AMJLAND","AMJ Land Holdings","160","10.97"
"real-estate","Real estate","BSE","THAKDEV","Thakkers Developers","142","27.86"
"real-estate","Real estate","NSE","PRAENG","Prajay Engg.Syndicat","138","--"
"real-estate","Real estate","NSE","VR","VR Infraspace","128","32.71"
"real-estate","Real estate","BSE","NAVKARURB","Navkar Urbanst.","114","38.97"
"real-estate","Real estate","BSE","SHRIKRISH","Shri Krishna Devcon","112","24.59"
"real-estate","Real estate","BSE","VARIMAN","Variman Global Enter","107","32.17"
"real-estate","Real estate","BSE","SISL","Shantidoot InfraServ","106","73.87"
"real-estate","Real estate","NSE","ARTNIRMAN","Art Nirman","106","203.44"
"real-estate","Real estate","BSE","MAINFRA","Maruti Infrastruct.","99","90.16"
"real-estate","Real estate","NSE","DHARAN","Dharan Infra-EPC","99","--"
"real-estate","Real estate","BSE","PRERINFRA","Prerna Infrabuild","95","29.35"
"real-estate","Real estate","BSE","GROVY","Grovy India","95","25.65"
"real-estate","Real estate","BSE","GARNET","Garnet Construction","90","2.29"
"real-estate","Real estate","NSE","LPDC","Landmark PropertyDev","85","56.93"
"real-estate","Real estate","BSE","NUKLEUS","Nukleus Office Solut","85","39.64"
"real-estate","Real estate","BSE","RADHEDE","Radhe Developers (I)","80","--"
"real-estate","Real estate","BSE","SANINFRA","Sanmit Infra","78","39.19"
"real-estate","Real estate","BSE","MNIL","Mega Nirman & Inds.","78","137.03"
"real-estate","Real estate","BSE","PVVINFRA","PVV Infra","75","10.5"
"real-estate","Real estate","BSE","SHERVANI","Shervani Indl. Synd.","75","287.38"
"real-estate","Real estate","NSE","HDIL","HDIL","72","0.8"
"real-estate","Real estate","NSE","PARSVNATH","Parsvnath Developers","67","--"
"real-estate","Real estate","BSE","PEERABASAN","Shristi InfraDev Cor","65","--"
"real-estate","Real estate","BSE","VIVIDM","Vivid Mercantile","60","5.92"
"real-estate","Real estate","BSE","SKYLMILAR","Skyline Millars","60","--"
"real-estate","Real estate","BSE","NITESHEST","Satchmo Holdings","59","0.05"
"real-estate","Real estate","NSE","BDR","BDR Buildcon","58","--"
"real-estate","Real estate","BSE","ANSALBU","Ansal Buildwell","57","70.32"
"real-estate","Real estate","NSE","ANSALAPI","Ansal Propert.&Infra","57","--"
"real-estate","Real estate","BSE","RODIUM","Rodium Realty","52","6.3"
"real-estate","Real estate","BSE","VICTMILL","Victoria Mills","50","7.58"
"real-estate","Real estate","NSE","COUNCODOS","Country Condo's","47","78.51"
"real-estate","Real estate","BSE","PRIMEPRO","Prime Prop. Dev Corp","46","1.88"
"real-estate","Real estate","BSE","MANJEERA","Manjeera Constrction","45","1.96"
"real-estate","Real estate","BSE","REALECO","Real Eco-Energy","42","104.51"
"real-estate","Real estate","BSE","SIMPLXREA","Simplex Realty","41","--"
"real-estate","Real estate","BSE","YURANUS","Yuranus Infrastruct.","39","80.93"
"real-estate","Real estate","BSE","ANSALHSG","Ansal Housing","39","--"
"real-estate","Real estate","NSE","SHAIVAL","Shaival Reality","38","193.88"
"real-estate","Real estate","NSE","HOMESFY","Homesfy Realty","38","--"
"real-estate","Real estate","BSE","BHANDERI","Bhanderi Infracon","36","28.18"
"real-estate","Real estate","BSE","PODDARHOUS","Poddar Hsg.&Devlop.","36","--"
"real-estate","Real estate","BSE","BSELINFRA","BSEL Algo","35","--"
"real-estate","Real estate","BSE","PEIL","Premier Energy&Infra","32","--"
"real-estate","Real estate","BSE","CITADEL","Citadel Realty&Dev.","31","19.89"
"real-estate","Real estate","BSE","TIRSARJ","Tirupati Sarjan","30","6.38"
"real-estate","Real estate","BSE","NARPROP","Narendra Properties","28","13.41"
"real-estate","Real estate","BSE","RAP","Rap Corp","24","0.54"
"real-estate","Real estate","BSE","KAMANWALA","Kamanwala Housing","24","--"
"real-estate","Real estate","BSE","MARBU","Martin Burn","23","6.62"
"real-estate","Real estate","BSE","IITLPROJ","IITL Projects","23","--"
"real-estate","Real estate","BSE","SSPDL","SSPDL","22","--"
"real-estate","Real estate","BSE","SHASHIJIT","Shashijit Infraproj.","22","44.05"
"real-estate","Real estate","BSE","NEOINFRA","Neo Infracon","21","43.14"
"real-estate","Real estate","BSE","KCLINFRA","KCL Infra Projects","21","12.41"
"real-estate","Real estate","BSE","MAXHEIGHTS","Max Heights Infrast.","18","18.3"
"real-estate","Real estate","BSE","STLSTRINF","Steel Strips Infra.","16","--"
"real-estate","Real estate","BSE","RAGHUTOB","RTCL","16","15.54"
"real-estate","Real estate","BSE","GYANDEV","Gyan Dev. & Builders","16","--"
"real-estate","Real estate","BSE","STCORP","S&T Corporation","15","--"
"real-estate","Real estate","BSE","RANDER","Rander Corporation","14","--"
"real-estate","Real estate","BSE","SVS","SVS Ventures","13","12.62"
"real-estate","Real estate","BSE","BAKELHYLAM","Sanathnagar Enterp.","12","141.44"
"real-estate","Real estate","BSE","VASINFRA","Vas Infrastructure","12","31.42"
"real-estate","Real estate","BSE","YOGISUNG","Yogi Infra Projects","11","--"
"real-estate","Real estate","NSE","GUJNFLY","Guj Narmada Flyash","11","--"
"real-estate","Real estate","BSE","MOUNT","Mount Housing &Infra","10","--"
"real-estate","Real estate","BSE","KMFBLDR","KMF Builders&Develop","10","--"
"real-estate","Real estate","BSE","CEMAINFRA","Cemantic Infra-Tech","10","--"
"real-estate","Real estate","NSE","DSKULKARNI","DS Kulkarni Develop.","9","--"
"real-estate","Real estate","BSE","EASTBUILD","East Buildtech","9","--"
"real-estate","Real estate","NSE","DIRL","Dhanuka Infra Realty","9","8.53"
"real-estate","Real estate","BSE","JETSOLAR","Jet Solar","9","256.52"
"real-estate","Real estate","BSE","ANNAINFRA","Anna Infrastructures","9","12.13"
"real-estate","Real estate","BSE","STRGRENWO","Sterling Green Woods","9","--"
"real-estate","Real estate","BSE","SKIFL","Shree Krishna Infra.","9","96.63"
"real-estate","Real estate","BSE","MAHESH","Mahesh Developers","8","54.54"
"real-estate","Real estate","BSE","CROISSANCE","Croissance","8","195.61"
"real-estate","Real estate","BSE","LADDU","Laddu Gopal Online","7","16.48"
"real-estate","Real estate","NSE","LINKH%C2%A0","Link House Inds.","7","6.32"
"real-estate","Real estate","BSE","IISL","Ishaan Infrastruct.","6","--"
"real-estate","Real estate","BSE","PUROHITCON","Purohit Construction","6","--"
"real-estate","Real estate","BSE","EPSOMPRO","Epsom Properties","6","--"
"real-estate","Real estate","BSE","RAGHUNAT","Raghunath Internatl.","5","5.02"
"real-estate","Real estate","BSE","JAINCO","Jainco Projects (I)","5","631.25"
"real-estate","Real estate","BSE","ABHIINFRA","Abhishek Infravent.","5","--"
"real-estate","Real estate","BSE","DITCO","Decorous Inv. &Trad.","4","94.09"
"real-estate","Real estate","BSE","SBLI","SBL Infratech","4","27.65"
"real-estate","Real estate","BSE","UNISHIRE","Unishire Urban Infra","3","--"
"real-estate","Real estate","NSE","CMMIPL","CMM Infraprojects","3","14.42"
"real-estate","Real estate","BSE","ATHCON","Athena Constructions","3","--"
"real-estate","Real estate","BSE","PATIDAR","Patidar Buildcon","3","--"
"real-estate","Real estate","BSE","RAJINFRA","Rajeswari Infrast.","2","--"
"real-estate","Real estate","BSE","SIKOZY","Sikozy Realtors","1","--"
"real-estate","Real estate","NSE","KRT","Knowledge RealtyTrt.","0","--"
"real-estate","Real estate","BSE","PSCELESTIA","PropShare Celestia","0","--"
"real-estate","Real estate","NSE","BAGMANE","Bagmane Prime Office","0","--"
"real-estate","Real estate","NSE","IRBINVIT","IRBINVIT","0","--"
"real-estate","Real estate","NSE","CUBEINVIT","CUBEINVIT","0","--"
"real-estate","Real estate","NSE","BIRET","Brookfield IndiaReal","0","--"
"real-estate","Real estate","NSE","NDRINVIT","NDR INVIT Trust","0","--"
"real-estate","Real estate","BSE","ANTARIKSH","Antariksh Industries","0","--"
"real-estate","Real estate","BSE","EMBASSY","Embassy Office Parks","0","--"
"real-estate","Real estate","NSE","MINDSPACE","Mindspace Business","0","--"
"real-estate","Real estate","NSE","SHREMINVIT","Shrem InvIT","0","--"
"real-estate","Real estate","BSE","PSTITANIA","PropShare Titania","0","--"
"real-estate","Real estate","BSE","PSPLATINA","Propshare Platina","0","--"
"real-estate","Real estate","NSE","TVSINVIT","TVSINVIT","0","--"
"retail","Retail","NSE","TITAN","Titan Company","4,53,304","78.7"
"retail","Retail","NSE","DMART","Avenue Supermarts","2,63,139","86.05"
"retail","Retail","NSE","TRENT","Trent","1,59,015","87.9"
"retail","Retail","NSE","LENSKART","Lenskart Solutions","1,02,019","155.67"
"retail","Retail","NSE","NYKAA","FSN E-Comm. Ventur.","93,957","366.83"
"retail","Retail","NSE","MEESHO","Meesho","88,657","--"
"retail","Retail","NSE","KALYANKJIL","Kalyan Jewell.India","61,660","42.97"
"retail","Retail","BSE","VMM","Vishal Mega Mart","50,502","56.62"
"retail","Retail","NSE","METROBRAND","Metro Brands","25,575","62.92"
"retail","Retail","NSE","THANGAMAYL","Thangamayil Jeweller","16,542","42.3"
"retail","Retail","NSE","BLUESTONE","Bluestone Jewellery","13,629","242.0"
"retail","Retail","BSE","SKYGOLD","Sky Gold & Diamonds","12,895","38.49"
"retail","Retail","BSE","FIRSTCRY","Brainbees Solutions","11,196","--"
"retail","Retail","BSE","ABLBL","Aditya Birla Life","11,019","62.61"
"retail","Retail","BSE","RELAXO","Relaxo Footwears","10,384","57.93"
"retail","Retail","NSE","PCJEWELLER","PC Jeweller","9,557","12.34"
"retail","Retail","NSE","BATAINDIA","Bata india","9,187","62.84"
"retail","Retail","BSE","PNGJL","PN Gadgil Jewellers","9,087","20.38"
"retail","Retail","NSE","V2RETAIL","V2 Retail","8,004","49.39"
"retail","Retail","BSE","AVL","Aditya Vision","7,968","57.33"
"retail","Retail","NSE","ETHOSLTD","Ethos Ltd.","7,485","72.06"
"retail","Retail","NSE","EMIL","Electronics Mart Ind","7,443","36.1"
"retail","Retail","NSE","ABFRL","Aditya Birla Fashion","6,973","--"
"retail","Retail","BSE","REDTAPE","Redtape","6,957","28.23"
"retail","Retail","NSE","CAMPUS","Campus Activewear","6,699","43.49"
"retail","Retail","NSE","VMART","V-Mart Retail","6,371","46.3"
"retail","Retail","NSE","IBULLSLTD","Indiabulls","6,311","15.06"
"retail","Retail","NSE","ARVINDFASN","Arvind Fashions","5,927","49.57"
"retail","Retail","BSE","TIMEX","Timex Group India","5,699","66.43"
"retail","Retail","BSE","SENCO","Senco Gold","5,659","9.91"
"retail","Retail","BSE","GOLDIAM","Goldiam Internatl.","5,612","26.61"
"retail","Retail","BSE","KDDL","KDDL","4,740","48.84"
"retail","Retail","NSE","SHOPERSTOP","Shoppers Stop","4,674","--"
"retail","Retail","BSE","VAIBHAVGBL","Vaibhav Global","3,917","13.75"
"retail","Retail","NSE","DPABHUSHAN","D.P. Abhushan","3,245","13.53"
"retail","Retail","NSE","BUILDPRO","Shankara Buildpro","3,003","22.87"
"retail","Retail","BSE","STYLEBAAZA","Baazar Style Retail","2,675","57.07"
"retail","Retail","NSE","RAJESHEXPO","Rajesh Exports","2,454","21.81"
"retail","Retail","BSE","SHRINGARMS","Shringar House Mang.","2,216","19.18"
"retail","Retail","NSE","PNGSREVA","PNGS Reva Diamond","1,978","30.59"
"retail","Retail","BSE","KHAZANCHI","Khazanchi Jewellers","1,877","20.99"
"retail","Retail","NSE","SHANTIGOLD","Shanti Gold Intnl.","1,767","12.61"
"retail","Retail","NSE","GOCOLORS","Go Fashion (India)","1,702","31.87"
"retail","Retail","NSE","TBZ","Tribhovandas Bhimji","1,581","7.4"
"retail","Retail","BSE","MOTISONS","Motisons Jewellers","1,550","24.34"
"retail","Retail","NSE","KALAMANDIR","Sai Silks (Kalaman)","1,308","9.58"
"retail","Retail","NSE","UTSSAV","Utssav CZ Gold Jewel","1,281","21.69"
"retail","Retail","NSE","RGL","Renaissance Global","1,178","10.8"
"retail","Retail","NSE","BIL","Bhartiya Internatl.","1,093","81.33"
"retail","Retail","NSE","LGHL","Laxmi Goldorna House","1,004","95.11"
"retail","Retail","NSE","ASTAR","Asian Star Co","942","23.3"
"retail","Retail","BSE","RADHIKAJWE","Radhika Jeweltech","854","10.75"
"retail","Retail","NSE","RAMBHAJO","Advit Jewels","846","24.61"
"retail","Retail","BSE","SJCORP","SJ Corporation","776","1090.57"
"retail","Retail","BSE","PATELRMART","Patel Retail","736","17.69"
"retail","Retail","BSE","GARGI","PNGS Gargi Fashion","613","19.72"
"retail","Retail","BSE","RBZJEWEL","RBZ Jewellers","567","9.98"
"retail","Retail","NSE","THOMASCOTT","Thomas Scott (I)","495","25.62"
"retail","Retail","BSE","UDAYJEW","Uday Jewellery Inds.","480","13.41"
"retail","Retail","NSE","MIRZAINT","Mirza International","448","--"
"retail","Retail","NSE","DIVINEHIRA","Divine Hira Jeweller","418","58.67"
"retail","Retail","NSE","LIBERTSHOE","Liberty Shoes","410","48.0"
"retail","Retail","BSE","STARLENT","Starlineps Enter.","408","363.42"
"retail","Retail","BSE","LEHAR","Lehar Footwears","389","23.44"
"retail","Retail","NSE","BRANDMAN","Brandman Retail","364","14.39"
"retail","Retail","BSE","BHATIA","Bhatia Communication","363","21.68"
"retail","Retail","NSE","HPTL","HP Telecom India","351","13.79"
"retail","Retail","NSE","GJL","Grover Jewells","315","14.88"
"retail","Retail","BSE","LOGICA","Logica Infoway","292","20.58"
"retail","Retail","NSE","SPENCERS","Spencer's Retail","287","--"
"retail","Retail","NSE","PUSHPA","Pushpa Jewellers","276","10.67"
"retail","Retail","NSE","MAGSON","Magson Retail & Dist","256","301.39"
"retail","Retail","NSE","SILGO","SILGO Retail","223","38.79"
"retail","Retail","NSE","KORE","Jay Jalaram Techno.","218","21.21"
"retail","Retail","NSE","MACOBSTECH","Macobs Technologies","205","77.08"
"retail","Retail","BSE","GOLKUNDIA","Golkunda Diamonds","205","13.05"
"retail","Retail","NSE","ACETEC","Acetech E-Commerce","203","19.75"
"retail","Retail","BSE","SUPERHOUSE","Superhouse","175","47.65"
"retail","Retail","NSE","KHADIM","Khadim India","165","59.47"
"retail","Retail","NSE","ONDOOR","On Door Concepts","165","15.27"
"retail","Retail","NSE","NRVANDANA","NR Vandana Tex Inds.","162","19.02"
"retail","Retail","BSE","SMR","SMR Jewels","160","6.47"
"retail","Retail","NSE","GOLDKART","Goldkart Jewels","159","44.91"
"retail","Retail","NSE","ENFUSE","Enfuse Solutions","157","--"
"retail","Retail","BSE","YAASHVI","Yaashvi Jewellers","135","7.41"
"retail","Retail","NSE","ROCKINGDCE","Rocking.Circular","134","13.26"
"retail","Retail","BSE","PJL","Patdiam Jewellery","132","8.17"
"retail","Retail","NSE","FRETAIL","Future Retail","131","--"
"retail","Retail","NSE","PRAXIS","Praxis Home Retail","129","--"
"retail","Retail","BSE","AGOL","Ashapuri Gold Ornam.","128","6.88"
"retail","Retail","BSE","MINID","Mini Diamonds (I)","122","62.27"
"retail","Retail","NSE","KKJEWELS","Kabra Jewels","113","4.57"
"retail","Retail","NSE","FONEBOX","Fonebox Retail","99","14.58"
"retail","Retail","BSE","CITYSQUARE","Jay Ambe Supermarket","98","20.05"
"retail","Retail","BSE","RETAGGIO","Retaggio Industries","97","10.85"
"retail","Retail","BSE","AJCJEWEL","AJC Jewel Manufact.","94","11.72"
"retail","Retail","NSE","MOKSH","Moksh Ornaments","93","9.44"
"retail","Retail","BSE","MTL","Mehul Telecom","90","9.02"
"retail","Retail","BSE","DEVLAB","Dev Labtech Venture","88","9.23"
"retail","Retail","BSE","SUPTANERY","Super Tannery","78","11.28"
"retail","Retail","BSE","UML","Umiya Mobile","78","8.52"
"retail","Retail","BSE","CHANDNIMACH","Chandni Machines","77","105.62"
"retail","Retail","NSE","WOMANCART","Womancart","76","11.04"
"retail","Retail","BSE","ROYALIND","Royal India Corpn.","69","1.31"
"retail","Retail","NSE","DIGIDRIVE","Digidrive Distribut.","69","11.98"
"retail","Retail","BSE","SWARNSAR","Swarnsarita Jewels","66","5.35"
"retail","Retail","NSE","BIRDYS","Grill Splendour Serv","61","--"
"retail","Retail","BSE","KIAASA","Kiaasa Retail","59","5.27"
"retail","Retail","NSE","KSR","KSR Footwear","51","--"
"retail","Retail","BSE","PHOENXINTL","Phoenix Internatl.","49","19.73"
"retail","Retail","NSE","LAKHANI","Lakhani India","47","--"
"retail","Retail","BSE","ACML","Aditya Consumer Mktg","47","--"
"retail","Retail","NSE","ARCHIES","Archies","47","--"
"retail","Retail","NSE","BMETRICS","Bombay MetricsSupply","47","28.63"
"retail","Retail","NSE","OSIAHYPER","OSIA Hyper Retail","46","2.55"
"retail","Retail","BSE","LUXURY","Luxury Time","45","8.23"
"retail","Retail","BSE","AKI","AKI India","44","14.67"
"retail","Retail","NSE","VMOBILE","Vinit Mobile","43","7.53"
"retail","Retail","BSE","ZODJRDMKJ","Zodiac-JRD-MKJ","42","14.72"
"retail","Retail","BSE","GKL","Guru Krupa Gem & Jew","42","73.92"
"retail","Retail","BSE","MINALIND","Minal Industries","41","--"
"retail","Retail","BSE","EIGHTY","Eighty Jewellers","39","3.97"
"retail","Retail","BSE","MANOJJEWEL","Manoj Jewellers","37","4.13"
"retail","Retail","BSE","SHOORA","Shoora Designs","36","1026.59"
"retail","Retail","BSE","PACE","Pace E-Comm Vent.","34","8.96"
"retail","Retail","BSE","UHZAVERI","UH Zaveri","30","539.01"
"retail","Retail","BSE","KANANIIND","Kanani Industries","30","11.83"
"retail","Retail","BSE","DEEPAI","Deep Health AI India","29","25.3"
"retail","Retail","NSE","GOENKA","Goenka Diamond&Jewel","27","--"
"retail","Retail","BSE","OROSMITHS","Orosil Smiths India","26","1.12"
"retail","Retail","BSE","KOURA","Koura Fine Diamond","26","34.84"
"retail","Retail","BSE","ARITAS","Aritas Vinyl","25","5.23"
"retail","Retail","BSE","KENVI","Kenvi Jewels","25","25.1"
"retail","Retail","BSE","BENCHMARK","Benchmark Computer","25","7.35"
"retail","Retail","BSE","MARCLOIRE","Marc Loire Fashions","24","13.54"
"retail","Retail","BSE","WORL","Diva Organic Living","24","--"
"retail","Retail","NSE","FLFL","Future LS Fashions","24","--"
"retail","Retail","BSE","DARSHANORNA","Darshan Orna","22","37.48"
"retail","Retail","NSE","FEL","Future Enterprises","22","--"
"retail","Retail","NSE","RADIOWALLA","Radiowalla Network","18","139.1"
"retail","Retail","BSE","OLYMPTX","Olympia Industries","17","8.49"
"retail","Retail","NSE","HEADSUP","Heads UP Ventures","16","--"
"retail","Retail","BSE","EQUILATERA","Equilateral Enterp.","15","65.9"
"retail","Retail","BSE","AMINTAN","Amin Tannery","15","63.02"
"retail","Retail","BSE","SMGOLD","SM Gold","15","7.89"
"retail","Retail","BSE","SOVERDIA","Sovereign Diamonds","15","--"
"retail","Retail","BSE","GGL","Gautam Gems","14","18.73"
"retail","Retail","NSE","RETAIL","JHS SvendgaardRetail","14","--"
"retail","Retail","BSE","FONE4","Fone4 Communicat (I)","13","--"
"retail","Retail","BSE","SHUKRADIAM","Shukra Jewellery","13","--"
"retail","Retail","BSE","SKRABUL","Shukra Bullions","13","254.21"
"retail","Retail","BSE","VARYAA","Varyaa Creations","13","24.98"
"retail","Retail","BSE","SIIL","Sabrimala Industries","13","43.32"
"retail","Retail","BSE","SHANTIGURU","Shantiguru Inds.","12","1.04"
"retail","Retail","BSE","MAYUR","Mayur LeatherProduct","11","9.58"
"retail","Retail","NSE","CBAZAAR","Net Avenue Tech.","11","--"
"retail","Retail","BSE","EUROLED","Euro Leder Fashion","11","623.41"
"retail","Retail","BSE","WELTI","Welterman Intenatl.","11","--"
"retail","Retail","BSE","NBFOOT","NB Footwear","9","--"
"retail","Retail","BSE","KENRIK","Kenrik Industries","9","--"
"retail","Retail","BSE","3CIT","3C IT Solutions","9","15.97"
"retail","Retail","BSE","KALPACOMME","Kalpa Commercial","9","9.31"
"retail","Retail","BSE","OSCARGLO","Oscar Global","7","--"
"retail","Retail","BSE","SUNRAJDI","Sunraj Diamond Exp.","7","--"
"retail","Retail","BSE","NIVAKA","Nivaka Fashions","5","--"
"retail","Retail","BSE","NOGMIND","Neogem India","3","--"
"retail","Retail","NSE","ENCHANTE","Enchante Jewellery","3","--"
"retail","Retail","BSE","GDIL","Global Defence Inds.","2","--"
"retail","Retail","BSE","JSHL","JLA Infraville Shop.","2","--"
"retail","Retail","BSE","MAFIA","Mafia Trends","2","4.48"
"retail","Retail","BSE","LADIAMO","Turner Industries","0","--"
"services","Services","NSE","ETERNAL","Eternal","3,02,056","697.59"
"services","Services","NSE","SWIGGY","Swiggy","77,082","--"
"services","Services","BSE","URBANCO","Urban Company","21,429","--"
"services","Services","NSE","GRAVITA","Gravita India","13,390","34.16"
"services","Services","NSE","BLS","BLS Internatl. Serv.","10,829","15.34"
"services","Services","BSE","JAINREC","Jain Resource Recycl","10,449","28.95"
"services","Services","NSE","SIS","SIS","6,194","42.27"
"services","Services","NSE","CMRGREEN","CMR Green Tech","4,724","22.24"
"services","Services","NSE","RTNINDIA","RattanIndia Enterp.","4,181","--"
"services","Services","BSE","POCL","Pondy Oxides & Chem.","3,736","26.2"
"services","Services","BSE","BLSE","BLS E-Services","2,876","49.48"
"services","Services","BSE","TINNARUBR","Tinna Rubber & Infra","1,960","31.78"
"services","Services","NSE","TEAMLEASE","TeamLease Services","1,926","13.01"
"services","Services","NSE","BLUSPRING","Bluspring Enterprise","1,816","--"
"services","Services","NSE","KAPSTON","Kapston Services","1,760","57.7"
"services","Services","NSE","UDS","Updater Services","1,404","16.17"
"services","Services","BSE","GCSL","Gretex CorporateServ","1,215","44.57"
"services","Services","NSE","AWHCL","Antony WasteHandling","1,115","19.09"
"services","Services","BSE","GRPLTD","GRP","1,047","184.62"
"services","Services","BSE","ECORECO","Eco Recycling","898","37.38"
"services","Services","NSE","NRL","Nupur Recycle","796","55.99"
"services","Services","BSE","EXHICON","Exhicon Events Media","717","17.61"
"services","Services","BSE","PRAVEG","Praveg","711","--"
"services","Services","NSE","INNOVISION","Innovision","686","18.58"
"services","Services","NSE","NAMOEWASTE","Namo Ewaste Mgmt.","619","43.17"
"services","Services","NSE","UNIVPHOTO","Universus Photo Imag","514","--"
"services","Services","BSE","QLL","Qualitek Labs","513","35.11"
"services","Services","BSE","NILE","Nile","478","9.85"
"services","Services","BSE","SOTEFIN","Sotefin Bharat","378","21.74"
"services","Services","BSE","MACHLTD","Mach Travel Solution","360","22.97"
"services","Services","NSE","ELGIRUBCO","Elgi Rubber Co.","294","--"
"services","Services","BSE","ITCONS","ITCONS E-Solutions","292","55.49"
"services","Services","NSE","PROPEQUITY","PE Analytics","255","16.26"
"services","Services","NSE","CSSL","Clear Secured Serv.","243","8.04"
"services","Services","BSE","BHARATROHAN","Bharatrohan Airborne","239","22.86"
"services","Services","BSE","SPITZE","Maruti Interior Prod","231","22.15"
"services","Services","NSE","AARVI","Aarvi Encon","227","12.89"
"services","Services","NSE","IPSL","Integrated Personnel","220","20.03"
"services","Services","NSE","EXIMROUTES","Exim Routes","203","19.92"
"services","Services","NSE","EMAPARTNER","EMA Partners India","181","14.73"
"services","Services","BSE","RACE","Race Eco Chain","180","26.67"
"services","Services","NSE","DUGLOBAL","DU Digital Global","180","31.22"
"services","Services","NSE","LLOYDS","Lloyds Luxuries","160","--"
"services","Services","NSE","SPECTSTM","Spectrm Talent Mngmt","141","11.47"
"services","Services","BSE","CHOKSI","Choksi Asia","135","25.96"
"services","Services","NSE","URBAN","Urban Env Waste Mgt.","125","8.4"
"services","Services","NSE","KHFM","KHFM Hospitality","112","32.24"
"services","Services","NSE","PARTYCRUS","Party Cruisers","102","8.11"
"services","Services","BSE","RESGEN","RESGEN","98","11.19"
"services","Services","BSE","NISMGMT","Nis Management","95","--"
"services","Services","NSE","DRONE","Drone Destination","93","79.25"
"services","Services","NSE","PROPSHOP","Propshop Events","92","14.51"
"services","Services","BSE","DRONACHRYA","Droneacharya Aerial","88","234.77"
"services","Services","NSE","SERVICE","Service Care","81","16.2"
"services","Services","BSE","GEMENVIRO","GEM Enviro Mgmnt.","80","17.23"
"services","Services","NSE","TOUCHWOOD","Touchwood Entertain.","75","18.63"
"services","Services","NSE","DIVYADHAN","Divyadhan Recycling","72","42.02"
"services","Services","BSE","ODIGMA","Odigma Consult Solut","70","--"
"services","Services","BSE","SGLRES","SGL Resources","66","615.67"
"services","Services","BSE","ICON","Icon Facilitators","62","14.26"
"services","Services","BSE","SAGARSOFT","Sagarsoft (India)","61","--"
"services","Services","BSE","SSL","Share Samadhan","54","93.69"
"services","Services","NSE","SFML","Supreme FacilityMgmt","53","6.76"
"services","Services","BSE","RITHWIKFMS","Rithwik FacilityMgmt","48","13.59"
"services","Services","BSE","NIRMITEE","Nirmitee Robotics","41","68.79"
"services","Services","NSE","WHITEFORCE","Happy Square Outsou.","40","6.72"
"services","Services","BSE","PANHR","PAN HR Solution","40","5.33"
"services","Services","BSE","INNOVATUS","Innovatus Entertain.","34","53.35"
"services","Services","NSE","ARMOUR","Armour Security (I)","32","6.02"
"services","Services","BSE","CEREBRAINT","Cerebra Intgr. Tech.","30","--"
"services","Services","BSE","GULFLLOYDS","Gulf Lloyds (India)","29","6.84"
"services","Services","BSE","LGLL","Landmark GlobalLearn","24","--"
"services","Services","BSE","SAFECURE","Safecure Services","22","3.66"
"services","Services","BSE","RAJASPETRO","Rajasthan Petro Syn.","16","--"
"services","Services","BSE","KAARYAFSL","Kaarya Facilities","11","5.66"
"services","Services","BSE","SBRANDS","Sanghvi Brands","11","7.19"
"services","Services","BSE","PHOTOQUP","Photoquip India","8","--"
"services","Services","NSE","WINNY","Winny Immigration","7","--"
"software-services","Software services","NSE","TCS","TCS","8,50,142","17.07"
"software-services","Software services","NSE","INFY","Infosys","4,77,146","15.75"
"software-services","Software services","NSE","HCLTECH","HCL Technologies","3,69,004","21.18"
"software-services","Software services","NSE","WIPRO","Wipro","1,82,235","13.79"
"software-services","Software services","NSE","TECHM","Tech Mahindra","1,59,264","31.01"
"software-services","Software services","NSE","LTM","LTM","1,40,432","26.85"
"software-services","Software services","NSE","OFSS","Oracle Finl. Service","1,01,452","29.73"
"software-services","Software services","NSE","PERSISTENT","Persistent Systems","86,195","44.82"
"software-services","Software services","NSE","COFORGE","Coforge","79,619","45.32"
"software-services","Software services","NSE","MPHASIS","Mphasis","47,738","24.99"
"software-services","Software services","NSE","LTTS","L&T Technology Serv.","37,974","28.77"
"software-services","Software services","NSE","HEXT","Hexaware Tech.","34,880","25.96"
"software-services","Software services","NSE","TATATECH","Tata Technologies","34,139","61.28"
"software-services","Software services","NSE","IKS","Inventurus Knowledge","30,638","40.11"
"software-services","Software services","NSE","NETWEB","Netweb Technologies","27,550","105.7"
"software-services","Software services","NSE","AFFLE","Affle 3i","23,563","49.32"
"software-services","Software services","NSE","TATAELXSI","Tata Elxsi","23,206","35.45"
"software-services","Software services","BSE","SAGILITY","Sagility","20,261","20.4"
"software-services","Software services","NSE","FSL","Firstsource Solution","19,459","29.0"
"software-services","Software services","NSE","ECLERX","eClerx Services","17,007","23.33"
"software-services","Software services","BSE","IDREAM","IDream Film Infrast.","16,916","--"
"software-services","Software services","NSE","KPITTECH","KPIT Technologies","16,767","28.78"
"software-services","Software services","BSE","IGIL","International Gemolo","14,851","24.36"
"software-services","Software services","NSE","FRACTAL","Fractal Analytics","14,142","48.4"
"software-services","Software services","NSE","NAZARA","Nazara Technologies","13,539","--"
"software-services","Software services","NSE","SIGMAADV","Sigma Advanced Sys.","12,899","48.12"
"software-services","Software services","NSE","ZENSARTECH","Zensar Technologies","11,251","14.49"
"software-services","Software services","NSE","RATEGAIN","RateGain Travel Tech","11,043","45.56"
"software-services","Software services","NSE","INTELLECT","Intellect Design","9,864","27.94"
"software-services","Software services","BSE","SONATSOFTW","Sonata Software","9,077","19.6"
"software-services","Software services","NSE","CYIENT","Cyient","8,800","23.27"
"software-services","Software services","NSE","BSOFT","Birlasoft","8,760","15.29"
"software-services","Software services","NSE","TANLA","Tanla Platforms","7,882","14.79"
"software-services","Software services","NSE","NEWGEN","Newgen Software Tech","7,633","24.33"
"software-services","Software services","BSE","STYL","Seshaasai Tech.","6,636","25.15"
"software-services","Software services","NSE","LATENTVIEW","Latent View Analytic","6,003","30.72"
"software-services","Software services","NSE","HAPPSTMNDS","Happiest Minds Tech.","5,933","26.59"
"software-services","Software services","NSE","MASTEK","Mastek","5,643","13.5"
"software-services","Software services","NSE","MAPMYINDIA","CE Info Systems","5,459","39.61"
"software-services","Software services","NSE","DATAMATICS","Datamatic GlobalServ","5,094","23.57"
"software-services","Software services","NSE","QUESS","Quess Corp","4,990","19.75"
"software-services","Software services","NSE","EMUDHRA","eMudhra","4,334","37.67"
"software-services","Software services","NSE","CAPILLARY","Capillary Tech. Ind","4,192","80.02"
"software-services","Software services","NSE","CMSINFO","CMS Info Systems","4,090","13.94"
"software-services","Software services","NSE","63MOONS","63 Moons Tech.","3,990","--"
"software-services","Software services","NSE","AURIONPRO","Aurionpro Solutions","3,977","19.51"
"software-services","Software services","NSE","NIITMTS","NIIT Learning System","3,349","13.09"
"software-services","Software services","NSE","ROUTE","Route Mobile","3,272","13.17"
"software-services","Software services","BSE","TECHNVISN","TechNVision Ventures","3,216","--"
"software-services","Software services","NSE","NPST","Network People Serv.","3,192","71.47"
"software-services","Software services","NSE","RPSGVENT","RPSG Ventures","2,928","--"
"software-services","Software services","NSE","SASKEN","Sasken Technologies","2,918","42.08"
"software-services","Software services","NSE","RSYSTEMS","R Systems Internatl.","2,845","14.76"
"software-services","Software services","BSE","COLAB","Colab Platforms","2,810","580.72"
"software-services","Software services","BSE","EFCIL","EFC (I)","2,639","11.4"
"software-services","Software services","NSE","RAMCOSYS","Ramco Systems","2,330","56.14"
"software-services","Software services","BSE","PROTEAN","Protean e-Gov Tech.","2,268","27.46"
"software-services","Software services","NSE","SAKSOFT","Saksoft","2,157","16.57"
"software-services","Software services","BSE","BLUECLOUDS","Blue Cloud Softech","2,103","34.76"
"software-services","Software services","BSE","BCG","Brightcom Group","1,992","2.07"
"software-services","Software services","NSE","KODYTECH","Kody Technolab","1,989","118.69"
"software-services","Software services","BSE","JAYKAY","Jaykay Enterprises","1,934","8.32"
"software-services","Software services","BSE","GHVINFRA","GHV Infra Projects","1,915","39.26"
"software-services","Software services","NSE","HGS","Hinduja Global Soln.","1,897","58.92"
"software-services","Software services","BSE","HYPERSOFT","Hypersoft Tech","1,840","528.95"
"software-services","Software services","NSE","NUCLEUS","Nucleus Software Exp","1,817","17.23"
"software-services","Software services","NSE","AURUM","Aurum Proptech","1,741","30.59"
"software-services","Software services","BSE","MCLOUD","Magellanic Cloud","1,713","15.0"
"software-services","Software services","NSE","ACCELYA","Accelya Solutions","1,702","17.85"
"software-services","Software services","NSE","INFOBEAN","Infobeans Tech.","1,584","18.64"
"software-services","Software services","NSE","DSSL","Dynacons Sys.& Soln.","1,579","18.63"
"software-services","Software services","NSE","ONEPOINT","One Point OneSolutin","1,575","41.18"
"software-services","Software services","BSE","CEINSYS","Ceinsys Tech","1,568","11.81"
"software-services","Software services","NSE","DIGITIDE","Digitide Solutions","1,549","--"
"software-services","Software services","NSE","DLINKINDIA","D-Link (India)","1,514","14.11"
"software-services","Software services","NSE","IZMO","IZMO","1,426","29.99"
"software-services","Software services","NSE","GENESYS","Genesys Intl. Corpn.","1,389","42.65"
"software-services","Software services","BSE","NINSYS","Nintec Systems","1,348","40.16"
"software-services","Software services","NSE","NIITLTD","NIIT","1,280","142.31"
"software-services","Software services","NSE","EXPLEOSOL","Expleo Solutions","1,276","10.29"
"software-services","Software services","NSE","ALLDIGI","Alldigi Tech","1,228","14.37"
"software-services","Software services","NSE","MATRIMONY","Matrimony.Com","1,119","24.95"
"software-services","Software services","NSE","TAC","TAC Infosec","1,029","45.72"
"software-services","Software services","BSE","CONTROLPR","Control Print","905","23.23"
"software-services","Software services","BSE","BGDL","Bharat Global Devel.","871","--"
"software-services","Software services","NSE","KRYSTAL","Krystal Integrated","866","14.12"
"software-services","Software services","NSE","EXCELSOFT","Excelsoft Tech.","865","18.51"
"software-services","Software services","NSE","VINSYS","Vinsys IT Services","855","28.76"
"software-services","Software services","NSE","SAHANA","Sahana System","835","12.3"
"software-services","Software services","NSE","QUICKHEAL","Quick Heal Tech","804","--"
"software-services","Software services","BSE","ECOSMOBLTY","Ecos India Mob Hosp.","764","12.98"
"software-services","Software services","BSE","UNIFIED","Unified Data- Tech","758","18.61"
"software-services","Software services","NSE","SUBEXLTD","Subex","755","25.21"
"software-services","Software services","NSE","XCHANGING","Xchanging Solutions","748","12.58"
"software-services","Software services","BSE","KELLTONTEC","Kellton Tech Solut.","734","8.04"
"software-services","Software services","BSE","VEEFIN","Veefin Solutions","703","30.84"
"software-services","Software services","NSE","ONMOBILE","Onmobile Global","699","--"
"software-services","Software services","NSE","INNOVANA","Innovana Thinklabs","677","17.74"
"software-services","Software services","BSE","DANLAW","Danlaw Tech. India","676","29.39"
"software-services","Software services","NSE","KSOLVES","KSolves India","649","17.49"
"software-services","Software services","NSE","VAKRANGEE","Vakrangee","646","60.36"
"software-services","Software services","NSE","ADSL","Allied Digital Serv.","642","18.04"
"software-services","Software services","NSE","ONWARDTEC","Onward Technologies","642","15.02"
"software-services","Software services","BSE","EXATO","Exato Technologies","609","37.85"
"software-services","Software services","BSE","MINDTECK","Mindteck (India)","577","18.54"
"software-services","Software services","NSE","SOFTTECH","SoftTech Engineers","577","116.79"
"software-services","Software services","NSE","3IINFOLTD","3I Infotech","567","16.54"
"software-services","Software services","NSE","APTECHT","Aptech","545","22.28"
"software-services","Software services","NSE","CSM","CSM Technologies","526","22.28"
"software-services","Software services","BSE","PTL","PTL Enterprises","521","11.4"
"software-services","Software services","BSE","IRIS","IRIS RegTech Solns.","516","4.11"
"software-services","Software services","BSE","RKSWAMY","RK Swamy","513","23.19"
"software-services","Software services","BSE","COVANCE","Covance Softsol","490","14.27"
"software-services","Software services","NSE","SIGMA","Sigma Solve","478","15.27"
"software-services","Software services","BSE","TERASOFT","Tera Software","465","18.76"
"software-services","Software services","NSE","TECHD","TechD Cybersecurity","431","30.72"
"software-services","Software services","BSE","XTGLOBAL","XT Global Infotech","424","29.02"
"software-services","Software services","BSE","MAJESAUT","Majestic Auto","417","4.31"
"software-services","Software services","NSE","CYBERTECH","CyberTech Sys. &Soft","408","12.86"
"software-services","Software services","NSE","DIGISPICE","Digispice Tech.","403","21.65"
"software-services","Software services","BSE","SATTRIX","Sattrix Info. Sec.","397","48.23"
"software-services","Software services","BSE","CITIZEN","Citizen Solar","396","17.65"
"software-services","Software services","BSE","ABMKNO","ABM Knowledgeware","390","41.28"
"software-services","Software services","NSE","INSPIRISYS","Inspirisys Solutions","388","9.98"
"software-services","Software services","NSE","TREJHARA","Trejhara Solutions","387","30.47"
"software-services","Software services","NSE","OPTIVALUE","Optivalue TekConsult","375","27.23"
"software-services","Software services","BSE","TRISHAKT","Trishakti Industries","372","34.27"
"software-services","Software services","NSE","VGINFOTECH","Virtual Galaxy Info.","369","8.01"
"software-services","Software services","BSE","SANCODE","Sancode Technologies","368","790.19"
"software-services","Software services","NSE","AKIKO","Akiko Global Service","364","23.72"
"software-services","Software services","BSE","MAXGROW","Maxgrow India","352","11.86"
"software-services","Software services","BSE","EKANSH","Ekansh Concepts","349","--"
"software-services","Software services","NSE","TAKE","Take","348","27.12"
"software-services","Software services","BSE","ACESOFT","Ace Software Exports","329","77.02"
"software-services","Software services","NSE","SYSTANGO","Systango Tech.","319","10.01"
"software-services","Software services","NSE","TRACXN","Tracxn Technologies","319","--"
"software-services","Software services","NSE","PELATRO","Pelatro","311","15.59"
"software-services","Software services","BSE","MADALA","Madala Holdings","286","105.54"
"software-services","Software services","NSE","GOLDTECH","AION-Tech Solutions","276","34.42"
"software-services","Software services","BSE","ALPHALOGIC","Alphalogic Techsys","266","52.12"
"software-services","Software services","NSE","ALLETEC","All E Technologies","265","10.32"
"software-services","Software services","BSE","OMEGAIN","Omega Interactive","261","27.65"
"software-services","Software services","BSE","AEIM","Artificial Electro","253","6.89"
"software-services","Software services","NSE","FCSSOFT","FCS Software Soltns.","243","86.21"
"software-services","Software services","BSE","ACEALPHA","Ace Alpha Tech","242","15.94"
"software-services","Software services","BSE","NOVUS","Novus Loyalty","227","24.4"
"software-services","Software services","NSE","ASMS","Avio Smart Market","224","37.61"
"software-services","Software services","BSE","EKI","EKI Energy Services","223","--"
"software-services","Software services","BSE","INFINITY","Infinity Infoway","218","31.03"
"software-services","Software services","NSE","SMARTLINK","Smartlink Holdings","216","13.03"
"software-services","Software services","BSE","CNINFOTECH","CapitalNumbers Info.","216","8.48"
"software-services","Software services","NSE","TECHLABS","Trident Techlabs","208","34.31"
"software-services","Software services","BSE","INTENTECH","Intense Technologies","194","--"
"software-services","Software services","NSE","AIRAN","Airan","188","15.48"
"software-services","Software services","NSE","DRCSYSTEMS","DRC Systems India","187","9.12"
"software-services","Software services","NSE","FIDEL","Fidel Softech","187","14.1"
"software-services","Software services","BSE","ATISHAY","Atishay","183","32.67"
"software-services","Software services","BSE","KRATIKAL","Kratikal Tech","179","29.1"
"software-services","Software services","BSE","AVANCE","Avance Technologies","178","12.67"
"software-services","Software services","BSE","METAINFO","Meta Infotech","177","16.27"
"software-services","Software services","BSE","QUINT","Quint Digital","175","5.43"
"software-services","Software services","NSE","TRIGYN","Trigyn Technologies","173","17.12"
"software-services","Software services","BSE","7SEASL","7Seas Entertainment","172","77.15"
"software-services","Software services","BSE","VIRINCHI","Virinchi","170","--"
"software-services","Software services","BSE","JSTL","Jeevan Scientific","158","136.99"
"software-services","Software services","BSE","NBL","Naapbooks","157","18.9"
"software-services","Software services","NSE","DEVIT","Dev Information Tech","153","2.01"
"software-services","Software services","NSE","INFOLLION","Infollion Research","149","11.74"
"software-services","Software services","NSE","RELIABLE","Reliable Data Serv.","145","21.11"
"software-services","Software services","BSE","SWADPOL","Swadeshi Polytex","144","34.55"
"software-services","Software services","BSE","FOCUS","Focus Business Solu.","142","163.14"
"software-services","Software services","NSE","CALSOFT","California Software","138","9.41"
"software-services","Software services","BSE","METHODHUB","Methodhub Software","136","4.26"
"software-services","Software services","BSE","NSBBPO","NSB BPO Solutions","135","10.58"
"software-services","Software services","NSE","GENXAI","Genxai Analytics","135","9.88"
"software-services","Software services","NSE","CANARYS","Canarys Automations","135","10.99"
"software-services","Software services","NSE","MITCON","Mitcon Consul.&Engg.","134","16.58"
"software-services","Software services","NSE","SECMARK","Secmark Consultancy","133","52.0"
"software-services","Software services","NSE","GVPTECH","GVP Infotech","131","--"
"software-services","Software services","NSE","ISFT","Intrasoft Tech","127","9.58"
"software-services","Software services","BSE","ELNET","Elnet Technologies","126","6.29"
"software-services","Software services","NSE","ENSER","Enser Communications","125","12.99"
"software-services","Software services","NSE","CROWN","Crown Lifters","124","13.79"
"software-services","Software services","NSE","AAATECH","AAA Technologies","122","58.99"
"software-services","Software services","BSE","ISERA","iSERA Lifesciences","121","--"
"software-services","Software services","NSE","XELPMOC","Xelpmoc Design &Tech","118","--"
"software-services","Software services","BSE","PRODOCS","Prodocs Solutions","115","14.28"
"software-services","Software services","NSE","ROXHITECH","Rox Hi-Tech","114","5.74"
"software-services","Software services","BSE","GSTL","Globalspace Tech.","108","35.49"
"software-services","Software services","BSE","COMPUSOFT","Compucom Software","105","36.26"
"software-services","Software services","BSE","WEPSOLN","WEP Solutions","105","56.55"
"software-services","Software services","BSE","TECHKGREEN","Techknowgreen Solutn","97","10.07"
"software-services","Software services","NSE","DTL","Diensten Tech","96","--"
"software-services","Software services","NSE","MARUSHIKA","Marushika Technology","95","10.59"
"software-services","Software services","NSE","KANDARP","Kandarp Digi Smart","94","50.58"
"software-services","Software services","BSE","ASITCFIN","Asit C Mehta FinServ","92","17.7"
"software-services","Software services","BSE","CRSL","Cressanda Railway","90","--"
"software-services","Software services","BSE","SRSOLTD","Silicon RentalSolns.","89","8.7"
"software-services","Software services","BSE","CRANESSOFT","Cranes Software Int.","87","--"
"software-services","Software services","NSE","RSSOFTWARE","RS Software (India)","86","--"
"software-services","Software services","BSE","KATIPATANG","Kati PatangLifestyle","85","--"
"software-services","Software services","BSE","ATHENAGLO","Athena Global Tech.","85","--"
"software-services","Software services","BSE","BITS","BITS","82","101.1"
"software-services","Software services","BSE","DYNAVSN","Dynavision","81","9.32"
"software-services","Software services","NSE","DELAPLEX","Delaplex","79","6.13"
"software-services","Software services","NSE","CURAA","Cura Technologies","78","--"
"software-services","Software services","BSE","CGVAK","CG-VAK Soft.&Exports","78","9.05"
"software-services","Software services","BSE","HILIKS","Hiliks Technologies","75","89.09"
"software-services","Software services","NSE","CTE","Cambridge Technology","75","157.09"
"software-services","Software services","BSE","RIDDHICORP","Riddhi Corp. Service","71","7.95"
"software-services","Software services","BSE","AMPVOLTS","AMPVOLTS","70","44.97"
"software-services","Software services","BSE","JETKINGQ","Jetking Infotrain","65","--"
"software-services","Software services","NSE","LCCINFOTEC","LCC Infotech","65","--"
"software-services","Software services","NSE","TRUST","Trust Fintech","64","8.17"
"software-services","Software services","BSE","IDENTIXWEB","Identixweb","63","11.74"
"software-services","Software services","NSE","SECURKLOUD","Securekloud Tech.","63","--"
"software-services","Software services","BSE","ARISINT","Aris International","63","--"
"software-services","Software services","NSE","PALREDTEC","Palred Technologies","63","--"
"software-services","Software services","NSE","PARAMATRIX","Paramatrix Tech.","62","23.72"
"software-services","Software services","NSE","HGM","HandsOn GlobalMgmnt.","61","--"
"software-services","Software services","NSE","FMNL","Future MarketNetwork","61","7.76"
"software-services","Software services","BSE","ODYSSEY","Odyssey Technologies","61","16.56"
"software-services","Software services","BSE","BLSINFOTE","BLS Infotech","60","658.95"
"software-services","Software services","BSE","ABGHEAVY","Starlog Enterprises","58","--"
"software-services","Software services","BSE","NEWMKTAVE","New Markets Avenue","57","--"
"software-services","Software services","BSE","ADROITINFO","Adroit Infotech","57","15.93"
"software-services","Software services","BSE","CAPRICORN","Capricorn Systems","55","303.36"
"software-services","Software services","NSE","CADSYS","Cadsys India","51","--"
"software-services","Software services","BSE","YASHINNO","Yash Innoventures","51","--"
"software-services","Software services","BSE","ORCHASP","Orchasp","51","64.9"
"software-services","Software services","BSE","JUPITERIN","Jupiter Infomedia","48","1007.43"
"software-services","Software services","NSE","WEWIN","We Win","47","10.52"
"software-services","Software services","BSE","SOFCOM","Sofcom Systems","46","94.43"
"software-services","Software services","BSE","STARCOM","Starcom Information","46","--"
"software-services","Software services","NSE","SATECH","SA Tech Software","46","21.22"
"software-services","Software services","BSE","INFONATIVE","Infonative Solutions","45","15.77"
"software-services","Software services","BSE","VEDAVAAG","Vedavaag Systems","45","8.73"
"software-services","Software services","BSE","AUSTERE","Austere Systems","44","8.73"
"software-services","Software services","BSE","B2BSOFT","B2B Software Tech.","44","14.24"
"software-services","Software services","BSE","NETLINK","Netlink Solutions(I)","43","21.31"
"software-services","Software services","BSE","EVANS","Evans Electric","42","--"
"software-services","Software services","BSE","LEENEE","Lee & Nee Softwares","40","128.83"
"software-services","Software services","BSE","TTC","Toss the Coin","38","13.97"
"software-services","Software services","BSE","USGTECH","USG Tech Solutions","38","--"
"software-services","Software services","BSE","TRITON","Homre","37","135.2"
"software-services","Software services","BSE","RAMINFO","Ram Info","37","20.08"
"software-services","Software services","BSE","LEX","LEX Nimble Solutions","36","33.79"
"software-services","Software services","BSE","INFORTEC","Informed Tech. India","35","141.1"
"software-services","Software services","BSE","NETTLINX","Nettlinx","35","--"
"software-services","Software services","NSE","GSS","GSS Infotech","35","--"
"software-services","Software services","BSE","PARLEIND","Parle Industries","35","--"
"software-services","Software services","BSE","7TEC","Saven Technologies","34","12.14"
"software-services","Software services","BSE","ACCEDERE","Accedere","34","46.89"
"software-services","Software services","BSE","ACCELERATE","Acceleratebs India","34","53.34"
"software-services","Software services","BSE","IECEDU","IEC Education","33","--"
"software-services","Software services","BSE","SVARTCORP","Swasti Vinayaka Art","33","5.67"
"software-services","Software services","BSE","TELECANOR","TeleCanor Global","32","4.52"
"software-services","Software services","BSE","BODHTREE","Bodhtree Consulting","32","--"
"software-services","Software services","NSE","HRHNEXT","HRH Next Services","31","6.46"
"software-services","Software services","BSE","MUDUNURU","Mudunuru","31","--"
"software-services","Software services","NSE","GTECJAINX","G-Tec JainxEducation","30","--"
"software-services","Software services","BSE","SYLPH","Sylph Industries","30","4.07"
"software-services","Software services","NSE","MINDPOOL","Mindpool Tech.","30","313.84"
"software-services","Software services","BSE","KASHYAP","June Industries","29","--"
"software-services","Software services","BSE","OLATECH","Olatech Solutions","28","16.75"
"software-services","Software services","BSE","TAKYON","Takyon Networks","28","7.55"
"software-services","Software services","NSE","MICROPRO","Micropro Software","27","--"
"software-services","Software services","NSE","QUICKTOUCH","Quicktouch Tech.","27","--"
"software-services","Software services","NSE","VIVO","Vivo Collab Soluns.","27","--"
"software-services","Software services","BSE","ERPSOFT","ERP Soft Systems","27","150.37"
"software-services","Software services","BSE","POBS","PlatinumOne Business","26","7.28"
"software-services","Software services","NSE","AGSTRA","AGS Transact Tech","26","--"
"software-services","Software services","BSE","MEGRISOFT","Megri Soft","26","38.69"
"software-services","Software services","NSE","YUDIZ","Yudiz Solutions","26","--"
"software-services","Software services","BSE","GLOBTIER","Globtier Infotech","26","24.53"
"software-services","Software services","NSE","VERTEXPLUS","Vertexplus Tech.","25","--"
"software-services","Software services","BSE","VAMA","Vama Industries","25","--"
"software-services","Software services","BSE","AHASOLAR","Ahasolar Tech","25","120.28"
"software-services","Software services","BSE","POPULARES","Popular Estate Mgmt.","25","--"
"software-services","Software services","NSE","AILIMITED","Abhishek Integration","24","29.78"
"software-services","Software services","BSE","LOGICIEL","Logiciel Solutions","24","10.41"
"software-services","Software services","NSE","GSTL","Globesecure Tech.","24","--"
"software-services","Software services","BSE","OCTAWARE","Octaware Tech.","23","--"
"software-services","Software services","NSE","TRIDHYA","Tridhya Tech","21","30.9"
"software-services","Software services","BSE","SENINFO","Senthil Infotek","21","--"
"software-services","Software services","NSE","ACEINTEG","ACE Integrated Soln.","19","--"
"software-services","Software services","NSE","UMESLTD","Usha Martin Educatn.","17","42.24"
"software-services","Software services","BSE","INFRONICS","Infronics Systems","17","--"
"software-services","Software services","BSE","COSYN","COSYN","16","148.5"
"software-services","Software services","BSE","RESPONSINF","Response Informatics","16","7.55"
"software-services","Software services","BSE","VANTABIO","Vanta Bioscience","15","136.12"
"software-services","Software services","BSE","OTCO","Otco International","15","613.28"
"software-services","Software services","BSE","NIKSTECH","Niks Technology","15","74.63"
"software-services","Software services","BSE","CONTCHM","Continental Chem.","14","28.36"
"software-services","Software services","BSE","UNITEDINT","United Interactive","13","31.22"
"software-services","Software services","BSE","FGPIND","FGP","13","293.15"
"software-services","Software services","BSE","HITKITGLO","Hit Kit Global Sol","13","146.3"
"software-services","Software services","NSE","EDUCOMP","Educomp Solutions","12","--"
"software-services","Software services","NSE","QUADPRO","Quadpro ITeS","12","59.18"
"software-services","Software services","BSE","SICL","Suvidha Infraestate","12","--"
"software-services","Software services","BSE","SHANGAR","Shangar Decor","12","8.3"
"software-services","Software services","BSE","GROARC","Groarc Industries","12","5.37"
"software-services","Software services","NSE","IKFTECHNO","IKF Technologies","12","--"
"software-services","Software services","BSE","COMPUPN","Computer Point","11","890.04"
"software-services","Software services","BSE","CRPRISK","Patrona Risk Solut.","11","300.16"
"software-services","Software services","BSE","SVAMSOF","Svam Softwares","11","118.41"
"software-services","Software services","BSE","JONJUA","Jonjua Overseas","11","1.42"
"software-services","Software services","BSE","VCU","VCU Data Management","11","186.76"
"software-services","Software services","BSE","SOUTHERNIN","Southern Infoconsult","10","--"
"software-services","Software services","BSE","IPOWER","I Power Solutions","10","--"
"software-services","Software services","BSE","EKENNIS","Ekennis Softw. Serv.","10","--"
"software-services","Software services","NSE","PLADAINFO","Plada Infotech Serv.","9","4.96"
"software-services","Software services","BSE","EUPHORIAIT","Euphoria Inftech (I)","9","6.12"
"software-services","Software services","BSE","IFINSER","Interactive Finl.Ser","9","2.59"
"software-services","Software services","BSE","PSITINFRA","PS IT Infrastructure","8","--"
"software-services","Software services","BSE","UPROTECH","Unipro Technologies","8","--"
"software-services","Software services","NSE","SECURCRED","SecUR Credentials","7","1.39"
"software-services","Software services","BSE","NIHARINF","Nihar Info Global","7","9.82"
"software-services","Software services","BSE","SSLFINANCE","Koiya International","7","--"
"software-services","Software services","BSE","OMNIAX","Omni AxS Software","7","--"
"software-services","Software services","BSE","OONE","ObjectOne Info. Sys","7","75.09"
"software-services","Software services","NSE","MELSTAR","Melstar Informn.Tech","7","0.64"
"software-services","Software services","BSE","FIRSTFIN","First Fintec","7","--"
"software-services","Software services","BSE","MPCOSEMB","Mipco Seamless Rings","7","84.63"
"software-services","Software services","BSE","MAHAVEER","Mahaveer Infoway","7","17.78"
"software-services","Software services","NSE","UNISYSSOFT.","Unisys Software","7","--"
"software-services","Software services","BSE","AJEL","Ajel","7","--"
"software-services","Software services","BSE","SWAGTAM","Swagtam Tradg.& Ser.","6","42.45"
"software-services","Software services","BSE","SPACEINCUBA","Space Incubtrs Tech.","6","--"
"software-services","Software services","BSE","JOINTECAED","Jointeca Education","6","--"
"software-services","Software services","BSE","WITS","Wherrelz IT Solution","6","25.87"
"software-services","Software services","BSE","TRANWAY21","Tranway21 Technolog.","6","62.2"
"software-services","Software services","BSE","UTLINDS","UTL Industries","5","82.67"
"software-services","Software services","BSE","BGLOBAL","BharatiyaGlobal Info","5","1.61"
"software-services","Software services","BSE","ADJIA","Adjia Technologies","5","--"
"software-services","Software services","NSE","ENCORE%C2%A0","Encore Software","5","--"
"software-services","Software services","BSE","SESHACHAL","Antriksh ServiceTech","5","317.49"
"software-services","Software services","NSE","QUINTEGRA","Quintegra Solutions","5","--"
"software-services","Software services","BSE","SHYAMACOMP","Shyama Computronics","4","35.93"
"software-services","Software services","BSE","WOMENNET","Pagaria Energy","4","--"
"software-services","Software services","BSE","INTEGHIT","Integrated Hitech","4","--"
"software-services","Software services","BSE","TSPIRITUAL","T Spiritual World","4","--"
"software-services","Software services","BSE","GTEIT","G-Tech Info Training","3","436.92"
"software-services","Software services","NSE","MYMTECH%C2%A0","MYM Tech.","3","--"
"software-services","Software services","NSE","STERWEB%C2%A0","Sterling Webnet","3","162.07"
"software-services","Software services","BSE","PFLINFOTC","PFL Infotech","3","--"
"software-services","Software services","BSE","VIRGOGLOB","Virgo Global","2","--"
"software-services","Software services","BSE","4THGEN","Fourth Generation","2","--"
"software-services","Software services","BSE","BARONINF","Baron Infotech","2","--"
"software-services","Software services","NSE","INFRAQUEST","Infraquest Inter","2","--"
"software-services","Software services","NSE","NCCFIN","NCC Finance","1","--"
"software-services","Software services","NSE","VENUSUNIVER","Venus Universal","1","--"
"software-services","Software services","NSE","WATSONSOFTW","Watson Software","1","--"
"software-services","Software services","NSE","GOPLEEIN%C2%A0","Goplee Infotech","1","--"
"software-services","Software services","NSE","GENESYS-RE","GENESYS-RE","0","--"
"software-services","Software services","BSE","SFTL","Springform Techno.","0","--"
"software-services","Software services","NSE","GAMIE%C2%A0","Gamma Infoway Exalt","0","--"
"solar-panel","Solar panel","NSE","WAAREEENER","Waaree Energies","93,355","34.58"
"solar-panel","Solar panel","NSE","EMMVEE","Emmvee Photovoltaic","16,111","43.66"
"solar-panel","Solar panel","BSE","VIKRAMSOLR","Vikram Solar","10,903","77.97"
"solar-panel","Solar panel","BSE","BORORENEW","Borosil Renewables","8,591","--"
"solar-panel","Solar panel","NSE","UTLSOLAR","Fujiyama Power Syste","6,384","40.84"
"solar-panel","Solar panel","NSE","WEBELSOLAR","Websol Energy System","4,803","23.62"
"solar-panel","Solar panel","BSE","INA","Insolation Energy","3,470","27.5"
"solar-panel","Solar panel","NSE","ALPEXSOLAR","Alpex Solar","3,083","20.04"
"solar-panel","Solar panel","NSE","SWELECTES","Swelect Energy","1,101","32.59"
"telecom","Telecom","BSE","BHARTIARTL","Bharti Airtel","12,11,533","41.9"
"telecom","Telecom","NSE","IDEA","Vodafone Idea","1,46,263","3.91"
"telecom","Telecom","NSE","INDUSTOWER","Indus Towers","1,00,778","14.09"
"telecom","Telecom","NSE","BHARTIHEXA","Bharti Hexacom","74,300","40.73"
"telecom","Telecom","NSE","TATACOMM","Tata Communications","49,465","52.3"
"telecom","Telecom","NSE","HFCL","HFCL","33,903","59.21"
"telecom","Telecom","NSE","ITI","ITI","27,236","93.01"
"telecom","Telecom","BSE","BBOX","Black Box","13,734","63.14"
"telecom","Telecom","NSE","TEJASNET","Tejas Networks","9,377","--"
"telecom","Telecom","NSE","TTML","Tata Teleservice(Mah","7,462","198.83"
"telecom","Telecom","BSE","PACEDIGITK","Pace Digitek","3,960","13.18"
"telecom","Telecom","BSE","BONDADA","Bondada Engineering","3,240","15.92"
"telecom","Telecom","NSE","VINDHYATEL","Vindhya Telelinks","3,066","12.92"
"telecom","Telecom","NSE","HATHWAY","Hathway Cable & Data","1,885","24.87"
"telecom","Telecom","NSE","MTNL","Mahanagar Telephone","1,699","--"
"telecom","Telecom","NSE","GTLINFRA","GTL Infrastructure","1,576","1.46"
"telecom","Telecom","BSE","VALIANT","Valiant Communicatns","1,484","54.45"
"telecom","Telecom","NSE","JYOTISTRUC","Jyoti Structures","1,323","20.56"
"telecom","Telecom","BSE","STLNETWORK","STL Networks","1,275","--"
"telecom","Telecom","BSE","KRONECOMM","ADC India Communicat","1,107","49.14"
"telecom","Telecom","BSE","SUYOG","Suyog Telematics","965","16.02"
"telecom","Telecom","NSE","ANAWIL","Anawil Wire And Eng.","954","26.04"
"telecom","Telecom","NSE","NEUEON","Neueon Corporation","886","--"
"telecom","Telecom","NSE","SARTELE","Sar Televenture","571","7.95"
"telecom","Telecom","BSE","MODERNMAL","Modern Malleables","495","25.6"
"telecom","Telecom","NSE","KAVDEFENCE","Kavveri Def. Wireles","351","282.86"
"telecom","Telecom","NSE","FROG","Frog Innovations","341","--"
"telecom","Telecom","NSE","RCOM","Reliance Communs.","227","--"
"telecom","Telecom","NSE","GTL","GTL","120","0.13"
"telecom","Telecom","NSE","RTL","Rama Telecom","110","37.72"
"telecom","Telecom","NSE","KDL","Kore Digital","104","2.82"
"telecom","Telecom","BSE","METSL","Maestros Electronics","83","11.42"
"telecom","Telecom","NSE","ACCORD","Accord Synergy","77","57.57"
"telecom","Telecom","BSE","STML","Steelman Telecom","66","--"
"telecom","Telecom","BSE","TELOGICA","Telogica","60","42.05"
"telecom","Telecom","BSE","PUNJCOMMU","Punjab Communication","59","19.73"
"telecom","Telecom","BSE","QUADRANT","Quadrant Televenture","34","--"
"telecom","Telecom","NSE","SHYAMTEL","Shyam Telecom","17","--"
"telecom","Telecom","NSE","UNIINFO","Uniinfo Telecom Serv","13","--"
"telecom","Telecom","BSE","CISTRO","Cistro Telelink","5","--"
"telecom","Telecom","BSE","CITYONLINE","City Online Services","4","--"
"textiles","Textiles","NSE","PAGEIND","Page Industries","42,497","55.64"
"textiles","Textiles","NSE","KPRMILL","K.P.R. Mill","37,220","40.8"
"textiles","Textiles","NSE","LMW","LMW","18,744","107.24"
"textiles","Textiles","BSE","VTL","Vardhman Textiles","17,108","20.18"
"textiles","Textiles","NSE","WELSPUNLIV","Welspun Living","15,603","76.32"
"textiles","Textiles","NSE","ARVIND","Arvind","15,357","37.1"
"textiles","Textiles","NSE","MANYAVAR","Vedant Fashions","12,681","32.86"
"textiles","Textiles","NSE","TRIDENT","Trident","12,567","31.79"
"textiles","Textiles","NSE","PGIL","Pearl Global Inds.","11,453","36.9"
"textiles","Textiles","BSE","SWANCORP","Swan Corp","9,648","35.2"
"textiles","Textiles","NSE","ICIL","Indo Count Inds","8,005","53.06"
"textiles","Textiles","NSE","GARFIBRES","Garware Tech. Fibres","7,506","35.73"
"textiles","Textiles","NSE","KUSUMGAR","Kusumgar","6,484","66.03"
"textiles","Textiles","NSE","ALOKINDS","Alok Industries","5,849","--"
"textiles","Textiles","NSE","GOKEX","Gokaldas Exports","5,586","54.26"
"textiles","Textiles","NSE","LCL","Lohia Corp","5,446","28.17"
"textiles","Textiles","NSE","PDSL","PDS","5,380","45.77"
"textiles","Textiles","BSE","RAYMONDLSL","Raymond Lifestyle","4,360","100.45"
"textiles","Textiles","NSE","SANATHAN","Sanathan Textiles","4,015","66.1"
"textiles","Textiles","BSE","JINDWORLD","Jindal Worldwide","3,692","43.55"
"textiles","Textiles","BSE","FILATEX","Filatex India","3,689","19.3"
"textiles","Textiles","NSE","LUXIND","Lux Industries","3,652","35.18"
"textiles","Textiles","BSE","MAYURUNIQ","Mayur Uniquoters","3,258","15.73"
"textiles","Textiles","NSE","KKCL","Kewal Kiran Clothing","3,229","21.81"
"textiles","Textiles","NSE","NITINSPIN","Nitin Spinners","3,027","14.29"
"textiles","Textiles","NSE","SANGAMIND","Sangam (India)","2,905","23.91"
"textiles","Textiles","BSE","GANECOS","Ganesha Ecosphere","2,864","50.7"
"textiles","Textiles","NSE","SIYSIL","Siyaram Silk Mills","2,858","12.05"
"textiles","Textiles","BSE","KITEX","Kitex Garments","2,689","455.11"
"textiles","Textiles","BSE","SPORTKING","Sportking India","2,587","16.01"
"textiles","Textiles","NSE","SPAL","S.P. Apparels","2,459","23.34"
"textiles","Textiles","NSE","BOMDYEING","Bombay Dyeing & Mfg.","2,401","118.92"
"textiles","Textiles","BSE","SBC","SBC Exports","1,927","76.23"
"textiles","Textiles","NSE","CANTABIL","Cantabil Retail Ind","1,922","19.73"
"textiles","Textiles","NSE","DOLLAR","Dollar Industries","1,574","14.03"
"textiles","Textiles","NSE","INDORAMA","Indo Rama Synthetic","1,531","9.5"
"textiles","Textiles","BSE","AYMSYNTEX","AYM Syntex","1,487","79.24"
"textiles","Textiles","NSE","PASHUPATI","Pashupati Cotspin","1,329","84.92"
"textiles","Textiles","NSE","FAZE3Q","Faze Three","1,319","43.33"
"textiles","Textiles","NSE","CENTENKA","Century Enka","1,317","8.95"
"textiles","Textiles","BSE","RUBYMILLS","Ruby Mills","1,256","28.81"
"textiles","Textiles","BSE","RUPA","Rupa & Company","1,241","16.49"
"textiles","Textiles","BSE","ONEGLOBAL","One Global Service","1,225","17.63"
"textiles","Textiles","NSE","RAJRILTD","Raj Rayon Industries","1,200","34.51"
"textiles","Textiles","BSE","SUNRAKSHAK","Sunrakshakk Inds.","1,130","32.31"
"textiles","Textiles","NSE","GHCLTEXTIL","GHCL Textiles","1,109","11.53"
"textiles","Textiles","NSE","NAHARSPING","Nahar Spinning Mills","1,099","14.51"
"textiles","Textiles","NSE","IRISDOREME","Iris Clothings","1,082","61.55"
"textiles","Textiles","NSE","MONTECARLO","Monte Carlo Fashions","1,038","9.9"
"textiles","Textiles","BSE","SUMEETINDS","Sumeet Industries","1,033","37.51"
"textiles","Textiles","NSE","SWARAJ","Swaraj Suiting","977","18.2"
"textiles","Textiles","BSE","RSWM","RSWM","966","15.25"
"textiles","Textiles","NSE","PRECOT","Precot","959","26.75"
"textiles","Textiles","NSE","HIMATSEIDE","Himatsingka Seide","959","15.47"
"textiles","Textiles","BSE","MAFATIND","Mafatlal Inds.","914","15.5"
"textiles","Textiles","NSE","AMBIKCO","Ambika Cotton Mills","908","11.16"
"textiles","Textiles","BSE","BORANA","Borana Weaves","880","12.78"
"textiles","Textiles","BSE","JAYTEX","Jaybharat Textiles","850","--"
"textiles","Textiles","NSE","SARLAPOLY","Sarla Perform. Fiber","797","411.26"
"textiles","Textiles","NSE","RAJPALAYAM","Rajapalayam Mills","773","6.76"
"textiles","Textiles","NSE","UNITEDPOLY","United Polyfab Guj.","732","26.81"
"textiles","Textiles","NSE","KARNIKA","Karnika Industries","731","23.61"
"textiles","Textiles","NSE","DCMSIL","DCM Shriram Intl.","712","--"
"textiles","Textiles","BSE","GLOSTERLTD","Gloster","703","54.9"
"textiles","Textiles","NSE","CHEVIOT","Cheviot Company","681","9.97"
"textiles","Textiles","BSE","ORBTEXP","Orbit Exports","679","16.08"
"textiles","Textiles","BSE","PORRITSPEN","Voith Paper Fabrics","660","15.91"
"textiles","Textiles","NSE","SUTLEJTEX","Sutlej Textiles&Inds","635","--"
"textiles","Textiles","BSE","CNOVAPETRO","True Green BioEnergy","622","19.84"
"textiles","Textiles","BSE","BIRLACOT","Birla Cotsyn (India)","584","--"
"textiles","Textiles","BSE","VTMLTD","VTM","584","68.44"
"textiles","Textiles","BSE","LAKSHMIMIL","Lakshmi Mills Co","557","--"
"textiles","Textiles","NSE","PASUPTAC","Pasupati Acrylon","545","5.7"
"textiles","Textiles","NSE","NAHARINDUS","Nahar Ind.Enterprise","521","10.15"
"textiles","Textiles","BSE","VIRAT","Virat Industries","517","104.62"
"textiles","Textiles","BSE","MEEIND","Meenakshi India","470","12.02"
"textiles","Textiles","NSE","GRETEX","Gretex Industries","465","315.96"
"textiles","Textiles","BSE","VISHAL","Vishal Fabrics","454","13.07"
"textiles","Textiles","NSE","ABCOTS","AB Cotspin India","444","34.05"
"textiles","Textiles","NSE","DONEAR","Donear Industries","442","10.18"
"textiles","Textiles","NSE","BANSWRAS","Banswara Syntex","418","11.23"
"textiles","Textiles","BSE","SUDITIND","Suditi Industries","416","41.5"
"textiles","Textiles","BSE","ATVOENT","Atvo Enterprises","401","1976.33"
"textiles","Textiles","BSE","MANOMAY","Manomay Tex India","391","19.93"
"textiles","Textiles","BSE","RAGHUSYN","Raghuvir Synthetics","387","--"
"textiles","Textiles","BSE","LUDLOWJUT","Ludlow Jute &Special","383","21.14"
"textiles","Textiles","NSE","GINNIFILA","Ginni Filaments","377","10.69"
"textiles","Textiles","NSE","VARDHACRLC","Vardhman Acrylics","359","8.6"
"textiles","Textiles","BSE","STOVACQ","Stovec Industries","356","59.5"
"textiles","Textiles","BSE","SUPER","Super Sales India","347","32.1"
"textiles","Textiles","NSE","ENCOMPAS","Encompass Design","344","26.43"
"textiles","Textiles","BSE","NDL","Nandan Denim","336","9.14"
"textiles","Textiles","NSE","ASHIMASYN","Ashima","334","--"
"textiles","Textiles","NSE","FORCAS","Forcas Studio","331","24.24"
"textiles","Textiles","NSE","DCMNVL","DCM Nouvelle","330","11.25"
"textiles","Textiles","NSE","AASTHA","Aastha Spintex","330","13.92"
"textiles","Textiles","BSE","BELLACASA","Bella Casa Fashion","324","16.08"
"textiles","Textiles","NSE","PURPLEUTED","Purple United Sales","315","20.74"
"textiles","Textiles","BSE","BINNY","Binny","315","13.81"
"textiles","Textiles","NSE","VGL","Varvee Global","313","25.11"
"textiles","Textiles","BSE","SPICEISLIN","Spice Islands Inds.","305","53.93"
"textiles","Textiles","NSE","SOMATEX","Soma Textiles & Inds","305","34.06"
"textiles","Textiles","NSE","VARDMNPOLY","Vardhman Polytex","303","0.95"
"textiles","Textiles","BSE","BARODARAYN","Baroda Rayon Corpn.","300","13.49"
"textiles","Textiles","NSE","LEMERITE","Le Merite Exports","291","25.09"
"textiles","Textiles","BSE","NUTRICIRCLE","Nutricircle","283","946.84"
"textiles","Textiles","BSE","AXITA","Axita Cotton","280","--"
"textiles","Textiles","NSE","SHREEKARNI","Shree Karni Fabcom","266","17.45"
"textiles","Textiles","BSE","BTTL","Bhilwara Technl.Text","248","--"
"textiles","Textiles","NSE","ESSENTIA","Integra Essentia","247","761.52"
"textiles","Textiles","NSE","SPUNWEB","Spunweb Nonwoven","243","10.55"
"textiles","Textiles","NSE","CPS","CPS Shapers","240","1876.3"
"textiles","Textiles","BSE","RNBDENIMS","R&B Denims","240","14.18"
"textiles","Textiles","NSE","ALPINETEX","Alpine Texworld","236","10.99"
"textiles","Textiles","BSE","MKEXIM","MK Exim (India)","230","12.95"
"textiles","Textiles","NSE","SHREEDHAR","Shreedhar Spinners","229","37.17"
"textiles","Textiles","BSE","TRADEUNO","Game Changers Texfab","228","12.49"
"textiles","Textiles","BSE","RUDRAECO","Rudra Ecovation","220","--"
"textiles","Textiles","NSE","MARALOVER","Maral Overseas","219","10.02"
"textiles","Textiles","NSE","ZODIACLOTH","Zodiac Clothing Co","211","--"
"textiles","Textiles","NSE","SHIVATEX","Shiva Texyarn","210","21.81"
"textiles","Textiles","NSE","BASML","Bannari Amman Spg.","209","9.14"
"textiles","Textiles","BSE","RRIL","RRIL","206","23.77"
"textiles","Textiles","BSE","JATTAINDUS","Jattashankar Inds.","205","199.77"
"textiles","Textiles","BSE","JASCHIND","Jasch Industries","203","13.69"
"textiles","Textiles","BSE","SHAHLON","Shahlon Silk Inds.","194","43.61"
"textiles","Textiles","BSE","SHRIDINESH","Shri Dinesh Mills","193","26.14"
"textiles","Textiles","BSE","ALANSCOTT","Alan Scott Enter.","192","--"
"textiles","Textiles","NSE","VIPCLOTHNG","VIP Clothing","183","18.67"
"textiles","Textiles","BSE","MHLXMIRU","Mahalaxmi Rubtech","182","7.88"
"textiles","Textiles","BSE","WINSOMTX","Winsome Textile Ind.","174","6.13"
"textiles","Textiles","BSE","CANDOUR","Candour Techtex","170","--"
"textiles","Textiles","NSE","SURYALA","Suryalata Spg. Mills","168","4.73"
"textiles","Textiles","BSE","ACTIVE","Active Clothing Co","166","16.55"
"textiles","Textiles","BSE","CALLISTA","Callista Industries","165","--"
"textiles","Textiles","NSE","SDREAMS","SD Retail","165","16.84"
"textiles","Textiles","BSE","INDTERRAIN","Indian Terrain Fash.","162","359.4"
"textiles","Textiles","NSE","DCM","DCM","161","55.55"
"textiles","Textiles","NSE","MODTHREAD","Modern Threads (I)","160","12.25"
"textiles","Textiles","NSE","SRTL","Shree Ram Twistex","158","11.18"
"textiles","Textiles","BSE","FILATFASH","Filatex Fashions","158","55.91"
"textiles","Textiles","BSE","LAL","Lorenzini Apparels","154","27.68"
"textiles","Textiles","NSE","TTL","T.T.","153","295.78"
"textiles","Textiles","BSE","FIL","Fractal Industries","152","11.36"
"textiles","Textiles","NSE","SHRITECH","Shri Techtex","150","7.76"
"textiles","Textiles","BSE","POPEES","Popees Baby Care Ind","147","1598.44"
"textiles","Textiles","BSE","OSIAJEE","Osiajee Texfab","145","26.08"
"textiles","Textiles","NSE","AVIANSH","Avi Ansh Textile","145","112.07"
"textiles","Textiles","NSE","LAGNAM","Lagnam Spintex","142","7.77"
"textiles","Textiles","BSE","SALONA","Salona Cotspin","133","85.35"
"textiles","Textiles","BSE","BENGALT","Bengal Tea & Fabrics","132","20.0"
"textiles","Textiles","NSE","ZENITHEXPO","Zenith Exports","131","57.08"
"textiles","Textiles","NSE","INDIANCARD","Indian Card Clothing","126","33.86"
"textiles","Textiles","BSE","RAJABAH","Raja Bahadur Intnl.","126","100.94"
"textiles","Textiles","NSE","BSL","BSL","126","34.59"
"textiles","Textiles","BSE","PREMCO","Premco Global","126","52.92"
"textiles","Textiles","BSE","APMIN","APM Industries","122","51.0"
"textiles","Textiles","NSE","WEIZMANIND","Weizmann","122","20.7"
"textiles","Textiles","BSE","LAMBODHARA","Lambodhara Textiles","119","9.57"
"textiles","Textiles","BSE","ZBINTXPP","Binayak Tex Process","114","45.95"
"textiles","Textiles","NSE","LOYALTEX","Loyal Textile Mills","113","--"
"textiles","Textiles","BSE","AICHAMP","AI Champdany Inds.","111","62.4"
"textiles","Textiles","BSE","PARMSILK","Parmeshwari SilkMill","110","11.0"
"textiles","Textiles","NSE","SURYALAXMI","Suryalakshmi Cotton","109","27.22"
"textiles","Textiles","BSE","AMARJOTHI","Amarjothi Spg. Mills","105","8.16"
"textiles","Textiles","BSE","JCT","JCT","105","--"
"textiles","Textiles","NSE","LOVABLE","Lovable Lingerie","104","13.0"
"textiles","Textiles","BSE","SURATRAML","Surat Trade & Merc.","103","8.6"
"textiles","Textiles","BSE","VIPPYSP","Vippy Spinpro","103","7.45"
"textiles","Textiles","NSE","KEN","Ken Enterprises","98","6.38"
"textiles","Textiles","BSE","CEENIKEXPO","Ceenik Exports (I)","98","--"
"textiles","Textiles","BSE","RACHIT","Rachit Prints","98","21.44"
"textiles","Textiles","BSE","KGPETRO","KG Petrochem","97","21.7"
"textiles","Textiles","NSE","DIGJAMLMTD","Digjam","96","24.99"
"textiles","Textiles","BSE","TITANIN","Titan Intech","95","17.03"
"textiles","Textiles","BSE","TEXELIN","Texel Industries","94","20.78"
"textiles","Textiles","BSE","ADDIND","Addi Industries","94","38.88"
"textiles","Textiles","BSE","DEEPAKSPIN","Deepak Spinners","93","8.98"
"textiles","Textiles","BSE","BHANDARI","Bhandari Hosiery Exp","93","11.96"
"textiles","Textiles","BSE","ACKNIT","Acknit Industries","92","10.66"
"textiles","Textiles","BSE","RELCHEMQ","Reliance Chemotex","91","16.28"
"textiles","Textiles","NSE","SPLIL","SPL Industries","91","12.92"
"textiles","Textiles","NSE","GLOBE","Globe Enterprises(I)","90","9.85"
"textiles","Textiles","NSE","KAYTEX","Kaytex Fabrics","87","4.98"
"textiles","Textiles","NSE","SELMC","SEL Manufacturing Co","86","--"
"textiles","Textiles","NSE","FIBERWEB","Fiberweb (India)","85","8.45"
"textiles","Textiles","BSE","BHUDEVI","Bhudevi Infra. Proj.","85","735.07"
"textiles","Textiles","NSE","PARASPETRO","Paras Petrofils","81","--"
"textiles","Textiles","NSE","VEEKAYEM","Veekayem Fashion","81","8.08"
"textiles","Textiles","BSE","INDIANACRY","Indian Acrylics","80","--"
"textiles","Textiles","BSE","YAJUR","Yajur Fibres Ltd","79","10.51"
"textiles","Textiles","BSE","ANIRIT","Anirit Ventures","79","--"
"textiles","Textiles","NSE","SIGNORIA","Signoria Creation","79","18.87"
"textiles","Textiles","BSE","SANTETX","Sanrhea Technical","78","13.69"
"textiles","Textiles","BSE","RIBATEX","Riba Textiles","78","9.62"
"textiles","Textiles","BSE","MEERA","Meera Industries","74","75.68"
"textiles","Textiles","NSE","JAKHARIA","Jakharia Fabric","74","22.53"
"textiles","Textiles","BSE","MALA","Shree Balaji (Mala)","72","12.35"
"textiles","Textiles","NSE","NAGREEKEXP","Nagreeka Exports","71","23.11"
"textiles","Textiles","BSE","SKYIND","Sky Industries","71","11.73"
"textiles","Textiles","BSE","BETXIND","Betex India","70","12.32"
"textiles","Textiles","NSE","PIONEEREMB","Pioneer Embroideries","70","114.91"
"textiles","Textiles","BSE","SHANTAI","Shantai Industries","70","--"
"textiles","Textiles","BSE","KAMADGIRI","Kamadgiri Fashion","69","22.84"
"textiles","Textiles","BSE","ASHNOOR","Ashnoor Textile Mill","69","8.08"
"textiles","Textiles","BSE","EVERFIN","Everlon Financials","68","--"
"textiles","Textiles","NSE","SIDDHICOTS","Siddhi Cotspin","68","7.09"
"textiles","Textiles","BSE","GARMNTMNTR","Garment Mantra Life","68","14.09"
"textiles","Textiles","BSE","RIYAASAT","Riyaasat Lifestyle","68","13.16"
"textiles","Textiles","NSE","SHEKHAWATI","Shekhawati Inds.","67","7.63"
"textiles","Textiles","BSE","HARIKANTA","Harikanta Overseas","65","9.17"
"textiles","Textiles","BSE","DAMODARIND","Damodar Industries","65","11.39"
"textiles","Textiles","NSE","MHHL","Mohini Health&Hygien","64","--"
"textiles","Textiles","BSE","SHANTIDENM","Shanti Spintex","62","13.77"
"textiles","Textiles","BSE","LAKHOTIA","Lakhotia Polyesters","58","31.16"
"textiles","Textiles","BSE","ELAND","E-Land Apparel","58","--"
"textiles","Textiles","BSE","MOHITE","Mohite Industries","53","14.59"
"textiles","Textiles","BSE","JAMSHRI","Jamshri Realty","53","--"
"textiles","Textiles","NSE","JAIPURKURT","Nandani Creation","53","27.31"
"textiles","Textiles","NSE","CLCIND","CLC Industries","52","--"
"textiles","Textiles","NSE","SHIVAMILLS","Shiva Mills","52","15.58"
"textiles","Textiles","BSE","MKPMOB","MKP Mobility","51","21.5"
"textiles","Textiles","BSE","GTNIND","GTN Industries","50","--"
"textiles","Textiles","NSE","VINNY","Vinny Overseas","50","53.99"
"textiles","Textiles","NSE","SVPGLOB","SVP Global Textiles","49","0.73"
"textiles","Textiles","NSE","SILKY","Silky Overseas","48","7.04"
"textiles","Textiles","BSE","AREXMIS","Arex Industries","48","4.76"
"textiles","Textiles","BSE","SPRIGHT","Spright Agro","47","--"
"textiles","Textiles","BSE","SHRERAJSYN","Shree Rajasthan Syn.","46","--"
"textiles","Textiles","NSE","CELEBRITY","Celebrity Fashions","46","--"
"textiles","Textiles","BSE","SAMBANDAM","Sambandam Spg. Mills","44","--"
"textiles","Textiles","BSE","SHUBHAM","Shubham Polyspin","44","42.63"
"textiles","Textiles","BSE","VIVAA","Vivaa Tradecom","44","68.48"
"textiles","Textiles","BSE","DHANFAB","Dhanlaxmi Fabrics","43","--"
"textiles","Textiles","BSE","WIREFABR","Wires & Fabriks (SA)","43","143.17"
"textiles","Textiles","BSE","AVAX","Avax Apparels &Orna.","42","14.16"
"textiles","Textiles","BSE","SURBHIN","Surbhi Industries","42","22.3"
"textiles","Textiles","BSE","TIRUFOAM","Tirupati Foam","42","21.57"
"textiles","Textiles","BSE","SRMCL","Sri Ramakrishna Mill","40","1.45"
"textiles","Textiles","BSE","PBMPOLY","PBM Polytex","40","--"
"textiles","Textiles","BSE","GOKAKTEX","Gokak Textiles","40","--"
"textiles","Textiles","BSE","SOURCEIND","Source Industries","40","332.48"
"textiles","Textiles","NSE","VERA","Vera Synthetic","39","10.95"
"textiles","Textiles","NSE","BANG","Bang Overseas","39","6.64"
"textiles","Textiles","BSE","HPCOTTON","HP Cotton Textile","39","12.48"
"textiles","Textiles","BSE","KGDENIM","KG Denim","37","118.77"
"textiles","Textiles","NSE","MORARJEE","Morarjee Textiles","37","--"
"textiles","Textiles","BSE","ANJANI","Anjani Synthetics","37","9.73"
"textiles","Textiles","BSE","MOHITIND","Mohit Industries","36","--"
"textiles","Textiles","BSE","TATIAGLOB","Felix Global Venture","36","6.39"
"textiles","Textiles","BSE","RFIL","Rajnandini Fashion","36","6.07"
"textiles","Textiles","BSE","SURYAAMBA","Suryaamba Spg. Mills","35","11.56"
"textiles","Textiles","BSE","SPENTA","Spenta International","35","--"
"textiles","Textiles","BSE","TTFL","Trident Texofab","33","156.95"
"textiles","Textiles","NSE","EASTSILK","Eastern Silk Inds.","33","--"
"textiles","Textiles","BSE","SWASTIVI","Swasti Vinayaka Syn.","33","10.86"
"textiles","Textiles","BSE","TUSALDAH","Tusaldah","33","--"
"textiles","Textiles","BSE","SUNILTX","Sunil Industries","33","8.65"
"textiles","Textiles","NSE","SUPERSPIN","Super Spinning Mills","32","49.02"
"textiles","Textiles","BSE","AKSHAR","Akshar Spintex","32","--"
"textiles","Textiles","BSE","SIHORA","Sihora Industries","32","32.85"
"textiles","Textiles","BSE","PASUPATSPG","Pasupati Spg. & Wvg.","31","14.18"
"textiles","Textiles","BSE","GINISILK","Gini Silk Mills","31","19.44"
"textiles","Textiles","BSE","KATRSPG","Katare Spg Mills","30","--"
"textiles","Textiles","BSE","SUBSM","Subhash Silk Mills","30","--"
"textiles","Textiles","BSE","CFL","Classic Filaments","30","--"
"textiles","Textiles","BSE","SPARKLEGR","Sparkle Gold Rock","29","6.75"
"textiles","Textiles","BSE","VALSONQ","Valson Industries","29","60.59"
"textiles","Textiles","BSE","GEMSPIN","Gem Spinners","29","--"
"textiles","Textiles","BSE","SKYBIOTECH","Skybiotech Healthcar","29","--"
"textiles","Textiles","BSE","ADITYASPIN","Aditya Spinners","28","88.17"
"textiles","Textiles","NSE","SGL","STL Global","27","--"
"textiles","Textiles","NSE","KSLIND","KSL & Industries","27","--"
"textiles","Textiles","BSE","KONARKSY","Konark Synthetic","27","--"
"textiles","Textiles","BSE","MARIS","Maris Spinners","26","9.95"
"textiles","Textiles","NSE","JETKNIT","Jet Knitwears","26","467.08"
"textiles","Textiles","NSE","LIBAS","Libas Consumer Prod.","26","125.07"
"textiles","Textiles","BSE","HINDMILL","Hindoostan Mills","26","--"
"textiles","Textiles","BSE","RISHYRN","Impera Worldwide","25","--"
"textiles","Textiles","BSE","SALGUTI","Salguti Industries","25","--"
"textiles","Textiles","NSE","PARAMOUNT","Paramount Dye Tec","25","11.44"
"textiles","Textiles","BSE","HARISH","Harish TextileEngine","24","4.25"
"textiles","Textiles","BSE","BLUECHIPT","Blue Chip Tex Inds.","24","125.78"
"textiles","Textiles","NSE","LAXMICOT","Laxmi Cotspin","24","--"
"textiles","Textiles","BSE","ICL","Indo Cotspin","24","--"
"textiles","Textiles","BSE","PWASML","Prakash Wool.&Syn","23","12.58"
"textiles","Textiles","BSE","PADAMCO","Padam Cotton Yarns","23","2.11"
"textiles","Textiles","BSE","COTFAB","United Cotfab","23","6.23"
"textiles","Textiles","NSE","CEDAAR","Cedaar Textile","22","--"
"textiles","Textiles","BSE","LWSKNIT","LWS Knitwear","22","9.33"
"textiles","Textiles","BSE","KEL","Kotia Enterprises","22","--"
"textiles","Textiles","BSE","SBFL","Shree Bhavya Fabrics","22","9.78"
"textiles","Textiles","BSE","ANGEL","Angel Fibers","22","17.31"
"textiles","Textiles","BSE","PRIMEURB","Prime Urban Develop.","22","--"
"textiles","Textiles","BSE","ZENIFIB","Zenith Fibres","21","7.09"
"textiles","Textiles","BSE","PATSPINLTD","Patspin India","21","--"
"textiles","Textiles","BSE","YORKEXP","York Exports","21","3.68"
"textiles","Textiles","BSE","KKSILK","KK Silk Mills","21","4.28"
"textiles","Textiles","BSE","NAPSGLOBAL","NAPS Global India","21","13.75"
"textiles","Textiles","BSE","VJLAXMIE","Veejay Lakshmi Engg","20","--"
"textiles","Textiles","NSE","MFML","Mahalaxmi Fabric","20","--"
"textiles","Textiles","BSE","ADVLIFE","Advance Lifestyles","20","3.16"
"textiles","Textiles","BSE","KLIFESTYL","K-Lifestyle Inds.","19","--"
"textiles","Textiles","BSE","SOUTLAT","Southern Latex","19","66.23"
"textiles","Textiles","BSE","SRMENERGY","SRM Energy","19","--"
"textiles","Textiles","BSE","HISARSP","Hisar Spinning Mills","18","5.57"
"textiles","Textiles","BSE","BHATEXT","Bharat Textile&Proof","18","10.52"
"textiles","Textiles","BSE","KIZI","Kizi Apparels","18","18.11"
"textiles","Textiles","BSE","TACENT","Tacent Projects","17","1438.27"
"textiles","Textiles","BSE","CITYMAN","Cityman","17","--"
"textiles","Textiles","BSE","GUJHYSPIN","Gujarat Hy-Spin","16","345.69"
"textiles","Textiles","BSE","UNIROYAL","Uniroyal Industries","16","69.91"
"textiles","Textiles","BSE","VENTURA","Ventura Textiles","16","--"
"textiles","Textiles","NSE","NEELAM","Neelam Linens&Garmen","16","10.64"
"textiles","Textiles","BSE","VIVIDHA","Visagar Polytex","16","--"
"textiles","Textiles","BSE","KANDAGIRI","Kandagiri Spg Mills","15","--"
"textiles","Textiles","BSE","PRAGBOSIMI","Prag Bosimi Synthet.","15","--"
"textiles","Textiles","BSE","SKL","Super Fine Knitters","15","15.86"
"textiles","Textiles","BSE","SKIEL","SK Intnl. Exports","15","--"
"textiles","Textiles","BSE","VASHISHTHA","Vashishtha Luxury","14","6.87"
"textiles","Textiles","BSE","MAL","Meyer Apparel","14","--"
"textiles","Textiles","BSE","SEASONST","Seasons Textiles","14","84.09"
"textiles","Textiles","BSE","SANTOSHF","Santosh Fine-Fab","13","--"
"textiles","Textiles","BSE","TUNITEX","Tuni Textile Mills","13","13.34"
"textiles","Textiles","BSE","NEWLIGHT","New Light Industries","13","32.04"
"textiles","Textiles","BSE","TITAANIUM","Titaanium Ten Ent.","13","4.02"
"textiles","Textiles","BSE","BINDALEXPO","Bindal Exports","13","45.68"
"textiles","Textiles","NSE","EUROTEXIND","Eurotex Inds.&Export","12","--"
"textiles","Textiles","BSE","KALLAM","Kallam Textiles","12","--"
"textiles","Textiles","BSE","SRINACHA","Sri Nachammai Cotton","12","--"
"textiles","Textiles","BSE","GARWAMAR","Garware Marine Inds.","12","73.36"
"textiles","Textiles","NSE","JIWANRAM","Jiwanram Sheod Inds.","12","12.2"
"textiles","Textiles","BSE","GRAVITY","Gravity India","12","0.61"
"textiles","Textiles","BSE","GARWSYN","Garware Synthetics","11","59.39"
"textiles","Textiles","BSE","ADINATH","Adinath Textiles","11","239.32"
"textiles","Textiles","NSE","SUULD","Suumaya Industries","11","--"
"textiles","Textiles","NSE","FLEXITUFF","Flexituff Ventures","11","--"
"textiles","Textiles","BSE","GHUSHINE","Ghushine Fintrrade","11","885.96"
"textiles","Textiles","BSE","SAMTEX","Samtex Fashions","11","--"
"textiles","Textiles","NSE","GLOBALE","Globale Tessile","11","--"
"textiles","Textiles","BSE","SHRMFGC","Shree Manufacturing","10","--"
"textiles","Textiles","BSE","MIDINDIA","Mid India Inds.","10","33.25"
"textiles","Textiles","BSE","GTNTEX","GTN Textiles","10","--"
"textiles","Textiles","BSE","SLSTLQ","Sri Lak.Sarasw. Text","10","--"
"textiles","Textiles","BSE","MISHDESIGN","Mish Designs","10","--"
"textiles","Textiles","BSE","UNTTEMI","United Leasing&Inds.","10","340.0"
"textiles","Textiles","BSE","SUZLONFIBR","Kush Industries","10","--"
"textiles","Textiles","BSE","PASARI","Pasari Spg Mills","9","30.67"
"textiles","Textiles","BSE","RLF","RLF","9","--"
"textiles","Textiles","BSE","SURYVANSPG","Suryavanshi Spg Mill","8","7.4"
"textiles","Textiles","BSE","SHESHAINDS","Sheshadri Industries","8","1.99"
"textiles","Textiles","BSE","JAGJANANI","Jagjanani Textiles","8","--"
"textiles","Textiles","NSE","KTL","Kalahridhaan Trendz","8","1.04"
"textiles","Textiles","BSE","BILLWIN","Billwin Industries","7","14.41"
"textiles","Textiles","BSE","SUPERTEX","Supertex Industries","7","41.82"
"textiles","Textiles","BSE","PREMSYN","Premier Synthetics","7","--"
"textiles","Textiles","BSE","NUTECGLOB","Nutech Global","7","37.23"
"textiles","Textiles","BSE","ENTRINT","Enterprise Internatl","7","11.9"
"textiles","Textiles","BSE","JAYIND","Jayatma Industries","7","--"
"textiles","Textiles","BSE","GOLCA","Golden Carpets","7","--"
"textiles","Textiles","BSE","SIDDHEGA","Siddheswari Garments","7","294.87"
"textiles","Textiles","BSE","MINAXI","Minaxi Textiles","7","3.93"
"textiles","Textiles","BSE","VIJAYTX","Vijay Textiles","7","--"
"textiles","Textiles","BSE","KIRANSY-B","Kiran Syntex","6","--"
"textiles","Textiles","BSE","NEWTRAC","Newtrac Foods &Bever","6","--"
"textiles","Textiles","BSE","OSWAYRN","Oswal Yarns","6","--"
"textiles","Textiles","BSE","ASYL","Advance Syntex","6","--"
"textiles","Textiles","BSE","PRSNTIN","Prashant India","6","0.95"
"textiles","Textiles","BSE","EUREKAI","Eureka Industries","5","24.63"
"textiles","Textiles","BSE","KAKTEX","Kakatiya Textiles","5","--"
"textiles","Textiles","BSE","UNITEDTE","United Textiles","5","--"
"textiles","Textiles","BSE","OXFORDIN","Oxford Industries","5","23.94"
"textiles","Textiles","NSE","SAHAJ","Sahaj Fashions","5","5.37"
"textiles","Textiles","NSE","SMENER","SM Energy Teknik","4","--"
"textiles","Textiles","BSE","SUNCITYSY","Suncity Synthetics","4","107.79"
"textiles","Textiles","BSE","AANANDALAK","Aananda Lakshmi Spg.","4","2.89"
"textiles","Textiles","BSE","RICHAIND","Richa industries","4","--"
"textiles","Textiles","BSE","ZGAEKWAR","Gaekwar Mills","3","--"
"textiles","Textiles","NSE","RAJVIR","Rajvir Industries","2","--"
"textiles","Textiles","NSE","GANGOTRI","Gangotri Textile","2","--"
"textiles","Textiles","BSE","SYBLY","Sybly Industries","1","--"
"textiles","Textiles","NSE","NACHKNIT","Nachmo Knitex","1","--"
"textiles","Textiles","BSE","ADITRI","Aditri Industries","1","--"
"textiles","Textiles","NSE","WINSOME","Winsome Yarns","0","--"
"tourism-hospitality","Tourism & hospitality","BSE","INDHOTEL","The Indian Hotels Co","1,02,629","47.83"
"tourism-hospitality","Tourism & hospitality","NSE","IRCTC","IRCTC","41,068","29.47"
"tourism-hospitality","Tourism & hospitality","BSE","ITCHOTELS","ITC Hotels","35,046","40.56"
"tourism-hospitality","Tourism & hospitality","NSE","EIHOTEL","EIH","18,670","26.24"
"tourism-hospitality","Tourism & hospitality","NSE","CHALET","Chalet Hotels","18,004","34.09"
"tourism-hospitality","Tourism & hospitality","BSE","TBOTEK","TBO Tek","17,321","65.44"
"tourism-hospitality","Tourism & hospitality","BSE","THELEELA","Leela Palaces Hotels","16,673","37.62"
"tourism-hospitality","Tourism & hospitality","BSE","VENTIVE","Ventive Hospitality","13,815","28.81"
"tourism-hospitality","Tourism & hospitality","NSE","LEMONTREE","Lemon Tree Hotels","8,635","36.78"
"tourism-hospitality","Tourism & hospitality","BSE","IXIGO","Le Travenues Techno","7,877","92.08"
"tourism-hospitality","Tourism & hospitality","BSE","ITDC","Ind Tourism Dev Corp","6,181","75.07"
"tourism-hospitality","Tourism & hospitality","NSE","CORDELIA","Waterways Leisure","5,984","114.76"
"tourism-hospitality","Tourism & hospitality","NSE","THOMASCOOK","Thomas Cook (India)","5,040","23.05"
"tourism-hospitality","Tourism & hospitality","NSE","MHRIL","Mahindra Holi.&Resor","4,553","85.95"
"tourism-hospitality","Tourism & hospitality","BSE","JUNIPER","Juniper Hotels","4,439","31.35"
"tourism-hospitality","Tourism & hospitality","NSE","SAMHI","Samhi Hotels","3,653","7.25"
"tourism-hospitality","Tourism & hospitality","NSE","EASEMYTRIP","Easy Trip Planners","2,574","--"
"tourism-hospitality","Tourism & hospitality","NSE","PARKHOTELS","Apeejay Surrendra","2,534","38.56"
"tourism-hospitality","Tourism & hospitality","BSE","AXISOL","Axis Solution","2,425","77.46"
"tourism-hospitality","Tourism & hospitality","BSE","BRIGHOTEL","Brigade Hotel Ven.","2,262","33.17"
"tourism-hospitality","Tourism & hospitality","NSE","ORIENTHOT","Oriental Hotels","2,258","33.9"
"tourism-hospitality","Tourism & hospitality","NSE","TAJGVK","Taj GVK Hotels","2,220","5.45"
"tourism-hospitality","Tourism & hospitality","NSE","YATRA","Yatra Online","1,856","39.66"
"tourism-hospitality","Tourism & hospitality","NSE","EIHAHOTELS","EIH Associated Hotel","1,783","20.28"
"tourism-hospitality","Tourism & hospitality","BSE","BENARAS","Benares Hotels","1,326","30.2"
"tourism-hospitality","Tourism & hospitality","NSE","ASIANHOTNR","Asian Hotels (North)","1,305","--"
"tourism-hospitality","Tourism & hospitality","BSE","MCCHRLS-B","Mac Charles (India)","891","--"
"tourism-hospitality","Tourism & hospitality","NSE","VHLTD","Viceroy Hotels","874","47.74"
"tourism-hospitality","Tourism & hospitality","NSE","ROHLTD","Royal Orchid Hotels","844","30.52"
"tourism-hospitality","Tourism & hospitality","BSE","UPHOT","UP Hotels","775","24.05"
"tourism-hospitality","Tourism & hospitality","NSE","ADVENTHTL","Advent Hotels Inter.","772","9.07"
"tourism-hospitality","Tourism & hospitality","NSE","AHLWEST","Asian Hotels (West)","583","8.97"
"tourism-hospitality","Tourism & hospitality","BSE","SAYAJIHOTL","Sayaji Hotels","575","--"
"tourism-hospitality","Tourism & hospitality","NSE","KAMATHOTEL","Kamat Hotels (India)","527","13.14"
"tourism-hospitality","Tourism & hospitality","NSE","HLVLTD","HLV","471","98.82"
"tourism-hospitality","Tourism & hospitality","NSE","ADVANIHOTR","Advani Hotel&Resorts","464","19.45"
"tourism-hospitality","Tourism & hospitality","BSE","SINCLAIR","Sinclairs Hotels","394","36.55"
"tourism-hospitality","Tourism & hospitality","BSE","SHILINDORE","Sayaji Hotel(Indore)","326","41.79"
"tourism-hospitality","Tourism & hospitality","NSE","APOLSINHOT","Apollo SindooriHotel","319","38.34"
"tourism-hospitality","Tourism & hospitality","NSE","RHL","Robust Hotels","292","11.84"
"tourism-hospitality","Tourism & hospitality","NSE","SUBAHOTELS","Suba Hotels","270","15.01"
"tourism-hospitality","Tourism & hospitality","NSE","WTICAB","Wise Travel India","266","9.04"
"tourism-hospitality","Tourism & hospitality","NSE","GCHOTELS","Grand ContinentHotel","249","20.04"
"tourism-hospitality","Tourism & hospitality","NSE","VOLERCAR","Voler Car","247","74.89"
"tourism-hospitality","Tourism & hospitality","BSE","INTLTRAVHS","Intl Travel House","245","14.21"
"tourism-hospitality","Tourism & hospitality","NSE","AHLEAST","Asian Hotels (East)","244","--"
"tourism-hospitality","Tourism & hospitality","BSE","SHPLPUNE","Sayaji Hotels (Pune)","230","11.07"
"tourism-hospitality","Tourism & hospitality","NSE","GRAVISSHO","Graviss Hospitality","216","5400.0"
"tourism-hospitality","Tourism & hospitality","NSE","GIRRESORTS","GIR NatureviewResort","202","--"
"tourism-hospitality","Tourism & hospitality","BSE","CCHHL","Country Club & Hosp.","201","--"
"tourism-hospitality","Tourism & hospitality","BSE","SAVERA","Savera Industries","199","18.3"
"tourism-hospitality","Tourism & hospitality","BSE","TRADWIN","Trade-Wings","186","77.68"
"tourism-hospitality","Tourism & hospitality","BSE","HBGHOTELS","HBG Hotels","172","62.22"
"tourism-hospitality","Tourism & hospitality","BSE","BYKE","The Byke Hospitality","168","24.76"
"tourism-hospitality","Tourism & hospitality","BSE","CHLLTD","CHL","153","14.04"
"tourism-hospitality","Tourism & hospitality","BSE","AUTOINT","Autoriders Interntl.","105","11.64"
"tourism-hospitality","Tourism & hospitality","BSE","TRANSCOR","Transcorp Intnatl.","77","8.09"
"tourism-hospitality","Tourism & hospitality","BSE","ECOHOTELS","Eco Hotels & Resorts","76","--"
"tourism-hospitality","Tourism & hospitality","BSE","JUNGLECAMP","Jungle Camps India","73","17.98"
"tourism-hospitality","Tourism & hospitality","NSE","TSC","TSC India","70","19.02"
"tourism-hospitality","Tourism & hospitality","NSE","SAJHOTELS","Saj Hotels","69","24.74"
"tourism-hospitality","Tourism & hospitality","BSE","GUJHOTE","Gujarat Hotels","69","12.12"
"tourism-hospitality","Tourism & hospitality","BSE","RAYALEMA","Royale Manor Hotels","57","23.81"
"tourism-hospitality","Tourism & hospitality","BSE","MEGACOR","Mega Corporation","55","60.41"
"tourism-hospitality","Tourism & hospitality","BSE","GROWINGTON","Growington Ventures","54","12.52"
"tourism-hospitality","Tourism & hospitality","BSE","MACH","MAC Hotels","53","158.43"
"tourism-hospitality","Tourism & hospitality","NSE","BLUECOAST","Blue Coast Hotels","49","--"
"tourism-hospitality","Tourism & hospitality","BSE","ROOPSHRI","Roopshri Resorts","49","109.12"
"tourism-hospitality","Tourism & hospitality","BSE","JINDHOT","Jindal Hotels","45","14.98"
"tourism-hospitality","Tourism & hospitality","BSE","HELLOJI","Helloji Holidays","39","31.49"
"tourism-hospitality","Tourism & hospitality","BSE","LGT","LGT Global Hospital","38","8.18"
"tourism-hospitality","Tourism & hospitality","BSE","YAANENT","Yaan Enterprises","37","46.12"
"tourism-hospitality","Tourism & hospitality","BSE","PECOS","Pecos Hotels & Pubs","33","20.13"
"tourism-hospitality","Tourism & hospitality","BSE","BESTEAST","Best Eastern Hotels","32","--"
"tourism-hospitality","Tourism & hospitality","BSE","RELIABVEN","Reliable Ventures","29","--"
"tourism-hospitality","Tourism & hospitality","BSE","NHL","Naturewings Holidays","29","18.63"
"tourism-hospitality","Tourism & hospitality","NSE","TGBHOTELS","TGB Banquets & Hotel","27","18.84"
"tourism-hospitality","Tourism & hospitality","BSE","ARUNASUGAR","Aruna Hotels","26","31.6"
"tourism-hospitality","Tourism & hospitality","BSE","AJWAFUN","Ajwa Fun World & Res","25","0.5"
"tourism-hospitality","Tourism & hospitality","BSE","UHMVL","UHM Vacation","24","3.77"
"tourism-hospitality","Tourism & hospitality","BSE","RASRESOR","Ras Resorts & Apart","23","40.19"
"tourism-hospitality","Tourism & hospitality","BSE","VALINDIA","Valencia India","23","10.64"
"tourism-hospitality","Tourism & hospitality","BSE","VELHO","Velan Hotels","23","--"
"tourism-hospitality","Tourism & hospitality","BSE","WESTLEIRES","West Leisure Resorts","23","--"
"tourism-hospitality","Tourism & hospitality","BSE","HAVISHA","Sri Havisha Hospital","21","--"
"tourism-hospitality","Tourism & hospitality","BSE","TRAVELS","Travels & Rentals","20","6.07"
"tourism-hospitality","Tourism & hospitality","BSE","CINDHO","Cindrella Hotels","18","93.86"
"tourism-hospitality","Tourism & hospitality","BSE","HOTLSILV","HS India","17","9.64"
"tourism-hospitality","Tourism & hospitality","BSE","HOWARHO","Howard Hotels","17","161.25"
"tourism-hospitality","Tourism & hospitality","NSE","UNIVAFOODS","Univa Foods","12","177.4"
"tourism-hospitality","Tourism & hospitality","BSE","LORDSHOTL","Lords Ishwar Hotels","11","89.16"
"tourism-hospitality","Tourism & hospitality","BSE","TATIASKYLN","Ashram Online.Com","6","--"
"tourism-hospitality","Tourism & hospitality","BSE","SAILANI","Sailani Tours N Trvl","5","22.14"
"tourism-hospitality","Tourism & hospitality","BSE","SILVERPRL","Silver Pearl Hospit.","4","31.41"
"tourism-hospitality","Tourism & hospitality","BSE","MHSGRMS","Mahasagar Travels","4","--"
"trading","Trading","NSE","ADANIENT","Adani Enterprises","4,03,409","54.19"
"trading","Trading","NSE","REDINGTON","Redington","26,569","15.62"
"trading","Trading","BSE","LLOYDSENT","Lloyds Enterprises","11,858","105.6"
"trading","Trading","NSE","MMTC","MMTC","9,668","21.61"
"trading","Trading","BSE","SGMART","SG Mart","9,042","72.72"
"trading","Trading","BSE","EBGNG","GNG Electronics","6,522","45.79"
"trading","Trading","NSE","JSLL","Jeena Sikho Lifecare","6,372","26.94"
"trading","Trading","BSE","ENTERO","Entero Healthcare","6,175","49.24"
"trading","Trading","NSE","RPTECH","Rashi Peripheral","5,665","17.76"
"trading","Trading","BSE","OPTIEMUS","Optiemus Infracom","5,038","69.33"
"trading","Trading","NSE","MSTCLTD","MSTC","4,147","18.98"
"trading","Trading","BSE","NOVARTIND","Novartis India","3,937","40.27"
"trading","Trading","BSE","ELITECON","Elitecon Intl.","2,711","8.77"
"trading","Trading","NSE","SIRCA","SIRCA Paints India","2,479","36.99"
"trading","Trading","BSE","VINCOFE","Vintage Coffee & Bev","2,143","27.21"
"trading","Trading","BSE","AAYUSHBULL","Aayush Art & Bullion","1,904","241.24"
"trading","Trading","NSE","CNL","Creative Newtech","1,812","26.11"
"trading","Trading","BSE","IVALUE","Ivalue Infosolutions","1,556","15.01"
"trading","Trading","BSE","KETOMOTORS","Keto Motors","1,516","--"
"trading","Trading","NSE","AEROENTER","Aeroflex Enterprises","1,464","9.72"
"trading","Trading","NSE","IMPAL","India MotorParts&Acc","1,337","13.66"
"trading","Trading","BSE","SOBME","Sobhagya Mercantile","1,217","55.21"
"trading","Trading","BSE","TCC","TCC Concept","1,213","18.42"
"trading","Trading","BSE","ROBU","Macfos","1,194","45.21"
"trading","Trading","NSE","ORIENTTECH","Orient Technologies","1,184","424.79"
"trading","Trading","BSE","JOJO","JOJO","1,114","198.31"
"trading","Trading","BSE","YSL","The Yamuna Syndicate","965","10.57"
"trading","Trading","BSE","ASGARD","Asgard Alcobev","955","988.78"
"trading","Trading","BSE","RRPDEFENSE","RRP Defense","905","--"
"trading","Trading","NSE","HEXATRADEX","Hexa Tradex","868","--"
"trading","Trading","NSE","TVSELECT","TVS Electronics","847","--"
"trading","Trading","BSE","SMTEL","SMT Engineering","803","34.81"
"trading","Trading","NSE","ZUARIIND","Zuari Industries","789","7.31"
"trading","Trading","NSE","MVGJL","Manoj Vaibhav Gems","761","6.24"
"trading","Trading","NSE","VIESL","Vision Infra Equip.","752","22.09"
"trading","Trading","NSE","CHEMBONDCH","Chembond Chemicals","740","19.34"
"trading","Trading","NSE","STCINDIA","State Trading Corpn.","701","1.09"
"trading","Trading","NSE","DENTALKART","Vasa Denticity","684","58.92"
"trading","Trading","NSE","CELLECOR","Cellecor Gadgets","674","17.01"
"trading","Trading","NSE","UNIENTER","Uniphos Enterprises","668","32.24"
"trading","Trading","NSE","FOCE","Foce India","653","43.67"
"trading","Trading","BSE","BIZOTIC","Bizotic Commercial","623","34.46"
"trading","Trading","NSE","SHIVAUM","Shiv Aum Steels","611","84.91"
"trading","Trading","BSE","BLACKROSE","Black Rose Inds.","557","19.45"
"trading","Trading","NSE","SREEL","Sreeleathers","552","19.2"
"trading","Trading","BSE","BPAGRI","Blue Pearl Agriven.","548","522.14"
"trading","Trading","BSE","RIDDHI","Riddhi Siddhi Gluco","545","--"
"trading","Trading","BSE","ARVAYA","Arvaya Healthcare","540","--"
"trading","Trading","BSE","MANBRO","KD Green Industries","532","922.39"
"trading","Trading","NSE","MUFTI","Credo Brands Mktg","523","7.65"
"trading","Trading","BSE","AERPACE","Aerpace Industries","510","--"
"trading","Trading","BSE","OSWALAGRO","Oswal Agro Mills","502","--"
"trading","Trading","NSE","GPECO","GP Eco Solutions","502","12.52"
"trading","Trading","BSE","BALGOPAL","Balgopal Commercial","481","--"
"trading","Trading","BSE","FRATELLI","Fratelli Vineyards","463","--"
"trading","Trading","BSE","VERITAS","Veritas (India)","456","23.13"
"trading","Trading","NSE","OMAXAUTO","Omax Autos","445","10.99"
"trading","Trading","NSE","VINYLINDIA","Vinyl Chemicals (I)","442","23.67"
"trading","Trading","NSE","KOTHARIPRO","Kothari Products","421","13.65"
"trading","Trading","BSE","TEJASSVI","Tejassvi Aaharam","413","--"
"trading","Trading","BSE","PQIF","Polo Queen Indl.&Fin","405","157.68"
"trading","Trading","NSE","HCL-INSYS","HCL Infosystems","386","--"
"trading","Trading","BSE","RGIL","Rotographics (India)","380","432.31"
"trading","Trading","BSE","EMERALL","Emerald Leisures","379","--"
"trading","Trading","NSE","MANAKSIA","Manaksia","379","7.23"
"trading","Trading","BSE","ASTALLTD","Astal Laboratories","379","46.67"
"trading","Trading","BSE","MISHTANN","Mishtann Foods","370","2.08"
"trading","Trading","BSE","AGRIBIO","Agribio Spirits","347","86.08"
"trading","Trading","BSE","NETWORK","Swiss Military Cons.","342","45.29"
"trading","Trading","BSE","HALDER","Halder Venture","340","11.84"
"trading","Trading","BSE","OMNITEX","Omnitex Industries","334","--"
"trading","Trading","BSE","MARBLE","Marble City India","322","74.9"
"trading","Trading","BSE","PIPAN","Pipan Oils","321","--"
"trading","Trading","BSE","VEGA","Vega Jewellers","315","10.45"
"trading","Trading","NSE","DYNAMIC","Dynamic Services","311","7.2"
"trading","Trading","BSE","ACLD","Aelea Commodities","293","13.76"
"trading","Trading","BSE","EVEXIA","Evexia Lifecare","283","176.51"
"trading","Trading","BSE","GUJJUBHAI","Gujjubhai Industries","281","54.28"
"trading","Trading","BSE","KDML","Khemani Distributors","275","20.06"
"trading","Trading","NSE","APRAMEYA","Aprameya Engineering","267","52.34"
"trading","Trading","BSE","CHANDRIMA","Chandrima Mercantile","263","43.95"
"trading","Trading","NSE","SAKUMA","Sakuma Exports","260","27.36"
"trading","Trading","BSE","SHIVTEXCHEM","Shiv Texchem","260","3.35"
"trading","Trading","BSE","SRD","Shankar Lal Rampal","258","19.13"
"trading","Trading","NSE","SSDL","Saraswati Saree Dep.","257","11.0"
"trading","Trading","BSE","INTEGFD","Integrated Proteins","254","1123.23"
"trading","Trading","NSE","QMSMEDI","QMS Medi Allied Ser.","246","36.69"
"trading","Trading","NSE","SILKFLEX","Silkflex Polymers(I)","244","20.07"
"trading","Trading","BSE","SICAGEN","Sicagen India","243","11.87"
"trading","Trading","NSE","ESCONET","Esconet Technologies","233","37.81"
"trading","Trading","BSE","SIZEMASTER","Sizemasters Tech.","233","57.75"
"trading","Trading","BSE","A1L","A-1","230","26.93"
"trading","Trading","NSE","VISAMAN","Visaman Global Sales","229","37.79"
"trading","Trading","NSE","SPCENET","Spacenet Enterprises","216","13.42"
"trading","Trading","NSE","EQUIPPP","Equippp SocialImpact","214","118.74"
"trading","Trading","NSE","BCONCEPTS","Brand Concepts","214","197.28"
"trading","Trading","NSE","DHARIWAL","Dhariwalcorp","212","24.64"
"trading","Trading","BSE","NOVELIX","Novelix Pharma","208","81.27"
"trading","Trading","BSE","NSL","Northern Spirits","207","7.62"
"trading","Trading","NSE","JMA","Jullundur Motor Agen","203","6.82"
"trading","Trading","BSE","SWADEIN","Swadeshi Inds.&Leas.","202","118.75"
"trading","Trading","BSE","SIGIND","Signet Industries","200","12.37"
"trading","Trading","BSE","ABANSENT","ABans Enterprises","198","6.18"
"trading","Trading","BSE","QUESTFLOW","Quest Flow Controls","197","--"
"trading","Trading","BSE","AMRAPLIN","Amrapali Industries","196","15.72"
"trading","Trading","NSE","YANTRA","Yantra Natural Res","195","457.14"
"trading","Trading","BSE","MAXIMUS","Maximus Internatl.","194","20.9"
"trading","Trading","BSE","AVIVA","Aviva Industries","194","103.55"
"trading","Trading","BSE","DHOOTIN","Dhoot Industrial Fin","189","3.39"
"trading","Trading","NSE","AUSOMENT","Ausom Enterprise","188","9.66"
"trading","Trading","BSE","STRATMONT","Stratmont Industries","177","67.63"
"trading","Trading","BSE","PARSHVA","Parshva Enterprises","172","674.32"
"trading","Trading","BSE","ACHYUT","Achyut Healthcare","170","536.77"
"trading","Trading","BSE","EMERGENT","Emergent Ind. Solu.","167","130.66"
"trading","Trading","BSE","METROGLOBL","Metroglobal","167","9.02"
"trading","Trading","BSE","AVI","AVI Polymers","165","8.14"
"trading","Trading","BSE","VEL","Vaxfab Enterprise","164","45.11"
"trading","Trading","BSE","RAMAVISION","Rama Vision","162","23.22"
"trading","Trading","BSE","SHRAAITECH","Shradha AI Tech.","153","15.88"
"trading","Trading","NSE","KAMOPAINTS","Kamdhenu Ventures","151","745.95"
"trading","Trading","BSE","ABATEAS","Abate AS Industries","149","17.41"
"trading","Trading","BSE","EY","Eyantra Ventures","144","--"
"trading","Trading","BSE","ACEMEN","ACE Men Engg Works","141","--"
"trading","Trading","BSE","INLCM","RRP Electronics Ind.","139","--"
"trading","Trading","BSE","AARNAV","Aarnav Fashions","139","15.23"
"trading","Trading","BSE","NAGTECH","Nagarjuna Agri Tech","138","231.41"
"trading","Trading","BSE","CHEMTECH","Chemtech Industrial","138","27.41"
"trading","Trading","NSE","SIDDHIKA","Siddhika Coatings","137","13.2"
"trading","Trading","BSE","LAHOTIOV","Lahoti Overseas","132","8.32"
"trading","Trading","BSE","WHBRADY","WH Brady & Co","131","26.52"
"trading","Trading","BSE","MTPL","Marg Techno Project","130","130.95"
"trading","Trading","NSE","POSITRON","Positron Energy","129","6.43"
"trading","Trading","NSE","SIL","Standard Industries","125","2.02"
"trading","Trading","BSE","MCPL","Manoj Ceramic","120","9.97"
"trading","Trading","BSE","KEMP","Kemp & Company","117","--"
"trading","Trading","BSE","BHILSPIN","Bhilwara Spinners","115","12.86"
"trading","Trading","BSE","TCIIND","TCI Industries","113","322.01"
"trading","Trading","NSE","THACKER","Thacker & Company","111","5.8"
"trading","Trading","NSE","LANDSMILL","Landsmill Green","110","117.18"
"trading","Trading","NSE","KCK","Kck Industries","104","243.93"
"trading","Trading","BSE","MRP","MRP Agro Ltd.","104","25.73"
"trading","Trading","BSE","RISHIROOP","Rishiroop","101","9.4"
"trading","Trading","BSE","ASHNI","Ashnisha Industries","99","402.56"
"trading","Trading","BSE","MRCAGRO","MRC Agrotech","95","81.27"
"trading","Trading","BSE","ARL","Anand Rayons","95","8.74"
"trading","Trading","BSE","GOYALALUM","Goyal Aluminiums","91","29.44"
"trading","Trading","BSE","CRAVATEX","Cravatex","90","13.27"
"trading","Trading","NSE","RAJLXIN%C2%A0","Rajlaxmi Industries","88","--"
"trading","Trading","BSE","PRITHVISOF","Prithvi Exchange (I)","83","41.53"
"trading","Trading","BSE","COSCO","Cosco India","81","80.14"
"trading","Trading","BSE","FERVENTSYN","Fervent Synergies","80","21.98"
"trading","Trading","BSE","BINNYMILLS","Binny Mills","79","--"
"trading","Trading","BSE","EFORU","Eforu Entertainment","76","86.97"
"trading","Trading","BSE","YUVRAAJHPL","Yuvraaj Hygiene Prod","74","22.27"
"trading","Trading","NSE","SLONE","Slone Infosystems","73","8.12"
"trading","Trading","BSE","SHINEFASH","Shine Fashion (I)","71","24.38"
"trading","Trading","NSE","UMAEXPORTS","Uma Exports","70","83.68"
"trading","Trading","BSE","SEML","Sunrise Effnt. Mkt.","68","6.85"
"trading","Trading","BSE","FILTRA","Filtra Consultants","66","17.66"
"trading","Trading","BSE","MISHKA","Mishka Exim","65","33.26"
"trading","Trading","BSE","GEL","Gautam Exim","63","284.4"
"trading","Trading","BSE","RRMETAL","RR Metalmakers India","62","--"
"trading","Trading","BSE","GANVERSE","Ganesha Ecoverse","61","--"
"trading","Trading","NSE","NEWJAISA","Newjaisa Tech","61","--"
"trading","Trading","BSE","ARMAN","Arman Holdings","60","63.19"
"trading","Trading","BSE","DANUBE","Danube Industries","59","43.29"
"trading","Trading","NSE","ABMINTLLTD","ABM International","59","--"
"trading","Trading","NSE","ANMOL","Anmol India","59","5.09"
"trading","Trading","BSE","DHANROTO","Dhanalaxmi Roto Spin","59","8.64"
"trading","Trading","NSE","SYNOPTICS","Synoptics Techno.","57","13.97"
"trading","Trading","BSE","FORINTL","Fortune Internatl.","55","12.09"
"trading","Trading","BSE","PANTH","Panth Infinity","55","1.41"
"trading","Trading","BSE","ASHOKALCO","Aeonx Digital Techno","53","--"
"trading","Trading","BSE","HIRAUTO","Hira Automobiles","53","263.08"
"trading","Trading","BSE","RAMGOPOLY","Ramgopal Polytex","53","--"
"trading","Trading","NSE","FCONSUMER","Future Consumer","52","--"
"trading","Trading","BSE","YASHCHEM","Yash Chemex","51","25.34"
"trading","Trading","BSE","CCAL","City Crops Agro","51","--"
"trading","Trading","BSE","ROYAL","Royal Sense","51","7.11"
"trading","Trading","BSE","ECOFINITY","Ecofinity Atomix","50","14.75"
"trading","Trading","BSE","SIMANDHAR","Simandhar Impex","47","6714.32"
"trading","Trading","BSE","ROSEMER","Rose Merc.","46","8.18"
"trading","Trading","BSE","CCLINTER","CCL International","46","48.43"
"trading","Trading","BSE","IFL","IFL Enterprises","44","--"
"trading","Trading","BSE","AUREATE","Aureate Tradde","44","8.27"
"trading","Trading","BSE","GRAMEVA","Grameva","42","13.97"
"trading","Trading","BSE","NVENTURES","Nanavati Ventures","42","575.11"
"trading","Trading","BSE","ATMAIND","Atma Industries","41","--"
"trading","Trading","BSE","RONI","Roni Households","40","--"
"trading","Trading","NSE","MITTAL","Mittal Life Style","40","13.39"
"trading","Trading","NSE","RADGLOBAL","Radford Global","39","321.43"
"trading","Trading","BSE","ALFAVIO","Alfavision Overseas","38","271.66"
"trading","Trading","BSE","KGVL","Khyati Global Vent","36","5.81"
"trading","Trading","BSE","RRETAIL","Rajnish Retail","36","116.43"
"trading","Trading","BSE","ASHOKAMET","Ashoka Metcast","35","3.22"
"trading","Trading","BSE","CHMBBRW","Chambal Breweries","34","--"
"trading","Trading","BSE","RSCINT","RSC International","33","--"
"trading","Trading","BSE","JAIHIND","Jaihind Industries","33","1813.3"
"trading","Trading","NSE","SUNREST","Sunrest Lifescience","33","7.92"
"trading","Trading","BSE","CONTILI","Contil India","32","13.49"
"trading","Trading","BSE","BIOGEN","Biogen Pharmachem","31","--"
"trading","Trading","BSE","CENTUPLE","Centuple Global","31","20.67"
"trading","Trading","BSE","AMITSEC","Amit Securities","31","58.05"
"trading","Trading","NSE","PHOGLOBAL","Phoenix Overseas","31","8.92"
"trading","Trading","NSE","CELLPOINT","Cell Point (India)","31","493.83"
"trading","Trading","BSE","GUJCOTEX","Gujarat Cotex","30","--"
"trading","Trading","BSE","CHANDRAP","Chandra Prabhu Intl.","30","3.36"
"trading","Trading","BSE","AAPLUSTRAD","AA Plus Tradelink","30","66.49"
"trading","Trading","BSE","YARNSYN","Yarn Syndicate","30","--"
"trading","Trading","BSE","KKPLASTICK","Kkalpana Plastick","29","--"
"trading","Trading","BSE","PGCRL","Pearl Green Clubs","29","35.7"
"trading","Trading","NSE","AGUL","AG Universal","29","354.48"
"trading","Trading","BSE","SATTVASUKU","Sattva SukunLifecare","29","--"
"trading","Trading","NSE","AKG","AKG Exim","28","75.86"
"trading","Trading","BSE","RANJEET","Ranjeet Mechatronics","28","83.37"
"trading","Trading","BSE","MIL","Medico Intercont.","28","--"
"trading","Trading","NSE","VCL","Vaxtex Cotfab","28","5.38"
"trading","Trading","NSE","AGARWALFT","Agarwal Float Glass","28","19.03"
"trading","Trading","BSE","SUPHA","Supha Pharmachem","27","12.84"
"trading","Trading","BSE","SINNAR","Sinnar Bidi Udyog","27","--"
"trading","Trading","BSE","PRABHHANS","Prabhhans Industries","27","20.23"
"trading","Trading","BSE","SAMSRITA","Samsrita Labs","27","--"
"trading","Trading","BSE","LONGSPUR","Longspur Intl. Vent.","26","52.92"
"trading","Trading","BSE","JOHNPHARMA","Johnson Pharmacare","26","--"
"trading","Trading","NSE","QVCEL","QVC Exports","26","7.8"
"trading","Trading","BSE","AMS","AMS Polymers","25","51.49"
"trading","Trading","BSE","HEALTHYLIFE","Healthy Life Agritec","25","6.34"
"trading","Trading","BSE","INNOVATIVE","Innovative Ideals","25","--"
"trading","Trading","BSE","FRANKLININD","Franklin Industries","25","--"
"trading","Trading","BSE","STANDRDBAT","Standard Batteries","24","--"
"trading","Trading","BSE","JAIPAN","Jaipan Industries","23","6.67"
"trading","Trading","BSE","SARTHAKIND","Sarthak Industries","23","6.72"
"trading","Trading","BSE","ASIANTNE","Asian Tea & Exports","23","40.16"
"trading","Trading","BSE","LAFFANSQ","Laffans Petrochem","23","--"
"trading","Trading","BSE","NEERAJ","Neeraj Paper Market.","23","44.94"
"trading","Trading","BSE","LESHAIND","Lesha Industries","22","155.19"
"trading","Trading","BSE","GLAAMUP","Glaam Up Jwel","22","186.78"
"trading","Trading","BSE","RAMAPETRO","Rama Petrochemicals","21","--"
"trading","Trading","NSE","ASPIRE","Aspire & Innovative","21","8.18"
"trading","Trading","BSE","TRIOMERC","Trio Mercantile","21","--"
"trading","Trading","BSE","INDAGIV","Ind Agiv Commerce","21","--"
"trading","Trading","BSE","PCL","Prospect Consumer","21","8.53"
"trading","Trading","BSE","DIDL","Dalmia Indl. Develop","20","306.52"
"trading","Trading","BSE","SHREMETAL","Shree Metalloys","20","14.12"
"trading","Trading","BSE","MAHACORP","Maharashtra Corpn.","20","--"
"trading","Trading","NSE","SHRENIK","Shrenik","20","288.0"
"trading","Trading","BSE","OPCHAINS","OP Chains","20","19.71"
"trading","Trading","BSE","REGENTRP","Regent Enterprises","20","4.99"
"trading","Trading","BSE","MAITRI","Maitri Enterprises","20","32.88"
"trading","Trading","BSE","RUCHISTRIP","IMEC Services","19","3.12"
"trading","Trading","BSE","7NR","7NR Retail","19","13.68"
"trading","Trading","BSE","DAVIN","Davin Sons Retail","19","24.08"
"trading","Trading","NSE","SHUBHLAXMI","Shubhlaxmi Jewel Art","19","18.29"
"trading","Trading","BSE","ASRL","Add-Shop E-Retail","19","17.76"
"trading","Trading","BSE","HEMANG","Hemang Resources","18","--"
"trading","Trading","BSE","MADSUDIND","Madhusudan Inds.","18","33.53"
"trading","Trading","BSE","SAWACA","Sawaca Enterprises","18","--"
"trading","Trading","BSE","APIL","AVI Products India","17","--"
"trading","Trading","BSE","SHREE","Shree Marutinandan","17","4.84"
"trading","Trading","BSE","ALCHCORP","Alchemist Corporatn.","17","--"
"trading","Trading","BSE","NMSGLOBAL","NMS Global","16","22.49"
"trading","Trading","NSE","KAUSAMBI","Golden Bull Research","16","88.97"
"trading","Trading","BSE","TAPARIA","Taparia Tools","16","0.11"
"trading","Trading","BSE","GETALONG","Getalong Enterprise","16","23.63"
"trading","Trading","BSE","PIOTEX","Piotex Industries","16","24.51"
"trading","Trading","BSE","ZENLABS","Zenlabs Ethica","16","--"
"trading","Trading","BSE","TAIIND","Tai Industries","16","166.0"
"trading","Trading","BSE","MANGLAM","Manglam Global Corp.","16","48.37"
"trading","Trading","BSE","LELAVOIR","Le Lavoir","16","9.49"
"trading","Trading","BSE","SAENTER","South Asian Enterp.","16","--"
"trading","Trading","BSE","BRISK","Brisk Technovision","15","14.41"
"trading","Trading","BSE","SIMPLXMIL","Simplex Mills Co.","15","--"
"trading","Trading","BSE","PALMJEWELS","PALM Jewels","15","15.18"
"trading","Trading","BSE","TIRUPATIIN","Tirupati Innovar","15","22.57"
"trading","Trading","BSE","ASIAPAK","Asia Pack","15","62.26"
"trading","Trading","BSE","PMTELELIN","PM Telelinks","15","--"
"trading","Trading","BSE","RAJKSYN","Rajkamal Synthetics","15","58.42"
"trading","Trading","NSE","MONOPHARMA","Mono Pharmacare","14","39.29"
"trading","Trading","BSE","AURUS","Aurus Gem Corp","14","--"
"trading","Trading","BSE","SAMYAKINT","Samyak International","14","--"
"trading","Trading","BSE","SANBLUE","Sanblue Corporation","14","75.1"
"trading","Trading","BSE","PANABYTE","Panabyte Technologie","13","104.99"
"trading","Trading","BSE","JMGCORP","JMG Corporation","13","--"
"trading","Trading","BSE","DPL","Dipna Pharmachem","13","4.84"
"trading","Trading","BSE","DML","Diggi Multitrade","13","--"
"trading","Trading","BSE","SARTHAKGL","Sarthak Global","12","1093.36"
"trading","Trading","BSE","WHITEORG","White Organic Agro","12","12.78"
"trading","Trading","BSE","NORTHLINK","Northlink Fiscal&Cap","12","106.44"
"trading","Trading","NSE","SHANTHALA","Shanthala FMCG Prod.","12","12.84"
"trading","Trading","BSE","GOBLIN","Goblin India","12","5.03"
"trading","Trading","BSE","MITSHI","Mitshi India","11","1511.09"
"trading","Trading","BSE","DKUAL","Dolphin Kitchen Uten","11","3.11"
"trading","Trading","BSE","DHYAANITR","Dhyaani Trdventur.","11","160.08"
"trading","Trading","BSE","ELEFLOR","Elegant Flori. &Agro","11","5.15"
"trading","Trading","BSE","ADHHATA","Adhata Global","11","--"
"trading","Trading","BSE","SCARNOSE","Scarnose Internatl.","11","1885.36"
"trading","Trading","BSE","NATURAL","Natural Biocon (I)","11","--"
"trading","Trading","BSE","GLCL","Globe Commercials","11","1.3"
"trading","Trading","BSE","SHASHANK","Shashank Traders","11","--"
"trading","Trading","BSE","MIHIKA","Mihika Industries","10","127.56"
"trading","Trading","BSE","COMPINFO","Compuage Infocom","10","--"
"trading","Trading","BSE","ADISHAKTI","Afloat Enterprises","9","9355.71"
"trading","Trading","BSE","ROJL","RO Jewels","9","2131.36"
"trading","Trading","BSE","SHGANEL","Shree Ganesh Elasto.","9","--"
"trading","Trading","BSE","VKGLOBAL","VK Global Industries","9","66.41"
"trading","Trading","BSE","KCDGROUP","KCD Industries India","9","--"
"trading","Trading","BSE","DEVINE","Devine Impex","9","111.42"
"trading","Trading","BSE","AMFORGEIND","Amforge Industries","9","87.5"
"trading","Trading","BSE","SRUSTEELS","SRU Steels","9","5.12"
"trading","Trading","BSE","STDSHOE","Standard Shoe Sole","9","--"
"trading","Trading","BSE","UNIOFFICE","Universal OfficeAuto","9","--"
"trading","Trading","BSE","SHIVA","Shivansh Finserve","9","21.08"
"trading","Trading","BSE","KONNDOR","Konndor Industries","8","12.56"
"trading","Trading","BSE","HARIAEXPO","Haria Exports","8","87.66"
"trading","Trading","BSE","VIVANZA","Vivanza Biosciences","8","16.74"
"trading","Trading","BSE","HARIAAPL","Haria Apparels","8","11.01"
"trading","Trading","BSE","AIHL","Ambassador IntraHold","8","--"
"trading","Trading","BSE","INDOEURO","Indo Euro Indchem","8","25.49"
"trading","Trading","BSE","FRASER","Fraser and Co","8","--"
"trading","Trading","BSE","SHVSUIT","Shiva Suitings","8","--"
"trading","Trading","BSE","REETECH","Reetech Internatl.","7","16.32"
"trading","Trading","BSE","VOLLF","Voltaire Lsg. & Fin.","7","--"
"trading","Trading","BSE","GANONPRO","Ganon Products","7","13.62"
"trading","Trading","BSE","PEETISEC","Peeti Securities","7","89.07"
"trading","Trading","BSE","NYSSACORP","Nyssa Corporation","7","--"
"trading","Trading","BSE","AMBIT","Ambitious Plasto Co","7","42.53"
"trading","Trading","BSE","SIROHIA","Sirohia & Sons","7","239.51"
"trading","Trading","BSE","LEXORAA","Lexoraa Industries","7","--"
"trading","Trading","BSE","IGCIL","IGC Industries","7","--"
"trading","Trading","BSE","PARKERAC","Parker Agrochem Exp.","7","8.28"
"trading","Trading","BSE","OLYOI","Olympic Oil Inds.","7","--"
"trading","Trading","BSE","RISAINTL","RISA International","7","--"
"trading","Trading","BSE","ATHARVENT","Atharv Enterprises","7","37.09"
"trading","Trading","BSE","MYSTICELE","Mystic Electronics","7","15.36"
"trading","Trading","BSE","WWALUM","Worldwide Aluminium","7","129.9"
"trading","Trading","BSE","AMRAAGRI","Amraworld Agrico","6","--"
"trading","Trading","BSE","AMANAYA","Amanaya Ventures","6","29.91"
"trading","Trading","BSE","ASHAI","Ashiana Agro Inds.","6","108.33"
"trading","Trading","BSE","TRIVENIENT","Triveni Enterprises","6","41.48"
"trading","Trading","BSE","AUDROC","Audroc","6","30.44"
"trading","Trading","BSE","BRAWN","Brawn Biotech","6","6.47"
"trading","Trading","BSE","MODWOOL","Modella Woollens","6","--"
"trading","Trading","BSE","PADMAIND","Padmanabh Industries","6","20.7"
"trading","Trading","BSE","VEERKRUPA","Veerkrupa Jewellers","6","37.11"
"trading","Trading","BSE","PRIYADYES","Priya","6","1.37"
"trading","Trading","BSE","DELTA","Delta Industrial Res","6","--"
"trading","Trading","BSE","MUKTA","Mukta Agriculture","6","12.75"
"trading","Trading","NSE","ZANUKCOM","Anukaran Comml.Enter","5","10.78"
"trading","Trading","BSE","CHDCHEM","CHD Chemicals","5","--"
"trading","Trading","BSE","EVOQ","EVOQ Remedies","5","--"
"trading","Trading","BSE","NATURO","Naturo AgrotechIndia","5","--"
"trading","Trading","BSE","MCLTD","Munoth Communication","5","--"
"trading","Trading","BSE","OMKAR","Omkar Overseas","5","--"
"trading","Trading","BSE","AMITINT","Amit International","5","--"
"trading","Trading","BSE","SYMBIOX","Symbiox Inv.& Tradig","5","36.26"
"trading","Trading","BSE","PATRON","Patron Exim","5","--"
"trading","Trading","BSE","DWL","Dhruv Wellness","5","231.86"
"trading","Trading","BSE","SUNRETAIL","Sun Retail","5","--"
"trading","Trading","BSE","GRANDMA","Grandma Trdg.&Agency","5","--"
"trading","Trading","BSE","SWORDEDGE","Sword-Edge Comml.","5","--"
"trading","Trading","BSE","VASUDHAGAM","Vasudhagama Enter.","4","304.0"
"trading","Trading","BSE","LONTE","Longview Tea Co","4","--"
"trading","Trading","BSE","SIMPLXPAP","Simplex Papers","4","--"
"trading","Trading","BSE","RCL","Radhagobind Commrcl.","3","--"
"trading","Trading","BSE","RAMASIGNS","Ramasigns Industries","3","--"
"trading","Trading","BSE","SNIM","Svarnim Trade Udyog","3","--"
"trading","Trading","BSE","UNITINT","Unitech Internatl.","3","--"
"trading","Trading","NSE","PELTD","Positive Electronics","3","49.07"
"trading","Trading","NSE","DAZZEL%C2%A0","Dazzel Confindive","3","316.67"
"trading","Trading","BSE","SUUMAYA","Suumaya Corporation","2","--"
"trading","Trading","BSE","OMNIPOTENT","Omnipotent Inds.","1","--"
"trading","Trading","BSE","PAEL","Aurique","1","2.37"
"trading","Trading","NSE","GENUSCOMMT","Genus Comm Trade","1","--"
"trading","Trading","BSE","DGL","Diksha Greens","1","--"
"trading","Trading","NSE","NAISARG","Naisargik Agritech","1","--"
"trading","Trading","NSE","SUNITEECHEM","Sunitee Chemicals","1","--"
