Symbol,Series,LTP,%chng,Mkt Cap (₹ Crores),Volume (Lakhs),Value (₹ Crores)
SSRETAIL,EQ,748.8,20,5568.64,457.36,3074.57
HDFCBANK,EQ,737.25,-0.18,1136596.22,231.97,1715.46
OLAELEC,EQ,41.82,10.69,19356,3901.78,1617.68
ELECON,EQ,466.3,10.88,10463.77,309.87,1433.55
CUPID,EQ,275.25,6.6,37011.79,526.38,1413.21
HEROMOTORS,EQ,98.4,20,4469.48,1398.43,1276.21
PCJEWELLER,EQ,14.48,6.63,14105.09,8674.41,1248.25
GLASSWALL,EQ,282.7,-8.6,2485.93,351.96,1045.12
RELIANCE,EQ,1248,0.61,1688860.83,83.52,1041.75
MANINDS,EQ,1000.3,17.7,7503.21,106.91,1018.67
ATHERENERG,EQ,1499.4,-2.88,59150.31,66.87,1001.99
KANOHAR,EQ,911.1,4.66,7214.71,107.97,973.11
BSE,EQ,3270.7,1.1,133406.65,27.97,908.82
BAJFINANCE,EQ,1043.2,3.41,649456.08,86.19,891.02
WOCKPHARMA,EQ,2333,6.75,37907.88,38.35,886.73
WHIRLPOOL,EQ,865.25,20,10977.59,107.53,879.51
OPTIEMUS,EQ,830.8,17.2,7415.81,106.28,869.93
RAYMONDREL,EQ,669.25,13.53,4455.45,128.02,847.54
BLUESTONE,EQ,850,-8.64,12986.19,92.2,799.22
BANDHANBNK,EQ,191.38,3.62,30834.14,418.45,796.47
M&M,EQ,3035,-0.31,377411,26,789.52
MARINE,EQ,428.5,4.14,5996.62,190.64,778.8
SAIL,EQ,185.44,6.57,76596.46,416.16,759.15
TATASTEEL,EQ,190.82,3.16,238210.67,397.98,754.38
MCX,EQ,3374,3.41,86034.25,22.5,745.47
PINELABS,EQ,189.1,-4.29,21819.46,370.96,715.7
MEESHO,EQ,237,-1.33,109641.43,292.56,690.51
BHARTIARTL,EQ,1833.2,0.88,1144008.65,36.98,676.13
ICICIBANK,EQ,1340,0.03,961849.55,47.58,637.05
SOLARINDS,EQ,19730,-0.8,178536.88,3.16,633.46
ETERNAL,EQ,342.65,0.19,330669.26,183.6,628.81
IFCI,EQ,79.95,5.28,21541.04,775.13,607.93
IDFCFIRSTB,EQ,87.9,2.96,75789.1,645.18,569.31
ESDS,EQ,1733.7,0.51,20320.87,30.49,544.64
SWIGGY,EQ,278.5,-1.95,76874.73,187.49,526.45
INFY,EQ,1020.5,-0.86,414142.62,51.09,521.26
TMCV,EQ,450.3,2.32,165836,115.33,512.48
HINDALCO,EQ,1003.8,3.17,225576.6,51.59,511.56
TRANSRAILL,EQ,491.5,3.01,6598.68,103.97,503.53
RAYMOND,EQ,1125,0.72,7489.54,44.61,494.54
WELCORP,EQ,2796.5,2.38,73769.05,17.4,489.27
VAML,EQ,438,2.97,171275,111.94,488.96
DIVISLAB,EQ,9624,2.91,255486.96,4.89,465.34
TCS,EQ,2089.6,-0.73,756035.57,22.28,465.25
POLICYBZR,EQ,1886.3,4.5,87289.05,24.78,463.59
SBIN,EQ,994.1,0.72,917630.53,45.22,448.69
ARVSMART,EQ,628,6.77,2882.33,66.51,430.72
PAYTM,EQ,1775,-2.17,113885.39,24.1,428.6
RENTOMOJO,EQ,517.6,-1.39,5388.98,78.82,425.65
SUZLON,EQ,42.39,-1.42,58267.54,993.23,418.74
ADANIPOWER,EQ,204.8,-1.04,394950.55,202.7,415.5
360ONE,EQ,1108,3.21,45158.15,36.42,404.92
IDEA,EQ,14.52,1.75,157314.09,2721.41,391.61
PFC,EQ,346,0.06,114183.52,111.5,387.48
KEI,EQ,4722.5,3.22,45147.38,8.09,380.17
APOLLOHOSP,EQ,9069,2.64,130398.31,4.2,376.88
TITAN,EQ,4880,-0.98,433239.65,7.7,376.21
LT,EQ,3929.9,1.64,540712.97,9.45,370.55
INDOMIM,EQ,1251.65,1.49,61891.7,28.64,362.93
SILVERBEES,EQ,220.29,0.01,32024.85,162.19,359.87
KOTAKBANK,EQ,413.25,0.15,411086.89,86.28,357.26
TVSMOTOR,EQ,4135,-0.12,196448.52,8.63,356.52
SHANTIGOLD,EQ,284.5,10.25,2183.24,125.82,355.49
ITC,EQ,270.15,1.64,338561.69,131.42,353.48
HCLTECH,EQ,1256.7,-1.08,341026.29,27.24,343.93
NTPC,EQ,326,-0.55,316111.32,105.25,343.91
ENGINERSIN,EQ,306.25,1.22,17212.55,112.29,340.44
COALINDIA,EQ,424.55,-0.81,261638.63,79.56,337.64
MPIMANIPAL,EQ,371.95,9.85,8621.97,88.36,336.91
LALITHAA,EQ,352.9,5,19752.16,95.1,333.92
LENSKART,EQ,686.2,-0.76,119351.19,47.85,328.38
AHCL,EQ,29.87,3.5,1587.64,1130.9,328.3
LIQUIDBEES,EQ,1000,0,10260.93,32.53,325.29
HINDCOPPER,EQ,512.8,0.91,49588.99,61.41,316.47
VEDL,EQ,271,3.04,105971.52,117.35,315.4
SHRIRAMFIN,EQ,1010.8,0.48,237839.58,29.16,294.47
INDIGO,EQ,5028.5,-0.03,194435.3,5.82,293.11
MOLBIO,EQ,1309,3.58,15084.92,21.93,287.88
AXISBANK,EQ,1243.2,0.04,387069.63,22.88,285.07
KAYNES,EQ,3458,0.09,23180.58,8.05,278.73
LAURUSLABS,EQ,2034,1.37,109899.51,13.64,276.14
AARTIPHARM,EQ,935.05,5.8,8479.02,29.46,276.01
WELSPUNLIV,EQ,223.5,0.9,21115.22,120.79,273.59
EKC,EQ,114.05,13.13,1279.73,238.55,272.28
MARUTI,EQ,12230,0.33,384514.35,2.2,268.79
BEL,EQ,396.05,-0.46,289503.79,67.32,267.87
MOTISONS,EQ,18.9,4.77,2149.89,1442.51,266.87
COFORGE,EQ,1782.4,-1.14,78938.66,14.74,264.21
NETWEB,EQ,4726.5,-1.88,28097.88,5.5,262.19
SONACOMS,EQ,833,2.97,51989.9,31.84,262.09
BIKAJI,EQ,593,7.11,14868.67,43.79,260.92
ADANIENT,EQ,2993.2,-0.13,405108.72,8.55,256.6
SANSERA,EQ,4619,0.71,28824.21,5.46,253.52
INDUSINDBK,EQ,959.3,0.45,74742.95,26.26,252.64
DIXON,EQ,13200,0.89,80745.17,1.92,252.52
GVT&D,EQ,4417,1.59,113095.75,5.67,249.37
RATNAVEER,EQ,331.5,-0.24,2782.16,74.95,248.12
GROWW,EQ,188.69,-0.26,118376.49,128.92,243.47
ULTRACEMCO,EQ,11155,1.41,328714.62,2.18,242.79
HINDZINC,EQ,595.45,0.84,251596.62,40.65,242.61
RADICO,EQ,4601.9,3.44,61657.36,5.28,242.48
SYRMA,EQ,1719,-1.31,33147.56,14,241.63
PFOCUS,EQ,334.2,-6.5,26026.62,68.86,235.97
APARINDS,EQ,17920,-1.72,75035.23,1.3,235.39
TRENT,EQ,2774,-0.32,147918.64,8.4,233.23
IIFL,EQ,638.25,3.35,27241.27,36.08,227.91
OLECTRA,EQ,1278.9,5.07,10497.31,17.82,227.19
NATIONALUM,EQ,363.45,3.19,66752.38,62.49,224.8
GABRIEL,EQ,1427,-3.02,25290.72,15.33,223.1
CLEANMAX,EQ,1454,6.33,17091.68,15.5,222.82
BHEL,EQ,423.1,-0.63,147326.1,52.44,221.36
MOTILALOFS,EQ,1042.5,3.53,62860.37,20.97,219.33
FEDDERSHOL,EQ,67.3,3.86,1355.53,329.53,217.69
CHOLAFIN,EQ,1774,0.85,151511.31,12.27,217.44
EDELWEISS,EQ,142.48,0.94,13486.32,152.12,217.3
ADANIPORTS,EQ,1807.3,0.69,416394.53,11.85,213.71
VMM,EQ,106,1.89,49658.97,199.78,212.21
POWERINDIA,EQ,31150,-0.84,138842.91,0.68,212.13
FILATEX,EQ,108,6.86,4795.83,194.96,212.08
JAYKAY,EQ,213.3,12.56,2779.02,99.5,211.22
ONGC,EQ,236.9,0.33,298026.81,89.13,210.28
ARCIL,EQ,148.7,7.05,4831.22,142.51,209.58
GNA,EQ,597,6.29,2562.97,35.95,209.17
HAL,EQ,4836,0.75,323419.59,4.33,209.1
ANANTRAJ,EQ,632,3.59,22744.22,33.29,208.3
TEMPSENS,EQ,568,5.75,4761.7,36.39,205.45
PERSISTENT,EQ,5240,-2.35,82661,3.89,204.92
NAUKRI,EQ,1297,-0.54,84100.15,15.5,202.36
MUTHOOTFIN,EQ,2856.5,0.88,114679.47,7.11,201.98
GRAPHITE,EQ,816.6,-1.35,15954.37,23.58,197.29
IKS,EQ,1927.8,3.14,33075.87,10.12,196.77
LIQUIDCASE,EQ,116.04,0.01,10628.77,168.87,195.96
CANBK,EQ,126,2.52,114290.21,155.97,195.4
DHOOTTRANS,EQ,1610.6,-2.58,32944.51,11.67,192.65
INDUSTOWER,EQ,384.8,0.71,101516.5,49.79,192.06
RHIM,EQ,388.9,2.56,8030.84,48.59,190.98
POLYCAB,EQ,8417,0.8,126837.11,2.26,190.62
REDINGTON,EQ,397.95,-3.02,31110.71,46.62,190.55
AGIIL,EQ,268,-0.41,3349.93,70.02,190.24
APOLLO,EQ,403.95,-0.63,15010.76,46.69,190.15
OFSS,EQ,10849,-1.27,94476.48,1.74,189.76
LTF,EQ,310,1.67,77696.93,59.26,183.64
VBL,EQ,436.15,1.43,147527.5,42.05,183.29
LLOYDSENGG,EQ,91.63,6.88,13532.8,201.5,182.02
BAJAJ-AUTO,EQ,11400,0.33,313276.38,1.59,180.26
WIPRO,EQ,164.9,-0.66,163332.38,108.57,178.97
EMAMILTD,EQ,392,0.51,17110.8,44.67,178.81
UPL,EQ,553.15,-1.21,46695.23,32.12,178.01
GOLDBEES,EQ,124.75,-0.2,58024.67,142.1,177.67
JSWSTEEL,EQ,1297.8,2.43,317371.02,13.56,175.16
LICHSGFIN,EQ,572.5,1.33,31491.11,30.09,172.55
HINDUNILVR,EQ,1950,0.84,458170.3,8.7,169.53
RECLTD,EQ,311.5,1.43,82024.93,54.49,169.45
FEDERALBNK,EQ,331.3,1.31,81882.24,51.37,168.38
PATANJALI,EQ,409.45,1.35,44552.61,41.18,168.37
SUNPHARMA,EQ,1865,1.01,447465.43,9.03,167.75
KROSS,EQ,279.41,9.09,1802.46,61.05,167.67
HEROMOTOCO,EQ,5394,0.39,107956.17,3.05,164.62
POWERGRID,EQ,270.2,1.6,251302.32,61.14,164.61
AUBANK,EQ,1053,1.6,79079.22,15.65,164.36
DLF,EQ,675,0.82,167083.76,24.26,163.85
DMART,EQ,3834.8,1.53,250123.29,4.27,163.58
AUROPHARMA,EQ,1721.5,1.26,99051.3,9.51,162.52
JIOFIN,EQ,232.15,0.63,153291.93,69.49,161.11
DATAPATTNS,EQ,4435,-1.11,24828.89,3.62,160.61
KALYANKJIL,EQ,584.25,0.2,60338.48,27.41,160.49
EICHERMOT,EQ,7470,0.58,205067.71,2.15,160.24
LICI,EQ,407.5,0.73,515487.31,39.44,159.57
TFCILTD,EQ,141,0.14,6527.98,111.04,157.12
JAINREC,EQ,303.15,4.09,10461.28,51.75,157.09
RBLBANK,EQ,428,1.13,66410.3,36.52,155.85
SYMBIOTEC,EQ,1062,-5.25,6824,14.44,155.75
LODHA,EQ,1162.5,1.62,116172.7,13.28,154.63
SUBEXLTD,EQ,22.25,14.87,1250.46,709.6,154.48
TORNTPHARM,EQ,4985,1.01,189608.59,3.1,153.38
NOCIL,EQ,206.19,6.34,3443.89,73.85,151.91
BHARATFORG,EQ,2004,-0.25,95794.94,7.59,151.9
PNB,EQ,118.3,1.11,135961.52,128.41,151.74
ABDL,EQ,656,1.25,18348.99,23.19,151.51
CHENNPETRO,EQ,1384.7,-0.52,20619.76,10.82,151.28
LUMINO,EQ,109.69,1.31,3340.65,138.02,150.96
PAISALO,EQ,90.49,-3.15,8272.14,163.8,150.1
ONEPOINT,EQ,68.16,7.85,1792.18,218.31,149.55
GLENMARK,EQ,2475,0.55,69850.61,5.97,147.66
JYOTICNC,EQ,1102,1.63,25062.03,13.38,146.77
NAVINFLUOR,EQ,8463,0.3,43408.74,1.74,146.14
SHADOWFAX,EQ,284.4,0.48,16691.09,50.97,145.75
ACUTAAS,EQ,3265,1.6,26730.92,4.48,144.97
TMPV,EQ,300.5,0.15,110678.34,46.84,141.07
TDPOWERSYS,EQ,763,0.87,23840.46,18.42,140.86
TEGA,EQ,2079,0.48,15619.05,6.71,140.65
TECHNOCRAF,EQ,474,3.61,1877.33,29.57,140.29
LLOYDSME,EQ,1895,2.02,106670.87,7.39,140.1
BAJAJFINSV,EQ,1846.5,1.27,295820.63,7.47,138.16
MOREPENLAB,EQ,122.45,2.86,6709.69,112.66,137.84
LUPIN,EQ,2102.8,-1.51,96153.87,6.49,136.31
KPIGREEN,EQ,347.15,0.2,6862.18,38.84,134.62
DELHIVERY,EQ,435,0.99,32594.31,30.88,134.01
BANKBARODA,EQ,236.87,1.08,122494.06,56.57,133.65
LGEINDIA,EQ,1688.8,1.51,114631.08,7.86,133.28
ANTELOPUS,EQ,1163,4.74,4093.83,11.39,132.45
TECHM,EQ,1557,0.35,152606.83,8.51,132.03
MILKYMIST,EQ,317.25,5,24423.28,41.64,131.43
INOXWIND,EQ,75.02,-3.7,12965.24,171.84,130.8
GRASIM,EQ,3188.5,1.93,216989.45,4.12,130.3
ROLEXRINGS,EQ,182.66,5.89,4791.78,70.85,129.22
ADANIENSOL,EQ,1380,-0.12,168767.72,9.34,128.91
PHOENIXLTD,EQ,1993.2,2.04,71292.35,6.39,127.43
ZYDUSLIFE,EQ,1170.1,0.67,116717.92,10.88,126.93
LTM,EQ,4085,-1.76,121169.81,3.05,125.38
ACMESOLAR,EQ,455.3,-0.73,32183.99,27.19,123.94
JSWINFRA,EQ,363.6,-1.09,84718.86,33.38,121.95
MANAPPURAM,EQ,320.4,0.34,30096.33,38.02,121.76
KTKBANK,EQ,343,3.47,12978.67,35.67,121.18
MVELECTRO,EQ,866.05,-1.29,2362.82,13.75,120.25
VOGL,EQ,35.88,2.49,14030.47,334.08,119.9
DRREDDY,EQ,1211.2,0.02,101093.93,9.87,119.84
MOTHERSON,EQ,164.4,1.63,173507.99,72.87,119.58
CGPOWER,EQ,895,-0.12,141002.78,13.29,119.39
GMRAIRPORT,EQ,99.14,0.8,104681.69,120.89,119.18
DELTACORP,EQ,68.85,11.46,1843.6,178.02,119.15
MAXHEALTH,EQ,1059.9,0.32,103161.15,11.23,119.05
HBLENGINE,EQ,764,-0.41,21177.69,15.29,118.33
CUMMINSIND,EQ,5010,0.96,138877.2,2.36,118.05
MINDSPACE,RR,502.41,-0.47,33259.21,23.21,117.22
GNFC,EQ,622.5,3.98,9147.06,18.95,117.12
PROTEAN,EQ,640,3.12,2599.76,18.82,117.12
PWL,EQ,136.3,-0.04,39595.27,85.3,116.8
CPPLUS,EQ,3831.9,5,45331.54,3.06,116.76
SAMBHV,EQ,157.59,3.72,4643.73,74.38,116.72
JINDALSTEL,EQ,1175.3,3.01,119890.95,9.95,116.64
TATACAP,EQ,350,2.61,148570.42,33.31,115.45
WHEELS,EQ,2243,3.17,5480.32,5.1,115.08
HDFCLIFE,EQ,561.5,0.41,121990.87,20.19,113.63
MARKSANS,EQ,347.15,4.26,15731.58,33.17,113.49
STLTECH,BE,863,2.79,44350.54,12.92,110.22
UNITDSPR,EQ,1441,3.08,104811.26,7.68,109.72
YESBANK,EQ,23.24,0.17,72946.4,461.35,107.26
SKYGOLD,EQ,792,-1.31,12266.01,13.26,106.85
CGCL,EQ,268.9,0.69,25872.32,39.24,106.48
ICICIGI,EQ,1500.6,1.39,74971.22,7.09,105.64
BIOCON,EQ,395,1.28,64372.92,26.66,105.18
KARAMTARA,EQ,365.65,0.15,11767.45,28.96,105.15
ZEEL,EQ,77.39,-1.05,7433.46,134.01,104.1
MAHABANK,EQ,84.11,2.08,64693.55,122.82,102.97
BRITANNIA,EQ,4929,0.22,118723.98,2.07,102.63
PNBHOUSING,EQ,1138.5,1.15,29692.53,8.96,101.96
UNIONBANK,EQ,180,1.12,137404.9,56.82,101.93
ARIHANTCAP,EQ,95.35,4.79,1045.16,105.57,101.54
JSWENERGY,EQ,521,0.58,95524.45,19.23,100.49
RUBICON,EQ,1679,0.47,27792.81,6.01,99.92
SUPRIYA,EQ,1002,6.7,8064.38,10.08,99.92
PGIL,EQ,1309.8,9.62,12100.07,7.68,98.32
ASIANPAINT,EQ,2455,0.27,235483.06,3.99,98.06
HFCL,BE,216.48,-2.07,33134.48,44.19,96.38
CAMS,EQ,723.9,2.83,17983.01,13.34,95.99
INDHOTEL,EQ,743.7,1.01,105860.65,12.95,95.98
CENTUM,EQ,4806,-1.08,7094.62,1.96,95.64
NMDC,EQ,82,2.24,72092.9,116.99,95.34
TI,EQ,602.4,4.83,14907.83,15.94,94.7
NESTLEIND,EQ,1387.2,1.71,267495.76,6.86,94.67
JPPOWER,EQ,16.06,-0.68,11006.65,581.82,93.96
MRPL,EQ,166.55,1.28,29189.53,55.93,93.73
EBGNG,EQ,713,2.99,8129.02,12.93,92.91
EMMVEE,EQ,332,-2.28,22985.86,27.93,92.73
VEDPOWER,EQ,33.3,7.18,13021.59,282.56,92.71
HSCL,EQ,667.2,-0.34,33665.19,13.73,92.1
URBANCO,EQ,173,-0.69,26679.72,52.82,91.98
UNOMINDA,EQ,1223.1,-0.24,70629.87,7.43,91.85
WAAREEENER,EQ,2512,0.69,72258.02,3.65,91.7
ICIL,EQ,474.2,5.64,9391.74,19.25,91.18
IOC,EQ,138.15,0.25,195084.91,66.02,91.07
MANIPALHOS,EQ,760.6,1.94,100047.59,12.02,90.97
SBILIFE,EQ,1760,0.21,176589.52,5.13,90.3
CIPLA,EQ,1383,-0.08,111726.82,6.51,89.7
POONAWALLA,EQ,479,1.5,42179.57,18.81,89.59
USHAMART,EQ,535.5,0.79,16318.92,16.81,89.36
FORTIS,EQ,894,-0.28,67493.26,9.89,88.23
VOLTAS,EQ,1130,2.65,37389.98,7.91,88.2
TIMEX,EQ,725,3.01,7318.88,11.93,87.27
SUNTV,EQ,489,-0.22,19270.74,17.72,87.17
MANKIND,EQ,2465,-0.6,101815.61,3.53,87.14
FINCABLES,EQ,1470,0.13,22482.08,5.94,87.1
AEQUS,EQ,243.2,0.14,16310.59,35.64,86.57
KIRLOSENG,EQ,2210,2.08,32159.89,3.96,86.09
PIRAMALFIN,EQ,2218.8,0.55,52503.53,3.88,85.92
PREMIERENE,EQ,915,0.86,41536.56,9.3,85.02
TEXRAIL,EQ,124.8,4.7,5077.67,69,84.94
PIDILITIND,EQ,1588.1,0.98,161649.47,5.36,84.88
IIFLCAPS,EQ,354,2.59,11157.33,24.1,84.82
NIFTYBEES,EQ,267.68,0.39,66565.76,31.69,84.77
TATACONSUM,EQ,994.3,1.04,98366.77,8.51,84.49
SOLEX,EQ,731.1,7.68,789.77,11.19,83.27
ADANIGREEN,EQ,1300.9,-0.24,213528.93,6.4,83.19
NRBBEARING,EQ,539.55,3.66,5229.46,15.31,83
KUSUMGAR,EQ,637,3.38,6687.95,12.99,82.89
MAZDOCK,EQ,2211.5,0.34,89207.49,3.74,82.71
INDIANB,EQ,842,0.14,113414.37,9.76,82.33
PRIVISCL,EQ,3463.3,-1.48,13528.59,2.35,81.2
STEAMHOUSE,EQ,109.78,-2,3034.39,72.69,81.18
APTUS,EQ,251,3.68,12570.84,31.64,79.18
TATACHEM,EQ,669.35,-0.69,17052.11,11.8,79.14
ABCAPITAL,EQ,402.45,1.37,110177.37,19.61,78.61
PARAGMILK,EQ,268,-4.08,3366.34,28.58,78.47
APLAPOLLO,EQ,2195,0,60946.02,3.57,78.29
WABAG,EQ,2053,-0.92,12829.52,3.8,77.71
NYKAA,EQ,340.85,2.19,97629.49,22.47,76
BDL,EQ,1161,-0.6,42557.91,6.49,75.71
ALKEM,EQ,5417.5,1.61,64774.34,1.4,75.56
TATSILV,EQ,22.36,0,5648.7,334.93,75.43
HYUNDAI,EQ,2095,-0.29,170227.36,3.59,75.02
E2E,BE,635.15,4.99,13056.45,11.84,74.55
CARBORUNIV,EQ,1263.9,4.34,24077.98,5.98,74.36
EMIL,EQ,191.4,-0.63,7364.09,38.24,73.5
ANANDRATHI,EQ,2170.1,-0.41,36032.62,3.37,73.07
PARAS,EQ,1380,0.33,11121.05,5.26,72.76
OBEROIRLTY,EQ,1850,0.24,67266.41,3.89,72.15
IOLCP,EQ,207.7,3.65,6096.57,34.74,72.08
HINDPETRO,EQ,360,-0.19,76601.61,19.68,71.14
BELRISE,EQ,250,2.15,24178.8,28.48,70.9
RGL,EQ,170.2,8.56,1828.02,41.85,70.32
CASTROLIND,EQ,193.11,-1.28,19099.83,36.38,70.23
FCL,EQ,56.88,-0.89,6623.68,122.17,69.71
MARICO,EQ,832.3,0.28,108214.68,8.37,69.52
BALRAMCHIN,EQ,677.2,2.44,14329.38,10.24,69.32
JSL,EQ,757.95,1.95,62486.88,9.07,68.55
GRWRHITECH,EQ,6500,2.1,15101.06,1.06,68.5
LIQUIDIETF,EQ,1000,0,1178.27,6.83,68.33
SOUTHBANK,EQ,47.14,4.22,12347.39,145.52,67.74
LXCHEM,EQ,188.35,5.81,5234.52,36.16,67.43
IRB,EQ,17.99,0.06,21728.32,368.92,67.36
RRKABEL,EQ,2480,0.3,28050.17,2.69,66.81
KIRIINDUS,EQ,569.7,5.4,3712.62,11.85,66.81
ASTERDM,EQ,762,1.51,66421.44,8.82,66.41
RAIN,EQ,221.3,0.8,7443.33,29.7,65.77
PAGEIND,EQ,37340,0.51,41648.57,0.18,65.53
KSL,EQ,999.5,4.21,4363.12,6.47,65.48
HDFCAMC,EQ,2448.3,0.75,104985.68,2.67,65.29
ABB,EQ,7120,-0.01,150878.76,0.92,65.24
ASHOKLEY,EQ,162.89,1.33,95679.22,40.11,65.14
BPCL,EQ,315.75,0.69,136986.02,20.65,65.02
DEEPA,EQ,196.21,4.13,1886.05,33.05,64.42
FIRSTCRY,EQ,180.6,3.15,9428.96,35.86,64.32
CONCOR,EQ,464.65,-0.5,35388.58,13.69,63.95
KDDL,EQ,4270,7.47,5251.79,1.53,63.94
PRANAV,EQ,105.65,2.7,1189.86,59.99,63.9
SHILPAMED,EQ,1039.95,0.66,20339.53,6.14,63.49
YATHARTH,EQ,1164,3.09,11215.65,5.51,63.3
PVRINOX,EQ,1308,-2.01,12844.56,4.81,63.23
EMUDHRA,EQ,636,-2.04,5266.82,9.67,63.2
TIMETECHNO,EQ,182.25,0.92,8996.5,34.68,63.17
SKYWAYS,EQ,130.75,0.83,1900.37,49,63.09
AEGISLOG,EQ,1400.1,-1.71,49143.51,4.48,62.98
OSWALPUMPS,EQ,284.1,3.84,3238.88,21.59,62.55
AZAD,EQ,2711.9,-2.32,17513.92,2.25,61.73
PREMIERPOL,EQ,97.22,20,1018.31,65.17,61.39
RVNL,EQ,211.77,0.29,44154.47,28.94,61.39
SKIPPER,EQ,565.5,0.7,6384.72,10.72,61.31
KPITTECH,EQ,527,-0.39,14447.38,11.55,61.01
GESHIP,EQ,1483.2,1.45,21175.23,4.12,60.86
PPLPHARMA,EQ,211,0.42,28091.45,28.8,60.86
NEULANDLAB,EQ,22490,-0.27,28854.42,0.27,60.78
ANGELONE,EQ,300,1.66,27421.1,20.26,60.49
MONQ50,EQ,202.92,-20,297.79,28.62,60.21
WESTLIFE,EQ,602.05,4.89,9370.54,9.92,59.23
ATGL,EQ,625.75,-0.08,68820.62,9.45,59.19
LUMAXTECH,EQ,2049,-3.18,13965.51,2.8,59.15
JSFB,EQ,547.6,2.6,5791.01,10.83,59.15
INNOVACAP,EQ,1294.5,5.53,7407.77,4.54,58.98
SHAILY,EQ,3220,1.62,14810.47,1.82,58.02
DABUR,EQ,387.4,-0.18,68723.1,14.81,57.95
NAM-INDIA,EQ,1165,0.52,74554.12,4.95,57.81
TBZ,BE,695,4.46,4637.78,8.35,57.46
GAIL,EQ,172.95,0.65,113716.35,33.2,57.44
AXISCADES,EQ,1938,2.48,8242.99,2.91,56.73
BALAMINES,EQ,2280,6.6,7387.43,2.53,56.47
GRAVITA,EQ,1559,-0.38,11506.74,3.58,56
COCHINSHIP,EQ,1370,-1.36,36042.07,4.03,55.45
CRAFTSMAN,EQ,10668,0.62,27901.55,0.51,55.44
AUGMONT,EQ,885.1,3.72,8087.47,6.32,55.29
FORCEMOT,EQ,17352,0.45,22614.71,0.32,55.21
ENRIN,EQ,3207,-0.87,114207.85,1.7,55.17
CARTRADE,EQ,2988,2.75,14495.4,1.84,54.78
ICICIAMC,EQ,3165,0.44,156432.82,1.72,54.47
JTLIND,EQ,91.2,2.23,3584.9,59.08,54.3
CDSL,EQ,1351.1,0.23,28237.99,4,54.23
NATCOPHARM,EQ,840,3.06,15045.23,6.51,54.17
HAVELLS,EQ,1096.5,0.7,68812.14,4.92,53.83
NIACL,EQ,191.55,2.21,31567.44,28.12,53.68
NHPC,EQ,76.74,0.96,77085.6,69.85,53.49
MTARTECH,BE,7288.5,1.57,22419.13,0.74,53.43
BOSCHLTD,EQ,47955,-0.69,141448.55,0.11,53.34
STEELXIND,EQ,12.01,7.42,1531.9,434.1,53.31
MSUMI,EQ,35.01,-0.4,23217.45,151.84,53.25
THERMAX,EQ,3460.6,-0.33,41235.23,1.53,53.23
NELCO,EQ,1022,1.01,2332.04,5.12,53.02
GODREJPROP,EQ,1707.6,0.48,51437.44,3.07,52.63
PRASOLCHEM,EQ,744.35,5.62,4405.32,7.14,52.35
TATAPOWER,EQ,369,0.54,117908.03,14.18,52.29
TENNIND,EQ,519.7,-2.45,20975.32,9.87,51.93
TATAGOLD,EQ,14.67,-0.14,6187.04,351.55,51.68
SIEMENS,EQ,3886,0.73,138388.43,1.33,51.63
TATAELXSI,EQ,3212,-0.25,20000.54,1.6,51.63
HUDCO,EQ,178.2,3.36,35673.86,29.18,51.58
COLPAL,EQ,1886.7,0.95,51315.53,2.72,51.3
STYLEBAAZA,EQ,377,0.52,2869.62,13.68,51
CONFIPET,EQ,88.66,2.31,2945.65,56.23,50.95
COHANCE,EQ,462.55,2.16,17697.04,11.07,50.61
QPOWER,EQ,1557.1,4.39,12058.82,3.27,50.6
LIQUIDADD,EQ,1145.94,0.01,1718.34,4.42,50.59
MFSL,EQ,1562.9,0.56,53937.99,3.24,50.49
GOODLUCK,EQ,536.6,-0.08,5350.74,9.28,50.41
PCBL,EQ,346.35,-0.4,13627.58,14.32,50.18
ROUTE,EQ,473,1.95,2980.05,10.39,50.16
AWHCL,EQ,386.05,5.97,1095.69,12.77,50.11
CROMPTON,EQ,223.43,0.64,14386.99,22.24,49.87
CYIENTDLM,EQ,962,4.88,7636.68,5.24,49.76
NTPCGREEN,EQ,95.63,2.49,80580.99,52.23,49.75
NAZARA,EQ,369,-0.39,13670.16,13.28,49.59
AEROFLEX,EQ,521,0.83,6894.43,9.39,49.57
VIYASH,EQ,254.2,1.07,11226.18,19.37,49.31
MPHASIS,EQ,2259,-0.26,43135.61,2.19,49.28
ARE&M,EQ,811.95,2.36,14860.74,6,48.49
IRFC,EQ,81,1.25,105854.9,60,48.47
GLAXO,EQ,2880,0.22,48788.94,1.67,48.32
JSIPL,BE,126,5,642.9,39.81,48.3
BANKINDIA,EQ,139.65,1.93,63578.01,34.64,48.13
EXIDEIND,EQ,424.9,-1.12,36116.5,11.12,47.52
SILVERIETF,EQ,230.04,-0.06,14960.41,20.48,47.42
KARURVYSYA,EQ,324.15,1.25,31331.08,14.65,47.41
FRONTSP,EQ,1394.6,20,1647.79,3.54,47.34
DYNAMATECH,EQ,12650,1.07,8591.18,0.37,47.29
FIVESTAR,EQ,548,4.41,16176.72,8.71,47.23
VINCOFE,EQ,184.7,6.12,2705.64,25.97,46.94
NBCC,EQ,83.99,2.55,22677.3,56.25,46.84
SAMMAANCAP,EQ,144.2,1.29,16749.45,32.3,46.74
GLAND,EQ,2891.5,-0.86,47712.89,1.6,46.68
SHYAMMETL,EQ,1101.6,0.69,30749.16,4.19,46.53
TEJASNET,EQ,521.5,1.01,9287.79,8.9,46.29
SBC,EQ,48.7,-1.08,2319.05,94.06,46.25
JINDWORLD,EQ,52.03,-0.36,5216.54,87.13,46.13
GREAVESCOT,EQ,206.65,3.5,4813.94,22.25,45.72
GRSE,EQ,2380,-0.82,27263.38,1.91,45.53
THANGAMAYL,EQ,5310,3.72,16504.55,0.86,45.46
GODREJCP,EQ,879.75,0.7,90025.25,5.15,45.36
SETFGOLD,EQ,128.67,-0.19,26972.68,35.18,45.32
DEEPAKFERT,EQ,1388,3.55,17521.81,3.3,45.27
LIQUID1,EQ,1123.8,0.01,2448.25,4.02,45.2
AMBER,EQ,7064.5,0.92,24914.91,0.64,44.85
TATATECH,EQ,715.05,-0.07,29034.74,6.25,44.78
TIRUMALCHM,EQ,165.2,5.01,1991.53,26.71,44.39
LALPATHLAB,EQ,1930,1.06,32394.82,2.3,43.96
DCW,EQ,50.1,4.33,1478.73,87.19,43.83
63MOONS,EQ,848,0.74,3907.46,5.1,43.53
ITBEES,EQ,31.59,-0.57,3477.48,137.79,43.53
ZENSARTECH,EQ,430.65,-0.45,9800.76,10.1,43.42
SBIETFPB,EQ,278.66,-0.19,1379.89,15.41,43.32
SHANKESH,EQ,94.34,3.57,1387.09,45.39,43.08
BEML,EQ,2095,-0.09,17449.05,2.04,43.03
SAILIFE,EQ,1610,0.59,34195.47,2.66,42.9
IRCTC,EQ,464.8,-1.03,37184,9.2,42.84
KFINTECH,EQ,911.95,1.55,15765.07,4.67,42.43
RPGLIFE,EQ,3040,10.67,5027.86,1.43,42.42
INOXGREEN,EQ,174.5,1.8,7006.04,23.91,41.62
SENCO,EQ,342,1.38,5605.41,12.19,41.49
BODALCHEM,EQ,199.99,3.68,2518.76,20.74,41.47
LASERPOWER,EQ,287,4.34,4028.57,14.53,41.43
SBCL,EQ,1150.1,2.06,6625.06,3.59,41.38
NEOGEN,EQ,2396,0.71,7198.17,1.72,41.13
DIACABS,BE,377.25,1.73,22562.23,11.03,41.05
LIQUID,EQ,1000,0,490.55,4.1,40.96
SCODATUBES,EQ,138.5,7.49,829.74,29.31,40.92
AVALON,EQ,2432,-1.48,16265.78,1.66,40.66
SHAREINDIA,EQ,218.5,-2.16,4752.2,18.45,40.54
ROSSTECH,EQ,1449.6,-2.98,5464.48,2.76,40.21
ANTHEM,EQ,882,-1.09,49703.17,4.53,40.15
UJJIVANSFB,EQ,66,1.95,12876.97,60.92,40.02
HDFCSILVER,EQ,220.14,0.03,7786.6,17.9,39.7
SPARC,EQ,205.66,3.89,6673.66,19.35,39.69
SSWL,EQ,370.7,2.04,5829.82,10.61,39.67
ARIS,EQ,143.99,2.78,1177.75,27.12,39.12
GUJENERGY,EQ,238,3.3,22329.89,16.54,38.89
SMSPHARMA,EQ,481,-0.49,4504.66,8.01,38.86
RPOWER,EQ,21.09,0.96,8722.34,184.29,38.76
MUKANDLTD,EQ,158,11.73,2283.03,25.25,38.7
SHIPROCKET,EQ,128,1.43,9312.99,30.66,38.68
UNIMECH,EQ,1721,-0.66,8760.23,2.22,38.58
WAAREERTL,EQ,853.9,4.52,8912.94,4.54,38.36
AEGISVOPAK,EQ,302.6,0.4,33527.82,12.54,38.15
ASTRAL,EQ,1394.8,0.96,37471.32,2.71,37.89
ANURAS,EQ,1190,-0.66,13548.13,3.13,37.6
NSLNISP,EQ,44.01,3.53,12897.6,85.02,37.33
PETRONET,EQ,285.85,1.46,42877.5,13,37.14
SBIFUNDS,EQ,552.1,1.12,112453.25,6.74,37.01
CUBEINVIT,IV,156.2,-0.08,20994.37,23.64,36.9
SCHNEIDER,EQ,1241,2.21,29672.81,2.99,36.76
REGAAL,EQ,96.01,-1.23,988.84,37.05,36.75
TRUALT,EQ,436.05,5.21,3739.24,8.64,36.7
STARHEALTH,EQ,547.3,0.5,32215.37,6.64,36.44
ICICIPRULI,EQ,484.5,-0.44,70311.64,7.51,36.41
SMLMAH,EQ,6808.5,1.32,9853.02,0.54,36.33
INTELLECT,EQ,666.8,2.94,9358.98,5.5,36.31
SOLARA,EQ,728,-2.22,3499.52,4.92,36.1
GMRP&UI,EQ,98.6,3.51,7700.83,36.59,36.08
TARIL,EQ,289.85,3.24,8700.31,12.57,36.07
AKUMS,EQ,825.85,2.22,12998.38,4.34,35.95
DYCL,EQ,480.5,5.9,2328.44,7.62,35.79
JAMNAAUTO,EQ,130,1.57,5199.81,27.33,35.78
PRECWIRE,EQ,497.5,1.3,9094.7,7.16,35.72
KEC,EQ,401,2.41,10674.62,8.92,35.69
KWIL,EQ,41.9,-0.21,9844.79,84.07,35.69
JINDALSAW,EQ,294.75,2.9,18849.51,12.18,35.67
GMMPFAUDLR,EQ,1428,-2.35,6419.89,2.46,35.6
GUJTHEM,EQ,412.9,0.46,5373.96,8.66,35.57
IDBI,EQ,83.58,0.84,89868.58,42.28,35.27
VENUSPIPES,EQ,2238,0.66,4636.27,1.57,35.23
BAYERCROP,EQ,3774.7,0.24,18913.98,0.93,35.05
TIINDIA,EQ,2578.6,0.18,49914.56,1.35,34.95
ARVIND,EQ,545.05,2.16,14827.57,6.39,34.87
VISL,EQ,33.82,5,13224.93,104.39,34.81
NEWGEN,EQ,506,2.08,7211.01,6.88,34.78
SUNFLAG,EQ,390.55,10,7038.47,9.13,34.74
RAYMONDLSL,EQ,678.5,3.94,4133.67,5.13,34.66
HONASA,EQ,484.95,2.39,15810.54,7.13,34.34
CHOLAHLDNG,EQ,1475,1.06,27697.18,2.34,34.29
SPLPETRO,EQ,881.8,1.97,16581.49,3.87,34.28
LCCPROJECT,EQ,146.9,-0.45,4255.27,23.58,34.28
TEXINFRA,EQ,123.32,7.22,1571.42,27.92,34.22
RPTECH,EQ,894.7,1.26,5941.32,3.82,34.18
GRANULES,EQ,860,-0.47,21310.54,3.95,34.08
BLACKBUCK,EQ,614.75,-0.9,11198.73,5.48,34.01
IXIGO,EQ,164,0.44,7233.8,20.55,33.79
JBMA,EQ,601,1.32,14213.31,5.6,33.76
GPIL,EQ,235.2,0.99,15834.58,14.28,33.57
CAPILLARY,EQ,543.55,-0.65,4326.05,6.08,33.49
XTRANET,EQ,317.65,-5,1660.86,10.3,33.48
CMPDI,EQ,214,2.23,15279.6,15.55,33.44
OIL,EQ,470,0.64,76450.57,7.12,33.43
CYIENT,EQ,1062.9,-1.49,11134.2,3.1,33.38
ASTRAMICRO,EQ,1602.2,-0.87,15212.09,2.06,33.19
SUNDRMFAST,EQ,1183,-0.66,24858.19,2.77,32.86
GMDCLTD,EQ,557.5,0.6,17728.5,5.89,32.83
VIJAYA,EQ,1580,4.22,16273.64,2.09,32.71
KISSHT,EQ,354.25,0.48,6279.76,9.25,32.65
LLOYDSENT,EQ,74.42,5.7,11342.41,44.41,32.55
INDSWFTLAB,EQ,404.1,-0.36,3514.12,8.08,32.53
GOLDIETF,EQ,129.25,-0.13,28057.06,25.01,32.4
ACE,EQ,1256,1.14,14956.85,2.59,32.4
BBOX,EQ,809.25,-0.1,14372.22,3.93,32.12
PRIORITY,EQ,266.5,19.24,479.7,12.66,32.09
BALUFORGE,EQ,507.5,0.45,6160.64,6.31,32.03
MGL,EQ,1095,2.6,10816.17,2.9,31.83
JKCEMENT,EQ,5010,-1.84,38711.39,0.62,31.73
WALCHANNAG,EQ,213.38,7.2,1448.95,14.87,31.51
IPCALAB,EQ,1959.5,-1.65,49713.34,1.59,31.36
BLUEJET,EQ,584.4,-0.49,11061.27,5.36,31.3
INOXINDIA,EQ,2166,1.51,19693.8,1.44,31.23
HIKAL,EQ,232,2.2,2860.58,13.23,31.13
MAHSEAMLES,EQ,703.15,0.83,9422.16,4.4,31.13
PENIND,EQ,183.9,5.6,2481.66,17.03,31.04
TITAGARH,EQ,842.5,1.04,11346.26,3.67,30.73
ORIANA,SM,308.8,11.92,3137.28,10.25,30.61
JUBLFOOD,EQ,483.3,-1.59,31890.32,6.25,30.54
NCC,EQ,136.5,1.55,8570.11,22.56,30.53
PACEDIGITK,EQ,169,0.75,3647.89,17.98,30.53
COMSYN,EQ,299.1,-0.71,1206.55,10.11,30.52
HDFCGOLD,EQ,128.97,-0.22,22732.54,23.57,30.43
BAJAJCON,EQ,506,-1.51,6609.29,5.99,30.36
ENTERO,EQ,1840.1,-0.09,8008.68,1.65,30.36
APOLLOTYRE,EQ,406.05,0.87,25788.27,7.52,30.35
RAJRATAN,EQ,482.2,7.11,2448.18,6.18,30.03
GENUSPOWER,EQ,308.7,-0.24,9391.97,9.68,29.84
STYLAMIND,EQ,3360.2,1.54,5694.89,0.88,29.8
GAJA,EQ,149.8,-5.99,2112.33,19.64,29.79
BLEL,EQ,470.1,0.22,1988.64,6.25,29.4
SBICARD,EQ,635,0.01,60429.34,4.62,29.35
MRF,EQ,124760,-0.01,52912.5,0.02,29.34
GODFRYPHLP,EQ,2003,1.68,31243.15,1.45,29.04
JASH,EQ,589.1,0.74,3722.74,4.93,28.97
CUB,EQ,227,-0.09,22490.87,12.69,28.89
EPL,EQ,239.45,1.18,7671.29,12.15,28.87
MOBIKWIK,EQ,203.9,-2.45,1605.65,14.11,28.85
KABRAEXTRU,EQ,732.85,10,2562.98,4.03,28.79
JSWCEMENT,EQ,118.13,1.23,16105.43,24.23,28.62
PGEL,EQ,521.15,0.18,14944.35,5.46,28.59
COROMANDEL,EQ,1945,0.01,57389.34,1.45,28.47
EXICOM,EQ,168.2,4.19,2339.32,16.77,28.31
LOTUSDEV,BE,224.53,5,10973.31,12.7,28.18
GCSL,EQ,644,0.75,1555.86,4.31,27.81
JSWDULUX,EQ,3150,0.41,14345.2,0.87,27.71
MANORAMA,EQ,1920.1,0.48,12120.13,1.42,27.42
AMBUJACEM,EQ,392.75,1.51,97591.19,6.98,27.29
OMNI,EQ,553.8,-1.55,6848.62,4.87,27.23
SUPREMEIND,EQ,3497.1,1.06,44422.57,0.78,27.22
SAGILITY,EQ,45.99,0.83,21529.43,59.19,27.18
SAKAR,EQ,1163.45,-2.1,2588.67,2.28,27.17
JKTYRE,EQ,356,2.74,10263.11,7.65,27.08
VARROC,EQ,836.6,-3.23,12782.11,3.17,26.93
ZFCVINDIA,EQ,2356.1,-0.26,26813.71,1.15,26.9
ESCORTS,EQ,2795,0.05,31269.83,0.96,26.87
HLEGLAS,EQ,447,0.53,3104.63,6.11,26.81
TATACOMM,EQ,1699,0.39,48436.05,1.58,26.78
BAJAJHLDNG,EQ,11449,2.36,127419.94,0.23,26.64
RKFORGE,EQ,712.5,-0.52,12979.61,3.73,26.63
PNGJL,EQ,602.6,0.7,8870.43,4.39,26.47
JUBLINGREA,EQ,642,3.95,10225.85,4.14,26.47
PROSTARM,EQ,138.25,8.14,813.94,19.23,26.44
HCC,EQ,22.25,2.68,5828.32,119.96,26.38
ELLEN,EQ,370,3.61,5214.62,7.14,26.31
AASTHA,EQ,89.78,10,396.31,29.85,26.29
KLBRENG-B,EQ,518,-0.29,2709.81,5.01,26.19
CIEINDIA,EQ,384.35,-1.6,14580.79,6.77,26.14
SUNSHINE,EQ,443,0.59,1379.89,5.85,26
DEEPINDS,EQ,776,1.89,4966.4,3.36,25.97
CEMPRO,EQ,1308.3,-0.83,22474.97,1.96,25.91
ASTEC,EQ,758.8,-4.49,1690.82,3.36,25.87
CMLL,EQ,502,2.26,3281.86,5.14,25.87
KIMS,EQ,799.35,1.21,33573.22,3.23,25.79
BAJAJHIND,EQ,20.58,1.43,4919.99,124.85,25.71
MON100,EQ,328.4,1.06,16555.78,7.81,25.43
ASAHIINDIA,EQ,968,0.3,24676.95,2.63,25.43
TATAINVEST,EQ,674,-1.21,34101.08,3.75,25.4
ONESOURCE,EQ,1592,0.26,18255.92,1.59,25.38
SUDEEPPHRM,EQ,1195.1,-0.17,13498.49,2.1,24.99
SCI,EQ,278.9,-0.78,12991.13,8.89,24.88
AWL,EQ,186.23,1.71,24203.91,13.4,24.87
EMBDL,EQ,60.6,3.71,8427.24,41.38,24.79
PIIND,EQ,2386,-1,36199.94,1.03,24.65
HEGAM,EQ,240.95,3.46,4649.79,10.39,24.57
IDEAFORGE,EQ,720.5,-2.82,3581.5,3.37,24.48
CCL,EQ,1042,-0.76,13913.61,2.36,24.48
YASHO,EQ,4115.5,3.94,4962.1,0.6,24.45
SANATHAN,EQ,505,7.15,4262.4,4.85,24.41
SUNDARMFIN,EQ,4679,-1.53,51985.5,0.52,24.4
WELENT,EQ,773.35,-1.33,10704.23,3.1,24.16
KRBL,EQ,404.75,3.81,9264.32,5.97,24.13
SWSOLAR,EQ,180.5,1.17,4215.42,13.33,24.07
KMEW,EQ,2975,-0.06,7545.88,0.8,23.91
SIGMAADV,BE,935,-1.37,17717.89,2.53,23.9
JGCHEM,EQ,622,2.09,2437.37,3.8,23.88
GOLDCASE,EQ,23.79,0,2546.43,100.06,23.81
CEIGALL,EQ,389,3.13,6776.57,6.1,23.8
KSHINTL,EQ,1051.8,1.04,7126.54,2.24,23.69
M&MFIN,EQ,348.2,-1.19,48398.8,6.72,23.67
TANLA,EQ,500,3.02,6631.7,4.73,23.55
TBOTEK,EQ,1700.5,-0.19,18465.35,1.38,23.52
HDFCSML250,EQ,186.35,1.29,2688.69,12.6,23.38
SWANCORP,EQ,300.5,-0.74,9419.38,7.75,23.37
DECNGOLD,EQ,223.5,-0.74,4423.1,10.35,23.36
LEAPIND,EQ,148.1,-0.23,6524.34,15.71,23.31
SHREEJISPG,EQ,723.25,0.54,11783.06,3.21,23.3
INGERRAND,EQ,4220,1.77,13321.7,0.55,23.09
IREDA,EQ,111,0.68,31182.47,20.79,23.07
ZENTEC,EQ,1675,0.07,15123.63,1.37,22.88
CONCORDBIO,EQ,1565,2.13,16372.44,1.48,22.82
SHREECEM,EQ,22500,1.35,81181.68,0.1,22.82
KRN,EQ,1412,-0.57,9242.74,1.6,22.8
ETHOSLTD,EQ,2680,2.55,7171.06,0.84,22.75
MANINFRA,EQ,125,0.77,5045.83,18.23,22.7
PGHH,EQ,7190,-1.26,23339.27,0.31,22.66
AMAGI,EQ,578.9,-0.38,12744.67,3.88,22.66
EPACKPEB,EQ,255.55,2.08,2571.63,8.92,22.61
ABREL,EQ,1207.4,0.52,13486.14,1.87,22.59
AFCONS,EQ,258.5,-0.71,9507.23,8.63,22.41
SAREGAMA,EQ,507.2,0.76,9779.3,4.38,22.4
NAVKARCORP,EQ,87.91,-1.64,1323.21,24.83,22.36
JSLL,EQ,524,1.67,6513.36,4.26,22.32
ITCHOTELS,EQ,161.61,1.9,33663.46,13.72,22.11
ELITECON,EQ,9.15,4.69,1462.63,241.89,21.99
TIPSMUSIC,EQ,669,1.09,8551.93,3.27,21.99
RATEGAIN,EQ,852.2,1.76,10101.37,2.6,21.9
LIQUIDBETF,EQ,1099.91,0.01,596.83,1.98,21.82
GOLD1,EQ,125.9,-0.07,14696.26,17.28,21.81
ASKAUTOLTD,EQ,652,-1.72,12853.7,3.28,21.67
TMB,EQ,922,4.33,14600,2.38,21.66
CRAMC,EQ,230.25,1.03,4591.59,9.26,21.19
ARSSBL,EQ,511,2.97,3222.69,4.13,21.11
PRESTIGE,EQ,1490,0.7,64178.8,1.41,21.11
RAMCOCEM,EQ,885.9,0.27,20933.14,2.37,21.01
LCL,EQ,575.3,-0.86,6078.04,3.6,20.96
CORDSCABLE,EQ,369.9,-3.4,478.2,5.45,20.73
GILLETTE,EQ,7100,1.3,23135.5,0.29,20.72
BALKRISIND,EQ,2196.9,-0.9,42469.85,0.93,20.54
RENUKA,EQ,23.1,1.23,4916.81,87.43,20.36
SMCGLOBAL,EQ,87,5.54,1821.78,23.31,20.33
NLCINDIA,EQ,267.5,0.19,37092.53,7.59,20.28
JUNIORBEES,EQ,784.99,0.83,8916.87,2.58,20.25
IRCON,EQ,110.28,1.09,10372.01,18.38,20.24
MASPTOP50,EQ,99.79,1.82,1682.7,20.51,20.2
JNPR,EQ,265.5,-1.19,15106.91,7.44,20.16
HAPPSTMNDS,EQ,316.15,0.88,4814.17,6.32,20.03
AARTIIND,EQ,489.5,-1.31,17755.47,4.02,19.96
JWL,EQ,233.15,1.98,9964.14,8.58,19.95
SHUKRAPHAR,EQ,56.05,-4.34,2464.04,34.32,19.87
INDORAMA,EQ,99.99,-3.46,2610.87,19.7,19.85
NH,EQ,1907,1.26,38971.61,1.04,19.85
KAJARIACER,EQ,1214.8,2.64,19089.74,1.64,19.75
TORNTPOWER,EQ,1263.4,1.37,63663.17,1.57,19.73
CREDITACC,EQ,1348.9,-0.66,21647.75,1.46,19.66
FRACTAL,EQ,761.5,0.01,13193.37,2.57,19.57
CHOICEIN,EQ,752.45,-1.11,16762.82,2.58,19.45
SEDEMAC,EQ,3075,1.34,13582.43,0.64,19.37
LIQGRWBEES,EQ,1056.59,0.01,182.24,1.82,19.21
AFFLE,EQ,1590.6,-0.11,22408.27,1.21,19.15
DEVYANI,EQ,139.8,-3.26,17236.5,13.44,19.05
BIRLACABLE,EQ,362,-3.53,1086,5.19,19
J&KBANK,EQ,149.4,2.37,16451.67,12.73,18.88
LTFOODS,EQ,429.9,2.03,14928.4,4.4,18.86
STAR,EQ,1226,0.71,11300.37,1.53,18.85
SENORES,EQ,1382.9,0.22,6368.75,1.35,18.83
CLEAN,EQ,834.15,0.11,8865.69,2.24,18.82
NACLIND,EQ,139.49,0.63,3267.46,13.37,18.81
PITTIENG,EQ,1159,3.31,4364.05,1.62,18.76
SRF,EQ,2550,0.46,75588.33,0.73,18.69
SCHAEFFLER,EQ,4088,0.83,63896.94,0.46,18.58
PRICOLLTD,EQ,760.05,-1.05,9263.6,2.41,18.53
NORTHARC,EQ,314.9,-0.32,5095.33,5.87,18.47
PARADEEP,EQ,154.3,0.08,16024.37,11.82,18.3
RBA,EQ,94.51,0.93,6729.85,19.32,18.26
BAJAJHFL,EQ,83.53,0.49,69599.99,21.77,18.21
GOKEX,EQ,710,2.15,5202.71,2.56,18.19
MANALIPETC,EQ,87.61,3.23,1506.89,20.78,18.18
TATVA,EQ,1779.1,2,4161.68,1.01,18.14
DCBBANK,EQ,224,2.48,7216.81,8.12,18.1
SOTL,EQ,717.75,-0.91,4920.92,2.47,18.09
VIKRAMSOLR,EQ,163.59,0.76,5927.76,11.03,18.03
CAPLIPOINT,EQ,2792,0.53,21222.47,0.64,18.02
IBULLSLTD,EQ,29.1,-1.39,6786.71,61.32,18.02
SETL,EQ,408,1.35,8139.26,4.38,17.89
TIMKEN,EQ,3295,3.67,24784.57,0.55,17.87
IGL,EQ,147.22,0.37,20610.82,12.12,17.86
DEEDEV,EQ,710,2.63,5342,2.51,17.84
DEEPAKNTR,EQ,1635,1.35,22300.26,1.09,17.78
POCL,EQ,488.7,3.33,3727.72,3.65,17.7
HAPPYFORGE,EQ,2096,-0.59,19786.48,0.82,17.45
GOLDETF,EQ,146.81,-0.1,3519.95,11.84,17.42
MAHLOG,EQ,417.75,4.36,4147.31,4.18,17.41
PRECAM,EQ,122.3,2.89,1161.68,14.03,17.4
PNCINFRA,EQ,139.01,-0.01,3566.15,12.43,17.38
3MINDIA,EQ,34600,1.11,38977.14,0.05,17.34
IGIL,EQ,332.5,1.7,14369.31,5.25,17.24
DATAMATICS,EQ,789,3.1,4663.49,2.15,17.18
CASHIETF,EQ,1080.68,0.01,1019.57,1.59,17.17
KERNEX,EQ,1735.1,-0.55,2915.6,0.99,17.17
SUMICHEM,EQ,465,1.64,23210.28,3.7,17.14
PTCIL,EQ,22305,0.79,33440.88,0.08,17.09
AETHER,EQ,1649,0.33,21886.82,1.04,17.04
TRITURBINE,EQ,561.5,2.04,17850,3.05,17.03
BLUESTARCO,EQ,1532.6,0.5,31512.52,1.1,16.97
MAPMYINDIA,EQ,915,-0.76,5015.5,1.85,16.93
MEDIASSIST,EQ,334,1.64,2495.04,5.16,16.91
ALOKINDS,EQ,7.64,4.09,3793.44,224.45,16.88
MOSCHIP,EQ,207.4,0.01,4045.3,8.09,16.86
CHALET,EQ,886,1.56,19402.88,1.88,16.82
PARKHOSPS,EQ,286.9,0.63,12392.1,5.83,16.75
SBISILVER,EQ,225.76,0.07,6113.15,7.36,16.74
MVGJL,EQ,221.5,3.86,1081.97,7.64,16.74
UNICHEMLAB,EQ,574,6.54,4041.29,2.95,16.72
SAPPHIRE,EQ,231.2,-2.55,7430.37,7.17,16.71
DIVGIITTS,EQ,1179,5.37,3605.73,1.45,16.71
INDGN,EQ,597.1,0.84,14388.13,2.8,16.65
CHAMBLFERT,EQ,420,0.36,16827.32,3.95,16.57
LIQUIDETF,EQ,1000,0,472.82,1.65,16.52
CANFINHOME,EQ,758,-0.2,10093.12,2.17,16.5
RESPONIND,EQ,161.3,2.49,4300.4,10.13,16.5
ZAGGLE,EQ,179.2,-0.42,2409.5,9.07,16.46
EMBASSY,RR,437.69,-0.74,41488.36,3.73,16.37
AVANTIFEED,EQ,765,1.57,10422.79,2.14,16.37
ARDEE,EQ,52.08,0,1641.57,31.1,16.34
GALAPREC,EQ,1173.8,10.95,1504.37,1.44,16.31
IEX,EQ,113.16,0.23,10090.39,14.38,16.3
RAMBHAJO,EQ,285.5,0.49,1307.88,5.64,16.27
EIDPARRY,EQ,701,0.78,12474.69,2.31,16.21
KOPRAN,EQ,280.06,1.31,1352.34,5.74,16.17
AGARWALEYE,EQ,497,0.8,15756.2,3.29,16.17
ANANTAM,IV,105.5,-0.4,2294.63,15.28,16.13
FEDFINA,EQ,153.5,0.89,5757.78,10.46,16.11
BSOFT,EQ,280.55,-0.21,7846.06,5.72,16.09
GNRL,EQ,98.6,0.18,1266.05,16.65,16.05
SHARDAMOTR,EQ,971.7,-1.43,5578.31,1.61,16.01
CHEMPLASTS,EQ,199,0.17,3146.38,8.05,15.99
INDIAGLYCO,EQ,258,1.74,1729.29,6.15,15.9
QUADFUTURE,EQ,526.7,0.82,2106.8,2.99,15.83
AGI,EQ,836.5,-1.09,5411.94,1.89,15.82
SHAKTIPUMP,EQ,476.2,1.51,5876.21,3.32,15.8
NOVARTIND,EQ,2035,3.13,5024.58,0.78,15.76
MOIL,EQ,249.1,2.43,5068.82,6.34,15.74
GOLDIAM,EQ,332,3.81,4998.5,4.78,15.72
HDBFS,EQ,671.5,-0.45,55785.87,2.34,15.71
GSFC,EQ,155.6,2.24,6200.31,10.12,15.7
LTTS,EQ,3229.9,-1.93,34264.8,0.48,15.69
KRT,RR,113.7,-0.18,50419.12,13.79,15.63
SILVERADD,EQ,22.22,0.18,1456.21,69.79,15.56
ENDURANCE,EQ,2669.4,-0.9,37548.54,0.58,15.55
ELGIEQUIP,EQ,615.45,1.07,19504.17,2.53,15.53
ASIANENE,EQ,488.7,-0.18,2377.39,3.09,15.44
GAEL,EQ,163.5,4.09,7499.27,9.47,15.41
HORIZONIND,EQ,53.27,0.97,15357.22,28.93,15.39
BAJAJHCARE,EQ,352.55,4.89,1186.87,4.38,15.37
ARVINDFASN,EQ,427.6,1.96,5715.82,3.65,15.36
STLNETWORK,EQ,49.7,4.99,2425.9,30.87,15.3
RAILTEL,EQ,269.2,2.01,8639.66,5.71,15.23
LEMONTREE,EQ,108.02,0.47,8557.85,14.11,15.23
KPL,EQ,3716,-0.98,3855.8,0.4,15.18
ZOTA,EQ,1395,2.88,4831.25,1.1,15.06
GARUDA,EQ,184.9,1.84,1720.34,8.12,15.03
LIQUIDPLUS,EQ,1104.37,0.01,1075.66,1.36,15.03
CRISIL,EQ,4632.5,1.59,33877.48,0.33,15.01
CSBBANK,EQ,336,0.31,5829.12,4.48,15
ORCHPHARMA,EQ,1094,-1.19,6551.44,1.35,14.94
MWL,EQ,44.31,5.42,1316.04,33.71,14.93
ASIANTILES,EQ,51,1.82,1512.02,29.32,14.91
SBILIQETF,EQ,1057.04,0.01,156.18,1.41,14.9
KPRMILL,EQ,1135,1.27,38795.89,1.31,14.89
KPIL,EQ,1410.7,0.76,24090.88,1.06,14.88
JINDRILL,EQ,606,3.12,1756.25,2.48,14.82
SILVER,EQ,230.13,0.05,3056.33,6.35,14.74
BANKBEES,EQ,586,0.43,8155.61,2.51,14.73
BERGEPAINT,EQ,458.5,1.3,53461.23,3.2,14.72
JAYNECOIND,EQ,91.9,1.79,8923.47,16.05,14.66
TIIL,EQ,3025,1.41,6858.52,0.47,14.53
JUBLPHARMA,EQ,1060,-1.01,16883.8,1.35,14.44
JMFINANCIL,EQ,127.5,0.94,12201.24,11.32,14.38
ITDC,EQ,698.3,-1.06,5989.28,2.05,14.34
SETFNIF50,EQ,253.03,0.52,210013.73,5.66,14.3
BECTORFOOD,EQ,219.5,0.78,6738.44,6.5,14.28
HERITGFOOD,EQ,426,2.72,3953.11,3.39,14.2
SIGNATURE,EQ,766.2,0.41,10779.36,1.83,14.19
TURTLEMINT,EQ,135.99,-3.02,4004.62,10.15,14.15
SYNGENE,EQ,382.35,1.28,15434.29,3.69,14.11
CORDELIA,EQ,112.69,0.45,8158.14,12.49,14.09
MIDHANI,EQ,417,0.74,7812.08,3.37,14.08
MAFANG,EQ,235.9,-0.96,5833.89,5.97,14.06
NUVAMA,EQ,1685,0.55,31079.67,0.83,14.01
INDNIPPON,EQ,1254,1.37,2836.73,1.09,13.99
CENTRALBK,EQ,31.62,0.8,28620.53,44.18,13.97
BLSE,EQ,322.05,-1.84,2926.03,4.3,13.94
IGPL,EQ,590,4.72,1816.9,2.37,13.85
AEROPLANE,EQ,205,0.1,2122.81,6.62,13.72
RAMRAT,EQ,558.3,-0.79,5211.68,2.43,13.65
VINATIORGA,EQ,1224,1.77,12688.67,1.12,13.65
MBAPL,EQ,167.1,0.86,7321.23,8.06,13.57
AWFIS,EQ,269.5,1.11,1928.63,5.05,13.52
ALIVUS,EQ,1389.8,1.14,17062.78,0.97,13.43
GOLDADD,EQ,14.68,-0.07,2884.36,91.55,13.43
VEEGALAND,BE,142.98,2.25,697.03,9.4,13.39
V2RETAIL,EQ,216,1.32,7876.17,6.23,13.38
RCF,EQ,109.8,2.02,6057.54,12.18,13.3
CUBEXTUB,EQ,125.82,20,180.16,10.62,13.29
ABFRL,EQ,49.05,-0.35,5986.6,26.99,13.27
RAINBOW,EQ,1405,-1.81,14270.11,0.93,13.22
ATLANTAELE,EQ,1659,-0.35,12757.15,0.79,13.13
FLUOROCHEM,EQ,4477,-0.23,49179.85,0.29,13.02
CCAVENUE,EQ,16.12,0.06,5623.3,80.49,12.99
FIEMIND,EQ,1924.9,0.95,5066.27,0.67,12.97
METROPOLIS,EQ,585,-1.25,12132.17,2.19,12.82
GREENPLY,EQ,296.2,-0.15,3699.6,4.24,12.72
APLLTD,EQ,844.1,0.47,16591.89,1.47,12.46
MANIKA,BE,42.7,2.18,497.5,29.92,12.44
MUFIN,EQ,132.76,0.05,2630.8,9.29,12.43
AIAENG,EQ,3971,1.21,37057.52,0.31,12.42
AYE,EQ,182,-0.78,4491.5,6.74,12.4
ACI,EQ,476.45,2.89,5882.18,2.62,12.4
ABBOTINDIA,EQ,26910,-1.16,57181.87,0.05,12.34
ATALREAL,EQ,14.37,9.95,178.04,88.68,12.34
GVPIL,EQ,690,2.51,4638.7,1.81,12.32
PREMEXPLN,EQ,675,0.19,3628.88,1.81,12.18
SGMART,EQ,730.15,1.16,9202.46,1.66,12.17
METALIETF,EQ,13.36,2.38,1016.43,91,12.09
SIRCA,EQ,413,2.08,2345.54,2.9,11.95
GSPCROP,EQ,487.1,0.45,2265.93,2.42,11.94
FSL,EQ,268,-0.56,18679.35,4.43,11.91
ARFIN,EQ,91.7,2.71,1547.19,13.13,11.88
SBFC,EQ,91.3,0.98,10125.38,13,11.88
SILVER1,EQ,22.34,-0.04,3886.52,52.3,11.76
KENNAMET,EQ,4315,-1.47,9483.61,0.27,11.74
MARSONS,EQ,128.52,0.5,2211.83,9.07,11.73
GODREJAGRO,EQ,670.2,2.49,12895.41,1.75,11.71
INDIAMART,EQ,1654.8,1.2,9952.49,0.71,11.71
PSPPROJECT,EQ,835.1,0.77,3310.49,1.4,11.7
SILVERBETA,EQ,222.1,-0.09,1541.44,5.22,11.7
TRIDENT,EQ,23.41,2.09,11929.63,50.06,11.67
MEDANTA,EQ,1499,0.75,40303.88,0.78,11.66
NAVA,EQ,552.1,0.22,15641.69,2.11,11.65
BORORENEW,EQ,474.8,0.02,6675.32,2.44,11.64
RACLGEAR,EQ,1690,-3.87,1992.19,0.68,11.59
ECLERX,EQ,1939.8,0.82,18243.96,0.6,11.55
GRAUWEIL,EQ,86.1,3.44,3903.87,13.42,11.54
POLYMED,EQ,1728,1.71,17515.26,0.67,11.49
EQUITASBNK,EQ,72.3,-0.84,8272.04,15.72,11.46
WEBELSOLAR,EQ,74.01,3.08,3213.24,15.55,11.43
TAALTECH,EQ,1084,-8.55,1689.06,1.02,11.39
BHARATCOAL,EQ,32.65,1.27,15205.11,34.95,11.39
VINDHYATEL,EQ,2861.4,-0.14,3391.01,0.39,11.37
PTC,EQ,157.24,1.03,4654.43,7.25,11.36
CMSINFO,EQ,233.99,-0.27,3745.32,4.82,11.32
MAITHANALL,EQ,1009,1.41,2937.36,1.12,11.27
MANBA,EQ,139,1.9,698.33,7.9,11.26
REDTAPE,EQ,120.55,1.47,6664.1,9.32,11.26
JKPAPER,EQ,414,-0.58,7506.6,2.69,11.23
RELIGARE,EQ,251.1,0.77,8358.88,4.47,11.22
MODEFENCE,EQ,103.7,-0.11,1327.36,10.76,11.2
SJVN,EQ,63.27,0.25,24863.81,17.63,11.15
GOCLCORP,EQ,392.6,-4.49,1946.22,2.81,11.15
UTLSOLAR,EQ,445,2.39,13657.13,2.53,11.15
HONAUT,EQ,34400,1.1,30414.84,0.03,11.13
VENKEYS,EQ,1690,0.84,2380.76,0.65,11.11
CAMLINFINE,EQ,98.3,1.92,1888.31,11.15,11.07
GENESYS,EQ,281.25,0.41,1880.57,3.97,11.06
BLS,EQ,230.21,0.66,9478.69,4.78,10.97
SKFINDUS,EQ,2919,4.59,14430.94,0.38,10.87
BRIGADE,EQ,615.5,-0.17,20081.26,1.75,10.85
GPPL,EQ,164.13,-0.17,7934.7,6.58,10.82
AJANTPHARM,EQ,3560,1.16,44485.41,0.3,10.82
STOVEKRAFT,EQ,832,0.51,2754.53,1.3,10.81
MSTCLTD,EQ,753,0.81,5301.12,1.44,10.8
NUVOCO,EQ,348.1,2.73,12432.61,3.12,10.75
BLISSGVS,BE,698.9,0.62,7427.58,1.52,10.72
VGUARD,EQ,317,-1.09,13850.2,3.39,10.72
ASHAPURMIN,EQ,531.8,-1.03,5080.08,1.99,10.71
AVANTEL,EQ,146.15,-0.38,3884.31,7.29,10.68
FACT,EQ,795.2,-0.41,51455.16,1.34,10.67
SYNCOMF,EQ,20,-1.48,1880,52.93,10.67
OMAXE,EQ,123.09,5.66,2251.32,8.74,10.62
BHARTIHEXA,EQ,1526.1,-0.53,76305,0.69,10.58
MINDACORP,EQ,686.9,0.22,16422.37,1.53,10.55
SFL,EQ,643,-0.81,7021.77,1.64,10.55
738GS2027,GS,102.7,-0.05,145834,10.25,10.53
AVTNPL,EQ,97.2,-1.08,1480.2,10.64,10.51
LOWVOLIETF,EQ,21.5,0.51,3253.45,48.47,10.38
UNIPARTS,EQ,858,0.74,3874.82,1.21,10.38
DBREALTY,EQ,101.48,5,5504.34,10.33,10.35
FISCHER,EQ,35,6.22,2290.8,29.48,10.31
WINDLAS,EQ,1074.05,-2.56,2216.43,0.95,10.31
SANDUMA,EQ,188.49,2.87,9162.59,5.48,10.29
ELECTCAST,EQ,74.35,2.02,4596.2,13.9,10.26
PGINVIT,IV,101.6,0.58,9245.59,10.04,10.17
BEPL,EQ,130.8,0.44,3255.07,7.79,10.17
AAVAS,EQ,1288,-1.91,10213.11,0.78,10.16
AADHARHFC,EQ,452.3,-1.21,19820.09,2.23,10.14
INDRAMEDCO,EQ,378,4.72,3465.24,2.73,10.11
SJS,EQ,2334.9,1.04,7529.94,0.43,10.09
SWANDEF,BE,2750,1.03,14487.59,0.36,10.08
UFLEX,EQ,672.8,3.8,4858.39,1.51,10.08
PSUBNKBEES,EQ,93.39,1.35,4078.11,10.82,10.06
GKSL,EQ,177.8,1.5,1401.83,5.61,10.02
RPEL,EQ,1715,-1.57,7875.61,0.58,10.01
CESC,EQ,142.47,-0.04,18885.4,7,9.99
SHRIPISTON,EQ,4494,-0.41,20845.99,0.22,9.95
KRISHANA,EQ,189.31,-0.13,5852.29,5.27,9.94
CEATLTD,EQ,3430,0.84,13874.38,0.29,9.9
VIDYAWIRES,EQ,89,4.99,1892.96,11.31,9.89
HIMATSEIDE,EQ,68.3,8.05,858.82,14.81,9.88
GANDHAR,EQ,269,-0.02,2632.96,3.65,9.86
XPROINDIA,EQ,1219,1.5,2861.04,0.8,9.84
DHAMPURSUG,EQ,167.9,2.3,1079.71,5.81,9.83
ALGOQUANT,EQ,72.25,0.01,2030.92,13.56,9.8
GICRE,EQ,343.55,0.69,60272.41,2.84,9.79
TALBROAUTO,EQ,468.5,-1.43,2891.96,2.06,9.73
ANZEN,IV,130,0.78,4368.82,7.5,9.72
VOLTAMP,EQ,10770,0.21,10896.14,0.09,9.7
DALMIASUG,EQ,408.5,5.26,3306.37,2.37,9.6
IMFA,EQ,1279,2.09,6900.73,0.76,9.6
PGHL,EQ,5419.5,-0.72,8996.04,0.18,9.58
WEL,EQ,77.02,-4.2,1032.13,12.22,9.57
STEELCAS,EQ,359.7,2.73,3640.16,2.69,9.54
ANUP,EQ,1700,2.22,3405.35,0.56,9.54
NIBE,EQ,1345,-1.82,2052.64,0.7,9.53
RIR,EQ,188.46,-1.62,1499.62,5.01,9.52
SUVEN,EQ,342,1.95,9663.64,2.77,9.47
SILVERCASE,EQ,23.37,0.04,1187.5,39.95,9.41
UNIVCABLES,EQ,1513,2.35,5249.41,0.62,9.33
ORKLAINDIA,EQ,556.9,-2.17,7628.93,1.64,9.32
GIPCL,EQ,191.5,2.45,2972.39,4.89,9.32
FINPIPE,EQ,154.8,1.22,9604.98,6.05,9.3
PRAJIND,EQ,321,1.09,5900.4,2.89,9.3
VADILALIND,EQ,7490,-1.42,5383.68,0.12,9.22
RACE,EQ,122.11,1.78,210.73,6.86,9.22
IFBIND,EQ,1260,3.87,5105.37,0.74,9.22
PHARMABEES,EQ,27.92,0.87,1768.13,33.05,9.19
SIGACHI,EQ,31.35,2.42,1197.94,29.44,9.19
KSB,EQ,823,0.35,14323.43,1.12,9.17
NEPHROPLUS,EQ,740.1,-1.25,7442.37,1.22,9.14
GOPAL,EQ,260.95,1.01,3253.18,3.46,9.12
BLUSPRING,EQ,133,6,1988.38,6.76,9.11
MACPOWER,EQ,2077,-0.93,2077.86,0.44,9.1
FMGOETZE,EQ,455.9,2.05,2536.27,2,9.09
ANNU,EQ,52.95,-2.25,346.78,16.82,9.06
INDOTHAI,EQ,30.77,-4.97,398.84,29.28,9.04
EIEL,EQ,203.4,1.16,3570.28,4.42,8.99
TCC,EQ,53.9,2.43,1280.88,16.68,8.99
SONATSOFTW,EQ,282,-0.86,7907.98,3.17,8.99
SUDARSCHEM,EQ,1231,0.06,9800.77,0.72,8.95
RITES,EQ,204.17,0.28,9812.49,4.33,8.84
AURIONPRO,EQ,698.95,2.5,3862.51,1.26,8.81
INTERARCH,EQ,1690.1,-0.68,2842.25,0.52,8.79
AARTIDRUGS,EQ,437.2,2.69,3990.32,1.99,8.69
TIRUPATIFL,BE,78.34,5,1018.73,11.08,8.67
JUSTDIAL,EQ,691.5,1.3,5881.14,1.25,8.63
MASTEK,EQ,1575.1,0.46,4883.81,0.55,8.62
NPST,EQ,1846,-2.27,3851.4,0.46,8.59
CARRARO,EQ,554,2.16,3149.58,1.56,8.59
NIFTYIETF,EQ,266.65,0.46,44061.72,3.21,8.54
PATELENG,EQ,27.3,1.68,2708.55,31.12,8.5
RICOAUTO,EQ,129.03,0.69,1745.58,6.55,8.49
ATUL,EQ,6128,-0.79,18041.91,0.14,8.47
YATRA,EQ,108.51,-0.28,1702.7,7.74,8.46
THYROCARE,EQ,572.95,-0.79,9119.38,1.47,8.46
RTNPOWER,EQ,7.11,0.71,3818.15,117.71,8.36
MIIL,EQ,700,-1.47,1520.66,1.19,8.33
PRUDENT,EQ,3342,-1.81,13838.11,0.24,8.32
LINDEINDIA,EQ,6300,-0.32,53729.06,0.13,8.27
VIMTALABS,EQ,612,0.3,2735.63,1.35,8.25
ARROWGREEN,EQ,902.6,-1.14,1361.84,0.89,8.24
HTEL,EQ,71.39,0.61,677.15,11.49,8.22
ABLBL,EQ,79.8,-1.16,9739.76,10.21,8.21
PASUPTAC,EQ,79.26,3.78,706.47,10.4,8.2
TVSSCS,EQ,132.7,0.29,5855.04,6.14,8.16
TEMBO,EQ,59.7,4.08,1107.15,13.89,8.12
SARDAEN,EQ,506,0.53,17830.49,1.59,8.08
SHRINGARMS,EQ,210.5,0.93,2029.9,3.82,8.04
SGFIN,EQ,622.1,-0.4,4099.33,1.28,8.03
PANAMAPET,EQ,480.5,-0.16,2906.72,1.65,7.97
ALLCARGO,EQ,11.38,4.12,1704.47,70.49,7.95
QUESS,EQ,358.55,-0.53,5356.23,2.2,7.95
UNIDT,EQ,236.95,11.55,481.08,3.31,7.91
RATNAMANI,EQ,2814,1.16,19723.89,0.28,7.9
BIRET,RR,338.85,-0.04,28120.51,2.33,7.89
ISGEC,EQ,866,3,6367.66,0.91,7.84
SHILCTECH,EQ,4141,3.81,4737.39,0.19,7.82
FINEORG,EQ,5100,-1.15,15636.59,0.15,7.82
VERANDA,EQ,230.5,0.16,2220.89,3.34,7.78
AIIL,EQ,562.6,2.87,47777.43,1.4,7.77
RSYSTEMS,EQ,239.19,-0.11,2834.3,3.21,7.75
RELAXO,EQ,299.2,2.24,7448.24,2.59,7.72
GOLDBETA,EQ,126.75,-0.39,4486.83,6.06,7.71
UCOBANK,EQ,24.08,1.52,30195.26,32.19,7.71
DOLPHIN,EQ,722,-0.32,2888.33,1.06,7.7
SHK,EQ,144.62,4.58,2001.84,5.37,7.69
UBL,EQ,1244.3,2.39,32899.93,0.61,7.56
PARACABLES,EQ,62.55,1.3,2046.88,12.1,7.56
MEDPLUS,EQ,662,0.98,7953.07,1.13,7.56
NETWORK18,EQ,27.11,0.74,4180.36,27.86,7.54
MAMATA,EQ,422.85,4.78,1040.54,1.79,7.53
CREDENT,SM,402.75,7.1,733.93,1.9,7.49
GRMOVER,EQ,81.51,1.14,1688.97,9.18,7.48
BATAINDIA,EQ,639.35,1.2,8217.41,1.17,7.46
EMCURE,EQ,1980,0.25,37562.71,0.38,7.42
GULFOILLUB,EQ,1100,4.67,5451.11,0.68,7.4
ALEMBICLTD,EQ,105.5,0.68,2709.05,6.95,7.4
FOSECOIND,EQ,6552,-0.15,4938.41,0.11,7.38
EUROPRATIK,EQ,220,0.71,2248.4,3.3,7.37
FREDUN,EQ,1390,0.54,2298.79,0.53,7.36
KALAMANDIR,EQ,80.25,2.78,1230.76,9.14,7.35
MID150BEES,EQ,237.68,0.62,3986.26,3.09,7.33
CARYSIL,EQ,1084.7,1.82,3085.17,0.68,7.31
WENDT,EQ,8689.5,0.72,1737.9,0.08,7.28
TECHNOE,EQ,1011,0.53,11757.89,0.71,7.2
ANONDITA,SM,1095,0.96,1980.48,0.66,7.2
MANGLMCEM,EQ,1039,3.25,2856.97,0.69,7.18
BBTC,EQ,1454,-0.44,10144.83,0.49,7.12
PERNIASPOP,EQ,546.6,0.16,4376.14,1.29,7.12
RISHABH,EQ,739,0.33,2859.71,0.96,7.08
PFIZER,EQ,4045,1.15,18504.96,0.18,7.08
VTL,EQ,562.4,2.03,16285.8,1.26,7.06
KNRCON,EQ,122.02,1.65,3431.62,5.81,7.05
TRIVENI,EQ,242.3,1.15,5260.82,2.89,7.04
IVALUE,EQ,235,4.22,1286.71,3.03,7.03
WEWORK,EQ,670,-0.17,9304.3,1.05,7.02
LUMAXIND,EQ,5765,-1.39,5388.97,0.12,7.01
ADVAIT,EQ,1978.6,-1.35,2166.64,0.35,6.96
JISLJALEQS,EQ,28.87,-0.21,2063.08,24,6.95
MAYURUNIQ,EQ,722,-0.57,3137.28,0.96,6.92
TICL,BE,5.83,4.86,90.37,122.27,6.91
ALKYLAMINE,EQ,1879.1,0.82,9610.88,0.37,6.91
PICCADIL,EQ,620.2,0.88,6113.44,1.11,6.9
KNACK,EQ,184.9,-0.35,2262.53,3.71,6.89
KRISHNADEF,EQ,1034,0.82,1545.6,0.66,6.88
GOLDAXIS,EQ,125.74,-0.08,5635.76,5.44,6.86
AIMTRON,SM,1803,-0.83,3757.7,0.38,6.83
ABSLAMC,EQ,1026.1,-0.09,29691.08,0.66,6.81
DOMS,EQ,2145,2.2,13017.65,0.32,6.8
KAMDHENU,EQ,40.62,-2.14,1145.01,16.67,6.79
VIKRAN,EQ,56,1.12,1444.3,12.12,6.78
SANGHVIMOV,EQ,441.1,0.52,3818.87,1.54,6.78
SILVERAXIS,EQ,228.82,-0.22,2125.89,2.93,6.75
SMALLCAP,EQ,49.16,0.86,955.56,13.67,6.71
REFEX,EQ,286,-1.72,3924.74,2.33,6.71
JAIBALAJI,EQ,66.8,3.84,6093.88,10.04,6.68
TANAA,EQ,349.6,-4.75,891.5,1.83,6.64
ACC,EQ,1254,1.28,23548.52,0.53,6.64
CMRGREEN,EQ,228,-0.65,4994.47,2.88,6.6
E2ERAIL,SM,315.6,-3.07,544.65,2.02,6.6
SURYAROSNI,EQ,214.8,1.3,4674.82,3.08,6.59
BETA,EQ,2188,3.94,2425.59,0.3,6.55
LUXIND,EQ,1185,2.38,3563.49,0.55,6.52
NEXT50IETF,EQ,76.48,0.8,2690.69,8.5,6.5
GODIGIT,EQ,245,1.3,22666.04,2.67,6.5
GHCLTEXTIL,EQ,134.7,0.58,1287.54,4.79,6.49
SAMHI,EQ,160.7,0.74,3573.32,4.03,6.46
BHAGYANGR,EQ,447.35,5,1498.46,1.47,6.46
AVADHSUGAR,EQ,732.1,-0.1,1465.55,0.87,6.45
ADVENZYMES,EQ,296.75,0.05,3298.41,2.17,6.44
SOMANYCERA,EQ,597,0.38,2448.46,1.09,6.44
EPACK,EQ,184.85,1.82,1779.67,3.48,6.44
SEPC,EQ,5.23,1.36,1004.36,123.09,6.43
BANSALWIRE,EQ,316.05,0.25,4947.95,2.03,6.42
SAFARI,EQ,1482,-1.1,7261.4,0.43,6.39
ITI,EQ,257.05,1.5,24699.6,2.47,6.35
ZYDUSWELL,EQ,532,2.2,16926.15,1.2,6.34
SHARDACROP,EQ,762,1.96,6874.8,0.83,6.28
TNPETRO,EQ,128.35,-0.5,1154.78,4.86,6.28
WSTCSTPAPR,EQ,748,-0.23,4940.46,0.84,6.27
RIIL,EQ,717.05,1.04,1082.75,0.87,6.25
HEXT,EQ,498.25,-1.18,30443.87,1.24,6.24
DBL,EQ,413,-2.39,6708.97,1.49,6.22
THELEELA,EQ,543.5,1.2,18150.61,1.14,6.2
DWARKESH,EQ,41.92,0.58,776.78,14.68,6.19
SHIVALIK,EQ,433,3.86,681.99,1.43,6.19
ICRA,EQ,4533.1,-1.02,4375,0.14,6.19
UTKARSHBNK,EQ,14.15,1.95,2518.03,44.2,6.18
ADVANCE,EQ,120.5,11.43,774.64,5.32,6.17
HINDOILEXP,EQ,174.9,0.04,2312.94,3.5,6.14
KIRLFER,EQ,476.05,-0.79,7851.09,1.27,6.11
ASHUTOSH,SM,160.55,6.96,351.2,3.77,6.08
SEIL,EQ,197.5,3,3179.75,3.09,6.07
STYRENIX,EQ,2136,2.78,3756.29,0.28,6.06
RAMCOSYS,EQ,595,0.44,2237,1,6.03
INDIGRID,IV,173.5,0.39,16527,3.47,6
ADISOFT,SM,259.8,-4.29,423.94,2.19,5.99
WANBURY,EQ,233.4,4.8,816.13,2.56,5.97
IZMO,EQ,929.75,-0.19,1392.8,0.64,5.96
LATENTVIEW,EQ,253.7,1.26,5253.7,2.35,5.95
UTTAMSUGAR,EQ,265.3,2.73,1011.8,2.22,5.92
MOMSBELIEF,EQ,226,-1.02,472.38,2.53,5.9
SAATVIKGL,EQ,446,-0.17,5668.88,1.31,5.88
GOKULAGRO,EQ,228,3.1,6727.98,2.6,5.87
HCG,EQ,706.2,-0.97,10543.72,0.82,5.85
ERIS,EQ,1269.5,-0.13,17593.15,0.46,5.83
BAGMANE,RR,110.3,-0.08,37502,5.25,5.8
KITEX,EQ,123.48,3.35,2463.43,4.76,5.8
ROSSARI,EQ,453,2.43,2509.35,1.28,5.79
TVSHLTD,EQ,12588,0.36,25468.17,0.05,5.78
RALLIS,EQ,202.5,0.27,3938,2.85,5.77
NIFTYAXIS,EQ,260.5,0.44,1082.95,2.22,5.76
GANESHBE,BE,131.48,5,946.52,4.35,5.69
INDIASHLTR,EQ,661,-0.17,7215.96,0.85,5.66
SGIL,EQ,658.6,3.42,1023.66,0.85,5.65
RUBYMILLS,EQ,488.05,6.11,1632.04,1.12,5.55
INFRAIETF,EQ,93.11,0.02,257.78,5.92,5.53
SKFINDIA,EQ,1523,1.05,7529.4,0.36,5.51
AEROENTER,EQ,125.95,1.9,1425.3,4.36,5.5
VENUSREM,EQ,1644,2.02,2197.53,0.33,5.49
JUBLCPL,EQ,2188,4.24,3315.37,0.25,5.46
DREDGECORP,EQ,1020,2.64,2856,0.54,5.44
EASEMYTRIP,EQ,5.88,-1.84,2342.98,92.25,5.44
SOBHA,EQ,1248.1,1.4,13346.28,0.44,5.44
MOS,SM,7.3,9.77,187.93,74.56,5.42
MONOLITH,SM,1205,-6.05,2619.19,0.44,5.42
ALPHA,EQ,53.28,0.23,928.28,10.15,5.4
MASFIN,EQ,284.9,-1.54,5169.61,1.89,5.39
MAGSON,SM,180,0,255.38,2.96,5.33
ARTEMISMED,EQ,343.8,0.87,5441.45,1.56,5.31
MOLDTKPAC,EQ,685.8,7.16,2278.84,0.79,5.29
JARO,EQ,463.35,0.64,1031.9,1.14,5.28
UGARSUGAR,EQ,57.11,3.18,642.49,9.16,5.26
TCPLPACK,EQ,3970,3.55,3612.7,0.13,5.26
BOMDYEING,EQ,111.32,1.59,2299.15,4.71,5.25
INDOFARM,EQ,143.3,2.43,688.58,3.64,5.25
KIRLOSBROS,EQ,1795.7,1.15,14259.46,0.29,5.24
POWERMECH,EQ,2446.9,0.16,7736.19,0.21,5.24
MMTC,EQ,60.48,1.36,9072,8.62,5.21
NESCO,EQ,1074.1,0.48,7568.1,0.48,5.18
NITCO,EQ,93,1.21,2237.26,5.61,5.16
BHAGERIA,EQ,348.7,1,1521.87,1.47,5.15
ALPEXSOLAR,SM,849,-1.77,2168.6,0.61,5.15
KPEL,EQ,229.4,-0.67,1555.29,2.25,5.15
PRAKASH,EQ,119.98,0.72,2148.62,4.29,5.13
INDIANHUME,EQ,364.1,-1.03,1918.14,1.4,5.13
IONEXCHANG,EQ,430.55,0.17,6314.73,1.18,5.11
OBSCP,SM,958,4.5,2476.01,0.54,5.05
GLOBUSSPR,EQ,828,0.82,2605,0.61,5.03
GANECOS,EQ,1035,3.67,2773.38,0.49,5.02
DIFFNKG,EQ,441,-0.14,1650.5,1.13,5.01
QLINE,SM,702.5,2.82,1638.81,0.72,5
GAUDIUMIVF,EQ,118.92,6.8,865.58,4.3,4.97
HDFCBSE500,EQ,36.8,0.03,149.75,13.5,4.97
HOMEFIRST,EQ,1208,-0.37,12631.23,0.41,4.97
CAPINVIT,IV,77.13,0.26,3791.34,6.44,4.96
MOREALTY,EQ,87.69,1.87,254.65,5.68,4.96
DALBHARAT,EQ,1749,0.42,32805.29,0.28,4.94
KINGFA,EQ,6221,0.85,8430.31,0.08,4.89
PVP,EQ,68.61,4.99,1786.63,7.09,4.83
STALLION,BE,225,-0.54,2611.93,2.15,4.8
JAICORPLTD,EQ,96.52,2.41,1693.97,4.98,4.79
PNGSREVA,EQ,522,2.01,1654.66,0.92,4.79
ELANTAS,EQ,14400,-0.07,11415.86,0.03,4.77
ASHOKA,EQ,112.93,0.87,3170.21,4.24,4.77
CAPACITE,EQ,197.8,1.58,1673.47,2.42,4.77
APCOTEXIND,EQ,614,0.75,3183.28,0.78,4.76
EUREKAFORB,EQ,379.8,0.66,7351,1.25,4.76
KSHITIJPOL,EQ,4.84,4.99,103.64,97.91,4.73
GMBREW,EQ,972,2.53,2220.72,0.49,4.73
VIPIND,EQ,298,0.27,4233.2,1.58,4.72
RSL,EQ,185.36,-1.02,1549.01,2.52,4.69
INA,EQ,91.29,-1.37,2012.48,5.09,4.68
MANYAVAR,EQ,531,-0.81,12902.14,0.87,4.67
EFCIL,EQ,183,2.81,2707.41,2.58,4.66
BASF,EQ,3583.7,0.32,15512.27,0.13,4.65
POWERICA,EQ,571,2.09,7226.11,0.82,4.64
SANDHAR,EQ,592,0.97,3563.29,0.78,4.63
SEAMECLTD,EQ,1748,0.77,4444.29,0.26,4.61
GHCL,EQ,422.6,0.55,3893.44,1.08,4.61
EMSLIMITED,EQ,368.45,0.88,2046.03,1.25,4.58
ANAWIL,SM,440,-1.26,1099.99,1.04,4.57
SURAJEST,EQ,221,1.84,1055.79,2.08,4.56
MMP,EQ,470,1.89,1193.92,0.97,4.56
FDC,EQ,350,-1.82,5698.35,1.29,4.55
HARSHA,EQ,462.3,-0.6,4208.97,0.97,4.53
NFL,EQ,67.6,1.33,3316.31,6.71,4.53
JAYBARMARU,EQ,116.1,4.99,1256.78,4.07,4.53
ISFT,EQ,107.14,3,174.76,4.1,4.52
CAMPUS,EQ,211.3,-0.02,6459.01,2.13,4.5
TNPL,EQ,144,1.01,996.63,3.1,4.49
KIRLPNU,EQ,709,0.31,9211.78,0.63,4.49
VMART,EQ,783,-1.58,6230.75,0.57,4.47
GSMFOILS,SM,77.05,-4.99,108.58,5.7,4.46
ATULAUTO,EQ,460.3,3.07,1277.39,0.97,4.42
GRINDWELL,EQ,1985,2.22,21977.92,0.22,4.42
BCG,EQ,9.63,0.31,1943.26,45.94,4.41
SPORTKING,EQ,210,-2.09,2668.51,2.03,4.4
JYOTISTRUC,EQ,9.37,1.96,1118.46,46.85,4.39
IOB,EQ,32.08,0.5,61775.14,13.61,4.37
LIKHITHA,EQ,229,0.46,903.41,1.85,4.35
UNIECOM,EQ,83.15,-3.67,934.43,5.17,4.34
VERTIS,IV,115.75,1.09,17478.06,3.75,4.34
CENTURYPLY,EQ,714,2.65,15863.15,0.61,4.33
JNKINDIA,EQ,419.75,1.4,2348.67,1.03,4.33
HUBTOWN,EQ,177.79,1.24,2526.41,2.42,4.31
POKARNA,EQ,743,1.43,2303.6,0.58,4.3
VSSL,EQ,413.9,1.5,4002.46,1.04,4.27
ADOR,EQ,1594.1,-0.04,2774.18,0.27,4.26
GLOBAL,EQ,135.44,2.43,689.41,3.18,4.26
BCLIND,EQ,34.35,2.6,1013.89,12.48,4.26
UTIAMC,EQ,909,-1.19,11684.31,0.46,4.24
ORIENTHOT,EQ,144,0.78,2571.83,2.95,4.23
TARC,EQ,129.88,-0.6,3832.71,3.23,4.18
JYOTHYLAB,EQ,194.39,0.22,7138.28,2.15,4.18
SIMPLEXINF,EQ,255.5,-0.31,2020.89,1.62,4.18
RIIT,IV,119.8,0.35,7188,3.49,4.17
SIS,EQ,423,-0.25,5978.95,0.98,4.17
BOSCH-HCIL,EQ,1768,2.74,4807.35,0.24,4.17
PONNIERODE,EQ,375.8,3.58,323.13,1.09,4.14
TARSONS,EQ,335,1.06,1782.41,1.23,4.13
MANUGRAPH,EQ,23.2,14.74,70.56,17.41,4.13
VAIBHAVGBL,EQ,210,0.87,3523.16,1.97,4.13
FLYSBS,SM,669,-0.62,1157.62,0.62,4.12
SHANTIINOR,SM,180,3.48,310.45,2.26,4.11
HARIOMPIPE,EQ,357,-1.14,1105.53,1.13,4.08
VOEPL,EQ,519,5.26,1690.16,0.79,4.07
OMAXAUTO,EQ,209.94,10,448.67,2,4.07
HMAAGRO,EQ,23.72,0,1187.83,17.17,4.06
CANTABIL,EQ,238,-0.36,1990.59,1.7,4.05
ITIETF,EQ,31.59,-0.72,521.9,12.79,4.04
SILVERTUC,EQ,154,-1.21,1952.87,2.6,4.04
AUSTENG,EQ,164.4,0.95,57.18,2.34,4.03
CRIZAC,EQ,177.85,0.46,3112.06,2.26,4.03
SKMEGGPROD,EQ,229.85,3.89,1210.39,1.76,4.02
CANHLIFE,EQ,150.81,-1.69,14326.95,2.63,3.99
EIMCOELECO,EQ,2300,1.95,1326.73,0.17,3.99
IGARASHI,EQ,431.9,1.86,1359.41,0.92,3.98
GALLANTT,EQ,558.05,2.64,13464.68,0.72,3.98
GODREJIND,EQ,1115,1.4,37558.89,0.36,3.98
MSPL,EQ,35.5,6.32,2012.13,11.33,3.97
NAMOEWASTE,SM,310,-2.07,708.89,1.25,3.96
KMCSHIL,EQ,162.64,1.9,2652.41,2.44,3.95
IKIO,EQ,208.45,1.2,1610.92,1.88,3.94
CELLO,EQ,324.6,1.34,7320.97,1.21,3.92
SETFNIFBK,EQ,580.62,0.42,3637.28,0.67,3.9
MAZDA,BE,254.85,4.98,510.34,1.54,3.89
SOLARWORLD,EQ,138.08,-0.99,1196.78,2.78,3.88
MUNJALAU,EQ,107.4,2.48,1074,3.62,3.88
GUFICBIO,EQ,437.9,-0.96,4391.37,0.88,3.87
TTML,EQ,35.7,0.22,6979.09,10.81,3.86
GALAXYSURF,EQ,2224.2,1.65,7885.85,0.17,3.86
VSTTILLERS,EQ,4417,2.59,3821.92,0.09,3.86
BLKASHYAP,EQ,53.71,4.23,1210.84,7.16,3.85
CPSEETF,EQ,93.2,0.28,19096.93,4.13,3.85
INDIACEM,EQ,340,-0.19,10536.5,1.12,3.84
INDIGOPNTS,EQ,1142,0,5451.07,0.34,3.84
SUBROS,EQ,731.7,1.53,4773.3,0.52,3.83
SPECTRUM,BE,3241,-3.09,5092.86,0.12,3.81
DANISH,SM,1010,2.41,1988.85,0.39,3.81
UTSSAV,SM,649,-0.51,1567.21,0.58,3.78
KRSNAA,EQ,562,0.74,1823.05,0.67,3.78
AVIENCE,SM,352,1.78,193.07,1.03,3.76
EXCELSOFT,EQ,81.5,-1.63,937.94,4.58,3.74
SILVERAG,EQ,224.26,0.08,1230.58,1.65,3.72
ALICON,EQ,738,-0.87,1211.19,0.5,3.72
ICICIB22,EQ,113.06,0.53,9782.22,3.26,3.7
MOM30IETF,EQ,31.15,1.04,543.33,11.9,3.69
TASTYBITE,EQ,10228,4.06,2624.5,0.04,3.69
APOLLOPIPE,EQ,522.95,-0.6,2303.5,0.69,3.65
VESUVIUS,EQ,396,0.83,8037.25,0.92,3.64
BBL,EQ,2234,0.61,2525.12,0.16,3.64
BANCOINDIA,EQ,613,1.21,8768.19,0.59,3.64
AAREYDRUGS,EQ,102,-0.51,289.21,3.52,3.63
FINOPB,EQ,132.89,-0.1,1105.89,2.72,3.61
PVTBANIETF,EQ,27.77,0.25,4111.88,13.03,3.61
MAHSCOOTER,EQ,13200,-0.85,15085.71,0.03,3.6
CORONA,EQ,2160.9,-0.94,13216.08,0.17,3.59
KALPATARU,EQ,275.85,2.78,5680.36,1.33,3.58
KAVDEFENCE,BE,82.6,5,496.63,4.34,3.57
BUILDPRO,EQ,1286.4,-1.86,3119.43,0.27,3.56
AGARIND,EQ,410,1.03,613.27,0.86,3.56
BANKNIFTY1,EQ,58.68,0.48,4257.49,6,3.53
KSCL,EQ,715,2.19,3677.89,0.5,3.52
SIKA,EQ,1056.4,-0.6,2239.66,0.33,3.5
TCI,EQ,827,1.67,6353.94,0.42,3.5
RML,EQ,1350,0.16,3731.01,0.26,3.5
VETO,EQ,145.9,4.54,278.89,2.39,3.46
PIXTRANS,EQ,1756.5,1.36,2393.27,0.19,3.46
BOROLTD,EQ,267.3,1.42,3196.58,1.29,3.44
DPABHUSHAN,EQ,1460,-0.64,3332.88,0.23,3.43
SANOFI,EQ,3060,0.04,7047.37,0.11,3.43
COSMOFIRST,EQ,862,-0.09,2262.73,0.39,3.41
VMARCIND,SM,338,1.9,4952.52,1.01,3.41
GKENERGY,EQ,126.9,-0.68,2573.75,2.64,3.37
VSTIND,EQ,209.4,1.8,3556.89,1.62,3.37
MAXESTATES,EQ,602,1.17,9847.51,0.56,3.36
ONIDA,EQ,34.34,-1.12,1268.49,9.66,3.36
FERMENTA,EQ,474.5,0.83,1396.5,0.7,3.36
ORIENTELEC,EQ,169.2,1.6,3610.15,1.98,3.32
LMW,EQ,17192,0.67,18366.21,0.02,3.32
REMSONSIND,EQ,99.3,1.62,346.35,3.33,3.32
MANOMAY,EQ,223.3,-1.78,403.03,1.46,3.3
DIGITIDE,EQ,80.7,-1.37,1203.88,4.04,3.28
BANKETF,EQ,576.11,0.39,334.04,0.57,3.28
AVL,EQ,622,-0.81,8032.39,0.52,3.28
HPL,EQ,281,0.41,1806.84,1.16,3.28
DENTALKART,SM,415,2.6,719.76,0.8,3.26
RITCO,EQ,290,0.97,830.06,1.13,3.26
BLUECLOUDS,EQ,19.72,2.87,1820.32,16.6,3.25
OSELDEVICE,SM,409.9,13.47,729.4,0.84,3.25
PAUSHAKLTD,EQ,688,-1.85,1696.4,0.47,3.25
MANCREDIT,EQ,224,0.66,472.95,1.43,3.23
NXST,RR,166.36,-0.01,25203.54,1.94,3.23
SHALBY,EQ,148,8.27,1598.54,2.24,3.22
MMFL,EQ,615,1.92,2969.32,0.52,3.21
MOSMALL250,EQ,18.48,0.98,259.46,17.39,3.21
DMCC,EQ,298.35,2.65,744.08,1.08,3.21
FMCGIETF,EQ,49.78,1.2,780.12,6.46,3.21
MGEL,EQ,15.49,-0.19,510.48,20.69,3.2
SAIPARENT,EQ,508,0.27,2244.3,0.62,3.18
DHARMAJ,EQ,301.55,7.08,1019.16,1.08,3.17
JTEKTINDIA,EQ,120.3,3.27,3336.09,2.63,3.16
NIVABUPA,EQ,80.42,-0.51,14874.84,3.91,3.14
SWARAJ,BE,307.15,4.99,811.44,1.03,3.14
ORISSAMINE,EQ,3856,-0.61,2313.6,0.08,3.13
SAKSOFT,EQ,147.9,2.45,1960.43,2.12,3.12
MBEL,EQ,260.75,0.58,1490.47,1.19,3.11
MAHLIFE,EQ,356.55,-0.7,7607.84,0.87,3.09
MOCAPITAL,EQ,53.85,1.72,264.13,5.76,3.09
DCXINDIA,EQ,164.93,0.87,1837.1,1.87,3.09
VASCONEQ,EQ,32.92,4.71,762.75,9.43,3.08
POLYPLEX,EQ,1120,2.6,3515.96,0.28,3.08
LIBERTSHOE,EQ,238,8.9,405.55,1.32,3.08
CARERATING,EQ,1644.4,1.02,4952.67,0.19,3.08
DAMCAPITAL,EQ,140.5,2.03,993.14,2.18,3.06
TSFINV,EQ,462.7,0.29,10276.75,0.66,3.05
BOROSCI,EQ,117.99,-1.52,1049.54,2.57,3.05
SBGLP,EQ,24.2,3.68,419.67,11.64,3.04
EPIGRAL,EQ,1102,0.1,4754.18,0.28,3.03
VALIANTORG,EQ,421.45,0.74,1181.52,0.72,3.03
SALSTEEL,EQ,85.02,4.99,1230.81,3.6,3.02
CSM,EQ,103.05,-2,531.77,2.89,3.02
DHANUKA,EQ,978.1,1.21,4360.21,0.31,3
INDOCO,EQ,252.3,-0.87,2328.82,1.18,3
BAJAJELEC,EQ,330.15,2.07,3810.71,0.91,2.99
EIHOTEL,EQ,301.05,-0.94,18826.59,0.99,2.98
MIDWESTLTD,EQ,999,-1.9,3612.47,0.3,2.97
BIRLACORPN,EQ,842,2.98,6483.85,0.35,2.93
SRHHYPOLTD,EQ,590.95,-1.39,1014.36,0.49,2.92
METAL,EQ,13.43,2.44,559.97,21.89,2.92
FUSION,EQ,183.79,0.1,2975.78,1.58,2.91
LANDMARK,EQ,509.05,-0.28,2110.77,0.57,2.91
GROWWSLVR,EQ,22.58,0.09,323.33,12.8,2.91
SERVOTECH,EQ,71.43,1.12,1613.21,4.07,2.9
AONELIQUID,EQ,1078.02,0.01,239.37,0.27,2.89
LTGILTBEES,EQ,29.79,0.17,2401.13,9.69,2.89
HDFCNIFTY,EQ,265.05,0.41,4786.13,1.09,2.89
ALPL30IETF,EQ,27.07,0.15,1524.73,10.58,2.87
NITINSPIN,EQ,617,1.41,3468.77,0.47,2.87
AJMERA,EQ,120.9,0.86,2379.26,2.35,2.86
AHLUCONT,EQ,585.25,0.49,3920.45,0.49,2.86
SHANTIGEAR,EQ,669.9,-0.56,5139.19,0.43,2.84
IMAGICAA,EQ,52.81,0.78,2988.31,5.37,2.83
TINNARUBR,EQ,1010,0.19,1819.59,0.28,2.83
GOCOLORS,EQ,318,3.28,1672.55,0.89,2.83
APEX,EQ,362.75,1.64,1133.59,0.78,2.82
DECCANCE,EQ,560,-0.4,784.42,0.5,2.81
GUJALKALI,EQ,634.45,1.26,4659.21,0.44,2.81
UDS,EQ,206,3.97,1379.24,1.36,2.79
MHRIL,EQ,202.15,1.55,4084.82,1.38,2.78
VINYAS,SM,1605,1.01,2019.85,0.17,2.78
SASKEN,EQ,1793,2.13,2723.83,0.15,2.77
HNDFDS,EQ,621,-0.18,7524.2,0.45,2.77
DAVANGERE,EQ,2.2,-2.65,314.6,125.01,2.76
MAXVOLT,SM,411.85,5,449.08,0.67,2.75
GANDHITUBE,EQ,990.2,-1.3,1203.29,0.27,2.74
KAMATHOTEL,EQ,239.5,1.03,706.05,1.13,2.74
HATSUN,EQ,1159.9,-0.69,25836.57,0.24,2.74
LOKESHMACH,EQ,360,6.78,784.68,0.77,2.74
TRAVELFOOD,EQ,1213.5,-1.37,15983.03,0.22,2.72
KANSAINER,EQ,182.05,0.59,14723.82,1.47,2.7
ELIQUID,EQ,1048.83,0.01,56.94,0.26,2.7
COCKERILL,EQ,8176,-0.02,4037.16,0.03,2.69
SUNDROP,EQ,747,0.63,2815.95,0.36,2.69
KRISHCA,SM,192.35,19.99,306.37,1.47,2.67
754GS2036,GS,105.62,-0.02,157373.8,2.52,2.66
MOL,EQ,61.61,0.26,1566.83,4.3,2.66
SUNTECK,EQ,290,0.73,4258.42,0.91,2.64
MERCURYEV,EQ,38.84,-2.73,737.86,6.64,2.62
ASHIANA,EQ,390.15,1.34,3921.98,0.67,2.62
CEINSYS,EQ,714.95,1.92,1496.94,0.37,2.61
MIDCAPETF,EQ,23.43,0.47,1886.86,11.15,2.61
IRISDOREME,EQ,66.3,0.09,1261.9,3.93,2.61
SPAL,EQ,992.9,1.35,2496.04,0.26,2.61
DLINKINDIA,EQ,425.1,0.37,1509.31,0.61,2.6
MOLOWVOL,EQ,35.47,0.62,72.14,7.36,2.58
SURAKSHA,EQ,355,0.45,1848.87,0.73,2.57
AUTOIND,EQ,87.53,3.2,397.17,2.96,2.57
HUHTAMAKI,EQ,251.45,1.99,1899,1.03,2.56
SHREEPUSHK,EQ,499,-1.35,1613.65,0.51,2.55
TTKHLTCARE,EQ,1059.9,0.92,1497.67,0.24,2.55
RAMCOIND,EQ,325,1.29,2822.35,0.78,2.54
ASTRAZEN,EQ,6707,-0.07,16767.5,0.04,2.52
DUGLOBAL,SM,19,-2.06,136.69,13.18,2.52
WELSPLSOL,EQ,53.6,1.02,3551.6,4.68,2.51
LAXMIDENTL,EQ,195.2,1.05,1074.17,1.29,2.51
ARMANFIN,EQ,1966,-0.45,2073.41,0.13,2.51
HITECH,EQ,76.1,1.98,1545.65,3.32,2.51
LGBBROSLTD,EQ,1730,-0.01,5517.39,0.14,2.5
BSLGOLDETF,EQ,132.91,-0.11,3189.62,1.88,2.5
THOMASCOOK,EQ,105.2,0.33,4948.4,2.37,2.5
METROBRAND,EQ,907.35,-1.41,24733.7,0.27,2.49
DCMSHRIRAM,EQ,979,-0.03,15266.75,0.25,2.49
AUTOBEES,EQ,280.79,0.24,469.27,0.89,2.49
RTNINDIA,EQ,27.25,0.11,3766.68,9.01,2.49
TIL,BE,257.35,3.74,2117.08,0.96,2.47
ATLASCYCLE,EQ,99.9,6.79,64.97,2.4,2.47
RFBL,ST,97.5,4.95,227.32,2.52,2.46
PDSL,EQ,361.5,0.01,5113.79,0.68,2.45
COFFEEDAY,EQ,30.92,1.08,653.19,7.93,2.44
VGL,EQ,70.2,2.72,361.73,3.45,2.43
KELLTONTEC,EQ,13.79,0.66,727.84,17.62,2.42
VISHNU,EQ,725,0.57,4880.36,0.33,2.42
MODISONLTD,BE,472.15,0.83,1532.13,0.51,2.42
MANAKCOAT,EQ,131.1,-1.18,1397.97,1.81,2.41
TVSSRICHAK,EQ,4625,-0.54,3541.39,0.05,2.41
MPSLTD,EQ,2695,3.53,4610.02,0.09,2.39
HIRECT,EQ,1242,-0.02,4403.96,0.19,2.38
HNGSNGBEES,EQ,461.39,-0.26,1088.27,0.52,2.38
JKLAKSHMI,EQ,513,1.02,6368.61,0.46,2.38
SPIC,EQ,67.08,1.5,1366.02,3.57,2.38
SUNLITE,SM,618,-2.39,853.2,0.38,2.37
HINDWAREAP,EQ,177.63,1.64,1485.81,1.33,2.37
MCLOUD,EQ,25.42,0.95,1497.41,9.3,2.36
PUSHPA,SM,103,-2.83,249.5,2.36,2.36
SULA,EQ,138.2,2.01,1167.06,1.72,2.36
BLUEDART,EQ,4800,0.28,11389.41,0.05,2.35
GROWWLIQID,EQ,110.87,0.03,104.11,2.12,2.35
VIVIDEL,SM,1756,-0.43,1560.7,0.13,2.34
SURYODAY,EQ,149.85,2.36,1592.75,1.58,2.34
TAURIAN,ST,582,3.99,517,0.4,2.34
GRINFRA,EQ,827,2.71,8002.1,0.29,2.34
C2C,SM,181.5,-3.25,307.98,1.27,2.33
DCAL,EQ,172.2,1.37,2699.8,1.34,2.31
KAPSTON,EQ,587,2.88,1786.37,0.4,2.31
SYMPHONY,EQ,591,0.08,4058.48,0.39,2.31
PATILAUTOM,SM,353,-1.89,770.27,0.65,2.3
20MICRONS,EQ,219,1.18,772.77,1.05,2.3
SIMCA,ST,277.5,2.4,332.21,0.84,2.3
ESAFSFB,BE,40.55,2.76,2092.82,5.67,2.29
ULTRAMAR,EQ,436.75,3.03,1275.31,0.52,2.28
JLHL,EQ,274.95,0.05,9013.69,0.83,2.28
TTKPRESTIG,EQ,525.45,1.6,7196.9,0.43,2.27
SPMLINFRA,EQ,168.1,1,1426.23,1.33,2.26
FLAIR,EQ,241.9,0.25,2549.51,0.94,2.26
RUSTOMJEE,EQ,368.9,1.47,4657.39,0.61,2.25
BHAGCHEM,EQ,247,1.29,3202.83,0.91,2.25
STUDDS,EQ,418,-0.82,1644.97,0.54,2.25
NILKAMAL,EQ,1873,0.44,2794.99,0.12,2.24
IPL,EQ,133.99,0.39,1543.08,1.67,2.23
ICELCO,SM,134.5,7.51,245.62,1.69,2.23
INDOTECH,EQ,3287.9,0.27,3491.75,0.07,2.22
WAKEFIT,EQ,147,0.1,4875.18,1.49,2.2
SAFEENTP,SM,249.05,0.38,1160.68,0.88,2.19
GEOJITFSL,EQ,82.09,1.8,2291.31,2.63,2.16
PRSMJOHNSN,EQ,116.5,0.36,5864.1,1.82,2.12
SHINDL,EQ,166,2.13,650.96,1.3,2.11
PANORAMA,EQ,56.57,2.26,1473.85,3.72,2.11
KOLTEPATIL,EQ,441.7,1.41,3917,0.48,2.1
HGINFRA,EQ,452.8,1.88,2950.95,0.47,2.1
ADVENTHTL,EQ,131.45,3.7,709.08,1.62,2.09
DCMSIL,EQ,77.46,10,673.84,2.82,2.09
AJAXENGG,EQ,565.7,0.19,6471.99,0.37,2.09
RAMASTEEL,BE,4.65,2.42,760.51,45.13,2.08
QMSMEDI,BE,195.69,1.76,378.41,1.07,2.07
SANSTAR,EQ,110.95,-1.47,2221.98,1.85,2.07
AGL,EQ,14.39,3.23,1414.22,14.65,2.06
SHRIRAMPPS,EQ,72.1,1.51,1230.42,2.85,2.06
ANDHRAPAP,EQ,71,-0.6,1411.84,2.87,2.06
PURVA,EQ,216.7,0,5139.03,0.95,2.05
NSIL,EQ,5638,2.06,2895.77,0.04,2.05
ANDHRSUGAR,EQ,95,-0.37,1287.59,2.14,2.05
GREENPOWER,EQ,9.07,0.78,1063.94,22.57,2.05
DODLA,EQ,1045.1,-0.24,6304.86,0.19,2.04
VRLLOG,EQ,291.45,-0.1,5098.54,0.7,2.04
ATL,EQ,26.05,6.98,656.62,7.96,2.04
DENTA,EQ,275.1,0.9,734.52,0.74,2.04
SHREMINVIT,IV,102,0,6230.61,2,2.04
GAYAPROJ,EQ,24.25,2.41,1125.93,8.59,2.04
SATIN,EQ,225,0.81,2485.6,0.91,2.04
OPTIFIN,EQ,15.29,-8.44,114.25,12.82,2.03
MTNL,EQ,24.39,3.04,672.24,8.28,2.01
GTLINFRA,EQ,1.14,1.79,1449.7,177.43,2
PRADPME,BE,507.3,1.69,876.11,0.39,2
PRABHA,EQ,235,-0.31,3440.86,0.85,2
BSLNIFTY,EQ,27.5,0.07,3277.28,7.24,1.99
NILASPACES,EQ,11.86,-1.33,467.15,16.83,1.99
GANESHCP,EQ,163.75,-1.7,661.76,1.2,1.99
INDUSINVIT,IV,133.4,-0.43,8150.82,1.49,1.99
PARKHOTELS,EQ,107.58,-0.16,2295.48,1.86,1.98
HEMIPROP,EQ,121.09,1.62,3451.07,1.63,1.97
GATEWAY,EQ,52.56,0.54,2626.13,3.73,1.96
AYMSYNTEX,EQ,292,-1.15,1716.61,0.65,1.95
CONNPLEX,SM,265.5,1.72,507.11,0.74,1.95
ARKADE,EQ,127.13,-0.99,2360.34,1.52,1.95
KRMAYURVED,SM,305.55,1.31,649.62,0.64,1.94
SGRL,EQ,740,4.99,949.78,0.26,1.94
MUTHOOTMF,EQ,189.99,0.89,3239.18,1.02,1.93
MEDICO,EQ,32.5,-4.3,269.7,5.86,1.93
UNIHEALTH,SM,638.4,-2.06,1015.05,0.31,1.92
GREENPANEL,EQ,168.81,-0.81,2070.07,1.13,1.91
CENTENKA,EQ,581,2.4,1269.52,0.33,1.9
IRBINVIT,IV,64.51,-0.14,8267.6,2.94,1.9
RBZJEWEL,BE,181,1.81,724,1.06,1.89
BHARATWIRE,EQ,170.59,1.61,1173.37,1.1,1.88
INDOBORAX,EQ,462.5,-0.23,1484.16,0.4,1.87
BANKIETF,EQ,58.05,0.33,2763.42,3.22,1.87
MAANALU,EQ,103.9,-0.87,623.24,1.78,1.86
TGVSL,EQ,109.35,1.77,1171.03,1.72,1.85
ANSALBU,EQ,101.14,12.23,74.68,1.8,1.85
PARIN,SM,707,1.33,786.04,0.27,1.84
CHAVDA,SM,140,0,457.18,1.31,1.84
JUNIPER,EQ,222.4,-0.18,4948.45,0.82,1.83
TVSELECT,EQ,390.5,-0.17,728.29,0.46,1.83
SPANDANA,EQ,233,2.47,1661.41,0.79,1.82
BFUTILITIE,EQ,530,0.48,1996.38,0.34,1.82
ORIENTTECH,EQ,238.2,1.33,1091.1,0.77,1.82
MAWANASUG,EQ,133.51,1.58,522.25,1.34,1.8
ORIENTCEM,EQ,125,1.47,2568.25,1.44,1.8
PRINCEPIPE,EQ,266,0.28,2940.92,0.68,1.8
NIITMTS,EQ,219.3,0.68,3026.4,0.82,1.79
RUPA,EQ,140.5,1.43,1117.32,1.28,1.79
WCIL,EQ,97.77,2.76,996.82,1.84,1.79
PSB,EQ,22.11,0.82,15688.34,8.08,1.78
GROWWGOLD,EQ,14.75,0,461.32,12.03,1.78
DDEVPLSTIK,EQ,261.5,0.4,2705.91,0.68,1.78
FRESHARA,ST,405,-0.94,951.72,0.44,1.77
NIFTYETF,EQ,255.14,0.24,5372.5,0.69,1.77
QUALIANCE,ST,182.5,4.98,245.5,0.97,1.77
ASALCBR,EQ,659.5,1.18,1324.22,0.27,1.77
CERA,EQ,5527,0.47,7128.47,0.03,1.76
RAJESHEXPO,BZ,68.4,-0.49,2019.58,2.58,1.76
AMRUTANJAN,EQ,510.95,2.18,1477.19,0.35,1.76
IITL,EQ,139,-3.07,290.85,1.22,1.75
ZTECH,SM,433,0.81,643.93,0.4,1.75
ZUARI,EQ,223.49,-0.99,939.95,0.77,1.74
ACSTECH,BE,76.56,4.99,464.58,2.27,1.73
BHARATSE,EQ,219.51,-0.16,1378.52,0.79,1.73
GPTINFRA,EQ,116.5,-1.4,1472.15,1.48,1.73
KLL,SM,41.85,9.84,77.55,4.18,1.73
VIDHIING,EQ,360,0.01,1798.02,0.48,1.72
ALKALI,EQ,101,-2.13,102.84,1.69,1.72
KIOCL,EQ,351,2.47,21332.06,0.49,1.71
SOUTHWEST,EQ,194.22,1.8,579.36,0.87,1.71
MAHKTECH,EQ,21.87,-0.64,423.65,7.77,1.7
DSSL,EQ,1033,1.06,1315.74,0.16,1.69
ADFFOODS,EQ,268,1.84,2944.34,0.63,1.68
REPCOHOME,EQ,355.5,-0.49,2224.06,0.47,1.68
SWARAJENG,EQ,3558,0.06,4322.92,0.05,1.66
EVEREADY,EQ,327.75,-0.4,2382.32,0.5,1.66
ENERGY,EQ,38.08,0.16,290.21,4.32,1.65
JAGRAN,EQ,63.14,1.12,1374.27,2.6,1.64
HALDER,EQ,266,-4.08,330.85,0.6,1.64
AURUM,EQ,221.99,-0.02,1696.5,0.73,1.62
KRONOX,BE,187,2.6,693.84,0.88,1.62
HDFCNIFBAN,EQ,58.13,0.17,4910.54,2.78,1.62
JSWHL,EQ,11390,1.52,12642.47,0.01,1.61
RSWM,EQ,226.39,-0.27,1066.34,0.72,1.61
SALZERELEC,EQ,554,1.47,979.62,0.29,1.6
NEXT50,EQ,746.99,0.62,1455.62,0.21,1.6
STARCEMENT,EQ,189.01,-0.26,7795.32,0.85,1.6
PASHUPATI,EQ,80.27,0.15,1266.98,1.99,1.6
RADIANTCMS,EQ,35.6,1.02,379.88,4.55,1.6
VILAS,SM,405,-3.56,991.44,0.39,1.59
KIRLOSIND,EQ,3685,0.49,3872.78,0.04,1.59
RADHIKAJWE,BE,72.16,0.01,851.49,2.22,1.59
UDAYJEW,EQ,156,4.79,524.21,1.03,1.58
ZIMLAB,EQ,135.06,0.94,724.71,1.18,1.58
MARKOLINES,EQ,169.55,0.18,376.46,0.92,1.57
MEIL,EQ,276,1.56,762.59,0.57,1.57
ABSLBANETF,EQ,57.9,0.26,2435.25,2.71,1.57
TAJGVK,EQ,328.3,-0.17,2058.49,0.47,1.57
MOMENTUM50,EQ,54.01,0.9,408.67,2.9,1.56
MONARCH,EQ,367.9,0.27,2917.75,0.43,1.56
ALUFLUOR,EQ,581.75,7.07,454.96,0.27,1.55
GARFIBRES,EQ,789.7,-1.34,7711.29,0.2,1.55
GEEKAYWIRE,EQ,33.42,2.11,349.31,4.72,1.54
NIITLTD,EQ,92,2.77,1260.34,1.66,1.52
VEEDOL,EQ,1362,-0.58,2373.15,0.11,1.52
KCP,EQ,156.51,-0.57,2017.75,0.97,1.52
SAHANA,SM,860,2.17,911.99,0.18,1.51
MCL,EQ,60.63,7.6,164.57,2.48,1.51
INDOSTAR,EQ,227,-1.98,3670.68,0.65,1.5
SMARTWORKS,EQ,539.2,-0.86,6167.43,0.28,1.5
PROZONER,EQ,51.72,-0.98,789.26,2.92,1.5
ESABINDIA,EQ,5596,-1.03,8613.93,0.03,1.5
DEFENCE,EQ,79.1,-0.18,184.65,1.88,1.49
IT,EQ,31.58,-0.63,300.21,4.72,1.49
ANLON,SM,771.9,-5.64,579.68,0.18,1.48
VIESL,SM,372.95,-0.49,926.5,0.39,1.46
ACCENTMIC,SM,669.1,-1.1,1605.11,0.22,1.45
CONTROLPR,EQ,584.85,-0.73,935.42,0.25,1.45
NATHBIOGEN,EQ,150,1.09,285.06,0.98,1.45
MONTECARLO,EQ,526.85,0.48,1092.27,0.27,1.44
HATHWAY,EQ,10.15,1.6,1796.66,14.33,1.44
VISAKAIND,EQ,96.6,2.25,834.67,1.5,1.43
LOWVOL1,EQ,20.36,-0.59,289.54,6.99,1.43
GATECH,BE,0.76,-3.8,121.43,181.18,1.43
SRM,EQ,424,1,972.83,0.34,1.43
ANDREWYU,EQ,28,5.7,1369.06,5.06,1.43
KHAICHEM,EQ,49.93,-0.18,484.27,2.82,1.42
DHARIWAL,SM,25.35,1.81,238.33,5.85,1.42
GOACARBON,EQ,402.5,4.03,368.33,0.35,1.42
STYL,EQ,360,-0.35,5825.01,0.39,1.42
MODIS,EQ,358.35,3.18,702.05,0.39,1.42
BGRENERGY,BE,260.8,-3.96,1881.97,0.54,1.41
PURPLEUTED,ST,483.5,4.48,464.63,0.29,1.41
HDFCLIQUID,EQ,1079.06,0.01,84.58,0.13,1.41
VASWANI,EQ,44.65,-2.1,147.1,3,1.41
BAHETI,SM,760,-0.65,793.96,0.18,1.41
SUPRAJIT,EQ,485.6,0.44,6661.43,0.29,1.41
JAYBEE,SM,94,11.9,212.14,1.49,1.39
RHETAN,EQ,16.79,-4.98,1337.95,8.28,1.39
RAPPID,SM,361.7,4.51,187.79,0.38,1.38
WONDERLA,EQ,512.25,0.22,3251,0.27,1.38
SALASAR,EQ,4.94,-0.4,863.49,27.76,1.37
SCILAL,EQ,38.25,-0.05,1781.68,3.54,1.35
KUANTUM,EQ,82.61,-2.75,720.88,1.6,1.35
INFOBEAN,EQ,153.5,1.62,1498.49,0.89,1.34
OAL,EQ,555,-0.34,1867.77,0.24,1.33
ELECTHERM,EQ,909,0.57,1158.32,0.14,1.33
SATKARTAR,SM,164,2.37,259.04,0.8,1.32
UGROCAP,EQ,83.6,1.04,1298.21,1.56,1.32
JKIL,EQ,477.3,-0.15,3611.51,0.27,1.32
CEWATER,EQ,272.3,-2.31,563.56,0.48,1.32
SML100CASE,EQ,11.42,1.15,102.59,11.6,1.32
SGBDE31III,GB,15480,-0.28,18741.34,0.01,1.32
MENONBE,BE,300,-2.18,1681.2,0.43,1.31
NDRAUTO,EQ,760,0.9,1807.68,0.17,1.31
RPSGVENT,EQ,859.95,2.17,2845.27,0.15,1.31
PFS,EQ,26.95,1.97,1730.95,4.85,1.31
RAJOOENG,BE,55.32,1.86,988.43,2.36,1.3
PANACEABIO,EQ,382.4,-0.07,2342.23,0.34,1.3
YUKEN,EQ,1137,-0.08,1544.5,0.12,1.3
NRL,BE,166.26,5,1148.34,0.78,1.3
CANARYS,SM,31.95,4.75,187.69,4.08,1.3
NRAIL,EQ,653,0.14,1111.35,0.19,1.29
PDMJEPAPER,EQ,98,0.66,930.51,1.3,1.29
REMUS,SM,983.5,3.4,1158.96,0.13,1.29
ARVEE,EQ,240.8,2,265.36,0.53,1.29
HAWKINCOOK,EQ,7981.5,-0.35,4220.47,0.02,1.28
LIQUIDSHRI,EQ,1122.58,0.01,31.67,0.11,1.28
SILVER001,EQ,23.2,-0.6,194.07,5.5,1.28
AQYLON,EQ,18.81,-5,477.27,6.55,1.27
GROWWDEFNC,EQ,94.5,0.24,367.06,1.34,1.27
PNBGILTS,EQ,76.19,-0.05,1371.5,1.66,1.27
LOYALTEX,EQ,234.85,9.26,113.11,0.52,1.27
TOP10ADD,EQ,84.44,-0.11,670.6,1.5,1.27
ICEMAKE,EQ,697.5,-0.34,1100.64,0.18,1.27
ANUHPHR,EQ,93.5,0.02,937.09,1.34,1.26
VALIANTLAB,BE,122.99,-2.82,667.99,1.01,1.26
KANORICHEM,BE,182.24,5,796.27,0.71,1.26
VIVIANA,EQ,724.5,-1.29,733.54,0.17,1.25
QUICKHEAL,EQ,152.9,0.38,829.84,0.82,1.25
HEALTHIETF,EQ,173.28,0.88,241.23,0.72,1.25
LAOPALA,EQ,163.83,2,1818.51,0.77,1.25
FABTECH,EQ,148,0.67,657.87,0.83,1.24
JAGSNPHARM,EQ,227.9,0.98,1503.17,0.55,1.24
TEAMTECH,ST,136,4.62,407.67,0.94,1.23
EMKAY,EQ,270,2.06,737.91,0.45,1.23
MOM100,EQ,67.12,0.37,858.49,1.83,1.23
ITETF,EQ,30.04,-0.96,91.52,4.06,1.22
LAXMIINDIA,EQ,126,1.83,660.15,0.97,1.22
PRIMESECU,EQ,299,3.03,1015.86,0.41,1.21
ECOLINE,SM,194,3.49,398,0.62,1.21
GODAVARIB,EQ,240,-1.4,1228.22,0.5,1.21
DOLLAR,EQ,272.75,-0.02,1546.93,0.44,1.2
ALPINETEX,EQ,52.05,-0.59,199.08,2.29,1.2
BEWLTD,SM,73.6,19.97,96.22,1.72,1.19
DPEL,SM,639,-0.18,1595.27,0.19,1.19
BAJEL,EQ,174.56,1.21,2019.61,0.69,1.19
SETFNN50,EQ,775.75,0.37,3007.39,0.15,1.19
WAAREEINDO,EQ,254.75,0.12,1059.85,0.46,1.19
VPRPL,EQ,32.7,-2.56,407.59,3.57,1.18
DBOL,EQ,116,1.04,770.1,1.02,1.18
TAC,ST,492.2,-1.61,1034.96,0.24,1.18
STRIDERS,SM,51.95,-2.44,96.71,2.13,1.16
HEIDELBERG,EQ,141.7,0.4,3211.11,0.82,1.16
PATELRMART,EQ,211.28,2.88,705.69,0.55,1.15
BANKBETA,EQ,58.43,0.38,2998.63,1.97,1.15
726GS2033,GS,102,-0.39,161160,1.13,1.15
RAMKY,EQ,326.55,3.16,2259.65,0.36,1.15
DHANBANK,EQ,30.1,3.15,1188.04,3.86,1.15
RELTD,EQ,148.6,-1.76,2950.63,0.76,1.14
TCIEXP,EQ,507,4.29,1949.12,0.23,1.14
DCI,EQ,268.9,-2.52,441,0.42,1.13
ZUARIIND,EQ,280.55,1.98,835.51,0.41,1.13
DBCORP,EQ,182.09,-0.52,3245.84,0.62,1.13
MASTERTR,EQ,88,1.78,1082.54,1.29,1.13
UNITECH,EQ,4.14,1.22,1082.46,27.08,1.13
ROTO,EQ,63.43,1,1195.31,1.78,1.12
SSEGL,SM,382.8,-1.05,994.46,0.28,1.11
FOODSIN,EQ,53.4,-0.8,392.66,2.08,1.11
ORIENTBELL,EQ,395.8,0.76,583.82,0.29,1.11
CIFL,EQ,21.5,1.08,840.77,5.16,1.11
ASIANHOTNR,EQ,386.55,0.38,1647.99,0.28,1.11
HEALTHY,EQ,17.42,1.04,83.5,6.37,1.1
GULPOLY,EQ,175,1.1,1091.49,0.63,1.1
AAATECH,EQ,93.93,1.29,120.48,1.17,1.09
PRIZOR,ST,1128.55,2,1218.41,0.1,1.08
SDBL,EQ,68.19,1.1,1345.23,1.58,1.07
GPTHEALTH,EQ,163.5,0.44,1341.6,0.66,1.07
NBIFIN,EQ,1948.5,0.03,575.75,0.05,1.06
ABSMARINE,SM,300.05,-0.33,736.62,0.35,1.06
INNOVANA,EQ,299,1.25,617.73,0.36,1.06
CPS,SM,1150,-2.95,265.57,0.09,1.05
MUKKA,BE,27.18,-0.69,815.4,3.85,1.05
CLSEL,EQ,297.85,1.52,1481.08,0.35,1.05
KOTHARIPET,EQ,137.99,2.85,812.02,0.77,1.05
GROWWPOWER,EQ,11.23,0.54,288.7,9.37,1.05
AXTEL,EQ,449.5,2.36,726.16,0.23,1.04
SUYOG,EQ,670.05,3.94,785.11,0.16,1.04
MIDCAPIETF,EQ,23.7,0.68,773.88,4.38,1.04
KOVAI,EQ,6186.5,0.54,6769.43,0.02,1.03
LAMOSAIC,ST,51.5,-0.58,53.24,2.02,1.02
SAGCEM,EQ,153.2,1.24,2002.44,0.67,1.02
WPIL,EQ,440,0.15,4297.52,0.23,1.02
NDTV,EQ,71.05,-1.74,801.62,1.43,1.02
SIYSIL,EQ,542.9,1.33,2463.14,0.19,1.02
EXPLEOSOL,EQ,872.1,-0.58,1353.48,0.12,1.01
IWARE,ST,400,2.77,460.27,0.25,1.01
SUMAX,SM,106.5,-1.39,202.59,0.94,1
MARATHON,EQ,418.75,0.23,2824.24,0.24,1
JINDALPOLY,EQ,712.6,-1.29,3120.22,0.14,1
ONWARDTEC,EQ,293.95,2.56,654.02,0.34,0.99
RNFI,SM,310.5,-1.9,788.48,0.32,0.99
BESTAGRO,EQ,18.5,0.87,656.14,5.31,0.99
NIFTY1,EQ,259.78,-0.03,3342.45,0.38,0.98
NAVNETEDUL,EQ,123.5,0.31,2731.98,0.79,0.98
5PAISA,EQ,320,1.49,1500.23,0.31,0.98
AKANKSHA,SM,151.1,4.97,295.86,0.65,0.98
PRECOT,EQ,643.4,-4.62,772.08,0.15,0.97
UCL,ST,221.4,-1.99,307.45,0.44,0.97
MOLDTECH,BE,201,3.37,578.98,0.49,0.97
SUPREMEPWR,SM,205,0.76,512.32,0.48,0.97
MOMMIDCAP,EQ,13,1.4,98.73,7.48,0.97
AMBANIORGO,SM,117,4.46,101.07,0.86,0.97
BORANA,EQ,298,1.92,794.03,0.32,0.96
SGBAPR28I,GB,15150,-0.32,2685.9,0.01,0.96
TEAMLEASE,EQ,1198.9,-0.17,1832.09,0.08,0.95
EQUAL50ADD,EQ,333.66,-0.2,1345.37,0.28,0.95
INDOAMIN,BE,137.5,2,998.08,0.69,0.95
KOTHARIPRO,EQ,69.55,9.24,415.13,1.33,0.95
LINCOLN,EQ,606.5,2.04,1214.8,0.16,0.95
GENCON,EQ,39.42,-1.05,224.64,2.38,0.95
SANOFICONR,EQ,4006.9,0.35,9228.14,0.02,0.95
CAPITALSFB,EQ,285,1.32,1295.76,0.33,0.95
GREENLAM,EQ,226,-0.08,5766.34,0.42,0.95
INFRABEES,EQ,935.4,0.4,182.37,0.1,0.94
ALUWIND,SM,53,4.02,131.69,1.8,0.94
NELCAST,EQ,107.6,-1.19,936.13,0.86,0.93
BMWVENTLTD,EQ,50.95,-1.87,441.81,1.79,0.93
3BBLACKBIO,EQ,1430,4.43,1227.32,0.07,0.92
NGLFINE,EQ,2839.7,-0.69,1754.37,0.03,0.92
MID150CASE,EQ,11.6,1.13,274.78,7.97,0.92
ORIRAIL,EQ,127.75,0.62,856.68,0.72,0.92
CENTRUM,EQ,21.4,-0.14,1041.81,4.32,0.92
GANESHHOU,EQ,743.35,0.89,6198.58,0.12,0.91
SHREDIGCEM,EQ,68.9,2.96,1019.13,1.34,0.91
QUINT,BE,84.58,4.99,399.29,1.09,0.91
THOMASCOTT,EQ,235,-0.8,344.75,0.38,0.9
KRYSTAL,EQ,650,1.75,908.18,0.14,0.89
PCCL,SM,453.9,0.67,1121.13,0.2,0.88
SBIETFQLTY,EQ,214.1,-0.04,78.36,0.41,0.88
TERASOFT,EQ,231.8,-3.74,290.03,0.37,0.87
BHARATRAS,EQ,1128.2,-0.11,1875.19,0.08,0.87
CSLFINANCE,EQ,218,-1.02,496.66,0.4,0.87
UFBL,BE,721,0.1,2820.38,0.12,0.87
OPTIVALUE,ST,223.45,4.98,523.13,0.38,0.86
IMPAL,EQ,1082,0.65,1350.34,0.08,0.86
DEN,EQ,26.9,2.44,1283.73,3.2,0.85
EXCELINDUS,EQ,969,1.72,1218.1,0.09,0.85
RANEHOLDIN,EQ,1592,0.4,2273.03,0.05,0.85
GEMAROMA,EQ,155.85,1.39,814.12,0.55,0.85
HEXAGON,BE,65.7,0.97,807.57,1.29,0.85
EKI,EQ,82.54,19.99,228.53,1.06,0.85
MITCON,EQ,90.99,13.57,158.49,1.02,0.84
SAWALIYA,SM,159.6,2.97,158.29,0.53,0.84
MAGADSUGAR,EQ,512,2.25,721.49,0.16,0.84
SSDL,EQ,65.8,0.14,260.57,1.26,0.83
MATRIMONY,EQ,544,-1.23,1124.63,0.15,0.83
AKIKO,SM,438,1.86,471.71,0.19,0.83
WINDMACHIN,EQ,293.6,-2.13,3037.57,0.28,0.83
KECL,EQ,119.6,-1.33,794.31,0.69,0.83
KODYTECH,ST,1530,1.34,2186.9,0.05,0.83
GYFTR,EQ,168.9,0.24,1297.29,0.49,0.82
ATMASTCO,SM,121.25,-4.9,317.17,0.67,0.82
ABH,SM,50.25,-4.92,57.43,1.58,0.82
PRIMECAB,ST,168.05,1.11,307.94,0.48,0.82
TOP100CASE,EQ,10.35,0.49,167.03,7.94,0.82
IRMENERGY,EQ,273.95,2.09,1124.83,0.3,0.82
DJML,EQ,71.8,-3.56,248.93,1.12,0.82
CNL,EQ,1149,3.74,1725.42,0.07,0.82
SHOPERSTOP,EQ,393.85,0.34,4340.45,0.21,0.81
ELIN,EQ,90,-0.78,447.38,0.9,0.81
INNOVISION,EQ,255.7,0.49,608.91,0.32,0.81
MACOBSTECH,SM,202,4.66,197.86,0.4,0.81
GROWWRAIL,EQ,27.09,-0.26,172.45,2.97,0.81
MONIFTY500,EQ,23.46,0.09,305.68,3.42,0.8
SACHEEROME,SM,491,-3.42,1098.5,0.16,0.8
PYRAMID,EQ,159.97,1.38,588.45,0.5,0.8
AUTOIETF,EQ,28.31,0.43,224.94,2.84,0.8
SCHAND,EQ,137.1,2.5,483.58,0.58,0.8
ESCONET,ST,216.2,4.98,285.3,0.38,0.8
ZEEMEDIA,EQ,7.52,-0.53,492.88,10.53,0.8
OMINFRAL,EQ,78.89,-0.05,759.74,1,0.79
ALMONDZ,EQ,19.5,4.56,341.05,4.08,0.79
GULFPETRO,BE,66.4,4.65,338.54,1.22,0.79
CHANDAN,SM,223.2,-1.35,545.77,0.35,0.79
INDIQUBE,EQ,192.2,2.26,4074.59,0.41,0.78
BIRLANU,EQ,1405,1.4,1059.5,0.06,0.78
SGBSEP31II,GB,15370,0.18,17942.88,0.01,0.78
HGS,EQ,378.05,-0.42,1758.7,0.2,0.78
STEL,EQ,668.05,0.68,1232.91,0.12,0.78
BAJAJINDEF,EQ,221,0.9,707.2,0.35,0.78
OCCLLTD,BE,156.78,3.59,783.12,0.5,0.78
BALMLAWRIE,EQ,167.1,-0.2,2857.47,0.46,0.78
ROHLTD,EQ,310.5,1.47,851.55,0.25,0.77
PLATIND,EQ,215.5,-0.26,1183.63,0.36,0.77
QGOLDHALF,EQ,124.98,-0.18,787.87,0.62,0.77
CHEMICAL,EQ,29.66,0.71,113.16,2.61,0.77
GICHSGFIN,EQ,139.35,0.35,750.41,0.55,0.77
GGBL,SM,226.1,4.63,560.75,0.35,0.76
KANPRPLA,EQ,255.6,-4.18,625.68,0.29,0.76
AMCL,SM,358,-0.25,423.69,0.21,0.76
TEXMOPIPES,EQ,59.99,1.03,175.14,1.27,0.76
BIRLAMONEY,EQ,120.75,1.95,682.35,0.63,0.76
MADHURKNIT,SM,45,-4.96,85.54,1.66,0.76
KKCL,EQ,476.3,-1.75,2935.21,0.16,0.75
ADSL,EQ,98.5,2.14,558.01,0.77,0.75
AMEYA,SM,164.95,5,123.71,0.45,0.74
SHETHJI,SM,189,2.49,430.16,0.39,0.74
KSOLVES,EQ,259.9,3.65,616.49,0.29,0.74
SGBJUN31I,GB,15341.5,-0.25,11919.26,0,0.73
METALIC,ST,163.55,4.97,392.26,0.45,0.73
725GS2063,GS,97.1,0.22,233040,0.75,0.73
MUNJALSHOW,EQ,133.7,0.29,534.55,0.54,0.73
AMANTA,BE,189.21,2,734.69,0.39,0.73
BELLACASA,EQ,284.01,1.69,380.22,0.26,0.72
TPLPLASTEH,EQ,67.17,3.2,523.95,1.08,0.72
INTLCONV,EQ,81.49,4.66,519.75,0.9,0.72
CITIUSINVT,IV,118,-0.47,7198,0.6,0.72
SRGHFL,EQ,158.1,9.98,248.34,0.46,0.71
GILT5YBEES,EQ,66.1,0.27,258.15,1.07,0.71
RMDRIP,BE,23.51,-0.76,1006.77,2.98,0.71
ALLTIME,EQ,204.5,0.38,1339.63,0.34,0.7
BALAJITELE,EQ,93.77,0.06,1143.08,0.74,0.7
DCMSRIND,EQ,37.98,0.29,330.4,1.84,0.7
SGBFEB32IV,GB,15705,-0.23,20081.7,0,0.69
OILIETF,EQ,11.18,0.54,287.29,6.21,0.69
SREEL,BE,293.89,5,680.5,0.24,0.69
SELECTIPO,EQ,49.07,0.47,24.45,1.41,0.69
DOLATALGO,EQ,69.6,2.11,1224.96,1,0.69
MEGATHERM,SM,262.05,0.83,493.72,0.27,0.69
GROWWMETAL,EQ,12.54,1.46,42.21,5.43,0.68
TECHERA,SM,158.7,5,262.19,0.43,0.68
SGBAUG28V,GB,15020.02,-0.15,9537.38,0,0.68
KOHINOOR,EQ,31.84,2.51,118.04,2.15,0.68
AMBIKCO,EQ,1575.1,-0.16,901.74,0.04,0.68
THEJO,EQ,2170,0.1,2354.03,0.03,0.68
NARMADA,EQ,13.42,0,101.82,5.05,0.68
FELIX,SM,204.95,-2.13,352.64,0.33,0.67
NUCLEUS,EQ,684.05,-0.28,1800.78,0.1,0.67
SHREEDHAR,ST,172.1,-3.04,368.95,0.38,0.67
GOKUL,EQ,40.01,-0.97,396.08,1.64,0.67
VHLTD,BE,126,-0.14,967.45,0.53,0.67
APTECHT,EQ,92.43,0.71,536.12,0.72,0.67
AVPINFRA,SM,57.5,3.42,143.63,1.17,0.67
JITFINFRA,EQ,281.85,-0.3,724.46,0.24,0.67
TECHD,SM,565,1.47,422.6,0.12,0.67
SARLAPOLY,EQ,101,1.75,802.98,0.67,0.66
MOMENTUM30,EQ,30.6,-1.07,40.58,2.16,0.66
PRAMODINI,SM,116.4,1.13,256.61,0.56,0.65
PLAZACABLE,EQ,62.53,0.42,273.58,1.03,0.65
GROWWHOSPI,EQ,53.35,0.95,170.26,1.22,0.65
SADHNANIQ,BE,2.8,-1.75,830.11,23.39,0.65
VENTIVE,EQ,580,0.07,13545.41,0.11,0.64
GROWWEV,EQ,31.58,0.54,288.54,2.03,0.64
SARTELE,SM,84,10.74,421.24,0.79,0.63
GICL,BE,23.8,2.01,266.45,2.76,0.63
SWELECTES,EQ,579.1,2.5,877.84,0.11,0.63
DYNAMIC,SM,147.65,3.36,347.25,0.41,0.63
CGRAPHICS,SM,135.65,-1.27,329.44,0.46,0.63
ASAL,EQ,453.5,0.97,719.45,0.14,0.63
SPCON,SM,165,0,129.71,0.37,0.62
NIFTYBETA,EQ,260.6,0.49,71972.57,0.24,0.62
AFIL,EQ,8.3,-0.24,354.2,7.53,0.62
TVTODAY,EQ,107.15,-0.48,639.35,0.57,0.62
KILITCH,BE,221.62,5,774.82,0.28,0.61
BTML,EQ,7.09,-0.84,128.82,8.45,0.61
AVANCE,EQ,0.84,-2.33,166.48,72.05,0.61
FAZE3Q,EQ,432.05,2.18,1062.75,0.14,0.6
FROG,SM,266.95,-1.98,415.22,0.22,0.6
TNIDETF,EQ,88,-0.68,173.76,0.68,0.6
SIGNPOST,EQ,275.6,3.2,1473.08,0.22,0.6
ARHAM,SM,215,1.42,468.96,0.28,0.6
SMARTEN,SM,62.25,4.97,118.28,0.96,0.6
PSUBNKIETF,EQ,84.32,0.79,122.99,0.7,0.6
MCLEODRUSS,EQ,47.2,4.98,493.03,1.29,0.59
AFFORDABLE,EQ,177.2,3.77,210,0.34,0.59
1075SCL34T,N1,1089,0.7,4.83,0.05,0.59
NIMBSPROJ,EQ,196.8,4.38,380.19,0.31,0.59
DISHTV,EQ,2.45,-2,451.11,23.62,0.58
YASHOPTICS,SM,136,4.62,336.81,0.43,0.58
SHIVASHRIT,SM,113.5,-0.13,207.35,0.51,0.58
HDFCMID150,EQ,23.29,0.56,203.06,2.5,0.58
CROWN,EQ,123.4,-1.25,143.02,0.46,0.58
ADROITINFO,EQ,13.51,11.01,73.8,4.28,0.57
GRCL,SM,546,-4.21,313.29,0.1,0.57
PARTH,SM,523,-3.51,730.52,0.11,0.57
GOLDSTAR,SM,9.7,2.65,277.61,5.96,0.57
CONSUMBEES,EQ,128.9,0.52,193.8,0.44,0.57
CHEMCON,BE,227.15,-0.11,832.07,0.25,0.57
HARDWYN,EQ,9.2,1.21,629.09,6.19,0.57
ROLLT,BE,6.4,2.24,160.08,8.75,0.56
RMC,EQ,225.9,0.31,239.04,0.25,0.56
FINIETF,EQ,32.27,0.84,208.35,1.74,0.56
SPECIALITY,BE,150.52,0.66,726.04,0.37,0.56
BHADORA,ST,127,-0.16,236.22,0.43,0.56
LIQUIDSBI,EQ,1000.01,0,47.42,0.06,0.56
SHAH,EQ,3.25,0,319.27,17.08,0.56
EGOLD,EQ,150.45,-0.43,1649.65,0.37,0.55
PVSL,EQ,98.9,-1.02,704.15,0.56,0.55
PARNAXLAB,EQ,128.99,-0.18,148.15,0.44,0.55
EBBETF0433,EQ,1312,0.71,6247.44,0.04,0.55
TRITONV,EQ,1133.1,4.91,580.39,0.05,0.55
CALSOFT,BE,39.8,0.4,139.44,1.38,0.55
SILKFLEX,SM,286.35,-4.99,332.37,0.19,0.55
CCCL,EQ,13.25,-2.57,591.96,4.12,0.55
TRACXN,EQ,32.99,0.92,352.84,1.65,0.54
ESILVER,EQ,229.93,0.14,1782.58,0.23,0.54
LICMFGOLD,EQ,136,0.15,1480.74,0.4,0.54
UNIVASTU,BE,147.01,-0.78,529.04,0.37,0.54
BRACEPORT,SM,70.5,8.8,79.67,0.8,0.54
SNOWMAN,EQ,35.5,1.87,593.16,1.54,0.54
ONEGLOBAL,EQ,546,-0.35,1067.05,0.1,0.54
BLUEWATER,ST,500,3.73,550,0.11,0.54
ACCELYA,EQ,1123.9,0.46,1677.56,0.05,0.54
ONIXSOLAR,EQ,306.5,-4.99,1130,0.17,0.53
PSUBANK,EQ,83.18,0.63,2581.86,0.63,0.53
SHERA,SM,182,-0.03,444.8,0.29,0.53
BLBLIMITED,EQ,17.38,7.15,91.88,3.1,0.53
BUTTERFLY,EQ,565,0.48,1010.19,0.09,0.53
BIRLAPREC,BE,56.67,4.98,387.55,0.94,0.53
INVPRECQ,BE,1423.2,2,1423.2,0.04,0.52
PENINLAND,EQ,17.5,2.76,580.52,3.04,0.52
SEJALLTD,EQ,699.6,5,797.54,0.08,0.52
MOENERGY,EQ,38,0.24,62.93,1.37,0.52
FIDEL,SM,177,5.36,243.38,0.3,0.52
UNITEDPOLY,EQ,45.66,0.2,1047.97,1.12,0.52
ASHOKAMET,EQ,15.41,7.76,38.52,3.25,0.52
ANNAPURNA,EQ,130.2,-1.15,284.1,0.39,0.51
EFACTOR,SM,158.45,1.31,208.07,0.33,0.51
MOVALUE,EQ,111.9,1.32,156.85,0.46,0.51
AKSHOPTFBR,BE,7.08,-0.7,115.19,7.34,0.51
CRESTO,EQ,20.09,4.58,27.8,2.7,0.51
SINDHUTRAD,EQ,24.05,-0.25,3708.34,2.12,0.51
RANASUG,EQ,14.06,-0.35,215.92,3.58,0.51
AVONMORE,EQ,13.5,4.9,380.95,3.76,0.51
IGCL,EQ,63.21,-2.53,399.64,0.79,0.51
SANGAMIND,EQ,568.7,-0.11,2857.52,0.09,0.51
ASAHISONG,BE,380.05,2.8,447.97,0.13,0.5
SESHAPAPER,EQ,247.01,0.03,1557.85,0.2,0.5
NXT-INFRA,IV,99.8,0,5680.72,0.5,0.5
JAYAGROGN,EQ,237.17,1.58,711.51,0.21,0.5
MOSILVER,EQ,227.32,-0.17,1085.23,0.22,0.5
BANKADD,EQ,58.08,0.69,434.62,0.86,0.5
GROWWNIFTY,EQ,9.53,0.63,40.78,5.21,0.49
SGBMAY29I,GB,15099.99,-0.01,8031.64,0,0.49
REPRO,EQ,301.05,0.96,431.87,0.16,0.49
MOOILGAS,EQ,11.06,-3.91,1.38,4.45,0.49
FORCAS,ST,220,0.48,386.76,0.22,0.49
SHILGRAVQ,EQ,149.1,-3.54,91.69,0.33,0.49
AMAL,EQ,701.05,-1.52,866.68,0.07,0.49
TWCGOLDETF,EQ,150.53,-0.03,31.39,0.32,0.49
SICALLOG,BE,93.96,0.21,749.66,0.51,0.49
TEJA,SM,206.25,-5.74,132.36,0.23,0.48
EBBETF0430,EQ,1610.49,0.14,24844.73,0.03,0.48
BROOKS,EQ,60.6,2.56,178.51,0.79,0.48
ARIHANTACA,SM,500,1.21,302.76,0.1,0.48
PRAVEG,EQ,262.75,2.7,686.85,0.18,0.48
BIL,EQ,1033,-1.67,1385.3,0.05,0.48
MANAKSIA,EQ,67.4,3.15,441.7,0.71,0.48
DRAGARWQ,EQ,5194,-0.12,2510.17,0.01,0.47
SHIVAUM,EQ,512,-0.59,696.34,0.09,0.47
STANLEY,EQ,137.85,1.79,787.48,0.35,0.47
JETFREIGHT,EQ,21.65,-2.26,100.46,2.15,0.47
CENTEXT,EQ,18.78,0.81,150.24,2.53,0.47
YAAP,SM,128.3,5.9,268.57,0.37,0.47
SHANKARA,EQ,142.4,0.71,345.31,0.33,0.47
HMVL,BE,78.15,-4.94,575.74,0.59,0.47
3IINFOLTD,BE,25.75,-1.08,534.06,1.81,0.47
BFINVEST,EQ,449,1.18,1691.28,0.11,0.47
SJLOGISTIC,SM,321,2.25,507.92,0.15,0.47
INNOMET,ST,286.55,-1.98,370.8,0.16,0.47
ARIES,BE,469,-0.2,609.9,0.1,0.47
TECHLABS,SM,117,-2.09,202.19,0.4,0.47
PUNJABCHEM,EQ,1067.8,0.15,1309.36,0.04,0.47
ALBERTDAVD,EQ,876.6,3.26,500.29,0.05,0.46
UEL,EQ,198,3.5,2641.28,0.24,0.46
KOTIC,EQ,147.06,0.12,1588.57,0.31,0.46
DHARARAIL,ST,143,1.42,215.7,0.33,0.46
MOMOMENTUM,EQ,61.69,0.6,119.89,0.74,0.46
723GS2039,GS,103.5,-1.03,121095,0.45,0.46
PAKKA,EQ,77.15,0.17,367.76,0.59,0.46
MAHASTEEL,BE,1156.8,4.99,1901.13,0.04,0.46
ASHIKAG,BE,405,2,1811.36,0.11,0.46
PELATRO,SM,392,-0.56,415.42,0.11,0.45
ECOSMOBLTY,EQ,108.83,0.19,652.98,0.41,0.45
POSITRON,SM,234,4.72,177.85,0.2,0.45
GROWWNET,EQ,11.19,0.72,49.43,4.03,0.45
DIAMONDYD,EQ,1085,-0.49,2596.4,0.04,0.45
SIKKO,BE,6.15,2.67,268.63,7.35,0.45
LTGILTCASE,EQ,30.37,0.07,126.04,1.46,0.44
NCLIND,EQ,176,0.28,796.1,0.25,0.44
HDFCNIFIT,EQ,30.15,-1.12,122.25,1.45,0.44
DCMNVL,EQ,180,1.1,336.2,0.24,0.44
URJA,EQ,9.07,0.33,476.59,4.85,0.44
VINSYS,ST,600,2.93,884.99,0.08,0.44
MIRZAINT,EQ,29.3,0.62,404.93,1.48,0.44
SAKUMA,EQ,1.67,9.87,261.81,26.56,0.44
TAKE,EQ,15.9,0.38,235.22,2.72,0.43
MAXIND,EQ,149.16,-1.78,840.08,0.29,0.43
THEMISMED,EQ,122.1,0,1124.54,0.35,0.43
VAKRANGEE,EQ,5.34,1.52,578.42,8.09,0.43
NAHARSPING,EQ,283,1.85,1020.65,0.15,0.43
NEXT50BETA,EQ,77.91,0.83,2274.71,0.55,0.43
NHIT,IV,170,0,36355.36,0.25,0.43
SAURASHCEM,EQ,53.8,1.22,598.73,0.79,0.42
BNKETFAXIS,EQ,584.85,0.8,303.44,0.07,0.42
GOODYEAR,EQ,710,0.53,1637.72,0.06,0.42
INSECTICID,EQ,610,-0.26,1774.97,0.07,0.42
SAKHTISUG,EQ,18.32,0.11,217.73,2.29,0.42
CLAYCRAFT,SM,165.9,0.7,341.26,0.25,0.42
AUTOAXLES,EQ,1683.5,1.15,2544.1,0.02,0.42
KESORAMIND,BE,11.5,1.32,357.26,3.63,0.42
CMNL,SM,113.45,-2.2,273.81,0.36,0.41
IRIS,EQ,234.25,-0.92,481.81,0.18,0.41
HALDYNGL,BE,148,3.46,795.53,0.28,0.41
SARVESHWAR,EQ,3.68,0.27,453.24,11.24,0.41
DIVINEHIRA,ST,100,-1.23,391.41,0.42,0.41
HERANBA,EQ,172.5,3.62,690.23,0.24,0.41
SGBD29VIII,GB,15140,-0.39,3755.47,0,0.41
TANKUP,ST,1614,-1.47,854.61,0.03,0.41
KATARIA,SM,149.9,0.54,322.75,0.27,0.4
NPBET,EQ,284,-0.09,20.27,0.14,0.4
BALPHARMA,EQ,108.1,-0.06,172.1,0.37,0.4
ONELIFECAP,BE,35,-0.54,130.76,1.15,0.4
SRD,EQ,40.9,1.44,261.62,1,0.4
FMNL,EQ,8.13,-3.56,49.3,4.93,0.4
BANSWRAS,EQ,111,-2.06,379.98,0.35,0.4
MONEYBOXX,EQ,54.53,-5,380.67,0.7,0.4
IFGLEXPOR,EQ,197.99,1.72,1427.08,0.2,0.4
VOLERCAR,SM,235,6.79,261.87,0.18,0.39
BLACKROSE,BE,115.98,2.41,591.5,0.35,0.39
ALPA,EQ,60.11,-2.04,126.48,0.64,0.39
FASCINATE,SM,55.3,4.93,76.1,0.7,0.39
LEMERITE,EQ,19.88,4.96,248.83,1.98,0.39
KARNIKA,SM,120.5,0.88,747.07,0.32,0.39
SENSEXIETF,EQ,860.51,0,32315.66,0.05,0.39
KAMAHOLD,EQ,2233,-0.15,7165.83,0.02,0.39
71GS2034,GS,103.75,-0.48,166000,0.38,0.39
SHREERAMA,EQ,45.93,5.13,613.02,0.86,0.39
NIFTYCASE,EQ,9.42,0.32,68.76,4.12,0.39
SVLL,EQ,855.25,-1.43,983,0.04,0.39
ECORECO,EQ,423.5,0.14,817.22,0.09,0.39
NITTAGELA,EQ,1734,1.99,1574.33,0.02,0.38
MALLCOM,EQ,970.1,1.93,605.34,0.04,0.38
865IRFC29,NA,1107,-0.27,762.01,0.03,0.38
TREL,EQ,28.19,3.22,692.62,1.37,0.38
GCHOTELS,ST,130,2.52,323.95,0.29,0.38
LANCORHOL,BE,35.78,3.71,263.16,1.08,0.38
JYOTIRES,EQ,854.6,1.74,1025.52,0.04,0.38
EVERESTIND,BE,448,3.6,710.34,0.08,0.38
COOLCAPS,SM,24.95,-2.35,293.47,1.48,0.38
CPCAP,EQ,152.6,0.59,277.62,0.24,0.37
SAHASRA,SM,389,4.99,972.22,0.1,0.37
ALPHAETF,EQ,26.52,1.49,410.79,1.41,0.37
GLOBE,EQ,2.25,1.35,101.34,16.31,0.37
TCL,SM,130,-1.18,316.44,0.29,0.37
EFFWA,SM,363.05,-0.23,840.36,0.1,0.37
XCHANGING,EQ,61.85,2.54,689.03,0.6,0.37
APEXECO,ST,267,-0.37,352.04,0.14,0.37
SHRIAHIMSA,SM,466.1,-1.66,1092.11,0.08,0.37
MIDSELIETF,EQ,19.87,1.12,117.42,1.86,0.37
PPL,BE,273,-0.15,652.97,0.13,0.37
TARACHAND,EQ,46.25,-1.76,364.57,0.79,0.37
EMMIL,SM,128.8,7.51,145.89,0.3,0.36
SUNRAKSHAK,EQ,369.3,1.22,1145.08,0.1,0.36
SIGMA,EQ,45.85,-1.31,471.22,0.78,0.36
STERTOOLS,BE,222,-0.46,806.85,0.16,0.36
RKSWAMY,EQ,92.3,5.13,465.9,0.4,0.36
DURLAX,SM,60,0,173.59,0.6,0.36
82HUDCO27,N2,1054.06,0.18,2654.36,0.03,0.36
HESTERBIO,EQ,2217.5,1.78,1886.4,0.02,0.36
KOTYARK,BE,32,0.5,361.82,1.11,0.36
MIDSMALL,EQ,51.6,0.9,482.8,0.69,0.36
SINGERIND,EQ,79.5,2.9,494.64,0.45,0.35
GPECO,SM,406,0.62,500.59,0.09,0.35
SANGINITA,BE,75.39,1.99,454.95,0.47,0.35
SUPTANERY,BE,10.65,4.93,114.99,3.35,0.35
LOTUSCHO,EQ,569,-2.97,730.66,0.06,0.35
AONESILVER,EQ,8.81,0.11,34.77,3.96,0.35
GROWWCAPM,EQ,11.29,1.16,49.99,3.11,0.35
COMMITTED,SM,322.8,0.03,376.69,0.11,0.35
DENEERS,SM,175.45,2.84,155.21,0.2,0.35
ESSARSHPNG,EQ,16.43,5.12,340.06,2.15,0.35
EVIETF,EQ,31.9,0.66,78.41,1.1,0.35
NIF100IETF,EQ,27.35,0.37,154.68,1.27,0.35
KMSUGAR,EQ,29.4,1.91,270.48,1.17,0.34
BRIGHOTEL,EQ,57.25,1.36,2174.6,0.6,0.34
PANACHE,BE,519.75,1.99,832.33,0.07,0.34
BPLPHARMA,EQ,1550,1.19,1068.25,0.02,0.34
MVKAGRO,SM,209.5,-4.99,1058.06,0.16,0.34
HIGREEN,SM,108,-0.83,269.89,0.31,0.34
PRITIKAUTO,BE,16.36,4.87,272.41,2.13,0.34
MUFTI,EQ,73.15,-0.26,478.36,0.46,0.34
EMPOWER,EQ,2.06,-4.63,239.74,16.44,0.34
MRIL,ST,76.05,-4.82,168.1,0.43,0.34
OILCOUNTUB,BE,69.5,1.94,361.33,0.49,0.34
SYSTANGO,SM,221.05,-2.19,324.25,0.15,0.34
HVAX,SM,715.15,3.32,198.59,0.05,0.34
GANGAFORGE,EQ,1.56,-0.64,52.57,21.72,0.34
DICIND,EQ,668,2.1,613.16,0.05,0.34
HCL-INSYS,EQ,10.99,1.85,361.8,3.06,0.34
JAYSREETEA,EQ,89.5,0.85,258.45,0.37,0.33
FONEBOX,ST,152.1,4.97,156.05,0.22,0.33
NIRLON,EQ,612.3,1.82,5517.93,0.06,0.33
AARTISURF,BE,531.65,3.28,450.36,0.06,0.33
SGBJUL28IV,GB,15025,-0.15,6206.56,0,0.33
AMDIND,BE,57.41,-4.06,110.04,0.57,0.33
AONEGOLD,EQ,14.11,0,87.43,2.35,0.33
TIGERLOGS,EQ,26.75,0.68,282.81,1.23,0.33
DENORA,EQ,791,-0.93,419.91,0.04,0.33
SHAHALLOYS,BE,90.5,0.58,179.17,0.36,0.33
DOLLEX,EQ,38,3.83,151.81,0.86,0.33
SILVER360,EQ,226.86,0.23,46.19,0.14,0.33
MAKEINDIA,EQ,163,0.84,260.72,0.2,0.32
CHEMFAB,EQ,351.2,-0.79,504.8,0.09,0.32
OMPOWER,EQ,170.75,0.24,584.73,0.19,0.32
SGBSEP29VI,GB,15070.02,0.23,5305.16,0,0.32
RBMINFRA,SM,270.9,-0.07,288.05,0.12,0.32
VISHAL,EQ,18.12,-0.38,448.67,1.75,0.32
DIGIKORE,SM,38.5,8.15,48.76,0.88,0.32
TOLINS,EQ,91.3,1.9,360.72,0.35,0.32
VMSTMT,EQ,46.2,-2.18,229.3,0.68,0.32
ORIENTPPR,EQ,16.96,-0.18,359.87,1.86,0.31
PSUBANKADD,EQ,84.32,1.35,1491.64,0.37,0.31
HONDAPOWER,EQ,1925.9,0.49,1953.45,0.02,0.31
SGBJUN29II,GB,15090,-0.33,2864.8,0,0.31
SGBSEP28VI,GB,15045,0.09,4799.56,0,0.31
PROV,SM,1940,2.77,669.96,0.02,0.31
MHLXMIRU,BE,159.9,-2.06,169.82,0.2,0.31
RUBFILA,EQ,66.3,-1,359.79,0.47,0.31
HDFCPVTBAN,EQ,28,0.43,875.49,1.11,0.31
MADRASFERT,EQ,61.42,0.11,989.48,0.5,0.31
ABINFRA,BE,12.5,2.04,798.49,2.46,0.31
MEDICAMEQ,BE,320,0.16,434.01,0.1,0.31
ALLDIGI,EQ,776.1,-1.08,1182.65,0.04,0.31
MIDCAP,EQ,18.26,0.22,208.28,1.67,0.31
RUSHIL,EQ,16.87,1.02,494.99,1.8,0.31
CUDML,SM,100,-2.3,176.46,0.3,0.3
GLOTTIS,EQ,58.02,1.06,536.12,0.52,0.3
ABSLLIQUID,EQ,1000.01,0,43.46,0.03,0.3
DREAMFOLKS,EQ,64.24,1.9,342.21,0.48,0.3
BASILIC,SM,173,0.41,437.08,0.18,0.3
KRISHIVAL,EQ,417.5,0.43,1046.56,0.07,0.3
PPAP,BE,244.2,4.99,345.62,0.12,0.3
TTL,EQ,7.33,0.55,189.34,4.14,0.3
KDGREEN,EQ,50.89,1.76,295.22,0.59,0.3
PILANIINVS,EQ,4027.3,0.47,4459.13,0.01,0.3
MAFATIND,EQ,120.8,0.4,871.74,0.24,0.29
GANESHIN,SM,92.1,-1.13,403.13,0.31,0.29
HITECHCORP,BE,335,1.59,575.39,0.09,0.29
IVP,BE,228.85,-0.85,236.32,0.13,0.29
876HUDCO28,ND,1139.06,-0.26,928.33,0.03,0.29
SBIMIDMOM,EQ,63.61,0.95,130.9,0.45,0.29
MOHEALTH,EQ,52.68,0.06,46.04,0.54,0.29
INFLUX,SM,283,2.74,655.16,0.1,0.29
WOMANCART,ST,104.9,0.53,86.15,0.28,0.29
A2ZINFRA,EQ,14.81,0.54,262.91,1.92,0.28
KRITI,EQ,65.01,8.8,342.58,0.45,0.28
ESSENTIA,EQ,1.04,0,182.55,27.1,0.28
RAMAPHO,EQ,123.69,2.94,437.69,0.23,0.28
LANCER,EQ,11.85,1.37,418.62,2.37,0.28
DSFCL,EQ,30.25,5,263.15,0.94,0.28
ONMOBILE,BE,52.74,-1.03,560.91,0.53,0.28
KORE,ST,172.3,5,208.91,0.16,0.28
KOKUYOCMLN,EQ,75.95,0.32,761.81,0.36,0.28
676GS2061,GS,89.54,-0.04,127235.94,0.31,0.27
SHALPAINTS,BE,79.6,2.52,666.34,0.35,0.27
SAAKSHI,ST,380.75,2.35,748.79,0.07,0.27
ACCPL,ST,205,-4.63,227.88,0.13,0.27
OBCL,EQ,60.11,3.35,126.73,0.45,0.27
LIBAS,EQ,12.35,-1.83,32.54,2.22,0.27
EMAMIREAL,EQ,69.75,2.57,362.94,0.38,0.27
TBI,SM,74,-3.96,134.37,0.36,0.27
PRESSTONIC,SM,39.8,-3.05,60.66,0.66,0.27
HDFCSENSEX,EQ,84.54,-0.31,918.81,0.32,0.27
SMALL250,EQ,18.49,0.76,83.1,1.46,0.27
DPWIRES,BE,161.94,5,251.01,0.17,0.27
APS,SM,235,-0.36,473.76,0.11,0.27
GSLSU,EQ,32.45,4.98,137.53,0.83,0.27
JENBURPH,EQ,946.8,-1.09,417.85,0.03,0.27
KSR,BE,38.5,-1.43,70.76,0.71,0.27
FCSSOFT,EQ,1.37,-0.72,234.21,19.4,0.27
CURIS,ST,222.95,4.99,180.24,0.12,0.27
PERMAGN,EQ,830,-0.94,713.67,0.03,0.26
RCOM,BE,0.93,4.49,257.19,29.02,0.26
SGBDE30III,GB,15298,0.31,4300.28,0,0.26
PHANTOMFX,SM,92,-1.02,146.49,0.28,0.26
892NHPC33,N6,1260,-0.63,319.57,0.02,0.26
DVL,EQ,290,2.38,1015.72,0.09,0.26
HDFCPSUBK,EQ,84.12,0.81,52.93,0.31,0.26
BSE500IETF,EQ,38.71,0.03,359.71,0.67,0.26
HILINFRA,EQ,43.7,1.02,313.42,0.6,0.26
SUNSHIEL,EQ,1167,-2.1,1026.36,0.02,0.26
RCDL,SM,15.5,4.73,37.07,1.68,0.26
EIHAHOTELS,EQ,295.8,-1,1802.5,0.09,0.26
SILVERBND,EQ,231.21,-0.02,12.19,0.11,0.26
740IIFCL33,N1,1160,0.75,1341.45,0.02,0.26
VIKASECO,EQ,1.04,0,183.95,24.59,0.26
SATIA,EQ,66.85,-0.24,668.5,0.38,0.26
DYNPRO,EQ,232.05,0.23,288.4,0.11,0.25
ASMS,EQ,6.45,-2.42,196.45,3.89,0.25
FINKURVE,EQ,70.21,-0.26,983.95,0.36,0.25
KAYA,BE,330,-2.47,501.19,0.08,0.25
NIFTYJBLK,EQ,12.04,0.42,79.2,2.1,0.25
LAKSHYA,SM,98,9.99,98.82,0.26,0.25
SAHAJSOLAR,SM,89.9,-0.33,197.53,0.28,0.25
DBEIL,EQ,6.91,-1.29,321.87,3.68,0.25
BLIL,EQ,67.2,-0.22,1491.66,0.37,0.25
HARRMALAYA,EQ,177.4,0.42,327.4,0.14,0.25
FAIRCHEMOR,BE,625.3,-1.78,787.62,0.04,0.25
GROWWRLTY,EQ,9.67,1.15,15.97,2.55,0.25
MADHUSUDAN,ST,225.55,-1.64,363.92,0.11,0.25
BIGBLOC,EQ,40.5,0.25,573.38,0.62,0.25
875NHAI29,N6,1118,0.02,1330.2,0.02,0.25
ENVIRO,SM,76,14.46,142.8,0.35,0.25
PROPSHOP,SM,72.95,3.84,106.73,0.34,0.25
ZFSTEERING,EQ,709,2.8,643.3,0.04,0.25
SEKURITIND,EQ,113.85,-0.44,1037.24,0.21,0.25
DCG,ST,74,4.37,134.31,0.34,0.24
HDFCNEXT50,EQ,74.07,0.56,209.79,0.32,0.24
AZADIND,EQ,81,3.26,440.99,0.3,0.24
SGBNV29VII,GB,15105,-0.13,4906.46,0,0.24
INFINIUM,SM,265,1.07,412.95,0.09,0.24
DUCON,EQ,1.6,9.59,91.98,15.1,0.24
POEL,EQ,142.95,3.55,439.8,0.17,0.24
VGINFOTECH,SM,140.05,0.97,348.29,0.17,0.24
BFSI,EQ,26.61,0.57,380.76,0.9,0.24
76NHAI31,NA,1120,0.45,2996.29,0.02,0.24
IEML,ST,46.35,4.98,84.97,0.51,0.24
MCCHRLS-B,EQ,645,-1.5,844.98,0.04,0.24
MINDTECK,EQ,159.15,0.77,508.55,0.15,0.24
SAHYADRI,EQ,370,2.71,405.01,0.06,0.24
SUPREME,EQ,32.47,0.87,125.49,0.72,0.24
865TCAPS27,N8,1020,0.59,612.4,0.02,0.23
SKP,SM,163.9,2.41,272.07,0.15,0.23
INTERNET,EQ,15.05,0.53,39.27,1.56,0.23
USHAFIN,SM,54.15,6.18,235.42,0.43,0.23
NV20IETF,EQ,13.23,0,172.29,1.76,0.23
HINDCOMPOS,EQ,386.5,2.64,570.82,0.06,0.23
SIL,EQ,17.01,6.25,109.42,1.37,0.23
880IREDA29,N5,1134,-0.86,265.98,0.02,0.23
VIAZ,SM,79,3.27,118.97,0.3,0.23
SIGIND,BE,71.97,1.65,211.86,0.32,0.23
NAGREEKEXP,EQ,25,15.42,78.12,0.97,0.23
NILE,EQ,1432.1,-0.89,429.9,0.02,0.23
TECHNVISN,EQ,4181.5,5,2623.89,0.01,0.23
JAINIK,ST,193.2,4.43,277.2,0.12,0.23
734GS2064,GS,99.4,0.21,237566,0.23,0.23
ESTER,EQ,88.51,1.61,923.12,0.26,0.23
BYKE,EQ,30.43,0.4,159.09,0.75,0.23
KNAGRI,EQ,212.95,4.41,532.35,0.11,0.22
SAHLIBHFI,EQ,76.99,0.17,237.81,0.29,0.22
AMBALALSA,BE,40.58,4.99,310.98,0.56,0.22
HPTL,SM,468.3,5,557.97,0.05,0.22
SHEMAROO,BE,123.75,2.06,355.54,0.18,0.22
ARIHANTSUP,EQ,240,2.17,1038,0.09,0.22
INTENTECH,EQ,84.25,3.56,199.05,0.27,0.22
AKSHARCHEM,BE,391,-1.24,314.09,0.06,0.22
UFO,EQ,60.6,-0.07,235.28,0.36,0.22
SGBJUN30,GB,15310,0.58,3916.09,0,0.22
NAGREEKCAP,EQ,29.75,4.53,37.53,0.74,0.22
RUCHIRA,EQ,105.76,-0.16,315.64,0.21,0.22
PODDARMENT,EQ,278.5,-3.53,295.49,0.08,0.22
SINCLAIR,EQ,82.54,0.92,423.1,0.27,0.22
EVINDIA,EQ,31.75,0.35,170.96,0.69,0.22
MOALPHA50,EQ,55.42,-0.04,3.24,0.39,0.22
92GS2030,GS,114.5,-0.26,70857.81,0.19,0.22
RELINFRA,BE,47.06,-2,1923.02,0.46,0.22
HAZOOR,EQ,19.05,-0.31,547.93,1.14,0.22
INM,SM,143,-5.33,200.07,0.15,0.22
JINDALPHOT,EQ,1083,-1.29,1110.98,0.02,0.22
TRF,EQ,215.6,-0.21,237.26,0.1,0.21
FOCUS,BE,59.93,-0.07,404.2,0.36,0.21
BRAHMINFRA,EQ,155.67,-0.54,451.73,0.13,0.21
SUNCLAY,EQ,1251,-0.12,2757.97,0.02,0.21
MOM50,EQ,244.5,0.31,74.56,0.09,0.21
KALYANIFRG,BE,950,2.45,345.61,0.02,0.21
SRTL,EQ,38.99,0.39,155.86,0.54,0.21
AXITA,EQ,8.01,0.25,306.57,2.64,0.21
PRAMARA,SM,93.1,4.96,129.82,0.23,0.21
VIGOR,SM,103.7,2.47,107.35,0.21,0.21
FILATFASH,EQ,0.18,5.88,150.01,124.07,0.21
SCANSTL,BE,51.5,-2.5,301.8,0.41,0.21
AKCAPIT,EQ,1759.9,-0.39,1161.53,0.01,0.21
VTMLTD,EQ,45.35,-0.11,456.08,0.46,0.21
VRAJ,EQ,128.97,2.45,425.38,0.16,0.21
SGBOC28VII,GB,15180,0,2822.75,0,0.21
GFLLIMITED,EQ,56.43,-0.91,619.88,0.37,0.21
PLASTIBLEN,EQ,187.3,0.73,486.78,0.11,0.21
APRAMEYA,SM,100,-4.72,190.4,0.2,0.21
ZEELEARN,EQ,6.82,0.15,223.51,3.08,0.21
HEALTHADD,EQ,16.88,-0.12,17.67,1.21,0.21
PAR,BE,132,-4.22,162.42,0.15,0.21
ORIENTCER,EQ,47.7,-0.79,570.68,0.43,0.2
ORICONENT,EQ,53.52,-4.05,840.52,0.38,0.2
ITAXIS,EQ,312.37,-1.05,52.5,0.07,0.2
WSI,EQ,57.62,-1.2,437.31,0.35,0.2
SHARIABEES,EQ,438.46,0.62,57.55,0.05,0.2
SGBAUG30,GB,15380,1.21,5168.31,0,0.2
HINDADH,EQ,380,-1.16,194.42,0.05,0.2
SHREYANIND,EQ,129.03,1.35,178.38,0.16,0.2
DUCOL,SM,124,0,223.93,0.16,0.2
BIOPOL,SM,48.95,3.16,52.89,0.42,0.2
HDFCMOMENT,EQ,30.97,0.91,127.64,0.65,0.2
EPWINDIA,ST,240.5,0.21,276.08,0.08,0.2
DEVX,EQ,35,-0.17,331.21,0.57,0.2
BPL,EQ,45.35,0.33,222.11,0.44,0.2
MASON,SM,111,0.23,265.73,0.18,0.2
935TSI30,N0,104526.3,0.01,1305.96,0,0.2
WOL3D,SM,132,-4.97,85.17,0.15,0.2
ETL,SM,1125,5.14,1200.52,0.02,0.2
AONETMMQ50,EQ,10.2,0.39,16.14,1.94,0.2
ZODIAC,EQ,230.95,1.42,349.95,0.09,0.2
VIPULLTD,BE,11,-3.93,155.06,1.78,0.2
PIGL,EQ,99.56,-1.48,208.87,0.2,0.2
SGBMR29XII,GB,15100,0.22,4878.67,0,0.2
RCDL-RE,ST,4.05,19.12,9.68,4.86,0.2
DHABRIYA,BE,502,-0.51,543.38,0.04,0.19
SUMEETINDS,EQ,11.05,4.94,767.7,1.76,0.19
AARTECH,BE,50.16,-2.75,159.36,0.39,0.19
KICL,EQ,4986,-0.39,2176.54,0,0.19
CRAVATEX,EQ,340.25,4.32,87.93,0.06,0.19
GROWWNXT50,EQ,71.75,0.32,9.04,0.27,0.19
888IRFC29,NE,1130,0.53,493.15,0.02,0.19
VIKASLIFE,EQ,1.29,2.38,239.64,15.09,0.19
SGBJAN29X,GB,15070,-0.18,1829.57,0,0.19
SUMMITSEC,EQ,1400.5,-0.25,1526.79,0.01,0.19
MAHEPC,EQ,100.75,2.03,281.6,0.19,0.19
MANAKSTEEL,BE,106.55,-0.65,698.27,0.18,0.19
SGBJAN30IX,GB,15190.1,0.31,3544.14,0,0.19
GENXAI,SM,75.45,3.36,135.38,0.25,0.19
743REC35,NH,1225,1.24,227.92,0.02,0.19
MOMIDMTM,EQ,64.04,0.63,45.65,0.29,0.19
BLAL,EQ,163.95,-0.18,682.76,0.11,0.19
TECH,EQ,31.25,-0.38,25.77,0.6,0.19
AERONEU,EQ,67,1.42,172.83,0.28,0.19
BALAXI,EQ,22.7,-1.82,125.32,0.81,0.19
NDL,EQ,2.77,0.36,399.29,6.66,0.19
MITTAL,EQ,0.75,-1.32,33.3,24.65,0.18
888REC29,NF,1155.49,-0.22,338.03,0.02,0.18
FINBUD,SM,114.5,-1.34,218.12,0.16,0.18
SGBJAN29IX,GB,15070,0.07,4324.92,0,0.18
830NHAI27,N2,1004.6,-0.04,3298.13,0.02,0.18
TRANSTEEL,SM,87,0.81,199.07,0.21,0.18
RAPIDFLEET,SM,200,-5.21,148.7,0.09,0.18
901NHB34,N6,6391,-0.13,850.92,0,0.18
HTMEDIA,EQ,25.4,3.89,463.94,0.74,0.18
BAGDIGITAL,SM,105,-0.76,222.8,0.18,0.18
HALEOSLABS,EQ,1505,0.43,455,0.01,0.18
AMBAAUTO,SM,95.9,4.75,175.73,0.19,0.18
NEPHROCARE,SM,99,2.96,163.22,0.18,0.18
LINC,EQ,95,2.85,565.15,0.2,0.18
HDFCNIMEG,EQ,132.58,2.24,127.25,0.14,0.18
HDFCNIF100,EQ,25.51,0.79,73.18,0.71,0.18
EMAMIPAP,BE,115.67,1.63,699.79,0.16,0.18
TUNWAL,SM,25.7,1.98,148.27,0.7,0.18
RADAAN,EQ,3.11,8.36,16.84,5.67,0.18
MUNISH,SM,94.95,0.48,228.55,0.19,0.18
WARDINMOBI,EQ,5.69,1.07,171.17,3.12,0.18
SONAMLTD,BE,67.54,0.49,270.38,0.26,0.18
HILTON,EQ,16.75,0.96,86.21,1.04,0.17
GREENCHEF,SM,75,1.35,174.54,0.23,0.17
VIRAT,EQ,370,-1.74,537.36,0.05,0.17
901HUDCO34,NE,1287.89,-0.09,864.37,0.01,0.17
OMFREIGHT,BE,92.5,2.45,311.5,0.19,0.17
OLIL,SM,434.6,-0.29,297.47,0.04,0.17
CHEMBOND,EQ,192,-0.4,258.21,0.09,0.17
SHIVAMAUTO,EQ,18.29,3.04,240.5,0.95,0.17
URBAN,SM,117.05,0.39,101.37,0.14,0.17
SWISSMLTRY,BE,14.09,-2.08,332.72,1.2,0.17
STCINDIA,EQ,111.75,0.62,670.5,0.15,0.17
SBIETFIT,EQ,315.29,-0.66,71,0.05,0.17
VAISHALI,EQ,8.4,-2.1,109.59,2,0.17
K2INFRA,SM,43.4,1.4,54.76,0.4,0.17
GJL,ST,351,4.95,509.2,0.05,0.17
OSWALSEEDS,EQ,13.55,-1.88,123.94,1.22,0.17
HAPPY,SM,75.4,0.87,107.72,0.22,0.17
VINEETLAB,EQ,35.3,1.41,67.8,0.48,0.17
MARUSHIKA,SM,115,0,98.17,0.14,0.17
VDEAL,SM,121.6,-0.82,59.47,0.14,0.17
AVANA,ST,138,-1.43,312.51,0.12,0.17
JEYYAM,SM,21,-2.78,99.74,0.78,0.16
DECCANTRAN,SM,21.5,0.94,48.86,0.78,0.16
ALPHAGEO,BE,292.9,-1.08,186.42,0.06,0.16
TREJHARA,EQ,135,-0.89,325.58,0.12,0.16
892PFCL33,N8,1282,0,1105.03,0.01,0.16
DISAQ,EQ,11950,-1.93,1737.77,0,0.16
CCHHL,EQ,13.4,3.55,219.04,1.21,0.16
EMPIND,EQ,1074,3.46,644.4,0.02,0.16
TRANSPEK,BE,1333,-0.42,744.56,0.01,0.16
MOGOLD,EQ,149.55,-0.1,1970.4,0.11,0.16
PARTYCRUS,SM,98.9,1.85,118.58,0.16,0.16
CPL,EQ,62.4,-0.48,375.52,0.25,0.16
SHEETAL,SM,355,0,406.69,0.05,0.16
RELIABLE,EQ,147,3.48,151.7,0.11,0.16
GTPL,EQ,55.97,1.65,629.46,0.28,0.16
CONSOFINVT,BE,302,0.58,976.26,0.05,0.16
SPUNWEB,SM,101.05,1.05,243.56,0.16,0.16
MUKTAARTS,BE,57.89,3.38,130.75,0.27,0.16
SUKHJITS,EQ,163.45,1.52,510.68,0.1,0.16
SPCENET,EQ,3.4,3.34,193.24,4.61,0.16
LORDSCHLO,EQ,138.33,0.02,396.37,0.11,0.15
MANAKALUCO,EQ,36,1.81,235.92,0.43,0.15
SWARNSAR,EQ,44.5,12.12,92.9,0.37,0.15
CELLECOR,SM,30,-1.32,666.98,0.51,0.15
IFBAGRO,EQ,863.2,-0.29,808.57,0.02,0.15
COMMOIETF,EQ,97.81,0.14,120.46,0.16,0.15
SCPL,BE,657.8,-0.26,690.69,0.02,0.15
ONDOOR,SM,268,-1.38,187.61,0.06,0.15
SOFTTECH,EQ,487,-2.26,674.11,0.03,0.15
ARIHANT,EQ,890,-3.67,886.94,0.02,0.15
NIF100BEES,EQ,261,0.39,345.48,0.06,0.15
VIJIFIN,BE,15.91,1.99,304.68,0.95,0.15
MOMENTUM,EQ,30.94,0.62,39.3,0.49,0.15
ARCHIDPLY,EQ,108.3,0.58,215.14,0.14,0.15
GINNIFILA,BE,42.9,3.13,367.44,0.36,0.15
NIFTYADD,EQ,246.61,0.09,211.89,0.06,0.15
AFSL,EQ,202.15,0.57,1027.73,0.07,0.15
SGBMAR31IV,GB,15350,0.46,5420.98,0,0.15
DIGISPICE,EQ,16.49,0.55,386.97,0.89,0.15
AVROIND,EQ,7.18,-0.83,96.34,2.05,0.15
871REC28,N9,1126.01,-0.62,1319.1,0.01,0.15
AONETOTAL,EQ,11.69,0.09,42.72,1.25,0.15
769NHAI31,NE,1086,0.46,1224.65,0.01,0.15
SILGO,EQ,70.41,-0.72,276.64,0.21,0.15
UYFINCORP,BE,19.51,1.88,371.15,0.75,0.14
BATLIBOI,EQ,84.99,2.45,400.58,0.17,0.14
PTL,EQ,38.32,-0.08,507.27,0.38,0.14
HLVLTD,EQ,6.64,3.75,437.75,2.17,0.14
VLEGOV,EQ,10.4,1.07,112.79,1.37,0.14
RHFL,BZ,1.7,0,82.38,8.46,0.14
OSWALGREEN,EQ,20.06,0,515.16,0.71,0.14
ASHIMASYN,EQ,15.97,1.85,306.08,0.89,0.14
ROSSELLIND,EQ,51.85,-0.13,195.46,0.27,0.14
NECCLTD,BE,19.7,0.2,205.87,0.73,0.14
EMAPARTNER,SM,82,0,184.68,0.17,0.14
73GS2053,GS,98.74,0.51,192543,0.14,0.14
CONSUMER,EQ,11.88,0.34,56.98,1.16,0.14
VHL,EQ,3360,0.51,1072.36,0,0.14
PVTBANKADD,EQ,27.87,-0.14,767.44,0.5,0.14
RPPINFRA,EQ,55.3,0.58,274.21,0.25,0.14
897GS2030,GS,113,0,101700,0.12,0.14
RAJPUTANA,SM,198,1.77,139.26,0.07,0.14
GOYALALUM,EQ,5.9,-1.17,84.21,2.3,0.14
SUNDRMBRAK,BE,679.95,-1.58,267.53,0.02,0.14
PKTEA,BE,999,0.11,309.28,0.01,0.14
REFRACTORY,SM,36.55,4.88,79.68,0.37,0.14
HITECHGEAR,BE,560.95,5,1055.71,0.02,0.13
AARADHYA,ST,138.05,-2.75,195.18,0.1,0.13
MENNPIS,BE,74.1,1.02,377.91,0.18,0.13
SATTVAENGG,SM,58,-1.69,101.32,0.22,0.13
SENSEXBETA,EQ,831,0.32,56059.02,0.02,0.13
TAMBOLIIN,BE,295,1.74,292.64,0.04,0.13
INDOKEM,EQ,620,2.11,1729.07,0.02,0.13
ESFL,SM,123.2,-2.11,306.02,0.11,0.13
ZENITHDRUG,SM,49.5,19.71,84.89,0.29,0.13
VISHWARAJ,EQ,5.37,0.94,116.97,2.44,0.13
BAJAJST,EQ,352,1.13,732.16,0.04,0.13
READYMIX,SM,67.9,-2.93,74.41,0.19,0.13
LGHL,EQ,177.24,-0.08,887.84,0.07,0.13
SRIVASAVI,ST,81.55,4.95,115.59,0.16,0.13
VAL30IETF,EQ,14.97,0.88,47.49,0.87,0.13
EUROBOND,EQ,155,1.24,379.75,0.09,0.13
GROWWSC250,EQ,10.63,0.85,17.79,1.22,0.13
UCAL,BE,144,-0.77,318.44,0.09,0.13
EXIMROUTES,SM,90.5,1.46,169.71,0.14,0.13
MANGALAM,EQ,32.2,-0.12,50.97,0.39,0.13
NEPTUNE,SM,184.9,3.3,418.86,0.07,0.13
ASHWINI,SM,160.95,0.59,241.43,0.08,0.13
TOP15IETF,EQ,9.52,0.74,13.27,1.35,0.13
668GS2040,GS,97.4,0.31,205514,0.13,0.13
MBLINFRA,EQ,21.78,0.09,339.51,0.59,0.13
HPAL,EQ,36.19,2.26,332.49,0.36,0.13
LAMBODHARA,EQ,120.49,3.8,125.04,0.11,0.13
SUPERHOUSE,EQ,170,0.49,187.43,0.07,0.13
CINELINE,EQ,90,0.94,308.4,0.14,0.13
NIBL,EQ,33.5,1.27,81.17,0.37,0.13
891IIFCL34,N4,1258.11,-0.51,749.71,0.01,0.13
DIAMINESQ,EQ,251.97,-1.13,253.37,0.05,0.13
NINSYS,EQ,711.9,0.12,1322.43,0.02,0.13
DIVOPPBEES,EQ,74.9,0.43,69,0.17,0.13
PARAMATRIX,SM,60,8.89,66.29,0.2,0.12
VELJAN,BE,2055,2.92,924.75,0.01,0.12
NIPPOBATRY,EQ,328.35,0.86,246.26,0.04,0.12
PRLIND,SM,47.95,4.24,109.63,0.26,0.12
GSEC5IETF,EQ,66.1,0.02,20.68,0.19,0.12
CHOICEGOLD,EQ,150.14,0.39,51.8,0.08,0.12
BEACON,SM,87.3,4.24,157.95,0.14,0.12
ENSER,SM,15.4,-0.32,134.23,0.8,0.12
BANG,EQ,32.11,-1.08,43.54,0.38,0.12
GOLDBND,EQ,151.05,-0.11,10.74,0.08,0.12
ANMOL,BE,13.92,-0.78,79.22,0.88,0.12
LYKALABS,BE,87.1,0.46,314.89,0.14,0.12
NILAINFRA,EQ,6.83,2.55,269.03,1.74,0.12
COASTCORP,EQ,37.8,-1.02,253.17,0.31,0.12
VCL,BE,1.52,-5,27.93,7.71,0.12
NURECA,BE,335.2,-0.24,319.85,0.04,0.12
MADHAVBAUG,ST,171.5,2.14,180.31,0.07,0.12
SICAGEN,EQ,53,1.83,209.73,0.22,0.12
AKI,BE,6.74,4.98,69.56,1.76,0.12
SUDARCOLOR,EQ,386.7,-0.9,892.57,0.03,0.12
TRANSWORLD,BE,166.7,0.11,366.03,0.07,0.12
INVENTURE,EQ,0.9,1.12,94.5,12.91,0.12
SBIBPB,EQ,48.53,1.4,118.92,0.24,0.12
ELCIDIN,EQ,105800,0.76,2116,0,0.12
893NHB29,N6,5571,-0.16,370.59,0,0.12
INSUREIETF,EQ,15.28,0.73,69.69,0.76,0.12
BHARATGEAR,BE,101.25,0.85,155.47,0.11,0.12
AARVI,EQ,136.82,-0.98,203.1,0.08,0.12
VIPCLOTHNG,EQ,21.98,1.48,198.1,0.53,0.11
SLONE,ST,173,2.22,91.15,0.07,0.11
CENTEXT-RE,BE,2.18,-39.94,6.54,5.23,0.11
NEOCHEM,SM,105.85,0.81,181.22,0.11,0.11
JISLDVREQS,EQ,20.2,-1.61,38.97,0.56,0.11
AVG,BE,168,-0.91,314.3,0.07,0.11
SILINV,EQ,455.5,3.33,482.64,0.03,0.11
KHADIM,BE,122.94,-1.99,225.94,0.09,0.11
IVZINGOLD,EQ,131.35,-0.15,773.87,0.09,0.11
SHEKHAWATI,BE,24.85,4.99,85.66,0.45,0.11
DONEAR,EQ,83.2,0.85,432.64,0.13,0.11
AAKAAR,SM,70,3.7,99.21,0.16,0.11
KSE,EQ,178.2,-0.98,570.24,0.06,0.11
820IIFL27,N9,992.01,-0.05,52.23,0.01,0.11
760PFCL35,N3,1230,0.82,191.24,0.01,0.11
MANUFGBEES,EQ,161,0.35,11.32,0.07,0.11
KCPSUGIND,BE,29.16,0.73,330.63,0.37,0.11
VALUEAXIS,EQ,32.64,1.87,31.82,0.34,0.11
NAHARINDUS,EQ,131.5,-0.16,568.15,0.08,0.11
CRSL,BE,2.55,-2.3,107.9,4.3,0.11
709GS2054,GS,95.6,-0.16,141488,0.11,0.11
PATINTLOG,EQ,14.31,0.85,91.85,0.76,0.11
GUJAPOLLO,EQ,338.2,0.24,438.65,0.03,0.11
SEL,SM,353.55,-5,81.98,0.03,0.11
GOYALSALT,SM,109.2,1.44,195.47,0.1,0.11
MBECL,BE,438.69,2,1535.42,0.02,0.11
GLOBECIVIL,EQ,43.6,-0.14,260.37,0.25,0.11
DHTL,SM,27,-1.82,8.49,0.42,0.11
OPTIMYSTIX,SM,137.6,0,320.18,0.08,0.11
SURANAT&P,EQ,16,-1.17,217.22,0.68,0.11
SGBJUN27,GB,15030,0.33,691.06,0,0.11
INDBANK,EQ,26.25,2.34,116.49,0.42,0.11
UMIYA-MRO,EQ,94.5,-2.87,176.57,0.11,0.11
891NTPC33,N6,1277.1,-0.77,510.8,0.01,0.11
LATTEYS,EQ,20.4,-0.39,117.29,0.54,0.11
ADVANIHOTR,EQ,47.6,-0.38,440.01,0.22,0.11
NV20BEES,EQ,135.37,-0.24,135.57,0.08,0.11
738REC27TF,N2,1075.25,-0.44,916.15,0.01,0.11
SGBMAY28,GB,15070,-0.05,3834.25,0,0.11
KOTARISUG,BE,27.35,2.63,226.7,0.4,0.11
SOMICONVEY,EQ,92.95,0.31,109.49,0.12,0.11
RNBDENIMS,BE,9.14,2.01,246.71,1.18,0.11
TOYAMSL,EQ,0.88,4.76,50.85,12.28,0.11
AHLWEST,BE,530,-2.75,617.51,0.02,0.11
91D051126,TB,99.39,0.39,35554.08,0.11,0.11
MOTOUR,EQ,78.15,-0.47,17.19,0.13,0.11
DELPHIFX,BE,5.63,4.84,138.09,1.87,0.11
PRIMO,EQ,23.05,1.59,558.6,0.46,0.1
MICEL,BE,34.71,2,836.55,0.3,0.1
SUPREMEINF,EQ,80.65,0.19,780.17,0.13,0.1
ISHANCH,EQ,49.1,-3.31,134.06,0.21,0.1
JPOLYINVST,EQ,975.05,0.24,1024.97,0.01,0.1
RAMANEWS,EQ,31.63,-1.49,466.61,0.32,0.1
BRNL,EQ,16.9,1.38,141.88,0.62,0.1
VIJAYPD,SM,65,0,126.94,0.16,0.1
NECLIFE,EQ,11.07,2.22,215.05,0.93,0.1
CURRENT,SM,91,3.47,174.25,0.11,0.1
GROWWPSE,EQ,97,0.01,17.78,0.11,0.1
MUTHOOTCAP,EQ,227.25,-1.13,373.77,0.04,0.1
SBISMLETF,EQ,18.47,1.04,8.82,0.55,0.1
FLEXIADD,EQ,9.79,0.31,14.8,1.04,0.1
NAVKARURB,EQ,0.92,1.1,103.23,10.7,0.1
WATERBASE,EQ,46,1.05,190.56,0.22,0.1
PREMIUM,SM,41.95,-0.12,80.11,0.24,0.1
HOLMARC,SM,120,0,120.6,0.08,0.1
KHFM,SM,43.45,-2.36,100.42,0.23,0.1
91D121126,TB,99.29,0.29,16978.59,0.1,0.1
753IRFC30,NJ,1140,0.17,1224.61,0.01,0.1
12AFIL28,N0,10024,-1.09,50.12,0,0.1
NV20,EQ,13.62,0.29,76.7,0.73,0.1
BMLL,SM,165.95,3.4,208.68,0.06,0.1
CYBERTECH,BE,138.2,-0.12,419.86,0.07,0.1
BURNPUR,BE,15.84,-1.74,27.28,0.62,0.1
SUPREMEENG,BZ,3.79,1.88,94.73,2.58,0.1
THEINVEST,EQ,94,-1.31,491.08,0.1,0.1
VINYLINDIA,EQ,221.25,0.48,405.71,0.04,0.1
PHOGLOBAL,SM,16.15,8.39,31.24,0.58,0.1
SPENCERS,EQ,29.26,2.77,263.73,0.33,0.1
TPHQ,BE,0.52,-1.89,57,18.68,0.1
862AEL31,NM,1020.99,0.16,52.03,0.01,0.09
AARON,EQ,122.2,1.43,255.97,0.08,0.09
930APMD30,N0,104837.53,-0.06,1048.36,0,0.09
GIRIRAJ,SM,75.95,-0.65,181.68,0.13,0.09
SPCL,SM,68,1.95,163.99,0.14,0.09
LICNMID100,EQ,63,1.79,665.84,0.15,0.09
AAKASH,EQ,9.14,2.01,92.54,1.03,0.09
NIFTYBETF,EQ,240.81,0.09,132.7,0.04,0.09
ELGIRUBCO,EQ,59.6,-0.28,298.3,0.16,0.09
AJOONI,EQ,3.28,3.8,56.5,2.86,0.09
PEARLPOLY,EQ,19.5,3.56,32.83,0.47,0.09
RAJMET,EQ,3.14,0,86.81,2.94,0.09
BANKPSU,EQ,84.14,0.71,47.17,0.11,0.09
HEALTHX,EQ,297,2.63,944.77,0.03,0.09
AARNAV,BE,33.42,5,141.16,0.27,0.09
NIF500BETA,EQ,36.78,0.16,7.07,0.24,0.09
GLOBALVECT,EQ,138.5,3.82,193.9,0.06,0.09
VOITHPAPR,EQ,1440,0,632.53,0.01,0.09
BANARISUG,EQ,3333.1,0.31,4179.61,0,0.09
RAJPALAYAM,EQ,789.95,4.15,728.35,0.01,0.09
KKJEWELS,SM,99.55,2.1,104.38,0.09,0.09
CSSL,SM,88,1.44,211.61,0.1,0.09
CHEMCRUX,EQ,78,-0.73,115.51,0.11,0.09
GROWWCHEM,EQ,29.61,1.16,11.42,0.3,0.09
SUBAHOTELS,SM,92,2.17,223.03,0.1,0.09
NIFTY100EW,EQ,34.47,-0.17,39.45,0.25,0.09
BBTCL,EQ,231,-1.28,473.81,0.04,0.09
ABSLPSE,EQ,9.97,-0.3,22.33,0.86,0.09
743GS2076,GS,99.09,-0.15,92153.7,0.09,0.09
COMFINTE,EQ,5.75,-0.86,183.96,1.51,0.09
NDLVENTURE,EQ,124.88,0.7,420.49,0.07,0.09
MNC,EQ,32.55,0.84,45.91,0.27,0.09
GROWWMC150,EQ,230.65,1.36,6.36,0.04,0.09
LRRPL,SM,95.55,5,82.56,0.09,0.09
GRADIENTE,BE,2.35,-0.84,78.11,3.76,0.09
INFOLLION,SM,152,-0.33,147.54,0.06,0.09
GTL,EQ,7.04,0.72,110.74,1.22,0.09
BENGALASM,EQ,6180.5,0.11,7048.18,0,0.09
GENSOL,BZ,16.97,0.24,64.49,0.5,0.08
TRIGYN,EQ,56.04,0.5,172.52,0.15,0.08
CREST,EQ,360.55,-0.87,1025.76,0.02,0.08
EBBETF0431,EQ,1430.95,-0.14,13241.06,0.01,0.08
AONENIFTY,EQ,9.7,0.31,21.15,0.87,0.08
IL&FSENGG,BZ,42,-0.97,550.71,0.2,0.08
HDFCVALUE,EQ,122.1,0.69,32.74,0.07,0.08
ORBTEXP,BE,228,-0.14,585.03,0.04,0.08
LANDSMILL,EQ,0.55,1.85,77.59,15.46,0.08
MULTICAP,EQ,16.53,0.49,90.4,0.5,0.08
VARDMNPOLY,EQ,5.95,2.59,287.4,1.42,0.08
RADIOCITY,EQ,6.02,-1.15,208.1,1.39,0.08
MYMUDRA,SM,71.3,10.29,81.22,0.12,0.08
KAMOPAINTS,EQ,4.25,-0.23,139.83,1.94,0.08
AIRAN,EQ,16.76,-1.53,209.53,0.49,0.08
VIRINCHI,EQ,14.01,0.07,154.89,0.59,0.08
ATLANTAA,EQ,36,1.01,293.4,0.23,0.08
RVTH,EQ,670,-0.23,205.49,0.01,0.08
ARCL,EQ,258.35,-1.42,206.68,0.03,0.08
690GS2065,GS,93.97,0.71,186060.6,0.09,0.08
AGSTRA,BZ,2.2,4.76,28.26,3.73,0.08
MODTHREAD,EQ,45.5,-1.88,158.23,0.18,0.08
SGBN28VIII,GB,15120,0.27,2379.07,0,0.08
KRITINUT,EQ,80.49,-0.21,403.28,0.1,0.08
RAJTV,EQ,9.77,4.94,50.72,0.83,0.08
HECPROJECT,EQ,115.35,-0.29,125.02,0.07,0.08
EEPL,ST,134.9,4.13,174.82,0.06,0.08
CHEVIOT,EQ,1189,1.59,694.6,0.01,0.08
ONYX,ST,35.5,-4.05,64.37,0.22,0.08
RUDRA,EQ,19.75,-1.74,198.18,0.4,0.08
VADILENT,EQ,10370,0.19,894.59,0,0.08
QNIFTY,EQ,258.99,0.54,62.45,0.03,0.08
CONSUMIETF,EQ,119.88,0.71,54.64,0.07,0.08
SGBJU29III,GB,15125,0.4,2237.34,0,0.08
PRATHAM,SM,125.4,4.37,228.38,0.06,0.08
74GS2062,GS,99.5,0.15,155220,0.08,0.08
XELPMOC,EQ,74,0.93,109.69,0.11,0.08
RTSPOWR,EQ,89,-1.18,81.6,0.09,0.08
ALLETEC,SM,127.5,-0.78,257.48,0.06,0.08
NAHARPOLY,EQ,228.05,-2.06,560.73,0.03,0.08
HDFCGROWTH,EQ,114.54,0.17,17.91,0.07,0.08
DHARAN,BZ,0.15,7.14,78.43,55.21,0.08
ELGNZ,SM,86.6,1.29,195.71,0.09,0.08
SGBAUG29V,GB,15070,-0.36,3455.16,0,0.08
CHEMBONDCH,BE,262,0.61,704.69,0.03,0.08
SADHAV,SM,105,-1.96,169.4,0.07,0.08
VERTOZ,EQ,37,0.3,315.35,0.2,0.08
GOLDTECH,BE,44.08,4.98,230.37,0.17,0.08
WTICAB,SM,98,-1.71,233.36,0.08,0.07
IVC,EQ,7.86,1.03,246.83,0.95,0.07
SENSEXETF,EQ,77.4,0.36,41.37,0.1,0.07
653GS2031,GS,98.01,0.18,20582.1,0.08,0.07
SINTERCOM,EQ,77.67,-3.5,213.81,0.09,0.07
RSSOFTWARE,EQ,32.44,2.66,83.8,0.23,0.07
CPEDU,EQ,176.1,-0.7,320.38,0.04,0.07
ITBETA,EQ,304.89,-1.33,6.32,0.02,0.07
KANDARP,SM,75,1.49,67.3,0.1,0.07
VITAL,EQ,55.67,5,133.34,0.13,0.07
SHRITECH,SM,60.85,0.25,151.82,0.12,0.07
RULKA,SM,105.2,-1.22,51.64,0.07,0.07
GKB,EQ,70.48,3.09,35.53,0.11,0.07
MARC,ST,148.05,-1.6,256.32,0.05,0.07
JMA,EQ,90.05,-0.85,205.68,0.08,0.07
MIDQ50ADD,EQ,24.4,0.21,96.54,0.3,0.07
NEWJAISA,ST,17.15,-4.72,61.35,0.42,0.07
STEELCITY,EQ,85.8,0.25,129.62,0.09,0.07
SGBAUG27,GB,15070,0.25,1544.43,0,0.07
SHRADDHA,EQ,152.49,5.33,616.07,0.05,0.07
HINDCON,EQ,25.26,2.14,129.31,0.29,0.07
DIGJAMLMTD,BE,53.99,-5,107.98,0.13,0.07
NATIONSTD,EQ,112,-2.59,224,0.06,0.07
KCK,ST,13,-4.76,82.68,0.55,0.07
BBETF0432,EQ,1332,-0.84,10202.2,0.01,0.07
ELM250,EQ,16.14,-0.74,165.25,0.44,0.07
DCM,EQ,75,-1.79,140.08,0.09,0.07
GVKPIL,BE,2.53,1.61,399.39,2.82,0.07
945SCL29,N0,101918.33,1.37,66.25,0,0.07
XTGLOBAL,EQ,30.2,0.37,405.05,0.24,0.07
TGBHOTELS,EQ,9.4,-2.49,27.53,0.72,0.07
APSISAERO,ST,588,1.85,708.65,0.01,0.07
ASTAR,EQ,698.35,-0.58,1117.83,0.01,0.07
SKYTECH,SM,29.1,4.86,28.58,0.24,0.07
MPEL,SM,23.1,5,17.96,0.32,0.07
ORIENTALTL,EQ,4.96,-0.4,36.46,1.4,0.07
HEALTHCARE,EQ,22.09,0.87,15.61,0.32,0.07
RKEC,EQ,19.02,3.2,49.11,0.37,0.07
CYBERMEDIA,BE,20.56,2.59,42.47,0.34,0.07
SVGLOBAL,EQ,163,4.76,294.75,0.04,0.07
IDFNIFTYET,EQ,259.52,0.15,3.71,0.03,0.07
ADVIKCA,EQ,1.01,6.32,61.46,6.83,0.07
NOVAAGRI,EQ,23.2,0.52,214.65,0.3,0.07
GENUSPAPER,EQ,11.31,0.27,290.81,0.61,0.07
BALAJEE,EQ,25.9,2.82,211.27,0.27,0.07
TIPSFILMS,EQ,314.95,-0.44,136.15,0.02,0.07
BAWEJA,SM,25.9,6.58,47.73,0.28,0.07
750IRFC35,NK,1233.99,1.73,456.12,0.01,0.07
AHLADA,EQ,39,4.61,50.39,0.17,0.07
MGSL,SM,66.3,-3.84,96.68,0.1,0.07
MAHICKRA,SM,297,-5.56,290.34,0.02,0.07
QUAL30IETF,EQ,20.43,0.29,134.81,0.33,0.07
SANDESH,EQ,1026,-1.22,776.62,0.01,0.07
771GS2066,GS,104.3,0.06,57343.62,0.06,0.07
UNILEX,SM,30.5,12.96,41.53,0.22,0.07
PENTAGON,ST,95,4.17,73.24,0.07,0.07
MARALOVER,EQ,61.25,0.23,254.24,0.11,0.07
JHS,EQ,8.42,0.96,73.6,0.78,0.07
INDOWIND,EQ,8.97,-0.33,144.42,0.74,0.07
ACGL,EQ,1731,0.14,1053.94,0,0.07
LEXUS,EQ,12.41,-0.48,25.8,0.52,0.07
PARAGON,SM,53.2,-2.39,104.09,0.12,0.07
SHYAMDHANI,SM,55,1.85,113.61,0.12,0.06
890AEL31,NN,1058.55,-1.07,216.1,0.01,0.06
ASPINWALL,EQ,257,1.84,200.93,0.03,0.06
880IREDA34,N6,1290,3.12,185.97,0.01,0.06
SADBHAV,EQ,7.7,0.26,132.11,0.84,0.06
SURANASOL,EQ,25.88,1.37,127.35,0.25,0.06
RPPL,BE,20.5,4.91,152.2,0.31,0.06
PRAENG,EQ,21.22,-1.58,148.4,0.3,0.06
MAYASHEEL,SM,34.5,-2.4,76.07,0.18,0.06
CEMNTGROWW,EQ,14.23,-0.49,9.07,0.44,0.06
S&SPOWER,EQ,318,-2.29,392.46,0.02,0.06
VILINBIO,ST,52.3,-4.91,79.76,0.12,0.06
ODIGMA,EQ,21.33,1.96,66.67,0.3,0.06
SHARDUL,BE,55.09,-0.2,481.99,0.11,0.06
NTCIND,EQ,141.8,5.97,205.88,0.04,0.06
BASML,BE,25.24,2.06,201.72,0.25,0.06
MAJESAUT,BE,372.8,2.91,387.62,0.02,0.06
QUESTLAB,SM,75.1,0.13,123.07,0.08,0.06
RUCHINFRA,EQ,5.28,5.39,124.62,1.18,0.06
BENARAS,EQ,10351,0.95,1345.63,0,0.06
AMJLAND,EQ,38.5,1.99,157.85,0.16,0.06
TSC,ST,52.05,-3.61,75.57,0.12,0.06
SAIFL,SM,4.25,-1.16,25.31,1.44,0.06
LOTUSEYE,EQ,115.2,0.2,239.57,0.05,0.06
935TSIIC28,N0,100910.01,-1.07,1260.78,0,0.06
842IIFL26,NL,997,0.02,146.81,0.01,0.06
KALANA,SM,17.9,-3.76,23.34,0.34,0.06
BEDMUTHA,EQ,104.89,2.26,338.42,0.06,0.06
UNIVPHOTO,BE,575.2,-2.45,629.65,0.01,0.06
WINSOL,SM,111.7,0.72,128.85,0.06,0.06
BI,BE,104.86,-2,246.9,0.06,0.06
PML,EQ,497.05,-0.36,153.29,0.01,0.06
BARFLEX,SM,60,0,148.49,0.1,0.06
NEXT50ETF,EQ,73.05,0.61,20.9,0.08,0.06
VALUE360,SM,62.1,1.39,99.92,0.1,0.06
ELPROINTL,EQ,171.5,-0.43,2906.57,0.03,0.06
RAJSREESUG,EQ,31.9,-0.81,105.7,0.18,0.06
MKEXIM,EQ,68.9,1.26,278.13,0.09,0.06
LOVABLE,EQ,71.48,0.29,105.79,0.08,0.06
MANORG,EQ,460,0.11,393.96,0.01,0.06
MMEL,SM,29.35,9.93,55.2,0.2,0.06
NATCAPSUQ,BE,173,2.37,180.11,0.03,0.06
DEVIT,EQ,23.05,0.13,129.92,0.25,0.06
AURUS,EQ,4.68,-4.29,13.8,1.24,0.06
724GS2055,GS,97.7,1.24,110401,0.06,0.06
SMALLADD,EQ,18.62,1.03,8.59,0.31,0.06
RADIOWALLA,ST,27.75,4.91,19.56,0.21,0.06
SGBMAR30X,GB,15136,-0.05,2330.48,0,0.06
VARDHACRLC,BE,44.26,-0.27,355.69,0.13,0.06
830PFCL27,N5,1082.32,-0.43,1332.47,0.01,0.06
SETCO,BE,17.28,1.41,231.15,0.33,0.06
NAHARCAP,EQ,253,1.22,423.68,0.02,0.06
OWAIS,ST,75.6,-1.95,137.46,0.07,0.06
SDREAMS,SM,81.5,0.62,152.59,0.07,0.06
SMARTLINK,BE,218.05,-2.64,217.5,0.03,0.06
GOLD360,EQ,147.2,-0.17,135.11,0.04,0.06
AGARWALTUF,SM,158.05,-2.74,305.45,0.04,0.06
MID150,EQ,23.37,0.86,14.91,0.24,0.06
920ISF28,N0,9832,2.29,147.48,0,0.06
TAINWALCHM,EQ,214.55,-2.16,200.9,0.03,0.06
MYSORPETRO,BE,131.95,3.79,86.87,0.04,0.06
MOKSH,EQ,10.13,0.7,89.4,0.56,0.06
KRITIKA,EQ,5.1,1.19,135.8,1.11,0.06
ACETEC,SM,153,0,250.67,0.04,0.05
INVICTA,SM,69,2.99,86.75,0.08,0.05
KDL,SM,64.05,-4.97,77.01,0.09,0.05
SOMATEX,EQ,83.45,4.29,275.66,0.07,0.05
764NABAR31,N2,1116,-0.36,1962.75,0,0.05
VISACHROME,EQ,34.81,4.98,507.49,0.16,0.05
741GS2036,GS,104,-0.38,156000,0.05,0.05
AUSOMENT,EQ,145.01,-1.51,197.56,0.04,0.05
930APMD32,N0,106900,0.77,1068.99,0,0.05
INDTERRAIN,EQ,29.45,0.86,149.22,0.18,0.05
ECAPINSURE,EQ,23.8,0.98,15.01,0.22,0.05
DIVYADHAN,ST,44.35,4.97,63.45,0.12,0.05
SAYAJIIND,EQ,122,0.83,308.42,0.04,0.05
USK,EQ,19.8,-0.85,109.61,0.26,0.05
BRANDMAN,SM,164,2.5,302.7,0.03,0.05
920HFL30,N0,104545,-0.1,209.09,0,0.05
SAMPANN,EQ,24.35,1.04,118.85,0.22,0.05
SHREEKARNI,SM,387.9,2.77,280.4,0.01,0.05
ANYA,SM,17.6,3.53,211.2,0.3,0.05
812REC27,NI,1030.79,0.03,2226.84,0.01,0.05
SGBFEB29XI,GB,15100,0.3,1854.15,0,0.05
MAHAPEXLTD,EQ,53,-1.47,149.37,0.1,0.05
SBINEQWETF,EQ,32.75,0.99,38.95,0.16,0.05
865LTF26,NN,1060,0,422.08,0,0.05
VSTL,EQ,113.65,-0.47,215.51,0.04,0.05
HYBRIDETF,EQ,10.02,0.4,15.37,0.5,0.05
UTKAL,SM,50.25,0.6,98.16,0.1,0.05
ATAM,EQ,59.4,1.94,68.09,0.08,0.05
EMMBI,BE,88.65,-2.46,170.56,0.06,0.05
KHAITANLTD,EQ,153.14,0.87,72.74,0.03,0.05
699GS2051,GS,95.5,-0.1,139931.38,0.05,0.05
SFML,SM,20.8,0.48,51.64,0.24,0.05
SAVY,SM,136.05,-0.62,283.1,0.04,0.05
ROCKINGDCE,SM,217,-0.8,122.8,0.02,0.05
WEALTH,EQ,840.65,0.51,895.71,0.01,0.05
SUMIT,EQ,50.26,0.4,240.54,0.1,0.05
GRPLTD,EQ,2008,0.4,1070.93,0,0.05
SURANI,SM,96.05,-3.95,149.34,0.05,0.05
MMWL,EQ,13.71,3.16,1552.99,0.36,0.05
SUNTECH,SM,37.9,0.8,73.38,0.13,0.05
695GS2061,GS,93,0.01,136710,0.05,0.05
GLOSTERLTD,EQ,578,1.02,632.52,0.01,0.05
750GS2056,GS,102,-0.78,15300,0.05,0.05
NOIDATOLL,EQ,3.99,-0.25,74.29,1.21,0.05
BAIDFIN,EQ,10.6,0.47,164.18,0.45,0.05
YOGI,EQ,162,0.62,729,0.03,0.05
UNIENTER,EQ,91.09,-0.07,633.49,0.05,0.05
VLSFINANCE,EQ,241,1.92,756.23,0.02,0.05
MANILAM,SM,39,-2.5,85.21,0.12,0.05
MAHESHWARI,EQ,72.8,1.78,215.47,0.06,0.05
SHREEOSFM,SM,51.8,3.7,79.79,0.09,0.05
CAPTRUST,BE,19.54,0.21,66.47,0.24,0.05
OSWALAGRO,EQ,34.98,-0.4,469.55,0.13,0.05
RRIL,EQ,16.1,-0.06,195.16,0.29,0.05
RAJRILTD,BE,20.55,1.99,1142.75,0.23,0.05
BEEKAY,EQ,419.1,-0.4,799.31,0.01,0.05
GROWWMOM50,EQ,10.93,0.46,30.32,0.41,0.05
AGROPHOS,EQ,24.3,1.38,49.27,0.19,0.05
ITADD,EQ,30.16,-0.95,168.81,0.15,0.05
BSHSL,EQ,84.92,-0.84,891.13,0.05,0.04
GROWWPSUBK,EQ,83.5,1.04,6.12,0.05,0.04
903SFL28,YI,1027.01,0,51.28,0,0.04
BVCL,EQ,42.15,1.4,93.4,0.11,0.04
BAGFILMS,EQ,4.35,0.93,94.72,1.03,0.04
MEGASTAR,EQ,278.4,0.83,314.42,0.02,0.04
ROXHITECH,SM,47,9.18,107.81,0.1,0.04
MOTOGENFIN,EQ,26,-1.07,100.69,0.17,0.04
GILLANDERS,EQ,106,0.95,226.23,0.04,0.04
97SFL29,YZ,1095.05,0.37,37.4,0,0.04
MOHITIND,EQ,23.9,4.5,33.84,0.19,0.04
MOXSH,SM,94,0.53,89.31,0.05,0.04
HSBCGOLD,EQ,131.56,0.32,692.45,0.03,0.04
MADHAVIPL,EQ,7.74,4.74,208.66,0.57,0.04
DELAPLEX,SM,90,-1.1,82.43,0.05,0.04
OSIAHYPER,BE,2.2,-2.22,38.93,1.96,0.04
NIRAJ,EQ,28,-0.57,167.14,0.15,0.04
MURUDCERA,EQ,29.06,-0.58,175.94,0.15,0.04
PNC,EQ,17.38,5.85,25.14,0.25,0.04
STUDIOLSD,SM,8.7,-1.69,45.15,0.48,0.04
ALANKIT,EQ,8.01,0.88,217.2,0.53,0.04
SHYAMCENT,BE,5.07,0.6,107.57,0.85,0.04
EXXARO,EQ,6.26,0.48,280.08,0.68,0.04
VMOBILE,SM,56.6,-1.05,34.92,0.07,0.04
DHUNINV,EQ,1017,3.4,620.08,0,0.04
STARPAPER,EQ,157.5,0.45,245.83,0.03,0.04
ACL,EQ,42.79,-0.3,394.4,0.1,0.04
SHBAJRG,EQ,162.73,5.81,146.46,0.03,0.04
INTEGRITY,SM,170.7,-0.2,75.11,0.02,0.04
BCPL,EQ,69.03,-0.4,115.44,0.06,0.04
MFML,EQ,18.79,-2.44,19.96,0.22,0.04
EMULTIMQ,EQ,41.11,-0.99,31.11,0.1,0.04
96IIFL28A,NF,1000,-0.1,328.02,0,0.04
ABSLNN50ET,EQ,76.13,0.21,53.86,0.05,0.04
MAL,ST,43.55,2.35,107.51,0.1,0.04
WEWIN,EQ,47.3,10,48.06,0.09,0.04
MAGNUM,EQ,19.03,0.05,130.19,0.21,0.04
950ISF27C,N0,9900.25,-0.5,297.01,0,0.04
BIOFILCHEM,EQ,32.12,-2.31,52.27,0.13,0.04
RAJINDLTD,SM,67,4.2,148.84,0.06,0.04
TOTAL,BE,71.5,-0.96,115.31,0.06,0.04
TNTELE,EQ,9.13,0.22,41.7,0.45,0.04
IL&FSTRANS,BZ,1.87,0.54,61.52,2.22,0.04
INSPIRISYS,EQ,91.85,3.21,363.88,0.04,0.04
PSFL,SM,32.5,0.46,63.97,0.12,0.04
SETF10GILT,EQ,263.59,0.4,3255.04,0.02,0.04
ANIKINDS,EQ,45.9,6.77,127.39,0.09,0.04
DRCSYSTEMS,EQ,12.7,3.34,182.98,0.31,0.04
865IIFL28,NS,988.5,0,156.45,0,0.04
EBIX,BE,18.64,1.14,399.44,0.21,0.04
RNPL,SM,54.15,2.95,65.44,0.07,0.04
ACCURACY,BE,4.32,-1.14,65.04,0.92,0.04
IMC1,N1,251,-0.16,61.24,0.02,0.04
125VCCL31,N0,97000,0,67.9,0,0.04
CFEL,BE,46.55,-1.1,116.47,0.08,0.04
BCONCEPTS,EQ,152.5,-0.05,190.35,0.03,0.04
JAYESH,SM,129.5,3.35,112.55,0.03,0.04
COMPEAU,EQ,373,2.47,239.07,0.01,0.04
CIFC28,NB,1300,1.48,12.55,0,0.04
SAMAY,ST,47.8,0,73.37,0.08,0.04
ORCHASP,EQ,1.39,1.46,48.15,2.79,0.04
SCML,SM,77,-2.53,111.63,0.05,0.04
GKWLIMITED,EQ,1605,2.53,957.62,0,0.04
SHUBHLAXMI,SM,19.2,4.35,20.36,0.2,0.04
TGL,ST,14.7,0,17.64,0.26,0.04
SMLT,EQ,61.4,1.04,84.06,0.06,0.04
NETF,EQ,254.62,-0.15,695.57,0.01,0.04
PULZ,SM,20.45,-4.88,44.6,0.18,0.04
DEEP,BE,46.1,1.19,111.47,0.08,0.04
BONLON,EQ,40.51,1.1,66.37,0.09,0.04
SURYALA,EQ,400,2.35,170.68,0.01,0.04
1060ECL29,NS,1080,-4.59,210.88,0,0.04
KEN,SM,43.95,2.21,107.97,0.08,0.04
ENERGYAXIS,EQ,18.92,0.16,7.2,0.19,0.04
PAVNAIND,EQ,15.4,-0.39,214.88,0.24,0.04
ZODIACLOTH,EQ,69.67,-0.31,191.3,0.05,0.04
694GS2036,GS,102.71,-0.17,174461.25,0.04,0.04
AMBICAAGAR,EQ,25.95,4.51,44.58,0.14,0.04
SUTLEJTEX,BE,38.52,-1.03,631.07,0.09,0.04
JKIPL,EQ,99.7,0.46,382.71,0.04,0.04
INDIANCARD,EQ,209.1,-1.81,124.23,0.02,0.04
AMNPLST,EQ,168,-0.97,924.34,0.02,0.04
UNITEDTEA,EQ,428,0.15,213.85,0.01,0.04
MODINATUR,EQ,355.7,-0.01,473.31,0.01,0.04
CREATIVEYE,EQ,6.3,0.8,12.64,0.59,0.04
ASHALOG,SM,60,-0.08,81.34,0.06,0.04
NAMAN,SM,44.1,5,57.62,0.08,0.04
HMT,BZ,63.3,-1.63,4813.02,0.05,0.04
LOWVOL,EQ,200.09,0.16,42.08,0.02,0.04
STLSTRINF,EQ,23.65,2.12,20.44,0.15,0.03
ZENITHSTL,EQ,5.33,0.38,75.84,0.65,0.03
SUVIDHAA,EQ,2.17,-2.25,45.53,1.55,0.03
SGBJUN28,GB,15056,0.15,3595.87,0,0.03
QVCEL,SM,24.4,4.95,25.5,0.14,0.03
JYOTIGLOBL,SM,43.5,-0.46,86.22,0.08,0.03
BANKBETF,EQ,57.65,0.79,397.78,0.06,0.03
CINEVISTA,EQ,14.45,-0.41,83,0.24,0.03
SONUINFRA,ST,45,-4.86,52.94,0.08,0.03
IPHL,SM,71.4,0.56,178.43,0.05,0.03
POLYSIL,SM,56.8,-4.94,150.55,0.06,0.03
SAB,EQ,170,-2.38,258.57,0.02,0.03
SBINMID150,EQ,23,0.31,13.79,0.15,0.03
TIJARIA,BE,6.53,-4.95,18.69,0.51,0.03
HGM,EQ,42.97,0.73,54.12,0.08,0.03
ARVINDPORT,SM,36.05,-7.56,64.16,0.09,0.03
SHKSIL,SM,33.9,3.2,65.06,0.1,0.03
ENERGYDEV,EQ,14.69,1.03,69.78,0.22,0.03
ELDEHSG,EQ,780,0,766.97,0,0.03
HEALTHAXIS,EQ,175,2.21,26.33,0.02,0.03
AGARWALFT,SM,28.65,4.95,20.75,0.12,0.03
APOLSINHOT,EQ,1214,-0.76,315.69,0,0.03
SILKY,SM,66.1,-7.36,42.09,0.05,0.03
GROWWN200,EQ,11.18,1.18,16.12,0.29,0.03
CTE,BE,43.95,0.32,86.28,0.07,0.03
SURYALAXMI,EQ,58.8,2.44,110.58,0.05,0.03
SHIVACEM,EQ,15.61,0.71,460.5,0.21,0.03
PVTBKGROWW,EQ,27.39,0,6.62,0.12,0.03
KAYTEX,SM,57.95,-0.09,85.18,0.06,0.03
SITINET,BZ,0.28,0,24.42,11.33,0.03
MAKERSL,EQ,182.89,0.9,107.91,0.02,0.03
TARAPUR,EQ,12.22,1.16,23.83,0.26,0.03
TUTIALKA,EQ,55.65,0.56,678.02,0.06,0.03
WELINV,BE,2457,2,897.9,0,0.03
709GS2074,GS,95.25,-0.23,150495,0.03,0.03
BANK10ADD,EQ,16.57,0.06,346.24,0.19,0.03
VEDAVAAG,EQ,22.3,2.29,52.33,0.14,0.03
GREENLEAF,ST,105,-1.32,62.26,0.03,0.03
930APMD29,N0,103925.72,-0.02,1039.25,0,0.03
NIRAJISPAT,BE,274.8,4.85,16.49,0.01,0.03
MALUPAPER,EQ,31.96,-0.06,54.52,0.1,0.03
ABAN,BE,14.02,-0.78,81.83,0.22,0.03
1015ECL29,NR,1019.5,-0.1,113.27,0,0.03
MONEXT50,EQ,72.7,1.62,16.28,0.04,0.03
GVPTECH,BE,7.57,2.44,138.26,0.41,0.03
1150AFIL29,N0,9816.15,-0.84,29.45,0,0.03
DBSTOCKBRO,BE,30.59,4.72,107.07,0.1,0.03
SGBOCT26,GB,15105,-0.4,472.12,0,0.03
AVIANSH,SM,100,-0.5,139.77,0.03,0.03
ASPIRE,SM,13.3,0.38,20.19,0.22,0.03
SECLEDBETA,EQ,14.36,0.35,6.53,0.21,0.03
AKSHAR,EQ,0.41,0,32.29,7.34,0.03
DPSCLTD,BE,7.1,-0.28,691.39,0.42,0.03
AIROLAM,EQ,91.64,4.5,137.48,0.03,0.03
BSL,EQ,124.98,-0.45,128.63,0.02,0.03
GAYAHWS,EQ,1.88,-1.05,45.05,1.57,0.03
865IFL28,NZ,982.02,0.1,87.31,0,0.03
HINDALUMI,EQ,94.5,0.45,59.54,0.03,0.03
JOCIL,EQ,151.5,3.48,134.55,0.02,0.03
LAXMICOT,EQ,13.2,1.15,22.63,0.22,0.03
NIFTYQLITY,EQ,20.61,1.08,23.92,0.14,0.03
ARCHIES,EQ,12.81,0.47,43.27,0.22,0.03
AEPL,EQ,16.61,1.59,416.97,0.17,0.03
HPIL,EQ,116.27,-2.06,132.83,0.02,0.03
SADBHIN,EQ,2.6,0.78,91.58,1.1,0.03
TARMAT,EQ,55,1.44,137.85,0.05,0.03
MEDISTEP,SM,18.3,-6.15,26,0.15,0.03
BEARDSELL,EQ,24.75,1.39,97.61,0.11,0.03
CKKRETAIL,SM,173,-1,335.07,0.02,0.03
1050UCL28,NH,1009,-1.56,55.43,0,0.03
SSFL,ST,280.2,-3.36,240.14,0.01,0.03
SPLIL,EQ,29.76,-2.49,86.3,0.09,0.03
ITL,EQ,367.6,0.51,117.79,0.01,0.03
ANSALAPI,BZ,3.8,1.88,59.81,0.73,0.03
957ICCL25,YW,1036,-0.86,27.33,0,0.03
FMCGADD,EQ,46.65,1.77,7.17,0.06,0.03
657GS2033A,GS,99.9,1.42,21978,0.03,0.03
DHRUV,EQ,20.85,-3.34,39.55,0.13,0.03
ARCIIL,SM,34.8,2.65,35.83,0.08,0.03
SGBOCT27,GB,15105,-0.63,688.45,0,0.03
SECMARK,EQ,141.07,3.64,147.38,0.02,0.03
PREMCO,EQ,400.1,-0.47,132.23,0.01,0.03
AMARJOTHI,EQ,148.1,-0.54,99.97,0.02,0.03
ORIENTLTD,BE,80,-2.31,80,0.03,0.03
WIPL,EQ,160.25,0.53,136.01,0.02,0.03
DRONE,SM,33.5,1.06,81.74,0.08,0.03
NFPSAMPOOR,SM,22.95,1.77,29,0.12,0.03
TVVISION,BE,2.91,4.68,11.27,0.92,0.03
SMALLIETF,EQ,18.55,1.15,9.77,0.14,0.03
BHANDARI,EQ,2.95,-0.34,98.22,0.9,0.03
SMALLGROWW,EQ,49.49,1.33,7.75,0.05,0.03
DIGIDRIVE,EQ,18,1.35,69.41,0.15,0.03
SEMAC,EQ,265.6,-4.8,82.8,0.01,0.03
MARCO,SM,29.35,2.98,54.88,0.09,0.03
TROM,SM,54.1,-1.46,49.74,0.05,0.03
IIFLZC28,NG,1671.8,0,113.92,0,0.03
930SFL28,YP,1040,0.68,33.63,0,0.03
WORTHPERI,EQ,149.85,0.69,236.03,0.02,0.03
TOP20,EQ,8.65,0.12,14.43,0.3,0.03
LCCINFOTEC,EQ,3.84,4.92,64.74,0.67,0.03
VEEKAYEM,SM,102.55,1.69,60.26,0.03,0.03
RELCHEMQ,EQ,120,2.03,90.52,0.02,0.03
ICDSLTD,BE,59.55,-3.8,77.57,0.04,0.03
BABAFP,SM,23.7,9.47,38.69,0.11,0.03
AKG,EQ,10.29,0.88,32.7,0.25,0.03
PRITIKA,SM,63,0,166.1,0.04,0.03
DNAMEDIA,EQ,2.55,0,30.02,0.99,0.03
706GS2028,GS,104.3,-0.14,115773,0.02,0.03
HDFCQUAL,EQ,56.9,0.14,19.7,0.04,0.02
AUROIMPEX,SM,39,4.98,47.58,0.06,0.02
1025VCCL28,N0,84110.56,-12.38,168.22,0,0.02
82IGT31,NJ,1035.11,-0.75,620.22,0,0.02
INDOUS,EQ,78.05,-1.19,156.51,0.03,0.02
717GS2030,GS,103.26,0.04,106357.8,0.02,0.02
VICTORYEV,SM,13.75,-2.83,33.12,0.18,0.02
FORGEAUTO,SM,103,-3.29,112.48,0.02,0.02
WILLAMAGOR,EQ,23.39,-0.89,25.63,0.11,0.02
BANK10BETF,EQ,20.46,-0.2,184.72,0.12,0.02
SENSEXAXIS,EQ,77.89,0.26,124.47,0.03,0.02
ITALIANE,SM,31.2,4.87,46.1,0.08,0.02
EQUAL50,EQ,325.17,0.52,206.24,0.01,0.02
935MOFSL29,N5,1050,0.96,86.08,0,0.02
BNAGROCHEM,EQ,200.85,0,1963.77,0.01,0.02
KONSTELEC,ST,61.85,4.56,93.39,0.04,0.02
PRAKASHSTL,EQ,3.74,0.54,65.45,0.65,0.02
SGBJUL29IV,GB,15106.19,0.54,4416.69,0,0.02
21STCENMGM,EQ,39.9,0.71,41.9,0.06,0.02
735PFCL35,N1,1206,0,257.57,0,0.02
SGBSEP27,GB,15049.9,-0.03,944.97,0,0.02
SUNDARAM,EQ,1.17,0,55.44,2.04,0.02
KCEIL,SM,80.45,3.61,98.34,0.03,0.02
APCL,EQ,95.5,0.74,280.53,0.02,0.02
96IIFL28,N5,1000.8,0.18,383.13,0,0.02
PILITA,EQ,7.4,0.27,173.9,0.31,0.02
SANGANI,SM,51.95,4.95,71.57,0.05,0.02
SHIVAAGRO,EQ,41.25,3.05,41.22,0.06,0.02
ZEAL,SM,76,3.33,101.15,0.03,0.02
MAXPOSURE,SM,37.05,-5,84.26,0.06,0.02
MAITREYA,SM,116.6,3.55,79.01,0.02,0.02
BOSS,ST,56.65,-0.79,25.19,0.04,0.02
SGBDC27VII,GB,15090,-0.07,978.29,0,0.02
SEYAIND,BE,13.91,1.98,36.96,0.16,0.02
SGLRES,EQ,2.45,2.08,61.37,0.93,0.02
DAMODARIND,BE,29.47,2.08,68.67,0.08,0.02
910TCAP28,NA,1042,0.21,356.21,0,0.02
SOCL,SM,28.2,2.92,37.77,0.08,0.02
IMPEXFERRO,BZ,5.91,1.9,51.97,0.38,0.02
SYSTMTXC,BE,77.5,1.57,1058.17,0.03,0.02
ISTLTD,EQ,655,-3.07,764,0,0.02
VINNY,EQ,0.93,1.09,43.27,2.38,0.02
KREBSBIO,EQ,56.9,0.07,122.68,0.04,0.02
AHLEAST,EQ,136.25,0.83,235.6,0.02,0.02
SALONA,EQ,274.95,1.27,144.69,0.01,0.02
RVHL,EQ,40.05,1.01,245.61,0.05,0.02
PARASPETRO,EQ,2.08,-0.48,69.52,1.03,0.02
MON50EQUAL,EQ,32.73,0.31,154.45,0.07,0.02
IIFLZC26,NN,1500,-0.66,43.96,0,0.02
UNIONGOLD,EQ,147.4,-0.34,297.14,0.01,0.02
AROGRANITE,EQ,24.27,5.11,37.13,0.09,0.02
710GS2029,GS,104.9,0.68,158399,0.02,0.02
SGBJUL27,GB,15002,-2.58,804.03,0,0.02
ENIL,EQ,100.58,0.94,479.47,0.02,0.02
SHUBHSHREE,SM,350,-0.57,183.47,0.01,0.02
KIRANVYPAR,EQ,218.65,-0.06,596.57,0.01,0.02
JIWANRAM,SM,4.4,10,10.89,0.48,0.02
9PFL31A,NA,1045,0.77,160.94,0,0.02
VISDEM,SM,88.4,4,90.8,0.02,0.02
915APSBC31,N0,104000,0,570.96,0,0.02
IIFLHF29,NE,1414,-1.51,7.81,0,0.02
HBSL,EQ,55.85,2.57,39.86,0.04,0.02
KANCHI,EQ,394,-0.37,171.15,0.01,0.02
SAGARDEEP,EQ,24.34,4.06,41.52,0.09,0.02
GUJRAFFIA,EQ,39.36,0.38,21.27,0.05,0.02
THAKDEV,EQ,137.88,9.12,124.09,0.02,0.02
NEUEON,BE,13.06,4.98,738.47,0.15,0.02
QUALITY30,EQ,19.95,-0.05,2.72,0.1,0.02
915APSBC27,N0,100500.01,0,551.75,0,0.02
GATECHDVR,BE,0.49,2.08,9.29,4.24,0.02
URAVIDEF,BE,104.15,-0.71,118.73,0.02,0.02
MERCANTILE,EQ,22,-0.45,246.22,0.09,0.02
12VCCL29B,N0,99500,0.91,54.73,0,0.02
970CAGL28,ND,1015,-0.98,257.03,0,0.02
MOMETAL,EQ,13.36,2.61,1.67,0.15,0.02
GTECJAINX,EQ,28.98,1.93,29.53,0.07,0.02
1025PATE28,N0,98500,-1.5,88.65,0,0.02
JAINAM,SM,197,0,230.71,0.01,0.02
971SCL30,N1,1011,-0.82,10.32,0,0.02
PREMIER,BE,2.85,0.71,8.66,0.7,0.02
BAFNAPH,BE,336.5,1.99,796.04,0.01,0.02
OMFURN,SM,53.95,-4.93,63.52,0.04,0.02
LAGNAM,EQ,75,1.34,132.52,0.03,0.02
GEECEE,BE,377.95,1.1,790.36,0.01,0.02
IVZINNIFTY,EQ,269.47,0.55,90.18,0.01,0.02
PIONEEREMB,EQ,22.35,0.31,68.85,0.09,0.02
TOKYOPLAST,EQ,79.48,1.38,75.52,0.02,0.02
925IHFL29,N1,1044.8,4.48,16.93,0,0.02
NITIRAJ,EQ,228.39,-0.41,234.12,0.01,0.02
890SFIL23A,NZ,439.9,14.64,5.19,0,0.02
UMESLTD,EQ,4.64,1.53,12.26,0.41,0.02
EIFFL,BE,261.25,1.99,647.9,0.01,0.02
ABANSENT,EQ,27.34,0.18,190.69,0.07,0.02
BTTL,BE,40,1.27,233.49,0.05,0.02
MKPL,EQ,4.07,0.99,152.78,0.46,0.02
ANTGRAPHIC,EQ,0.73,2.82,11.32,2.55,0.02
EASTSILK,BE,68.51,5,34.26,0.03,0.02
GRAVISSHO,BE,32.81,-4.98,231.37,0.06,0.02
ENFUSE,SM,150,0,132.71,0.01,0.02
ADDICTIVE,SM,45.55,-0.98,72.47,0.04,0.02
ATCENERGY,ST,21.8,0.23,44.45,0.08,0.02
VISHWAS,ST,38.5,0.13,38.5,0.05,0.02
JFLLIFE,SM,9.95,-4.78,32.83,0.18,0.02
GRAPHISAD,SM,24.5,-0.61,44.78,0.07,0.02
762NTPC35F,ND,1138.01,-2.73,188.61,0,0.02
REXPRO,SM,36,-0.28,40.34,0.05,0.02
MLKFOOD,EQ,82.49,0.05,211.14,0.02,0.02
SECURKLOUD,EQ,16.96,0.65,56.66,0.11,0.02
ARABIAN,SM,88.5,0.57,96.39,0.02,0.02
REGENCERAM,EQ,35,5.11,92.55,0.05,0.02
ENKEIWHEL,EQ,399.45,1.08,718.01,0,0.02
TRUST,SM,26.5,1.15,63.14,0.07,0.02
79NHIT47,N3,422,0.04,633,0,0.02
PALASHSECU,EQ,85.69,-1.16,85.72,0.02,0.02
SNEHAA,SM,43.5,-1.14,44.28,0.04,0.02
RILINFRA,SM,33.1,-0.75,61.58,0.05,0.02
EMETAL,EQ,13.23,2.4,7.5,0.13,0.02
KAUSHALYA,BE,862.4,-0.73,29.87,0,0.02
985ECL28,NK,1009.99,0,274.85,0,0.02
PVTBANK,EQ,27.39,0.33,15.77,0.06,0.02
ARISTO,SM,105.85,-4.98,72.06,0.02,0.02
CELEBRITY,EQ,6.79,0,43.83,0.26,0.02
SBIETFCON,EQ,119,0.06,20.74,0.01,0.02
79NHIT35,N1,310.1,0.08,465.15,0.01,0.02
CLASSICEIL,SM,52.15,-0.57,93.69,0.03,0.02
SHRIKANHA,SM,21.05,-2.09,32.8,0.08,0.02
HDIL,BZ,1.5,3.45,71.1,1.12,0.02
IMC1,N3,251.7,0,61.41,0.01,0.02
STARTECK,EQ,258.95,7,256.63,0.01,0.02
VGCL,EQ,47.49,1.26,108.79,0.03,0.02
VIRTUALG,BE,0.46,0,26.04,3.6,0.02
BBNPNBETF,EQ,57.19,1.19,4.79,0.03,0.02
ABCOTS,EQ,202.5,-1.34,444.76,0.01,0.02
PARSVNATH,BE,1.93,1.58,83.99,0.79,0.02
SGBDEC26,GB,15100,-0.01,313.91,0,0.02
SGBJ28VIII,GB,15078.99,0,787.3,0,0.02
BIMETAL,EQ,662.15,0.11,253.27,0,0.02
VISHNUINFR,SM,150.5,0,390.18,0.01,0.02
RRECL,EQ,137,0,360.43,0.01,0.01
DTL,SM,124.15,0,102.56,0.01,0.01
LAL,EQ,8.56,-1.15,147.86,0.17,0.01
SAPPL,EQ,271.45,-0.26,240.25,0.01,0.01
LAKSHMIMIL,EQ,7716,0.21,536.97,0,0.01
925ISF28,N0,9831,0.09,172.04,0,0.01
CLEDUCATE,EQ,56.4,1.84,306.21,0.03,0.01
SGL,EQ,8.92,-1.65,24.08,0.16,0.01
SHRJAGP,EQ,635,0.71,556.13,0,0.01
GRANDOAK,EQ,35.01,4.2,1816.61,0.04,0.01
NDGL,EQ,2579,-0.42,257.9,0,0.01
FIBERWEB,EQ,26.6,1.76,76.59,0.05,0.01
MONIFTY100,EQ,24.66,-0.24,16.57,0.06,0.01
COMPUSOFT,EQ,13.48,1.81,106.66,0.11,0.01
DEEM,ST,47.3,4.99,39.44,0.03,0.01
DHATRE,EQ,4.29,0.47,46.74,0.34,0.01
CELLPOINT,SM,14.65,3.9,27.37,0.1,0.01
EQUIPPP,BE,22.99,0.92,237.02,0.06,0.01
VIVOBIOT,EQ,16.8,0.54,37.28,0.08,0.01
CLSL,ST,70,-0.07,119.98,0.02,0.01
TCIFINANCE,EQ,15.2,-0.39,19.57,0.09,0.01
AESTHETIK,SM,68.75,-1.43,118.39,0.02,0.01
PRITI,EQ,33.01,0.33,44.08,0.04,0.01
GSS,EQ,10.58,0.38,27.67,0.13,0.01
SVPGLOB,EQ,3.38,1.2,42.76,0.4,0.01
ZSARACOM,EQ,10188,-2.83,1116.53,0,0.01
VISAMAN,SM,33.4,-4.98,71.05,0.04,0.01
ESG,EQ,40.29,0.5,95.24,0.03,0.01
COUNCODOS,BE,6.21,-1.9,48.19,0.21,0.01
KJMCFIN,EQ,61.5,-0.49,29.43,0.02,0.01
764IRFC31,NO,1153,0.09,1377.04,0,0.01
SIDDHICOTS,SM,26.5,-3.81,64.68,0.05,0.01
PRAXIS,EQ,4.31,-0.92,80.09,0.31,0.01
IWP,EQ,34.76,0.84,222.37,0.04,0.01
BRIGHTBR,EQ,249.2,-1.48,141.55,0.01,0.01
LPDC,EQ,6.57,-0.15,88.13,0.19,0.01
VIVIMEDLAB,BE,5.28,-1.86,43.78,0.24,0.01
SAMBHAAV,EQ,5.99,0.5,114.48,0.21,0.01
BANARBEADS,EQ,113.99,2.44,75.21,0.01,0.01
SAMBANDAM,EQ,102.5,1.49,43.71,0.01,0.01
INCREDIBLE,EQ,32.08,-1.32,150.02,0.04,0.01
182D180327,TB,96.7,-0.31,7736,0.01,0.01
FALCONTECH,SM,13,-0.38,6.96,0.1,0.01
SHERVANI,EQ,320.1,-6.68,82.36,0,0.01
PRISMX,EQ,0.53,-3.64,23.27,2.33,0.01
915AEL28,NC,1025,-0.49,425.9,0,0.01
AGRITECH,EQ,98.65,1.3,58.6,0.01,0.01
888SCL25E,N4,864,-20,7.94,0,0.01
IBLFL,SM,61,0,150.86,0.02,0.01
KEYFINSERV,EQ,245.95,2.46,136.91,0,0.01
LAHOTIOV,EQ,40.77,0.22,118.93,0.03,0.01
IPRINGLTD,EQ,136.7,0.55,173.28,0.01,0.01
MOGSEC,EQ,65.44,0.63,153.46,0.02,0.01
LFIC,EQ,136.99,1.25,41.1,0.01,0.01
GLOBALPET,SM,160,-3.03,188.6,0.01,0.01
MOINFRA,EQ,58.72,2.02,3.24,0.02,0.01
AATMAJ,SM,19.95,3.64,45.09,0.06,0.01
SMVD,SM,14.6,-4.89,14.64,0.08,0.01
HYBRIDFIN,BE,16.74,0.3,49.28,0.07,0.01
ABHAPOWER,SM,24.3,1.25,45.17,0.05,0.01
CONS,EQ,11.85,0,32.77,0.1,0.01
DHANSA,ST,29,0,78.02,0.04,0.01
QFIL,SM,58,-3.33,16.55,0.02,0.01
SRIKPRIND,BE,28,0.79,56.41,0.04,0.01
NIRMAN,SM,27.05,0.19,21.67,0.04,0.01
WHBRADY,EQ,502.8,8.27,128.21,0,0.01
SENSEXADD,EQ,77,-0.08,3.72,0.01,0.01
BALAJIPHOS,SM,112.6,0.49,267.73,0.01,0.01
PROFX,SM,70,-0.71,122.53,0.02,0.01
MIDCAPBETA,EQ,230.8,-0.52,13.89,0,0.01
CORALFINAC,EQ,32.33,0.59,130.3,0.03,0.01
TRU,EQ,4.24,1.68,50.4,0.26,0.01
0MOFSL27,N3,1223,0,33.43,0,0.01
ROML,EQ,42.25,2.7,63.33,0.03,0.01
LICNETFGSC,EQ,29.26,0.17,1910.02,0.04,0.01
RKDL,EQ,18.42,-2.28,44.21,0.06,0.01
HEXATRADEX,EQ,158.51,-0.19,875.68,0.01,0.01
SELLOWRAP,SM,67.5,0,92.77,0.02,0.01
REPL,EQ,57.5,-0.29,104.2,0.02,0.01
TECILCHEM,EQ,9.6,3.11,18.21,0.12,0.01
MOMGF,EQ,159.97,0.35,2,0.01,0.01
ORTINGLOBE,EQ,15.19,3.05,12.35,0.07,0.01
MODIRUBBER,EQ,121.5,-0.44,304.24,0.01,0.01
QUICKTOUCH,SM,16.15,-5,20.7,0.07,0.01
AEL12126,NI,1007.1,1.62,20.06,0,0.01
737GS2028,GS,105.1,0.57,78825,0.01,0.01
KAKATCEM,EQ,107.99,-1.6,83.95,0.01,0.01
ESPRIT,SM,65,-1.52,142.64,0.02,0.01
MIDCAPADD,EQ,22.86,-0.13,12.8,0.05,0.01
875AEL29,NK,1062.5,-0.04,421.13,0,0.01
718GS2033,GS,102.5,0.89,206025,0.01,0.01
DELTIC,SM,34.6,4.85,52.9,0.03,0.01
ENCOMPAS,SM,255,0,361.68,0,0.01
FWSTC,SM,170,0,173.01,0.01,0.01
935TSI29,N0,101850.01,-0.88,1272.52,0,0.01
DTIL,BE,141,-1.33,148.15,0.01,0.01
679GS2034,GS,101.5,0.5,186760,0.01,0.01
10MWL29,N0,100200,0.13,50.1,0,0.01
EMKAYTOOLS,SM,95,0.96,101.38,0.01,0.01
115VCCL27,N0,99995.55,5.14,25,0,0.01
ASIANTNE,EQ,9.24,-1.49,23.05,0.11,0.01
INFRA,EQ,11.88,0.85,10.8,0.08,0.01
364D081026,TB,99.21,-0.5,10093.88,0.01,0.01
BBNPPGOLD,EQ,146.4,-0.14,333.49,0.01,0.01
1003SFIL28,NX,415,3.62,3.73,0,0.01
MIDBANKADD,EQ,17.31,1.47,6.97,0.06,0.01
729PN33,SG,97.19,-0.52,502.67,0.01,0.01
DANGEE,EQ,2.7,0,41.57,0.36,0.01
707GJ33,SG,95.94,0.99,1439.1,0.01,0.01
IDEALTECHO,SM,95,-1.04,95,0.01,0.01
9PCPL28A,N0,9460.01,0.1,47.3,0,0.01
AILIMITED,SM,15.6,0,19.77,0.06,0.01
SHIGAN,SM,62,-4.62,126.03,0.02,0.01
KANANIIND,EQ,1.43,0.7,28.3,0.65,0.01
SPRL,SM,114.65,4.99,20.52,0.01,0.01
VALUE,EQ,15.94,0.95,12.56,0.06,0.01
SUMEDHA,EQ,44.08,0.09,35.2,0.02,0.01
ABSL10BANK,EQ,166.8,1.53,372.26,0.01,0.01
SAICAPI,EQ,158,3.59,45.49,0.01,0.01
EFORCE,SM,19.1,-0.26,44.69,0.05,0.01
BLUEPEBBLE,ST,75,-1.32,30.6,0.01,0.01
SHANTI,EQ,5.7,2.52,6.33,0.16,0.01
888ECL28,N1,987,-0.2,40.39,0,0.01
QUADPRO,ST,3.7,4.23,18.7,0.24,0.01
HAMPTON,EQ,8.12,-0.61,222.66,0.11,0.01
VINOD,ST,72.85,-4.96,117.72,0.01,0.01
THESL,ST,14.55,4.68,18.17,0.06,0.01
EQUAL200,EQ,13.65,0.59,19.54,0.06,0.01
MSL,EQ,136,-1.45,149.33,0.01,0.01
SURAJLTD,EQ,197.01,-2.67,361.79,0,0.01
SATIPOLY,SM,34.4,4.88,17.02,0.03,0.01
SNXT30BEES,EQ,42.28,0.52,7.37,0.02,0.01
NEXTMEDIA,EQ,3.82,2.14,25.55,0.22,0.01
MADHAV,EQ,34.5,0.12,30.87,0.02,0.01
3PLAND,EQ,30.95,0.68,55.71,0.03,0.01
RHL,EQ,173.1,-0.98,299.32,0,0.01
ADL,EQ,69.32,0.46,38.59,0.01,0.01
SIMBHALS,BZ,6.31,-1.56,26.05,0.13,0.01
MOIPO,EQ,48.97,-0.02,6.37,0.02,0.01
TRANSCOR,EQ,24.25,-2.69,77.63,0.03,0.01
LADDERUP,BE,55.99,-3.28,59.36,0.01,0.01
835SCL23B,YM,1009,0.4,16.25,0,0.01
VR,SM,100.5,-0.5,89.24,0.01,0.01
CBAZAAR,SM,5,4.17,10.73,0.16,0.01
SANWARIA,BZ,0.2,5.26,14.72,4.19,0.01
CGVAK,EQ,146.6,0.82,74.04,0.01,0.01
930APMD27,N0,77500,0.65,774.99,0,0.01
NEXT50ADD,EQ,72.88,0.43,10,0.01,0.01
MOQUALITY,EQ,195.28,0.68,30.1,0,0.01
MOHITE,EQ,2.48,0.4,49.85,0.31,0.01
SHIVATEX,EQ,172,-0.04,222.96,0,0.01
LICNFNHGP,EQ,274.19,0.6,734.7,0,0.01
1225IFL27,N0,6171,-4.77,12.33,0,0.01
NGIL,EQ,39.79,1.92,69.78,0.02,0.01
YCCL,SM,8.25,-0.6,15.93,0.09,0.01
GROWWLOVOL,EQ,10.19,0.1,3.85,0.07,0.01
MANDEEP,SM,18.4,0.27,21.05,0.04,0.01
BALKRISHNA,EQ,16.01,-2.44,51.58,0.05,0.01
SHRADHA,EQ,30.45,-1.07,246.64,0.02,0.01
ARMOUR,ST,18.25,4.89,30.79,0.04,0.01
VIVIDHA,EQ,0.53,1.92,15.51,1.4,0.01
GFSTEELS,BE,29.44,4.99,89.59,0.02,0.01
ISHAN,SM,0.5,0,10.81,1.44,0.01
PALREDTEC,EQ,46.73,-0.47,57.16,0.01,0.01
BSLSENETFG,EQ,75.5,0.45,263.03,0.01,0.01
ODYCORP,EQ,7.14,2.44,63.9,0.1,0.01
7PFCL31,N3,995.05,-0.5,20.42,0,0.01
IDENTICAL,SM,17.5,-2.51,24.55,0.04,0.01
SNXT50BETA,EQ,93.01,0.38,33.16,0.01,0.01
CHETANA,SM,41.85,-0.12,85.37,0.02,0.01
KARMAENG,EQ,40.54,1.1,46.9,0.02,0.01
PRANIK,SM,41.65,-1.19,45.86,0.02,0.01
RSDFIN,BE,92.98,2.18,120.38,0.01,0.01
ESENSEX,EQ,75.53,0.17,14.34,0.01,0.01
NORBTEAEXP,EQ,65.55,-1.07,101.89,0.01,0.01
SONAMAC,SM,31.5,-4.26,43.23,0.02,0.01
FLFL,BZ,1.18,0.85,23.81,0.55,0.01
LLOYDS,SM,62,2.48,149.64,0.01,0.01
TREEHOUSE,EQ,5.9,-2.48,24.96,0.1,0.01
LIQUIDBETA,EQ,1009.1,0.03,30.58,0,0.01
SUNREST,SM,38.45,0,16.5,0.02,0.01
GSTL,SM,12.05,-3.21,19.21,0.05,0.01
SUPERSPIN,BE,7.59,2.57,41.75,0.08,0.01
SGBJAN27,GB,15150,0.4,369.06,0,0.01
SGBOCT27VI,GB,15115,-0.38,1047.79,0,0.01
943ECL28,NJ,1006,0.1,59.48,0,0.01
852IIFL29,Y5,975,0.53,34.85,0,0.01
898LTF29,N7,1066,-0.28,108.46,0,0.01
94SFL28,YL,1040.01,0.14,441.89,0,0.01
GROBTEA,EQ,920,1.75,106.93,0,0.01
GURUNANAK,SM,36.5,-3.95,43.8,0.02,0.01
MTEDUCARE,BE,1.68,0.6,12.13,0.35,0.01
LEENEE,BE,7.9,2.07,44.06,0.08,0.01
ARUNAYA,SM,14.15,-1.74,24.82,0.04,0.01
JAIPURKURT,EQ,24.96,0.69,47.65,0.02,0.01
CMRSL,SM,70.85,4.96,20.74,0.01,0.01
RETAIL,EQ,17,-0.64,13.95,0.03,0.01
902SCL28,N1,1010,0,63.63,0,0.01
MADHUCON,EQ,4.09,0.49,30.18,0.13,0.01
PANSARI,EQ,276,-0.76,481.53,0,0.01
PHOENXINTL,EQ,28.1,-0.88,47.18,0.02,0.01
BMETRICS,SM,34.9,5.76,42.98,0.02,0.01
IIFLZC28A,NU,1350,0,51.11,0,0.01
ASTRON,BZ,2.98,4.93,13.86,0.18,0.01
EASTWEST,EQ,2.39,3.91,30.49,0.23,0.01
DIVIDEND,EQ,35.02,0.46,15.01,0.02,0.01
BANKA,EQ,76.5,0.47,83.63,0.01,0.01
ABGSEC,EQ,114.39,0.21,12.06,0,0.01
ELMDIV,EQ,35.76,0.68,19.35,0.01,0.01
SHIVAMILLS,EQ,59.9,-2.19,51.76,0.01,0.01
ARSHIYA,BZ,0.72,2.86,18.97,0.73,0.01
769HUDCO31,N9,1138,0,694.23,0,0.01
WALPAR,SM,25.4,4.96,23.85,0.02,0.01
APOORVA,EQ,34.36,1.39,68.63,0.02,0.01
768TN30A,SG,101.03,2.36,1010.3,0.01,0.01
ABMKNO,EQ,171.1,-1.29,342.24,0,0.01
925SCL27B,N1,1003,-2.18,7.29,0,0.01
763GS2056,GS,100,-1.14,10000,0.01,0.01
957IIFLS27,NA,1000,-0.3,13.14,0,0.01
115VCCL31A,N0,9999,9.88,50,0,0
843IHFL29,NC,984.01,-0.14,52.88,0,0
SIMPLXREA,EQ,126,4.85,37.69,0,0
BALCO,SM,19.9,-4.78,8.69,0.02,0
1065NFL27,NC,1015.99,0.1,95.8,0,0
MOBANK10,EQ,16.71,-0.36,84.22,0.03,0
IVZSENSEX,EQ,75.11,0.68,5.52,0.01,0
CAGL28,NE,1365,0,24.29,0,0
925SCL27,YR,1024,-0.09,10.92,0,0
MEDIORG,SM,23,4.55,34.22,0.02,0
ARENTERP,EQ,34.98,0.6,10.87,0.01,0
GLOBALE,EQ,11.34,1.7,12.04,0.04,0
MEDICAPQ,BE,25.09,-0.99,31.29,0.02,0
TEAMGTY,EQ,241,0.1,216.73,0,0
UPHOT,EQ,1500,-0.52,810,0,0
MOSERVICE,EQ,30.38,0.6,6.15,0.01,0
ARTNIRMAN,EQ,40.47,-0.05,101,0.01,0
733GS2026,GS,102.5,0,47150,0,0
TRIDHYA,SM,7.05,1.44,16.42,0.06,0
LKPSEC,EQ,15.11,-1.31,125.02,0.03,0
SHRENIK,BZ,0.29,3.57,17.75,1.45,0
MSCIINDIA,EQ,29.3,0.38,1819.81,0.01,0
GOLDENTOBC,BZ,23.5,-0.63,41.38,0.02,0
GANGESSECU,EQ,114.3,-0.64,114.34,0,0
GILT5BETA,EQ,66.25,-0.51,26.13,0.01,0
NICCOPAR,EQ,80,-1.84,374.4,0,0
PROLIFE,SM,79,-1.25,32.34,0.01,0
ATLPP,E1,9.1,2.71,36.22,0.04,0
182D040327,TB,97.32,0.67,11289.12,0,0
POLYSPIN,EQ,30.8,8.03,30.8,0.01,0
DELTAMAGNT,EQ,56.57,2.85,61.38,0.01,0
719GS2060,GS,95.2,0,60928,0,0
NEXT30ADD,EQ,42.25,0.36,46.23,0.01,0
HEADSUP,EQ,6.78,0.15,14.97,0.06,0
AGNI,SM,15.35,-4.06,29.99,0.03,0
TIRUPATI,SM,307,4.78,310.99,0,0
364D080727,TB,95.32,0.65,8483.48,0,0
DCMFINSERV,EQ,4.95,-2.75,9.3,0.08,0
PRUDMOULI,EQ,13.96,1.82,45.02,0.03,0
BOHRAIND,EQ,13.51,1.89,28.6,0.03,0
SATECH,SM,37.5,-1.32,48.96,0.01,0
ALFREDHE,EQ,2796.9,-0.5,215.76,0,0
KRIDHANINF,EQ,1.85,0,17.53,0.2,0
DAICHI,BE,328,0.92,244.4,0,0
FEL,BZ,0.36,0,16.38,1,0
SBIVALETF,EQ,14.58,0.83,5.96,0.02,0
ADDIND,EQ,73.08,-4.72,78.9,0,0
AKASH,EQ,24.76,-0.92,41.75,0.01,0
HISARMETAL,EQ,155.85,-0.13,84.16,0,0
FELDVR,BZ,2.09,0.97,8.23,0.17,0
LICNETFN50,EQ,263.9,0.24,845.42,0,0
HAVISHA,EQ,1.38,1.47,21.19,0.25,0
87LTF27,NH,1006.1,-4.09,17.59,0,0
MINALIND,BE,4.86,-1.82,93.26,0.07,0
AISL,SM,56,-1.58,65.45,0.01,0
HRYNSHP,EQ,99.52,-0.33,61.37,0,0
VIJSOLX,EQ,632,-0.94,202.32,0,0
MONOPHARMA,SM,8.2,-0.61,14.49,0.04,0
667GS2050,GS,93,0.32,140944.4,0,0
METROGLOBL,EQ,130.37,-1.96,160.8,0,0
PACIFICI,EQ,144.79,3.42,99.8,0,0
1015SCL29,ZL,1024.9,7.86,6.94,0,0
IIFL060326,YA,1022,0.2,20.94,0,0
664GS2027,GS,101.5,-0.05,39585,0,0
91D031226,TB,98.91,0.42,10385.55,0,0
PERFECT,SZ,1.6,0,2.8,0.18,0
MUKESHB,EQ,133,1.92,92.71,0,0
NKIND,EQ,56.78,0.41,34.12,0,0
ITTL,ST,64.15,-1.99,64.15,0,0
SYNOPTICS,ST,44.9,-4.97,38.08,0.01,0
10ISFL26,N3,1070.8,0.09,78.65,0,0
10IIFL28A,NE,1048.96,0.67,288.14,0,0
ENIFTY,EQ,23.65,0.04,15.54,0.01,0
ABMINTLLTD,BE,47.06,-2,44.27,0.01,0
885IIFL29,Y8,1028,1.44,204.21,0,0
INDIFRA,SM,12.85,4.9,9.37,0.02,0
870IIFL28,Y7,1022,0.08,444.12,0,0
AEL17725,NA,1110,0.45,21.32,0,0
DGCONTENT,EQ,25.6,7.02,148.96,0.01,0
IIFL60326,YB,1006.2,0,26.27,0,0
9SCL27,N2,1001,-0.3,10.43,0,0
INDPRUD,EQ,6225,-0.77,1043.21,0,0
MIEL,SM,12.3,0,21.64,0.02,0
883GS2041,GS,117,0,105300,0,0
CRAYONS,SM,24.5,0,59.85,0.01,0
79NHIT40,N2,310,-0.32,465,0,0
MSCI360,EQ,10.29,3.83,7,0.02,0
GAJANAND,SM,7.85,0.64,14.79,0.03,0
IMC1,N2,250.3,0.12,61.07,0,0
ANKITMETAL,BZ,1.82,1.68,25.68,0.13,0
MPDL,BE,28.51,-4.97,21.13,0.01,0
GSEC10YEAR,EQ,30.44,1.06,79.64,0.01,0
KEEPLEARN,EQ,1.87,1.63,29.12,0.12,0
LARGEMID50,EQ,35.61,0.42,23.08,0.01,0
1039UCL26,NE,1036.3,-1.1,29,0,0
706GS2041,GS,99.1,0.1,50541,0,0
732GS2030,GS,103.55,0,72485,0,0
10IIFL28,N4,1000,-0.6,232.72,0,0
KANCOTEA,EQ,54.99,-3.27,28.17,0,0
591GS2028,GS,99.55,-0.45,50770.5,0,0
603GS2029,GS,99.25,0.22,61535,0,0
68GS2060,GS,91.8,0.11,77958.15,0,0
677OR29,SG,96.23,0,481.15,0,0
364D290727,TB,94.99,1,6649.3,0,0
863NHB34,N3,6275,-2.71,895.35,0,0
FLEXITUFF,BE,2.73,1.87,8.96,0.07,0
BILVYAPAR,BE,4.29,1.42,13.46,0.04,0
THACKER,EQ,1050,4.09,114.21,0,0
KHANDSE,EQ,18.1,1.06,27.61,0.01,0
692GS2039,GS,99,-1.38,120780,0,0
GLFL,EQ,5,-1.77,13.56,0.03,0
HBESD,EQ,70.65,0.18,162.21,0,0
CONSUMAXIS,EQ,118.35,-0.1,13.07,0,0
SONAL,EQ,83.55,-0.55,123.14,0,0
HDFCLOWVOL,EQ,20,0.2,34.2,0.01,0
SGBMAR28X,GB,15990,-0.06,1210.98,0,0
1025IIFL30,Y3,1037.5,-0.1,64.32,0,0
TOUCHWOOD,EQ,61.85,0.29,68.54,0,0
EBANKNIFTY,EQ,57.21,0.46,3.1,0,0
ACEINTEG,EQ,17.41,0.58,17.76,0.01,0
SHYAMTEL,EQ,11.14,0.81,12.55,0.01,0
COMPINFO,BZ,1.1,1.85,9.43,0.14,0
PRECISION,ST,6.8,3.82,15.61,0.02,0
EUROTEXIND,BE,11.65,-4.98,10.19,0.01,0
TFL,EQ,11.8,0.43,65.04,0.01,0
INFOMEDIA,EQ,5.48,2.62,27.51,0.02,0
1015UCL27,NF,994.01,-0.5,39.18,0,0
MEP,BZ,0.64,1.59,11.74,0.2,0
EBANK10,EQ,16.64,1.46,15.64,0.01,0
CURAA,BE,72,0,71.28,0,0
WEIZMANIND,EQ,71.57,-1.69,110.89,0,0
IVZBANKNF,EQ,56.53,0.52,7.41,0,0
PANCHMAHQ,EQ,290.95,-3.34,555.08,0,0
CEDAAR,ST,11.5,4.55,15.96,0.01,0
IIFLZC28C,N6,1615,-0.37,65.05,0,0
769IGT28,NH,1014,0.2,12.2,0,0
702GS2031,GS,101.39,-2.18,64889.6,0,0
ZENITHEXPO,EQ,197,-0.31,106.31,0,0
77GA33B,SG,100,0,100,0,0
91D081026,TB,99.71,0.01,11566.36,0,0
752TN33,SG,99.66,0,996.6,0,0
91D151026,TB,99.58,-0.02,15253.77,0,0
91D291026,TB,99.32,0.02,29597.36,0,0
620GS2029,GS,99,0,15350.47,0,0
636GS2031,GS,99,-0.5,121770,0,0
748HR34,SG,98.91,0,989.1,0,0
364D031226,TB,98.7,-0.01,6711.6,0,0
SCL01825,N6,1092,0.19,7.64,0,0
182D140127,TB,98.12,0.64,8634.56,0,0
1150AFIL28,N0,9811.25,0,19.62,0,0
975BNAL28,N0,9800,0,132.3,0,0
182D280127,TB,97.89,0.4,9666.64,0,0
601GS2030,GS,97.74,-0.01,96762.6,0,0
364D280527,TB,95.96,0.03,7101.04,0,0
695KA28,SG,95.8,-2,2874,0,0
364D170627,TB,95.64,0.98,6838.26,0,0
985SFIL28,NO,381.01,-8.19,4.18,0,0
PBMPOLY,EQ,63.68,-2.05,43.81,0,0
965SCL25F,NZ,820,-2.38,11.61,0,0
81TCHF28,N8,1015,-0.49,38.85,0,0
MOMNC,EQ,31.61,0.64,2.37,0,0
LAKPRE,BZ,5.05,3.48,5.53,0.02,0
1225IFL28,N0,7500,0,12,0,0
MSCIADD,EQ,28.88,-0.1,2.69,0,0
894SCL27,ZY,695,0.72,7.63,0,0
1015SCL28B,AZ,840.8,-18.26,6.81,0,0
12VPT28A,N0,6501,-19.84,16.25,0,0
866NTPC33,N3,1250.05,-0.16,390.05,0,0
SETUINFRA,BZ,0.57,-1.72,7.16,0.11,0
1275DCC28,N0,5976,-20,8.37,0,0
SIEL,EQ,30.48,0,42.21,0,0
SHRIKRISH,EQ,35.45,2.01,99.26,0,0
824GS2027,GS,101.7,0.29,98027.16,0,0
1003ISFL28,N4,1005,-0.47,80.79,0,0
GILT10BETA,EQ,26.41,-0.71,23.75,0,0
AEL170725,ND,1112.49,0.95,34.47,0,0
KAMANWALA,EQ,16.5,-0.36,23.25,0,0
965AEL27,N4,1011.55,-0.29,479.81,0,0
MOPSE,EQ,98.42,0,2.36,0,0
NEAGI,EQ,3468.8,0,215.78,0,0
MASKINVEST,EQ,137.22,-4.91,41.87,0,0
GSEC10IETF,EQ,262,-0.98,604.86,0,0
736GS2052,GS,99.25,0.25,148875,0,0
VASUPRADA,EQ,95.05,-4.95,78.74,0,0
654GS2032,GS,99.5,-0.3,155220,0,0
ARYAMAN,EQ,611.05,-3.61,748.35,0,0
HBPOR,EQ,62,0.02,66.74,0,0
ABSLMSCIN,EQ,29.03,0.8,10.96,0,0
99AEL29,N7,1067.99,1.33,137.61,0,0
930IIFL27,NX,1022,0,104.86,0,0
610GS2031,GS,99.99,0,147985.2,0,0
ASSAMENT,EQ,780,-1.02,112.3,0,0
ENEXT50,EQ,72.16,0.36,8.15,0,0
764HUDCO31,N8,1132,0.98,629.56,0,0
TERAI,EQ,113,-4.24,77.74,0,0
8ABCL26,N2,1070.01,0,219.68,0,0
9IIFL28A,NT,1049.8,0.8,124.86,0,0
10UCL26,ND,1010,1.51,44.94,0,0
948SCL27D,N1,990.5,-2.41,15.13,0,0
BLUECOAST,EQ,20.82,4.99,40.97,0,0
LICNETFSEN,EQ,844.27,0.11,696.37,0,0
622GS2035,GS,93.43,-1.73,95649.27,0,0
SAYAJIHOTL,EQ,327,5.77,572.84,0,0
574GS2026,GS,101.2,-0.83,81972,0,0
718GS2037,GS,103.2,0.98,177504,0,0
668GS2033,GS,98.5,-1.5,65010,0,0
GSEC10ABSL,EQ,112,-0.09,32.22,0,0
633GS2035,GS,101,3.06,454500,0,0
UNIINFO,EQ,11.4,-0.44,12.19,0,0
